report_ticker,is_sports,days_active,trades,contracts,notional,fees
KXNBAGAME,TRUE,282,36310980,10329152937,4913333685.57,147476995.19
KXMVESPORTSMULTIGAMEEXTENDED,TRUE,178,16348715,6912041971,614072782.04,28680501.44
KXNCAAMBGAME,TRUE,159,32411063,5996630322,2800373507.46,78889247.34
KXNFLGAME,TRUE,240,15594000,5246181978,2513745622.73,65634534.21
KXNCAAFGAME,TRUE,194,12175062,4020158921,1939960475.15,47133004.81
KXMVECROSSCATEGORY,TRUE,77,8187339,3418784516,394922522.96,17524305.8
KXMLBGAME,TRUE,281,12375240,2628950185,1327171925.77,41356297.64
KXBTCD,FALSE,567,24940150,2512665213,1225158370.44,26842477.69
KXATPMATCH,TRUE,281,11115447,2447642467,1259307432.41,33826999.1
KXATPCHALLENGERMATCH,TRUE,123,16147081,2221081841,1147623157.01,24093972.39
KXBTC15M,FALSE,156,37694847,1795082172,896870172.6,18411388.82
KXWTAMATCH,TRUE,271,7478844,1641243678,867014266.88,22547057.22
KXPGATOUR,TRUE,342,3352669,1563508292,177431519.19,8802819.53
KXNHLGAME,TRUE,277,9150687,1403066373,700869934.5,23117541.64
KXNBASPREAD,TRUE,204,7837537,1310922743,625626535.8,23898616.59
KXNBATOTAL,TRUE,204,7217280,1122976449,572371156.97,19465073.87
KXNCAAMBSPREAD,TRUE,155,6850194,983495465,467101824.88,17925235.68
KXNFLSPREAD,TRUE,174,2477237,770243508,353441635.95,11357584.18
KXIPLGAME,TRUE,52,1987208,741074064,355245908.78,8617649.05
KXNCAAMBTOTAL,TRUE,155,5450762,740599236,363175486.39,12580826.69
KXMARMAD,TRUE,274,2301253,702085805,250419683.57,7931509.69
KXNCAAWBGAME,TRUE,133,5813218,690842306,300144399.34,5431661.52
KXEPLGAME,TRUE,290,3216536,582194382,263335554.53,7148046.39
PRES,FALSE,109,504425,537986877,259970747.36,0
KXUFCFIGHT,TRUE,275,4157174,520692875,247374105.73,6399006.06
KXUCLGAME,TRUE,213,2338702,414946825,173033807.15,4971798.77
KXSB,TRUE,475,1531628,411515963,116199938.29,4833581.51
KXNFLTOTAL,TRUE,173,1502322,409558860,205226806.72,5795310.2
KXFEDDECISION,FALSE,561,536603,402116435,123002016.88,2273804.86
KXMVENFLSINGLEGAME,TRUE,108,1233383,389987165,31951035.26,1629575.21
KXWTACHALLENGERMATCH,TRUE,96,2157088,332735259,171981869.73,3546607.26
KXMLBTOTAL,TRUE,86,2281314,331379400,162963344.46,4716011.29
KXBTC,FALSE,563,3358787,323481387,92217805.85,3261185.35
KXNCAAFSPREAD,TRUE,134,1448200,321287540,158504119.62,4768013.36
KXNBA,TRUE,458,572187,307281346,56459501.57,2552520.96
KXNBASERIES,TRUE,64,798307,295320051,127348722.09,3854259.01
KXLALIGAGAME,TRUE,264,1936310,286578250,127871744.33,3420696.63
KXMLBSPREAD,TRUE,86,1697210,222709355,98582929.41,3070835.11
KXFEDCHAIRNOM,FALSE,313,205085,216970761,43296891.44,778317.41
KXITFWMATCH,TRUE,34,2630824,197636335,99198986.94,2017441.7
KXNCAAFTOTAL,TRUE,134,953042,194956078,97381874.44,2684870.85
KXSERIEAGAME,TRUE,257,1214605,180495374,79455247.1,2036379.02
KXNHLTOTAL,TRUE,189,1598746,171674496,87414544.43,2283307.02
KXETH15M,FALSE,156,6408532,169786653,84406772.75,1658613.73
KXINXU,FALSE,527,1061077,165708717,81338767.87,958273.13
KXETHD,FALSE,563,1632510,162788790,78479831.64,1745061.5
KXTRUMPMENTION,FALSE,264,2191843,154913341,58098546.66,1121884.9
KXNCAAF,TRUE,434,478240,144696458,40387917.73,1632338.93
KXT20MATCH,TRUE,95,733284,142934906,68291813.54,1383024.03
POPVOTEMOV,FALSE,92,138399,135705775,21439825.2,0
KXBOXING,TRUE,169,573687,131198740,43825970.92,1238365.03
KXBUNDESLIGAGAME,TRUE,246,844689,131020089,60419873.15,1462705.61
KXNFLANYTD,TRUE,155,1001842,128868339,38010133.73,1344493.18
KXCS2GAME,TRUE,124,1930318,127371953,63683196.08,1525124.62
KXMVENFLMULTIGAMEEXTENDED,TRUE,44,307424,124332075,8884024.62,440269.53
KXMAYORNYCPARTY,FALSE,282,111243,121452244,49028219.25,638846.15
KXGOVSHUTLENGTH,FALSE,208,537832,119537371,44776047.14,791723.35
KXITFMATCH,TRUE,34,1669392,118260852,59244290.05,1205957.98
KXFIRSTSUPERBOWLSONG,FALSE,31,448199,113517455,13897633.41,520630.8
KXPGAR1LEAD,TRUE,79,308510,112082695,7781245.04,349246.26
KXNFLNFCCHAMP,TRUE,370,444228,110720251,46402577.24,1710060.47
KXWMARMAD,TRUE,161,361262,110154782,55503175.87,1110833.01
KXHIGHNY,FALSE,568,2165541,108818490,28263479.04,666413.06
KXEUROLEAGUEGAME,TRUE,165,1155738,106363205,57806920.91,1113505.28
KXPRESNOMD,FALSE,555,152005,106057920,4348777.27,263392.56
KXWNBAGAME,TRUE,154,736310,105984594,51933797.92,1189528.9
KXMLB,TRUE,410,354579,104758917,32956720.41,1388598.01
KXMLSGAME,TRUE,264,1044773,104483595,44477212.37,1113686.78
KXHIGHLAX,FALSE,496,1951931,96851676,21303591.22,521478.23
KXLIGAMXGAME,TRUE,140,1230529,92559515,36310393.83,1016135.8
KXLIGUE1GAME,TRUE,246,624274,92057929,42947609.57,1028240.76
ECMOV,FALSE,91,103885,87006535,11122303.77,0
KXMASTERS,TRUE,62,204657,86824128,19644247.21,685411.49
KXLOLGAME,TRUE,129,1288017,86238940,44665166.84,965269.56
POPVOTEMOVSMALL,FALSE,61,62214,84757997,17616653.75,0
KXHIGHCHI,FALSE,568,1522720,83688413,21044471.72,451404.18
KXETH,FALSE,563,751676,83155894,31073277.87,1014656.4
POPVOTE,FALSE,92,80422,82368078,42169469.01,0
KXNFLPREPACKSGP,TRUE,67,387659,82139794,24413799.32,1031078.91
KXNFLAFCCHAMP,TRUE,346,371063,80940455,34622638.78,1314989.18
KXCBAGAME,TRUE,125,1018339,76284967,38829727.28,723281.93
KXNASDAQ100U,FALSE,513,403505,74420832,37744742.27,430835.91
KXNHLSPREAD,TRUE,190,880588,74089022,28959289.5,988297.18
KXNBAPTS,TRUE,175,1030429,73981795,38040320.12,954752.27
KXHIGHMIA,FALSE,568,1342036,73146610,18829941.44,376327.62
KXSUPERBOWLAD,FALSE,130,499498,72200453,20168439.95,634198.24
KXUSOPEN,TRUE,117,121700,70977560,9500007.58,449537.58
KXSOL15M,FALSE,127,3255449,68987087,34428915.07,644702.31
KXGOVSHUT,FALSE,99,255225,67372379,50558840.34,647934.76
KXMLBSERIES,TRUE,17,180941,65358833,32700917.48,928052.44
KXHIGHAUS,FALSE,568,1374292,64743007,17755452.81,450262.13
INXD,FALSE,898,566688,64740834,13224771.72,495195.94
KXWBCGAME,TRUE,15,508565,63018935,30958458.12,721092.28
KXNHL,TRUE,378,171337,60606911,8171240.19,468244.64
KXTRUMPMENTIONB,FALSE,105,924118,60495643,22169920.49,404382.26
KXNFLMENTION,TRUE,125,1075292,59957224,32408760.48,383112.84
KXSAUDIPLGAME,TRUE,128,757658,59412860,25471715,558412.27
KXMLBSTGAME,TRUE,34,1223427,59246111,31221769.17,661191.35
KXMVENBASINGLEGAME,TRUE,130,352811,59183394,10667449.13,483119.05
KXNASCARRACE,TRUE,162,426581,57677571,6703290.19,280062.11
KXUELGAME,TRUE,105,447440,57504394,23197451.38,603269.46
KXMVECBCHAMPIONSHIP,TRUE,22,85164,55026342,1323555.14,73704.38
KXEFLCHAMPIONSHIPGAME,TRUE,180,495222,54661935,23888608.55,507375.7
KXKHAMENEIOUT,FALSE,52,116948,54513052,9484775.46,450626.54
KXMLBHR,TRUE,52,609665,54312064,8589888.79,399911.16
KXXRP15M,FALSE,93,2351886,53094570,25442429.14,472203.16
KXAAAGASM,FALSE,528,288330,52998887,24874891.66,611455.34
KXNBAEAST,TRUE,414,122583,52377862,14133351.16,613153.1
KXNFLSBMVP,TRUE,31,274190,52221340,8544881.08,293807.24
KXNBAMENTION,TRUE,165,1165491,51483917,27150152.71,316252.43
NASDAQ100D,FALSE,577,601860,50707005,11771805.03,476173.16
KXMLBRFI,TRUE,69,457628,50432297,22507656.67,783060.37
KXNFLFIRSTTD,TRUE,156,320371,49677887,5306108.66,213920.87
KXUFCMOV,TRUE,45,559653,47484276,11398443.67,434960.61
KXWMENSINGLES,TRUE,120,94206,47405128,17181779.67,551960.3
KXPERFORMSUPERBOWLB,FALSE,209,338495,47345216,19047090.6,603730.14
INX,FALSE,264,236703,47170128,10344231.95,390140.86
KXAFCONGAME,TRUE,30,396919,46372539,19690591.66,477642.4
KXTHEOPEN,TRUE,118,91101,45866107,12083786.13,312238.5
KXINTLFRIENDLYGAME,TRUE,36,486612,45230521,18918300.83,490397.4
KXLLM1,FALSE,545,295523,44139098,11508607.77,329271.44
KXHIGHDEN,FALSE,542,1104100,44111053,12142561.51,320215.47
KXARGPREMDIVGAME,TRUE,124,540823,43924136,17274933.39,416223.55
KXWTI,FALSE,131,904397,43274499,21837309.5,466157.07
KXALEAGUEGAME,TRUE,143,475195,43188339,18669267.09,484399.73
KXFIFAGAME,TRUE,37,391664,43077555,17491395.01,413773.18
KXNBAWEST,TRUE,411,102643,43019554,9057136.25,395624.27
KXPRESNOMR,FALSE,553,81181,41305376,2651737.7,134793.87
FED,FALSE,1471,125646,41130710,24749443.81,295352.02
KXVALORANTGAME,TRUE,133,759470,40375068,20034373.98,491566.1
KXSBGUESTS,FALSE,120,360405,40270790,11204720.16,397033.44
KXNBAMVP,TRUE,292,109236,39953416,6502883.42,206954.88
KXTRUMPSAY,FALSE,281,591829,39148846,21746757.04,137171.65
KXNCAAFPREPACKSGP,TRUE,31,182988,37943771,11740915.74,456137.03
KXLOLMAP,TRUE,135,636970,37586690,20188503.79,445872.2
KXF1RACE,TRUE,206,239274,37479364,10465339.3,349195.69
KXBRASILEIROGAME,TRUE,151,455479,37452279,15561042.27,359143.94
KXLIGAPORTUGALGAME,TRUE,161,345293,37335225,16384015.36,303831.28
POPVOTEMOVSMALLER,FALSE,52,28607,37209372,6377351.55,0
KXEPLTOTAL,TRUE,182,264135,36993852,17709731.37,491820.86
KXPRESPERSON,FALSE,368,75744,36352375,2213525.1,132550.85
KXNBA1HSPREAD,TRUE,88,419980,35898384,18037617.68,507935.27
KXHIGHPHIL,FALSE,542,779506,35718181,10013425.99,199010.88
KXBTCMAXY,FALSE,556,201907,35575474,9500510.73,330266.61
SENATEAZ,FALSE,247,32324,35527205,14011633.39,8.78
KXUSOMENSINGLES,TRUE,152,71532,35449419,13274079.22,403881.03
KXJLEAGUEGAME,TRUE,95,378045,35389921,14471015.99,314564.26
KXPGA,TRUE,70,65496,35227767,6186688.41,196084.86
KXCS2MAP,TRUE,129,524829,35227222,17925030.22,387797.84
KXNBLGAME,TRUE,112,376216,34428582,17495748.43,376629.25
KXAAAGASW,FALSE,557,312724,34281900,10702251.67,180807.27
KXJBLEAGUEGAME,TRUE,69,562629,34243278,18308044.46,355557.62
KXGOVCA,FALSE,300,69012,33988680,3046035.34,134034.7
KXSUPERLIGGAME,TRUE,148,314054,33909878,14941407.98,303778.19
KXNBA1HTOTAL,TRUE,89,378275,33642457,17409616.04,434576.97
KXBTCMAX150,FALSE,496,191657,33390962,4231563.46,268378.42
KXMLBWORLD,TRUE,272,160016,32888545,11886812.34,386902.84
KXNFLMVP,TRUE,329,102274,32007752,5751305.44,241867.75
NASDAQ100,FALSE,253,130952,31927396,6692934.58,263906.91
KXLAYOFFSYINFO,FALSE,310,59752,31888806,26874919.25,0
KXOSCARPIC,FALSE,361,180799,31860655,6522304.72,187357.94
KXFOMENSINGLES,TRUE,111,56919,31812214,13288414.24,372873.64
KXNHLSERIES,TRUE,63,130987,31511938,15917316.74,455215.9
KXPGATOP20,TRUE,121,263180,31021059,12204232.56,379460.56
KXFACUPGAME,TRUE,53,257082,30804119,12535564.18,287352.03
KXNFL2TD,TRUE,154,182458,30417435,4596290.26,196291.74
KXWOHOCKEY,TRUE,25,181543,30292794,14461316.4,431288
KXCPIYOY,FALSE,557,164567,30021595,13454188.18,368374.75
KXGOVTSHUTDOWN,FALSE,9,66713,29962958,28513904,86934.3
KXKBLGAME,TRUE,101,414200,29921202,16346826.65,325614.65
KXUNITEDCUPMATCH,TRUE,12,198681,29675472,14787782.2,336661.79
PRESPARTYFULL,FALSE,90,42121,29014254,8831655.99,0
POWER,FALSE,471,52978,28975371,7840297.67,202511.15
KXNBA1HWINNER,TRUE,89,315376,28528352,12454680.05,326748.38
KXNFLRSHYDS,TRUE,123,242890,28157852,14105743.84,377603.1
NASDAQ100Y,FALSE,710,27868,28060766,1389677.69,80923.95
KXHEISMAN,TRUE,260,63244,27899881,3724148.02,170891.5
KXSURVIVOR,FALSE,205,105136,27874250,4330900.22,89310.26
KXWOMHOCKEY,TRUE,18,167544,27713248,14619655.35,240555.47
KXCOPADELREYGAME,TRUE,37,241835,27587724,10264163.71,251673.02
KXRAINNYC,FALSE,476,73418,27426122,25517827.13,32796.25
KXMENWORLDCUP,TRUE,364,57887,27404409,1425202.94,111773.44
KXNFLRECYDS,TRUE,116,235117,27256204,13099405.84,375817.88
KXOSCARACTO,FALSE,350,176978,26951179,6660412.16,238073.46
CLOSESTSTATE,FALSE,90,84855,25979614,4839423.62,155165.04
KXDIMAYORGAME,TRUE,89,340165,25838684,10486949.12,245909.34
KXCITRINI,FALSE,79,38247,25713922,6771100.45,0
KXAOMEN,TRUE,34,68561,25681248,8638930.37,266373.74
KXSECPRESSMENTION,FALSE,346,472215,25433115,9823806.67,176867.32
KXLALIGATOTAL,TRUE,163,207687,25283474,11874490.07,327234.31
KXMLBKS,TRUE,52,315548,25282392,12296475.42,340422.96
KXMAMDANIMENTION,FALSE,125,342090,25102136,6236852.44,123607.22
INXU,FALSE,231,136789,24979576,12313900.11,215497.46
KXMLBAL,TRUE,375,90101,24874097,9542999.33,375303.16
KXNFLDRAFTPICK,TRUE,111,262067,24644581,6203436.24,175529.72
KXINX,FALSE,512,168249,24508209,8520335.06,142001.46
KXRATECUTCOUNT,FALSE,510,81749,24285894,5881402.54,256939.99
KXALIENS,FALSE,478,103117,24115332,4359410.95,237982.3
KXTEAMSINSB,TRUE,109,96485,23957794,2785327.62,137873.57
KXNEXTTEAMGIANNIS,TRUE,187,115523,23634762,3719239.25,133224.49
KXFOMEN,TRUE,111,74902,23512720,11166199.47,259533.27
KXBTCY,FALSE,78,88684,23487179,1226768.86,0
KXPSLGAME,TRUE,33,142114,23394451,12159769.38,232857.04
KXNBACUP,TRUE,102,89046,23186538,10846691.6,339077.37
KXLIVTOUR,TRUE,91,147388,22761970,4641734.69,159856.15
KXGOVTSHUTLENGTH,FALSE,85,174445,22620647,13397561.38,187006.33
KXCONCACAFCCUPGAME,FALSE,41,235232,22545860,7932882.28,235125.24
KXBTCMINY,FALSE,459,130011,22449294,7943375.5,251698.76
KXDPWORLDTOUR,TRUE,84,173703,22424272,3820633.35,141227
KXCSGOGAME,TRUE,46,185428,22384102,11797632.02,268706.84
KXPGAR2LEAD,TRUE,59,90472,22241557,4545961.71,129999.48
KXUCLTOTAL,TRUE,124,157453,22179448,11399404.29,291086.66
KXPGARYDERMATCH,TRUE,4,46238,21742630,10950402.02,308576.73
GOVPARTYNJ,FALSE,326,32376,21568887,7301900.77,180401.5
KXSPOTIFYD,FALSE,541,158960,21492021,8877637.41,133473.85
KXEREDIVISIEGAME,TRUE,147,193631,21309571,9891050.02,183072.03
KXETHMAXY,FALSE,542,86736,20640617,6994104.01,235945.07
KXPGATOP10,TRUE,122,210063,20445131,6382015.74,218021.27
KXTOPARTIST,FALSE,485,59284,20384913,6875428.2,52915.22
KXNFLPASSYDS,TRUE,124,166604,20354032,10587270.99,264723.06
KXUSOWOMENSINGLES,TRUE,94,43775,20047643,7125210.83,195248.84
PRESPARTYGA,FALSE,92,27702,20015705,10811262.43,0
KXNCAABBGAME,TRUE,91,188748,19996937,8995476.98,52864.45
KXTIME,FALSE,544,97476,19883009,9553593.54,122195.51
KXNFLPREPACK2ML,TRUE,50,82197,19746910,7161627.24,263928.85
KXWWOMENSINGLES,TRUE,43,35043,19615868,6367647.95,193328.78
KXNFLPREPACK3ML,TRUE,40,78212,19582101,4455575.17,194940.2
KXRT,FALSE,136,241305,19527875,5961026.27,108774.78
KXTOPMODEL,FALSE,509,94896,19446543,3200224.17,68572.14
KXT20WORLDCUP,TRUE,55,61829,19426879,6043296.6,171244.02
KXLALIGA2GAME,TRUE,90,200413,19069095,8305093.6,163007.48
KXUECLGAME,TRUE,57,155456,19068651,7448762.15,172711.3
KXNFLPREPACK,TRUE,12,64527,19001196,6200392.39,237327.36
KXEUROCUPGAME,TRUE,50,239059,18960724,9962057.18,187640.36
KXRANKLISTGOOGLESEARCH,FALSE,153,39714,18896642,4893390.86,100080.13
KXPGATOP5,TRUE,122,184784,18861452,5499505.23,184012.14
KXUCL,TRUE,246,77420,18486461,2992711.07,186903.47
KXDHSFUND,FALSE,86,101563,18354332,8092075.35,149420.92
KXFEDMENTION,FALSE,353,261988,18289473,8414468.91,146788.68
KXATPSETWINNER,TRUE,99,200314,18063069,9721549.92,208289.13
KXNBATEAMTOTAL,TRUE,92,233977,17771949,10186794.43,228956.64
KXSERIEATOTAL,TRUE,162,148571,17746660,8170324.67,230111.3
KXMARMADROUND,TRUE,87,152583,17719289,5105932.41,172279.69
INXY,FALSE,519,24450,17580205,951765.99,56703.88
KXEFLCUPGAME,TRUE,27,131908,17346418,7136364.1,180584.27
KXELECTIONMOVZOHRAN,FALSE,110,56216,17288611,3354200.58,141984.69
KXEPLSPREAD,TRUE,184,165894,17214071,5241045.81,188538.62
KXDOTA2GAME,TRUE,135,312228,17133648,7871566.54,166925.18
PRESPARTYPA,FALSE,92,44337,17082688,8887572.34,0
KXMAYORNYCNOMD,FALSE,234,42733,16963228,7568098.11,159938.89
KXMICHCOACH,TRUE,17,62607,16851846,2610377.06,108636.63
KXVANCEMENTION,FALSE,90,218499,16848196,4356747.02,78003.01
KXNBAREB,TRUE,174,243309,16725713,9898116.24,197272.59
KXPREMIERLEAGUE,TRUE,358,68359,16532109,4701530.91,154950.7
HOUSEMOV,FALSE,118,44165,16295334,5246557.24,155915.72
KXCLUBWCGAME,TRUE,27,94244,16122228,5411462.38,139148.03
KXMLBHRDERBY,TRUE,7,50936,15959260,3512007.86,158799.05
KXCABOUT,FALSE,468,129900,15759241,2727046.74,95943.62
KXBERNIEMENTION,FALSE,79,238121,15606776,5910457.01,107607.68
KXATTENDSOTU,FALSE,35,166801,15535513,7148810.22,103736.38
KXPAYROLLS,FALSE,566,83666,15334903,9015532.08,207599.49
KXCPI,FALSE,553,98620,15300690,7997183.87,199005.98
KXWTIW,FALSE,193,327991,15133455,3031755.9,105362.53
KXCONMEBOLLIBGAME,TRUE,29,181209,15106681,5428823.43,137792.55
CONTROLH,FALSE,565,62727,15092244,7213087.62,168333.94
KXNCAAMB1HWINNER,TRUE,48,145570,15035991,6509824.22,166699.88
KXBBLGAME,TRUE,72,209566,15027532,8164121.04,150520.87
KXNBAALLSTARMVP,TRUE,6,73504,15002262,2829361.18,100568.86
KXNBA3PT,TRUE,175,229856,14975550,8323479.82,170104.26
KXMLBF5,TRUE,52,230251,14966844,7423279.46,193006.8
KXFOWOMENSINGLES,TRUE,105,29488,14649296,6035862.63,178020
KXSENATETXD,FALSE,243,55301,14628466,5905573.76,103826.8
POPVOTEMOVPA,FALSE,85,35576,14576480,2269853.7,77141.61
PRESPARTYMI,FALSE,91,29563,14562666,7477651.46,0
KXBTCMAX125,FALSE,57,61153,14559169,7603758.76,177432.55
KXPGARYDER,TRUE,200,34496,14497981,6394403.4,196096.42
KXNCAAMBBIG10,TRUE,12,52288,14489191,6802285.87,166363.94
KXINXY,FALSE,548,81920,14459890,1913598.53,61631.92
KXNBAFINALSMVP,TRUE,21,34097,14397277,4149588.04,106615.09
NASDAQ100U,FALSE,213,96785,14065659,6799615.09,119264.02
KXPGAR3LEAD,TRUE,66,56702,14042594,3582504.92,92906.82
KXBUNDESLIGA2GAME,TRUE,68,114388,13978319,6170574.91,116608.26
KXDJTJOINTSESSION,FALSE,35,110163,13744260,8337154.76,122775.2
KXELECTIONMOVNJGOV,FALSE,89,37063,13426975,2377336.58,91718.21
KXBUNDESLIGATOTAL,TRUE,143,107430,13357610,6936472.02,171530.72
KXCODGAME,TRUE,113,262037,13268129,6787672.72,161189.36
KXFIBAGAME,TRUE,6,175643,13195438,6913522.48,122891.1
KXSENATETXR,FALSE,415,93504,13195178,6120532.72,163838.19
KXCANADAPM,FALSE,199,16699,13061085,6586631.93,78161.48
KXGDP,FALSE,560,94413,13039080,7752164.89,173426.14
KXMLBF5TOTAL,TRUE,52,181858,13021072,6592354.73,158898.68
KXVALORANTMAP,TRUE,100,215071,13012887,6433282.06,152696.97
KXCONMEBOLSUDGAME,FALSE,21,162062,12933052,4818759.21,117646.52
PRESPARTYIA,FALSE,85,25745,12931925,5836327.8,0
KXMENTION,FALSE,11,193095,12742829,3917730.71,71247.93
KXNCAAMB1HSPREAD,TRUE,46,148117,12719711,6226288.52,188279.81
KXFOXNEWSMENTION,TRUE,49,115818,12703835,1863919.66,38261.68
KXUCLSPREAD,TRUE,128,128849,12689426,3980537.78,138557.48
KXF1RACEPODIUM,TRUE,198,82210,12674374,6138189.75,126464.94
KXSECAG,FALSE,92,31790,12672827,3390241.04,132141.39
KXEOWEEK,FALSE,199,66684,12581433,10948374.31,43698.67
KXGOVTCUTS,FALSE,546,64314,12500524,1417560.38,72656.96
KXNOBELPEACE,FALSE,527,31233,12489668,1259860.53,65204.6
KXHYPE15M,FALSE,58,763376,12466549,6093972.04,86277.43
KXSECDEF,FALSE,81,39644,12461725,5857230.2,116029.44
KXAOWOMEN,TRUE,33,37391,12424547,4953408.37,151548.76
KXBELGIANPLGAME,TRUE,136,136428,12344009,5815814.58,105090.87
KXNBAROY,TRUE,262,67607,12321172,4400293.3,174995.19
KXNBAAST,TRUE,175,179627,12316461,6791813.86,146364.05
PRESPARTYNC,FALSE,90,20608,12258110,6632652.91,111475.43
INXW,FALSE,520,156423,12187558,2931211.4,110741.03
KXAFCCLGAME,TRUE,39,141109,12167898,5118375.25,119508.61
KXSECHHS,FALSE,100,43195,12146553,7735713.04,146089.35
KXNCAAMBACC,TRUE,15,47886,12076131,6154889.48,144184.54
KXALBUMSALES,FALSE,127,175084,11932449,5073425.48,117561.65
KXETHY,FALSE,77,34640,11624910,816824.5,0
KXNETFLIXRANKSHOW,FALSE,472,120146,11586629,2601121.62,47537.28
KXNATHANSHD,TRUE,17,36929,11578739,5694497.67,43825.12
KXBIDENPARDON,FALSE,74,50800,11480444,2408856.48,83658.5
KXNFLCOTY,TRUE,232,50699,11392857,2298352.73,76531.42
KXMLBASGAME,TRUE,9,37468,11372204,5392096.5,144557.93
KXBOXINGMOV,TRUE,9,42552,11249716,2065758.81,71203.16
KXSCOTTISHPREMGAME,TRUE,129,117301,11244235,4981767.98,88879
KXEPSTEIN,FALSE,460,138724,11240571,6065951.69,132821.4
KXNHLGOAL,TRUE,146,148645,11158163,4677983.81,91009.83
KXNCAAMBSEC,TRUE,22,48281,11134050,5446076.09,164509.27
KXNCAAMBBIG12,TRUE,11,43166,11044578,5445096.79,121267.34
KXFIGHTMENTION,FALSE,65,218161,11032464,4039627.95,76315.52
KXNCAAMB1HTOTAL,TRUE,46,123405,11010642,5577687.81,143407.19
KXIWMEN,FALSE,19,33830,10992039,4163221.93,109073.85
KXLALIGASPREAD,TRUE,171,130067,10928760,3464169.28,123517.73
KXDOGE15M,FALSE,58,736148,10916319,5375479.82,90539.29
KXKLEAGUEGAME,TRUE,71,189291,10814487,4989367.91,100539.69
KXFIBACHAMPLEAGUEGAME,TRUE,39,153034,10777447,5935521.88,108874.05
KXEGYPLGAME,TRUE,52,145561,10730485,4453819.26,101658.48
PRESPARTYNV,FALSE,92,26613,10639873,5588890.49,126696.87
KXNEXTPOPE,FALSE,18,33764,10618663,1138843.31,53814.6
NASDAQ100W,FALSE,500,143276,10595512,2284636.53,93301.38
KXSNOWSTORM,FALSE,18,100560,10567143,3848556.06,77590.53
KXSPACEXCOUNT,FALSE,454,94025,10566417,2425441.28,49220.69
KXMLBHIT,TRUE,52,253461,10558467,5462928.24,95991.63
KXCOPPAITALIAGAME,TRUE,37,83020,10555058,3794001.37,97719.13
KXPRESMENTION,FALSE,8,199137,10517624,4256983.84,84448.88
KXSERIEBGAME,TRUE,71,114415,10506415,4569148.02,82922.68
KXNCAAMENTION,TRUE,40,187501,10411013,5292807.8,58609.62
KXIPL,TRUE,78,48453,10390093,1350490.52,76780.41
KXMLBNL,TRUE,386,45162,10366228,2493021.86,124229.75
KXSWINGSTATES24DJT,FALSE,62,25680,10331533,2764255.44,69902.77
LEAVEPOWELL,FALSE,617,32128,10323024,1221844.44,69229.57
KXNCAAWBSPREAD,TRUE,21,110457,10272587,5045808.24,142569.39
KXF1,TRUE,422,73604,10272144,2581730.97,92296.32
KXMOVVAREDISTRICT,FALSE,60,21586,10242986,1275499.2,24979.26
KXTRUMPPARDON,FALSE,544,85539,10196567,2315798.58,80744.35
KXTRUMPOUT,FALSE,124,17717,10169381,334551.05,22477.18
KXMLSTOTAL,TRUE,81,126717,10151930,5187837.91,131508.29
KXHORMUZNORM,FALSE,59,94100,10139266,2964242.34,105604.59
KXEKSTRAKLASAGAME,TRUE,90,100300,10127479,4453259.57,76030.63
KXBTC2025100,FALSE,38,47550,10016515,2071519.7,91914.47
KXNEXTIRANLEADER,FALSE,62,62827,9946642,3036495.26,88767.96
TNOTEW,FALSE,423,39963,9916895,684751.59,42561.26
KXNEXTNFLCOACH,TRUE,36,89487,9897720,2037425.56,68600.3
KXCRICKETODIMATCH,TRUE,53,68275,9838550,4545288.25,100653.59
RATECUT,FALSE,683,16703,9758096,3969377.45,78316.45
HIGHNY,FALSE,1175,242529,9649347,2756547.01,72140.8
KXNCAAMBWAC,TRUE,10,41161,9643601,4835025.4,141424.34
KXNCAAFPLAYOFF,TRUE,193,35184,9635600,3984562.68,102917.31
HIGHCHI,FALSE,1162,243048,9606855,2902973.89,75368.13
KXFEDCHAIRCONFIRM,FALSE,71,6404,9583260,2638302.77,9795.47
KXNFLOROTY,TRUE,258,47026,9512895,1722795.16,58852.43
KXNCAAMBIVY,TRUE,8,40105,9503602,5001343.45,91672.47
KXNASDAQ100,FALSE,489,46235,9427175,2809108.21,46754.3
KXHIGHTBOS,FALSE,100,288093,9295705,2332905.7,49967.59
KXNBAALLSTARGAME,TRUE,6,52177,9244037,3408095.29,126730.06
KXTRUMPOUT27,FALSE,188,44592,9174742,1331179.65,73836.7
SENATEMOV,FALSE,102,18465,9115283,2130421.43,39929.56
KXMADUROOUT,FALSE,55,25346,9106533,5430010.86,52383.9
KXFED,FALSE,220,57667,9050465,2171776.05,19236.05
KXEARNINGSMENTIONEA,FALSE,195,42859,9018331,280494.71,17863.31
KXSTARMERMENTIONB,FALSE,72,42315,8960423,529107.94,15542.67
KXMAYORLA,FALSE,229,39051,8897745,2402452.01,115435.44
PRESPARTYVA,FALSE,75,16802,8868096,3419824.98,47590.27
PRESPARTYNY,FALSE,75,9394,8785121,3580637.84,19803.87
KXPGAMAKECUT,TRUE,88,58155,8752624,3283672.75,64890.31
KXNCAAMBNIT,TRUE,21,40592,8743202,4176181.74,91971.16
KXGRAMSOTY,FALSE,174,81782,8741951,2362123.95,68272.86
KXNCAABMENTION,TRUE,65,273977,8730754,4587112.4,71662.1
HOUSECA13,FALSE,202,13779,8722567,3466384.65,92038.94
KXUCLWGAME,TRUE,31,83782,8721949,3096593.74,68545
KXLOWTNYC,FALSE,154,209525,8693415,1719166.67,35488.41
FEDDECISION,FALSE,552,19279,8598823,3762204.73,55711.08
KXETHMINY,FALSE,289,38935,8578843,3019163.16,104844.77
KXOSCARNOMPIC,FALSE,371,66135,8572237,3401364.04,70799.98
KXHIGHTDC,FALSE,120,280913,8568397,2006952.93,44520.1
KXDENSUPERLIGAGAME,TRUE,68,78562,8526851,3850869.8,66050.1
KXU3,FALSE,568,54919,8522808,4661653.21,106620.53
KXFOWOMEN,TRUE,103,35408,8489669,4202023.72,112164.15
KXNBA2D,TRUE,160,132341,8423519,2338722.64,82043.34
KXNPBGAME,TRUE,48,174993,8395866,4544805.99,99928.71
KXSWISSLEAGUEGAME,TRUE,107,88614,8357882,3905479.29,73026.83
KXNCAAMBBIGEAST,TRUE,16,28890,8335415,3994157.75,93286.18
KXNCAAMBFIRST10,TRUE,20,115354,8308452,4268311.32,109785.17
KXOSCARACTR,FALSE,325,38574,8281258,2218814.71,29849.29
KXHIGHTSFO,FALSE,122,323951,8265054,1866239.9,51487.31
KXUFCDISTANCE,TRUE,44,109523,8229384,3622368.61,106597.69
POPVOTEMOVAZ,FALSE,79,16020,8220115,2217457.4,68894.84
KXLASTWORDMENTION,FALSE,29,44700,8202243,698668.1,16427.76
USDJPY,FALSE,593,47225,8193645,818619.95,42385.52
KXKBOGAME,TRUE,45,174795,8112061,4378357.79,104492.02
KXNBA3PTCONTEST,TRUE,5,53389,8093772,1482541.47,69496.36
KXHIGHTATL,FALSE,101,273172,8039307,1913407.22,41872.58
KXNFLWINS,TRUE,155,41271,8010071,3857016.45,104349.01
KXSLGREECEGAME,TRUE,73,87958,7942679,3421502.93,61613.27
KXOSCARSUPACTO,FALSE,300,59061,7841607,1865176.53,58620.48
KXLEADERSOUT,FALSE,185,55769,7798601,4067235.33,109293.84
KXLIGUE1TOTAL,TRUE,130,70699,7709745,3761973.34,93964.98
KXMOWOMEN,FALSE,12,17563,7665723,4548200.59,78158.5
KXPGAH2H,TRUE,78,108568,7643896,3889875.51,102908.23
KXHIGHTSEA,FALSE,122,316559,7619617,1866115.54,48849.05
KXCHNSLGAME,TRUE,54,104672,7612010,3578750.17,68915.5
KXLOWTAUS,FALSE,154,160701,7600470,1578168.3,26721.12
KXPRESNOMFEDCHAIR,FALSE,207,30495,7587217,4541376.09,57833.89
KXUSAIRANAGREEMENT,FALSE,325,78877,7559300,1746962.24,75650.19
KXIPO,FALSE,291,70111,7505677,2142757.46,70423.97
KXLATENIGHTMENTION,FALSE,36,55641,7479082,1486339.1,23406.16
KXPOLITICSMENTION,FALSE,43,122999,7424230,2307931.06,34944.94
KXCONGRESSMENTION,FALSE,54,122315,7397131,3133435.96,33133.66
KXNHLFIRSTGOAL,TRUE,143,51920,7324249,661794.48,26001.11
KXCLOSEHORMUZ,FALSE,68,40600,7318153,4305308.08,90444.21
PRESPARTYWI,FALSE,92,18364,7292821,4038235.83,70719.83
KXOSCARDIR,FALSE,340,44288,7278182,1910037.35,29746.68
KXBTCMAX100,FALSE,131,52156,7274506,1049954.61,51857.15
PRESPARTYAZ,FALSE,90,16823,7267628,3382205.22,63361.13
KXNBACOY,TRUE,239,24139,7252729,1823414.59,56164.29
KXINDY500,TRUE,20,29863,7136295,1008701.17,47794.99
KXNFL1HWINNER,TRUE,24,61233,7122512,2533768.64,77673.3
KXIWWOMEN,FALSE,19,30416,7110338,3541530.64,99910.79
KXGREENLAND,FALSE,504,51344,7076669,1420787.91,0
KXMLBTEAMTOTAL,TRUE,45,98785,7075085,4052785.58,91461.89
KXMLBHRR,TRUE,52,188144,7029040,3918807.94,85166.85
KXLOWTDEN,FALSE,154,139755,7022801,1455703.14,22739.43
KXBNB15M,FALSE,58,573292,7013573,3605385.99,49473.04
KXPSUCOACH,TRUE,57,39666,7011428,1731704.78,56749.07
KXGOLDCARDS,FALSE,406,61170,7002762,2102152.4,39563.96
KXBTCMAXMON-BTC,FALSE,96,53462,6969514,1909970.34,55409.01
KXNETFLIXRANKMOVIE,FALSE,478,70511,6964495,1699133.15,28861.46
KXSNLMENTION,FALSE,99,92155,6945900,1447795.4,26619.52
KXURYPDGAME,TRUE,58,117811,6940173,2971061.79,63968.12
KXCOUPEDEFRANCEGAME,TRUE,22,60197,6910839,2700212.84,54904.38
KXNCAAMBBWEST,TRUE,11,25467,6857305,3470730.26,87369.26
KXLEADEROUT,FALSE,217,21763,6815390,555917.34,33134.8
CABINETMUSK,FALSE,108,21503,6809547,1221480.6,62011.01
KXHIGHTPHX,FALSE,101,250329,6809338,1609082.84,40689.05
KXMJSCHEDULE,FALSE,324,28831,6769080,954365.85,39917.04
KXUEFACL,TRUE,121,27067,6763050,3163381.07,76209.68
PRESPARTYFL,FALSE,78,7357,6756296,3539724.9,22257.08
KXDAVISCUPMATCH,TRUE,6,47243,6736127,3645953.82,70882.68
KXLOWTCHI,FALSE,154,189608,6724816,1464935.34,30894.03
KXNATHANDOGS,TRUE,17,26867,6711649,2979034.2,71582.45
SENATETX,FALSE,473,36989,6696087,3551888.56,74922.98
KXNEXTAG,FALSE,43,48238,6694754,993838.18,42200.22
KXWTIMAX,FALSE,218,76803,6682974,3922630.88,75896.14
KXHIGHTLV,FALSE,122,266232,6634759,1857533.39,44122.88
KXNCAAHOCKEYGAME,TRUE,67,58964,6619604,1858285.83,35941.34
RATECUTCOUNT,FALSE,383,20983,6609075,999230.87,43790.36
KXNYCSNOWM,FALSE,133,74801,6605290,3165616.7,53990.07
KXSENMAJORITY,FALSE,90,19362,6603818,2542299.53,63462.72
KXNETFLIXRANKSHOWRUNNERUP,FALSE,161,67724,6511970,777453.83,23796.67
KXUCLADVANCE,TRUE,14,50942,6493224,2740368.25,76475.07
KXNCAAWBTOTAL,TRUE,21,83392,6463791,2811904.24,81988.04
KXECULPGAME,TRUE,57,106625,6425997,2789058.35,57785.87
KXHIGHHOU,FALSE,72,62843,6416018,2088070.87,43733.26
KXVOTERFK,FALSE,59,30597,6397515,2256348.26,50505.13
KXNFLPREPACK1HFT,TRUE,18,31925,6392040,1245611.48,53077.8
KXHNLGAME,TRUE,104,80469,6369876,2793704.06,52013.3
KXABAGAME,TRUE,66,110842,6351868,3468786.87,62659.42
CONTROLS,FALSE,524,29080,6264685,3163827.69,84086.47
KXNBAMIMP,TRUE,231,21769,6254989,1147828.98,42669.76
KXNEWSOMMENTION,FALSE,45,83211,6236758,1385533.48,26053.34
KXNFLPASSTDS,TRUE,80,62902,6231580,2441208.68,77777.22
RSENATESEATS,FALSE,103,13147,6230798,1538193.87,33423.01
KXPERSONMENTION,FALSE,53,111498,6219115,1810548.89,30152.55
KXFTNMENTION,FALSE,26,44715,6213168,758280.91,14461.81
NASDAQ100DU,FALSE,188,126691,6206850,3208149.1,64405.17
KXMELANIAMENTION,FALSE,20,68704,6196267,1307894.78,27781.01
KXLEAVEADMIN,FALSE,305,44431,6193297,1333458.38,43528.16
KXSNFMENTION,FALSE,60,88270,6180232,3721655.04,42599.88
KXSBSETLISTS,FALSE,122,147510,6164831,3509648.46,75105.5
KXSTATEDEEPDJT,FALSE,67,16999,6158382,601177.98,34467.87
KXSBADS,FALSE,54,70313,6118248,2133614.46,54381.43
KXBONDIOUT,FALSE,50,32870,6115684,3161894.5,60989.59
KXCUOMODROPOUT,FALSE,141,22784,6101488,1386708.36,41549.39
KXMETGALA,FALSE,113,56998,6071910,2062695.74,26867.44
KXSONGSONCHARTTSWIFT,FALSE,21,11511,6070863,5047880.85,18652.88
KXEOCOUNTDAY1,FALSE,36,22204,6051640,3012545.4,36847.37
KXNEXTTEAMNFL,TRUE,173,77678,6025090,1367124.93,34518.6
KXGRAMAOTY,FALSE,174,50591,5999644,1458974.03,39478.18
KXUFCVICROUND,TRUE,33,55223,5975573,657972.91,32426.22
KXSERIEASPREAD,TRUE,165,66559,5969559,1776734.35,60048.25
KXLOWTMIA,FALSE,154,139286,5960138,1363718.24,23376.32
KXNFLREC,TRUE,100,59176,5957669,3018437.91,77824.13
KXHOCHULMENTION,FALSE,70,89289,5951653,2025678.14,28743.34
INXDU,FALSE,186,121985,5890522,3014839.07,56937.82
KXLEAVEWALZ,FALSE,135,30894,5878016,567414.34,32855.47
KXAPFDDHGAME,TRUE,60,87030,5876139,2504479.79,56323.77
TNOTED,FALSE,468,35014,5872017,548119.81,29044.97
KXBSLGAME,TRUE,57,104021,5867643,3174016.08,61182.29
KXNCAAFCS,TRUE,27,32209,5859446,2421838.7,60555.56
KXCANCOALITION,FALSE,128,19591,5848174,1814393.06,47458.68
KXSOLD,FALSE,153,160397,5830876,2405831.74,53394.99
KXVTBGAME,TRUE,75,119688,5807068,2845375.12,52279.82
KXSECTREASURY,FALSE,79,24173,5776757,1963515.56,51727.5
KXDNI,FALSE,91,20074,5775465,4022881.47,71448.91
CPI,FALSE,1108,39374,5741470,2856651.07,61909.84
KXMLBTB,TRUE,52,137045,5721542,3112181.54,60715.1
KXESPSUPERCUPGAME,TRUE,5,57054,5712907,2490903.23,68597.61
KXVIRGINIAREDISTRICTING,FALSE,89,8731,5678401,5354189.81,19473.48
KXINAUG,FALSE,40,45861,5665793,2975262.93,39565.26
KXNHLEAST,TRUE,280,28278,5646525,1642947.43,61193.44
KXLIGAMXTOTAL,TRUE,69,90694,5641169,2633333.17,70143.88
KXNASDAQ100Y,FALSE,450,20849,5628789,736780.93,22772.72
KXKIMMELMENTION,FALSE,39,61550,5609721,1493209.14,27677.45
GOVPARTYVA,FALSE,314,11594,5609515,2114246.92,19813.65
KXEOCOUNTDAY1B,FALSE,5,16494,5600731,1729769.38,59060.2
KX60MINMENTION,FALSE,12,47623,5591444,981533.66,21214.22
KXTRUMPSAYMONTH,FALSE,226,137669,5586639,3001364.26,38021.42
KXPRESROMANIA24,FALSE,172,15994,5565054,2469587.23,62892.27
KXMODELHIGH,FALSE,357,26199,5552234,496251.83,23281.23
POPVOTEKHNM,FALSE,66,2957,5518133,332284.22,16352.27
KXDANCINGWITHTHESTARS,FALSE,62,51246,5517059,1704475.6,52691.25
KXWO-GOLD,TRUE,34,17928,5509879,1383448.13,23536.04
KXDJTVOSTARIFFS,FALSE,172,46623,5508751,1682514.22,80243.3
KXNHLWEST,TRUE,286,31592,5494000,1556754.29,65920.09
KXPGARYDERTOP,TRUE,10,12703,5492887,1016152.56,44721.44
KXLOLGAMES,TRUE,21,25096,5491954,2954908.16,65321.55
KXLOWTLAX,FALSE,154,161952,5482708,1252484.38,23242.54
RECSSNBER,FALSE,1057,19272,5482089,1568626.48,58821.21
KXVOTEPERCENTMAMDANI,FALSE,82,16369,5479684,1826826.23,40035.06
KXTXSENDPRIMARYMOV,FALSE,56,26984,5478120,1218560.47,36725.79
SENATENV,FALSE,137,12770,5437514,2382699.75,45862.29
KXNCAAMBACHAMP,TRUE,67,20705,5437055,2618982.1,69798.67
KXHIGHTDAL,FALSE,94,237122,5436932,1406806.85,33053.47
KXNBA3D,TRUE,158,52430,5427019,681673.09,29036.84
KXTRUMPMENTIONDURATION,FALSE,33,70139,5426747,2236447.62,40913.58
KXRANKLISTSONGSPOTUSA,FALSE,129,56544,5406424,915688.93,25189.79
KXRANKLISTTIMEMAG,FALSE,32,29809,5271800,281494.29,13746.45
KXOSCARSUPACTR,FALSE,299,43526,5238954,1401203.72,49055.93
KXMRBEASTMENTION,FALSE,246,90318,5149383,1750100.14,37378.05
KXBTCMINMON-BTC,FALSE,87,42361,5141888,1594191.6,49487.28
KXNYCMAYOR2ND,FALSE,175,12447,5117148,1271624.51,24869.94
KXLAGODAYS,FALSE,407,65794,5071428,1129829.19,25827.69
KXNBASERIESSCORE,TRUE,31,55545,5048321,1328371.78,53213.23
KXLPGATOUR,TRUE,82,71241,5046526,1548647.39,37099.58
KXLEAGUEWORLDS,TRUE,200,20146,5042650,2433700.5,70684.98
KXBALANCEPOWERCOMBO,FALSE,154,22981,5039505,1281958.98,58397.61
KXBUNDESLIGASPREAD,TRUE,152,54092,5034425,1676147.65,53032.71
KXWOWHOCKEY,TRUE,16,36464,5020364,1927345.68,28424
KXNFLDRAFTTOP,TRUE,86,78579,5003827,2621865.98,47634.6
KXLNBELITEGAME,TRUE,67,87568,4995121,2692605.19,44929.98
KXNFLPLAYOFF,TRUE,271,37994,4990109,2226266.47,53885.82
KXTOPAI,FALSE,512,21113,4990063,1034391.58,18989.37
KXDOGE,FALSE,533,47524,4989212,1762051.91,47253.89
KXHIGHTMIN,FALSE,101,209064,4958713,1227168.53,31028.94
RHOUSESEATSSMALL,FALSE,79,12665,4956663,1700496.41,46929.07
KXSUPERBOWLHEADLINE,FALSE,165,24632,4892239,1780404.69,63873.17
KXVOTETULSI,FALSE,57,27767,4886569,1918617.25,44015.15
KXNCAAMBNEXTCOACH,TRUE,56,37329,4885423,788793.65,30306.1
RHOUSESEATS,FALSE,80,8450,4858670,1952464.71,47769.97
KXWOMHOCKEYTOTAL,TRUE,13,48335,4812049,2418507.83,68162.28
KXELECTIONMOVVAGOV,FALSE,80,10752,4807851,1121754.24,34652.9
KXATPDOUBLES,TRUE,14,41271,4807848,2651348.03,57861.6
KXCRICKETT20IMATCH,TRUE,45,42709,4779373,2429933.27,54645.87
KXSAVEACT,FALSE,201,26340,4748421,573444.84,35045.52
KXWLEADER,FALSE,362,41935,4723408,1272261.38,29430.88
KXWOMENTION,FALSE,16,62663,4710843,2439940,22897.26
KXTSAW,FALSE,559,56484,4706509,2136649.73,41461.32
PRESPARTYTX,FALSE,78,6860,4688857,2571982,16864.44
KXSURVIVORMENTION,FALSE,147,116052,4684712,1969577.52,33616.52
KXHONDURASPRES,FALSE,82,31166,4682819,2092972.76,48182.84
PRESPARTYNH,FALSE,75,9417,4681309,2414563.21,32132.28
KXTEAMSINNBAF,TRUE,57,23022,4680308,483541.23,24561.72
KXSURVIVORELIMINATION,FALSE,143,47813,4667983,1844632.88,16810.03
KXTNFMENTION,FALSE,45,65930,4656342,2769988.47,30046.97
KXIPOSPACEX,FALSE,199,26296,4639306,1089032.11,34220.5
KXNBASLAMDUNK,TRUE,5,31087,4634594,1466211.06,55749.69
KXGOVTFUND,FALSE,12,21626,4618708,2362932.22,23460.29
KXVENEZUELALEADER,FALSE,132,30207,4600067,950809.67,40785.76
KXNCAAMBMAMER,TRUE,7,26036,4591703,2439161.65,66552.12
BTCD,FALSE,175,25252,4557814,2367353.78,53349.62
KXEPLBTTS,TRUE,171,57633,4548910,2608972.05,67947.22
KXGAMEAWARDS,FALSE,463,33524,4510603,1017332.37,18123.02
KXNFLOPOTY,TRUE,299,20448,4465350,837635.24,28082.65
KXMRBEASTGAMES,FALSE,45,27257,4464191,891923.75,12795.18
KXTRUMPPHOTO,FALSE,32,13182,4449539,518864.1,16604.48
KXTRUMPADMINLEAVE,FALSE,153,99609,4438710,2560772.99,60241.21
KXECONSTATCPIYOY,FALSE,142,18150,4426220,1065314.97,38856.92
KXNCAAFCSGAME,TRUE,11,38180,4416939,1913745.82,38536.99
KXBTC2026200,FALSE,215,17171,4411167,664561.59,35925.91
KXSPOTIFYW,FALSE,247,24906,4398643,749384.94,8143.21
KXTACAPORTGAME,TRUE,25,46129,4392731,1800569.73,33469.81
KXGRAMBNA,FALSE,174,35905,4383206,910371,24829.16
KXACBGAME,TRUE,44,78733,4321753,2477226.03,42460.89
KXTXSENATEDEMTURNOUT,FALSE,45,15812,4296481,1083634.25,20890.04
KXBOXINGVICROUND,TRUE,5,18579,4270566,249453.38,13940.19
KXHIGHTHOU,FALSE,94,176881,4268213,1052732.79,23448.68
KXNBAPLAYOFF,TRUE,289,45098,4237494,1856756.07,49635
KXNBA2HWINNER,TRUE,90,55648,4235371,1646649.48,41958.46
KXTRAITORS,FALSE,59,40299,4232341,989252.62,15493.46
KXMOMEN,FALSE,14,11522,4217399,1333147.56,15884.5
KXGOVREOPEN2025,FALSE,19,11258,4201111,4038464.41,10737.89
SHUTDOWNBY,FALSE,177,13288,4184398,1114646.28,42991.7
PRESPARTYNJ,FALSE,64,6309,4184110,1845261.98,11231.12
KXMLBALMVP,TRUE,243,14993,4179966,1059995.53,28978.3
KXNCAAMBBSKY,TRUE,11,16793,4164442,2103534.43,47568.89
KXAAAGASD,FALSE,50,69829,4148194,2096838.14,28103.37
KXRANKLIST1SONG,FALSE,153,26658,4134100,800973.84,13363.21
KXLSUCOACH,TRUE,35,18574,4130874,2434141.64,46799.88
KXDFBPOKALGAME,TRUE,18,30858,4130465,1921170.89,39107.22
KXTRUMPOFFICIAL,FALSE,175,26474,4125812,1733834.07,50067.42
KXCPICORE,FALSE,476,10106,4092062,1638268.86,35770.63
KXEWSLGAME,TRUE,58,49395,4079255,1491906.66,27113.22
KXDOED,FALSE,509,16778,4053271,469533.67,0
KXNBADPOY,TRUE,228,15110,4042617,1706608.02,37276.53
KXMLBF5SPREAD,TRUE,52,71161,4014468,1657072.03,33738.27
KXGREENTERRITORY,FALSE,402,34510,4005142,1282638.57,52304.11
KXUELTOTAL,TRUE,38,42844,4001181,1978560.46,52968.29
KXNCAAMBWCC,TRUE,7,19032,3995477,2133960.68,47379.06
KXDEMSWEEP,FALSE,52,14780,3986358,3404130.23,32123.67
KXGOVFLNOMR,FALSE,370,29652,3983022,713046.95,28221.33
KXATPEXACTMATCH,TRUE,31,31669,3956570,1312637.92,44028.23
KXAPPRANKFREE,FALSE,316,66449,3943563,2221974.24,29277.34
KXWBCSPREAD,TRUE,14,56859,3927995,1912091.4,57472.46
SENATEPA,FALSE,184,8378,3921976,1659427.21,28100.02
KXSPACEXSTARSHIP,FALSE,505,53825,3920421,1790704.44,30314.36
KXGOVERNORMENTION,FALSE,24,46743,3917795,1404117.06,16097.75
KXMAKEMARMAD,TRUE,119,39898,3912843,2031438.37,42875.94
KXTXSENCOMBO,FALSE,156,23447,3910763,1523012.26,43552.37
TIKTOKBAN,FALSE,466,16598,3907027,2830492.19,31191.88
KXHEGSETHMENTION,FALSE,33,69054,3904280,1273789.74,18535.34
KXOSCARCINE,FALSE,230,39052,3902283,1113333.93,33853.65
KXEOCOUNTDAY2,FALSE,3,9638,3896884,607942.3,16854.13
KXNCAAMBSGP,TRUE,6,35433,3894129,1090333.74,45680.1
KXBRENTD,FALSE,51,147465,3883674,1875521.15,44082.57
KXRTAVATARFIREANDASH,FALSE,41,18181,3877201,484852.62,14641.54
KXTOPMONTHLY,FALSE,303,61678,3875184,961347.18,23126.17
KXFBI,FALSE,98,14180,3869800,2785123.02,40439.51
KXNFLTEAMTOTAL,TRUE,54,41008,3869306,2206693.3,46129.04
KXFEDCHAIRCONFIRMED,FALSE,112,11459,3864562,2342600.72,14765.48
KXUCLBTTS,TRUE,105,39771,3858582,2400080.38,54362.01
KXUSLGAME,TRUE,58,80542,3843526,1879609.94,31877
KXUFSD,FALSE,336,31988,3843233,1226494.45,41989.97
KXNCAAMBAMER,TRUE,7,18074,3840554,1838492.03,39608.51
KXOSCARNOMACTO,FALSE,304,32793,3832348,1478145.77,31319.3
KXGRAMROTY,FALSE,173,40091,3829646,782893.02,26194.05
KXTRUMPMEET,FALSE,280,71557,3825936,2002517.89,37214.13
KXTARIFFCHECKS,FALSE,187,36372,3824735,505481.94,26140.68
KXLOWTPHIL,FALSE,154,101942,3782880,857383.98,14927.79
KXNFLNFCWEST,TRUE,335,23993,3774983,1206166.7,62653.71
KXMLSSPREAD,TRUE,82,54501,3742087,1063512.71,33980.73
KXHIGHTNOLA,FALSE,122,148000,3718664,897598.38,20051.96
KXWOMHOCKEYSPREAD,TRUE,13,45961,3707937,1888485.46,50091.1
HIGHAUS,FALSE,533,72692,3690359,920822.68,35447.11
KXWOFREESKI,TRUE,23,47776,3684675,1041147.56,28331.72
KXMLBNLROTY,TRUE,237,11681,3680273,1070812.58,33003.84
KXCHLLDPGAME,TRUE,36,52140,3676240,1679423.25,33071.04
KXIMPEACH,FALSE,522,35770,3656493,842280.15,31451.42
KXTOP10BILLBOARDSPOTSTS,FALSE,79,16314,3628090,1559800.01,10631.68
KXNFLAFCNORTH,TRUE,291,19288,3613323,1360712.37,57685.4
KXAHLGAME,TRUE,118,91859,3603765,1791981.3,26824.09
538APPROVE,FALSE,884,63679,3602835,637627.82,27255.33
KXNBA2HSPREAD,TRUE,30,44749,3575906,1585766.76,48860.63
POPVOTEMOVNC,FALSE,75,8617,3572731,561276.9,19292.42
KXWISCOTUS,FALSE,90,7773,3571663,1281497.89,22759.68
KXNCAABASEBALL,TRUE,96,16878,3564035,219882.9,13777.5
KXNEXTHUNGARYPM,FALSE,181,10434,3505924,1485497.21,27062.51
CABINETRFK,FALSE,97,15870,3495703,2560302.99,39123.11
KXNCAAMBA10,TRUE,8,15341,3470707,1667148.36,33902.1
KXHIGHTOKC,FALSE,94,161165,3468018,927697.53,25229.06
KXHMONTH,FALSE,553,35858,3464038,900834.25,21707.69
KXGA14S,FALSE,136,12090,3433237,489275.9,8312.15
POPVOTEMOVGA,FALSE,78,8329,3428912,633879.28,17536.31
TIPPINGPOINT,FALSE,82,15112,3395992,1066351.66,24679.43
KXTESLA,FALSE,443,50534,3393990,1735090.91,34813.17
KXMLBMENTION,TRUE,67,90356,3335478,2056481.6,19549.77
KXTAKEOVERACQWB,FALSE,155,50374,3330677,1309211.74,36263
KXFLACOACH,TRUE,41,15908,3329251,1117228.62,39729.61
KXNCAAMBMW,TRUE,10,17686,3302883,1736222.09,41441.22
KXWO-MEDALS,TRUE,34,16329,3301156,1276710.19,24747.77
KXCOLBERTMENTION,FALSE,41,32678,3299151,684211.66,11061.77
KXSWIFTMENTION,FALSE,23,36029,3290801,1000258.87,19703.67
KXWOMHOCKEYMVP,TRUE,6,17070,3279104,747728.09,12294.34
KXNCAAF1HWINNER,TRUE,4,20844,3253337,1319378.01,34472.79
KXNFLDRAFTTEAM,TRUE,33,84347,3252481,769317.87,24204.57
KXNCAAMBAE,TRUE,12,16623,3246211,1796312.2,44684.57
KXSENATEMED,FALSE,297,12709,3246102,1849367.26,37773.06
KXPGAROUNDSCORE,TRUE,17,26058,3227668,1753048.33,49505.38
KXRANKLISTGOOGLESEARCHTOP5,FALSE,139,20231,3227338,890161.62,27333.47
PRESPARTYCA,FALSE,76,4518,3190974,1177164.77,5498.61
KXEMMYDSERIES,FALSE,162,14531,3190640,1260534.82,37974.03
KXWBCMVP,TRUE,16,23679,3170208,469322.43,21414.92
EURUSD,FALSE,587,50932,3158265,609051.34,24309.96
KXEUROVISION,FALSE,142,15127,3143199,335854.26,16323.42
KXOSCARNOMDIR,FALSE,316,27375,3129976,1616355,33341.77
KXLIGUE1SPREAD,TRUE,140,37052,3116145,1000631.83,32383.17
KXAPRPOTUS,FALSE,527,90116,3109556,613516.91,22824.66
KXBTCRESERVE,FALSE,549,29375,3096468,961893.94,32926.6
KXEPSTEINBILL,FALSE,76,13367,3079001,2843603.61,12166.53
HOUSECA45,FALSE,133,6493,3068599,1388745.51,26223.73
KXCOPADOBRASILGAME,TRUE,9,35482,3065043,1160703.5,25418.56
KXNFLNFCNORTH,TRUE,313,19480,3064749,975673.02,44620.68
KXCODINGMODEL,TRUE,376,39467,3053224,882995.24,25813.26
KXUAEPLGAME,TRUE,22,51128,3052270,1291644.36,32034.83
KXKINGMENTION,FALSE,13,33725,3046627,787692.09,17030.7
KXVOTEPATEL,FALSE,55,16931,3034138,1274272.27,23157.22
KXOSCARGUESTS,FALSE,64,35145,3028571,935396.9,27531.69
KXALEAGUETOTAL,TRUE,59,40865,3027905,1454006.96,39254.85
KXGAMBLINGREPEAL,FALSE,288,9366,3019869,767298.84,0
KXKY4R,FALSE,198,20197,3018365,1687101.91,45359.7
KXHIGHTSATX,FALSE,94,150522,3014143,825385.26,20832.98
KXR6GAME,TRUE,66,64240,3012467,1391417.6,26599.61
KXSPEAKER,FALSE,99,11023,2980774,1765985.05,14631.97
KXSPOTIFYXMAS,FALSE,7,22735,2958076,1060455.81,20792.44
KXSPOTIFYALBUMRELEASEDATEKANYE,FALSE,202,52165,2911536,855850.12,23948.8
KXXRPD,FALSE,225,65476,2906844,1315236.6,31299.02
HIGHMIA,FALSE,531,46505,2893581,671247.18,21809.94
BTCMAX100,FALSE,235,14120,2886829,1514623.74,30813.01
KXNCAAMBCBC,TRUE,14,17579,2874832,1451238.64,35753.28
KXUFCROUNDS,TRUE,34,22572,2873017,675316.23,22048.07
KXWOCURL,TRUE,25,33498,2854245,862868.51,28021.95
KXAUCTIONPIKACHU,FALSE,49,27414,2850166,2157406.48,25639.6
KXPERUPRES,FALSE,145,16794,2844835,692001.43,29355.06
KXATTYGENVA,FALSE,71,10201,2844390,1351370.2,31917.14
KXKHLGAME,TRUE,115,75610,2830989,1431101.75,25339.69
KXFIBAECUPGAME,TRUE,23,45225,2827970,1490889.67,25009.75
KXNCAAFB12,TRUE,294,11081,2826544,582135.75,29381.57
KXUFCMOF,TRUE,34,41555,2825658,938126.47,29551.64
KXGDPYEAR,FALSE,436,13984,2823228,435220.19,13744.42
KXWBCTOTAL,TRUE,14,42098,2821765,1475290.14,38552.59
KXNCAAMB2ML,TRUE,8,18995,2817083,876543.02,37759.33
KXCRICKETTESTMATCH,TRUE,38,33658,2809232,1220690.58,37620.11
KXNHLPLAYOFF,TRUE,202,38060,2798292,1219113.27,32394.21
KXLEAVITTSMFMENTION,FALSE,8,43463,2792338,597625.94,15133.55
KXWOFSKATE,TRUE,17,27029,2785023,777937.95,20274.41
KXGBLGAME,TRUE,42,49021,2772217,1515635.46,24764.41
KXNWSLGAME,TRUE,45,60875,2750813,1289000.52,22726.16
KXPCTVOTEMAM,FALSE,131,8452,2749458,2104921.64,28165.67
KXATPTOTALSETS,TRUE,14,15075,2737459,1493008.28,34299.43
KXDOGED,FALSE,534,41254,2721983,1294319.11,29171.12
BTC,FALSE,112,10175,2715515,593303.93,25017.86
SENATEOH,FALSE,222,6921,2711688,1622078.86,34529.17
KXMARMADUPSET,TRUE,22,15867,2697051,999018.49,23500.59
KXLIGAMXSPREAD,TRUE,64,48647,2696498,707809.85,25239.31
KXNFLAFCWEST,TRUE,325,12393,2687071,882843.77,42449.87
KXNFLDRAFT1,TRUE,275,11475,2681954,1776091.68,4656.26
KXMARMADSEED,TRUE,30,17203,2663918,603410.29,20826.29
KXTGLMATCH,TRUE,33,28026,2644898,1405548.82,36479.17
KXNBASIXTH,TRUE,221,9970,2639074,468650.33,20480.37
KXTOPSONG,FALSE,513,28682,2628533,1148607.03,13391.28
KXNCAAFSEC,TRUE,307,15629,2627242,484823.61,26760.08
KXTORNADO,FALSE,564,44597,2622068,1599426.26,18006.65
KXMEASLES,FALSE,514,39576,2619538,1310802.5,23959.75
PRESPARTYMN,FALSE,71,5658,2618209,1152663.15,13369.27
KXNCAAFACC,TRUE,272,11125,2612291,605131.53,30131.5
KXMAYORSEATTLE,FALSE,152,13495,2599027,1329833.78,30814.12
KXSPOTIFYGLOBALD,FALSE,418,27686,2598833,1212628.55,15565.94
KXUFLGAME,TRUE,45,59257,2597367,1387613.96,30634.1
KXWOCURLGAME,TRUE,17,48365,2593176,1277840.22,31122.09
HOUSETN7S,FALSE,82,11672,2584615,918691.66,14875.45
KXKNVBCUPGAME,TRUE,23,26058,2564446,1033432.21,22154.44
KXLASTWORDCOUNT,FALSE,28,29339,2561968,1483083.26,10045
KXBALLONDOR,TRUE,213,12462,2552584,639232.63,17342.62
KXBRASILEIROTOTAL,TRUE,64,41486,2550079,1116624.36,28644.94
KXEARNINGSMENTIONTSLA,FALSE,159,30805,2535589,1334326.02,14712.91
KXGOVOHNOMR,FALSE,372,10636,2523764,954069.15,6251.55
CPICORE,FALSE,707,11704,2523142,1348458.35,27134.32
KXPERLIGA1GAME,TRUE,19,40299,2514547,1017226.01,19277.36
KXEPSTEINLIST,FALSE,183,15726,2510800,1531786.92,28574.75
KXNYCMAYORDEBATEMENTION,FALSE,51,32608,2497153,963095.19,11304.79
KXLALIGABTTS,TRUE,156,36684,2492976,1435497.57,35925.64
GTA6,FALSE,714,32458,2485398,539944.81,13356.22
KXSAUDIPLTOTAL,TRUE,60,38410,2469874,1159623.28,28938.06
POPVOTEMOVNV,FALSE,78,8229,2449206,642324.62,14295.27
KXCHESSCANDIDATES,TRUE,41,10549,2425179,602800.37,14654.49
KXNCAAMBASUN,TRUE,7,17200,2419328,1171356.1,27319.95
KXCEOASTRONOMER,FALSE,3,11613,2415225,1698783.53,30309.92
KXRTCAPTAINAMERICA,FALSE,32,15479,2405348,1034306.1,17651.13
KXLEAVELISACOOK,FALSE,242,7278,2391003,595151.65,25577.2
KXTHAIL1GAME,TRUE,37,38434,2385337,1101218.86,19047.18
KXNASCARCUPSERIES,TRUE,100,19567,2383348,187592.97,11394.9
KXWALZMENTION,FALSE,14,30963,2380196,614609.97,9192.65
KXNCAAMBMOP,TRUE,25,15374,2364851,383637.62,17201.35
KXAFC,TRUE,4,14574,2363875,1192177.59,33117.2
KXVOTEHEGSETH,FALSE,40,12332,2363018,932395.89,21330.09
KXNFLNFCEAST,TRUE,310,9521,2363017,691803.2,24728.54
KXWNBA,TRUE,241,9595,2356929,764306.25,22762.69
KXSHUTDOWNBY,FALSE,337,22734,2352840,1519054.01,29780.43
KXPRESVISIT,FALSE,379,31942,2352783,1055132.82,25239.95
DEBATES24,FALSE,194,16270,2352425,680527.62,20901.22
KXBTCMAXMON,FALSE,32,21970,2346971,781995.79,24998.78
KXISLGAME,TRUE,34,46197,2338115,1260893.29,22506.77
KXNYGCOACH,TRUE,68,16596,2325629,778052.73,15817.46
KXLEAVESTARMER,FALSE,99,13090,2312153,659630.26,26404.63
KXSWIFTWEEKSNUM1,FALSE,117,8287,2302128,275035.97,9142.4
KXLOLTOTALMAPS,TRUE,121,47077,2300560,1096319.2,25901.46
KXTOPALBUM,FALSE,423,31819,2296305,778052.19,10808.05
KXNBATRADE,TRUE,65,37685,2295854,879505.72,24527.85
KXMEDIARELEASEST,FALSE,130,14267,2289668,386367.72,21587.42
KXSOUTHPARKMENTION,FALSE,12,27551,2289575,1541124.13,15088.97
KXSHUTDOWNBYDATE,FALSE,15,10661,2280430,306852.79,17038.58
POPVOTEMOVWI,FALSE,81,5763,2258416,477116.38,11137.32
KXNJ11SD,FALSE,87,24576,2250361,887160.05,9598.89
KXACAEXT,FALSE,261,12777,2244055,442599.3,19898.6
EURUSDH,FALSE,372,39156,2236432,1087560.27,26915.89
KXRTMOANA2,FALSE,32,9318,2230769,779724.34,18118.17
KXPGAWINNERWITHOUT,TRUE,3,22343,2226364,399204.6,17362.62
KXPRESCHILE,FALSE,223,10248,2225905,603490.43,11825.86
KXSPOTIFYSONGSOPALITE,FALSE,24,17401,2217695,887318.88,11081.86
KXATPFINALS,TRUE,9,7911,2188552,931263.38,28353.03
KXHOMANMENTION,FALSE,16,21336,2159267,497400.7,7390.55
KXNCAAMBUSA,TRUE,7,9481,2156045,1063276.26,28447.19
KXPGAPLAYERCAT,TRUE,11,27229,2142177,468458.93,19632.42
KXRANKLISTBB100ARTIST,FALSE,26,4832,2140583,202891.8,2514.06
KXALLSVENSKANGAME,TRUE,30,25356,2128938,994149.57,16316.14
KXNETANYAHUMENTION,FALSE,8,16467,2127712,447711.06,5594.92
WTI,FALSE,545,38654,2126310,525245.3,21872.5
KXNYCMAYORDROUND,FALSE,28,8650,2125738,413522.18,9546.75
KXSOLE,FALSE,154,38051,2123351,765734.87,23248.31
KXBOLIVIAPRES,FALSE,184,9052,2122215,1066274.46,17627.66
KXBTCMAXM,FALSE,122,20086,2117963,546630.75,18210.13
KXNFLDROTY,TRUE,228,10821,2110217,538828.28,11557.87
KXRANKLISTSONGTOP10,FALSE,160,9937,2109975,303351.74,5134.29
KXACQUANNOUNCEPARAMOUNT,FALSE,84,14034,2106410,1023701.77,20381.93
ETHD,FALSE,160,13484,2099129,1000464.51,23410.19
KXELECTIONBILL,FALSE,93,9285,2098217,207320.58,11634.61
KXNEXTTEAMNBA,TRUE,157,20874,2096130,600112.49,15429.37
KXUCL1H,TRUE,52,33096,2095157,830835.14,26687.38
KXSPOTIFY2D,FALSE,387,22090,2093995,705145.59,13891.33
POPVOTEMOVMI,FALSE,64,4813,2091945,387561.65,9845.75
KXNFLMOSTRECYDS,TRUE,12,19355,2088280,267985.83,10847.38
KXRTMICKEY17,FALSE,36,25810,2077029,720546.5,17707.9
KXRECSSNBER,FALSE,268,19751,2073846,578183.12,28780.9
KXDEBTSHRINK,FALSE,200,6560,2071488,1868043.19,9709.85
KXAWARDMENTION,FALSE,13,27532,2065340,534685.9,8311.96
KXEPLTOP4,TRUE,280,16217,2050910,883045.89,30206.05
KXPOWELLMENTION,FALSE,25,28655,2041649,916870.07,16490.04
KXGABBARDCOUNT,FALSE,84,18594,2036501,333683.86,13104.89
KXCS2TOTALMAPS,TRUE,119,43322,2034864,874958.62,22594.43
KXRTSNOWWHITE,FALSE,39,17183,2031043,836723.92,17415.14
KXWAYMOCITIES,FALSE,281,15075,2027348,532556.35,16845.14
KXXRP,FALSE,222,37090,2023861,792640.62,21046.74
KXSERIEABTTS,TRUE,143,26318,2017297,1021077.05,29181.12
KXNCAAMLAXGAME,TRUE,97,38332,2012916,916046.4,16291.01
APRPOTUS,FALSE,1001,44745,1997647,494600.11,16012.11
KXARREST,FALSE,296,20870,1996309,878304.11,22796.11
KXPGA3BALL,TRUE,21,31551,1993219,814667.39,26694.04
KXCBDECISIONJAPAN,FALSE,146,12087,1991109,510863.33,5913.15
KXOSCARSPLAY,FALSE,286,19143,1987840,663376.95,9378.19
KXEPL1H,TRUE,69,32559,1984166,892581.18,26392.67
KXPARTYWINNL,FALSE,101,7852,1978609,872784.27,27493.02
KXEGGS,FALSE,543,27768,1977186,814309.67,18485.41
KXOSCARNOMSUPACTR,FALSE,283,17510,1966533,792999.15,19673.66
KXWTASETWINNER,TRUE,14,19946,1964797,1024215.26,20956.42
KXNFL1QWINNER,TRUE,18,16667,1959428,727829.94,24430.41
KXWNBATOTAL,TRUE,12,27323,1954279,1073666.73,23451.31
KXWOSBOARD,TRUE,23,31046,1948429,682853.65,16814.29
KXDEPORTCOUNT,FALSE,418,29515,1946367,654310.94,19811.33
KXNEXTCANADAPM,FALSE,75,8241,1928432,281284.66,9228.15
KXPRESPOLAND,FALSE,129,7302,1924271,934508.08,19044
KXMTPMENTION,FALSE,22,15684,1923674,556772.88,5669.85
KXBBSERIEAGAME,TRUE,37,41559,1914577,1088510.35,17716.76
KXNEWSNATIONMENTION,FALSE,9,15764,1909066,242213.22,5808.49
KXPGARYDERCUPD1,TRUE,8,5129,1898804,827334.4,21157.73
KXFTACOUNTRIES,FALSE,234,13669,1897863,269281.99,15058.41
KXNBAFINALSEXACT,TRUE,21,7935,1893606,411654.68,17268.77
KXSONGSONCHARTTSWIFT2,FALSE,12,4284,1891316,119864.1,5086.97
KXATPIT,TRUE,10,13827,1890360,970398.96,19373.39
KXUCLROUND,TRUE,49,14558,1884814,873674.34,14927.87
KXWHVISIT,FALSE,439,36302,1884158,865794.91,17032.11
KXMVEOSCARS,FALSE,17,13622,1884016,374152.87,15616.72
KXCPICOREYOY,FALSE,460,12303,1882008,858605.51,20776.93
KXRTMUFASA,FALSE,32,7787,1881390,856071.91,18194.78
KXNETFLIXRANKMOVIERUNNERUP,FALSE,166,23544,1873433,271226.03,6198.96
KXRTMINECRAFT,FALSE,48,17977,1868178,875423.9,16616.84
KXINXMAXY,FALSE,369,17912,1866145,864364.38,9961.15
KXRTWICKEDFORGOOD,FALSE,56,9776,1864749,276481.32,8058.34
KXNFLAFCSOUTH,TRUE,293,11432,1863997,657295.56,27645.27
KXCABCOUNT,FALSE,114,12598,1856470,359932.9,10843.1
ROBOTAXIOUT,FALSE,485,14235,1855163,1164877.17,23753.94
KXVOTEPERCENTCUOMO,FALSE,83,7224,1854965,488270,15325.1
KXOSCARANIMATED,FALSE,194,19408,1852436,740596.05,9192.17
KXNCAAFB10,TRUE,290,9642,1851950,441753.34,19588.52
KXFEDCOMBO,FALSE,142,7781,1849553,426888.27,4792.05
KXARGLNBGAME,TRUE,120,32916,1837836,986902.37,16147.54
KXCLUBWC,TRUE,26,10295,1836167,646862.59,18021.56
KXNCAAFPREPACK2ML,TRUE,13,9089,1834901,624535.43,24919.39
KXJENSENMENTION,FALSE,39,33160,1830751,714552.69,12359.16
KXRAINNYCM,FALSE,551,21461,1826692,1278777.66,10791.99
KXCRYPTOSTRUCTURE,FALSE,262,13924,1822047,325742.43,12973.52
KXNHLPTS,TRUE,137,34253,1814698,759993.35,17844.47
KXTOPALBUMSPOTIFYUSA,FALSE,212,9388,1803826,612464.23,6583.44
KXOSCARINTLFILM,FALSE,154,22507,1790456,576853.53,16242.05
KXDHSFUNDING,FALSE,58,13679,1782655,480063.37,16128.15
DCEIL,FALSE,289,11903,1760051,954903.35,15383.72
KXWICOURTMOV,FALSE,48,11911,1757073,347429.98,11380.4
KXTARIFFSC,FALSE,73,11957,1755456,1183284.08,12676.45
KXPSAKIMENTION,FALSE,22,21219,1753736,457646.85,6128.65
KXRTTHEMONKEY,FALSE,28,15047,1752423,776196.19,14213.32
KXSNLHOST,FALSE,252,19535,1748309,258350.29,6653.54
KXNFLOT,TRUE,12,20624,1746790,153053.83,9846.52
KXNCAAMBSLC,TRUE,8,8177,1741739,763818.17,13561.66
KXUSDJPY,FALSE,199,8337,1738699,551113.35,13278.44
ACPI,FALSE,824,12778,1736444,421341.09,14963.45
PRESPARTYME,FALSE,66,3844,1726299,782958.66,9462.92
KXNFLNFCSOUTH,TRUE,322,12231,1726164,750234.83,27664.24
KXNBARISINGSTARS,TRUE,9,12795,1725213,604683.1,20667.94
KXSTARMERMENTION,FALSE,61,19604,1718266,438488.11,6193.17
KXVOTEPERCENTSLIWA,FALSE,77,5581,1716401,365891.23,12386.23
KXPORTUGALPRES,FALSE,123,8747,1714900,423450.78,6381.19
KXMARMADSEEDWIN,TRUE,15,11343,1714593,279841.55,12915.84
KXF1POLE,TRUE,22,24519,1710720,422704.46,13175.69
KXNFLSBMVPPOS,TRUE,13,32831,1700047,490282.06,16236.81
SENATENE,FALSE,331,4903,1698783,815099.36,17396.18
KXNFLCPOTY,TRUE,229,11993,1698330,401246.25,8869.72
KXMLBNLCY,TRUE,218,10320,1697629,241402.3,10599.02
KXEARNINGSMENTIONNFLX,FALSE,163,29849,1692051,949584.94,18096.68
KXNCAAMBSWAC,TRUE,10,7881,1691469,952288.92,11778.57
KXMADDOWMENTION,FALSE,18,34693,1686067,489088.12,9072.2
KXVOTEPRIMARY,FALSE,44,4644,1679307,194272.31,3008.49
KXWNBASPREAD,TRUE,12,26081,1674254,866997.7,21261.32
KXBATTLEOFSEXES,FALSE,4,5812,1660825,649536.73,13429.47
KXDCSNOWM,FALSE,122,20843,1658818,602720.23,13899.85
KXLALIGA,TRUE,360,10726,1658794,686581.75,25531.68
KXNEWPARTYMUSK,FALSE,200,11033,1655409,710740.05,21020.54
KXKASHOUT,FALSE,42,37747,1653113,546412.98,20773.68
KXMLBALEAST,TRUE,313,8769,1647735,557335.88,18998.66
KXKAMALAMENTION,FALSE,19,27063,1646500,519021.18,9694.91
KXBRPRES,FALSE,254,6815,1645372,339577.48,14620.31
KXNFC,TRUE,4,9919,1643143,714362.47,17722.28
KXRTWICKED,FALSE,33,11355,1639631,761468.33,15532.25
KXBRENTW,FALSE,49,43371,1638198,650204.67,17137.39
KXCANDACEMENTION,FALSE,21,47551,1634957,696604.78,9606.57
KXEURUSD,FALSE,192,8905,1627651,454398.89,13337.57
KXRTNOVOCAINE,FALSE,34,12339,1626469,567161.21,14864.88
KXCZEFLGAME,TRUE,15,22019,1623620,683357.98,12534.85
KXNFLDRAFTOU,TRUE,6,28819,1612776,904949.44,18948.84
KXFEDEMPLOYEES,FALSE,503,13013,1612103,858283.69,16068.87
KXREDISTRICTING,FALSE,288,17573,1602811,872008.59,17862.38
KXDOTA2MAP,TRUE,53,48238,1601451,836196.54,20069.39
KXMUSKPACKAGEVOTE,FALSE,54,7459,1594241,1468537.31,8065.01
KXFRASUPERCUPGAME,TRUE,1,7221,1593755,277995.07,6611.67
KXIPLTEAMTOTAL,TRUE,33,15983,1590768,664072.01,6832.9
KXRTFANTASTICFOUR,FALSE,35,9702,1588271,616470.62,8683.79
KXSONGSONCHARTTSWIFT6,FALSE,7,1223,1580844,25292.99,1709.36
KXOSCARCOUNT,FALSE,52,27324,1579199,268537.26,10680.55
KXNHLHART,TRUE,200,13178,1579107,427408.52,17910.12
KXCRYPTORETURNY,FALSE,498,17452,1568502,580328.21,17530.85
KXTN7SMOV,FALSE,31,6835,1564809,411201.43,9183.67
KXVPRESNOMD,FALSE,368,7654,1563821,77790.38,5085.24
KXJOHNSONMENTION,FALSE,10,11286,1558914,306328.6,3998.5
KXFACUPTOTAL,TRUE,24,18876,1531133,772122.39,19738.52
KXTRUMPPUTIN,FALSE,8,12340,1526523,786858.79,9436.81
KXNBA2HTOTAL,TRUE,30,18171,1518973,782444.29,22382.96
KXATHLETEMENTION,FALSE,13,11560,1514540,558317.13,4107.76
KXWTAIT,TRUE,9,12135,1512680,845912.7,16800.13
KXTRUMPSCOTUSVOTE,FALSE,110,20814,1507926,197162.33,10014.29
KXMUSKDOGE,FALSE,192,25375,1507088,697543.92,16453.92
KXMAYORMINN,FALSE,92,6278,1504047,892072.95,11255.77
KXOSCARASPLAY,FALSE,264,10981,1500661,439728,5107.58
KXRTNOSFERATU,FALSE,32,4974,1499085,598188.71,13102.32
KXNBASTL,TRUE,117,29964,1497992,1089172.8,11290.67
KXSBPERFORM,FALSE,38,22100,1496804,663843.98,17502
KXHALFTIMESHOW,FALSE,5,47019,1495478,702150.52,16354.68
KXNCAAMBSOCON,TRUE,7,8669,1491242,689782.1,16741.26
KXINSURRECTION,FALSE,289,19191,1484839,367873.24,14894.69
KXSENATEILD,FALSE,217,11584,1483068,630840.8,15798.95
SENATEWI,FALSE,197,4767,1482876,653735.7,16228.36
GOVSHUT,FALSE,489,8115,1482738,268735.36,10242.02
KXUELSPREAD,TRUE,45,19553,1481887,418520.42,13879.73
KXVENFUTVEGAME,TRUE,39,17843,1479338,614544.87,11389.28
KXTRUMPFOOTBALL,FALSE,86,20379,1472175,1291927.27,10362.22
KXRFKCOUNT,FALSE,86,15314,1471989,239691.02,9019.93
KXELECTIONDAYS,FALSE,11,10470,1468478,304295.45,8514.32
KXSECSTATE,FALSE,74,5733,1466324,1049276.53,9906.71
KXEARNINGSMENTIONNVDA,FALSE,117,28665,1459636,736859.68,11458.8
KXRHOUSESEATS,FALSE,214,10453,1459173,168913.78,8934.44
KXTRUMPCHINA,FALSE,59,18237,1456336,995519.75,9435.23
KXTHEWEEKNIGHTMENTION,FALSE,13,10482,1454355,197774.53,3413.31
KXPGAHOLEINONE,TRUE,67,20396,1453347,435115.95,15162.19
KXELITESERIENGAME,TRUE,24,16221,1452110,654184.14,11491.07
KXOSCARNOMACTR,FALSE,266,16876,1450643,597094.41,14664.01
TIME,FALSE,289,7060,1448589,543017.1,6424.3
KXEOCOUNTDAY3,FALSE,3,9156,1447919,379612.95,10774.85
KXNCAAMBCAA,TRUE,8,9933,1442877,758896.41,15798.92
KXNOEMOUT,FALSE,58,12807,1435106,782290.5,11205.13
KXRAINLAXM,FALSE,181,23782,1432682,528253.34,11970.38
KXBILLSCOUNT,FALSE,165,13211,1431673,127733.31,4709.54
KXRTMARTYSUPREME,FALSE,40,6558,1429814,240222.83,4170.74
FEDHIKE,FALSE,682,10499,1429415,161456.61,8831.08
KXRUBIOMENTION,FALSE,7,26197,1423349,561573.88,7779.75
KXBESSENTMTPMENTION,FALSE,48,18835,1422829,385689.98,5776
KXPAHLAVIHEAD,FALSE,125,12711,1420788,261382.34,0
KXTRUMPUFC,FALSE,190,16498,1420310,570991.04,7683.57
KXNFL1HSPREAD,TRUE,24,9472,1410059,612289.29,20063.33
KXMLBALCY,TRUE,230,7754,1406972,192985.77,7121.93
KXGOLDD,FALSE,47,69928,1406593,711025.03,16255.22
KXINTERNETINVITATIONAL,FALSE,111,7139,1404042,423087.82,18470.46
KXECONSTATCORECPIYOY,FALSE,125,3419,1403706,374759.65,12203.75
KXGENESISINVITATIONAL,TRUE,6,9758,1397993,290595.71,12463.46
KXMLBNLCENT,TRUE,308,9557,1396318,438981.71,16133.86
KXETHMAXMON-ETH,FALSE,96,12110,1393050,206654.72,9113.84
CABINETTULSI,FALSE,97,8322,1391253,995891.72,16933.08
KXOSCARSONG,FALSE,162,12954,1387127,601302.87,8809.24
KXNCAAFPREPACK4ML,TRUE,5,5887,1386252,210616.94,10608.94
KXBOXINGDISTANCE,TRUE,8,10068,1383490,491855.51,17130.22
KXSKPRES,FALSE,54,3318,1377511,662032.01,5342.73
KXMANTISFREETHROW,FALSE,10,8116,1368790,136734.82,4930.66
KXAFLGAME,TRUE,72,25934,1367131,717982.99,12686.12
KXRT28YEARSLATERTBT,FALSE,35,6767,1360391,336991.14,5302.59
KXZELENSKYYPUTINMEET,FALSE,170,10782,1358733,370881.69,14693
KXF1CONSTRUCTORS,TRUE,283,15095,1354231,293431.45,10810.48
TSAW,FALSE,1095,21591,1352108,607025.51,11862.68
SENATEMI,FALSE,354,5042,1348570,680513.28,14908.29
KXNBADRAFT1,TRUE,233,12442,1343961,494927,12206.41
KXLASTSTATECALL24,FALSE,11,13539,1342383,570736.31,9713.07
KXEARNINGSMENTIONMCD,FALSE,27,26385,1340140,502512.25,11493.16
KXRUBIO,FALSE,60,7462,1335214,359628.88,10836.92
SENATEFL,FALSE,138,2353,1333517,525936.54,6163.33
ETH,FALSE,106,9832,1332665,487361.23,18042.55
KXLALIGA1H,TRUE,58,26707,1332118,599833.5,16484.6
KXRTSUPERMAN,FALSE,46,10612,1327799,594201.89,9130.55
KXHOUSERACE,FALSE,129,16743,1326285,749241.76,11034.71
KXALBUMSALESSWIFT,FALSE,59,9860,1325233,650515.34,11873.13
LLM1,FALSE,289,10136,1319352,345585.95,14145.91
KXMULTIPREPACK,FALSE,4,7394,1318003,431297.96,16609.03
KXWARSHNOM,FALSE,28,3076,1317462,641632.12,8838.47
KXTRUMPATTEND,FALSE,202,14478,1308937,173620.21,8481.34
KXSTATESHIFTRIGHT,FALSE,66,4665,1307351,1144653.67,8214.36
KXXRPMAXY,FALSE,257,8557,1302988,127314.15,6368.51
KXCBVOLUME,FALSE,350,12120,1300632,522941.32,8277.12
KXNCAAMBHOR,TRUE,10,9296,1300345,635385.75,11295.65
KXEXPAND,FALSE,247,2508,1297570,45692.86,3032.43
KXTRUMPSAYNICKNAME,FALSE,174,29842,1296119,738136.96,9532.71
KXPRESLEAVESK,FALSE,121,8577,1289399,685464.13,17104.92
KXCANLIBSEATS,FALSE,65,8761,1286887,275286.15,8585.07
KXNCAAMBMAA,TRUE,7,8526,1284558,590258.26,12552.74
KXRTZOOTOPIA2,FALSE,63,9052,1282234,271017.09,6288.31
KXTOP3WEALTH,FALSE,487,12529,1281237,591140.55,13587.5
KXHORMUZTRAFFICW,FALSE,43,18736,1279841,685850.05,11658.92
KXNFLWINMARGIN,TRUE,10,15202,1278991,239256.16,12609.18
KXTRUTHSOCIAL,FALSE,97,28001,1272503,224573.24,7731.37
KXREACTOR,FALSE,531,21123,1271777,251812.07,12813.05
KXNCAAMBBSOU,TRUE,7,13882,1269657,685095.33,11434.13
KXRTDOGMAN,FALSE,29,6673,1258789,636754.6,10043.47
KXWOSSKATE,TRUE,22,16438,1257089,494866.75,10990.23
KXAOCMENTION,FALSE,14,13354,1255920,329667.73,4983.35
KXSPOTIFYALBUMRELEASEDATEDRAKE,FALSE,290,24265,1254177,453701.72,9167.14
KXEARNINGSMENTIONCOST,FALSE,39,19241,1253671,600817.24,7748.75
KXLARGECUT,FALSE,466,10084,1251578,200262.56,10790.36
KXOTEEPSTEIN,FALSE,124,13827,1250070,601907.14,10771.55
KXAMERICANIDOL,FALSE,69,14747,1249190,252517.65,7514.47
KXGREENLANDPRICE,FALSE,118,12474,1246721,463660.87,9239.77
KXMOSTSTREAMESTSTLOASG,FALSE,58,7025,1241841,468620.12,3672.64
KXPAHLAVIVISITA,FALSE,172,12380,1235694,390180.66,16996.85
GDP,FALSE,1034,10766,1234787,626232.88,13541.13
KXNFLDRAFT1ST,TRUE,177,7122,1234716,677052.69,2845.07
POPVOTEMOVFL,FALSE,45,4999,1231718,280170.46,8178.97
KXNBABLK,TRUE,116,21667,1227954,771215.41,12812.81
KXEFLL1GAME,TRUE,23,19224,1220408,585475.19,9813.66
KXMLBNLMVP,TRUE,237,5008,1217554,279384.18,5503.86
KXNCAAFPREPACK3ML,TRUE,7,6153,1211250,269690.37,12439.96
KXMAYORJERSEY,FALSE,118,6490,1207524,586348.1,11378.57
KXECONSTATCPI,FALSE,148,6029,1206865,271509.68,10749.4
KXNFLAFCEAST,TRUE,286,6917,1204547,475851.7,16593.73
KXNFLFIRSTTDTIME,TRUE,11,13006,1204164,195460.83,9873.68
KXCARDPRESENCEUFCWH,TRUE,240,16066,1203635,177276.25,7233.86
KXJOBLESSCLAIMS,FALSE,245,23356,1199115,636285.2,14384.65
KXEARNINGSMENTIONGOOGL,FALSE,185,23027,1197534,474671.69,10210
KXNCAAMBMVAL,TRUE,7,10951,1183693,618452.12,12038.46
GAMEAWARDS,FALSE,179,7234,1182898,271033.16,11262.59
KXSHIBA,FALSE,498,11964,1179403,368351.22,10798.04
KXPHILSNOWM,FALSE,122,17585,1177600,506952.36,11440.19
KXRECNCBILL,FALSE,133,4899,1171759,915828.95,5186.74
KXPATELCOUNT,FALSE,58,15243,1171428,251128.98,8099.95
BTCMAXY,FALSE,287,8620,1168957,416133.13,10624.62
KXVOTEHUBTRUMPUPDOWN,FALSE,225,36532,1165033,459585.16,13303.01
KXMLBSERIESEXACT,TRUE,29,9288,1163388,484488.31,16562.81
KXSWIFTKELCEWEDDINGLOCATION,FALSE,203,17716,1162011,512274.4,15152.59
KXMIDTERMMOV,FALSE,18,12806,1160479,482140.94,13519.45
KXGGDRAMAFILM,FALSE,122,15325,1156205,353322.08,10872.55
USDJPYH,FALSE,122,20053,1156155,572767.42,11152.01
KXNCAAHOCKEY,TRUE,65,16736,1153766,460694.23,15646.95
KXRAINSFOM,FALSE,177,14580,1153368,561178.22,8007.65
KXSWALWELLOUT,FALSE,4,5866,1151866,875382.88,8319.9
KXHORMUZWEEKLY,FALSE,24,17416,1151050,301511.28,8685.07
KXTENNISEXHIBITION,TRUE,5,5122,1147195,342485.77,5397.85
KXEARNINGSMENTIONPLTR,FALSE,86,18793,1139812,386642.73,8374.02
KXEPLRELEGATION,TRUE,178,13382,1138882,388988.49,13148.06
CPIYOY,FALSE,528,5837,1138849,531288.92,11463.8
KXARTISTSTREAMSY,FALSE,4,17028,1136979,1014210.9,5512.81
KXMUSKOAI,FALSE,121,20993,1136943,518319.06,18895.44
KXDOGEMAX1,FALSE,532,12257,1136233,96494.04,5595.89
KXIL9D,FALSE,175,12255,1135719,363975.6,9044.54
KXWEALTHY,FALSE,402,8857,1130500,338265.69,5988.46
KXSNOWNYM,FALSE,101,11647,1123960,848749.04,5725.11
KXINXPOS,FALSE,330,11496,1112480,836641.11,6087.06
KXBIG10REG,TRUE,125,11771,1106549,221361.09,8075.74
KXRTLASTBREATH,FALSE,29,11113,1102894,418443.49,8943.46
KXOSCAREDIT,FALSE,181,15180,1085702,336156.98,8083.14
KXFACUPSPREAD,TRUE,27,14603,1085675,390440.78,12404.94
KXLCPIMAXYOY,FALSE,503,10056,1077729,436984.2,12194.88
GAS,FALSE,710,21338,1077299,465439.84,7928.44
KXBBCHARTPOSITIONSONG,FALSE,42,14953,1075858,72345.82,2527.87
KXCHISNOWM,FALSE,130,14169,1073588,351463.21,8338.18
PRESPARTYNM,FALSE,61,3129,1072719,529751.34,5792.82
KXOSCARNOMSUPACTO,FALSE,262,9593,1069486,445339.07,9343.18
KXHURCAT,FALSE,151,16837,1063524,547102.07,10316.76
KXMLBALWEST,TRUE,320,8477,1063378,277413.82,10905.43
KXNBAFINMVP,TRUE,215,6771,1060818,112886.75,5369.58
KXLARGETARIFF,FALSE,277,8221,1060362,781524.84,12810.35
KXNETFLIXRANKSHOWGLOBAL,FALSE,145,19039,1054468,298613.09,4860.09
KXNASCARTOP10,TRUE,68,12837,1053359,361117.19,12477.83
KXSCOTUSMENTION,FALSE,12,22792,1052007,509197.59,6134.13
KXMEDIACOVERMADDEN,FALSE,201,17216,1051426,619672.09,10266.28
KXJAN6PARDONDAY1,FALSE,10,6672,1044957,827245.52,7782.91
ECDJTBLOWOUT,FALSE,51,4145,1040016,89429.9,5027.31
KXNCAAFFINALIST,TRUE,157,14251,1038136,354371.09,12689.25
KXCOACHOUTNFL,TRUE,127,9537,1035829,309782.47,12506.67
KXVPRESNOMR,FALSE,349,6867,1034581,84970.17,5060.07
KXAPRPOTUSEOY,FALSE,101,16970,1033973,194824.1,8716.42
KXCHESSWORLDCHAMPION,TRUE,271,8515,1032882,160630.27,6699.81
CASEM,FALSE,142,7522,1030488,719407.12,9183.31
KXRTJURASSICWORLDREBIRTH,FALSE,41,7065,1023362,365331.77,8443.94
KXNFLNEXTTD,TRUE,4,11790,1020923,163321.99,6497.27
KXAFCACGAME,TRUE,2,19321,1014082,435905.88,9051.59
KXSTARLADDERBUDAPESTMAJOR,TRUE,87,10481,1011175,221311.31,10141.69
KXGGAFILM,FALSE,140,13179,1009319,435642.94,4830.3
KXFEATUREDRAKE,FALSE,267,33037,1008502,459911.62,13957.26
KXUCLRO4,TRUE,67,8958,1006488,419096.55,11714.06
TERMINALRATE,FALSE,305,4141,1003305,282303.56,6253.56
CPICOREYOY,FALSE,386,3685,1002242,564976.83,10096.99
KXGOVCAPRIMARY,FALSE,252,13773,1001521,328429.34,11024.13
KXMETAHEADCOUNT,FALSE,137,21703,1001213,360067.63,9703.97
KXNHL4NATIONS,TRUE,8,8710,1000504,494883.84,16079.56
KXACQUANNOUNCETIKTOK,FALSE,138,10107,999485,389365,11866.01
KXFIFATOTAL,TRUE,8,14201,999436,475457.91,13225.19
KXENDORSECUOMO,FALSE,88,8891,999081,397166.6,9037.69
KXHEGSETHCOUNT,FALSE,66,6316,997955,264790.14,7606.91
KXTENNCOACH,TRUE,84,8893,995941,188926.44,6447.8
KXRECOGPERSONIRAN,FALSE,276,10380,994689,244746.4,12224.46
KXBUNDESLIGABTTS,TRUE,120,14090,994093,618959.33,13021.66
CASED,FALSE,309,18017,993985,500569.78,8716.84
KXCAPRIMARY,FALSE,43,5594,992665,665730.99,7604.05
KXPUBLICBIDEN,FALSE,24,11087,990430,786994.16,9529.84
KXRANKLISTSONGTHRILLER,FALSE,22,3695,989375,849561.56,5050.78
KXNFL1HTOTAL,TRUE,24,10430,987305,500479.48,12350.56
KXMAYORMIA,FALSE,152,7051,983746,498904.85,5174.34
PROLLS,FALSE,545,8183,981254,388784.19,7795.63
KXSHIRLEYMENTION,FALSE,6,5986,979176,255598.27,2166.8
KXELONTWEETS,FALSE,64,29203,977734,202812.53,7901.6
SENATEMT,FALSE,255,4267,974899,454079.65,8155.21
KXINDYCARRACE,TRUE,21,14701,974723,173282.1,6298.23
KXUFCTITLE,TRUE,20,7894,973226,492807.75,15063.82
KXARRESTJOHNBOLTON,FALSE,51,4973,969930,868256.43,5502.48
KXSPOTIFYWRAPPEDRELEASE,FALSE,130,11719,969693,425119.56,5495.86
KXSTATE51,FALSE,241,11023,968755,44867.67,3003.74
KXPCECORE,FALSE,394,9260,966843,459135.35,9484.51
KXAISPIKE,FALSE,372,10193,956581,274437.44,8360.72
KXNBACELEBRITYGAME,TRUE,5,11547,955456,462642.67,10272.35
KXRTKARATEKIDLEGENDS,FALSE,46,3851,953027,464913.49,8418.76
KXEARNINGSMENTIONAAPL,FALSE,115,16625,952026,400877.86,6257.16
KXNETFLIXTOPVIEWSTV,FALSE,124,12266,949985,327323.06,8396.3
KXENTMENTION,FALSE,9,18607,949934,271834.03,5551.89
U3,FALSE,937,7992,949004,475892.02,9060.66
KXRTTHEDAMNED,FALSE,14,5780,945280,467136.45,9102.18
KXSERIEA,TRUE,305,5055,944549,291685.5,11732.72
KXBTCVSGOLD,FALSE,272,10790,943500,356025.22,6325.65
KXIRELANDPARTY,FALSE,35,3126,939423,361149.84,8579.54
KXRANKLISTGOOGLESEARCH2,FALSE,117,5073,939179,340365.45,5029.17
KXSBADAPPEARANCES,FALSE,103,31814,936524,658932.57,7697.5
KXRECNC,FALSE,121,6792,935016,655770.89,8179.36
KXEARNINGSMENTIONSBUX,FALSE,67,11111,933557,210825.5,3969.87
KXCFPSEED,TRUE,6,6392,933224,299540.43,8203.6
KXATPMIA,TRUE,8,8625,931358,513256.71,10241.44
KXNBAPREPACK3ML,TRUE,4,3991,930762,166882.14,8541.49
KXNBAOVERTIME,TRUE,28,10085,927651,113396.78,4727.06
KXNCAAMBSUM,TRUE,9,6400,919867,386973.99,5539.74
KXWBCF5SPREAD,TRUE,13,4183,918985,141978.35,3911.47
KXEARNINGSMENTIONAMZN,FALSE,168,16971,917646,512075.99,6523.77
KXOSCARPROD,FALSE,282,9112,917436,326395.23,4468.75
KXEMMYCSERIES,FALSE,127,3950,914907,358058.17,5202.38
KXSAUDIPLSPREAD,TRUE,59,15670,914735,286593.2,7936.4
KXKFTOUR,TRUE,22,18325,914482,183749.04,6672.8
KXAPPRANKFREE2,FALSE,217,19778,911955,492787.28,7654
KXTOP10TAYLORSWIFT,FALSE,65,3943,911823,756925.54,4310.12
KXBIG12REG,TRUE,128,10933,911160,216162.57,7102.16
KXWTIMINM,FALSE,32,8502,910405,523127.96,2769.5
KXCANCONSEATS,FALSE,61,6295,909154,124538.91,3967.93
KXRTSMURFS,FALSE,50,8875,907261,372528.82,8480.39
KXTRUMPPRESS,FALSE,10,4465,905666,393822.78,6394.53
KXTEAMSINUCL,TRUE,60,12702,905248,252482.27,10830.97
KXPGAHOLESCORE,TRUE,5,13655,905012,272148.53,8141.93
KXNFLDPOTY,TRUE,288,4748,902618,191645.6,5690.71
KXRTWOLFMAN,FALSE,32,4557,902486,343843.3,8386.5
KXPELOSIMENTION,FALSE,3,12459,897342,146211.43,3398.7
KXSYNTHETIXTRADINGCOMP,FALSE,35,2466,896986,106478.43,3423.47
KXSHIBAD,FALSE,498,11473,894451,398270.62,8673.02
KXNBAALLSTARS,TRUE,75,9580,893531,323326.49,7072.66
KXCABLEAVE,FALSE,422,16358,893456,398404.79,10159.19
KXRAINHOUM,FALSE,180,11527,892431,448223.82,8239.87
KXOSCARDOCU,FALSE,126,12710,892028,308533.37,8845.31
KXGOVNJNOMD,FALSE,180,5288,889299,310005.41,4532.28
KXNBAWINS-OKC,TRUE,179,9176,888251,265707.82,7721.87
KXRTPRIMATE,FALSE,20,7301,886833,200548.53,4362.96
KXMLSCUP,TRUE,357,7719,880456,158249.88,5659.45
KXWOSKIJUMP,TRUE,13,5615,878474,269928.38,7355.33
KXMLBALCENT,TRUE,303,5969,876220,293234.92,8428.22
KXINAUGVIEWS,FALSE,11,7422,875597,403677.15,10683.39
KXCORPTAXCUT,FALSE,520,10577,874158,122251.26,5353.02
KXFEATUREASAPROCKY,FALSE,25,13945,871920,256043.64,3566.64
KXNBATOPPICK,TRUE,84,4680,869276,62185.51,3467.73
KXPERFORMGRAMMYS,FALSE,135,14217,867212,319878.35,8669.88
KXTRUMPKIDSSOTUCOMBO,FALSE,8,9329,866739,759118.94,4010.62
KXNETFLIXRANKMOVIEGLOBAL,FALSE,146,15048,865634,178042.77,3518.09
KXNGUARDCITY,FALSE,261,13451,865556,450553.7,10691.85
KXNFLMOSTRSHYDS,TRUE,12,8734,865163,180298.58,6701.24
KXDSENATESEATS,FALSE,142,4458,862766,105053.93,6110.45
KXRTJWBALLERINA,FALSE,46,4695,862626,334061.76,7536.73
KXSECCHAIR,FALSE,95,3652,861996,368888.08,7088.74
KXENDORSEMAM,FALSE,128,7511,861775,428573.12,8632.2
KXEARNINGSMENTIONTGT,FALSE,13,11898,861722,334546.35,6621.92
KXHOUSEEPSTEIN,FALSE,6,5602,859885,293876.64,2548
KXDEMVASWEEP,FALSE,32,4859,858232,451941.51,11584.11
KXRAINNOSB,FALSE,10,6232,857668,741374.8,5668.95
KXACQANNOUNCEEBAY,FALSE,11,5370,855601,198978.3,10574.6
KXBORDERBILL,FALSE,76,7095,852101,246796.43,7478.08
KXATPMAD,TRUE,8,5688,848228,476080.86,10432.46
KXNFLNONQBPASS,TRUE,11,13870,847714,288484.93,13000.87
KXBIDENMENTION,FALSE,8,13200,847196,374003.53,5720.38
KXSP500ADDQ,FALSE,150,19223,842487,214169.88,6743.04
KXSECENERGY,FALSE,69,3914,841124,287938.63,8595.83
KXFISAEXTEND,FALSE,50,6947,840876,616111.56,7011.47
KXUNMENTION,FALSE,5,11742,840781,264402.22,4112.49
KXTRUMPIRAN,FALSE,75,5492,840665,31006.52,2015.45
KXNASCAR,TRUE,56,7245,839790,159578.72,7393.03
KXTOPARTISTTHIRD,FALSE,126,3566,839633,354217.6,5264.15
KXINXMINY,FALSE,305,11457,839285,401516.98,5629.74
KXMARRIAGESWIFTKELCE,FALSE,291,12567,838355,399384.73,7379.07
KXRTTHEAMATEUR,FALSE,43,9140,838303,324670.45,7955.6
KXSPOTIFYBILLIONS,FALSE,192,7634,836574,186557.05,2657.23
PAYROLLS,FALSE,233,3466,836030,433055.38,10205.02
KXSPACEXBANKPUBLIC,FALSE,150,9753,835748,611210.56,8345.82
FBUSTER,FALSE,209,1419,835731,724944.18,3699.93
KXRTNAKEDGUN,FALSE,33,6087,831178,319965.55,6048.87
KXCOPADELREYADVANCE,TRUE,16,11674,831128,358085,9153.69
KXNFL1QTOTAL,TRUE,18,9350,829289,346456.18,10168.17
KXRTSONIC3,FALSE,13,3940,828883,476020.44,7155.56
KXRTWEAPONS,FALSE,40,6300,827996,321050.59,5333.34
KXSILVERD,FALSE,47,40585,827597,475761.05,9192.15
KXOSCARSOUND,FALSE,184,14148,824579,282590.96,6664.11
KXQUADRUPLEDOUBLE,TRUE,184,5810,820594,51354.14,3341.23
KXLEBRONMENTION,FALSE,2,6960,819179,416525.26,6917.71
KXNBAMENTION-ALLSTARGAME,TRUE,1,13778,817516,221028.05,5575.26
KXRTDENOFTHIEVES,FALSE,32,5435,816513,419713.98,8739.92
INXZ,FALSE,174,19486,815097,424482.64,11427.63
KXDJTFLAK,FALSE,53,2225,814184,194521.36,6236.46
KXMLBNLEAST,TRUE,303,5463,809810,284560.17,10008.91
KXFEDERALCHARGE,FALSE,163,15384,808295,281863.8,9848.49
KXPGAMASTERS,TRUE,17,4603,807770,83172.28,2627.08
KXRTFLIGHTRISK,FALSE,32,5053,806207,332439.48,7292.43
KXNCAAMBSBELT,TRUE,8,6534,805937,319964.21,7706.06
KXRTWAROFTHEROHIRRIM,FALSE,32,3488,801419,298257.74,7465.59
KXSOLMAXMON-SOL,FALSE,95,9661,797596,199593.8,7396.39
KXUSTURNOUT,FALSE,41,2727,795532,561411.76,3096.81
KXMARMADSEEDROUND,TRUE,22,6527,793434,362341.98,8169.64
KXBOND,FALSE,392,12487,793186,190105.42,8375.37
KXRAINMIAM,FALSE,181,12540,791772,328988.74,6052.01
KXRTHEARTEYES,FALSE,32,5294,791130,352227.92,6616.72
KXSECAGRO,FALSE,71,3611,789351,181742.33,5490.1
KXSPEAKERVOTE,FALSE,1,2014,786547,248861.68,3919.16
KXGOVGANOMD,FALSE,240,8474,785622,252961.79,5834.74
KXFACUP,TRUE,277,9242,782271,253188.5,7818.87
KXSTATEDEEPKH,FALSE,55,4470,779468,120677.05,6505.62
KXDJTHANNITY,FALSE,4,12469,778773,394622.42,7122.93
ADAMS,FALSE,172,11644,778453,133608.29,6945.19
KXOSCARCASTING,FALSE,52,10948,778287,279359.26,6289.46
KXHMONTHRANGE,FALSE,545,13635,777451,240428.61,6959.15
KXMRBEAST100M,FALSE,72,6400,775370,145871.14,6647.31
KXKIRKMENTION,FALSE,26,9030,773967,143221.74,3379.59
KXTRUMPUFC322,FALSE,19,3391,773160,59076.17,3296.59
KXNBACELEBRITY3PT,TRUE,3,5056,773025,231674.2,3664.93
KXCLOSEST2025,FALSE,66,3289,772971,311352.62,4304.02
KXEARNINGSMENTIONINTC,FALSE,52,15016,772960,382308.63,5541.76
KXTOPALBUMTHEROMANTIC,FALSE,60,12009,771203,706863.02,3567.27
OAIAGI,FALSE,671,6209,770796,180851.26,8285
KXTALARICOMENTION,FALSE,17,9843,770487,169622.31,3110.78
KXBRASILEIROSPREAD,TRUE,62,12518,766659,189851.76,5303.02
KXBOXINGROUNDS,TRUE,8,6427,766371,284758.16,9558.49
KXNFLDRAFTCAT,TRUE,5,15411,764790,401528.43,7128.36
KXBOLPDIVGAME,TRUE,23,13010,762388,293258.12,6113.82
KX14AMENDCASE,FALSE,366,6753,760858,84273.6,5031.56
KXSERIEA1H,TRUE,53,13335,755968,323836.84,9311.59
KXNEWTARIFFS,FALSE,90,10238,755376,559455.6,4960.22
KXHORMUZTRAFFIC,FALSE,28,13689,755086,263867.07,6071.45
KXNFLDSTTD,TRUE,11,13702,754104,226102.04,10684.06
VAROMIC,FALSE,119,5011,753618,535130.86,6535.5
KXBARRMENTION,FALSE,8,12109,753318,209877.89,3255.65
KXMISSIONIMPOSSIBLE,FALSE,60,5848,753022,172992.59,4975.59
KXMAMDANINYC,FALSE,54,7068,752438,294843.43,8167.12
KXFACUPADVANCE,TRUE,28,9409,750547,414643.08,8909.17
KXMLBPLAYOFFS,TRUE,229,14733,749165,312218.01,9545.12
KXGRAMBRA,FALSE,171,9494,748014,226918.86,6585.04
KXRTHOWTOTRAINYOURDRAGON,FALSE,46,5233,746546,264933.01,6806.43
KXNFLTEAM1POS,TRUE,23,23447,746347,242134.62,5787.16
KXMOVNJ11SPECIAL,FALSE,66,5991,742548,154766.1,2712.4
KXTNOTEW,FALSE,164,5701,742545,228318.91,6556.25
OSCARNOMPIC,FALSE,310,6792,741628,334480.3,8152.69
KXFEDMEET,FALSE,461,6374,739128,90755.46,5063.26
SNOWNYM,FALSE,342,9212,738424,330211.61,6619.93
KXNATGASD,FALSE,42,40469,737653,336898.42,8232.5
KXTARIFFSNEW,FALSE,76,11829,736368,86806.46,4896.59
KXTOPSONGSPOTIFYUSA,FALSE,223,5540,733687,325046.46,2579.92
KXFEATUREJCOLE,FALSE,25,19262,732881,253821.2,3794.21
CASE7D,FALSE,148,8561,731886,415408.32,7099.45
KXNBA1STTEAM,TRUE,48,4659,731570,377398.41,7948.56
PRESPARTYOH,FALSE,59,2274,731026,282157.85,2883.58
OSCARPIC,FALSE,255,4698,730440,183565.48,3811.42
KXRTREDONE,FALSE,26,4506,730396,230084.31,6759.96
KXVOTESHUTDOWNS,FALSE,133,3868,727730,279025.28,5090.53
KXTATUMRETURN,FALSE,22,5569,726892,507208.04,5774.49
KXVOTECHAVEZDEREMER,FALSE,18,10086,724223,359878.39,6009.4
KXNBASERIESSPREAD,TRUE,31,4644,724088,301081.54,8414.1
KXCARNEYMENTION,FALSE,12,12572,722638,186926.88,3387.65
KXNHLSERIESSCORE,TRUE,31,14809,721323,168033.63,7874.28
FRM,FALSE,706,14170,720835,366703.94,6796.2
KXHEARINGMENTION,FALSE,8,16450,718482,261445.39,2911.07
KXMLBNLWEST,TRUE,314,5161,715909,233247.74,4352.18
KXBOXINGKNOCKOUT,TRUE,7,4715,714676,460656.86,8440.88
KXUSDJPYH,FALSE,74,6871,713567,293422.99,5118.99
KXMLBALROTY,TRUE,185,6686,712739,130493.03,5379.28
KXACASUBSIDYBILL,FALSE,110,5434,712598,311816.64,5360.77
KXTEAMSINSC,TRUE,161,7831,712002,119805.6,5691.47
KXRTTHUNDERBOLTS,FALSE,45,5553,711628,318430.18,5059.64
KXNEXTCOACHOUTNFL,TRUE,88,10837,710102,155314.45,4884.77
KXNCAAMBNEC,TRUE,9,4710,707139,381430.7,7476.28
KXOSCARCOSTUME,FALSE,273,8613,706564,200390.1,3388.88
KXMLSBTTS,TRUE,69,14764,705936,448916.15,9577.04
KXEARNINGSMENTIONUBER,FALSE,112,10812,705728,340563.4,4300.34
KXPGAWINNINGSCORE,TRUE,12,13681,702382,170319.67,7093.42
KXCODMAP,TRUE,25,13954,699914,388798.64,7513.15
KXMIASNOWM,FALSE,125,2370,698697,10571.71,735.19
KXNCAALAXFINAL,TRUE,103,7091,698294,67441.73,3988.14
KXRTSINNERS,FALSE,46,6464,697124,353571.34,4894.72
KXTIPTAX,FALSE,253,10335,696353,531918.03,7978.37
KXARKCOACH,TRUE,35,4027,695762,245522.82,7235.03
KXETHATH,FALSE,101,2992,695053,280347.98,7024.02
KXMAMDANISWEARING,FALSE,57,8286,694097,295960.95,4772.52
GOVPARTYCA,FALSE,228,7349,691619,224301.52,5595.64
KXSECREG,FALSE,128,9300,690085,104630.95,4134.62
KXALBUMDEBUT,FALSE,101,9363,690033,272902.69,2496.91
KXRTONEBATTLEAFTERANOTHER,FALSE,45,4304,689444,250933.29,3190.86
KXWBCHR,FALSE,3,9802,688301,138024.45,6709.5
KXTNOTED,FALSE,211,8952,687838,163024.56,5812.49
KXNHLAST,TRUE,130,15495,687764,300887.33,4475.54
KXCROCKETTMENTION,FALSE,14,6960,687277,99065.52,1742.46
KXSHLGAME,TRUE,102,19377,686865,333661.33,5289.31
KXPGAPLAYOFF,TRUE,74,10014,686821,179103.71,7749.7
KXUEL,TRUE,187,7123,685236,205438.42,7158.84
KXEARNINGSMENTIONUAL,FALSE,33,9563,684998,210949.71,3780.22
KXGRAMBPDGP,FALSE,136,7363,683703,172328.39,4155.55
PRESPARTYHI,FALSE,51,1789,682579,169230.18,1472.96
KXAPPLEMENTION,FALSE,9,8700,682509,283533.35,5433.27
KXTALARICOPRIMARYCOUNTIES,FALSE,26,3103,682378,73705.89,2545.33
KXLEAVEPOWELLGOV,FALSE,221,7927,681308,373967.81,9814.07
KXCRYPTOSUMMIT,FALSE,3,8106,680486,265018.72,6394.52
KXRTLILOANDSTITCH,FALSE,46,5533,679813,251116.67,5619.42
KXJFKFILES,FALSE,89,4887,676971,634679.96,2506.85
KXEFLCHAMPIONSHIPTOTAL,TRUE,17,8416,676160,297418.77,7821.64
KXNBAPTSLEADER,TRUE,27,7112,672909,142363.17,5852.85
KXUBERTRIPS,FALSE,140,12813,672813,119465.35,3008.47
KXCFBMENTION,TRUE,8,11823,672421,431222.16,4142.99
KXNBAMENTION-KXNBACELEBRITYGAME,TRUE,1,9198,671888,238446.52,3003.68
KXEXPELSWALWELLVOTES,FALSE,31,2213,671559,15117.12,985.59
KXVENEZUELALEADER2,FALSE,123,5617,670211,260797.46,5720.03
KXRTFNAF2,FALSE,27,4525,670038,105245.9,2912.25
RAINNYC,FALSE,323,18259,668838,323150.92,4785.32
KXPGARYDERCUPD2,TRUE,2,1161,667965,386014.89,7424.77
KXRANKLISTIGN,FALSE,58,5939,667430,209080.54,4232.51
PRESPARTYAK,FALSE,64,2049,667046,406164.04,2219.28
KXRAINCHIM,FALSE,190,10671,666458,277189.41,5554.92
KXSPOTIFYSONGRELEASETS,FALSE,54,7697,666378,76287.66,4145.2
KXRTANACONDA,FALSE,40,4226,665770,259874.58,5687
KXRUGBYNRLMATCH,TRUE,84,12299,663936,366239.06,5873.82
KXGTA6ONTIME,FALSE,370,6040,663584,60664.03,2187.84
KXSECLABOR,FALSE,96,1971,661551,521329.19,3360.07
KXLOWTATL,FALSE,43,21606,661447,220392.86,2512.44
KXJULYCHARTER26,FALSE,27,5988,661389,645074.56,1128.86
KXBILLBOARDRUNNERUPALBUM,FALSE,277,9108,660301,185633.91,3344.92
KXMUSKWEALTH,FALSE,417,6311,659750,505104.83,5246
KXSBVIEWER,FALSE,12,12737,659062,374725.05,6299.47
KXNEXTUKPM,FALSE,288,4478,658735,86478.31,4953.92
KXUSAEXPANDTERRITORY,FALSE,128,8264,658000,107708.51,5209.68
KXTARIFFREFUND,FALSE,256,7177,657652,362213.44,6948.2
KXGOVTSPEND,FALSE,310,6137,656603,328182.09,5377.52
VAXX,FALSE,273,8640,655896,291110.53,5780.5
DEFAULT,FALSE,295,1704,655856,39956.98,2535.71
KXDJTCPAC,FALSE,3,4529,653576,249825.25,3075.11
KXPREEMPT,FALSE,40,7702,652115,366063.9,10253.81
RATEHIKE,FALSE,216,2928,650200,180230.45,2671.28
KXLAXSNOWM,FALSE,119,2233,649519,10621.89,740.3
KXROMANIAMOV,FALSE,9,2245,648464,131275.77,5250.66
KXMAMDANIBOROUGHS,FALSE,112,5419,648373,409324.19,4017.12
KXSIXNATIONSMATCH,TRUE,37,10395,647731,287803.46,6393.57
KXWBCROUND,TRUE,19,8257,647387,282340.29,8672.61
KXCOACHOUTOLEMISS,TRUE,13,4154,647207,268377.01,5692.08
KXCOPADELREYSPREAD,TRUE,7,10620,644883,249150.36,7818.65
KXEARNINGSMENTIONWMT,FALSE,34,11467,644517,266938.39,4874.52
KXRT28YEARSLATER,FALSE,35,3629,642997,271670.56,5587.77
KXNCAAMBNAISMITH,TRUE,159,5470,642966,177387.61,2824.21
KXGOVTFUNDSVOTES,FALSE,17,5489,640883,103763.46,3913.68
KXNEWOUTBREAKHANTA,FALSE,9,6696,638869,128350.67,7103.57
KXETHMINMON-ETH,FALSE,58,4190,635768,196529.67,6180.78
KXMEDIARELEASEJIMMYKIMMEL,FALSE,8,4979,635257,373570.11,5823.82
KXEMMYDACTO,FALSE,116,3368,634788,249084.07,4265.05
KXU3MAX,FALSE,207,7046,634032,163574.27,7610.08
KXEARNINGSMENTIONDIS,FALSE,52,9243,633828,225532.91,3483.88
KXSAGAWARDENSEMBLE,FALSE,140,9985,633233,182231.59,6307.95
KXBONGINOMENTION,FALSE,9,6622,632277,145257.76,1809.02
KXNCAAMBMEAC,TRUE,10,4876,629569,257348.14,3350.68
KXHOOD,FALSE,23,2452,629467,61184.85,2099.5
KXDJTFRENCHREP,FALSE,1,4357,628428,335651.41,3905.21
KXNYSECIRCUIT,FALSE,427,5322,628426,75580.7,4121.65
KXBILLBOARDRUNNERUPSONG,FALSE,305,9914,626878,202448.76,4066.69
KXR6MAP,TRUE,29,9037,626640,327701.41,4658.49
KXPGAMAJORWIN,TRUE,145,8185,625766,154488.21,6412.17
KXXRPMAXMON-XRP,FALSE,87,10168,623453,155521.7,6332.64
KXEARNINGSMENTIONAVGO,FALSE,15,6517,622743,292143.17,3042.81
KXBRENTMON,FALSE,42,18482,620625,288455.06,8566.62
KXALTMANMENTION,FALSE,20,8554,620444,167429.62,3668.44
KXSPOTIFYARTISTD,FALSE,368,12221,619174,299687.69,3538.86
KXTBPNMENTION,FALSE,13,7103,618961,193500.54,2299.04
KXNCAAMBPAT,TRUE,10,4663,614961,308744.78,7643.26
KXNFLLEADCHANGE,TRUE,12,5085,614315,67743.33,3636.55
KXNEWROLEX,FALSE,286,8280,612411,36013.02,2258.33
KXEARNINGSMENTIONMETA,FALSE,107,12340,611391,306004.52,4302.6
KXPGABOGEYFREE,TRUE,6,5067,610604,94888.02,3620.04
KXEARNINGSMENTIONHD,FALSE,12,8919,610015,199307.09,4708.35
KXATPGSPREAD,TRUE,17,5322,605597,312960.33,8644.53
KXPRESCHILER1,FALSE,63,2122,605575,287437.13,2069.41
KXBTC2026250,FALSE,201,2733,605541,41983.55,2713.03
KXDARTSMATCH,TRUE,71,9056,605345,325731.54,5193.2
KXOSCARSCORE,FALSE,100,5893,603166,203041.48,2131.43
KXVANCE,FALSE,71,4725,599534,166496.03,5822.57
KXSPANBERGERMENTION,FALSE,3,7273,598939,119302.47,1956.86
KXSAGAWARDACTO,FALSE,124,12790,597925,232885.77,4878.39
KXRTTHESMASHINGMACHINE,FALSE,35,5374,597882,176855.67,3513.54
PRESPARTYCO,FALSE,55,1818,597686,245400.33,1658.44
RECSS,FALSE,301,3886,597086,400898.19,3383.85
KXNBAWINS-LAL,TRUE,178,5190,596714,150929.51,4040.61
PRESPARTYIL,FALSE,58,2089,596451,179564.3,1334
KXRTF1,FALSE,36,4635,596236,178751.78,3299.59
KXUSACOMPANYSTAKE,FALSE,155,10211,596225,122284.98,5841.73
KXRTTHEWOMANINTHEYARD,FALSE,40,4741,595927,249780.03,5930.91
KXTEXASGOP1ROUND,FALSE,50,2007,595133,86322.53,4692.7
KXEARNINGSMENTIONNKE,FALSE,38,8192,594074,259472.78,3423.78
KXVACCINERECS,FALSE,372,9689,591323,118355.1,5186.78
KXAFCONADVANCE,TRUE,12,6703,591097,341507.2,6820.91
KXSNPMAJORITY,FALSE,54,499,590652,28362.64,569.94
KXNBAPREPACK2ML,TRUE,4,1659,589142,168174.47,7163.69
CASESURGE,FALSE,277,3555,587788,149498.61,6188.04
KXNEXTNBACOACH,TRUE,32,3609,587170,101823.18,2210.63
KXEARNINGSMENTIONFDX,FALSE,41,8989,586594,247057.44,4541.08
KXNCAAMBOV,TRUE,7,2502,585974,203391.51,6619.82
KXMARALAGO,FALSE,434,8969,585593,342340.29,3844.2
KXNEWOUTBREAK,FALSE,362,6283,584470,74601.01,4390.84
KXGRAMBPS,FALSE,158,6426,584011,267875.77,2844.44
KXPGAR1TOP10,TRUE,34,7262,583056,201625.64,7443.62
KXGTAPRICE,FALSE,443,12954,582199,221706.95,7242.31
KXPRIMARYMOV,FALSE,44,5756,581682,63227.83,3051.76
KXTOP10BILLBOARDSPOTSBB,FALSE,34,4443,581250,79894.17,1729.75
KXSPOTIFYSONGSTFOO,FALSE,33,4178,581001,278134.64,2994.52
KXTEMPNYCH,FALSE,52,34462,579572,318482.78,3995.81
KXSTATEFLIPKH,FALSE,63,5402,579461,162028.95,6940.34
KXDJTCONF,FALSE,6,7839,579327,314871.02,4124
KXPHILIPRIVERSNFL,FALSE,7,3931,579024,497540.12,4477.11
KXRAINDALM,FALSE,179,8912,577388,247535.16,4752.92
KXCANADAPARTY,FALSE,166,3668,576147,318425,5674.86
KXTOPALBUMSTYLES,FALSE,60,4170,575394,559285.5,1061.62
KXEARNINGSMENTIONJPM,FALSE,46,10043,575234,262067.24,3988.91
KXWTAFINALS,TRUE,6,3127,575173,226432.47,7641.26
KXTRUMPTIME,FALSE,32,4414,574863,101404.04,1814.99
KXVISITVENEZUELA,FALSE,119,7651,573079,164881.19,5721.11
KXMAXWELLPARDON,FALSE,24,1320,573024,13392.37,917.99
KXCOVVC,FALSE,321,11456,572790,56185.56,3425.47
KXRTSEVERANCES2,FALSE,16,3087,572639,128883.62,3397
KXRAINSEAM,FALSE,177,8652,571864,288429.05,4820.29
KXWTAMAD,TRUE,8,4324,571367,314622.77,6080.68
KXCPICOMBO,FALSE,78,6453,570825,186889.14,6065.63
KXTRUMPCOUNTRIES,FALSE,164,11755,569982,348808.54,5689.36
KXUCLFINALIST,TRUE,150,7356,567318,241791.33,7573.81
KXLEAVITTMENTIONDURATION,FALSE,29,5848,566991,153450.56,1887.21
DEBATE,FALSE,3,9941,566815,328251.88,6271.93
KXPFAPOY,TRUE,235,8282,564147,182066.72,6899.71
KXEARNINGSMENTIONPYPL,FALSE,47,7416,563225,190518.12,3217.11
KXARTISTSTREAMSU,FALSE,37,16094,562937,358993.74,2913.32
WTIW,FALSE,422,9754,562443,137756.96,5481.22
KXASIACUPCRICKET,TRUE,23,6962,562298,288827.63,4867.69
KXDIAZOUT,FALSE,132,8300,560634,141247.16,6207.52
KXNYCFINALMARGIN,FALSE,57,4839,559622,206823.38,5114.95
KXUSDBRLMAX,FALSE,97,713,558633,144711.01,5029.74
KXTWITCHSUBSKAICENAT,FALSE,64,4841,558437,445915.21,5560.09
KXBOSSNOWM,FALSE,121,10087,558388,277739.07,5688.74
KXEARNINGSMENTIONKO,FALSE,33,11250,557673,183421.18,3747.96
KXECONSTATCPICORE,FALSE,127,2462,557527,156654,5067.98
KXSECHUD,FALSE,66,2875,557495,156730.6,5675.16
KXAFDPERCENT,FALSE,64,4121,555637,154270.56,4164.43
MOON,FALSE,937,9492,555197,50970.2,3101.51
KXSECCOM,FALSE,77,1682,554923,284362.2,4396.66
KXHURCTOTMAJ,FALSE,246,4215,554055,336961,5599.61
KXDALSNOWM,FALSE,126,9792,553130,243226.42,4598.65
KXVOTEFUNDING,FALSE,35,5680,552471,299612.09,2866.77
KXNYSEOPEN,FALSE,2,680,552441,540442.69,786.54
KXRTFDBLOODLINES,FALSE,46,4185,549012,380460.85,4451.01
KXVLADTENEVMENTION,FALSE,25,8739,548581,202890.17,3616.71
KXCOACHONDATE,TRUE,22,4217,545794,308422.2,6413.82
KXLIGUE1BTTS,TRUE,105,8679,545651,326638.47,7377.62
KXLOVEISBLINDMARRIAGE,FALSE,35,10142,545148,151217.78,3243.52
PRESPARTYNE2,FALSE,52,1231,544827,242322.77,2925.65
KXBTCMAXW,FALSE,9,3277,542090,411685.48,2762.67
KXUCLGOAL,TRUE,23,7079,541816,201244.92,6372.94
KXEREDIVISIETOTAL,TRUE,13,6821,540108,224843.65,5998.71
KXNFL2HWINNER,TRUE,7,5139,539808,236484.7,7122.11
KXSWINGSWEEP24,FALSE,43,2416,538948,314212.1,5031.48
KXLIIGAGAME,TRUE,77,16468,538553,282707.15,4429.47
KXMEDIACONSUMPTIONTSWIFT,FALSE,9,5358,537620,286848.58,4797.79
KXEARNINGSMENTIONHOOD,FALSE,65,10697,536632,294270.73,4188.67
KXRTTRONARES,FALSE,46,6483,536555,237090.99,3675.44
KXHURCTOT,FALSE,253,4581,536431,135111.5,2863.03
KXFDA,FALSE,90,2794,536389,106550.4,4499.89
KXJAN6PARDON,FALSE,41,5171,535646,406099.34,5938.41
KXNBAMENTION-KXNBARISINGSTARS,TRUE,2,4116,534122,97717.72,1284.04
SENATEMD,FALSE,100,1581,533541,215401.46,2080.98
KXNFCAFCSB,TRUE,163,12541,533541,275692.48,8148.54
KXTOPALBUMBYTAYLORSWIFT,FALSE,107,4559,533239,512345.12,1315.05
KXTARIFFDECISIONRELEASE,FALSE,42,7518,533040,183132.4,4885.58
RAINSEA,FALSE,349,19510,532588,248875.84,5145.22
KXTEAMSINNBAWF,TRUE,37,5230,532375,152954.95,3505.91
KXRTBLACKPHONE2,FALSE,29,5092,532357,203791.96,3400.21
KXBTCMINMON,FALSE,32,5378,531618,83618.52,3855.58
KXEMERCUTS,FALSE,406,4202,531501,225189.02,3421.85
KXNBATOP5ROTY,TRUE,79,250,527567,521650.61,406.47
KXCANAL,FALSE,459,9010,527544,183847.78,8192.79
KXACOOPERMENTION,FALSE,11,4171,526203,91554.45,2277.64
KXGLASERMENTION,FALSE,4,13617,526157,203180.49,5801.39
KXEARNINGSMENTIONGS,FALSE,38,7236,524957,226093.52,3043.28
KXEURUSDH,FALSE,72,8030,524850,227964.61,3712.96
KX2028DRUN,FALSE,387,9221,523473,244224.18,7513.47
KXNBASHOOTINGSTARS,TRUE,2,5125,522546,201711.27,6879.85
KXHUNGARYPARLIPARTY,FALSE,70,2372,522239,278794.29,5674.3
KXSENATEREC,FALSE,11,1849,519280,86234.03,1845.87
KXLEAVEBONDI,FALSE,176,4854,518300,93991.62,5136.76
KXNFL2PTCONV,TRUE,11,7335,518138,105152.52,5632.47
KXRTCONJURING,FALSE,32,4583,517976,179867.52,3919.91
KXWNBADELAY,TRUE,77,5513,516672,21456.59,1281.73
KXDETSNOWM,FALSE,122,7417,516319,233958.67,5369.11
KXRANKLISTSONGSPOTGLOBAL,FALSE,76,9680,513290,170256.28,3941.29
KXEARNINGSMENTIONORCL,FALSE,58,7803,512681,271180.07,3852.24
KXRECNCH,FALSE,160,3866,510899,218308.95,5103.06
KXCAVA,FALSE,27,3872,509455,128978.31,3473.85
KXWOSTRACK,TRUE,9,4530,509401,131537.92,2911.38
KXTARIFFRATEPRC,FALSE,261,7323,508697,134570.51,4201.59
KXWO-SILVER,TRUE,34,6070,508663,173266.67,3797.04
KXPERUPRESMATCHUP,FALSE,34,4040,506299,96108.61,3194.51
KXRTNIGHTBITCH,FALSE,37,1977,506034,177314.01,4181.24
KXPGAEAGLE,TRUE,9,5855,505764,170175.51,4415.24
KXNFLDRAFTQB,TRUE,31,11647,505397,168064.86,3523.59
OIL,FALSE,173,5163,504874,145955.24,4154.9
KXALEAGUESPREAD,TRUE,50,7284,504576,131682.9,4215.99
KXRTM3GAN2,FALSE,36,3829,504351,239936,4281.75
KXPGAR1TOP5,TRUE,35,5401,504263,126643.28,4989.39
KXALBUMTRACKSBRUNO,FALSE,51,10131,502917,68075.59,2339.94
KXRTPREDATORBADLANDS,FALSE,42,4675,502090,190927.67,3387.56
KXGGFILMSUPACTR,FALSE,134,5650,501538,140887.48,5001.34
KXPICKLEBALL,TRUE,22,4695,501355,146808.39,3542.41
KXSLCSNOWM,FALSE,125,5463,501346,240687.72,4474.01
KXTESLAPROD,FALSE,368,6388,500386,238956.21,5639.85
KXOSCARAS,FALSE,91,9177,499857,148772.85,5403.58
KXSENATEMID,FALSE,325,6663,499070,172422.25,7046.67
KXEARNINGSMENTIONMU,FALSE,16,5087,499022,194412.12,3915.48
KXNEPALHOUSE,FALSE,59,4560,497799,219826.77,2099.93
KXMNDAYCARECHARGE,FALSE,130,8073,496829,175629.26,5206.88
KXNBERRECESSQ,FALSE,357,3479,496786,47146.2,2808.28
KXWO-BRONZE,TRUE,34,4867,496303,152245.64,4992.34
KXPGATOP40,TRUE,10,5515,496187,201839.35,5833.37
KXGOLDW,FALSE,65,18585,495710,209502.83,4938.75
KXGGDRAMAFILMACTO,FALSE,135,7514,495352,148631.63,4388.92
TESLACEOCHANGE,FALSE,663,4841,493957,56759.37,3380.02
KXEARNINGSMENTIONDELL,FALSE,50,10575,493701,192258.46,5001.19
KXOSCARVIS,FALSE,176,6332,493431,154428.32,1722.24
KXSPOTIFYALBUMRELEASE,FALSE,263,6413,493044,93560.58,3428.01
KXCOPADOBRASILTOTAL,TRUE,5,6239,492935,222470.12,5553.47
KXSAVEAMERICACLOTURE,FALSE,52,3151,492502,28835.68,1333.79
KXGREENDAYMENTION,FALSE,11,17898,492397,197722.31,6736.33
KXSPRLVL,FALSE,34,4402,491840,258040.01,2952.48
KXBLUEWALL,FALSE,42,4144,490709,353078.68,5480.88
KXCANADAELECT,FALSE,80,10308,490339,362004.6,5873.65
KXRTHAPPYGILMORE2,FALSE,36,6594,490092,240828.71,5203.19
TOPSONG,FALSE,415,6723,488273,196497.82,3250.68
KXBUNDESLIGA1H,TRUE,52,11319,488193,238061.84,6038.95
KXMLBWSMVP,TRUE,12,3093,487594,110087.24,3027.94
KXNASCARTOP3,TRUE,66,7268,486866,99634.48,4217.85
KXNFLLARGELEAD,TRUE,12,6042,486134,90261.51,4407.77
KXARGENTINAPARTY,FALSE,159,2413,485746,287427.41,2772.89
KXRTACOMPLETEUNKNOWN,FALSE,32,2103,485279,207362.11,3857.13
KXNCAAMBIGTEN,TRUE,33,4443,484785,140344.17,5159.55
KXWALTZRESIGN,FALSE,39,3958,483987,66279.39,3853.16
KXRTACCOUNTANT2,FALSE,46,6073,482364,218665.61,5198.4
KXNETFLIXRANKMOVIEGLOBAL2,FALSE,136,9308,481398,138148.86,2648.07
KXEARNINGSMENTIONCMG,FALSE,59,6561,480335,236757.87,3311.52
KXRANKLISTAIWFCIS,FALSE,15,2354,479999,119531.5,3255.13
KXEARNINGSMENTIONWFC,FALSE,22,6030,478270,113483.86,1991.22
KXLOWTOKC,FALSE,43,20920,477725,141036.46,2431.44
KXTXSENATEGOPTURNOUT,FALSE,42,3410,477482,125762.98,2580.53
KXNBARETURN,TRUE,25,5296,476976,132611.52,3228.78
KXLOVEISBLINDENGAGEMENT,FALSE,35,9127,475092,120857.98,3085.35
KXUSELECTIONTEXAS18,FALSE,102,1507,473839,52922.11,466.91
KXLEADERNBA3PT,FALSE,133,5831,471790,170878.02,3131.9
KXLYFT,FALSE,32,2687,470591,112988.07,1796.47
KXFIFASPREAD,TRUE,8,7294,469844,151025.46,5867.38
KXBBCHARTPOSITIONALBUM,FALSE,24,3567,468979,52030.31,958.69
KXROLEATEVENTLOLLA,FALSE,144,11695,468590,94888.64,3371.31
KXMAG7DONATES,FALSE,32,5277,468156,353594.34,4098.94
KXFL6MOV,FALSE,13,2398,467362,72935.02,2819.49
KXMARMAD1SEED,TRUE,41,4565,467046,147832.04,3359.66
KXVISITIRAN,FALSE,75,6530,467028,40690.56,2477.04
KXLEAVITTLATE,FALSE,27,5691,467014,179521.92,1831.72
KXAAPLCEOCHANGE,FALSE,275,4755,466668,97860.93,2657.89
KXTOPALBUMRECORDTLOASG,FALSE,112,4995,465569,119928.12,3203.31
KXRTNOBODY2,FALSE,43,4778,464838,256739.04,4390.77
KXPM,FALSE,37,3404,464547,61305.13,2839.45
KXLBJRETIRE,TRUE,288,5911,462452,148023.63,6807.5
KXPAULMENTION,FALSE,5,6063,461322,41430.86,1480.25
KXTVSHOWSCANCELLED,FALSE,219,6582,461316,148931.02,5071.07
KXMLBWINS,TRUE,32,6274,461007,217294.65,6407.68
KXWL,FALSE,3,10410,460701,183789.8,4138.72
KXRECESSAPPT,FALSE,159,2767,459768,47344.49,2764.46
KXDHOUSESEATS,FALSE,130,4867,458582,47387.49,2850.04
KXWTAMIA,TRUE,7,4016,458161,251839.87,4365.06
KXOSCARWIN,FALSE,83,10122,457629,115043.88,4470.9
KXTRUMPREMOVE,FALSE,475,7933,457336,100110.5,5463.39
KXTXSENATETURNOUTGOPMINUSDEM,FALSE,28,3597,456923,398268.92,2867.64
KXNFLDRAFTWR,TRUE,32,8952,455596,167112.26,5349.52
KXMUSKTRILLION,FALSE,326,10594,455486,269530.2,5730.52
KXEMMYCACTO,FALSE,123,2407,454280,182519.14,2826.75
KXNE2D,FALSE,79,4637,453568,205137.31,3431.86
KXEMPLOYMENTCOMBO,FALSE,44,4702,453081,62687.15,3558.75
TESLA,FALSE,308,3256,452265,209008.23,4700.85
KXEARNINGSMENTIONKR,FALSE,14,7576,449524,186830.06,3146.19
KXZAKARIAMENTION,FALSE,23,5910,448737,174470.91,3191.44
KXSAGAWARDACTR,FALSE,125,7209,448435,168472.3,3371.96
KXNFLCOMEBACK,TRUE,11,3005,447935,43440.24,2592.29
KXACCREG,FALSE,128,3761,447480,110676.47,2794.36
KXTOP10BILLBOARDSPOTSJC,FALSE,20,2545,447111,125453.66,793.21
GOVSHUTLENGTH,FALSE,368,4265,447038,140286.21,4953.31
KXOSCARMAH,FALSE,158,5657,446222,158403.75,1752.04
KXGOVMNNOMD,FALSE,125,4010,446122,142999.42,2667.65
KXMARMADSEEDSUM,TRUE,22,3708,446026,106020.03,4649.77
KXECONPATH,FALSE,263,3948,445928,117178.34,1525.34
KXSUPERBOWLWHITEHOUSE,FALSE,97,11497,444845,308225.08,6401.49
KXRATECUTE,FALSE,4,1764,443416,397319.52,2593.64
KXWMARMADROUND,TRUE,61,5004,443226,216042.72,4068.43
KXTOPARTISTUSA,FALSE,171,9726,441221,109264.92,3282.01
KXBIGEASTREG,FALSE,134,5953,440585,183123.57,5260.49
KXLIGUE11H,TRUE,47,8564,440492,184182.1,5067.19
KXCRYPTOPERFORMY,FALSE,320,5100,440372,142309.93,3518
H5N1CASES,FALSE,181,3812,439780,194778.57,4414.21
KXRTELIO,FALSE,14,2430,439003,158276.19,3525.57
KXOSCARLASF,FALSE,50,6894,438872,110675.86,3350.27
KXCOPADELREYTOTAL,TRUE,7,6336,438392,234967.69,5744.97
KXDWTSMENTION,FALSE,6,4238,437742,186676.01,1416.49
KXLOUVRETHIEVESCHARGE,FALSE,11,3774,437542,262152.17,5236.22
KX538APPROVE,FALSE,81,11832,436905,117848.16,3127.34
KXMAXWELLTESTIFY,FALSE,165,5101,436470,102130.8,4856.8
KXTOPALBUMRECORDGNXS,FALSE,18,1680,436323,80978.12,3020.27
KXRTHIM,FALSE,41,4628,436022,140194.63,2874.79
KXTRUMPBULLCASECOMBO,FALSE,146,7408,435732,47165.05,2964.02
KXWOLUGE,TRUE,15,4739,435064,136835.09,4349.99
KXSBMENTION,FALSE,2,10443,434881,140199.42,5401.43
KXETHMAXMON,FALSE,32,4552,434795,92089.08,3591.12
PRESPARTYKS,FALSE,45,1628,434311,145218.78,1311.97
KXGGSCREEN,FALSE,114,7568,434239,128076.69,4384.75
KXPERUPRES2ND,FALSE,50,7010,432977,188876.66,4519.96
KXMENTIONEARNMU,FALSE,3,6099,432647,170038.31,3897.07
KXALPHAARENA,FALSE,24,1632,431870,131696.19,4689.1
KXLIVR1LEAD,FALSE,25,2261,431786,51438.15,1959.14
KXLIGAMX,TRUE,142,8389,431020,74890.92,4029.39
KXTRYFIREPOWELL,FALSE,218,4913,430760,48119.14,2686.28
KXWBCF5,TRUE,13,5650,429927,189282.54,5618.02
KXTRUMPMEETING,FALSE,142,6707,429841,307542.97,3684.8
SENATEME,FALSE,358,4197,429391,198401.51,6602.68
KXMOSTWINSOSCARS,FALSE,26,5201,429188,124190.01,3406.39
KXDIMONMENTION,FALSE,22,5953,428501,126387.28,2345.2
KXRAINAUSM,FALSE,178,6887,428296,146573.44,4356.07
KXEARNINGSMENTIONLYFT,FALSE,54,6799,427822,157540.37,2119.53
KXEARNINGSMENTIONHIMS,FALSE,40,8215,427471,165863.33,2744.17
KXF1RACESPRINT,TRUE,13,5644,427393,117511.53,2974.57
KXFOREIGNTARIFF,TRUE,303,5358,427152,184029.35,4419.2
KXECONSTATU3,FALSE,154,8863,427123,71436.63,3664.79
KXNFLTRADE,TRUE,99,7764,426527,153482.8,4035.99
KXWOMHOCKEYGOAL,TRUE,2,4006,425604,118197.95,3848.69
KXGORDONDENTONBY,FALSE,37,4772,425501,159394.7,3732.48
KXFL1MOV,FALSE,9,2224,425270,85111.63,3089.47
KXNFLNOSCOREQ,TRUE,12,7679,424456,107057.62,5568.4
KXEARNINGSMENTIONCOINBASE,FALSE,107,7976,424089,274013.58,2736.31
KXSTEAMGOTY,FALSE,6,3797,423889,66798.91,1515.06
KXGA14SMOV,FALSE,27,2902,423730,89064.35,1986.73
KXPRESIRELAND,FALSE,197,3241,423096,163942.04,1938.8
KXKIMMELAPOLOGY,FALSE,11,5148,422818,107458.2,4702.6
KXHARTMENTION,FALSE,6,7573,422722,156927.95,1617.71
KXVTCOACH,TRUE,22,2239,422651,286734.02,5069.86
KXSAGAWARDSUPACTR,FALSE,134,6825,422621,154010.8,4714.79
KXDENSNOWMB,FALSE,121,5956,421657,205580.82,3934.63
KXWCGAME,TRUE,100,14671,420895,162934.62,4888.17
KXLUTNICKFTNMENTION,FALSE,11,5843,419657,106918.61,1383.6
KXJACWSNOWM,FALSE,96,3660,419591,237226.52,4552.38
PRESPARTYOR,FALSE,55,1361,419255,134225.92,1087.81
KXGRAMMYNOMNAOTY,FALSE,190,3255,418703,227384.25,4472.78
KXNFL1QSPREAD,TRUE,18,4753,418254,138431.4,5132.39
KXGAMEDAYMENTION,FALSE,3,4097,418066,24006.34,1301.97
KXFOMCDISSENTCOUNT,TRUE,161,9689,417086,100210.74,3496.85
KXRTSQUIDGAMES2,FALSE,5,2304,416923,184295.64,4205.02
KXNBASERIESROADWIN,TRUE,24,4166,416486,94905.41,3398.86
KXFREYMENTION,FALSE,7,5409,415689,100521.71,1473.83
KXNETFLIXRANKSHOWGLOBAL2,FALSE,133,10396,415680,107302.13,2472.32
KXRTKRAVEN,FALSE,15,2175,415286,98116.27,3244.27
KXSHERRILLOUTPERFORMRCP,FALSE,44,1830,413933,313629.1,4418.94
KXVOTEDTULSI,FALSE,5,2079,412951,32084.61,1993.03
KXNCAABBIGTEN,TRUE,5,3817,412396,231497.6,5404.42
KXUSDEBT,FALSE,292,2644,412279,22269.3,1288.67
KXSTATEFLIPDJT,FALSE,62,3639,411968,363242.69,2831.32
KXNASCARTOP5,TRUE,67,7099,411008,125156.97,4915.47
HURCAT,FALSE,259,8048,410456,207093.5,3395
KXEARNINGSMENTIONON,FALSE,13,5311,409672,74854.17,1415.65
KXRTALIENEARTH,FALSE,32,2499,409619,164581.08,2896.32
KXROGANGUEST,FALSE,535,8105,409250,133617.6,4912.9
KXVAAGMOV,FALSE,30,3205,408552,70265.59,2810.7
KXH5N1CASES,FALSE,320,6264,408275,79040.57,2665.17
KXPRESPARTY,FALSE,440,4914,408214,201459.08,7055.07
KXLOWTDAL,FALSE,43,19477,407917,123708.82,1932.61
KXTOPALBUMTHEFALLOFF,FALSE,33,8057,407888,359104.88,2677.81
KXFLOYDTYSONFIGHT,TRUE,86,2816,407454,27889.23,1395.39
KXEARNINGSMENTIONSPOT,FALSE,18,6618,407276,123723.6,1783.27
KX1ALBUM,FALSE,134,7978,407019,253198.5,3606.21
KXINFANTINOMENTION,FALSE,27,5157,406496,135146.54,2604.01
KXNEWCOINLAUNCH,FALSE,303,10185,406137,92606.5,2529.34
KXTARIFFCOUNTRY,FALSE,275,4871,405597,161389.04,3380.95
KXTIMEPOTYWOMAN,FALSE,166,5189,405215,197699.94,2631.46
RTGLADIATOR2,FALSE,229,3720,405018,150335.65,3984.36
KXNEXTTEAMMLB,TRUE,118,5285,404889,145377.15,3081.41
KXROBOTAXICA,FALSE,181,4348,404859,37835.22,2245.37
WGA,FALSE,83,2284,404843,221054.75,4551.15
KXNBAALLSTAR,TRUE,2,3890,404695,136005.99,4164.17
KXCOLOMBIAPRES,FALSE,196,5527,404388,132479.62,5775.56
KXCAGOVMATCHUP,FALSE,35,2845,404281,62218.07,3004.82
KXNYTHEAD,FALSE,93,2671,404143,255010.01,1225.57
NASDAQ100Z,FALSE,169,6780,404007,208757.02,5626.05
CASE7DA,FALSE,314,2497,402881,127234.84,3917.76
KXDESANTISMENTION,FALSE,2,5781,402845,62103.94,1626.84
KXTRUMPREINER,FALSE,16,3476,401246,24161.57,1532.33
KXEARNINGSMENTIONDE,FALSE,18,6573,400155,140003.36,2963.83
HOUSEAKAL,FALSE,119,1453,399704,215429.04,1892.51
KXSEASNOWM,FALSE,129,7669,399652,93459.52,3468.97
KXBOXINGFIGHT,TRUE,10,2657,399160,161122.49,3536.09
KXEARNINGSMENTIONAXP,FALSE,22,4724,399078,115087.12,1613.1
KXNFLFANTASYMOST,TRUE,5,4194,397732,53647.6,2807.71
KXGGDRAMATV,FALSE,130,10125,397154,120091.5,2623.11
KXNBACLUTCH,TRUE,186,4541,396472,154236.95,2554.34
KXBILLS,FALSE,210,4634,396205,147018.22,4128.67
KXTRUMPNOMMAX,FALSE,129,2011,396165,247488.6,2250.43
KXEARNINGSMENTIONPSKY,FALSE,3,3970,395007,73225.27,1271.08
KXRTTHELONGWALK,FALSE,19,3333,394606,172675.68,2470.36
KXBIDENRESIGN,FALSE,53,1408,394297,21438.3,1404.49
538APPROVEMIN,FALSE,476,6044,393522,123407.85,3577.39
KXELECTIONDAYCALL,FALSE,13,3362,393199,63096.27,3471.34
KXCRITICSPIC,FALSE,74,7490,393175,115834.71,2994.56
KXNCAAMSEC,TRUE,34,4918,392673,93144.59,2690.49
KXTXPRIMARY,FALSE,93,6797,392369,175899.91,3399.63
KXLEASTSTREAMEDSONGTLOASG,FALSE,56,3511,392131,138738.31,2365.99
KXTXSENRPRIMARYMOV,FALSE,42,4164,391672,86642.23,2738.84
KXNYCMDEBMENTION,FALSE,11,6132,391444,284032.43,2715.04
KXWBCMENTION,FALSE,11,9785,391045,228529.1,2412.73
RTFURIOSA,FALSE,61,2820,390270,170407.95,3536.2
KXLOWTSEA,FALSE,43,20079,389770,128264.57,1579.5
KXSECVA,FALSE,50,2424,389594,98458.86,3789.81
KXNBAEFINMVP,TRUE,202,4081,389125,38348.77,2135.22
KXRTFREAKIERFRIDAY,FALSE,41,4533,387617,147882.87,3173.04
KXTX23R,FALSE,35,6735,387171,172145.48,2486.97
RTDEADPOOL3,FALSE,153,3014,387150,172491.61,3245.57
KXGTEMP,FALSE,497,7034,385901,67050.68,3489.34
KXZELENSKYPUTIN,FALSE,191,5091,385579,81550.1,3184.98
KXWCGOALLEADER,TRUE,147,2855,385437,29947.75,1836.81
KXOCTSWEEP,FALSE,159,5338,385395,95481.14,3211.39
GTEMP,FALSE,698,2725,385237,223604.65,3534.67
KXNBAWINS-SAS,TRUE,178,4055,384563,210568.35,4885.43
KXBACHELORETTE,FALSE,24,2516,383812,81122.21,1699.93
KXRTFIGHTORFLIGHT,FALSE,32,1797,383811,156856.74,3816.8
KXTEAMSINNBAEF,TRUE,47,5167,383785,103226.1,3850.59
KXXRPMAXMON,FALSE,31,5234,383251,57192.78,2715.52
KXGGMCOMFILM,FALSE,130,5122,382797,111509.52,2120.48
KXTECHRANKLISTAICODE,FALSE,67,4531,382722,63064.46,663.19
KXGABBARDOUT,FALSE,59,9338,382634,115721.93,4726.62
KX1SONG,FALSE,436,10794,381319,169259.76,4218.86
KXMOVWISUPREMECOURT,FALSE,80,3083,381262,150985.16,2218.84
KXRAINDENM,FALSE,178,6195,380419,73311.46,2741.06
KXF1TOP5,TRUE,51,6275,380372,222997.91,2201.06
KXGGFILMSUPACTO,FALSE,120,5927,379998,74954.21,3277.25
KXVOTESHUTDOWNH,FALSE,93,2183,379899,184949.56,2414.25
KXPERSONTOPICCOLDPLAYATRONOMOR,FALSE,15,4182,379790,104507.38,4519.03
KXCHANCELLOR,FALSE,133,645,379491,181863.44,783.42
KXEMMYDACTR,FALSE,108,1997,379270,128790.03,2556.67
KXSKIMPEACH,FALSE,10,3086,379176,271453.72,4200.79
UNIPRESIDENT,FALSE,193,3795,379073,169953.76,4474.23
KXNFL4QWINNER,TRUE,7,5405,379027,199818.12,4626.61
KXNFLGAMETD,TRUE,12,5195,378945,174874.31,3147.41
KXNBAWINS-LAC,TRUE,171,3749,378471,150741.61,4035.76
KXEARNINGSMENTIONSHOP,FALSE,16,4861,378348,95108.82,1240.61
KXOSCARWINNERS,FALSE,19,2925,377741,63752.66,2534.33
KXEARNINGSMENTIONBAC,FALSE,52,6728,377558,156858.51,2358.3
KXLOWTMIN,FALSE,43,18064,377422,126145.35,2034.54
KXTRUMPACT,FALSE,86,7040,377083,257043.2,2244.81
KXNBAWFINMVP,TRUE,198,2953,377006,47038.37,2003.46
KXABRAHAMSY,FALSE,399,5702,376411,60538.3,2925.86
KXLOWTPHX,FALSE,43,15412,376370,142068.44,1914.39
KXBOXING1MIN,TRUE,3,2326,375191,28582.26,1843.41
KXDAVISCUPADVANCE,TRUE,4,1539,374492,213702.73,4597.24
KXADP,FALSE,370,15453,373337,201490.89,4098.61
KXCAWEALTHTAX,FALSE,136,7996,372726,141316.42,6127.44
IMOAI,FALSE,320,2910,371887,99644.58,3887.71
KXINTERCONCUPGAME,TRUE,3,3332,371856,144322.22,4039.05
KXGERMANYPARTY,FALSE,101,1130,371688,90819.38,1447.04
KXUCLCORNERS,TRUE,10,6503,371518,203977.18,5234.19
CASEW,FALSE,204,5952,369496,168149.16,3259.86
KXGGMCOMFILMACTO,FALSE,123,6597,369163,122607.63,3951.61
KXRELEASEMAXWELL,FALSE,267,4778,368827,41332.99,2486.56
KXF1TOP10,TRUE,50,5577,368705,163910.21,3135.18
KXINTERSTELLAR,FALSE,306,9073,368702,105745.66,3953.19
KXEARNINGSMENTIONSTZ,FALSE,14,6057,368207,132042.51,2612.58
KXEARNINGSMENTIONAAL,FALSE,18,4898,367083,138924.54,2207.76
KXECTIE,FALSE,30,1696,366306,15465.17,1034.27
KXIPHONERELEASE,FALSE,136,10351,366243,124705.76,5125.17
KXEARNINGSMENTIONCRCL,FALSE,16,3756,362712,86244.1,1135.53
INFRALW,FALSE,78,3209,362128,99250.37,3670.02
KXDASHORDERS,FALSE,145,5470,361672,200388.91,2536.97
KXEUROVISIONRANK,FALSE,7,3997,361077,171696.45,4505.02
HOUSEFL6,FALSE,31,1005,361041,188891.18,1720.61
KXNFLXINCREASE,TRUE,226,7002,360968,194174.22,2518.14
KXDJTINVESTMENT,FALSE,1,3977,360523,205095.8,2996.46
KXGOVSCNOMR,FALSE,214,4992,360380,96451.83,4433.88
KXCCLIMIT,FALSE,296,9384,359868,85360.38,4431.02
KXLOWTBOS,FALSE,43,16904,359811,115361.72,1538.72
KXLOSEPRIMARYSENATER,FALSE,107,10863,358697,77374.97,3493.07
KXVOTERECNCS,FALSE,49,4268,358015,193762,3640.56
KXYTUBESUBSBEAST,FALSE,199,2917,357723,28494.75,1106.95
RAINNYCM,FALSE,254,3769,357721,211279.99,3647.13
SDEBT,FALSE,227,3846,357686,149597.86,4255.36
KXEARNINGSMENTIONNBIS,FALSE,52,6508,357665,165771.19,2714.07
KXPORTUGALPRESR1,FALSE,34,3397,357171,80225.54,2601.45
KXEARNINGSMENTIONDKNG,FALSE,38,5431,356886,204091.35,2797.59
KXBAFTAFILM,FALSE,79,6288,356752,118046.99,3457.68
KXFEDGOVNOM,FALSE,160,3493,356666,85951.47,2778.43
TOPALBUMRECORDY,FALSE,232,2001,356464,157636.42,3284.69
KXNFL4DCONV,TRUE,11,7242,356268,157964.24,4803.35
KXLEAVEGONZALES,FALSE,46,2151,355520,304160.74,1666.72
KXNBALOTTERY,TRUE,10,2339,355359,73914.47,2190.47
KXVOTEDPATEL,FALSE,13,2158,355009,21707.66,1407.02
KXDEBTGROWTH25,FALSE,179,4521,354567,114482.93,1886.34
KXROGANKH,FALSE,14,2613,353996,35798.71,2104.57
KXSAGAWARDSUPACTO,FALSE,119,6228,353597,101571.06,2830.03
RTQUIETPLACEDAYONE,FALSE,34,3117,353286,185690.77,3520.15
KXDEBTLEVEL,FALSE,235,3072,351523,325677.26,1569.26
KXWBCRFI,TRUE,14,5991,351180,155774.6,5024.97
KXF1FASTLAP,TRUE,50,10422,351030,74987.41,2773.42
KXXRPMAXATH,FALSE,83,2007,350921,24746.08,1442.93
KXTOPSONGSPOTIFY,FALSE,202,2969,350176,114948.96,1162.55
KXFERTILITYSK,FALSE,293,4016,348788,26299.12,1518.51
KXNFLHIGHSCOREQ,TRUE,11,5592,348538,86772.84,4004.32
KXUSADEALCOUNT,FALSE,45,4329,348417,192225.83,3094.1
KXMAMDANIREDSTRICT,FALSE,70,1584,348413,181530.94,2758.74
KXDRONES,FALSE,20,1416,347011,17789.94,1153.36
SPACEXCOUNT,FALSE,209,2636,346872,188836.99,2222.63
KXNFL3QWINNER,TRUE,7,5562,346631,170211.6,4697.65
KXFLUORIDE,FALSE,399,7494,346615,110088.15,3861.04
KXOSCARNOMDOCU,FALSE,202,5767,346599,146667.95,3609.57
ECKHBLOWOUT,FALSE,47,1755,345064,50660.18,2786.58
KXTRUMPZELENSKYY,FALSE,2,3427,343711,71409.88,1909.85
KXNZNBLGAME,TRUE,20,6795,343668,182418.78,3773.87
KXGGMCOMFILMACTR,FALSE,121,4270,343604,94220.77,3045.17
KXCAGOVPRIMARY1ST,FALSE,91,4569,343156,84084.24,3559.46
KXGOLDMON,FALSE,88,10227,343115,111337.18,3338.2
KXUEFAMENTION,TRUE,8,5395,342298,255215.25,1444.43
KXEARNINGSMENTIONMSFT,FALSE,153,5797,342065,180177.83,2160.17
KXSPOTIFY3BILLION,FALSE,163,3989,341965,121445.58,1366.23
KXLOWTDC,FALSE,43,15497,340726,113252.85,1475.59
KXOAIGOOGLE,FALSE,187,2569,340391,41373.83,1791.86
KXSECED,FALSE,89,2073,339330,168057.3,2766.37
KXDPWORLDTOURR1LEAD,TRUE,30,1786,338461,21110,974.21
KXLOWTSATX,FALSE,43,14630,338142,116358.34,1818.06
KXHOUSEEPSTEIN2,FALSE,2,1645,337755,87892.53,2707.29
RTAPES,FALSE,42,2997,337553,170149.88,3462
KXWOMHOCKEYFGOAL,TRUE,2,1792,337544,29070.76,1236.28
KXEARNINGSMENTIONABNB,FALSE,36,7080,337377,143033.03,2696.69
KXKHANNAMENTION,FALSE,5,2217,336659,66767.61,597.41
KXGRAMBPVA,FALSE,147,5476,336418,88449.6,2679.75
KXRECORDNBABEST,FALSE,159,4225,336342,123622.77,2941.4
KXSWALWELLDROPOUT,FALSE,3,4306,336305,203782.11,3304.03
KXMSUNIVERSE,FALSE,25,2724,336187,47145.1,2257.48
KXNEXTHURDATE,FALSE,75,4455,336027,138489.48,3772.59
KXEARNINGSMENTIONCRWD,FALSE,14,6284,335748,152922.75,2866.74
KXEPLMENTION,TRUE,10,6053,335653,176382.79,1842.56
KXBUSINESSROUNDTABLE,FALSE,2,3208,335639,236334.83,1971.91
KXNCAAMACC,TRUE,32,2530,332474,118215.96,3286.82
KXRANKLISTGOOGLESEARCHACT,FALSE,43,2517,332346,107810.4,3512.6
KXMVEGRAMMYS,FALSE,5,1930,331287,53895.38,2112.21
KXRTCAUGHTSTEALING,FALSE,8,2288,331150,149211.98,2421.58
KXNFLDRAFTOL,TRUE,31,7608,331095,113896.91,3680.59
KXCABJAN20,FALSE,56,2264,330923,283747.68,2670.43
FRMMAX,FALSE,360,4419,330826,157224.12,3788.59
KXTRUMPSAYMAM,FALSE,38,3134,330819,286287.42,1258.06
KXTX02R,FALSE,53,3882,329720,163475.38,3201.51
KXCBDECISIONEU,FALSE,173,3116,329505,89010.45,886.03
KXBOEING,FALSE,117,4749,328719,119031.18,2136.86
KXRUBIOCOUNT,FALSE,59,1879,328369,65340.24,1820.81
KXLOWTLV,FALSE,43,13360,328238,113675.69,1376.55
KXHIGHMOVKH,FALSE,51,2394,327512,98604.27,1850.9
KXGRAMMYNOMSOTY,FALSE,157,3478,327410,175150.04,3274.11
KXREPSWORNIN,FALSE,33,2927,327084,261245.32,1550.27
KXEARNINGSMENTIONPEP,FALSE,41,4923,326927,138890.28,2567.69
KXNYCTURNOUT,FALSE,34,3103,325899,59307.19,2331.08
KXSCOURT,FALSE,325,3834,323389,26859.6,1563.85
KXATTENDTRUMPCHINA,FALSE,7,2692,323262,173762.09,2343.12
KXTRUEV,FALSE,19,5725,322469,193277.43,1021.57
KXMEETPTZ,FALSE,14,1417,321773,18412.31,1179.92
KXCALIREDISTRICTING,FALSE,63,1505,321616,306088.15,1021.88
KXNETFLIXTOPVIEWSMOVIE,FALSE,114,3896,321489,194281.55,2117.4
KXEARNINGSMENTIONPG,FALSE,40,6446,321266,134921.22,2668.09
HURCTOT,FALSE,526,4054,319804,145621.83,3793.2
GOVPARTYAZ,FALSE,234,3199,319320,172013.03,4818.95
KXPGALOWSCORE,TRUE,12,4857,319135,124296.96,3521.5
KXINCOMETAXCUT,FALSE,344,3659,318913,36073.43,1841.42
KXHOUSENJ11SPECIAL,FALSE,56,693,318639,56506.18,147.06
KXRANKLISTSONGBBH100,FALSE,52,2071,317768,193201.76,2663.89
KXILPRIMARY,FALSE,30,6137,317606,144074.58,3110.48
CPIUSEDCAR,FALSE,237,1826,317301,178765.8,3582.2
KXPROGMAYORSWEEP,FALSE,43,2442,316767,50077.69,2696.18
KXNY12D,FALSE,193,6354,316726,86420.72,3637.41
KXSENATEEPSTEIN,FALSE,4,1670,316469,145548.69,745.94
KXWCGROUPWIN,TRUE,154,5855,315706,95524.63,3472.6
SCOURT,FALSE,56,986,315353,118983.93,2399.28
KXRTWEBURYTHEDEAD,FALSE,26,2657,314809,87843.77,1830.69
KXDHSCOMPONENT,FALSE,36,3677,314727,152653.98,2565.67
KXCRITICSSUPACTO,FALSE,64,4013,314155,102351.24,2698.94
KXELECTIONMOVAZ7S,FALSE,22,2032,314000,80120.54,2212.38
KXTRUMPPARDONS,FALSE,174,3954,313684,124208.7,4527.21
KXNBADRAFTTOP,TRUE,111,4048,313681,142651.6,3488.43
KXPOLANDMOV,FALSE,10,2791,313490,69300.1,1980.52
KXNBASERIESGAMES,TRUE,31,4083,313436,174754.42,4042.55
KXF1POLEPOSITION,TRUE,13,5466,313189,94034.29,3343.51
KXAAAGASMAXTX,FALSE,258,2836,313149,164405.4,1549.34
KXNJ11SPECIAL2ND,FALSE,28,4218,312975,83110.91,1086.4
PRESPARTYWA,FALSE,48,849,312830,49971,680.29
KXCRYPTORESERVE,FALSE,270,4481,311841,40645.64,2141.08
KXHUNGARYMOV,FALSE,17,3959,311618,60528.34,1782.13
KXABRAHAMSA,FALSE,438,6599,310933,105590.94,4128.37
RAINNY,FALSE,33,7212,310582,168456.21,2959.14
KXEARNINGSMENTIONADBE,FALSE,24,3721,309973,133782.41,1914.23
KXLOWTNOLA,FALSE,43,14808,309776,109408.26,1340.96
KXWNBADRAFT1,TRUE,50,5534,309712,118628.15,2396.98
KXTECHLAYOFF,FALSE,430,9412,309679,141018.22,4735.58
KXCPBFUNDING,FALSE,186,3120,308434,214472.54,2367.25
KXAAAGASMINCA,FALSE,296,3913,307983,74299.36,2344.42
KXTONYAWARDS,FALSE,9,4630,307869,110999,3531.47
KXARMSTRONGMENTION,FALSE,37,3923,307307,120247.15,1670.08
KXMTGMENTION,FALSE,2,1940,306891,50190.84,707.95
KXHILTONMENTION,FALSE,9,5108,306423,86789.31,1364.3
KXNFLDRAFTMATCHUP,TRUE,10,6182,306344,142030.14,4033.03
KXUCLTCORNERS,TRUE,11,4152,305361,167850.75,4683.82
KXUCLRO8,TRUE,44,2295,305076,151979.84,2935.92
KXNFLPROBOWL,TRUE,2,8507,304877,151756.55,4095.94
KXTAIWANLVL4,FALSE,128,3915,304535,57252.65,2895.04
KXCLEANCR,FALSE,118,2710,304479,60425.69,3174.2
SENATEOHS,FALSE,361,3253,304193,154840.48,5116.1
KXCBDECISIONCANADA,FALSE,217,5793,303802,124671.19,1235.38
HURTB,FALSE,122,3550,303538,69160.08,2488.59
KXNLGAME,FALSE,53,6974,302615,169910.33,2457.04
KXDOGEMAX69,FALSE,61,2667,302281,32708.68,1699.29
KXCUOMOMENTION,FALSE,4,3627,302129,89379.23,1293.35
KXMOVNJ11SPECIALD,FALSE,31,4384,302083,95402.75,1602.12
KXMLBWINS-COL,TRUE,177,1630,301705,185077.88,2574.14
OSCARNOMACTR,FALSE,199,2688,301668,130248.05,3487.5
AAAGASM,FALSE,220,2209,300645,143920.47,3700.26
KXEPSTEINNO,FALSE,2,2361,300319,208408.46,3121.83
KXALBUMRELEASE,FALSE,134,6434,300004,182649.94,3366.37
KXTISZASEATS,FALSE,33,2327,298974,191761.68,2897.1
KXOWGAME,TRUE,40,10906,298784,158763.68,3318.29
KXHEGSETHOUT,FALSE,39,5680,298655,62568.69,3121.89
KXCBDECISIONMEXICO,FALSE,170,6991,298413,129065.53,3084.36
KXEARNINGSMENTIONRDDT,FALSE,29,5243,298258,156861.15,2296.82
KXCOSTARICAPRES,FALSE,97,2119,298119,195334.78,1140.81
KXRTROSES,FALSE,33,2822,297715,101322.71,2407.84
TESLAOPTIMUS,FALSE,501,7197,297279,80794.81,3931.27
KXEARNINGSMENTIONBLK,FALSE,92,2750,297148,107749.78,1211.7
KXBADWUR,FALSE,46,1022,296693,146875.65,861.22
KXSECHOMELAND,FALSE,68,1517,296493,143681.28,2375.67
KXNCAABSEC,TRUE,5,2933,296418,155600.31,3593.63
KXDJTJUSTICEMENTION,FALSE,2,4692,296127,182047.97,2784.57
KXGGGNOMDRAMAFILM,FALSE,42,1676,295432,116673.03,1998.57
KXNBAWINS-GSW,TRUE,177,4046,295296,86103.41,2678.33
GOVPARTYOH,FALSE,276,3719,294547,146102.91,5002.18
KXLOWTHOU,FALSE,43,15716,294280,97326.5,1390.13
KXCRITICSACTO,FALSE,64,6895,294056,82127.28,2440.98
KXGAPRIMARY,FALSE,52,3054,293682,116310.01,2944.16
KXBALLERLEAGUEGAME,TRUE,33,5429,293222,138922.82,2489.36
KXCOUNTRYTARIFF,FALSE,3,4393,293133,144737.39,2560.78
KXLEADERNBASTL,FALSE,136,5071,292718,63147.44,2808.29
KXACPI,FALSE,284,2374,292079,90171.64,2648.39
KXTRUMPENDORSE,FALSE,192,3650,291370,120415.1,2731.06
KXTROPSTORM,FALSE,229,2548,291050,135332.05,2513.27
SPACEXSTARSHIP,FALSE,252,2578,290881,145113.48,3335.77
KXTRAVELBANS,FALSE,117,4735,290492,166068.06,3771.76
KXMENTIONEARNDAL,FALSE,22,6646,290100,125579.71,2712.67
KXLUTNICKOUT,FALSE,86,4181,289837,59758.58,2888.14
KXTOPSONGS,FALSE,259,2569,289733,81444.11,2151.52
KXARTEMISII,FALSE,22,6817,289706,235102.99,2709.91
KXSWINGFLIP24,FALSE,55,1955,289217,46458.63,2492.83
GOVPARTYNH,FALSE,164,1605,289032,160903.66,4150.29
SUPERCON,FALSE,238,1285,288832,49633.92,2597.17
KXLASTSUMMER,FALSE,21,2981,288325,93069.3,2666.57
KXTRUMPFIRE,FALSE,443,5515,288149,109964.44,2935.77
KXTOPPOPRANK,FALSE,30,2255,287784,122546.28,2458.91
KXFDAAPPROVALPSYCHEDELIC,FALSE,273,10422,287164,130701.1,4458.37
KXNBASOUTHEAST,TRUE,94,4209,287085,69934.42,2554.94
KXAUBCOACH,TRUE,27,1904,286400,115463.81,2825.66
KXSNOWS,FALSE,7,1774,285776,17111.99,1015.77
KXGGDIR,FALSE,99,4097,285618,82011.84,1554.48
KXEARNINGSMENTIONWING,FALSE,19,4761,285387,125271.31,1657.36
KXFDVLIGHTER,FALSE,84,3223,285168,211393.96,2848.58
KXDAVISCUP,TRUE,7,1405,284995,88240.36,2990.43
KXFEDCHAIRCOUNT,FALSE,111,2902,283874,58192.62,1619.28
KXEPLGOAL,TRUE,63,3501,283156,98145.19,3036.71
KXCOPPAITALIAADVANCE,TRUE,11,3982,282935,134226.19,3072.22
KXKNOXGOLD,FALSE,70,10406,282921,58393.28,2892.66
KXRTTHERUNNINGMAN,FALSE,49,3275,282766,92918.45,1902.82
KXLEADERNFLPYDS,TRUE,63,4131,282632,109019.93,2459.11
KXSOL150,FALSE,14,1383,282552,18733.23,1159.97
KXCOPPERD,FALSE,47,13578,282540,158083.42,3143.3
KXBNB,FALSE,50,8741,282362,15099.72,394.51
KXTXRSEN2ND,FALSE,99,3984,282113,102034.65,1588.58
KXLOWTSFO,FALSE,43,16099,281661,95797.53,1332.94
KXNDEBTSHRINK,FALSE,14,3704,279961,154548.63,4201.94
538APPROVEMAX,FALSE,447,3860,279892,75730.65,2730.15
KX2028RRUN,FALSE,311,4901,279689,114578.43,3974.97
KXEARNINGSMENTIONULTA,FALSE,18,4904,279535,131780.84,2168.32
KXPERUPRES1R,FALSE,48,2783,279515,131594.62,1675.12
KXBOLIVIARUNOFFMOV,FALSE,35,1369,279133,91479.57,1878.93
NPRDEFUND,FALSE,281,2127,278986,49138.83,2629.7
GOVPARTYNY,FALSE,327,3054,278676,114985.33,2357.78
KXHOUSEGOVTFUND,FALSE,3,3923,278601,55814.16,1912.01
KXGERCOALITION,FALSE,96,5225,278428,79627.51,1957.17
KXDJTWSJ,FALSE,2,550,277604,255597.46,1261.76
KXCBDECISIONENGLAND,FALSE,165,3201,276169,72810.53,962.3
KXLIGUE1,TRUE,192,1769,276136,49483.67,1539.05
KXEARNINGSMENTIONACI,FALSE,9,4711,276009,109360.19,1902.64
KXRTELLAMCCAY,FALSE,33,2021,275946,102036.24,2084.06
KXJPOWMENTION,FALSE,7,3921,275722,143582.46,2088.87
KXUE,FALSE,96,6910,275332,134114.16,2958.8
KXEARTHQUAKECALIFORNIA,FALSE,277,3992,275209,26988.11,1485.24
KXIPLPLAYOFF,TRUE,18,3171,274898,172061.78,2284.97
KXMVENFLMULTIGAME,TRUE,12,1322,274716,45852.01,2114.52
ACPICORE,FALSE,196,937,274440,73326.1,2660
KXOILRIGS,FALSE,174,2454,274041,18148.04,971.57
KXNCAAMBUNDEFEATED,TRUE,74,3667,274008,67715.25,2524.53
KXSHAI20PTREC,TRUE,44,2313,273592,97561.5,2571.4
KXNHLPACIFIC,TRUE,169,4696,273082,68346.98,2376.36
KXRTSPRINGSTEEN,FALSE,21,2853,272513,89062.25,1582.47
KXRTWARFARE,FALSE,46,3168,272512,131920.16,2506.47
KXDWTSELIMINATION,FALSE,50,4358,272134,86138.45,1733.68
KXEMMYCACTR,FALSE,90,1518,271793,93468.94,1171.67
KXEARNINGSMENTIONDPZ,FALSE,16,5101,271534,95254.47,1730.47
KXGRAMBRS,FALSE,162,3422,271423,78912.15,1688.85
KXTOP10BILLBOARDSPOTSBRUNO,FALSE,62,1491,271145,51145.78,512.87
OSCARACTR,FALSE,200,2596,270957,92941.37,3025.56
HURCTOTMAJ,FALSE,480,3732,270892,136463.7,2954.77
KXELHGAME,FALSE,57,9009,270886,149179.98,2439.81
KXMCCLAIROBSCUR,FALSE,5,84,270398,262808.61,409.94
KXNHLADAMS,TRUE,142,2766,270275,118910.81,2977.28
KXRTUNBREAKABLEBOY,FALSE,32,3196,269291,80888.62,2400.18
KXNEWGLENN,FALSE,173,2757,269272,151097.74,2252.64
KXNBAWINS-MIL,TRUE,176,2618,269131,111608.4,2839.29
KXTIMEHUMAN,FALSE,78,4708,269058,162121.66,3799.18
KXAUSPM,FALSE,120,1267,268367,156948.44,1165.91
KXEARTHQUAKE,FALSE,262,3807,267235,82813.82,2598.56
KXSILVERW,FALSE,65,10904,267232,135151.95,2953.01
KXWTIMIN,FALSE,117,2897,266991,201654.1,1786.18
KXWBCPREPACK,FALSE,1,2997,266943,44760.16,2489.24
KXEXITPOLLWOMEN,FALSE,11,1358,266089,241094.58,1513.2
KXNEWCOACHNO,TRUE,55,3707,266078,116758.61,1760.12
KXNBAWINS-DET,TRUE,167,2480,265769,118236.6,2955.22
KXWARSHMENTION,FALSE,6,5704,265354,151428.38,1572.67
KXTX33D,FALSE,136,6099,265248,162372.91,3272.84
KXEARNINGSMENTIONHPE,FALSE,15,2405,265247,94343.52,1037.34
SENATEAK,FALSE,302,2384,264836,127414.64,4282.4
KXOAIPROFIT,FALSE,288,3079,264774,112593.67,3279.94
KXUSELECTIONARIZONA7,FALSE,29,196,264516,123411.53,220.02
KXRELOCATIONCHI,TRUE,78,5913,264335,86649.7,3179.24
KXSPOTIFYARTISTW,FALSE,203,8750,264253,95989.73,1831.86
KXNFL1YDPASS,TRUE,7,5187,264113,36422.66,2138.34
KXSCOTTIESLAM,TRUE,244,2063,264052,24003.95,1521.88
KXVANCEOUT,FALSE,128,1401,263848,23253.65,1445.15
KXMOSTSTREAMEDWICKED,FALSE,40,2593,263788,80892.33,1400.53
KXNCAAFUNDEFEATED,TRUE,150,2383,263490,104275.64,3145.17
KXSNAPDELAY,FALSE,14,2852,262986,230293.68,1895.83
KXGGGNOMMCOMFILM,FALSE,43,1012,262551,149552.19,3003.1
TROPSTORM,FALSE,334,16542,262380,124229.14,2883.3
KXSENATELAR,FALSE,191,3964,262289,101795.19,3194.26
SCOTUSN,FALSE,450,1657,261495,77634.96,1591.96
KXEARNINGSMENTIONROKU,FALSE,19,5281,261349,111538.82,2336.66
KXWEFMENTION,FALSE,3,6051,261319,103030.62,2025.38
KXARCTICICEMAX,FALSE,198,5689,261171,122234.51,2264.41
KXABNB,FALSE,31,2420,261002,108547.27,1416.95
KXWBCGROUPQUAL,TRUE,14,2436,260995,131081.92,2814.21
TORNADO,FALSE,421,4420,260565,142315.64,2480.15
HURMIA,FALSE,402,2040,260496,34833.33,1940.27
KXSTARSHIPLAUNCH,FALSE,34,5295,260239,130661.81,1663.45
KXPMKICKINGCONTEST,FALSE,16,5130,260012,69333.9,2905.31
KXTOP10BILLBOARD,FALSE,174,2265,259798,129412.82,2143.01
POPVOTEDJTIA,FALSE,40,1484,259739,128134.24,1928.13
KXTRILLIONAIRE,FALSE,351,4610,259446,90304.69,1542.48
KXATPGAMETOTAL,TRUE,9,2008,259190,150708.78,3802.27
RECNCH,FALSE,130,1973,257942,124643.89,2442.22
KXHOUSEPOPVOTEMARGIN,FALSE,87,1606,257837,34682.86,1988.01
KXSPOTIFYMAU,FALSE,124,2695,257814,71560.09,1680.18
KXOAISOCIAL,FALSE,134,3409,257308,138468.2,3691
KXENGAGEMENTSWIFTKELCE,FALSE,55,1156,256769,104781.29,3955.11
KXWPLGAME,TRUE,11,2336,256751,134110.39,3346.8
KXRTHONEYDONT,FALSE,20,2756,256503,105875.57,1870.53
RTDESPICABLEME4,FALSE,32,2006,256384,104997.62,2575.45
KXNFLGAMESACK,TRUE,12,5216,256176,135893.73,2904.08
KXARTISTSTREAMS,FALSE,37,8721,255991,148493.82,1409.5
KXFDABANS,FALSE,300,3303,255809,32579.89,1671.69
KXUCL1HBTTS,TRUE,4,2475,255309,80839.09,3283.9
BTCMINY,FALSE,212,1355,255149,27517.25,1290.05
KXUELADVANCE,TRUE,6,3151,255113,130566.06,3532.52
KXMUSKTAGDJT,FALSE,122,7066,254881,88395.7,2976.3
KXSENATEGAR,FALSE,260,3172,254837,99969.31,2704.83
RTALIENROMULUS,FALSE,106,1921,254754,121110.64,2432.03
KXOHPRIMARY,FALSE,53,1620,254313,99824.43,1001.23
KXUKRAINERESIGN,FALSE,273,2915,254140,24942.68,1520.46
KXUNRIVALEDGAME,FALSE,36,4215,253702,151016.6,1578.45
KXH100MON,FALSE,69,6160,253655,137531.47,2471.22
KXGEMINI3,FALSE,108,2262,253570,239402.75,917.77
KXEFLCUPADVANCE,TRUE,6,2534,253542,100121.02,2020.06
GRAMAOTY,FALSE,132,2442,253043,44366.62,1721.68
KXNBAWINS-IND,TRUE,174,2164,252519,118674.49,2881.44
KXWWDCMENTION,FALSE,27,4063,252150,86412.34,1979.89
KXNBAEAST1SEED,TRUE,90,3116,251748,81089.88,1561
KXSPOTSTREAMSUSA,FALSE,63,2785,251696,51372.2,1014.85
KXLDPSEATS,FALSE,10,1687,251471,51461.2,794.56
KXNOMWPH,FALSE,27,1288,250995,63025.76,2556.34
KXSENATEKYR,FALSE,225,3675,250631,109290.56,2287.61
RTJOKER2,FALSE,176,2059,250226,105711.79,2258.6
TESLAPROD,FALSE,154,1637,249591,88930.16,2753.86
KXECDJT281,FALSE,23,999,249581,22044.02,1215.42
KXGGDRAMAFILMACTR,FALSE,94,2957,249462,83125.6,1613.98
KXWOBIATH,FALSE,15,2778,249356,96088.57,1503.72
KXHBUDGETRES,FALSE,24,2413,248729,207999.56,1337.9
KXPRESECUADOR25,FALSE,148,4515,248689,130838.22,3308.25
KXSOLMAXY,FALSE,131,3431,248371,96428.78,3673.28
KXCOPADELREY,TRUE,83,3712,247411,74376.64,2274.06
SENATEGA,FALSE,353,2060,247274,117835.85,3112.79
KXWCSQUAD,TRUE,76,3633,247130,122228.97,3418.82
KXMARMADCONFWIN,TRUE,24,4195,247070,77791.56,3011.82
KXINPRIMARY,FALSE,63,2289,246930,99665.15,1212.69
KXPGACUTLINE,TRUE,6,2897,246031,64387.02,2471.89
KXNASDAQ100MAXY,FALSE,108,1000,245805,210814.85,1725.45
KXNBAWINS-BKN,TRUE,170,1764,245592,113762.48,2646.05
KXGAMEAWARDSBAD,FALSE,46,3057,245591,89100.24,1823.33
KXTHAILANDHOUSE,FALSE,78,3259,245518,112448.2,1696.76
SENATENC,FALSE,388,2896,245304,134836.66,3238.2
KXGOVGANOMR,FALSE,200,4144,245043,86879.03,3010.71
KXNEXTMANAGERMANU,TRUE,129,4697,244582,91674.15,2941.05
RTBLINKTWICE,FALSE,39,1240,244343,129330.41,2604.88
RTINSIDEOUT2,FALSE,27,1535,244212,119576.54,2456
KXEARTHQUAKEM7,FALSE,71,4871,244151,164548.57,2641.78
KXFOMCVOTE,TRUE,64,2115,244070,181059.63,2745.02
KXBESTLLMCHINA,FALSE,350,4979,243595,32338.02,1773.14
KXTRUMPMEETELON,FALSE,57,2713,243524,197765.42,2003.44
KXUECLTOTAL,TRUE,5,2456,243341,107987.32,3103.63
ITAXH,FALSE,322,2290,243293,63335.19,2587.36
KXTOP10BILLBOARDHS,FALSE,20,1284,243094,27826.41,555.68
KXGAMEAWARDSBA,FALSE,46,3217,242727,84562.25,1921.09
KXCBDECISIONAUSTRALIA,FALSE,155,4716,242571,102959.85,2194.17
KXMINAJMENTION,FALSE,3,2019,242348,60333.98,804.16
KXTOPALBUMRECORDSWAG,FALSE,183,3668,242119,9930.23,618.08
WEALTHY,FALSE,263,2204,241762,116205.18,1285.71
KXEFLCUP,TRUE,123,3190,241472,109617.56,3408.01
KXNBAWINS-UTA,TRUE,170,1931,241393,95119.18,2799.38
KXVETOCOUNT,FALSE,401,3106,241177,79993.26,1925.93
KXBOLIVIAFIRSTROUND,FALSE,62,1811,241121,76084.54,1816.46
KXLIVOCCUR,TRUE,29,2252,241034,179343.94,1817.58
KXEARNINGSMENTIONVZ,FALSE,14,3254,240853,61379.17,998.55
KXRTTHEHOUSEMAID,FALSE,20,3067,240838,77421.94,1893.94
KXEARNINGSMENTIONV,FALSE,14,3344,240747,76799.33,1007.75
KXBUSHMENTION,FALSE,4,3562,240689,53963.15,1254.34
KXTRDBAN,FALSE,404,3784,240608,36780.42,1863.51
KXBILATERALMENTION,FALSE,73,4535,240457,132923.02,2026.8
KXBIRTHRIGHT,FALSE,72,2610,240203,154275.21,3410.54
KXABORTION,FALSE,75,1982,239324,92647.98,2046.75
KXJREPODCAST,FALSE,44,3012,238955,69142.21,2074.35
PRESPARTYME2,FALSE,38,458,238850,121556.76,1765.79
KXCANDEBMENTION,FALSE,3,4133,238591,130978.36,1903.96
KXSOLANAATH,FALSE,125,3144,238327,64758.55,2440.3
KXRTDAREDEVILBA,FALSE,30,3194,237928,101445.45,1806.84
KXNBAWINS-MEM,TRUE,157,1318,237747,118070.62,2561.81
KXFEATUREYE,FALSE,138,7853,237698,107213.05,2981.44
KXTOPCHEF,FALSE,101,4853,237286,81134.61,1577.67
KXSECINT,FALSE,50,1049,236735,124662.73,2237.16
KXGGGNOMMCOMFILMACTO,FALSE,41,622,236625,120756.39,2487.78
KXTAYLORSWIFT,FALSE,48,2620,236125,69226.3,2392.14
KXDELGAME,TRUE,62,7697,235802,108666.64,1259.43
HOUSEIA1,FALSE,97,1151,235306,71902.52,1675.98
KXTRUMPCEA,FALSE,26,527,235217,16367.22,972.16
KXUNITEDCUP,TRUE,11,1245,235201,44962.25,1159.81
KXGOOGLEBREAKUP,FALSE,370,4249,235178,81466.77,3377.33
KXPRESTALK,FALSE,51,5101,234658,103690.78,1944.51
KXCS2,TRUE,49,4401,234047,75985.97,2259.52
KXTXRSENRUNOFFMOV,FALSE,62,2808,233674,35640.53,1983.85
GRAMBNA,FALSE,129,1908,233560,38310.84,1186.7
KXWBCKS,FALSE,2,1699,233474,95060.39,3450.93
KXTGLCHAMPION,TRUE,82,3962,232769,66634.71,2785.58
KXNEWCOACHCHIBEARS,TRUE,49,4191,232630,64618.69,2147.48
HOUSECA27,FALSE,57,1431,232549,117424.39,1873.23
KXNORWAYCHESS,FALSE,4,4016,232069,88080.02,2625.59
KXUAPFILES,FALSE,175,6792,231078,186084.44,2310.35
KXPAXTONDROPOUT,FALSE,28,1587,230661,44631.39,2123.15
KXBAFTASUPACTO,FALSE,78,2679,230634,70410.57,1363.24
KXGAMEAWARDSBIG,FALSE,38,3090,230624,96530.77,1506.86
538APPROVEY,FALSE,455,2296,230482,100555.53,2367.94
KXGGSCORE,FALSE,133,3120,230314,69978.83,1866.22
KXMLBALMOTY,TRUE,133,1302,230197,61592.83,1764.64
GRAMSOTY,FALSE,117,1565,229645,26681.49,1157.73
KXNEWTAYLOR,FALSE,423,3486,229374,98085.41,1992.72
KXSOL26500,FALSE,154,13232,229331,14861.37,1029.06
KXNHLATLANTIC,TRUE,159,3686,229112,79797.72,2490.69
NEWALBUM,FALSE,202,2220,228781,139732.01,2489.12
KXRESTORELOCAL,FALSE,31,2145,228402,198612.6,1610.57
KXTAXWAIVE,FALSE,291,2897,228219,13661.27,889.18
KXSTRMRSOTY,FALSE,102,3985,227640,101159.02,2559.58
ETHMAXY,FALSE,208,2165,227350,62970.56,2685.41
KXNHLNORRIS,TRUE,146,3308,227304,62731.58,1785.78
KXTOPPOP,FALSE,41,1968,226555,101541.01,1604.9
FEDNOM,FALSE,65,1468,226536,49290.44,2574.67
KXNBAWINS-DAL,TRUE,177,2753,226196,83388.03,2313.74
KXSPOTSTREAMGLOBAL,FALSE,55,3829,225856,43215.12,1497.97
KXHYPE,FALSE,51,8227,225851,32258.18,481.2
KXBAFTAACTO,FALSE,76,4096,225661,65287.94,1676.14
KXDJTBTC,FALSE,145,1247,225530,15123.73,703.6
KXALBUMSALESCARDIB,FALSE,21,3066,225359,71696.22,2587.41
KXMOVTXSENATEDEMVSGOP,FALSE,38,2684,224987,89126.72,2053.45
KXMADMEN,FALSE,14,2639,224660,82319.39,1757.47
KXPSASQUASH,TRUE,31,1112,223701,35769.21,1562.34
KXCHILEANRUNOFF,FALSE,35,2173,223636,50288.4,1497.3
KXIRANMEET,FALSE,6,3245,223608,151891.38,2540.42
KXNEWCOACHDAL,TRUE,12,3559,223289,68777.45,2121.65
KXGGGNOMDRAMATV,FALSE,42,2008,223166,113337.04,2216.39
KXSENATENCR,FALSE,181,1624,222883,63787.26,1594.85
KXGAMERELEASE,FALSE,300,3409,222458,71418.66,2191.02
KXRACE,FALSE,30,1142,222128,73019.35,1482.92
KXRTCLOWNINACORNFIELD,FALSE,57,1540,222002,76838.06,1842.97
KXTOPALBUMDONTBEDUMB,FALSE,17,6082,221979,163591.49,1894.15
KXEARNINGSMENTIONCELH,FALSE,28,3323,221183,70062.74,1241.97
KXWICOURT,FALSE,86,703,221010,37698.74,188.81
PS6,FALSE,367,3969,220828,14458.83,933.13
KXOFFICIALTURKEY,FALSE,2,1541,220194,76499.44,1757.84
KXTRIFOLD,FALSE,199,2282,220082,142648.27,1931.26
KX1SONGSABRINACARPENTER,FALSE,135,2876,219844,74527.93,2611.15
KXTABLETENNIS,FALSE,23,4208,218979,128260.53,1240.79
KXIRANDEMOCRACY,FALSE,75,3632,218788,25103.93,0
MTA,FALSE,249,3562,218513,117409.62,2095.93
TSA,FALSE,85,2590,218432,85165.33,1438.28
KXSENATEALR,FALSE,179,2547,218080,87528.65,2265.64
KXVOTEFEDCHAIR,FALSE,150,1951,217892,158574.72,1644.6
OSCARACTO,FALSE,243,2401,217851,88270.62,2046.24
POPVOTEKHNY,FALSE,44,1674,217754,186708.5,1720.58
KXRECESSCAB,FALSE,151,1989,217685,35123.33,1945.04
RTFLYMETOTHEMOON,FALSE,29,1648,217322,99636.42,2046.72
RTIF,FALSE,26,1904,217158,86978.07,1993.67
KXUCLRO16,TRUE,46,2346,216567,129347.02,1590.91
RECNC,FALSE,299,2458,215667,66517.11,1986.79
KXWNBAPTS,TRUE,7,4995,215630,111502.33,3167.14
KXDFBPOKALTOTAL,TRUE,2,1702,215596,92439.63,2764.97
KXNEWPOPEDATE,FALSE,14,2006,215574,147529.94,2532.5
KXOAIBROWSER,FALSE,90,2548,214951,171247.68,2179.96
KXAMEND22,FALSE,448,3128,214523,24694.18,1538.07
KXSTOPWORK,FALSE,238,2746,214410,50038.44,1960.89
KXEARNINGSMENTIONSNOW,FALSE,60,3089,214228,112205.95,1456.04
KXPRIMARYTURNOUT,FALSE,28,1585,214076,71716.31,1326.82
KXSTARWARS,FALSE,307,3449,213270,202279.69,699.57
RTBORDERLANDS,FALSE,136,1711,213200,79407.5,1878.02
KXCHESS,TRUE,13,1166,213040,88667.77,1168.13
CPIGAS,FALSE,193,1444,212973,106457.6,2225.78
KXAPPRANKSPORTS,FALSE,2,1752,212611,26399.86,1560.03
KXTARIFFPHARMA,FALSE,233,3626,212327,86578.71,2640.64
POPVOTEKHVA,FALSE,49,1928,212014,45788.64,1928.89
KXGRAMBCS,FALSE,163,2969,211870,55111,1923.33
KXTXHOUSEDEM,FALSE,26,2638,211838,29898.83,1715.09
KXEARNINGSMENTIONSNAP,FALSE,14,3136,211747,114307.98,1365.71
KXECDJT270,FALSE,35,1126,211374,22905.23,1166.49
KXSPANBERGEROUTPERFORMRCP,FALSE,44,1416,211230,166535.19,1981.95
KXGRAMMYNOMAOTY,FALSE,156,2050,210951,97982.5,2560.7
RTEZRA,FALSE,15,1347,210696,114558.18,2263.53
KXLIVTOP10,TRUE,48,1632,210419,69674.46,1731.66
KXPERFORMSONGJB,FALSE,6,3440,210397,138046.71,2361.06
KXEARNINGSMENTIONCAR,FALSE,10,2339,209978,66908.42,935.23
KXCREDITRATING,FALSE,347,3350,209950,40081.49,1922.31
AILEGISLATION,FALSE,370,2659,209647,21567.13,1135.36
KXMLBWORSTRECORD,TRUE,93,4777,208994,25077.19,1195.97
KXRECBILL,FALSE,178,3040,208931,133935.43,2488.48
KXBTCRESERVECOUNTRY,FALSE,115,2112,208806,69420.26,1587.02
CABINETRONPAUL,FALSE,66,1251,208671,25970.16,1454.91
KXTHELASTOFUSS2,FALSE,13,1702,208643,85631.41,1638.01
KXMARMADSEEDDIF,TRUE,17,2458,208266,72617.76,1701.02
KXCAN2ND,FALSE,83,2378,208117,88141.91,2489.17
KXATPMC,TRUE,4,2389,208022,120415.22,2415.92
KXEREDIVISIESPREAD,TRUE,12,2822,208003,66903.27,1320.56
KXSTABLECOIN,FALSE,91,1553,207929,151875.51,2063.02
KXMENTIONEARNNKE,FALSE,10,5289,207836,103079.51,1881.67
KXDJTRGA,FALSE,2,3188,207663,111740.6,1778.94
KXPERUPRES1RMOV,FALSE,32,1450,207397,26321.37,678.95
KXHANTACOUNTRY,FALSE,8,3628,206664,95715.08,2691.63
KXBTCATH,FALSE,28,1723,206640,47580.84,1518.71
KXCCAPRICE,FALSE,13,95,206320,123610.14,3325.71
KXTARIFFSG,FALSE,42,2706,206157,47612.68,1960.11
KXEARNINGSMENTIONDASH,FALSE,6,3776,206012,62745.28,1512.83
KXNCAAMBIG12,TRUE,32,1866,205991,66820.89,2042.62
KXTARIFFENDPRC,FALSE,73,2759,205925,82135.45,2217.12
KXNORWAYPM,FALSE,102,1284,205917,88688.05,1302.45
GOVPARTYDE,FALSE,25,109,205516,175146.13,517.22
KXUCLACOACH,TRUE,40,813,205366,147296.3,932.32
KXVOTERID,FALSE,135,3570,204994,118868.6,2636.85
KXNBASWEEP,TRUE,29,3278,204979,72045.42,1728.4
KXSIXKINGSSLAM,TRUE,6,2039,204755,87196.41,2920.86
KXCHISNOWXMAS,FALSE,14,2896,204498,17382.99,1035.76
KXCRYPTODAY1,FALSE,4,1655,204469,73973.89,2591.69
KXEARNINGSMENTIONCAVA,FALSE,32,3214,204153,81082.92,1307.18
KXGGGNOMMCOMFILMACTR,FALSE,41,463,204086,87573.75,2424.87
KXSOLMAXMON,FALSE,32,2550,202976,62767.72,2265.81
KXEFLCHAMPIONSHIPSPREAD,TRUE,19,2808,202902,49529.56,1312.48
TIKTOKSELL,FALSE,44,1357,202826,163137.59,1792.71
PRESPARTYMA,FALSE,47,866,202761,57614.27,398.48
KXVOTEBUDGETRESS,FALSE,5,280,202659,14476.32,239.22
KXRETIREMM,FALSE,302,5584,202519,53928.36,2706.85
KXNHLPRES,TRUE,160,2163,202137,52654.24,861.11
KXVOTEDRFK,FALSE,6,1117,202043,11866.47,758.29
KXIPOOPENAI,FALSE,223,4100,201899,65370.59,2241.11
POPVOTEDJTTX,FALSE,45,2595,201865,122501.41,2165.53
KXFT,FALSE,114,2826,201753,96058.35,1965.53
KXRECCOUNT,FALSE,242,1539,201694,67651.89,1851.53
KXBLUETSUNAMICOMBO,FALSE,149,4322,201454,75423.97,3229.25
KXHOUSNOWM,FALSE,118,3573,201115,17189.36,1028.02
KXIPOSTARLINK,FALSE,176,2713,200865,17475.39,1018.56
KXBAFTASUPACTR,FALSE,76,2847,200819,52622.68,1753.1
KXDEFICIT,FALSE,191,2863,200746,85415.64,2641.67
KXCANNESPALMEDOR,FALSE,58,1860,200242,27183,1339.02
KXGOVMINOMR,FALSE,180,3779,200237,64951.39,2512.97
KXSENATESCR,FALSE,182,2878,200018,102534.05,1782.33
KXTRUMPRESIGN,FALSE,413,4309,199816,38850.65,2198.28
KXEVENTTIMES,FALSE,185,2133,199395,94599.95,920.14
KXAAAGASMAXCA,FALSE,314,3740,199336,77811.35,1878.67
KXGOVNYNOMD,FALSE,434,3460,199104,82452.59,1351.12
KXCABFAIL,FALSE,137,1614,199009,46901.87,2112.72
KXANTHROPICRISK,FALSE,8,1369,198876,85063.46,2866.12
KXMAMDANIEO,FALSE,45,1233,198537,89184.22,1233.98
GOVPARTYNC,FALSE,77,789,198495,58721.11,653.21
KXCHAMPTOUR,TRUE,15,5697,198316,76981.02,1522.53
KXHALFTRIL,FALSE,236,1514,198300,137903.36,1978.87
KXSOTHLEAVE,FALSE,384,4038,198147,40559.04,2049.58
KXLOSEPRIMARYHOUSER,FALSE,116,6033,198098,45637.24,2022.71
KXBACHELORETTEELIMINATION,FALSE,24,4949,198018,33839.14,1011.53
KXOSCARNOMCIN,FALSE,60,3836,197817,59028.2,1639.8
KXADAMSDLEAVE,FALSE,292,4503,197800,68674.52,2749.42
KXBLUEWAVECOMBO,FALSE,152,4486,197568,140876.81,2776.62
KXCRITICSFOREIGN,FALSE,77,1971,197469,89253.44,1950.58
SFFA,FALSE,310,2354,197263,116184.62,2864.82
VAXMAND,FALSE,43,1253,197076,111032.06,2456.99
KXAGNOMTXR,FALSE,125,3557,196991,89539.78,2373.98
KXTOP5POP,FALSE,34,1514,196757,122037.17,764.17
KXELECTVENEZUELA,FALSE,114,1440,196014,44838.21,2045.74
KX3RDPARTY,FALSE,40,779,195751,42131.92,1913.91
KXNCAABACC,TRUE,5,2042,195642,114535.31,2265.73
KXUKPARTY,FALSE,242,2029,195020,43591.48,2014.13
KXAAAGASMINTX,FALSE,271,2564,194738,31364.09,1174.51
KXNBAPLAYOFFWINS,TRUE,30,3665,194564,113050.18,2431.88
KXADAMSDROPOUTBY,FALSE,13,1736,194482,78685.83,2138.89
KXHUNGARYPARLI,FALSE,119,960,194325,99552.86,2487.16
SENATEIA,FALSE,298,2079,194325,100138.7,3022.9
TOPTEN,FALSE,74,2320,194305,144737.85,2108.25
RTBEETLEJUICE,FALSE,32,1222,194239,112458.59,1614.47
KXSCOTUSN,FALSE,349,2258,194181,66264.09,2394.95
KXGOVNJNOMR,FALSE,129,1742,194174,89629.56,1476.5
HURORL,FALSE,230,2034,193996,32401.7,1650.09
KXBUNDESLIGA,TRUE,159,621,193794,103766.82,1378.9
KXKASHANNOUNCEOUT,FALSE,41,4333,193724,63194.24,2403.75
KXTXRUNOFFENDORSE,FALSE,71,1730,193688,82095.74,2592.81
KXTSLA,FALSE,36,2763,193597,100161.39,3028.03
KXDRAKEMENTION,FALSE,23,6665,193427,80153.4,2077.44
KXRATECUT,FALSE,77,2254,193249,110648.93,3162.99
GPT5,FALSE,324,2156,192452,80835.32,2208.32
KXDNCCHAIR,FALSE,68,1869,192017,84942.68,2727.54
PRESPARTYVT,FALSE,40,606,191806,39238.44,339.84
KXSECTRANS,FALSE,60,1033,191611,55964.46,1911.59
KXMUSKUNFOLLOWDJT,FALSE,189,3630,191180,49204.61,2079.36
KXNEXTTEAMMICAH,TRUE,29,2742,191044,86873.71,1575.3
KXUFCLHEAVYWEIGHTTITLE,TRUE,239,6479,190507,43328.03,1888.35
KXTRADEOFFNBA,TRUE,113,1709,190382,33716.95,1713.3
KXCONGESTIONEND,FALSE,270,2436,190227,71598.57,2037.65
CORPTAX,FALSE,277,1984,190182,47869.29,1705.69
BOOSTER,FALSE,141,2851,190008,89837.24,1377.28
KXARRESTMAMDANI,FALSE,121,819,189138,7768.23,516.21
KXMLBBESTRECORD,TRUE,96,2958,188939,33320.22,1360.49
KXNBAWINS-BOS,TRUE,171,2076,188748,69618.19,1419.62
KXMCMAHONCOUNT,FALSE,37,3194,188556,91588.95,1789.43
KXCULTUREMENTION,FALSE,1,2306,188502,39337.99,881.32
KXNBAWINS-DEN,TRUE,160,1385,188485,38480.43,1131.4
KXTRUMPNETFAVINAUG,FALSE,10,1997,188328,29190.74,1511.45
KXRECOGPALESTINE,FALSE,244,2582,188303,73805.73,1790.56
KXRFKMENTION,FALSE,6,7573,188249,99746.33,1426.76
KXNBAPACIFIC,TRUE,90,1929,188220,56864.98,1680.74
KXLTGOVVA,FALSE,61,867,187647,96788.93,727.8
GOVPARTYMI,FALSE,272,2397,187076,57517.19,2307.99
GOVPARTYMN,FALSE,229,2216,186891,92496.51,1875.9
KXLIVTOP5,TRUE,45,1903,186706,82320.94,1790.23
KXLEADERNFLRYDS,TRUE,75,4627,186147,80384.18,1849.32
KXFEDDISSENT,FALSE,97,3314,185962,61524.94,1661.43
KXTOKENLAUNCH,FALSE,212,3067,185942,139556.45,1481.74
KXOSCARDSFILM,FALSE,51,3824,185817,83741.85,1845.34
KXTRUMPAPPROVALBELOW,FALSE,154,4446,185702,97188.1,2481.34
KXECDJT283,FALSE,34,871,185702,11522.02,691.1
KXPORTUGALSEGUROSWEEP,FALSE,26,1353,185534,165529.99,1086.41
OSCARASPLAY,FALSE,173,1771,185474,49474.24,1887.85
KXLAMAYORRESIGN,FALSE,47,1618,185459,17025.65,994.56
KXNBAUNBEATEN,TRUE,9,1027,185370,12744.86,833.98
KXCBDECISIONCHINA,FALSE,103,3882,185244,66660.34,999.5
KXPGAR1TOP20,TRUE,7,3195,185081,99998.34,2797.85
KXWCROUND,TRUE,102,3411,184967,57317.75,2226.95
KXFIDECANDIDATES,TRUE,134,1516,184676,47590.05,1407.1
KXESPSUPERCUPADVANCE,TRUE,4,1878,184450,104954.56,2743.68
KXECBMENTION,FALSE,6,1301,184435,44039.27,391.2
KXACQUANNOUNCEPINS,FALSE,132,4752,184211,22440.82,1334.4
KXBRAZILU,FALSE,139,881,184198,96325.99,1337.91
KXPOLANDROUND1,FALSE,7,1049,184072,103997.02,1127.04
KXECDJT322,FALSE,32,1149,183877,15031.47,883.89
KXRTNOWYOUSEEME3,FALSE,32,2204,183800,61619.93,1408.75
KXOSCARNOMBCASTING,FALSE,174,3725,183746,76168.7,2305.2
KXBRYSONCOURSERECORDS,TRUE,113,1477,183404,86970.65,2042.27
KXAGANNOUNCE,FALSE,41,2555,182920,67601.13,2250.65
KXCRITICSACTR,FALSE,75,1876,182758,51116.75,1658.36
KXCPICOREA,FALSE,198,1191,182675,37386.29,1597.7
KXNEWSCOTUSCONF,FALSE,357,3416,182072,45944.13,1770.33
KXUEFANLGAME,TRUE,2,1787,181876,87019.86,1624.64
PRESPARTYCT,FALSE,39,646,180699,37655.86,410.27
KXTOPALBUMSPOTIFY,FALSE,192,2931,180598,48356.7,741.39
KXNFL4QSPREAD,TRUE,6,2239,180564,91607.33,2187.05
KXTOPARTISTRUNNERUP,FALSE,143,1872,180413,56153.39,541.26
KXNBADRAFTTOP5,TRUE,8,2812,180167,103317.26,1945.72
KXATPGTOTAL,TRUE,8,1899,180094,103733.84,2145
KXEARNINGSMENTIONDAL,FALSE,26,2112,180090,83104.89,1275.76
KXUELBTTS,TRUE,4,2908,180083,91247.31,2773.21
COVVC,FALSE,576,2152,180061,26633.98,1382.52
KXIIHFGAME,TRUE,7,2306,179757,98337.79,1417
KXRTRENTALFAMILY,FALSE,41,1770,179695,73984.72,1772.7
KXJUDGEMENTDAYGAME,FALSE,9,8403,179556,98556.51,2809.74
KXEARNINGSMENTIONMRVL,FALSE,13,2731,179527,65271.33,1359.01
KXGGGNOMDIR,FALSE,42,538,179207,72646.97,2007.99
KXLLAMA5,FALSE,235,2237,178867,44697.54,1759.86
KXSNOOPMENTION,FALSE,1,3636,178646,118970,1134.88
KXGPT5,FALSE,210,1779,178492,138946.16,1753.18
KXNEWPOPEROUNDS,FALSE,14,2133,178331,39620.89,1066.44
KXSIXKINGSSLAMMATCH,TRUE,3,858,178305,69483.63,947.1
KXEARNINGSMENTIONLLY,FALSE,16,3748,178247,83672.25,1211.39
KXNBAWINS-PHX,TRUE,166,1729,178178,70350.85,1879.74
KXGAETZCOUNT,FALSE,40,339,178147,126400.26,714.78
KXNBAWINS-HOU,TRUE,164,1386,177870,65301.92,1958.98
KXEUROVISIONFIRSTSFINAL,FALSE,5,2902,177851,95981.9,1674.24
KXMOVILSENATED,FALSE,38,2167,177851,63208.08,1489.91
ARCTICICEMIN,FALSE,323,2075,177554,88957.6,1681.74
KXEARNINGSMENTIONRKLB,FALSE,10,2780,177517,85943.22,1033.24
KXCOPADOBRASILSPREAD,TRUE,7,2569,177480,40160.99,1385.82
KXNC04D,FALSE,61,4185,177467,81817.05,1811.26
KXSWENCOUNTERS,FALSE,143,2568,177272,85215.22,984.87
KXRTREGRETTINGYOU,FALSE,31,1281,177228,43953.58,1099.15
KXCRITICSCINE,FALSE,84,1929,177070,46793.34,1711.97
KXNYCLASTROUNDMARGIN,FALSE,24,5269,177018,51283.99,1034.17
KXMAMDANISHERRILL,FALSE,26,1000,176751,82955.68,992.8
KXGOVCAPRIMARYPARTY,FALSE,148,2512,176665,42780.9,1398.83
KXHIGHMOVDJT,FALSE,42,1072,176361,90901.56,706.58
KXWNBAMVP,TRUE,111,1706,175798,49687.62,1269.96
FEDCONF,FALSE,100,1844,175781,67721.84,1786.27
KXMTCH,FALSE,28,645,175774,47294.17,970.67
KXAFCON,TRUE,17,3346,175722,53656.66,1917.9
KXWCCREG,FALSE,131,2231,175551,73164.42,1779.94
KXTRUMPCALL,FALSE,34,3379,175111,113831.41,1492.92
KXPCTVOTEMAMR1,FALSE,25,894,174446,30677.47,568.95
KXSPOTIFYSONG,FALSE,258,4536,174292,52732.44,1428.17
KXXCEOCHANGE,FALSE,194,1230,174268,123205.6,1292.22
KXTHEMASKEDSINGER,FALSE,85,2893,173169,46829.25,749.62
HOUSEAZ6,FALSE,93,973,173156,86785.6,1455.26
KXPGAMAJORTOP10,TRUE,84,2875,172930,30376.41,1495.53
KXA10REG,FALSE,122,1418,172835,15050.78,577.74
RTWATCHERS,FALSE,20,1164,172708,64252.15,1681.46
KXBANNONMENTION,FALSE,16,3802,172292,58459.93,784.36
KXSCHUMEROUT,FALSE,332,2798,172024,18960.65,1111.69
KXTOPALBUMRECORDGNX,FALSE,32,1507,171924,54534.12,1988.99
KXDFBPOKALSPREAD,TRUE,2,1323,171872,71728.39,2246.15
KXWHCDATTEND,FALSE,32,1867,171839,148617.5,635.5
KXNCAABBIG12,TRUE,5,1818,171753,90460.46,1867.18
PRESPARTYMD,FALSE,37,534,171582,44560.47,343.4
KXTARIFFSCOPPER,FALSE,135,1863,171291,117516.93,2244.26
KXNYCBOROUGHWINMAN,FALSE,33,1905,171026,99036.51,1644.98
WRECSS,FALSE,524,2912,170994,71922.71,2351.05
KXAGENCYELIM,FALSE,312,2995,170871,81305.09,2242.83
KXBUCHARESTMAYOR,FALSE,84,2166,170763,68583.21,1267.24
KXAVGMEASLESDJT,FALSE,290,2144,170733,128564.16,1417.18
KXCRITICALITY,FALSE,221,3036,170630,101666.14,2193.17
KXPARDONSTRUMP,FALSE,203,3806,170546,96870.8,1424.86
HMONTH,FALSE,271,2550,170532,116934.68,1808.55
RTTRANSFORMERSONE,FALSE,95,1446,170155,80599.78,1777.53
TOPALBUMRECORD,FALSE,141,1964,170101,67410.06,1668.22
KXSTREAMERHAIRCUT,FALSE,29,2910,169855,145486.91,1307.72
KXRTMATERIALISTS,FALSE,27,1428,169820,93109.94,1846.06
KXGRAMBCSFVM,FALSE,64,2004,169603,54007.43,876.23
KXEUROVISIONTELEV,FALSE,35,1143,169515,31282.32,1428.71
HOUSECO8,FALSE,78,775,169502,105962.88,1276.49
KXEFLCUPTOTAL,TRUE,2,1676,169225,73235.02,2266.18
KXCOLOMBIAPRESR1,FALSE,71,2424,168853,61303.57,1531.47
RTTHEFALLGUY,FALSE,29,1384,168596,71449.72,1207.39
KXNHLMENTION,TRUE,13,2612,168393,86397.17,625.52
KXEARNINGSMENTIONSFM,FALSE,3,2816,168358,61441.1,1266.35
KXMARATHON,FALSE,34,2150,168261,44222.45,1295.58
KXROLEINPRODUCTIONDOOMSDAY,FALSE,127,8618,167956,96132.11,2430.88
KXDOGEMAXMON-DOGE,FALSE,86,4183,167710,33401.5,1462.46
KXMWREG,FALSE,130,2509,167648,37315.9,1431.32
KXNYCMAYORDSECOND,FALSE,47,1541,167603,56403.02,1372.31
KXWONORDIC,FALSE,15,1474,167589,53934.6,1697.47
KXLEADERMLBHR,TRUE,93,2627,167524,20525.82,1122.85
KXMLBSEASONHR,TRUE,51,3715,167395,52778.99,2054.34
POPVOTEKHCA,FALSE,43,974,167362,28035.85,1292.88
HARVARD,FALSE,213,1608,166483,92573.08,1798.26
KXNBAWINS-CHI,TRUE,172,1617,166458,68962.95,1702.08
KXSANCTIONRUS,FALSE,53,2454,166419,35408.62,1848.51
KXNBAWINS-CHA,TRUE,165,2150,166031,73722.9,1674.18
KXNBA2NDTEAM,TRUE,49,1239,165671,25053.82,771.08
KXAPCALLSNYC,FALSE,8,3237,165411,96722.57,1451.95
KXECDJT312,FALSE,36,910,165157,98815.97,1173.84
KXFEDLEADJUNE,FALSE,90,1418,165102,52564.22,1197.59
RTABIGAIL,FALSE,18,1507,165063,86244.3,1504.09
KXTARIFFREVENUE,FALSE,191,2396,165044,55073.18,1192.4
KXWHCOS,FALSE,186,1408,165037,147459.36,971.31
KXBLASTRIVALS2,FALSE,3,1083,165000,96534.77,1951.06
KXGOVWINOMD,FALSE,198,3210,164856,43657.8,1945.36
KXTOPALBUMBYDRAKE,FALSE,254,3663,164740,70301.38,1578.69
KXBAFTAOSPLAY,FALSE,75,3996,163752,56441.57,1396.18
KXAAAGASMAX,FALSE,52,2888,163688,62249.07,1988.72
KXRTAMERICANA,FALSE,36,2036,163326,67815.92,1416.85
KXAUSTRALIA,FALSE,100,1096,163197,62932.05,1224.08
KXSENMINORITY,FALSE,67,1061,163057,47590.3,659.51
KXTOP202025,FALSE,159,1916,162877,34081.68,1077.52
KXCONNSMYTHE,TRUE,44,1869,162429,34284.38,1521.23
KXFEDDCEXT,FALSE,45,1326,162226,12228.18,758.29
KXWOSKIMTN,FALSE,17,1647,162071,56224.7,1392.83
KXEARNINGSMENTIONJNJ,FALSE,29,4725,161994,104940.74,1423.26
KXCONFFEDGOV,FALSE,18,1189,161797,58356.99,1873.07
POPVOTEKHNJ,FALSE,43,1387,161502,56649.8,1702.51
KXDAYLIGHT,FALSE,295,2083,161369,28739.2,1500.77
KXATPGRANDSLAM,TRUE,144,2241,161359,52623.48,1304.98
KXTRUMPPUTIN2,FALSE,76,3175,160967,56899.17,1654.67
KXDJTNATOMENTION,FALSE,1,1854,160741,109502.87,829.17
KXCSGOMAP,TRUE,2,1577,160538,86989.32,1442.44
KXBOYCOTTWC,FALSE,174,3698,160256,19049.77,1165.98
RTCHALLENGERS,FALSE,31,1260,159943,81157.67,1275.47
KXLEADERNBAREB,FALSE,135,2445,159733,62440.62,1521.02
KXWALLERMENTION,FALSE,9,1893,159583,89731.29,786.64
KXGPTCOST,FALSE,364,4106,159419,37338.29,1557.41
KXGRAMBCA,FALSE,80,2108,159184,52561.06,1809.28
KXTARIFFCAN,FALSE,73,2427,158728,73760.42,1879.99
KXKNOXAUDIT,FALSE,69,5493,158684,41909.79,1555.39
EURO,FALSE,57,1714,158652,63341.71,1296.36
KXGDPUSMAX,FALSE,442,2772,157995,94288.79,2592.02
KXHFHOUSING,FALSE,235,2164,157491,78285.72,2011.51
WEIGHTDRUGSQ,FALSE,298,2095,157439,61211.87,1713.09
TOPLLM,FALSE,164,1558,157121,98602.1,2346.69
KXGRAMMYCOUNTKEN,FALSE,64,3415,157033,33291.19,1182.21
KXETHMAXM,FALSE,34,1116,156715,26029.89,1328.24
KXNYCSNOWXMAS,FALSE,14,4217,156581,23027.38,1307.04
KXEARNINGSMENTIONCVNA,FALSE,15,4042,156531,59406.9,1206.47
KXEARNINGSMENTIONRY,FALSE,12,1548,156108,96810.29,646.7
KXTRUMPELONCALL,FALSE,7,2286,155969,89613.55,2332.96
ETHATH,FALSE,98,1230,155468,29355.23,1552.35
KXSENATEWVR,FALSE,79,501,155230,62998.52,108.91
KXTRANSSPORTS,FALSE,80,1779,154842,112306.37,1979.77
KXNHLVEZINA,TRUE,154,2164,154739,50808.37,1341.17
KXFURYMENTION,FALSE,3,1166,154716,35118.34,507.12
KXIPLSIX,TRUE,35,2864,154678,60955.73,1389.45
KXWOALPSKI,FALSE,7,1704,154664,62740.82,1236.43
KXFIDESZKDNPSEATS,TRUE,33,1772,154489,78352.17,1686.91
KXSUPERINTWI,FALSE,39,425,154199,63611.56,794.2
KXNYCRENTSY,FALSE,136,1618,153839,88859.19,1013.85
KXTSAMAX,FALSE,15,649,153787,24494.63,1270.38
KXWBCF5TOTAL,TRUE,13,1882,153752,92531.89,1158.23
KXIPLFOUR,TRUE,34,2235,153707,56740.84,1081.95
KXARGPREMDIVTOTAL,TRUE,3,1684,153277,53600.43,1709.22
RTCIVIL,FALSE,19,1547,153036,71505.98,1183.52
KXEARNINGSMENTIONMA,FALSE,2,2536,152684,49265.75,789.94
KXPLTR,FALSE,29,1094,152598,21061.67,655.15
RTSPEAKNOEVIL,FALSE,32,856,152526,73589.67,1608.38
KXSILVERMON,FALSE,70,4584,152428,46176.16,1519.23
KXNEXTTEAMSKUBAL,TRUE,133,1932,152255,62060.81,1225.43
KXNURSESTRIKE,FALSE,38,3259,152084,87436.56,1552.26
RTTRAP,FALSE,32,1329,151930,62107.73,1532.05
GRAMROTY,FALSE,104,1173,151925,18876.02,981.94
TNOTE,FALSE,100,3658,151663,85250.04,1444.18
KXRANKLISTSONGGOL,FALSE,145,1458,151434,102880.23,724.25
KXGGGNOMDRAMAFILMACTO,FALSE,43,942,151386,64346.97,1309.24
KXRETIREPELOSI,FALSE,179,3904,151218,32283.09,1631.75
KXVACCINEREC,FALSE,331,1931,151193,40303.61,1572.36
KXTRUMPBEARCASECOMBO,FALSE,147,3758,151096,29620.52,1672.61
HURNO,FALSE,368,1320,150728,21727.97,1205.98
KXGROK,FALSE,131,3362,150595,54264.52,1262.97
KXEARNINGSMENTIONASTS,FALSE,2,2424,150404,48069.61,762.53
KXOH9R,FALSE,91,1541,150184,38153.84,628.5
KXMCCODBLOPS7,FALSE,41,1705,150142,76758.17,1197.3
KXDOGSHOWMENTION,FALSE,7,3274,149835,52979.42,837.49
KXATPIWO,TRUE,6,1548,149758,79729.32,1715.82
KXHOLEINONE,FALSE,6,2684,149714,29555.11,1537.76
KXNFL2QWINNER,TRUE,7,2965,149713,62802.1,1711.4
KXFORMALNOMGAETZ,TRUE,18,195,149667,14573.59,620.51
KXLEAVECRACKERBARREL,FALSE,115,1636,149209,27816.58,1520.22
KXTRUMPENDORSEMENTS,FALSE,31,1895,148583,82865.25,906.62
BBB,FALSE,133,1645,148561,79225.32,1611.06
KXWTAIWO,TRUE,5,1550,148366,82535.01,1821.93
KXTOPALBUMBYCARDIB,FALSE,91,2578,148093,107196.91,1619.54
KXCALLIMPEACHRCONGRESS,FALSE,273,3208,148058,31657.1,1561.8
KXPROP50COUNTIES,FALSE,41,1718,147726,111614.31,1220.64
KXPGLBUCH,FALSE,3,270,147629,65270.95,1838.69
KXNFL2HTOTAL,TRUE,7,2475,147601,90304.57,1890.7
KXNCAAFD3,TRUE,26,1552,147522,70484.97,1696.77
KXIRISHPM,FALSE,58,1011,147512,61882.98,919.93
KXBTCMENTIONVANCE,FALSE,6,2099,147339,71534.07,1527.97
KXNBAWINS-NYK,TRUE,161,1063,147271,22457.58,691.09
KXTOPSONGAPERTURE,FALSE,11,1991,146895,102062.46,1671.43
KXOSCARNOMSBANIMATEDF,FALSE,123,3158,146880,79847.88,1325.43
KXELECTIONMOVMIAMI,FALSE,32,2234,146678,50387.84,1170.49
KXPUREALBUMS,FALSE,23,6007,146611,74163.4,1641.9
KXSPOTIFY2BILLION,FALSE,73,1808,146563,33758.71,597.61
KXSWEBENCH,FALSE,241,1968,146478,73697.2,1574.63
KXNCAABBIGEAST,TRUE,5,1532,145938,76371.48,1869.41
KXDEBATEMAMDANICUOMO,FALSE,36,1881,145909,134158.09,730.57
KXOPENAIDAYS,FALSE,13,939,145872,56738.73,1515.62
KXLEAVEHOUSE,FALSE,31,1882,145822,30342.55,1350.36
KXOPENAICEOCHANGE,FALSE,313,2836,145818,24831.59,1318.64
KXNBADRAFTTEAM,TRUE,5,5091,145679,14882.65,634.33
KXRTRETURNTOSILENTHILL,FALSE,34,1844,145387,28778.85,670.34
KXMLBNLMOTY,TRUE,119,857,145327,21584.69,993.38
KXAISONG,FALSE,302,3124,145321,35545.88,1647.72
KXSOLD26,FALSE,160,2902,145188,51280.31,1797.74
KXTARIFFSEMI,FALSE,234,2160,145163,58840.87,1740.61
KXMAG7BTC,FALSE,303,2316,144583,30985.61,1346.84
KXGGGNOMFILMSUPACTR,FALSE,40,584,144579,92341.59,1599.32
KXTN07SPECIAL,FALSE,9,1875,144459,35913.65,810.67
KXTDEFICITHALF,FALSE,194,1207,144359,126692.29,663.74
KXWLEADERUKR,FALSE,26,4113,144172,31740.71,1518.92
KXNBAWINS-SAC,TRUE,168,1693,144013,45860.25,1169.7
KXFOOTBALL1001,TRUE,54,553,143936,50348.22,424.58
KXEARNINGSMENTIONHLT,FALSE,7,3777,143889,52041.34,1142.32
KXNHLROSS,TRUE,118,2896,143850,50105.94,1631.8
ARGDOLLAR,FALSE,369,1116,143784,15088.55,904.94
KXTOPALBUMJUSTINBIEBER,FALSE,136,2414,143629,41376.26,1347.36
KXUCLFIRSTGOAL,TRUE,21,1390,143438,27478.15,1056.77
KXNBAWEST1SEED,TRUE,91,2926,143338,50790.44,1125.67
KXAMAAOTY,FALSE,6,1964,143323,37160.74,1066.03
KXGGLSERIESACTR,FALSE,97,2361,142761,35505.69,1236.97
KXRANKLISTSONGLASTCHRISTMAS,FALSE,7,548,142485,36934.53,942.92
KXTRUMPSCOTUS,FALSE,20,1698,141780,17677.02,938.31
KXSOLAR,FALSE,219,2497,141527,54410.89,1037.59
KXAAAGASMAXFL,FALSE,150,1279,141472,111204.96,563.7
KXBEASTWATER,FALSE,20,1479,141077,114038.12,1122.79
KXPHOENIXOPEN,FALSE,3,540,141068,9415.86,514.83
KXPRESMATCHUP,FALSE,38,940,140891,12903.77,778.39
KXSHERRILLCOUNTIES,FALSE,31,1735,140876,69719.73,1478.18
KXTOPALBUMRUNNERUPUSA,FALSE,85,813,140817,6544.48,281.74
KXNEXTTEAMTYREEK,TRUE,108,909,140766,108373.19,448.75
KXALBUMRELEASEDATEASAP,FALSE,73,2612,140553,127397.18,390.59
KXIMPEACHCABINET,FALSE,149,2872,140336,22991.57,1161.99
KXGRAMMYNOMROTY,FALSE,140,1033,140313,63170.92,1035.07
KXIRELANDPRES,FALSE,95,1489,140211,39379.04,1109.46
KXCOMMENTSWIFTRUMP,FALSE,48,3432,140148,20087.63,1154.48
KXHULKHOGANATTEND,FALSE,13,2603,140058,50648.09,1348.74
KXMIDSEASONINVITATIONALB,TRUE,13,1710,139932,51247.89,1649.78
SNOWNY,FALSE,32,1800,139826,68947.89,1352.8
KXKYPRIMARY,FALSE,45,988,139811,50712.28,1004.83
KXIHEART,FALSE,21,1561,139607,50535.68,926.75
KXLAPRIMARY,FALSE,66,1221,139218,63573.71,793.08
KXALITOOUT,FALSE,87,2306,139021,48890.52,1896.73
KXUCL1HTOTAL,TRUE,6,1497,138971,59922.77,1869.97
KXRANKLISTSONGXMASTOP5,FALSE,32,947,138846,51425.41,689.06
KXGGMCOMTV,FALSE,90,2427,138823,45426.78,430.88
OSCARCOUNTDUNE2,FALSE,260,2975,138823,25020.89,1049.85
KXTIKTOKDJT,FALSE,3,1010,138643,124319.65,771.81
OSCARDIR,FALSE,197,1062,138600,66543.71,716.99
KXTRUMPSTATES,FALSE,143,1815,138392,110002.17,1212.23
KXATF,FALSE,238,2525,138387,45130.01,1491.19
RTTWISTERS,FALSE,32,1245,138385,67105.01,1139.84
KXMARMAD3D,TRUE,24,1788,138323,10004.51,613.46
KXSFOSNOWM,FALSE,130,1095,138250,3420.94,232.34
KXNHLOVERTIME,TRUE,17,3583,138133,44633.82,1667.31
KXSENATEILR,FALSE,62,1338,137874,111069.49,426.9
KXGGDRAMATVACTR,FALSE,100,2547,137705,47698.38,922.67
KXRENAMECOMMANDERS,FALSE,138,1556,137697,8213.33,536.38
KXSHAKETRUMPXI,FALSE,5,1736,137660,82552.31,966.16
ECONPATH,FALSE,232,1152,137468,39456.05,1056.13
KXEXHIBITIONMEN,FALSE,2,693,137339,45960.65,946.19
KXPLAGUECOUNT,FALSE,140,3345,137215,51447.11,1122.18
KXEARNINGSMENTIONCHWY,FALSE,8,2164,137083,42061.52,643.28
KXPARISMAYOR,FALSE,83,1939,136565,65946.57,1260.78
KXMENTIONEARNAIR,FALSE,3,1267,136466,22648.91,531.48
SAG,FALSE,111,1071,136465,68945.18,1228.5
KXSTRGMOTY,FALSE,20,2852,136412,56167.79,1858.63
KXMARMADPTS,TRUE,25,2047,136128,16971.62,535.37
CABINETDIMON,FALSE,71,896,136045,11576.61,714.17
KXTRUMPSS,FALSE,49,1354,135976,61014.91,1659.89
KXGILLISESPYS,FALSE,7,2287,135540,72786.01,1199.32
KXMULLINCONF,FALSE,18,1395,135353,109620.16,1092.67
KXGRAMBROA,FALSE,72,1379,135292,30476.99,953.87
KXMAKARYOUT,FALSE,8,1575,135213,110685.01,1177.1
KXDJTWOMENS,FALSE,2,1773,134881,72234.2,876.41
KXVACCINEW,FALSE,326,3135,134807,35205.95,1431.3
RTGODZILLAXKONG,FALSE,13,1278,134493,49491.07,1205.3
KX1SONGTAYLORSWIFT,FALSE,111,1242,134297,125744.79,442.63
KXRLGAME,TRUE,3,2601,134130,33095.72,762.51
KXSATOSHIBTCYEAR,FALSE,197,1814,134068,12601.62,798.04
KXTESLAGAS,FALSE,126,17196,133968,5204.63,450.9
KXNEWOUTBREAKPH5N1,FALSE,253,1437,133781,16032.99,877.06
KXVOTESTEFANIK,FALSE,30,1198,133511,47044.66,809.06
COSTCOHOTDOG,FALSE,539,2899,133341,17916.32,1024.33
KXPOPEVISIT,FALSE,148,1269,132997,40265.17,1810.44
KXAMEND25,FALSE,194,2746,132841,40175.43,1955.75
KXFBUSTER,FALSE,136,1261,132774,23645.49,1304.37
KX10SONG,FALSE,133,3694,132707,63970.24,1555.48
KXBAFTADIR,FALSE,74,2090,132168,42305.97,893.16
KXTARIFFEUAUTO,FALSE,117,2154,132034,68726.86,1740.53
KXCIA,FALSE,57,724,132034,29087.24,544
OSCARSPLAY,FALSE,160,1150,131971,38297.6,1266.03
KXSTRMRTSA,FALSE,20,1243,131895,43473.57,1443.97
KXMLBALRELOTY,TRUE,123,556,131546,34485.29,1299.45
KXCRYPTOCAPGAIN,FALSE,211,1562,131537,10473.75,644.82
KXRECALLNEWSOM,FALSE,165,1109,131442,27955.33,1375.83
KXPA3D,FALSE,112,2353,131321,51587.89,1953.74
KXGAETZ,FALSE,17,834,131204,17724.02,978.9
KXNYCBOROUGHWINBRON,FALSE,19,492,131141,59373.46,279.28
RTTERRIFIER3,FALSE,31,792,131132,58107.65,1350.16
POPVOTEKHMN,FALSE,34,848,130671,101126.69,1390.27
KXSONGCHARTTSWIFT,FALSE,6,387,130487,4805.55,320.7
KXAWARDSCMAAOTY,FALSE,31,3073,130423,43793.87,1348.09
KXGOVTRECOGSYRIA,FALSE,103,3414,130290,50473.02,1536.18
GOVPARTYIA,FALSE,234,1429,130041,60310,2098.98
KXAOH1996,FALSE,205,1240,129834,10310.83,541.92
KXPGAWINNERREGION,TRUE,11,1942,129475,43042.14,1447.47
KXSEYCHELLESPRES,FALSE,64,2458,129475,67487.9,1793.11
KXMOONMAN,FALSE,303,4467,129339,49457.94,1744.61
KXVAHOUSEDEM,FALSE,74,1303,129325,37278.69,1201.2
KXGRAMBMV,FALSE,72,1664,129292,29557.17,688.72
OSCARSUPACTO,FALSE,170,1011,129233,50201.02,822.97
KXNORWAYPARTY,FALSE,124,1321,129051,85869.35,869.1
KXCOMPANYACTIONMERGER,FALSE,49,1609,129001,22034.46,1148.46
KXDOGEMAXY,FALSE,41,1948,128837,35587.94,1182.02
HOTYEAR,FALSE,126,1702,128610,51582.65,1315.38
KXTECHRANKLISTAI2,FALSE,12,1814,128465,40388.3,413.37
KXTRUMPNOMW,FALSE,54,1814,128434,44928.76,1378.39
KXCOMPANYACTIONYOUTUBE,FALSE,15,1090,128421,56416.72,1452.42
KXEFLCUPSPREAD,TRUE,2,1762,128404,20855.82,981.39
KXNBAPIADVANCE,TRUE,27,1384,128336,54543.29,1423.25
KXNFL3QSPREAD,TRUE,6,1720,128288,42616.49,1286.71
KXNBAATLANTIC,TRUE,94,1716,128279,54044.66,1564.79
APPLEFOLD,FALSE,461,2927,128243,62732.92,1111.59
KXTX18SPECIAL,FALSE,82,1595,128164,66589.8,771.98
KXSTEAMPRICE,FALSE,167,3064,127971,60800.29,1535.74
KXBUDGETCUT,FALSE,129,1099,127952,98204.79,1082.54
KXTOPALBUMBYARIANA,FALSE,95,1392,127866,38218.68,1534.64
OSCARNOMACTO,FALSE,223,1501,127725,75063.39,1540.12
CASE7DTX,FALSE,74,1714,127312,47302.35,1407.3
KXCAPROP50OUTPERFORMVOTEHUB,FALSE,44,2152,127309,110387.1,925.05
KXSPOTIFYSONGSMANCHILD,FALSE,39,1978,127216,63040.95,1193.99
COVVHC,FALSE,129,1188,127132,33601.18,1539.61
KXFLPRIMARY,FALSE,41,1725,126608,33102.48,969.96
KXNEXTDHSSEC,FALSE,70,962,126439,71983.09,497.08
KXGRAMBRP,FALSE,151,1835,126252,35705.25,798.55
KXCAPMLEAVE,FALSE,21,1333,126194,57077.45,825.31
KXNBAWINS-CLE,TRUE,161,1291,126001,43576.97,1179.17
KXAAPLPRICE17OVER16,FALSE,50,3155,125947,43068.69,1720.62
KXTOPALBUMSPOTIFYRUNNERUP,FALSE,150,1788,125933,47201.31,856.28
KXWBCGROUP,TRUE,14,2605,125933,50072,1228.97
KXHURPATHGENERAL,FALSE,44,1996,125875,33623.44,1476.88
KXMUSKNW,FALSE,46,2921,125614,49797.2,1366.21
GBP,FALSE,31,1566,125566,58648.79,491.17
KXUFCMIDDLEWEIGHTTITLE,TRUE,202,3786,125525,39415.47,1309.76
KXGOVSDNOMR,FALSE,126,2368,125315,42489.8,1627.99
KXGGDRAMATVACTO,FALSE,116,3175,125178,30980.04,563.35
TEMP,FALSE,138,1102,125156,13495.76,781.07
KXNHLSERIESSPREAD,TRUE,31,1118,124844,62277.43,1846.46
KXAIRTAGS2PRICE,FALSE,157,3476,124646,25798.55,983.01
KXTOPALBUMKENDRICK,FALSE,10,726,124601,118305.98,411.94
KXMSUNIVERSETOPTHREE,FALSE,11,473,124396,47007.37,1208.75
KXTRUMPVISITGREENLAND,FALSE,11,827,124289,2518.49,174.88
KXSTOCKXLABUBUENERGY,FALSE,37,1778,124279,44286.17,1046.13
KXHUNGARYTURNOUT,FALSE,17,1370,124247,91901.68,798.25
KXWBCMENTION-WORLD,TRUE,2,2661,124245,67220.62,731.54
KXCANTERRITORY,FALSE,296,2315,124117,18839.94,1117.67
KXGREENIND,FALSE,268,2386,124069,17862.25,995.85
KXF1FASTESTLAP,TRUE,16,1890,124037,41195.78,1571.34
MANCHIN,FALSE,255,874,124016,66979.61,830.94
KXLYRICNEWSWIFT,FALSE,11,1414,124003,67627.9,730.32
KXRESCISSIONBILL,FALSE,144,937,123920,80122.71,1196.51
KXNEWPOPE,FALSE,180,8565,123862,6625.47,477.8
KXDEMSENATEPRIMARYCOMBO,FALSE,90,7005,123617,60375.21,1917.91
OSCARNOMSUPACTO,FALSE,199,1516,123595,58515.4,1449.33
KXKHBLUEWALL,FALSE,40,1294,123463,17613.24,942.14
KXNBAPLAYIN,TRUE,60,1308,123020,35169.9,684.23
KXNBADRAFTPICK,TRUE,99,2453,122961,34985.7,1406.88
BTCMAXM,FALSE,85,1732,122927,37901.05,1177.02
KXOSCARNOMBSOUND,FALSE,41,2283,122865,40208.05,991.9
KXGGGNOMAFILM,FALSE,36,291,122732,61203.97,1762.68
KXBIDENNEBRASKA,FALSE,8,1988,122430,112695.44,579.67
KXMENTIONEARNFDX,FALSE,2,4179,122382,58880.76,1408.61
KXBEZELD,FALSE,44,2235,122205,90944.61,1399.2
KXBAFTAACTR,FALSE,81,2227,122064,39580.03,904.79
KXNEWCOACHNYJ,TRUE,44,1629,122047,30998.85,936.71
KXCMEATBANUSA,FALSE,275,2381,121845,10039.04,606.35
KXNBAWINS-POR,TRUE,169,1534,121750,43664.58,1281.73
KXOAIANTH,FALSE,208,6114,121642,65992.57,1868.68
KXNATGASW,FALSE,42,3961,121583,41074.45,924.76
PRESPARTYIN,FALSE,35,655,121555,49225.8,241.92
KXSEXYMAN,FALSE,234,2531,121486,31989.65,1218.47
KXSTEYERMENTION,FALSE,5,1376,121457,26747.97,279.07
KXNHLCALDER,TRUE,197,1468,121289,41843.71,838.43
KXSKACTINGIMPEACH,FALSE,71,1165,120946,21199.98,999.82
PRESPARTYSC,FALSE,36,460,120883,42543.15,216.81
KXNFLDRAFTLB,TRUE,29,3987,120869,35928.09,886.64
COVVOHC,FALSE,318,852,120832,8700.98,548.51
KXGOVMNNOMR,FALSE,155,2021,120500,33943.71,1543.84
KXEUTARIFFSIZE,FALSE,58,3087,120394,43648.47,1317.7
HIGHNY0,FALSE,21,2543,120014,59387.02,968.37
EUROIMF,FALSE,27,1862,119913,49111.28,585.06
KXEWCCHESS2025,TRUE,10,1293,119756,34181.54,1107.83
KXRUNBYMIDTERM,FALSE,166,1146,119592,34212.51,1278.83
KXFEDEND,FALSE,344,1551,119532,11631.3,734.83
KXEUROVISIONJURY,FALSE,31,880,119501,21904.89,1164.54
PRESPARTYLA,FALSE,42,523,119349,78107.48,247.41
KXALBUMEQUIV,FALSE,23,3956,119308,66092.86,1364.13
KXH1B,FALSE,344,2288,119260,61688.38,1850.51
KXLTGOVVANOMD,FALSE,69,1029,119135,32753.84,978.77
KXNEWPOPECONTINENT,FALSE,14,1468,119023,53771.54,884.64
KXNATIONALE,FALSE,56,1991,118999,89251.76,1433.08
KXPRIMEENGCONSUMPTION,FALSE,225,2852,118933,20202.56,914.21
KXSPOTIFYSONGSTLOASG,FALSE,11,1336,118911,26888.12,842.46
KXCABCHANGE,FALSE,222,1659,118812,52231.74,1118.24
KXNFLDRAFTRB,TRUE,28,4118,118777,27167.86,753.66
KXRTDOWNTONABBEY,FALSE,32,1243,118759,60504.96,788.68
KXCLAUDE,FALSE,55,1772,118605,44807.74,1462.13
KXTRUMPPUTINTALK,FALSE,38,3195,118572,29446.08,1193.65
KXUSAMBTOUN,FALSE,32,468,118281,35797.74,468.53
KXIRANEMBASSY,FALSE,75,2792,118189,21696.79,1212.68
KXGRAMBAMA,FALSE,66,1154,117858,30185.93,694.05
KXOSCARNOMSCORE,FALSE,58,2841,117755,32120,1067.22
KXWOBOB,FALSE,5,1199,117696,40947.32,473.73
KXUKBANGROK,FALSE,54,3028,117625,22500.44,1162.15
KXGGGNOMLSERIES,FALSE,43,445,117483,54546.47,1398.24
KXOSCARNOMVISUAL,FALSE,59,3486,117462,54826.17,1434.88
KXMETEOR,FALSE,288,2494,117254,60952.66,1983.72
KXCBDECISIONBRAZIL,FALSE,69,2370,117252,28913.34,1028.49
KXREALID,FALSE,38,2538,117223,16518.81,945.77
FEDRATEMIN,FALSE,227,1034,117208,45470.48,1043.17
KXDUTCHSECOND,FALSE,21,549,117189,18720.66,868.6
KXXIVISITUSA,FALSE,94,1472,117104,4089.42,278.45
KXSUNBELT,FALSE,42,1772,117031,83424.4,1412.39
KXNHLCENTRAL,TRUE,151,1629,117026,24057.44,411.7
KXTULNCOACH,TRUE,6,683,117013,41733.71,940.6
KXKANYEISRAEL,FALSE,141,1502,116682,18944.43,799.22
KXNFL3QTOTAL,TRUE,7,1318,116668,35758.08,1216.63
KXESPYTEAM,FALSE,16,1919,116574,30313.62,979.58
KXUFCFLYWEIGHTTITLE,TRUE,248,2403,116382,21847.85,1004.35
KXWNBASERIES,TRUE,18,1309,116343,52330.21,1173.92
KXMMMENTION,FALSE,6,2062,116333,75845.7,931.19
KXNBAWINS-NOP,TRUE,168,1765,115896,51210.51,1162.86
KXACTORAWARDSATTEND,FALSE,26,2195,115874,37374.44,1029.76
KXTAYLORSWIFTWEDDING,FALSE,232,4501,115714,57262.88,1671.94
KXSENATEWVD,FALSE,60,1645,115310,45602.94,676.99
KXBANCLAVICULAR,FALSE,13,239,115270,110622.68,208.92
KXCHARLIEKIRKOFFICE,FALSE,21,560,115192,6389.5,404.84
KXELECTUKRAINE,FALSE,207,1374,115135,24454.15,1095.89
KXDENMARKGAIN,FALSE,12,755,115129,69167.33,650.22
KXVOTEMULLIN,FALSE,18,820,115084,82432.65,751.25
INFRA,FALSE,13,1266,115000,55289.99,1194.99
KX1SONGARIANAGRANDE,FALSE,110,2029,114928,10599.55,637.66
KXAUSSNOWM,FALSE,122,2696,114919,19481.02,621.61
KXGRAMBROS,FALSE,66,1267,114815,27035.14,679.46
KXLAMAYOR1R,FALSE,17,1106,114800,36422.64,1608.56
KXUSDIRR,FALSE,68,2101,114791,56320.78,892.15
KXNCAAMBFIRST25,TRUE,1,2164,114784,51411.39,1478.42
KXGRAMMYCOUNTKENDRICK,FALSE,72,1395,114720,20164.28,871.23
KXSLOVENIAPARLI,FALSE,49,1584,114693,57224.8,1017.65
KXGGMCOMTVACTO,FALSE,110,2005,114691,39663.26,634.01
KXMENTIONEARNGIS,FALSE,3,1254,114475,38819.57,742.7
KXFRENCHPRES,FALSE,146,1241,114225,22421.45,1157.77
PRESPARTYDE,FALSE,35,527,114123,22392.46,233.06
KXPS6,FALSE,328,3988,114059,43555.52,1683.76
KXARSENALCUPS,TRUE,52,1473,114038,73245.81,1430.94
KXNBAWINS-PHI,TRUE,164,1427,114004,59122.23,1277.86
PRESPARTYRI,FALSE,34,484,113974,27824.55,282.86
RTFIRSTOMEN,FALSE,20,1123,113939,58430.94,1001.09
KXWOXC,FALSE,9,612,113481,38364.5,362.8
KXEARNINGSMENTIONAMD,FALSE,33,1370,113460,60057.25,775.65
KXECDJT287,FALSE,27,798,113094,14088.06,757.41
PRESPARTYDC,FALSE,29,455,112888,24826.36,198.87
KXNEWAAPLVR,FALSE,96,1795,112735,69029.88,1551.6
KXCA11PRIMARY,FALSE,177,2675,112709,65551.63,1323.36
KXINDEXADD,FALSE,134,1461,112551,38624.75,870.09
KXEARNINGSMENTIONAMC,FALSE,37,2028,112446,71944.53,922.56
KXBIGBROTHERBRAZIL,FALSE,90,1869,112412,30527.38,597.39
KXDJTBLUEWALL,FALSE,35,1088,112397,26814.74,1097.02
KXNEWCOACHLV,TRUE,17,1181,112247,30596.38,874.13
KXFEDGOVMENTION,FALSE,8,3140,112221,44364,886.35
KXTESLASEMI,FALSE,238,2633,112210,50560.46,1435.1
KXMENTIONEARNCCL,FALSE,4,2214,112163,38120.42,934.87
KXLOSEPRIMARYSENATED,FALSE,105,2407,111952,34230.05,878.39
KXZERORATE,FALSE,200,748,111793,4479.22,299.07
KXFETTERMANSWITCH,FALSE,123,1159,111624,10095.42,606.79
KXSALT,FALSE,109,897,111479,73460.56,1249.54
KXDEPORTATION,FALSE,70,963,111292,103701.39,481.14
KXCOACHOUTNCAAFB,TRUE,144,1242,111229,37759.45,1112.76
KXOSCARNOMINTERFILM,FALSE,61,3018,111201,46294.21,1113.05
KXRANKLISTSTOCKXBFRIDAY,FALSE,11,762,111200,13415.28,584.72
KXUFCWHITEHOUSE,TRUE,252,2664,111179,95902.4,889.25
PRESPARTYMO,FALSE,30,479,110920,33638.58,243.56
KXTSWIFTDOC,FALSE,131,2686,110805,26297.03,1165.37
KXLEADERNBAAST,FALSE,133,1465,110738,56613.65,1128.75
KXMCMMEN,FALSE,7,1494,110688,39835.3,1246.73
RTSMILE2,FALSE,32,718,110468,56967.71,1257.22
PRESPARTYNE,FALSE,45,502,110415,31632.35,297.66
KXUCL16PSVJUV,TRUE,2,418,110259,65154.91,1523.34
KXCOUNTRYBTC,FALSE,223,1796,110217,80598.26,727.67
KXCABDATE,FALSE,27,316,110149,26279.77,412.85
KXGGGNOMSCORE,FALSE,40,465,110063,28074.86,1145.6
KXGA14SPECIALSECOND,FALSE,19,1228,110038,46988.91,664.62
KXNEWCOACHJAX,TRUE,18,1240,110018,40555.78,828.25
KX1SONGCARDIB,FALSE,119,3713,109859,13253.85,801.88
KXRECNCSVOTE,FALSE,73,1074,109716,40419.02,1075.62
JOBLESS,FALSE,347,2722,109687,57004.35,1719.22
KXFISALENGTH,FALSE,12,708,109558,53831.02,1085.12
KXEARNINGSMENTIONLEVI,FALSE,6,2078,109490,65875.66,791.94
KXVPBREAKS,FALSE,197,918,109362,42973,883.03
KXTRUMPTRICKORTREAT,FALSE,3,1467,109259,96165.84,672.35
KXTIKTOKCERT,FALSE,9,354,109241,101905.21,334.37
KXNYCRENTFREEZE,FALSE,184,3394,109110,74421.59,1559.68
RTACOLYTE,FALSE,51,748,109028,47503.6,1001.72
KXNYCHOT,FALSE,38,619,109024,14672.01,724.38
TRDBAN,FALSE,400,1417,108909,10363.25,612.51
KXALLVOTETG,FALSE,25,1125,108818,10558.78,650.1
KXPLNT,FALSE,21,844,108754,17155.26,225.51
KXCPIGAS,FALSE,76,668,108627,57264.77,998.13
KXPOTUSTWEETS,FALSE,64,2283,108619,18544.92,665.78
RTKINDS,FALSE,64,770,108142,48943.23,1167.51
NASDAQ100M,FALSE,96,2101,108099,30882.84,1094.77
KXUKPMLEAVE,FALSE,224,959,108097,16463.74,917.1
KXLAKENRILEY,FALSE,13,1176,108014,18175.24,705.85
KXDJTMUSKAPOLOGY,FALSE,6,1071,107970,61847.49,604
KXMAYOROAKLAND,FALSE,52,1444,107828,64148.29,1320.89
KXIPODISCORD,FALSE,176,2128,107701,25566.74,862.91
KXROGANDJT,FALSE,5,636,107432,99619.81,457.12
VULTURES,FALSE,149,1616,107096,31879.02,962.32
KXSPOTIFY100MILLIONSWIFT,FALSE,27,1010,106943,95744.43,536.62
KXGOLFMAJORS,TRUE,85,1606,106940,26011.8,1094.56
SENATENH,FALSE,203,783,106908,48028.17,1091.66
KXLLMCHESS,FALSE,204,1586,106623,10809.55,627.36
KXWNBADRAFTTOP3,TRUE,53,2144,106565,65896.68,1313.96
KXVALORANT,TRUE,22,2332,106430,26436.43,1071.06
KXDISAPPROVETARIFF,FALSE,54,600,106385,58579.87,572.94
SENATEKS,FALSE,133,941,106295,45162.83,1095.96
KXGRAMMYCOUNTSWIFT,FALSE,73,1352,106043,24357.27,784.65
KXVETOOVERRIDE,FALSE,178,1692,106043,20906.18,820.56
KXTOPALBUMKANYE,FALSE,335,2458,106032,31210.1,1334.8
KXCANNDPSEATS,FALSE,42,815,106027,61804.96,1071.44
KXHOUSEMINORITY,FALSE,52,932,106005,48143.63,594.57
KXGAMEAWARDSBN,FALSE,45,2030,105843,42358.8,824.86
KXUSMDLFRDM,FALSE,211,3287,105513,16820.43,785.65
KXERS,FALSE,245,3035,105374,50743.24,1462.1
RTMEGALOPOLIS,FALSE,165,976,105202,42036.52,1236.61
KXGGLSERIES,FALSE,97,2037,104758,34485.56,421.86
KXGOVORNOMR,FALSE,126,2000,104718,33935.08,1123
KXSENATEOHSR,FALSE,135,531,104569,16514.16,288.58
KXNEWPOPENAME,FALSE,14,1760,104565,25273.42,940.24
CHINAUSGDP,FALSE,359,1345,104495,25044.18,1317.12
KXDEMOCRACYUS,FALSE,265,1220,104477,78139.46,868.99
KXEARNINGSMENTIONRACE,FALSE,9,1322,104432,84995.1,341.64
KXTUSHPUSH,FALSE,50,2072,104315,38305.74,1098.47
KXRTSOULM8TE,FALSE,33,1367,104257,12234.03,649.89
KXCALIDJT,FALSE,162,1675,104242,24659.59,966.58
KXTEXASBTC,FALSE,124,1395,104233,68498.2,1314.25
KXJONESDROPOUT,FALSE,29,719,104135,11688.08,669.67
KXGGFOREIGNFILM,FALSE,42,1685,104029,29396.61,1117.71
KXWNBA1HTOTAL,TRUE,5,1496,103948,63549.85,1355.5
KXZIWEMENTION,FALSE,10,1149,103788,22716.71,577.6
KX3RDTERM,FALSE,104,396,103553,4758.33,262.32
KXNBAWINS-ORL,TRUE,166,1547,103414,42536.43,1300.95
KXSENATEDEMLEAD,FALSE,97,381,103061,20201.95,777.21
KXTRUMPNOBEL,FALSE,6,1498,103004,42766.12,1219.89
KXNFLDRAFTEDGE,TRUE,31,2125,102893,45243.54,1321.32
KXSUBWAY,FALSE,259,1263,102872,21657.75,734.99
KXNFLDRAFTDB,TRUE,32,2593,102861,44952.37,1255.77
KXINDYCARSERIES,TRUE,74,1391,102711,20240.54,599.41
KXOSCARLAS,FALSE,23,2686,102710,27900.31,1203.15
KXARODGRETIRE,TRUE,225,2816,102521,42554.77,1375.58
KXCHAVEZCOUNT,FALSE,40,858,102501,40968.05,726.21
KXEARNINGSMENTIONANF,FALSE,2,1519,102458,36850.07,417.05
KXOSCARDS,FALSE,23,3402,102447,29979.91,1334.39
KXPOILIEVRESEAT,FALSE,14,643,102446,60511.38,872.31
KXESPYUFC,FALSE,16,447,102418,44806.69,286.07
CORIVER,FALSE,246,2186,102394,42599.98,802.06
KXTIKTOKSTORE,FALSE,19,1287,102300,63901.17,1008.43
FORB,FALSE,150,1406,102240,85961.77,863.92
KXNASCARTOP20,TRUE,61,1505,102158,31976.99,698.93
KXGGGNOMDRAMATVACTR,FALSE,36,441,102131,58529.47,1034.28
KXFEATUREYEAT,FALSE,65,2267,102057,44469.5,1137.9
KXLEADERNFLRTDS,FALSE,62,2379,101934,34925.52,644.76
KXG7LEADEROUT,FALSE,223,2875,101805,35744.18,738.98
KXNBAWINS-ATL,TRUE,174,1869,101690,31361.89,634.61
KXWINSTREAKOKC,FALSE,86,693,101643,6990.06,379.98
KXGGTVSUPACTO,FALSE,85,1355,101605,23243.43,502.56
KXIPLFINAL,TRUE,61,1639,101521,41077.39,1293.05
KXNBAWINS-WAS,TRUE,148,727,101459,40677.29,893.48
KXMLBWINS-LAD,TRUE,178,1586,101311,43844.68,1087.19
KXSENATECONFIRM,FALSE,92,1038,101222,30355.45,974.77
KXLEADERNBABLK,FALSE,125,1041,101162,72232.55,641.1
KXCBDECISIONKOREA,FALSE,90,1717,100963,44142.99,610.23
KXVANCEINGRAHAM,FALSE,2,1373,100938,64565.47,489.83
KXGOVAK,FALSE,208,2227,100907,16477.98,899.69
KXDPWORLDTOURMAKECUT,TRUE,28,734,100750,61855.89,178.82
KXHEISMANFINALIST,TRUE,20,1018,100717,15996.68,917.48
KXRECALLBASS,FALSE,156,1363,100614,31527.95,1263.82
KXGRAMBRBS,FALSE,127,1440,100591,42479.71,844.09
KXUFCMWEIGHT,TRUE,3,1053,100574,48910.08,1425.75
KXTRUMPAPPROVALYEAR,FALSE,148,1880,100532,35844.7,1262.43
KXNY10D,FALSE,174,1700,100527,48024.3,1152.08
KXDATASET13,FALSE,85,1074,100426,26388.66,1149.77
KXNFL2HSPREAD,TRUE,7,1471,100123,48125.52,1441.21
KXGERMANGOVT,FALSE,54,724,99903,39042.89,1053.7
KXNBAWINS-MIN,TRUE,157,1461,99782,27382.88,784.51
KXTRUMPVISITSTATES,FALSE,47,2561,99584,25348.54,1043.42
KXBRBALLOT,FALSE,152,836,99555,68392.37,1051.31
KXCONGRESSTESTIFY,FALSE,164,1825,99478,57600.52,1069.04
KXTRUMPMOSCOW,FALSE,131,2420,99393,6318.87,411.41
KXMANTISFREETHROWS,FALSE,5,1354,99361,15156.54,472.49
KXRTROOFMAN,FALSE,28,1443,99318,39415.36,860.47
BIGTECHLAYOFF,FALSE,276,1750,99174,49356.89,1040.54
KXNBAMATCHUP,TRUE,10,927,98976,41608.81,997.78
INXM,FALSE,94,1017,98929,20344.67,777.68
KXWCIRAN,TRUE,73,2395,98900,56629.59,1256.38
KXJPHOCSECOND,FALSE,6,1274,98669,48312.19,871.67
KXTOUR,FALSE,127,1545,98590,59781.29,1312.84
KXGRAMMYCOUNTCHARLIXCX,FALSE,63,993,98524,12969.27,569.84
KXEUROVISIONSECONDSFINAL,FALSE,7,1420,98406,65379.69,1184.4
KXFARRERBYELECTION,FALSE,73,915,98384,26647.41,899.67
KXSPOTIFYALBUMW,FALSE,153,2143,98366,35822.15,667.28
KXVIOLENCEW,FALSE,2,104,98356,22483.66,272.93
KXARGINFLATIONM,FALSE,115,635,98291,26031.47,514.94
FLIGHTJFK,FALSE,49,5760,98216,35028.92,837.33
KXAIRLINEZYN,FALSE,46,370,98117,1677.37,116.62
KXNEXTLEVELCHEF,FALSE,85,1800,98104,29010.36,552.94
KXNBADRAFT3,TRUE,12,939,97827,34194.52,911.3
KXGOVILNOMR,FALSE,81,1357,97619,46741.28,361.75
KXTIKTOKSCOTUS,FALSE,17,806,97610,16692.69,905.92
KXMIRANMENTION,FALSE,5,826,97504,25785.4,403.69
KXKRAKENBANKPUBLIC,FALSE,139,1246,97486,50426.91,1284.42
KXAACREG,FALSE,117,843,97456,12398.25,578.72
KXTORONTOULTRACHAMPIONSHIP,TRUE,13,2350,97362,30831.05,890.79
KXEPLTOP6,TRUE,189,2137,97338,44898.36,1008.33
CAPGAIN,FALSE,294,1052,97244,18551.08,755.9
KXABBOTTGOPVOTE,FALSE,44,1239,97193,44506.55,724.52
GOVPARTYNV,FALSE,182,626,96954,48924.59,1686.89
KXRANKLISTSONGOPHELIA,FALSE,26,1261,96913,87910,499.74
KXDJTWHDINNER,FALSE,100,923,96841,85751.88,402.74
KXNCAAMIVYLEAGUE,TRUE,30,687,96706,37622.77,668.63
KXGAMEAWARDSBSM,FALSE,151,1581,96464,45852.02,552.41
KXTAYLORSWIFTWEDDINGATTEND,FALSE,235,3194,96418,53365.35,1310.35
SENATEMO,FALSE,58,467,96321,36575.08,348.45
KXBOSSNOWXMAS,FALSE,14,2529,96263,20851.23,1058.58
KXDJTMUSK,FALSE,172,1352,96168,13378.34,738.61
KXGGGNOMDRAMAFILMACTR,FALSE,41,403,96050,48133.31,1156.23
TOP20,FALSE,198,1226,96021,35148.17,936.99
KXCRITICSCOMEDYACTO,FALSE,65,1118,95966,44276.81,892.04
KXSEOULMAYOR,FALSE,106,1114,95964,61870.94,784.87
KXATPNEXTGEN,TRUE,6,825,95903,46681.68,1012.41
KXMLBDIVWINNER,TRUE,67,1573,95893,37350.37,1193.8
KXMENTIONEARNSFD,FALSE,3,2531,95858,59506.44,816.93
KXUECL,TRUE,78,1400,95828,25845.12,1053.04
KXTHEAMAZINGRACE,FALSE,66,1291,95765,34031.24,356.52
KXLEADERMLBWINS,TRUE,92,1042,95695,33783.9,631.63
KXMTGSWITCH,FALSE,162,1021,95595,17298.46,961.15
KXRANKLISTFFWR,TRUE,131,1710,95575,39705.17,984.8
KXEPLTOP2,TRUE,160,1182,95512,29054.66,546.12
KXINAUGSPEAK,FALSE,12,1234,95504,17106.49,847.78
KXMINWAGE,FALSE,223,1094,95455,9066.55,470.86
SENATESC,FALSE,209,1194,95319,38711.5,874.43
KXNBACUPMVP,TRUE,63,923,95278,23724.56,765.85
KXSECSTATEVISIT,FALSE,219,1551,95228,45004.9,1347.81
KXNBAATTEND,TRUE,11,1271,95198,73339.25,576.28
KXEARNINGSMENTIONMTN,FALSE,5,1296,95087,33014.17,645.21
KXEXITPOLLWWOMEN,FALSE,11,1174,94824,68062.36,978.95
POPVOTEKHME,FALSE,28,754,94637,71966.18,978.33
KXGRIFFINMENTION,FALSE,18,1618,94633,33069.21,565.6
KXEARNINGSMENTIONTFC,FALSE,15,2429,94579,33023.26,768.34
KXCRITICSDIR,FALSE,56,1729,94515,28808.26,610.42
KX20SONG,FALSE,132,2550,94429,52719.95,1119.6
KXKYLEMILETIME,FALSE,35,2017,94323,23454.91,1078.66
KXISMPMI,FALSE,150,1506,94262,36889.41,1143.13
KXLEADERNBAPTS,FALSE,138,1805,94141,27536.57,784.51
KXPGA5BALL,TRUE,7,2126,94110,26883.22,983.59
KXHONDURASPRESIDENTMOV,FALSE,25,698,93828,28546.79,641.34
KXUECLSPREAD,TRUE,5,971,93712,19324.34,809.83
KXSCHUMERMENTION,FALSE,5,1122,93591,25906.46,555.08
KXMOTOGPRACE,TRUE,13,1851,93575,24201.28,662.5
KXMSPRIMARY,FALSE,41,2252,93564,40859.31,396.97
KXGRAMBRNBP,FALSE,55,864,93528,19302.68,508.01
KXPRCBIRTHS,FALSE,71,801,93476,59879.47,943.12
KXGTATRAILER,FALSE,155,2525,93474,46256.3,1258.12
KXWORLDCUPHALFTIME,TRUE,16,1308,93327,35931.26,610.97
GOVPARTYTX,FALSE,193,1371,93181,35567.52,773.75
RTGHOSTBUSTERFE,FALSE,26,896,92936,38552.05,966.55
KXBANKRUPTS,FALSE,151,1196,92907,66377.69,822.01
KXKELCERETIRE,TRUE,113,2607,92889,18517.24,859.44
KXROGANMENTION,FALSE,6,2166,92753,71540.97,616.29
KXWNBA1HWINNER,TRUE,5,1569,92705,51874.5,1020.77
KXCLAUDE5,FALSE,231,1537,92681,59430.95,516.44
KXACAHOUSEVOTE,FALSE,16,953,92418,23510.93,773.21
KXGOVNYNOMR,FALSE,180,1295,91826,29578.16,569.45
KXTIKTOKEXTENSION,FALSE,79,1480,91817,78375.8,648.85
KXSTARSHIPSPACE,FALSE,240,1327,91814,20831.9,509.12
KXTOURNAMENTOFCHAMPIONS,FALSE,46,2119,91810,33031.58,392.42
KXGAMEAWARDSBGD,FALSE,46,1712,91732,32081.53,817.91
KXUSGASCPI,FALSE,48,1097,91677,55563.39,581.14
KXNBAWINS-MIA,TRUE,150,830,91670,33616.24,945.57
KXFORMALNOMGABBARD,TRUE,62,778,91654,77436.01,788.97
KXTRUMPLATE,FALSE,4,1056,91582,66112.51,259.75
KXFLIGHTORD,FALSE,5,363,91576,68886.9,281.76
KXNFLDRAFTTE,TRUE,29,3223,91557,36368.96,675.18
KXROCKANDROLLHALLOFFAME,FALSE,44,1190,91557,37991.45,762.49
KXNGUARDLEAVELA,FALSE,53,2328,91348,30747.69,1093.71
KXCOMPANYSTAKERYANAIR,FALSE,102,1445,91265,15464.39,879.28
KXPENNWIN,FALSE,39,909,91131,78616.9,704.1
KXROLEATEVENTCOACHELLA,FALSE,123,1517,91103,23241.38,1040.48
TOPARTIST,FALSE,254,1332,91096,39273.19,575.8
KXNFLHALLOFFAME,TRUE,33,1789,91072,38390.28,816.37
GASM,FALSE,27,1432,91052,22076.12,726.04
KXOPENSOURCEOAI,FALSE,110,731,90898,66094.18,969.31
KXTRUMPRUN,FALSE,182,1601,90756,15055.27,850.37
KXNCAAMBIGEAST,TRUE,23,1190,90731,29117.8,1103.21
KXRBWSTRIKE,FALSE,21,404,90614,12493.52,523.34
KXDISCONTINUECYBERTRUCK,FALSE,164,1835,90467,5144.92,325.59
KXSTOCKX204LMUSHROOM,FALSE,33,796,90412,53000.4,670.59
KXACQANNOUNEWARNER,FALSE,43,1911,90207,43591.65,922.23
KXNBAWINRECORD,TRUE,44,675,90123,17823.93,876.89
KXJPAULWALKOUT,FALSE,8,1911,90093,17523.29,763.42
KXCANPLGAME,TRUE,11,1386,90002,39857.65,768.62
KXGGGNOMFILMSUPACTO,FALSE,38,308,89920,41807.73,944.96
KXLEAVETULSIGABBARD,FALSE,12,932,89821,4661.45,307.68
KXHURPATHGULFCOAST,FALSE,153,1314,89753,12790.99,588.39
KXBTCE,FALSE,8,1340,89716,53073.62,1035.47
KXKARPMENTION,FALSE,13,1208,89699,28023.96,763.3
KXDEFAULT,FALSE,158,493,89569,3994.48,261.23
KXDJTPARAMOUNT,FALSE,7,915,89475,6256.96,398.43
KXRUPAULDRAGRACE,FALSE,21,2242,89449,31160.2,759.23
KXPRIMARYPLACE,FALSE,30,1601,89339,33226.99,1151.3
KXHIGHINFLATION,FALSE,117,1040,89259,57604.63,1048.38
OSCARSUPACTR,FALSE,144,684,89086,35474.47,421.8
KXAISTREAMSERIES,FALSE,197,2907,88957,13899.92,792.85
KXDOGEMAXMON,FALSE,32,1498,88772,16269.98,533.95
KXGRAMMYNOMBRA,FALSE,76,1085,88471,50173.19,958.79
KXCLOSESTSENATE,FALSE,159,1186,88393,10348.67,624.92
KXNEXTCAT5HURDATE,FALSE,59,1547,88340,44244.13,719.68
KXALLVOTERFKJR,FALSE,25,1015,88293,9223.69,545.01
KXETHMINMON,FALSE,29,851,88151,8687.91,498.9
JPMCEOCHANGE,FALSE,341,1267,88038,10001.75,559.74
KXABRAHAMQ,FALSE,342,1936,87971,15113.8,838.29
KXWNBA1HSPREAD,TRUE,5,1488,87902,47318.93,1031.08
KXOAIHARDWARE,FALSE,237,2628,87810,28801.59,1105.01
KXSPOTIFYTOP,FALSE,162,1389,87698,47940.87,1133.88
KXIPOANDURIL,FALSE,183,1868,87624,17186.84,873.76
KXRANKLISTGOOGLESEARCHSONG,FALSE,3,393,87617,38027.88,887.48
KXTOPSONGRECORDORDINARY,FALSE,13,692,87467,52382.01,575.23
KXUSFLYCAN,FALSE,17,1667,87411,52855.92,802.3
KXTARIFFRATEINDIA,FALSE,164,1989,87385,45425.81,968.23
KXNFLDRAFTTEAMPOS,TRUE,3,3612,87284,42961.86,890.68
KXFLHD87,FALSE,2,347,87236,46945.7,474.47
GOVPARTYFL,FALSE,179,994,87153,44832.94,957.33
KXGRAMMYCOUNTBEYONCE,FALSE,62,802,87129,9202.23,463.56
KXSPOTIFYSONGSJEALOUSTYPE,FALSE,9,686,86939,30430.05,700.87
KXAAAGASMAXNY,FALSE,152,1402,86903,20823.27,690.28
KXKHCGRADS,FALSE,11,729,86857,21362.24,823.92
KXNCAAMBFIRST50,TRUE,1,1700,86850,36547.43,785.73
KXSENATEFLR,FALSE,135,732,86842,40503.46,711.95
KXDJTLGBT,FALSE,11,956,86788,13649.86,645.7
KXMILSPEND,FALSE,119,2281,86781,14720.03,703.33
KXRFKSHARE,FALSE,46,1038,86766,14360.11,659.74
KXCOACHOUTNBA,TRUE,128,1365,86693,21082.86,774.66
KXAAAGASMINNY,FALSE,142,786,86471,6514.96,374.91
KXCITIESWEATHER,FALSE,35,1426,86470,7394.42,411.77
KXEARNINGSMENTIONWEN,FALSE,3,1588,86410,63234.82,447.82
KXELONMARS,FALSE,213,3071,86390,7597.02,495.68
KXBTCRESERVESTATES,FALSE,195,1072,86388,25501.57,827.76
KXMAYORNOLA,FALSE,62,419,86267,45081.35,352.06
KXCRYPTOPAY,FALSE,312,2334,86246,18140.89,816.03
KXLAMAYORMATCHUP,FALSE,35,1311,86188,31857.8,991.1
KXOSCARMENTION,FALSE,3,2061,86161,44200.04,981.82
KXGGMCOMTVACTR,FALSE,85,1544,86143,22806.69,339.61
KXNCAAWBMOP,TRUE,22,1685,86046,29796.94,869.94
KXCRITICSCOM,FALSE,58,892,85901,37549,757.1
KXTX18D,FALSE,99,2384,85833,43758.28,709.58
FLIGHTORD,FALSE,48,3715,85821,36172.2,624.85
KXMARMADUNCSDS,TRUE,2,1459,85769,58727.3,776.39
HAPPIER,FALSE,43,664,85590,23731.62,517.98
KXREALWAGES,FALSE,252,2068,85570,74855.43,589.46
KXVANCEPAKISTAN,FALSE,31,1702,85520,12561.2,642.22
KXOBERGEFELL,FALSE,203,1144,85518,11001.79,662.51
KXFFQBALLENMAHOMES,FALSE,24,1148,85483,39269.98,1270.37
KXGGTVSUPACTR,FALSE,77,1625,85471,25900,783.81
KXLIVH2H,FALSE,16,951,85436,47891.37,958.49
KXSTARSHIP25,FALSE,81,810,85369,9311.49,558.75
CASELOW,FALSE,62,628,85364,25792.42,879.61
KXATPGRANDSLAMFIELD,TRUE,136,1196,85219,40604.25,1426.63
MEASLES,FALSE,314,1678,85066,35191.83,972.13
KXMOVVANJGOV,FALSE,63,980,84930,48958.3,622.38
KXUSTR,FALSE,47,510,84785,32481.63,837.19
KXMC,FALSE,33,825,84723,8503.04,324.31
KXVACCINEWRFK,FALSE,262,1279,84688,21902.22,984.2
KXDGAAWARDS,FALSE,18,4567,84628,21658.72,452.38
KXNCAAMWRESTLING125,TRUE,4,1377,84466,16167.39,385.18
KXVISITNYC,FALSE,183,2246,84454,39912.52,990.35
KXDEREMEROUT,FALSE,30,1084,84314,51028.22,603.48
KXSAGNOMACTO,FALSE,14,1316,84280,25881.98,717.72
KXFORMALNOMRFK,TRUE,61,515,84269,71483.48,729.48
KXWCGROUPQUAL,TRUE,141,1251,84223,40813.51,888.06
BILLBOARDPEAKHOUDINI,FALSE,32,1093,84214,20976.78,550.64
KXSAGAWARDACTRCOM,FALSE,54,1818,84038,36282.58,978.1
KXCOMPANYACTIONLAYOFF,FALSE,77,1664,84036,66876.93,647.42
KXTRUMPCRYPTOCONF,FALSE,45,2324,83867,46310.46,1008.8
KXTXRSEN3RD,FALSE,88,1000,83867,46333.82,356.1
KXBBNEWARTIST,FALSE,2,1026,83684,34916.35,917.54
KXHURPATHFLA,FALSE,156,1580,83629,14117.65,608.8
NEWTAYLOR,FALSE,247,1238,83576,30367.9,953.03
KXWISUPRTURNOUT,FALSE,45,737,83547,58116.75,380.51
KXMAINE94,FALSE,23,712,83387,27385.55,158.15
HOMEUS,FALSE,183,1331,83126,43892.49,816.45
KXMEDIARELEASEADDTRAILER,FALSE,137,3686,82821,30834.33,1167.93
KXMOVPORTUGALPRESRUNOFF,FALSE,32,859,82808,17331.23,485.23
KXUHCPLEA,FALSE,2,1085,82683,25603.1,1227.75
KXAAAGASMINFL,FALSE,157,1042,82519,40196.45,696.37
KXRANKLISTFFQB,TRUE,129,1166,82475,24331.03,789.37
HOUSEME2,FALSE,118,783,82314,33889.66,692.65
KXUSMINE,FALSE,232,1316,82254,5151.93,330.64
HOUSEFL1,FALSE,35,181,82252,36293.95,96.64
KXTOPALBUMBYWICKED,FALSE,19,495,82235,6024.57,374.65
KXGAMEAWARDSBP,FALSE,42,765,82207,24449.78,502.24
KXAUSTINMAJOR,FALSE,8,1957,82088,35125.96,908.22
KXREEVESMENTION,FALSE,2,894,81877,25402.35,323.19
KXELONDJTSAY,FALSE,3,1477,81820,25649.83,1127.24
MINNYC,FALSE,109,1287,81817,22044.65,793.57
COLUMBPRESIDENT,FALSE,69,1009,81813,43319.72,1242.68
KXJERSEYCITMOV,FALSE,33,1535,81698,30765.67,513.85
KXNEWPOPECOUNTRY,FALSE,14,826,81616,36247.25,608.62
AAAGASW,FALSE,141,1088,81611,36540.52,862.5
KXNE2R,FALSE,58,336,81600,19722.38,67.83
KXGRETAGAZA,FALSE,113,2215,81481,7902.05,468.99
KXRTANNIVERSARY,FALSE,19,1000,81409,39487.55,725.29
KXTHEVOICE,FALSE,43,1177,81371,23902.46,535.21
KXFIFAADVANCE,TRUE,6,1114,81003,48063.96,973.93
PRESPARTYNE1,FALSE,22,202,80929,24957.52,231.6
BILLBOARDPEAKPPP,FALSE,21,820,80854,27253.2,656.21
BTCATH,FALSE,142,953,80788,52772.62,1027.58
KXLEADERUCLGOALS,TRUE,77,1605,80761,28530.28,612.48
KXATP,TRUE,9,1158,80742,32648.43,632.56
KXGOVOKNOMR,FALSE,144,1650,80454,23743.57,976.07
KXWNBAGAMESPLAYED,TRUE,61,731,80430,74766.5,265.6
KXGGLSERIESACTO,FALSE,109,1337,80396,21724.56,453.85
KXMENTIONEARNLULU,FALSE,2,1837,80392,39548.1,678.87
KXTARIFFLENGTHMEX,FALSE,2,586,80306,53289.29,745.13
KXEARNINGSMENTIONETOR,FALSE,2,1979,80299,41521.37,671.61
KXAMODEIMENTION,FALSE,18,951,80273,31930.36,654.44
KXSPOTIFYSONGTAYLORSWIFT,FALSE,9,1222,80272,23113.11,848.35
KXBOARD,FALSE,50,320,80132,6644.54,384.99
NGAS,FALSE,117,1203,80130,48333.04,647.38
KXOSCARNOMMAKEUP,FALSE,56,1744,80046,33055.4,778.66
KXLTCMAXY,FALSE,130,1012,79976,20218.21,838.34
KXPGAHOLE,TRUE,1,1931,79804,43628.99,1204.77
KXDFBPOKALADVANCE,TRUE,5,1049,79797,49471.72,1030.53
KXNEXTISRAELPM,FALSE,173,4091,79748,14752.92,720.85
GDPUSMIN,FALSE,129,946,79685,51084.78,964.3
RTWITCHERS4,FALSE,329,1606,79411,43310.47,977.54
KXDAYTONA24H,FALSE,7,2311,79285,15759.43,573.15
KXCANBQSEATS,FALSE,41,1219,78990,22109.62,802.67
KX1SONGJUSTINBIEBER,FALSE,215,1170,78958,8810.4,496.62
KXMENTIONEARNCHWY,FALSE,4,1229,78939,26211.74,483.04
KXPOPEDJT,FALSE,92,2057,78836,21786.99,1012.05
KXF1DELAY,TRUE,2,837,78815,7675.12,464.29
RTVENOM3,FALSE,29,885,78805,36465.79,969.06
KXNEXTDUTCHPM,FALSE,77,850,78754,31410.37,794.63
KXNBAUPSET,TRUE,31,1494,78739,37675.35,894.06
KXSPOTIFYALBUMTSWIFT,FALSE,40,925,78714,22967.07,323.83
SORA,FALSE,188,966,78660,31806.57,900.28
KXMETADAP,FALSE,163,1000,78584,39295.91,791.8
KXH5HUMAN,FALSE,184,2708,78505,11289.77,617.35
KXGGGNOMDRAMATVACTO,FALSE,35,658,78500,45292.96,660.66
KXGRAMSWOTY,FALSE,91,845,78460,33834.1,739.53
WTIMAX,FALSE,210,680,78418,14050.66,473.97
PRESPARTYKY,FALSE,26,378,78284,13271.03,160.15
KXENDORSEADAMS,FALSE,103,975,78203,21448.45,806.26
KXARCTICICEMIN,FALSE,121,1599,78183,47494.15,723.24
KXTVSEASONRELEASEHARRYPOTTER,FALSE,145,824,78168,39546.62,679.37
KXSCOTUSVRARELEASE,FALSE,90,1408,78088,25312.91,869.87
GOVPARTYWA,FALSE,158,1226,78077,44319.11,358.01
KXENDORSECUOMOADAMS,FALSE,90,624,78016,12140.1,569.29
KXAKSENATE,FALSE,84,667,77977,29976.14,1022.3
GPT%,FALSE,167,536,77954,6269.7,388.5
KXALPRIMARY,FALSE,42,629,77825,32075.55,556.76
KXTRAVELDOWNGRADE,FALSE,116,1356,77591,23776.96,801.19
KXCRITICSLSERIESACTR,FALSE,77,904,77509,26421.23,801.68
KXSUSPENDGASTAX,FALSE,5,876,77497,37372.53,1289.2
KXSTOCKXCHARIZARDXUP,FALSE,27,1396,77490,36825.37,604.53
KXEMMYDSACTR,FALSE,108,815,77465,24582.53,771.62
POPVOTEDJTOH,FALSE,37,807,77219,15165.32,757.23
KXEARNINGSMENTIONKKR,FALSE,2,688,77055,26483.51,329.42
KXZELENSKYYMENTION,FALSE,4,949,76904,48901.75,363.44
KXGGGNOMLSERIESACTO,FALSE,36,224,76815,49968.71,833.81
KXPGAAWARDS,TRUE,30,4513,76737,31495.99,523.34
KXUSNFP,FALSE,23,1141,76475,44398.41,776.21
KXNHLMETROPOLITAN,TRUE,141,1118,76458,22468.44,372.06
FEDMEET,FALSE,78,264,76423,2315.75,153.97
KXTOURDEFRANCE,FALSE,40,1158,76300,35030.83,581.92
BOEINGCEOCHANGE,FALSE,158,1318,76291,58940.8,805.65
KXROASTSUBJECT,FALSE,59,1830,76231,24362.43,249.9
KXJAPANHOUSE,FALSE,52,573,76005,30770.83,146.13
CPISHELTER,FALSE,144,750,75980,32750.46,953.75
KXSTARTCLEBROWNS,FALSE,63,690,75940,36022.08,355.1
KXEARNINGSMENTIONMCO,FALSE,2,1250,75883,32373.84,447.69
KXSENATEOKR,FALSE,38,809,75693,10130.16,291.89
KXNGASMAX-B,FALSE,25,372,75674,59181.67,719.44
KXTOPSONGSPOTIFYRUNNERUP,FALSE,116,1203,75641,26566.32,279.14
SWITCH2,FALSE,253,1014,75616,25793.69,658.5
KXVOTESAVEAMERICA,FALSE,57,1353,75451,30834.82,781.32
KXMOVGA14SWISCOTUS,FALSE,20,283,75192,37938.35,639.54
KXFOREIGNAID,TRUE,80,427,75168,62537.88,695.34
KXCRITICSANIM,FALSE,73,1316,75082,32145,692.73
KXBOEINGCEOCHANGE,FALSE,177,1638,75022,3681,238.56
KXCONGRESSTARIFF,FALSE,244,1029,74973,13978.6,735.29
DONDA,FALSE,38,1074,74939,40368.14,598.43
KXSPOTIFYGNX,FALSE,3,630,74821,56838.89,570.14
KXROMANIATOP,FALSE,77,882,74784,46928,621.18
KXTESLADELIVERYBY,FALSE,184,1173,74769,22032.98,1032.33
KXPARTYLEAVE,FALSE,305,1648,74732,23439.77,877.25
KXVINE,FALSE,261,1559,74637,19679.29,839.15
KXSLOVENIAPM,FALSE,101,2110,74616,35675.29,834.76
KXRTX5090MON,FALSE,64,2125,74462,50665.08,430.79
KXNBASERIESPTSLEADER,TRUE,19,1858,74360,23791.17,771.05
KXNYCCOUNCILSPEAKER,FALSE,19,518,74313,29938.13,538.52
GOOGLECEOCHANGE,FALSE,128,487,74291,7476.93,461.88
KXEMMYTSERIES,FALSE,55,536,74239,42810.83,885.78
KXMAHERMENTION,FALSE,5,1682,74107,42386.62,610.65
KXBERNIEENDORSE,FALSE,116,842,73853,35886.28,967.95
KXUHCEXTRA,FALSE,2,484,73837,8820.77,466.32
KXGDPNOM,FALSE,79,1710,73809,34063.09,1042.76
KXDJTLANDRY,FALSE,2,1079,73651,37319.75,427.06
KXWHPRESSBRIEFING,FALSE,103,1517,73631,50733.77,871.64
PRESPARTYME1,FALSE,31,388,73490,16777.38,240.19
KXSOYBEANW,FALSE,23,3218,73468,44474.14,650.93
KXNASCARTRUCKSERIES,TRUE,75,923,73414,5470.7,322.19
KXSTATE,FALSE,196,1156,73409,9338.26,562.85
KXEPLFIRSTGOAL,TRUE,55,671,73401,15058.08,565.46
KXGGSONG,FALSE,29,804,73320,19980.29,461.64
KXLCATTLEW,FALSE,24,3264,73200,38773.55,608.36
KXEARNINGSMENTIONC,FALSE,12,1522,73121,20270.88,429.49
KXVOTEMCMAHON,FALSE,7,1444,73113,55616.24,275.63
KXDJTPAWIN,FALSE,37,944,73010,54567.93,740.57
KXLEADERNFLRUSHTDS,FALSE,62,1307,72969,23185.68,480.17
KXNEWROLECEOAPPLE,FALSE,147,1579,72961,48380.43,785.84
NETFLIXSUBS,FALSE,189,788,72855,50455.03,758.4
OPENAICEO,FALSE,3,181,72692,47773.67,948.42
KXDEFAPPROP,FALSE,62,868,72647,17227.91,710.85
KXSUPPORTPARTYMUSKD,FALSE,115,735,72596,12792.16,683.93
RTREAGAN,FALSE,47,753,72470,33346.52,778.84
KXMVEMENTIONSSINGLE,FALSE,15,714,72337,39092.6,326.52
KXELECTIONMOVABQ,FALSE,29,1562,72298,15919,531.87
KXCOPPAITALIATOTAL,TRUE,3,706,72284,31371.58,964.65
KXCORNW,FALSE,21,4213,72277,43303.39,711.06
KXRYDERCUPCAPTAIN,TRUE,65,393,72177,50838.15,372.38
KXEARNINGSMENTIONVSCO,FALSE,3,1464,72176,47366,541.35
KXPGASTROKEMARGIN,TRUE,16,959,72031,13193.95,631.31
KXFLIGHTJFK,FALSE,5,513,71934,28990.8,314.37
KXTRUMPSAYSCAM,FALSE,85,1462,71876,6682.1,407.63
KXELECTIRAN,FALSE,71,1562,71763,10016.99,0
KXEMMYCSACTR,FALSE,69,517,71713,29505.65,834.44
KXGOVIANOMR,FALSE,148,1208,71661,24378.52,785.79
KXEARNINGSMENTIONGEV,FALSE,30,1521,71520,40770.19,590.2
KXSENSYRIA,FALSE,146,1129,71459,13613.2,736.48
KXCODTOTALMAPS,TRUE,12,1388,71371,42675.13,840.61
KXSOLMINMON-SOL,FALSE,40,1373,71331,23453.9,788.14
KXGRAMPOTY,FALSE,109,791,71317,17767.67,416.25
KXELECTIONGACALL,FALSE,7,992,71247,57201.44,645.34
SENATEFLS,FALSE,243,912,71155,28363.41,570.05
KXGAMEAWARDSBET,FALSE,43,1820,71148,35666.67,564.75
KXGOVOHNOMD,FALSE,144,677,71003,37816.74,325.5
KXCA11PERSON,FALSE,29,562,70892,26061.71,869.08
KXGROK3TOPLLMCHANGE,FALSE,28,512,70849,22725.7,754.78
KXBCHMAXY,FALSE,96,1497,70832,19283.77,893.07
HOUSENE2,FALSE,97,818,70777,37366.54,852.62
KXRTSARAHSOIL,FALSE,25,811,70646,47700.02,609.48
KXUSCOMPANYSTAKE,FALSE,96,1753,70614,8565.85,474.29
KXOAIPLATEAU,FALSE,176,994,70594,15889.37,745.14
KXDJTPOSTMUSK,FALSE,23,845,70516,42060.82,416.57
KXPPLGAMES,FALSE,6,378,70501,37155.24,380.76
KXUECLADVANCE,TRUE,5,667,70492,18413.53,316.57
KXEMMYLSERIES,FALSE,96,887,70140,21723.31,403.46
KXVONCCAN,FALSE,52,620,70134,17619.6,664.85
KXHURPATHGENERALMAJOR,FALSE,42,1340,70104,12000.18,660.08
KXFERT,FALSE,129,1277,69979,35042.78,848.16
KXCHENEYFUNERAL,FALSE,17,1219,69967,23582.6,650.28
KXGRAMBROP,FALSE,68,795,69961,31215.55,412.68
KXESPYNBA,FALSE,16,917,69927,38850.78,402.8
KXNJTRANSITSTRIKE,FALSE,49,1161,69922,48886.69,754.66
KXSEATTLEMAYORMOV,FALSE,13,343,69884,19789.05,542.5
KXCRYPTOREG,FALSE,217,1899,69883,47651.57,969.75
KXFTC,FALSE,39,298,69860,14174.76,588.45
KXSECURITYCLEARANCEMUSK,FALSE,110,1110,69807,14352.06,702.96
KXMAYORALBUQ,FALSE,77,1307,69733,40898.16,259.1
KXVSFANTASYBRA,FALSE,30,1584,69687,9178.64,510.04
TOPALBUMBYEMINEM,FALSE,37,886,69640,57478.5,609.69
KXPGAR2TOP10,TRUE,7,1665,69556,26819.42,830.83
KXJOBSRELEASE,FALSE,8,176,69552,7029.59,65.94
KXMEDIARELEASEICEMAN,FALSE,127,1445,69535,27119.69,748.63
KXDEBTGROWTH,FALSE,330,1455,69506,50563.62,788.28
KXUCL16RMAMCI,TRUE,2,460,69449,27269.94,606.44
KXEARNINGSMENTIONCRWV,FALSE,7,1487,69437,40976.96,530.8
KXMILLENNIUM,FALSE,74,386,69347,7825.71,429.84
KXWIKIARTICLE,FALSE,111,1141,69269,30353.09,484.92
KXTOPALBUMBYBILLIE,FALSE,170,1192,69212,29209.49,1028.83
HMONTHRANGE,FALSE,137,1269,69187,16246.89,676.99
KXCABILLIONAIRETAX,FALSE,131,1379,69161,46928.07,985.84
KXSENATEMND,FALSE,190,1170,69158,32387.5,886.78
KXHIMS,FALSE,24,1306,69058,19850.24,445.26
KXBOLIVIARUNOFF,FALSE,11,277,68824,18608.24,388.27
KXSUBPOENAATTEND,FALSE,121,1137,68788,12021.33,402.94
KXWALESPARLIAMENT,FALSE,62,980,68757,34644.99,406.73
KXACKMANMENTION,FALSE,2,704,68680,43274.67,483.46
SPACEXORBIT,FALSE,187,715,68617,18308.82,626.72
KXROMANIABAN,FALSE,66,1594,68606,43973.98,757.72
KXBESTPLAY,FALSE,49,1030,68579,23105.05,640.15
KXDJTUNFOLLOWMUSK,FALSE,147,1113,68565,16040.59,748.72
KXMADWOMEN,FALSE,13,1525,68416,22375.48,749.91
KXPRESLEAVEFR,FALSE,131,869,68166,6817.93,422.27
KXQATARLNGPROD,FALSE,36,1093,68130,12351.05,576.49
UAWLENGTH,FALSE,55,860,67996,37636.01,737.36
KXJEFFRIESMENTION,FALSE,2,1825,67932,38086.22,463.45
KXEFLCHAMPIONSHIPADVANCE,TRUE,3,1204,67886,39132.67,928.29
KXNYCBILLIONAIRES,FALSE,270,2699,67813,24393.61,1024.47
CPIAPPAREL,FALSE,129,642,67745,28289.82,851.74
KXALTMANEQUITY,FALSE,191,1259,67615,15901.85,632.58
GSTORM,FALSE,98,1050,67538,34127.85,580.24
KXCRITICSDRAMA,FALSE,51,922,67330,13087.64,334.34
KXTRUMPCALI,FALSE,44,1089,67073,53747.42,573.6
KXNFL4QTOTAL,TRUE,7,1063,66752,46052.65,568.99
KX1SONGCHAPPELLROAN,FALSE,222,1301,66688,16046.53,654.98
KXNASDAQ100POS,FALSE,109,877,66589,38831.97,1103.07
KXGRAMBCSVA,FALSE,37,352,66496,11963.79,627.52
KXCDUPERCENT,FALSE,29,565,66495,30135.28,895.62
BILLBOARDPEAKCHIHIRO,FALSE,30,595,66364,36066.1,467.36
KXGGGNOMMCOMTV,FALSE,36,455,66303,38166.11,623.65
KXALBERTAREFYES,FALSE,197,1225,66266,13147.96,721.29
KXSCOTUSRESIGN,FALSE,284,1534,66261,32824.08,981.2
KXLAMMYMENTION,FALSE,2,454,66047,7609.01,150.96
FEMA,FALSE,89,329,66024,25771.95,833.56
KXGOVMENOMR,FALSE,164,983,65973,10469.43,515.78
KXNFLSACKRECORD,TRUE,26,1252,65745,55174.61,512.7
KXSTARTINGQBWEEK1,TRUE,120,1869,65687,24822.8,864.02
KXFDVOPENSEA,FALSE,159,2229,65655,9315.28,519.11
KXIEMCHEN,FALSE,9,758,65588,26896.41,730.25
DHSLEAVE,FALSE,153,601,65540,7872.61,446.79
KXDEPORTMUSK,FALSE,48,223,65432,2100.2,142.27
KXDOJPARDONS,FALSE,250,1204,65365,12313.24,658.45
KXGGGNOMMCOMTVACTO,FALSE,35,283,65356,40935.93,646.09
KXFALLOUTRELEASE,FALSE,123,2096,65336,6761.32,406.5
GOVPARTYGA,FALSE,211,895,65270,32224.99,1122.96
KXNYCBOROUGHWINQUEE,FALSE,20,984,65246,38109.3,655.59
KXTRANSMILITARY,FALSE,71,870,65182,50913.87,702.36
KXASYLUMCASES,FALSE,93,989,65172,25172.74,692.84
KXERUPTETNA,FALSE,91,1063,65171,40993.21,917.08
KXNEURALINKCOUNT,FALSE,147,2648,65117,33504.5,879.18
KXRHGOLD,FALSE,131,751,65061,46542.01,636.72
KXCRITICSSUPACTR,FALSE,26,1166,65016,16210.56,514.39
KXGRANDSLAM,TRUE,87,881,64959,24192.5,780.23
KXARSOSRPRIMARY,FALSE,18,766,64921,15728.29,198.58
KXEARNINGSMENTIONOKLO,FALSE,2,926,64888,22614.33,217.69
KXPERFORMANCEORDERDR,FALSE,2,1548,64875,53592.93,574.56
KXPRCBTC,FALSE,259,1499,64865,9289.68,505.87
KXACAHSAFSA,FALSE,82,384,64742,11229.67,575.26
SENATELA,FALSE,212,635,64697,39520.87,472.01
KXRANKLISTSONGFORGOOD,FALSE,13,707,64674,24392.96,864.31
KXMENTIONEARNOKLO,FALSE,2,793,64657,15889.47,301.2
KXSPOTIFY4BILLION,FALSE,61,545,64576,4020.03,205.31
KXEARNINGSMENTIONMS,FALSE,13,1256,64513,17462.8,376.33
KXBALGAME,FALSE,16,1814,64360,27612.13,403.17
KXOSCARSVIEWER,FALSE,5,947,64338,20679.67,591.97
KXCOOPERMENTION,FALSE,14,1316,64265,37083.65,401.61
KXCONDEMNTRUMPREINER,FALSE,6,766,64251,16191.75,408.8
KXMLBWINS-CHC,TRUE,107,379,64079,48722.89,359.99
KXFRIDMAN,FALSE,179,641,64061,19457.62,658.11
KXAGENCIES,FALSE,329,1612,63941,24660.72,836.85
DINENYC,FALSE,114,629,63939,5655.57,349.88
KXCLAUDE4,FALSE,74,1489,63932,38521.08,701.79
KXBAFTACINE,FALSE,4,849,63883,25912.42,810.34
KXANIMEAOTY,FALSE,51,1470,63695,26285.47,580.4
KXJPNPM,FALSE,30,296,63681,39423.11,97.9
KXHURPATHHAWAII,FALSE,82,280,63650,1140.78,78.62
KXVOTEANTONI,FALSE,24,753,63645,10274.01,527.45
KXSHAKEDURATIONDJTPUTIN,FALSE,4,1259,63633,43489.79,589.31
KXELONSUEAPPLE,FALSE,67,656,63572,22817.39,619.16
KXZUCKMENTION,FALSE,3,1253,63415,36990.32,675.68
KXAAPLPRICEFOLD,FALSE,205,2317,63339,38479.12,915.56
KXFLIGHTLAX,FALSE,5,971,63246,18315.79,380.46
KXBILLCONTEMPT,FALSE,38,1012,63230,17372.01,459.22
KXNASCARAUTOPARTSSERIES,TRUE,74,980,63195,7745.81,421.77
KXEARNINGSMENTIONQCOM,FALSE,2,1048,63191,25330.03,391.81
KXVRASCOTUSVOTE,FALSE,82,607,63182,24350.96,527.86
KXPOLIO,FALSE,259,2147,63132,7958.57,460.6
KXNY7D,FALSE,142,1549,63102,25562.47,856.47
KXBLUESPACEX,FALSE,224,1978,63051,39912.67,973.97
KXPAXTONPRIMARYCOUNTIES,FALSE,26,773,63016,6604.33,204.42
KXMAR,FALSE,18,780,62993,8362.06,226.29
KXEARNINGSMENTIONKTOS,FALSE,5,1484,62951,23961.39,440.51
KXDCEIL,FALSE,70,196,62896,55629.53,145.04
KXDEPSECCOUNT,FALSE,3,54,62725,1669.79,109.74
KXLIVENATIONUS,FALSE,175,1156,62719,11906.76,387.9
KXUFCLIGHTWEIGHTTITLE,TRUE,175,2428,62535,13521.54,532.88
KXFDVMEGAETH,FALSE,176,1813,62383,21343.52,707.61
KXQATARJET,FALSE,7,1017,62249,34799.9,731.14
KXRANKLISTSTOCKXCYBERM,FALSE,14,609,62209,20640.15,590.22
KXJOINADMINMUSK,FALSE,147,1033,61969,5005.04,320.76
KXCAQLEADER,FALSE,29,356,61904,37068.45,581.1
APPLEAI,FALSE,151,660,61889,22526.44,765.97
KXEARNINGSMENTIONADOBE,FALSE,2,592,61855,40294.43,210
KXMEDIACOVERSI,FALSE,137,1052,61847,25862.28,388.18
KXSTEFANIKCOUNT,FALSE,42,882,61766,21454.62,509.21
KXBARRELS,FALSE,149,1330,61640,16408.3,661.2
KXCOOKCHARGE,FALSE,73,428,61630,10876.77,598.59
KXSPACEXMARS,FALSE,294,1587,61600,19532.08,932.59
KXNEXTMANAGEREPL,TRUE,73,947,61404,18166.28,537.39
KXDOGEMAXW,FALSE,9,749,61294,21707.32,558.55
KXNYCMAYORTHIRDPLACE,FALSE,22,555,61259,22947.25,262.06
KXBILLCLINTONPUBLIC,FALSE,22,1636,61258,6527.62,388.79
KXECPOPVOTE,FALSE,26,828,61236,45145.38,722.2
KXGRAMMYCOUNTBAD,FALSE,50,1784,61121,14461.25,530.18
KXCOST,FALSE,36,1430,61105,24215.97,583.58
KXEARNINGSMENTIONPGR,FALSE,33,1375,61075,18264.61,478.29
KXCRITICSEDIT,FALSE,78,842,61019,15400.38,458.09
KXWEIGHTDRUGSQ,FALSE,98,1784,60995,21898.13,667.48
KXATPAMT,TRUE,5,1181,60948,33374.24,682.94
KXHURPATHSCAROLINA,FALSE,80,775,60904,6607.17,357.07
KXNEWDEAL,FALSE,76,1202,60903,22430.41,601.07
KXOKSTCOACH,TRUE,28,491,60890,17384.67,616.75
LBJR,FALSE,53,811,60858,21159.94,659.93
KXRECNCHVOTE,FALSE,24,287,60851,21836.4,223.51
AMBCN,FALSE,27,856,60766,41611.18,747.99
KXEMMYLIMITEDACTO,FALSE,107,799,60756,23864.4,674.16
KXMUSKBLUESKY,FALSE,240,1070,60709,7252.55,434.84
RTBLITZ,FALSE,108,557,60704,30488.27,810.99
KXCOLOMBIAPARLI,FALSE,68,962,60700,25836.74,476.49
ROBOTAXI,FALSE,115,640,60620,20828.96,526.71
KXCCARCOACH,TRUE,13,433,60615,23599.81,493.7
KXPOPCHANGENYC,FALSE,171,1212,60611,11027.36,560.96
KXBAFTAASPLAY,FALSE,24,1050,60601,28877.43,298
KXPGARETURN,TRUE,21,574,60580,7500.09,308.73
KXCRITICSSCORE,FALSE,79,817,60534,18722.44,617.36
KXKPOPDH2,FALSE,197,2097,60520,6646.11,402.35
KXNASDAQ100MINY,FALSE,71,308,60497,47674.22,417.69
KXCOPPERW,FALSE,27,2659,60480,32575.59,697.91
KXFTAPRC,FALSE,277,1833,60469,25617.46,971
KXGOVAZNOMR,FALSE,172,814,60420,30863.7,793.75
KXDUFFYCOUNT,FALSE,4,270,60380,9032.85,385.46
KXNYCMAYOR,FALSE,48,902,60358,12728.1,388.77
DAYLIGHT,FALSE,171,547,60291,4578.85,286.49
KXCARLSONMENTION,FALSE,12,1937,60185,31084.25,529.07
KXGENERICBALLOTVOTEHUB,FALSE,36,864,60057,28468.53,872.26
KXTRUMPBBC,FALSE,28,370,59935,29376.4,497.77
KXPGAAGECUT,TRUE,5,434,59888,4111.17,217.83
KXMAYORBOSTON,FALSE,100,341,59824,21265.93,239.24
KXSCOTUSMARIJUANAGUN,FALSE,179,2093,59779,20988.36,812.4
KXHOUSETURNOUT,FALSE,61,643,59716,10583.42,561.26
KXCHESSNORWAY,TRUE,28,1170,59702,30639.88,810.99
KXXRPMINMON,FALSE,31,676,59529,8536.9,395.54
KXSTANCOACH,TRUE,28,209,59422,23719.05,630.54
KXAVAXMAXY,FALSE,112,860,59348,18999.35,813.57
KXWNBAPLAYOFF,TRUE,51,804,59326,33894.24,742.56
KXMLBWINS-SEA,TRUE,129,707,59318,24697.08,545.37
CASEWCN,FALSE,67,968,59285,20712.63,490.88
H5N1,FALSE,240,675,59278,8324.12,456.44
KXFDVFOGO,FALSE,29,616,59161,10900.86,563.41
KXPGAR3TOP5,TRUE,8,900,59154,17491.13,535.02
KXBUCHARESTMAYOR3RD,FALSE,3,109,59148,12273.83,65.8
HOUSECA41,FALSE,72,563,59123,26423.27,480.02
KXUEL1H,TRUE,5,1328,59095,22632.12,793.24
KXPGATIGER,TRUE,73,1552,59092,15189.73,668.5
PRESPARTYUT,FALSE,43,357,59053,18865.35,120.92
KXBTCMENTIONULBRICHT,FALSE,4,858,59050,28349.15,310.88
KXTOURTAYLORSWIFT,FALSE,121,1521,59049,9534.53,517.21
KXEMMYDSACTO,FALSE,118,848,59027,20446.74,712.61
KXDEEPSEEKR2RELEASE,FALSE,83,1696,58977,30307.9,784.38
KXUSRETAIL,FALSE,52,1621,58953,34103.46,683.36
KXDNCAUTOPSY,FALSE,10,430,58948,25861.52,874.43
KXGENSLER,FALSE,51,364,58931,20754.52,405.54
KXKNESSET,FALSE,236,1376,58916,19120.48,799.65
KXFRGDPYOYP,FALSE,12,93,58786,51350.6,71.13
KXBNBD,FALSE,50,10677,58749,29779.91,244.05
KXLITHIUMW,FALSE,23,1887,58668,32648.32,558.22
KXPAPRIMARY,FALSE,38,219,58648,52891.25,195.69
KXPRESELECTIONOCCUR,FALSE,153,765,58615,53462,331.44
KXPPFUNDING,FALSE,151,853,58553,29452.32,865.07
KXAIJOBLOSS,FALSE,9,1178,58522,36428.92,488.41
KXINTERCUPADVANCE,FALSE,2,582,58499,37124.09,478.98
KXCBDECISIONRUSSIA,FALSE,131,2143,58453,19371.43,656.77
KXNYCCORPORATETAX,FALSE,151,880,58426,13873.9,717.48
KXNBASOUTHWEST,TRUE,70,382,58333,17890.81,374.76
KXGRAMMYCOUNTSAB,FALSE,67,2128,58179,17002.29,627.02
KXRELEASEIPHONE,FALSE,23,413,58105,5023.68,245.71
KXNHLFINALSEXACT,TRUE,14,980,57938,10255.14,508.08
KXRTWAKEUPDEADMAN,FALSE,12,820,57800,23388.25,321.1
KXNCAAWBNIT,TRUE,12,710,57774,23678.99,444.75
KXLAFIRECHIEF,FALSE,42,1370,57774,11558.29,488.82
BANKRUPTS,FALSE,235,1112,57757,30136.09,615.68
SALTX,FALSE,79,693,57700,14536.62,620.27
KXWLKILL,FALSE,2,1571,57675,19427.85,613.89
KXKXSENATEIAD,FALSE,147,1197,57649,27059.78,865.33
KXICEERO,FALSE,52,698,57551,26943.75,657.71
KXMOVCOSTARICAPRESR1,FALSE,34,1542,57479,14222.03,472.44
KXRDDT,FALSE,15,603,57389,15949.91,360.25
KXEASTCOASTPORTSTRIKE,FALSE,69,896,57385,19435.69,801.52
KXKILLSWITCH,FALSE,117,613,57261,7708.69,349.73
KXTOPALBUMBYKENDRICK,FALSE,39,573,57256,51465.78,301.99
KXSTOCKXLABUBUMACARON,FALSE,30,605,57253,17547.58,472.42
KXUCLTOP8,TRUE,57,960,57247,26621.85,605.67
KXPRIDE,FALSE,24,1127,57220,5011.95,319.88
KXB200MON,FALSE,54,1222,57194,45156.65,393.61
KXCANGREENSEATS,FALSE,50,907,57072,20819.58,675.07
KXDEPORTELSAL,FALSE,202,1128,56975,20591.04,832.88
KXHOUSINGSTART,FALSE,65,1596,56918,32375.58,628.74
KXVENUEPERFORMANCESPHERE,FALSE,108,682,56894,11107.97,609.68
KXSPOTIFYSONGSTEARS,FALSE,7,392,56874,24112.51,578.49
KXTOPBBSPOTSDRA,FALSE,23,712,56871,6773.92,393.01
KXGRAMMYCOUNTLAD,FALSE,62,1646,56848,11029.55,429.13
KXNCAAMBCOTY,TRUE,21,1585,56783,21518.23,428.88
PORTLA,FALSE,46,661,56770,22626.52,289.49
KXLOSEPRIMARYHOUSED,FALSE,105,1328,56719,7305.17,429.15
KXNHLDRAFTPICK,TRUE,10,535,56707,21049.05,465.37
NEWOUTBREAKPH5N1,FALSE,116,401,56665,3537.97,220.46
KXNFLDRAFTCOMPARE,TRUE,5,901,56574,14608.36,180.71
KXASL3,FALSE,75,345,56531,38469.2,769.37
KXMOSTSTREAMEDDONTTAPTHEGLASS,FALSE,12,1281,56466,23183.51,623.56
KXPRESURUGUAY,FALSE,15,240,56430,38497.17,490.01
KXALBUMTRACKS,FALSE,23,973,56417,20938.32,670.13
KXCOACHOUTMSU,TRUE,29,321,56335,21775.65,520.85
KXTARIFFLENGTHCAN,FALSE,2,459,56327,38953.2,565.17
KXWILDSHT,FALSE,31,466,56294,40855.26,750.43
KXUSPPI,FALSE,7,812,56214,30715.26,395.94
KXMEDIARELEASEUPONLY,FALSE,54,670,56156,19392.16,570.7
KXEXITPOLLLMEN,FALSE,11,677,56129,17599.51,477.41
CASE7DNYC,FALSE,63,826,56115,36804.28,425.26
KXTPUSAHEADLINER,FALSE,70,1638,56106,11600.05,317.75
KXSUEPOWELL,FALSE,96,732,56049,7969.86,402.63
KXNJPRIMARY,FALSE,31,458,56033,27750.2,609.69
SENATEMN,FALSE,189,605,55930,26677.25,441.73
KXFBIFIRED,FALSE,41,244,55910,53153.5,178.1
KXCRITICSSONG,FALSE,34,393,55908,21215.29,733.1
KXTIKTOKINJ,FALSE,17,654,55899,12542.59,661.3
KXYTUBESUBSISHOWSPEED,FALSE,182,978,55853,6063.6,313.15
KXKHWOMEN,FALSE,11,1004,55843,13911.18,653.09
KXFREYOUT,FALSE,80,690,55841,4363.56,260.3
KXEFLPROMO,TRUE,42,836,55835,17813.37,640.88
KXNEWROLEDISNEY,FALSE,18,626,55833,26171.36,266.79
KXAWARDSCMAEOTY,FALSE,35,1310,55790,18276.4,472.17
KXSAGAWARDACTRLIM,FALSE,59,1094,55659,22343.37,483.41
KXTOPALBUMRECORD,FALSE,23,848,55475,8715.41,401.27
KXWNBADRAFT2,TRUE,1,787,55410,25178.17,555.97
KXKNVBCUPADVANCE,TRUE,11,400,55406,36816.64,266.14
KXNBADRAFTTOP10,TRUE,8,1192,55405,27892.08,526.67
KXBIGARCH,FALSE,6,2250,55345,44944.18,559.47
KXTYLENOLSUE,FALSE,84,1765,55332,9915.81,558.36
SLOAN,FALSE,43,280,55232,51094.46,220.89
KXEARNINGSMENTIONF,FALSE,25,1046,55215,26908.35,463.96
KXNFLWINS-SEA,TRUE,106,351,55183,31439.33,802.89
KXTITLE42,FALSE,4,518,55176,24400.66,690.05
KXSPEEDCHESS,FALSE,5,883,55064,16819.06,384.01
KXNCAAMBTEAMMOSTPTS,TRUE,11,638,55057,14971.59,582.66
KXUSPS,FALSE,231,1249,55032,7323.19,426.08
KXECKH270,FALSE,21,367,54960,5989.98,355.22
KXSCHIFFCHARGE,FALSE,101,1097,54761,12580.97,627.83
KXCOINBASE,FALSE,20,1006,54685,17352.68,378.36
KXPERFORMROLEJEANGREY,FALSE,119,2041,54679,38280.86,772.62
KXTRUMPSLAUGHTERVOTE,FALSE,117,838,54627,12386.69,312.3
HOUSENY19,FALSE,34,332,54587,14361.76,363.98
KXCREDITC,FALSE,105,511,54519,5576.78,277.53
KXGGGNOMSCREEN,FALSE,34,237,54486,36082,524.93
KXCOPPAITALIASPREAD,TRUE,5,425,54476,23442.82,699.32
KXMOSTEFFICIENT,FALSE,30,582,54472,19718.98,612.71
KXMLBSERIESGAMETOTAL,TRUE,19,762,54450,35445.67,685.21
KXALLVOTEHEGSETH,FALSE,7,334,54380,5766.4,278.23
KXSCOTPARLIAMENT,FALSE,66,385,54379,24456.41,86.3
KXEWCLEAGUEOFLEGENDS,TRUE,11,674,54308,17134.13,505.68
KXPALANTIR,FALSE,54,731,54279,11826.93,259.5
KXEOTRUMPTERM,FALSE,129,1247,54234,6483.05,378.81
KXISRAELKNESSET,FALSE,85,375,54221,21753.16,764.49
KXNBAWINS-TOR,TRUE,143,926,54124,29853.97,633.99
KXCRITICSPROD,FALSE,82,996,54123,19100.11,481.84
USCLIMATE,FALSE,325,1768,54123,6346.44,366.18
KXCS2QUALIFY,TRUE,13,380,54122,29622.92,572.51
KXBRKEM,FALSE,12,824,54100,40218,341.49
KXUFCWELTERWEIGHTTITLE,TRUE,221,1966,54099,13790.49,477.24
KXRANKLISTFFRB,TRUE,129,838,54088,10360.92,341.4
KXLALIGARELEGATION,TRUE,129,1105,54041,14809.56,634.17
KXUSDX,FALSE,146,741,54034,17613.89,605.31
KXDWARKESH,FALSE,51,223,53984,26224.51,620.39
CASE7DNY,FALSE,57,766,53947,39175.29,482.01
KXBESTMUSICAL,FALSE,45,706,53926,17865.65,350.09
CREDEF,FALSE,217,628,53916,16722.28,413.14
KXJPMOMINF,FALSE,44,1493,53895,36753.24,495.19
KXCONGRATULATEOBAMAZOHRAN,FALSE,24,597,53867,4173.58,248.74
KXNBADRAFT5,TRUE,10,693,53787,13244.58,470.78
KXPRESCROATIA,FALSE,38,399,53783,20336.81,309.1
KXTOP10BILLBOARDSPOTSWICKED,FALSE,44,562,53684,3086.01,190.41
GOVPARTYOK,FALSE,81,341,53662,29604.53,525.92
KXTIKTOKLEAVE,FALSE,187,971,53654,16075.86,709.61
KXPGAR2TOP5,TRUE,6,1138,53626,22030.74,563.49
KXPALESTINE,FALSE,90,851,53522,3493.34,227.46
KXSAGNOMCAST,FALSE,15,833,53503,27202.33,629.18
KXSNAPELECTIONFR,FALSE,88,573,53490,20533.19,577.94
CO2,FALSE,119,768,53435,28853.75,381.45
KXOSCARCOUNTEMILIAPEREZ,FALSE,19,1424,53291,13614.21,579.37
KXGRAMMYCOUNTSABRINA,FALSE,68,985,53195,11929.11,538.47
RECLAW,FALSE,39,771,53186,12834.79,521.15
KXUFCBANTAMWEIGHTTITLE,TRUE,214,1703,53093,14056.7,629.91
KXGOPNOEMOUT,FALSE,15,1450,53080,22781.37,596.34
KXBEZELROL,FALSE,42,1147,52990,32969.03,711.87
KXWAINCOMETAX,FALSE,39,814,52969,41899.84,367.99
KXNBAPLAYOFF3D,TRUE,27,848,52950,22867.67,429.58
GOVPARTYMA,FALSE,100,398,52815,19099.97,316.93
KXLEADERMLBSTEALS,TRUE,85,985,52739,5979.07,349.95
KXGGPODCAST,FALSE,28,1762,52701,14140.17,333.15
KXESPYBESTATHLETEMEN,FALSE,16,739,52681,19654.65,486.45
KXDENMARKPARLI,FALSE,40,368,52576,17763.24,80.96
KXXRPMINMON-XRP,FALSE,40,1492,52557,12252.46,480.98
KXCOLLINSSENATERUN,FALSE,21,780,52553,47646.08,298.44
KXSONGCHARTSJCOLE,FALSE,9,809,52393,8540.82,214.38
WEBB,FALSE,64,1037,52300,26645.22,623.52
KXLEADERNFLRUSHYDS,TRUE,49,781,52290,19185.67,549.84
KXPENNY,FALSE,13,386,52245,42720.66,415.06
KXSNL,FALSE,225,1423,52199,13790.97,623.62
KXFRANKLINMENTION,FALSE,2,894,52177,31882.47,402.77
KXEARNINGSMENTIONLUCID,FALSE,24,1075,52123,24319.41,625.37
CREDITRATING,FALSE,172,557,52072,22888.1,441.95
KXALBUMSTREAMSU,FALSE,32,1296,52072,30358.76,622.38
KXCHRISTAYLORCOUNTIES,FALSE,35,417,52069,45832.73,216.04
KXELECTIONMOVVA11,FALSE,7,403,52049,35481.79,551.6
KXSECONDPLACENJGOVDNOM,FALSE,7,277,51994,21457.3,424.25
KXDEFGDP,FALSE,43,383,51827,6509.62,392.99
CPIFOOD,FALSE,136,511,51792,26263.11,614.8
KXHYPED,FALSE,50,10132,51766,27864.02,277.1
KXMALAWIPRES,FALSE,66,841,51738,27715.28,376.75
KXTOP10BILLBOARDSPOTSSC,FALSE,12,404,51737,32335.68,478.99
KXBESTACTRMUS,FALSE,24,758,51628,16509.13,473.06
KXGRAMMYWINNERS,FALSE,48,1158,51613,10094.72,215.83
KXNFLEXACTWINSSEA,TRUE,76,333,51577,19489.09,226.15
KXNEUTRONORBIT,FALSE,91,426,51521,5466.17,311.86
KXTRUFTSA,FALSE,22,1912,51517,24825.8,371.65
NYTOAI,FALSE,397,1576,51515,18192.11,731.5
KXPRICEINCREASESPOTIFYFAMILY,FALSE,51,370,51494,49796.26,109.77
KXGOVAKPRIMARY,FALSE,140,947,51482,19640.85,697.89
KXEXITPOLLLATE,FALSE,11,750,51410,33173.94,639.88
KXDEMPROGRESSIVESENATESWEEP,FALSE,85,742,51398,17913.3,702.08
KXELECTIONPACALL,FALSE,7,562,51363,36559.86,514.49
KXJUDICIALREFORMIT,FALSE,30,1342,51342,12485.31,441.93
KXNFPROD,FALSE,39,432,51264,31616.89,808.32
KXEZGDPQOQF,FALSE,15,242,51180,22130.53,84.74
KXCMAMENTION,FALSE,9,1194,51137,29246.97,527.74
KXDUTCHGAIN,FALSE,10,197,51061,7117.37,181.51
KXNFL2QSPREAD,TRUE,6,555,51052,12862.07,397
KXLASEN1R,FALSE,19,207,50991,5019.04,174.19
KXATTENDGRAMMYS,FALSE,7,1529,50884,13162.97,329.14
KXMEMCOACH,TRUE,6,307,50870,14848.44,575.53
KXSILVERCALL,FALSE,26,545,50858,13237.08,567.76
KXWTA,TRUE,9,1385,50853,12563.19,542.35
KXALBUMTRACKSHARRY,FALSE,48,608,50794,3053.16,117.66
KXNFLCOMBINE40,TRUE,5,644,50779,19383.93,486.44
KXTREASURYMAX5,FALSE,112,461,50627,3194.62,193.15
KXCOUPEDEFRANCEADVANCE,TRUE,8,866,50617,27025.01,647.57
KXMLBWINS-MIL,TRUE,127,824,50571,21979.15,673.57
KXSAGNOMSUPACTR,FALSE,15,733,50470,26576.09,596.05
APPLEUS,FALSE,431,2151,50368,24249.12,834.36
KXSENATEMSR,FALSE,42,340,50226,5949.45,69.17
WTAX,FALSE,190,523,50088,4973.62,297.5
KXEXPORTTARIFF,FALSE,162,884,50047,4479.9,278.48
KXDENMARKPM,FALSE,43,594,50015,34329.64,466.55
KXBORDER,FALSE,133,536,49997,26211.09,607.64
KXCOSTARICAASSEMBLY,FALSE,78,719,49979,17150.78,388.41
KXEARNINGSMENTIONBA,FALSE,7,1588,49961,27350.32,450.29
KXARTISTVS,FALSE,20,2549,49903,23841.13,354.56
KX4MINMILEW,FALSE,1,649,49887,9183.61,448.28
KXH5N1,FALSE,184,797,49880,6595.54,341.98
KXFANATICSGAMESFIRSTPLACE,FALSE,5,10250,49877,5828.58,272.99
KXWH,FALSE,13,392,49835,5434.77,182.12
HOUSEAZ1,FALSE,93,508,49807,24268.91,393.11
KXBOATSTRIKERELEASE,FALSE,73,740,49782,6395.69,356.8
KXALBUMLENGTH,FALSE,59,971,49747,36492.4,392.72
KXUSTYLD,FALSE,38,1150,49738,26437.05,453.19
KXDIDDYPUBLIC,FALSE,11,1423,49718,4339.64,277.05
KXOSCARNOMSHORTFILM,FALSE,30,1249,49683,21714.59,651.92
KXUKELECTIONCALL,FALSE,111,284,49625,3933.02,247.12
KXSENATEMNR,FALSE,126,1139,49606,19707.69,433.41
KXSURF,FALSE,16,255,49597,9058.1,178.13
KXMOVVALTAG,FALSE,51,602,49577,29344.53,484.81
KXFDAVAPE,FALSE,74,678,49562,19518.71,790.61
KXRECBASELINE,FALSE,40,361,49530,26429.28,680.38
KXESPYWNBA,FALSE,15,789,49493,24709.99,480.15
KXH200MON,FALSE,59,1284,49468,31602.6,622.52
KXNBA1STTEAMDEF,TRUE,46,1097,49418,32677.98,448.83
HOUSEOR5,FALSE,54,351,49400,17908.85,319.3
KXCOFFEEW,FALSE,22,2750,49394,22927.23,397.28
KXROLEATGRAMMYS,FALSE,67,623,49365,28985.9,284.26
KXZECMAXMON-ZEC,FALSE,81,1191,49323,14198.3,464.98
KXMAINEHOUSE94SPECIAL,FALSE,12,1029,49312,8073.35,303.4
KXMORTGAGERATE,FALSE,113,1355,49268,27054.5,653.81
KXESPYCOLLEGEMEN,FALSE,15,428,49250,23298.09,343.17
KXNBADRAFT6,TRUE,12,448,49240,14879.2,465.94
KXSCOTUSCERT,FALSE,121,585,49196,15844.73,364.93
KXMLBWINS-HOU,TRUE,105,566,49169,18630.51,325.95
KXEOCOUNTDAY1C,FALSE,2,165,49050,2880.67,185.9
KXDECPIPREL,FALSE,26,1961,49009,19226.95,289.58
HOUSEPA10,FALSE,97,453,48957,21746.94,623.54
KXCANRESIGNPARTY,FALSE,29,223,48884,23809.66,509.46
KXCOPPAITALIA,TRUE,80,946,48796,16565.45,492.47
KXNETANYAHUPARDON,FALSE,60,1003,48746,7136.7,412.62
KXLAYOFFSYPBS,FALSE,42,558,48742,24342.51,850.28
KXNCAABBPLAYOFFS,TRUE,23,624,48741,15957.75,528.07
CASE7DCN,FALSE,41,546,48736,24481.87,495.29
KXLEAVEMETA,FALSE,62,845,48686,22852.43,497.28
KXWATSONRNC,FALSE,66,1403,48602,31626.23,688.23
KXEMMYLIMITEDACTR,FALSE,89,539,48600,21180.13,642.86
KXCA40PRIMARYADVANCE,FALSE,66,537,48594,25056.36,729.08
KXSWITCH2,FALSE,54,506,48569,43001.84,301.36
EMMYCSERIES,FALSE,80,407,48514,12227.14,450.57
KXWTADDF,TRUE,3,282,48512,23077.48,616.94
KXESGDPYOYF,FALSE,16,317,48499,31311.65,76.64
KXNFLDRAFTDT,TRUE,29,889,48464,23960.71,432.46
KXTOPALBUMROCKY,FALSE,206,997,48464,13181.69,617.03
KXKHGAWI,FALSE,26,432,48307,14100.75,553.94
KXACMAEOTY,FALSE,31,802,48297,13974.8,508.58
KXVIDEOMAXNEWHEIGHTS,FALSE,3,317,48275,5618.95,277.06
KXDEEPSEEKBAN,FALSE,167,1476,48262,8764.68,474.59
KXAIPAUSE,FALSE,187,1622,48219,6318.03,388.67
KXWNBADRAFT5,TRUE,1,513,48201,19432.05,279.52
KXNFLWINS-NYG,TRUE,98,368,48188,15350.85,619.27
KXTARIFFRATECAN,FALSE,120,938,48072,14698.2,507.06
KXROBOTMARS,FALSE,299,2551,48035,19686.45,808.86
KXMASTERSCUT,TRUE,4,982,48034,26525.04,462.47
KXMENTIONEARNM,FALSE,3,583,48023,17422.86,229.72
KXAOCENDORSE,FALSE,20,660,48012,22365.84,453.82
KXSPDPERCENT,FALSE,27,1330,48003,22550.64,721.85
KXRBLX,FALSE,22,634,47960,12334.99,397.09
KXCRITICSOSPLAY,FALSE,69,737,47955,16735.97,330.66
KXDROPOUTPRIMARY,FALSE,31,443,47933,32412.82,389.59
VAXXKID,FALSE,37,934,47877,38538.33,433.8
KXGOVMENOMD,FALSE,176,1201,47816,12556.2,537.48
KXCOMEYDISMISS,FALSE,7,417,47773,43401.27,273.39
KXESDEEKID,FALSE,89,813,47715,3820.38,245.81
ASYLUMCASES,FALSE,190,791,47680,24099.41,565.06
KXNCAAMWRESTLING133,TRUE,4,1328,47662,21063.44,396.93
KXDJTLATINO,FALSE,11,766,47655,38963.92,440.58
KXKYLE100MRUN,FALSE,32,1447,47654,32963.64,543.24
KXFINKMENTION,FALSE,13,746,47592,26186.32,538.87
KXCANADACONFIDENCE,FALSE,47,340,47589,3075.62,194.8
KXNEXTLABORSEC,FALSE,21,515,47567,10404.4,484.93
KXFEATURETAYLORSWIFT,FALSE,36,602,47507,20940.35,247.42
KXSTARSHIP,FALSE,3,746,47506,23780.74,465.84
KXATP1RANK,TRUE,71,835,47493,24928.73,403.68
KXSAGNOMSUPACTO,FALSE,15,743,47462,28392.42,498.61
KXXRPMINY,FALSE,114,920,47440,8451.26,389.74
KXICEREFORM,FALSE,83,785,47400,14900.63,558.04
HOUSEIA3,FALSE,96,534,47397,24985.27,607.52
KXACAREPEAL,FALSE,295,1166,47293,10557.68,535.91
KXMLBWINS-DET,TRUE,110,301,47268,17557.64,421.05
KXBONDICOUNT,FALSE,10,357,47147,7075.02,263.55
HOME,FALSE,138,1315,47131,24476.2,713.02
KXCOSTARICAPRES1ROUND,FALSE,33,816,47112,37714.56,363.37
TOPALBUMBYBILLIE,FALSE,145,519,47106,10038.72,418.68
KXORPRIMARY,FALSE,29,240,47075,27891.71,172.78
KXUFCHEAVYWEIGHTTITLE,TRUE,210,1701,46996,11865.02,492
KXNYCTAXBILLIONS,FALSE,156,1132,46929,6792.34,409.82
KXLAXTEWAARATON,TRUE,83,1269,46899,11096.52,409.89
KXECKH319,FALSE,20,427,46887,5436.71,319.35
COMMENCEMENT,FALSE,36,571,46805,11145.4,456.5
KXOSCARNOMSONG,FALSE,31,1305,46655,13165.59,310.96
KXSENATENHR,FALSE,109,468,46635,17659.88,485.64
KXITASUPERCUPGAME,TRUE,1,429,46606,24776.07,507.63
GOLD,FALSE,18,2673,46488,10513.59,321.13
KXEARNINGSMENTIONALK,FALSE,7,903,46445,20069.91,308.41
KXDJTPUTINCALL,FALSE,38,1459,46399,16268.61,565.44
KXEMMYLSACTO,FALSE,53,300,46386,7494.93,188.6
KXCOPPERMON,FALSE,69,1520,46383,16714.24,409.18
KXALBUMSALESDOJACAT,FALSE,25,1078,46380,23362.45,455.14
KXHOUSEWINSTATE,FALSE,12,240,46376,16567.47,383.27
KXLIGAMXADVANCE,TRUE,2,407,46225,31373.5,500.68
KXSTEAMVRGOTY,FALSE,6,370,46219,7526.99,151.62
KXTCJAPERMANENT,FALSE,123,478,46152,38193.96,436.48
KXTRUMPBALLROOM,FALSE,79,624,46089,15538.35,546.94
KXSENATENCD,FALSE,121,501,46048,24914.01,436.01
KXTRUMPMEETDLEAD,FALSE,8,611,46025,38598.65,263.47
KXTXSENOUTCOME,FALSE,51,532,46001,12253.1,599.36
KXCRITICSASPLAY,FALSE,55,710,45719,12979.22,242.71
COIN,FALSE,141,442,45647,1750.7,118.54
SENATEID,FALSE,103,379,45591,21426.08,370.95
KXROLEATEVENTROLLING,FALSE,94,743,45522,5294.52,264.48
KXUSDEBTMON,FALSE,33,1036,45508,9911.67,391.72
KXPLAYBOICARTI,FALSE,149,1189,45507,11499.52,557.58
MLBCBA,FALSE,47,228,45487,13936.99,498.28
PRESPARTYTN,FALSE,41,405,45486,16010.07,105.75
KXNEXTMANAGERMLB,TRUE,18,333,45483,7520.9,345.84
KXMEDIANRENTLA,FALSE,26,446,45462,33145.72,473.62
POPVOTEDJTWY,FALSE,31,456,45432,9669.29,401.93
KXFLIGHTSRUSSIA,FALSE,210,931,45416,7236.53,394.25
KXTRUMPAPOLOGY,FALSE,7,265,45413,1143.04,77.59
KXTOPPOD,FALSE,283,1071,45410,28997.79,260.57
CASEWFR,FALSE,45,1033,45294,26982.8,374.04
HOT100,FALSE,87,712,45286,21342.55,262.98
MICHIGANCOACH,TRUE,11,278,45275,17263.77,452.51
KXNC01R,FALSE,45,821,45225,24482.48,396.03
KXLOSEREELECTIONRSEN,FALSE,134,840,45224,8447.25,463.3
REACTOR,FALSE,203,439,45223,4094.25,243.49
KXTRUFEGGS,FALSE,14,1019,45194,21986.22,141.75
KXNFLEXACTWINSBAL,TRUE,52,180,45191,16405.94,148.88
CREDEFMAX,FALSE,162,447,45181,8192.49,384.65
KXEARNINGSMENTIONCRM,FALSE,9,557,45135,23615.54,319.59
KXNYCBOROUGHWINBROOK,FALSE,19,304,45130,17278.44,195.77
KXETHFLIP,FALSE,120,477,45092,7280.63,374.73
KXLARSENMOV,FALSE,37,366,44975,4159.45,245.91
KXTRADEDEALCUBA,FALSE,57,1891,44968,21563.76,504.27
KX50YMORTGAGE,FALSE,38,269,44927,2406.17,157.29
KXSUGARW,FALSE,22,1829,44722,17874.83,401.48
KXFEATUREZLARSSON,FALSE,30,676,44711,19234.49,417.25
KXECDJT306,FALSE,20,331,44710,4398.41,237.56
KXDISCEOCHANGE,FALSE,133,430,44653,2609.8,155.68
KX250DOLLARBILL,FALSE,128,883,44649,4210.37,255.03
TOPALBUM,FALSE,78,594,44642,42655.62,133.49
KXEZGDPYOYF,FALSE,21,287,44641,18786.19,81.7
KXINSULINCAP,FALSE,244,1473,44628,5334.97,310.41
HOUSEVA7,FALSE,55,485,44614,22424.06,501.38
KXMEDIACOVERMLBTHESHOW,FALSE,86,1477,44590,23806.56,596.71
KXBLSCOMMISSIONER,FALSE,39,623,44525,18625.96,628.48
KXEARNINGSMENTIONNIO,FALSE,9,342,44520,27752.48,268.31
KXNFLLASTPICKPOS,TRUE,3,838,44445,13582.51,255.68
KXMCGREGORFIGHTNEXT,TRUE,141,1209,44441,14468.68,432.3
HURNYC,FALSE,177,348,44437,2675.97,175.72
KXINSOSNOMR,FALSE,58,862,44434,18460.49,439.05
CMEATBAN,FALSE,104,377,44323,13104.97,318.43
KXPRICEINCREASEAZICEDTEA,FALSE,245,2111,44303,8663.12,469.8
KXMOVIEDELAYODYSSEY,FALSE,139,1996,44273,4604.36,289.01
KXNHLSERIESGAMES,TRUE,29,683,44262,27638.87,566.67
KXEMMYCSACTO,FALSE,103,635,44250,14286.51,509.78
KXSFRENTSY,FALSE,127,569,44131,32649.85,397.05
KXJOINREFORM,FALSE,38,274,44121,10277.08,492.38
KXWNBAWINS,TRUE,9,499,44088,20994.1,610.86
KXMOVGA14SPECIAL,FALSE,13,505,43988,13761.32,273.78
KXROLEATMETGALA,FALSE,19,1198,43956,11711.77,359.09
KXCPISHELTER,FALSE,88,473,43952,22576.75,569.35
GOVPARTYWI,FALSE,160,646,43949,23294.35,536.35
USICA,FALSE,133,845,43897,13993.52,388.39
KXTRUMPPARDONMONTH,FALSE,8,1504,43895,32256.75,450.39
KXTIMEDECADE20S,FALSE,229,1764,43879,8806.54,472.36
KXCONGESTION,FALSE,48,518,43840,7451.93,354.23
KXFEDDC,FALSE,126,975,43796,7123.03,400.43
KXAIRFARECPI,FALSE,42,3025,43792,28284.16,506.66
KXGOVMINOMD,FALSE,159,677,43786,15646.25,469.93
KXIMFRECESS,FALSE,186,600,43754,12152.16,598.69
KXRANKLISTFFTE,TRUE,110,585,43713,8324.21,267.59
KXNBADRAFT4,TRUE,13,758,43710,16219.81,396.14
KXLEAVEHOUSECOMBO,FALSE,28,1053,43669,17078.73,674.15
FRMMIN,FALSE,171,541,43662,25300.01,481.76
KXPARIS,FALSE,70,779,43631,34826.4,463.34
KXNEXTTEAMLEBRON,TRUE,64,605,43590,21209.02,229.48
KXBALANCE,FALSE,206,1139,43572,6275.59,375.64
KXNBA2KCOVER,TRUE,217,1667,43545,15947.31,466.57
KXPPIVSCPI,FALSE,22,324,43459,29395.21,608.79
KXROKU,FALSE,8,464,43373,10858.89,215.76
KXA100MON,FALSE,49,721,43329,25898.85,386.74
KXHOILW,FALSE,22,2048,43286,15192.59,442.46
KXNGASMIN,FALSE,99,643,43274,14916.46,224.29
KXDJTJBPARDON,FALSE,15,622,43259,33419.21,508.19
KXMLSEAST,TRUE,119,399,43241,5744.93,261.69
KXBESTACTORMUS,FALSE,22,782,43103,14625.6,409.97
KXVOUGHTCOUNT,FALSE,11,196,43103,8514.28,192.61
KXNASCARFASTLAP,TRUE,21,759,43075,3516.99,148.61
KXCOMMENTTRUMPBADBUNNY,FALSE,75,1877,43040,9886.5,377.58
KXPA07D,FALSE,70,850,43027,16987.42,464.78
KXDOGESAVINGS,FALSE,133,568,42929,28220.69,399.32
KXPERSONPRESFUENTES,FALSE,185,1680,42895,7008.88,404.99
KXOSTP,FALSE,63,402,42875,19173.71,468.98
HOUSENC1,FALSE,99,400,42828,23169.21,505.57
ARCTICICEMAX,FALSE,65,458,42827,20363.32,509.74
KXNOBELLIT,FALSE,64,777,42740,5844.78,342.32
KXTREASBLOCKCHAIN,FALSE,236,885,42710,8887.27,470.59
PRESPARTYMT,FALSE,26,255,42609,16544.96,90.49
CASE7DFL,FALSE,57,656,42605,20029.26,342.49
KXCONNCOACH,TRUE,5,215,42474,17628.1,301.45
KXPORTUGALPARTY,FALSE,33,248,42401,19044.97,233.65
KXTESLAROADSTER,FALSE,112,908,42334,6695.5,379.81
KXSAGNOMACTR,FALSE,15,1103,42328,25028.43,496.16
KXDCUSATTORNEY,FALSE,54,394,42288,12897.67,399.52
KXWTAGRANDSLAM,TRUE,143,998,42243,17753.66,420.89
BILLBOARDPEAK-E,FALSE,24,239,42228,21426.7,256.65
HOUSEPA7,FALSE,98,531,42151,23406.42,511.03
KXKAMALAGOV,FALSE,148,661,42150,5114.46,228.64
KXLORDMILES,FALSE,42,652,42131,20223.56,617.85
KXSENATEMAD,FALSE,139,874,42114,18701.73,460.97
KXPEARLMANMENTION,FALSE,4,1404,42110,6194.1,305.92
DISCEOCHANGE,FALSE,142,342,42067,2588.51,165.76
KXELONATTEND,FALSE,120,1031,42052,5250.16,286.01
KXXRPMAXM,FALSE,13,854,42034,13589.35,511.88
KXJUULFLAVOR,FALSE,204,2047,42026,12254.55,563.47
HOUSECA22,FALSE,113,718,41977,22311.31,563.76
KXSENATEOHSD,FALSE,138,494,41956,12939.3,339.91
KXELECTFRAUD,FALSE,64,260,41928,5716.81,229.62
KXGRAMBDPR,FALSE,58,788,41916,12316.24,170.15
KXNATIONALIZESPACEX,FALSE,196,804,41869,2165.48,145.56
FDACALIFF,FALSE,56,949,41805,25499.99,469.43
KXEFFR,FALSE,28,389,41715,7439.62,95.79
KXMRBEASTGAMESTEAM,FALSE,44,1267,41698,13395.63,312.51
KXATCZERO,FALSE,22,1085,41648,7519.48,404.06
KXMLBNLCPOTY,TRUE,69,325,41624,9041.6,368.22
KXNCAAMLAXF4,TRUE,12,330,41610,10343.1,377.94
KXARGCENTRALBANK,FALSE,156,447,41586,4923.04,294.65
KXEMMYLSACTR,FALSE,60,414,41578,10524.21,324.96
KXMEXAMB,FALSE,2,104,41577,3938.2,166.89
KXAGICO,FALSE,71,1871,41571,12280.5,494.64
KXECDJT316,FALSE,20,263,41569,2663.91,161.83
KXPORTGUAL1R2ND,FALSE,28,859,41561,11813.04,438.35
KXDOOMSDAY,FALSE,56,666,41524,32625.84,467.07
SENATETN,FALSE,126,519,41503,8131.04,140.5
FLIGHTLAX,FALSE,48,2067,41467,9774.27,283.91
KXFUSION,FALSE,181,1369,41463,14471.13,609.72
KXBLOCKTARIFF,FALSE,95,651,41450,29830.86,478.84
KXUFCFEATHERWEIGHTTITLE,TRUE,189,1411,41441,8656.38,422.26
KXBALANCESHEET,FALSE,93,514,41402,21180.62,456.78
PRESPARTYOK,FALSE,25,217,41347,10116.07,71.13
KXUKRIMPEACH,FALSE,159,823,41226,3103.42,198.48
KXXLMMAXY,FALSE,128,785,41133,10614.11,351.94
NGASMAX,FALSE,115,402,41122,7674.1,327.65
KXEFLCHAMPIONSHIP,TRUE,109,487,41106,12220.8,277.5
KXTOPARTISTRUNNERUPUSA,FALSE,58,419,40980,20149.09,207.22
KXHIRINGFREEZELIFT,FALSE,89,565,40876,25336.17,356.79
KXEXITCONSERV,FALSE,122,464,40833,13486.2,552.3
HOMEUSY,FALSE,163,769,40805,24217.07,428.76
KXGOVMANOMR,FALSE,82,549,40745,16536.75,415.24
KXSKRMETTI,FALSE,101,539,40689,6203.33,351.53
BIDENVNEBRASKA,FALSE,88,549,40686,8707.2,453.27
KXTOPALBUMRECORDMWITP,FALSE,62,779,40673,19278.36,229.08
KXGGGNOMLSERIESACTR,FALSE,27,127,40670,20702.22,481.71
KXGOVNMNOMD,FALSE,144,835,40631,20802.02,513.12
HOUSEWA3,FALSE,81,643,40600,22090.57,427.63
BILLBOARDPEAKPMAD,FALSE,43,450,40448,12429.2,267.96
CFPB,FALSE,85,270,40434,21250.07,626.19
KXTRUMPSUE,FALSE,72,795,40426,4571.55,260.36
SENATEMS,FALSE,103,353,40274,11601.58,234.97
KXDUTCHCOALITION,FALSE,98,638,40273,8900.88,336.72
KXDEPUTIESCHILE,FALSE,33,423,40150,18304.66,351.55
KXSONGRELEASEDATEAG,FALSE,41,870,40087,10256,323.94
KXNBAPLAYOFFPTS,TRUE,27,747,40038,17464.84,413.49
KXSURGEON,FALSE,136,496,40036,18049.27,468.27
KXGRAMBDEA,FALSE,47,688,39989,9493.32,283.14
KXNBADRAFTTOP20,TRUE,8,672,39922,15848.08,410.9
KXWVPRIMARY,FALSE,35,450,39918,19910.67,239.44
KXF1OCCUR,TRUE,27,374,39912,2409.78,134.23
KXMARTIAL,FALSE,237,1174,39892,15276.4,642.6
KXPGAR3TOP10,TRUE,8,1051,39709,17644.53,531.16
KXMELANIASUEHUNTER,FALSE,107,736,39669,6741.6,353.48
KXHILLARYCONTEMPT,FALSE,38,745,39635,9786.69,281.79
ECB,FALSE,71,407,39634,22523.28,168.06
KXLTGOVVANOMR,FALSE,53,394,39626,12636.27,373.77
KXEARNINGSMENTIONALLY,FALSE,15,1035,39621,18877.63,348.15
KXHALOPS,FALSE,142,716,39607,26012.71,509.16
KXSENATEKSD,FALSE,105,760,39573,11653.72,420.85
KXISRAELRESIGN,FALSE,54,710,39556,17780.78,483.7
RTAGATHAALLALONG,FALSE,10,236,39553,10973.41,312.69
BIGBANKLAYOFF,FALSE,127,673,39488,17349.16,528.32
KXAILEGISLATION,FALSE,123,1727,39469,12158.16,586.57
KXOSCARCOUNTWICKED,FALSE,32,1157,39467,13234.16,424.19
KXSONGRELEASE,FALSE,120,1311,39455,33347.1,242.13
KXGGSTANDUP,FALSE,38,812,39433,10149.27,312.28
KXSOFIMEMBERS,FALSE,90,284,39408,35157.1,218.52
KXEXITPOLLMEN,FALSE,10,392,39376,3256.64,203.34
CASEWDE,FALSE,53,920,39370,23622.08,298.41
KXSAGAWARDACTODRAMA,FALSE,57,823,39298,16621.68,142.77
GOVPARTYIN,FALSE,56,374,39289,13921.59,125.75
KXAMA,FALSE,24,756,39279,17091.21,472.84
POPVOTEDJTAL,FALSE,35,360,39271,27477.31,399.75
KXCOFFEEMON,FALSE,28,1491,39229,19794.03,445.6
KXFIELDS,FALSE,124,1001,39186,21226.32,483.92
KXTOPALBUMBYBCYNTHIAERIVO,FALSE,61,513,39186,14468.69,553.94
KXKHUNMWOMEN,FALSE,11,436,39171,12137.94,268.54
KXTRUMPGA14,FALSE,62,423,39158,27800.24,455.94
KXMLSWEST,TRUE,136,736,39154,8857.51,401.91
KXAIRDROPMONAD,FALSE,78,936,39031,17515.53,438.51
KXRHIPAL,FALSE,31,418,38994,18464.53,576.5
KXTERREBONNE,FALSE,3,469,38908,20878.51,216.57
KXRECCOST,FALSE,30,244,38903,26454.6,305.89
KXMULLINCOUNT,FALSE,18,465,38891,18465.16,295.66
METACRITICSTALKER2,FALSE,50,250,38850,11886.42,343.69
KXSWITCH2RELEASE,FALSE,31,438,38828,17328.81,335.18
KXTRAVISKELCEWEDDING,FALSE,193,1635,38814,29571.26,426.66
KXTOPALBUMTYLERTHECREATOR,FALSE,10,511,38803,36094.33,161.87
KXCOCOAW,FALSE,20,1979,38734,16731.22,348.22
KXMLBAWARDCOMBO,TRUE,28,241,38701,5262.87,311.63
KXTRUMPSPACE,FALSE,100,314,38699,670.35,47.5
KXVANCOUVERMAYOR,FALSE,37,221,38690,7634.49,416.62
TOPALBUMYEAR,FALSE,176,565,38683,32271.73,339.51
KXSTOCKX1130BLACKSILVER,FALSE,21,248,38669,22073.12,217.73
KXRESCISSION,FALSE,60,202,38660,30075.08,378.31
BORDER,FALSE,134,428,38633,4495.79,259.99
KXINXHIGH,FALSE,84,791,38628,20560.58,307.03
KXCPIAPPAREL,FALSE,45,294,38615,24431.26,518.29
KXMLBALCPOTY,TRUE,92,482,38592,11216.3,438.62
MURTHYMISSOURI,FALSE,129,465,38452,12795.42,480.07
KXOSCARNOMAS,FALSE,7,902,38413,15573.04,89.08
CASE7DCA,FALSE,49,399,38412,7873.52,209.99
LCPIMIN,FALSE,107,621,38346,23665,525.16
KXAPCALLNJGOV,FALSE,8,540,38342,26318.45,355.57
KXMOVIL9DNOM,FALSE,19,628,38329,14775.1,217.09
KXRELEASECPI,FALSE,8,283,38300,28900.86,384.41
STARSHIPMARS,FALSE,323,1170,38285,7095.69,407.32
KXAIORDER,FALSE,67,446,38220,28143.99,468.57
KXFAITHLESS,FALSE,20,224,38170,30141.58,275.78
KXGGGNOMTVSUPACTR,FALSE,29,180,38142,23164.67,447.64
KXMEDIAGUESTCOUNTCK,FALSE,36,1211,38140,12502.49,463.61
POPVOTEDJTMS,FALSE,27,317,38125,29924.6,303.18
KXOSCARNOMDOCUS,FALSE,7,315,38122,14422.35,85.42
KXNFL2QTOTAL,TRUE,7,746,38047,16907.76,434.17
KXDRUGPRICEOZEMPIC,FALSE,127,911,38028,9463.56,472.88
KXMLBSTAT,TRUE,77,1155,37980,9736.91,417.23
KXSP500BTCPURCHASE,FALSE,105,785,37973,26413.2,471.68
KXSQUIDGAMES3,FALSE,18,817,37963,16359.19,378.11
KXFM30YMTG,FALSE,18,185,37930,7377.11,414.99
KXDJTNFT,FALSE,164,1204,37889,2712.09,176.12
KXNEPRIMARY,FALSE,30,272,37889,22126.84,189.69
KXPOLIOELIM,FALSE,166,1307,37803,2881.06,191.89
KXALBUMSALESSCARPENTER,FALSE,8,185,37762,26755.61,300.1
KXSUPERLIG,TRUE,101,563,37580,13385.29,319.55
KXLARSENR1,FALSE,44,592,37576,20656.69,353.64
KXPLATNERDROPOUT,FALSE,35,194,37524,1896.38,121
KXSWATCHLOW,FALSE,4,280,37519,17366.96,192.2
MEAD,FALSE,60,698,37454,16079.08,328
KXSTARTNOSAINTS,FALSE,23,296,37448,23180.8,375.77
KXSPOTIFYSONGSEDSHEERANOLDPHONE,FALSE,10,651,37329,13242.08,337.95
KXMAYORCHI,FALSE,155,579,37307,15050.8,479.8
KXMLBSTATCOUNT,TRUE,64,984,37285,19795.55,456.1
KXFAROEELECTION,FALSE,9,351,37270,23246.2,115.91
KX538APPROVEMIN,FALSE,27,499,37250,16619.02,364.52
KXFRASUPERCUPADVANCE,TRUE,1,400,37227,23996.36,408.38
KXNY4R,FALSE,73,630,37209,8772.81,356.88
KXLALEADEROUT,FALSE,59,348,37203,11362.13,357.63
PRESPARTYID,FALSE,33,317,37189,13920.32,66.92
KXMOVIEDELAYAVENGERS,FALSE,124,3018,37173,9651.05,507.61
PRESPARTYWV,FALSE,29,267,37164,11070.7,59.24
KXKOREABAN,FALSE,20,71,37121,987.19,64.82
KXJIMMYKIMMELFIRED,FALSE,17,1017,37115,10933.1,533.75
KXAGNOMMID,FALSE,26,262,37017,15926.5,297.43
EXOPLAN,FALSE,34,495,36996,15232.54,462.61
KXTSGRAMMYALBUM,FALSE,41,579,36990,4281.27,252.22
KXCA22PRIMARY,FALSE,92,450,36967,15713.23,438.17
KXVOTEPERCENTCOTTONGOP,FALSE,39,427,36966,21251.67,214.52
KXLOVEISLANDALLSTAR,FALSE,29,651,36952,12341.16,362.78
EURUSDMAX,FALSE,156,533,36922,9699.52,418.27
KXLEAVEMILLS,FALSE,48,781,36917,9906.69,427.02
MONKEYPOX,FALSE,94,493,36890,4339.47,253.66
USDARSMAX,FALSE,81,309,36886,25678.22,345.79
KXUSTESTSREADING,FALSE,244,2473,36854,16113.05,554.41
KXUFLCHAMP,TRUE,65,501,36810,16032.09,383.06
KXTOPSONGRECORDIACB,FALSE,107,531,36763,2570.24,130.22
GASMAX,FALSE,139,508,36763,9106.06,425
KXCA14SWINNER,FALSE,24,289,36718,20490.03,337.23
OSCAR,FALSE,58,196,36684,2192.98,140.39
KXCONGRESSTARIFFVOTE,FALSE,33,746,36642,6094.01,323.72
EARTHQUAKE,FALSE,104,548,36584,13804.37,216.87
CASEWIT,FALSE,34,623,36571,15319.16,283.14
KXWNBAREB,TRUE,7,1590,36570,20526.17,472.47
KXTRADEOFFNFL,TRUE,33,476,36560,8922.41,259.03
KXMENTIONEARNWGO,FALSE,2,855,36552,15153.26,348.97
KXSOLMINMON,FALSE,30,465,36535,7534.3,322.63
KXZELENSKYYOUT,FALSE,90,507,36510,4202.83,246.63
KXSIXNATIONS,TRUE,25,380,36504,8804.58,230.12
KXMETACRITICROSIE,FALSE,18,231,36465,22279.67,350.05
KXKNUEPPEL3PTREC,FALSE,22,690,36389,7648.4,301.52
KXFISPIRITAWARDS,FALSE,17,989,36384,12128.4,210.57
KXALCARAZCOACH,TRUE,32,150,36340,23147.65,446.11
KXZELENSKYRUSSIA,FALSE,98,644,36329,1451.12,99.33
KXDEPCIA,FALSE,34,311,36282,7512.54,375.61
KXLINKMAXY,FALSE,111,585,36263,13056.74,520.9
KXIDPRIMARY,FALSE,29,264,36244,18746.17,210.1
BOEING737MAX9,FALSE,22,186,36240,33908.47,139.23
KXGABBARDANNOUNCEOUT,FALSE,41,1216,36189,9163.54,415.92
KXLEADERMLBERA,TRUE,82,655,36180,4314.76,250.86
KXIPOFANNIE,FALSE,88,743,36171,3586.28,201.31
KXPOPEVISITNEXT,FALSE,128,798,36139,22512.17,411.47
KXSERIEATOP4,TRUE,120,882,36120,18388.36,400.66
KXTOPALBUMBYARI,FALSE,70,699,36086,23421.12,390.79
KXWAYMOCITY,FALSE,54,1529,36024,14938.37,480.07
KXNEWCOACHNE,TRUE,6,399,36021,27096.28,190.16
KXRTTVANDORS2,FALSE,9,487,36016,24092.41,374.81
KXMLBNLRELOTY,TRUE,109,381,35976,10096.79,371.46
KXFIFAUSPULL,TRUE,77,162,35922,1434.91,91.86
KXLEADERMLBRBI,TRUE,83,658,35878,3033.16,183.24
KXMAYORSANANT,FALSE,51,238,35809,11791.59,243.93
KXPS5PROPRICE,FALSE,132,953,35793,3081.19,197
KXDOTMAXY,FALSE,52,742,35773,5347.03,314.06
OSCARCOUNTOPPENHEIMER,FALSE,32,472,35737,10306.72,379.25
KXRONALDOTRUMPHANDSHAKE,FALSE,1,892,35728,17716.29,399.65
KXKHMI,FALSE,24,398,35622,3262.93,199.19
KXTACAPORTADVANCE,TRUE,10,434,35594,20892.25,235.31
KXROARINGKITTYTWEETS,FALSE,119,1046,35593,6571.5,323.87
TEXASDHS,FALSE,219,833,35590,15123.6,534.3
KXSCOTUSVRA2,FALSE,137,704,35550,31350.33,251.84
KXGOVCONOMR,FALSE,102,773,35469,13936.84,475
KXTARIFFSECTOR,FALSE,71,516,35464,17496.37,519.44
KXSTEAMLOL,FALSE,6,323,35410,5651.71,115.21
KXNCPRIMARY,FALSE,21,627,35400,19045.45,300.21
KXCBATOTAL,TRUE,5,851,35382,17943.36,423.37
GOVPARTYOR,FALSE,118,408,35369,15283.1,303.47
KXLOSEREELECTIONDSEN,FALSE,129,890,35351,9225.98,302.37
KXCARPENTERWEEKSNUM1,FALSE,69,422,35267,8022.6,311.19
KXXISUCCESSOR,FALSE,128,2029,35230,5436.77,311.34
KXPOPETWEETS,FALSE,24,879,35201,4563.56,251.24
RTCHRISTMASPAGEANT,FALSE,29,228,35190,21586.35,409.99
PRESPARTYAL,FALSE,32,297,35142,19004.8,61.58
KXCONSTAMEND,FALSE,163,625,35133,4084.12,251.65
KXLINKEPERCENT,FALSE,28,944,35123,26991.23,381.11
KXSTARSHIPDOCK,FALSE,201,636,35116,21078.03,562.06
KXKBOTOTAL,FALSE,3,467,35102,16565.77,581.6
KXSAGAWARDCASTDRAMA,FALSE,61,887,35057,15534.49,164.89
KXRANKLISTCS2PLAYER,FALSE,7,132,35054,17187.04,86.66
KXCLOSESTGOVERNOR,FALSE,121,482,35049,3356.94,199.39
RTTHERINGSOFPOWER,FALSE,48,246,35044,16611.29,285.39
KXNBAWINS,TRUE,2,548,35028,8674.33,216.13
KXAMBMALAY,FALSE,69,294,34969,3917.05,181.74
KXEVCREDITS,FALSE,82,582,34959,29726.7,282.44
KXGRAMBCCA,FALSE,46,749,34940,9452.66,321.63
KXGOVPARTYAK,FALSE,57,149,34937,11453.39,509.94
KXGRAMBSWFVM,FALSE,40,368,34928,18876.05,76.38
PRESPARTYMS,FALSE,28,283,34918,13049.18,76.06
DEBATEHAPPEN,FALSE,3,450,34903,33386.21,102.22
KXUSDTMIN,FALSE,158,435,34873,2723.02,166.71
KXSTEAMSBAR,FALSE,6,375,34866,4250.21,117.01
KXGULF,FALSE,12,204,34792,27206.01,319.04
KXSTARTIND,FALSE,21,296,34786,17451.64,285.05
KXGOVCONOMD,FALSE,102,758,34765,15812.61,439.69
KXEWCCALLOFDUTYBLOPS6,TRUE,19,518,34762,11728.13,426.83
KXVISITGREENLAND,FALSE,78,867,34748,16345.16,234.38
OPENAIBOARD,FALSE,26,317,34650,12778.04,360.69
KXVCCHAMPIONSPARIS,TRUE,46,671,34613,10943.31,380.34
KXTVSEASONRELEASETHELASTOFUS,FALSE,172,1603,34601,7776.79,309.61
KXWNBAROY,TRUE,22,752,34547,10878.86,408.37
KXVOTINGBILL,FALSE,158,710,34517,3601.04,218.5
KXFREEIVF,FALSE,243,1845,34466,6858.42,381.39
KXNFLEXACTWINSPIT,TRUE,60,197,34440,10423.73,133.8
KXNCAAMWRESTLING157,TRUE,4,628,34419,9705.75,223.98
KXALBUMRELEASEDATEARIANA,FALSE,28,310,34362,9551.14,103.76
TESLAM2,FALSE,118,414,34327,9893.51,443.26
ARGINFLATIONM,FALSE,147,473,34264,16211.14,343.76
KXDCMAYORD,FALSE,136,786,34250,13615.18,497.5
KXLYONMAYOR,FALSE,26,445,34202,17631.18,217.11
KXARGPREMDIVSPREAD,TRUE,3,521,34161,5528.77,214.14
KXWCSTAGEOFELIM,TRUE,7,374,34125,6650.86,320.93
PRESPARTYND,FALSE,18,251,34076,13909.33,66.83
KXGAMEAWARDSBEA,FALSE,42,461,34056,16622.21,157.45
KXCRITICSCOMEDYSUPACTR,FALSE,36,367,33982,11850.23,298.92
KXNY8D,FALSE,82,480,33953,15076.13,301.99
KXAIRTAG2,FALSE,128,1052,33779,16621.72,430.63
KXSTATELEG,FALSE,28,425,33774,16782.48,429.14
KXSTRIPEIPO,FALSE,159,911,33767,5763.48,300.28
KXCHOPSTICKS,FALSE,45,485,33764,23506.46,477.96
KXMCBATTLEFIELD6,FALSE,20,610,33677,14399.11,323.43
HURCOASTTEX,FALSE,49,112,33661,2089.11,120.09
KXPUTINDJTLOCATION,FALSE,167,827,33620,7584.84,311.11
KXTRUDEAULEADER,FALSE,17,287,33612,29700.76,207.98
EVSHARE,FALSE,289,1342,33601,18096.52,505.08
KXCVNA,FALSE,7,564,33570,27508.84,239.01
XCEOCHANGE,FALSE,198,511,33559,8166.79,392.41
KXTRUMPSBA,FALSE,10,200,33487,3474.72,150.64
KXLUTNICKCOUNT,FALSE,20,223,33463,19478.36,270.82
KXESPYBREAKTHROUGH,FALSE,15,371,33452,8777.04,290.01
MAERSK,FALSE,164,500,33447,12652.87,365.72
KXCHESSGAME,TRUE,4,196,33444,17227.26,125.71
GRAMMYNOMAOTY,FALSE,137,593,33413,18159.06,254.39
KXCOVEREA,TRUE,127,984,33316,6547.26,329.5
KXEARNINGSMENTIONNYT,FALSE,2,928,33299,19473.88,200.61
KXTOPALBUMBYDONTOLIVER,FALSE,89,364,33294,5685.68,313.96
KXENDORSEFISHBACK,FALSE,106,578,33275,10031.99,352.84
KXTRUMPVSLAUGHTER,FALSE,90,597,33273,29002.39,248.36
KXWLEADERNET,FALSE,21,1006,33247,21867.49,305.53
KXVAHOUSE,FALSE,73,343,33232,18041.31,138.13
KXOMB,FALSE,34,200,33196,24368.3,270.85
KXSAGAWARDACTRDRAMA,FALSE,58,755,33162,17322.33,160.03
KXGREERCOUNT,FALSE,5,266,33139,10202.33,298.82
KXNUMSHUTDOWNS,FALSE,69,392,33120,15951.53,511.34
KXMACCELL,FALSE,179,1312,33120,12578.81,516.86
POPVOTEKHVT,FALSE,34,599,33109,11189.27,310.9
KXOSCARNOMSPLAY,FALSE,28,1171,33087,14892.55,246.89
KXTOPALBUMRECORDAMITHEDRAMA,FALSE,19,403,33032,2170.22,118.27
KXNEXTJPNPM,FALSE,41,651,33024,21036.09,287.36
KXSBUDGETRES,FALSE,11,303,32983,16470.75,228.7
KXNFLCOMBO,TRUE,6,363,32980,3721.04,217.95
KXSAGAWARDACTOLIM,FALSE,50,706,32945,10215.05,217.89
KXGRAMBAC,FALSE,45,446,32936,7579.99,161.29
KXZYNBAN,FALSE,124,533,32929,3587.95,212.16
KXFULLLIDBEFORE630PM,FALSE,20,872,32899,19674.53,273.05
KXGA1ROUND,FALSE,43,165,32850,26539.37,351.85
KXPRESSBRIEFINGCOUNT,FALSE,29,413,32828,17957.41,220.68
KXMO,FALSE,15,397,32814,7467,133.32
KXMLBWINS-CWS,TRUE,103,322,32812,17874.13,483.75
KXGRAMBDER,FALSE,59,475,32793,9856.82,194.74
KXJETFUEL,FALSE,28,1221,32783,20398.32,327.1
KXNVPRIMARY,FALSE,34,404,32768,15972.01,374.25
KXPGABIRDIES,TRUE,2,500,32763,13569.64,267.26
DIESEL,FALSE,52,631,32725,10213.61,258.94
KXSPACEXREUSE,FALSE,152,691,32694,6620.48,260.18
KXMCPOKEMONLEGENDSZA,FALSE,34,532,32675,18719.42,223.33
KXTESLATARIFF,FALSE,170,1169,32641,12146.32,453.74
KXNBAGAME7,TRUE,27,322,32635,16320.99,439.12
KXTEAMSINWS,TRUE,48,374,32629,1777.9,102.54
KXPARISMAYORADVANCE,FALSE,6,158,32620,28500.46,155.82
KXSPOTIFYSONGSLORDEWWT,FALSE,9,590,32608,17240.43,288.24
KXEARNINGSMENTIONRIVN,FALSE,8,977,32569,22361.99,217.02
KXTHRASHERMAGSOTY,FALSE,56,431,32567,8621.84,240.53
KXTRUMPCONDEMNFUENTES,FALSE,51,804,32494,2358.38,153.72
KXRANKLISTKAITO,FALSE,6,153,32485,8292.87,260.14
KXELECTIONEMERGENCY,FALSE,69,787,32478,11420.46,446.54
KXMARSEILLEMAYOR,FALSE,53,430,32437,17256.5,206.02
KXPERUCONGRESS,FALSE,66,493,32397,7382.87,287.98
KXCHILE1ROUND,FALSE,35,244,32392,881.68,59.72
KXCRITICSHAIR,FALSE,69,720,32379,10851.65,230.11
HOUSEPA8,FALSE,97,456,32374,19270.97,379.88
KXUABCOACH,TRUE,4,190,32371,14992.35,334.7
KXMRBEASTSALESFORCECHALLENGE,FALSE,16,218,32311,29564.96,141.74
MCZELDAEOW,FALSE,68,329,32308,16216.66,387.39
KXNBADRAFT2,TRUE,12,211,32267,27265.91,53.47
KXGOVNMNOMR,FALSE,99,744,32263,13360.34,481.98
KXSTARTCIN,FALSE,4,280,32252,10623.49,290.84
KXWNBADRAFT3,TRUE,1,519,32215,11286.36,277.58
KXPLANETFITNESSSUBS,FALSE,127,848,32184,2458.89,154.99
KXMLBWINS-NYM,TRUE,77,323,32149,14051.03,433.49
KXCOMPTROLLERNOMILD,FALSE,32,857,32146,15890.08,349.45
KXCOLOMBIACHAMBER,FALSE,53,359,32141,16163.02,371.43
NETNEU,FALSE,83,293,32113,9275.28,331.76
KXSPOTIFYSONGSALLICANTAKE,FALSE,9,613,32104,15763.56,202.12
PRESPARTYNE3,FALSE,20,154,32092,11441.71,55.96
KXCRITICSCOMEDYSUPACTO,FALSE,41,354,32075,7423.37,243.72
KXSSDELAY,FALSE,208,964,32066,11570.49,425.66
KXGOVTFUNDHVOTES,FALSE,1,272,32043,12826.33,249.91
RTTHEBEAR,FALSE,42,337,32026,15762.07,349.95
KXBRAZILINF,FALSE,150,662,31959,18492.09,424.62
KXGRAMBAJA,FALSE,38,272,31912,6788.65,316.5
KXSALMONRUN,FALSE,2,193,31799,14980.85,362.31
KXPORTUGALPM,FALSE,26,351,31768,24699.33,172.58
KXNORDSTREAM2,FALSE,150,402,31751,3729.88,195.49
KXBIGBROTHER27,FALSE,3,771,31698,11591.33,199.31
KXGOVCARESIGN,FALSE,31,341,31669,2745.81,162.31
KXCARNEYSEAT,FALSE,14,74,31646,1843.38,121.36
KXNEXTCOMPANYSP500,FALSE,11,444,31529,5996.31,267.27
KXTX21R,FALSE,79,575,31526,17862.22,165.6
KXSYRIA,FALSE,198,555,31500,14357.79,475.87
KXTRUMPDELETE,FALSE,25,267,31500,29152.01,121.3
KXIMPEACHJUDGE,FALSE,166,499,31491,3694.5,215.76
KXSENATENED,FALSE,15,145,31463,23521.91,107.07
KXGRAMBCMSEP,FALSE,20,183,31441,6765.51,281.68
KXJUDGECOUNT,FALSE,51,381,31410,19823.04,203.46
OILW,FALSE,25,673,31394,6460.1,216.51
KXNJGOLFVISITCOUNT,FALSE,36,501,31314,10963.34,196.7
KXGRAMMYCOUNTPOSTMALONE,FALSE,69,538,31294,8771.11,355.75
KXMLBPLAYEROTM,TRUE,27,564,31291,6630.67,270.88
KXSALTX,FALSE,112,455,31265,26239.1,280.6
KXTX31R,FALSE,61,495,31157,9126.45,127.77
KXDEPORTMAMDANI,FALSE,70,250,31150,983.1,65.17
KXNYCGROCERY,FALSE,145,673,31135,21220.27,461.24
KXCHARCOUNTLOLWORLDS,FALSE,51,380,31102,27169.03,223.67
KXNBADRAFTTOP15,TRUE,8,503,31083,20092.59,236.4
KXOSCARCOUNTANORA,FALSE,5,684,31078,7383.67,283.41
KXLIGAPORTUGAL,TRUE,102,350,31062,9429.41,213.92
KXNYKCOACH,TRUE,32,718,31046,10267.95,274.04
KXASTRONAUTS,FALSE,74,1291,31017,27276.5,224.76
VAXXOMNI,FALSE,36,150,30990,1533.51,100.52
KXDRUGPRICEINSULIN,FALSE,91,580,30988,3613.42,206.77
KXGRAMBCSP,FALSE,49,368,30971,8935.24,151.77
KXMATCHPAYERS,FALSE,39,228,30940,2063.94,92.34
EMMYDACTO,FALSE,79,345,30860,8620.75,331.26
KXSCPRIMARY,FALSE,18,150,30801,18851.57,289.3
KXBETBACTR,FALSE,11,188,30795,2022.93,61.73
KXDJTFLOH,FALSE,28,574,30792,21431.78,367.61
KXWT20MATCH,FALSE,2,258,30759,1708.04,49.99
KXTRUMPUN,FALSE,3,95,30727,29352.97,87.23
KXNBA30COMEBACK,TRUE,11,303,30693,1026.8,70.38
KXLOCATIONOPENTESLADRIVEIN,FALSE,54,540,30684,1552.91,97.57
KXGENIUS,FALSE,37,321,30679,24533.73,301.67
CBVOLUME,FALSE,101,348,30648,5597.85,220.76
KXCEOTARGET,FALSE,137,536,30645,9106.96,305.56
KXOSCARNOMASPLAY,FALSE,50,630,30636,13643.66,231.68
KXTOPALBUMLILWAYNE,FALSE,99,604,30631,9946.12,299.61
KXROLEATCOACHELLA,FALSE,5,431,30626,3558.81,202.83
KXEUROLEAGUETOTAL,TRUE,4,591,30621,20928.42,156.04
KXUCLTOP,TRUE,47,416,30583,5701.68,182.15
KXKENNEDYCENTER,FALSE,99,410,30581,6835.92,304.4
KXTRUMPMAMDANISHAKE,FALSE,2,454,30518,26089.59,243.5
KXTARIFFEUALC,FALSE,159,629,30466,6219.06,301.7
KXPERFORMBONDSONG,FALSE,173,1446,30455,8032.87,307.01
KXXITAIWAN,FALSE,88,303,30408,5562.38,283.82
KXARRESTGRETA,FALSE,23,599,30403,5615.44,286.41
PMLA,FALSE,14,652,30388,13960.5,322.86
KXAIAUTHOR,FALSE,116,548,30382,2633.86,158.37
KXSTOCKX8BUGSBUNNY,FALSE,37,391,30382,17274.11,371.87
KX1SONGTYLERTHECREATOR,FALSE,103,821,30373,3453.79,191.6
KXGA14R,FALSE,56,264,30346,22406.23,120.39
KXCRITICSNOMPIC,FALSE,10,175,30339,18759.69,256.48
KXCHICAGOMAYOR,FALSE,87,375,30310,7754.6,331.94
KXISAMB,FALSE,35,251,30285,10660.58,196.24
KXWSOPENTRANTS,TRUE,93,488,30270,13856.71,515.11
SOHN,FALSE,68,344,30256,3337.58,185.15
KXCALABRIAPRES,FALSE,33,333,30226,17285.99,48.48
KXDDFWOMENSINGLES,FALSE,5,171,30216,5894.85,166.44
KXTARIFFSCANADA,FALSE,70,614,30167,24131.14,301.86
NYTOAISETTLE,FALSE,181,470,30158,5205.03,284.3
PRESPARTYSD,FALSE,32,216,30117,13348.63,47.79
KXNYCCHILDCARE,FALSE,132,782,30097,11009.5,452.55
KXNBANORTHWEST,TRUE,57,183,30058,7728.92,45.86
KXGOVCANOMD,FALSE,41,243,30045,3922.8,235.59
KXNFLCOMBINE,TRUE,5,443,30026,21252.15,237.16
KXBUNDESLIGATOP4,TRUE,114,691,30018,14019.18,444.46
KXCOREUND,FALSE,19,147,30001,4264.94,251.9
KXSPOTIFYSONGSWHATDIDIMISS,FALSE,13,400,29995,21746.27,230.16
KXSPECIALPROSECUTOREPSTEIN,FALSE,30,498,29988,3326.6,200.44
TOPSONGRECORD,FALSE,14,281,29918,5265.42,221.29
LAYOFFSYINFO,FALSE,132,424,29907,21406.82,319.34
ARGCENTRALBANK,FALSE,134,349,29887,3223.36,177.32
KXMONGOLIAPRES,FALSE,34,113,29852,5713.92,292.85
KXTOPALBUMBYLORDE,FALSE,99,562,29851,9217.87,308.64
KXSKDEMOCRACY,FALSE,75,469,29780,7552.52,368.84
KXSIZE3IATLAS,FALSE,111,920,29773,15470.12,418.11
KXNICKELW,FALSE,22,1267,29723,16426.11,218.95
KXFIFAUSPULLGAME,TRUE,119,463,29718,3101.26,195.38
KXLCATTLEMON,FALSE,29,1180,29671,16391.59,319.57
KXKLAR,FALSE,3,542,29663,12461,251.43
GASTAX,FALSE,92,362,29620,3600.97,211.48
KXVONCFR,FALSE,94,269,29611,8773.4,353.29
KXPERTUSSIS,FALSE,95,1344,29562,10520.03,294.22
KXFEATUREMETROBOOMIN,FALSE,23,900,29549,16811.62,310.42
GDPCN,FALSE,166,1049,29512,10388.06,327.13
KXWOSKEL,FALSE,3,390,29474,12410.29,183.34
KXTRUMPENDORSELOSS,FALSE,15,172,29471,1074.25,70.19
KXAWARDSCMAFVOTY,FALSE,31,578,29468,9611.83,237.48
KXKINGEXEC,FALSE,18,466,29447,20542.09,187.5
PRESPARTYAR,FALSE,21,232,29441,12442.65,62.45
KXWLEADERPOPE,FALSE,43,859,29440,3882.04,231.36
KXNCAAMWRESTLING149,TRUE,3,478,29417,10513.08,154.38
KXEARNINGSMENTIONDOLLARGENERAL,FALSE,2,242,29413,23263.59,181.81
KXJAPANHOUSEGAIN,FALSE,24,378,29393,18523.76,315.67
KXNYCTAXMILLIONS,FALSE,140,630,29384,5346.86,303.01
KXMONTREALMAYOR,FALSE,22,413,29376,7954.09,58.35
KXFOLLOWERCOUNTWHTIKTOK,TRUE,4,478,29369,19778.66,296.54
KXSNAPUK,FALSE,53,174,29363,5369.41,269.79
KXDEREMERANNOUNCEOUT,FALSE,14,214,29360,24729.01,167.67
GOVPARTYPA,FALSE,128,388,29325,12668.64,167.78
KXSINGANTHEM,FALSE,11,218,29323,4902.32,109.01
KXMEISSNER,FALSE,107,215,29312,2341.76,145.8
KXBIHARELECTION,FALSE,41,377,29303,17874.31,214.19
KXGOVKSNOMR,FALSE,109,640,29296,9857.17,368.9
OSCARANIMATED,FALSE,45,521,29278,13696.77,384.48
KXGGGNOMMCOMTVACTR,FALSE,31,286,29255,15123.66,260.4
KXNYCDEPTSAFETY,FALSE,103,405,29241,13690.12,418.72
KXJOINSTEPHENCOLBERT,FALSE,123,1155,29239,3841.19,212.43
KXMLBWINS-SD,TRUE,101,386,29239,10277.2,384.1
KXSKVOTE,FALSE,12,376,29201,9207.29,337.06
KXRANKLISTAPPREALSPORTS,FALSE,18,488,29192,4581.46,228.62
KXOBJECTION,FALSE,17,95,29132,1026.44,68.7
KXCOMPTROLLER,FALSE,58,256,29091,12842.66,260.05
KXPRESTUSCANY,FALSE,26,239,29065,12681.11,46.98
KXTESLAMOTORCADE,FALSE,109,463,29056,13040.06,345.1
KXSUGARMON,FALSE,29,1452,29028,14312.39,305.16
KXSAGAWARDACTOCOM,FALSE,42,600,29009,11758.04,129.16
KXUHCMOTIVE,FALSE,2,369,29001,18840.14,435.53
KXECKH276,FALSE,13,231,28999,2687.25,164.45
KXLOLLA,TRUE,67,595,28994,10549.63,389.92
WEALTH,FALSE,64,393,28985,3524.65,196.6
KXERUPTSUPER,FALSE,194,1645,28963,5982.25,329.99
SENATENJ,FALSE,91,575,28962,8570.37,109.67
KXNFLEXACTWINSLA,TRUE,32,120,28956,1895.4,95.91
KXCOLLEGEGAMEDAYGUEST,TRUE,87,886,28932,14219.71,444.22
KXSTOPTRADE,FALSE,61,425,28931,4645.47,268.75
KXELECTIONCALL,FALSE,2,272,28925,17605.68,198.09
KXUCL1HSPREAD,TRUE,2,316,28917,2435.7,129.77
KXFRONTIER,FALSE,51,625,28914,17120.89,461.63
KXMOVTX18SPECIAL,FALSE,22,423,28911,9778.45,159.46
KXNCAANIT,TRUE,6,204,28901,15069.71,422.75
KXNFLWINS-DAL,TRUE,101,389,28890,12529.53,421.6
UNIPRESIDENTS,FALSE,58,245,28881,3638.68,198.74
KXSC01R,FALSE,70,541,28848,7997.77,360.44
KXCRITICSLSERIES,FALSE,50,457,28841,9234.76,168.59
KXUSTESTSMATH,FALSE,185,2054,28833,12440.43,433.54
NEWOUTBREAK,FALSE,115,335,28813,2936.4,179.92
KXALBUMSALESJUSTINBIEBER,FALSE,7,175,28786,7038.27,289
KXCONTEMPT,FALSE,144,537,28760,13972.22,278.56
LOVERBOY,FALSE,26,456,28740,23696.13,222.11
KXVOTEBONDIIMPEACH,FALSE,49,500,28738,1245.58,80.99
KXWNBA3PT,TRUE,7,1094,28702,14353.13,391.71
KXGROK3,FALSE,33,441,28697,17448.22,350.44
KXXAISUEAPPLE,FALSE,10,352,28690,22600.07,252.99
KXEFFTARIFF,FALSE,49,307,28666,9923.63,279.68
KXMICROS,FALSE,8,149,28656,23251.68,129.83
OPENAICEOCHANGE,FALSE,67,201,28630,11539.12,229.8
TECHLAYOFF,FALSE,225,541,28610,15193.88,444.53
KXCRITICSCOMEDY,FALSE,44,651,28600,9666.17,143.02
KXROLEX,FALSE,64,659,28594,17328.66,457.29
KXNBAFINALSVIEWERGAME7,TRUE,2,659,28577,14931.38,391.08
KXNYCFIRSTROUND,FALSE,24,293,28575,22348.77,285.96
KXUNSEC,FALSE,134,481,28563,7805.32,311.31
KX1STHOMEGAME,TRUE,39,270,28540,14423.46,173.81
KXSONGRELEASEDATEBTS,FALSE,42,460,28502,18753.65,168.11
KXADMINNASA,FALSE,59,248,28452,9471.79,205.8
KXGORTONDENTONMOV,FALSE,9,342,28442,6803.78,338.3
KXSPOTIFYSONGSMCMORETOLOSE,FALSE,8,309,28352,7744.61,301.64
KXESPYTENNIS,FALSE,15,548,28321,11290.72,299.68
KXSUEZTRAFFIC,FALSE,117,377,28261,2937.68,162.55
KXTOPALBUMBYBEY,FALSE,171,482,28222,9715.13,356.37
KXMAMDANIGRACIE,FALSE,25,216,28210,26072.79,120.44
KXDENMARK3RD,FALSE,14,709,28204,13208.75,397.14
KXSDPRIMARY,FALSE,11,87,28155,14196.62,109.27
KXDECLAREPRESFIRSTD,FALSE,154,751,28137,4938.48,267.27
KXCEOROBLOX,FALSE,84,556,28119,4554.35,254.8
AAPLCEOCHANGE,FALSE,81,180,28119,1018.62,62.96
KXELONPOSTBTC,FALSE,16,799,28115,4579.82,257.93
KXLEBANONPARLI,FALSE,93,482,28031,12194.94,410.77
RTHOTDS2,FALSE,73,341,28029,15703.36,354.98
KXATPMCO,TRUE,4,307,28011,13144.36,347.33
KXUSFUND,FALSE,91,310,28008,8296.7,374.39
KXBESTLLMOS,FALSE,121,352,27936,2531.85,150.68
FTAPER,FALSE,51,519,27902,15425.09,222.24
KXEMMYVSPECIAL,FALSE,50,384,27899,14847.85,221.39
KXQUANTUM,FALSE,176,782,27896,7737.52,329.16
KXWHBRIEFINGAIRISK,FALSE,170,522,27889,11117.8,385.46
ECLIPSECOVER,FALSE,15,382,27874,15073.14,395.14
KXSHELTERCPI,FALSE,30,443,27851,14876.68,305.01
KXUNEMERGENCY,FALSE,25,496,27822,18296.65,258.81
KXFLUFUNDING,FALSE,71,738,27776,12921.27,293.08
KXDJTOHTX,FALSE,34,503,27768,8670.86,308.45
KXESPYNFL,FALSE,14,307,27758,12444.73,173.24
POPVOTEDJTMO,FALSE,27,444,27755,7030.13,319.67
KXSENATEMER,FALSE,100,418,27707,22984.81,219.47
KXOSWORLD,FALSE,90,327,27629,15514.79,278.73
KX538APPROVEMAX,FALSE,24,323,27605,5000.84,233.36
KXGGGNOMTVSUPACTO,FALSE,33,198,27587,20054.09,237.82
KXPLAYTOGETHERJBJT,TRUE,131,461,27529,23646.73,204
KXGRAMMYCOUNTCHAPPELL,FALSE,70,638,27515,6422.34,260.12
KXXFLARE,FALSE,77,920,27503,13223.72,311.28
KXELECTCONCEDE,FALSE,1,485,27472,20262.77,232.13
KXASTEROID,FALSE,21,254,27462,1595.81,99.12
KXSTATEMENTCOUNTEPSTEINMOSSAD,FALSE,14,656,27441,2651.3,167.41
KXDEPORTATIONS,FALSE,80,595,27424,13377.12,378.36
KXNCAAMBAPRANK,TRUE,36,748,27422,10581.11,262.14
KXNCAAMWRESTLING285,TRUE,4,471,27402,15899.78,220.83
KXNEXTTEAMMCLAURIN,TRUE,26,394,27300,14461.53,118.02
KXNCAAFCONF,TRUE,68,739,27257,7218.55,349.04
KXNFLWINS-SF,TRUE,88,264,27237,13537.59,350.1
KXDEMCOREFOURSENATESWEEP,FALSE,94,506,27225,16851.49,447.59
KXDAILYGUESTMUSK,FALSE,114,1416,27225,6233.04,312.84
RTAPPRENTICE,FALSE,12,175,27224,13070.48,367.43
KXEPA,FALSE,37,257,27223,10717.58,214.59
KXACTORWHITELOTUS,FALSE,118,675,27219,7670.85,212.1
KXYTUBESUBSKAICENAT,FALSE,73,337,27208,1426.6,92.62
KXCRITICSLSERIESACTO,FALSE,47,375,27206,10977.92,265.26
KXBEZELR,FALSE,57,469,27166,6951.14,321.01
KXNEXTTEAMWESTBROOK,TRUE,46,291,27165,14470.5,249.09
1SONGCHAPPELLROAN,FALSE,99,269,27126,2942.52,165.53
KXTESLAENERGYBY,FALSE,144,485,27111,14935.49,357.41
KXGOPSENATEPRIMARYCOMBO,FALSE,83,1252,27107,7938.27,373.53
BTCETHRETURN,FALSE,100,283,27058,2200.95,127.37
KXCBASPREAD,TRUE,4,573,26950,12377.52,318.19
KXBABYNAMEBOY,FALSE,118,706,26904,10836.9,153.94
KXNFLWINS-MIN,TRUE,88,336,26852,13909.53,388.71
KXMANAGERSOUT,TRUE,28,383,26849,14381.74,281.83
TECHREG,FALSE,136,464,26827,3992.76,221.69
EURUSD-22AUG16,FALSE,2,979,26801,4835.45,205.78
KXUECLBTTS,TRUE,3,552,26792,15291.14,402.09
KXGEORGIAPARLI,FALSE,26,151,26791,10247.89,318.96
KXDJTPUTINHANDSHAKE,FALSE,5,590,26779,24906.04,117.85
KXTARIFFSENATE,FALSE,21,172,26749,1178.28,69.97
KXBONDITESTIFY,FALSE,28,910,26740,7460.18,279.59
KXBUNDESLIGARELEGATION,TRUE,104,445,26730,10202.51,219.52
KXMAYORDETROIT,FALSE,61,245,26716,13408.06,205.89
KXGORTONDENTON2ND,FALSE,20,442,26703,13925.3,292.03
KXSENATENER,FALSE,37,121,26653,3122.02,13.16
KXNEXTDEF,FALSE,120,642,26615,6290.88,287.3
KXSILVERSTATES,FALSE,41,448,26589,11889.87,106.29
KXCMEATBAN,FALSE,115,334,26559,3816.41,199.96
KXCRITICSVIS,FALSE,53,420,26554,8716.33,139.8
KXTEXASDEM1ROUND,FALSE,35,327,26499,24494.68,120.94
KXNYTSUBS,FALSE,96,334,26479,8932.24,334.78
HURCMAJ,FALSE,71,578,26469,6692.8,247.84
KXGRAMNAAOCA,FALSE,11,128,26457,11901.41,139.98
KXCPIUSEDCAR,FALSE,71,418,26451,14969.76,255.62
EURUSD-22AUG17,FALSE,2,641,26450,6191.52,288.32
KXNCAABIVY,TRUE,4,278,26440,18164.82,219.66
AAAGASMINTX,FALSE,44,148,26440,2787.41,119.8
KXMAYORSF,FALSE,24,471,26371,12468.43,241.09
TESLAROADSTER,FALSE,166,324,26364,3755.62,200.95
KXCPIFOOD,FALSE,88,516,26325,11997.77,381.85
KXEURUSDMAX,FALSE,111,600,26317,9571.14,195.83
KXLEAVECHERFILUS,FALSE,21,339,26282,19412.41,281.63
KXGRAMPOTYC,FALSE,11,103,26243,6700.17,188.34
KXFEATURETRIPPIERED,FALSE,54,522,26236,12944.57,342.39
KXARGPREMDIVBTTS,TRUE,2,323,26211,11037.91,386.38
KXMOSTWINSEMMYS,FALSE,41,369,26169,6504.96,230.9
KXALBUMSALESWICKED,FALSE,30,470,26149,8668.68,243.72
KXESPYPLAY,FALSE,15,285,26134,15679.87,205.85
KXSTEAMBWF,FALSE,6,440,26097,7646.31,126.22
KXSENATEFLD,FALSE,119,591,26094,5878.31,240.43
KXMUSKNASA,FALSE,157,524,26091,6579.67,296.04
KXTARIFFLENGTHPRC,FALSE,25,1307,26090,16040.39,294.76
RHGOLD,FALSE,77,221,26079,22277.48,177.89
KXPRESTURKEYR1,FALSE,47,158,26048,11294.15,375.6
KXELONJREGUEST,FALSE,82,641,26022,18153.41,201.22
KXFEAR,FALSE,56,1027,26016,12911.9,207.26
KXBRAZILGDP,FALSE,75,3286,26015,11944.93,269.33
KXGRAMBAMP,FALSE,48,348,26009,4488.17,148.74
KXFREEBUSES,FALSE,147,1012,25986,5398.92,294.07
KXPARDONSBIDEN,FALSE,10,268,25984,22797.11,181.96
KXMOLDOVAPARLIAMENT,FALSE,30,337,25934,19173.73,102.06
KXNEXTTEAMVERSTAPPEN,TRUE,99,382,25922,2914.71,147.33
KXFLSD14,FALSE,9,403,25905,13017.29,147.29
TOPALBUMBYSABRINA,FALSE,54,265,25901,22757.39,157.88
KXAIREVIEW,FALSE,9,931,25895,7129.19,314.85
KXNCAAMWRESTLING141,TRUE,4,682,25892,9729.87,167.78
KXSWEDENPARLI,FALSE,29,86,25890,23305.68,152.52
KXROLLINSCOUNT,FALSE,15,195,25874,5566.91,242.23
KXRECORDNFLBEST,TRUE,68,443,25855,2207.94,140.08
KXCLUBWCGD,TRUE,4,86,25847,3615.75,90.72
KXBUDGETRESH,FALSE,2,36,25821,1366.1,40.6
KXPORTERMENTION,FALSE,5,1053,25799,12497.4,190.12
KXCOUNTYCHAMPMATCH,TRUE,6,1348,25770,15107.71,198.74
KXCORNMON,FALSE,30,905,25754,13279.99,292
KXALBANIAPARTY,FALSE,34,114,25718,7082.57,111.49
KXNBALOTTERYODDS,TRUE,33,160,25680,10172.73,223.24
KXUSEDCARCPI,FALSE,31,375,25654,7796.31,229.52
KXCOACHOUTNBADATE,TRUE,17,351,25584,8924.81,317.06
KXNFLRECYDSRECORD,TRUE,25,673,25555,3225.69,187.98
KXEARTHQUAKEJAPANTATSUKI,FALSE,32,296,25523,1356.56,84.73
KXQUEBECASSEMBLY,FALSE,39,177,25513,9202.63,340.97
KXGRAMBRNBA,FALSE,50,443,25482,14085.14,164.66
POPVOTEKHCO,FALSE,24,453,25467,20335.94,256.7
KXSPOTIFYSUBS,FALSE,100,256,25461,10503.33,129.68
KXCRITICSCOST,FALSE,61,753,25440,8889.62,183.44
KXTACAPORTTOTAL,TRUE,2,297,25427,6183.08,255.63
KXDJTNOGRAD,FALSE,11,320,25424,16922.26,316.57
KXVALGCSEOUL,FALSE,19,205,25407,11991.03,230.22
OSCARCOUNTBARBIE,FALSE,32,290,25357,8308.65,288.92
KXENGAGEMENTPUKA,FALSE,11,87,25348,1614.13,106.11
KXGERMANPARTIES,FALSE,10,425,25345,13790.95,373.94
OLYMCANCEL,FALSE,15,121,25333,1033.77,68.85
KXCTC,FALSE,109,458,25312,14137.13,389.78
KXTRUMPSAYTRUMP,FALSE,44,983,25311,18947.61,208.2
KXSANCTIONRUSSIA,FALSE,57,166,25262,3303.25,143.77
KXCOCOAMON,FALSE,25,782,25261,13116.32,243.01
KXTXHOUSEDEMSEATS,FALSE,52,383,25255,3285.64,191.69
KXTRANSSPORTSSUIT,FALSE,135,613,25242,12883.61,359.01
FLUV,FALSE,52,224,25223,1322.99,85.59
KXDJTROBERTS,FALSE,149,426,25188,3925.05,224.65
KXNEXTMANAGERLALIGA,TRUE,24,741,25155,12963.04,263.76
KXNADALMENTION,FALSE,13,466,25147,7009.55,255.67
SAGAWARDACTR,FALSE,16,182,25144,9902.88,292.61
KXRTICKET,FALSE,21,148,25142,1552.09,96.57
CPIEU,FALSE,86,422,25129,19141.77,209.17
HURNJ,FALSE,108,241,25119,2114.77,132.81
KXELSALVADORBTC,FALSE,46,266,25112,3960.04,210.18
KXLEADERMLBDOUBLES,TRUE,64,441,25098,2759.29,168.15
KXPGAC,TRUE,10,382,25092,10229.14,132.33
KXPARIS1RMOV,FALSE,2,76,25040,10516.39,119.81
KXFLOP,FALSE,46,181,25036,16733.44,304.38
KXKXRANKLISTPITCHFORKALBUM,FALSE,37,254,25010,5008.6,176.81
KXTHREADGUYMENTION,FALSE,3,471,24950,17649.63,206.06
RAINNO,FALSE,2,749,24928,19043.16,229.62
TOPSONGRECORDPPP,FALSE,20,322,24913,6000.77,229.97
KXMLBWINS-BOS,TRUE,101,501,24872,11275.14,335.27
KXRETURNREREQ,FALSE,70,751,24863,7895.66,279.11
KXMILLSDROPOUT,FALSE,21,284,24850,10049.08,190.06
KXBOASTABLE,FALSE,144,558,24813,5654.56,287.47
KXCALCOACH,TRUE,10,132,24799,20330.39,100.96
PRESPARTYWY,FALSE,26,227,24799,6018.41,43.02
KXTRUMPNOMWPH,FALSE,2,168,24753,1411.52,89.27
BANKRUPTSY,FALSE,112,191,24750,22181.76,134.34
HOUSENY4,FALSE,59,295,24749,10932.38,295.21
KXPICKLEBALLGAMES,TRUE,8,237,24746,12976.81,149.8
KXSPOTIFYALBUMRELEASEDATEBABYBOI,FALSE,102,303,24742,4892.86,242.81
KXPERSONPUBLIC,FALSE,25,311,24726,21190.99,171.37
KXTOKENLAUNCHOPENSEA,FALSE,116,698,24701,6952.99,240.54
BELICHICK,FALSE,103,394,24671,19358.18,218.52
KXENGAGEMENTMEGKLAY,FALSE,119,668,24615,6114.97,279.19
KXNBAAPOLOGY,TRUE,2,377,24575,2980.94,166.98
KXR6,TRUE,15,424,24511,9810.11,186.31
KX1SONGDOJACAT,FALSE,74,610,24498,2876.8,166.13
KXOSCARNOMINEESPIC,FALSE,29,232,24495,4741.44,89.26
KXSAGNOMACTRDRAMA,FALSE,15,330,24442,13882.49,288.52
KXGA14SPECIAL1ROUND,FALSE,18,212,24436,1784.93,77.13
KXPSL,TRUE,21,201,24422,3756.82,142.01
KXBENIOFFMENTION,FALSE,2,399,24359,10037.5,229.4
KXMLBWINS-MIA,TRUE,61,155,24342,12704.25,357.07
KXNFLEXACTWINSBUF,TRUE,52,160,24336,1328.39,76.82
SUEZ,FALSE,67,226,24317,1711.15,108.37
KXNATLEMERGENCY,FALSE,129,816,24243,7734.36,270.75
KXBURGUMCOUNT,FALSE,4,179,24227,4841.56,233.13
KXACMAFAOTY,FALSE,38,503,24176,11151.84,273.15
KXGOVKSNOMD,FALSE,97,454,24125,11442.68,369.3
KXFRAUD2020,FALSE,61,340,24122,2291.4,144.72
KXEARTHQUAKEJAPAN,FALSE,204,1052,24085,12453.55,391.61
KXCOPRIMARY,FALSE,33,221,24051,8497.78,276.25
KXBESTREVIVALMUS,FALSE,44,337,24037,8933.43,164.79
KXGAPRIMARY1R,FALSE,13,107,24018,5988.26,284.88
KXMLBWINS-PIT,TRUE,88,469,24012,12410.5,361.91
KX3MTBILL,FALSE,28,3257,24004,3874.05,157.97
KXOSCARCOUNTBRUTALIST,FALSE,5,280,23969,3768.42,174.56
KXMAYORATLANTA,FALSE,47,161,23959,15908.15,142.35
BILLBOARDPEAKLLL,FALSE,46,278,23956,8171.57,195.79
KXIPOANTHROPIC,FALSE,41,376,23944,12683.25,345.4
KXMTVVOFTY,FALSE,25,468,23941,6018.25,233.58
KXNBACENTRAL,TRUE,70,330,23927,8139.45,111.38
TOPSONGRECORDIHSH,FALSE,36,335,23912,16217.13,257.92
KXSECQUARTERLY,FALSE,37,215,23905,11997.25,379.57
KXAWARDSCMAMVOTY,FALSE,28,494,23904,9445.5,277.34
KXSOLNASDAQ,FALSE,80,1227,23797,5832.77,244.01
KXSPIRITCEOCHANGE,FALSE,64,271,23766,12919.41,356.77
KXNBADRAFT7,TRUE,9,345,23739,8025.13,230.37
KXVENUEPERFORMANCEYE,FALSE,63,340,23731,9646.9,283.33
AMAZONFTC,FALSE,318,887,23712,12322.94,397.63
KXNEWDRUGS,FALSE,168,692,23693,11857.59,281.65
KXEUROVISIONPARTICIPANTS,FALSE,120,598,23684,6401.77,176.68
KXSEMIPRODH,FALSE,154,486,23663,17390.17,227.64
KXFDAAPPROVALDATELLY,FALSE,8,414,23650,12589.65,224.31
KXLEADERMLBAVG,TRUE,74,525,23647,2356.87,144.88
KXFTA,FALSE,182,507,23628,12807.09,300.41
HOUSEVA1,FALSE,82,367,23617,12203.76,353.32
KXTRUMPFEMA,FALSE,78,324,23592,8669.75,308.46
KXWHEATW,FALSE,21,1927,23588,12225.61,228.46
CTC,FALSE,113,291,23582,6751.32,210.5
KXENGAGEMENTTIMOTHEEKYLIE,FALSE,175,760,23581,7035.5,312.44
KXVIRGINIAHOUSEDEMS,FALSE,32,388,23580,8811.27,230.94
KXSTARSHIPFL,FALSE,96,444,23570,1413.26,90.32
KXNOVOHIMS,FALSE,73,349,23543,8674.43,339.29
KXMRBEASTVIDEOLENGTH,FALSE,11,466,23541,13739.98,200.96
KXMN2D,FALSE,71,504,23537,10043.28,363.92
KXROSSBAN,FALSE,38,314,23528,11506.17,299.26
KXMCHKSILKSONG,FALSE,22,513,23493,9399.95,263.47
USEDCAR,FALSE,35,247,23490,10018.56,212.52
KXDOJPOWELL,FALSE,8,93,23484,2238.15,135.64
KXSCOTUSPOWER,FALSE,155,590,23483,5347.99,175.7
KXFEATURE21SAVAGE,FALSE,3,292,23469,10609.38,169.22
KXPARTYSUPPORTMUSKD,FALSE,81,368,23427,1918.99,119.61
KXPORTUGALPRESROUND1,FALSE,14,213,23422,9440.84,164.35
KXSELZER,FALSE,90,449,23372,7220.41,266.19
KXDJTCHAIN,FALSE,140,713,23363,3864.25,198.19
KXVOTEPERCENTCOOPERNC,FALSE,30,279,23345,5338.26,83.45
KXRUGBYFRA14MATCH,TRUE,33,497,23341,11902.84,199.26
KXBANXUS,FALSE,42,210,23335,1177.16,71.76
EUEXIT,FALSE,220,462,23309,5743.29,295.86
KXNGASMAX,FALSE,72,426,23307,14502.05,342.66
KXTOPALBUMBYOLIVIA,FALSE,160,521,23279,7738.89,342.72
KXMAYOROMAHA,FALSE,34,209,23276,9680.36,203.28
KXESPYRECORD,FALSE,15,319,23274,10378.44,139.07
KXGAPUBLICSERVICE3,FALSE,19,235,23262,11439.04,169.96
KXBOJDECISION,FALSE,19,98,23252,13747.37,85.27
BILLBOARDPEAKNLG,FALSE,20,182,23243,7012.55,214.48
KXMEDIAGUESTFALLON,FALSE,121,957,23179,13445.23,314.34
KXSHIBAMAXY,FALSE,76,209,23169,3496.22,185.14
KXISRAELPM,FALSE,29,311,23152,8880.35,330.71
KXCOACHOUTUNC,TRUE,24,608,23138,6301.83,241.95
KXNFLWINS-KC,TRUE,74,187,23137,6890.84,263.31
KXBRUVSEAT,FALSE,96,279,23129,1268.66,83.91
GPTPARAM,FALSE,57,202,23128,3662.18,202.2
KXHEGSETHANNOUNCEOUT,FALSE,39,453,23116,4170.21,225.53
KXCFPBELIM,TRUE,94,443,23097,5233.19,256.36
KXBALDONILIVELY,FALSE,118,594,23088,5759.72,227.86
KXLISBONMAYOR,FALSE,33,646,23081,13770.99,230.48
KXCRITICSDRAMAACTO,FALSE,52,486,23056,6616.27,95.05
SECLABOR,FALSE,68,301,23030,3669.95,166.48
KXPOILIEVREOUT,FALSE,88,307,22987,3761.44,190.28
KXTOPALBUMTHIRD,FALSE,59,888,22984,3830.49,104.4
KXLEADERMLBHITS,TRUE,77,512,22925,2953.8,169.24
KXMLBWINS-ATH,TRUE,86,382,22903,10471.29,338.51
KX1DREUNION,FALSE,120,511,22897,7251.19,322.06
KXKARDASHIANMENTION,FALSE,5,715,22893,6122.4,150.55
KXNEXTROMANIAPM,FALSE,10,253,22857,1623.24,105
KXCRITICSDRAMAACTR,FALSE,56,536,22828,7706.36,166.2
KXTAIWANREF,FALSE,9,104,22788,5716.33,194.42
GRANTSPASS,FALSE,40,147,22780,20449.2,140.66
KXUSPPIYOY,FALSE,26,574,22773,11876.24,256.26
KXTRUMPAGCOUNT,FALSE,72,560,22745,5435.71,258.62
KXGERMANYCONFIDENCE,FALSE,26,135,22729,20742.59,121.46
HOUSEVA2,FALSE,67,230,22726,11977.72,212.99
KXNYTOAISETTLE,FALSE,129,404,22714,4914.12,214.63
KXROMENSSINGLES,FALSE,6,184,22709,7308.57,164.62
KXLAVERCUP,FALSE,5,156,22676,11992.22,269.73
RTFALLOUT,FALSE,19,244,22660,14432.43,260.57
KXPERSONPRESMAM,FALSE,135,795,22650,1611.9,107.59
KXSUMOWIN,TRUE,10,298,22632,2844.33,148.85
KXVOTERECNCH,FALSE,30,165,22620,10750.27,284.8
KXNCAAMWRESTLING184,TRUE,4,562,22610,14434.44,225.84
KXPREMDARTS,TRUE,95,827,22588,5379,203.05
KXLEADERMLBWAR,TRUE,16,353,22584,822.62,45.76
KXMLBWINS-MIN,TRUE,79,383,22575,10514.1,355.37
KXNYCBOROUGHWINSTAT,FALSE,17,125,22561,16032.52,35.45
KXPARLIAMENTARIAN,FALSE,97,433,22537,2732.51,163.09
KXSTEFONDIGGSCARDIB,FALSE,185,886,22531,4467.74,236.49
KXEHSALES,FALSE,50,727,22531,13713.99,306.45
KXLIVMAKECUT,FALSE,2,62,22524,20878.94,16.4
KXNFLEXACTWINSSF,TRUE,47,168,22511,8165.54,62.23
KXTOPALBUMJCOLE,FALSE,130,459,22486,8776.66,343
KXSQUASHMATCH,TRUE,8,1395,22482,14996.29,145.93
KXAGNOMTXD,FALSE,54,398,22471,8982.55,178.96
KXGRAMBCOMA,FALSE,35,213,22460,4844.24,157.16
KXNBASEATTLE,TRUE,134,576,22448,10721.51,270.08
KXNFLEXACTWINSGB,TRUE,68,237,22414,10485.03,107.46
KXJOINTRUMPADMIN,FALSE,60,335,22412,4655.27,223.18
KXMARIOKART9,FALSE,43,185,22388,13389.34,194.3
KXBESTREVIVAL,FALSE,29,244,22373,8399.48,238.62
KXREVOKECITIZENSHIP,FALSE,40,291,22332,977.3,62.43
KXSPOTIFYALBUMRELEASEDATEJACKBOYS2,FALSE,10,489,22313,6256.67,242.01
HOUSEMI7,FALSE,73,286,22303,13061.02,312.45
KXTOPALBUMBYSABRINA,FALSE,57,269,22298,21486.74,55.01
KXSOLDATHOLDINGS,FALSE,27,229,22288,7430.63,255.02
KXDOGEMINMON,FALSE,31,349,22275,1373.18,72.84
KXTARIFFRATEBR,FALSE,14,373,22269,9702.61,240.62
KXEMMYTVMOVIE,FALSE,84,353,22205,7588.43,200.59
KXMOVPARISRUNOFF,FALSE,7,208,22197,5776.24,156.67
KXDEMINIMIS,FALSE,55,223,22180,13771.25,309.7
KXXPAYMENT,FALSE,62,372,22177,4197.99,207.59
KXMT01D,FALSE,71,376,22091,9218.63,323.64
KXGRAMBMP,FALSE,62,528,22076,7516.11,151.13
KXWTAATX,TRUE,5,362,22066,11792.38,232.05
KXRANKLISTSONGRATCT,FALSE,7,58,22054,795.06,51.51
KXTESLACAR,FALSE,150,743,22010,2805.77,169.26
KXSENATECHILE,FALSE,38,401,21965,6851.83,248.09
KXHYPEMAXMON,FALSE,25,375,21956,2414.53,130.6
KXKASHATLANTIC,FALSE,3,444,21953,14832.86,248.09
KXMLBWSTREAK,TRUE,62,862,21911,4478.55,215.41
KXNY13D,FALSE,74,491,21894,9320.72,309.76
KXCACPIYOY,FALSE,19,478,21863,10687.08,197.07
KXLTGOVGANOMD,FALSE,19,392,21843,10428.07,287.92
SAGAWARDACTO,FALSE,15,153,21831,9299.07,320.62
KXAOCSENATE,FALSE,182,610,21808,11643.05,378.32
KXLTGOVOKNOMR,FALSE,37,182,21805,14354.5,178.78
KXBRIANBAUMGARTNER,FALSE,10,348,21793,11748.73,177.48
KXAWARDSCMAVIDOTY,FALSE,18,134,21722,9053.35,246.74
U3MAX,FALSE,116,334,21698,2788.2,148.22
KXABCDISNEYSUE,FALSE,33,701,21697,3556.33,192.71
KXSTOCKXSBKRAMPUS,FALSE,24,303,21692,9214.26,235.25
KXAWARDSCMANAOTY,FALSE,32,389,21648,6987.49,226.29
KXEUROVISIONISRAELBAN,TRUE,130,516,21640,2540.75,146.02
KXFDVWET,FALSE,8,252,21621,14865.57,220.45
KXPARIS1RWINNER,FALSE,8,124,21620,12668.14,155.78
KXFOLLOWERCOUNTISHOWSPEED,TRUE,96,350,21596,5516.64,215.47
KXAZ01D,FALSE,60,225,21539,9196.89,293.5
KXRECOGSOMALI,FALSE,130,754,21516,10967.84,325.1
GDPUSMAX,FALSE,69,203,21510,1872.79,102.8
KXSOCCERPLAYMESSI,TRUE,100,325,21505,19170.51,144.89
KXBETAOTY,FALSE,14,402,21505,10171.3,124.92
USDJPYMAX,FALSE,77,225,21475,8559.09,253.9
KXCRITICSNOMSUPACTR,FALSE,10,95,21470,10339.98,102.52
KXNEWALBUMBIEBER,FALSE,88,388,21439,12384.84,338.88
KXRAWMILKBAN,FALSE,151,547,21437,4538.28,234.77
KXGERMANPARTYSEATS,FALSE,10,317,21426,11395.45,291.7
KXNEWCOACHUNC,TRUE,3,270,21392,17259.69,171.26
KXHILLARYCONTEMPTVOTE,FALSE,28,244,21391,11789.13,167.4
KXRAMPBREX,FALSE,148,1253,21361,8288.53,159.34
KXLUCASFILM,FALSE,69,249,21355,8481.81,129.42
KXNFLEXACTWINSMIN,TRUE,50,162,21331,2626.91,102.94
KXGOLIVEKAICENAT,FALSE,70,671,21327,4140.7,194.5
WEWORKCEO,FALSE,74,204,21285,2786.79,150.66
KXTRUMPCOUNTIRAN,FALSE,3,294,21284,14911.1,196.79
KXSENATEIAR,FALSE,79,291,21264,12063.08,115.61
KXTVSEASONANNOUNCEST,FALSE,102,638,21251,1873.18,120.95
KXWTAMOA,TRUE,6,230,21219,14425.84,146.49
KXARMOMINF,FALSE,45,4080,21214,8285.65,210.83
KXKIMKBAREXAM,FALSE,121,588,21203,8332.85,312.5
KXNFLEXACTWINSDAL,TRUE,80,353,21179,5273.02,129.4
KXMLBWINS-SF,TRUE,94,381,21138,11001.34,306.83
KXLEAVESEANCOOK,FALSE,22,363,21135,3396.16,191.25
KXACKMANLEAVE,FALSE,27,93,21126,1022.83,67.55
KXAMACOTY,FALSE,6,290,21110,8925.11,79.6
KXPUTINZELENSKYYLOCATION,FALSE,123,688,21107,3640.04,201.18
KXNFLWINS-NE,TRUE,88,225,21094,11732.14,319.75
KXTARIFFSMEX,FALSE,58,340,21072,17916.62,175.51
KXYOUTHUN,FALSE,11,153,21064,3908.24,220.16
SEAICE,FALSE,31,275,21053,18737.67,132.74
KXACMAVMOTY,FALSE,13,184,21044,6709.36,127.32
LCPIMAX,FALSE,41,614,21031,13509.48,290.05
KXTRUMPFAV,FALSE,11,184,21022,1888.35,57.22
KXCANELECTRICITY,FALSE,39,354,21013,1726.27,107.8
KXNEXTCOINRH,FALSE,38,332,21001,11408.49,83.14
KXNFLEXACTWINSKC,TRUE,69,241,20987,4159.88,154.67
KXLEAVEDUNN,FALSE,40,349,20984,5348.03,228.8
KXBULGARIAPARLI,FALSE,22,147,20979,4444.32,24.71
KXCA04PRIMARY,FALSE,63,263,20978,18411.71,128.63
KXUT1D,FALSE,118,578,20957,10993.08,315.94
KXLEADERCOMBOOUT,FALSE,37,546,20946,2372.68,139.68
KXWARRENSEAT,FALSE,4,50,20936,10107.04,338.47
KXFEDCHGCOUNT,FALSE,49,483,20935,5308.52,222.57
KXSTATEMENTCOUNTRCONGRESSIS,FALSE,16,570,20897,2862.73,161.15
KXMICHELINNYC3,FALSE,64,182,20894,16201.2,122.93
KXDOJEPSTEINOUT,FALSE,39,733,20891,2984.54,162.68
KXSENATEVAR,FALSE,109,931,20864,4575.08,215.78
KXALBUMTRACKSJCOLE,FALSE,20,642,20857,12929.29,91.76
KXBIANCOMENTION,FALSE,5,656,20852,11823.42,133.15
KXBTCHALF,FALSE,169,545,20847,10121.19,203.61
KXNY17D,FALSE,100,622,20816,6672.09,258.61
KXACQANNOUNCESPACEX,FALSE,22,270,20728,16604.4,222.14
KXWNBADRAFT4,TRUE,1,274,20725,9239.17,121.95
KXTX18SPECIALTURNOUT,FALSE,27,438,20632,10565.17,154.11
KXMLBWINS-NYY,TRUE,123,400,20599,10167.88,269.43
KXWRIGHTCOUNT,FALSE,10,183,20582,7724.08,123.23
KXACTORELONMUSK,FALSE,84,154,20581,785.53,53.56
NEWALBUMKDOT,FALSE,46,238,20580,3508.02,191.17
KXTRUMPCABINETSOUTHPARK,FALSE,7,781,20544,2339.59,142.38
KXTOPALBUMBYFRANKOCEAN,FALSE,116,370,20521,3455.73,194.61
KXTRUMPTARIFFHEAR,FALSE,77,819,20509,11040.34,348.96
KXNFLEXACTWINSCHI,TRUE,62,232,20458,2407.44,93.22
KXNBADRAFT10,TRUE,4,241,20456,3872.89,194.62
KXME02D,FALSE,114,558,20390,6593.67,259.9
KXSOCCERTRANSFER,TRUE,73,360,20371,12081.89,193.63
KXTRUMPSAYEP,FALSE,20,592,20365,3624.1,188.95
KXJOHNNYDEPP,FALSE,223,1727,20359,9752.47,359.58
KXFRIMPEACH,FALSE,41,97,20356,2084.2,129.04
KXGUINEAWORM,FALSE,65,607,20356,5859.35,200.73
KXGRAMBMTA,FALSE,44,302,20342,5965.18,122.47
KXTRUMPOSC,FALSE,4,20,20341,327.55,22.08
KXJAPANLOWERHOUSEMAJORITY,FALSE,24,283,20338,15513.14,210.02
KXGDPSHAREMANU,FALSE,178,716,20329,3974.31,224.71
KXSENATECOD,FALSE,78,400,20319,9913.16,215.36
KXCHAICUTS,FALSE,7,241,20317,13176.31,322.14
KXDEMSWINGSTATEGOVSWEEP,FALSE,55,162,20294,6783.45,316.17
KXWNBADRAFTTOP5,TRUE,1,246,20275,7938.71,127.66
KXACQANNOUNCECAESARS,FALSE,59,367,20263,14588.37,256.88
KXSPRUSE,FALSE,40,224,20253,3207.31,166.27
KXSTARMERCABLEAVE,FALSE,10,320,20233,7673.24,252.73
KXMLBLSTREAK,TRUE,70,593,20230,3591.07,150.64
1SONG,FALSE,128,336,20223,4675.06,188.47
KXTVSEASONRELEASEOUTBANKS,FALSE,154,579,20205,8218.35,229.94
KXNEWARKMAYOR,FALSE,39,231,20191,8910.81,37.12
KXBESTACTORTONYAWARDS,FALSE,15,247,20182,8487.48,65.76
HOUSETX28,FALSE,73,270,20130,9422.7,312.42
KXGPURULE,FALSE,74,236,20116,10780.47,315.54
KXGRAMBPRNBA,FALSE,41,274,20115,7143.59,150.49
KXTWOW,FALSE,71,437,20011,4446.39,226.54
EMMYDSERIES,FALSE,63,199,20011,11681.05,118.05
SENATEIN,FALSE,47,196,19996,13792.29,67.09
KXMESENOUTCOME,FALSE,35,368,19990,10710.32,273.49
KXAIRDROPPUMPFUN,FALSE,76,386,19982,6650.32,250.85
KXAPCALLVAGOV,FALSE,8,278,19938,12228.12,155.46
NEURALINK,FALSE,55,298,19937,11513.35,234.66
KXELONMJ,FALSE,10,107,19916,1113.56,71.39
U3MIN,FALSE,138,557,19892,8355.08,260.8
LOPER,FALSE,88,189,19875,17805.82,124.75
SCOTREF,FALSE,121,239,19872,2132.36,126.68
KXCOLONIZEMARS,FALSE,188,1122,19841,3571.01,209.43
KXJPYINT,FALSE,23,114,19832,12256.02,291.78
KXALBUMRELEASEDATEBRUNOMARS,FALSE,29,149,19820,17565.59,49.44
USTESTSMATH,FALSE,123,319,19803,8957.87,251.6
HOUSETX15,FALSE,118,446,19799,8983.11,302.32
GOVPARTYKY,FALSE,213,1069,19798,11314.41,210.13
VISIONPRO,FALSE,21,310,19790,11818.56,248.45
KXDSENATESEATSH,FALSE,33,150,19789,8942.03,130.75
GASD,FALSE,77,477,19788,15201.76,212.53
KXDOGEMINMON-DOGE,FALSE,37,514,19776,2180.51,115.85
KXMARENTCONTROL,FALSE,33,175,19768,12038.49,306.73
KXDOGEDIV,FALSE,102,317,19764,1633.77,98.56
KXBENINPARLIAMENT,FALSE,35,587,19742,7100.21,61.06
KXTRUMPNATSEC,FALSE,5,226,19730,2875.89,139.21
TOPALBUMBYPOSTMALONE,FALSE,56,242,19708,17568.17,124.27
KXTOPALBUMCHAPPELL,FALSE,152,381,19691,6626.03,211.65
POPVOTEDJTAK,FALSE,25,229,19680,15902.68,185.04
KXRUCRUDEX,FALSE,32,237,19651,5025.55,216.38
KXCHINAANNOUNCE,FALSE,4,618,19640,12217.89,265.96
KXGRAMBLPA,FALSE,28,238,19628,5655.37,102.33
KXCRITICSNOMACTO,FALSE,10,127,19609,8605.9,117.46
KXGOLFMAJOR,TRUE,26,276,19597,4562.34,232.88
KXFESTIVALEVENTCOACH,FALSE,11,1384,19588,18512.62,65.49
KXINDIAOIL,FALSE,45,559,19586,4763.26,224.78
NPPC,FALSE,69,255,19573,8300.48,276.61
KXSTATEMENTCOUNTSWEENEY,FALSE,24,502,19572,4721.41,229.83
KXHOUSEEXPEL,FALSE,12,191,19565,11341.26,231.22
KXF1TOPCONSTRUCTOR,TRUE,5,305,19529,4984.93,158.81
KXSENATEKYD,FALSE,133,666,19496,8308.72,188.08
KXSLGREECE,TRUE,37,104,19485,9315.2,144.55
KXNFLWINS-DEN,TRUE,75,210,19475,10851.56,277.69
KXTRANSGENDERSPORTSBAN,FALSE,82,411,19469,18060.85,92.76
KXCO8D,FALSE,86,348,19469,7354.23,218.5
KXNBA3RDTEAM,TRUE,46,419,19423,5314.74,185.48
KXMLBPITCHEROTM,TRUE,24,264,19412,7082.17,185.85
KXCONGRESSTRADES,FALSE,123,511,19405,2265.61,103.97
SPIDERVERSE,FALSE,102,212,19374,3244.45,132.51
USTESTSREADING,FALSE,112,353,19358,7121.43,243.37
NEWOUTBREAKPMPOX,FALSE,85,268,19352,1430.91,89.14
KXEXPELL,FALSE,65,271,19346,7145.33,288.76
KXNPRCEOCHANGE,FALSE,125,433,19320,5814,266.18
KXNBADRAFTCAT,TRUE,59,227,19296,10398.46,275.18
KXEODATE,FALSE,6,397,19278,9708.7,171.72
KXUCLW,TRUE,46,758,19258,5386.16,150.94
KXCLUBWCGA,TRUE,7,329,19253,6237.22,204.01
KXRANKLISTROLLINGSTONE,FALSE,49,269,19190,6274.6,199.01
GOVPARTYCO,FALSE,81,292,19162,2560,96.2
KXWTO,FALSE,143,513,19161,4799.8,235.66
KXMOSTSTEAMEDSWAG,FALSE,8,391,19161,8010.17,138.91
KXROMANIAPARTY,FALSE,16,229,19154,9040.38,259.75
KXGOVVANOMR,FALSE,55,152,19154,16517.63,107.93
KXCHANCELEAVE,FALSE,61,155,19149,2927.6,161.83
KXFEATUREHARRYSTYLES,FALSE,30,303,19145,759.58,50.59
KXNYELIVEABC,FALSE,3,570,19144,8839.95,147.06
ZYNBAN,FALSE,131,322,19140,1478.54,93.56
KXFREEDOMSEATS,FALSE,16,89,19137,16715.73,58.34
KXMLBWINS-STL,TRUE,69,299,19135,7446.39,259.61
GPT4P5,FALSE,84,408,19128,5593.81,244.13
KXNFLWINS-PHI,TRUE,67,187,19117,9561.11,296.08
KXHOUSEIN7,FALSE,17,60,19100,16967.65,61.58
KXCO03R,FALSE,34,191,19094,11322.64,134.22
KXCRITICSDRAMASUPACTO,FALSE,32,273,19080,7313.23,146.47
KXTX28D,FALSE,80,355,19047,10022.18,119.91
KXCOMMGIFTS,FALSE,8,110,19042,4375.95,176.22
KXLEAVETISCH,FALSE,101,484,19029,10396.76,298.6
KXSNAPRESTRICT,FALSE,191,771,19023,6456.94,280.76
KXCRITICSCOMEDYACTR,FALSE,41,290,19002,7405.84,104.82
KXUPONLY,FALSE,80,469,18994,6725.05,233.89
KXTOP10BILLBOARDCB,FALSE,23,273,18992,1761.83,102.5
KXMAG7DONATE,FALSE,17,103,18988,17845.43,70.9
KXCHILEROUNDONESECOND,FALSE,11,114,18987,4881.76,47.81
KXLOSEREALMADRID,FALSE,86,451,18978,8910.21,229.86
KXHYPEMINMON,FALSE,26,433,18960,3166.3,134.06
KXRECOGROC,FALSE,184,733,18929,3760.78,210.23
KXBESSENTCOUNT,FALSE,2,126,18928,10872.06,177.64
KXANIMEBA,FALSE,47,549,18910,5007.54,218.35
KXURBN,FALSE,3,194,18892,11290.12,230.59
KXAZ01R,FALSE,82,471,18889,5338.08,168.94
MCASTROBOT,FALSE,39,124,18864,8490.9,259.03
KXRUGBYESLMATCH,TRUE,28,348,18859,9980.24,152.93
KXGRAMBTPVA,FALSE,47,312,18854,6618.33,155.47
KXTWITCHSUBSFAZEJASON,FALSE,10,436,18852,16580.18,128.84
KXCALIFORNIALEAVE,FALSE,92,551,18783,8888.98,271.07
KXFDAANNOUNCE,FALSE,47,661,18777,7339.45,245.96
KXHYPEMAXMON-HYPE,FALSE,13,262,18769,6863.79,258.08
KXDJTGREENLAND,FALSE,111,503,18752,1868.65,112.23
KXATTENDMAFIATHON,FALSE,28,645,18710,11823.14,176.14
KXENDOWMENT,FALSE,72,217,18706,13628.66,221.3
KXMLBWINS-LAA,TRUE,90,288,18675,6296.44,207.79
KXNFLWINS-BAL,TRUE,33,103,18640,9382.26,250.69
KXSAGNOMACTODRAMA,FALSE,14,371,18637,9086.06,215.95
KXWINSTREAKMANU,TRUE,81,631,18637,5316.16,261.74
KXUSDMEXMAX,FALSE,77,224,18629,1418.67,67.46
KXLALIGATOP4,TRUE,107,392,18616,7774.62,111.04
KXMEDIAGUESTKIMMEL,FALSE,105,591,18587,10533.19,251.97
KXBETSMOTYA,FALSE,14,328,18587,10016.24,224.98
KXATTYGENWI,FALSE,25,90,18559,7663.12,185.85
SENATENM,FALSE,75,132,18555,13955.19,62.08
KXDWTSPERFECT10,FALSE,1,244,18552,17685.39,57.53
KXPORTERDROPOUT,FALSE,81,333,18551,5201.81,210.66
KXWPL,TRUE,23,230,18551,4600.75,182.51
SPOTIFYSUBS,FALSE,112,249,18541,15143.71,148.72
KXSANCTIONEURUSS,FALSE,33,498,18536,9154.6,249.81
KXTOPSONGTHIRD,FALSE,73,740,18532,12771.71,39.42
KXFIRSTPRIMARYD,FALSE,97,272,18522,4784.02,218.48
KXNFLEXACTWINSCAR,TRUE,24,99,18519,6893.78,59.93
KXVOTEMIRAN,FALSE,11,135,18500,7048.43,97.13
KXDJTATTACKWARSH,FALSE,4,81,18489,6851.21,270.53
KXMUSKCHALLENGERS,FALSE,75,377,18462,2626.41,150.25
KXCALIEUTENANTGOV,FALSE,63,309,18433,5395.05,196.45
MESSIAH,FALSE,37,366,18423,6783.93,251.14
KXWCUPSONG,FALSE,143,514,18421,2646.02,142.63
EURUSDMIN,FALSE,102,260,18409,4131.48,196.67
KXAMASOTY,FALSE,6,334,18397,5915.4,106.71
KXEOCOUNTM,FALSE,33,463,18394,14370.41,132.21
KXTARIFFPRC,FALSE,15,182,18387,12463.02,164.09
HOUSETX34,FALSE,85,230,18384,8484.36,294.66
KXJOINDJTBLUESKY,FALSE,87,404,18344,1081.34,70.91
KXGOVPANOMR,FALSE,86,294,18334,8700.07,155.21
KXGPTFEES,FALSE,30,428,18314,7644.88,246.26
CREDITCDEF,FALSE,140,284,18298,16150.23,101.87
KXPCTVOTECUOR1,FALSE,7,86,18293,16062.83,29.76
KXIPODEEL,FALSE,78,412,18285,6036.9,170.32
KXUSAMBVATICAN,FALSE,50,243,18282,9919.69,174.3
KXLEASTSTREAMEDPLAY,FALSE,12,197,18273,8538.44,223.99
KXTRUMPPRES,FALSE,181,558,18260,3223.02,186.81
MANHEIMUSEDCAR,FALSE,26,107,18256,9485.02,195.56
KXENDORSEADAMSACKMAN,FALSE,7,228,18228,13458.2,220.01
VCHAIR,FALSE,56,255,18226,13317.58,102.74
KXGTA6,FALSE,15,332,18155,14996.64,98.44
KXNCAAMWRESTLING197,TRUE,4,295,18142,9080.44,116.92
KXCDCTRAVELH5,FALSE,92,226,18140,4179.65,203.93
KXDROPOUTMAYORNYCFIRST,FALSE,21,301,18131,10041.73,169.25
KXNFLWINS-WAS,TRUE,76,205,18121,6447.66,258.07
KXUSFCOACH,TRUE,2,89,18116,1281.7,78.89
KXNY15D,FALSE,79,346,18104,9407.61,195.13
SENATEVA,FALSE,127,278,18037,11733.01,104.28
OSCARVIS,FALSE,18,318,18035,8536.79,234.14
KXMOCTRUMP25,FALSE,32,603,18033,2360.16,137.74
KXUTPRIMARY,FALSE,26,108,18002,9283.09,282.14
KXSILVERAPPROVALMUSK,FALSE,31,410,17995,11013.98,246.77
KXAUSTRIANATO,FALSE,5,14,17994,7747.68,139.39
KXETHFORK,FALSE,28,227,17986,3310.84,164.72
KXAFRICALEADEROUT,FALSE,93,741,17976,2032.32,122.22
KXSTRMRGOTY,FALSE,19,517,17973,6406.35,170.59
KXBETBNIA,FALSE,4,108,17971,2658.1,65.33
KXIAEAIRANAGREEMENT,FALSE,51,274,17965,9945.99,259.35
KXBROADCASTBACHELORETTE,FALSE,9,240,17949,7054.68,291.01
KXSPRMIN,FALSE,68,173,17940,1131.76,71.19
KXTOPALBUMBYPOSTMALONE,FALSE,165,496,17907,5420.11,253.53
KXTARIFFENDGLOBAL,FALSE,9,117,17854,12444.53,158.6
KXNFLEXACTWINSIND,TRUE,35,110,17852,3112.82,138.16
KXCOSTAMENTION,FALSE,2,362,17849,13743.72,126.07
EPOP,FALSE,129,404,17831,6187.22,238.37
KXEARNINGSMENTIONTSMC,FALSE,23,265,17831,16463.13,78.7
KXCHESSPOLAND,TRUE,13,341,17781,5570.45,117.68
KXVENICEFILMFESTIVAL,FALSE,10,214,17761,4997.83,200.2
KXSCREWWORMCOUNT,FALSE,92,332,17746,1700.86,103.36
KXGRAMBCCMA,FALSE,21,105,17740,6199.87,72.67
KXSOCIALMEDIABAN,FALSE,52,203,17740,1557.56,100.11
HURCATH,FALSE,2,164,17720,4893.16,55.75
HURCATI,FALSE,2,177,17708,16843.38,55.93
KXHYPEMINMON-HYPE,FALSE,13,168,17687,3305.22,171.83
KXNWEST,FALSE,112,354,17683,12838.62,124.81
KXLETITIADISMISS,FALSE,7,68,17682,15982.04,98.88
KXUSDCMIN,FALSE,121,274,17666,1314.52,83.62
KXCRITICSLSERIESSUPACTO,FALSE,34,213,17654,4059.78,81.33
TOPALBUMROCKY,FALSE,95,207,17653,1899.19,108.1
KXXAIGAME,FALSE,171,805,17598,8623.66,300.8
KXDOTPLOT,FALSE,45,189,17555,7973.05,224.48
KXNCAABBGS,TRUE,59,274,17550,3804.54,177.1
KXSAGAWARDCASTCOMEDY,FALSE,55,484,17545,6642.12,64.23
SAGAWARDENSEMBLE,FALSE,13,130,17511,7568.94,189.7
KXVOTEPERCENTWHATLEYNC,FALSE,20,235,17507,4266.6,111.59
KXAPPRANKFINANCE,FALSE,2,180,17505,15428.83,118.21
KXCOLOMBIAPRES1R,FALSE,34,218,17497,1805.83,113.41
KXNFLWINS-CHI,TRUE,81,205,17483,7162.35,263.72
KXREMITTANCERATE,FALSE,28,280,17440,4856.26,190.34
KXWHEATMON,FALSE,30,1002,17426,9303.56,182.32
HOUSEMI8,FALSE,55,350,17420,8887.13,251.69
IRONMAN,FALSE,138,311,17389,2883.69,159.32
KXFRCPIPREL,FALSE,21,177,17379,6455.83,64.91
KXFEDREFORM,FALSE,5,98,17367,6476.68,214.16
KXMEDICARENEG,FALSE,120,323,17365,2969.59,168.23
KXMETACLOSE,FALSE,129,414,17364,5788.48,232.2
KXOBAMACHARGE,FALSE,20,82,17354,477.59,32.53
KXNEXTPRESSEC,FALSE,80,731,17346,3368.34,157.84
SECTREASURY,FALSE,84,292,17345,1231.08,76.13
KX10Y3M,FALSE,15,51,17338,15208.95,97.22
HOUSENJ7,FALSE,98,339,17326,9035.3,279.64
KXHOILMON,FALSE,25,575,17324,6399.05,201.39
KXCITYNBAEXPAND,TRUE,46,176,17274,14816.93,146.82
KXOAISCREEN,FALSE,158,727,17273,4600.71,228.67
KXNETANYAHUALSHARAAMEET,FALSE,53,372,17257,5590.28,219.94
KXDRAKEUMGSUIT,FALSE,91,308,17252,3392.12,185.93
KXFESTIVALEVENTPACHNYC,FALSE,21,299,17238,10868,272.7
KXGRAMBAFMP,FALSE,23,328,17196,5632.27,146.64
KXATTYGENIA,FALSE,37,120,17191,8514.46,281.97
KXXBANNEDRDT,FALSE,70,388,17176,1409.57,90.13
KXTRUMPNUMSTATES,FALSE,26,389,17167,4222.44,151.05
KXCOVVHC,FALSE,104,227,17160,1068.35,69.36
KXWITHDRAW,FALSE,123,629,17155,3862.88,195.98
KXPRESCAMEROON,FALSE,33,418,17126,13232.97,82.66
KXSENATELAD,FALSE,64,412,17119,6488.96,165.85
KXTRUMPSNL,FALSE,265,1086,17119,3204.3,183
KXALBUMRELEASETRAVYE,FALSE,71,404,17113,7144.01,280.73
KXNATGASMON,FALSE,41,972,17104,10780.61,162.37
KXCRITICSNOMDIR,FALSE,8,105,17096,8658.71,105.83
KXECKH287,FALSE,16,154,17081,1510.13,93.4
KXGRAMBRCP,FALSE,22,105,17079,4519.64,148.17
KXTWITCHSUBSK4PACK,FALSE,37,289,17079,1184.03,77.63
KXDRAKESUIT,FALSE,27,241,17075,4782.2,203.17
KXARGENTINASENATE,FALSE,48,349,17069,12172.05,187.6
KXEUROLEAGUESPREAD,TRUE,4,365,17038,11707.64,68.67
KXHOUSEMO5,FALSE,58,195,16990,7169.4,264.63
KXMEDATACENTER,FALSE,20,286,16951,5715.57,202.39
KXNYCMINWAGE,FALSE,115,487,16950,2718.98,160.1
KXGOVWINOMR,FALSE,114,479,16937,8653.75,128.6
HOUSECA40,FALSE,65,187,16843,9525.61,239.61
KXSONGRELEASEDATE,FALSE,22,365,16837,11285.58,139.04
KXDEBATEFUENTESKIRK,FALSE,24,83,16786,486.99,31.23
KXSTOCKBANHOUSE,FALSE,85,339,16742,5919.47,242.66
HOUSECA3,FALSE,53,136,16731,11513.93,166.67
KXHONDURASCONGRESS,FALSE,41,303,16725,6399.5,180.72
KXUSAMBCHILE,FALSE,43,174,16716,8037.04,169.84
KXFDVZAMA,FALSE,9,339,16715,8431.71,207.3
KXNCAAFAPRANK,TRUE,64,300,16713,4641.59,195.56
KXCOLOMBIASENATE,FALSE,47,223,16709,7274.85,187.41
KXCRITICSNOMOSPLAY,FALSE,6,44,16697,10358.21,75.63
KXMUSKUNCONST,FALSE,96,209,16640,2498.07,127.45
KXWNBARAISE,TRUE,118,423,16633,6232.41,195.4
KXBULGARIAPRES,FALSE,53,170,16628,5496.14,231.05
KXPRICEINCREASEAPPLEMUSIC,FALSE,161,1000,16625,9488.08,271.71
KXGPTS,FALSE,19,141,16619,11591.14,188.93
ETHMINY,FALSE,91,309,16583,5507.98,151.88
KXLUV,FALSE,25,296,16576,10259.88,122.93
KXSUPERSONIC,FALSE,81,295,16538,9836.63,204.25
KXSTEAMBGYSA,FALSE,6,194,16535,6492.03,54.29
KXSTJUDE,FALSE,48,183,16520,13140.11,161.02
KXNFLCELEBRITYGAME,TRUE,6,331,16507,7123.89,102.31
KXSAGNOMCASTDRAM,FALSE,15,312,16466,6524.69,171.09
KXLUTNICKANNOUNCEOUT,FALSE,37,478,16439,2816.57,155.08
KXPAWINPOPVOTE,FALSE,29,299,16432,12094.38,188.17
KXNFLHIRECOACH,TRUE,52,270,16415,1293.88,82.93
KXTRUMPGAZA,FALSE,5,227,16345,738.05,49.15
KXGRAMBTRNBP,FALSE,18,159,16333,5797.91,81.3
TOPALBUMCHAPPELL,FALSE,69,214,16326,3577.99,180.94
KXCOSTARICALAMAJORITY,FALSE,21,129,16323,14030.51,65.59
KXVOTEHUBVANCEAPPROVE,FALSE,67,424,16316,3456.17,166.23
KXSWHIRES,FALSE,71,273,16315,1082.83,69.72
KXEARNINGSMENTIONCBRL,FALSE,3,320,16305,11008.87,135.84
KXBRPRESIDENT2,FALSE,14,118,16302,9028.76,266.12
1SONGBILLIEEILISH,FALSE,13,105,16284,1520.05,91.58
KXWA4PRIMARY,FALSE,54,205,16271,8322.56,214.19
KXKEYSTONE,FALSE,83,300,16263,3371.84,161.38
KXMPOXCASES,FALSE,97,334,16258,7075.53,120.73
KXNEXTSPEAKER,FALSE,138,654,16252,9351.22,205.59
KXPOKEMON,FALSE,8,201,16232,7608.6,247.71
KXSC01D,FALSE,33,122,16221,9776.34,234.11
KXSWIFTATTENDEVENT,FALSE,4,370,16219,4794.54,213.23
KXENGAGEMENTTRUDEAUPERRY,FALSE,112,454,16214,4636.61,221.45
KXTOPSONGTHIRDUSA,FALSE,26,203,16191,4780.99,97.23
KXVOTEMEANS,FALSE,22,118,16188,3484.74,139.56
KXNFLWINS-DET,TRUE,76,196,16188,6895.9,232.74
KXBUCHARESTMAYOR2ND,FALSE,2,118,16187,10890.79,30.71
KXCAGOV2ND,FALSE,27,142,16165,2749.78,143.6
KXH5VACCINE,FALSE,154,495,16165,2273.63,132.73
KXSENATENJR,FALSE,59,299,16163,5318.78,207.8
KXSAGNOMCASTCOM,FALSE,15,388,16139,9124.58,97.9
KXARGENTINAMOSTGAIN,FALSE,42,127,16124,9455.35,126.74
KXSORA,FALSE,20,92,16124,14719.25,80.94
KXAUSTRALIAHOUSE,FALSE,34,113,16121,9035.34,195.38
KXPRESOUTCOME,FALSE,32,175,16110,1082.45,69.69
KXATTYGENNY,FALSE,34,87,16096,14789.79,67.69
KXNEWTAYLORAMAS,FALSE,4,360,16089,6502.02,208.93
KXCH11,FALSE,23,497,16085,10364.96,194.62
KXNFLEXACTWINSTB,TRUE,20,87,16081,10050.96,49.23
KXZYWOOMVPBP,FALSE,41,353,16080,10655.04,145.6
KXBTCEU,FALSE,3,278,16080,13783.4,108.98
KXTRUMPPARDONFAMILY,FALSE,128,373,16069,10818.47,246.93
KXNEWROLEVOGUE,FALSE,29,236,16063,5361.25,153.65
KXVENTRURAVOTE,FALSE,22,155,16035,4242.6,108.59
KXSPGOV,FALSE,13,73,16017,11318.07,141.79
KXDEBATEAOCGAINES,FALSE,26,48,16010,396.16,27.28
KXMEDIANRENTCHI,FALSE,25,187,15948,6574.73,157
KXLAIOUT,FALSE,57,314,15946,3060.49,145.18
OSCARSOUND,FALSE,12,275,15946,7400.06,181
KXSTABLECOINGENIUS,FALSE,71,233,15934,2508.09,125.86
KXEPSTEINACCUSERS,FALSE,53,735,15931,3155.64,164.04
SCHLNYC,FALSE,61,270,15926,14102.38,104.73
KXSTEAMBS,FALSE,6,198,15921,5452.48,43.93
KXLEAVEBIER,FALSE,27,145,15918,2307.92,134.55
KXDJTUKRG7,FALSE,2,533,15911,4598.96,156.5
KXSOCDEMSEATS,FALSE,11,205,15901,4816.34,88.05
KXMOSTSTREAMEDMW,FALSE,41,355,15900,3723.11,158.54
KXGREENMAYOR,FALSE,14,277,15898,14313.05,98.95
KXSAGNOMACTRCOM,FALSE,13,214,15891,8113.36,128.4
KXLINKMINY,FALSE,50,163,15890,3557.79,138.11
KXMARRIAGEBEAST,FALSE,62,296,15873,10370.97,241.19
KXCRITICSDRAMASUPACTR,FALSE,34,222,15868,2714.29,77.43
KXTOPALBUMRECORDMBF,FALSE,20,138,15866,5160.6,192.49
KXVOTEAGAINST,FALSE,7,218,15855,12632.16,169.61
BILLBOARDPEAKTASTE,FALSE,28,218,15841,4860.88,90.72
PREK,FALSE,36,222,15835,1597.73,94.84
CEA,FALSE,50,295,15832,7017.67,197.91
KXTRUFDEAD,FALSE,8,138,15806,12157.11,20.82
KXNEWVIDEOOUTDOORBOYS,FALSE,59,496,15796,9493.04,181.02
KXBRICS,FALSE,60,198,15791,5195.7,198.08
KXUKRETAIL,FALSE,29,572,15790,6601.3,211.34
KXNEXTCOACHOUTNBA,TRUE,58,260,15788,6334.73,107.54
KXHOUSEBILLS,FALSE,10,42,15766,13101.63,88.96
KXNHLRICHARD,TRUE,71,389,15754,7808.68,152
KXELECTRICM3,FALSE,111,457,15744,12497.45,172.66
KXDENMARK2ND,FALSE,14,282,15744,11320.22,123.84
KXTOURJUSTINBIEBER,FALSE,94,412,15739,5944.74,211.51
KXBRPRES1R,FALSE,32,162,15727,7243.27,244.36
KXRADIOHEAD,FALSE,36,153,15724,8778.79,218.59
KXMISENATE,FALSE,9,189,15691,4287.02,187.51
GASMIN,FALSE,102,246,15676,3707.89,148.07
KXNLDTHIRD,FALSE,27,315,15675,3704.39,138.99
KXNEXTLAUNCHSMALL,FALSE,60,274,15675,2097.19,111.66
KXGRAMMYCOUNTBILLIE,FALSE,53,428,15654,3856.57,176.21
KXAWARDSCMAMEOTY,FALSE,28,180,15648,5798.45,177.04
KXBOLIVIAFIRSTROUNDMOV,FALSE,6,65,15638,13044.92,100.84
KXDCEILEND,FALSE,104,228,15629,1579.72,95.41
KXMUSKSPORTS,FALSE,142,405,15628,1441.24,91.4
KXNBADRAFT9,TRUE,8,190,15619,2634.51,128.57
KXCRITICSNOMACTR,FALSE,9,94,15597,8640.01,103.99
KXSOYBEANMON,FALSE,30,672,15595,8796.43,174.34
KXAUSSEATSLIBNAT,FALSE,12,495,15579,6310.81,155.4
KXDJOKOVICRETIRE,FALSE,63,232,15567,1614.65,88.19
KXWALESMENTION,FALSE,9,192,15560,7262.6,122.9
KXMAYORFORTW,FALSE,14,33,15558,12396.1,74.16
KXSTEAMOSRG,FALSE,6,349,15548,6060.35,111.85
KXMEXICOCITY,FALSE,4,126,15493,7326.61,122.33
EMMYCACTR,FALSE,48,196,15479,4577.76,177.94
KXWNBAAST,TRUE,7,606,15479,8291.32,230.42
KXLIGUE1TOP4,TRUE,83,334,15461,7517.06,123.24
KXGROK4,FALSE,61,193,15459,12164.06,165.65
KXNCAABMENTION-ACC,TRUE,2,548,15453,12275.75,76.9
KXAMERICAPROFIT,FALSE,49,453,15453,13727.24,101.74
KXSPOTIFY100MILLION,FALSE,50,289,15447,6878.24,140.17
KXNBADRAFTTOP30,TRUE,8,530,15441,10164.86,139.61
KXBETBMRNBPA,FALSE,14,400,15434,7336.78,122.93
BEYONCEGENRE,FALSE,239,593,15428,6609.59,225.02
DINENYCS,FALSE,19,128,15427,1042.12,63.89
KXESPYMLB,FALSE,15,370,15416,9192.43,109.26
KXCEOYCOMB,FALSE,21,38,15373,289.94,19.15
KXPHILIPPINESHOUSE,FALSE,21,93,15368,3032.99,158.33
KXPUBLICBARRON,FALSE,28,286,15349,4130.2,190.71
KXSTEAMOVS,FALSE,5,374,15349,5894.92,131.5
KXAGNOMGAR,FALSE,33,169,15343,7848.37,238.11
KXGRAMBLJA,FALSE,21,97,15342,4641.42,155.09
MCBLACKMYTH,FALSE,32,103,15339,2683.48,96.36
KXSANDERSPRES,FALSE,58,185,15338,4256.8,179.51
KXAIRDROPMEGA,FALSE,66,452,15325,4857.32,195.04
KXFIRSTUSOPEN,FALSE,12,204,15318,13223.68,110.89
KANYE,FALSE,7,78,15300,768.09,33.43
KXPLLGAME,TRUE,8,592,15289,8859.18,207.98
KXNCAAMWRESTLING174,TRUE,4,322,15277,7686.88,108.47
KXCALCFO,TRUE,14,61,15272,784.76,41.58
KXPARDONSYEAR,FALSE,62,288,15266,1733.84,96.54
KXDAILYSHOW,FALSE,142,595,15266,10303,159.48
KXPRCSTUDENTS,FALSE,130,548,15265,1748.91,107.63
KXMO01D,FALSE,103,399,15249,6998.19,238.49
KXMURKOWSKIENDORSE,FALSE,18,84,15219,6403.53,48.01
TAPER,FALSE,15,247,15199,1940.81,108.57
KXMLBWINS-CIN,TRUE,54,194,15155,6680.87,202.8
KXAWARDSCMASOOTY,FALSE,21,309,15134,4154.13,190.51
KXFSDMARKET,FALSE,84,182,15121,766.65,50.02
KXITGDPQOQA,FALSE,15,99,15096,6605.77,46.01
KXCZWARREN,FALSE,23,85,15078,1642.07,99.74
KXVISITMN,FALSE,32,462,15064,3748.21,174.69
KXMEXCUBOIL,FALSE,66,378,15059,9725.9,230.46
KXTOPSONGRECORDMANCHILD,FALSE,7,166,15058,786.09,44.37
KXPELOSICHARGE,FALSE,73,288,15047,1129.22,72.78
KXTURKEYPRES,FALSE,129,560,15042,4821.92,211.14
INDOORSF,FALSE,55,218,15031,1126.3,72.34
KXALBUMRELEASEDATETRIPPIE,FALSE,64,406,15012,7405.12,189.79
KXASIALEADEROUT,FALSE,10,85,15006,8844.1,157.77
AITURING,FALSE,162,409,15004,9959.25,234.05
KXGRAMMYDELAY,FALSE,14,106,14955,553.97,36.42
KXGHANAPARLI,FALSE,16,70,14954,7693.83,259.05
KXGRAMBRGA,FALSE,8,55,14946,1391.47,30.33
KXPERFORMVMA,FALSE,38,247,14937,10784.11,134.35
KXEZCPIYOYF,FALSE,13,220,14925,8568.09,65.77
KXSPURRERUPT,FALSE,93,367,14915,3819.06,158.89
KXGHANAPARTY,FALSE,11,167,14901,9673.63,76.85
APPLECAR,FALSE,128,262,14899,778.4,51.28
KXFERTILITYRATE,FALSE,115,490,14897,5858.95,202.81
KXMILLSPLATNER,FALSE,10,136,14891,4887.24,191.14
KXCANNESGRANDPRIX,FALSE,32,275,14879,1834.54,94.64
KXESPYBESTATHLETEWOMEN,FALSE,11,161,14879,9193.52,101.19
KXELEANORRUN,FALSE,50,279,14873,5335.01,156.78
KXJBEARDORT,FALSE,19,192,14841,1990.15,70.97
KXELECTIONMOVIRELAND,FALSE,3,168,14840,3124.62,45.02
KXACMAAOTY,FALSE,11,226,14833,4361.7,103.98
SENATEWY,FALSE,115,250,14820,8402.01,43.42
KXCA17PERSON,FALSE,30,208,14794,8737.72,152.4
KXGRAMBMUA,FALSE,22,346,14765,8734,92.76
KXHARVARDINTLBAN,FALSE,155,608,14758,8505.42,196.64
CTCS,FALSE,38,265,14752,3842.75,164.6
KXBRAWLSTARS,FALSE,14,92,14729,1993.25,77.19
KXOMEGA,FALSE,41,255,14727,6774.62,247.92
KXHURPATHHOU,FALSE,109,277,14716,1260.47,78.36
KXUSAMBUNFOODAGRI,FALSE,47,207,14693,9104.06,149.29
KXSERIEARELEGATION,TRUE,73,288,14660,4533.14,108.48
KXMOVPORTUGALPRESR1,FALSE,9,222,14635,3684.47,71.94
KXBTS,FALSE,48,214,14628,8791.4,224.06
KX538STATES,FALSE,32,285,14624,4262.59,99.75
KXIVYFUNDING,FALSE,99,239,14624,2225.6,124.01
KXIPOKLARNA,FALSE,32,205,14622,6882.09,162.26
KXTRUMPPHONE,FALSE,42,407,14622,1827.37,109.45
KXMAUBER,FALSE,14,231,14590,12165.61,131.85
KXHLS,FALSE,81,243,14568,3134.37,157.47
KXFIFAPEACE,TRUE,14,83,14560,13820.9,44.75
KXCANNESBESTDIRECTOR,FALSE,27,304,14526,2217.44,100.34
KXDJTAOC,FALSE,131,351,14506,1462.45,91.6
KXNEWOUTBREAKPCOVID,FALSE,65,143,14494,619.27,41.54
KXAUCTIONLIGHTSABER,FALSE,53,319,14492,2610.53,124.31
KXSNOWAZ,FALSE,19,132,14487,907.63,58.16
KXTENNISMAJORDJOKOVIC,FALSE,44,193,14479,2100.48,114.35
KXNBADRAFTTOP25,TRUE,8,363,14453,10490.86,124.58
KXQOWOMENSINGLES,FALSE,3,58,14442,7515.68,126.07
KXTOPALBUMBYICESPICE,FALSE,86,282,14422,2384.99,137.1
KXBUILDPERMS,FALSE,60,783,14415,7632.25,182.93
KXGOOGLECEOCHANGE,FALSE,91,274,14389,2133.35,121
KXWEEKSNUM1,FALSE,27,225,14377,7840.39,134.07
KX50CENTATTEND,FALSE,2,171,14351,11355.91,92.56
KXAIDIRECTOR,FALSE,24,92,14341,12524.07,106.94
TURKEU,FALSE,56,88,14329,242.33,17.03
KXNYSECONDHOMETAX,FALSE,18,150,14325,12862.02,91.14
KXLEAVEMAGUIRESEQUOIA,FALSE,47,265,14318,3158.28,160.3
KXTRUMPDOLLAR,FALSE,91,394,14309,7391.2,239.13
MLBOAK,FALSE,125,308,14300,4220.87,115.2
KXTRANSCARE,FALSE,38,168,14284,11924.85,134.46
KXGOVTXNOMD,FALSE,54,207,14279,8139.83,54.05
EURUSD-22AUG15,FALSE,1,501,14270,5491.83,167.04
KXMUSKPRIMARY,FALSE,50,246,14234,1657.36,100.21
KXJBEARDBNR,FALSE,24,213,14221,2433.41,83.34
NFLVIEW,FALSE,25,390,14213,7442.01,179.77
KXSECSTATEIN,FALSE,26,145,14206,7952.38,178.12
KXELECTIONMOVNJGOVD,FALSE,6,201,14192,3453.03,89.64
KXEARNINGSMENTIONALIBABA,FALSE,22,168,14189,5549.39,111.06
KXBEZELTBBGMT,FALSE,41,225,14179,7779.91,208.25
KXUAL,FALSE,27,512,14176,5975.31,148.9
KXANIMEBF,FALSE,44,708,14171,7331.25,189.27
SECDEF,FALSE,55,140,14168,1277.03,78.2
KXJBEARDOC,FALSE,16,105,14163,818.83,22.72
KXSINGHSEAT,FALSE,20,332,14144,11974.62,124.01
KXTARIFFRATECA,FALSE,14,380,14143,8237.3,199.03
KXWORLDSMVP,FALSE,11,194,14142,5288.21,120.25
KXT20SIX,TRUE,5,48,14138,12114.02,46.71
KXTSUNAMI,FALSE,26,271,14128,12221.73,111.41
KXWWDC25LAUNCH,FALSE,23,328,14117,3410.96,138.47
KXGOVALNOMR,FALSE,64,191,14111,11177.45,39.63
KXTHEGAMBIAPRES,FALSE,16,86,14100,5284.04,158.69
KXANTHROPICDOD,FALSE,55,297,14087,10472.03,184.4
KXEREDIVISIE,TRUE,39,172,14084,11753.8,61.58
HOUSEFL23,FALSE,51,160,14083,6955.12,194.71
KXTHAILANDPM,FALSE,33,293,14078,10163.16,85.61
KXNYCCOUNCIL30,FALSE,40,159,14067,7711.89,143.79
KXACMAMAOTY,FALSE,40,307,14061,3782.13,143.22
KXWACAPANDTRADE,FALSE,14,88,14056,2505.6,139.85
KXSPORTSEMMY,FALSE,15,403,14043,2560.03,126.13
KXPHILIPPINESPRES,FALSE,53,366,14037,2492.95,127.43
KXNFLWINS-ATL,TRUE,57,158,14036,5657.57,200.97
MITACKMAN,FALSE,107,229,14036,4516.69,171.39
KXAWARDSCMASOTY,FALSE,24,274,14013,5382.12,166.59
KXGOVMDNOMR,FALSE,83,359,14012,2605.48,130.09
KXSENATEMSD,FALSE,44,239,14003,6708.64,37.71
KXBABYNAMEGIRL,FALSE,91,348,13998,5938,80.68
KXSTEPHDEAL,TRUE,53,229,13994,6181.95,237.03
KXTOP10BBSPOTSMORGANWALLEN,FALSE,9,151,13976,3409.96,36.32
NEWSONGY,FALSE,78,210,13965,7521.25,178.65
KXSECURITY,FALSE,6,227,13962,8537.67,180.21
KXESPYCHAMPIONSHIP,FALSE,13,228,13956,5717.9,154.94
KXFREDDIE,FALSE,73,352,13948,2191.21,74.95
KXBARKLEYMENTION,FALSE,3,211,13948,8287.96,135.67
KXGOVFLNOMD,FALSE,105,321,13937,7102.73,209.79
KXMLBWINS-KC,TRUE,48,216,13918,7291.74,216.58
KXWALTZCOUNT,FALSE,31,301,13908,2492.05,76.84
KXALPHAARENABASE,FALSE,6,58,13903,8033.37,151.52
NGDPQ,FALSE,45,214,13882,3665.11,183.04
KXJPMCEONEW,FALSE,119,368,13880,3982.82,179.94
KXSENATETARIFF,FALSE,7,77,13849,2794.63,69.43
KXMLSADVANCE,TRUE,2,88,13847,6606.48,182.81
KXFL19R,FALSE,95,464,13834,3422.33,161.38
KXH100W,FALSE,37,249,13831,7740.49,183.03
KXNFLWINS-LV,TRUE,72,171,13824,3977.26,153.66
KXAIRELEASE,FALSE,71,190,13824,1676.4,99.59
KXITGDPYOYA,FALSE,13,86,13811,6699.27,17.41
KXSENATECOR,FALSE,61,329,13809,8068.7,131.23
KXNFLWINS-PIT,TRUE,84,224,13806,7141.66,216.75
KXNFLEXACTWINSNE,TRUE,63,232,13806,3319.98,137.84
KXBTCMAX100INAUG,FALSE,3,188,13787,8467.2,162.79
KXNEWXBOX,FALSE,61,522,13782,2148.48,119.98
KXACQUIREBARCA,FALSE,63,409,13779,6060,174.38
KXJOBREVISION,FALSE,21,262,13776,4594.73,186.3
KXECKH273,FALSE,16,109,13751,920.81,58.72
AAAGASMAX,FALSE,49,111,13750,3138.08,142.23
KXINEQUALITY,FALSE,165,463,13740,4572.64,206.84
KXBITCOIN25,FALSE,7,193,13691,9346.07,166.49
KXEOSANCTUARY,FALSE,25,205,13681,6500.15,174.61
VACCINEW,FALSE,82,190,13680,687.84,45.6
KXCANNESBESTACTRESS,FALSE,29,270,13664,2088.39,95.83
KXGRAMBSSFVMIFAT,FALSE,45,303,13639,5012.21,88.66
KXROLLINGSTONECOVER,FALSE,86,576,13601,5681.46,189.01
KXHFINSERVICECHAIR,FALSE,14,120,13569,7530.29,169.19
KXSTOCKXSUPREMEBOXLOGO,FALSE,19,150,13557,9794.77,148.27
KXGRAMBSWPA,FALSE,13,77,13554,4523.92,60.87
KXFASTANDFURIOUSRELEASE,FALSE,54,303,13545,5989.66,227.13
TOPALBUMJCOLE,FALSE,75,184,13542,1261.18,74.47
MCDAWNTRAIL,FALSE,10,73,13539,5450.19,123.82
KXBILLIEEILISHAPOLOGY,FALSE,23,402,13532,1359.84,85.69
KXSENATEVAD,FALSE,52,254,13522,2004.48,64.07
KXBETHELSEAT,FALSE,3,45,13518,6290.67,218.87
KXCA01S,FALSE,30,129,13510,6606.8,120.92
KXLTCMINY,FALSE,34,133,13493,5263.59,136.27
KXWHATSONSTAGESDBPIAPA,FALSE,11,33,13480,5226.98,31.94
AAAGASMINCA,FALSE,51,161,13454,2461.21,93.2
KXCRITICSSTANDUP,FALSE,29,125,13433,2877.85,128.27
KXNUMREDISTRICTING,FALSE,3,224,13426,2195.65,111.24
GOVPARTYNE,FALSE,63,153,13411,5601.28,96.07
KXNEWCOINCHAIN,FALSE,72,225,13401,5601.31,127.21
KXTOPALBUMBYJACKBOYS,FALSE,11,371,13397,10352.94,116.61
AVENGERSDELAY,FALSE,108,208,13390,7704.32,171.04
KXANIMEBOA,FALSE,41,454,13383,3382.99,127.47
KXBIGGESTQUAKE,FALSE,9,93,13363,11589.23,61.28
KXNFLEXACTWINSHOU,TRUE,40,110,13362,1234.56,63.85
KXWARMING,FALSE,184,1406,13345,10431.89,167.61
KXGRANDSLAMJFONSECA,TRUE,62,123,13330,1061.82,68.2
KXGOVVTNOMD,FALSE,88,905,13324,3384.37,164.59
KXSENATEALD,FALSE,95,316,13308,2801.17,103.82
KXPROFILECHANGEMUSK,FALSE,63,727,13231,3421.09,154.52
KXUFASEMI,FALSE,22,240,13218,6649.2,101.97
KXCLUBWCGB,TRUE,8,322,13210,6878.01,155.43
KXTOPSONGRUNNERUPUSA,FALSE,88,884,13202,2760.1,68.81
AUCTIONPRICETREY,FALSE,22,253,13183,4052.65,75.02
VARDELTA,FALSE,13,176,13183,1687.94,97.92
KXMEDIANRENTMIA,FALSE,23,152,13178,5201.82,125.51
APPLEWATCH,FALSE,12,149,13172,3557.72,148.26
KXCRACKERBARRELREBRANDREVERSE,FALSE,2,156,13170,9012.75,125.23
KXBEZELRSUB41D,FALSE,30,234,13167,9570.25,155.96
METACRITICBLOODLINES2,FALSE,87,247,13166,3361.44,120.76
KXITCPIPREL,FALSE,16,274,13165,4730.49,98.89
LIFEEXP,FALSE,18,221,13150,6884.98,129.5
KXB200W,FALSE,31,185,13148,9058.58,168.41
KXDISCONTINUEFEMSEL,FALSE,120,596,13141,1453.56,88.85
KXTRUMPFIRECOM,FALSE,39,186,13113,9162.86,176.14
KXGRAMBCDGP,FALSE,44,196,13108,3768.02,109.94
KXTRUMPVISITCA,FALSE,13,293,13099,909.71,59.65
KXVMARNB,FALSE,21,182,13094,5881.33,133.17
APPLEPORT,FALSE,134,242,13091,1574.88,88.81
SPIRITCEOCHANGE,FALSE,91,189,13091,1861.3,108.95
KXTRUMPPASSPORT,FALSE,8,72,13076,7518.59,176.97
KXDFBPOKAL,TRUE,63,203,13073,7000.12,183.08
KXMA6D,FALSE,87,300,13063,5560.99,142.65
KXODINVCTFINALS,FALSE,42,192,13045,11329.2,50.02
KXA100W,FALSE,32,205,13043,7148.95,164.07
KXGOVWYNOMR,FALSE,80,274,13038,4887.4,137.48
KXAUSSEATSLABOR,FALSE,7,105,13037,10802.58,67.91
KXSP500REMOVEQ,FALSE,52,336,13029,2446.53,123.37
KXBANTRANS,FALSE,120,491,13027,4917.88,190.78
KXWCLOCATION,TRUE,33,82,13026,12289.35,47.44
HOUSECA49,FALSE,25,42,13023,11533.38,76.26
KXGREENPERCENT,FALSE,30,216,13022,1805.07,102.09
KXSTEAMBGOSD,FALSE,6,139,13020,4634.57,36.27
KXOTEWALZ,FALSE,34,207,13019,7643.48,134.69
WTIMIN,FALSE,102,202,12981,1584.85,71.56
KXTNPRIMARY,FALSE,31,191,12973,6362,209.42
KXESPMLEAVE,FALSE,38,93,12968,3849.9,177.8
KXHELLCAT,FALSE,143,603,12967,3382.8,152.99
KXGRAMBIAA,FALSE,10,241,12965,4521.09,35.55
KXALBUMRELEASEDATEBEY,FALSE,51,452,12961,4679.83,198.83
KXJOINRONALDO,TRUE,78,252,12960,1940.6,96.95
KXOSCARCOUNTCONCLAVE,FALSE,5,247,12957,3742.57,158.8
UAW,FALSE,15,120,12949,10286.24,127.17
KXSAGNOMACTRLIM,FALSE,13,197,12946,6694.4,151.49
KXNEWCOVIDVAX,FALSE,90,264,12938,541.89,37.51
KXLONDONMAYOR,FALSE,45,1107,12938,1381.65,85.22
KXHOUSETX35,FALSE,86,267,12932,6296.4,177.86
KXESPYCOLLEGEWOMEN,FALSE,12,168,12915,7634.73,174.45
NYTSUBS,FALSE,61,129,12906,8087.36,137.87
KXPUBLICADV,FALSE,25,84,12903,5923.99,73.08
VANRATE,FALSE,20,96,12901,2037.82,105.55
KXMACRONOWENSLONG,FALSE,122,389,12888,7699.66,207.27
METACRITICOUTLAWS,FALSE,62,141,12876,5169.95,167.59
KXSTEAMMIG,FALSE,6,243,12868,4680.94,83.69
KXTHAIPARLIAMENT2ND,FALSE,26,272,12865,5162.16,144.3
KXCOACHELLA,FALSE,45,321,12856,5768.3,154.69
KXFULLTERMSKPRES,FALSE,116,288,12837,10492.8,133.39
KXCOYOTEACME,FALSE,32,134,12834,8854.21,168.9
KXMDPRIMARY,FALSE,34,231,12832,5240.89,160.63
KXGAVOTECHARGE,FALSE,66,286,12824,4836.98,180.49
GOVPARTYAL,FALSE,72,203,12821,4781.59,69.55
KXLEADERMLBRUNS,TRUE,63,291,12818,2437.06,115.28
KXFESTIVALEVENTDNCMIDTERMS,FALSE,65,346,12803,3823.57,142.79
KXUEL16AJAUSG,TRUE,1,79,12789,5812.76,115.98
KXNC11D,FALSE,43,281,12787,8403.78,103.29
KXLIGUE1RELEGATION,TRUE,54,156,12777,7319.7,146
KXELONVISIT,FALSE,10,79,12766,11027.16,87.48
HARVPRES,FALSE,58,165,12763,3354.27,115.17
KXELONDJTCOMPANIES,FALSE,116,432,12745,1545.78,90.45
KXCRITICSNOMASPLAY,FALSE,7,64,12741,7045.14,64.77
KXAGNOMGAD,FALSE,32,122,12733,6114.16,175.32
KXACTORSONNYCROCKETT,FALSE,135,898,12704,3070.5,148.99
KXKXSPOTIFYALBUMRELEASEDATESC,FALSE,15,176,12701,7578.46,158
KX1SONGOLIVIARODRIGO,FALSE,66,199,12701,1907.39,106.82
KXSAANICH,FALSE,19,155,12700,3966.39,163.19
KXROGANBOARD,FALSE,112,305,12693,1288.68,76.88
KXESVI,FALSE,118,394,12685,2191.08,118.78
KXUSAMBBELGIUM,FALSE,46,159,12667,4837.98,116.64
GOVPARTYVT,FALSE,108,334,12656,7826.83,176.12
KXAGCONF,FALSE,30,258,12624,3480.78,139.84
KXNEWVIDEOFETTYWAP,FALSE,9,136,12623,12156.66,29.16
KXVENEZUELADEPLOY-SENATE,FALSE,5,166,12606,1309.89,79.74
KXYTUBESUBSSNAPBACK,FALSE,77,299,12597,2201.89,115.7
KXBEZELRSUB41LV,FALSE,43,207,12595,8108.32,186.26
KXSSHIELDMATCH,FALSE,22,493,12592,5937.08,58.97
KXNFLEXACTWINSPHI,TRUE,39,87,12579,714.32,38.83
KXXPASSPORT,FALSE,25,143,12578,9813.29,131.49
KXMCDONKEYKONGBANANZA,FALSE,34,267,12566,4375.43,132.28
YINVERT,FALSE,15,158,12566,10800.76,88.43
KXCRITICSNOMSUPACTO,FALSE,9,54,12565,8244.39,26.96
KXROSTERT1,TRUE,23,143,12555,3311.05,143.85
KXCOLLEGEDROP,FALSE,55,253,12546,2921.35,148.35
KXCEOINTC,FALSE,39,276,12542,2628.03,116.65
KXOTHERLAUNCH,FALSE,48,168,12542,7633.08,53.7
KXNFLWINS-NYJ,TRUE,55,136,12529,5590.47,160.13
KXBILLCONTEMPTVOTE,FALSE,22,208,12526,7209.24,119.79
KXAISECURITY,FALSE,107,321,12521,900.29,58.22
MORAESLEAVE,FALSE,62,130,12507,1131.95,70.87
PLEAVELAW,FALSE,41,105,12505,674.5,42.87
KXAPPSTOREIPHONEAPP,FALSE,3,42,12504,6205.3,66.91
KXPENNYCONGRESS,FALSE,38,272,12504,6916.72,166.74
KXDJTASIAN,FALSE,10,232,12503,9909.32,124.77
KXELECTIONMICALL,FALSE,7,189,12496,6348.81,184.28
KXSENATEARD,FALSE,59,371,12460,3699.85,26.78
PESO,FALSE,12,149,12450,6440.23,79.56
KXHOUSENC11,FALSE,63,168,12449,6759.01,169.2
KXLTGOVGANOMR,FALSE,19,263,12441,2989.08,135.97
KXTOP10BILLBOARDSPOTJB,FALSE,8,140,12426,5493.08,134.76
KXFDVMONAD,FALSE,32,238,12413,5246.41,118.02
KXNBATEAM,TRUE,129,411,12404,11100.91,79.6
KXANDREWSUCCESSION,FALSE,39,137,12389,8795.66,176.51
COVPILL,FALSE,7,103,12383,9114.2,139.89
KXCS2IEMCOLOGNE,TRUE,12,273,12371,4213.41,138.41
KXESPYDRIVER,FALSE,14,143,12352,6621.21,103.26
KXMLBWINS-PHI,TRUE,62,172,12350,6218.91,195.35
KXSTATEMENTCOUNTCLINTONEPSTEIN,FALSE,13,199,12340,484.05,33.3
KXNBA2NDTEAMDEF,TRUE,45,412,12337,4016.16,143.15
KXCHESSGRENKEOPEN,TRUE,11,400,12329,3802.38,132.85
KXAJOSHUAWALKOUT,FALSE,4,504,12326,1529.21,93.59
KXTARIFFRATEKR,FALSE,13,222,12308,2355.97,106.34
KXCOLLINSCOUNT,FALSE,7,124,12304,2131.61,90.71
KXDJTATTACKACB,FALSE,18,277,12290,1347.74,82.83
KXLOVEISLANDGAMES,FALSE,12,268,12268,5017.63,76.93
KXHARVARDTAX,FALSE,84,296,12267,2135.72,110.46
KXFTCANTITRUST,FALSE,80,253,12232,3047.48,142.35
KXNBADRAFT8,TRUE,5,202,12220,3164.16,114.69
KXWHATSONSTAGEBSPIAP,FALSE,7,27,12217,6462.57,37.25
KXWINNIPEGCENTRE,FALSE,9,67,12203,5599.42,156.99
KXMLPDJT,FALSE,5,30,12196,951.7,54.15
KXBRASILEIRO,TRUE,64,212,12183,3564.43,145.92
DONDA2,FALSE,7,550,12169,3562.33,157.34
KXMESSIRETIRE,TRUE,51,159,12168,3104.36,107.37
KXNUNAVUT,FALSE,17,157,12153,5623.78,173.62
KXLOVEISLANDAUS,FALSE,42,366,12153,3362.3,111.23
KXSONGRELEASEDATEHS,FALSE,8,240,12150,10331.22,89.38
OSCARSONG,FALSE,40,218,12145,4820.41,83.92
KXCANADALIBERAL,FALSE,38,112,12128,9604.91,104.71
KXTRUMPSCOTUSOUT,FALSE,7,354,12102,1209.09,72.64
KXTHIELCHARTER,FALSE,36,139,12066,3326.62,126.61
KXTWITCHSUBSFAZEADAPT,FALSE,12,213,12063,4763.69,174.09
KXLEADERNFLPTDS,FALSE,61,201,12062,7044.32,61.81
KXBOLIVIASENATE,FALSE,25,392,12056,4630.52,154.22
KXGOVALNOMD,FALSE,50,249,12055,8534.44,55.94
KXCANNESJURYPRIZE,FALSE,30,234,12048,1485.7,79.99
BILLBOARDPEAKTGIF,FALSE,28,180,12046,4675.25,113.75
KXUSAKIM,FALSE,115,320,12023,2689.03,146.04
KXSTRMBMS,FALSE,13,219,12021,6222.1,65.02
KXNGDPQ,FALSE,25,190,12015,4382.46,150.98
KXTARREBATE,FALSE,49,178,11990,1221.84,75.64
KXUSAMBSWISS,FALSE,53,183,11979,6248.82,152.92
CONROVA,FALSE,28,124,11972,1299.21,73.6
KXAMAALBOTY,FALSE,6,241,11960,2791.14,77.43
KXVMASOTY,FALSE,31,334,11943,3703.3,147.44
NGDP,FALSE,74,189,11940,6260.75,185.49
KXNFLWINS-LA,TRUE,49,98,11926,7403.77,175.46
KXBESTACRESSTONYS,FALSE,20,186,11913,4153.84,53.74
KXSAGNOMACTOLIM,FALSE,11,143,11901,5091.32,129.7
KXUSMCA,FALSE,119,303,11897,3052.77,151.49
HPI,FALSE,45,276,11891,6490.97,152.52
KXDISNEYSUBS,FALSE,6,105,11889,8578.87,121.44
KXNHSALES,FALSE,55,465,11873,5836.51,146.1
KXSTUDENTVISAS,FALSE,18,192,11852,9174.53,104.95
KXLEAKTULSIIRAN,FALSE,5,205,11850,1050.2,65.03
KXMOTOGP,TRUE,42,362,11848,3041.42,136.81
KXTORYMPJOINREFORM,FALSE,18,191,11830,4029.12,145.57
KXAIPACLOSEPRIMARY,FALSE,25,159,11827,7308.23,147.68
KXIMPEACHPENG,FALSE,45,522,11823,1190.09,76.51
KXLEAVECONGRESS,FALSE,16,195,11807,9682.16,93.06
KXSTATEFARMTESTIFY,FALSE,26,136,11804,970.8,59.34
HOUSECO3,FALSE,72,223,11798,5991.6,188.57
KXSPOTIFYSONGSLEAVEMEALONE,FALSE,10,180,11787,7616.46,107.6
KXTORONTOMAYOR,FALSE,30,108,11782,5844.61,108.82
KXALTHOFFMENTION,FALSE,7,307,11776,7617.08,124.24
KXIRONMAN,FALSE,116,1001,11764,4205.41,192.01
KXACQANNOUNCEMISTRAL,FALSE,24,74,11761,451.79,25.43
MORTGAGEDEF,FALSE,142,316,11758,5495.39,151.44
MAMMAMIA3,FALSE,89,193,11751,3307.94,155.61
KXALLINGUEST,FALSE,55,206,11748,7780.84,126.92
KXAGNOMAZR,FALSE,40,188,11746,7373.04,139.18
KXIRS,FALSE,39,178,11745,9801.69,99.72
KXSCHEDULEF,FALSE,55,210,11745,10044.55,98.94
KXVOTELAKE,FALSE,3,92,11744,5652.03,120.65
KXFRENCHPM,FALSE,7,182,11721,5313.96,128.11
KXTPSUKR,FALSE,74,185,11712,3645.68,151.95
KXSTOCKX11GAMMABLUE,FALSE,24,152,11710,10050.74,92.62
KXTARIFFSPRC,FALSE,35,146,11701,10504.87,73.53
KXFDVBIRB,FALSE,7,288,11696,5396.56,160.9
VARBA2,FALSE,29,177,11692,9962.78,96.27
KXCANNESBESTACTOR,FALSE,27,167,11691,1550.48,72.73
BOE,FALSE,43,114,11678,7825.47,67.28
KXCAGOV3RD,FALSE,33,159,11676,2335.82,124.8
DRIVERS,FALSE,52,244,11656,1994.76,115.2
KXGRAMBAP,FALSE,17,74,11655,7013.82,42.56
KXAIOPEN,FALSE,49,194,11645,6638.73,190.46
KXCHOPINCOMPETITION,FALSE,7,150,11639,4366.07,110.28
KXUSAMBOAS,FALSE,45,172,11635,5774.56,144.83
KXPRIMARYCOUNTY,FALSE,24,141,11629,3294.55,139.53
USDJPY-22AUG17,FALSE,2,441,11622,3276.51,116.05
KXTARIFFRATEEU,FALSE,49,325,11614,4160.96,135.96
KXEUEXITCOUNTRY,FALSE,50,159,11612,1053.83,66.83
KXPASCOTUSSWEEP,FALSE,33,221,11611,10408.51,74.78
KXWNBA7FIGS,TRUE,65,311,11600,1133.98,71.58
MEISSNER,FALSE,99,183,11588,1076.98,67.83
KXMCCRONOSTND,FALSE,19,205,11579,6228.42,162.42
KXGRAMBGA,FALSE,9,68,11573,2396.94,39.15
KXUSFUNDHEAD,FALSE,124,397,11572,1654.6,97.65
KXNEXTWHPRESS,FALSE,5,100,11570,2729.05,40.56
KXDEGDPYOYF,FALSE,18,76,11566,4928.84,20.86
GOVPARTYNM,FALSE,62,141,11556,8474.76,97.78
KXGOVNHNOMD,FALSE,41,194,11547,2876.58,118.16
KXROLEATEVENTWIRELESS,FALSE,2,80,11524,1787.87,82.73
CHINATOPLLM,FALSE,49,147,11511,2477.99,106.31
KXGALLEGOOUT,FALSE,20,160,11502,1039.04,56.04
KXESPYCOMEBACK,FALSE,13,164,11485,7258.91,100.63
KXBALLOTAMERICAPARTY,FALSE,47,202,11481,3976.68,155.65
KXBIDENTAPES,FALSE,4,87,11477,5397.36,190.72
KXACQUIRECOINBASE,FALSE,35,157,11477,8673.41,109.61
NPRCEOCHANGE,FALSE,43,82,11465,911.03,56.75
KXTRADEDEFICIT,FALSE,35,356,11462,5895.34,58.13
KXFRGDPQOQP,FALSE,18,80,11457,5786.18,30.46
KXSHAQMENTION,FALSE,4,442,11450,5413.57,144.55
VINE,FALSE,148,328,11446,1785.45,99.32
RENTNYC,FALSE,104,399,11410,6074.6,138.55
KXGMECEOCHANGE,FALSE,59,145,11399,1709.89,98.83
KXGAPUBLICSERVICE2,FALSE,26,216,11387,5532.03,112.81
KXBTC25ATTEND,FALSE,11,234,11378,1691.41,96.88
KXNFLEXACTWINSJAC,TRUE,30,93,11367,830.78,42.17
KXVOTEPERCENTPVV,FALSE,5,40,11355,598.97,22.05
KXAPSUIT,FALSE,19,95,11326,8152.13,107.95
KXMICHELINBOS,FALSE,40,151,11325,6185.84,129.45
KXFBIUFC,FALSE,62,261,11312,1900.96,90.48
KXGRAMBCIA,FALSE,13,76,11312,1798.66,59.13
CPIDELAY,FALSE,13,65,11302,4183.29,139.23
KXGRAMBRR,FALSE,43,243,11295,3968.82,68.66
KXRECORDNFLWORST,TRUE,45,900,11273,1471.22,78.37
GOVPARTYIL,FALSE,90,205,11258,4376.88,63.79
KXCARTIER,FALSE,43,249,11256,5968.06,183.73
SENATECO,FALSE,50,161,11246,1491.78,41.2
KXTOPALBUMBYMEGAN,FALSE,82,254,11242,1787.16,100.69
KXSAILGP,TRUE,32,238,11240,1500.44,78.5
KXHD,FALSE,3,136,11228,4823.54,153.55
KXMOSTSTREAMEDMBF,FALSE,8,151,11219,2767.76,21.3
KXPUBLICKHAMENI,FALSE,10,282,11205,7607.19,143.54
KXACHIEVEMENTHOLDERWSOP,FALSE,2,6,11204,1170.69,9.24
KXALASKABACK,FALSE,30,107,11193,273.89,19.21
KXTVSHOW,FALSE,10,1128,11191,8019.77,137.91
KXQEMOMENSSINGLES,FALSE,4,66,11188,4199.13,135.01
KXLEAVESOCOMCOMMANDER,FALSE,23,101,11188,3735.31,161.14
KXCHCPIYOY,FALSE,3,502,11163,8219.56,89.99
VANRATEMW,FALSE,8,46,11161,1058.42,65.64
KXOVERWATCH,TRUE,20,232,11155,1916.98,79.49
KXPANAMATRAFFIC,FALSE,10,136,11150,6845.41,145.26
KXGPT,FALSE,23,416,11122,4463.74,145.93
KXNFLWINS-JAC,TRUE,46,111,11115,4285.87,161.99
KXSWISS10MILLION,FALSE,33,99,11111,5655.09,168.75
KXMEDIARELEASESPIDERMAN,FALSE,68,378,11106,2272.69,75.94
KXACMASWOTY,FALSE,12,107,11102,5579,104.14
KXMIDTERMVOTETURN,FALSE,8,261,11100,4189.24,145.75
KX1SONGBADBUNNY,FALSE,56,368,11099,1075.61,65.34
KXPGAWINMARGIN,TRUE,5,223,11089,4497.37,152.84
CPTPP,FALSE,71,130,11085,473.93,32.02
KXACELAII,FALSE,53,244,11077,6971.02,129.49
KXOSCARCOUNTSUBSTANCE,FALSE,5,219,11066,3526.39,137.01
RTWILDROBOT,FALSE,8,115,11059,7978.76,124.58
KXUSAMBBAHAMAS,FALSE,52,216,11058,6732.41,132.56
KXECB,FALSE,24,75,11023,10006.01,48.09
KXTX34R,FALSE,31,191,11018,6934.55,92.51
KXSPOTIFYSONGSFRIENDOFMINE,FALSE,7,192,11005,5268.82,112.06
KXSIG320,FALSE,95,377,10995,1477.38,82.53
KXGRAMBJP,FALSE,19,79,10994,2432.86,57.52
GOVPARTYKS,FALSE,104,358,10986,5836.31,162.5
KXAAAGASED,FALSE,45,245,10974,7116.37,140.76
KXSTABLETOTAL,FALSE,50,157,10968,4910.25,76.55
KXAZ5R,FALSE,41,205,10965,4640.37,59.77
KXABRAHAMW,FALSE,15,297,10958,924.34,59.47
SENATEWV,FALSE,103,206,10952,4096.77,29.75
KXPRICEINCREASESPOTIFY,FALSE,41,230,10941,10222.63,45.32
KXIAPRIMARY,FALSE,18,78,10926,9841.26,45.32
KXNOLA1ROUND,FALSE,25,138,10912,8316.91,118.34
KXPAYROLLCANCEL,FALSE,45,141,10906,1125.73,65.51
RENTNYCY,FALSE,79,212,10884,6967.79,101.29
TOPALBUMYE,FALSE,13,233,10867,8600.39,116.07
KXXINDIA,FALSE,74,199,10846,447.48,30.39
KXPELOSINEWSTOCK,FALSE,3,93,10844,6115.17,172.58
KXNFLWINS-TB,TRUE,41,123,10839,4514.94,169.68
KXCBDCBAN,FALSE,8,94,10807,4168.5,166.51
KXJAMAICANHOR,FALSE,19,184,10792,4674.56,148.65
KXSTOCKX4BLACKCAT,FALSE,16,137,10784,9657.35,67.1
KXNDPLEADER,FALSE,45,289,10776,6487.51,89.87
GDPW,FALSE,148,606,10772,4749.24,113.89
KXLEAVEPLASKETT,FALSE,13,64,10770,3399.05,119.69
KXSENATEMAR,FALSE,18,50,10766,8882.98,80.59
KXSTARTNYG,FALSE,21,90,10731,4525.59,34.26
KXGTA6SONGS,FALSE,172,742,10728,4547.4,179.41
KXFOLLOWERCOUNTCLAV,TRUE,54,178,10719,8521.58,102.35
KXBATHROOM,FALSE,85,200,10714,3407.17,153.98
KXIRISH1ROUND,FALSE,3,101,10690,9658.03,37.97
KXGRAMBMMAIT,FALSE,17,135,10688,4691.3,68.87
KXGREYCUP,FALSE,3,208,10687,6318.57,105.98
KXZUCKMUSK,FALSE,62,156,10648,329.49,22.79
KXBOUGAINVILLEIND,FALSE,25,93,10639,7006.41,149.75
KXPODCASTGUESTNEWHEIGHTS,FALSE,3,50,10628,10276.01,22.77
KXCHOPPEDCASTAWAYS,FALSE,13,501,10624,2312.41,97.65
KXUSNY,FALSE,57,215,10624,2961.29,113.82
KXEARNINGSMENTIONMSTR,FALSE,13,128,10610,6590.55,104.11
RRF,FALSE,20,156,10596,1140.21,68.63
KXPERFORMROLE007,FALSE,84,810,10594,1430.95,83.81
KXGRAMBCMA,FALSE,16,84,10574,1973.03,57.98
SENATERI,FALSE,49,90,10573,8045.99,36.22
KXAMASSOTY,FALSE,3,118,10542,3167.63,26.48
KXNCAABMENTION-WCC,TRUE,2,495,10536,6389.74,98.02
KXGRAMBAIOAC,FALSE,8,55,10514,1991.46,57.4
OSCARPROD,FALSE,14,170,10504,4657.55,143.06
METACRITICNCAAF25,FALSE,68,164,10478,4686.54,147.62
KXDOTA2,TRUE,19,180,10476,2546.08,83.94
GOVPARTYME,FALSE,73,202,10466,4528.75,93.27
KXAIRDROPHYPE,FALSE,47,292,10461,2447.99,123.57
KXGRAMBGPS,FALSE,18,74,10457,2449.67,29.88
KXNFLWINS-MIA,TRUE,52,141,10433,3305.61,134.83
KXEWCSTARCRAFTII,TRUE,9,177,10422,2464.39,91.09
KXPIZZASCORE9,TRUE,82,242,10401,3844.86,152.5
KXSPOTIFYSONGSJUSTKEEPWATCHING,FALSE,8,141,10401,5142.91,136.3
KXMARSVRAIL,FALSE,175,914,10386,2381.16,129.87
KXSYRIAELECTION,FALSE,33,77,10384,1121.14,67.6
KXSOUTHSURREY,FALSE,16,123,10378,5054.58,172.84
KXNJASSEMBLYSEATSD,FALSE,25,263,10376,3448.78,90.86
KXNEWOUTBREAKPMEASLES,FALSE,92,162,10367,527.3,35.66
HURCLAND,FALSE,39,234,10338,2099.85,97.71
KXPAIDSUBAPPLEINTEL,FALSE,56,129,10310,334.35,22.52
KXKXROLEATEVENTGOVBALL,FALSE,49,206,10292,3189.72,44
KXFDVFOOTBALLFUN,FALSE,9,137,10288,2836.62,110.06
KXAGNOMILR,FALSE,17,74,10284,2170.71,53.75
KXSONICS,TRUE,65,199,10279,725.81,47.5
KXUSOPENATTEND,TRUE,2,132,10275,8617.24,57.54
KXLTGOVTX,FALSE,24,74,10274,7274.85,91.49
KXMUSKRECONCILIATION,FALSE,40,215,10268,1279.87,75.24
KXMOLDOVAPRES,FALSE,69,707,10256,1200.94,74.47
KXLABORSECCONF,FALSE,18,195,10255,4941.76,161.02
KXMCMADDEN26,FALSE,13,334,10247,4753.19,125.49
KXDCMINWAGE,FALSE,32,179,10244,6286.76,130.63
KXLABOURPOLL,FALSE,22,111,10242,6520.11,125.54
KXHOUSENY21,FALSE,24,222,10240,5079.13,124.13
KXEPSTEINFOOTAGE,FALSE,30,144,10236,544.29,35.5
KXLAKECONF,FALSE,2,48,10235,6100.39,135.89
KXCOACHOUTAUB-AUB,TRUE,31,192,10227,6551.06,110.63
KXBNBMINMON,FALSE,21,209,10225,1739.66,70.48
KXACUIREPERPLEXITY,FALSE,70,229,10225,1739.45,98.79
KXLAUSDCLOSE,FALSE,10,259,10219,1636.65,88.17
KXSOCCERPLAYCRON,TRUE,191,511,10217,8584.49,92.93
KXNEXTCZECHRPM,FALSE,43,155,10215,8966.33,49.49
KXNFLEXACTWINSMIA,TRUE,36,77,10212,680,39.97
KXANIMEBMC,FALSE,34,269,10197,3353.58,127.2
KXVMAAOTY,FALSE,26,208,10197,3351.36,95.28
GDPEU,FALSE,65,296,10184,3514.06,91.57
KXARMENIAPARLI,FALSE,65,342,10165,5289.43,130.81
KXGRAMBHA,FALSE,15,82,10159,4729.28,37.61
KXGRAMBBA,FALSE,14,123,10154,2933.79,54.72
KXESPYSOCCER,FALSE,15,168,10150,4739.75,94.66
KXBOLIBRARYOPEN,FALSE,89,277,10146,7476.12,54.45
KXGRAMBSSFVGAOIM,FALSE,42,153,10146,5027.61,46.82
FXEURO,FALSE,9,169,10130,3756.52,79.37
KXMLBWINS-AZ,TRUE,45,130,10128,3915.15,115.19
KXMAXTPSAVAX-AVALANCHE,FALSE,27,269,10126,7240.61,104.24
KXNFLEXACTWINSCIN,TRUE,22,52,10089,4137.05,60.48
KXLEGISLATIVECOMBO,FALSE,6,51,10064,3158.42,147.3
EVMKT,FALSE,72,307,10057,7417.22,99.76
KXJAMESBOND,FALSE,23,128,10053,2674.09,100.88
KXMLBWINS-ATL,TRUE,68,291,10024,5305.92,158.12
KXZAMBIAASSEMBLY,FALSE,22,78,9992,2171.19,93.45
KXWALZGOV,FALSE,10,115,9992,5819.68,62.21
KXEWCVALORANT,TRUE,6,105,9987,3699.67,106.96
NEWALBUMEMINEM,FALSE,18,86,9984,7383.05,100.46
KXSOLSTABLESUPP,FALSE,46,173,9966,7563.09,99.43
KXENGAGEMENTTOMBRADYEARLE,FALSE,13,70,9942,547.2,36.24
KXGOLDENBACHELOR,FALSE,27,180,9933,3916.6,87
KXSENATELA,FALSE,77,210,9926,3784.1,59.66
KXNYCCOUNCIL13,FALSE,47,188,9921,4390.53,121.57
TEMPMON,FALSE,27,154,9917,1352.81,81.95
KXCLUBWCGH,TRUE,9,271,9914,5608.69,111.31
KXPRICEINCREASESWITCH2,FALSE,86,362,9911,1637.86,82.59
KXNGOTAX,FALSE,41,90,9902,4830.12,136.21
KXVMAKPOP,FALSE,27,223,9894,2811.12,112.1
KXNYCCOUNCIL21,FALSE,44,139,9890,1759.06,59.54
KXSOLTXCOUNT,FALSE,51,241,9884,7647.32,110.16
KXWEWORKCEO,FALSE,53,123,9882,1402.32,79.37
KXAWARDSCMAMOTY,FALSE,9,85,9880,3293,99.93
KXGARLAND,FALSE,32,128,9871,8382.8,86.71
KXTRUMPWESTERNWALL,FALSE,7,147,9859,993.2,54.07
KXROMANIATOP2,FALSE,25,58,9853,632.68,38.62
KXDJTMEN,FALSE,11,254,9830,8345.29,84.83
KXNFLREDZONEADS,TRUE,21,100,9830,7296.2,111.7
KXMETGALAFITS,FALSE,15,691,9828,4498.04,86.45
KXGTEDEPLOYMEGAETHDAY1,FALSE,108,398,9798,2327.09,102.08
CAOY,FALSE,50,165,9787,1699.9,94
KXUSAMBNATO,FALSE,16,95,9779,5087.68,131.14
KXMEDIARELEASEDUNE3,FALSE,94,335,9777,2717.77,80.16
KXGOVRINOMD,FALSE,64,228,9777,3998.55,125.97
KXGOVCTNOMR,FALSE,54,255,9764,4556.63,149.68
KXBRAZILSENATE,FALSE,19,93,9757,7037.25,126.32
KXMERCHLISTPALANTIR,FALSE,18,229,9733,6082.3,69.84
KXBALLONDORNATION,TRUE,26,136,9731,5116.22,86.91
KXVAHOD1,FALSE,20,116,9723,2914.49,70.12
NEWSONG,FALSE,20,179,9722,3160.74,92.25
KXLASENMATCHUP,FALSE,24,200,9709,2811.89,97.23
KXACMANMAOTY,FALSE,19,208,9704,5011.01,103.8
KXCOMEYREINSTATE,FALSE,85,224,9703,2135.38,116.01
HOUSENM2,FALSE,47,151,9701,4353.85,121.23
KXLEASTSTREAMEDWICKED,FALSE,27,194,9698,4430.83,82.75
KXLEADERMLBOPS,TRUE,58,225,9695,1724.8,87.17
KXUSAINTEL,FALSE,11,82,9689,7335.19,94.62
COOK,FALSE,12,124,9689,5981.27,82.83
KXTESLAYL,FALSE,56,199,9686,1879.43,82.16
KXSPOTIFYSONGSSLMPT2,FALSE,6,133,9684,4074.9,97.57
METADAP,FALSE,67,143,9680,5788.4,88.14
KXINDY500DELAY,TRUE,15,246,9643,3322.62,91.87
KXVOTEPERCENTNJGOVR,FALSE,5,78,9637,3101.51,49.11
KXNJ07D,FALSE,54,290,9633,4065.09,87.51
JPY,FALSE,3,177,9630,2563.02,30.07
INDIACLIMATE,FALSE,233,762,9623,6540.43,144.7
KXSASMITH,FALSE,1,254,9583,2532.89,75.64
DISBOARD,FALSE,48,112,9562,1115.46,60.76
KXBOOKAWARDSFIC,FALSE,17,48,9557,1444.04,55.42
GOOGLEUS,FALSE,109,231,9552,6444.45,131.92
KXUNTCOACH,FALSE,1,46,9548,7936.55,73.21
KXUSAMBPOLAND,FALSE,49,171,9547,3559.76,106.64
KXACMANFAOTY,FALSE,19,162,9540,7018.83,48.48
KXMLBNLHAARON,TRUE,50,276,9536,3225.46,127.06
KXOSCARCOUNTACU,FALSE,5,211,9536,4337.07,139.95
HOUSENY17,FALSE,75,169,9524,4780.5,157.48
KXTESLAFACTORY,FALSE,52,103,9510,534.53,34.42
KXGASOSR,FALSE,54,190,9504,2858.53,126.98
KXWNBACOY,TRUE,18,136,9497,890.47,55.41
KXMTRUSHMORE,FALSE,104,357,9495,1530.97,86.52
KXENGAGEMENTTATEJACKHUGHES,FALSE,35,65,9489,587.3,38.49
KXTACAPORTSPREAD,TRUE,2,134,9484,1528.55,41.34
KXCO2LEVEL,FALSE,98,544,9455,3706.44,98.69
KXRETIREJF,FALSE,14,92,9437,310.36,21.27
KXTOPALBUMHARRYSTYLES,FALSE,73,182,9417,2425.72,86.49
KXRTX5090W,FALSE,27,172,9390,4924.08,99.78
KXGOVTNNOMD,FALSE,24,150,9385,5717.92,91.36
KXDEMORAESSANCTION,FALSE,16,62,9382,4297.99,143.2
KXNYGOVDP,FALSE,23,93,9378,467.33,30.73
KXKENYASENATE,FALSE,18,71,9371,4411.64,163.19
KXPRESADJOURN,FALSE,40,96,9368,2081.96,103.3
KXJACKSMITHCHARGE,FALSE,34,258,9363,1387.31,76.89
KXZECMINMON-ZEC,FALSE,31,431,9349,1208.49,61.72
KXEURUSDMIN,FALSE,45,142,9343,2627.43,38.36
KXDOMINICANREPUBLICDEPUTIES,FALSE,13,39,9340,1341.7,80.14
KXUECL1H,TRUE,3,334,9317,3814.63,120.17
KXMENDESVOTE,FALSE,18,60,9316,3072.18,60.07
KXMTA,FALSE,21,315,9313,4503.59,73.98
SEMIPRODH,FALSE,51,121,9311,6658.77,31.67
OLYMED,FALSE,5,55,9303,294.13,20.05
KXIRSCOLLECT,FALSE,65,384,9297,6204.55,136.05
10Y3M,FALSE,60,134,9290,926.38,56.2
BILLBOARDPEAKWW,FALSE,35,155,9290,4426.17,77.49
KXUSPSPEND,FALSE,15,317,9283,5184.88,123.94
KXLAMAYORADVANCE,FALSE,4,81,9273,5860.43,87.22
KXATTYGENMN,FALSE,43,149,9272,4725.34,125.47
KXNHLRETIRE,TRUE,7,243,9272,4096.72,153.09
KXTOPALBUMBYEDSHEERAN,FALSE,33,216,9254,1777.33,90.27
KXALBUMRELEASEDATEYEAT,FALSE,38,280,9250,4592.77,48.82
KXBUDGETRESS,FALSE,10,71,9243,5119.55,69.98
KXHOUSETX32,FALSE,63,166,9233,5700.04,96.84
KXCOMMISHCBP,FALSE,33,150,9215,5513.42,98.53
SFRENTSY,FALSE,30,82,9201,6854.78,81.67
KXLOL1STTIMEWIN,TRUE,9,108,9177,1808.11,78.23
KXGRAMBCCC,FALSE,12,60,9172,2347.96,49.48
KXGOVNVNOMD,FALSE,64,173,9168,3866.49,41.86
KXARGENTINAPRES,FALSE,109,225,9167,5604.16,144.59
AAAGASMIN,FALSE,35,77,9157,1325.82,29.24
KXLEADERMLBTRIPLES,TRUE,56,237,9154,2412.78,104.78
KXNYCPROPERTYTAX,FALSE,45,214,9148,2324.44,106.34
KXPGASOLHEIM,TRUE,204,467,9146,3782.99,172.32
KXSANCTION,FALSE,55,305,9146,2227.18,105.18
KXSPORTSIGNAHOR,FALSE,34,108,9139,7701.75,31.49
KXMOLDOVAPAS,FALSE,7,53,9130,1085.94,60.6
KXLEADERNFLSACKS,TRUE,57,171,9126,5213.11,32.35
KXNICKELMON,FALSE,11,352,9126,8790.45,18.75
KXCANADA3RD,FALSE,19,187,9122,1944.84,64.57
KXSOLETHRATIO,FALSE,19,74,9118,6006.01,64.91
KXGRAMBCIS,FALSE,13,71,9109,2841.31,45.52
KXFDAAPPROVAL,FALSE,70,203,9109,4520.49,95.47
KXSPXTRUMP,FALSE,3,131,9106,7415.43,68.89
KXELONCOUNTGROK,FALSE,1,30,9105,8931.35,11.88
NONCOMPETEBAN,FALSE,126,239,9100,5323.21,129.59
KXSONGCHARTDRA,FALSE,23,246,9099,1901.19,103.19
GOVPARTYMT,FALSE,39,106,9086,3384.48,61.81
KXMLBWINS-WSH,TRUE,56,200,9085,4569.42,141.84
KXPASUPERIORCOURT,FALSE,30,247,9080,4417.7,72.37
KXNCAAFCOTY,TRUE,50,135,9079,773.98,49.32
KXJOINKARPATHY,FALSE,36,100,9064,608.3,37.05
KXGRAMBTCA,FALSE,36,191,9064,3738.98,78.56
HOUSEMI10,FALSE,54,126,9061,4974.21,140.46
KXUSAMBUK,FALSE,14,77,9042,7656.28,52.91
BEDOYA,FALSE,12,82,9034,6912.1,46.48
KXUNAMB,FALSE,32,126,9029,3715.61,86.02
KXGRAMBMF,FALSE,18,108,9019,4367.7,37.34
KXCOACHOUTMLB,TRUE,22,106,9015,7986.65,50.01
REALWAGES,FALSE,96,308,9008,5459.2,106.15
KXAVAXMINY,FALSE,21,69,9006,5971.37,79.11
KXBLOCKH1B,FALSE,54,263,8972,3414.84,122.11
KXSENPARL,FALSE,17,47,8967,1818.34,99.79
PHEIC,FALSE,52,95,8957,4240.55,119.38
KXROCKETLEAGUE,TRUE,12,212,8957,1126.7,68.16
KXMEDIANRENTHOU,FALSE,21,90,8952,5338.37,98.66
KXANIMEBCS,FALSE,45,352,8939,3654.88,100.51
KXGRAMBLROAA,FALSE,15,116,8936,4420.18,42.44
KXGOLFTENNISMAJORS,TRUE,50,118,8934,3448.09,135.22
KXBEZELRDJ41WIM,FALSE,48,187,8933,5621.89,134.7
HOUSEMT1,FALSE,81,189,8919,4179.76,134.06
KXCONCEALEDRECIPROCITY,FALSE,68,186,8913,1122.15,67.48
KXGHANAPRES,FALSE,52,512,8912,1135.4,69.48
KXMLBTRADE,TRUE,24,120,8906,2066.62,87.86
KXPRICEINCREASESPOTIFYDUO,FALSE,25,84,8902,8040.77,50.85
KXBANKRUPTCY,FALSE,31,146,8902,4706.72,144.89
KXESPYDISABILITY,FALSE,9,93,8888,4176.48,76.8
KXSENATEBILLS,FALSE,13,83,8877,7442.33,44.3
KXNEXTTONGAPM,FALSE,19,209,8874,2457.8,53.46
KXFENT,FALSE,7,43,8873,963.59,58.49
KXLEADERMEETPOPE,FALSE,80,282,8872,4337.42,104.99
KXBETBNA,FALSE,9,248,8872,2788.28,74.8
GLBTEMP,FALSE,5,33,8870,1250.55,75.17
EVICT,FALSE,20,80,8867,748.52,42.26
KXEWCDOTA2,TRUE,11,272,8855,2017.05,79.71
BAFTAACTR,FALSE,8,55,8853,4224.88,89.67
CARBONTAX,FALSE,28,175,8839,580.79,37.35
KXBEZELP,FALSE,41,183,8834,2814.57,108.25
MCSTELLARBLADE,FALSE,14,51,8830,5070.2,110.58
KXELONSPACE,FALSE,55,117,8828,272.49,18.94
KXJONESACTREPEAL,FALSE,30,133,8816,1624.01,87.73
ARTICICE,FALSE,39,229,8814,1670.35,90.65
KXSNAPELECTIONJPN,FALSE,21,90,8805,5768.24,67.12
KXGUATEMALACONGRESS,FALSE,17,55,8799,2591.22,128.07
KXLEASTSTREAMEDMBF,FALSE,11,82,8796,2829.96,98.79
KXH200W,FALSE,32,181,8768,4405.12,62.28
KXAPCALLVAAG,FALSE,5,168,8749,4086.62,81.48
KXNFLPRIMETIME,TRUE,43,293,8748,3725.69,94.38
KXVMABNA,FALSE,18,155,8720,2317.96,56.95
KXBEZELOMOON,FALSE,37,161,8719,4692.29,129.22
KXALPHAARENALEV,FALSE,8,83,8709,4636.23,124.01
KXUSAMBGREECE,FALSE,45,142,8698,3448.55,95.38
KXCEOTWITCH,FALSE,86,320,8693,1088.46,66.04
KXPROTOCOLSTATEDEPT,FALSE,10,93,8691,6622.51,73.33
KXDIVTAX,FALSE,70,135,8689,1539.91,82.34
KXMACRONOWENS,FALSE,43,157,8688,946.79,55.99
KXJOINCLUB,TRUE,30,208,8671,2746.93,103.17
KXBBMARTIST,FALSE,2,114,8671,3284.73,81.64
KXALASKAHOUSE,FALSE,27,101,8667,3026.33,93.85
KXGRAMBEAC,FALSE,8,59,8659,1244.74,37.15
KXMIRANCOUNT,FALSE,12,88,8656,3212.44,112.58
KXALPHAARENAMONK,FALSE,6,53,8648,3501.65,135.71
EURUSD-22AUG12,FALSE,1,266,8646,1723.98,67.97
KXCHCUTS,FALSE,26,227,8628,5933.24,88.27
KXSPOTIFYSONGSWKNDOECHIIREMIX,FALSE,5,55,8625,3331.3,96.43
KXLEAVEOPEC,FALSE,15,230,8614,3908.25,149.58
KXBARIWEISSOUT,FALSE,53,243,8602,564.17,36.37
KXNATLEMERGENCYHOUSING,FALSE,56,203,8597,2164.85,96.42
KXEMMYRCPROGRAM,FALSE,22,113,8586,3814.72,45.62
KXAGNOMMIR,FALSE,19,110,8565,3491.51,112.81
KXAWARDSCOUNTSTU,FALSE,24,225,8565,1629.89,37.14
KXPRESGHANA,FALSE,5,82,8561,4500.38,49.4
KXFDAAPPROVALDATECMPS,FALSE,40,173,8550,3990.9,107.59
KXUSAMBSWEDEN,FALSE,45,148,8548,4521.53,77.61
COVIDBILL,FALSE,13,99,8537,813.86,48.6
KXSENATETARIFFVOTE,FALSE,1,36,8529,2410.58,15.79
KXFTCNEXT,FALSE,82,710,8524,1121.5,61.72
KXQUORUMTX,FALSE,6,195,8518,6277.97,75.84
KXMLBWINS-TEX,TRUE,55,172,8515,4344.13,131.35
GOVPARTYRI,FALSE,50,106,8514,5418.75,54.37
KXHOUSETX9,FALSE,58,249,8508,4112.26,116.71
KXHILTONICE,FALSE,6,437,8504,3353.95,126.45
KXDRUGADS,FALSE,81,213,8493,891.03,55.57
KX538CALL,FALSE,17,82,8487,1021.15,48.9
KXACMASINGOTY,FALSE,18,213,8486,2668.66,101.54
KXNEWOUTBREAKPMPOX,FALSE,103,198,8451,490.74,31.17
KXEULEADEROUT,FALSE,17,27,8446,7115.7,12.27
KXCHESSFIDERATING,TRUE,13,66,8439,3120.19,28.18
LCPIMAXYOY,FALSE,46,115,8428,541.11,32.18
KXNLDFOURTH,FALSE,21,268,8425,2888.48,100.1
KXBETBFHHA,FALSE,11,173,8422,1879.66,39.66
EMMYDACTR,FALSE,48,118,8421,3350.25,50.72
KXBOSHOMEVAL,FALSE,24,184,8410,5625.99,77.19
KXBOLIVIADEPUTIES,FALSE,19,213,8407,2874.43,102.44
KXFDVSTABLE,FALSE,22,200,8398,2921.4,89.25
KXNOBELECON,FALSE,5,64,8377,452.57,28.93
KXGOVNENOMR,FALSE,9,68,8366,2696.31,16.54
MINWAGE,FALSE,67,128,8347,461.74,30.79
KXIA02R,FALSE,45,155,8344,5437.06,46.11
KXELECTIONICOAST,FALSE,39,134,8328,6178.05,40.15
KXNEPMLEAVE,FALSE,10,28,8324,4695.21,120.34
CRED,FALSE,12,80,8305,1049.6,62.55
KXALPHAARENAAWARE,FALSE,6,44,8286,5414.29,100.52
KXMCSWEENEYOUT,FALSE,4,65,8277,5655.63,82.37
KXPRESTAIWAN,FALSE,60,311,8274,3531.92,99.67
KXPODCASTGUESTCALLHERDADDY,FALSE,95,286,8265,3370.54,124.42
HOUSEIN1,FALSE,52,113,8255,4082.63,111.5
VANRATENE,FALSE,7,30,8245,494.35,32.42
KXTARIFFSEU,FALSE,45,141,8242,6418.57,95.21
KXESGDPQOQF,FALSE,9,65,8230,4032.8,10.7
KXESPYGOLF,FALSE,13,143,8211,5581.56,64.11
RAINHOU,FALSE,2,117,8194,6719.66,58.51
KXMEPRIMARY,FALSE,7,25,8192,7274.55,49.74
KXVOTERECISSION,FALSE,38,150,8189,3126.98,108.12
GOVPARTYCT,FALSE,48,85,8180,1613.02,47.41
KXGRAMBAA,FALSE,18,63,8180,1443.51,27.12
KXANIMEBSC,FALSE,10,237,8176,2424.78,81.72
KXGRAMBMRP,FALSE,41,183,8170,2914.92,32.58
KXIPOBREX,FALSE,43,170,8170,973.96,51.74
ISAMB,FALSE,23,79,8169,6013.04,79.97
KXNFLEXACTWINSDEN,TRUE,46,114,8165,2910.37,61.48
KXMLBWINS-CLE,TRUE,54,211,8162,3620.96,122.68
KXUHCCONVICT,FALSE,2,123,8160,6693.77,84.4
KXTVSEASONANNOUNCE,FALSE,9,51,8159,7727.44,28.61
KXMCMARIOKARTWORLD,FALSE,36,176,8145,4429.84,79.2
GOVPARTYMO,FALSE,54,132,8139,2662.91,59.98
KXHOMANMEX,FALSE,46,152,8139,1791.7,91.38
KXSCOTUSAICOPYRIGHT,FALSE,86,371,8116,1912.17,99.7
KXINJS,FALSE,46,109,8086,1076.17,63.58
KXZECMINMON,FALSE,29,302,8085,917.97,46.61
KXETHE,FALSE,7,186,8059,5412.69,83.48
KXUSAMBFRANCE,FALSE,33,124,8055,4137.51,72.3
KXINXVSNDQ100,FALSE,4,173,8048,2455.25,91.26
KXAINEURALESE,FALSE,58,181,8041,3440.44,136.63
TWOW,FALSE,79,130,8032,1246.76,70.39
MOOREUS,FALSE,41,79,8021,1502.19,76.64
KXFDATYPE1DIABETES,FALSE,120,489,8009,2738.09,126.57
KXGRAMBOP,FALSE,13,42,8007,1221.47,31.04
KXUSECDEFPOLICY,FALSE,16,227,7997,6988.99,57.98
KXTOPTEN,FALSE,10,75,7982,679.03,42.07
KXTAXAPP,FALSE,75,152,7977,1111.7,64.78
KXDILLONMENTION,FALSE,7,243,7961,3852.94,67.86
KXAWARDSCOUNTLAS,FALSE,19,168,7957,4652.88,48.68
KXTOPALBUMMETROBOOMIN,FALSE,33,163,7948,1991.59,71
KXDJTMEXG7,FALSE,2,237,7948,1902.62,72.79
KXMI11D,FALSE,57,175,7933,4669.36,74.66
KXAMAFFPA,FALSE,6,211,7928,2626.58,73.02
KXGRAMBCC,FALSE,5,30,7916,5058.11,48.35
KXNEXTMANAGERCHELSEA,FALSE,6,112,7911,5590.25,51.45
KXNFLEXACTWINSNO,TRUE,26,61,7910,940.75,36.61
KXCONLEADER24,FALSE,6,39,7907,2799.4,57.71
KXMUSKVISIT,FALSE,87,177,7905,3080.4,109.65
KXAZPORNLAW,FALSE,7,55,7896,5275.2,88.93
KXITTFMENMATCH,FALSE,2,103,7895,6027.77,8.42
KXINXMAXM,FALSE,2,40,7883,7271.08,38.08
KXNFLWINS-HOU,TRUE,44,103,7882,3946.63,107.38
KXGRAMBLJEA,FALSE,15,71,7876,1935.23,64.3
KXRIHANNA,FALSE,100,299,7864,2526.91,101.97
KXMLBALHAARON,TRUE,44,162,7854,1208.24,68.77
KXTERMLIMITS,FALSE,61,230,7849,647.35,42.14
KXIPOBEASTINDUSTRIES,FALSE,102,293,7846,1634.92,79.39
SENATEUT,FALSE,81,171,7793,4920.85,33.49
KXBANKRUPTSY,FALSE,75,138,7789,6862.74,44.81
KXOZEMPICSHORT,FALSE,31,123,7786,5967.05,94.14
KXINCOMERATE,FALSE,22,105,7780,4408.03,77.85
KXUSAMBITALY,FALSE,16,64,7767,6052.5,60.28
KXARPRIMARY,FALSE,18,136,7749,3444.92,30.34
KXNJDRONES,FALSE,65,176,7746,929.3,55.27
KXLOSEMAJORITY,FALSE,57,210,7743,1385.52,78.31
KXCLUBWCGF,TRUE,7,196,7739,3137.63,79.07
KXGRAMBRRMA,FALSE,11,67,7738,2307.05,51.88
KXSEC230,FALSE,56,114,7728,1563.18,70.57
KXCANPPCSEATS,FALSE,9,34,7725,3218.89,18.24
KXO3RELEASE,FALSE,10,69,7674,393.99,26.05
KXVMAHIPHOP,FALSE,16,145,7669,2463.07,44.85
JEFFERSON,FALSE,17,134,7661,5519.77,80.08
KXIMOCOUNTRY,FALSE,25,153,7652,4844.05,91.5
KX1SONGEDSHEERAN,FALSE,64,233,7648,1446.18,70.33
SENATEND,FALSE,44,133,7644,1842.85,39.82
KXOAIDAMAGE,FALSE,101,269,7643,5029.63,118.84
KXAWARDSCMAVGOTY,FALSE,22,152,7634,2810.97,87.43
MCSILENTHILL2,FALSE,27,82,7634,4425.55,76.35
KXUSHOMEVAL,FALSE,28,229,7624,3954.88,93.18
KXNFLEXACTWINSLAC,TRUE,42,176,7621,1701.32,74.48
SEC230,FALSE,26,44,7604,433.08,27.3
HOUSEOH1,FALSE,40,117,7585,3746.71,107.91
HOUSEWI3,FALSE,67,127,7584,3925.4,117.71
KXMOLDOVACOALITION,FALSE,14,70,7584,4736.71,69.97
KXF1SPRINTTOP5,TRUE,3,137,7583,5344.1,46.33
KXTOPALBUMBYDOJACAT,FALSE,43,194,7580,1153.52,63.1
KXTRUMPSETTLECBS,FALSE,54,191,7562,6212.4,72.56
KXSCOTUSCERT3RD,FALSE,51,224,7558,1532.76,60.12
KXTRUFCPI,FALSE,7,303,7551,5070.44,30.16
KXOPECCUTS,FALSE,57,136,7539,1789.46,84.22
KXFDVRAINBOW,FALSE,50,241,7529,631.96,40.95
KXCLUBWCGC,TRUE,7,154,7528,4822,70.72
KXTOPSONGRECORDLORDE,FALSE,38,148,7508,402.95,21.78
KXGRAMBCCMPS,FALSE,28,116,7504,2137.91,47.33
VANRATEMC,FALSE,8,26,7502,1402.99,78.74
KXKATZOUT,FALSE,46,115,7478,1565.95,68.27
KXBETBG,FALSE,13,190,7470,3845.73,64.51
KXTARIFFSALUMINUM,FALSE,23,233,7466,6626.82,51.23
KXGRAMBOR,FALSE,5,36,7462,2950.06,38.42
KXJAPAN3RD,FALSE,11,56,7457,1088.51,39.38
KXDST,FALSE,61,189,7455,996.95,61.03
KXPACOMMONWEALTHCOURT,FALSE,36,339,7445,3602.59,75.04
KXNFLREDZONEBRANDADS,TRUE,4,210,7444,3488.1,107.05
KXNEXTTEAMNHL,TRUE,28,468,7443,3114.55,87.23
KXLATVIAPARLIAMENT,FALSE,48,168,7439,1417.06,71.37
KXNYAIBILL,FALSE,16,73,7428,3794.24,127.18
KXSPOTIFYSONGSALAMBREPUA,FALSE,8,183,7421,4551.64,65.57
KXSRIRAM,FALSE,34,73,7418,1543.34,80.86
KXATTYGENTX,FALSE,71,224,7412,2480.46,66.08
KXDEEPSEEKV4RELEASE,FALSE,53,143,7411,1290.95,73.32
KXBOOKAWARDSTLIT,FALSE,18,32,7395,1782.64,37.34
KXNEWPRODUCTMICROSOFT,FALSE,48,156,7392,6596.07,45.1
KXSPOTIFYSONGSKILLINGITGIRL,FALSE,5,70,7392,6072.76,44
KXDCDELD,FALSE,66,176,7374,2927.92,114.42
KXSPORTSOWNERLBJ,TRUE,80,219,7370,1107.59,64.78
KXGRAMBFA,FALSE,17,62,7361,2182.71,39.58
KXDATACENTER,FALSE,119,370,7348,4326.8,122.96
KXANYDEMWINTEXAS,FALSE,51,202,7331,3002.94,122.48
KXGOVARNOMD,FALSE,24,298,7329,5092.59,22.98
KXFDICELIM,FALSE,58,112,7323,852.63,51.43
KXMLBWINS-BAL,TRUE,62,192,7322,3865.41,105.96
KXEMMYSVSERIES,FALSE,16,94,7304,3428.75,44.43
KXFUNDINGBILLS,FALSE,14,69,7298,3522.93,74.66
KXWNBACCUP,TRUE,16,105,7295,1122.2,65.81
RIHANNA,FALSE,47,88,7283,782.42,46.05
KXMETACRITICGAGA,FALSE,36,127,7270,3623.13,105.84
KXPRESENDORSEMUSKD,FALSE,77,180,7269,904.04,55.88
CNGDP,FALSE,17,224,7255,5971.86,72.51
KXBBFARTIST,FALSE,2,51,7254,5603.6,23.87
KXDONATEBEASTWATER,FALSE,16,202,7241,1470.29,66.3
METACRITICERDTREE,FALSE,63,183,7240,4566.51,90.05
AOH1996,FALSE,88,154,7236,2355.4,77.33
KXDNC28HOST,FALSE,36,141,7230,1911.9,90.75
KXSENATENYD,FALSE,82,253,7224,3496.28,124.12
KXUKCPIYOY,FALSE,14,308,7223,4018.81,96.21
EUEXPANSION,FALSE,120,223,7212,4922.32,106.05
KXAPPSTOREIPHONEGAME,FALSE,4,69,7190,4929.35,50.14
KXUEL16RSCFEN,TRUE,1,28,7178,4132.32,9.2
KXMOLDOVAMAJORITY,FALSE,9,58,7175,4126.15,85.14
KXCLUBWCGE,TRUE,8,230,7160,2996.8,104.08
KXCITITOKEN,FALSE,50,131,7159,721.4,42.7
KXSPOTIFYSONGSMOMMASONG,FALSE,7,157,7152,2151.44,64.18
KXHOUTHILEAVE,FALSE,21,132,7152,597.15,37.21
KXNFLEXACTWINSNYJ,TRUE,30,64,7149,771.05,43.8
KXJONJONESRETIREMENT,FALSE,17,209,7137,2509.14,104.33
OPENAIPROFIT,FALSE,49,82,7127,593.35,37.1
KXMWJUSTINCASE,FALSE,38,333,7126,2988.56,77.63
KXNEWSOMGUEST,FALSE,99,269,7121,1588.34,73.37
KXSDSSEATS,FALSE,14,155,7104,2868.27,65.13
KXMACOS16,FALSE,16,148,7103,751.26,46.59
USDRUBMAX,FALSE,48,131,7101,4070.83,82.76
KXMCMETALGEARSOLIDDELTASNAKEEATER,FALSE,21,148,7083,4384.59,88.08
10Y2Y,FALSE,68,128,7073,932.43,51.9
GOVPARTYWV,FALSE,50,112,7060,1641.14,19.03
KXTRUFAIDP,FALSE,13,200,7057,5510.27,12.81
KXUKGDPMOM,FALSE,13,111,7051,5072.11,78.14
KXTOPARTISTTHIRDUSA,FALSE,14,140,7043,3261,33.03
KXNYPRIMARY,FALSE,10,91,7029,3782.24,62.59
KXGRAMBARS,FALSE,16,79,7018,786.88,27.04
KXAMAFPS,FALSE,6,110,6998,3407.77,49.87
KXTARIFFSSTEEL,FALSE,25,234,6992,6251.67,45.94
KXUSTAKEOVER,FALSE,153,508,6992,2413.65,112.84
KXANDYBYRONCOLDPLAY,FALSE,46,180,6988,914.77,52.8
KXMCBORDERLANDSFOUR,FALSE,31,214,6985,3423.48,86.25
KXCANHOUSTART,FALSE,5,108,6984,1730.31,90.8
KXFIRETRUMP,FALSE,6,66,6984,6817.28,11.45
KXLABORANNOUNCE,FALSE,12,73,6982,2990.14,107.17
KXBBTOP200,FALSE,2,57,6981,5025.99,19.38
KXNEWDRUGAPPLICATIONCMPS,FALSE,32,135,6978,2609.37,97.52
HOUSEWI1,FALSE,54,117,6975,3042.73,102.99
KX1SONGLORDE,FALSE,70,262,6964,702.64,43.39
KXWHATSONSTAGEBNP,FALSE,6,21,6960,4889.83,48.1
KXACQUIREMANU,FALSE,22,191,6955,2404.01,84.22
KXVMAALTERNATIVE,FALSE,14,83,6950,2347.69,78.47
KXGOVRINOMR,FALSE,25,127,6942,3094.89,94.86
KXGRAMBJIA,FALSE,10,60,6942,2414.04,52.95
KXSPOTIFYSONGSMONEYONMONEY,FALSE,6,150,6941,4980.19,68.34
KXLATINGRAMMYROTY,FALSE,7,46,6936,1580.98,58.01
KXFANATICSFESTATTEND,FALSE,16,112,6934,5765.37,35.91
KXANIMEBIA,FALSE,41,238,6932,2393.88,58.92
KXMAJORPROTEST,FALSE,30,268,6920,2223.28,95.35
KXF1CHINA,TRUE,96,243,6912,806.49,49.55
KXNEWMETAVR,FALSE,58,201,6876,1931.31,85.82
KXWTASERENA,TRUE,48,110,6856,4704.93,98.51
KXDEGDPQOQF,FALSE,23,74,6849,3141.83,22.19
KXAAAGASMIN,FALSE,43,349,6829,2205.97,71.94
KXPHANTOMREV,FALSE,52,245,6811,2140.27,86.89
KXGOVCTNOMD,FALSE,44,201,6810,3898.69,70.13
HURCATFL,FALSE,3,183,6808,1846.69,56.97
KXSHOWENDSIMPSONS,FALSE,101,288,6795,4826.4,89.59
HOUSEAZ2,FALSE,51,109,6794,4198.48,101.82
KXTRUMPCANBAN,FALSE,34,65,6793,344.44,22.52
NWEST,FALSE,67,128,6785,1336.29,65.22
KXBETBM,FALSE,10,244,6784,1961.97,51.12
KXAWARDSCOUNTSEV,FALSE,17,96,6775,2479.52,28.98
KXNFLWINS-CLE,TRUE,58,165,6773,2655.02,84.91
KXFEATURE,FALSE,10,163,6767,2170.24,85.55
BARR,FALSE,12,112,6765,817.6,43.9
KXRVO,FALSE,19,60,6761,2046.64,86.92
KXSAILGPRACE,TRUE,6,159,6745,814.49,39.1
FCC,FALSE,23,76,6734,4216.6,107.18
KXNTLCYBERDIR,FALSE,26,90,6726,3586.02,68.16
KXECSUNBELTSWEEP,FALSE,12,75,6719,445.19,28.74
KXTOPALBUMYJID,FALSE,62,167,6717,631.35,39.28
KXSONGPEAKCRUELSUMMER,FALSE,34,115,6705,232.99,16.07
HOUSEOH13,FALSE,34,72,6693,3849.36,100.69
GOVPARTYTN,FALSE,45,107,6686,5143.19,31.62
KXCEOMRNA,FALSE,59,115,6680,958.72,56.38
MASKMAND,FALSE,3,90,6678,2377.24,71.61
GOVPARTYLA,FALSE,35,101,6672,5533.55,59.89
KXBNBMAXMON,FALSE,23,264,6665,2409.27,86.6
KXCHICKENVAX,FALSE,72,154,6646,2964.79,96.58
KXUFA,FALSE,12,95,6640,1842.29,39.02
KXSWEENEYTAGMUSK,FALSE,14,57,6640,221.59,15.14
KXBRAD100MRUN,FALSE,9,101,6638,5816.83,40.92
KXPRESTALKPUTIN,FALSE,4,46,6616,6241.34,18.07
KXCOD,TRUE,3,64,6610,955.17,47.11
KXCAFRAUD,FALSE,66,159,6607,1589.65,74
KXT20FOUR,TRUE,4,154,6605,3946.36,52.62
KXFULLLID8PM,FALSE,4,76,6597,4604.32,36.2
KXSTARLINKFAA,FALSE,82,162,6592,2450.12,98.77
GOVPARTYHI,FALSE,58,147,6590,5171.62,30.31
TIKTOKUMG,FALSE,49,132,6579,3144.57,87.87
KXESPYBOXING,FALSE,15,144,6565,2105.77,70.52
MCMETAPHOR,FALSE,17,32,6559,3204.77,103.3
KXANIMEBAS,FALSE,38,162,6539,2942.55,70.91
KXONTPARTY,FALSE,7,29,6537,3995.9,10.18
KXNFLWINS-NO,TRUE,45,120,6535,2780.65,94.23
KXUSDTTBILL,FALSE,29,82,6533,4295.91,75.2
KXCHTRADEBAL,FALSE,8,162,6512,2454.08,70.18
KXEWCCS2,TRUE,7,243,6512,1938.13,66.13
KXSPOTIFYSONGSETERNITY,FALSE,6,72,6484,4951.68,52.51
KXTRUMPPOW,FALSE,72,198,6483,589.59,36.46
KXNEWCOVIDCASE,FALSE,33,86,6479,393.41,25.63
SENATEAL,FALSE,72,143,6475,984.09,19.52
KXKBOSPREAD,FALSE,2,108,6471,2877.64,105.54
KXSWIFTATTEND,FALSE,44,176,6465,5765.98,42.35
GOVPARTYSC,FALSE,42,110,6464,1939.48,33.61
KXLEADERMLBKS,TRUE,18,109,6462,1117.46,56.57
GOVPARTYUT,FALSE,48,123,6458,3012.58,33.52
KXSENATERID,FALSE,33,113,6454,5080.81,33.38
KXTHEMAJORVIEWERS,FALSE,67,291,6445,5333.07,55.05
KXBENINUPR,FALSE,26,266,6438,4826.64,62.09
KXMLBWINS-TOR,TRUE,54,175,6438,2777.2,96.94
KXSPOTIFYSONGSMRELECTRICBLUE,FALSE,10,90,6425,2155.62,27.37
HOUSEOH9,FALSE,37,92,6415,3281.86,109.83
KXBRENNANCHARGE,FALSE,35,158,6408,2014.43,82.83
KXTOPALBUMBYALEXWARREN,FALSE,29,120,6407,421.41,21.48
TRAVELWARN,FALSE,28,97,6407,1552.69,64.88
KXBIDENAMBIEN,FALSE,65,285,6404,1813.16,73.36
KXLEADPOLL,FALSE,14,84,6401,2032,47.81
KXIPOWHOOP,FALSE,74,244,6396,1108.25,60.23
KXCRITICSLSERIESSUPACTR,FALSE,32,206,6394,3045.15,27.44
KXALBUMRELEASEDATEUZI,FALSE,39,182,6386,1755.88,72.89
SENATEVT,FALSE,56,140,6374,3136.92,52.1
CARVMAK,FALSE,36,89,6372,5569.42,43.93
KXZELDINCOUNT,FALSE,4,42,6368,5393.42,53.46
HURHAT,FALSE,24,34,6342,289.23,16.69
KXSPOTIFYSONGSONMYMIND,FALSE,10,81,6340,2408.87,64.69
KXRANKLISTSONGJINGLEBELLROCK,FALSE,5,47,6335,313.59,20.65
KXAMAFFCA,FALSE,5,122,6334,2367.95,50.45
KXCASEWINSHOHEI,FALSE,61,121,6323,3031.82,108.07
KXNEWOUTBREAKPHEICMEASLES,FALSE,37,78,6311,511.65,32.37
KXNFLEXACTWINSTEN,TRUE,21,59,6304,975.64,43.05
KXALBUMSALESSHEERAN,FALSE,14,173,6303,2931.48,57.04
KXVMAVIDEOFORGOOD,FALSE,13,76,6293,1720.63,71.29
KXUNIPRESIDENTS,FALSE,27,77,6271,1318.15,68.74
KXMUSKINJ,FALSE,21,78,6267,844.55,49.28
KXMCHADESII,FALSE,13,113,6264,4094.99,45.03
KXCYCLING,TRUE,7,138,6258,2290.89,48.54
KXLEAVEGROUPKATSEYE,FALSE,26,120,6256,3761.49,97.26
KXATTYGENMI,FALSE,27,64,6250,3515.17,82.39
KXETHEU,FALSE,3,168,6249,4511.27,60.36
KXNH1D,FALSE,63,179,6246,2500.89,97.08
KXHOUSEUT03,FALSE,31,75,6245,4395.53,69.56
KXDEELRIP,FALSE,102,490,6236,3399.06,69.24
KXNEWSOMENDORSE,FALSE,19,130,6235,1171.66,59.45
KXOHDISTRICTS,FALSE,4,123,6224,2385.59,60.86
KXGRAMBCBA,FALSE,13,42,6212,3826.98,28.21
KXGRAMBARP,FALSE,9,59,6211,3406.33,37.99
KXTPALBUMMILEYCYRUS,FALSE,54,209,6203,1197.16,50.57
KXGRAMBAIAV,FALSE,11,38,6201,1938.21,43.97
KXNWSL,TRUE,4,86,6199,4748.67,52.07
NEPA,FALSE,10,149,6190,558.17,33.03
KXVIEWMENTION,FALSE,3,227,6186,3780.06,72.38
KXPOLLMARGINPVV5,FALSE,29,79,6186,2484.28,92.71
KXVETOTXHEMP,FALSE,9,149,6183,3476.7,43.88
TOPALBUMUSHER,FALSE,10,112,6183,1443.25,55.56
KXH1BREPEAL,FALSE,48,176,6166,735.7,41.97
KXIPHONEASSEMBLE,FALSE,35,122,6155,875.53,51.61
KXMTN,FALSE,27,186,6155,4203.99,72.97
KXANIMEBNS,FALSE,45,228,6140,2214.23,81.23
KXXLMMINY,FALSE,63,164,6129,3258.67,70.55
KXITALYDEPUTIES,FALSE,26,49,6104,2210.84,93.63
KXGRAMBGMA,FALSE,8,41,6095,1418.42,31.68
KX1SONGFRANKOCEAN,FALSE,35,79,6060,315.82,20.74
SENATEHI,FALSE,48,120,6058,3116.05,68.43
KXFIRSTGTABTC,FALSE,36,91,6055,2007.93,88.45
KXTOPSONGRECORDLUTHER,FALSE,13,82,6055,1426.44,58.68
KXTOKENLAUNCHINFINEX,FALSE,53,162,6046,1447.44,75.31
KXPIPELINECEASETURKBLUE,FALSE,75,321,6046,698.63,42.83
SENATEDE,FALSE,26,55,6040,2221.25,14.53
KXSHIBAMINY,FALSE,62,138,6037,2099.12,44.16
KXTRUFPDEBT,FALSE,11,99,6034,5132.88,12.26
KX1SONGMEGANTHEESTALLION,FALSE,31,250,6026,532.4,34.09
KXCAEDRELVIEWERS,FALSE,23,61,6024,5588.9,27
KXLOW,FALSE,3,87,6024,2168.91,48.82
KXVENICEFILMFESTIVALGRANDJURY,FALSE,9,166,6023,1564.12,57.09
KXEGGPRICEW,FALSE,15,175,6017,1773.61,61.17
KXYPFARGENTINA,FALSE,13,33,6013,4515.76,51.32
KXRECHEALTHCARE,FALSE,14,120,6013,4022.33,43.91
KXTOL,FALSE,3,126,6010,1580.1,62.78
KXDOGEMAXM,FALSE,11,94,6009,1972.98,74.77
KXVANCERUBIORUN,FALSE,42,265,6006,3482.02,101.82
HIGHUS,FALSE,27,101,5999,681.37,28.73
KXTOPALBUMBYMARIAHCAREY,FALSE,49,113,5994,407.79,26.44
KXVMAPOP,FALSE,15,184,5988,2454.53,60.95
KXCALGARYCENTRE,FALSE,16,109,5980,2513.13,78.12
KXFULLLIDBEFORE8PM,FALSE,7,109,5975,5504.04,26.12
KXSTARSHIPCREW,FALSE,41,59,5973,160.49,11.2
KXMCMAFIATHEOLDCOUNTRY,FALSE,24,146,5971,2395.12,82.02
KXMI13D,FALSE,45,137,5965,2532.22,93.21
KXNOMPATELCOM,FALSE,6,11,5951,5884.75,4.63
KXSENATEMTD,FALSE,62,218,5949,3019.96,42.96
KXSUMMERHOUSECAST,FALSE,3,75,5946,2465.6,101.22
KXMVENBAMULTIGAMEEXTENDED,TRUE,1,38,5942,1458.97,72.64
KXDJTCNN,FALSE,119,259,5939,1042.97,58.8
KXSWISSREF,FALSE,32,101,5936,5036.88,48.64
KXSENATERIR,FALSE,53,270,5934,2648.77,66.16
KXILPENDEBT,FALSE,2,37,5930,88.62,5.41
KXGOVVTNOMR,FALSE,32,81,5928,4993.98,31.57
KXLIPATURNERLOCATION,FALSE,40,137,5921,2567.3,79.12
SPRMIN,FALSE,63,155,5920,652.44,33.94
KXBEZELRO,FALSE,36,136,5905,2205.49,85.1
HOUSENJ9,FALSE,40,85,5899,4795.95,58.45
KXAMAFPA,FALSE,6,139,5894,1763.56,62.9
KXDENSUPERLIGA,TRUE,13,19,5885,372.7,17.63
KXF1RETIRE,TRUE,33,257,5881,2522.89,86.98
KXACMADOTY,FALSE,13,76,5878,1876.85,54.86
KXMLBWINS-TB,TRUE,39,72,5877,2963.23,62.66
KXNFLWINS-TEN,TRUE,57,107,5866,3239.78,75.35
KXFAROEPM,FALSE,16,118,5861,3820.46,20.8
KXFANSHAWE,FALSE,5,55,5859,4018.46,49.27
KXRELOCATENYCFL,FALSE,30,88,5858,205.87,14.21
KXGROKMACOS,FALSE,26,150,5856,1156.58,63.73
KXCDASEATS,FALSE,14,56,5855,1344.74,30.21
KXCZECHCOALITION,FALSE,16,40,5851,5592.69,12.58
KXICERENAME,FALSE,17,139,5849,2218.41,94.07
KXMAMMAMIA3,FALSE,99,211,5841,2853.7,90.65
KXVISITAREAKANYE,FALSE,7,65,5833,1896.67,86.8
KXTARIFFBILL,FALSE,43,134,5813,418.11,27.27
KXPOPEATTEND,FALSE,24,84,5808,307.63,20.28
KXRTTVPOKERFACE,FALSE,14,117,5803,3993.1,51.68
KXPERMIT,FALSE,42,87,5797,4170.82,63.45
KXANIMEBC,FALSE,31,184,5786,1696.82,68.76
KXDOGESELL,FALSE,63,125,5784,482.7,30.59
OPENAISUIT,FALSE,54,154,5782,620.94,38.08
GOVBALL,FALSE,9,79,5763,544.18,28.76
CMEATBANTIME,FALSE,16,54,5760,717.12,42.34
FIRERANKHARVARD,FALSE,39,63,5758,3444.66,92.72
KXSENATEORR,FALSE,17,170,5758,2356.36,64.7
KXSUMMERHOUSEATTEND,FALSE,26,166,5758,2714.18,81.82
KXANONYMOUSDONOR,FALSE,2,50,5757,4268.12,35.39
KXMUSKCHARGE,FALSE,45,154,5757,960.59,56.22
KXUSAMBTURKEY,FALSE,11,76,5751,4463.06,38.05
KXTROIS,FALSE,14,162,5743,2458.74,71.42
KXUSDHVOTE-USDH,FALSE,10,179,5742,3005.5,58.58
KXMOVIESITP,FALSE,20,74,5741,5112.18,38.8
KXMCLOHTBTH,FALSE,31,80,5738,4217.33,49.22
KXGOVNENOMD,FALSE,9,43,5738,1133.54,37.5
FEDFACILITY,FALSE,44,74,5734,702,42.57
KXPSKY,FALSE,19,129,5731,3088.29,47
BRAINARD,FALSE,9,69,5723,5164.14,33.33
KXEUREF,FALSE,51,580,5716,330.9,24.93
KXTOPBUSINESS,FALSE,87,276,5714,1341.98,67.26
KXAPPWLFI,FALSE,34,86,5713,2041.69,77.01
KXUSPINCOME,FALSE,9,245,5707,3682.97,66.04
KXMCEASFC26,FALSE,14,125,5705,3873.48,61.82
KXNFLWINS-CAR,TRUE,54,104,5700,2732.52,78.76
KXAAPLUSDC,FALSE,74,178,5699,541.62,34.02
KXHOUSEUT02,FALSE,30,74,5695,3726.06,59.53
KXAWARDSCMAVDOTY,FALSE,16,113,5693,3143.74,61.75
PCECORE,FALSE,17,53,5684,2521.3,60.45
KXAMANAOTY,FALSE,5,138,5665,1799.1,23.69
KXPARAGUAYSENATE,FALSE,20,54,5649,4248.01,66.86
KXKXTOP10BILLBOARDDC,FALSE,14,111,5645,463.43,29.01
KXUSGBEEF,FALSE,38,241,5638,2987.07,77.8
KXLILWAYNE,FALSE,11,87,5634,5065.73,35.23
SENATEIL,FALSE,56,151,5632,1441.32,18.5
KXBTC75VS100,FALSE,3,135,5620,4949.6,41.54
KXKOSA,FALSE,43,78,5619,1802.14,80.14
KXJAN6CASES,FALSE,75,206,5616,1603.82,80.35
HOUSEVA11S,FALSE,6,10,5608,5544.8,4.42
KXTRUMP60MINUTES,FALSE,20,129,5592,3127.39,72.12
KXIMPEACHBOASBERG,FALSE,46,346,5591,717.19,42.52
KXSNSBTC,FALSE,14,121,5579,3821.58,33.56
KXALBUMSALESKPOPDH,FALSE,2,211,5564,2420.13,58.41
KXNOTSEEKREELECTION,FALSE,19,181,5557,1127.07,53.59
KXMCELDENRINGNIGHTREIGN,FALSE,20,70,5546,737.03,23.83
KXTOPALBUMTHIRDUSA,FALSE,27,430,5541,2878.66,45.99
KXCOUNTRYSTARLINK,FALSE,50,118,5538,2595.04,84.25
KXDRONESDOWN,FALSE,10,61,5526,225.04,15
KXOAIMUSKSETTLE,FALSE,76,183,5526,879.31,50.89
KXSENATEPAD,FALSE,23,133,5525,1083.48,59.12
KX60MCECOT,FALSE,23,137,5515,3128.58,66.67
KXPALNYT,FALSE,38,99,5502,783.79,42.21
KXNFLWINS-CIN,TRUE,43,115,5495,2015.67,73.75
KXCONGRESSTARIFFCOUNT,FALSE,14,78,5493,3208.31,29.36
KXCOACHELLARELEASE,FALSE,21,108,5483,3302.95,60.72
KXVMACOUNTRY,FALSE,18,137,5473,1994.27,62.27
KXENGAGEMENTSWEENEYBRUAN,FALSE,34,97,5466,1012.52,55.34
KXATTYGENAZ,FALSE,62,142,5462,2816.71,87.5
KXTWITCHSUBSFAZELACY,FALSE,16,110,5461,4686.04,43.16
KXPEPFAR,FALSE,13,68,5454,3750.41,73.19
KXNEWROLEFAZE,FALSE,56,225,5449,890.07,51.63
KXSPOTIFYALBUMRELEASEDATEYOUNGTHUG,FALSE,18,83,5438,434.59,24.58
KXENGAGEMENTDUNSKE,FALSE,60,111,5425,1676.7,80.71
KXALBUMRELEASEDATENBAYOUNGBOY,FALSE,6,333,5419,4577.23,48.89
KXRANKLISTIFPIARTIST,FALSE,49,190,5415,1402.88,47.35
KXRANKLISTSONGDEFYGRAV,FALSE,13,112,5410,1428.43,62.3
KXCAPCONTROL,FALSE,60,397,5395,1143.02,63.11
KXDANAWHITEFB,FALSE,42,97,5378,566.98,34.75
KXMEDIADPNOONKICKOFF,FALSE,4,86,5370,4582.04,45.9
KXARGENTINAHOUSETHIRD,FALSE,15,37,5366,647.47,13
KXEONIL,FALSE,10,120,5365,4037.3,61.81
KXPRESTALKXI,FALSE,2,21,5359,5158.42,12.91
KXEUROVISIONHOST,FALSE,24,162,5357,2653.37,63.3
OSCARCOSTUME,FALSE,14,180,5354,2614.73,76.32
KXBA,FALSE,21,113,5354,2930.99,71.67
HURSAV,FALSE,54,115,5353,1448.14,46.94
KXSKSECOND,FALSE,2,14,5351,1266.55,4.66
KXPARLITURKEY,FALSE,26,61,5343,1829.74,62.26
KXACADIE,FALSE,10,95,5339,3016.47,55.25
KXTSWIFTTOYSTORY,FALSE,13,105,5337,3187.6,70.79
KXWAYMOCITYLV,FALSE,23,62,5334,631.99,37.46
KXNFLEXACTWINSLV,TRUE,33,78,5330,1377.67,30.8
KXGOVWINS,FALSE,17,77,5327,2041.11,84.8
KXAGENCYCUTS,FALSE,9,54,5323,4944.96,23.07
KXACQUIREHAPPYDAD,FALSE,38,88,5320,810.02,37.22
KXHOWMANYSPEAKERHOUSE,FALSE,69,215,5319,1985.29,68.87
SECHOMELAND,FALSE,47,81,5311,310.72,20.62
SOFIMEMBERS,FALSE,57,83,5311,2724.24,71.25
KXSILVERAPPROVE,FALSE,7,289,5301,1123.3,42.6
KXTOPALBUMBYLILTECCA,FALSE,24,79,5287,475.32,28.84
KXNCAAMWRESTLING165,TRUE,3,175,5281,3365.1,27.09
KXNFLDEPTHPOSITIONCLEQB2,TRUE,4,94,5281,1078.94,24.1
KXNEWCITY,FALSE,86,218,5275,1928.76,85.9
KXNASCARH2H,TRUE,4,211,5249,2773.18,88.04
KXMEDIACONSUMPTIONTSWIFTIG,FALSE,5,100,5244,1735.57,53.85
IVYFUNDING,FALSE,34,59,5241,221.63,14.72
KXESPYNHL,FALSE,10,108,5238,2868.98,55.54
KXTOURJOJI,FALSE,39,104,5232,1391.62,62.7
KXSPAINPARLI,FALSE,47,88,5226,3278.75,68.7
KXNEWPRODUCTFALLOUT3REM,FALSE,27,92,5218,682.24,39.27
KXTRADEDEALPRC,FALSE,14,337,5215,3635.52,67.98
KXNEXTSTATE,FALSE,75,146,5206,1665.67,63.44
KXMAMDANIVISIT,FALSE,27,120,5206,652.66,39.46
KXGOVTNNOMR,FALSE,54,110,5201,2671.71,50.75
KXFANATICSGAMESTHIRDPLACE,FALSE,4,74,5196,1204.08,27.66
KXACMAMEOTY,FALSE,13,86,5194,1565.9,50.38
KXSPOTIFYSONGSOUTSIDE,FALSE,7,57,5193,2750.08,60.12
KXNFLWINS-IND,TRUE,44,90,5178,2589.25,76.47
KXAMAFFHHA,FALSE,6,91,5168,2240.55,29.07
KXENGAGEMENTDRAKEBOBBY,FALSE,11,30,5147,2012.74,48.65
KXNCAAMPAC12,TRUE,1,25,5134,280.31,14.68
KXMLSJOIN,TRUE,16,66,5132,2697.71,73.48
KXBOOKAWARDSPOETRY,FALSE,14,30,5132,1476.96,28.97
KXSPOTIFYSONGSFAMEISAGUN,FALSE,8,125,5127,2029.3,58.14
KXSELLTWINS,FALSE,23,55,5124,661.48,37.78
VANRATEWC,FALSE,5,18,5121,425.41,26.31
KXACMAGOTY,FALSE,20,81,5119,1501.22,55.52
KXPORTMOODY,FALSE,11,87,5115,1296.19,47.54
KXRIVN,FALSE,21,156,5112,1218.62,55.74
KXSPOTIFYSONGSMANOFTHEYEAR,FALSE,8,162,5109,2117.59,59
KXNEXTVULCAN,FALSE,22,81,5095,1840.66,29.31
KXCHESSFIDERATINGTOP,TRUE,4,23,5093,4192.16,11.68
HOUSEPA1,FALSE,54,129,5091,2237.09,85.57
KXUSAMBISRAEL,FALSE,10,62,5088,4177.91,39.11
KXHOUSEUT01,FALSE,48,99,5085,2650.82,40.7
KXNEXTLDPLEADER,FALSE,20,76,5080,3128.74,38.06
KXTARIFFRATEJP,FALSE,11,107,5075,1032.63,47.11
KXDEPUTYDODCONF,FALSE,18,40,5074,4656.08,26.34
KXNOTE10,FALSE,8,72,5070,2773.07,86.98
KXCHINAUNRUBIO,FALSE,35,85,5048,801.51,44.44
KX1SONGLILWAYNE,FALSE,31,99,5047,552.26,34.07
KXUSDCUSDTRATIO,FALSE,39,72,5044,286.46,18.76
KXSAFEBANK,FALSE,42,134,5044,1915.58,57.2
KXANIMEBAC,FALSE,35,225,5023,1691.49,64.85
MCBLACKOPS6,FALSE,52,174,5019,2557.77,65.12
KXCOACHOUTDALWINGS-DAL,TRUE,13,70,5007,3987.72,41.81
HOUSENV3,FALSE,33,70,5007,3319.34,63.09
KXSENATEEPSTEINH,FALSE,1,15,5000,1374,7.96
KXNFLWINS-BUF,TRUE,44,95,4996,2355.68,80.7
KX1SONGPOSTMALONE,FALSE,50,113,4991,1171.8,41.96
KXFDVPLASMA,FALSE,7,44,4983,4151.16,43.28
KXWCCODWARZONE,FALSE,10,137,4981,1730.01,62.09
KXBUSHBY,FALSE,129,470,4962,4173.08,47.56
KXCONGESTIONSUIT,FALSE,44,99,4948,4551.95,24.27
GRAMMYCOUNTSZA,FALSE,2,53,4948,871.73,43.19
KXBETSWOTYA,FALSE,9,122,4938,2080.56,38.47
KXTNCBASKETBALL,FALSE,13,288,4920,2778.66,31.37
KXIPOCLUELY,FALSE,47,226,4899,193.8,14.14
MICHTEMP,FALSE,12,150,4890,2927.21,63.96
KXPUBG,FALSE,23,79,4889,708.42,31.34
KXMONSANTODURNELL,FALSE,12,47,4888,3537.41,67.53
SENATEOK,FALSE,76,127,4887,1182.47,13.29
BTCETHATH,FALSE,41,85,4876,453.34,27.3
KXLITHIUMMON,FALSE,17,222,4871,4404.73,22
KXGREECEPARLI,FALSE,32,127,4867,2985.32,52.84
SENATESD,FALSE,88,151,4867,3334.57,20.2
KXAWARDSCOUNTWHI,FALSE,18,114,4866,935.69,46.38
KXSUMMERHOUSEDRAMA,FALSE,17,84,4858,862.51,45.85
KXJOLTS,FALSE,41,124,4855,2774,65.3
KXREVETH,FALSE,9,77,4852,2759.61,42.49
KXMARINEDEP,FALSE,30,148,4843,1683.79,63.76
KXSCHENGEN,FALSE,8,17,4838,2213.81,45.51
KXNVIDIARASGONQ,FALSE,17,65,4838,4059.34,31.15
KXLEASTSTREAMEDKC,FALSE,9,185,4829,1350.58,51.84
KXOPENDEEP,FALSE,8,60,4829,4071.72,42.68
KXRELEASEYMWMELLY,FALSE,11,30,4826,1880.74,47.42
KXPUBLICSWIFTLIVELY,FALSE,106,294,4820,1465.03,67.54
KXAFDBANREQUEST,FALSE,23,59,4789,430.81,26.49
KXWNBAROTY,TRUE,32,82,4787,2643.89,13.03
GRAMMYCOUNTSWIFT,FALSE,3,82,4787,1133.11,55.52
KXWORDNYTTARIFF,FALSE,4,26,4785,2918.09,45.2
KXMAYOROFKINGSTOWN,FALSE,37,83,4783,2071.96,73.95
KXSCHEDULEFSUIT,FALSE,62,138,4781,1585.9,68.55
KXPERFORMROLEBRITNEY,FALSE,62,260,4781,526.42,32.25
KXRTTVDUSTER,FALSE,7,125,4779,2141.1,48.96
KXBETVCA,FALSE,8,103,4770,1449.36,18.78
KXSOLTPS,FALSE,28,105,4758,780.52,39.63
NOBELLIT,FALSE,23,81,4757,811.8,45.96
KXKITCHENER,FALSE,7,59,4752,2662.87,71.91
KXGRAMBJVA,FALSE,25,90,4751,2245.48,32.5
KXJULY4VIDEO,FALSE,2,142,4749,2567.7,73.04
KXCONGRESSTARIFFPASS,FALSE,10,47,4743,632.67,36.11
KXBBARTIST,FALSE,2,50,4736,3581.37,19.88
KXMOSTSTREAMEDJACKBOY2,FALSE,6,136,4729,2010.51,45.41
KXNOAALICENSE,FALSE,36,115,4716,1090.79,45.65
KXBOOKAWARDSYPLIT,FALSE,10,22,4702,625.3,26.14
KXSENMAJLEAVE,FALSE,51,92,4700,459.51,28.78
KXARTISTCOLLABDRAKEPLAYBOICARTI,FALSE,64,129,4695,1256.62,56.53
KXFIFATRAVEL,TRUE,73,222,4695,1095.36,58.24
KXLOVEOVERBOARD,FALSE,10,49,4693,3897.15,9.95
KXCLUBWCGG,TRUE,8,100,4687,2556.77,64.44
KXTOPSONGRECORDGOLDEN,FALSE,6,123,4684,1018.3,23.38
KXPORTUGALPRESCOMBO,FALSE,4,46,4683,1915.89,16.25
HOUSENV1,FALSE,38,67,4676,1874.81,33.47
KXCARNEYHALIFAX,FALSE,33,114,4674,625.26,35.79
GOVPARTYSD,FALSE,23,37,4671,1850.43,13.45
KXJAPANCRA172SEATS,FALSE,18,135,4670,676.52,37.9
KXPOPESWIFT,FALSE,58,98,4669,345.25,22.79
KXSPOTIFYSONGSTWHF,FALSE,6,49,4665,2527.72,19.13
KXPUBLICBECKHAM,FALSE,30,79,4641,1595.33,71.37
KXGOPPOLICYCHAIR,FALSE,10,36,4638,2981.48,19.71
KXATTYGENIL,FALSE,15,58,4636,3932.47,27.01
KXDEIFO,FALSE,16,137,4627,2863.93,40.92
KXIRANIMPORTS,FALSE,58,254,4614,1462.92,69.76
KXTOKENLAUNCHABSTRACT,FALSE,40,238,4607,1215.07,57.97
KXBRAZILPRES1R,FALSE,28,75,4599,740.21,43.65
KXGRAMMYNOMCOUNTBB,FALSE,3,21,4596,4078.05,13.21
KXDIRECTORBATMAN2,FALSE,25,83,4576,687.34,39.59
AAAGASMAXCA,FALSE,43,97,4576,1451.11,41.58
KXSOLFLIPETH,FALSE,30,58,4576,208.83,14.07
KXRELOCATEUNITED,FALSE,81,177,4571,709.16,42.08
KX1SONGMILEYCYRUS,FALSE,34,80,4562,444.12,27.5
EMMYCACTO,FALSE,44,91,4557,1276.07,24.7
KXHEADSTART,FALSE,53,96,4546,923.66,49.81
KXCRYPTOEO,FALSE,4,79,4544,454.93,28
KXUCLBOTTOM,TRUE,35,106,4539,2616,29.21
KXESLPROS1,FALSE,6,40,4535,3033.49,51.41
KXWINDSORWEST,FALSE,13,82,4535,2825.54,54.2
KXSCOTUSCHANGE,FALSE,41,137,4526,222.82,15.42
KXRWAMCAPAVAX,FALSE,14,77,4523,329.59,19.79
KXSANCTIONSVEN,FALSE,12,108,4520,854.04,34.13
KXGRAMBTLA,FALSE,9,39,4513,2541.95,14.55
KXLEAVEPULTE,FALSE,18,54,4513,635.11,36.83
KXAOMENSINGLES,TRUE,5,21,4511,2847.35,18.96
KXNYFWATTEND,FALSE,6,133,4496,1090.28,39.36
KXBETBMHHA,FALSE,10,131,4494,1683.65,10
KXTRUMPVISITISRAEL,FALSE,20,71,4487,294.26,19.3
KXDEBTBRAKE,FALSE,2,17,4481,4070.35,25.56
KXJOINMESSI,FALSE,31,69,4466,468.28,27.56
KXTVSEASONANNOUNEFF,FALSE,23,145,4457,424.16,25.58
BAFTAACTO,FALSE,8,30,4456,2325.68,38.87
KXVENUEPERFORMANCEMSG,FALSE,52,148,4456,1521.28,59.65
KXGRAMBIC,FALSE,12,51,4454,904.92,27.26
GVG,FALSE,21,38,4450,322.99,19.53
BILLBOARDPEAKGLB,FALSE,23,80,4449,1966.65,32.44
KXSENATESDR,FALSE,31,118,4447,1728.68,23.57
KX1SONGFUTURE,FALSE,61,133,4447,647.25,35.73
1SONGMACKLEMORE,FALSE,9,25,4442,219.46,14.34
KXPERFORMSONGEVENTDR,FALSE,2,105,4442,2957.01,36.3
KXNIAGARASOUTH,FALSE,7,85,4441,1957.6,63.6
KXTARIFFSGLOBAL,FALSE,17,52,4430,536.87,29.93
GOVPARTYMD,FALSE,46,98,4421,2634.05,20.39
KXNFLEXACTWINSATL,TRUE,20,34,4420,444.25,21.63
KXJOINAPPLEJB,FALSE,11,54,4420,134.42,9.34
KXSHORTPOSITIONACKMAN,FALSE,38,64,4417,625.68,34.57
HOUSEMI4,FALSE,47,83,4416,1996.07,63.02
KXMEDICAIDCUTS,FALSE,16,96,4416,2387.92,59.46
KXUMICHOVR,FALSE,6,24,4411,727.71,42.62
KXDEEPSEEKGOVTDEVICES,FALSE,51,103,4410,2938.53,59.56
KXOAIMUSKSUIT,FALSE,12,40,4401,2296.8,36.16
KXAMAFKPA,FALSE,5,68,4398,1496.14,30.13
KXIPORAMP,FALSE,67,170,4397,1012.43,50.2
KXENGAGEMENTISHOWSPEED,FALSE,34,69,4395,453.51,28.59
KXICEDIRECTOR,FALSE,4,50,4392,2872.43,46.86
KXTRAVELBANEND,FALSE,40,114,4386,840.4,45.06
KXTUDOR,FALSE,38,119,4382,2311.04,72.95
KXPRIVACYUPDATENYT,FALSE,17,78,4380,2695.43,69.57
KXTRUMPPOLLDAILY,FALSE,4,224,4376,982.97,32.52
ORDDLY,FALSE,4,95,4376,1692.42,50.62
KXGUYANAPRES,FALSE,17,120,4362,3112.53,44.58
KXVALPLPHIL,FALSE,3,13,4359,912.82,15.39
KXICEMASK,FALSE,55,151,4353,276.58,18.31
KXCANCARBON,FALSE,18,48,4334,276.93,18.14
KXTOPALBUMRECORDSWAG2,FALSE,17,60,4319,324.47,18.62
KXDRAGONISS,FALSE,27,72,4319,3831.31,29.52
KXPOST,FALSE,62,150,4312,502.98,30.89
KXLOUDOUNMOVVAGOV,FALSE,16,65,4310,985.77,27.05
KXMISSUSA,FALSE,5,129,4309,441.57,27.38
KXGOVIANOMD,FALSE,23,46,4303,1951.72,7.63
KXJOINXAI,FALSE,8,18,4295,626.2,37.44
KXINXMINW,FALSE,7,98,4293,1000.96,36.94
KXRETIREMACE,FALSE,46,148,4285,954.4,51.21
KXNCAABMENTION-BIGEAST,TRUE,1,106,4281,3881.53,18.44
USDX,FALSE,39,134,4277,821.63,45.62
KXMARTINDNCOUT,FALSE,8,32,4259,471.39,28.06
NYCDEBITS,FALSE,46,85,4252,1802,67.63
KXALBUMRELEASEDATETRAVIS,FALSE,47,253,4251,1413.6,48.46
KXFESTIVALEVENTRNCMIDTERMS,FALSE,60,200,4249,3498.09,42.52
KXTARIFFNORWAY,FALSE,15,105,4248,519.03,30.04
KXTOPALBUMBYTAMEIMPALA,FALSE,36,117,4247,275.02,17.05
KXRANKLISTDJMAGTOP10,FALSE,55,191,4244,788.69,38.3
KXAMAFRA,FALSE,6,71,4235,1449.16,20.35
KXDCFUNDINGH,FALSE,8,49,4227,1994.85,64.84
KXARIMPEACH,FALSE,27,43,4224,353.43,21.47
VONCUK,FALSE,15,26,4220,119.5,8.08
KXGROK2OS,FALSE,46,99,4205,1409.34,55.91
KXCRASEATS,FALSE,5,34,4201,572.71,10.23
KXVALORANTMASTERSFINALS,TRUE,3,50,4192,2752.93,29.49
KXDJTMETA,FALSE,20,53,4190,359.33,17.85
KXSPOTIFYSONGSWHICHONE,FALSE,8,37,4187,3782.25,5.64
KXADVOCATEBECERRA,FALSE,4,50,4186,1641.4,60.4
KXSTUDENTBAN,FALSE,24,75,4182,307.76,19.51
KXCHIMAYORLEAVE,FALSE,35,86,4180,711.34,41.05
TOPALBUMBYDONTOLIVER,FALSE,20,49,4178,381.32,23.42
KXAMAFMCA,FALSE,6,89,4164,1441.4,16.58
KXNCAAFD3GAME,TRUE,1,40,4154,3338.21,14.92
KXTAFTHARTLEY,FALSE,20,52,4154,1844.62,67.67
KXBETBFRNBPA,FALSE,13,152,4152,1828.13,28.3
KXPVVSEATS,FALSE,7,85,4150,1380.75,35.68
KXUKLABOURDEPUTY,FALSE,14,63,4144,2373.63,21.49
KXPRESNIGERIA,FALSE,38,94,4142,1770.33,66.64
KXVMAROCK,FALSE,13,72,4138,951.31,38.04
KXBELGIANPL,TRUE,32,54,4130,554,22.24
CREDITC,FALSE,42,73,4121,395.34,24.27
KXBRAINLIVE,FALSE,51,112,4119,583.48,31.65
KXCANADACUP,TRUE,112,358,4096,2481.35,66.65
KXVERIZONRESTORE,FALSE,1,62,4089,3336.33,14.72
KXEUROLEAGUE,TRUE,14,89,4087,818.79,35.59
KXTOP10BILLBOARDSPOTSED,FALSE,12,108,4077,144.95,10.2
KXRBADECISION,FALSE,18,38,4070,1697.97,17.53
KXSPOTIFYSONGSSHAPESHIFTER,FALSE,6,69,4069,2948.25,40.04
KXAFRICAF1,FALSE,67,137,4065,1692.12,62.18
KXCR,FALSE,2,30,4037,1347.47,13.08
KXSPOTIFYSONGSAMERICANHEART,FALSE,6,79,4029,2493.05,37.16
KXNFLWINS-LAC,TRUE,37,69,4021,2214.77,58.66
BAFTAASPLAY,FALSE,9,40,4018,1852.56,56.43
KXENGAGEMENTKIMLEWIS,FALSE,41,111,4009,839.96,44.66
KXMCTONYHAWKPROSKATERTHREEFOUR,FALSE,20,61,4009,1594.34,52.46
KXRANKEDLISTTEAMW,FALSE,5,92,3998,2418.79,38.97
KXIPOOLIPOP,FALSE,51,124,3996,522.67,30.37
KXLEASTSTREAMEDMW,FALSE,23,87,3995,1327.3,39.5
KXBANXNUBCAT,FALSE,19,71,3990,487.93,29.28
KXGRAMBGMP,FALSE,16,68,3990,1578.57,17.24
SENATENES,FALSE,10,26,3986,2282.84,11.13
KXFEATURETRAVISSCOTT,FALSE,56,164,3982,2264.82,63.23
KXGERPOLLAFD,FALSE,5,22,3975,3634.13,20.7
KXSENATENHD,FALSE,40,87,3972,2835.91,26.91
KXLAPRAIRIE,FALSE,7,60,3969,2630.04,43.65
KXSPOTIFYSONGSLOVESONG,FALSE,4,43,3965,2159.93,36.23
KXWAYMOLEAVELA,FALSE,16,59,3963,296.05,19.15
KXFEATURETYLERTHECREATOR,FALSE,3,176,3963,1719.73,59.81
KXSUETEADATE,FALSE,4,92,3961,2753.48,50.78
ANIMEAOTY,FALSE,12,79,3961,1426.06,43.27
KXSHOWENDHAUNTEDHOTEL,FALSE,42,68,3956,857.17,46.87
KXMUNIBONDTAX,FALSE,38,68,3955,767.11,36.37
HFHOUSING,FALSE,36,87,3953,180.25,12.26
KXSFFASUIT,FALSE,35,66,3942,1672.75,60.23
KXTPSMYANMAR,FALSE,56,153,3939,1900.62,61.79
KXCENSUREFINE,FALSE,17,59,3939,493.97,30.01
KXVMAALBUM,FALSE,23,111,3939,1602.01,54.48
KXPRESLEAVEBR,FALSE,10,20,3933,338.85,21.46
KXALCATRAZ,FALSE,21,48,3928,180.51,11.7
KXHOUSEVA10,FALSE,29,74,3922,2997.06,39.43
KXUFLSPREAD,TRUE,7,128,3916,2442.49,54.37
KXUSAF1,FALSE,35,84,3913,505.37,30.51
KXSPOTIFYSONGSBLOODLINE,FALSE,6,50,3911,2950.9,32.91
KXAMAFMV,FALSE,4,49,3893,1540.82,27.4
KXVMALATIN,FALSE,14,58,3885,867.11,25.22
KXSPOTIFYVIRALD,FALSE,11,111,3875,2679.08,24.08
HOUSECT5,FALSE,35,89,3872,2251.56,31.8
TOPALBUMBYICESPICE,FALSE,41,60,3871,525.99,31.45
KXSPOTIFYSONGSEASYLOVER,FALSE,9,109,3860,1397.45,38.53
GLACIER,FALSE,34,77,3859,3344.2,29.49
KXSENATESCD,FALSE,44,111,3858,2468.88,35.15
KXAMAFCS,FALSE,5,73,3847,1739.63,38.47
KXACMAASWOTY,FALSE,15,83,3845,1860.28,37.96
ONRRP,FALSE,2,62,3842,352.18,14.43
HOUSECA9,FALSE,23,70,3839,2779.98,33.35
DOTPLOT,FALSE,19,36,3838,3445.73,23.88
KXAMAFRNBA,FALSE,6,105,3836,1793.66,31.09
KXSPOTIFYSONGSSUBWAY,FALSE,7,27,3836,3523.1,18.32
KXINXEU,FALSE,2,34,3827,3653,10.22
KXNFLEXACTWINSWAS,TRUE,27,45,3826,382.43,21.26
KXTSLAYOFF,FALSE,18,50,3817,1474.77,62.96
KXNEXTYACCARINO,FALSE,32,94,3807,164.91,11.42
KXCANRESIGNCOUNT,FALSE,15,32,3806,1138.51,40.16
KXSINNERSIMAX,FALSE,30,72,3795,2878.65,29.48
KXALBUMRELEASEDATELUCKI,FALSE,25,105,3777,379.74,17.1
KXWHATSONSTAGEBSPIAM,FALSE,12,37,3774,1371.4,43.27
KXGULFOFAMERICA,FALSE,17,38,3774,199.7,13.28
KXMWWHATIWANT,FALSE,28,104,3771,2193.66,34.24
GNSOUR,FALSE,11,28,3768,3540.72,14.74
GMECEOCHANGE,FALSE,60,85,3767,659.92,37.36
KXZECMAXMON,FALSE,6,150,3759,2650.89,39.36
KXHOUHOMEVAL,FALSE,16,56,3749,2553.76,29.12
KXMOTOGPTEAMS,TRUE,22,167,3743,1542.03,29.78
HOUSEMN2,FALSE,34,55,3737,2622.77,41.39
KXIASENATE,FALSE,4,25,3737,622.28,34.72
KXDELAWAREINCORP,TRUE,38,94,3736,399.36,24.87
HOUSEMI3,FALSE,28,55,3736,2447.76,29.42
SENATEOR,FALSE,61,137,3731,2298.38,15.34
KXVMABPA,FALSE,22,120,3726,1558.21,30.8
KXPOPEVANCE,FALSE,18,68,3724,415.99,24.57
KXAMAFMHHA,FALSE,4,45,3723,1124.52,23.06
KXHOUSERACE-NDAL,FALSE,27,103,3714,1212.99,15.65
KXHOUSERACE-WYAL,FALSE,27,97,3703,1345.07,11.7
KXSPORTSIGNPEREZ,FALSE,22,54,3700,3224.63,27.15
KXVMABCOLLAB,FALSE,13,81,3690,1628.15,26.31
KXEARNINGSMENTIONKLAR,FALSE,3,122,3689,2793.19,40.13
HOUSEFL13,FALSE,48,117,3687,1852.61,49.07
KXSPOTIFYSONGSHAMMER,FALSE,8,62,3684,331.62,18.68
KXNYCHECKS,FALSE,34,70,3681,2176.99,61.24
KXMARRIAGEBELICHICKHUDSON,FALSE,73,158,3679,931.52,49.11
KXRECAPGAINS,FALSE,38,78,3678,237.24,14.79
KXMCDOOMTHEDARKAGES,FALSE,11,43,3678,2351.12,39.51
KXMCBLADESOFFIRE,FALSE,7,27,3673,1654.93,49.54
KXSPOTIFYSONGSVICTORYLAP,FALSE,10,46,3672,3188.93,20.5
KXUSINDEPENDENTCONGRESS,FALSE,25,71,3669,1502.42,62.29
GRAMBRS,FALSE,7,36,3663,1607.18,50.59
KXPERFORMVS,FALSE,22,166,3661,1114.71,39.77
KXUSAMBCHINA,FALSE,12,51,3661,2693.38,41.5
SAGAWARDSUPACTO,FALSE,9,30,3658,1380.93,15.02
KXENGAGEMENTDARTBEER,FALSE,31,102,3657,214.76,14.52
SENATEWA,FALSE,57,199,3655,1524.44,15.63
KXNFLEXACTWINSNYG,TRUE,41,101,3648,954.84,40.13
COSTCOMEMBER,FALSE,28,89,3645,1922.63,61.77
KXSECSTATEOH,FALSE,31,71,3640,619.02,32.67
KXTOURDRAKE,FALSE,54,145,3637,1256.17,48.11
KXWEISSENHAUS,FALSE,2,87,3636,1556.48,25.88
HOUSENH1,FALSE,50,89,3628,2212.11,38.95
KXUHC2,FALSE,2,86,3621,3102.26,31.37
KXVOTEPERCENTANO,FALSE,14,151,3620,1730.44,38.45
KXIRACUTS,FALSE,13,66,3619,1959.13,53.11
KXSEAHOMEVAL,FALSE,14,63,3616,2558.12,30.52
KXJOINBARSTOOL,FALSE,36,128,3616,834.59,40.74
HOUSENY3,FALSE,35,72,3615,2168.82,44.74
KXUSAMBCANADA,FALSE,10,43,3615,2345.4,30.76
KXROLLINGLOUD,FALSE,4,42,3614,1754.83,29.71
KXFRANCEAMB,FALSE,28,69,3611,3224.32,23.78
KXMCMORTALKOMBAT,FALSE,15,55,3608,2719.74,17.52
KXWCCONGO,FALSE,11,33,3608,2631.13,28.26
KXTN7R,FALSE,29,128,3606,1184.86,43.75
KXAVGTARIFF,FALSE,9,66,3600,1822.35,38.81
KXECADVANTAGE,FALSE,9,44,3584,1155.75,23.6
KXPSCOMPATABILITY,FALSE,71,178,3584,337.7,19.93
KXACQUIREREALMADRID,FALSE,32,92,3583,1336.49,18.72
KXLOSEBARCA,FALSE,35,80,3583,2595.89,38.42
AVGTEMP,FALSE,14,136,3583,1360.34,35.84
NEWFLU,FALSE,31,60,3579,190.03,12.44
KX1SONGMORGANWALLEN,FALSE,25,123,3574,3170.12,25.18
KXVENICEFILMFESTIVALSPECIALJURY,FALSE,10,112,3570,718,29.77
KXGOVSCNOMD,FALSE,32,94,3566,1252.77,39.09
KXDCFUNDING,FALSE,6,38,3550,1423.43,51.29
KXWOTW,TRUE,32,81,3544,639.11,35.41
WEIGHTDRUGS,FALSE,36,93,3536,3010.59,29.25
KXDISTANCE3IATLAS,FALSE,4,34,3534,2724.52,41.87
KXACQUIRERIVIAN,FALSE,47,101,3533,300.31,18.71
KXMLBEOTY,TRUE,27,49,3520,369.16,22.87
KXKXMEDIAGUESTTINYDESK,FALSE,59,146,3516,1163.48,50.24
KXATTYGENVT,FALSE,10,20,3507,3167.26,21.22
KXSENATELAWSUIT,FALSE,4,6,3498,95.06,5.71
KXCALGARYSKYVIEW,FALSE,4,49,3493,1388.25,42.82
KXMAYORPITT,FALSE,22,33,3487,3029.77,11.35
KXALBUMRELEASEDATEFRANK,FALSE,31,104,3476,831.78,42.6
KXSENATEOKD,FALSE,32,103,3475,789.06,37.45
KXTOPALBUMBYZEDD,FALSE,18,45,3475,212.71,14.09
KXBILLBOARDALBUMSWAG2,FALSE,9,158,3459,975.6,43.95
KXNBADRAFTCOMP,TRUE,40,88,3456,1574.84,21.69
KXFIRSTEPSTEINGTA,FALSE,12,90,3454,2393.97,38.14
KXPGAWIN,TRUE,3,33,3451,479.7,28.87
KXCDCCONF,FALSE,19,77,3450,1815.06,52.42
HOUSENV4,FALSE,21,42,3449,2235.89,36.36
KXVALPLIND,FALSE,3,32,3444,906.65,37.9
HURJACKFL,FALSE,41,81,3438,619.32,33.32
KXACMASOTY,FALSE,30,182,3435,1243.03,25.76
KXSTATEMENTCOUNTEARLE,FALSE,10,73,3413,660.94,37.14
KXANIMEBSA,FALSE,32,125,3404,1104.42,35.86
HOUSENY18,FALSE,19,62,3401,3023.1,18.45
KXVMAAFROBEATS,FALSE,19,77,3393,1361.73,39.43
SOFR,FALSE,9,56,3391,330.99,20.04
SOTW,FALSE,14,195,3390,1981.73,26.94
KXCZECHPARTY,FALSE,19,48,3389,2107.3,6.77
KXIMPOUNDAUTH,FALSE,49,84,3377,493,28.76
KXSPOTIFYSONGSDAISIES,FALSE,7,36,3375,1748.77,20.57
KXWHBRIEFINGEY,FALSE,37,66,3375,484.98,28.57
KXSEGUROVOTE,FALSE,3,36,3365,2164.23,10.08
KXLANGLEY,FALSE,9,57,3360,1593.08,55.08
KXNEWALBUMSKY,FALSE,29,47,3360,698.81,32.04
KXTURKEYAMB,FALSE,13,18,3358,3040.58,15.22
KXFDX,FALSE,25,225,3357,1491.54,47.39
KXPAHOUSE,FALSE,18,48,3356,2343.27,39.71
KXMTMCK,FALSE,18,86,3355,2447.27,40.64
KXMAYORCHAR,FALSE,13,37,3345,2893.7,15.99
KXAMAFST,FALSE,3,35,3343,688.17,11.41
KXANNARBORMAYORD,FALSE,18,36,3342,1750.41,32.89
KXUEFASUPERCUP,TRUE,1,32,3339,1840.46,39.69
KXAWARDSCOUNTPEN,FALSE,17,99,3336,575.74,29.8
KXUSAMBMEXICO,FALSE,9,36,3326,2113.04,23.81
KXNEWROLEOPENDOOR,FALSE,16,59,3325,724.67,36.11
KXLEADERWNBA3PT,TRUE,9,35,3323,431.86,21.72
KXUKUSVISAS,FALSE,50,92,3321,476.35,28.1
KXCCDELINQ,FALSE,3,22,3320,1635.5,58.18
KXBOOKAWARDSNONF,FALSE,20,42,3316,1041.71,26.32
KXDEMORAESIMPEACH,FALSE,12,36,3301,248.11,15.89
KXEURUSDQ,FALSE,10,57,3295,792.58,41.77
KXUEL16VIKFTC,TRUE,1,26,3293,1604.64,52.53
BAFTASUPACTR,FALSE,7,36,3292,1209.87,24.17
KXNEWZEALANDPARLI,FALSE,34,63,3291,1644.87,57.51
KXBCHMINY,FALSE,38,135,3289,1486.72,15.75
KXDIRECTORMARVEL,FALSE,65,169,3284,1069.07,50.9
CPICN,FALSE,45,120,3283,2075.42,30.23
KXMTGISRAEL,FALSE,40,85,3277,198.93,13.37
KXDANGROSSMETA,FALSE,6,32,3269,1920.82,35.92
KXENDOWMENTRATE,FALSE,13,59,3267,810.86,29.73
KXVMALONGFORMVIDEO,FALSE,17,74,3265,1470.28,45.26
KXFDVRANGER,FALSE,7,54,3265,1401.69,25.83
KXMALAYSIAPARLI,FALSE,18,55,3264,1039.88,44.25
KXLEAVELECORNU,FALSE,8,37,3262,2165.95,41.51
KXMALAWI1ROUND,FALSE,8,61,3256,2087.34,32.23
KXTRUMPNEC,FALSE,2,17,3253,2532.18,14.82
KXDOTMINY,FALSE,21,66,3245,2152.91,37.55
KXTOPALBUMRECORDOR,FALSE,9,45,3242,177.5,9.39
KXANIMEBOS,FALSE,21,54,3232,428.56,23.49
KXCAPEVERDEPARLI,FALSE,10,40,3219,1607.4,50.95
KXSTABLEYIELDNOTION,FALSE,20,33,3213,3111.56,6.87
KXQUEBEC,FALSE,34,65,3210,681.63,37.55
CHILDS,FALSE,9,72,3207,864.45,33.52
KXTOPALBUMMORGANWALLEN,FALSE,17,54,3202,3124.26,5.5
KXNJGA,FALSE,19,45,3199,1810.92,7.92
KXSECSTATEGA,FALSE,32,93,3197,1511.67,55.41
MSFTCEO,FALSE,19,26,3191,106.8,7.29
KXCHOVYMVPWF,FALSE,31,118,3190,885.87,42.82
KXDURATIONBEASTWATER,FALSE,3,61,3187,1006.34,26.56
KXMAYORWORCESTER,FALSE,13,32,3166,1926.37,26.69
KXEWCAPEXLEGENDS,TRUE,5,52,3152,351.98,20.41
KXIA03D,FALSE,18,34,3145,2732.8,8.01
KXLCKAHRIPICK,FALSE,19,86,3145,750.19,32.32
KXCONGRESSEXPELSCHIFF,FALSE,6,24,3142,211.89,13.91
KXFDVWLFI,FALSE,6,43,3139,2453.02,28.77
MCHELLBLADE2,FALSE,20,50,3137,1953.67,28.53
KXPRESLEAVETUR,FALSE,26,36,3133,289.53,18.25
EUCLIMATE,FALSE,117,302,3128,1390.73,54.98
KXSECSTATENV,FALSE,19,61,3124,1960.86,35.92
SAGAWARDSUPACTR,FALSE,10,28,3113,1770.54,16.13
KXNYCCOUNCIL8,FALSE,20,43,3113,464.76,18.73
KXNYCCOUNCIL2,FALSE,25,70,3108,666.75,11.26
KXEVERIFY,FALSE,39,64,3107,790.79,40.52
KXSFHOMEVAL,FALSE,6,29,3097,2187.67,36.33
BILLBOARDPEAKUS,FALSE,14,49,3094,2320.94,30.82
KXCLOVERDALE,FALSE,7,61,3093,1598.86,42.25
KXNEWOUTBREAKPHEICCOVID,FALSE,34,41,3092,142.22,9.63
KXHOUSEWA8,FALSE,33,63,3087,2627.37,21.48
KXBROADWAYEVITA,FALSE,26,61,3087,1332.83,32.26
KXKXALBUMTRACKSZACHBRYAN,FALSE,4,91,3078,2571.81,17.13
KXSOLICITORGENERAL,FALSE,6,29,3073,975.15,34.24
KXCPIYOYBANK,FALSE,2,60,3071,1499.53,35.74
KXMICHELINSEA,FALSE,36,77,3066,357.69,20.21
TOPALBUMBYMEGAN,FALSE,26,50,3063,468.22,22.34
KXLATINGRAMMYSOTY,FALSE,6,44,3062,1679.22,31.54
KXNFLWINS-ARI,TRUE,29,38,3055,1374.76,45.42
SENATEAR,FALSE,76,156,3052,1751.88,11.99
KXFYREFESTPRICE,FALSE,68,311,3051,1925.58,42.04
KXWNBADPOY,TRUE,17,68,3044,510.98,26.1
USDTWDMAX,FALSE,36,69,3044,312.22,19.2
KXCHEXPORTS,FALSE,1,97,3039,2062.53,15.24
BOARD,FALSE,15,43,3035,2186.76,38.04
KXLATINGRAMMYAOTY,FALSE,5,34,3025,1380.04,20.83
EMERGENCYLA,FALSE,21,62,3022,544.1,29.59
KXDIDDYTRIALATTEND,FALSE,12,50,3020,181.06,11.45
KXDTICKET,FALSE,15,57,3017,153,10.46
KXMUSKFEUDCOORD,FALSE,15,39,3017,158.09,10.56
KXRANKLISTASTER20,FALSE,23,63,3014,296.91,18.38
KXIPORIPPLING,FALSE,47,137,3012,391.66,21.28
KXATTYGENNM,FALSE,26,52,3009,2400.36,17.96
KXMLBDRAFTPICK,TRUE,6,37,3002,1656.19,49.14
KXINXE,FALSE,6,63,2987,2577.41,12.47
KXSENATEIDR,FALSE,48,112,2984,2447.03,11.4
KXTWITCHSUBSNINJA,FALSE,42,75,2980,868.54,42.89
KXUNDOTARIFFVOTE,FALSE,1,39,2978,295.17,3.1
KXCRYPTOEXEMP,FALSE,19,50,2973,426.01,24.98
KXNFLEXACTWINSDET,TRUE,25,48,2973,390.88,19.69
KXRMAPLAYTOGETHER,TRUE,7,66,2972,1336.02,33.71
KXNEWDRUGAPPNTLA,FALSE,22,46,2970,1607.12,49.69
KXENDORSEBERNIEZOHRAN,FALSE,5,56,2970,2235.59,33.67
KXNYCCOUNCIL39,FALSE,24,71,2965,1171.85,31.3
KXCBDISRAEL,FALSE,19,77,2962,987.5,29.46
KXDCHOMEVAL,FALSE,4,23,2962,1472.25,32.91
NGASMIN,FALSE,10,35,2957,2281.34,29.51
KXMCGHOSTOFYOTEI,FALSE,13,63,2953,2177.22,34.23
VANRATESE,FALSE,5,23,2952,311.37,17.36
KXGRAMBRG,FALSE,26,79,2952,843.84,22
HOUSECA47,FALSE,26,62,2944,2348.21,26.42
KXBOEGOLD,FALSE,8,16,2941,226.72,14.61
KXSPORTSIGNINSPIRED,FALSE,16,34,2939,400.65,9.38
TECHLAYOFF-OCT,FALSE,21,49,2934,1563.38,50.81
KXENGLANDDOCTORSTRIKE,FALSE,22,70,2934,2428.74,27.32
KXDEFENSESPEND,FALSE,15,48,2924,1068.7,39.65
KXSENATEMTR,FALSE,29,68,2922,1422.56,11.17
KXDJTMSNBC,FALSE,93,159,2915,459.14,26.58
KXBETBC,FALSE,12,117,2915,1416.28,27.07
KXEARNINGSMENTIONGME,FALSE,3,23,2914,458.61,25.01
KXPOLIOWITHDRAW,FALSE,22,32,2913,277.19,17.45
KXMALAWIASSEMBLY,FALSE,9,32,2903,2030.27,19.71
KXWCCONTINENT,TRUE,18,49,2902,628.9,21.76
KXSPOTIFYSONGSCHAINSANDWHIPS,FALSE,8,58,2897,589.68,23.58
HOUSENY22,FALSE,20,50,2894,1513.36,26.54
KXBETHER,FALSE,6,66,2893,528.3,15
KXTOPSHOW,FALSE,4,91,2891,363.18,19.29
HOUSECA21,FALSE,26,63,2888,1678.74,32.04
KXBETBACT,FALSE,11,92,2887,981.35,24.38
USDJPY-22AUG12,FALSE,1,117,2887,1091.45,34.97
KXNORWAYRED,FALSE,6,63,2885,677.12,24.9
KXCCCHGOFF,FALSE,2,12,2883,1759.65,48.05
KXWAPOWHBAN,FALSE,35,68,2881,446.91,25.32
KXJOINEKITIKE,FALSE,4,74,2878,1799.68,31.85
KXAUWPCC,FALSE,10,269,2873,1317.41,43.35
KXUKRAINE,FALSE,11,19,2864,67.82,4.68
KXVENICEFILMFESTIVALSCREENPLAY,FALSE,10,89,2859,659.49,24.8
KXTOPSELLERS,FALSE,9,71,2851,1985.92,13.43
KXIPOAIRTABLE,FALSE,54,153,2842,590.15,31.51
KXGREENLANDPARTY,FALSE,6,63,2830,1056.77,16.11
KXSENATEMIR,FALSE,40,111,2830,2044.24,29.09
KXACMANDGOTY,FALSE,11,49,2830,1738.4,37.68
KXAMAFRALB,FALSE,5,43,2823,967.5,19.66
KXBRPRESIDENT3,FALSE,14,62,2820,730.53,36.02
KX1SONGYEAT,FALSE,21,44,2820,80.6,5.62
KXMD06D,FALSE,47,76,2807,1538.8,47.57
KXBETBIA,FALSE,10,63,2798,1839.18,28.19
KXCAVOTERID,FALSE,12,44,2797,1003.94,44.68
KXSORONDO,TRUE,47,104,2794,397.51,24
KXFEATUREDONTOLIVER,FALSE,4,55,2793,2224.07,10.5
BRAZILXBAN,FALSE,30,75,2793,308.59,18.48
KXFDVINFINEX,FALSE,10,39,2791,1311.71,29
KXNRLCHAMP,TRUE,26,78,2778,734.51,34.34
KXRIPPLINGDEEL,FALSE,76,147,2777,1671.06,46.86
KXGENERICBALLOT,FALSE,4,39,2774,2289.87,23.8
KXNYVOTING,FALSE,2,20,2769,238.15,14.93
KXEWCRB6,TRUE,4,96,2763,576.09,20.75
KXJUDGES,FALSE,18,23,2758,698.14,34.87
KXJAPANFOODTAX,FALSE,26,53,2745,1711.49,45.21
KXWHATSONSTAGEBPIAM,FALSE,7,21,2744,1617.05,27.36
KXSPOTIFYSONGSALLNIGHT,FALSE,8,117,2736,1454.44,30.67
KXLAMINEYAMAL,TRUE,31,48,2733,324.58,20
KXBBGMAYOR,FALSE,7,10,2727,50,3.49
KXARTISTCOLLABDRAKEMINAJ,FALSE,20,60,2725,487.84,25.15
KXCARRIED,FALSE,27,66,2722,519.12,27.87
KXBULL,FALSE,2,35,2703,1456.81,39.84
NETCHOICE,FALSE,21,56,2701,1262.56,26.65
KXMWCRAZYEYES,FALSE,9,46,2700,1185.82,37.61
KXAPPRANKUTILITIES,FALSE,3,12,2700,100.67,6.68
KXFEDWIKI,FALSE,23,37,2690,187.01,12.16
KXGRAMBABNASR,FALSE,9,22,2686,285.8,9.83
KXCOMMENTTRUMP,FALSE,16,123,2685,316.51,19.62
KXWCMESSIRONALDO,TRUE,49,84,2667,1239.46,45.57
KXSENATEORD,FALSE,53,97,2656,1696.99,11.22
KXBANBLUESKYVANCE,FALSE,5,34,2647,180.43,11.25
ARGSTRIKE,FALSE,15,32,2646,2200.4,25.15
KXSPOTIFYSONGSPARACHUTE,FALSE,6,47,2640,655.18,26.07
KXBOLSONAROLEAVE,FALSE,13,29,2639,647.7,33.39
KXGOVFORMPL,FALSE,24,43,2635,313.7,14.66
KXMCNINJAGAIDEN4,FALSE,9,27,2634,1263.17,19.87
KXUSIL,FALSE,15,31,2625,396.37,21.16
KXWNBAMIMP,TRUE,6,46,2621,289.15,18.04
KXCOLOMBIA1R2,FALSE,9,61,2619,594.54,27.45
KXFANATICSGAMESSECONDPLACE,FALSE,5,97,2611,1109.96,17.26
KXVOTEPERCENTSTAN,FALSE,11,61,2610,1900.48,32.15
KXANIMEBR,FALSE,29,84,2606,996.82,29.77
KXSPOTIFYSONGSEOS,FALSE,6,28,2599,1084.51,5.83
KXCONSENTCOLUMBIA,FALSE,12,29,2597,415.86,23.81
EMERGENCYSF,FALSE,21,51,2594,368.15,20.74
KXJOINDAVID,FALSE,12,38,2586,874.48,39.17
KXGASBAN,FALSE,14,30,2584,195,12.63
KXIPCGAZA,FALSE,7,39,2580,2316.65,14.23
KXNYCCOUNCIL4,FALSE,31,106,2574,1316.19,30.05
KXEDMONTONGRIESBACH,FALSE,8,51,2574,1923.23,25.48
KXROWING,FALSE,2,26,2565,1712.31,11
KXAUMFVENEZUELA,FALSE,4,73,2565,460.3,24.53
KXLOSEREELECTIONGOV,FALSE,25,100,2565,550.92,28.96
BAFTAFILM,FALSE,5,25,2564,1581.77,17.61
KXACQUIREMISTRALAI,FALSE,30,69,2556,427.08,23.32
KXACQANNOUNCECHROME,FALSE,16,46,2555,170.02,10.98
KXO13MENSINGLES,FALSE,3,6,2553,592.53,18.44
SCASE-US,FALSE,4,28,2553,1487.59,43.53
KXDWTSCAST,FALSE,7,34,2549,1436.83,33.49
KXPERSONUNRETIRE,TRUE,18,94,2545,853.92,39.69
LIZARRAGA,FALSE,5,67,2544,536.59,25.86
KXOASIS,FALSE,13,21,2542,2426.22,7.46
KXTRUFBFST,FALSE,6,130,2539,2203.41,15.74
KXDOMINICANREPUBLICSENATE,FALSE,25,49,2534,1676.09,29.3
KXMEDIARELEASEPRISONBREAK,FALSE,76,397,2507,682.2,31.89
KXMEEKMILLAI,FALSE,15,79,2501,431.31,23.44
KXFURYJOSHUA,TRUE,16,66,2500,1781.43,35.37
KXTHEFALLOFF,FALSE,3,28,2496,1534.66,7.85
TOPALBUMYEARI,FALSE,7,22,2488,978.15,8.33
KXCEOUSSTEEL,FALSE,39,77,2482,469.57,25.74
KXNFLEXACTWINSCLE,TRUE,21,29,2460,1013.44,16.4
KXEWCTEAMFIGHTTACTICS,TRUE,5,29,2445,219.5,13.61
KXOKPRIMARY,FALSE,5,65,2439,1082.57,27.73
KXGROENSEATS,FALSE,8,37,2432,1252.66,25.91
KXWNBA6POY,TRUE,7,48,2426,540.68,28.79
KXKENYAASSEMBLY,FALSE,13,24,2421,1209.13,42.33
KXNUMONESONGFOO,FALSE,8,49,2421,2255.74,9.18
KXKXTOPTENJUSTINBIEBER,FALSE,4,76,2419,116.07,8
KXPOLANDSEJM,FALSE,25,39,2415,1165.04,41.42
SPACEXLAND,FALSE,20,47,2413,1174.35,35.59
KXBARNESFELIX,FALSE,6,34,2412,2261.78,9.46
KXVENUEPERFORMANCEDRAKE,FALSE,34,65,2406,934.39,33.44
KXGER2ND,FALSE,4,16,2405,1573.31,4.01
KXVMAPPOTY,FALSE,12,51,2401,1030.07,23.1
KXBETVOTY,FALSE,9,104,2401,948.63,20.92
KXVANCOUVEREAST,FALSE,12,34,2400,969.4,29.11
SCASE,FALSE,5,33,2392,837.13,38.19
HURWIL,FALSE,52,67,2391,373.93,20.56
KXUSISMSERV,FALSE,9,60,2387,858.22,34.74
KXNETWORTHROYLEE,FALSE,40,64,2381,222.63,13.96
KXAMAFTA,FALSE,6,52,2379,959.05,9.29
KXVOTECOUNTSURVIVOR,FALSE,2,58,2375,1763.82,14.37
KXACUIREANTHROPIC,FALSE,18,23,2374,78.31,5.3
ERCOTX,FALSE,28,82,2373,1283.27,34.53
KXHAMILTONCENTRE,FALSE,8,32,2370,955.2,22.31
KXNYQSBS,FALSE,9,29,2362,708.41,27.5
KXOVERSIGHTRM,FALSE,10,53,2355,1056.94,22.73
KXVOTEPERCENTAUTO,FALSE,16,62,2339,1370.61,29.26
KXBLANCHEMAXWELL,FALSE,2,2,2337,2313.63,1.63
KXNDAABILL,FALSE,9,29,2333,2103.08,14.26
KXFDVMET,FALSE,7,44,2327,1294.89,25.87
KXACQUIREPUMPFUN,FALSE,21,58,2314,549.16,27.39
KXAMERICAPARTY2028,FALSE,19,53,2307,548.63,27.46
KXMWREVELATION,FALSE,10,40,2304,1100.61,28.87
KXBETVDOTY,FALSE,12,85,2301,1326.75,23.6
KXWNBA40PTS,TRUE,9,34,2295,586.48,30.69
KXSPOTIFYSONGSBANNEDFROMNO,FALSE,7,55,2273,392.44,16.9
KXNEWROLEJP,FALSE,3,19,2272,349.08,20.65
KXGRAMBTBA,FALSE,11,43,2268,596.93,8.26
KXSPOTIFYSONGSJUMP,FALSE,5,33,2264,2026.1,12.03
KXMAINNETFIRSTMONADMEGAETH,FALSE,23,65,2263,2038.42,14.23
KXF1SPRINTTOP10,TRUE,3,62,2261,665.25,26.46
KXCALLHERDADDYCANCELED,FALSE,7,21,2254,458.78,24.67
KXANTITRUSTOAIMSFT,FALSE,11,28,2246,389.3,21.98
KXGUINEAREF,FALSE,23,51,2245,2058.87,11.91
KXCHESSOLYMPIADUSA,TRUE,5,28,2243,1584.01,26.49
KXSPOTIYSONGS2MAZZA,FALSE,8,61,2243,1035.26,28.48
KXPROFILECHANGESWIFT,FALSE,12,73,2234,271.47,14.25
KXTHAIL1,FALSE,7,10,2233,743.81,1.66
PPUNISH,FALSE,8,18,2228,65.36,4.45
KXSPOTIFYSONGRELEASELDR,FALSE,20,76,2224,467.68,24.85
FEMALECEO,FALSE,12,26,2213,413.47,23.52
CHINALLM,FALSE,4,17,2194,1442.48,34.35
KXMAMDANISEAT,FALSE,22,59,2187,1874.31,10.6
KXBUYBTC,FALSE,19,41,2184,136.39,8.97
KXTOKENLAUNCHVENTUALS,FALSE,19,41,2183,214.23,12.58
KXHI01D,FALSE,28,79,2179,892.27,28.3
KXNFLEXACTWINSARI,TRUE,10,18,2176,207.14,12.44
KXTUBESUBSTBPN,FALSE,3,17,2174,2122.2,3.49
KXANIMEBVAPA,FALSE,15,50,2165,378.42,19.35
KXUNDOTARIFF,FALSE,2,21,2151,2066.51,5.56
KXREPORTTOPICEARHART,FALSE,21,61,2149,239.5,14.21
GOVPARTYID,FALSE,20,65,2146,1400.86,8.45
KXMOVIEDELAYDUNEPT3,FALSE,28,64,2145,295.11,18.03
KXBOUNTY2025S2,FALSE,6,60,2144,1011.91,24.26
KXNDALR,FALSE,21,40,2141,573.44,7.48
KXMEAD,FALSE,5,32,2139,2042.55,6.23
KXRENAMEGUARDIANS,FALSE,32,40,2135,73.18,5.1
KXMINASGOV,FALSE,9,38,2132,1183.09,32.68
KXTOPALBUMBLAKESHELTON,FALSE,9,63,2123,591.47,22.15
KXATTYGENNV,FALSE,19,32,2118,791,25.31
KXMCTALESOFTHESHIRELORDOFTHERINGS,FALSE,17,47,2117,1162.8,32.86
KXINDIANAPOWELL,FALSE,63,154,2113,581.29,30.31
KXCANCUTS,FALSE,7,61,2110,464.7,10.34
KXTURKEYTERMLIMITS,FALSE,30,48,2106,189.07,12.14
AMCCEOCHANGE,FALSE,46,55,2103,297.66,17.8
KXHEGSETHVISITCA,FALSE,15,79,2097,204.3,12.65
KXTEFILLIN,FALSE,11,43,2092,518.56,25.96
HOUSEIL17,FALSE,32,60,2092,1492.08,17.19
KXFDANOM,FALSE,3,91,2080,640.71,21.95
KXSTATEMENTCOUNTPOPESS,FALSE,19,53,2075,1311.59,31.42
KXSPOTIFYSONGSBOYCRAZY,FALSE,7,101,2074,419.73,17.06
KXCAHOUSEDEM,FALSE,19,82,2071,420.58,21.77
BAFTADIR,FALSE,6,27,2071,1098.46,6.68
KXVOTEPERCENTSPD,FALSE,7,33,2067,1557.86,13.8
KXNFLWINS-GB,TRUE,48,91,2067,1097.5,33.33
KXJUMANJI3DELAY,FALSE,51,107,2056,608.69,29.83
KXLEADERWNBAPTS,TRUE,9,43,2049,513.43,24.07
KXMWNOTHINLEFT,FALSE,8,33,2034,741.06,24.53
KXMASSIEDISCHARGE,FALSE,19,61,2029,793.49,12.87
KXSECSTATEWI,FALSE,27,65,2027,1173.62,29.19
KXMCTHEALTERS,FALSE,9,25,2026,1047.57,19.16
KXANIMEBCD,FALSE,24,74,2022,694.17,23.86
KXMWLOVESOMEBODY,FALSE,13,51,2017,931.12,27.24
KXSNAPELECTIONES,FALSE,32,52,2016,218.13,12.92
KXSPINOFFSEV,FALSE,26,44,2014,212.33,13.29
KXOWGRRANK,TRUE,11,64,2012,974.98,16.93
KXAMAFCDOG,FALSE,5,44,2010,688.52,6.64
KXTOPALBUMRECORDVIE,FALSE,9,26,2010,104.78,6.57
KXVENICEFILMFESTIVALSILVERLION,FALSE,8,68,2008,460.93,14.74
KXCEOGS,FALSE,15,31,2005,245.75,14.66
TSUNAMI,FALSE,29,41,1992,1441.25,21.25
KXVENEZUELADEPLOY,FALSE,4,66,1992,337.21,18.66
KXPATIENTSMONOPOLIES,FALSE,41,93,1989,309.88,18.57
KXSERGIOCONF,FALSE,8,15,1987,1905.4,5.47
KXCANUSTRIPS,FALSE,5,21,1983,567.77,27.56
KX1SONGKANYE,FALSE,28,49,1981,174.26,10.91
GOVPARTYAR,FALSE,28,40,1971,1294.97,5.78
KXMCDEATHSTRANDINGTWO,FALSE,11,42,1969,621.03,22.08
KXCHIMPORTS,FALSE,1,59,1966,1590.46,14.71
KXCHESSGRANDTOUR,TRUE,14,36,1960,246.88,14.48
KXNCAAFTOPAPRANK,TRUE,12,62,1958,1859.94,3.77
GOVPARTYMS,FALSE,37,74,1953,566.25,13.22
KXALBUMRELEASEDATEJB,FALSE,13,27,1941,419.96,21.49
KXGRAMMYNOMCOUNTKL,FALSE,4,24,1938,1772.22,8.83
TOPALBUMBYARI,FALSE,11,34,1937,1776.55,10.13
KXGRAMMYNOMCOUNTLG,FALSE,3,27,1935,1548.71,15.94
KXTX23SPECIALDATE,FALSE,8,33,1934,550.71,27.37
KXSPORTSIGNLBJ,FALSE,4,18,1929,374.15,6.55
KXSPOTIFYSONGSTYLABLISS,FALSE,6,68,1927,670.58,24.79
KXBETDBJBGIA,FALSE,3,44,1919,546.61,10.74
KXBLOCKITOUTSOURCING,FALSE,33,75,1917,631.61,26.88
BAFTAOSPLAY,FALSE,5,17,1911,1109.55,12.96
KXALBUMRELEASEDATEJCOLE,FALSE,30,68,1907,283.05,16.28
LANAREY,FALSE,3,80,1906,489.31,23.92
KXIPOOURA,FALSE,42,101,1905,501.66,22.08
KXARGPREMDIVADVANCE,TRUE,2,28,1904,840.99,22.78
KXAMCCEOCHANGE,FALSE,22,34,1893,350.77,19.99
KXLEAVEMEENVOY,FALSE,16,61,1892,256.43,15.08
KXCOMMISHFDA,FALSE,3,16,1890,1695.83,11.84
KXNINTENDOZELDA,FALSE,16,31,1883,73.71,4.95
KXHOUSERACE-SDAL,FALSE,16,51,1880,257.69,6.26
KXPLAYWC,TRUE,10,35,1879,1561.23,17.43
SENATENY,FALSE,48,99,1877,953.75,12.42
KXIMALITTLECRAZY,FALSE,13,51,1872,549.06,18.42
KXMINAJCOUNTSZA,FALSE,3,67,1872,1285.18,24.07
KXSTUDIOGHIBLI,FALSE,10,35,1872,180.51,11.06
KXFARMBILL,FALSE,9,42,1866,525.46,19.64
KXMWLANIGHT,FALSE,6,23,1856,909.97,20.53
KXGERMANPARTYSEATSGC,FALSE,6,32,1848,291.93,15.43
KXRUGBYGPREMMATCH,TRUE,1,7,1844,921.56,2.03
KXNEWDRUGAPPBEAM,FALSE,23,36,1835,1181.27,26.91
KXMAYORCLEV,FALSE,7,36,1820,996.76,10.22
KXDJTCANG7,FALSE,1,31,1818,1293.38,3.98
KXEDMONTONGATEWAY,FALSE,6,20,1816,640.57,28.33
KXMCHELLISUS,FALSE,11,51,1815,1230.96,23.7
KXAMENDVIOLATENYS2,FALSE,21,29,1811,369.83,16.63
KXDIROSTP,FALSE,2,15,1805,1744.3,4.1
KXMWJACKANDJILL,FALSE,7,18,1798,622.54,19.15
KXCCL,FALSE,14,67,1794,900.13,29
HOUSENJ5,FALSE,43,75,1790,1340.09,14.46
KXPORTUGALSECOND,FALSE,15,26,1790,568.93,11.94
KXITTFMEN,TRUE,9,36,1789,383.17,3.06
KXTOPALBUMKESHA,FALSE,21,71,1789,90.98,6.34
KXFOREVER,TRUE,5,66,1789,748.5,23.96
KXMLBPLAYEROTW,TRUE,9,64,1787,802.86,18.88
KXCUMBERLAND,FALSE,4,20,1787,1182.05,25.24
KXCURFEWVIOLATELA,FALSE,9,26,1783,95.01,6.26
KXHABEAS,FALSE,55,137,1780,423.07,23.23
AXONFTC,FALSE,12,34,1778,1662.81,7.26
KXNYCCOUNCIL38,FALSE,21,48,1778,663.83,14.66
KXKMTLEADER,FALSE,11,61,1761,747.07,19.75
KXNEWALBUMDAVEMATTHEWS,FALSE,30,50,1761,364.03,19.67
KXVA2D,FALSE,41,110,1759,721.25,11.1
CDEF,FALSE,1,23,1754,846.5,30.22
KXALBUMRELEASEDATEDUALIPA,FALSE,19,46,1752,568.49,20.71
SENATEMA,FALSE,30,59,1742,432.64,4.99
KXSHAKETRUMPNETANYAHU,FALSE,3,89,1742,772.01,22.29
KXSPOTIFYALBUMRELEASEDATEWLR,FALSE,4,61,1741,471.98,21.17
KXPAYROLLSREV,FALSE,4,40,1740,750.13,20.88
KXISTANBULMAYOR,FALSE,6,8,1737,63.44,4.11
KXMIFEPRISTONEMAIL,FALSE,3,23,1737,339.72,18.09
HURNOR,FALSE,19,54,1734,241.97,14.37
KXANIMEBVAPJ,FALSE,20,42,1728,208.75,11.96
USDJPY-22AUG15,FALSE,1,93,1721,712.43,16.58
KXUKUNRATE,FALSE,14,93,1717,832.79,27.37
KXAMAFFLA,FALSE,4,41,1711,577.56,12.4
RETAIL,FALSE,15,67,1710,1017.12,22.31
KXVENICEFILMFESTIVALACTRESS,FALSE,6,39,1708,538.78,16.43
KXNYCCOUNCIL14,FALSE,18,44,1706,984.23,16.7
KXCHAMBERLAINCAFE,FALSE,15,37,1705,99.31,6.44
MONTERO,FALSE,5,24,1704,187.85,6.65
KXWORDOFTHEYEAR,FALSE,29,105,1700,254.77,15.37
AAAGASD,FALSE,21,63,1698,465.3,16.29
KXAMAFMPA,FALSE,4,87,1697,503.27,19.24
KXAMAFHHA,FALSE,4,20,1696,1233.61,7.76
KXJCOLECBA,FALSE,10,30,1695,142.72,9.08
KXANIMEBDIR,FALSE,10,29,1694,213.64,12.5
KXBRASILEIROTOPX,TRUE,17,62,1691,1259.66,11.59
KXARRESTKWEON,FALSE,5,35,1687,1465.55,12.9
KXAUSTRALIASENATE,FALSE,17,124,1687,276.42,13.6
KXALBUMRELEASENBAYB,FALSE,22,48,1683,1280.02,20.15
KXTOKENLAUNCHAXIOM,FALSE,25,61,1678,231.96,14.13
KXRANKLISTSPOTIFYGTOP3,FALSE,21,73,1676,1327.23,19.43
KXKILDONAN,FALSE,7,33,1676,748,27.15
RTSYMPATH,FALSE,18,47,1670,1189.1,15.2
KXAMAFDEA,FALSE,4,34,1667,851.03,7.36
HOUSEPA17,FALSE,23,38,1664,1248.73,20.37
KXFDAAPPROVALDATENTLA,FALSE,29,56,1663,533.3,22.98
KXJOINSANE,FALSE,10,35,1662,244.03,13.72
KXITTFWOMEN,TRUE,10,65,1655,263.78,3.11
KXSCOTUSCERTFLAG,FALSE,29,53,1653,169.21,10.76
KXECCOMPACT,FALSE,21,82,1649,159,10.21
KXAPPSTOREVISIONGAME,FALSE,2,12,1646,872.51,23.04
KXAMAFMRNBA,FALSE,4,37,1644,444.49,7.29
KXLATINGRAMMYBNA,FALSE,2,9,1637,672.59,9.26
KXHOWARDSTERNANNOUNCEMENT,FALSE,3,32,1626,187.12,9.92
KXANIMEBES,FALSE,16,33,1623,297.64,15.55
KXSECSTATEAZ,FALSE,40,68,1615,1104.74,17.61
SENATECA,FALSE,26,76,1614,297.37,8.62
KXBETYSA,FALSE,9,60,1613,804.9,13.86
KXCASECESSION,FALSE,71,137,1610,430.66,22.61
KXSPOTIFYSONGSHOLYBLIDFOLD,FALSE,6,36,1610,901.32,20.78
MCWARWITHIN,FALSE,18,37,1608,645.43,15.7
KXMWWHISKEYINREVERSE,FALSE,9,33,1595,680,19.32
KXCLUBCHANGEMBAPPE,TRUE,8,31,1595,259.6,15.18
KXAMAFMLA,FALSE,3,12,1590,1208.06,5.82
KXNDJOINCONF,TRUE,33,97,1589,178.98,11.31
KXGRAMMYNOMCOUNTSC,FALSE,4,22,1572,884.12,10.26
KXMCSILENTHILLF,FALSE,12,44,1571,795.36,14.2
KXMUSKEMAIL,FALSE,8,26,1569,176.46,9.66
KXVOTEMILLSEXPEL,FALSE,8,24,1569,439.03,20.07
KXLICENSE777X,FALSE,19,48,1565,266.09,14.97
KXWALLSPEND,FALSE,17,50,1559,1109.18,17.49
KXNCAAFMWC,TRUE,7,10,1556,996,23.84
KXMARRIAGEASAPRIHANNA,FALSE,30,65,1551,264.82,14.44
KXINJH,FALSE,2,15,1547,1357.94,11.31
USDJPY-22AUG16,FALSE,2,35,1538,397.63,15.05
KXREGINAWASCANA,FALSE,4,12,1536,451.88,15.02
KXSPOTIFYSONGSALM,FALSE,7,29,1532,798.64,17.79
KXUSMICHCSP,FALSE,8,78,1529,656.83,21.24
KXTXHOUSE,FALSE,19,63,1529,894.28,23.65
KXUKRENEWOB,FALSE,7,16,1527,389.27,20.02
KXYOUTUBESUBS,FALSE,1,5,1523,107.03,6.97
KXFDVESPRESSO,FALSE,4,37,1522,628.41,16.07
KXINDJUDICIARY,FALSE,51,98,1520,384.81,20.36
KXNEWVIDEOBADBUNNY,FALSE,6,75,1519,204.46,10.55
KXSONGRELEASEDATEPC,FALSE,19,37,1519,345.47,14.81
KXPCOIE,FALSE,6,15,1513,1441.1,4.53
KXENGAGEMENTBEERHERBERT,FALSE,9,16,1509,212.42,12.4
KXNFLSUPDRAFTPICK,TRUE,6,23,1504,650.28,25.57
KXTVSEASONRELEASEACOURTOFTHORNSANDROSES,FALSE,85,223,1503,869.55,26.28
KXMAYORCIN,FALSE,6,12,1502,192.95,6.16
KXVOTEPERCENTNOKRF,FALSE,1,1,1500,1485,1.04
KXOPENDOORCEO,FALSE,7,22,1494,216.65,11.87
KXRANKLISTBONK50,FALSE,22,65,1492,255.58,14.55
KXSPOTIFYSONGSDEALER,FALSE,5,46,1492,521.19,9.66
KXSENATEDER,FALSE,7,35,1491,804.25,25.25
KXBRAZILJOBS,FALSE,4,33,1491,94.76,6.33
KXCARROUT,FALSE,15,34,1489,267.46,13.85
KXCATHOLICWISCNOSIN,FALSE,11,39,1487,1317.61,9.03
KXMOSTSTREAMEDSONGTHACARTERVI,FALSE,7,58,1486,262.43,13.02
KXLEASTSTREAMEDHH,FALSE,7,69,1485,490.61,13.69
KXCRIMESEN,FALSE,2,21,1485,234.08,13.89
KXSPOTIFYSONGSSOMEBODY,FALSE,5,49,1481,305.65,16.42
GRAMBRA,FALSE,6,19,1478,166.47,8.88
KX1SONGGUNNA,FALSE,10,46,1475,57.06,3.9
KXVENICEFILMFESTIVALACTOR,FALSE,5,40,1473,463.51,14.2
KXMOLDOVABEP,FALSE,5,13,1472,136.66,3.43
KXEOLAWFIRM,FALSE,3,19,1464,1153.69,16.4
KXEWCFREEFIRE,TRUE,3,33,1461,188.01,10.98
KXTFP,FALSE,3,10,1457,428.39,19.23
KXCAHOUSINGLAW,FALSE,5,37,1451,1268.19,10.47
KXTRANSFERCOUNTRM,FALSE,11,41,1450,594.06,21.96
ANIMEBCS,FALSE,11,36,1449,294.35,15.32
KXMEDIAGUESTMMARKS,FALSE,20,47,1449,873.4,20.69
KXKXMOVIEDELAYBATMANPT2,FALSE,51,90,1441,532.39,23.71
KXTRUMPTESLA,FALSE,10,60,1435,124.59,8.06
KXKBORFI,FALSE,2,17,1431,822.16,20.47
KXWNBAFINALSMVP,TRUE,6,11,1426,74.33,4.38
KXRONENBAR,FALSE,3,17,1422,280.18,15.07
KXGADST,FALSE,8,27,1421,449.51,20.26
KXSFSPELLINGBEE,FALSE,2,52,1411,213.13,7.77
KXAMAFAA,FALSE,1,15,1407,656.37,4.86
KXNETWORTHKAICENAT,FALSE,25,56,1405,194.13,11.88
KX10Y2Y,FALSE,33,65,1402,435.2,18.54
KX1SONGMETROBOOMIN,FALSE,12,21,1400,129.25,8.01
KXSZATAGMINAJ,FALSE,3,61,1400,298.5,16.42
KXPRESNOML,FALSE,5,18,1389,106.75,6.89
KXMOSTSTREAMEDAMERICANHEART,FALSE,5,28,1388,631.31,12.73
KXTOBACCPI,FALSE,18,55,1383,1228.38,9.77
KXWNBAPORTNOY,TRUE,12,20,1378,61.33,4.08
SCHLSF,FALSE,15,41,1376,1282.55,6.19
KXARTISTCOLLABDRAKEKENDRICK,FALSE,45,112,1375,267.44,15.17
KXRNCCHAIR,FALSE,4,24,1374,349.4,14.07
KXFOXONE,TRUE,11,54,1361,1129.04,13.1
KXCHICOUTIMI,FALSE,6,28,1353,731.82,9.1
KXCHGDPYOY,FALSE,11,37,1350,796.74,19.86
KXMWMIAMI,FALSE,9,23,1346,616.57,17.02
KXPOPCHANGESTATE10,FALSE,34,88,1346,193.91,11.95
KXARTISTCOLLABYEMIKEDEAN,FALSE,6,9,1331,30.99,2.13
KXCARDFEECHASESAPH,FALSE,6,18,1331,1214.83,6.91
KXMOVIELENGTH,FALSE,8,35,1325,382.68,11.73
KXVOTEGREER,FALSE,2,37,1319,1279.48,2.14
KXMIRAGE,FALSE,14,23,1319,57.6,2.66
KXVOTEPERCENTNOLABOUR,FALSE,4,41,1316,399.92,17.01
KXSNAPCUTS,FALSE,6,23,1313,575.88,19.28
LCPI,FALSE,5,39,1307,564.97,22.6
KXDONATEMRBEAST,FALSE,60,136,1307,548.8,22.54
KXNEWOUTBREAKPHEICCHIK,FALSE,15,32,1306,67.86,4.64
KXMIAHOMEVAL,FALSE,5,17,1305,606.96,17.7
KXMWIMTHEPROBLEM,FALSE,11,27,1304,530.28,15.58
KXIIHFCHAMP,TRUE,8,62,1301,622.37,17.23
KXGOLIVEMRBEAST,FALSE,11,54,1300,262.44,13.86
KXMWLEAVINSTHELEASTICOULDDO,FALSE,10,25,1299,672.05,15.43
KXMWINTERLUDE,FALSE,8,20,1297,786.57,18.6
KXMWCOMEBACKASAREDNECK,FALSE,11,58,1296,726.97,18.12
KXGLOBAL200,FALSE,4,29,1287,524.77,15.55
EMERGENCYCOL,FALSE,14,29,1287,292.25,14.93
KXTORCONDO,FALSE,6,29,1283,492.18,21.34
KXDENHOMEVAL,FALSE,14,69,1282,763.15,17.49
KXDEZEW,FALSE,9,102,1278,905.88,13.44
KXLEAVEWALTERS,FALSE,3,29,1274,1158.09,7.17
KXATLANTIC,FALSE,24,43,1272,150.42,8.8
KXDEVASANTRIX,FALSE,5,9,1272,1082.6,10.96
KXREVSOL,FALSE,5,17,1268,1168.65,6.05
KXEDVACONF,FALSE,12,31,1267,52.6,3.62
KXPHILIPPINESSENATE,FALSE,22,148,1264,522.9,20.12
KXSENATERUN,FALSE,8,25,1260,900.17,17.16
KXNBAFINALSVIEWER,TRUE,1,7,1253,953.51,12.75
KXPRESNOMG,FALSE,6,36,1253,167.24,10.2
KXCANADABLOCK,FALSE,9,20,1247,75.56,5.07
KXTOPALBUMBYJOEJONAS,FALSE,12,28,1246,102.47,6.48
KXJOINLEAGUE,TRUE,20,63,1243,429.21,14.73
KXBNBMAXMON-BNB,FALSE,6,23,1243,507.28,19.35
KXIPOGLEAN,FALSE,42,147,1242,133.94,8.76
KXOLEMISSATTENDANCE,FALSE,4,33,1240,1122.2,4.86
KXARTISTCOLLABTATEMCRAETHAKIDLAROI,FALSE,15,30,1237,183.96,10.31
KXLEAVEXAI,FALSE,1,4,1237,392.64,13.52
KXANIMEBVAPF,FALSE,15,30,1234,191.86,10.44
KXEIP7503,FALSE,15,22,1234,98.2,6.31
KXWIKIMEDIA,FALSE,7,65,1234,186.89,10.61
KXNYTVISITPALANTIR,FALSE,15,34,1225,182.37,10.87
EMERGENCYWIL,FALSE,15,30,1219,234.03,12.43
KXTRUMPTBPN,FALSE,25,45,1215,142.56,7.62
KXNEWVIDEODOBRIK,FALSE,5,18,1213,1056.02,7.27
KXAJTOSSEO,FALSE,5,16,1210,998.3,10.52
ANIMEBOA,FALSE,8,19,1207,154.54,8.67
KXCANOREOY,FALSE,2,7,1201,468.03,19.9
KXMAYORFRAMINGHAMMA,FALSE,13,21,1195,26.34,1.88
KXLEAVEOPENAI,FALSE,19,34,1193,169.55,9.96
KXOTTAWAMAYOR,FALSE,12,30,1191,769.66,17.03
KXEUROZONE,FALSE,26,68,1190,270.73,12.27
KXENGAGEMENTDURANTADAMS,FALSE,6,7,1189,56.19,3.73
VANRATESC,FALSE,4,15,1185,123.89,7.24
KXROBINHOODCHAIN,FALSE,22,47,1182,214.63,8.7
KXENGAGEMENTWOODSTRUMP,FALSE,9,24,1179,136.36,8.43
KXGRAMBAN,FALSE,10,31,1178,279.09,9.48
KXUFLTOTAL,TRUE,4,44,1171,784.98,13.83
KXMCREVENGEOFTHESAVAGEPLANET,FALSE,4,7,1166,506.23,12.72
KXPREMCHAMP,TRUE,16,25,1166,178.2,9.37
KXCEOPFE,FALSE,25,48,1164,115.87,7.36
KXINDIAX,FALSE,33,55,1163,121.19,7.48
KXMTPRIMARY,FALSE,11,32,1161,722.51,7.73
KXKILLTONYGUEST,FALSE,27,61,1159,249.31,13.25
KXHICP,FALSE,7,21,1159,623.22,14.35
KXNEWSOMRUN,FALSE,16,54,1156,360.57,17.16
KXSPAINBULLFIGHTING,FALSE,27,47,1148,102.25,6.55
KXSHOWENDFAMILYGUY,FALSE,56,118,1146,567.8,20.4
GOOGLESHARE,FALSE,22,31,1144,1043,6.58
KXUSALITHIUM,FALSE,8,36,1140,875.22,14.15
KXGRAMBEANC,FALSE,8,31,1140,420.66,8.64
KXATTYGENMA,FALSE,13,48,1138,676.56,4.52
KXANIMEBVAPB,FALSE,9,38,1138,157.7,7.94
KXWMARMAD1SEED,TRUE,5,27,1137,196.35,7.52
KXMEDIAGUESTTBPN,FALSE,7,33,1136,823.54,13.42
KXANIMEVAPI,FALSE,12,37,1128,148,8.5
KXSPOTIFYSONGSLOST,FALSE,4,25,1118,237.01,7.25
KXMA05D,FALSE,18,28,1114,561,8.21
KXBLSCHIEF,FALSE,7,31,1112,54.78,3.72
ANIMEBNS,FALSE,10,30,1112,119.09,6.84
KXVANCERUN,FALSE,8,21,1110,481.73,14.95
KXBRSENMOSTSEATS,FALSE,4,19,1109,833.43,13.39
KXSPOTIFYSONGSHAN,FALSE,6,53,1107,359.12,4.84
KXAPPSTOREIPADGAME,FALSE,2,6,1105,615.85,14.95
KXMWGENESIS,FALSE,7,21,1100,627.62,14.74
KXSPOTIFYSONGSHALFTHEPLOT,FALSE,6,28,1100,539.88,8.84
KXFREESYRIA,FALSE,16,39,1092,139.84,8.19
KXEWCMOBILELEGENDSBBWOMENS,TRUE,2,17,1091,243.85,12.45
KXJAPAN2ND,FALSE,7,27,1091,686.68,2.39
KXATTYGENSC,FALSE,20,44,1085,699.24,5.48
KXANIMEBVAPE,FALSE,13,46,1080,167.85,8.5
KXSTARTNYJ,FALSE,4,5,1077,983.7,1.71
KXSAHM,FALSE,2,21,1076,231.82,12.54
KXRANKLISTSUI,FALSE,13,34,1073,277.42,12.44
KXISTANBULMAYORGUILTY,FALSE,3,7,1071,1048.65,1.41
KXMWDRINKINGTILITDOES,FALSE,7,19,1069,372.43,12.26
KXNHLPLAYOFFGOALS,TRUE,13,75,1066,563.6,11.75
KXCAPITALMOVESK,FALSE,7,10,1065,67.15,4.04
KXXBANNEDGROK,FALSE,3,4,1049,94.91,6.05
KXNYCBRONXPRES,FALSE,11,21,1047,351.99,5.73
KX1SONGTYLA,FALSE,11,42,1047,104.54,6.56
KXCANRESIGN,FALSE,5,12,1041,40.07,2.69
KXRWAMCAPAVAX-AVALANCHE,FALSE,5,24,1038,665.95,14.65
KXEIP3540,FALSE,10,22,1036,111.38,6.79
KXATTYGENAR,FALSE,14,33,1032,771.29,4.57
ANIMEBA,FALSE,8,29,1030,409.82,16.94
KXBECERRABRAIDWOOD,FALSE,7,12,1028,846.12,10.07
KXNHL30COMEBACK,TRUE,9,31,1023,72.52,4.81
KXAMAFLS,FALSE,3,19,1021,526.18,6.34
KXMEDIAGUESTERICADAMS,FALSE,19,30,1018,119.27,7.46
KXMEDIARELEASEQUIETPLACE3,FALSE,13,20,1015,805.84,11.67
KXMWSCBROWNING,FALSE,6,18,1013,502.56,13.67
KXDEGFK,FALSE,7,35,1009,177.65,9.22
KXREVIEWRELEASEMKBHDFRIEND,FALSE,15,47,1005,287.99,14.03
KXMWMISSING,FALSE,5,13,1002,384.46,11.38
KXATTYGENGA,FALSE,25,48,1002,495.39,17.4
KXCZECHTURNOUT,FALSE,7,27,994,226.85,11.31
KXMUSICRECORD,FALSE,4,12,988,956.14,2.16
KXTENCOACH,TRUE,8,20,987,322.04,13.83
KXAPPSTOREVISIONAPP,FALSE,3,12,986,412.75,15.54
KXOSCARDEI,FALSE,30,47,986,126.53,7.62
KXLVL4WARNING,FALSE,15,40,979,100.16,6.26
KXSPOTIFYAUSTRALIAD,FALSE,3,23,977,426.75,13.94
KXAMAFRNBS,FALSE,2,15,974,52.9,3.57
KXMWFALLINGAPART,FALSE,5,17,972,719.54,10.87
KXSPOTIFYSONGSALLIWANTISYOU,FALSE,4,22,969,552.3,6
KXF,FALSE,17,70,964,380.17,15.08
KXNHLNEXTGM,TRUE,6,17,961,162.83,8.86
TOPALBUMBYZEDD,FALSE,14,18,959,45.99,3.13
KXPHXHOMEVAL,FALSE,4,12,956,445.2,13.29
KXMEDIAGUESTJAKESHANE,FALSE,30,42,948,195.15,11.02
KXTOPALBUMWIZKHALIFA,FALSE,12,24,938,87.71,5.38
KXANIMEBVAPG,FALSE,7,16,938,120.49,6.64
KXMWLIESLIESLIES,FALSE,8,16,936,302.66,10.21
ALTMAN,FALSE,11,31,935,52.81,3.61
KXCOMPANYBOARDOPENDOOR,FALSE,3,12,935,558.31,12.33
KXNORWAYCON,FALSE,1,19,932,224.12,10.92
KXAAPLRING,FALSE,14,26,932,62.74,4.18
USDJPYMIN,FALSE,12,20,932,30.99,1.99
KXCEOAMAZON,FALSE,20,43,929,115.53,7.23
KXMWIFYOUWEREMINE,FALSE,3,12,925,398.71,10.47
KXCROSSFIRE,FALSE,4,12,923,281.79,5.4
KXWNBACCUPMVP,TRUE,13,40,920,134.09,7.78
KXANIMEVAPL,FALSE,12,36,916,99.47,5.85
KXTOPALBUMBYERICCHURCH,FALSE,15,34,915,229.19,8.34
TOPALBUMBYBEY,FALSE,15,24,912,874.01,2.67
KXNATFRIEDMANMETA,FALSE,3,13,910,816.02,5.08
KXAPPSTOREIPADAPP,FALSE,2,4,900,489,11.45
KXGRAMMYNOMCOUNTJB,FALSE,3,15,897,643.41,10.67
EMERGENCYJAC,FALSE,13,18,897,131.89,7.21
KXMORESTREAMSPUSHAT,FALSE,8,45,894,715.98,4.94
KXUNDOTARIFFCOUNT,FALSE,1,15,891,500.17,2.16
KXMWEYESARECLOSED,FALSE,5,14,884,382.65,12.77
KXENGAGEMENTBOSAAILIFF,FALSE,25,46,879,212.87,11.39
KXIPOAPPSFLYER,FALSE,32,93,878,109,6.55
KXFDVHYPERSWAP,FALSE,14,47,874,69.01,4.47
KXAMESOHIO,FALSE,3,9,873,842,2.07
KXNEWCENSUS,FALSE,23,51,872,80.96,5.26
KXNORWAYFOURTH,FALSE,3,25,868,225.8,11.21
EMERGENCYPHIL,FALSE,9,22,867,475.22,13.49
KXWBCHEAVYWEIGHTTITLE,TRUE,8,91,865,155.07,3.16
KXMWNUMBERTHREENUMBERSEVEN,FALSE,6,15,860,305.9,11.04
KXPLL,TRUE,8,23,857,218.15,9.44
ANIMEBF,FALSE,8,19,857,281.17,9.49
KXTETHERPAUSE,FALSE,14,25,856,47.49,3.18
KXEWCEASPORTSFC,TRUE,2,13,848,308.32,6.44
KXCENAMENTION,FALSE,16,87,846,468.6,13.27
KXGRAMBCP,FALSE,5,10,844,68,3.8
KXMWWORKINGMANSONG,FALSE,8,21,843,517.47,11.92
KXACQUIRELADSKENES,FALSE,16,21,831,49.98,3.35
KXAMAFCA,FALSE,1,24,831,310.76,3.05
KXSPOTIFYSONGSONEHEARTONEVOICE,FALSE,5,24,826,159.67,7.82
KXTRINITYRODMANNWSL,FALSE,12,17,824,776.69,2.63
KXNORWAYSECOND,FALSE,3,16,820,301.2,4.05
KXARTISTCOLLABBILLIEYEAT,FALSE,15,25,819,179.53,9.85
KXUEL16ROMFCP,TRUE,1,14,818,538.92,6.6
KXSENATEWYR,FALSE,16,32,811,595.43,5.27
KXNYCCOUNCIL1,FALSE,8,29,806,603.47,2.84
KXBRGOVMOSTSEATS,FALSE,1,5,801,182.05,9.69
KXVOTEPERCENTNOLIB,FALSE,1,1,800,8,0.56
KXMWSUPERMAN,FALSE,5,17,799,390.19,12.38
KXAPPSTORETVAPP,FALSE,3,16,798,478.86,13.03
KXMLBDEBUT,TRUE,2,21,796,92.23,1.9
KXSLOVAKIAPARLI,FALSE,8,15,790,391.97,13.87
KXMRBEAST50M,FALSE,3,29,784,607.73,7.99
KXARRESTNEWSOM,FALSE,8,17,782,31.18,1.96
KXAPPSTOREWATCHAPP,FALSE,4,19,782,573.13,9.39
KXPAVIAPRESEASON,TRUE,9,15,781,693.2,5.42
KXUEL16RSOFCM,TRUE,1,10,779,281.83,3.86
KXTOPALBUMSTRAYKIDS,FALSE,7,24,779,752.05,1.94
KXBANXUK,FALSE,11,16,777,56.89,3.69
KXTOPALBUMBYPINKPANTHERESS,FALSE,8,15,773,90.63,5.44
KXADMINCMS,FALSE,6,21,769,674.17,5.84
KXANIMEBBAC,FALSE,8,19,768,366.17,9.19
KXLOCATIONOPENERICEMANUEL,FALSE,18,39,759,103.31,6.3
ANIMEBMC,FALSE,11,27,754,190.45,8.04
KXAMAFLDOG,FALSE,2,15,752,230.84,2.36
KXJOINNEYMARMIAMI,FALSE,4,13,749,49.89,3.2
KXRETIREBACON,FALSE,18,29,747,112.75,6.71
KXTOPALBUMKALIUCHIS,FALSE,6,20,743,64.57,3.88
KXLEAVEJONYIVEOAI,FALSE,15,29,740,57.7,3.77
KXFL6MOVSMALL,FALSE,3,6,738,367.62,4
KXANIMEMPAACC,FALSE,14,35,738,341.35,9.81
KXCNIMPORT,FALSE,9,25,736,431.76,9.43
KXTEMPHELP,FALSE,3,59,734,272.29,5.95
KXFINALISSIMAGAME,FALSE,7,17,733,349.09,9.82
KXACKMANMAYOR,FALSE,6,8,731,15.68,1.12
KXBRPRES1MOV,FALSE,7,12,729,329.36,11.06
KXJACKBOYS2,FALSE,9,34,725,119.48,5.68
KXANIMEVAPH,FALSE,8,19,715,69.31,3.76
KXNORWAYLABOUR,FALSE,3,26,714,346.4,8.57
KXRUBIORUN,FALSE,5,14,714,241.97,10.66
EURUSD-22AUG18,FALSE,1,11,711,108.19,5.84
KXLEADERWNBAREB,TRUE,7,24,710,306.98,9.29
KXKLARSTRIP,FALSE,5,6,707,60.82,1.57
KXNORWAYPF,FALSE,1,12,704,102.77,6.06
KXLEADERWNBAAST,TRUE,8,36,702,146.18,6.16
KXNYCCOUNCIL17,FALSE,9,22,694,309.32,4.74
KXFINLANDPARLI,FALSE,12,26,687,170.05,6.88
KXAPPSTOREMACGAME,FALSE,2,8,686,351.15,6.68
KXREPRODUCTIVEMEASURES,FALSE,8,24,685,334.83,6.12
KXNETFLIXMOVIERANKD,FALSE,2,17,682,531.93,6.64
NFPDELAY,FALSE,5,29,681,226.98,7.21
KXAMAFFRNBA,FALSE,4,16,680,592.31,3.56
KXPUBLICTRUDEAUPERRY,FALSE,12,55,670,106.01,6.29
KXLTGOVGA,FALSE,18,24,669,354.01,11.43
KXMEXICODEPUTIES,FALSE,15,25,662,505.99,6.89
KXLEONARDODICAPRIO,FALSE,21,36,661,87.89,4.26
KXEWCRENNSPORT,TRUE,2,7,649,259.91,10.89
KXAMAFHHS,FALSE,3,21,648,299.76,1.16
KXCOACHOUTMLBDATE,TRUE,11,28,646,44.33,2.65
TRDDEFCN,FALSE,13,24,639,286.18,11.15
KXNICKELSTOP,FALSE,15,26,639,35.04,2.43
KXGLASTONMYSTERY,FALSE,10,68,634,314.85,8.87
KXATTYGENID,FALSE,7,19,633,560.36,2.4
KXMWTHEDEALER,FALSE,6,15,632,459.71,5.85
KXRIOGOV,FALSE,2,2,625,493.01,7.26
EMERGENCYLOU,FALSE,13,17,624,92.14,5.2
KXTOP10BILLBOARDSPOTSAW,FALSE,3,5,623,554.05,0.46
KXTOPALBUMRECORDPLAY,FALSE,4,15,622,20.7,1.44
KXMWDARKTILDAYLIGHT,FALSE,6,15,617,400.47,6.72
BAFTASUPACTO,FALSE,7,12,616,423.33,3.29
KXMWIGOTBETTER,FALSE,6,14,612,491.34,5.91
KXWCGROUPWINNER,TRUE,3,28,606,123.97,3.85
KXSPOTIFYBRAZILD,FALSE,4,14,604,385.17,2.55
LU3,FALSE,4,15,604,138.08,7.51
KXAPPSTOREMACAPP,FALSE,2,4,603,360.93,6.91
KXVOTEPERCENTNOFRP,FALSE,3,6,602,589.75,0.86
KXSUPREMECOURTCHARGE,FALSE,12,20,601,36.73,2.54
KXFL6R,FALSE,2,3,600,202.98,0.43
KXGODOFWARXBOX,FALSE,24,36,598,51.53,3.32
KXATTYGENOK,FALSE,20,34,598,433.88,4.6
KXOBAMAAPPEAR,FALSE,2,4,596,535.39,3.83
KXAMAFLA,FALSE,4,8,594,489.33,3.49
KXNCAAWBWBIT,TRUE,3,6,591,580.42,0.65
KXOAIMSFT,FALSE,19,31,588,54.01,3.38
KXMUSKX,FALSE,10,34,587,106.58,6.21
KXMANCHINRUN,FALSE,16,30,586,190.75,8.86
KXLUMIERE,FALSE,8,22,581,44.2,2.7
KXSNAPELECTIONBAHA,FALSE,10,25,580,121.69,6.15
KXANIMEBVAPC,FALSE,7,22,579,48.33,2.83
AAAGASMAXTX,FALSE,8,9,577,96.44,5.19
WHEAT,FALSE,7,21,577,479.74,5.68
EMERGENCYSTL,FALSE,10,16,577,40.79,2.56
KXATTYGENCT,FALSE,19,32,575,486.49,4.44
COYOTEACME,FALSE,18,24,574,89.52,5.37
KXEKSTRAKLASA,TRUE,12,23,574,97.62,5.21
KXENGAGEMENTREECECARTER,FALSE,10,20,569,56.04,3.56
KXRUGBYMLRMATCH,TRUE,4,75,568,296.89,4.99
KXFRPMLEAVE,FALSE,3,7,565,544.54,1.38
KXYUKON,FALSE,4,18,559,359.45,2.7
KXANIMEBD,FALSE,16,33,558,195.85,7.92
KXDRAINTHESWAMP,FALSE,18,26,558,36.67,2.51
KXTOP10SABRINAC,FALSE,6,14,557,22.18,1.59
KX1SONGPINKPANTHERESS,FALSE,7,9,556,34.84,2.18
KXFL6D,FALSE,2,4,552,202.5,0.41
KXAPFDDH,TRUE,8,21,550,275.17,7.1
KXGREECEPRES,FALSE,2,4,550,181.5,1.8
KXERUPTKILUAEA,FALSE,9,20,550,274.06,6.37
KXNBASPORTSMANSHIP,TRUE,3,16,544,67,0.94
KXATTYGENOH,FALSE,17,31,542,160.28,6.84
VARIANT,FALSE,2,4,540,41.53,2.71
EMERGENCYDES,FALSE,12,18,538,60.72,3.71
KXARTISTCOLLABTHUGANDGUNNA,FALSE,35,84,535,184.42,8.53
KXCALCOLLEGEFUNDPULL,FALSE,7,21,534,413.26,6.12
KXITASUPERCUPADVANCE,TRUE,1,20,532,279.55,7.75
KXNFLPROOTY,TRUE,3,6,529,44.61,2.7
KXPERUIMPEACH,FALSE,7,9,528,98.1,5.61
KXRELEASEKHAN,FALSE,14,27,522,112.83,6.17
KXTOPALBUMBTS,FALSE,10,18,522,30.81,2.06
KXATTYGENKS,FALSE,25,41,521,281.85,7.85
KXAILIMITSUSCHINA,FALSE,19,28,517,39.31,2.55
KXMWIAINTCOMINBACK,FALSE,4,13,509,256.71,4.8
KXAMAFRS,FALSE,4,22,508,172.51,1.98
HURCHARL,FALSE,8,12,508,92.42,5.08
KXPASEN,FALSE,15,22,507,337.4,6.58
KXIPLFINALS,TRUE,1,6,506,5.12,0.38
KXLICENSENUCLEAR,FALSE,1,7,506,113.06,6.15
EMERGENCYMIA,FALSE,15,28,504,272.85,6.41
KXTOPALBUMBYBRUCESPRINGSTEEN,FALSE,10,16,496,46.03,2.81
KXJONYIVEMETA,FALSE,2,4,492,28.04,1.87
KXAGNOMROK,FALSE,19,33,491,238.95,6.36
KXSPINOFFTELLMELIES,FALSE,16,24,489,116.36,5.88
KXCBDECISIONINDIA,FALSE,2,107,489,99.97,6.01
KXWINSTREAKHOUMLB10,FALSE,11,15,483,27.95,1.85
KXVOTEPERCENTCZECHSPOLU,FALSE,5,13,482,357.92,2.29
KXTOKENLAUNCHUNIT,FALSE,4,15,475,96.78,5.47
KX1SONGDUALIPA,FALSE,4,7,474,13.44,0.92
KXCEOMETA,FALSE,4,8,471,15.14,1.05
KXWITKOFFVISITQATAR,FALSE,2,7,470,152.45,6.87
KXFL1D,FALSE,2,3,469,268.31,0.33
TEU,FALSE,2,2,468,4.68,0.34
KXMWDONTWE,FALSE,3,8,463,148.19,5.65
KXELECTION24RCP,FALSE,4,26,449,78.36,2.18
KXSPOTIFYCOSTARICAD,FALSE,3,12,447,358.26,2.51
KXEWCFATALFURY,TRUE,1,10,443,189.35,6.37
KXWC1STTIMEWIN,TRUE,6,18,438,103.59,5.61
KXANIMEBS,FALSE,13,40,438,180.58,4.17
KXINJLAW,FALSE,10,11,437,55.26,3.4
KXLACASADELOSFAMOSOS,FALSE,6,35,433,39.89,2.68
KXACTORTOMCRUZ,FALSE,39,77,431,189.44,7.69
EMERGENCYNOLA,FALSE,4,10,428,269.73,6.77
KXMWKISSHERINFRNTOFU,FALSE,2,7,426,303.43,5.71
EMERGENCYHOU,FALSE,17,18,420,50.42,3.03
KXCLOUDSEEDING,FALSE,17,28,415,28.42,1.88
KX1SONGSOMBR,FALSE,5,6,413,27.16,1.75
KXTRUMPOSHEA,FALSE,17,31,413,24.71,1.77
KXATTYGENNE,FALSE,10,14,412,362.03,2.73
KXGATEBILL,FALSE,11,22,410,82.22,4.57
KXBERNIERSEAT,FALSE,5,5,409,400.08,0.63
HOUSELENGTH,FALSE,9,17,409,377.38,2.02
KXTOPALBUMBYRODDYRICCH,FALSE,12,15,409,32.94,2.12
KXAUSSEATALBANESE,FALSE,3,5,408,8.4,0.57
KXITALYSENATE,FALSE,13,19,408,195.92,6.72
KXBANXGER,FALSE,6,8,404,26.66,1.77
KXNETFLIXSHOWRANKD,FALSE,1,5,403,24.28,1.59
KXFDVAVAXSOL,FALSE,8,25,401,75.6,4.19
KXBRDEP,FALSE,1,3,401,270.05,6.15
KXMWKICKMYSELF,FALSE,3,8,401,263.31,5.53
KXVOTEPERCENTNOMDG,FALSE,1,1,400,396,0.28
KXFL1MOVSMALL,FALSE,2,2,400,4,0.28
KXAUNABCONF,FALSE,8,43,395,286,5.55
KXPERSONPUBLICCULTURE,FALSE,10,33,395,156.4,6.65
KXNCAAFAAC,TRUE,8,30,395,86.54,3.95
KXLIBERALPOLL,FALSE,8,9,395,9.12,0.6
KXSPOTIFYSONGCITYMIAMIW,FALSE,4,44,389,105.41,4.95
KXCRIMECAB,FALSE,2,8,389,58.35,3.52
KXJOINMETA,FALSE,17,22,380,42.5,2.69
KX1SONGBLAKESHELTON,FALSE,6,33,380,35.51,2.29
KXENDORSEPRATT,FALSE,3,20,380,83.3,4.62
KXTHUNBERGVISITCA,FALSE,7,25,379,30.96,2.07
KXOMARCOUNTAIPAC,FALSE,4,20,378,21.55,1.43
KXEUROVISIONTELE,FALSE,2,13,367,101.93,4.02
KXMWTN,FALSE,3,8,364,83.79,3.12
HURMYR,FALSE,8,10,361,41.27,2.41
KXMARRIAGESTYLESKRAVITZ,FALSE,15,36,359,79.59,3.64
KXMINAJTAGSZA,FALSE,1,17,355,121.52,5.62
KXGREENLANDMILITARYBILL,FALSE,1,6,354,72.95,4.02
KXPUBLICINT,FALSE,4,10,353,249.1,5.15
KXDIVORCEOBAMA,FALSE,2,8,350,28.5,1.84
ACMASINGOTY,FALSE,8,10,347,80.73,3.08
KXSPOTIFYCANADAD,FALSE,3,10,343,191.24,5.85
KXHOUSERACE-DEAL,FALSE,7,9,343,329.84,0.76
KXBLANCHETSEAT,FALSE,3,8,339,5.7,0.42
KXPARAGUAYDEPUTIES,FALSE,11,24,338,29.51,1.87
KX1SONGKESHA,FALSE,9,20,338,11.55,0.87
KXHOUSERACE-VTAL,FALSE,10,17,337,101.24,0.9
KXWNBADUNK,TRUE,3,7,333,272.13,3.5
KXNCAAFMAC,TRUE,9,36,326,37.4,1.71
KXATTYGENMD,FALSE,5,10,323,314.84,0.48
KXARTISTCOLLABDRAKEMETRO,FALSE,19,27,323,107.34,5.14
KXKAISPACE,FALSE,15,19,320,7.05,0.57
ACMAAOTY,FALSE,2,5,319,47.43,2.34
KXMCFBCFIREBREAK,FALSE,4,6,319,206.64,5.03
KXATTYGENRI,FALSE,16,24,315,186.98,2.44
KXNEXTCOINBI,FALSE,7,59,314,126.07,0.98
KXNGUARDAIR,FALSE,12,23,312,36.83,2.19
KXUCL16PSGSTB,TRUE,1,6,312,101.36,0.26
KXUSDJPYQ,FALSE,5,8,312,113.55,5.08
KXNEWOUTBREAKPCHIK,FALSE,6,6,311,14.93,1.01
KXTOPSONGSKUSUGARHONEYLOVE,FALSE,5,33,311,92.97,3.39
KXGRAMMYCOUNTGAGA,FALSE,2,13,308,71.65,3.52
KXNCAAMBTOPAPRANK,TRUE,18,53,305,231.53,3.21
KXVOTEPERCENTPIRATES,FALSE,3,5,305,91.65,3.08
KXSTATELAW,FALSE,1,3,305,46.85,2.79
KXATTYGENND,FALSE,10,19,304,258.92,2.35
KX1SONGKALIUCHIS,FALSE,3,12,303,43.37,2.62
KXGOVAPPTCOUNT,FALSE,6,10,301,19.98,1.36
KXTOPMOVIE,FALSE,4,18,299,255.53,2.67
KXSPOTIFYUKD,FALSE,5,16,299,108.11,1.61
KXPARLIAMENTARIANBYRD,FALSE,1,8,298,81.09,4.16
LGDP,FALSE,3,9,298,48.33,2.88
KXEIP3074,FALSE,7,20,296,18.67,1.3
KXGOVCANOMR,FALSE,3,8,295,43.46,2.56
KXCEOCLUELY,FALSE,9,14,295,25.73,1.7
KXJDGREENLAND,FALSE,2,2,293,290.07,0.21
KXLEAVEKARKI,FALSE,8,15,291,36.79,2.3
KXNCAAWBUNDEFEATED,TRUE,9,30,290,142.54,1.71
KXNBADRAFTMATCHUP,TRUE,1,2,287,95.66,4.48
KXCANSAFETY,FALSE,5,5,286,9.63,0.66
KXLEAVECINCPOLICE,FALSE,2,5,286,32.83,2.05
KXALIENACT,FALSE,3,4,282,19.74,1.27
KXDEDUCT,FALSE,7,11,280,165.54,3.31
KXENGAGEMENTBOBBIALTHOFF,FALSE,15,20,279,62.19,3.37
KXFREESCORESYRIA,FALSE,4,8,278,161.51,4.7
KXFDAAPPROVE,FALSE,2,78,276,151.36,3.07
KXATTYGENFL,FALSE,19,39,275,157.12,2.63
KXMANUCON,FALSE,7,25,271,54.24,3.08
KXATTYGENDE,FALSE,5,12,269,237.62,2
KXLEAVEANTHROPIC,FALSE,7,12,256,17.24,1.16
KXLIVCOMPETE,TRUE,3,14,254,37.83,2.33
KXTOPALBUMBYZARALARSSON,FALSE,1,7,250,6.99,0.52
KXSTATEMENTCOUNTPOPE,FALSE,8,13,249,25.01,1.62
KXFESTIVALEVENTELONSAMA,FALSE,5,8,244,7.25,0.53
KXLEAVEGROUPRAMI,FALSE,14,18,244,86.2,3.97
ACMAEOTY,FALSE,7,7,240,70.44,2.43
KXMUSICALGUESTSNL,FALSE,3,4,240,65.95,2.73
KXUSHAGREENLAND,FALSE,2,2,239,236.61,0.17
KXMWWHEREDTHATGIRLGO,FALSE,8,15,238,212.5,1.12
SENATECT,FALSE,13,26,238,48.37,1.03
KXWAINWRIGHTBANANAS,FALSE,11,13,235,37.19,2.17
KXLEAVEJAREDWISE,FALSE,3,10,235,22.3,1.37
KXFANTANOHUT,FALSE,2,19,234,209.86,0.41
KXLEAVEJANGS,FALSE,6,12,224,5.46,0.43
VOC,FALSE,4,14,223,69.96,3.44
KXJPCONCONF,FALSE,2,5,216,69.18,3.25
KXMYSTERYSTOCKBUFFET,FALSE,2,10,216,32.41,1.96
KXAUSSEATDUTTON,FALSE,3,4,212,202.16,0.66
KXMEDIARELEASESCREAM8,FALSE,13,14,208,123.12,3.56
KXATTYGENCO,FALSE,9,12,205,97.2,1.9
EMERGENCYRAP,FALSE,11,13,204,18.12,1.16
KXTVSEASONANNOUNCEEUP,FALSE,3,9,204,30.01,1.85
KXSWBAGS,FALSE,7,11,204,10.01,0.71
KXUSUNSCVETO,FALSE,5,8,201,8.5,0.61
KXIEAOIL,FALSE,1,1,200,198,0.14
KXGBPQ,FALSE,1,1,200,96,3.5
KXNEWCASTLEUBADGE,FALSE,3,4,199,20.74,1.29
KXNIGERIASENATE,FALSE,11,11,196,120.94,3.23
KXOHFLAGLAW,FALSE,4,4,194,15,0.98
KXROMENSDOUBLES,FALSE,2,2,193,191.07,0.14
KXECOWASBURKINA,FALSE,2,2,193,18.85,1.2
KXUCL16BVBSPO,TRUE,2,2,187,5.61,0.39
KXDDFMENSINGLES,FALSE,4,8,186,29.71,1.61
KXDEALR,FALSE,4,7,186,97.44,3.24
KXJOINANTHROPIC,FALSE,3,8,180,21.21,0.84
KXSPOTIFYSONGCITYLAW,FALSE,2,10,172,52.02,2.46
KXKENYAPRES,FALSE,6,9,171,66.27,2.68
KXDOGEDONE,FALSE,2,2,170,30.1,1.74
KXSTCROIX,FALSE,3,8,166,7.12,0.5
NYCRENTS,FALSE,3,9,166,119.76,2.34
KXMEDIAGUESTTRYOFFDEAL,FALSE,7,8,166,34.99,1.91
KXNCAAFPAC12,TRUE,10,15,165,83.34,2.64
KXTOPSERIESNFLX,FALSE,1,15,165,161.7,0.3
KXEARTHQUAKELA,FALSE,4,6,164,8.58,0.58
KXCA11D,FALSE,9,21,163,76.87,2.18
KXTOPALBUMDAVIDO,FALSE,2,10,160,5.37,0.41
KXPARTYLEADEROUT,FALSE,2,2,159,6.73,0.45
KXSNAPPRESTURKEY,FALSE,13,15,159,7.3,0.55
KXEXTRADITEUSISRAELTALEX,FALSE,3,4,156,3.88,0.27
KXTGT,FALSE,2,61,156,69.87,2.48
KXFESTIVALEVENTTOMMORROWLAND,FALSE,3,13,155,141.22,0.92
KXBANDANTES,FALSE,8,14,154,41.13,2.18
KXEARNINGSMENTIONURBN,FALSE,3,18,153,122.36,1.51
KXTOPALBUMDESTROYLONELY,FALSE,6,6,152,3.32,0.25
GOVPARTYWY,FALSE,11,12,147,137.72,0.5
KXUEL16BOGTWE,TRUE,1,2,143,25.43,0.95
KXPRICEINCREASEUSPSFOREVER,FALSE,4,5,142,130.14,0.78
KXCHARTSONGENTRYADDISONRAE,FALSE,3,12,141,13.03,0.88
GOVPARTYND,FALSE,16,20,140,18.4,0.35
KXNCAAFWINS,TRUE,2,25,138,69.52,2.24
KXUSCOLOMBIAFTA,FALSE,2,4,137,24.64,1.36
KXATTYGENSD,FALSE,8,14,137,24.68,0.75
USDARSMIN,FALSE,5,6,136,8.62,0.54
KXARRESTPOWELL,FALSE,4,5,134,6.24,0.43
CORP,FALSE,2,3,131,10.44,0.69
HOUSESTART,FALSE,2,5,130,95.65,1.54
KXAOCCOUNTAIPAC,FALSE,3,13,125,9.99,0.69
WCPI,FALSE,2,4,124,105.7,1.02
KXMWTWENTYCIGS,FALSE,2,3,124,9.91,0.64
ITAX,FALSE,5,7,121,15.98,0.99
KXCONGRESSCENSUREPADILLA,FALSE,3,3,120,2.7,0.19
KXSPOTIFYSONGCITYNYCW,FALSE,2,10,120,25.56,1.44
KX1SONGRODDYRICCH,FALSE,3,3,118,1.53,0.11
KXRANKLISTFFDST,TRUE,2,34,113,8.24,0.58
KXSPOTIFYSONGCITYATLANTAW,FALSE,2,8,112,28.01,1.4
KXQBIDEDUCT,FALSE,1,3,112,81.72,0.65
KX30CRIME,FALSE,2,3,109,49,1.9
KXCCACLEAR,FALSE,7,10,108,87.49,1.16
KXCHESSOLYMPIAD,TRUE,8,22,107,30.6,1.57
KXBILLSCOUNTWEEKLY,FALSE,1,5,107,97.45,0.63
KXAUKUS,FALSE,4,7,106,5.24,0.39
KXSPOTIFYSONGCITYNASHVILLEW,FALSE,1,6,101,23.3,1.2
KXTEMPCHIH,FALSE,1,1,100,90,0.63
KXSPOTIFYSONGCITYCHICAGOW,FALSE,1,6,100,27.15,1.34
APPROVE,FALSE,1,2,100,12.88,0.79
KXFL1R,FALSE,1,1,100,99,0.07
KXWBCMIDDLEWEIGHTTITLE,TRUE,4,23,99,43.52,0.29
DOLLARFED,FALSE,3,6,98,59.41,1.61
KXPERFORMROLEMILESMORALES,FALSE,1,1,94,9.4,0.6
CPIAR,FALSE,5,7,94,48.63,1.55
KXTOP10BILLBOARDSPOTSTEDDYS,FALSE,1,1,93,0.93,0.07
KXNYCCOUNCIL28,FALSE,5,12,92,22.23,0.51
KXJOINUBER,FALSE,9,9,92,3.71,0.28
KXSHANAHANGOV,FALSE,6,11,91,11.83,0.75
KXCOLLEGERANK,FALSE,2,28,87,47.46,1.61
KXJPTRADEBAL,FALSE,3,7,86,26.74,0.87
KXACQUIREAXIOM,FALSE,8,18,85,13.51,0.87
KXYESILGOZOUT,FALSE,5,6,83,3.13,0.25
LEPOP,FALSE,3,6,81,42.96,1.43
KXACQUIREAIRTABLE,FALSE,4,5,79,11.97,0.72
WGDP,FALSE,3,12,76,37.71,1.32
KXAUSSEATBRISBANE,FALSE,1,1,75,71.25,0.25
AVATARSEASON2,FALSE,3,6,72,40.63,1.24
KXCANCELTHELINE,FALSE,5,5,71,4.41,0.32
KXGOVMEET,FALSE,2,3,70,13.9,0.62
KXJOINADMINLOOMER,FALSE,3,3,70,3.5,0.25
KXARTISTCOLLABSZANICKIMINAJ,FALSE,12,15,69,5.7,0.44
KXPGACURRY,TRUE,8,13,68,17.85,0.86
KXMLBRETURN,TRUE,5,10,65,32.56,1.1
KXMWSMILE,FALSE,2,3,65,64.1,0.07
KXWCSTAGE,FALSE,1,3,64,3.83,0.27
KXBTCVSETH,FALSE,2,3,64,28.55,1.1
KXEDUCUTS,FALSE,3,4,63,54.53,0.52
KXWNBAROOKAS,TRUE,2,3,60,54.5,0.06
KXNFLEXECOTY,TRUE,2,3,60,3.31,0.23
KXAUSCOALITION,FALSE,4,4,57,6.83,0.1
KXLOVEISLANDALLSTARS,FALSE,1,2,50,25,0.04
KXTAIWANDOUBLETAX,FALSE,1,1,49,4.41,0.29
KXNCCOURT,FALSE,9,11,46,20.11,0.73
KXHANTACOUNT,FALSE,2,31,46,26.85,0.57
KXMUSKCABLE,FALSE,4,6,45,2.13,0.18
KXEIP4444,FALSE,5,5,44,3.1,0.23
KXRELEASELILDURK,FALSE,3,5,43,4.04,0.28
KXDEMSCHUMER,FALSE,4,7,40,11.85,0.53
KXMLBDRAFTTOP,TRUE,3,5,40,29.45,0.48
KXTVSHOWCXLDBACHELORETTE,FALSE,1,2,40,20,0.04
KXBNBMINMON-BNB,FALSE,2,3,38,10.26,0.4
KXEARNINGSMENTIONLOW,FALSE,2,8,37,29.98,0.43
KXLEAVECAMARCA,FALSE,5,6,37,5.59,0.35
KXMOSTSTREAMEDSONGDONDA2,FALSE,1,2,36,4.04,0.26
KXARRESTD4VD,FALSE,1,1,35,25.55,0.49
KXBTCVSSOL,FALSE,2,5,35,21.95,0.48
KXRELEASEBESIGYE,FALSE,1,1,35,2.8,0.19
KXCANHOME,FALSE,1,1,35,8.4,0.45
KXZAMBIAPRES,FALSE,2,2,32,19.2,0.54
KXEURUSDE,FALSE,3,6,31,20.5,0.19
KXWTIEU,FALSE,1,1,30,0.9,0.07
KXNBAFINALSMENTION,TRUE,1,1,30,10.5,0.48
KXTOPSERIESPEA,FALSE,1,9,29,27.27,0.11
KXFEATURELILWAYNE,FALSE,1,3,27,6.16,0.09
JBEARDBNR,FALSE,2,3,24,3,0.2
KXHOGGREMOVE,FALSE,1,1,23,20.24,0.18
JBEARDORT,FALSE,4,6,23,4.9,0.29
KXWCBESTHOST,FALSE,1,2,21,10.08,0.37
KXACTORZELDA,FALSE,3,5,21,1.48,0.12
KXPRESCUP,TRUE,2,6,21,12.18,0.28
KXMICHELINHOU,FALSE,3,4,20,19.23,0.07
KXTOPSEASONDIS,FALSE,1,2,20,19.8,0.02
KXSLRCHAMP,FALSE,3,5,20,3.65,0.24
KXRANKLISTDJMAGCLUBS,FALSE,7,7,20,14.32,0.24
KXWBCBANTAMWEIGHTTITLE,TRUE,2,3,19,13.6,0.16
KXEARNINGSMENTIONTOL,FALSE,2,5,19,15.98,0.2
KXFDARETATRUTIDE,FALSE,1,17,18,12.76,0.32
KXCLIMBING,TRUE,3,5,15,5.75,0.23
KXNPB,FALSE,1,13,13,12.44,0.13
KXECULP,TRUE,3,3,12,11.74,0.03
KXTOPSERIESDIS,FALSE,2,2,12,11.88,0.02
KXCONSTITUTIONPIPELINE,FALSE,2,2,11,0.68,0.05
KXPERLIGA1,FALSE,4,4,11,9.77,0.11
KXDJTGOLF,FALSE,1,1,10,5,0.18
KXWTIE,FALSE,2,2,10,5,0.02
KXNFLSEASONRECYDS,TRUE,1,1,10,0.1,0.01
KXINXMAXMM,FALSE,1,4,10,3.28,0.18
KX30YUSTW,FALSE,1,1,10,9.9,0.01
KXMARIJUANA280E,FALSE,2,3,9,6.18,0.15
KXNFLSEASONPASSYDS,TRUE,1,2,9,8.87,0.02
KXUSL,TRUE,2,2,8,6.32,0.11
KXTOPSERIESPV,FALSE,2,2,8,7.84,0.02
KXHARDFORKBTC,FALSE,3,3,7,0.09,0.03
KXWBCCRUISERWEIGHTTITLE,TRUE,2,2,7,6.93,0.02
KXNCAAFCUSA,TRUE,3,3,6,0.78,0.06
KXCHNSL,FALSE,2,4,5,2.56,0.04
KXUSDJPYE,FALSE,1,1,5,4.95,0.01
KXJOINOPENAI,FALSE,1,1,5,0.15,0.02
KXSTREAMKAIGTAIV,FALSE,1,1,4,0.2,0.02
KXEARNINGSMENTIONBULL,FALSE,1,2,4,2.43,0.07
KXNFLSEASONRSHYDS,TRUE,1,2,4,3.92,0.02
KXUKRAINEEU,FALSE,3,3,3,1.01,0.06
KXTOPSEASONDSC,FALSE,1,1,3,2.97,0.01
KXEURUSDW,FALSE,1,2,2,1.98,0.02
KXTOPMOVIEPAR,FALSE,2,2,2,1.98,0.02
KXDESANTISRUN,FALSE,1,1,1,0.18,0.02
KXLEAVEACTINGBLS,FALSE,1,1,1,0.1,0.01
KXNMPRIMARY,FALSE,1,1,1,0.05,0.01
KXMLBSTRIKE,TRUE,1,1,1,0.05,0.01
KXNASDAQ100EU,FALSE,1,1,1,0.01,0.01
KXCHRISCHRISTIECHARGE,FALSE,1,1,1,0.05,0.01
KXTLOASG,FALSE,1,1,1,0.89,0.01
JBEARDOC,FALSE,1,1,1,0.25,0.02
KXBLOMHONICKMAN,FALSE,1,1,1,0.95,0.01
KXWNBAWORSTREC,TRUE,1,1,1,0.08,0.01
KXNEWROLEGS,FALSE,1,1,1,0.07,0.01
KXNASDAQ100E,FALSE,1,1,1,0.9,0.01
KXKNVBCUP,TRUE,1,1,1,0.99,0.01
KXARGPREMDIV,TRUE,1,1,1,0.1,0.01
KXBACHELORETTEFIR,FALSE,1,1,1,0.99,0.01
KXSTATECAN,FALSE,1,1,1,0.06,0.01
