date,symbol,category,market_type,status,open_interest,trade_volume,high_price,low_price,last_price,maturity_datetime
2026-06-11,MLB-WIN-IT5-0145AO8FL8SF37G-NYTS000,Baseball,Moneyline,Settled,0,1,0.5,0.5,0.5,07/11/26 11:42 AM EDT
2026-06-18,MLB-WIN-IT5-01DU6SUHTMPV4CO-BOOX000,Baseball,Moneyline,Settled,0,25,0.51,0.51,0,07/18/26 08:15 AM EDT
2026-06-25,MLB-WIN-IT5-00NAK8EIPI28BEG-CHBS000,Baseball,Moneyline,Settled,0,352,0.55,0.43,0.5,07/25/26 08:08 AM EDT
2026-06-25,MLB-WIN-IT5-00NAK8EIPI28BEG-NYTS000,Baseball,Moneyline,Settled,0,8,0.43,0.42,0.5,07/25/26 08:08 AM EDT
2026-06-25,MLB-WIN-IT5-00NAK8BTPI28BQ0-ARKS000,Baseball,Moneyline,Open,4,6,0.49,0.4,0.46,07/25/26 08:08 AM EDT
2026-06-25,MLB-WIN-IT5-00NCQCGQPH044G8-HOOS000,Baseball,Moneyline,Settled,0,4,0.44,0.41,0.5,07/25/26 08:07 AM EDT
2026-06-25,MLB-WIN-IT5-00NCQCMIPH045U8-TOYS000,Baseball,Moneyline,Settled,0,3,0.61,0.41,0,07/25/26 08:07 AM EDT
2026-06-25,MLB-WIN-IT5-00NALBR9PI22J1G-NYES000,Baseball,Moneyline,Settled,0,2,0.64,0.55,0,07/25/26 08:07 AM EDT
2026-06-25,MLB-WIN-IT5-00NCQCGQPH044G8-DERS000,Baseball,Moneyline,Settled,0,2,0.58,0.52,0.5,07/25/26 08:07 AM EDT
2026-06-25,MLB-WIN-IT5-00NCQCMIPH045U8-TERS000,Baseball,Moneyline,Settled,0,2,0.37,0.37,1,07/25/26 08:07 AM EDT
2026-06-25,MLB-WIN-IT5-00NAK8BTPI28BQ0-STLS000,Baseball,Moneyline,Open,1,1,0.52,0.52,0.52,07/25/26 08:08 AM EDT
2026-06-25,MLB-WIN-IT5-00NCQCMQPH045HG-PHES000,Baseball,Moneyline,Settled,0,1,0.58,0.58,0,07/25/26 08:07 AM EDT
2026-06-26,MLB-WIN-IT5-00UCIDVFF48U54G-HOOS000,Baseball,Moneyline,Settled,0,210,0.51,0.4,0,07/26/26 08:08 AM EDT
2026-06-26,MLB-WIN-IT5-00UCJH8KF48QR20-CHBS000,Baseball,Moneyline,Settled,0,184,0.32,0.27,1,07/26/26 08:55 AM EDT
2026-06-26,MLB-WIN-IT5-00UCIDOKF48U548-PIES000,Baseball,Moneyline,Settled,0,160,0.67,0.13,0,07/26/26 08:08 AM EDT
2026-06-26,MLB-WIN-IT5-00UCIDR2F48U4RO-WALS000,Baseball,Moneyline,Settled,0,149,0.52,0.49,0,07/26/26 08:08 AM EDT
2026-06-26,MLB-WIN-IT5-00UCIDVFF48U54G-DERS000,Baseball,Moneyline,Settled,0,75,0.99,0.44,1,07/26/26 08:08 AM EDT
2026-06-26,MLB-WIN-IT5-00UCJH6FF48PSI8-SFTS000,Baseball,Moneyline,Settled,0,57,0.51,0.43,0,07/26/26 10:00 AM EDT
2026-06-26,MLB-WIN-IT5-00UCIDURF48U558-TERS000,Baseball,Moneyline,Settled,0,43,0.55,0.55,1,07/25/26 07:41 PM EDT
2026-06-26,MLB-WIN-IT5-00UCJH8KF48QR20-MIRS000,Baseball,Moneyline,Settled,0,32,0.73,0.73,0,07/26/26 08:55 AM EDT
2026-06-26,MLB-WIN-IT5-00UCJHB6F48QQP8-MINS001,Baseball,Moneyline,Settled,0,26,0.54,0.54,0.5,07/26/26 08:55 AM EDT
2026-06-26,MLB-WIN-IT5-00UCJH45F48PS5G-LARS000,Baseball,Moneyline,Settled,0,12,0.59,0.56,0,07/26/26 08:55 AM EDT
2026-06-26,MLB-TRUNS-IT5-00UCJH45F48PS5G-GTE-P00065,Baseball,Total,Settled,0,10,0.27,0.25,0,07/26/26 08:55 AM EDT
2026-06-26,MLB-WIN-IT5-00UCIDTQF48U4Q0-NYES000,Baseball,Moneyline,Settled,0,9,0.51,0.51,0,07/26/26 08:40 AM EDT
2026-06-26,MLB-WIN-IT5-00UCJH0PF48PSUO-LALS000,Baseball,Moneyline,Settled,0,9,0.49,0.49,0,07/26/26 09:07 AM EDT
2026-06-26,MLB-WIN-IT5-00UCJH6FF48PSI8-ATES000,Baseball,Moneyline,Settled,0,9,0.53,0.53,1,07/26/26 10:00 AM EDT
2026-06-26,MLB-WIN-IT5-00UCIDURF48U558-TOYS000,Baseball,Moneyline,Settled,0,2,0.33,0.33,0,07/25/26 07:41 PM EDT
2026-06-26,MLB-WIN-IT5-00UCIDR2F48U4RO-BAES000,Baseball,Moneyline,Settled,0,1,0.52,0.52,1,07/26/26 08:08 AM EDT
2026-06-27,MLB-WIN-IT5-03VMTFIB4QTFQQO-NYES000,Baseball,Moneyline,Settled,0,1776,0.55,0.09,0,07/27/26 07:57 AM EDT
2026-06-27,MLB-WIN-IT5-03VMTFLF4QTFQTO-CIDS000,Baseball,Moneyline,Settled,0,554,0.55,0.55,0.5,07/27/26 08:07 AM EDT
2026-06-27,MLB-WIN-IT5-03VMTFIU4QTFQP0-DERS000,Baseball,Moneyline,Settled,0,406,0.57,0.56,1,07/27/26 08:07 AM EDT
2026-06-27,MLB-WIN-IT5-03VMSI104QT4TJO-CHOX000,Baseball,Moneyline,Settled,0,197,0.54,0.54,0.5,07/27/26 08:23 AM EDT
2026-06-27,MLB-WIN-IT5-03VMTFN94QTFQS0-TERS000,Baseball,Moneyline,Settled,0,138,0.36,0.29,1,07/27/26 08:07 AM EDT
2026-06-27,MLB-WIN-IT5-03VMTFN94QTFQS0-TOYS000,Baseball,Moneyline,Settled,0,116,0.41,0.41,0,07/27/26 08:07 AM EDT
2026-06-27,MLB-WIN-IT5-03VMTFIU4QTFQP0-HOOS000,Baseball,Moneyline,Settled,0,112,0.46,0.16,0,07/27/26 08:07 AM EDT
2026-06-27,MLB-WIN-IT5-03VMS91G4QTB9C8-WALS000,Baseball,Moneyline,Settled,0,71,0.38,0.38,1,07/27/26 08:34 AM EDT
2026-06-27,MLB-WIN-IT5-03VMTFIB4QTFQQO-BOOX000,Baseball,Moneyline,Settled,0,48,0.49,0.49,1,07/27/26 07:57 AM EDT
2026-06-27,MLB-WIN-IT5-03VMSI0N4QT4TA0-ARKS000,Baseball,Moneyline,Settled,0,46,0.32,0.32,0,07/27/26 08:34 AM EDT
2026-06-27,MLB-WIN-IT5-03VMTFLF4QTFQTO-PIES000,Baseball,Moneyline,Settled,0,38,0.24,0.24,0.5,07/27/26 08:07 AM EDT
2026-06-27,MLB-WIN-IT5-03VMTJMK4QT51A8-SDES000,Baseball,Moneyline,Settled,0,29,0.33,0.33,0.5,07/27/26 08:26 AM EDT
2026-06-27,MLB-WIN-IT5-03VMSA9Q4QTCG0G-LALS000,Baseball,Moneyline,Settled,0,18,0.52,0.52,1,07/27/26 08:07 AM EDT
2026-06-27,MLB-WIN-IT5-03VMS96H4QTB8P8-SERS000,Baseball,Moneyline,Settled,0,16,0.6,0.6,0,07/27/26 08:35 AM EDT
2026-06-27,MLB-WIN-IT5-03VMSI1J4QT4T70-PHES000,Baseball,Moneyline,Settled,0,10,0.46,0.46,1,07/27/26 08:23 AM EDT
2026-06-27,MLB-WIN-IT5-03VMS97R4QTB8C8-MIRS000,Baseball,Moneyline,Settled,0,7,0.61,0.61,0.5,07/27/26 08:35 AM EDT
2026-06-27,MLB-WIN-IT5-03VMSI104QT4TJO-KCLS000,Baseball,Moneyline,Settled,0,1,0.39,0.39,0.5,07/27/26 08:23 AM EDT
2026-06-27,MLB-WIN-IT5-00UCIDVFF48U54G-HOOS000,Baseball,Moneyline,Open,88,0,,,0.39,07/26/26 08:08 AM EDT
2026-06-28,MLB-WIN-IT5-00UCIDVFF48U54G-HOOS000,Baseball,Moneyline,Open,88,0,,,0.39,07/26/26 08:08 AM EDT
2026-06-29,MLB-WIN-IT5-03VUMJIE4O9CT7G-LARS000,Baseball,Moneyline,Settled,0,2139,0.85,0.24,1,07/29/26 07:48 AM EDT
2026-06-29,MLB-WIN-IT5-03VUMJNR4O9CSRO-SFTS000,Baseball,Moneyline,Settled,0,276,0.46,0.26,0,07/29/26 07:48 AM EDT
2026-06-29,MLB-WIN-IT5-03VUMJIE4O9CT7G-ATCS000,Baseball,Moneyline,Settled,0,234,0.54,0.15,0,07/29/26 07:48 AM EDT
2026-06-29,MLB-WIN-IT5-03VUMJGS4O9CSQ8-MIRS000,Baseball,Moneyline,Settled,0,179,0.38,0.3,0,07/29/26 07:47 AM EDT
2026-06-29,MLB-WIN-IT5-03VUNKFG4O949KG-NYES000,Baseball,Moneyline,Settled,0,167,0.12,0.12,0,07/29/26 07:31 AM EDT
2026-06-29,MLB-WIN-IT5-03VUMJHS4O9CTEG-MINS001,Baseball,Moneyline,Settled,0,58,0.53,0.09,1,07/29/26 08:01 AM EDT
2026-06-29,MLB-WIN-IT5-03VUMJNR4O9CSRO-ARKS000,Baseball,Moneyline,Settled,0,54,0.57,0.56,1,07/29/26 07:48 AM EDT
2026-06-29,MLB-WIN-IT5-03VUMJKC4O9CT90-HOOS000,Baseball,Moneyline,Settled,0,44,0.57,0.57,0,07/29/26 07:47 AM EDT
2026-06-29,MLB-WIN-IT5-03VUMJJN4O9CSI8-CHBS000,Baseball,Moneyline,Settled,0,42,0.61,0.61,0.5,07/29/26 08:41 AM EDT
2026-06-29,MLB-WIN-IT5-03VUNK8V4O949P0-PIES000,Baseball,Moneyline,Settled,0,29,0.06,0.06,1,07/29/26 07:31 AM EDT
2026-06-29,MLB-WIN-IT5-03VUNKEF4O948M8-NYTS000,Baseball,Moneyline,Settled,0,25,0.23,0.18,0,07/29/26 07:31 AM EDT
2026-06-29,MLB-WIN-IT5-03VUMJKP4O9CTT8-SERS000,Baseball,Moneyline,Settled,0,20,0.65,0.34,1,07/29/26 07:48 AM EDT
2026-06-29,MLB-WIN-IT5-03VUMJGS4O9CSQ8-CIDS000,Baseball,Moneyline,Settled,0,3,0.61,0.58,1,07/29/26 07:47 AM EDT
2026-06-29,MLB-WIN-IT5-03VUMJJN4O9CSI8-SDES000,Baseball,Moneyline,Settled,0,2,0.36,0.34,0.5,07/29/26 08:41 AM EDT
2026-06-29,MLB-WIN-IT5-03VUMJKS4O9CT4G-TERS000,Baseball,Moneyline,Settled,0,1,0.37,0.37,0,07/29/26 08:01 AM EDT
2026-06-29,MLB-WIN-IT5-03VUNKEF4O948M8-TOYS000,Baseball,Moneyline,Settled,0,1,0.83,0.83,1,07/29/26 07:31 AM EDT
2026-06-29,MLB-WIN-IT5-00UCIDVFF48U54G-HOOS000,Baseball,Moneyline,Open,88,0,,,0.39,07/26/26 08:08 AM EDT
2026-06-30,MLB-WIN-IT5-01479320L86CIPO-NYES000,Baseball,Moneyline,Settled,0,2402,0.54,0.07,0,07/30/26 07:26 AM EDT
2026-06-30,MLB-WIN-IT5-01478EJHL865OCO-LARS000,Baseball,Moneyline,Settled,0,1001,0.94,0.53,1,07/30/26 08:27 AM EDT
2026-06-30,MLB-WIN-IT5-01478EI6L865OR8-MINS000,Baseball,Moneyline,Settled,0,356,0.57,0.55,0,07/30/26 07:27 AM EDT
2026-06-30,MLB-WIN-IT5-0147931ML86CJ30-STLS000,Baseball,Moneyline,Settled,0,260,0.48,0.33,1,07/30/26 08:12 AM EDT
2026-06-30,MLB-WIN-IT5-0147936NL86CIJ8-BOOX000,Baseball,Moneyline,Settled,0,170,0.63,0.53,0.5,07/30/26 07:27 AM EDT
2026-06-30,MLB-WIN-IT5-01478EHQL865O58-COES000,Baseball,Moneyline,Settled,0,165,0.46,0.37,0,07/30/26 08:27 AM EDT
2026-06-30,MLB-WIN-IT5-01478ENHL865PDG-SFTS000,Baseball,Moneyline,Settled,0,139,0.53,0.52,0,07/30/26 10:09 AM EDT
2026-06-30,MLB-WIN-IT5-014799OKL86420G-CLNS000,Baseball,Moneyline,Settled,0,139,0.85,0.46,0.5,07/30/26 07:25 AM EDT
2026-06-30,MLB-WIN-IT5-014799OJL8642C0-BAES000,Baseball,Moneyline,Settled,0,125,0.58,0.25,0,07/30/26 07:25 AM EDT
2026-06-30,MLB-WIN-IT5-014799OJL8642C0-CHOX000,Baseball,Moneyline,Settled,0,115,0.54,0.45,1,07/30/26 07:25 AM EDT
2026-06-30,MLB-WIN-IT5-0147936NL86CIJ8-WALS000,Baseball,Moneyline,Settled,0,96,0.5,0.5,0.5,07/30/26 07:27 AM EDT
2026-06-30,NPB-WIN-FG-00CBO4TEKS1KO30-HORS000,Baseball,Moneyline,Open,90,90,0.64,0.64,0.64,07/30/26 12:20 PM EDT
2026-06-30,MLB-WIN-IT5-0147931ML86CJ30-ATES000,Baseball,Moneyline,Settled,0,87,0.55,0.02,0,07/30/26 08:12 AM EDT
2026-06-30,MLB-WIN-IT5-014799UUL8642K0-PIES000,Baseball,Moneyline,Settled,0,87,0.35,0.07,0,07/30/26 07:26 AM EDT
2026-06-30,MLB-WIN-IT5-014799OKL86420G-TERS000,Baseball,Moneyline,Settled,0,79,0.56,0.43,0.5,07/30/26 07:25 AM EDT
2026-06-30,MLB-WIN-IT5-01478EHQL865O58-MINS001,Baseball,Moneyline,Settled,0,77,0.58,0.55,1,07/30/26 08:27 AM EDT
2026-06-30,MLB-WIN-IT5-01478EKKL865O1O-MIRS000,Baseball,Moneyline,Settled,0,76,0.6,0.58,1,07/30/26 08:28 AM EDT
2026-06-30,MLB-WIN-IT5-01478EIIL865P10-LALS000,Baseball,Moneyline,Settled,0,73,0.62,0.4,0.5,07/30/26 08:27 AM EDT
2026-06-30,MLB-WIN-IT5-01479320L86CIPO-DERS000,Baseball,Moneyline,Settled,0,72,0.94,0.49,1,07/30/26 07:26 AM EDT
2026-06-30,MLB-WIN-IT5-01478EJHL865OCO-ATCS000,Baseball,Moneyline,Settled,0,55,0.43,0.43,0,07/30/26 08:27 AM EDT
2026-06-30,MLB-WIN-IT5-014799UUL8642K0-PHES000,Baseball,Moneyline,Settled,0,41,0.93,0.68,1,07/30/26 07:26 AM EDT
2026-06-30,MLB-WIN-IT5-01478EL5L865O1O-KCLS000,Baseball,Moneyline,Settled,0,30,0.6,0.02,0,07/30/26 08:12 AM EDT
2026-06-30,MLB-WIN-IT5-01478EL5L865O1O-TBYS000,Baseball,Moneyline,Settled,0,17,0.54,0.52,1,07/30/26 08:12 AM EDT
2026-06-30,KBO-WIN-FG-00CBO4RQKS1KP4O-KIRS000,Baseball,Moneyline,Open,16,16,0.58,0.58,0.58,07/30/26 12:21 PM EDT
2026-06-30,KBO-WIN-FG-00CBO4RQKS1KP4O-SSRS000,Baseball,Moneyline,Open,13,13,0.44,0.44,0.44,07/30/26 12:21 PM EDT
2026-06-30,KBO-WIN-FG-00CBPTN3KS1SIS8-KTON000,Baseball,Moneyline,Open,6,6,0.61,0.61,0.61,07/30/26 12:20 PM EDT
2026-06-30,KBO-WIN-FG-00CBO4TMKS1KP70-LOTS001,Baseball,Moneyline,Open,2,2,0.46,0.46,0.46,07/30/26 12:20 PM EDT
2026-06-30,KBO-WIN-FG-00CBO4TMKS1KP70-DORS000,Baseball,Moneyline,Open,1,1,0.59,0.59,0.59,07/30/26 12:20 PM EDT
2026-06-30,NPB-WIN-FG-00CBO4QHKS1KPH8-YOTS000,Baseball,Moneyline,Open,1,1,0.64,0.64,0.64,07/30/26 12:20 PM EDT
2026-06-30,MLB-WIN-IT5-01478EI6L865OR8-HOOS000,Baseball,Moneyline,Settled,0,1,0.47,0.47,1,07/30/26 07:27 AM EDT
2026-06-30,MLB-WIN-IT5-01478EIIL865P10-SERS000,Baseball,Moneyline,Settled,0,1,0.63,0.63,0.5,07/30/26 08:27 AM EDT
2026-06-30,MLB-WIN-IT5-01478EKKL865O1O-CIDS000,Baseball,Moneyline,Settled,0,1,0.41,0.41,0,07/30/26 08:28 AM EDT
2026-06-30,MLB-WIN-IT5-01479379L86CIUG-TOYS000,Baseball,Moneyline,Settled,0,1,0.52,0.52,0,07/30/26 07:26 AM EDT
2026-06-30,MLB-WIN-IT5-00UCIDVFF48U54G-HOOS000,Baseball,Moneyline,Open,88,0,,,0.39,07/26/26 08:08 AM EDT
2026-07-01,MLB-WIN-IT5-01DVGUCNTNEFU1G-PHES000,Baseball,Moneyline,Settled,0,6499,0.96,0.53,1,07/31/26 02:16 AM EDT
2026-07-01,MLB-WIN-IT5-01DVHF9BTNEEVLO-TBYS000,Baseball,Moneyline,Settled,0,5828,0.87,0.56,1,07/31/26 08:01 AM EDT
2026-07-01,MLB-WIN-IT5-01DVHFE1TNEEV60-MINS001,Baseball,Moneyline,Settled,0,4277,0.61,0.34,0,07/31/26 08:01 AM EDT
2026-07-01,MLB-WIN-IT5-01DVHFARTNEEU0G-LARS000,Baseball,Moneyline,Settled,0,3941,0.63,0.05,0,07/31/26 08:41 AM EDT
2026-07-01,MLB-TRUNS-IT5-01DVGU9LTNEFUJG-GTE-P00055,Baseball,Total,Settled,0,3519,0.48,0.47,0,07/31/26 08:40 AM EDT
2026-07-01,MLB-WIN-IT5-01DVGUCNTNEFU1G-PIES000,Baseball,Moneyline,Settled,0,2595,0.49,0.06,0,07/31/26 02:16 AM EDT
2026-07-01,MLB-WIN-IT5-01DVHFFVTNEEVO8-ATES000,Baseball,Moneyline,Settled,0,2220,0.95,0.44,1,07/31/26 08:01 AM EDT
2026-07-01,MLB-WIN-IT5-01DTU6APTKL2I50-DERS000,Baseball,Moneyline,Settled,0,1487,0.64,0.42,1,07/31/26 08:00 AM EDT
2026-07-01,MLB-WIN-IT5-01DTUV22TKL2RM0-CLNS000,Baseball,Moneyline,Settled,0,1124,0.56,0.41,1,07/31/26 02:16 AM EDT
2026-07-01,MLB-WIN-IT5-01DVHFFLTNEEUSG-MIRS000,Baseball,Moneyline,Settled,0,1031,0.59,0.56,0.5,07/31/26 08:01 AM EDT
2026-07-01,MLB-WIN-IT5-01DTU6APTKL2I50-NYES000,Baseball,Moneyline,Settled,0,1010,0.66,0.25,0,07/31/26 08:00 AM EDT
2026-07-01,MLB-WIN-IT5-01DTUV3UTKL2RCO-BAES000,Baseball,Moneyline,Settled,0,982,0.86,0.24,1,07/31/26 08:40 AM EDT
2026-07-01,MLB-WIN-IT5-01DVHFFVTNEEVO8-STLS000,Baseball,Moneyline,Settled,0,848,0.61,0.33,0,07/31/26 08:01 AM EDT
2026-07-01,MLB-WIN-IT5-01DTUV22TKL2RM0-TERS000,Baseball,Moneyline,Settled,0,786,0.54,0.05,0,07/31/26 02:16 AM EDT
2026-07-01,MLB-WIN-IT5-01DVHFC8TNEEVIO-SFTS000,Baseball,Moneyline,Settled,0,722,0.52,0.41,1,07/31/26 08:01 AM EDT
2026-07-01,KBO-WIN-FG-00CBO4TMKS1KP70-DORS000,Baseball,Moneyline,Settled,0,687,0.59,0.12,0,07/30/26 12:20 PM EDT
2026-07-01,MLB-WIN-IT5-01DVGU9LTNEFUJG-TOYS000,Baseball,Moneyline,Settled,0,672,0.98,0.52,1,07/31/26 08:40 AM EDT
2026-07-01,MLB-WIN-IT5-01DVHFARTNEEU0G-ATCS000,Baseball,Moneyline,Settled,0,588,0.46,0.44,1,07/31/26 08:41 AM EDT
2026-07-01,MLB-WIN-IT5-01DVGU9LTNEFUJG-NYTS000,Baseball,Moneyline,Settled,0,554,0.48,0.19,0,07/31/26 08:40 AM EDT
2026-07-01,MLB-TRUNS-IT5-01DVHFARTNEEU0G-GTE-P00055,Baseball,Total,Settled,0,485,0.57,0.36,1,07/31/26 08:41 AM EDT
2026-07-01,MLB-WIN-IT5-01DTUV3UTKL2RCO-CHOX000,Baseball,Moneyline,Settled,0,480,0.64,0.32,0,07/31/26 08:40 AM EDT
2026-07-01,MLB-WIN-IT5-01DVHFFLTNEEUSG-CIDS000,Baseball,Moneyline,Settled,0,469,0.45,0.21,0.5,07/31/26 08:01 AM EDT
2026-07-01,MLB-WIN-IT5-01DTVNO3TKL1ANG-BOOX000,Baseball,Moneyline,Settled,0,290,0.56,0.32,0,07/31/26 08:00 AM EDT
2026-07-01,MLB-WIN-IT5-01DVHFE1TNEEV60-COES000,Baseball,Moneyline,Settled,0,290,0.76,0.43,1,07/31/26 08:01 AM EDT
2026-07-01,MLB-WIN-IT5-01DVHFBITNEEVFG-HOOS000,Baseball,Moneyline,Settled,0,218,0.56,0.1,0,07/31/26 08:01 AM EDT
2026-07-01,MLB-WIN-IT5-01DVHFC8TNEEVIO-ARKS000,Baseball,Moneyline,Settled,0,215,0.62,0.07,0,07/31/26 08:01 AM EDT
2026-07-01,MLB-TRUNS-IT5-01DVGUCNTNEFU1G-GTE-P00075,Baseball,Total,Settled,0,200,0.46,0.44,1,07/31/26 02:16 AM EDT
2026-07-01,MLB-TRUNS-IT5-01DVHFC8TNEEVIO-GTE-P00045,Baseball,Total,Settled,0,200,0.53,0.47,0,07/31/26 08:01 AM EDT
2026-07-01,MLB-MOVY-IT5-01DTVNO3TKL1ANG-WALS000-GTE-P00035,Baseball,Spread,Settled,0,190,0.9,0.4,1,07/31/26 08:00 AM EDT
2026-07-01,MLB-TRUNS-IT5-01DVHFARTNEEU0G-GTE-P00045,Baseball,Total,Settled,0,181,0.56,0.36,1,07/31/26 08:41 AM EDT
2026-07-01,MLB-MOVY-IT5-01DVHFE1TNEEV60-MINS001-GTE-P00005,Baseball,Spread,Settled,0,180,0.54,0.54,0,07/31/26 08:01 AM EDT
2026-07-01,NPB-WIN-FG-00CBO4U1KS1KP1G-TOES000,Baseball,Moneyline,Settled,0,180,0.6,0.56,0,07/30/26 12:20 PM EDT
2026-07-01,MLB-MOVY-IT5-01DVHFARTNEEU0G-LARS000-GTE-P00005,Baseball,Spread,Settled,0,175,0.54,0.5,0,07/31/26 08:41 AM EDT
2026-07-01,MLB-WIN-IT5-01DVHF9BTNEEVLO-KCLS000,Baseball,Moneyline,Settled,0,171,0.46,0.18,0,07/31/26 08:01 AM EDT
2026-07-01,MLB-WIN-IT5-01DTVNO3TKL1ANG-WALS000,Baseball,Moneyline,Settled,0,167,0.72,0.46,1,07/31/26 08:00 AM EDT
2026-07-01,KBO-WIN-FG-00CBPTIQKS1SID8-KIES000,Baseball,Moneyline,Settled,0,156,0.42,0.42,0,07/30/26 12:20 PM EDT
2026-07-01,MLB-TRUNS-IT5-01DVHFARTNEEU0G-GTE-P00035,Baseball,Total,Settled,0,145,0.56,0.51,1,07/31/26 08:41 AM EDT
2026-07-01,KBO-WIN-FG-00CBO4RQKS1KP4O-SSRS000,Baseball,Moneyline,Settled,0,124,0.44,0.44,0.5,07/30/26 12:21 PM EDT
2026-07-01,MLB-MOVY-IT5-01DVGUCNTNEFU1G-PHES000-GTE-P00035,Baseball,Spread,Settled,0,118,0.86,0.51,1,07/31/26 02:16 AM EDT
2026-07-01,MLB-TRUNS-IT5-01DVGU9LTNEFUJG-GTE-P00045,Baseball,Total,Settled,0,110,0.51,0.47,1,07/31/26 08:40 AM EDT
2026-07-01,MLB-WIN-IT5-01DVGUDJTNEFVQ8-SDES000,Baseball,Moneyline,Settled,0,108,0.44,0.44,0,07/31/26 08:40 AM EDT
2026-07-01,MLB-MOVY-IT5-01DVHFARTNEEU0G-ATCS000-GTE-P00025,Baseball,Spread,Settled,0,102,0.39,0.28,1,07/31/26 08:41 AM EDT
2026-07-01,MLB-TRUNS-IT5-01DTUV3UTKL2RCO-GTE-P00025,Baseball,Total,Settled,0,100,0.44,0.44,1,07/31/26 08:40 AM EDT
2026-07-01,MLB-TRUNS-IT5-01DVGUCNTNEFU1G-GTE-P00065,Baseball,Total,Settled,0,100,0.57,0.57,1,07/31/26 02:16 AM EDT
2026-07-01,MLB-TRUNS-IT5-01DVHF9BTNEEVLO-GTE-P00065,Baseball,Total,Settled,0,100,0.46,0.46,0,07/31/26 08:01 AM EDT
2026-07-01,MLB-TRUNS-IT5-01DVHFFLTNEEUSG-GTE-P00045,Baseball,Total,Settled,0,100,0.53,0.14,0,07/31/26 08:01 AM EDT
2026-07-01,KBO-WIN-FG-00CBPTN3KS1SIS8-KTON000,Baseball,Moneyline,Settled,0,97,0.63,0.62,1,07/30/26 12:20 PM EDT
2026-07-01,MLB-WIN-IT5-01DVGUDJTNEFVQ8-CHBS000,Baseball,Moneyline,Settled,0,97,0.57,0.55,1,07/31/26 08:40 AM EDT
2026-07-01,NPB-WIN-FG-00CBO4TSKS1KOUO-HARS001,Baseball,Moneyline,Open,95,95,0.61,0.59,0.59,07/30/26 12:20 PM EDT
2026-07-01,MLB-TRUNS-IT5-01DVHFE1TNEEV60-GTE-P00035,Baseball,Total,Settled,0,86,0.44,0.44,1,07/31/26 08:01 AM EDT
2026-07-01,KBO-WIN-FG-00CBO4RQKS1KP4O-KIRS000,Baseball,Moneyline,Settled,0,82,0.92,0.59,0.5,07/30/26 12:21 PM EDT
2026-07-01,KBO-WIN-FG-03I0LKV5EM9R5VO-KTON000,Baseball,Moneyline,Open,62,62,0.5,0.5,0.5,07/31/26 01:56 PM EDT
2026-07-01,MLB-TRUNS-IT5-01DVGUCNTNEFU1G-GTE-P00035,Baseball,Total,Settled,0,62,0.53,0.53,1,07/31/26 02:16 AM EDT
2026-07-01,MLB-TRUNS-IT5-01DVHF9BTNEEVLO-GTE-P00055,Baseball,Total,Settled,0,49,0.51,0.51,0,07/31/26 08:01 AM EDT
2026-07-01,MLB-TRUNS-IT5-01DVHFARTNEEU0G-GTE-P00075,Baseball,Total,Settled,0,49,0.32,0.26,0,07/31/26 08:41 AM EDT
2026-07-01,MLB-MOVY-IT5-01DVHFFVTNEEVO8-STLS000-GTE-P00005,Baseball,Spread,Settled,0,48,0.49,0.34,0,07/31/26 08:01 AM EDT
2026-07-01,MLB-MOVY-IT5-01DTUV3UTKL2RCO-CHOX000-GTE-P00005,Baseball,Spread,Settled,0,45,0.56,0.56,0,07/31/26 08:40 AM EDT
2026-07-01,MLB-TRUNS-IT5-01DVGUDJTNEFVQ8-GTE-P00065,Baseball,Total,Settled,0,43,0.55,0.55,1,07/31/26 08:40 AM EDT
2026-07-01,KBO-WIN-FG-00CBPTIQKS1SID8-LGNS000,Baseball,Moneyline,Settled,0,39,0.61,0.6,1,07/30/26 12:20 PM EDT
2026-07-01,MLB-MOVY-IT5-01DVHFARTNEEU0G-ATCS000-GTE-P00005,Baseball,Spread,Settled,0,36,0.51,0.32,1,07/31/26 08:41 AM EDT
2026-07-01,MLB-TRUNS-IT5-01DTVNO3TKL1ANG-GTE-P00055,Baseball,Total,Settled,0,33,0.58,0.58,1,07/31/26 08:00 AM EDT
2026-07-01,KBO-WIN-FG-03I0LKO1EM9R5VG-KIES000,Baseball,Moneyline,Open,27,27,0.31,0.31,0.31,07/31/26 01:56 PM EDT
2026-07-01,MLB-WIN-IT5-01DVHFBITNEEVFG-MINS000,Baseball,Moneyline,Settled,0,26,0.47,0.47,1,07/31/26 08:01 AM EDT
2026-07-01,KBO-WIN-FG-03I0K66QEM9ICGO-DORS000,Baseball,Moneyline,Open,25,25,0.58,0.58,0.58,07/31/26 01:56 PM EDT
2026-07-01,MLB-MOVY-IT5-01DVHFC8TNEEVIO-ARKS000-GTE-P00005,Baseball,Spread,Settled,0,24,0.47,0.47,0,07/31/26 08:01 AM EDT
2026-07-01,MLB-TRUNS-IT5-01DVHFFVTNEEVO8-GTE-P00045,Baseball,Total,Settled,0,23,0.37,0.37,0,07/31/26 08:01 AM EDT
2026-07-01,KBO-WIN-FG-03I0LKV5EM9R5VO-HAES000,Baseball,Moneyline,Open,22,22,0.52,0.52,0.52,07/31/26 01:56 PM EDT
2026-07-01,MLB-MOVY-IT5-01DVGU9LTNEFUJG-TOYS000-GTE-P00005,Baseball,Spread,Settled,0,22,0.41,0.41,1,07/31/26 08:40 AM EDT
2026-07-01,KBO-WIN-FG-03I0LKPFEM9R5R8-KIRS000,Baseball,Moneyline,Open,20,20,0.61,0.61,0.61,07/31/26 01:56 PM EDT
2026-07-01,KBO-WIN-FG-03I0LKO1EM9R5VG-LGNS000,Baseball,Moneyline,Open,18,18,0.71,0.71,0.71,07/31/26 01:56 PM EDT
2026-07-01,MLB-TRUNS-IT5-01DVHFE1TNEEV60-GTE-P00045,Baseball,Total,Settled,0,18,0.48,0.48,1,07/31/26 08:01 AM EDT
2026-07-01,MLB-TRUNS-IT5-01DVGUCNTNEFU1G-GTE-P00105,Baseball,Total,Settled,0,16,0.56,0.56,1,07/31/26 02:16 AM EDT
2026-07-01,KBO-WIN-FG-03I0LKPFEM9R5R8-SSRS000,Baseball,Moneyline,Open,15,15,0.42,0.42,0.42,07/31/26 01:56 PM EDT
2026-07-01,MLB-TRUNS-IT5-01DVHFFVTNEEVO8-GTE-P00035,Baseball,Total,Settled,0,15,0.38,0.38,0,07/31/26 08:01 AM EDT
2026-07-01,KBO-WIN-FG-00CBO4PCKS1KOB8-NCOS000,Baseball,Moneyline,Settled,0,13,0.36,0.36,1,07/30/26 12:20 PM EDT
2026-07-01,NPB-WIN-FG-03I0K64BEM9ICQ8-ORES000,Baseball,Moneyline,Open,12,12,0.38,0.38,0.38,07/31/26 01:55 PM EDT
2026-07-01,KBO-WIN-FG-00CBO4PCKS1KOB8-SANS000,Baseball,Moneyline,Settled,0,11,0.67,0.67,0,07/30/26 12:20 PM EDT
2026-07-01,MLB-TRUNS-IT5-01DVHFC8TNEEVIO-GTE-P00015,Baseball,Total,Settled,0,11,0.27,0.27,1,07/31/26 08:01 AM EDT
2026-07-01,KBO-WIN-FG-00CBO4TMKS1KP70-LOTS001,Baseball,Moneyline,Settled,0,10,0.46,0.46,1,07/30/26 12:20 PM EDT
2026-07-01,MLB-MOVY-IT5-01DVHF9BTNEEVLO-TBYS000-GTE-P00015,Baseball,Spread,Settled,0,9,0.58,0.58,1,07/31/26 08:01 AM EDT
2026-07-01,MLB-TRUNS-IT5-01DVHFE1TNEEV60-GTE-P00055,Baseball,Total,Settled,0,9,0.51,0.51,1,07/31/26 08:01 AM EDT
2026-07-01,KBO-WIN-FG-03I0LKT8EM9R4M8-SANS000,Baseball,Moneyline,Open,7,7,0.52,0.52,0.52,07/31/26 01:56 PM EDT
2026-07-01,NPB-WIN-FG-03I0K64BEM9ICQ8-HORS000,Baseball,Moneyline,Open,7,7,0.65,0.65,0.65,07/31/26 01:55 PM EDT
2026-07-01,NPB-WIN-FG-03I0K64PEM9IC60-YORS001,Baseball,Moneyline,Open,7,7,0.64,0.64,0.64,07/31/26 01:55 PM EDT
2026-07-01,KBO-WIN-FG-03I0K66QEM9ICGO-LOTS001,Baseball,Moneyline,Open,6,6,0.44,0.44,0.44,07/31/26 01:56 PM EDT
2026-07-01,NPB-WIN-FG-03I0K67VEM9ID2O-HARS001,Baseball,Moneyline,Open,5,5,0.58,0.58,0.58,07/31/26 01:55 PM EDT
2026-07-01,MLB-TRUNS-IT5-01DTVNO3TKL1ANG-GTE-P00095,Baseball,Total,Settled,0,3,0.41,0.41,0,07/31/26 08:00 AM EDT
2026-07-01,MLB-TRUNS-IT5-01DVGUCNTNEFU1G-GTE-P00095,Baseball,Total,Settled,0,3,0.45,0.45,1,07/31/26 02:16 AM EDT
2026-07-01,MLB-MOVY-IT5-01DTUV22TKL2RM0-CLNS000-GTE-P00005,Baseball,Spread,Settled,0,2,0.45,0.41,1,07/31/26 02:16 AM EDT
2026-07-01,MLB-TRUNS-IT5-01DVHFFVTNEEVO8-GTE-P00055,Baseball,Total,Settled,0,2,0.46,0.46,0,07/31/26 08:01 AM EDT
2026-07-01,MLB-MOVY-IT5-01DTVNO3TKL1ANG-BOOX000-GTE-P00005,Baseball,Spread,Settled,0,1,0.5,0.5,0,07/31/26 08:00 AM EDT
2026-07-01,MLB-MOVY-IT5-01DVHFARTNEEU0G-ATCS000-GTE-P00015,Baseball,Spread,Settled,0,1,0.67,0.67,1,07/31/26 08:41 AM EDT
2026-07-01,MLB-TRUNS-IT5-01DTUV22TKL2RM0-GTE-P00035,Baseball,Total,Settled,0,1,0.49,0.49,1,07/31/26 02:16 AM EDT
2026-07-01,MLB-WIN-IT5-00UCIDVFF48U54G-HOOS000,Baseball,Moneyline,Open,88,0,,,0.39,07/26/26 08:08 AM EDT
2026-07-02,MLB-WIN-IT5-03VK5GUP4OIUI0G-PIES000,Baseball,Moneyline,Settled,0,11946,0.65,0.38,0.5,08/01/26 08:19 AM EDT
2026-07-02,MLB-WIN-IT5-03VK5GU64OIUJS8-MIRS000,Baseball,Moneyline,Settled,0,11921,0.64,0.29,0,08/01/26 08:19 AM EDT
2026-07-02,MLB-WIN-IT5-03VK58SJ4OIGVN0-CHOX000,Baseball,Moneyline,Settled,0,10686,0.76,0.25,1,08/01/26 08:20 AM EDT
2026-07-02,MLB-MOVY-IT5-03VK45AL4OIM52G-LARS000-GTE-P00005,Baseball,Spread,Open,2798,3461,0.57,0.53,0.57,08/01/26 08:20 AM EDT
2026-07-02,MLB-TRUNS-IT5-03VK58SJ4OIGVN0-GTE-P00045,Baseball,Total,Settled,0,2892,0.52,0.14,1,08/01/26 08:20 AM EDT
2026-07-02,MLB-WIN-IT5-03VK58PV4OIGVOO-MINS001,Baseball,Moneyline,Settled,0,2830,0.81,0.21,0,08/01/26 08:20 AM EDT
2026-07-02,MLB-TRUNS-IT5-03VK5GU64OIUJS8-GTE-P00035,Baseball,Total,Settled,0,2590,0.58,0.33,1,08/01/26 08:19 AM EDT
2026-07-02,MLB-MOVY-IT5-03VK58SJ4OIGVN0-CLNS000-GTE-P00005,Baseball,Spread,Settled,0,2368,0.82,0.09,0,08/01/26 08:20 AM EDT
2026-07-02,MLB-MOVY-IT5-03VK5GUP4OIUI0G-PHES000-GTE-P00005,Baseball,Spread,Settled,0,2323,0.68,0.1,0,08/01/26 08:19 AM EDT
2026-07-02,MLB-WIN-IT5-03VK5GUP4OIUI0G-PHES000,Baseball,Moneyline,Settled,0,2221,0.67,0.48,0.5,08/01/26 08:19 AM EDT
2026-07-02,MLB-MOVY-IT5-03VK58U84OIGV18-TBYS000-GTE-P00005,Baseball,Spread,Settled,0,2074,0.48,0.44,1,08/01/26 08:34 AM EDT
2026-07-02,KBO-WIN-FG-03I0LKPFEM9R5R8-SSRS000,Baseball,Moneyline,Settled,0,1943,0.94,0.27,0,07/31/26 01:56 PM EDT
2026-07-02,MLB-WIN-IT5-03VK45AL4OIM52G-LARS000,Baseball,Moneyline,Open,1861,1924,0.92,0.07,0.91,08/01/26 08:20 AM EDT
2026-07-02,MLB-TRUNS-IT5-03VK5GUP4OIUI0G-GTE-P00025,Baseball,Total,Settled,0,1702,0.76,0.11,0,08/01/26 08:19 AM EDT
2026-07-02,KBO-WIN-FG-03I0LKPFEM9R5R8-KIRS000,Baseball,Moneyline,Settled,0,1477,0.61,0.07,1,07/31/26 01:56 PM EDT
2026-07-02,MLB-WIN-IT5-03VK58VT4OIGUM8-ATES000,Baseball,Moneyline,Settled,0,1391,0.85,0.17,1,08/01/26 08:34 AM EDT
2026-07-02,MLB-MOVY-IT5-03VK5GU64OIUJS8-MIRS000-GTE-P00005,Baseball,Spread,Settled,0,1378,0.56,0.1,0,08/01/26 08:19 AM EDT
2026-07-02,MLB-WIN-IT5-03VK58U84OIGV18-TBYS000,Baseball,Moneyline,Settled,0,1345,0.54,0.32,1,08/01/26 08:34 AM EDT
2026-07-02,NPB-WIN-FG-03I0K67VEM9ID2O-CHNS000,Baseball,Moneyline,Settled,0,1275,0.58,0.3,1,07/31/26 01:55 PM EDT
2026-07-02,MLB-WIN-IT5-03VK58TK4OIGVO8-DERS000,Baseball,Moneyline,Settled,0,1272,0.51,0.44,0,08/01/26 08:20 AM EDT
2026-07-02,MLB-MOVY-IT5-03VK45EE4OIM4VG-SERS000-GTE-P00005,Baseball,Spread,Settled,0,1265,0.57,0.48,0,08/01/26 08:20 AM EDT
2026-07-02,KBO-WIN-FG-03I0LKT8EM9R4M8-SANS000,Baseball,Moneyline,Settled,0,1234,0.97,0.5,1,07/31/26 01:56 PM EDT
2026-07-02,MLB-TRUNS-IT5-03VK58U84OIGV18-GTE-P00055,Baseball,Total,Settled,0,1141,0.5,0.45,1,08/01/26 08:34 AM EDT
2026-07-02,MLB-TRUNS-IT5-03VK5GUP4OIUI0G-GTE-P00035,Baseball,Total,Settled,0,1095,0.56,0.06,0,08/01/26 08:19 AM EDT
2026-07-02,MLB-TRUNS-IT5-03VK58TK4OIGVO8-GTE-P00035,Baseball,Total,Settled,0,1002,0.54,0.3,1,08/01/26 08:20 AM EDT
2026-07-02,MLB-TRUNS-IT5-03VK45AL4OIM52G-GTE-P00055,Baseball,Total,Open,503,972,0.99,0.46,0.99,08/01/26 08:20 AM EDT
2026-07-02,MLB-MOVY-IT5-03VK58SJ4OIGVN0-CHOX000-GTE-P00005,Baseball,Spread,Settled,0,928,0.57,0.02,1,08/01/26 08:20 AM EDT
2026-07-02,MLB-MOVY-IT5-03VK58SJ4OIGVN0-CLNS000-GTE-P00025,Baseball,Spread,Settled,0,915,0.52,0.04,0,08/01/26 08:20 AM EDT
2026-07-02,MLB-TRUNS-IT5-03VK5GU64OIUJS8-GTE-P00025,Baseball,Total,Settled,0,896,0.69,0.54,1,08/01/26 08:19 AM EDT
2026-07-02,KBO-WIN-FG-03I0K66QEM9ICGO-DORS000,Baseball,Moneyline,Settled,0,885,0.99,0.57,1,07/31/26 01:56 PM EDT
2026-07-02,MLB-TRUNS-IT5-03VK45EE4OIM4VG-GTE-P00015,Baseball,Total,Settled,0,880,0.58,0.45,0,08/01/26 08:20 AM EDT
2026-07-02,MLB-WIN-IT5-03VK58U84OIGV18-KCLS000,Baseball,Moneyline,Settled,0,862,0.49,0.48,0,08/01/26 08:34 AM EDT
2026-07-02,KBO-WIN-FG-03I0LKO1EM9R5VG-LGNS000,Baseball,Moneyline,Settled,0,845,0.97,0.66,1,07/31/26 01:56 PM EDT
2026-07-02,MLB-MOVY-IT5-03VK58PV4OIGVOO-MINS001-GTE-P00005,Baseball,Spread,Settled,0,826,0.51,0.44,0,08/01/26 08:19 AM EDT
2026-07-02,MLB-TRUNS-IT5-03VK5GUP4OIUI0G-GTE-P00055,Baseball,Total,Settled,0,808,0.55,0.02,0,08/01/26 08:19 AM EDT
2026-07-02,MLB-TRUNS-IT5-03VK45EE4OIM4VG-GTE-P00005,Baseball,Total,Settled,0,803,0.63,0.33,0,08/01/26 08:20 AM EDT
2026-07-02,MLB-TRUNS-IT5-03VK58TK4OIGVO8-GTE-P00055,Baseball,Total,Settled,0,782,0.53,0.43,1,08/01/26 08:20 AM EDT
2026-07-02,MLB-TRUNS-IT5-03VK58TK4OIGVO8-GTE-P00025,Baseball,Total,Settled,0,760,0.73,0.42,1,08/01/26 08:20 AM EDT
2026-07-02,NPB-WIN-FG-03I0K64BEM9ICQ8-ORES000,Baseball,Moneyline,Settled,0,760,0.35,0.06,0,07/31/26 01:55 PM EDT
2026-07-02,MLB-WIN-IT5-03VK5GU64OIUJS8-CIDS000,Baseball,Moneyline,Settled,0,718,0.97,0.37,1,08/01/26 08:19 AM EDT
2026-07-02,MLB-MOVY-IT5-03VK58PV4OIGVOO-MINS001-GTE-P00015,Baseball,Spread,Settled,0,658,0.57,0.11,0,08/01/26 08:19 AM EDT
2026-07-02,MLB-TRUNS-IT5-03VK58SJ4OIGVN0-GTE-P00035,Baseball,Total,Settled,0,640,0.55,0.48,1,08/01/26 08:20 AM EDT
2026-07-02,NPB-WIN-FG-03I0K67VEM9ID2O-HARS001,Baseball,Moneyline,Settled,0,635,0.88,0.58,0,07/31/26 01:55 PM EDT
2026-07-02,MLB-TRUNS-IT5-03VK45AL4OIM52G-GTE-P00105,Baseball,Total,Open,233,608,0.77,0.45,0.65,08/01/26 08:20 AM EDT
2026-07-02,MLB-TRUNS-IT5-03VK58PV4OIGVOO-GTE-P00065,Baseball,Total,Settled,0,578,0.65,0.48,1,08/01/26 08:19 AM EDT
2026-07-02,MLB-WIN-IT5-03VK45AL4OIM52G-SDES000,Baseball,Moneyline,Open,276,560,0.95,0.06,0.06,08/01/26 08:20 AM EDT
2026-07-02,MLB-TRUNS-IT5-03VK45EE4OIM4VG-GTE-P00035,Baseball,Total,Settled,0,557,0.56,0.01,0,08/01/26 08:20 AM EDT
2026-07-02,MLB-MOVY-IT5-03VK45AL4OIM52G-LARS000-GTE-P00035,Baseball,Spread,Open,500,500,0.23,0.09,0.21,08/01/26 08:20 AM EDT
2026-07-02,MLB-MOVY-IT5-03VK45AL4OIM52G-SDES000-GTE-P00025,Baseball,Spread,Open,195,489,0.82,0.48,0.61,08/01/26 08:20 AM EDT
2026-07-02,MLB-MOVY-IT5-03VK58PV4OIGVOO-MINS001-GTE-P00025,Baseball,Spread,Settled,0,474,0.52,0.26,0,08/01/26 08:19 AM EDT
2026-07-02,MLB-TRUNS-IT5-03VK58PV4OIGVOO-GTE-P00095,Baseball,Total,Settled,0,465,0.56,0.07,0,08/01/26 08:19 AM EDT
2026-07-02,MLB-TRUNS-IT5-03VK58SJ4OIGVN0-GTE-P00055,Baseball,Total,Settled,0,455,0.53,0.09,0,08/01/26 08:20 AM EDT
2026-07-02,MLB-TRUNS-IT5-03VK58SJ4OIGVN0-GTE-P00025,Baseball,Total,Settled,0,446,0.57,0.43,1,08/01/26 08:20 AM EDT
2026-07-02,NPB-WIN-FG-03I0K64PEM9IC60-HIRP000,Baseball,Moneyline,Settled,0,438,0.54,0.08,0.5,07/31/26 01:55 PM EDT
2026-07-02,MLB-MOVY-IT5-03VK58VT4OIGUM8-ATES000-GTE-P00015,Baseball,Spread,Settled,0,428,0.88,0.51,1,08/01/26 08:34 AM EDT
2026-07-02,MLB-TRUNS-IT5-03VK58TK4OIGVO8-GTE-P00045,Baseball,Total,Settled,0,411,0.59,0.43,1,08/01/26 08:20 AM EDT
2026-07-02,MLB-MOVY-IT5-03VK5GU64OIUJS8-CIDS000-GTE-P00005,Baseball,Spread,Settled,0,402,0.98,0.44,1,08/01/26 08:19 AM EDT
2026-07-02,MLB-TRUNS-IT5-03VK5GUP4OIUI0G-GTE-P00045,Baseball,Total,Settled,0,400,0.57,0.43,0,08/01/26 08:19 AM EDT
2026-07-02,KBO-WIN-FG-03I0LKV5EM9R5VO-HAES000,Baseball,Moneyline,Settled,0,393,0.53,0.52,1,07/31/26 01:56 PM EDT
2026-07-02,MLB-TRUNS-IT5-03VK5GUP4OIUI0G-GTE-P00015,Baseball,Total,Settled,0,393,0.63,0.47,1,08/01/26 08:19 AM EDT
2026-07-02,MLB-MOVY-IT5-03VK58TK4OIGVO8-TERS000-GTE-P00025,Baseball,Spread,Settled,0,384,0.5,0.5,0,08/01/26 08:20 AM EDT
2026-07-02,MLB-TRUNS-IT5-03VK58SJ4OIGVN0-GTE-P00015,Baseball,Total,Settled,0,380,0.6,0.5,1,08/01/26 08:20 AM EDT
2026-07-02,MLB-WIN-IT5-03VK45EE4OIM4VG-LALS000,Baseball,Moneyline,Settled,0,370,0.43,0.25,0.5,08/01/26 08:20 AM EDT
2026-07-02,MLB-TRUNS-IT5-03VK45AL4OIM52G-GTE-P00065,Baseball,Total,Open,235,367,0.94,0.51,0.94,08/01/26 08:20 AM EDT
2026-07-02,MLB-TRUNS-IT5-03VK45AL4OIM52G-GTE-P00095,Baseball,Total,Open,300,348,0.52,0.46,0.47,08/01/26 08:20 AM EDT
2026-07-02,MLB-WIN-IT5-03VK58PV4OIGVOO-COES000,Baseball,Moneyline,Settled,0,346,0.58,0.22,1,08/01/26 08:20 AM EDT
2026-07-02,MLB-TRUNS-IT5-03VK58VT4OIGUM8-GTE-P00105,Baseball,Total,Settled,0,340,0.66,0.48,0,08/01/26 08:34 AM EDT
2026-07-02,MLB-TRUNS-IT5-03VK45EE4OIM4VG-GTE-P00025,Baseball,Total,Settled,0,339,0.55,0.37,0,08/01/26 08:20 AM EDT
2026-07-02,MLB-WIN-IT5-03VK58TK4OIGVO8-TERS000,Baseball,Moneyline,Settled,0,314,0.52,0.52,1,08/01/26 08:20 AM EDT
2026-07-02,MLB-WIN-IT5-03VK58VT4OIGUM8-STLS000,Baseball,Moneyline,Settled,0,279,0.51,0.13,0,08/01/26 08:34 AM EDT
2026-07-02,MLB-MOVY-IT5-03VK58TK4OIGVO8-TERS000-GTE-P00005,Baseball,Spread,Settled,0,267,0.48,0.37,1,08/01/26 08:20 AM EDT
2026-07-02,MLB-TRUNS-IT5-03VK5GU64OIUJS8-GTE-P00045,Baseball,Total,Settled,0,259,0.99,0.41,1,08/01/26 08:19 AM EDT
2026-07-02,KBO-WIN-FG-03I0LKO1EM9R5VG-KIES000,Baseball,Moneyline,Settled,0,257,0.41,0.13,0,07/31/26 01:56 PM EDT
2026-07-02,MLB-TRUNS-IT5-03VK58PV4OIGVOO-GTE-P00085,Baseball,Total,Settled,141,254,0.68,0.45,1,08/01/26 08:19 AM EDT
2026-07-02,MLB-MOVY-IT5-03VK45AL4OIM52G-SDES000-GTE-P00035,Baseball,Spread,Open,108,250,0.57,0.19,0.19,08/01/26 08:20 AM EDT
2026-07-02,MLB-MOVY-IT5-03VK5GUP4OIUI0G-PIES000-GTE-P00005,Baseball,Spread,Settled,0,236,0.56,0.12,0,08/01/26 08:19 AM EDT
2026-07-02,MLB-MOVY-IT5-03VK58SJ4OIGVN0-CLNS000-GTE-P00015,Baseball,Spread,Settled,0,234,0.81,0.49,0,08/01/26 08:20 AM EDT
2026-07-02,MLB-MOVY-IT5-03VK5GU64OIUJS8-CIDS000-GTE-P00045,Baseball,Spread,Settled,0,234,0.81,0.52,0,08/01/26 08:19 AM EDT
2026-07-02,MLB-WIN-IT5-03VK58SJ4OIGVN0-CLNS000,Baseball,Moneyline,Settled,0,233,0.83,0.5,0,08/01/26 08:20 AM EDT
2026-07-02,MLB-MOVY-IT5-03VK58VT4OIGUM8-ATES000-GTE-P00025,Baseball,Spread,Settled,0,224,0.56,0.46,0,08/01/26 08:34 AM EDT
2026-07-02,MLB-TRUNS-IT5-03VK58VT4OIGUM8-GTE-P00045,Baseball,Total,Settled,0,220,0.53,0.52,1,08/01/26 08:34 AM EDT
2026-07-02,KBO-WIN-FG-03I0K66QEM9ICGO-LOTS001,Baseball,Moneyline,Settled,0,212,0.47,0.37,0,07/31/26 01:56 PM EDT
2026-07-02,MLB-TRUNS-IT5-03VK45AL4OIM52G-GTE-P00075,Baseball,Total,Open,196,196,0.49,0.48,0.49,08/01/26 08:20 AM EDT
2026-07-02,MLB-TRUNS-IT5-03VK58VT4OIGUM8-GTE-P00075,Baseball,Total,Settled,0,181,0.52,0.52,1,08/01/26 08:34 AM EDT
2026-07-02,MLB-TRUNS-IT5-03VK45EE4OIM4VG-GTE-P00045,Baseball,Total,Settled,0,166,0.52,0.47,0,08/01/26 08:20 AM EDT
2026-07-02,MLB-TRUNS-IT5-03VK58VT4OIGUM8-GTE-P00085,Baseball,Total,Settled,0,158,0.63,0.15,0,08/01/26 08:34 AM EDT
2026-07-02,MLB-MOVY-IT5-03VK5GU64OIUJS8-CIDS000-GTE-P00015,Baseball,Spread,Settled,0,154,0.96,0.64,1,08/01/26 08:19 AM EDT
2026-07-02,KBO-WIN-FG-03I0LKT8EM9R4M8-NCOS000,Baseball,Moneyline,Settled,0,152,0.49,0.25,0,07/31/26 01:56 PM EDT
2026-07-02,MLB-MOVY-IT5-03VK5GUP4OIUI0G-PHES000-GTE-P00015,Baseball,Spread,Settled,0,144,0.41,0.39,0,08/01/26 08:19 AM EDT
2026-07-02,MLB-MOVY-IT5-03VK45EE4OIM4VG-SERS000-GTE-P00015,Baseball,Spread,Settled,0,133,0.54,0.54,0,08/01/26 08:20 AM EDT
2026-07-02,MLB-MOVY-IT5-03VK58PV4OIGVOO-COES000-GTE-P00015,Baseball,Spread,Settled,0,126,0.32,0.23,0,08/01/26 08:19 AM EDT
2026-07-02,MLB-MOVY-IT5-03VK58VT4OIGUM8-ATES000-GTE-P00005,Baseball,Spread,Settled,0,125,0.45,0.42,1,08/01/26 08:34 AM EDT
2026-07-02,MLB-WIN-IT5-03VK45EE4OIM4VG-SERS000,Baseball,Moneyline,Settled,0,117,0.67,0.6,0.5,08/01/26 08:20 AM EDT
2026-07-02,KBO-TRUNS-FG-03I0K66QEM9ICGO-GTE-P00115,Baseball,Total,Settled,0,114,0.37,0.12,0,07/31/26 01:56 PM EDT
2026-07-02,MLB-MOVY-IT5-03VK58VT4OIGUM8-STLS000-GTE-P00005,Baseball,Spread,Settled,0,103,0.53,0.48,0,08/01/26 08:34 AM EDT
2026-07-02,MLB-TRUNS-IT5-03VK58U84OIGV18-GTE-P00085,Baseball,Total,Settled,0,100,0.49,0.49,0,08/01/26 08:34 AM EDT
2026-07-02,MLB-TRUNS-IT5-03VK58VT4OIGUM8-GTE-P00095,Baseball,Total,Settled,0,100,0.57,0.57,0,08/01/26 08:34 AM EDT
2026-07-02,MLB-TRUNS-IT5-03VK5GU64OIUJS8-GTE-P00015,Baseball,Total,Settled,0,100,0.59,0.59,1,08/01/26 08:19 AM EDT
2026-07-02,KBO-MOVY-FG-03I0K66QEM9ICGO-DORS000-GTE-P00055,Baseball,Spread,Settled,0,95,0.61,0.59,0,07/31/26 01:56 PM EDT
2026-07-02,KBO-WIN-FG-03I0LKV5EM9R5VO-KTON000,Baseball,Moneyline,Settled,0,87,0.44,0.02,0,07/31/26 01:56 PM EDT
2026-07-02,NPB-WIN-FG-03I0K66KEM9IDHO-FUKS000,Baseball,Moneyline,Settled,0,85,0.92,0.62,1,07/31/26 01:56 PM EDT
2026-07-02,MLB-TRUNS-IT5-03VK58PV4OIGVOO-GTE-P00105,Baseball,Total,Settled,0,80,0.4,0.18,0,08/01/26 08:19 AM EDT
2026-07-02,NPB-WIN-FG-03I0K66KEM9IDHO-SANS002,Baseball,Moneyline,Settled,0,77,0.61,0.53,0,07/31/26 01:56 PM EDT
2026-07-02,MLB-TRUNS-IT5-03VK58PV4OIGVOO-GTE-P00075,Baseball,Total,Settled,0,68,0.56,0.42,1,08/01/26 08:19 AM EDT
2026-07-02,MLB-MOVY-IT5-03VK45AL4OIM52G-SDES000-GTE-P00005,Baseball,Spread,Open,57,57,0.54,0.53,0.54,08/01/26 08:20 AM EDT
2026-07-02,MLB-TRUNS-IT5-03VK58TK4OIGVO8-GTE-P00085,Baseball,Total,Settled,0,55,0.43,0.43,0,08/01/26 08:20 AM EDT
2026-07-02,NPB-WIN-FG-03I0K64BEM9ICQ8-HORS000,Baseball,Moneyline,Settled,0,54,0.98,0.64,1,07/31/26 01:55 PM EDT
2026-07-02,MLB-TRUNS-IT5-03VK58U84OIGV18-GTE-P00045,Baseball,Total,Settled,0,51,0.43,0.43,1,08/01/26 08:34 AM EDT
2026-07-02,KBO-TRUNS-FG-03I0K66QEM9ICGO-GTE-P00095,Baseball,Total,Settled,0,42,0.52,0.4,1,07/31/26 01:56 PM EDT
2026-07-02,KBO-TRUNS-FG-03I0K66QEM9ICGO-GTE-P00075,Baseball,Total,Settled,0,35,0.61,0.48,1,07/31/26 01:56 PM EDT
2026-07-02,KBO-MOVY-FG-03I0K66QEM9ICGO-DORS000-GTE-P00045,Baseball,Spread,Settled,0,25,0.63,0.63,1,07/31/26 01:56 PM EDT
2026-07-02,KBO-MOVY-FG-03I0K66QEM9ICGO-DORS000-GTE-P00065,Baseball,Spread,Settled,0,20,0.23,0.23,0,07/31/26 01:56 PM EDT
2026-07-02,MLB-TRUNS-IT5-03VK45AL4OIM52G-GTE-P00085,Baseball,Total,Open,19,19,0.63,0.63,0.63,08/01/26 08:20 AM EDT
2026-07-02,MLB-MOVY-IT5-03VK58VT4OIGUM8-STLS000-GTE-P00025,Baseball,Spread,Settled,0,10,0.52,0.52,0,08/01/26 08:34 AM EDT
2026-07-02,KBO-MOVY-FG-01DRH7PITNRQ8HO-DORS000-GTE-P00015,Baseball,Spread,Open,9,9,0.52,0.52,0.52,08/01/26 01:11 PM EDT
2026-07-02,KBO-WIN-FG-01DRH7Q3TNRQ8D0-LGNS000,Baseball,Moneyline,Open,8,8,0.59,0.59,0.59,08/01/26 01:11 PM EDT
2026-07-02,NPB-WIN-FG-01DRHQ33TNRU418-FUKS000,Baseball,Moneyline,Open,7,7,0.62,0.62,0.62,08/01/26 01:10 PM EDT
2026-07-02,NPB-WIN-FG-01DRHQ5KTNRU5E8-SANS002,Baseball,Moneyline,Open,6,6,0.58,0.58,0.58,08/01/26 01:11 PM EDT
2026-07-02,KBO-MOVY-FG-01DRH7PHTNRQ9Q0-SANS000-GTE-P00015,Baseball,Spread,Open,5,5,0.54,0.54,0.54,08/01/26 01:11 PM EDT
2026-07-02,NPB-WIN-FG-01DRH7O5TNRQ9LG-HORS000,Baseball,Moneyline,Open,5,5,0.55,0.55,0.55,08/01/26 01:10 PM EDT
2026-07-02,KBO-WIN-FG-01DRH7RJTNRQ81G-NCOS000,Baseball,Moneyline,Open,4,4,0.59,0.59,0.59,08/01/26 01:11 PM EDT
2026-07-02,NPB-WIN-FG-01DRHQ1CTNRU470-HARS001,Baseball,Moneyline,Open,4,4,0.65,0.65,0.65,08/01/26 01:10 PM EDT
2026-07-02,MLB-MOVY-IT5-03VK5GU64OIUJS8-CIDS000-GTE-P00025,Baseball,Spread,Settled,0,2,0.91,0.91,1,08/01/26 08:19 AM EDT
2026-07-02,MLB-WIN-IT5-00UCIDVFF48U54G-HOOS000,Baseball,Moneyline,Open,88,0,,,0.39,07/26/26 08:08 AM EDT
2026-07-03,MLB-MOVY-IT5-00NBTI0PPJ6C3D8-SFTS000-GTE-P00005,Baseball,Spread,Settled,0,11345,0.53,0.02,0,08/02/26 08:08 AM EDT
2026-07-03,MLB-WIN-IT5-00NBTI5KPJ6C2J8-ATCS000,Baseball,Moneyline,Settled,0,6583,0.56,0.04,0,08/02/26 08:08 AM EDT
2026-07-03,MLB-WIN-IT5-00NBTI39PJ6C368-TBYS000,Baseball,Moneyline,Settled,0,5805,0.54,0.35,0.5,08/02/26 08:08 AM EDT
2026-07-03,KBO-WIN-FG-01DRH7PITNRQ8HO-KIES000,Baseball,Moneyline,Settled,0,5268,0.81,0.12,1,08/01/26 01:11 PM EDT
2026-07-03,MLB-TRUNS-IT5-00NBTI16PJ6C2D0-GTE-P00035,Baseball,Total,Settled,0,4874,0.51,0.41,0,08/02/26 08:08 AM EDT
2026-07-03,NPB-WIN-FG-01DRHQ5KTNRU5E8-SANS002,Baseball,Moneyline,Settled,0,3911,0.6,0.16,0.5,08/01/26 01:11 PM EDT
2026-07-03,MLB-WIN-IT5-00NBTG6RPJ6EO6G-WALS000,Baseball,Moneyline,Settled,0,3174,0.75,0.55,1,08/02/26 08:07 AM EDT
2026-07-03,MLB-WIN-IT5-00NBTG76PJ6EO3G-STLS000,Baseball,Moneyline,Settled,0,2879,0.55,0.41,1,08/02/26 08:07 AM EDT
2026-07-03,MLB-TRUNS-IT5-00NBTI56PJ6C21O-GTE-P00035,Baseball,Total,Settled,0,2575,0.54,0.44,1,08/02/26 08:08 AM EDT
2026-07-03,MLB-TRUNS-IT5-00NBTI56PJ6C21O-GTE-P00045,Baseball,Total,Settled,0,2423,0.49,0.35,1,08/02/26 08:08 AM EDT
2026-07-03,NPB-WIN-FG-01DRHQ5KTNRU5E8-ORES000,Baseball,Moneyline,Settled,0,2264,0.59,0.45,0.5,08/01/26 01:11 PM EDT
2026-07-03,MLB-MOVY-IT5-00NBTG6RPJ6EO6G-WALS000-GTE-P00005,Baseball,Spread,Settled,0,2050,0.54,0.49,1,08/02/26 08:07 AM EDT
2026-07-03,KBO-WIN-FG-01DRH7PHTNRQ9Q0-SANS000,Baseball,Moneyline,Settled,0,1966,0.97,0.66,1,08/01/26 01:11 PM EDT
2026-07-03,MLB-TRUNS-IT5-00NBTG76PJ6EO3G-GTE-P00055,Baseball,Total,Settled,0,1958,0.95,0.52,1,08/02/26 08:07 AM EDT
2026-07-03,MLB-TRUNS-IT5-00NBTG20PJ6EP1G-GTE-P00065,Baseball,Total,Settled,0,1925,0.54,0.18,0,08/02/26 08:07 AM EDT
2026-07-03,MLB-TRUNS-IT5-00NBTI18PJ6C2U8-GTE-P00045,Baseball,Total,Settled,0,1880,0.5,0.46,0,08/02/26 08:08 AM EDT
2026-07-03,MLB-MOVY-IT5-00NBTG76PJ6EO3G-STLS000-GTE-P00045,Baseball,Spread,Settled,0,1858,0.97,0.42,1,08/02/26 08:07 AM EDT
2026-07-03,MLB-TRUNS-IT5-00NBTG6RPJ6EO6G-GTE-P00055,Baseball,Total,Settled,0,1827,0.99,0.45,1,08/02/26 08:07 AM EDT
2026-07-03,KBO-WIN-FG-01DRH7PHTNRQ9Q0-SSRS000,Baseball,Moneyline,Settled,0,1825,0.4,0.04,0,08/01/26 01:11 PM EDT
2026-07-03,KBO-WIN-FG-01DRH7RJTNRQ81G-NCOS000,Baseball,Moneyline,Settled,0,1812,0.66,0.54,1,08/01/26 01:11 PM EDT
2026-07-03,KBO-WIN-FG-01DRH7Q3TNRQ8D0-LGNS000,Baseball,Moneyline,Settled,0,1749,0.62,0.05,0,08/01/26 01:11 PM EDT
2026-07-03,MLB-MOVY-IT5-00NBTG20PJ6EP1G-NYES000-GTE-P00015,Baseball,Spread,Settled,0,1681,0.53,0.29,0,08/02/26 08:07 AM EDT
2026-07-03,MLB-WIN-IT5-00NBTG20PJ6EP1G-MINS000,Baseball,Moneyline,Settled,0,1564,0.47,0.1,0,08/02/26 08:07 AM EDT
2026-07-03,MLB-TRUNS-IT5-00NBTG7BPJ6EOH8-GTE-P00055,Baseball,Total,Settled,0,1486,0.52,0.09,0,08/02/26 08:07 AM EDT
2026-07-03,MLB-TRUNS-IT5-00NBTI39PJ6C368-GTE-P00045,Baseball,Total,Settled,0,1443,0.56,0.52,0,08/02/26 08:08 AM EDT
2026-07-03,MLB-MOVY-IT5-00NBTI18PJ6C2U8-LARS000-GTE-P00015,Baseball,Spread,Settled,0,1405,0.49,0.43,0,08/02/26 08:08 AM EDT
2026-07-03,KBO-WIN-FG-01DRH7Q3TNRQ8D0-HAES000,Baseball,Moneyline,Settled,0,1399,0.95,0.39,1,08/01/26 01:11 PM EDT
2026-07-03,MLB-WIN-IT5-00NBTG7BPJ6EOH8-BAES000,Baseball,Moneyline,Settled,0,1389,0.56,0.54,1,08/02/26 08:07 AM EDT
2026-07-03,MLB-TRUNS-IT5-00NBTG76PJ6EO3G-GTE-P00075,Baseball,Total,Settled,0,1377,0.7,0.46,1,08/02/26 08:07 AM EDT
2026-07-03,MLB-WIN-IT5-00NBTI16PJ6C2D0-TOYS000,Baseball,Moneyline,Settled,0,1343,0.57,0.55,1,08/02/26 08:08 AM EDT
2026-07-03,MLB-WIN-IT5-00NBTI75PJ6C3R8-ATES000,Baseball,Moneyline,Settled,0,1340,0.88,0.5,1,08/02/26 08:08 AM EDT
2026-07-03,MLB-TRUNS-IT5-00NBTG76PJ6EO3G-GTE-P00085,Baseball,Total,Settled,0,1325,0.58,0.41,1,08/02/26 08:07 AM EDT
2026-07-03,MLB-WIN-IT5-00NBTI0PPJ6C3D8-SFTS000,Baseball,Moneyline,Settled,0,1300,0.59,0.59,0,08/02/26 08:08 AM EDT
2026-07-03,NPB-WIN-FG-01DRHQ6MTNRU5IG-YOTS000,Baseball,Moneyline,Settled,0,1299,0.54,0.13,0,08/01/26 01:11 PM EDT
2026-07-03,MLB-WIN-IT5-00NBTG76PJ6EO3G-CHBS000,Baseball,Moneyline,Settled,0,1277,0.63,0.07,0,08/02/26 08:07 AM EDT
2026-07-03,MLB-TRUNS-IT5-00NBTG20PJ6EP1G-GTE-P00055,Baseball,Total,Settled,0,1269,0.68,0.01,0,08/02/26 08:07 AM EDT
2026-07-03,MLB-WIN-IT5-00NBTG0JPJ6EO30-CHOX000,Baseball,Moneyline,Settled,0,1267,0.48,0.15,1,08/02/26 08:07 AM EDT
2026-07-03,MLB-WIN-IT5-00NBTI06PJ6C3A0-MIRS000,Baseball,Moneyline,Settled,0,1255,0.6,0.47,0.5,08/02/26 08:08 AM EDT
2026-07-03,KBO-WIN-FG-01DRH7O4TNRQ9DG-KTON000,Baseball,Moneyline,Settled,0,1189,0.57,0.16,0,08/01/26 01:11 PM EDT
2026-07-03,KBO-WIN-FG-01DRH7O4TNRQ9DG-LOTS001,Baseball,Moneyline,Settled,0,1170,0.85,0.43,1,08/01/26 01:11 PM EDT
2026-07-03,MLB-TRUNS-IT5-00NBTG20PJ6EP1G-GTE-P00045,Baseball,Total,Settled,0,1158,0.57,0.39,1,08/02/26 08:07 AM EDT
2026-07-03,MLB-MOVY-IT5-00NBTI06PJ6C3A0-MIRS000-GTE-P00025,Baseball,Spread,Settled,0,1093,0.57,0.51,0,08/02/26 08:08 AM EDT
2026-07-03,MLB-TRUNS-IT5-00NBTI5KPJ6C2J8-GTE-P00105,Baseball,Total,Settled,0,1055,0.56,0.54,1,08/02/26 08:08 AM EDT
2026-07-03,MLB-MOVY-IT5-00NBTG76PJ6EO3G-CHBS000-GTE-P00005,Baseball,Spread,Settled,0,979,0.52,0.03,0,08/02/26 08:07 AM EDT
2026-07-03,KBO-WIN-FG-01DRH7PITNRQ8HO-DORS000,Baseball,Moneyline,Settled,0,976,0.69,0.23,0,08/01/26 01:11 PM EDT
2026-07-03,MLB-TRUNS-IT5-00NBTG76PJ6EO3G-GTE-P00065,Baseball,Total,Settled,0,966,0.93,0.44,1,08/02/26 08:07 AM EDT
2026-07-03,MLB-TRUNS-IT5-00NBTI39PJ6C368-GTE-P00025,Baseball,Total,Settled,0,918,0.5,0.4,0,08/02/26 08:08 AM EDT
2026-07-03,MLB-TRUNS-IT5-00NBTI0PPJ6C3D8-GTE-P00055,Baseball,Total,Settled,0,894,0.99,0.53,1,08/02/26 08:08 AM EDT
2026-07-03,MLB-MOVY-IT5-00NBTI75PJ6C3R8-NYTS000-GTE-P00005,Baseball,Spread,Settled,0,750,0.45,0.42,0,08/02/26 08:07 AM EDT
2026-07-03,MLB-TRUNS-IT5-00NBTG6RPJ6EO6G-GTE-P00065,Baseball,Total,Settled,0,746,0.62,0.09,0,08/02/26 08:07 AM EDT
2026-07-03,KBO-TRUNS-FG-01DRH7PHTNRQ9Q0-GTE-P00105,Baseball,Total,Settled,0,743,0.62,0.4,0,08/01/26 01:11 PM EDT
2026-07-03,MLB-TRUNS-IT5-00NBTG76PJ6EO3G-GTE-P00095,Baseball,Total,Settled,0,741,0.61,0.17,1,08/02/26 08:07 AM EDT
2026-07-03,MLB-TRUNS-IT5-00NBTI0PPJ6C3D8-GTE-P00095,Baseball,Total,Settled,0,732,0.9,0.35,1,08/02/26 08:08 AM EDT
2026-07-03,MLB-WIN-IT5-00NBTI56PJ6C21O-BOOX000,Baseball,Moneyline,Settled,0,700,0.97,0.39,1,08/02/26 08:08 AM EDT
2026-07-03,MLB-WIN-IT5-00NBTG6RPJ6EO6G-PIES000,Baseball,Moneyline,Settled,0,699,0.41,0.05,0,08/02/26 08:07 AM EDT
2026-07-03,MLB-TRUNS-IT5-00NBTI06PJ6C3A0-GTE-P00045,Baseball,Total,Settled,0,676,0.62,0.43,1,08/02/26 08:08 AM EDT
2026-07-03,MLB-MOVY-IT5-03VK45AL4OIM52G-LARS000-GTE-P00045,Baseball,Spread,Settled,0,659,0.38,0.18,0,08/01/26 08:20 AM EDT
2026-07-03,MLB-TRUNS-IT5-00NBTG0JPJ6EO30-GTE-P00025,Baseball,Total,Settled,0,653,0.55,0.43,1,08/02/26 08:07 AM EDT
2026-07-03,MLB-MOVY-IT5-00NBTG76PJ6EO3G-STLS000-GTE-P00025,Baseball,Spread,Settled,0,622,0.97,0.46,1,08/02/26 08:07 AM EDT
2026-07-03,MLB-MOVY-IT5-00NBTI06PJ6C3A0-MIRS000-GTE-P00005,Baseball,Spread,Settled,0,593,0.51,0.47,0,08/02/26 08:08 AM EDT
2026-07-03,MLB-TRUNS-IT5-00NBTI75PJ6C3R8-GTE-P00055,Baseball,Total,Settled,0,583,0.6,0.16,1,08/02/26 08:08 AM EDT
2026-07-03,MLB-WIN-IT5-00NBTI18PJ6C2U8-LARS000,Baseball,Moneyline,Settled,0,583,0.7,0.12,0,08/02/26 08:08 AM EDT
2026-07-03,MLB-TRUNS-IT5-00NBTI5KPJ6C2J8-GTE-P00055,Baseball,Total,Settled,0,563,0.95,0.52,1,08/02/26 08:08 AM EDT
2026-07-03,MLB-MOVY-IT5-00NBTG20PJ6EP1G-NYES000-GTE-P00005,Baseball,Spread,Settled,0,545,0.57,0.5,1,08/02/26 08:07 AM EDT
2026-07-03,MLB-MOVY-IT5-00NBTI18PJ6C2U8-SDES000-GTE-P00005,Baseball,Spread,Settled,0,542,0.52,0.52,1,08/02/26 08:08 AM EDT
2026-07-03,NPB-WIN-FG-01DRHQ6VTNRU5FG-TOWS000,Baseball,Moneyline,Settled,0,528,0.54,0.39,0,08/01/26 01:11 PM EDT
2026-07-03,MLB-WIN-IT5-00NBTI39PJ6C368-HOOS000,Baseball,Moneyline,Settled,0,524,0.55,0.5,0.5,08/02/26 08:08 AM EDT
2026-07-03,MLB-MOVY-IT5-00NBTI16PJ6C2D0-TOYS000-GTE-P00005,Baseball,Spread,Settled,0,522,0.47,0.43,1,08/02/26 08:08 AM EDT
2026-07-03,MLB-TRUNS-IT5-00NBTG0JPJ6EO30-GTE-P00045,Baseball,Total,Settled,0,497,0.45,0.08,0,08/02/26 08:07 AM EDT
2026-07-03,MLB-TRUNS-IT5-00NBTG76PJ6EO3G-GTE-P00045,Baseball,Total,Settled,0,495,0.77,0.42,1,08/02/26 08:07 AM EDT
2026-07-03,NPB-WIN-FG-01DRH7O5TNRQ9LG-HORS000,Baseball,Moneyline,Settled,0,485,0.61,0.04,0,08/01/26 01:10 PM EDT
2026-07-03,MLB-WIN-IT5-00NBTI75PJ6C3R8-NYTS000,Baseball,Moneyline,Settled,0,481,0.52,0.14,0,08/02/26 08:08 AM EDT
2026-07-03,KBO-TRUNS-FG-01DRH7O4TNRQ9DG-GTE-P00055,Baseball,Total,Settled,0,467,0.56,0.41,0,08/01/26 01:11 PM EDT
2026-07-03,MLB-TRUNS-IT5-00NBTG7BPJ6EOH8-GTE-P00035,Baseball,Total,Settled,0,449,0.51,0.12,0,08/02/26 08:07 AM EDT
2026-07-03,MLB-MOVY-IT5-00NBTI39PJ6C368-HOOS000-GTE-P00005,Baseball,Spread,Settled,0,447,0.54,0.37,0,08/02/26 08:08 AM EDT
2026-07-03,MLB-MOVY-IT5-00NBTI5KPJ6C2J8-MINS001-GTE-P00045,Baseball,Spread,Settled,0,443,0.57,0.52,0,08/02/26 08:08 AM EDT
2026-07-03,MLB-WIN-IT5-00NBTI06PJ6C3A0-ARKS000,Baseball,Moneyline,Settled,0,413,0.53,0.45,0.5,08/02/26 08:08 AM EDT
2026-07-03,MLB-TRUNS-IT5-00NBTG6RPJ6EO6G-GTE-P00045,Baseball,Total,Settled,0,396,0.56,0.48,1,08/02/26 08:07 AM EDT
2026-07-03,KBO-WIN-FG-01DRH7RJTNRQ81G-KIRS000,Baseball,Moneyline,Settled,0,389,0.55,0.03,0,08/01/26 01:11 PM EDT
2026-07-03,MLB-TRUNS-IT5-00NBTI56PJ6C21O-GTE-P00025,Baseball,Total,Settled,0,370,0.62,0.59,1,08/02/26 08:08 AM EDT
2026-07-03,MLB-MOVY-IT5-00NBTI56PJ6C21O-BOOX000-GTE-P00045,Baseball,Spread,Settled,0,363,0.53,0.53,1,08/02/26 08:08 AM EDT
2026-07-03,MLB-MOVY-IT5-00NBTG76PJ6EO3G-STLS000-GTE-P00035,Baseball,Spread,Settled,0,354,0.86,0.39,1,08/02/26 08:07 AM EDT
2026-07-03,MLB-TRUNS-IT5-00NBTI5KPJ6C2J8-GTE-P00065,Baseball,Total,Settled,0,350,0.92,0.92,1,08/02/26 08:08 AM EDT
2026-07-03,MLB-MOVY-IT5-00NBTI75PJ6C3R8-ATES000-GTE-P00015,Baseball,Spread,Settled,0,338,0.63,0.63,1,08/02/26 08:07 AM EDT
2026-07-03,MLB-MOVY-IT5-00NBTI56PJ6C21O-LALS000-GTE-P00005,Baseball,Spread,Settled,0,328,0.46,0.42,0,08/02/26 08:08 AM EDT
2026-07-03,MLB-MOVY-IT5-00NBTI75PJ6C3R8-ATES000-GTE-P00005,Baseball,Spread,Settled,0,321,0.48,0.44,1,08/02/26 08:07 AM EDT
2026-07-03,MLB-WIN-IT5-00NBTG7BPJ6EOH8-CIDS000,Baseball,Moneyline,Settled,0,316,0.49,0.1,0,08/02/26 08:07 AM EDT
2026-07-03,MLB-WIN-IT5-00NBTI16PJ6C2D0-SERS000,Baseball,Moneyline,Settled,0,305,0.47,0.43,0,08/02/26 08:08 AM EDT
2026-07-03,MLB-MOVY-IT5-00NBTG6RPJ6EO6G-WALS000-GTE-P00015,Baseball,Spread,Settled,0,300,0.89,0.49,1,08/02/26 08:07 AM EDT
2026-07-03,KBO-TRUNS-FG-01DRH7RJTNRQ81G-GTE-P00095,Baseball,Total,Settled,0,298,0.52,0.5,1,08/01/26 01:11 PM EDT
2026-07-03,MLB-WIN-IT5-00NBTI56PJ6C21O-LALS000,Baseball,Moneyline,Settled,0,296,0.54,0.53,0,08/02/26 08:08 AM EDT
2026-07-03,KBO-TRUNS-FG-01DRH7O4TNRQ9DG-GTE-P00035,Baseball,Total,Settled,0,285,0.55,0.48,1,08/01/26 01:11 PM EDT
2026-07-03,MLB-TRUNS-IT5-00NBTG76PJ6EO3G-GTE-P00035,Baseball,Total,Settled,0,280,0.57,0.49,1,08/02/26 08:07 AM EDT
2026-07-03,MLB-WIN-IT5-00NBTG0JPJ6EO30-CLNS000,Baseball,Moneyline,Settled,0,273,0.55,0.51,0,08/02/26 08:07 AM EDT
2026-07-03,MLB-MOVY-IT5-00NBTG0JPJ6EO30-CLNS000-GTE-P00005,Baseball,Spread,Settled,0,264,0.59,0.44,0,08/02/26 08:07 AM EDT
2026-07-03,KBO-TRUNS-FG-01DRH7O4TNRQ9DG-GTE-P00045,Baseball,Total,Settled,0,262,0.55,0.46,0,08/01/26 01:11 PM EDT
2026-07-03,KBO-TRUNS-FG-01DRH7Q3TNRQ8D0-GTE-P00055,Baseball,Total,Settled,0,256,0.47,0.18,1,08/01/26 01:11 PM EDT
2026-07-03,NPB-WIN-FG-01DRHQ1CTNRU470-HIRP000,Baseball,Moneyline,Settled,0,252,0.98,0.38,1,08/01/26 01:10 PM EDT
2026-07-03,MLB-MOVY-IT5-00NBTI0PPJ6C3D8-COES000-GTE-P00015,Baseball,Spread,Settled,0,250,0.99,0.56,1,08/02/26 08:08 AM EDT
2026-07-03,KBO-TRUNS-FG-01DRH7Q3TNRQ8D0-GTE-P00045,Baseball,Total,Settled,0,234,0.5,0.36,1,08/01/26 01:11 PM EDT
2026-07-03,NPB-WIN-FG-01DRHQ6VTNRU5FG-YORS001,Baseball,Moneyline,Settled,0,229,0.73,0.24,1,08/01/26 01:11 PM EDT
2026-07-03,NPB-MOVY-FG-01DRH7O5TNRQ9LG-TOES000-GTE-P00025,Baseball,Spread,Settled,0,225,0.77,0.42,1,08/01/26 01:10 PM EDT
2026-07-03,KBO-TRUNS-FG-01DRH7Q3TNRQ8D0-GTE-P00085,Baseball,Total,Settled,0,201,0.21,0.1,1,08/01/26 01:11 PM EDT
2026-07-03,KBO-MOVY-FG-01DRH7PITNRQ8HO-KIES000-GTE-P00015,Baseball,Spread,Settled,0,200,0.55,0.26,0,08/01/26 01:11 PM EDT
2026-07-03,KBO-MOVY-FG-01DRH7PITNRQ8HO-KIES000-GTE-P00025,Baseball,Spread,Settled,0,200,0.38,0.15,0,08/01/26 01:11 PM EDT
2026-07-03,KBO-TRUNS-FG-01DRH7PHTNRQ9Q0-GTE-P00115,Baseball,Total,Settled,0,200,0.56,0.53,0,08/01/26 01:11 PM EDT
2026-07-03,MLB-TRUNS-IT5-00NBTG6RPJ6EO6G-GTE-P00075,Baseball,Total,Settled,0,200,0.45,0.41,0,08/02/26 08:07 AM EDT
2026-07-03,MLB-TRUNS-IT5-00NBTI75PJ6C3R8-GTE-P00075,Baseball,Total,Settled,0,197,0.54,0.12,0,08/02/26 08:08 AM EDT
2026-07-03,NPB-WIN-FG-01DRHQ33TNRU418-FUKS000,Baseball,Moneyline,Settled,0,196,0.65,0.62,1,08/01/26 01:10 PM EDT
2026-07-03,MLB-TRUNS-IT5-00NBTI0PPJ6C3D8-GTE-P00075,Baseball,Total,Settled,0,193,0.5,0.46,1,08/02/26 08:08 AM EDT
2026-07-03,KBO-MOVY-FG-01DRH7Q3TNRQ8D0-LGNS000-GTE-P00005,Baseball,Spread,Settled,0,192,0.5,0.41,0,08/01/26 01:11 PM EDT
2026-07-03,KBO-TRUNS-FG-01DRH7RJTNRQ81G-GTE-P00145,Baseball,Total,Settled,0,182,0.5,0.3,0,08/01/26 01:11 PM EDT
2026-07-03,NPB-WIN-FG-01DRHQ6MTNRU5IG-CHNS000,Baseball,Moneyline,Settled,0,179,0.61,0.5,1,08/01/26 01:11 PM EDT
2026-07-03,KBO-MOVY-FG-01DRH7PITNRQ8HO-DORS000-GTE-P00005,Baseball,Spread,Settled,0,178,0.57,0.45,0,08/01/26 01:11 PM EDT
2026-07-03,NPB-TRUNS-FG-01DRHQ5KTNRU5E8-GTE-P00075,Baseball,Total,Settled,0,176,0.77,0.58,1,08/01/26 01:10 PM EDT
2026-07-03,MLB-TRUNS-IT5-00NBTG20PJ6EP1G-GTE-P00075,Baseball,Total,Settled,0,175,0.52,0.37,0,08/02/26 08:07 AM EDT
2026-07-03,NPB-WIN-FG-01DRHQ33TNRU418-CHES000,Baseball,Moneyline,Settled,0,175,0.42,0.15,0,08/01/26 01:10 PM EDT
2026-07-03,MLB-TRUNS-IT5-00NBTI0PPJ6C3D8-GTE-P00085,Baseball,Total,Settled,0,174,0.54,0.46,1,08/02/26 08:08 AM EDT
2026-07-03,MLB-WIN-IT5-00NBTI18PJ6C2U8-SDES000,Baseball,Moneyline,Settled,0,174,0.58,0.33,1,08/02/26 08:08 AM EDT
2026-07-03,MLB-TRUNS-IT5-00NBTI5KPJ6C2J8-GTE-P00095,Baseball,Total,Settled,0,169,0.65,0.65,1,08/02/26 08:08 AM EDT
2026-07-03,MLB-WIN-IT5-00NBTI0PPJ6C3D8-COES000,Baseball,Moneyline,Settled,0,169,0.95,0.42,1,08/02/26 08:08 AM EDT
2026-07-03,KBO-MOVY-FG-01DRH7Q3TNRQ8D0-LGNS000-GTE-P00015,Baseball,Spread,Settled,0,160,0.14,0.09,0,08/01/26 01:11 PM EDT
2026-07-03,KBO-TRUNS-FG-01DRH7PHTNRQ9Q0-GTE-P00125,Baseball,Total,Settled,0,143,0.45,0.36,0,08/01/26 01:11 PM EDT
2026-07-03,KBO-TRUNS-FG-01DRH7RJTNRQ81G-GTE-P00115,Baseball,Total,Settled,0,142,0.81,0.44,1,08/01/26 01:11 PM EDT
2026-07-03,MLB-MOVY-IT5-00NBTG7BPJ6EOH8-BAES000-GTE-P00005,Baseball,Spread,Settled,0,138,0.55,0.45,1,08/02/26 08:07 AM EDT
2026-07-03,KBO-TRUNS-FG-01DRH7Q3TNRQ8D0-GTE-P00035,Baseball,Total,Settled,0,134,0.53,0.37,1,08/01/26 01:11 PM EDT
2026-07-03,MLB-MOVY-IT5-03VK45AL4OIM52G-LARS000-GTE-P00035,Baseball,Spread,Settled,0,133,0.59,0.33,1,08/01/26 08:20 AM EDT
2026-07-03,MLB-TRUNS-IT5-00NBTI75PJ6C3R8-GTE-P00045,Baseball,Total,Settled,0,129,0.57,0.44,1,08/02/26 08:08 AM EDT
2026-07-03,MLB-TRUNS-IT5-00NBTI56PJ6C21O-GTE-P00015,Baseball,Total,Settled,0,128,0.79,0.79,1,08/02/26 08:08 AM EDT
2026-07-03,MLB-TRUNS-IT5-00NBTI39PJ6C368-GTE-P00035,Baseball,Total,Settled,0,127,0.58,0.13,0,08/02/26 08:08 AM EDT
2026-07-03,MLB-MOVY-IT5-00NBTI39PJ6C368-TBYS000-GTE-P00005,Baseball,Spread,Settled,0,122,0.52,0.45,0,08/02/26 08:08 AM EDT
2026-07-03,MLB-TRUNS-IT5-00NBTG7BPJ6EOH8-GTE-P00045,Baseball,Total,Settled,0,122,0.64,0.51,0,08/02/26 08:07 AM EDT
2026-07-03,KBO-TRUNS-FG-01DRH7PITNRQ8HO-GTE-P00105,Baseball,Total,Settled,0,118,0.51,0.49,1,08/01/26 01:11 PM EDT
2026-07-03,KBO-TRUNS-FG-01DRH7PITNRQ8HO-GTE-P00115,Baseball,Total,Settled,0,116,0.49,0.37,0,08/01/26 01:11 PM EDT
2026-07-03,KBO-TRUNS-FG-01DRH7RJTNRQ81G-GTE-P00105,Baseball,Total,Settled,0,113,0.53,0.46,1,08/01/26 01:11 PM EDT
2026-07-03,MLB-WIN-IT5-00NBTG20PJ6EP1G-NYES000,Baseball,Moneyline,Settled,0,113,0.62,0.57,1,08/02/26 08:07 AM EDT
2026-07-03,MLB-TRUNS-IT5-00NBTG7BPJ6EOH8-GTE-P00065,Baseball,Total,Settled,0,111,0.5,0.5,0,08/02/26 08:07 AM EDT
2026-07-03,KBO-MOVY-FG-01DRH7PITNRQ8HO-DORS000-GTE-P00015,Baseball,Spread,Settled,0,106,0.4,0.39,0,08/01/26 01:11 PM EDT
2026-07-03,KBO-TRUNS-FG-01DRH7PITNRQ8HO-GTE-P00085,Baseball,Total,Settled,0,106,0.67,0.37,1,08/01/26 01:11 PM EDT
2026-07-03,KBO-TRUNS-FG-01DRH7PITNRQ8HO-GTE-P00055,Baseball,Total,Settled,0,105,0.86,0.52,1,08/01/26 01:11 PM EDT
2026-07-03,MLB-MOVY-IT5-00NBTG6RPJ6EO6G-WALS000-GTE-P00025,Baseball,Spread,Settled,0,104,0.54,0.48,1,08/02/26 08:07 AM EDT
2026-07-03,KBO-TRUNS-FG-00C05J5VKVMU7SG-GTE-P00115,Baseball,Total,Open,102,102,0.47,0.47,0.47,08/02/26 11:15 AM EDT
2026-07-03,KBO-MOVY-FG-01DRH7PHTNRQ9Q0-SANS000-GTE-P00035,Baseball,Spread,Settled,0,100,0.43,0.43,0,08/01/26 01:11 PM EDT
2026-07-03,KBO-MOVY-FG-01DRH7Q3TNRQ8D0-HAES000-GTE-P00005,Baseball,Spread,Settled,0,100,0.51,0.51,1,08/01/26 01:11 PM EDT
2026-07-03,KBO-TRUNS-FG-01DRH7RJTNRQ81G-GTE-P00155,Baseball,Total,Settled,0,100,0.41,0.15,0,08/01/26 01:11 PM EDT
2026-07-03,MLB-MOVY-IT5-00NBTI16PJ6C2D0-SERS000-GTE-P00015,Baseball,Spread,Settled,0,100,0.21,0.21,0,08/02/26 08:08 AM EDT
2026-07-03,KBO-TRUNS-FG-01DRH7PITNRQ8HO-GTE-P00095,Baseball,Total,Settled,0,97,0.74,0.43,1,08/01/26 01:11 PM EDT
2026-07-03,MLB-TRUNS-IT5-00NBTI75PJ6C3R8-GTE-P00065,Baseball,Total,Settled,0,96,0.55,0.25,0,08/02/26 08:08 AM EDT
2026-07-03,MLB-MOVY-IT5-00NBTG6RPJ6EO6G-WALS000-GTE-P00035,Baseball,Spread,Settled,0,90,0.47,0.47,1,08/02/26 08:07 AM EDT
2026-07-03,KBO-TRUNS-FG-00C5A6L2KUS7GR0-GTE-P00075,Baseball,Total,Open,87,87,0.55,0.55,0.55,08/02/26 11:37 AM EDT
2026-07-03,KBO-MOVY-FG-01DRH7O4TNRQ9DG-LOTS001-GTE-P00035,Baseball,Spread,Settled,0,85,0.57,0.57,1,08/01/26 01:11 PM EDT
2026-07-03,NPB-TRUNS-FG-01DRHQ33TNRU418-GTE-P00055,Baseball,Total,Settled,0,83,0.78,0.78,0,08/01/26 01:10 PM EDT
2026-07-03,KBO-TRUNS-FG-01DRH7Q3TNRQ8D0-GTE-P00075,Baseball,Total,Settled,0,80,0.44,0.16,1,08/01/26 01:11 PM EDT
2026-07-03,MLB-MOVY-IT5-00NBTI5KPJ6C2J8-ATCS000-GTE-P00005,Baseball,Spread,Settled,0,72,0.5,0.46,0,08/02/26 08:08 AM EDT
2026-07-03,MLB-WIN-IT5-00NBTI5KPJ6C2J8-MINS001,Baseball,Moneyline,Settled,0,72,0.46,0.46,1,08/02/26 08:08 AM EDT
2026-07-03,MLB-TRUNS-IT5-00NBTI39PJ6C368-GTE-P00015,Baseball,Total,Settled,0,70,0.47,0.25,0,08/02/26 08:08 AM EDT
2026-07-03,MLB-MOVY-IT5-00NBTI0PPJ6C3D8-COES000-GTE-P00035,Baseball,Spread,Settled,0,65,0.74,0.49,1,08/02/26 08:08 AM EDT
2026-07-03,MLB-TRUNS-IT5-00NBTI16PJ6C2D0-GTE-P00025,Baseball,Total,Settled,0,64,0.51,0.51,0,08/02/26 08:08 AM EDT
2026-07-03,MLB-MOVY-IT5-00NBTG7BPJ6EOH8-BAES000-GTE-P00015,Baseball,Spread,Settled,0,62,0.41,0.41,1,08/02/26 08:07 AM EDT
2026-07-03,NPB-TRUNS-FG-01DRHQ1CTNRU470-GTE-P00075,Baseball,Total,Settled,0,60,0.15,0.15,0,08/01/26 01:11 PM EDT
2026-07-03,KBO-TRUNS-FG-01DRH7RJTNRQ81G-GTE-P00125,Baseball,Total,Settled,0,52,0.54,0.54,1,08/01/26 01:11 PM EDT
2026-07-03,KBO-WIN-FG-00C05J04KVMU618-LGNS000,Baseball,Moneyline,Open,51,51,0.49,0.49,0.49,08/02/26 11:15 AM EDT
2026-07-03,MLB-MOVY-IT5-00NBTI0PPJ6C3D8-COES000-GTE-P00025,Baseball,Spread,Settled,0,51,0.55,0.54,1,08/02/26 08:08 AM EDT
2026-07-03,MLB-TRUNS-IT5-00NBTI75PJ6C3R8-GTE-P00035,Baseball,Total,Settled,0,50,0.52,0.48,1,08/02/26 08:08 AM EDT
2026-07-03,NPB-MOVY-FG-01DRHQ1CTNRU470-HARS001-GTE-P00025,Baseball,Spread,Settled,0,50,0.03,0.03,0,08/01/26 01:11 PM EDT
2026-07-03,KBO-MOVY-FG-01DRH7PHTNRQ9Q0-SANS000-GTE-P00025,Baseball,Spread,Settled,0,48,0.57,0.57,0,08/01/26 01:11 PM EDT
2026-07-03,NPB-WIN-FG-01DRH7O5TNRQ9LG-TOES000,Baseball,Moneyline,Settled,0,44,0.43,0.43,1,08/01/26 01:10 PM EDT
2026-07-03,MLB-TRUNS-IT5-00NBTG0JPJ6EO30-GTE-P00035,Baseball,Total,Settled,0,43,0.55,0.55,1,08/02/26 08:07 AM EDT
2026-07-03,MLB-MOVY-IT5-00NBTG76PJ6EO3G-STLS000-GTE-P00005,Baseball,Spread,Settled,0,40,0.48,0.48,1,08/02/26 08:07 AM EDT
2026-07-03,NPB-TRUNS-FG-01DRHQ5KTNRU5E8-GTE-P00105,Baseball,Total,Settled,0,40,0.48,0.48,0,08/01/26 01:10 PM EDT
2026-07-03,MLB-MOVY-IT5-00NBTI18PJ6C2U8-LARS000-GTE-P00005,Baseball,Spread,Settled,0,39,0.47,0.47,0,08/02/26 08:08 AM EDT
2026-07-03,NPB-TRUNS-FG-01DRHQ1CTNRU470-GTE-P00085,Baseball,Total,Settled,0,39,0.49,0.49,0,08/01/26 01:11 PM EDT
2026-07-03,KBO-TRUNS-FG-01DRH7PITNRQ8HO-GTE-P00125,Baseball,Total,Settled,0,37,0.25,0.25,0,08/01/26 01:11 PM EDT
2026-07-03,KBO-TRUNS-FG-01DRH7PHTNRQ9Q0-GTE-P00095,Baseball,Total,Settled,0,35,0.58,0.58,1,08/01/26 01:11 PM EDT
2026-07-03,MLB-MOVY-IT5-00NBTI75PJ6C3R8-ATES000-GTE-P00025,Baseball,Spread,Settled,0,31,0.46,0.46,0,08/02/26 08:07 AM EDT
2026-07-03,MLB-MOVY-IT5-00NBTG6RPJ6EO6G-WALS000-GTE-P00045,Baseball,Spread,Settled,0,30,0.39,0.39,0,08/02/26 08:07 AM EDT
2026-07-03,NPB-WIN-FG-01DRHQ1CTNRU470-HARS001,Baseball,Moneyline,Settled,0,30,0.66,0.08,0,08/01/26 01:10 PM EDT
2026-07-03,MLB-TRUNS-IT5-00NBTI0PPJ6C3D8-GTE-P00105,Baseball,Total,Settled,0,29,0.44,0.44,1,08/02/26 08:08 AM EDT
2026-07-03,MLB-TRUNS-IT5-00NBTI06PJ6C3A0-GTE-P00075,Baseball,Total,Settled,0,27,0.48,0.48,0,08/02/26 08:08 AM EDT
2026-07-03,MLB-TRUNS-IT5-00NBTI06PJ6C3A0-GTE-P00035,Baseball,Total,Settled,0,26,0.56,0.56,1,08/02/26 08:08 AM EDT
2026-07-03,MLB-TRUNS-IT5-00NBTG6RPJ6EO6G-GTE-P00085,Baseball,Total,Settled,0,24,0.4,0.4,0,08/02/26 08:07 AM EDT
2026-07-03,NPB-TRUNS-FG-01DRHQ5KTNRU5E8-GTE-P00085,Baseball,Total,Settled,0,22,0.48,0.48,0,08/01/26 01:10 PM EDT
2026-07-03,KBO-WIN-FG-00C5A6L2KUS7GR0-DORS000,Baseball,Moneyline,Open,21,21,0.61,0.61,0.61,08/02/26 11:37 AM EDT
2026-07-03,KBO-MOVY-FG-01DRH7PITNRQ8HO-KIES000-GTE-P00005,Baseball,Spread,Settled,0,20,0.52,0.52,1,08/01/26 01:11 PM EDT
2026-07-03,NPB-WIN-FG-00C5A2F0KUSBLH0-YOTS000,Baseball,Moneyline,Open,18,18,0.53,0.53,0.53,08/02/26 11:54 AM EDT
2026-07-03,MLB-TRUNS-IT5-00NBTI06PJ6C3A0-GTE-P00065,Baseball,Total,Settled,0,17,0.55,0.55,0,08/02/26 08:08 AM EDT
2026-07-03,MLB-TRUNS-IT5-00NBTI18PJ6C2U8-GTE-P00035,Baseball,Total,Settled,0,17,0.44,0.44,0,08/02/26 08:08 AM EDT
2026-07-03,KBO-WIN-FG-00C05J5VKVMU7SG-SANS000,Baseball,Moneyline,Open,16,16,0.59,0.59,0.59,08/02/26 11:15 AM EDT
2026-07-03,MLB-TRUNS-IT5-00NBTI06PJ6C3A0-GTE-P00085,Baseball,Total,Settled,0,13,0.49,0.49,0,08/02/26 08:08 AM EDT
2026-07-03,MLB-MOVY-IT5-00NBTI16PJ6C2D0-TOYS000-GTE-P00015,Baseball,Spread,Settled,0,11,0.75,0.55,1,08/02/26 08:08 AM EDT
2026-07-03,MLB-MOVY-IT5-00NBTI56PJ6C21O-BOOX000-GTE-P00035,Baseball,Spread,Settled,0,10,0.56,0.56,1,08/02/26 08:08 AM EDT
2026-07-03,MLB-TRUNS-IT5-00NBTI0PPJ6C3D8-GTE-P00065,Baseball,Total,Settled,0,10,0.81,0.54,1,08/02/26 08:08 AM EDT
2026-07-03,KBO-MOVY-FG-00C05J36KVMU7U8-KTON000-GTE-P00025,Baseball,Spread,Open,8,8,0.31,0.31,0.31,08/02/26 11:15 AM EDT
2026-07-03,KBO-TRUNS-FG-01DRH7PITNRQ8HO-GTE-P00065,Baseball,Total,Settled,0,8,0.44,0.44,1,08/01/26 01:11 PM EDT
2026-07-03,MLB-TRUNS-IT5-00NBTG0JPJ6EO30-GTE-P00015,Baseball,Total,Settled,0,8,0.46,0.46,1,08/02/26 08:07 AM EDT
2026-07-03,KBO-MOVY-FG-00C05J36KVMU7U8-KTON000-GTE-P00005,Baseball,Spread,Open,7,7,0.54,0.54,0.54,08/02/26 11:15 AM EDT
2026-07-03,KBO-MOVY-FG-00C05J36KVMU7U8-KTON000-GTE-P00015,Baseball,Spread,Open,7,7,0.4,0.4,0.4,08/02/26 11:15 AM EDT
2026-07-03,MLB-MOVY-IT5-00NBTG20PJ6EP1G-MINS000-GTE-P00015,Baseball,Spread,Settled,0,7,0.26,0.26,0,08/02/26 08:07 AM EDT
2026-07-03,KBO-WIN-FG-00C05J36KVMU7U8-LOTS001,Baseball,Moneyline,Open,4,4,0.47,0.47,0.47,08/02/26 11:15 AM EDT
2026-07-03,KBO-WIN-FG-00C05J47KVMU6T0-KIRS000,Baseball,Moneyline,Open,4,4,0.41,0.41,0.41,08/02/26 11:15 AM EDT
2026-07-03,KBO-WIN-FG-00C05J5VKVMU7SG-SSRS000,Baseball,Moneyline,Open,4,4,0.44,0.44,0.44,08/02/26 11:15 AM EDT
2026-07-03,KBO-WIN-FG-00C5A6L2KUS7GR0-KIES000,Baseball,Moneyline,Open,4,4,0.42,0.42,0.42,08/02/26 11:37 AM EDT
2026-07-03,NPB-WIN-FG-00C5A2F0KUSBLH0-CHNS000,Baseball,Moneyline,Open,3,3,0.5,0.5,0.5,08/02/26 11:54 AM EDT
2026-07-03,KBO-MOVY-FG-01DRH7O4TNRQ9DG-LOTS001-GTE-P00015,Baseball,Spread,Settled,0,3,0.49,0.49,1,08/01/26 01:11 PM EDT
2026-07-03,KBO-MOVY-FG-01DRH7RJTNRQ81G-NCOS000-GTE-P00015,Baseball,Spread,Settled,0,3,0.57,0.57,1,08/01/26 01:11 PM EDT
2026-07-03,MLB-MOVY-IT5-00NBTG7BPJ6EOH8-BAES000-GTE-P00025,Baseball,Spread,Settled,0,2,0.66,0.66,1,08/02/26 08:07 AM EDT
2026-07-03,MLB-TRUNS-IT5-03VK58PV4OIGVOO-GTE-P00085,Baseball,Total,Open,141,0,,,0.57,08/01/26 08:19 AM EDT
2026-07-03,MLB-WIN-IT5-00UCIDVFF48U54G-HOOS000,Baseball,Moneyline,Open,88,0,,,0.39,07/26/26 08:08 AM EDT
2026-07-04,NPB-WIN-FG-00C5A2F0KUSBLH0-YOTS000,Baseball,Moneyline,Settled,0,22098,0.71,0.04,0,08/02/26 11:54 AM EDT
2026-07-04,NPB-WIN-FG-00C5A2F0KUSBLH0-CHNS000,Baseball,Moneyline,Settled,0,19020,0.95,0.32,1,08/02/26 11:54 AM EDT
2026-07-04,NPB-WIN-FG-00C5A2BLKUSBL9O-FUKS000,Baseball,Moneyline,Settled,0,14417,0.6,0.02,0,08/02/26 11:54 AM EDT
2026-07-04,MLB-WIN-IT5-00UCR7ARF5FG4HO-DERS000,Baseball,Moneyline,Settled,0,9538,0.91,0.48,1,08/03/26 08:12 AM EDT
2026-07-04,NPB-TRUNS-FG-00C5A2F0KUSBLH0-GTE-P00065,Baseball,Total,Settled,0,5553,0.63,0.23,0,08/02/26 11:54 AM EDT
2026-07-04,MLB-WIN-IT5-00UCRIGAF5FK878-MIRS000,Baseball,Moneyline,Settled,0,4259,0.62,0.09,0,08/03/26 08:14 AM EDT
2026-07-04,MLB-WIN-IT5-00UCRDRSF5FM8J0-PHES000,Baseball,Moneyline,Settled,0,4085,0.59,0.5,1,08/03/26 10:27 AM EDT
2026-07-04,MLB-WIN-IT5-00UCRDUTF5FM8QO-CHBS000,Baseball,Moneyline,Settled,0,4075,0.61,0.5,0,08/03/26 09:42 AM EDT
2026-07-04,KBO-WIN-FG-00C05J04KVMU618-HAES000,Baseball,Moneyline,Settled,0,3788,0.55,0.05,0,08/02/26 11:15 AM EDT
2026-07-04,NPB-MOVY-FG-00C5A2F0KUSBLH0-YOTS000-GTE-P00015,Baseball,Spread,Settled,0,3202,0.53,0.29,0,08/02/26 11:54 AM EDT
2026-07-04,MLB-MOVY-IT5-00UCR7ARF5FG4HO-DERS000-GTE-P00025,Baseball,Spread,Settled,0,3190,0.92,0.54,1,08/03/26 08:12 AM EDT
2026-07-04,MLB-MOVY-IT5-00UCRDRFF5FM9MO-ATES000-GTE-P00005,Baseball,Spread,Settled,0,3003,0.94,0.5,1,08/03/26 08:14 AM EDT
2026-07-04,NPB-WIN-FG-00C5A2BLKUSBL9O-CHES000,Baseball,Moneyline,Settled,0,2897,0.99,0.46,1,08/02/26 11:54 AM EDT
2026-07-04,MLB-WIN-IT5-00UCRDU1F5FM858-HOOS000,Baseball,Moneyline,Settled,0,2896,0.53,0.05,0,08/03/26 08:14 AM EDT
2026-07-04,NPB-TRUNS-FG-00C5A2F0KUSBLH0-GTE-P00055,Baseball,Total,Settled,0,2863,0.66,0.28,0,08/02/26 11:54 AM EDT
2026-07-04,MLB-WIN-IT5-00UCR79CF5FG5G8-NYES000,Baseball,Moneyline,Settled,0,2644,0.63,0.02,0,08/03/26 08:12 AM EDT
2026-07-04,MLB-MOVY-IT5-00UCR79CF5FG5G8-MINS000-GTE-P00025,Baseball,Spread,Settled,0,2618,0.82,0.45,0,08/03/26 08:12 AM EDT
2026-07-04,MLB-MOVY-IT5-00UCR79CF5FG5G8-MINS000-GTE-P00045,Baseball,Spread,Settled,0,2601,0.8,0.47,0,08/03/26 08:12 AM EDT
2026-07-04,MLB-WIN-IT5-00UCRDOOF5FM8S0-BAES000,Baseball,Moneyline,Settled,0,2501,0.96,0.2,1,08/03/26 08:13 AM EDT
2026-07-04,MLB-MOVY-IT5-00UCRDOOF5FM8S0-CIDS000-GTE-P00005,Baseball,Spread,Settled,0,2468,0.66,0.14,0,08/03/26 08:13 AM EDT
2026-07-04,NPB-MOVY-FG-00C5A2BLKUSBL9O-CHES000-GTE-P00075,Baseball,Spread,Settled,0,2436,0.64,0.15,0,08/02/26 11:54 AM EDT
2026-07-04,MLB-WIN-IT5-00UCRIINF5FK8N8-MINS001,Baseball,Moneyline,Settled,0,2417,0.61,0.49,1,08/03/26 08:45 AM EDT
2026-07-04,MLB-TRUNS-IT5-00UCR7ARF5FG4HO-GTE-P00045,Baseball,Total,Settled,0,2304,0.57,0.4,0,08/03/26 08:12 AM EDT
2026-07-04,MLB-WIN-IT5-00UCRDRHF5FM8OO-CLNS000,Baseball,Moneyline,Settled,0,2264,0.57,0.09,0.5,08/03/26 08:43 AM EDT
2026-07-04,MLB-MOVY-IT5-00UCR7F4F5FG578-PIES000-GTE-P00005,Baseball,Spread,Settled,0,2142,0.56,0.5,1,08/03/26 08:12 AM EDT
2026-07-04,MLB-WIN-IT5-00UCRIKNF5FK9A8-SDES000,Baseball,Moneyline,Settled,0,2133,0.4,0.05,0,08/03/26 08:46 AM EDT
2026-07-04,NPB-WIN-FG-00C5A2CMKUSBLHG-TOWS000,Baseball,Moneyline,Settled,0,2070,0.56,0.26,0,08/02/26 11:54 AM EDT
2026-07-04,KBO-WIN-FG-00C05J5VKVMU7SG-SANS000,Baseball,Moneyline,Settled,0,2008,0.96,0.14,1,08/02/26 11:15 AM EDT
2026-07-04,MLB-WIN-IT5-00UCRDQ3F5FM81O-SERS000,Baseball,Moneyline,Settled,0,1964,0.63,0.61,1,08/03/26 08:12 AM EDT
2026-07-04,MLB-MOVY-IT5-00UCRDRHF5FM8OO-CHOX000-GTE-P00005,Baseball,Spread,Settled,0,1905,0.88,0.39,0,08/03/26 08:43 AM EDT
2026-07-04,MLB-TRUNS-IT5-00UCR79CF5FG5G8-GTE-P00085,Baseball,Total,Settled,0,1898,0.53,0.13,1,08/03/26 08:12 AM EDT
2026-07-04,MLB-TRUNS-IT5-00UCR7F4F5FG578-GTE-P00055,Baseball,Total,Settled,0,1840,0.8,0.45,1,08/03/26 08:12 AM EDT
2026-07-04,KBO-WIN-FG-00C5A6L2KUS7GR0-KIES000,Baseball,Moneyline,Settled,0,1831,0.49,0.04,0,08/02/26 11:37 AM EDT
2026-07-04,MLB-TRUNS-IT5-00UCRDRSF5FM8J0-GTE-P00055,Baseball,Total,Settled,0,1830,0.56,0.14,0,08/03/26 10:27 AM EDT
2026-07-04,MLB-MOVY-IT5-00UCRIGAF5FK878-MIRS000-GTE-P00005,Baseball,Spread,Settled,0,1726,0.57,0.49,0,08/03/26 08:14 AM EDT
2026-07-04,MLB-WIN-IT5-00UCRDUTF5FM8QO-STLS000,Baseball,Moneyline,Settled,0,1648,0.57,0.42,1,08/03/26 09:42 AM EDT
2026-07-04,NPB-TRUNS-FG-00C5A2F0KUSBLH0-GTE-P00075,Baseball,Total,Settled,0,1593,0.5,0.2,0,08/02/26 11:54 AM EDT
2026-07-04,MLB-TRUNS-IT5-00UCRIKNF5FK9A8-GTE-P00035,Baseball,Total,Settled,0,1577,0.53,0.39,0,08/03/26 08:46 AM EDT
2026-07-04,MLB-TRUNS-IT5-00UCR79CF5FG5G8-GTE-P00075,Baseball,Total,Settled,0,1534,0.53,0.23,1,08/03/26 08:12 AM EDT
2026-07-04,MLB-MOVY-IT5-00UCRDUTF5FM8QO-CHBS000-GTE-P00005,Baseball,Spread,Settled,0,1520,0.51,0.49,0,08/03/26 09:42 AM EDT
2026-07-04,MLB-TRUNS-IT5-00UCRDRHF5FM8OO-GTE-P00035,Baseball,Total,Settled,0,1455,0.58,0.08,0,08/03/26 08:43 AM EDT
2026-07-04,KBO-WIN-FG-00C05J47KVMU6T0-KIRS000,Baseball,Moneyline,Settled,0,1419,0.66,0.23,0,08/02/26 11:15 AM EDT
2026-07-04,KBO-WIN-FG-00C05J36KVMU7U8-KTON000,Baseball,Moneyline,Settled,0,1406,0.65,0.07,0,08/02/26 11:15 AM EDT
2026-07-04,MLB-TRUNS-IT5-00UCRIKNF5FK9A8-GTE-P00025,Baseball,Total,Settled,0,1404,0.59,0.18,0,08/03/26 08:46 AM EDT
2026-07-04,MLB-MOVY-IT5-00UCR7F4F5FG578-PIES000-GTE-P00035,Baseball,Spread,Settled,0,1380,0.82,0.48,1,08/03/26 08:12 AM EDT
2026-07-04,MLB-TRUNS-IT5-00UCR79CF5FG5G8-GTE-P00055,Baseball,Total,Settled,0,1302,0.75,0.5,1,08/03/26 08:12 AM EDT
2026-07-04,MLB-TRUNS-IT5-00UCR7F4F5FG578-GTE-P00085,Baseball,Total,Settled,0,1266,0.55,0.06,0,08/03/26 08:12 AM EDT
2026-07-04,MLB-MOVY-IT5-00UCRDRFF5FM9MO-ATES000-GTE-P00015,Baseball,Spread,Settled,0,1263,0.96,0.46,1,08/03/26 08:14 AM EDT
2026-07-04,MLB-TRUNS-IT5-00UCR7F4F5FG578-GTE-P00065,Baseball,Total,Settled,0,1224,0.63,0.23,0,08/03/26 08:12 AM EDT
2026-07-04,NPB-TRUNS-FG-00C5A2BLKUSBL9O-GTE-P00145,Baseball,Total,Settled,0,1203,0.53,0.2,0,08/02/26 11:54 AM EDT
2026-07-04,MLB-MOVY-IT5-00UCRDO3F5FM9HG-SFTS000-GTE-P00005,Baseball,Spread,Settled,0,1190,0.58,0.45,1,08/03/26 10:27 AM EDT
2026-07-04,MLB-TRUNS-IT5-00UCRDOOF5FM8S0-GTE-P00075,Baseball,Total,Settled,0,1185,0.91,0.42,1,08/03/26 08:13 AM EDT
2026-07-04,KBO-WIN-FG-00C05J47KVMU6T0-NCOS000,Baseball,Moneyline,Settled,0,1167,0.76,0.42,1,08/02/26 11:15 AM EDT
2026-07-04,MLB-TRUNS-IT5-00UCRDU1F5FM858-GTE-P00055,Baseball,Total,Settled,0,1153,0.84,0.49,1,08/03/26 08:14 AM EDT
2026-07-04,MLB-WIN-IT5-00UCR7ARF5FG4HO-TERS000,Baseball,Moneyline,Settled,0,1131,0.5,0.09,0,08/03/26 08:12 AM EDT
2026-07-04,MLB-TRUNS-IT5-00UCRIKNF5FK9A8-GTE-P00015,Baseball,Total,Settled,0,1118,0.63,0.05,0,08/03/26 08:46 AM EDT
2026-07-04,MLB-MOVY-IT5-00UCR79CF5FG5G8-NYES000-GTE-P00005,Baseball,Spread,Settled,0,1111,0.51,0.13,0,08/03/26 08:12 AM EDT
2026-07-04,MLB-MOVY-IT5-00UCR7ARF5FG4HO-DERS000-GTE-P00005,Baseball,Spread,Settled,0,1102,0.48,0.42,1,08/03/26 08:12 AM EDT
2026-07-04,KBO-WIN-FG-00C05J04KVMU618-LGNS000,Baseball,Moneyline,Settled,0,1069,0.95,0.49,1,08/02/26 11:15 AM EDT
2026-07-04,MLB-TRUNS-IT5-00UCRDUTF5FM8QO-GTE-P00045,Baseball,Total,Settled,0,1063,0.56,0.04,0,08/03/26 09:42 AM EDT
2026-07-04,NPB-TRUNS-FG-00C5A2F0KUSBLH0-GTE-P00035,Baseball,Total,Settled,0,1055,0.92,0.62,0,08/02/26 11:54 AM EDT
2026-07-04,MLB-WIN-IT5-00UCRDOOF5FM8S0-CIDS000,Baseball,Moneyline,Settled,0,1047,0.72,0.34,0,08/03/26 08:13 AM EDT
2026-07-04,NPB-TRUNS-FG-00C5A2BLKUSBL9O-GTE-P00095,Baseball,Total,Settled,0,1046,0.97,0.47,0,08/02/26 11:54 AM EDT
2026-07-04,MLB-MOVY-IT5-00UCRDRSF5FM8J0-PHES000-GTE-P00005,Baseball,Spread,Settled,0,1041,0.86,0.36,1,08/03/26 10:27 AM EDT
2026-07-04,MLB-MOVY-IT5-00UCR79CF5FG5G8-MINS000-GTE-P00015,Baseball,Spread,Settled,0,1017,0.68,0.48,1,08/03/26 08:12 AM EDT
2026-07-04,KBO-WIN-FG-00C05J5VKVMU7SG-SSRS000,Baseball,Moneyline,Settled,0,1009,0.46,0.08,0,08/02/26 11:15 AM EDT
2026-07-04,NPB-TRUNS-FG-00C5A2BLKUSBL9O-GTE-P00125,Baseball,Total,Settled,0,1000,0.64,0.33,0,08/02/26 11:54 AM EDT
2026-07-04,NPB-TRUNS-FG-00C5A2BLKUSBL9O-GTE-P00135,Baseball,Total,Settled,0,1000,0.65,0.54,0,08/02/26 11:54 AM EDT
2026-07-04,MLB-TRUNS-IT5-00UCR7F4F5FG578-GTE-P00095,Baseball,Total,Settled,0,978,0.56,0.05,0,08/03/26 08:12 AM EDT
2026-07-04,NPB-MOVY-FG-00C5A2F0KUSBLH0-YOTS000-GTE-P00005,Baseball,Spread,Settled,0,958,0.61,0.44,0,08/02/26 11:54 AM EDT
2026-07-04,MLB-MOVY-IT5-00UCRDQ3F5FM81O-SERS000-GTE-P00005,Baseball,Spread,Settled,0,902,0.56,0.47,1,08/03/26 08:12 AM EDT
2026-07-04,NPB-TRUNS-FG-00C5A2F0KUSBLH0-GTE-P00045,Baseball,Total,Settled,0,896,0.68,0.46,0,08/02/26 11:54 AM EDT
2026-07-04,NPB-MOVY-FG-00C5A2F0KUSBLH0-CHNS000-GTE-P00005,Baseball,Spread,Settled,0,884,0.58,0.44,1,08/02/26 11:54 AM EDT
2026-07-04,MLB-TRUNS-IT5-00UCRDQ3F5FM81O-GTE-P00045,Baseball,Total,Settled,0,881,0.44,0.42,1,08/03/26 08:12 AM EDT
2026-07-04,MLB-TRUNS-IT5-00UCRDQ3F5FM81O-GTE-P00035,Baseball,Total,Settled,0,879,0.99,0.44,1,08/03/26 08:12 AM EDT
2026-07-04,MLB-WIN-IT5-00UCR7F4F5FG578-WALS000,Baseball,Moneyline,Settled,0,877,0.44,0.11,0,08/03/26 08:12 AM EDT
2026-07-04,MLB-TRUNS-IT5-00UCRDRSF5FM8J0-GTE-P00045,Baseball,Total,Settled,0,868,0.54,0.01,0,08/03/26 10:27 AM EDT
2026-07-04,MLB-WIN-IT5-00UCRDRHF5FM8OO-CHOX000,Baseball,Moneyline,Settled,0,852,0.72,0.17,0.5,08/03/26 08:43 AM EDT
2026-07-04,MLB-TRUNS-IT5-00UCRDO3F5FM9HG-GTE-P00065,Baseball,Total,Settled,0,830,0.63,0.47,1,08/03/26 10:27 AM EDT
2026-07-04,MLB-TRUNS-IT5-00UCR7ARF5FG4HO-GTE-P00055,Baseball,Total,Settled,0,828,0.58,0.49,0,08/03/26 08:12 AM EDT
2026-07-04,MLB-TRUNS-IT5-00UCRDRFF5FM9MO-GTE-P00025,Baseball,Total,Settled,0,800,0.99,0.49,1,08/03/26 08:14 AM EDT
2026-07-04,MLB-MOVY-IT5-00UCRDOOF5FM8S0-BAES000-GTE-P00025,Baseball,Spread,Settled,0,798,0.99,0.06,1,08/03/26 08:13 AM EDT
2026-07-04,MLB-TRUNS-IT5-00UCRDOOF5FM8S0-GTE-P00045,Baseball,Total,Settled,0,797,0.84,0.51,1,08/03/26 08:13 AM EDT
2026-07-04,MLB-WIN-IT5-00UCRDRSF5FM8J0-KCLS000,Baseball,Moneyline,Settled,0,792,0.49,0.02,0,08/03/26 10:27 AM EDT
2026-07-04,KBO-WIN-FG-00C05J36KVMU7U8-LOTS001,Baseball,Moneyline,Settled,0,784,0.9,0.3,1,08/02/26 11:15 AM EDT
2026-07-04,MLB-MOVY-IT5-00UCRIMEF5FK9RG-BOOX000-GTE-P00005,Baseball,Spread,Settled,0,781,0.57,0.52,1,08/03/26 08:46 AM EDT
2026-07-04,MLB-WIN-IT5-00UCRDU1F5FM858-TBYS000,Baseball,Moneyline,Settled,0,771,0.93,0.3,1,08/03/26 08:14 AM EDT
2026-07-04,KBO-TRUNS-FG-00C05J04KVMU618-GTE-P00085,Baseball,Total,Settled,0,769,0.61,0.19,0,08/02/26 11:15 AM EDT
2026-07-04,NPB-WIN-FG-00C5A2C9KUSBLG8-ORES000,Baseball,Moneyline,Settled,0,733,0.52,0.44,0.5,08/02/26 11:54 AM EDT
2026-07-04,MLB-TRUNS-IT5-00UCRDRFF5FM9MO-GTE-P00045,Baseball,Total,Settled,0,729,0.48,0.44,1,08/03/26 08:14 AM EDT
2026-07-04,MLB-MOVY-IT5-00UCR7F4F5FG578-PIES000-GTE-P00045,Baseball,Spread,Settled,0,695,0.58,0.38,0,08/03/26 08:12 AM EDT
2026-07-04,MLB-TRUNS-IT5-00UCR79CF5FG5G8-GTE-P00065,Baseball,Total,Settled,0,692,0.69,0.43,1,08/03/26 08:12 AM EDT
2026-07-04,NPB-TRUNS-FG-00C5A2BLKUSBL9O-GTE-P00115,Baseball,Total,Settled,0,687,0.65,0.44,0,08/02/26 11:54 AM EDT
2026-07-04,MLB-TRUNS-IT5-00UCRDU1F5FM858-GTE-P00065,Baseball,Total,Settled,0,677,0.95,0.4,1,08/03/26 08:14 AM EDT
2026-07-04,MLB-MOVY-IT5-00UCRIINF5FK8N8-MINS001-GTE-P00035,Baseball,Spread,Settled,0,652,0.9,0.35,1,08/03/26 08:45 AM EDT
2026-07-04,MLB-TRUNS-IT5-00UCRDQ3F5FM81O-GTE-P00025,Baseball,Total,Settled,0,635,0.68,0.39,1,08/03/26 08:12 AM EDT
2026-07-04,MLB-TRUNS-IT5-00UCRDOOF5FM8S0-GTE-P00105,Baseball,Total,Settled,0,603,0.64,0.21,1,08/03/26 08:13 AM EDT
2026-07-04,MLB-MOVY-IT5-00UCRDO3F5FM9HG-SFTS000-GTE-P00015,Baseball,Spread,Settled,0,595,0.72,0.51,1,08/03/26 10:27 AM EDT
2026-07-04,NPB-TRUNS-FG-00C5A2BLKUSBL9O-GTE-P00085,Baseball,Total,Settled,0,585,0.94,0.45,1,08/02/26 11:54 AM EDT
2026-07-04,MLB-TRUNS-IT5-00UCRDU1F5FM858-GTE-P00085,Baseball,Total,Settled,0,583,0.51,0.47,1,08/03/26 08:14 AM EDT
2026-07-04,NPB-TRUNS-FG-00C5A2BLKUSBL9O-GTE-P00075,Baseball,Total,Settled,0,579,0.88,0.47,1,08/02/26 11:54 AM EDT
2026-07-04,NPB-TRUNS-FG-00C5A2BLKUSBL9O-GTE-P00155,Baseball,Total,Settled,0,578,0.13,0.12,0,08/02/26 11:54 AM EDT
2026-07-04,MLB-TRUNS-IT5-00UCRDO3F5FM9HG-GTE-P00105,Baseball,Total,Settled,0,565,0.78,0.46,0,08/03/26 10:27 AM EDT
2026-07-04,MLB-TRUNS-IT5-00UCR7F4F5FG578-GTE-P00075,Baseball,Total,Settled,0,560,0.59,0.13,0,08/03/26 08:12 AM EDT
2026-07-04,MLB-MOVY-IT5-00UCRDRSF5FM8J0-PHES000-GTE-P00015,Baseball,Spread,Settled,0,554,0.99,0.8,1,08/03/26 10:27 AM EDT
2026-07-04,MLB-TRUNS-IT5-00UCRDRFF5FM9MO-GTE-P00065,Baseball,Total,Settled,0,552,0.55,0.32,1,08/03/26 08:14 AM EDT
2026-07-04,KBO-MOVY-FG-00C05J5VKVMU7SG-SANS000-GTE-P00015,Baseball,Spread,Settled,0,548,0.5,0.46,1,08/02/26 11:15 AM EDT
2026-07-04,MLB-TRUNS-IT5-00UCRDRHF5FM8OO-GTE-P00025,Baseball,Total,Settled,0,539,0.59,0.13,0,08/03/26 08:43 AM EDT
2026-07-04,NPB-MOVY-FG-00C5A2F0KUSBLH0-YOTS000-GTE-P00025,Baseball,Spread,Settled,0,530,0.33,0.26,0,08/02/26 11:54 AM EDT
2026-07-04,MLB-TRUNS-IT5-00UCRIMEF5FK9RG-GTE-P00065,Baseball,Total,Settled,0,500,0.42,0.39,1,08/03/26 08:46 AM EDT
2026-07-04,NPB-MOVY-FG-00C5A2BLKUSBL9O-CHES000-GTE-P00015,Baseball,Spread,Settled,0,500,0.62,0.36,1,08/02/26 11:54 AM EDT
2026-07-04,MLB-MOVY-IT5-00UCRDU1F5FM858-TBYS000-GTE-P00035,Baseball,Spread,Settled,0,486,0.72,0.39,0,08/03/26 08:14 AM EDT
2026-07-04,MLB-TRUNS-IT5-00UCRDOOF5FM8S0-GTE-P00065,Baseball,Total,Settled,0,464,0.85,0.53,1,08/03/26 08:13 AM EDT
2026-07-04,MLB-WIN-IT5-00UCRIMEF5FK9RG-BOOX000,Baseball,Moneyline,Settled,0,459,0.63,0.6,1,08/03/26 08:46 AM EDT
2026-07-04,MLB-TRUNS-IT5-00UCRDU1F5FM858-GTE-P00035,Baseball,Total,Settled,0,452,0.52,0.48,1,08/03/26 08:14 AM EDT
2026-07-04,MLB-TRUNS-IT5-00UCRDU1F5FM858-GTE-P00095,Baseball,Total,Settled,0,436,0.59,0.4,1,08/03/26 08:14 AM EDT
2026-07-04,MLB-TRUNS-IT5-00UCRDU1F5FM858-GTE-P00075,Baseball,Total,Settled,0,420,0.77,0.39,1,08/03/26 08:14 AM EDT
2026-07-04,MLB-TRUNS-IT5-00UCRDUTF5FM8QO-GTE-P00025,Baseball,Total,Settled,0,420,0.48,0.25,0,08/03/26 09:42 AM EDT
2026-07-04,KBO-WIN-FG-00C5A6L2KUS7GR0-DORS000,Baseball,Moneyline,Settled,0,404,0.99,0.55,1,08/02/26 11:37 AM EDT
2026-07-04,NPB-TRUNS-FG-00C5A2EPKUSBKF8-GTE-P00035,Baseball,Total,Settled,0,403,0.65,0.32,1,08/02/26 11:54 AM EDT
2026-07-04,KBO-TRUNS-FG-00C05J36KVMU7U8-GTE-P00045,Baseball,Total,Settled,0,399,0.62,0.53,1,08/02/26 11:15 AM EDT
2026-07-04,MLB-TRUNS-IT5-00UCRIGAF5FK878-GTE-P00045,Baseball,Total,Settled,0,389,0.51,0.42,1,08/03/26 08:14 AM EDT
2026-07-04,KBO-TRUNS-FG-00C05J47KVMU6T0-GTE-P00085,Baseball,Total,Settled,0,384,0.74,0.55,1,08/02/26 11:15 AM EDT
2026-07-04,KBO-MOVY-FG-00C05J04KVMU618-LGNS000-GTE-P00025,Baseball,Spread,Settled,0,372,0.55,0.19,0,08/02/26 11:15 AM EDT
2026-07-04,KBO-WIN-FG-00N8UBUTPIT76AG-SANS000,Baseball,Moneyline,Open,364,364,0.58,0.58,0.58,08/03/26 12:59 PM EDT
2026-07-04,MLB-MOVY-IT5-00UCRDOOF5FM8S0-BAES000-GTE-P00035,Baseball,Spread,Settled,0,350,0.78,0.36,1,08/03/26 08:13 AM EDT
2026-07-04,MLB-MOVY-IT5-00UCRDQ3F5FM81O-SERS000-GTE-P00015,Baseball,Spread,Settled,0,350,0.71,0.55,1,08/03/26 08:12 AM EDT
2026-07-04,MLB-MOVY-IT5-00UCRDU1F5FM858-HOOS000-GTE-P00005,Baseball,Spread,Settled,0,349,0.57,0.04,0,08/03/26 08:14 AM EDT
2026-07-04,MLB-TRUNS-IT5-00UCRDRSF5FM8J0-GTE-P00025,Baseball,Total,Settled,0,345,0.44,0.44,1,08/03/26 10:27 AM EDT
2026-07-04,MLB-TRUNS-IT5-00UCRDQ3F5FM81O-GTE-P00055,Baseball,Total,Settled,0,339,0.51,0.28,1,08/03/26 08:12 AM EDT
2026-07-04,MLB-TRUNS-IT5-00UCRDQ3F5FM81O-GTE-P00075,Baseball,Total,Settled,0,338,0.49,0.25,0,08/03/26 08:12 AM EDT
2026-07-04,MLB-TRUNS-IT5-00UCRIINF5FK8N8-GTE-P00045,Baseball,Total,Settled,0,331,0.5,0.28,0,08/03/26 08:45 AM EDT
2026-07-04,MLB-MOVY-IT5-00UCRDU1F5FM858-TBYS000-GTE-P00005,Baseball,Spread,Settled,0,329,0.57,0.49,1,08/03/26 08:14 AM EDT
2026-07-04,MLB-TRUNS-IT5-00UCRDUTF5FM8QO-GTE-P00035,Baseball,Total,Settled,0,327,0.59,0.59,0,08/03/26 09:42 AM EDT
2026-07-04,MLB-WIN-IT5-00UCR7F4F5FG578-PIES000,Baseball,Moneyline,Settled,0,320,0.91,0.59,1,08/03/26 08:12 AM EDT
2026-07-04,KBO-TRUNS-FG-00C5A6L2KUS7GR0-GTE-P00125,Baseball,Total,Settled,0,315,0.77,0.17,1,08/02/26 11:37 AM EDT
2026-07-04,MLB-TRUNS-IT5-00UCRDRSF5FM8J0-GTE-P00015,Baseball,Total,Settled,0,308,0.54,0.46,1,08/03/26 10:27 AM EDT
2026-07-04,MLB-MOVY-IT5-00UCRIKNF5FK9A8-LARS000-GTE-P00015,Baseball,Spread,Settled,0,304,0.49,0.42,0,08/03/26 08:46 AM EDT
2026-07-04,NPB-TRUNS-FG-00C5A2EPKUSBKF8-GTE-P00055,Baseball,Total,Settled,0,295,0.6,0.22,0,08/02/26 11:54 AM EDT
2026-07-04,NPB-WIN-FG-00C5A2EPKUSBKF8-TOES000,Baseball,Moneyline,Settled,0,293,0.78,0.43,1,08/02/26 11:54 AM EDT
2026-07-04,MLB-TRUNS-IT5-00UCRDUTF5FM8QO-GTE-P00055,Baseball,Total,Settled,0,288,0.46,0.4,0,08/03/26 09:42 AM EDT
2026-07-04,NPB-TRUNS-FG-00C5A2F0KUSBLH0-GTE-P00085,Baseball,Total,Settled,0,287,0.35,0.23,0,08/02/26 11:54 AM EDT
2026-07-04,MLB-WIN-IT5-00UCRDO3F5FM9HG-SFTS000,Baseball,Moneyline,Settled,0,283,0.57,0.54,1,08/03/26 10:26 AM EDT
2026-07-04,MLB-TRUNS-IT5-00UCRIINF5FK8N8-GTE-P00055,Baseball,Total,Settled,0,278,0.5,0.5,0,08/03/26 08:45 AM EDT
2026-07-04,MLB-WIN-IT5-00UCRDO3F5FM9HG-COES000,Baseball,Moneyline,Settled,0,277,0.51,0.14,0,08/03/26 10:26 AM EDT
2026-07-04,KBO-TRUNS-FG-00C5A6L2KUS7GR0-GTE-P00145,Baseball,Total,Settled,0,272,0.57,0.32,0,08/02/26 11:37 AM EDT
2026-07-04,MLB-TRUNS-IT5-00UCR79CF5FG5G8-GTE-P00095,Baseball,Total,Settled,0,268,0.29,0.17,1,08/03/26 08:12 AM EDT
2026-07-04,MLB-TRUNS-IT5-00UCR7ARF5FG4HO-GTE-P00035,Baseball,Total,Settled,0,261,0.59,0.04,0,08/03/26 08:12 AM EDT
2026-07-04,MLB-TRUNS-IT5-00UCR7ARF5FG4HO-GTE-P00065,Baseball,Total,Settled,0,260,0.47,0.38,0,08/03/26 08:12 AM EDT
2026-07-04,MLB-MOVY-IT5-00UCRDU1F5FM858-HOOS000-GTE-P00015,Baseball,Spread,Settled,0,259,0.42,0.05,0,08/03/26 08:14 AM EDT
2026-07-04,MLB-TRUNS-IT5-00UCRDRHF5FM8OO-GTE-P00045,Baseball,Total,Settled,0,253,0.44,0.41,0,08/03/26 08:43 AM EDT
2026-07-04,NPB-MOVY-FG-00C5A2F0KUSBLH0-CHNS000-GTE-P00035,Baseball,Spread,Settled,0,250,0.19,0.08,0,08/02/26 11:54 AM EDT
2026-07-04,KBO-TRUNS-FG-00C05J47KVMU6T0-GTE-P00135,Baseball,Total,Settled,0,248,0.35,0.27,0,08/02/26 11:15 AM EDT
2026-07-04,MLB-TRUNS-IT5-00UCRDRFF5FM9MO-GTE-P00075,Baseball,Total,Settled,0,244,0.51,0.25,0,08/03/26 08:14 AM EDT
2026-07-04,MLB-MOVY-IT5-00UCRIKNF5FK9A8-LARS000-GTE-P00005,Baseball,Spread,Settled,0,225,0.84,0.44,1,08/03/26 08:46 AM EDT
2026-07-04,MLB-MOVY-IT5-00UCR7F4F5FG578-PIES000-GTE-P00025,Baseball,Spread,Settled,0,222,0.57,0.51,1,08/03/26 08:12 AM EDT
2026-07-04,MLB-TRUNS-IT5-00UCRIKNF5FK9A8-GTE-P00045,Baseball,Total,Settled,0,221,0.54,0.2,0,08/03/26 08:46 AM EDT
2026-07-04,NPB-TRUNS-FG-00C5A2EPKUSBKF8-GTE-P00045,Baseball,Total,Settled,0,221,0.51,0.29,1,08/02/26 11:54 AM EDT
2026-07-04,MLB-TRUNS-IT5-00UCRIMEF5FK9RG-GTE-P00045,Baseball,Total,Settled,0,211,0.85,0.4,1,08/03/26 08:46 AM EDT
2026-07-04,MLB-TRUNS-IT5-00UCRIINF5FK8N8-GTE-P00035,Baseball,Total,Settled,0,209,0.52,0.47,1,08/03/26 08:45 AM EDT
2026-07-04,MLB-WIN-IT5-00UCRDQ3F5FM81O-TOYS000,Baseball,Moneyline,Settled,0,209,0.41,0.03,0,08/03/26 08:12 AM EDT
2026-07-04,MLB-TRUNS-IT5-00UCR7F4F5FG578-GTE-P00105,Baseball,Total,Settled,0,200,0.49,0.44,0,08/03/26 08:12 AM EDT
2026-07-04,MLB-TRUNS-IT5-00UCRDRFF5FM9MO-GTE-P00035,Baseball,Total,Settled,0,200,0.43,0.38,1,08/03/26 08:14 AM EDT
2026-07-04,MLB-MOVY-IT5-00UCRIKNF5FK9A8-LARS000-GTE-P00025,Baseball,Spread,Settled,0,192,0.5,0.5,0,08/03/26 08:46 AM EDT
2026-07-04,MLB-TRUNS-IT5-00UCRIGAF5FK878-GTE-P00055,Baseball,Total,Settled,0,183,0.46,0.1,0,08/03/26 08:14 AM EDT
2026-07-04,MLB-TRUNS-IT5-00UCRDRSF5FM8J0-GTE-P00035,Baseball,Total,Settled,0,178,0.6,0.39,1,08/03/26 10:27 AM EDT
2026-07-04,NPB-MOVY-FG-00C5A2CMKUSBLHG-YORS001-GTE-P00035,Baseball,Spread,Settled,0,178,0.54,0.54,1,08/02/26 11:54 AM EDT
2026-07-04,MLB-TRUNS-IT5-00UCRDU1F5FM858-GTE-P00105,Baseball,Total,Settled,0,176,0.47,0.45,1,08/03/26 08:14 AM EDT
2026-07-04,MLB-TRUNS-IT5-00UCRDRHF5FM8OO-GTE-P00015,Baseball,Total,Settled,0,174,0.56,0.1,1,08/03/26 08:43 AM EDT
2026-07-04,KBO-MOVY-FG-00C05J5VKVMU7SG-SANS000-GTE-P00025,Baseball,Spread,Settled,0,166,0.92,0.63,1,08/02/26 11:15 AM EDT
2026-07-04,KBO-MOVY-FG-00C05J36KVMU7U8-KTON000-GTE-P00005,Baseball,Spread,Settled,0,159,0.47,0.35,0,08/02/26 11:15 AM EDT
2026-07-04,KBO-TRUNS-FG-00C05J5VKVMU7SG-GTE-P00105,Baseball,Total,Settled,0,155,0.57,0.57,1,08/02/26 11:15 AM EDT
2026-07-04,MLB-MOVY-IT5-00UCRDRHF5FM8OO-CHOX000-GTE-P00015,Baseball,Spread,Settled,0,154,0.44,0.44,0,08/03/26 08:43 AM EDT
2026-07-04,KBO-TRUNS-FG-00C5A6L2KUS7GR0-GTE-P00105,Baseball,Total,Settled,0,152,0.77,0.33,1,08/02/26 11:37 AM EDT
2026-07-04,KBO-TRUNS-FG-00C05J04KVMU618-GTE-P00115,Baseball,Total,Settled,0,151,0.05,0.05,0,08/02/26 11:15 AM EDT
2026-07-04,NPB-MOVY-FG-00C5A2BLKUSBL9O-CHES000-GTE-P00065,Baseball,Spread,Settled,0,145,0.74,0.56,1,08/02/26 11:54 AM EDT
2026-07-04,NPB-MOVY-FG-00C5A2F0KUSBLH0-CHNS000-GTE-P00015,Baseball,Spread,Settled,0,132,0.33,0.16,0,08/02/26 11:54 AM EDT
2026-07-04,MLB-MOVY-IT5-00UCR7ARF5FG4HO-DERS000-GTE-P00035,Baseball,Spread,Settled,0,128,0.49,0.38,0,08/03/26 08:12 AM EDT
2026-07-04,MLB-TRUNS-IT5-00UCRDRFF5FM9MO-GTE-P00055,Baseball,Total,Settled,0,128,0.99,0.54,1,08/03/26 08:14 AM EDT
2026-07-04,MLB-MOVY-IT5-00UCRDOOF5FM8S0-BAES000-GTE-P00005,Baseball,Spread,Settled,0,126,0.94,0.52,1,08/03/26 08:13 AM EDT
2026-07-04,NPB-WIN-FG-00C5A2B4KUSBLA0-HIRP000,Baseball,Moneyline,Settled,0,123,0.39,0.38,0.34,08/02/26 11:54 AM EDT
2026-07-04,KBO-MOVY-FG-00N8UBUTPIT76AG-SANS000-GTE-P00015,Baseball,Spread,Open,117,117,0.5,0.5,0.5,08/03/26 12:59 PM EDT
2026-07-04,KBO-TRUNS-FG-00C5A6L2KUS7GR0-GTE-P00155,Baseball,Total,Settled,0,116,0.38,0.32,0,08/02/26 11:37 AM EDT
2026-07-04,KBO-MOVY-FG-00C05J47KVMU6T0-NCOS000-GTE-P00005,Baseball,Spread,Settled,0,115,0.73,0.6,1,08/02/26 11:15 AM EDT
2026-07-04,KBO-TRUNS-FG-00C5A6L2KUS7GR0-GTE-P00075,Baseball,Total,Settled,0,114,0.55,0.5,1,08/02/26 11:37 AM EDT
2026-07-04,NPB-MOVY-FG-00C5A2BLKUSBL9O-CHES000-GTE-P00025,Baseball,Spread,Settled,0,110,0.57,0.5,1,08/02/26 11:54 AM EDT
2026-07-04,MLB-MOVY-IT5-00UCRDO3F5FM9HG-SFTS000-GTE-P00025,Baseball,Spread,Settled,0,108,0.63,0.54,1,08/03/26 10:27 AM EDT
2026-07-04,MLB-MOVY-IT5-00UCRDRHF5FM8OO-CLNS000-GTE-P00005,Baseball,Spread,Settled,0,102,0.47,0.47,0,08/03/26 08:43 AM EDT
2026-07-04,KBO-TRUNS-FG-00C05J47KVMU6T0-GTE-P00095,Baseball,Total,Settled,0,101,0.56,0.56,0,08/02/26 11:15 AM EDT
2026-07-04,KBO-TRUNS-FG-00C05J04KVMU618-GTE-P00065,Baseball,Total,Settled,0,100,0.73,0.73,1,08/02/26 11:15 AM EDT
2026-07-04,KBO-TRUNS-FG-00C05J36KVMU7U8-GTE-P00035,Baseball,Total,Settled,0,100,0.67,0.67,1,08/02/26 11:15 AM EDT
2026-07-04,KBO-TRUNS-FG-00C05J36KVMU7U8-GTE-P00055,Baseball,Total,Settled,0,100,0.53,0.53,0,08/02/26 11:15 AM EDT
2026-07-04,MLB-TRUNS-IT5-00UCRDO3F5FM9HG-GTE-P00075,Baseball,Total,Settled,0,100,0.47,0.47,1,08/03/26 10:27 AM EDT
2026-07-04,NPB-MOVY-FG-00C5A2CMKUSBLHG-YORS001-GTE-P00045,Baseball,Spread,Settled,0,100,0.34,0.34,1,08/02/26 11:54 AM EDT
2026-07-04,NPB-TRUNS-FG-00C5A2CMKUSBLHG-GTE-P00055,Baseball,Total,Settled,0,100,0.66,0.66,1,08/02/26 11:54 AM EDT
2026-07-04,MLB-MOVY-IT5-00UCRIGAF5FK878-ARKS000-GTE-P00025,Baseball,Spread,Settled,0,94,0.52,0.52,0,08/03/26 08:14 AM EDT
2026-07-04,KBO-TRUNS-FG-00C05J04KVMU618-GTE-P00105,Baseball,Total,Settled,0,93,0.68,0.23,0,08/02/26 11:15 AM EDT
2026-07-04,NPB-TRUNS-FG-00C5A2BLKUSBL9O-GTE-P00105,Baseball,Total,Settled,0,84,0.83,0.37,0,08/02/26 11:54 AM EDT
2026-07-04,KBO-TRUNS-FG-00C05J36KVMU7U8-GTE-P00065,Baseball,Total,Settled,0,83,0.57,0.52,0,08/02/26 11:15 AM EDT
2026-07-04,NPB-TRUNS-FG-00C5A2CMKUSBLHG-GTE-P00065,Baseball,Total,Settled,0,83,0.54,0.54,1,08/02/26 11:54 AM EDT
2026-07-04,KBO-WIN-FG-00N8UBUQPIT766O-KIRS000,Baseball,Moneyline,Open,82,82,0.49,0.49,0.49,08/03/26 12:59 PM EDT
2026-07-04,MLB-MOVY-IT5-00UCRDRSF5FM8J0-KCLS000-GTE-P00005,Baseball,Spread,Settled,0,81,0.41,0.41,0,08/03/26 10:27 AM EDT
2026-07-04,MLB-WIN-IT5-00UCRIGAF5FK878-ARKS000,Baseball,Moneyline,Settled,0,77,0.97,0.38,1,08/03/26 08:14 AM EDT
2026-07-04,NPB-MOVY-FG-00C5A2BLKUSBL9O-FUKS000-GTE-P00025,Baseball,Spread,Settled,0,75,0.03,0.03,0,08/02/26 11:54 AM EDT
2026-07-04,MLB-WIN-IT5-00UCRDRFF5FM9MO-NYTS000,Baseball,Moneyline,Settled,0,74,0.4,0.03,0,08/03/26 08:14 AM EDT
2026-07-04,MLB-MOVY-IT5-00UCRDOOF5FM8S0-BAES000-GTE-P00045,Baseball,Spread,Settled,0,72,0.3,0.23,0,08/03/26 08:13 AM EDT
2026-07-04,NPB-WIN-FG-00C5A2B4KUSBLA0-HARS001,Baseball,Moneyline,Settled,0,70,0.66,0.65,0.66,08/02/26 11:54 AM EDT
2026-07-04,MLB-MOVY-IT5-00UCRDU1F5FM858-TBYS000-GTE-P00025,Baseball,Spread,Settled,0,62,0.45,0.45,0,08/03/26 08:14 AM EDT
2026-07-04,MLB-WIN-IT5-00UCR79CF5FG5G8-MINS000,Baseball,Moneyline,Settled,0,62,0.45,0.45,1,08/03/26 08:12 AM EDT
2026-07-04,NPB-MOVY-FG-00C5A2F0KUSBLH0-YOTS000-GTE-P00035,Baseball,Spread,Settled,0,62,0.14,0.14,0,08/02/26 11:54 AM EDT
2026-07-04,MLB-WIN-IT5-00UCRDRFF5FM9MO-ATES000,Baseball,Moneyline,Settled,0,54,0.63,0.62,1,08/03/26 08:14 AM EDT
2026-07-04,MLB-WIN-IT5-00UCRIMEF5FK9RG-LALS000,Baseball,Moneyline,Settled,0,52,0.41,0.38,0,08/03/26 08:46 AM EDT
2026-07-04,KBO-MOVY-FG-00C05J5VKVMU7SG-SANS000-GTE-P00005,Baseball,Spread,Settled,0,50,0.6,0.6,1,08/02/26 11:15 AM EDT
2026-07-04,KBO-MOVY-FG-00C05J36KVMU7U8-LOTS001-GTE-P00015,Baseball,Spread,Settled,0,49,0.4,0.38,1,08/02/26 11:15 AM EDT
2026-07-04,KBO-TRUNS-FG-00C5A6L2KUS7GR0-GTE-P00085,Baseball,Total,Settled,0,49,0.6,0.43,1,08/02/26 11:37 AM EDT
2026-07-04,MLB-WIN-IT5-00UCRIKNF5FK9A8-LARS000,Baseball,Moneyline,Settled,0,49,0.68,0.68,1,08/03/26 08:46 AM EDT
2026-07-04,NPB-MOVY-FG-00C5A2BLKUSBL9O-CHES000-GTE-P00045,Baseball,Spread,Settled,0,49,0.52,0.27,1,08/02/26 11:54 AM EDT
2026-07-04,MLB-TRUNS-IT5-00UCRDQ3F5FM81O-GTE-P00065,Baseball,Total,Settled,0,47,0.59,0.58,1,08/03/26 08:12 AM EDT
2026-07-04,MLB-MOVY-IT5-00UCRDQ3F5FM81O-SERS000-GTE-P00025,Baseball,Spread,Settled,0,45,0.9,0.9,1,08/03/26 08:12 AM EDT
2026-07-04,KBO-TRUNS-FG-00C05J5VKVMU7SG-GTE-P00155,Baseball,Total,Settled,0,43,0.46,0.46,1,08/02/26 11:15 AM EDT
2026-07-04,KBO-MOVY-FG-00C5A6L2KUS7GR0-DORS000-GTE-P00025,Baseball,Spread,Settled,0,42,0.55,0.55,1,08/02/26 11:37 AM EDT
2026-07-04,NPB-TRUNS-FG-00C5A2F0KUSBLH0-GTE-P00095,Baseball,Total,Settled,0,42,0.21,0.19,0,08/02/26 11:54 AM EDT
2026-07-04,NPB-WIN-FG-00C5A2EPKUSBKF8-HORS000,Baseball,Moneyline,Settled,0,42,0.55,0.21,0,08/02/26 11:54 AM EDT
2026-07-04,KBO-TRUNS-FG-00C05J04KVMU618-GTE-P00075,Baseball,Total,Settled,0,41,0.49,0.49,1,08/02/26 11:15 AM EDT
2026-07-04,MLB-MOVY-IT5-00UCRIMEF5FK9RG-BOOX000-GTE-P00035,Baseball,Spread,Settled,0,40,0.55,0.43,1,08/03/26 08:46 AM EDT
2026-07-04,NPB-MOVY-FG-00C5A2EPKUSBKF8-TOES000-GTE-P00015,Baseball,Spread,Settled,0,40,0.73,0.53,1,08/02/26 11:54 AM EDT
2026-07-04,NPB-WIN-FG-00N8VVNPPIT6UG0-YOTS000,Baseball,Moneyline,Open,39,39,0.51,0.51,0.51,08/03/26 12:58 PM EDT
2026-07-04,NPB-WIN-FG-00C5A2CMKUSBLHG-YORS001,Baseball,Moneyline,Settled,0,39,0.97,0.79,1,08/02/26 11:54 AM EDT
2026-07-04,KBO-TRUNS-FG-00C05J47KVMU6T0-GTE-P00105,Baseball,Total,Settled,0,37,0.5,0.39,0,08/02/26 11:15 AM EDT
2026-07-04,NPB-MOVY-FG-00C5A2EPKUSBKF8-HORS000-GTE-P00005,Baseball,Spread,Settled,0,36,0.57,0.52,0,08/02/26 11:54 AM EDT
2026-07-04,NPB-TRUNS-FG-00C5A2B4KUSBLA0-GTE-P00055,Baseball,Total,Settled,0,35,0.47,0.42,0.42,08/02/26 11:54 AM EDT
2026-07-04,MLB-MOVY-IT5-00UCRDOOF5FM8S0-BAES000-GTE-P00015,Baseball,Spread,Settled,0,32,0.57,0.52,1,08/03/26 08:13 AM EDT
2026-07-04,NPB-MOVY-FG-00C5A2F0KUSBLH0-CHNS000-GTE-P00065,Baseball,Spread,Settled,0,30,0.04,0.04,0,08/02/26 11:54 AM EDT
2026-07-04,MLB-TRUNS-IT5-00UCRDOOF5FM8S0-GTE-P00085,Baseball,Total,Settled,0,29,0.61,0.53,1,08/03/26 08:13 AM EDT
2026-07-04,KBO-WIN-FG-00N8UBQBPIT76T0-DORS000,Baseball,Moneyline,Open,28,28,0.68,0.68,0.68,08/03/26 12:59 PM EDT
2026-07-04,KBO-MOVY-FG-00C05J5VKVMU7SG-SANS000-GTE-P00075,Baseball,Spread,Settled,0,28,0.42,0.38,0,08/02/26 11:15 AM EDT
2026-07-04,NPB-TRUNS-FG-00C5A2BLKUSBL9O-GTE-P00065,Baseball,Total,Settled,0,26,0.6,0.6,1,08/02/26 11:54 AM EDT
2026-07-04,NPB-MOVY-FG-00C5A2B4KUSBLA0-HARS001-GTE-P00005,Baseball,Spread,Settled,0,22,0.57,0.57,0.57,08/02/26 11:54 AM EDT
2026-07-04,KBO-MOVY-FG-00C05J5VKVMU7SG-SSRS000-GTE-P00035,Baseball,Spread,Settled,0,20,0.45,0.45,0,08/02/26 11:15 AM EDT
2026-07-04,KBO-MOVY-FG-00C5A6L2KUS7GR0-DORS000-GTE-P00035,Baseball,Spread,Settled,0,20,0.54,0.54,0,08/02/26 11:37 AM EDT
2026-07-04,MLB-MOVY-IT5-00UCRIINF5FK8N8-MINS001-GTE-P00005,Baseball,Spread,Settled,0,20,0.48,0.48,1,08/03/26 08:45 AM EDT
2026-07-04,MLB-TRUNS-IT5-00UCRDU1F5FM858-GTE-P00045,Baseball,Total,Settled,0,18,0.55,0.55,1,08/03/26 08:14 AM EDT
2026-07-04,KBO-MOVY-FG-00C5A6L2KUS7GR0-DORS000-GTE-P00015,Baseball,Spread,Settled,0,17,0.44,0.44,1,08/02/26 11:37 AM EDT
2026-07-04,MLB-MOVY-IT5-00UCRDU1F5FM858-TBYS000-GTE-P00045,Baseball,Spread,Settled,0,17,0.55,0.55,0,08/03/26 08:14 AM EDT
2026-07-04,NPB-TRUNS-FG-00C5A2B4KUSBLA0-GTE-P00065,Baseball,Total,Settled,0,17,0.32,0.32,0.32,08/02/26 11:54 AM EDT
2026-07-04,MLB-TRUNS-IT5-00UCRDOOF5FM8S0-GTE-P00095,Baseball,Total,Settled,0,16,0.4,0.4,1,08/03/26 08:13 AM EDT
2026-07-04,NPB-MOVY-FG-00C5A2F0KUSBLH0-CHNS000-GTE-P00055,Baseball,Spread,Settled,0,16,0.05,0.05,0,08/02/26 11:54 AM EDT
2026-07-04,MLB-MOVY-IT5-00UCRDRFF5FM9MO-ATES000-GTE-P00045,Baseball,Spread,Settled,0,15,0.73,0.63,1,08/03/26 08:14 AM EDT
2026-07-04,MLB-TRUNS-IT5-00UCRIMEF5FK9RG-GTE-P00085,Baseball,Total,Settled,0,15,0.31,0.31,0,08/03/26 08:46 AM EDT
2026-07-04,KBO-MOVY-FG-00C05J5VKVMU7SG-SANS000-GTE-P00035,Baseball,Spread,Settled,0,14,0.59,0.59,1,08/02/26 11:15 AM EDT
2026-07-04,KBO-MOVY-FG-00C05J5VKVMU7SG-SANS000-GTE-P00045,Baseball,Spread,Settled,0,14,0.51,0.51,1,08/02/26 11:15 AM EDT
2026-07-04,KBO-MOVY-FG-00C05J5VKVMU7SG-SANS000-GTE-P00055,Baseball,Spread,Settled,0,14,0.46,0.46,1,08/02/26 11:15 AM EDT
2026-07-04,KBO-MOVY-FG-00C05J5VKVMU7SG-SANS000-GTE-P00065,Baseball,Spread,Settled,0,14,0.38,0.38,0,08/02/26 11:15 AM EDT
2026-07-04,KBO-TRUNS-FG-00C5A6L2KUS7GR0-GTE-P00115,Baseball,Total,Settled,0,14,0.87,0.3,1,08/02/26 11:37 AM EDT
2026-07-04,KBO-MOVY-FG-00C05J47KVMU6T0-KIRS000-GTE-P00015,Baseball,Spread,Settled,0,12,0.33,0.09,0,08/02/26 11:15 AM EDT
2026-07-04,NPB-MOVY-FG-00C5A2BLKUSBL9O-CHES000-GTE-P00035,Baseball,Spread,Settled,0,12,0.47,0.47,1,08/02/26 11:54 AM EDT
2026-07-04,NPB-MOVY-FG-00C5A2F0KUSBLH0-CHNS000-GTE-P00075,Baseball,Spread,Settled,0,12,0.03,0.03,0,08/02/26 11:54 AM EDT
2026-07-04,KBO-TRUNS-FG-00C05J36KVMU7U8-GTE-P00085,Baseball,Total,Settled,0,10,0.26,0.26,0,08/02/26 11:15 AM EDT
2026-07-04,MLB-MOVY-IT5-00UCRDU1F5FM858-TBYS000-GTE-P00015,Baseball,Spread,Settled,0,10,0.47,0.47,1,08/03/26 08:14 AM EDT
2026-07-04,NPB-MOVY-FG-00C5A2CMKUSBLHG-YORS001-GTE-P00065,Baseball,Spread,Settled,0,8,0.68,0.68,1,08/02/26 11:54 AM EDT
2026-07-04,NPB-TRUNS-FG-00C5A2CMKUSBLHG-GTE-P00085,Baseball,Total,Settled,0,8,0.4,0.4,1,08/02/26 11:54 AM EDT
2026-07-04,KBO-MOVY-FG-00C05J04KVMU618-LGNS000-GTE-P00015,Baseball,Spread,Settled,0,7,0.42,0.42,1,08/02/26 11:15 AM EDT
2026-07-04,KBO-TRUNS-FG-00C05J04KVMU618-GTE-P00095,Baseball,Total,Settled,0,7,0.51,0.46,0,08/02/26 11:15 AM EDT
2026-07-04,MLB-MOVY-IT5-00UCRDUTF5FM8QO-STLS000-GTE-P00015,Baseball,Spread,Settled,0,7,0.74,0.54,1,08/03/26 09:42 AM EDT
2026-07-04,KBO-MOVY-FG-00C05J04KVMU618-LGNS000-GTE-P00035,Baseball,Spread,Settled,0,6,0.55,0.55,0,08/02/26 11:15 AM EDT
2026-07-04,KBO-MOVY-FG-00C05J36KVMU7U8-LOTS001-GTE-P00005,Baseball,Spread,Settled,0,6,0.58,0.53,1,08/02/26 11:15 AM EDT
2026-07-04,KBO-MOVY-FG-00C05J47KVMU6T0-NCOS000-GTE-P00015,Baseball,Spread,Settled,0,6,0.56,0.43,0,08/02/26 11:15 AM EDT
2026-07-04,MLB-MOVY-IT5-00UCR7ARF5FG4HO-TERS000-GTE-P00005,Baseball,Spread,Settled,0,6,0.46,0.46,0,08/03/26 08:12 AM EDT
2026-07-04,NPB-TRUNS-FG-00C5A2CMKUSBLHG-GTE-P00105,Baseball,Total,Settled,0,5,0.52,0.52,1,08/02/26 11:54 AM EDT
2026-07-04,NPB-TRUNS-FG-00C5A2CMKUSBLHG-GTE-P00115,Baseball,Total,Settled,0,5,0.34,0.34,1,08/02/26 11:54 AM EDT
2026-07-04,KBO-TRUNS-FG-00C05J47KVMU6T0-GTE-P00115,Baseball,Total,Settled,0,4,0.38,0.38,0,08/02/26 11:15 AM EDT
2026-07-04,KBO-TRUNS-FG-00C05J47KVMU6T0-GTE-P00125,Baseball,Total,Settled,0,4,0.51,0.51,0,08/02/26 11:15 AM EDT
2026-07-04,KBO-WIN-FG-00N8UBT6PIT76MO-HAES000,Baseball,Moneyline,Open,3,3,0.49,0.49,0.49,08/03/26 12:59 PM EDT
2026-07-04,KBO-TRUNS-FG-00C05J04KVMU618-GTE-P00135,Baseball,Total,Settled,0,3,0.24,0.24,0,08/02/26 11:15 AM EDT
2026-07-04,KBO-TRUNS-FG-00C5A6L2KUS7GR0-GTE-P00065,Baseball,Total,Settled,0,3,0.47,0.47,1,08/02/26 11:37 AM EDT
2026-07-04,KBO-TRUNS-FG-00C05J47KVMU6T0-GTE-P00145,Baseball,Total,Settled,0,2,0.29,0.29,0,08/02/26 11:15 AM EDT
2026-07-04,KBO-TRUNS-FG-00C05J47KVMU6T0-GTE-P00155,Baseball,Total,Settled,0,2,0.19,0.19,0,08/02/26 11:15 AM EDT
2026-07-04,KBO-TRUNS-FG-00C5A6L2KUS7GR0-GTE-P00095,Baseball,Total,Settled,0,2,0.44,0.44,1,08/02/26 11:37 AM EDT
2026-07-04,KBO-TRUNS-FG-00C5A6L2KUS7GR0-GTE-P00135,Baseball,Total,Settled,0,2,0.24,0.24,0,08/02/26 11:37 AM EDT
2026-07-04,MLB-TRUNS-IT5-03VK58PV4OIGVOO-GTE-P00085,Baseball,Total,Open,141,0,,,0.57,08/01/26 08:19 AM EDT
2026-07-04,MLB-WIN-IT5-00UCIDVFF48U54G-HOOS000,Baseball,Moneyline,Open,88,0,,,0.39,07/26/26 08:08 AM EDT
2026-07-05,NPB-WIN-FG-00N8VVNPPIT6UG0-YOTS000,Baseball,Moneyline,Settled,0,10866,0.89,0.44,1,08/03/26 12:58 PM EDT
2026-07-05,MLB-WIN-IT5-0146NBSSL8SDU3G-NYTS000,Baseball,Moneyline,Settled,0,8284,0.91,0.19,1,08/04/26 08:15 AM EDT
2026-07-05,MLB-MOVY-IT5-0145BO10L8S8G70-LARS000-GTE-P00005,Baseball,Spread,Settled,0,7787,0.59,0.05,0,08/04/26 08:17 AM EDT
2026-07-05,NPB-WIN-FG-00N8VVL1PIT6U58-CHES000,Baseball,Moneyline,Settled,0,7573,0.31,0.02,0,08/03/26 12:58 PM EDT
2026-07-05,NPB-WIN-FG-00N8VVNPPIT6UG0-CHNS000,Baseball,Moneyline,Settled,0,7341,0.58,0.11,0,08/03/26 12:58 PM EDT
2026-07-05,MLB-WIN-IT5-0146NBRLL8SDV0O-CIDS000,Baseball,Moneyline,Settled,0,7182,0.74,0.49,1,08/04/26 08:15 AM EDT
2026-07-05,MLB-WIN-IT5-0146NBSSL8SDU3G-ATES000,Baseball,Moneyline,Settled,0,6786,0.55,0.16,0,08/04/26 08:15 AM EDT
2026-07-05,MLB-WIN-IT5-0145AV96L8SD4HO-MIRS000,Baseball,Moneyline,Settled,0,6145,0.52,0.25,0,08/04/26 08:16 AM EDT
2026-07-05,MLB-WIN-IT5-0145BO25L8S8GCG-BOOX000,Baseball,Moneyline,Settled,0,6028,0.89,0.25,1,08/04/26 08:17 AM EDT
2026-07-05,NPB-WIN-FG-00N8UBQQPIT76G8-HIRP000,Baseball,Moneyline,Settled,0,5761,0.55,0.02,0,08/03/26 12:58 PM EDT
2026-07-05,KBO-WIN-FG-00N8UBQBPIT76T0-KIES000,Baseball,Moneyline,Settled,0,5545,0.48,0.02,0,08/03/26 12:59 PM EDT
2026-07-05,MLB-MOVY-IT5-0145BO10L8S8G70-LARS000-GTE-P00015,Baseball,Spread,Settled,0,4751,0.53,0.01,0,08/04/26 08:17 AM EDT
2026-07-05,MLB-WIN-IT5-0146NBQVL8SDUL0-MINS000,Baseball,Moneyline,Settled,0,4482,0.97,0.48,1,08/04/26 08:15 AM EDT
2026-07-05,MLB-TRUNS-IT5-0145BO10L8S8G70-GTE-P00055,Baseball,Total,Settled,0,4403,0.53,0.01,0,08/04/26 08:17 AM EDT
2026-07-05,MLB-TRUNS-IT5-0145BO25L8S8GCG-GTE-P00045,Baseball,Total,Settled,0,3945,0.99,0.45,1,08/04/26 08:17 AM EDT
2026-07-05,MLB-WIN-IT5-0145BO25L8S8GCG-LALS000,Baseball,Moneyline,Settled,0,3920,0.79,0.14,0,08/04/26 08:17 AM EDT
2026-07-05,MLB-MOVY-IT5-0145BO25L8S8GCG-BOOX000-GTE-P00005,Baseball,Spread,Settled,0,3851,0.52,0.38,1,08/04/26 08:17 AM EDT
2026-07-05,MLB-MOVY-IT5-0146NBVAL8SDVO0-WALS000-GTE-P00005,Baseball,Spread,Settled,0,3622,0.52,0.44,0,08/04/26 09:03 AM EDT
2026-07-05,NPB-TRUNS-FG-00N8VVNPPIT6UG0-GTE-P00055,Baseball,Total,Settled,0,3586,0.56,0.21,0,08/03/26 12:58 PM EDT
2026-07-05,MLB-TRUNS-IT5-0146NBSSL8SDU3G-GTE-P00045,Baseball,Total,Settled,0,3372,0.99,0.49,1,08/04/26 08:15 AM EDT
2026-07-05,KBO-TRUNS-FG-00N8UBQBPIT76T0-GTE-P00085,Baseball,Total,Settled,0,3344,0.83,0.28,1,08/03/26 12:59 PM EDT
2026-07-05,MLB-WIN-IT5-0146NBVAL8SDVO0-WALS000,Baseball,Moneyline,Settled,0,3292,0.59,0.13,0.5,08/04/26 09:03 AM EDT
2026-07-05,NPB-TRUNS-FG-00N8VVNPPIT6UG0-GTE-P00035,Baseball,Total,Settled,0,3204,0.81,0.08,0,08/03/26 12:58 PM EDT
2026-07-05,MLB-WIN-IT5-0145BO10L8S8G70-LARS000,Baseball,Moneyline,Settled,0,2863,0.73,0.1,0,08/04/26 08:17 AM EDT
2026-07-05,MLB-MOVY-IT5-0145BO2HL8S8G9O-SERS000-GTE-P00005,Baseball,Spread,Settled,0,2796,0.44,0.41,1,08/04/26 08:17 AM EDT
2026-07-05,NPB-WIN-FG-00N8VVIDPIT6UTO-ORES000,Baseball,Moneyline,Settled,0,2795,0.96,0.44,1,08/03/26 12:58 PM EDT
2026-07-05,MLB-MOVY-IT5-0145BO10L8S8G70-SDES000-GTE-P00005,Baseball,Spread,Settled,0,2754,0.9,0.39,1,08/04/26 08:17 AM EDT
2026-07-05,NPB-TRUNS-FG-00N8VVL1PIT6U58-GTE-P00095,Baseball,Total,Settled,0,2674,0.56,0.28,0,08/03/26 12:58 PM EDT
2026-07-05,KBO-WIN-FG-00N8UBSMPIT76V0-LOTS001,Baseball,Moneyline,Settled,0,2671,0.45,0.07,0,08/03/26 12:59 PM EDT
2026-07-05,MLB-TRUNS-IT5-0145BO10L8S8G70-GTE-P00025,Baseball,Total,Settled,0,2622,0.57,0.01,0,08/04/26 08:17 AM EDT
2026-07-05,NPB-MOVY-FG-00N8VVNPPIT6UG0-YOTS000-GTE-P00005,Baseball,Spread,Settled,0,2616,0.72,0.51,1,08/03/26 12:58 PM EDT
2026-07-05,NPB-TRUNS-FG-00N8VVL1PIT6U58-GTE-P00085,Baseball,Total,Settled,0,2577,0.9,0.41,1,08/03/26 12:58 PM EDT
2026-07-05,KBO-TRUNS-FG-00N8UBQBPIT76T0-GTE-P00095,Baseball,Total,Settled,0,2474,0.73,0.28,0,08/03/26 12:59 PM EDT
2026-07-05,KBO-TRUNS-FG-00N8UBQBPIT76T0-GTE-P00075,Baseball,Total,Settled,0,2337,0.7,0.37,1,08/03/26 12:59 PM EDT
2026-07-05,NPB-TRUNS-FG-00N8UBPFPIT76F8-GTE-P00095,Baseball,Total,Settled,0,2308,0.7,0.11,0,08/03/26 12:58 PM EDT
2026-07-05,NPB-TRUNS-FG-00N8VVIDPIT6UTO-GTE-P00045,Baseball,Total,Settled,0,2248,0.58,0.21,0,08/03/26 12:58 PM EDT
2026-07-05,MLB-TRUNS-IT5-0145BO6BL8S8HSO-GTE-P00065,Baseball,Total,Settled,0,2183,0.55,0.53,1,08/04/26 08:16 AM EDT
2026-07-05,MLB-WIN-IT5-0145AVC1L8SD5I8-TERS000,Baseball,Moneyline,Settled,0,2138,0.47,0.45,0,08/04/26 08:16 AM EDT
2026-07-05,KBO-WIN-FG-00N8UBUTPIT76AG-SANS000,Baseball,Moneyline,Settled,0,2088,0.98,0.48,1,08/03/26 12:59 PM EDT
2026-07-05,NPB-WIN-FG-00N8UBPFPIT76F8-TOES000,Baseball,Moneyline,Settled,0,2083,0.72,0.04,0,08/03/26 12:58 PM EDT
2026-07-05,MLB-MOVY-IT5-0145BO25L8S8GCG-LALS000-GTE-P00015,Baseball,Spread,Settled,0,2050,0.61,0.03,0,08/04/26 08:17 AM EDT
2026-07-05,NPB-WIN-FG-00N8VVL1PIT6U58-FUKS000,Baseball,Moneyline,Settled,0,2039,0.93,0.62,1,08/03/26 12:58 PM EDT
2026-07-05,KBO-TRUNS-FG-00N8UBQBPIT76T0-GTE-P00125,Baseball,Total,Settled,0,2000,0.14,0.13,0,08/03/26 12:59 PM EDT
2026-07-05,MLB-WIN-IT5-0145BO10L8S8G70-SDES000,Baseball,Moneyline,Settled,0,1908,0.83,0.29,1,08/04/26 08:17 AM EDT
2026-07-05,KBO-WIN-FG-00N8UBQBPIT76T0-DORS000,Baseball,Moneyline,Settled,0,1896,0.95,0.59,1,08/03/26 12:59 PM EDT
2026-07-05,MLB-TRUNS-IT5-0145AVF3L8SD408-GTE-P00055,Baseball,Total,Settled,0,1810,0.53,0.07,0,08/04/26 08:16 AM EDT
2026-07-05,MLB-MOVY-IT5-0145AVC1L8SD5I8-DERS000-GTE-P00005,Baseball,Spread,Settled,0,1769,0.62,0.44,1,08/04/26 08:16 AM EDT
2026-07-05,NPB-WIN-FG-00N8VVIDPIT6UTO-SANS002,Baseball,Moneyline,Settled,0,1762,0.52,0.05,0,08/03/26 12:58 PM EDT
2026-07-05,NPB-MOVY-FG-00N8VVL1PIT6U58-FUKS000-GTE-P00035,Baseball,Spread,Settled,0,1757,0.78,0.16,1,08/03/26 12:58 PM EDT
2026-07-05,NPB-WIN-FG-00N8UBQ0PIT7638-TOWS000,Baseball,Moneyline,Settled,0,1717,0.54,0.1,0,08/03/26 12:58 PM EDT
2026-07-05,MLB-WIN-IT5-0145BO2HL8S8G9O-TOYS000,Baseball,Moneyline,Settled,0,1677,0.5,0.11,0,08/04/26 08:17 AM EDT
2026-07-05,NPB-MOVY-FG-00N8VVNPPIT6UG0-YOTS000-GTE-P00045,Baseball,Spread,Settled,0,1666,0.11,0.11,0,08/03/26 12:58 PM EDT
2026-07-05,MLB-TRUNS-IT5-0146NBVAL8SDVO0-GTE-P00045,Baseball,Total,Settled,0,1535,0.85,0.41,1,08/04/26 09:03 AM EDT
2026-07-05,MLB-WIN-IT5-0145AVC1L8SD5I8-DERS000,Baseball,Moneyline,Settled,0,1509,0.74,0.46,1,08/04/26 08:16 AM EDT
2026-07-05,NPB-MOVY-FG-00N8VVNPPIT6UG0-CHNS000-GTE-P00025,Baseball,Spread,Settled,0,1500,0.06,0.05,0,08/03/26 12:58 PM EDT
2026-07-05,MLB-WIN-IT5-0146NBQVL8SDUL0-NYES000,Baseball,Moneyline,Settled,0,1386,0.52,0.29,0,08/04/26 08:15 AM EDT
2026-07-05,MLB-TRUNS-IT5-0146NBVAL8SDVO0-GTE-P00055,Baseball,Total,Settled,0,1378,0.99,0.45,1,08/04/26 09:03 AM EDT
2026-07-05,MLB-TRUNS-IT5-0146NBVAL8SDVO0-GTE-P00065,Baseball,Total,Settled,0,1341,0.82,0.42,1,08/04/26 09:03 AM EDT
2026-07-05,MLB-TRUNS-IT5-0145BO2HL8S8G9O-GTE-P00035,Baseball,Total,Settled,0,1336,0.56,0.26,0,08/04/26 08:17 AM EDT
2026-07-05,MLB-TRUNS-IT5-0146NBQVL8SDUL0-GTE-P00025,Baseball,Total,Settled,0,1327,0.99,0.36,1,08/04/26 08:15 AM EDT
2026-07-05,KBO-TRUNS-FG-00N8UBQBPIT76T0-GTE-P00065,Baseball,Total,Settled,0,1245,0.82,0.48,1,08/03/26 12:59 PM EDT
2026-07-05,KBO-WIN-FG-00N8UBUTPIT76AG-SSRS000,Baseball,Moneyline,Settled,0,1198,0.56,0.03,0,08/03/26 12:59 PM EDT
2026-07-05,NPB-MOVY-FG-00N8VVL1PIT6U58-FUKS000-GTE-P00045,Baseball,Spread,Settled,0,1134,0.5,0.29,1,08/03/26 12:58 PM EDT
2026-07-05,MLB-TRUNS-IT5-0145AVC1L8SD5I8-GTE-P00035,Baseball,Total,Settled,0,1125,0.68,0.37,1,08/04/26 08:16 AM EDT
2026-07-05,NPB-MOVY-FG-00N8VVNPPIT6UG0-CHNS000-GTE-P00045,Baseball,Spread,Settled,0,1090,0.1,0.1,0,08/03/26 12:58 PM EDT
2026-07-05,MLB-TRUNS-IT5-0146NBRLL8SDV0O-GTE-P00025,Baseball,Total,Settled,0,1073,0.53,0.27,0,08/04/26 08:15 AM EDT
2026-07-05,MLB-MOVY-IT5-0145BO25L8S8GCG-BOOX000-GTE-P00015,Baseball,Spread,Settled,0,1040,0.87,0.61,1,08/04/26 08:17 AM EDT
2026-07-05,KBO-MOVY-FG-00N8UBQBPIT76T0-DORS000-GTE-P00025,Baseball,Spread,Settled,0,1037,0.64,0.48,1,08/03/26 12:59 PM EDT
2026-07-05,MLB-TRUNS-IT5-0145BO10L8S8G70-GTE-P00035,Baseball,Total,Settled,0,1035,0.53,0.34,0,08/04/26 08:17 AM EDT
2026-07-05,NPB-MOVY-FG-00N8VVNPPIT6UG0-CHNS000-GTE-P00055,Baseball,Spread,Settled,0,1025,0.07,0.03,0,08/03/26 12:58 PM EDT
2026-07-05,MLB-MOVY-IT5-0146NBQVL8SDUL0-MINS000-GTE-P00005,Baseball,Spread,Settled,0,1020,0.65,0.46,1,08/04/26 08:15 AM EDT
2026-07-05,KBO-TRUNS-FG-00N8UBQBPIT76T0-GTE-P00135,Baseball,Total,Settled,0,1000,0.08,0.08,0,08/03/26 12:59 PM EDT
2026-07-05,KBO-TRUNS-FG-00N8UBQBPIT76T0-GTE-P00145,Baseball,Total,Settled,0,1000,0.06,0.06,0,08/03/26 12:59 PM EDT
2026-07-05,MLB-WIN-IT5-0146NBT2L8SDV7O-CLNS000,Baseball,Moneyline,Settled,0,1000,0.63,0.63,0.5,08/04/26 08:15 AM EDT
2026-07-05,NPB-TRUNS-FG-00N8VVL1PIT6U58-GTE-P00155,Baseball,Total,Settled,0,1000,0.11,0.1,0,08/03/26 12:58 PM EDT
2026-07-05,MLB-WIN-IT5-0146NBVAL8SDVO0-PIES000,Baseball,Moneyline,Settled,0,987,0.93,0.16,0.5,08/04/26 09:03 AM EDT
2026-07-05,MLB-TRUNS-IT5-0145AVC9L8SD468-GTE-P00045,Baseball,Total,Settled,0,965,0.59,0.01,0,08/04/26 09:03 AM EDT
2026-07-05,NPB-MOVY-FG-00N8VVL1PIT6U58-FUKS000-GTE-P00075,Baseball,Spread,Settled,0,965,0.15,0.15,0,08/03/26 12:58 PM EDT
2026-07-05,NPB-MOVY-FG-00N8VVNPPIT6UG0-YOTS000-GTE-P00015,Baseball,Spread,Settled,0,962,0.57,0.2,0,08/03/26 12:58 PM EDT
2026-07-05,NPB-TRUNS-FG-00N8VVNPPIT6UG0-GTE-P00045,Baseball,Total,Settled,0,896,0.61,0.05,0,08/03/26 12:58 PM EDT
2026-07-05,NPB-TRUNS-FG-00N8VVNPPIT6UG0-GTE-P00065,Baseball,Total,Settled,0,891,0.4,0.19,0,08/03/26 12:58 PM EDT
2026-07-05,MLB-TRUNS-IT5-0145BO2HL8S8G9O-GTE-P00025,Baseball,Total,Settled,0,886,0.56,0.37,1,08/04/26 08:17 AM EDT
2026-07-05,NPB-TRUNS-FG-00N8UBPFPIT76F8-GTE-P00105,Baseball,Total,Settled,0,859,0.58,0.44,0,08/03/26 12:58 PM EDT
2026-07-05,MLB-WIN-IT5-0145AV96L8SD4HO-ARKS000,Baseball,Moneyline,Settled,0,839,0.5,0.5,1,08/04/26 08:16 AM EDT
2026-07-05,MLB-TRUNS-IT5-0145BO25L8S8GCG-GTE-P00055,Baseball,Total,Settled,0,829,0.9,0.41,1,08/04/26 08:17 AM EDT
2026-07-05,MLB-TRUNS-IT5-0146NBSSL8SDU3G-GTE-P00105,Baseball,Total,Settled,0,818,0.64,0.03,0,08/04/26 08:15 AM EDT
2026-07-05,MLB-TRUNS-IT5-0145BO10L8S8G70-GTE-P00015,Baseball,Total,Settled,0,812,0.76,0.01,0,08/04/26 08:17 AM EDT
2026-07-05,KBO-MOVY-FG-00N8UBQBPIT76T0-DORS000-GTE-P00035,Baseball,Spread,Settled,0,784,0.93,0.35,1,08/03/26 12:59 PM EDT
2026-07-05,MLB-TRUNS-IT5-0146NBRLL8SDV0O-GTE-P00005,Baseball,Total,Settled,0,742,0.49,0.26,1,08/04/26 08:15 AM EDT
2026-07-05,KBO-MOVY-FG-00N8UBQBPIT76T0-DORS000-GTE-P00015,Baseball,Spread,Settled,0,719,0.58,0.48,1,08/03/26 12:59 PM EDT
2026-07-05,NPB-TRUNS-FG-00N8UBPFPIT76F8-GTE-P00065,Baseball,Total,Settled,0,704,0.59,0.47,1,08/03/26 12:58 PM EDT
2026-07-05,MLB-MOVY-IT5-0146NBRLL8SDV0O-CIDS000-GTE-P00005,Baseball,Spread,Settled,0,703,0.46,0.24,1,08/04/26 08:15 AM EDT
2026-07-05,MLB-TRUNS-IT5-0145BO25L8S8GCG-GTE-P00085,Baseball,Total,Settled,0,690,0.59,0.13,0,08/04/26 08:17 AM EDT
2026-07-05,KBO-WIN-FG-00N8UBT6PIT76MO-HAES000,Baseball,Moneyline,Open,382,685,0.5,0.43,0.43,08/03/26 12:59 PM EDT
2026-07-05,NPB-TRUNS-FG-00N8VVL1PIT6U58-GTE-P00065,Baseball,Total,Settled,0,678,0.67,0.46,1,08/03/26 12:58 PM EDT
2026-07-05,NPB-WIN-FG-00N8UBPFPIT76F8-HORS000,Baseball,Moneyline,Settled,0,672,0.76,0.31,1,08/03/26 12:58 PM EDT
2026-07-05,MLB-WIN-IT5-0145BO6BL8S8HSO-SFTS000,Baseball,Moneyline,Settled,0,665,0.73,0.19,1,08/04/26 08:16 AM EDT
2026-07-05,MLB-TRUNS-IT5-0145BO10L8S8G70-GTE-P00045,Baseball,Total,Settled,0,664,0.45,0.23,0,08/04/26 08:17 AM EDT
2026-07-05,MLB-TRUNS-IT5-0146NBSSL8SDU3G-GTE-P00055,Baseball,Total,Settled,0,653,0.99,0.42,1,08/04/26 08:15 AM EDT
2026-07-05,KBO-MOVY-FG-00N8UBQBPIT76T0-DORS000-GTE-P00045,Baseball,Spread,Settled,0,621,0.91,0.32,1,08/03/26 12:59 PM EDT
2026-07-05,MLB-WIN-IT5-0145AVF3L8SD408-PHES000,Baseball,Moneyline,Settled,0,609,0.57,0.15,0,08/04/26 08:16 AM EDT
2026-07-05,MLB-TRUNS-IT5-0145AVF3L8SD408-GTE-P00035,Baseball,Total,Settled,0,579,0.63,0.39,1,08/04/26 08:16 AM EDT
2026-07-05,KBO-WIN-FG-00N8UBT6PIT76MO-LGNS000,Baseball,Moneyline,Open,314,569,0.56,0.42,0.54,08/03/26 12:59 PM EDT
2026-07-05,MLB-MOVY-IT5-0146NBQVL8SDUL0-MINS000-GTE-P00035,Baseball,Spread,Settled,0,568,0.39,0.39,1,08/04/26 08:15 AM EDT
2026-07-05,MLB-TRUNS-IT5-0145AVF3L8SD408-GTE-P00045,Baseball,Total,Settled,0,557,0.74,0.18,0,08/04/26 08:16 AM EDT
2026-07-05,MLB-MOVY-IT5-0146NBSSL8SDU3G-NYTS000-GTE-P00005,Baseball,Spread,Settled,0,499,0.47,0.31,1,08/04/26 08:15 AM EDT
2026-07-05,NPB-TRUNS-FG-00N8VVL1PIT6U58-GTE-P00145,Baseball,Total,Settled,0,492,0.14,0.14,0,08/03/26 12:58 PM EDT
2026-07-05,NPB-TRUNS-FG-00N8VVIDPIT6UTO-GTE-P00035,Baseball,Total,Settled,0,482,0.74,0.4,1,08/03/26 12:58 PM EDT
2026-07-05,KBO-MOVY-FG-00N8UBQBPIT76T0-DORS000-GTE-P00065,Baseball,Spread,Settled,0,464,0.28,0.23,1,08/03/26 12:59 PM EDT
2026-07-05,KBO-TRUNS-FG-00N8UBQBPIT76T0-GTE-P00105,Baseball,Total,Settled,0,459,0.58,0.42,0,08/03/26 12:59 PM EDT
2026-07-05,NPB-TRUNS-FG-00N8UBPFPIT76F8-GTE-P00075,Baseball,Total,Settled,0,441,0.94,0.42,1,08/03/26 12:58 PM EDT
2026-07-05,MLB-WIN-IT5-0145AVC9L8SD468-STLS000,Baseball,Moneyline,Settled,0,431,0.46,0.12,0,08/04/26 09:03 AM EDT
2026-07-05,MLB-MOVY-IT5-0145AVF3L8SD408-KCLS000-GTE-P00005,Baseball,Spread,Settled,0,411,0.7,0.43,1,08/04/26 08:16 AM EDT
2026-07-05,MLB-TRUNS-IT5-0145AV96L8SD4HO-GTE-P00015,Baseball,Total,Settled,0,398,0.48,0.01,0,08/04/26 08:16 AM EDT
2026-07-05,MLB-MOVY-IT5-0145AV96L8SD4HO-ARKS000-GTE-P00015,Baseball,Spread,Settled,0,396,0.51,0.34,0,08/04/26 08:16 AM EDT
2026-07-05,MLB-MOVY-IT5-0145AVC9L8SD468-CHBS000-GTE-P00005,Baseball,Spread,Settled,0,393,0.49,0.49,1,08/04/26 09:03 AM EDT
2026-07-05,NPB-MOVY-FG-00N8VVNPPIT6UG0-CHNS000-GTE-P00005,Baseball,Spread,Settled,0,380,0.47,0.43,0,08/03/26 12:58 PM EDT
2026-07-05,MLB-TRUNS-IT5-0145AVF3L8SD408-GTE-P00065,Baseball,Total,Settled,0,375,0.46,0.43,0,08/04/26 08:16 AM EDT
2026-07-05,KBO-MOVY-FG-00N8UBQBPIT76T0-DORS000-GTE-P00055,Baseball,Spread,Settled,0,359,0.77,0.34,1,08/03/26 12:59 PM EDT
2026-07-05,MLB-WIN-IT5-0145BO23L8S8H38-ATCS000,Baseball,Moneyline,Settled,0,359,0.53,0.53,0,08/04/26 08:17 AM EDT
2026-07-05,MLB-MOVY-IT5-0146NBVAL8SDVO0-PIES000-GTE-P00015,Baseball,Spread,Settled,0,355,0.62,0.53,0,08/04/26 09:03 AM EDT
2026-07-05,MLB-MOVY-IT5-0145BO25L8S8GCG-BOOX000-GTE-P00025,Baseball,Spread,Settled,0,354,0.37,0.27,0,08/04/26 08:17 AM EDT
2026-07-05,KBO-WIN-FG-00N8UBSMPIT76V0-KTON000,Baseball,Moneyline,Settled,0,341,0.62,0.5,1,08/03/26 12:59 PM EDT
2026-07-05,NPB-MOVY-FG-00N8UBQ0PIT7638-YORS001-GTE-P00055,Baseball,Spread,Settled,0,333,0.43,0.43,0,08/03/26 12:58 PM EDT
2026-07-05,MLB-MOVY-IT5-0146NBVAL8SDVO0-PIES000-GTE-P00005,Baseball,Spread,Settled,0,331,0.51,0.51,0,08/04/26 09:03 AM EDT
2026-07-05,MLB-MOVY-IT5-0146NBQVL8SDUL0-NYES000-GTE-P00005,Baseball,Spread,Settled,0,313,0.42,0.1,0,08/04/26 08:15 AM EDT
2026-07-05,MLB-TRUNS-IT5-0145BO25L8S8GCG-GTE-P00095,Baseball,Total,Settled,0,313,0.56,0.14,0,08/04/26 08:17 AM EDT
2026-07-05,NPB-TRUNS-FG-00N8VVL1PIT6U58-GTE-P00075,Baseball,Total,Settled,0,306,0.76,0.54,1,08/03/26 12:58 PM EDT
2026-07-05,NPB-WIN-FG-00N8UBQQPIT76G8-HARS001,Baseball,Moneyline,Settled,0,300,0.69,0.48,1,08/03/26 12:58 PM EDT
2026-07-05,NPB-TRUNS-FG-00N8VVL1PIT6U58-GTE-P00105,Baseball,Total,Settled,0,297,0.46,0.36,0,08/03/26 12:58 PM EDT
2026-07-05,MLB-TRUNS-IT5-0146NBQVL8SDUL0-GTE-P00055,Baseball,Total,Settled,0,292,0.51,0.06,0,08/04/26 08:15 AM EDT
2026-07-05,MLB-WIN-IT5-0146NBT2L8SDV7O-CHOX000,Baseball,Moneyline,Settled,0,281,0.94,0.44,0.5,08/04/26 08:15 AM EDT
2026-07-05,MLB-TRUNS-IT5-0146NBT2L8SDV7O-GTE-P00045,Baseball,Total,Settled,0,275,0.99,0.48,1,08/04/26 08:15 AM EDT
2026-07-05,KBO-TRUNS-FG-00N8UBUQPIT766O-GTE-P00105,Baseball,Total,Open,252,270,0.53,0.47,0.53,08/03/26 12:59 PM EDT
2026-07-05,NPB-TRUNS-FG-00N8UBQ0PIT7638-GTE-P00055,Baseball,Total,Settled,0,270,0.63,0.38,1,08/03/26 12:58 PM EDT
2026-07-05,KBO-MOVY-FG-00N8UBUTPIT76AG-SANS000-GTE-P00045,Baseball,Spread,Settled,0,260,0.52,0.41,1,08/03/26 12:59 PM EDT
2026-07-05,MLB-MOVY-IT5-0145AVC1L8SD5I8-DERS000-GTE-P00025,Baseball,Spread,Settled,0,250,0.61,0.61,1,08/04/26 08:16 AM EDT
2026-07-05,NPB-MOVY-FG-00N8VVL1PIT6U58-FUKS000-GTE-P00015,Baseball,Spread,Settled,0,246,0.63,0.47,1,08/03/26 12:58 PM EDT
2026-07-05,MLB-MOVY-IT5-0146NBVAL8SDVO0-WALS000-GTE-P00015,Baseball,Spread,Settled,0,234,0.64,0.08,0,08/04/26 09:03 AM EDT
2026-07-05,KBO-TRUNS-FG-00N8UBT6PIT76MO-GTE-P00085,Baseball,Total,Open,33,233,0.57,0.51,0.57,08/03/26 01:00 PM EDT
2026-07-05,NPB-MOVY-FG-00N8VVIDPIT6UTO-ORES000-GTE-P00025,Baseball,Spread,Settled,0,232,0.66,0.62,0,08/03/26 12:58 PM EDT
2026-07-05,MLB-TRUNS-IT5-0145AVC9L8SD468-GTE-P00025,Baseball,Total,Settled,0,224,0.44,0.44,0,08/04/26 09:03 AM EDT
2026-07-05,MLB-TRUNS-IT5-0145AV96L8SD4HO-GTE-P00025,Baseball,Total,Settled,0,217,0.52,0.39,0,08/04/26 08:16 AM EDT
2026-07-05,MLB-TRUNS-IT5-0145BO23L8S8H38-GTE-P00085,Baseball,Total,Settled,0,215,0.51,0.08,0,08/04/26 08:17 AM EDT
2026-07-05,NPB-TRUNS-FG-00N8VVIDPIT6UTO-GTE-P00055,Baseball,Total,Settled,0,213,0.5,0.42,0,08/03/26 12:58 PM EDT
2026-07-05,KBO-MOVY-FG-00N8UBUTPIT76AG-SANS000-GTE-P00065,Baseball,Spread,Settled,0,211,0.85,0.32,1,08/03/26 12:59 PM EDT
2026-07-05,MLB-TRUNS-IT5-0145AV96L8SD4HO-GTE-P00045,Baseball,Total,Settled,0,205,0.54,0.45,0,08/04/26 08:16 AM EDT
2026-07-05,MLB-TRUNS-IT5-0146NBQVL8SDUL0-GTE-P00035,Baseball,Total,Settled,0,202,0.58,0.47,1,08/04/26 08:15 AM EDT
2026-07-05,KBO-MOVY-FG-00N8UBSMPIT76V0-KTON000-GTE-P00025,Baseball,Spread,Settled,0,201,0.41,0.18,0,08/03/26 12:59 PM EDT
2026-07-05,KBO-TRUNS-FG-00N8UBQBPIT76T0-GTE-P00035,Baseball,Total,Settled,0,200,0.87,0.85,1,08/03/26 12:59 PM EDT
2026-07-05,KBO-TRUNS-FG-00N8UBQBPIT76T0-GTE-P00045,Baseball,Total,Settled,0,200,0.85,0.78,1,08/03/26 12:59 PM EDT
2026-07-05,MLB-MOVY-IT5-0146NBQVL8SDUL0-MINS000-GTE-P00015,Baseball,Spread,Settled,0,200,0.36,0.36,1,08/04/26 08:15 AM EDT
2026-07-05,MLB-MOVY-IT5-0146NBVAL8SDVO0-PIES000-GTE-P00025,Baseball,Spread,Settled,0,198,0.61,0.21,0,08/04/26 09:03 AM EDT
2026-07-05,MLB-TRUNS-IT5-0145BO6BL8S8HSO-GTE-P00085,Baseball,Total,Settled,0,191,0.57,0.54,1,08/04/26 08:16 AM EDT
2026-07-05,MLB-WIN-IT5-0146NBRLL8SDV0O-BAES000,Baseball,Moneyline,Settled,0,190,0.53,0.31,0,08/04/26 08:15 AM EDT
2026-07-05,KBO-WIN-FG-00N8UBUQPIT766O-KIRS000,Baseball,Moneyline,Open,189,189,0.51,0.49,0.49,08/03/26 12:59 PM EDT
2026-07-05,NPB-MOVY-FG-00N8VVNPPIT6UG0-YOTS000-GTE-P00025,Baseball,Spread,Settled,0,186,0.25,0.25,0,08/03/26 12:58 PM EDT
2026-07-05,MLB-TRUNS-IT5-0145AVCQL8SD4K0-GTE-P00015,Baseball,Total,Settled,0,185,0.5,0.01,0,08/04/26 10:03 AM EDT
2026-07-05,MLB-WIN-IT5-0145BO2HL8S8G9O-SERS000,Baseball,Moneyline,Settled,0,185,0.7,0.51,1,08/04/26 08:17 AM EDT
2026-07-05,MLB-MOVY-IT5-0145BO6BL8S8HSO-COES000-GTE-P00015,Baseball,Spread,Settled,0,182,0.45,0.44,0,08/04/26 08:16 AM EDT
2026-07-05,MLB-TRUNS-IT5-0145AVC1L8SD5I8-GTE-P00025,Baseball,Total,Settled,0,181,0.49,0.41,1,08/04/26 08:16 AM EDT
2026-07-05,NPB-MOVY-FG-00N8UBQQPIT76G8-HARS001-GTE-P00045,Baseball,Spread,Settled,0,178,0.39,0.31,0,08/03/26 12:58 PM EDT
2026-07-05,MLB-TRUNS-IT5-0146NBRLL8SDV0O-GTE-P00045,Baseball,Total,Settled,0,177,0.57,0.52,0,08/04/26 08:15 AM EDT
2026-07-05,MLB-TRUNS-IT5-0146NBQVL8SDUL0-GTE-P00045,Baseball,Total,Settled,0,174,0.51,0.15,0,08/04/26 08:15 AM EDT
2026-07-05,MLB-MOVY-IT5-0146NBSSL8SDU3G-NYTS000-GTE-P00015,Baseball,Spread,Settled,0,170,0.75,0.59,1,08/04/26 08:15 AM EDT
2026-07-05,MLB-TRUNS-IT5-0145BO6BL8S8HSO-GTE-P00095,Baseball,Total,Settled,0,166,0.42,0.27,0,08/04/26 08:16 AM EDT
2026-07-05,NPB-TRUNS-FG-00N8UBQ0PIT7638-GTE-P00105,Baseball,Total,Settled,0,165,0.6,0.26,0,08/03/26 12:58 PM EDT
2026-07-05,NPB-WIN-FG-00N8UBQ0PIT7638-YORS001,Baseball,Moneyline,Settled,0,165,0.91,0.5,1,08/03/26 12:58 PM EDT
2026-07-05,KBO-TRUNS-FG-00N8UBSMPIT76V0-GTE-P00095,Baseball,Total,Settled,0,151,0.55,0.55,0,08/03/26 12:59 PM EDT
2026-07-05,MLB-MOVY-IT5-0145BO23L8S8H38-MINS001-GTE-P00005,Baseball,Spread,Settled,0,151,0.95,0.54,1,08/04/26 08:17 AM EDT
2026-07-05,MLB-TRUNS-IT5-0146NBRLL8SDV0O-GTE-P00015,Baseball,Total,Settled,0,148,0.52,0.38,1,08/04/26 08:15 AM EDT
2026-07-05,NPB-TRUNS-FG-00N8UBQQPIT76G8-GTE-P00075,Baseball,Total,Settled,0,145,0.46,0.46,1,08/03/26 12:58 PM EDT
2026-07-05,KBO-TRUNS-FG-00N8UBSMPIT76V0-GTE-P00055,Baseball,Total,Settled,0,143,0.66,0.6,1,08/03/26 12:59 PM EDT
2026-07-05,MLB-WIN-IT5-0145AVCQL8SD4K0-TBYS000,Baseball,Moneyline,Settled,0,143,0.54,0.48,0,08/04/26 10:03 AM EDT
2026-07-05,NPB-MOVY-FG-00N8UBPFPIT76F8-TOES000-GTE-P00025,Baseball,Spread,Settled,0,139,0.21,0.21,0,08/03/26 12:58 PM EDT
2026-07-05,NPB-TRUNS-FG-00N8UBQQPIT76G8-GTE-P00045,Baseball,Total,Settled,0,138,0.55,0.5,1,08/03/26 12:58 PM EDT
2026-07-05,NPB-TRUNS-FG-00N8UBQQPIT76G8-GTE-P00085,Baseball,Total,Settled,0,137,0.38,0.2,1,08/03/26 12:58 PM EDT
2026-07-05,MLB-TRUNS-IT5-0145AVC1L8SD5I8-GTE-P00055,Baseball,Total,Settled,0,136,0.48,0.48,1,08/04/26 08:16 AM EDT
2026-07-05,NPB-MOVY-FG-00N8VVIDPIT6UTO-ORES000-GTE-P00015,Baseball,Spread,Settled,0,136,0.81,0.35,1,08/03/26 12:58 PM EDT
2026-07-05,KBO-MOVY-FG-00N8UBSMPIT76V0-LOTS001-GTE-P00015,Baseball,Spread,Settled,0,135,0.14,0.03,0,08/03/26 12:59 PM EDT
2026-07-05,MLB-TRUNS-IT5-0145BO2HL8S8G9O-GTE-P00015,Baseball,Total,Settled,0,134,0.56,0.53,1,08/04/26 08:17 AM EDT
2026-07-05,MLB-TRUNS-IT5-0146NBRLL8SDV0O-GTE-P00035,Baseball,Total,Settled,0,134,0.52,0.17,0,08/04/26 08:15 AM EDT
2026-07-05,NPB-MOVY-FG-00N8UBPFPIT76F8-HORS000-GTE-P00025,Baseball,Spread,Settled,0,129,0.38,0.38,1,08/03/26 12:58 PM EDT
2026-07-05,MLB-MOVY-IT5-0145BO25L8S8GCG-LALS000-GTE-P00005,Baseball,Spread,Settled,0,126,0.56,0.08,0,08/04/26 08:17 AM EDT
2026-07-05,MLB-MOVY-IT5-0145BO10L8S8G70-SDES000-GTE-P00015,Baseball,Spread,Settled,0,124,0.56,0.18,0,08/04/26 08:17 AM EDT
2026-07-05,NPB-TRUNS-FG-00N8UBPFPIT76F8-GTE-P00055,Baseball,Total,Settled,0,123,0.74,0.63,1,08/03/26 12:58 PM EDT
2026-07-05,KBO-TRUNS-FG-00N8UBSMPIT76V0-GTE-P00085,Baseball,Total,Settled,0,121,0.52,0.44,0,08/03/26 12:59 PM EDT
2026-07-05,MLB-MOVY-IT5-0146NBQVL8SDUL0-MINS000-GTE-P00045,Baseball,Spread,Settled,0,120,0.22,0.22,0,08/04/26 08:15 AM EDT
2026-07-05,NPB-MOVY-FG-00N8VVNPPIT6UG0-CHNS000-GTE-P00015,Baseball,Spread,Settled,0,120,0.24,0.18,0,08/03/26 12:58 PM EDT
2026-07-05,NPB-MOVY-FG-00N8UBQ0PIT7638-YORS001-GTE-P00015,Baseball,Spread,Settled,0,118,0.32,0.22,1,08/03/26 12:58 PM EDT
2026-07-05,NPB-MOVY-FG-00N8UBQ0PIT7638-YORS001-GTE-P00025,Baseball,Spread,Settled,0,118,0.22,0.12,0,08/03/26 12:58 PM EDT
2026-07-05,MLB-TRUNS-IT5-0145BO10L8S8G70-GTE-P00005,Baseball,Total,Settled,0,117,0.65,0.65,1,08/04/26 08:17 AM EDT
2026-07-05,NPB-MOVY-FG-00N8UBPFPIT76F8-HORS000-GTE-P00075,Baseball,Spread,Settled,0,111,0.08,0.08,0,08/03/26 12:58 PM EDT
2026-07-05,NPB-TRUNS-FG-00N8UBPFPIT76F8-GTE-P00035,Baseball,Total,Settled,0,108,0.89,0.84,1,08/03/26 12:58 PM EDT
2026-07-05,MLB-TRUNS-IT5-0145BO23L8S8H38-GTE-P00075,Baseball,Total,Settled,0,106,0.47,0.25,0,08/04/26 08:17 AM EDT
2026-07-05,MLB-TRUNS-IT5-0145BO6BL8S8HSO-GTE-P00075,Baseball,Total,Settled,0,100,0.46,0.46,1,08/04/26 08:16 AM EDT
2026-07-05,NPB-TRUNS-FG-00N8UBQQPIT76G8-GTE-P00115,Baseball,Total,Settled,0,100,0.02,0.02,0,08/03/26 12:58 PM EDT
2026-07-05,NPB-TRUNS-FG-00N8VVL1PIT6U58-GTE-P00115,Baseball,Total,Settled,0,100,0.31,0.31,0,08/03/26 12:58 PM EDT
2026-07-05,KBO-WIN-FG-00N8UBUQPIT766O-NCOS000,Baseball,Moneyline,Open,99,99,0.53,0.53,0.53,08/03/26 12:59 PM EDT
2026-07-05,MLB-WIN-IT5-0145BO23L8S8H38-MINS001,Baseball,Moneyline,Settled,0,99,0.96,0.44,1,08/04/26 08:17 AM EDT
2026-07-05,MLB-TRUNS-IT5-0145AVC9L8SD468-GTE-P00035,Baseball,Total,Settled,0,98,0.49,0.49,0,08/04/26 09:03 AM EDT
2026-07-05,KBO-TRUNS-FG-00N8UBSMPIT76V0-GTE-P00045,Baseball,Total,Settled,0,93,0.82,0.73,1,08/03/26 12:59 PM EDT
2026-07-05,MLB-MOVY-IT5-0146NBRLL8SDV0O-BAES000-GTE-P00005,Baseball,Spread,Settled,0,91,0.45,0.45,0,08/04/26 08:15 AM EDT
2026-07-05,MLB-MOVY-IT5-0146NBT2L8SDV7O-CLNS000-GTE-P00005,Baseball,Spread,Settled,0,90,0.52,0.09,0,08/04/26 08:15 AM EDT
2026-07-05,NPB-TRUNS-FG-00N8VVIDPIT6UTO-GTE-P00075,Baseball,Total,Settled,0,82,0.17,0.17,0,08/03/26 12:58 PM EDT
2026-07-05,NPB-MOVY-FG-00N8VVNPPIT6UG0-CHNS000-GTE-P00065,Baseball,Spread,Settled,0,75,0.03,0.03,0,08/03/26 12:58 PM EDT
2026-07-05,MLB-TRUNS-IT5-0146NBSSL8SDU3G-GTE-P00095,Baseball,Total,Settled,0,74,0.56,0.1,0,08/04/26 08:15 AM EDT
2026-07-05,MLB-MOVY-IT5-0145BO23L8S8H38-MINS001-GTE-P00015,Baseball,Spread,Settled,0,72,0.94,0.42,1,08/04/26 08:17 AM EDT
2026-07-05,NPB-MOVY-FG-00N8VVL1PIT6U58-FUKS000-GTE-P00025,Baseball,Spread,Settled,0,72,0.9,0.48,1,08/03/26 12:58 PM EDT
2026-07-05,MLB-MOVY-IT5-0145AV96L8SD4HO-MIRS000-GTE-P00005,Baseball,Spread,Settled,0,64,0.48,0.41,0,08/04/26 08:16 AM EDT
2026-07-05,KBO-MOVY-FG-00N8UBSMPIT76V0-KTON000-GTE-P00015,Baseball,Spread,Settled,0,53,0.46,0.46,1,08/03/26 12:59 PM EDT
2026-07-05,MLB-TRUNS-IT5-0145BO23L8S8H38-GTE-P00045,Baseball,Total,Settled,0,53,0.55,0.55,1,08/04/26 08:17 AM EDT
2026-07-05,MLB-TRUNS-IT5-0146NBSSL8SDU3G-GTE-P00085,Baseball,Total,Settled,0,51,0.47,0.31,0,08/04/26 08:15 AM EDT
2026-07-05,NPB-TRUNS-FG-00N8UBQ0PIT7638-GTE-P00065,Baseball,Total,Settled,0,51,0.54,0.54,1,08/03/26 12:58 PM EDT
2026-07-05,KBO-MOVY-FG-00N8UBQBPIT76T0-DORS000-GTE-P00005,Baseball,Spread,Settled,0,50,0.87,0.87,1,08/03/26 12:59 PM EDT
2026-07-05,NPB-MOVY-FG-00N8VVNPPIT6UG0-CHNS000-GTE-P00075,Baseball,Spread,Settled,0,50,0.03,0.03,0,08/03/26 12:58 PM EDT
2026-07-05,MLB-TRUNS-IT5-0145BO25L8S8GCG-GTE-P00075,Baseball,Total,Settled,0,49,0.56,0.51,1,08/04/26 08:17 AM EDT
2026-07-05,MLB-MOVY-IT5-0146NBSSL8SDU3G-ATES000-GTE-P00005,Baseball,Spread,Settled,0,46,0.54,0.52,0,08/04/26 08:15 AM EDT
2026-07-05,NPB-TRUNS-FG-00N8UBPFPIT76F8-GTE-P00085,Baseball,Total,Settled,0,46,0.48,0.48,1,08/03/26 12:58 PM EDT
2026-07-05,KBO-MOVY-FG-00N8UBQBPIT76T0-KIES000-GTE-P00005,Baseball,Spread,Settled,0,45,0.07,0.07,0,08/03/26 12:59 PM EDT
2026-07-05,KBO-TRUNS-FG-00N8UBQBPIT76T0-GTE-P00115,Baseball,Total,Settled,0,45,0.43,0.35,0,08/03/26 12:59 PM EDT
2026-07-05,MLB-MOVY-IT5-0145AVCQL8SD4K0-HOOS000-GTE-P00015,Baseball,Spread,Settled,0,42,0.38,0.38,0,08/04/26 10:03 AM EDT
2026-07-05,MLB-WIN-IT5-0145AVC9L8SD468-CHBS000,Baseball,Moneyline,Settled,0,41,0.58,0.58,1,08/04/26 09:03 AM EDT
2026-07-05,MLB-TRUNS-IT5-0145AV96L8SD4HO-GTE-P00055,Baseball,Total,Settled,0,40,0.49,0.49,0,08/04/26 08:16 AM EDT
2026-07-05,MLB-TRUNS-IT5-0145AVC1L8SD5I8-GTE-P00075,Baseball,Total,Settled,0,40,0.63,0.63,1,08/04/26 08:16 AM EDT
2026-07-05,MLB-TRUNS-IT5-0145AVC9L8SD468-GTE-P00055,Baseball,Total,Settled,0,40,0.56,0.48,0,08/04/26 09:03 AM EDT
2026-07-05,MLB-MOVY-IT5-0145AVF3L8SD408-PHES000-GTE-P00005,Baseball,Spread,Settled,0,38,0.49,0.49,0,08/04/26 08:16 AM EDT
2026-07-05,NPB-TRUNS-FG-00N8UBPFPIT76F8-GTE-P00045,Baseball,Total,Settled,0,35,0.74,0.74,1,08/03/26 12:58 PM EDT
2026-07-05,NPB-MOVY-FG-00N8UBPFPIT76F8-HORS000-GTE-P00005,Baseball,Spread,Settled,0,34,0.56,0.56,1,08/03/26 12:58 PM EDT
2026-07-05,KBO-MOVY-FG-00N8UBUTPIT76AG-SANS000-GTE-P00055,Baseball,Spread,Settled,0,32,0.9,0.39,1,08/03/26 12:59 PM EDT
2026-07-05,MLB-MOVY-IT5-0145AVC9L8SD468-CHBS000-GTE-P00015,Baseball,Spread,Settled,0,32,0.96,0.52,1,08/04/26 09:03 AM EDT
2026-07-05,MLB-MOVY-IT5-0145AVF3L8SD408-KCLS000-GTE-P00025,Baseball,Spread,Settled,0,32,0.33,0.33,0,08/04/26 08:16 AM EDT
2026-07-05,MLB-MOVY-IT5-0146NBQVL8SDUL0-MINS000-GTE-P00025,Baseball,Spread,Settled,0,30,0.63,0.33,1,08/04/26 08:15 AM EDT
2026-07-05,MLB-TRUNS-IT5-0146NBT2L8SDV7O-GTE-P00105,Baseball,Total,Settled,0,30,0.52,0.52,1,08/04/26 08:15 AM EDT
2026-07-05,MLB-MOVY-IT5-0145BO23L8S8H38-ATCS000-GTE-P00005,Baseball,Spread,Settled,0,29,0.46,0.42,0,08/04/26 08:17 AM EDT
2026-07-05,MLB-TRUNS-IT5-0145AVC9L8SD468-GTE-P00065,Baseball,Total,Settled,0,29,0.49,0.49,0,08/04/26 09:03 AM EDT
2026-07-05,MLB-TRUNS-IT5-0145BO23L8S8H38-GTE-P00055,Baseball,Total,Settled,0,29,0.5,0.44,1,08/04/26 08:17 AM EDT
2026-07-05,NPB-MOVY-FG-00N8UBQQPIT76G8-HIRP000-GTE-P00015,Baseball,Spread,Settled,0,28,0.18,0.03,0,08/03/26 12:58 PM EDT
2026-07-05,NPB-TRUNS-FG-00N8UBQQPIT76G8-GTE-P00095,Baseball,Total,Settled,0,26,0.36,0.16,1,08/03/26 12:58 PM EDT
2026-07-05,MLB-TRUNS-IT5-0145AVCQL8SD4K0-GTE-P00005,Baseball,Total,Settled,0,21,0.58,0.58,1,08/04/26 10:03 AM EDT
2026-07-05,NPB-MOVY-FG-00N8UBPFPIT76F8-HORS000-GTE-P00035,Baseball,Spread,Settled,0,21,0.38,0.38,0,08/03/26 12:58 PM EDT
2026-07-05,MLB-TRUNS-IT5-0145BO25L8S8GCG-GTE-P00035,Baseball,Total,Settled,0,20,0.52,0.52,1,08/04/26 08:17 AM EDT
2026-07-05,MLB-TRUNS-IT5-0145BO25L8S8GCG-GTE-P00105,Baseball,Total,Settled,0,20,0.45,0.45,0,08/04/26 08:17 AM EDT
2026-07-05,MLB-TRUNS-IT5-0145BO2HL8S8G9O-GTE-P00045,Baseball,Total,Settled,0,20,0.43,0.43,0,08/04/26 08:17 AM EDT
2026-07-05,MLB-TRUNS-IT5-0145AV96L8SD4HO-GTE-P00035,Baseball,Total,Settled,0,19,0.39,0.39,0,08/04/26 08:16 AM EDT
2026-07-05,MLB-TRUNS-IT5-0145BO23L8S8H38-GTE-P00065,Baseball,Total,Settled,0,19,0.49,0.49,0,08/04/26 08:17 AM EDT
2026-07-05,MLB-MOVY-IT5-0146NBT2L8SDV7O-CHOX000-GTE-P00025,Baseball,Spread,Settled,0,17,0.54,0.54,0,08/04/26 08:15 AM EDT
2026-07-05,KBO-TRUNS-FG-00N8UBQBPIT76T0-GTE-P00055,Baseball,Total,Settled,0,13,0.73,0.73,1,08/03/26 12:59 PM EDT
2026-07-05,KBO-TRUNS-FG-00N8UBT6PIT76MO-GTE-P00055,Baseball,Total,Open,12,12,0.81,0.81,0.81,08/03/26 01:00 PM EDT
2026-07-05,NPB-TRUNS-FG-00N8VVL1PIT6U58-GTE-P00055,Baseball,Total,Settled,0,12,0.78,0.78,1,08/03/26 12:58 PM EDT
2026-07-05,KBO-MOVY-FG-00N8UBUTPIT76AG-SANS000-GTE-P00005,Baseball,Spread,Settled,0,11,0.48,0.48,1,08/03/26 12:59 PM EDT
2026-07-05,MLB-TRUNS-IT5-0145BO25L8S8GCG-GTE-P00065,Baseball,Total,Settled,0,10,0.57,0.57,1,08/04/26 08:17 AM EDT
2026-07-05,NPB-MOVY-FG-00N8UBQQPIT76G8-HARS001-GTE-P00015,Baseball,Spread,Settled,0,9,0.52,0.52,1,08/03/26 12:58 PM EDT
2026-07-05,MLB-TRUNS-IT5-0145AVC1L8SD5I8-GTE-P00045,Baseball,Total,Settled,0,8,0.43,0.43,1,08/04/26 08:16 AM EDT
2026-07-05,NPB-MOVY-FG-00N8UBQ0PIT7638-TOWS000-GTE-P00025,Baseball,Spread,Settled,0,7,0.27,0.27,0,08/03/26 12:58 PM EDT
2026-07-05,NPB-MOVY-FG-00N8VVIDPIT6UTO-ORES000-GTE-P00005,Baseball,Spread,Settled,0,7,0.67,0.67,1,08/03/26 12:58 PM EDT
2026-07-05,MLB-MOVY-IT5-0145BO2HL8S8G9O-SERS000-GTE-P00035,Baseball,Spread,Settled,0,6,0.25,0.25,0,08/04/26 08:17 AM EDT
2026-07-05,KBO-TRUNS-FG-00N8UBT6PIT76MO-GTE-P00105,Baseball,Total,Open,5,5,0.34,0.34,0.34,08/03/26 01:00 PM EDT
2026-07-05,KBO-TRUNS-FG-00N8UBSMPIT76V0-GTE-P00065,Baseball,Total,Settled,0,5,0.63,0.63,0,08/03/26 12:59 PM EDT
2026-07-05,KBO-TRUNS-FG-00N8UBSMPIT76V0-GTE-P00075,Baseball,Total,Settled,0,5,0.52,0.52,0,08/03/26 12:59 PM EDT
2026-07-05,MLB-MOVY-IT5-0145AVC9L8SD468-CHBS000-GTE-P00025,Baseball,Spread,Settled,0,5,0.55,0.42,0,08/04/26 09:03 AM EDT
2026-07-05,NPB-TRUNS-FG-00N8UBQ0PIT7638-GTE-P00095,Baseball,Total,Settled,0,5,0.6,0.6,1,08/03/26 12:58 PM EDT
2026-07-05,NPB-TRUNS-FG-00N8UBQ0PIT7638-GTE-P00115,Baseball,Total,Settled,0,5,0.2,0.2,0,08/03/26 12:58 PM EDT
2026-07-05,NPB-TRUNS-FG-00N8UBQ0PIT7638-GTE-P00125,Baseball,Total,Settled,0,5,0.08,0.08,0,08/03/26 12:58 PM EDT
2026-07-05,KBO-MOVY-FG-00N8UBUQPIT766O-NCOS000-GTE-P00015,Baseball,Spread,Open,4,4,0.39,0.39,0.39,08/03/26 12:59 PM EDT
2026-07-05,KBO-MOVY-FG-00N8UBSMPIT76V0-LOTS001-GTE-P00005,Baseball,Spread,Settled,0,3,0.32,0.32,0,08/03/26 12:59 PM EDT
2026-07-05,NPB-TRUNS-FG-00N8UBPFPIT76F8-GTE-P00145,Baseball,Total,Settled,0,3,0.09,0.09,0,08/03/26 12:58 PM EDT
2026-07-05,NPB-TRUNS-FG-00N8UBQQPIT76G8-GTE-P00055,Baseball,Total,Settled,0,3,0.53,0.53,1,08/03/26 12:58 PM EDT
2026-07-05,NPB-TRUNS-FG-00N8UBQQPIT76G8-GTE-P00065,Baseball,Total,Settled,0,3,0.4,0.4,1,08/03/26 12:58 PM EDT
2026-07-05,NPB-TRUNS-FG-00N8UBQQPIT76G8-GTE-P00105,Baseball,Total,Settled,0,3,0.09,0.07,0,08/03/26 12:58 PM EDT
2026-07-05,KBO-TRUNS-FG-00N8UBSMPIT76V0-GTE-P00105,Baseball,Total,Settled,0,2,0.1,0.1,0,08/03/26 12:59 PM EDT
2026-07-05,KBO-TRUNS-FG-00N8UBSMPIT76V0-GTE-P00115,Baseball,Total,Settled,0,2,0.06,0.06,0,08/03/26 12:59 PM EDT
2026-07-05,NPB-TRUNS-FG-00N8UBQ0PIT7638-GTE-P00045,Baseball,Total,Settled,0,2,0.77,0.54,1,08/03/26 12:58 PM EDT
2026-07-05,MLB-TRUNS-IT5-03VK58PV4OIGVOO-GTE-P00085,Baseball,Total,Open,141,0,,,0.57,08/01/26 08:19 AM EDT
2026-07-05,MLB-WIN-IT5-00UCIDVFF48U54G-HOOS000,Baseball,Moneyline,Open,88,0,,,0.39,07/26/26 08:08 AM EDT
2026-07-06,MLB-MOVY-IT5-01OB4CFNVS3O938-PHES000-GTE-P00005,Baseball,Spread,Settled,0,10870,0.57,0.04,0,08/05/26 07:30 AM EDT
2026-07-06,MLB-TRUNS-IT5-01OB4DLNVS3R8QG-GTE-P00055,Baseball,Total,Settled,0,6213,0.99,0.35,1,08/05/26 07:53 AM EDT
2026-07-06,MLB-TRUNS-IT5-01OB4CFNVS3O938-GTE-P00105,Baseball,Total,Settled,0,4071,0.86,0.32,1,08/05/26 07:30 AM EDT
2026-07-06,MLB-WIN-IT5-01OB4CCDVS3O8TG-ATES000,Baseball,Moneyline,Settled,0,3478,0.54,0.4,1,08/05/26 07:30 AM EDT
2026-07-06,MLB-TRUNS-IT5-01OB4CFNVS3O938-GTE-P00045,Baseball,Total,Settled,0,3447,0.93,0.43,1,08/05/26 07:30 AM EDT
2026-07-06,MLB-MOVY-IT5-01OB4CCDVS3O8TG-ATES000-GTE-P00005,Baseball,Spread,Settled,0,3415,0.55,0.3,1,08/05/26 07:30 AM EDT
2026-07-06,MLB-MOVY-IT5-01OB4CFNVS3O938-PHES000-GTE-P00015,Baseball,Spread,Settled,0,3364,0.59,0.15,0,08/05/26 07:30 AM EDT
2026-07-06,MLB-WIN-IT5-01OB4CFNVS3O938-PHES000,Baseball,Moneyline,Settled,0,3169,0.66,0.03,0,08/05/26 07:30 AM EDT
2026-07-06,MLB-TRUNS-IT5-01OB4CDPVS3O90O-GTE-P00035,Baseball,Total,Settled,0,2839,0.95,0.14,1,08/05/26 07:30 AM EDT
2026-07-06,MLB-WIN-IT5-01OB4CDPVS3O90O-NYES000,Baseball,Moneyline,Settled,0,2809,0.96,0.39,1,08/05/26 07:30 AM EDT
2026-07-06,MLB-TRUNS-IT5-01OB4DLMVS3R8H8-GTE-P00025,Baseball,Total,Settled,0,2773,0.99,0.25,1,08/05/26 07:53 AM EDT
2026-07-06,MLB-MOVY-IT5-01OB4CDPVS3O90O-NYES000-GTE-P00005,Baseball,Spread,Settled,0,2696,0.46,0.15,1,08/05/26 07:30 AM EDT
2026-07-06,MLB-WIN-IT5-01OB4DMRVS3R92G-ARKS000,Baseball,Moneyline,Settled,0,2490,0.49,0.47,1,08/05/26 07:53 AM EDT
2026-07-06,MLB-MOVY-IT5-01OB4CCRVS3O918-WALS000-GTE-P00005,Baseball,Spread,Settled,0,2388,0.54,0.07,1,08/05/26 07:30 AM EDT
2026-07-06,MLB-TRUNS-IT5-01OB4DMRVS3R92G-GTE-P00045,Baseball,Total,Settled,0,2275,0.57,0.5,1,08/05/26 07:53 AM EDT
2026-07-06,MLB-WIN-IT5-01OB4DLMVS3R8H8-SFTS000,Baseball,Moneyline,Settled,0,2229,0.86,0.51,1,08/05/26 07:53 AM EDT
2026-07-06,MLB-WIN-IT5-01OB4DH0VS3R89O-STLS000,Baseball,Moneyline,Settled,0,2153,0.5,0.48,1,08/05/26 07:53 AM EDT
2026-07-06,MLB-MOVY-IT5-01OB4DLNVS3R8QG-LARS000-GTE-P00015,Baseball,Spread,Settled,0,2112,0.95,0.39,1,08/05/26 07:53 AM EDT
2026-07-06,MLB-MOVY-IT5-01OB4DLMVS3R8H8-SFTS000-GTE-P00015,Baseball,Spread,Settled,0,1825,0.45,0.34,1,08/05/26 07:53 AM EDT
2026-07-06,MLB-TRUNS-IT5-01OB4DH0VS3R89O-GTE-P00025,Baseball,Total,Settled,0,1821,0.6,0.01,0,08/05/26 07:53 AM EDT
2026-07-06,MLB-TRUNS-IT5-01OB4CCDVS3O8TG-GTE-P00045,Baseball,Total,Settled,0,1494,0.77,0.23,0,08/05/26 07:30 AM EDT
2026-07-06,MLB-WIN-IT5-01OB4CCRVS3O918-WALS000,Baseball,Moneyline,Settled,0,1361,0.54,0.16,1,08/05/26 07:30 AM EDT
2026-07-06,MLB-TRUNS-IT5-01OB4DMRVS3R92G-GTE-P00055,Baseball,Total,Settled,0,1351,0.67,0.42,1,08/05/26 07:53 AM EDT
2026-07-06,MLB-WIN-IT5-01OB4DMRVS3R92G-SDES000,Baseball,Moneyline,Settled,0,1278,0.53,0.2,0,08/05/26 07:53 AM EDT
2026-07-06,MLB-TRUNS-IT5-01OB4CFNVS3O938-GTE-P00095,Baseball,Total,Settled,0,1249,0.6,0.5,1,08/05/26 07:30 AM EDT
2026-07-06,MLB-TRUNS-IT5-01OB4DLNVS3R8QG-GTE-P00045,Baseball,Total,Settled,0,1236,0.57,0.44,1,08/05/26 07:53 AM EDT
2026-07-06,MLB-TRUNS-IT5-01OB4CFNVS3O938-GTE-P00055,Baseball,Total,Settled,0,1136,0.9,0.42,1,08/05/26 07:30 AM EDT
2026-07-06,MLB-MOVY-IT5-01OB4DMRVS3R92G-SDES000-GTE-P00005,Baseball,Spread,Settled,0,1023,0.46,0.4,0,08/05/26 07:53 AM EDT
2026-07-06,MLB-WIN-IT5-01OB4DH0VS3R89O-MIRS000,Baseball,Moneyline,Settled,0,988,0.53,0.29,0,08/05/26 07:53 AM EDT
2026-07-06,MLB-TRUNS-IT5-01OB4DMRVS3R92G-GTE-P00075,Baseball,Total,Settled,0,984,0.63,0.11,0,08/05/26 07:53 AM EDT
2026-07-06,MLB-TRUNS-IT5-01OB4DLMVS3R8H8-GTE-P00045,Baseball,Total,Settled,0,938,0.56,0.24,0,08/05/26 07:53 AM EDT
2026-07-06,MLB-MOVY-IT5-01OB4DLNVS3R8QG-LARS000-GTE-P00005,Baseball,Spread,Settled,0,932,0.6,0.56,1,08/05/26 07:53 AM EDT
2026-07-06,MLB-MOVY-IT5-01OB4CDPVS3O90O-TBYS000-GTE-P00005,Baseball,Spread,Settled,0,839,0.41,0.04,0,08/05/26 07:30 AM EDT
2026-07-06,MLB-WIN-IT5-01OB4DLNVS3R8QG-COES000,Baseball,Moneyline,Settled,0,832,0.57,0.18,0,08/05/26 07:53 AM EDT
2026-07-06,MLB-MOVY-IT5-01OB4CCRVS3O918-HOOS000-GTE-P00025,Baseball,Spread,Settled,0,798,0.54,0.39,0,08/05/26 07:30 AM EDT
2026-07-06,MLB-TRUNS-IT5-01OB4CDPVS3O90O-GTE-P00015,Baseball,Total,Settled,0,786,0.57,0.2,1,08/05/26 07:30 AM EDT
2026-07-06,MLB-TRUNS-IT5-01OB4CDPVS3O90O-GTE-P00005,Baseball,Total,Settled,0,755,0.95,0.33,1,08/05/26 07:30 AM EDT
2026-07-06,MLB-TRUNS-IT5-01OB4DH0VS3R89O-GTE-P00035,Baseball,Total,Settled,0,753,0.52,0.04,0,08/05/26 07:53 AM EDT
2026-07-06,MLB-WIN-IT5-01OB4CFNVS3O938-KCLS000,Baseball,Moneyline,Settled,0,740,0.93,0.22,1,08/05/26 07:30 AM EDT
2026-07-06,MLB-MOVY-IT5-01OB4CFNVS3O938-KCLS000-GTE-P00045,Baseball,Spread,Settled,0,682,0.9,0.49,1,08/05/26 07:30 AM EDT
2026-07-06,MLB-TRUNS-IT5-01OB4DLMVS3R8H8-GTE-P00035,Baseball,Total,Settled,0,659,0.57,0.47,0,08/05/26 07:53 AM EDT
2026-07-06,MLB-TRUNS-IT5-01OB4DLNVS3R8QG-GTE-P00065,Baseball,Total,Settled,0,647,0.59,0.47,1,08/05/26 07:53 AM EDT
2026-07-06,MLB-MOVY-IT5-01OB4DLMVS3R8H8-SFTS000-GTE-P00005,Baseball,Spread,Settled,0,568,0.64,0.41,1,08/05/26 07:53 AM EDT
2026-07-06,MLB-TRUNS-IT5-01OB4CFNVS3O938-GTE-P00075,Baseball,Total,Settled,0,544,0.57,0.51,1,08/05/26 07:30 AM EDT
2026-07-06,MLB-TRUNS-IT5-01OB4DLNVS3R8QG-GTE-P00085,Baseball,Total,Settled,0,534,0.53,0.4,0,08/05/26 07:53 AM EDT
2026-07-06,MLB-TRUNS-IT5-01OB4CCDVS3O8TG-GTE-P00035,Baseball,Total,Settled,0,531,0.53,0.48,1,08/05/26 07:30 AM EDT
2026-07-06,MLB-MOVY-IT5-01OB4DLNVS3R8QG-LARS000-GTE-P00045,Baseball,Spread,Settled,0,524,0.82,0.22,0,08/05/26 07:53 AM EDT
2026-07-06,MLB-TRUNS-IT5-01OB4DLMVS3R8H8-GTE-P00015,Baseball,Total,Settled,0,482,0.63,0.62,1,08/05/26 07:53 AM EDT
2026-07-06,MLB-TRUNS-IT5-01OB4DLNVS3R8QG-GTE-P00075,Baseball,Total,Settled,0,465,0.57,0.31,1,08/05/26 07:53 AM EDT
2026-07-06,MLB-WIN-IT5-01OB4CCRVS3O918-HOOS000,Baseball,Moneyline,Settled,0,441,0.56,0.37,0,08/05/26 07:30 AM EDT
2026-07-06,MLB-TRUNS-IT5-01OB4CCRVS3O918-GTE-P00055,Baseball,Total,Settled,0,409,0.52,0.42,1,08/05/26 07:30 AM EDT
2026-07-06,MLB-MOVY-IT5-01OB4CCRVS3O918-WALS000-GTE-P00025,Baseball,Spread,Settled,0,387,0.44,0.28,1,08/05/26 07:30 AM EDT
2026-07-06,MLB-TRUNS-IT5-01OB4DH0VS3R89O-GTE-P00045,Baseball,Total,Settled,0,378,0.48,0.38,0,08/05/26 07:53 AM EDT
2026-07-06,MLB-MOVY-IT5-01OB4CFNVS3O938-PHES000-GTE-P00025,Baseball,Spread,Settled,0,344,0.55,0.03,0,08/05/26 07:30 AM EDT
2026-07-06,MLB-WIN-IT5-01OB4CCDVS3O8TG-NYTS000,Baseball,Moneyline,Settled,0,338,0.48,0.25,0,08/05/26 07:30 AM EDT
2026-07-06,MLB-TRUNS-IT5-01OB4CCDVS3O8TG-GTE-P00055,Baseball,Total,Settled,0,328,0.57,0.4,0,08/05/26 07:30 AM EDT
2026-07-06,MLB-MOVY-IT5-01OB4DH0VS3R89O-STLS000-GTE-P00005,Baseball,Spread,Settled,0,327,0.58,0.4,1,08/05/26 07:53 AM EDT
2026-07-06,MLB-TRUNS-IT5-01OB4DLNVS3R8QG-GTE-P00035,Baseball,Total,Settled,0,324,0.55,0.51,1,08/05/26 07:53 AM EDT
2026-07-06,MLB-TRUNS-IT5-01OB4CDPVS3O90O-GTE-P00025,Baseball,Total,Settled,0,311,0.5,0.4,1,08/05/26 07:30 AM EDT
2026-07-06,MLB-WIN-IT5-01OB4CDPVS3O90O-TBYS000,Baseball,Moneyline,Settled,0,299,0.58,0.47,0,08/05/26 07:30 AM EDT
2026-07-06,MLB-WIN-IT5-01OB4DLNVS3R8QG-LARS000,Baseball,Moneyline,Settled,0,269,0.66,0.43,1,08/05/26 07:53 AM EDT
2026-07-06,MLB-MOVY-IT5-01OB4DH0VS3R89O-MIRS000-GTE-P00005,Baseball,Spread,Settled,0,264,0.44,0.41,0,08/05/26 07:53 AM EDT
2026-07-06,MLB-MOVY-IT5-01OB4DLNVS3R8QG-COES000-GTE-P00005,Baseball,Spread,Settled,0,236,0.46,0.14,0,08/05/26 07:53 AM EDT
2026-07-06,MLB-WIN-IT5-01OB4DLMVS3R8H8-TOYS000,Baseball,Moneyline,Settled,0,227,0.5,0.19,0,08/05/26 07:53 AM EDT
2026-07-06,MLB-TRUNS-IT5-01OB4DMRVS3R92G-GTE-P00085,Baseball,Total,Settled,0,208,0.46,0.46,0,08/05/26 07:53 AM EDT
2026-07-06,NPB-WIN-FG-03VT76J04OIJBQG-FUKS000,Baseball,Moneyline,Open,193,193,0.55,0.54,0.55,08/05/26 10:41 AM EDT
2026-07-06,MLB-MOVY-IT5-01OB4CCRVS3O918-HOOS000-GTE-P00015,Baseball,Spread,Settled,0,186,0.55,0.52,0,08/05/26 07:30 AM EDT
2026-07-06,MLB-MOVY-IT5-01OB4CCRVS3O918-WALS000-GTE-P00015,Baseball,Spread,Settled,0,177,0.67,0.35,1,08/05/26 07:30 AM EDT
2026-07-06,MLB-MOVY-IT5-01OB4DMRVS3R92G-ARKS000-GTE-P00045,Baseball,Spread,Settled,0,100,0.75,0.75,1,08/05/26 07:53 AM EDT
2026-07-06,MLB-TRUNS-IT5-01OB4CCRVS3O918-GTE-P00075,Baseball,Total,Settled,0,100,0.55,0.55,1,08/05/26 07:30 AM EDT
2026-07-06,MLB-TRUNS-IT5-01OB4CFNVS3O938-GTE-P00065,Baseball,Total,Settled,0,100,0.49,0.43,1,08/05/26 07:30 AM EDT
2026-07-06,KBO-WIN-FG-00N8UBUQPIT766O-KIRS000,Baseball,Moneyline,Open,189,96,0.5,0.5,0.5,08/03/26 12:59 PM EDT
2026-07-06,KBO-WIN-FG-00N8UBUQPIT766O-NCOS000,Baseball,Moneyline,Open,99,90,0.52,0.52,0.52,08/03/26 12:59 PM EDT
2026-07-06,MLB-MOVY-IT5-01OB4CCDVS3O8TG-ATES000-GTE-P00015,Baseball,Spread,Settled,0,90,0.42,0.42,1,08/05/26 07:30 AM EDT
2026-07-06,NPB-MOVY-FG-03VT76IC4OIJAI8-TOWS000-GTE-P00075,Baseball,Spread,Open,71,71,0.06,0.06,0.06,08/05/26 10:41 AM EDT
2026-07-06,MLB-MOVY-IT5-01OB4CDPVS3O90O-NYES000-GTE-P00025,Baseball,Spread,Settled,0,71,0.79,0.74,0,08/05/26 07:30 AM EDT
2026-07-06,MLB-MOVY-IT5-01OB4CCDVS3O8TG-ATES000-GTE-P00035,Baseball,Spread,Settled,0,68,0.42,0.42,0,08/05/26 07:30 AM EDT
2026-07-06,KBO-WIN-FG-03VT76M94OIJBF0-SANS000,Baseball,Moneyline,Open,53,53,0.54,0.54,0.54,08/05/26 10:41 AM EDT
2026-07-06,MLB-TRUNS-IT5-01OB4CCRVS3O918-GTE-P00095,Baseball,Total,Settled,0,40,0.48,0.48,1,08/05/26 07:30 AM EDT
2026-07-06,KBO-WIN-FG-00N8UBT6PIT76MO-HAES000,Baseball,Moneyline,Open,382,33,0.38,0.38,0.38,08/03/26 12:59 PM EDT
2026-07-06,MLB-MOVY-IT5-01OB4DH0VS3R89O-STLS000-GTE-P00015,Baseball,Spread,Settled,0,33,0.73,0.43,1,08/05/26 07:53 AM EDT
2026-07-06,MLB-MOVY-IT5-01OB4DLNVS3R8QG-LARS000-GTE-P00035,Baseball,Spread,Settled,0,32,0.6,0.6,1,08/05/26 07:53 AM EDT
2026-07-06,MLB-MOVY-IT5-01OB4DLMVS3R8H8-SFTS000-GTE-P00025,Baseball,Spread,Settled,0,29,0.36,0.36,1,08/05/26 07:53 AM EDT
2026-07-06,KBO-WIN-FG-03VT76N44OIJA4G-KTON000,Baseball,Moneyline,Open,28,28,0.6,0.6,0.6,08/05/26 10:41 AM EDT
2026-07-06,KBO-MOVY-FG-03VT76N44OIJA4G-KTON000-GTE-P00015,Baseball,Spread,Open,22,22,0.43,0.43,0.43,08/05/26 10:41 AM EDT
2026-07-06,NPB-WIN-FG-03VT76LC4OIJAMG-YORS001,Baseball,Moneyline,Open,22,22,0.59,0.59,0.59,08/05/26 10:41 AM EDT
2026-07-06,MLB-MOVY-IT5-01OB4DMRVS3R92G-ARKS000-GTE-P00015,Baseball,Spread,Settled,0,21,0.55,0.55,1,08/05/26 07:53 AM EDT
2026-07-06,KBO-WIN-FG-00N8UBT6PIT76MO-LGNS000,Baseball,Moneyline,Open,314,20,0.49,0.49,0.49,08/03/26 12:59 PM EDT
2026-07-06,KBO-WIN-FG-03VTIN6N4O0PJ4O-KIRS000,Baseball,Moneyline,Open,20,20,0.48,0.48,0.48,08/05/26 10:41 AM EDT
2026-07-06,MLB-MOVY-IT5-01OB4CCDVS3O8TG-NYTS000-GTE-P00005,Baseball,Spread,Settled,0,20,0.6,0.05,0,08/05/26 07:30 AM EDT
2026-07-06,KBO-WIN-FG-03VT76JP4OIJAOG-NCOS000,Baseball,Moneyline,Open,18,18,0.52,0.52,0.52,08/05/26 10:41 AM EDT
2026-07-06,NPB-WIN-FG-03VT76N44OIJAB0-HORS000,Baseball,Moneyline,Open,17,17,0.6,0.59,0.6,08/05/26 10:41 AM EDT
2026-07-06,KBO-WIN-FG-03VTIN334O0PIDG-DORS000,Baseball,Moneyline,Open,14,14,0.66,0.66,0.66,08/05/26 10:41 AM EDT
2026-07-06,MLB-TRUNS-IT5-01OB4CCRVS3O918-GTE-P00065,Baseball,Total,Settled,0,13,0.97,0.45,1,08/05/26 07:30 AM EDT
2026-07-06,MLB-MOVY-IT5-01OB4CCDVS3O8TG-ATES000-GTE-P00025,Baseball,Spread,Settled,0,12,0.36,0.36,0,08/05/26 07:30 AM EDT
2026-07-06,KBO-WIN-FG-03VT76M94OIJBF0-LGNS000,Baseball,Moneyline,Open,10,10,0.47,0.47,0.47,08/05/26 10:41 AM EDT
2026-07-06,KBO-WIN-FG-03VTIN334O0PIDG-SSRS000,Baseball,Moneyline,Open,10,10,0.35,0.35,0.35,08/05/26 10:41 AM EDT
2026-07-06,MLB-MOVY-IT5-01OB4CCRVS3O918-HOOS000-GTE-P00045,Baseball,Spread,Settled,0,10,0.51,0.51,0,08/05/26 07:30 AM EDT
2026-07-06,KBO-MOVY-FG-03VT76M94OIJBF0-LGNS000-GTE-P00015,Baseball,Spread,Open,9,9,0.36,0.36,0.36,08/05/26 10:41 AM EDT
2026-07-06,NPB-WIN-FG-03VT76IC4OIJAI8-TOWS000,Baseball,Moneyline,Open,9,9,0.49,0.49,0.49,08/05/26 10:41 AM EDT
2026-07-06,NPB-WIN-FG-03VT76N44OIJATO-SANS002,Baseball,Moneyline,Open,9,9,0.61,0.61,0.61,08/05/26 10:41 AM EDT
2026-07-06,KBO-TRUNS-FG-03VTIN6N4O0PJ4O-GTE-P00135,Baseball,Total,Open,8,8,0.27,0.27,0.27,08/05/26 10:41 AM EDT
2026-07-06,NPB-WIN-FG-03VT76IK4OIJBNO-HARS001,Baseball,Moneyline,Open,8,8,0.6,0.6,0.6,08/05/26 10:41 AM EDT
2026-07-06,NPB-TRUNS-FG-03VT76J04OIJBQG-GTE-P00045,Baseball,Total,Open,7,7,0.72,0.72,0.72,08/05/26 10:41 AM EDT
2026-07-06,KBO-WIN-FG-03VTIN6N4O0PJ4O-LOTS001,Baseball,Moneyline,Open,5,5,0.54,0.54,0.54,08/05/26 10:41 AM EDT
2026-07-06,NPB-TRUNS-FG-03VT76IC4OIJAI8-GTE-P00045,Baseball,Total,Open,5,5,0.69,0.69,0.69,08/05/26 10:41 AM EDT
2026-07-06,NPB-TRUNS-FG-03VT76IK4OIJBNO-GTE-P00035,Baseball,Total,Open,5,5,0.72,0.72,0.72,08/05/26 10:41 AM EDT
2026-07-06,KBO-MOVY-FG-00N8UBUQPIT766O-NCOS000-GTE-P00015,Baseball,Spread,Open,4,4,0.84,0.84,0.84,08/03/26 12:59 PM EDT
2026-07-06,MLB-MOVY-IT5-01OB4CCRVS3O918-HOOS000-GTE-P00005,Baseball,Spread,Settled,0,2,0.51,0.39,0,08/05/26 07:30 AM EDT
2026-07-06,KBO-TRUNS-FG-00N8UBUQPIT766O-GTE-P00105,Baseball,Total,Open,252,0,,,0.53,08/03/26 12:59 PM EDT
2026-07-06,MLB-TRUNS-IT5-03VK58PV4OIGVOO-GTE-P00085,Baseball,Total,Open,141,0,,,0.57,08/01/26 08:19 AM EDT
2026-07-06,MLB-WIN-IT5-00UCIDVFF48U54G-HOOS000,Baseball,Moneyline,Open,88,0,,,0.39,07/26/26 08:08 AM EDT
2026-07-06,KBO-TRUNS-FG-00N8UBT6PIT76MO-GTE-P00085,Baseball,Total,Open,33,0,,,0.57,08/03/26 01:00 PM EDT
2026-07-06,KBO-TRUNS-FG-00N8UBT6PIT76MO-GTE-P00055,Baseball,Total,Open,12,0,,,0.81,08/03/26 01:00 PM EDT
2026-07-06,KBO-TRUNS-FG-00N8UBT6PIT76MO-GTE-P00105,Baseball,Total,Open,5,0,,,0.34,08/03/26 01:00 PM EDT
