date,category,contracts
2025-01-01,Basketball (pro),0
2025-01-01,Commodities,30
2025-01-01,Crypto,0
2025-01-01,Economics,1469
2025-01-01,Financials,0
2025-01-01,Football,0
2025-01-01,Other,0
2025-01-01,Politics,52592
2025-01-01,Science and Technology,0
2025-01-01,Weather,4608
2025-01-02,Basketball (pro),0
2025-01-02,Commodities,100
2025-01-02,Crypto,0
2025-01-02,Economics,761
2025-01-02,Financials,0
2025-01-02,Football,0
2025-01-02,Other,0
2025-01-02,Politics,159010
2025-01-02,Science and Technology,0
2025-01-02,Weather,1567
2025-01-03,Basketball (pro),0
2025-01-03,Commodities,0
2025-01-03,Crypto,0
2025-01-03,Economics,5916
2025-01-03,Financials,0
2025-01-03,Football,0
2025-01-03,Other,0
2025-01-03,Politics,179825
2025-01-03,Science and Technology,0
2025-01-03,Weather,12510
2025-01-06,Basketball (pro),0
2025-01-06,Commodities,0
2025-01-06,Crypto,0
2025-01-06,Economics,3357
2025-01-06,Financials,0
2025-01-06,Football,0
2025-01-06,Other,0
2025-01-06,Politics,2173
2025-01-06,Science and Technology,0
2025-01-06,Weather,16426
2025-01-07,Basketball (pro),0
2025-01-07,Commodities,0
2025-01-07,Crypto,0
2025-01-07,Economics,1914
2025-01-07,Financials,0
2025-01-07,Football,0
2025-01-07,Other,0
2025-01-07,Politics,406
2025-01-07,Science and Technology,0
2025-01-07,Weather,441
2025-01-08,Basketball (pro),0
2025-01-08,Commodities,0
2025-01-08,Crypto,0
2025-01-08,Economics,1274
2025-01-08,Financials,0
2025-01-08,Football,0
2025-01-08,Other,0
2025-01-08,Politics,259
2025-01-08,Science and Technology,0
2025-01-08,Weather,540
2025-01-09,Basketball (pro),0
2025-01-09,Commodities,0
2025-01-09,Crypto,0
2025-01-09,Economics,2626
2025-01-09,Financials,0
2025-01-09,Football,0
2025-01-09,Other,0
2025-01-09,Politics,1
2025-01-09,Science and Technology,0
2025-01-09,Weather,1110
2025-01-10,Basketball (pro),0
2025-01-10,Commodities,0
2025-01-10,Crypto,0
2025-01-10,Economics,2072
2025-01-10,Financials,0
2025-01-10,Football,0
2025-01-10,Other,0
2025-01-10,Politics,40
2025-01-10,Science and Technology,0
2025-01-10,Weather,1724
2025-01-13,Basketball (pro),0
2025-01-13,Commodities,0
2025-01-13,Crypto,0
2025-01-13,Economics,3942
2025-01-13,Financials,0
2025-01-13,Football,0
2025-01-13,Other,0
2025-01-13,Politics,12
2025-01-13,Science and Technology,0
2025-01-13,Weather,529
2025-01-14,Basketball (pro),0
2025-01-14,Commodities,0
2025-01-14,Crypto,0
2025-01-14,Economics,2242
2025-01-14,Financials,0
2025-01-14,Football,0
2025-01-14,Other,0
2025-01-14,Politics,50
2025-01-14,Science and Technology,0
2025-01-14,Weather,408
2025-01-15,Basketball (pro),0
2025-01-15,Commodities,2
2025-01-15,Crypto,0
2025-01-15,Economics,7313
2025-01-15,Financials,0
2025-01-15,Football,0
2025-01-15,Other,0
2025-01-15,Politics,278
2025-01-15,Science and Technology,0
2025-01-15,Weather,1401
2025-01-16,Basketball (pro),0
2025-01-16,Commodities,10
2025-01-16,Crypto,0
2025-01-16,Economics,5121
2025-01-16,Financials,0
2025-01-16,Football,0
2025-01-16,Other,0
2025-01-16,Politics,1
2025-01-16,Science and Technology,0
2025-01-16,Weather,790
2025-01-17,Basketball (pro),0
2025-01-17,Commodities,0
2025-01-17,Crypto,0
2025-01-17,Economics,1858
2025-01-17,Financials,0
2025-01-17,Football,0
2025-01-17,Other,0
2025-01-17,Politics,131
2025-01-17,Science and Technology,0
2025-01-17,Weather,721
2025-01-20,Basketball (pro),0
2025-01-20,Commodities,40
2025-01-20,Crypto,0
2025-01-20,Economics,2951
2025-01-20,Financials,0
2025-01-20,Football,0
2025-01-20,Other,0
2025-01-20,Politics,110
2025-01-20,Science and Technology,0
2025-01-20,Weather,2165
2025-01-21,Basketball (pro),0
2025-01-21,Commodities,0
2025-01-21,Crypto,0
2025-01-21,Economics,3230
2025-01-21,Financials,0
2025-01-21,Football,0
2025-01-21,Other,0
2025-01-21,Politics,104
2025-01-21,Science and Technology,0
2025-01-21,Weather,878
2025-01-22,Basketball (pro),0
2025-01-22,Commodities,0
2025-01-22,Crypto,0
2025-01-22,Economics,3901
2025-01-22,Financials,0
2025-01-22,Football,0
2025-01-22,Other,0
2025-01-22,Politics,0
2025-01-22,Science and Technology,0
2025-01-22,Weather,351
2025-01-23,Basketball (pro),0
2025-01-23,Commodities,38
2025-01-23,Crypto,0
2025-01-23,Economics,4043
2025-01-23,Financials,0
2025-01-23,Football,0
2025-01-23,Other,0
2025-01-23,Politics,198
2025-01-23,Science and Technology,0
2025-01-23,Weather,1864
2025-01-24,Basketball (pro),0
2025-01-24,Commodities,0
2025-01-24,Crypto,0
2025-01-24,Economics,9995
2025-01-24,Financials,0
2025-01-24,Football,0
2025-01-24,Other,0
2025-01-24,Politics,480
2025-01-24,Science and Technology,0
2025-01-24,Weather,1090
2025-01-27,Basketball (pro),0
2025-01-27,Commodities,93
2025-01-27,Crypto,0
2025-01-27,Economics,7793
2025-01-27,Financials,0
2025-01-27,Football,0
2025-01-27,Other,0
2025-01-27,Politics,0
2025-01-27,Science and Technology,0
2025-01-27,Weather,1330
2025-01-28,Basketball (pro),0
2025-01-28,Commodities,50
2025-01-28,Crypto,0
2025-01-28,Economics,4956
2025-01-28,Financials,0
2025-01-28,Football,0
2025-01-28,Other,0
2025-01-28,Politics,0
2025-01-28,Science and Technology,0
2025-01-28,Weather,1050
2025-01-29,Basketball (pro),0
2025-01-29,Commodities,20
2025-01-29,Crypto,0
2025-01-29,Economics,2116
2025-01-29,Financials,0
2025-01-29,Football,0
2025-01-29,Other,0
2025-01-29,Politics,100
2025-01-29,Science and Technology,0
2025-01-29,Weather,185
2025-01-30,Basketball (pro),0
2025-01-30,Commodities,768
2025-01-30,Crypto,0
2025-01-30,Economics,4674
2025-01-30,Financials,0
2025-01-30,Football,0
2025-01-30,Other,0
2025-01-30,Politics,160
2025-01-30,Science and Technology,0
2025-01-30,Weather,570
2025-01-31,Basketball (pro),0
2025-01-31,Commodities,40
2025-01-31,Crypto,0
2025-01-31,Economics,1725
2025-01-31,Financials,0
2025-01-31,Football,0
2025-01-31,Other,0
2025-01-31,Politics,180
2025-01-31,Science and Technology,0
2025-01-31,Weather,2530
2025-02-03,Basketball (pro),0
2025-02-03,Commodities,30
2025-02-03,Crypto,0
2025-02-03,Economics,6132
2025-02-03,Financials,0
2025-02-03,Football,0
2025-02-03,Other,0
2025-02-03,Politics,20
2025-02-03,Science and Technology,0
2025-02-03,Weather,3850
2025-02-04,Basketball (pro),0
2025-02-04,Commodities,0
2025-02-04,Crypto,0
2025-02-04,Economics,6619
2025-02-04,Financials,0
2025-02-04,Football,0
2025-02-04,Other,0
2025-02-04,Politics,0
2025-02-04,Science and Technology,0
2025-02-04,Weather,1550
2025-02-05,Basketball (pro),0
2025-02-05,Commodities,0
2025-02-05,Crypto,0
2025-02-05,Economics,5086
2025-02-05,Financials,0
2025-02-05,Football,0
2025-02-05,Other,0
2025-02-05,Politics,100
2025-02-05,Science and Technology,0
2025-02-05,Weather,2145
2025-02-06,Basketball (pro),0
2025-02-06,Commodities,0
2025-02-06,Crypto,0
2025-02-06,Economics,2117
2025-02-06,Financials,0
2025-02-06,Football,0
2025-02-06,Other,0
2025-02-06,Politics,0
2025-02-06,Science and Technology,0
2025-02-06,Weather,3270
2025-02-07,Basketball (pro),0
2025-02-07,Commodities,0
2025-02-07,Crypto,0
2025-02-07,Economics,5517
2025-02-07,Financials,0
2025-02-07,Football,0
2025-02-07,Other,0
2025-02-07,Politics,150
2025-02-07,Science and Technology,0
2025-02-07,Weather,4196
2025-02-10,Basketball (pro),0
2025-02-10,Commodities,1
2025-02-10,Crypto,0
2025-02-10,Economics,2562
2025-02-10,Financials,0
2025-02-10,Football,0
2025-02-10,Other,0
2025-02-10,Politics,2
2025-02-10,Science and Technology,0
2025-02-10,Weather,5956
2025-02-11,Basketball (pro),0
2025-02-11,Commodities,0
2025-02-11,Crypto,0
2025-02-11,Economics,10178
2025-02-11,Financials,0
2025-02-11,Football,0
2025-02-11,Other,0
2025-02-11,Politics,40
2025-02-11,Science and Technology,0
2025-02-11,Weather,1623
2025-02-12,Basketball (pro),0
2025-02-12,Commodities,0
2025-02-12,Crypto,0
2025-02-12,Economics,9188
2025-02-12,Financials,0
2025-02-12,Football,0
2025-02-12,Other,0
2025-02-12,Politics,26
2025-02-12,Science and Technology,0
2025-02-12,Weather,280
2025-02-13,Basketball (pro),0
2025-02-13,Commodities,0
2025-02-13,Crypto,0
2025-02-13,Economics,7690
2025-02-13,Financials,0
2025-02-13,Football,0
2025-02-13,Other,0
2025-02-13,Politics,500
2025-02-13,Science and Technology,0
2025-02-13,Weather,1220
2025-02-14,Basketball (pro),0
2025-02-14,Commodities,0
2025-02-14,Crypto,0
2025-02-14,Economics,2953
2025-02-14,Financials,0
2025-02-14,Football,0
2025-02-14,Other,0
2025-02-14,Politics,190
2025-02-14,Science and Technology,0
2025-02-14,Weather,500
2025-02-17,Basketball (pro),0
2025-02-17,Commodities,10
2025-02-17,Crypto,0
2025-02-17,Economics,5505
2025-02-17,Financials,0
2025-02-17,Football,0
2025-02-17,Other,0
2025-02-17,Politics,0
2025-02-17,Science and Technology,0
2025-02-17,Weather,480
2025-02-18,Basketball (pro),0
2025-02-18,Commodities,40
2025-02-18,Crypto,0
2025-02-18,Economics,3394
2025-02-18,Financials,0
2025-02-18,Football,0
2025-02-18,Other,0
2025-02-18,Politics,14130
2025-02-18,Science and Technology,0
2025-02-18,Weather,450
2025-02-19,Basketball (pro),0
2025-02-19,Commodities,0
2025-02-19,Crypto,0
2025-02-19,Economics,1455
2025-02-19,Financials,0
2025-02-19,Football,0
2025-02-19,Other,0
2025-02-19,Politics,6385
2025-02-19,Science and Technology,0
2025-02-19,Weather,321
2025-02-20,Basketball (pro),0
2025-02-20,Commodities,20
2025-02-20,Crypto,0
2025-02-20,Economics,5315
2025-02-20,Financials,0
2025-02-20,Football,0
2025-02-20,Other,0
2025-02-20,Politics,2080
2025-02-20,Science and Technology,0
2025-02-20,Weather,1058
2025-02-21,Basketball (pro),0
2025-02-21,Commodities,1352
2025-02-21,Crypto,0
2025-02-21,Economics,11917
2025-02-21,Financials,0
2025-02-21,Football,0
2025-02-21,Other,0
2025-02-21,Politics,18505
2025-02-21,Science and Technology,0
2025-02-21,Weather,3885
2025-02-24,Basketball (pro),0
2025-02-24,Commodities,51
2025-02-24,Crypto,0
2025-02-24,Economics,4223
2025-02-24,Financials,0
2025-02-24,Football,0
2025-02-24,Other,0
2025-02-24,Politics,9109
2025-02-24,Science and Technology,0
2025-02-24,Weather,411
2025-02-25,Basketball (pro),0
2025-02-25,Commodities,240
2025-02-25,Crypto,0
2025-02-25,Economics,2250
2025-02-25,Financials,0
2025-02-25,Football,0
2025-02-25,Other,0
2025-02-25,Politics,5929
2025-02-25,Science and Technology,0
2025-02-25,Weather,11
2025-02-26,Basketball (pro),0
2025-02-26,Commodities,290
2025-02-26,Crypto,0
2025-02-26,Economics,8322
2025-02-26,Financials,0
2025-02-26,Football,0
2025-02-26,Other,0
2025-02-26,Politics,736
2025-02-26,Science and Technology,0
2025-02-26,Weather,5461
2025-02-27,Basketball (pro),0
2025-02-27,Commodities,692
2025-02-27,Crypto,0
2025-02-27,Economics,13668
2025-02-27,Financials,0
2025-02-27,Football,0
2025-02-27,Other,0
2025-02-27,Politics,168
2025-02-27,Science and Technology,0
2025-02-27,Weather,560
2025-02-28,Basketball (pro),0
2025-02-28,Commodities,0
2025-02-28,Crypto,0
2025-02-28,Economics,4366
2025-02-28,Financials,0
2025-02-28,Football,0
2025-02-28,Other,0
2025-02-28,Politics,11
2025-02-28,Science and Technology,0
2025-02-28,Weather,125
2025-03-03,Basketball (pro),0
2025-03-03,Commodities,50
2025-03-03,Crypto,0
2025-03-03,Economics,4490
2025-03-03,Financials,0
2025-03-03,Football,0
2025-03-03,Other,0
2025-03-03,Politics,205
2025-03-03,Science and Technology,0
2025-03-03,Weather,3842
2025-03-04,Basketball (pro),0
2025-03-04,Commodities,10
2025-03-04,Crypto,0
2025-03-04,Economics,9334
2025-03-04,Financials,0
2025-03-04,Football,0
2025-03-04,Other,0
2025-03-04,Politics,2004
2025-03-04,Science and Technology,0
2025-03-04,Weather,822
2025-03-05,Basketball (pro),0
2025-03-05,Commodities,0
2025-03-05,Crypto,0
2025-03-05,Economics,4340
2025-03-05,Financials,0
2025-03-05,Football,0
2025-03-05,Other,0
2025-03-05,Politics,1061
2025-03-05,Science and Technology,0
2025-03-05,Weather,3238
2025-03-06,Basketball (pro),0
2025-03-06,Commodities,0
2025-03-06,Crypto,0
2025-03-06,Economics,4520
2025-03-06,Financials,0
2025-03-06,Football,0
2025-03-06,Other,0
2025-03-06,Politics,5760
2025-03-06,Science and Technology,0
2025-03-06,Weather,2285
2025-03-07,Basketball (pro),0
2025-03-07,Commodities,0
2025-03-07,Crypto,0
2025-03-07,Economics,8970
2025-03-07,Financials,0
2025-03-07,Football,0
2025-03-07,Other,0
2025-03-07,Politics,1261
2025-03-07,Science and Technology,0
2025-03-07,Weather,680
2025-03-10,Basketball (pro),0
2025-03-10,Commodities,60
2025-03-10,Crypto,0
2025-03-10,Economics,15353
2025-03-10,Financials,0
2025-03-10,Football,0
2025-03-10,Other,0
2025-03-10,Politics,8441
2025-03-10,Science and Technology,0
2025-03-10,Weather,421
2025-03-11,Basketball (pro),0
2025-03-11,Commodities,0
2025-03-11,Crypto,0
2025-03-11,Economics,4555
2025-03-11,Financials,0
2025-03-11,Football,0
2025-03-11,Other,0
2025-03-11,Politics,1688
2025-03-11,Science and Technology,0
2025-03-11,Weather,191
2025-03-12,Basketball (pro),0
2025-03-12,Commodities,30
2025-03-12,Crypto,0
2025-03-12,Economics,9004
2025-03-12,Financials,0
2025-03-12,Football,0
2025-03-12,Other,0
2025-03-12,Politics,568
2025-03-12,Science and Technology,0
2025-03-12,Weather,675
2025-03-13,Basketball (pro),0
2025-03-13,Commodities,0
2025-03-13,Crypto,0
2025-03-13,Economics,5444
2025-03-13,Financials,0
2025-03-13,Football,0
2025-03-13,Other,0
2025-03-13,Politics,11752
2025-03-13,Science and Technology,0
2025-03-13,Weather,1940
2025-03-14,Basketball (pro),0
2025-03-14,Commodities,385
2025-03-14,Crypto,0
2025-03-14,Economics,10312
2025-03-14,Financials,0
2025-03-14,Football,0
2025-03-14,Other,0
2025-03-14,Politics,22847
2025-03-14,Science and Technology,0
2025-03-14,Weather,1166
2025-03-17,Basketball (pro),0
2025-03-17,Commodities,740
2025-03-17,Crypto,0
2025-03-17,Economics,20245
2025-03-17,Financials,0
2025-03-17,Football,0
2025-03-17,Other,0
2025-03-17,Politics,15864
2025-03-17,Science and Technology,0
2025-03-17,Weather,3892
2025-03-18,Basketball (pro),0
2025-03-18,Commodities,0
2025-03-18,Crypto,0
2025-03-18,Economics,10112
2025-03-18,Financials,0
2025-03-18,Football,0
2025-03-18,Other,0
2025-03-18,Politics,13385
2025-03-18,Science and Technology,0
2025-03-18,Weather,180
2025-03-19,Basketball (pro),0
2025-03-19,Commodities,0
2025-03-19,Crypto,0
2025-03-19,Economics,15662
2025-03-19,Financials,0
2025-03-19,Football,0
2025-03-19,Other,0
2025-03-19,Politics,636
2025-03-19,Science and Technology,0
2025-03-19,Weather,480
2025-03-20,Basketball (pro),0
2025-03-20,Commodities,0
2025-03-20,Crypto,0
2025-03-20,Economics,8799
2025-03-20,Financials,0
2025-03-20,Football,0
2025-03-20,Other,0
2025-03-20,Politics,2680
2025-03-20,Science and Technology,0
2025-03-20,Weather,3090
2025-03-21,Basketball (pro),0
2025-03-21,Commodities,980
2025-03-21,Crypto,0
2025-03-21,Economics,8424
2025-03-21,Financials,0
2025-03-21,Football,0
2025-03-21,Other,0
2025-03-21,Politics,40
2025-03-21,Science and Technology,0
2025-03-21,Weather,1150
2025-03-24,Basketball (pro),0
2025-03-24,Commodities,488
2025-03-24,Crypto,0
2025-03-24,Economics,9245
2025-03-24,Financials,0
2025-03-24,Football,0
2025-03-24,Other,0
2025-03-24,Politics,60
2025-03-24,Science and Technology,0
2025-03-24,Weather,478
2025-03-25,Basketball (pro),0
2025-03-25,Commodities,0
2025-03-25,Crypto,0
2025-03-25,Economics,36046
2025-03-25,Financials,0
2025-03-25,Football,0
2025-03-25,Other,0
2025-03-25,Politics,1077
2025-03-25,Science and Technology,0
2025-03-25,Weather,310
2025-03-26,Basketball (pro),0
2025-03-26,Commodities,5
2025-03-26,Crypto,0
2025-03-26,Economics,14320
2025-03-26,Financials,0
2025-03-26,Football,0
2025-03-26,Other,0
2025-03-26,Politics,11931
2025-03-26,Science and Technology,0
2025-03-26,Weather,631
2025-03-27,Basketball (pro),0
2025-03-27,Commodities,0
2025-03-27,Crypto,0
2025-03-27,Economics,2704
2025-03-27,Financials,0
2025-03-27,Football,0
2025-03-27,Other,0
2025-03-27,Politics,3900
2025-03-27,Science and Technology,0
2025-03-27,Weather,2373
2025-03-28,Basketball (pro),0
2025-03-28,Commodities,14
2025-03-28,Crypto,0
2025-03-28,Economics,10444
2025-03-28,Financials,0
2025-03-28,Football,0
2025-03-28,Other,0
2025-03-28,Politics,2311
2025-03-28,Science and Technology,0
2025-03-28,Weather,602
2025-03-31,Basketball (pro),0
2025-03-31,Commodities,400
2025-03-31,Crypto,0
2025-03-31,Economics,6508
2025-03-31,Financials,0
2025-03-31,Football,0
2025-03-31,Other,0
2025-03-31,Politics,1072
2025-03-31,Science and Technology,0
2025-03-31,Weather,127
2025-04-01,Basketball (pro),0
2025-04-01,Commodities,120
2025-04-01,Crypto,0
2025-04-01,Economics,7245
2025-04-01,Financials,0
2025-04-01,Football,0
2025-04-01,Other,0
2025-04-01,Politics,1089
2025-04-01,Science and Technology,0
2025-04-01,Weather,1040
2025-04-02,Basketball (pro),0
2025-04-02,Commodities,0
2025-04-02,Crypto,0
2025-04-02,Economics,12318
2025-04-02,Financials,0
2025-04-02,Football,0
2025-04-02,Other,0
2025-04-02,Politics,1233
2025-04-02,Science and Technology,0
2025-04-02,Weather,1067
2025-04-03,Basketball (pro),0
2025-04-03,Commodities,0
2025-04-03,Crypto,0
2025-04-03,Economics,8380
2025-04-03,Financials,0
2025-04-03,Football,0
2025-04-03,Other,0
2025-04-03,Politics,927
2025-04-03,Science and Technology,0
2025-04-03,Weather,891
2025-04-04,Basketball (pro),0
2025-04-04,Commodities,0
2025-04-04,Crypto,0
2025-04-04,Economics,7312
2025-04-04,Financials,0
2025-04-04,Football,0
2025-04-04,Other,0
2025-04-04,Politics,994
2025-04-04,Science and Technology,0
2025-04-04,Weather,906
2025-04-07,Basketball (pro),0
2025-04-07,Commodities,0
2025-04-07,Crypto,0
2025-04-07,Economics,12378
2025-04-07,Financials,0
2025-04-07,Football,0
2025-04-07,Other,0
2025-04-07,Politics,23982
2025-04-07,Science and Technology,0
2025-04-07,Weather,4071
2025-04-08,Basketball (pro),0
2025-04-08,Commodities,40
2025-04-08,Crypto,0
2025-04-08,Economics,11113
2025-04-08,Financials,0
2025-04-08,Football,0
2025-04-08,Other,0
2025-04-08,Politics,1983
2025-04-08,Science and Technology,0
2025-04-08,Weather,2678
2025-04-09,Basketball (pro),0
2025-04-09,Commodities,0
2025-04-09,Crypto,0
2025-04-09,Economics,10787
2025-04-09,Financials,0
2025-04-09,Football,0
2025-04-09,Other,0
2025-04-09,Politics,20303
2025-04-09,Science and Technology,0
2025-04-09,Weather,1472
2025-04-10,Basketball (pro),0
2025-04-10,Commodities,0
2025-04-10,Crypto,0
2025-04-10,Economics,6890
2025-04-10,Financials,0
2025-04-10,Football,0
2025-04-10,Other,0
2025-04-10,Politics,3734
2025-04-10,Science and Technology,0
2025-04-10,Weather,1815
2025-04-11,Basketball (pro),0
2025-04-11,Commodities,0
2025-04-11,Crypto,0
2025-04-11,Economics,9385
2025-04-11,Financials,0
2025-04-11,Football,0
2025-04-11,Other,0
2025-04-11,Politics,17199
2025-04-11,Science and Technology,0
2025-04-11,Weather,380
2025-04-14,Basketball (pro),0
2025-04-14,Commodities,0
2025-04-14,Crypto,0
2025-04-14,Economics,4298
2025-04-14,Financials,0
2025-04-14,Football,0
2025-04-14,Other,0
2025-04-14,Politics,24782
2025-04-14,Science and Technology,0
2025-04-14,Weather,1070
2025-04-15,Basketball (pro),0
2025-04-15,Commodities,0
2025-04-15,Crypto,0
2025-04-15,Economics,3620
2025-04-15,Financials,0
2025-04-15,Football,0
2025-04-15,Other,0
2025-04-15,Politics,4063
2025-04-15,Science and Technology,0
2025-04-15,Weather,1090
2025-04-16,Basketball (pro),0
2025-04-16,Commodities,49
2025-04-16,Crypto,0
2025-04-16,Economics,4014
2025-04-16,Financials,0
2025-04-16,Football,0
2025-04-16,Other,0
2025-04-16,Politics,45
2025-04-16,Science and Technology,0
2025-04-16,Weather,552
2025-04-17,Basketball (pro),0
2025-04-17,Commodities,0
2025-04-17,Crypto,0
2025-04-17,Economics,7563
2025-04-17,Financials,0
2025-04-17,Football,0
2025-04-17,Other,0
2025-04-17,Politics,1164
2025-04-17,Science and Technology,0
2025-04-17,Weather,853
2025-04-18,Basketball (pro),0
2025-04-18,Commodities,0
2025-04-18,Crypto,0
2025-04-18,Economics,3528
2025-04-18,Financials,0
2025-04-18,Football,0
2025-04-18,Other,0
2025-04-18,Politics,35
2025-04-18,Science and Technology,0
2025-04-18,Weather,62
2025-04-21,Basketball (pro),0
2025-04-21,Commodities,120
2025-04-21,Crypto,0
2025-04-21,Economics,10028
2025-04-21,Financials,0
2025-04-21,Football,0
2025-04-21,Other,0
2025-04-21,Politics,734
2025-04-21,Science and Technology,0
2025-04-21,Weather,252
2025-04-22,Basketball (pro),0
2025-04-22,Commodities,21
2025-04-22,Crypto,0
2025-04-22,Economics,5311
2025-04-22,Financials,0
2025-04-22,Football,0
2025-04-22,Other,0
2025-04-22,Politics,1010
2025-04-22,Science and Technology,0
2025-04-22,Weather,440
2025-04-23,Basketball (pro),0
2025-04-23,Commodities,8342
2025-04-23,Crypto,0
2025-04-23,Economics,20238
2025-04-23,Financials,0
2025-04-23,Football,0
2025-04-23,Other,0
2025-04-23,Politics,3200
2025-04-23,Science and Technology,0
2025-04-23,Weather,1140
2025-04-24,Basketball (pro),0
2025-04-24,Commodities,1079
2025-04-24,Crypto,0
2025-04-24,Economics,7542
2025-04-24,Financials,0
2025-04-24,Football,0
2025-04-24,Other,0
2025-04-24,Politics,1586
2025-04-24,Science and Technology,0
2025-04-24,Weather,800
2025-04-25,Basketball (pro),0
2025-04-25,Commodities,42636
2025-04-25,Crypto,0
2025-04-25,Economics,25845
2025-04-25,Financials,0
2025-04-25,Football,0
2025-04-25,Other,0
2025-04-25,Politics,93
2025-04-25,Science and Technology,0
2025-04-25,Weather,1035
2025-04-28,Basketball (pro),0
2025-04-28,Commodities,1115
2025-04-28,Crypto,0
2025-04-28,Economics,9816
2025-04-28,Financials,0
2025-04-28,Football,0
2025-04-28,Other,0
2025-04-28,Politics,5737
2025-04-28,Science and Technology,0
2025-04-28,Weather,1550
2025-04-29,Basketball (pro),0
2025-04-29,Commodities,484
2025-04-29,Crypto,0
2025-04-29,Economics,7941
2025-04-29,Financials,0
2025-04-29,Football,0
2025-04-29,Other,0
2025-04-29,Politics,190
2025-04-29,Science and Technology,0
2025-04-29,Weather,530
2025-04-30,Basketball (pro),0
2025-04-30,Commodities,2700
2025-04-30,Crypto,0
2025-04-30,Economics,13515
2025-04-30,Financials,0
2025-04-30,Football,0
2025-04-30,Other,0
2025-04-30,Politics,6251
2025-04-30,Science and Technology,0
2025-04-30,Weather,634
2025-05-01,Basketball (pro),0
2025-05-01,Commodities,4441
2025-05-01,Crypto,0
2025-05-01,Economics,11250
2025-05-01,Financials,0
2025-05-01,Football,0
2025-05-01,Other,0
2025-05-01,Politics,2346
2025-05-01,Science and Technology,0
2025-05-01,Weather,450
2025-05-02,Basketball (pro),0
2025-05-02,Commodities,3542
2025-05-02,Crypto,0
2025-05-02,Economics,62373
2025-05-02,Financials,0
2025-05-02,Football,0
2025-05-02,Other,0
2025-05-02,Politics,4620
2025-05-02,Science and Technology,0
2025-05-02,Weather,871
2025-05-03,Basketball (pro),0
2025-05-03,Commodities,0
2025-05-03,Crypto,0
2025-05-03,Economics,3382
2025-05-03,Financials,0
2025-05-03,Football,0
2025-05-03,Other,0
2025-05-03,Politics,0
2025-05-03,Science and Technology,0
2025-05-03,Weather,171
2025-05-04,Basketball (pro),0
2025-05-04,Commodities,0
2025-05-04,Crypto,0
2025-05-04,Economics,820
2025-05-04,Financials,0
2025-05-04,Football,0
2025-05-04,Other,0
2025-05-04,Politics,820
2025-05-04,Science and Technology,0
2025-05-04,Weather,100
2025-05-05,Basketball (pro),0
2025-05-05,Commodities,7755
2025-05-05,Crypto,0
2025-05-05,Economics,13835
2025-05-05,Financials,0
2025-05-05,Football,0
2025-05-05,Other,0
2025-05-05,Politics,1661
2025-05-05,Science and Technology,0
2025-05-05,Weather,960
2025-05-06,Basketball (pro),0
2025-05-06,Commodities,8897
2025-05-06,Crypto,0
2025-05-06,Economics,77368
2025-05-06,Financials,0
2025-05-06,Football,0
2025-05-06,Other,0
2025-05-06,Politics,480
2025-05-06,Science and Technology,0
2025-05-06,Weather,281
2025-05-07,Basketball (pro),0
2025-05-07,Commodities,5593
2025-05-07,Crypto,0
2025-05-07,Economics,12413
2025-05-07,Financials,0
2025-05-07,Football,0
2025-05-07,Other,0
2025-05-07,Politics,1874
2025-05-07,Science and Technology,0
2025-05-07,Weather,2105
2025-05-08,Basketball (pro),0
2025-05-08,Commodities,11960
2025-05-08,Crypto,0
2025-05-08,Economics,10281
2025-05-08,Financials,7800
2025-05-08,Football,0
2025-05-08,Other,0
2025-05-08,Politics,1215
2025-05-08,Science and Technology,0
2025-05-08,Weather,1981
2025-05-09,Basketball (pro),0
2025-05-09,Commodities,19751
2025-05-09,Crypto,0
2025-05-09,Economics,4655
2025-05-09,Financials,9921
2025-05-09,Football,0
2025-05-09,Other,0
2025-05-09,Politics,610
2025-05-09,Science and Technology,0
2025-05-09,Weather,998
2025-05-10,Basketball (pro),0
2025-05-10,Commodities,0
2025-05-10,Crypto,0
2025-05-10,Economics,249
2025-05-10,Financials,0
2025-05-10,Football,0
2025-05-10,Other,0
2025-05-10,Politics,117
2025-05-10,Science and Technology,0
2025-05-10,Weather,1
2025-05-11,Basketball (pro),0
2025-05-11,Commodities,10
2025-05-11,Crypto,0
2025-05-11,Economics,2989
2025-05-11,Financials,0
2025-05-11,Football,0
2025-05-11,Other,0
2025-05-11,Politics,20
2025-05-11,Science and Technology,0
2025-05-11,Weather,620
2025-05-12,Basketball (pro),0
2025-05-12,Commodities,63461
2025-05-12,Crypto,0
2025-05-12,Economics,10427
2025-05-12,Financials,8108
2025-05-12,Football,0
2025-05-12,Other,0
2025-05-12,Politics,534
2025-05-12,Science and Technology,0
2025-05-12,Weather,2710
2025-05-13,Basketball (pro),0
2025-05-13,Commodities,4156
2025-05-13,Crypto,0
2025-05-13,Economics,27567
2025-05-13,Financials,12191
2025-05-13,Football,0
2025-05-13,Other,0
2025-05-13,Politics,1223
2025-05-13,Science and Technology,0
2025-05-13,Weather,2520
2025-05-14,Basketball (pro),0
2025-05-14,Commodities,4108
2025-05-14,Crypto,0
2025-05-14,Economics,17668
2025-05-14,Financials,13312
2025-05-14,Football,0
2025-05-14,Other,0
2025-05-14,Politics,247
2025-05-14,Science and Technology,0
2025-05-14,Weather,290
2025-05-15,Basketball (pro),0
2025-05-15,Commodities,7259
2025-05-15,Crypto,0
2025-05-15,Economics,9070
2025-05-15,Financials,2520
2025-05-15,Football,0
2025-05-15,Other,0
2025-05-15,Politics,757
2025-05-15,Science and Technology,0
2025-05-15,Weather,1331
2025-05-16,Basketball (pro),0
2025-05-16,Commodities,3387
2025-05-16,Crypto,0
2025-05-16,Economics,10026
2025-05-16,Financials,13769
2025-05-16,Football,0
2025-05-16,Other,0
2025-05-16,Politics,945
2025-05-16,Science and Technology,0
2025-05-16,Weather,40
2025-05-17,Basketball (pro),0
2025-05-17,Commodities,510
2025-05-17,Crypto,0
2025-05-17,Economics,50
2025-05-17,Financials,0
2025-05-17,Football,0
2025-05-17,Other,0
2025-05-17,Politics,400
2025-05-17,Science and Technology,0
2025-05-17,Weather,0
2025-05-18,Basketball (pro),0
2025-05-18,Commodities,10
2025-05-18,Crypto,0
2025-05-18,Economics,1315
2025-05-18,Financials,0
2025-05-18,Football,0
2025-05-18,Other,0
2025-05-18,Politics,70
2025-05-18,Science and Technology,0
2025-05-18,Weather,40
2025-05-19,Basketball (pro),0
2025-05-19,Commodities,24809
2025-05-19,Crypto,0
2025-05-19,Economics,18147
2025-05-19,Financials,10945
2025-05-19,Football,0
2025-05-19,Other,0
2025-05-19,Politics,2012
2025-05-19,Science and Technology,0
2025-05-19,Weather,271
2025-05-20,Basketball (pro),0
2025-05-20,Commodities,11731
2025-05-20,Crypto,0
2025-05-20,Economics,8711
2025-05-20,Financials,29980
2025-05-20,Football,0
2025-05-20,Other,0
2025-05-20,Politics,190
2025-05-20,Science and Technology,0
2025-05-20,Weather,543
2025-05-21,Basketball (pro),0
2025-05-21,Commodities,32756
2025-05-21,Crypto,0
2025-05-21,Economics,6414
2025-05-21,Financials,25054
2025-05-21,Football,0
2025-05-21,Other,0
2025-05-21,Politics,2128
2025-05-21,Science and Technology,0
2025-05-21,Weather,1910
2025-05-22,Basketball (pro),0
2025-05-22,Commodities,21506
2025-05-22,Crypto,0
2025-05-22,Economics,8021
2025-05-22,Financials,17376
2025-05-22,Football,0
2025-05-22,Other,0
2025-05-22,Politics,1737
2025-05-22,Science and Technology,0
2025-05-22,Weather,1949
2025-05-23,Basketball (pro),0
2025-05-23,Commodities,87552
2025-05-23,Crypto,0
2025-05-23,Economics,5761
2025-05-23,Financials,19831
2025-05-23,Football,0
2025-05-23,Other,0
2025-05-23,Politics,1461
2025-05-23,Science and Technology,0
2025-05-23,Weather,1252
2025-05-24,Basketball (pro),0
2025-05-24,Commodities,0
2025-05-24,Crypto,0
2025-05-24,Economics,158
2025-05-24,Financials,0
2025-05-24,Football,0
2025-05-24,Other,0
2025-05-24,Politics,1
2025-05-24,Science and Technology,0
2025-05-24,Weather,100
2025-05-25,Basketball (pro),0
2025-05-25,Commodities,11
2025-05-25,Crypto,0
2025-05-25,Economics,1965
2025-05-25,Financials,0
2025-05-25,Football,0
2025-05-25,Other,0
2025-05-25,Politics,292
2025-05-25,Science and Technology,0
2025-05-25,Weather,386
2025-05-26,Basketball (pro),0
2025-05-26,Commodities,892
2025-05-26,Crypto,0
2025-05-26,Economics,3297
2025-05-26,Financials,6750
2025-05-26,Football,0
2025-05-26,Other,0
2025-05-26,Politics,355
2025-05-26,Science and Technology,0
2025-05-26,Weather,181
2025-05-27,Basketball (pro),0
2025-05-27,Commodities,12048
2025-05-27,Crypto,0
2025-05-27,Economics,7629
2025-05-27,Financials,8579
2025-05-27,Football,0
2025-05-27,Other,0
2025-05-27,Politics,728
2025-05-27,Science and Technology,0
2025-05-27,Weather,988
2025-05-28,Basketball (pro),0
2025-05-28,Commodities,18413
2025-05-28,Crypto,0
2025-05-28,Economics,6578
2025-05-28,Financials,32200
2025-05-28,Football,0
2025-05-28,Other,0
2025-05-28,Politics,641
2025-05-28,Science and Technology,0
2025-05-28,Weather,1401
2025-05-29,Basketball (pro),0
2025-05-29,Commodities,43455
2025-05-29,Crypto,0
2025-05-29,Economics,8403
2025-05-29,Financials,13268
2025-05-29,Football,0
2025-05-29,Other,0
2025-05-29,Politics,764
2025-05-29,Science and Technology,0
2025-05-29,Weather,1540
2025-05-30,Basketball (pro),0
2025-05-30,Commodities,48773
2025-05-30,Crypto,0
2025-05-30,Economics,13260
2025-05-30,Financials,22435
2025-05-30,Football,0
2025-05-30,Other,0
2025-05-30,Politics,2062
2025-05-30,Science and Technology,0
2025-05-30,Weather,665
2025-05-31,Basketball (pro),0
2025-05-31,Commodities,0
2025-05-31,Crypto,0
2025-05-31,Economics,2468
2025-05-31,Financials,0
2025-05-31,Football,0
2025-05-31,Other,0
2025-05-31,Politics,120
2025-05-31,Science and Technology,0
2025-05-31,Weather,0
2025-06-01,Basketball (pro),0
2025-06-01,Commodities,660
2025-06-01,Crypto,0
2025-06-01,Economics,3374
2025-06-01,Financials,200
2025-06-01,Football,0
2025-06-01,Other,0
2025-06-01,Politics,680
2025-06-01,Science and Technology,0
2025-06-01,Weather,320
2025-06-02,Basketball (pro),0
2025-06-02,Commodities,28035
2025-06-02,Crypto,0
2025-06-02,Economics,12727
2025-06-02,Financials,36681
2025-06-02,Football,0
2025-06-02,Other,0
2025-06-02,Politics,460
2025-06-02,Science and Technology,0
2025-06-02,Weather,841
2025-06-03,Basketball (pro),0
2025-06-03,Commodities,18214
2025-06-03,Crypto,0
2025-06-03,Economics,9686
2025-06-03,Financials,151331
2025-06-03,Football,0
2025-06-03,Other,0
2025-06-03,Politics,1149
2025-06-03,Science and Technology,0
2025-06-03,Weather,3120
2025-06-04,Basketball (pro),0
2025-06-04,Commodities,36512
2025-06-04,Crypto,0
2025-06-04,Economics,15628
2025-06-04,Financials,85038
2025-06-04,Football,0
2025-06-04,Other,0
2025-06-04,Politics,126
2025-06-04,Science and Technology,0
2025-06-04,Weather,9050
2025-06-05,Basketball (pro),0
2025-06-05,Commodities,81117
2025-06-05,Crypto,0
2025-06-05,Economics,25751
2025-06-05,Financials,13100
2025-06-05,Football,0
2025-06-05,Other,0
2025-06-05,Politics,1749
2025-06-05,Science and Technology,0
2025-06-05,Weather,2355
2025-06-06,Basketball (pro),0
2025-06-06,Commodities,39741
2025-06-06,Crypto,0
2025-06-06,Economics,26019
2025-06-06,Financials,79995
2025-06-06,Football,0
2025-06-06,Other,0
2025-06-06,Politics,16283
2025-06-06,Science and Technology,0
2025-06-06,Weather,842
2025-06-07,Basketball (pro),0
2025-06-07,Commodities,90
2025-06-07,Crypto,0
2025-06-07,Economics,651
2025-06-07,Financials,0
2025-06-07,Football,0
2025-06-07,Other,0
2025-06-07,Politics,505
2025-06-07,Science and Technology,0
2025-06-07,Weather,32
2025-06-08,Basketball (pro),0
2025-06-08,Commodities,0
2025-06-08,Crypto,0
2025-06-08,Economics,1676
2025-06-08,Financials,0
2025-06-08,Football,0
2025-06-08,Other,0
2025-06-08,Politics,278
2025-06-08,Science and Technology,0
2025-06-08,Weather,477
2025-06-09,Basketball (pro),0
2025-06-09,Commodities,23233
2025-06-09,Crypto,0
2025-06-09,Economics,4290
2025-06-09,Financials,149827
2025-06-09,Football,0
2025-06-09,Other,0
2025-06-09,Politics,2073
2025-06-09,Science and Technology,0
2025-06-09,Weather,560
2025-06-10,Basketball (pro),0
2025-06-10,Commodities,13635
2025-06-10,Crypto,0
2025-06-10,Economics,10147
2025-06-10,Financials,269879
2025-06-10,Football,0
2025-06-10,Other,0
2025-06-10,Politics,1010
2025-06-10,Science and Technology,0
2025-06-10,Weather,327
2025-06-11,Basketball (pro),0
2025-06-11,Commodities,23906
2025-06-11,Crypto,0
2025-06-11,Economics,21235
2025-06-11,Financials,339500
2025-06-11,Football,0
2025-06-11,Other,0
2025-06-11,Politics,14700
2025-06-11,Science and Technology,0
2025-06-11,Weather,259
2025-06-12,Basketball (pro),0
2025-06-12,Commodities,42761
2025-06-12,Crypto,0
2025-06-12,Economics,7561
2025-06-12,Financials,69217
2025-06-12,Football,0
2025-06-12,Other,0
2025-06-12,Politics,43339
2025-06-12,Science and Technology,0
2025-06-12,Weather,756
2025-06-13,Basketball (pro),0
2025-06-13,Commodities,52130
2025-06-13,Crypto,0
2025-06-13,Economics,9649
2025-06-13,Financials,159203
2025-06-13,Football,0
2025-06-13,Other,0
2025-06-13,Politics,21605
2025-06-13,Science and Technology,0
2025-06-13,Weather,223
2025-06-14,Basketball (pro),0
2025-06-14,Commodities,0
2025-06-14,Crypto,0
2025-06-14,Economics,1126
2025-06-14,Financials,0
2025-06-14,Football,0
2025-06-14,Other,0
2025-06-14,Politics,20
2025-06-14,Science and Technology,0
2025-06-14,Weather,10
2025-06-15,Basketball (pro),0
2025-06-15,Commodities,0
2025-06-15,Crypto,0
2025-06-15,Economics,1021
2025-06-15,Financials,0
2025-06-15,Football,0
2025-06-15,Other,0
2025-06-15,Politics,306
2025-06-15,Science and Technology,0
2025-06-15,Weather,537
2025-06-16,Basketball (pro),0
2025-06-16,Commodities,14292
2025-06-16,Crypto,0
2025-06-16,Economics,6730
2025-06-16,Financials,141629
2025-06-16,Football,0
2025-06-16,Other,0
2025-06-16,Politics,3652
2025-06-16,Science and Technology,0
2025-06-16,Weather,913
2025-06-17,Basketball (pro),0
2025-06-17,Commodities,27370
2025-06-17,Crypto,0
2025-06-17,Economics,11219
2025-06-17,Financials,57022
2025-06-17,Football,0
2025-06-17,Other,0
2025-06-17,Politics,101965
2025-06-17,Science and Technology,0
2025-06-17,Weather,538
2025-06-18,Basketball (pro),0
2025-06-18,Commodities,12322
2025-06-18,Crypto,0
2025-06-18,Economics,100992
2025-06-18,Financials,156732
2025-06-18,Football,0
2025-06-18,Other,0
2025-06-18,Politics,4831
2025-06-18,Science and Technology,0
2025-06-18,Weather,918
2025-06-19,Basketball (pro),0
2025-06-19,Commodities,1620
2025-06-19,Crypto,0
2025-06-19,Economics,9785
2025-06-19,Financials,73910
2025-06-19,Football,0
2025-06-19,Other,0
2025-06-19,Politics,1053
2025-06-19,Science and Technology,0
2025-06-19,Weather,622
2025-06-20,Basketball (pro),0
2025-06-20,Commodities,22601
2025-06-20,Crypto,0
2025-06-20,Economics,12472
2025-06-20,Financials,100733
2025-06-20,Football,0
2025-06-20,Other,0
2025-06-20,Politics,4374
2025-06-20,Science and Technology,0
2025-06-20,Weather,527
2025-06-21,Basketball (pro),0
2025-06-21,Commodities,0
2025-06-21,Crypto,0
2025-06-21,Economics,230
2025-06-21,Financials,0
2025-06-21,Football,0
2025-06-21,Other,0
2025-06-21,Politics,986
2025-06-21,Science and Technology,0
2025-06-21,Weather,0
2025-06-22,Basketball (pro),0
2025-06-22,Commodities,2
2025-06-22,Crypto,0
2025-06-22,Economics,5391
2025-06-22,Financials,1
2025-06-22,Football,0
2025-06-22,Other,0
2025-06-22,Politics,1981
2025-06-22,Science and Technology,0
2025-06-22,Weather,111
2025-06-23,Basketball (pro),0
2025-06-23,Commodities,59497
2025-06-23,Crypto,0
2025-06-23,Economics,27985
2025-06-23,Financials,116218
2025-06-23,Football,0
2025-06-23,Other,0
2025-06-23,Politics,22318
2025-06-23,Science and Technology,0
2025-06-23,Weather,194
2025-06-24,Basketball (pro),0
2025-06-24,Commodities,10278
2025-06-24,Crypto,0
2025-06-24,Economics,14946
2025-06-24,Financials,42348
2025-06-24,Football,0
2025-06-24,Other,0
2025-06-24,Politics,169221
2025-06-24,Science and Technology,0
2025-06-24,Weather,1354
2025-06-25,Basketball (pro),0
2025-06-25,Commodities,14058
2025-06-25,Crypto,0
2025-06-25,Economics,19728
2025-06-25,Financials,22535
2025-06-25,Football,0
2025-06-25,Other,0
2025-06-25,Politics,269169
2025-06-25,Science and Technology,0
2025-06-25,Weather,1120
2025-06-26,Basketball (pro),0
2025-06-26,Commodities,6338
2025-06-26,Crypto,280
2025-06-26,Economics,17878
2025-06-26,Financials,13301
2025-06-26,Football,0
2025-06-26,Other,0
2025-06-26,Politics,9308
2025-06-26,Science and Technology,0
2025-06-26,Weather,940
2025-06-27,Basketball (pro),0
2025-06-27,Commodities,215310
2025-06-27,Crypto,4621
2025-06-27,Economics,39113
2025-06-27,Financials,61712
2025-06-27,Football,0
2025-06-27,Other,0
2025-06-27,Politics,3827
2025-06-27,Science and Technology,0
2025-06-27,Weather,990
2025-06-28,Basketball (pro),0
2025-06-28,Commodities,0
2025-06-28,Crypto,0
2025-06-28,Economics,2989
2025-06-28,Financials,0
2025-06-28,Football,0
2025-06-28,Other,0
2025-06-28,Politics,160
2025-06-28,Science and Technology,0
2025-06-28,Weather,20
2025-06-29,Basketball (pro),0
2025-06-29,Commodities,1350
2025-06-29,Crypto,1
2025-06-29,Economics,5819
2025-06-29,Financials,100
2025-06-29,Football,0
2025-06-29,Other,0
2025-06-29,Politics,50
2025-06-29,Science and Technology,0
2025-06-29,Weather,783
2025-06-30,Basketball (pro),0
2025-06-30,Commodities,22347
2025-06-30,Crypto,6699
2025-06-30,Economics,70103
2025-06-30,Financials,28751
2025-06-30,Football,0
2025-06-30,Other,0
2025-06-30,Politics,1398
2025-06-30,Science and Technology,0
2025-06-30,Weather,886
2025-07-01,Basketball (pro),0
2025-07-01,Commodities,85005
2025-07-01,Crypto,7804
2025-07-01,Economics,9257
2025-07-01,Financials,77461
2025-07-01,Football,0
2025-07-01,Other,0
2025-07-01,Politics,1412
2025-07-01,Science and Technology,0
2025-07-01,Weather,425
2025-07-02,Basketball (pro),0
2025-07-02,Commodities,20763
2025-07-02,Crypto,4667
2025-07-02,Economics,22923
2025-07-02,Financials,86306
2025-07-02,Football,0
2025-07-02,Other,0
2025-07-02,Politics,13880
2025-07-02,Science and Technology,0
2025-07-02,Weather,91
2025-07-03,Basketball (pro),0
2025-07-03,Commodities,20764
2025-07-03,Crypto,14614
2025-07-03,Economics,17471
2025-07-03,Financials,31611
2025-07-03,Football,0
2025-07-03,Other,0
2025-07-03,Politics,341135
2025-07-03,Science and Technology,0
2025-07-03,Weather,1127
2025-07-04,Basketball (pro),0
2025-07-04,Commodities,2830
2025-07-04,Crypto,24702
2025-07-04,Economics,11706
2025-07-04,Financials,135732
2025-07-04,Football,0
2025-07-04,Other,0
2025-07-04,Politics,14708
2025-07-04,Science and Technology,0
2025-07-04,Weather,3290
2025-07-05,Basketball (pro),0
2025-07-05,Commodities,60
2025-07-05,Crypto,200
2025-07-05,Economics,2907
2025-07-05,Financials,0
2025-07-05,Football,0
2025-07-05,Other,0
2025-07-05,Politics,86053
2025-07-05,Science and Technology,0
2025-07-05,Weather,0
2025-07-06,Basketball (pro),0
2025-07-06,Commodities,10
2025-07-06,Crypto,1
2025-07-06,Economics,4910
2025-07-06,Financials,0
2025-07-06,Football,0
2025-07-06,Other,0
2025-07-06,Politics,706603
2025-07-06,Science and Technology,0
2025-07-06,Weather,820
2025-07-07,Basketball (pro),0
2025-07-07,Commodities,28128
2025-07-07,Crypto,40217
2025-07-07,Economics,14024
2025-07-07,Financials,82121
2025-07-07,Football,0
2025-07-07,Other,0
2025-07-07,Politics,21333
2025-07-07,Science and Technology,0
2025-07-07,Weather,1570
2025-07-08,Basketball (pro),0
2025-07-08,Commodities,13187
2025-07-08,Crypto,8798
2025-07-08,Economics,22626
2025-07-08,Financials,55187
2025-07-08,Football,0
2025-07-08,Other,0
2025-07-08,Politics,9167
2025-07-08,Science and Technology,0
2025-07-08,Weather,1266
2025-07-09,Basketball (pro),0
2025-07-09,Commodities,32374
2025-07-09,Crypto,10751
2025-07-09,Economics,8156
2025-07-09,Financials,89440
2025-07-09,Football,0
2025-07-09,Other,0
2025-07-09,Politics,8559
2025-07-09,Science and Technology,0
2025-07-09,Weather,1073
2025-07-10,Basketball (pro),0
2025-07-10,Commodities,29764
2025-07-10,Crypto,5899
2025-07-10,Economics,9099
2025-07-10,Financials,31958
2025-07-10,Football,0
2025-07-10,Other,0
2025-07-10,Politics,22271
2025-07-10,Science and Technology,0
2025-07-10,Weather,2391
2025-07-11,Basketball (pro),0
2025-07-11,Commodities,32639
2025-07-11,Crypto,4698
2025-07-11,Economics,8894
2025-07-11,Financials,35674
2025-07-11,Football,0
2025-07-11,Other,0
2025-07-11,Politics,140138
2025-07-11,Science and Technology,0
2025-07-11,Weather,1849
2025-07-12,Basketball (pro),0
2025-07-12,Commodities,0
2025-07-12,Crypto,0
2025-07-12,Economics,2890
2025-07-12,Financials,0
2025-07-12,Football,0
2025-07-12,Other,0
2025-07-12,Politics,1545
2025-07-12,Science and Technology,0
2025-07-12,Weather,310
2025-07-13,Basketball (pro),0
2025-07-13,Commodities,0
2025-07-13,Crypto,100
2025-07-13,Economics,3799
2025-07-13,Financials,83
2025-07-13,Football,0
2025-07-13,Other,0
2025-07-13,Politics,6826
2025-07-13,Science and Technology,0
2025-07-13,Weather,40
2025-07-14,Basketball (pro),0
2025-07-14,Commodities,15195
2025-07-14,Crypto,9496
2025-07-14,Economics,13176
2025-07-14,Financials,43143
2025-07-14,Football,0
2025-07-14,Other,0
2025-07-14,Politics,31697
2025-07-14,Science and Technology,0
2025-07-14,Weather,170
2025-07-15,Basketball (pro),0
2025-07-15,Commodities,23872
2025-07-15,Crypto,11125
2025-07-15,Economics,14021
2025-07-15,Financials,54613
2025-07-15,Football,0
2025-07-15,Other,0
2025-07-15,Politics,14108
2025-07-15,Science and Technology,0
2025-07-15,Weather,550
2025-07-16,Basketball (pro),0
2025-07-16,Commodities,14662
2025-07-16,Crypto,15134
2025-07-16,Economics,25824
2025-07-16,Financials,29466
2025-07-16,Football,0
2025-07-16,Other,0
2025-07-16,Politics,56481
2025-07-16,Science and Technology,0
2025-07-16,Weather,870
2025-07-17,Basketball (pro),0
2025-07-17,Commodities,32770
2025-07-17,Crypto,17247
2025-07-17,Economics,49395
2025-07-17,Financials,17777
2025-07-17,Football,0
2025-07-17,Other,0
2025-07-17,Politics,13683
2025-07-17,Science and Technology,0
2025-07-17,Weather,350
2025-07-18,Basketball (pro),0
2025-07-18,Commodities,28983
2025-07-18,Crypto,12283
2025-07-18,Economics,14051
2025-07-18,Financials,32185
2025-07-18,Football,0
2025-07-18,Other,0
2025-07-18,Politics,18959
2025-07-18,Science and Technology,0
2025-07-18,Weather,660
2025-07-19,Basketball (pro),0
2025-07-19,Commodities,0
2025-07-19,Crypto,0
2025-07-19,Economics,312
2025-07-19,Financials,0
2025-07-19,Football,0
2025-07-19,Other,0
2025-07-19,Politics,2165
2025-07-19,Science and Technology,0
2025-07-19,Weather,0
2025-07-20,Basketball (pro),0
2025-07-20,Commodities,0
2025-07-20,Crypto,10410
2025-07-20,Economics,8843
2025-07-20,Financials,0
2025-07-20,Football,0
2025-07-20,Other,0
2025-07-20,Politics,7182
2025-07-20,Science and Technology,0
2025-07-20,Weather,390
2025-07-21,Basketball (pro),0
2025-07-21,Commodities,10538
2025-07-21,Crypto,15972
2025-07-21,Economics,4888
2025-07-21,Financials,22746
2025-07-21,Football,0
2025-07-21,Other,0
2025-07-21,Politics,14961
2025-07-21,Science and Technology,0
2025-07-21,Weather,380
2025-07-22,Basketball (pro),0
2025-07-22,Commodities,20478
2025-07-22,Crypto,6773
2025-07-22,Economics,14534
2025-07-22,Financials,23081
2025-07-22,Football,0
2025-07-22,Other,0
2025-07-22,Politics,39187
2025-07-22,Science and Technology,0
2025-07-22,Weather,520
2025-07-23,Basketball (pro),0
2025-07-23,Commodities,11540
2025-07-23,Crypto,6950
2025-07-23,Economics,8211
2025-07-23,Financials,19902
2025-07-23,Football,0
2025-07-23,Other,0
2025-07-23,Politics,10994
2025-07-23,Science and Technology,0
2025-07-23,Weather,1625
2025-07-24,Basketball (pro),0
2025-07-24,Commodities,25390
2025-07-24,Crypto,8529
2025-07-24,Economics,66538
2025-07-24,Financials,12195
2025-07-24,Football,0
2025-07-24,Other,0
2025-07-24,Politics,30276
2025-07-24,Science and Technology,0
2025-07-24,Weather,380
2025-07-25,Basketball (pro),0
2025-07-25,Commodities,4249
2025-07-25,Crypto,9215
2025-07-25,Economics,23063
2025-07-25,Financials,28174
2025-07-25,Football,0
2025-07-25,Other,0
2025-07-25,Politics,15372
2025-07-25,Science and Technology,0
2025-07-25,Weather,270
2025-07-26,Basketball (pro),0
2025-07-26,Commodities,0
2025-07-26,Crypto,0
2025-07-26,Economics,6676
2025-07-26,Financials,0
2025-07-26,Football,0
2025-07-26,Other,0
2025-07-26,Politics,361
2025-07-26,Science and Technology,0
2025-07-26,Weather,0
2025-07-27,Basketball (pro),0
2025-07-27,Commodities,190
2025-07-27,Crypto,301
2025-07-27,Economics,16008
2025-07-27,Financials,0
2025-07-27,Football,0
2025-07-27,Other,0
2025-07-27,Politics,2162
2025-07-27,Science and Technology,0
2025-07-27,Weather,50
2025-07-28,Basketball (pro),0
2025-07-28,Commodities,9364
2025-07-28,Crypto,12639
2025-07-28,Economics,24992
2025-07-28,Financials,44719
2025-07-28,Football,0
2025-07-28,Other,0
2025-07-28,Politics,5460
2025-07-28,Science and Technology,0
2025-07-28,Weather,1819
2025-07-29,Basketball (pro),0
2025-07-29,Commodities,18409
2025-07-29,Crypto,6494
2025-07-29,Economics,69689
2025-07-29,Financials,60269
2025-07-29,Football,0
2025-07-29,Other,0
2025-07-29,Politics,28123
2025-07-29,Science and Technology,0
2025-07-29,Weather,1413
2025-07-30,Basketball (pro),0
2025-07-30,Commodities,51581
2025-07-30,Crypto,11081
2025-07-30,Economics,41848
2025-07-30,Financials,36853
2025-07-30,Football,0
2025-07-30,Other,0
2025-07-30,Politics,172207
2025-07-30,Science and Technology,0
2025-07-30,Weather,330
2025-07-31,Basketball (pro),0
2025-07-31,Commodities,16534
2025-07-31,Crypto,7616
2025-07-31,Economics,34614
2025-07-31,Financials,41456
2025-07-31,Football,0
2025-07-31,Other,0
2025-07-31,Politics,142561
2025-07-31,Science and Technology,0
2025-07-31,Weather,491
2025-08-01,Basketball (pro),0
2025-08-01,Commodities,36255
2025-08-01,Crypto,17485
2025-08-01,Economics,26796
2025-08-01,Financials,12160
2025-08-01,Football,0
2025-08-01,Other,0
2025-08-01,Politics,95502
2025-08-01,Science and Technology,0
2025-08-01,Weather,4496
2025-08-02,Basketball (pro),0
2025-08-02,Commodities,0
2025-08-02,Crypto,0
2025-08-02,Economics,378
2025-08-02,Financials,800
2025-08-02,Football,0
2025-08-02,Other,0
2025-08-02,Politics,10
2025-08-02,Science and Technology,0
2025-08-02,Weather,0
2025-08-03,Basketball (pro),0
2025-08-03,Commodities,3
2025-08-03,Crypto,2863
2025-08-03,Economics,9649
2025-08-03,Financials,0
2025-08-03,Football,0
2025-08-03,Other,0
2025-08-03,Politics,5489
2025-08-03,Science and Technology,0
2025-08-03,Weather,205
2025-08-04,Basketball (pro),0
2025-08-04,Commodities,25880
2025-08-04,Crypto,9330
2025-08-04,Economics,19749
2025-08-04,Financials,19215
2025-08-04,Football,0
2025-08-04,Other,0
2025-08-04,Politics,25010
2025-08-04,Science and Technology,0
2025-08-04,Weather,620
2025-08-05,Basketball (pro),0
2025-08-05,Commodities,59285
2025-08-05,Crypto,8393
2025-08-05,Economics,9518
2025-08-05,Financials,15462
2025-08-05,Football,0
2025-08-05,Other,0
2025-08-05,Politics,240864
2025-08-05,Science and Technology,0
2025-08-05,Weather,310
2025-08-06,Basketball (pro),0
2025-08-06,Commodities,28066
2025-08-06,Crypto,5377
2025-08-06,Economics,13558
2025-08-06,Financials,23256
2025-08-06,Football,0
2025-08-06,Other,0
2025-08-06,Politics,105610
2025-08-06,Science and Technology,0
2025-08-06,Weather,465
2025-08-07,Basketball (pro),0
2025-08-07,Commodities,26465
2025-08-07,Crypto,6780
2025-08-07,Economics,12904
2025-08-07,Financials,83979
2025-08-07,Football,0
2025-08-07,Other,0
2025-08-07,Politics,4943
2025-08-07,Science and Technology,0
2025-08-07,Weather,2898
2025-08-08,Basketball (pro),0
2025-08-08,Commodities,41930
2025-08-08,Crypto,7370
2025-08-08,Economics,5718
2025-08-08,Financials,44122
2025-08-08,Football,0
2025-08-08,Other,0
2025-08-08,Politics,109387
2025-08-08,Science and Technology,0
2025-08-08,Weather,411
2025-08-09,Basketball (pro),0
2025-08-09,Commodities,0
2025-08-09,Crypto,0
2025-08-09,Economics,255
2025-08-09,Financials,0
2025-08-09,Football,0
2025-08-09,Other,0
2025-08-09,Politics,3501
2025-08-09,Science and Technology,0
2025-08-09,Weather,10
2025-08-10,Basketball (pro),0
2025-08-10,Commodities,20
2025-08-10,Crypto,35
2025-08-10,Economics,2510
2025-08-10,Financials,0
2025-08-10,Football,0
2025-08-10,Other,0
2025-08-10,Politics,10464
2025-08-10,Science and Technology,0
2025-08-10,Weather,420
2025-08-11,Basketball (pro),0
2025-08-11,Commodities,56002
2025-08-11,Crypto,14095
2025-08-11,Economics,13760
2025-08-11,Financials,34516
2025-08-11,Football,0
2025-08-11,Other,0
2025-08-11,Politics,2573
2025-08-11,Science and Technology,0
2025-08-11,Weather,1558
2025-08-12,Basketball (pro),0
2025-08-12,Commodities,32454
2025-08-12,Crypto,8072
2025-08-12,Economics,28261
2025-08-12,Financials,32425
2025-08-12,Football,0
2025-08-12,Other,0
2025-08-12,Politics,37110
2025-08-12,Science and Technology,0
2025-08-12,Weather,2172
2025-08-13,Basketball (pro),0
2025-08-13,Commodities,29879
2025-08-13,Crypto,6635
2025-08-13,Economics,66879
2025-08-13,Financials,21150
2025-08-13,Football,0
2025-08-13,Other,0
2025-08-13,Politics,40106
2025-08-13,Science and Technology,0
2025-08-13,Weather,430
2025-08-14,Basketball (pro),0
2025-08-14,Commodities,27543
2025-08-14,Crypto,19580
2025-08-14,Economics,17286
2025-08-14,Financials,25730
2025-08-14,Football,0
2025-08-14,Other,0
2025-08-14,Politics,93821
2025-08-14,Science and Technology,0
2025-08-14,Weather,961
2025-08-15,Basketball (pro),0
2025-08-15,Commodities,17291
2025-08-15,Crypto,11305
2025-08-15,Economics,32385
2025-08-15,Financials,41887
2025-08-15,Football,0
2025-08-15,Other,0
2025-08-15,Politics,202555
2025-08-15,Science and Technology,0
2025-08-15,Weather,222
2025-08-16,Basketball (pro),0
2025-08-16,Commodities,0
2025-08-16,Crypto,200
2025-08-16,Economics,574
2025-08-16,Financials,0
2025-08-16,Football,0
2025-08-16,Other,0
2025-08-16,Politics,200
2025-08-16,Science and Technology,0
2025-08-16,Weather,20
2025-08-17,Basketball (pro),0
2025-08-17,Commodities,212
2025-08-17,Crypto,1865
2025-08-17,Economics,5461
2025-08-17,Financials,0
2025-08-17,Football,0
2025-08-17,Other,0
2025-08-17,Politics,150
2025-08-17,Science and Technology,0
2025-08-17,Weather,40
2025-08-18,Basketball (pro),0
2025-08-18,Commodities,7333
2025-08-18,Crypto,7117
2025-08-18,Economics,30167
2025-08-18,Financials,20314
2025-08-18,Football,0
2025-08-18,Other,0
2025-08-18,Politics,5457
2025-08-18,Science and Technology,0
2025-08-18,Weather,90
2025-08-19,Basketball (pro),0
2025-08-19,Commodities,19029
2025-08-19,Crypto,8531
2025-08-19,Economics,29604
2025-08-19,Financials,15120
2025-08-19,Football,0
2025-08-19,Other,0
2025-08-19,Politics,111799
2025-08-19,Science and Technology,0
2025-08-19,Weather,1400
2025-08-20,Basketball (pro),0
2025-08-20,Commodities,695
2025-08-20,Crypto,6978
2025-08-20,Economics,63689
2025-08-20,Financials,10976
2025-08-20,Football,0
2025-08-20,Other,0
2025-08-20,Politics,156813
2025-08-20,Science and Technology,0
2025-08-20,Weather,2250
2025-08-21,Basketball (pro),0
2025-08-21,Commodities,25250
2025-08-21,Crypto,4324
2025-08-21,Economics,27033
2025-08-21,Financials,18507
2025-08-21,Football,0
2025-08-21,Other,0
2025-08-21,Politics,26056
2025-08-21,Science and Technology,0
2025-08-21,Weather,602
2025-08-22,Basketball (pro),0
2025-08-22,Commodities,21626
2025-08-22,Crypto,6592
2025-08-22,Economics,113460
2025-08-22,Financials,22804
2025-08-22,Football,0
2025-08-22,Other,0
2025-08-22,Politics,137749
2025-08-22,Science and Technology,0
2025-08-22,Weather,115
2025-08-23,Basketball (pro),0
2025-08-23,Commodities,0
2025-08-23,Crypto,0
2025-08-23,Economics,590
2025-08-23,Financials,33
2025-08-23,Football,0
2025-08-23,Other,0
2025-08-23,Politics,629
2025-08-23,Science and Technology,0
2025-08-23,Weather,0
2025-08-24,Basketball (pro),0
2025-08-24,Commodities,2515
2025-08-24,Crypto,1160
2025-08-24,Economics,10924
2025-08-24,Financials,0
2025-08-24,Football,0
2025-08-24,Other,0
2025-08-24,Politics,175
2025-08-24,Science and Technology,0
2025-08-24,Weather,1857
2025-08-25,Basketball (pro),0
2025-08-25,Commodities,30504
2025-08-25,Crypto,13445
2025-08-25,Economics,25591
2025-08-25,Financials,17176
2025-08-25,Football,0
2025-08-25,Other,0
2025-08-25,Politics,411075
2025-08-25,Science and Technology,0
2025-08-25,Weather,1220
2025-08-26,Basketball (pro),0
2025-08-26,Commodities,9186
2025-08-26,Crypto,12148
2025-08-26,Economics,25811
2025-08-26,Financials,14400
2025-08-26,Football,0
2025-08-26,Other,0
2025-08-26,Politics,100189
2025-08-26,Science and Technology,0
2025-08-26,Weather,380
2025-08-27,Basketball (pro),0
2025-08-27,Commodities,27668
2025-08-27,Crypto,11227
2025-08-27,Economics,116113
2025-08-27,Financials,12321
2025-08-27,Football,0
2025-08-27,Other,0
2025-08-27,Politics,2664
2025-08-27,Science and Technology,0
2025-08-27,Weather,617
2025-08-28,Basketball (pro),0
2025-08-28,Commodities,25307
2025-08-28,Crypto,5489
2025-08-28,Economics,111440
2025-08-28,Financials,27641
2025-08-28,Football,0
2025-08-28,Other,0
2025-08-28,Politics,81318
2025-08-28,Science and Technology,0
2025-08-28,Weather,1949
2025-08-29,Basketball (pro),0
2025-08-29,Commodities,34532
2025-08-29,Crypto,9105
2025-08-29,Economics,46863
2025-08-29,Financials,10945
2025-08-29,Football,0
2025-08-29,Other,0
2025-08-29,Politics,144885
2025-08-29,Science and Technology,0
2025-08-29,Weather,250
2025-08-30,Basketball (pro),0
2025-08-30,Commodities,100
2025-08-30,Crypto,1193
2025-08-30,Economics,1322
2025-08-30,Financials,0
2025-08-30,Football,0
2025-08-30,Other,0
2025-08-30,Politics,4090
2025-08-30,Science and Technology,0
2025-08-30,Weather,30
2025-08-31,Basketball (pro),0
2025-08-31,Commodities,5
2025-08-31,Crypto,1460
2025-08-31,Economics,14565
2025-08-31,Financials,0
2025-08-31,Football,0
2025-08-31,Other,0
2025-08-31,Politics,2060
2025-08-31,Science and Technology,0
2025-08-31,Weather,540
2025-09-01,Basketball (pro),0
2025-09-01,Commodities,12227
2025-09-01,Crypto,8860
2025-09-01,Economics,17590
2025-09-01,Financials,3298
2025-09-01,Football,0
2025-09-01,Other,0
2025-09-01,Politics,46211
2025-09-01,Science and Technology,0
2025-09-01,Weather,280
2025-09-02,Basketball (pro),0
2025-09-02,Commodities,30552
2025-09-02,Crypto,13425
2025-09-02,Economics,20536
2025-09-02,Financials,21405
2025-09-02,Football,0
2025-09-02,Other,0
2025-09-02,Politics,143780
2025-09-02,Science and Technology,0
2025-09-02,Weather,682
2025-09-03,Basketball (pro),0
2025-09-03,Commodities,13003
2025-09-03,Crypto,11665
2025-09-03,Economics,31331
2025-09-03,Financials,18351
2025-09-03,Football,0
2025-09-03,Other,0
2025-09-03,Politics,92768
2025-09-03,Science and Technology,0
2025-09-03,Weather,160
2025-09-04,Basketball (pro),0
2025-09-04,Commodities,5646
2025-09-04,Crypto,18987
2025-09-04,Economics,40533
2025-09-04,Financials,16884
2025-09-04,Football,0
2025-09-04,Other,0
2025-09-04,Politics,54148
2025-09-04,Science and Technology,0
2025-09-04,Weather,100
2025-09-05,Basketball (pro),0
2025-09-05,Commodities,13051
2025-09-05,Crypto,15161
2025-09-05,Economics,87723
2025-09-05,Financials,28345
2025-09-05,Football,0
2025-09-05,Other,0
2025-09-05,Politics,109759
2025-09-05,Science and Technology,0
2025-09-05,Weather,20
2025-09-06,Basketball (pro),0
2025-09-06,Commodities,0
2025-09-06,Crypto,0
2025-09-06,Economics,3026
2025-09-06,Financials,0
2025-09-06,Football,0
2025-09-06,Other,0
2025-09-06,Politics,232
2025-09-06,Science and Technology,0
2025-09-06,Weather,0
2025-09-07,Basketball (pro),0
2025-09-07,Commodities,1
2025-09-07,Crypto,4932
2025-09-07,Economics,65697
2025-09-07,Financials,0
2025-09-07,Football,0
2025-09-07,Other,0
2025-09-07,Politics,3663
2025-09-07,Science and Technology,0
2025-09-07,Weather,25
2025-09-08,Basketball (pro),0
2025-09-08,Commodities,8006
2025-09-08,Crypto,29165
2025-09-08,Economics,177075
2025-09-08,Financials,19551
2025-09-08,Football,0
2025-09-08,Other,0
2025-09-08,Politics,10881
2025-09-08,Science and Technology,0
2025-09-08,Weather,530
2025-09-09,Basketball (pro),0
2025-09-09,Commodities,11941
2025-09-09,Crypto,15463
2025-09-09,Economics,267902
2025-09-09,Financials,23297
2025-09-09,Football,0
2025-09-09,Other,0
2025-09-09,Politics,34584
2025-09-09,Science and Technology,0
2025-09-09,Weather,10529
2025-09-10,Basketball (pro),0
2025-09-10,Commodities,15361
2025-09-10,Crypto,18866
2025-09-10,Economics,354174
2025-09-10,Financials,19913
2025-09-10,Football,0
2025-09-10,Other,0
2025-09-10,Politics,164356
2025-09-10,Science and Technology,0
2025-09-10,Weather,2936
2025-09-11,Basketball (pro),0
2025-09-11,Commodities,18776
2025-09-11,Crypto,16702
2025-09-11,Economics,165667
2025-09-11,Financials,18299
2025-09-11,Football,0
2025-09-11,Other,0
2025-09-11,Politics,4895
2025-09-11,Science and Technology,0
2025-09-11,Weather,2309
2025-09-12,Basketball (pro),0
2025-09-12,Commodities,7967
2025-09-12,Crypto,17714
2025-09-12,Economics,175751
2025-09-12,Financials,19965
2025-09-12,Football,0
2025-09-12,Other,0
2025-09-12,Politics,10611
2025-09-12,Science and Technology,0
2025-09-12,Weather,2670
2025-09-13,Basketball (pro),0
2025-09-13,Commodities,300
2025-09-13,Crypto,0
2025-09-13,Economics,2620
2025-09-13,Financials,0
2025-09-13,Football,0
2025-09-13,Other,0
2025-09-13,Politics,323
2025-09-13,Science and Technology,0
2025-09-13,Weather,880
2025-09-14,Basketball (pro),0
2025-09-14,Commodities,567
2025-09-14,Crypto,2523
2025-09-14,Economics,31978
2025-09-14,Financials,0
2025-09-14,Football,0
2025-09-14,Other,0
2025-09-14,Politics,516
2025-09-14,Science and Technology,0
2025-09-14,Weather,880
2025-09-15,Basketball (pro),0
2025-09-15,Commodities,12401
2025-09-15,Crypto,24636
2025-09-15,Economics,103869
2025-09-15,Financials,16966
2025-09-15,Football,0
2025-09-15,Other,0
2025-09-15,Politics,80486
2025-09-15,Science and Technology,0
2025-09-15,Weather,2775
2025-09-16,Basketball (pro),0
2025-09-16,Commodities,18969
2025-09-16,Crypto,14120
2025-09-16,Economics,405834
2025-09-16,Financials,8727
2025-09-16,Football,0
2025-09-16,Other,0
2025-09-16,Politics,43255
2025-09-16,Science and Technology,546
2025-09-16,Weather,2710
2025-09-17,Basketball (pro),0
2025-09-17,Commodities,16165
2025-09-17,Crypto,13742
2025-09-17,Economics,1067749
2025-09-17,Financials,8824
2025-09-17,Football,0
2025-09-17,Other,0
2025-09-17,Politics,22288
2025-09-17,Science and Technology,196
2025-09-17,Weather,940
2025-09-18,Basketball (pro),0
2025-09-18,Commodities,6177
2025-09-18,Crypto,23418
2025-09-18,Economics,20254
2025-09-18,Financials,6272
2025-09-18,Football,0
2025-09-18,Other,0
2025-09-18,Politics,232909
2025-09-18,Science and Technology,821
2025-09-18,Weather,3120
2025-09-19,Basketball (pro),0
2025-09-19,Commodities,2722
2025-09-19,Crypto,28390
2025-09-19,Economics,18350
2025-09-19,Financials,12677
2025-09-19,Football,0
2025-09-19,Other,0
2025-09-19,Politics,125778
2025-09-19,Science and Technology,90
2025-09-19,Weather,2221
2025-09-20,Basketball (pro),0
2025-09-20,Commodities,20
2025-09-20,Crypto,0
2025-09-20,Economics,1746
2025-09-20,Financials,0
2025-09-20,Football,0
2025-09-20,Other,0
2025-09-20,Politics,21490
2025-09-20,Science and Technology,0
2025-09-20,Weather,710
2025-09-21,Basketball (pro),0
2025-09-21,Commodities,103
2025-09-21,Crypto,6535
2025-09-21,Economics,6262
2025-09-21,Financials,0
2025-09-21,Football,0
2025-09-21,Other,0
2025-09-21,Politics,10963
2025-09-21,Science and Technology,0
2025-09-21,Weather,750
2025-09-22,Basketball (pro),0
2025-09-22,Commodities,21196
2025-09-22,Crypto,31395
2025-09-22,Economics,2950
2025-09-22,Financials,1256
2025-09-22,Football,0
2025-09-22,Other,0
2025-09-22,Politics,80613
2025-09-22,Science and Technology,0
2025-09-22,Weather,2200
2025-09-23,Basketball (pro),0
2025-09-23,Commodities,7989
2025-09-23,Crypto,20765
2025-09-23,Economics,37080
2025-09-23,Financials,5369
2025-09-23,Football,0
2025-09-23,Other,0
2025-09-23,Politics,9327
2025-09-23,Science and Technology,30
2025-09-23,Weather,1243
2025-09-24,Basketball (pro),0
2025-09-24,Commodities,12651
2025-09-24,Crypto,31148
2025-09-24,Economics,7122
2025-09-24,Financials,3400
2025-09-24,Football,0
2025-09-24,Other,0
2025-09-24,Politics,131883
2025-09-24,Science and Technology,20
2025-09-24,Weather,1148
2025-09-25,Basketball (pro),0
2025-09-25,Commodities,16132
2025-09-25,Crypto,17649
2025-09-25,Economics,64259
2025-09-25,Financials,8367
2025-09-25,Football,0
2025-09-25,Other,0
2025-09-25,Politics,77709
2025-09-25,Science and Technology,290
2025-09-25,Weather,2981
2025-09-26,Basketball (pro),0
2025-09-26,Commodities,5768
2025-09-26,Crypto,16949
2025-09-26,Economics,21528
2025-09-26,Financials,7460
2025-09-26,Football,0
2025-09-26,Other,0
2025-09-26,Politics,71078
2025-09-26,Science and Technology,1260
2025-09-26,Weather,1553
2025-09-27,Basketball (pro),0
2025-09-27,Commodities,0
2025-09-27,Crypto,0
2025-09-27,Economics,204
2025-09-27,Financials,0
2025-09-27,Football,0
2025-09-27,Other,0
2025-09-27,Politics,26087
2025-09-27,Science and Technology,30
2025-09-27,Weather,750
2025-09-28,Basketball (pro),0
2025-09-28,Commodities,100
2025-09-28,Crypto,10147
2025-09-28,Economics,8926
2025-09-28,Financials,0
2025-09-28,Football,0
2025-09-28,Other,0
2025-09-28,Politics,182726
2025-09-28,Science and Technology,597
2025-09-28,Weather,2214
2025-09-29,Basketball (pro),0
2025-09-29,Commodities,10243
2025-09-29,Crypto,23451
2025-09-29,Economics,7412
2025-09-29,Financials,4702
2025-09-29,Football,0
2025-09-29,Other,0
2025-09-29,Politics,46702
2025-09-29,Science and Technology,465
2025-09-29,Weather,2601
2025-09-30,Basketball (pro),0
2025-09-30,Commodities,35393
2025-09-30,Crypto,25154
2025-09-30,Economics,18575
2025-09-30,Financials,8196
2025-09-30,Football,0
2025-09-30,Other,0
2025-09-30,Politics,59645
2025-09-30,Science and Technology,3523
2025-09-30,Weather,1540
2025-10-01,Basketball (pro),0
2025-10-01,Commodities,10461
2025-10-01,Crypto,54026
2025-10-01,Economics,16794
2025-10-01,Financials,2474
2025-10-01,Football,0
2025-10-01,Other,0
2025-10-01,Politics,66320
2025-10-01,Science and Technology,293
2025-10-01,Weather,3882
2025-10-02,Basketball (pro),0
2025-10-02,Commodities,41354
2025-10-02,Crypto,26784
2025-10-02,Economics,12846
2025-10-02,Financials,12029
2025-10-02,Football,0
2025-10-02,Other,0
2025-10-02,Politics,88016
2025-10-02,Science and Technology,953
2025-10-02,Weather,731
2025-10-03,Basketball (pro),0
2025-10-03,Commodities,9047
2025-10-03,Crypto,33463
2025-10-03,Economics,17826
2025-10-03,Financials,4055
2025-10-03,Football,0
2025-10-03,Other,0
2025-10-03,Politics,223625
2025-10-03,Science and Technology,352
2025-10-03,Weather,1845
2025-10-04,Basketball (pro),0
2025-10-04,Commodities,211
2025-10-04,Crypto,1250
2025-10-04,Economics,336
2025-10-04,Financials,450
2025-10-04,Football,0
2025-10-04,Other,0
2025-10-04,Politics,10259
2025-10-04,Science and Technology,10
2025-10-04,Weather,463
2025-10-05,Basketball (pro),0
2025-10-05,Commodities,20
2025-10-05,Crypto,3709
2025-10-05,Economics,7226
2025-10-05,Financials,100
2025-10-05,Football,0
2025-10-05,Other,0
2025-10-05,Politics,6668
2025-10-05,Science and Technology,160
2025-10-05,Weather,455
2025-10-06,Basketball (pro),0
2025-10-06,Commodities,41024
2025-10-06,Crypto,21566
2025-10-06,Economics,35625
2025-10-06,Financials,45773
2025-10-06,Football,0
2025-10-06,Other,0
2025-10-06,Politics,226543
2025-10-06,Science and Technology,502
2025-10-06,Weather,1340
2025-10-07,Basketball (pro),0
2025-10-07,Commodities,15061
2025-10-07,Crypto,23977
2025-10-07,Economics,33749
2025-10-07,Financials,5662
2025-10-07,Football,0
2025-10-07,Other,0
2025-10-07,Politics,19889
2025-10-07,Science and Technology,420
2025-10-07,Weather,765
2025-10-08,Basketball (pro),0
2025-10-08,Commodities,23119
2025-10-08,Crypto,9955
2025-10-08,Economics,18304
2025-10-08,Financials,8862
2025-10-08,Football,0
2025-10-08,Other,0
2025-10-08,Politics,6318
2025-10-08,Science and Technology,170
2025-10-08,Weather,1107
2025-10-09,Basketball (pro),0
2025-10-09,Commodities,21108
2025-10-09,Crypto,12645
2025-10-09,Economics,53302
2025-10-09,Financials,6087
2025-10-09,Football,0
2025-10-09,Other,0
2025-10-09,Politics,108515
2025-10-09,Science and Technology,45
2025-10-09,Weather,776
2025-10-10,Basketball (pro),0
2025-10-10,Commodities,57708
2025-10-10,Crypto,30763
2025-10-10,Economics,22773
2025-10-10,Financials,14096
2025-10-10,Football,0
2025-10-10,Other,0
2025-10-10,Politics,101113
2025-10-10,Science and Technology,448
2025-10-10,Weather,899
2025-10-11,Basketball (pro),0
2025-10-11,Commodities,100
2025-10-11,Crypto,490
2025-10-11,Economics,3240
2025-10-11,Financials,0
2025-10-11,Football,0
2025-10-11,Other,0
2025-10-11,Politics,145
2025-10-11,Science and Technology,0
2025-10-11,Weather,20
2025-10-12,Basketball (pro),0
2025-10-12,Commodities,314
2025-10-12,Crypto,9525
2025-10-12,Economics,28176
2025-10-12,Financials,460
2025-10-12,Football,0
2025-10-12,Other,0
2025-10-12,Politics,49485
2025-10-12,Science and Technology,260
2025-10-12,Weather,730
2025-10-13,Basketball (pro),0
2025-10-13,Commodities,137434
2025-10-13,Crypto,36191
2025-10-13,Economics,45323
2025-10-13,Financials,121169
2025-10-13,Football,0
2025-10-13,Other,0
2025-10-13,Politics,192222
2025-10-13,Science and Technology,61
2025-10-13,Weather,1663
2025-10-14,Basketball (pro),0
2025-10-14,Commodities,162465
2025-10-14,Crypto,21329
2025-10-14,Economics,143925
2025-10-14,Financials,106260
2025-10-14,Football,0
2025-10-14,Other,0
2025-10-14,Politics,72207
2025-10-14,Science and Technology,1
2025-10-14,Weather,404
2025-10-15,Basketball (pro),0
2025-10-15,Commodities,94363
2025-10-15,Crypto,12743
2025-10-15,Economics,53068
2025-10-15,Financials,111191
2025-10-15,Football,0
2025-10-15,Other,0
2025-10-15,Politics,27999
2025-10-15,Science and Technology,298
2025-10-15,Weather,630
2025-10-16,Basketball (pro),0
2025-10-16,Commodities,204109
2025-10-16,Crypto,20878
2025-10-16,Economics,75148
2025-10-16,Financials,96597
2025-10-16,Football,0
2025-10-16,Other,0
2025-10-16,Politics,248174
2025-10-16,Science and Technology,90
2025-10-16,Weather,222
2025-10-17,Basketball (pro),0
2025-10-17,Commodities,242519
2025-10-17,Crypto,19800
2025-10-17,Economics,99212
2025-10-17,Financials,231033
2025-10-17,Football,0
2025-10-17,Other,0
2025-10-17,Politics,560123
2025-10-17,Science and Technology,20
2025-10-17,Weather,463
2025-10-18,Basketball (pro),0
2025-10-18,Commodities,0
2025-10-18,Crypto,0
2025-10-18,Economics,193
2025-10-18,Financials,410
2025-10-18,Football,0
2025-10-18,Other,0
2025-10-18,Politics,1198
2025-10-18,Science and Technology,0
2025-10-18,Weather,67
2025-10-19,Basketball (pro),0
2025-10-19,Commodities,57
2025-10-19,Crypto,781
2025-10-19,Economics,11930
2025-10-19,Financials,13
2025-10-19,Football,0
2025-10-19,Other,0
2025-10-19,Politics,545037
2025-10-19,Science and Technology,210
2025-10-19,Weather,5873
2025-10-20,Basketball (pro),0
2025-10-20,Commodities,285097
2025-10-20,Crypto,10849
2025-10-20,Economics,11766
2025-10-20,Financials,114408
2025-10-20,Football,0
2025-10-20,Other,0
2025-10-20,Politics,191333
2025-10-20,Science and Technology,161
2025-10-20,Weather,2421
2025-10-21,Basketball (pro),0
2025-10-21,Commodities,201947
2025-10-21,Crypto,13985
2025-10-21,Economics,142899
2025-10-21,Financials,87423
2025-10-21,Football,0
2025-10-21,Other,0
2025-10-21,Politics,91206
2025-10-21,Science and Technology,320
2025-10-21,Weather,340
2025-10-22,Basketball (pro),0
2025-10-22,Commodities,57452
2025-10-22,Crypto,7895
2025-10-22,Economics,27747
2025-10-22,Financials,52711
2025-10-22,Football,0
2025-10-22,Other,0
2025-10-22,Politics,88434
2025-10-22,Science and Technology,70
2025-10-22,Weather,850
2025-10-23,Basketball (pro),0
2025-10-23,Commodities,135077
2025-10-23,Crypto,13296
2025-10-23,Economics,33260
2025-10-23,Financials,60581
2025-10-23,Football,0
2025-10-23,Other,0
2025-10-23,Politics,171821
2025-10-23,Science and Technology,140
2025-10-23,Weather,1580
2025-10-24,Basketball (pro),0
2025-10-24,Commodities,124114
2025-10-24,Crypto,15168
2025-10-24,Economics,34659
2025-10-24,Financials,104105
2025-10-24,Football,0
2025-10-24,Other,0
2025-10-24,Politics,515170
2025-10-24,Science and Technology,235
2025-10-24,Weather,308
2025-10-25,Basketball (pro),0
2025-10-25,Commodities,8
2025-10-25,Crypto,80
2025-10-25,Economics,5778
2025-10-25,Financials,0
2025-10-25,Football,0
2025-10-25,Other,0
2025-10-25,Politics,260995
2025-10-25,Science and Technology,0
2025-10-25,Weather,680
2025-10-26,Basketball (pro),0
2025-10-26,Commodities,100
2025-10-26,Crypto,1175
2025-10-26,Economics,66929
2025-10-26,Financials,10
2025-10-26,Football,0
2025-10-26,Other,0
2025-10-26,Politics,484867
2025-10-26,Science and Technology,231
2025-10-26,Weather,540
2025-10-27,Basketball (pro),0
2025-10-27,Commodities,48596
2025-10-27,Crypto,11273
2025-10-27,Economics,47380
2025-10-27,Financials,160279
2025-10-27,Football,0
2025-10-27,Other,0
2025-10-27,Politics,1873650
2025-10-27,Science and Technology,150
2025-10-27,Weather,1422
2025-10-28,Basketball (pro),0
2025-10-28,Commodities,57998
2025-10-28,Crypto,12344
2025-10-28,Economics,72198
2025-10-28,Financials,11316
2025-10-28,Football,0
2025-10-28,Other,0
2025-10-28,Politics,3180846
2025-10-28,Science and Technology,51
2025-10-28,Weather,1035
2025-10-29,Basketball (pro),0
2025-10-29,Commodities,89577
2025-10-29,Crypto,6615
2025-10-29,Economics,241256
2025-10-29,Financials,53271
2025-10-29,Football,0
2025-10-29,Other,0
2025-10-29,Politics,2482607
2025-10-29,Science and Technology,142
2025-10-29,Weather,918
2025-10-30,Basketball (pro),0
2025-10-30,Commodities,1806
2025-10-30,Crypto,9770
2025-10-30,Economics,15378
2025-10-30,Financials,418
2025-10-30,Football,0
2025-10-30,Other,0
2025-10-30,Politics,3197824
2025-10-30,Science and Technology,80
2025-10-30,Weather,1167
2025-10-31,Basketball (pro),0
2025-10-31,Commodities,38495
2025-10-31,Crypto,9830
2025-10-31,Economics,35395
2025-10-31,Financials,24815
2025-10-31,Football,0
2025-10-31,Other,0
2025-10-31,Politics,2074532
2025-10-31,Science and Technology,95
2025-10-31,Weather,180
2025-11-01,Basketball (pro),0
2025-11-01,Commodities,90
2025-11-01,Crypto,0
2025-11-01,Economics,302
2025-11-01,Financials,0
2025-11-01,Football,0
2025-11-01,Other,0
2025-11-01,Politics,939882
2025-11-01,Science and Technology,0
2025-11-01,Weather,0
2025-11-02,Basketball (pro),0
2025-11-02,Commodities,25
2025-11-02,Crypto,489
2025-11-02,Economics,5211
2025-11-02,Financials,35
2025-11-02,Football,0
2025-11-02,Other,0
2025-11-02,Politics,1500722
2025-11-02,Science and Technology,169
2025-11-02,Weather,430
2025-11-03,Basketball (pro),0
2025-11-03,Commodities,69786
2025-11-03,Crypto,36491
2025-11-03,Economics,9273
2025-11-03,Financials,39476
2025-11-03,Football,0
2025-11-03,Other,0
2025-11-03,Politics,3939871
2025-11-03,Science and Technology,190
2025-11-03,Weather,528
2025-11-04,Basketball (pro),0
2025-11-04,Commodities,426874
2025-11-04,Crypto,11344
2025-11-04,Economics,7532
2025-11-04,Financials,246425
2025-11-04,Football,0
2025-11-04,Other,0
2025-11-04,Politics,12238510
2025-11-04,Science and Technology,472
2025-11-04,Weather,140
2025-11-05,Basketball (pro),0
2025-11-05,Commodities,318529
2025-11-05,Crypto,14832
2025-11-05,Economics,7663
2025-11-05,Financials,15762
2025-11-05,Football,0
2025-11-05,Other,0
2025-11-05,Politics,6788208
2025-11-05,Science and Technology,290
2025-11-05,Weather,4146
2025-11-06,Basketball (pro),0
2025-11-06,Commodities,167817
2025-11-06,Crypto,10120
2025-11-06,Economics,5602
2025-11-06,Financials,59514
2025-11-06,Football,6
2025-11-06,Other,0
2025-11-06,Politics,649372
2025-11-06,Science and Technology,55
2025-11-06,Weather,990
2025-11-07,Basketball (pro),0
2025-11-07,Commodities,211066
2025-11-07,Crypto,11684
2025-11-07,Economics,13555
2025-11-07,Financials,132891
2025-11-07,Football,10
2025-11-07,Other,0
2025-11-07,Politics,826801
2025-11-07,Science and Technology,122
2025-11-07,Weather,244
2025-11-08,Basketball (pro),0
2025-11-08,Commodities,201
2025-11-08,Crypto,0
2025-11-08,Economics,239
2025-11-08,Financials,720
2025-11-08,Football,0
2025-11-08,Other,0
2025-11-08,Politics,300264
2025-11-08,Science and Technology,42
2025-11-08,Weather,120
2025-11-09,Basketball (pro),0
2025-11-09,Commodities,0
2025-11-09,Crypto,285
2025-11-09,Economics,9788
2025-11-09,Financials,0
2025-11-09,Football,0
2025-11-09,Other,0
2025-11-09,Politics,77606
2025-11-09,Science and Technology,50
2025-11-09,Weather,145
2025-11-10,Basketball (pro),0
2025-11-10,Commodities,153054
2025-11-10,Crypto,8680
2025-11-10,Economics,7977
2025-11-10,Financials,32837
2025-11-10,Football,0
2025-11-10,Other,0
2025-11-10,Politics,90291
2025-11-10,Science and Technology,223
2025-11-10,Weather,468
2025-11-11,Basketball (pro),0
2025-11-11,Commodities,166776
2025-11-11,Crypto,13095
2025-11-11,Economics,17176
2025-11-11,Financials,56148
2025-11-11,Football,0
2025-11-11,Other,0
2025-11-11,Politics,93294
2025-11-11,Science and Technology,366
2025-11-11,Weather,1146
2025-11-12,Basketball (pro),0
2025-11-12,Commodities,130518
2025-11-12,Crypto,9206
2025-11-12,Economics,8785
2025-11-12,Financials,46726
2025-11-12,Football,0
2025-11-12,Other,0
2025-11-12,Politics,122356
2025-11-12,Science and Technology,300
2025-11-12,Weather,571
2025-11-13,Basketball (pro),0
2025-11-13,Commodities,125883
2025-11-13,Crypto,18307
2025-11-13,Economics,12658
2025-11-13,Financials,158892
2025-11-13,Football,914
2025-11-13,Other,0
2025-11-13,Politics,86609
2025-11-13,Science and Technology,220
2025-11-13,Weather,1790
2025-11-14,Basketball (pro),0
2025-11-14,Commodities,248233
2025-11-14,Crypto,47706
2025-11-14,Economics,8987
2025-11-14,Financials,115810
2025-11-14,Football,1572
2025-11-14,Other,0
2025-11-14,Politics,63508
2025-11-14,Science and Technology,110
2025-11-14,Weather,1110
2025-11-15,Basketball (pro),0
2025-11-15,Commodities,0
2025-11-15,Crypto,100
2025-11-15,Economics,2878
2025-11-15,Financials,600
2025-11-15,Football,0
2025-11-15,Other,0
2025-11-15,Politics,10528
2025-11-15,Science and Technology,0
2025-11-15,Weather,0
2025-11-16,Basketball (pro),0
2025-11-16,Commodities,3
2025-11-16,Crypto,913
2025-11-16,Economics,12993
2025-11-16,Financials,100
2025-11-16,Football,0
2025-11-16,Other,0
2025-11-16,Politics,2087
2025-11-16,Science and Technology,10
2025-11-16,Weather,150
2025-11-17,Basketball (pro),0
2025-11-17,Commodities,160003
2025-11-17,Crypto,14045
2025-11-17,Economics,12280
2025-11-17,Financials,61314
2025-11-17,Football,2091
2025-11-17,Other,0
2025-11-17,Politics,7680
2025-11-17,Science and Technology,95
2025-11-17,Weather,830
2025-11-18,Basketball (pro),0
2025-11-18,Commodities,204589
2025-11-18,Crypto,18146
2025-11-18,Economics,25461
2025-11-18,Financials,139790
2025-11-18,Football,21689
2025-11-18,Other,0
2025-11-18,Politics,18082
2025-11-18,Science and Technology,435
2025-11-18,Weather,17105
2025-11-19,Basketball (pro),0
2025-11-19,Commodities,135923
2025-11-19,Crypto,102716
2025-11-19,Economics,31269
2025-11-19,Financials,157280
2025-11-19,Football,8519
2025-11-19,Other,0
2025-11-19,Politics,4711
2025-11-19,Science and Technology,30
2025-11-19,Weather,630837
2025-11-20,Basketball (pro),0
2025-11-20,Commodities,113294
2025-11-20,Crypto,80202
2025-11-20,Economics,68174
2025-11-20,Financials,183421
2025-11-20,Football,27793
2025-11-20,Other,0
2025-11-20,Politics,5008
2025-11-20,Science and Technology,18
2025-11-20,Weather,1257834
2025-11-21,Basketball (pro),0
2025-11-21,Commodities,250007
2025-11-21,Crypto,259631
2025-11-21,Economics,105413
2025-11-21,Financials,97103
2025-11-21,Football,73373
2025-11-21,Other,0
2025-11-21,Politics,36938
2025-11-21,Science and Technology,120
2025-11-21,Weather,1695606
2025-11-22,Basketball (pro),0
2025-11-22,Commodities,111
2025-11-22,Crypto,277
2025-11-22,Economics,1393
2025-11-22,Financials,0
2025-11-22,Football,26545
2025-11-22,Other,0
2025-11-22,Politics,4045
2025-11-22,Science and Technology,0
2025-11-22,Weather,1518119
2025-11-23,Basketball (pro),0
2025-11-23,Commodities,114
2025-11-23,Crypto,43705
2025-11-23,Economics,15577
2025-11-23,Financials,20
2025-11-23,Football,1267360
2025-11-23,Other,0
2025-11-23,Politics,5183
2025-11-23,Science and Technology,60
2025-11-23,Weather,1323367
2025-11-24,Basketball (pro),0
2025-11-24,Commodities,181414
2025-11-24,Crypto,37636
2025-11-24,Economics,50843
2025-11-24,Financials,188899
2025-11-24,Football,8382
2025-11-24,Other,0
2025-11-24,Politics,2653
2025-11-24,Science and Technology,90
2025-11-24,Weather,1846542
2025-11-25,Basketball (pro),0
2025-11-25,Commodities,202081
2025-11-25,Crypto,72960
2025-11-25,Economics,69600
2025-11-25,Financials,135548
2025-11-25,Football,54667
2025-11-25,Other,0
2025-11-25,Politics,13436
2025-11-25,Science and Technology,238
2025-11-25,Weather,2087613
2025-11-26,Basketball (pro),0
2025-11-26,Commodities,151113
2025-11-26,Crypto,81473
2025-11-26,Economics,24274
2025-11-26,Financials,94733
2025-11-26,Football,57137
2025-11-26,Other,0
2025-11-26,Politics,13692
2025-11-26,Science and Technology,314
2025-11-26,Weather,2516116
2025-11-27,Basketball (pro),0
2025-11-27,Commodities,383
2025-11-27,Crypto,76421
2025-11-27,Economics,18127
2025-11-27,Financials,2870
2025-11-27,Football,39046
2025-11-27,Other,0
2025-11-27,Politics,61993
2025-11-27,Science and Technology,74
2025-11-27,Weather,1503401
2025-11-28,Basketball (pro),0
2025-11-28,Commodities,484205
2025-11-28,Crypto,83024
2025-11-28,Economics,67491
2025-11-28,Financials,118905
2025-11-28,Football,138314
2025-11-28,Other,0
2025-11-28,Politics,1307
2025-11-28,Science and Technology,70
2025-11-28,Weather,1656821
2025-11-29,Basketball (pro),0
2025-11-29,Commodities,0
2025-11-29,Crypto,200
2025-11-29,Economics,580
2025-11-29,Financials,0
2025-11-29,Football,229721
2025-11-29,Other,0
2025-11-29,Politics,0
2025-11-29,Science and Technology,0
2025-11-29,Weather,1841523
2025-11-30,Basketball (pro),0
2025-11-30,Commodities,2
2025-11-30,Crypto,180
2025-11-30,Economics,5119
2025-11-30,Financials,30
2025-11-30,Football,9492771
2025-11-30,Other,0
2025-11-30,Politics,50350
2025-11-30,Science and Technology,10
2025-11-30,Weather,2069198
2025-12-01,Basketball (pro),0
2025-12-01,Commodities,277873
2025-12-01,Crypto,63196
2025-12-01,Economics,74080
2025-12-01,Financials,363729
2025-12-01,Football,26260
2025-12-01,Other,0
2025-12-01,Politics,2550
2025-12-01,Science and Technology,428
2025-12-01,Weather,1970933
2025-12-02,Basketball (pro),0
2025-12-02,Commodities,248378
2025-12-02,Crypto,48637
2025-12-02,Economics,67099
2025-12-02,Financials,173180
2025-12-02,Football,66251
2025-12-02,Other,0
2025-12-02,Politics,3564
2025-12-02,Science and Technology,341
2025-12-02,Weather,2416946
2025-12-03,Basketball (pro),0
2025-12-03,Commodities,263332
2025-12-03,Crypto,51592
2025-12-03,Economics,32089
2025-12-03,Financials,187534
2025-12-03,Football,41031
2025-12-03,Other,0
2025-12-03,Politics,15608
2025-12-03,Science and Technology,200
2025-12-03,Weather,2904361
2025-12-04,Basketball (pro),0
2025-12-04,Commodities,272818
2025-12-04,Crypto,28632
2025-12-04,Economics,30650
2025-12-04,Financials,172636
2025-12-04,Football,73729
2025-12-04,Other,0
2025-12-04,Politics,66215
2025-12-04,Science and Technology,1530
2025-12-04,Weather,2380235
2025-12-05,Basketball (pro),0
2025-12-05,Commodities,189661
2025-12-05,Crypto,81299
2025-12-05,Economics,36899
2025-12-05,Financials,170783
2025-12-05,Football,69269
2025-12-05,Other,0
2025-12-05,Politics,2074
2025-12-05,Science and Technology,5088
2025-12-05,Weather,2659596
2025-12-06,Basketball (pro),0
2025-12-06,Commodities,1100
2025-12-06,Crypto,0
2025-12-06,Economics,580
2025-12-06,Financials,23
2025-12-06,Football,163901
2025-12-06,Other,0
2025-12-06,Politics,20
2025-12-06,Science and Technology,299
2025-12-06,Weather,2197407
2025-12-07,Basketball (pro),0
2025-12-07,Commodities,118
2025-12-07,Crypto,16780
2025-12-07,Economics,11195
2025-12-07,Financials,1052
2025-12-07,Football,8582068
2025-12-07,Other,0
2025-12-07,Politics,2504
2025-12-07,Science and Technology,369
2025-12-07,Weather,2157178
2025-12-08,Basketball (pro),0
2025-12-08,Commodities,165520
2025-12-08,Crypto,24199
2025-12-08,Economics,72063
2025-12-08,Financials,111035
2025-12-08,Football,131421
2025-12-08,Other,0
2025-12-08,Politics,77298
2025-12-08,Science and Technology,3581
2025-12-08,Weather,2740254
2025-12-09,Basketball (pro),0
2025-12-09,Commodities,27682
2025-12-09,Crypto,58040
2025-12-09,Economics,135798
2025-12-09,Financials,7421
2025-12-09,Football,257494
2025-12-09,Other,0
2025-12-09,Politics,10555
2025-12-09,Science and Technology,706
2025-12-09,Weather,2195609
2025-12-10,Basketball (pro),0
2025-12-10,Commodities,78438
2025-12-10,Crypto,145744
2025-12-10,Economics,133336
2025-12-10,Financials,361946
2025-12-10,Football,190028
2025-12-10,Other,0
2025-12-10,Politics,84963
2025-12-10,Science and Technology,843
2025-12-10,Weather,2952198
2025-12-11,Basketball (pro),0
2025-12-11,Commodities,128238
2025-12-11,Crypto,81382
2025-12-11,Economics,19192
2025-12-11,Financials,95969
2025-12-11,Football,354896
2025-12-11,Other,0
2025-12-11,Politics,16973
2025-12-11,Science and Technology,1472
2025-12-11,Weather,2621960
2025-12-12,Basketball (pro),0
2025-12-12,Commodities,91770
2025-12-12,Crypto,88024
2025-12-12,Economics,11758
2025-12-12,Financials,197614
2025-12-12,Football,751109
2025-12-12,Other,0
2025-12-12,Politics,38396
2025-12-12,Science and Technology,3214
2025-12-12,Weather,2054105
2025-12-13,Basketball (pro),0
2025-12-13,Commodities,225
2025-12-13,Crypto,0
2025-12-13,Economics,10428
2025-12-13,Financials,0
2025-12-13,Football,527967
2025-12-13,Other,0
2025-12-13,Politics,1775
2025-12-13,Science and Technology,1728
2025-12-13,Weather,1687210
2025-12-14,Basketball (pro),0
2025-12-14,Commodities,261
2025-12-14,Crypto,1000
2025-12-14,Economics,12073
2025-12-14,Financials,30
2025-12-14,Football,24282329
2025-12-14,Other,0
2025-12-14,Politics,3576
2025-12-14,Science and Technology,1143
2025-12-14,Weather,1545136
2025-12-15,Basketball (pro),0
2025-12-15,Commodities,22835
2025-12-15,Crypto,83221
2025-12-15,Economics,25522
2025-12-15,Financials,46012
2025-12-15,Football,46741
2025-12-15,Other,0
2025-12-15,Politics,25540
2025-12-15,Science and Technology,2602
2025-12-15,Weather,2438554
2025-12-16,Basketball (pro),0
2025-12-16,Commodities,135413
2025-12-16,Crypto,83349
2025-12-16,Economics,24232
2025-12-16,Financials,175824
2025-12-16,Football,148253
2025-12-16,Other,0
2025-12-16,Politics,27310
2025-12-16,Science and Technology,3374
2025-12-16,Weather,1940638
2025-12-17,Basketball (pro),0
2025-12-17,Commodities,111281
2025-12-17,Crypto,145534
2025-12-17,Economics,9764
2025-12-17,Financials,136279
2025-12-17,Football,89820
2025-12-17,Other,0
2025-12-17,Politics,38453
2025-12-17,Science and Technology,2203
2025-12-17,Weather,2774432
2025-12-18,Basketball (pro),0
2025-12-18,Commodities,29168
2025-12-18,Crypto,98299
2025-12-18,Economics,24482
2025-12-18,Financials,39906
2025-12-18,Football,102800
2025-12-18,Other,0
2025-12-18,Politics,8071
2025-12-18,Science and Technology,214
2025-12-18,Weather,2711373
2025-12-19,Basketball (pro),0
2025-12-19,Commodities,27085
2025-12-19,Crypto,142686
2025-12-19,Economics,18406
2025-12-19,Financials,32609
2025-12-19,Football,256753
2025-12-19,Other,0
2025-12-19,Politics,22968
2025-12-19,Science and Technology,546
2025-12-19,Weather,2469562
2025-12-20,Basketball (pro),0
2025-12-20,Commodities,1913
2025-12-20,Crypto,142
2025-12-20,Economics,448
2025-12-20,Financials,602
2025-12-20,Football,222790
2025-12-20,Other,0
2025-12-20,Politics,1573
2025-12-20,Science and Technology,310
2025-12-20,Weather,1331899
2025-12-21,Basketball (pro),0
2025-12-21,Commodities,0
2025-12-21,Crypto,51542
2025-12-21,Economics,9765
2025-12-21,Financials,43
2025-12-21,Football,17463920
2025-12-21,Other,0
2025-12-21,Politics,1365
2025-12-21,Science and Technology,1339
2025-12-21,Weather,1303722
2025-12-22,Basketball (pro),0
2025-12-22,Commodities,69873
2025-12-22,Crypto,115228
2025-12-22,Economics,10804
2025-12-22,Financials,30811
2025-12-22,Football,2452306
2025-12-22,Other,0
2025-12-22,Politics,10958
2025-12-22,Science and Technology,562
2025-12-22,Weather,1906111
2025-12-23,Basketball (pro),0
2025-12-23,Commodities,17561
2025-12-23,Crypto,50025
2025-12-23,Economics,31930
2025-12-23,Financials,13881
2025-12-23,Football,14608032
2025-12-23,Other,0
2025-12-23,Politics,1730
2025-12-23,Science and Technology,30
2025-12-23,Weather,2167568
2025-12-24,Basketball (pro),0
2025-12-24,Commodities,37970
2025-12-24,Crypto,63782
2025-12-24,Economics,10407
2025-12-24,Financials,72280
2025-12-24,Football,404230
2025-12-24,Other,0
2025-12-24,Politics,1556
2025-12-24,Science and Technology,289
2025-12-24,Weather,3287084
2025-12-25,Basketball (pro),0
2025-12-25,Commodities,5
2025-12-25,Crypto,45172
2025-12-25,Economics,2315
2025-12-25,Financials,15
2025-12-25,Football,9619949
2025-12-25,Other,0
2025-12-25,Politics,739
2025-12-25,Science and Technology,2
2025-12-25,Weather,2341516
2025-12-26,Basketball (pro),0
2025-12-26,Commodities,34347
2025-12-26,Crypto,124950
2025-12-26,Economics,5623
2025-12-26,Financials,39979
2025-12-26,Football,362756
2025-12-26,Other,0
2025-12-26,Politics,4896
2025-12-26,Science and Technology,11
2025-12-26,Weather,2720876
2025-12-27,Basketball (pro),0
2025-12-27,Commodities,50
2025-12-27,Crypto,400
2025-12-27,Economics,580
2025-12-27,Financials,3
2025-12-27,Football,830180
2025-12-27,Other,0
2025-12-27,Politics,147
2025-12-27,Science and Technology,100
2025-12-27,Weather,1925552
2025-12-28,Basketball (pro),0
2025-12-28,Commodities,190
2025-12-28,Crypto,26507
2025-12-28,Economics,6336
2025-12-28,Financials,150
2025-12-28,Football,37346428
2025-12-28,Other,0
2025-12-28,Politics,842
2025-12-28,Science and Technology,50
2025-12-28,Weather,1269148
2025-12-29,Basketball (pro),0
2025-12-29,Commodities,13929
2025-12-29,Crypto,70408
2025-12-29,Economics,20843
2025-12-29,Financials,29608
2025-12-29,Football,0
2025-12-29,Other,0
2025-12-29,Politics,12676
2025-12-29,Science and Technology,0
2025-12-29,Weather,2081658
2025-12-30,Basketball (pro),0
2025-12-30,Commodities,31134
2025-12-30,Crypto,65461
2025-12-30,Economics,37396
2025-12-30,Financials,40330
2025-12-30,Football,518397
2025-12-30,Other,0
2025-12-30,Politics,5823
2025-12-30,Science and Technology,1118
2025-12-30,Weather,2005712
2025-12-31,Basketball (pro),0
2025-12-31,Commodities,5010
2025-12-31,Crypto,53273
2025-12-31,Economics,36217
2025-12-31,Financials,38967
2025-12-31,Football,241253
2025-12-31,Other,0
2025-12-31,Politics,5326
2025-12-31,Science and Technology,510
2025-12-31,Weather,1577301
2026-01-01,Basketball (pro),0
2026-01-01,Commodities,100
2026-01-01,Crypto,41986
2026-01-01,Economics,32627
2026-01-01,Financials,0
2026-01-01,Football,314874
2026-01-01,Other,0
2026-01-01,Politics,9291
2026-01-01,Science and Technology,0
2026-01-01,Weather,1071430
2026-01-02,Basketball (pro),0
2026-01-02,Commodities,52282
2026-01-02,Crypto,77661
2026-01-02,Economics,63533
2026-01-02,Financials,46590
2026-01-02,Football,671978
2026-01-02,Other,0
2026-01-02,Politics,26312
2026-01-02,Science and Technology,59
2026-01-02,Weather,1197900
2026-01-03,Basketball (pro),0
2026-01-03,Commodities,0
2026-01-03,Crypto,2230
2026-01-03,Economics,27788
2026-01-03,Financials,100
2026-01-03,Football,6440164
2026-01-03,Other,0
2026-01-03,Politics,6356
2026-01-03,Science and Technology,120
2026-01-03,Weather,1194057
2026-01-04,Basketball (pro),0
2026-01-04,Commodities,172
2026-01-04,Crypto,18712
2026-01-04,Economics,8883
2026-01-04,Financials,0
2026-01-04,Football,49600649
2026-01-04,Other,0
2026-01-04,Politics,12451
2026-01-04,Science and Technology,120
2026-01-04,Weather,1127131
2026-01-05,Basketball (pro),0
2026-01-05,Commodities,62001
2026-01-05,Crypto,40838
2026-01-05,Economics,17313
2026-01-05,Financials,100262
2026-01-05,Football,107831
2026-01-05,Other,0
2026-01-05,Politics,18218
2026-01-05,Science and Technology,111
2026-01-05,Weather,1257239
2026-01-06,Basketball (pro),0
2026-01-06,Commodities,72866
2026-01-06,Crypto,69829
2026-01-06,Economics,29950
2026-01-06,Financials,65589
2026-01-06,Football,131778
2026-01-06,Other,0
2026-01-06,Politics,39244
2026-01-06,Science and Technology,5
2026-01-06,Weather,1064378
2026-01-07,Basketball (pro),0
2026-01-07,Commodities,67731
2026-01-07,Crypto,47333
2026-01-07,Economics,20851
2026-01-07,Financials,113830
2026-01-07,Football,83866
2026-01-07,Other,0
2026-01-07,Politics,13664
2026-01-07,Science and Technology,40
2026-01-07,Weather,1336126
2026-01-08,Basketball (pro),0
2026-01-08,Commodities,58423
2026-01-08,Crypto,88497
2026-01-08,Economics,60782
2026-01-08,Financials,105404
2026-01-08,Football,82842
2026-01-08,Other,0
2026-01-08,Politics,9944
2026-01-08,Science and Technology,308
2026-01-08,Weather,1331333
2026-01-09,Basketball (pro),0
2026-01-09,Commodities,25089
2026-01-09,Crypto,157807
2026-01-09,Economics,36940
2026-01-09,Financials,63660
2026-01-09,Football,311796
2026-01-09,Other,0
2026-01-09,Politics,11945
2026-01-09,Science and Technology,0
2026-01-09,Weather,1605047
2026-01-10,Basketball (pro),0
2026-01-10,Commodities,101
2026-01-10,Crypto,707
2026-01-10,Economics,13971
2026-01-10,Financials,0
2026-01-10,Football,296654
2026-01-10,Other,0
2026-01-10,Politics,611
2026-01-10,Science and Technology,101
2026-01-10,Weather,2097869
2026-01-11,Basketball (pro),0
2026-01-11,Commodities,100
2026-01-11,Crypto,12000
2026-01-11,Economics,2140
2026-01-11,Financials,10
2026-01-11,Football,19998756
2026-01-11,Other,0
2026-01-11,Politics,6630
2026-01-11,Science and Technology,0
2026-01-11,Weather,975696
2026-01-12,Basketball (pro),0
2026-01-12,Commodities,32757
2026-01-12,Crypto,96979
2026-01-12,Economics,116524
2026-01-12,Financials,68770
2026-01-12,Football,0
2026-01-12,Other,0
2026-01-12,Politics,18087
2026-01-12,Science and Technology,9
2026-01-12,Weather,1196941
2026-01-13,Basketball (pro),0
2026-01-13,Commodities,33581
2026-01-13,Crypto,82720
2026-01-13,Economics,86263
2026-01-13,Financials,81874
2026-01-13,Football,203471
2026-01-13,Other,0
2026-01-13,Politics,7819
2026-01-13,Science and Technology,101
2026-01-13,Weather,1606698
2026-01-14,Basketball (pro),0
2026-01-14,Commodities,55457
2026-01-14,Crypto,76039
2026-01-14,Economics,31626
2026-01-14,Financials,86687
2026-01-14,Football,163224
2026-01-14,Other,0
2026-01-14,Politics,37187
2026-01-14,Science and Technology,10
2026-01-14,Weather,1437662
2026-01-15,Basketball (pro),20
2026-01-15,Commodities,17286
2026-01-15,Crypto,160735
2026-01-15,Economics,19800
2026-01-15,Financials,49864
2026-01-15,Football,182202
2026-01-15,Other,0
2026-01-15,Politics,19652
2026-01-15,Science and Technology,0
2026-01-15,Weather,1453658
2026-01-16,Basketball (pro),0
2026-01-16,Commodities,33201
2026-01-16,Crypto,284613
2026-01-16,Economics,25465
2026-01-16,Financials,58145
2026-01-16,Football,247031
2026-01-16,Other,0
2026-01-16,Politics,91346
2026-01-16,Science and Technology,0
2026-01-16,Weather,1598563
2026-01-17,Basketball (pro),0
2026-01-17,Commodities,171
2026-01-17,Crypto,36327
2026-01-17,Economics,18829
2026-01-17,Financials,0
2026-01-17,Football,463562
2026-01-17,Other,0
2026-01-17,Politics,3652
2026-01-17,Science and Technology,0
2026-01-17,Weather,1220076
2026-01-18,Basketball (pro),0
2026-01-18,Commodities,601
2026-01-18,Crypto,33230
2026-01-18,Economics,12418
2026-01-18,Financials,10
2026-01-18,Football,18911369
2026-01-18,Other,0
2026-01-18,Politics,3195
2026-01-18,Science and Technology,0
2026-01-18,Weather,1007534
2026-01-19,Basketball (pro),0
2026-01-19,Commodities,18199
2026-01-19,Crypto,91893
2026-01-19,Economics,9553
2026-01-19,Financials,88998
2026-01-19,Football,4693200
2026-01-19,Other,0
2026-01-19,Politics,26424
2026-01-19,Science and Technology,0
2026-01-19,Weather,1665122
2026-01-20,Basketball (pro),1250
2026-01-20,Commodities,94893
2026-01-20,Crypto,161234
2026-01-20,Economics,32502
2026-01-20,Financials,145386
2026-01-20,Football,0
2026-01-20,Other,0
2026-01-20,Politics,24912
2026-01-20,Science and Technology,0
2026-01-20,Weather,1759169
2026-01-21,Basketball (pro),1002
2026-01-21,Commodities,12456
2026-01-21,Crypto,177593
2026-01-21,Economics,33368
2026-01-21,Financials,56683
2026-01-21,Football,0
2026-01-21,Other,0
2026-01-21,Politics,35975
2026-01-21,Science and Technology,0
2026-01-21,Weather,1599631
2026-01-22,Basketball (pro),0
2026-01-22,Commodities,26049
2026-01-22,Crypto,137592
2026-01-22,Economics,25897
2026-01-22,Financials,103452
2026-01-22,Football,0
2026-01-22,Other,0
2026-01-22,Politics,19966
2026-01-22,Science and Technology,0
2026-01-22,Weather,1871499
2026-01-23,Basketball (pro),0
2026-01-23,Commodities,32845
2026-01-23,Crypto,275335
2026-01-23,Economics,23553
2026-01-23,Financials,75344
2026-01-23,Football,0
2026-01-23,Other,0
2026-01-23,Politics,13069
2026-01-23,Science and Technology,0
2026-01-23,Weather,1847824
2026-01-24,Basketball (pro),0
2026-01-24,Commodities,100
2026-01-24,Crypto,38911
2026-01-24,Economics,27490
2026-01-24,Financials,0
2026-01-24,Football,0
2026-01-24,Other,0
2026-01-24,Politics,9604
2026-01-24,Science and Technology,15
2026-01-24,Weather,1216029
2026-01-25,Basketball (pro),0
2026-01-25,Commodities,349
2026-01-25,Crypto,113151
2026-01-25,Economics,29901
2026-01-25,Financials,60
2026-01-25,Football,0
2026-01-25,Other,0
2026-01-25,Politics,5284
2026-01-25,Science and Technology,0
2026-01-25,Weather,1130082
2026-01-26,Basketball (pro),0
2026-01-26,Commodities,39653
2026-01-26,Crypto,176682
2026-01-26,Economics,36530
2026-01-26,Financials,60290
2026-01-26,Football,0
2026-01-26,Other,0
2026-01-26,Politics,12299
2026-01-26,Science and Technology,65
2026-01-26,Weather,1542375
2026-01-27,Basketball (pro),0
2026-01-27,Commodities,23832
2026-01-27,Crypto,134940
2026-01-27,Economics,21719
2026-01-27,Financials,22769
2026-01-27,Football,0
2026-01-27,Other,0
2026-01-27,Politics,13717
2026-01-27,Science and Technology,0
2026-01-27,Weather,1412873
2026-01-28,Basketball (pro),0
2026-01-28,Commodities,36439
2026-01-28,Crypto,98755
2026-01-28,Economics,50971
2026-01-28,Financials,67256
2026-01-28,Football,0
2026-01-28,Other,0
2026-01-28,Politics,9444
2026-01-28,Science and Technology,100
2026-01-28,Weather,1461212
2026-01-29,Basketball (pro),0
2026-01-29,Commodities,19316
2026-01-29,Crypto,185500
2026-01-29,Economics,17695
2026-01-29,Financials,37081
2026-01-29,Football,0
2026-01-29,Other,0
2026-01-29,Politics,17602
2026-01-29,Science and Technology,179
2026-01-29,Weather,1349566
2026-01-30,Basketball (pro),22
2026-01-30,Commodities,16198
2026-01-30,Crypto,221360
2026-01-30,Economics,22691
2026-01-30,Financials,32178
2026-01-30,Football,0
2026-01-30,Other,0
2026-01-30,Politics,95629
2026-01-30,Science and Technology,0
2026-01-30,Weather,1498403
2026-01-31,Basketball (pro),67659
2026-01-31,Commodities,0
2026-01-31,Crypto,188429
2026-01-31,Economics,13868
2026-01-31,Financials,0
2026-01-31,Football,0
2026-01-31,Other,0
2026-01-31,Politics,435
2026-01-31,Science and Technology,102
2026-01-31,Weather,850245
2026-02-01,Basketball (pro),0
2026-02-01,Commodities,1274
2026-02-01,Crypto,284017
2026-02-01,Economics,38623
2026-02-01,Financials,0
2026-02-01,Football,0
2026-02-01,Other,0
2026-02-01,Politics,5848
2026-02-01,Science and Technology,0
2026-02-01,Weather,806562
2026-02-02,Basketball (pro),0
2026-02-02,Commodities,11183
2026-02-02,Crypto,407990
2026-02-02,Economics,21928
2026-02-02,Financials,15285
2026-02-02,Football,0
2026-02-02,Other,0
2026-02-02,Politics,10205
2026-02-02,Science and Technology,0
2026-02-02,Weather,1359360
2026-02-03,Basketball (pro),18158
2026-02-03,Commodities,15589
2026-02-03,Crypto,201245
2026-02-03,Economics,8089
2026-02-03,Financials,22453
2026-02-03,Football,0
2026-02-03,Other,0
2026-02-03,Politics,17601
2026-02-03,Science and Technology,0
2026-02-03,Weather,1791530
2026-02-04,Basketball (pro),10340
2026-02-04,Commodities,19204
2026-02-04,Crypto,284321
2026-02-04,Economics,7993
2026-02-04,Financials,125328
2026-02-04,Football,0
2026-02-04,Other,0
2026-02-04,Politics,23546
2026-02-04,Science and Technology,0
2026-02-04,Weather,1472949
2026-02-05,Basketball (pro),81811
2026-02-05,Commodities,49311
2026-02-05,Crypto,397518
2026-02-05,Economics,29367
2026-02-05,Financials,81079
2026-02-05,Football,0
2026-02-05,Other,0
2026-02-05,Politics,38707
2026-02-05,Science and Technology,0
2026-02-05,Weather,1524649
2026-02-06,Basketball (pro),647848
2026-02-06,Commodities,54804
2026-02-06,Crypto,436239
2026-02-06,Economics,4435
2026-02-06,Financials,37782
2026-02-06,Football,0
2026-02-06,Other,0
2026-02-06,Politics,9586
2026-02-06,Science and Technology,0
2026-02-06,Weather,1284400
2026-02-07,Basketball (pro),0
2026-02-07,Commodities,2261
2026-02-07,Crypto,90617
2026-02-07,Economics,4978
2026-02-07,Financials,0
2026-02-07,Football,0
2026-02-07,Other,0
2026-02-07,Politics,4858
2026-02-07,Science and Technology,0
2026-02-07,Weather,1562321
2026-02-08,Basketball (pro),0
2026-02-08,Commodities,4579
2026-02-08,Crypto,79451
2026-02-08,Economics,11695
2026-02-08,Financials,0
2026-02-08,Football,0
2026-02-08,Other,0
2026-02-08,Politics,2782
2026-02-08,Science and Technology,0
2026-02-08,Weather,1730192
2026-02-09,Basketball (pro),0
2026-02-09,Commodities,19179
2026-02-09,Crypto,225510
2026-02-09,Economics,6955
2026-02-09,Financials,56830
2026-02-09,Football,0
2026-02-09,Other,0
2026-02-09,Politics,8328
2026-02-09,Science and Technology,0
2026-02-09,Weather,1400374
2026-02-10,Basketball (pro),0
2026-02-10,Commodities,47063
2026-02-10,Crypto,173579
2026-02-10,Economics,7334
2026-02-10,Financials,72010
2026-02-10,Football,0
2026-02-10,Other,0
2026-02-10,Politics,39259
2026-02-10,Science and Technology,0
2026-02-10,Weather,1399872
2026-02-11,Basketball (pro),5942
2026-02-11,Commodities,29859
2026-02-11,Crypto,161498
2026-02-11,Economics,34903
2026-02-11,Financials,20203
2026-02-11,Football,0
2026-02-11,Other,0
2026-02-11,Politics,4186
2026-02-11,Science and Technology,0
2026-02-11,Weather,1421609
2026-02-12,Basketball (pro),1324472
2026-02-12,Commodities,56140
2026-02-12,Crypto,122327
2026-02-12,Economics,19885
2026-02-12,Financials,43690
2026-02-12,Football,0
2026-02-12,Other,0
2026-02-12,Politics,56738
2026-02-12,Science and Technology,0
2026-02-12,Weather,1284566
2026-02-13,Basketball (pro),12041744
2026-02-13,Commodities,23131
2026-02-13,Crypto,199559
2026-02-13,Economics,18725
2026-02-13,Financials,52641
2026-02-13,Football,0
2026-02-13,Other,0
2026-02-13,Politics,12546
2026-02-13,Science and Technology,0
2026-02-13,Weather,1129841
2026-02-14,Basketball (pro),0
2026-02-14,Commodities,7961
2026-02-14,Crypto,59261
2026-02-14,Economics,1987
2026-02-14,Financials,280
2026-02-14,Football,0
2026-02-14,Other,0
2026-02-14,Politics,10498
2026-02-14,Science and Technology,0
2026-02-14,Weather,1380939
2026-02-15,Basketball (pro),0
2026-02-15,Commodities,9872
2026-02-15,Crypto,85392
2026-02-15,Economics,5833
2026-02-15,Financials,10
2026-02-15,Football,0
2026-02-15,Other,0
2026-02-15,Politics,4062
2026-02-15,Science and Technology,1
2026-02-15,Weather,1498012
2026-02-16,Basketball (pro),0
2026-02-16,Commodities,24840
2026-02-16,Crypto,102213
2026-02-16,Economics,8642
2026-02-16,Financials,22556
2026-02-16,Football,0
2026-02-16,Other,0
2026-02-16,Politics,2828
2026-02-16,Science and Technology,0
2026-02-16,Weather,1542541
2026-02-17,Basketball (pro),0
2026-02-17,Commodities,97650
2026-02-17,Crypto,227879
2026-02-17,Economics,11095
2026-02-17,Financials,24973
2026-02-17,Football,0
2026-02-17,Other,0
2026-02-17,Politics,13746
2026-02-17,Science and Technology,0
2026-02-17,Weather,1528733
2026-02-18,Basketball (pro),0
2026-02-18,Commodities,48688
2026-02-18,Crypto,271614
2026-02-18,Economics,13599
2026-02-18,Financials,50877
2026-02-18,Football,0
2026-02-18,Other,0
2026-02-18,Politics,10856
2026-02-18,Science and Technology,0
2026-02-18,Weather,1618198
2026-02-19,Basketball (pro),0
2026-02-19,Commodities,81266
2026-02-19,Crypto,181861
2026-02-19,Economics,20277
2026-02-19,Financials,80818
2026-02-19,Football,0
2026-02-19,Other,0
2026-02-19,Politics,18778
2026-02-19,Science and Technology,0
2026-02-19,Weather,1536210
2026-02-20,Basketball (pro),0
2026-02-20,Commodities,115384
2026-02-20,Crypto,207404
2026-02-20,Economics,41209
2026-02-20,Financials,90212
2026-02-20,Football,0
2026-02-20,Other,0
2026-02-20,Politics,18743
2026-02-20,Science and Technology,0
2026-02-20,Weather,2012940
2026-02-21,Basketball (pro),0
2026-02-21,Commodities,38066
2026-02-21,Crypto,130161
2026-02-21,Economics,4867
2026-02-21,Financials,20
2026-02-21,Football,0
2026-02-21,Other,0
2026-02-21,Politics,8330
2026-02-21,Science and Technology,0
2026-02-21,Weather,1496698
2026-02-22,Basketball (pro),0
2026-02-22,Commodities,18560
2026-02-22,Crypto,38437
2026-02-22,Economics,2212
2026-02-22,Financials,0
2026-02-22,Football,0
2026-02-22,Other,0
2026-02-22,Politics,296
2026-02-22,Science and Technology,0
2026-02-22,Weather,812450
2026-02-23,Basketball (pro),0
2026-02-23,Commodities,200164
2026-02-23,Crypto,309518
2026-02-23,Economics,20911
2026-02-23,Financials,50620
2026-02-23,Football,0
2026-02-23,Other,0
2026-02-23,Politics,11708
2026-02-23,Science and Technology,10
2026-02-23,Weather,1356586
2026-02-24,Basketball (pro),0
2026-02-24,Commodities,173142
2026-02-24,Crypto,113178
2026-02-24,Economics,35020
2026-02-24,Financials,74177
2026-02-24,Football,0
2026-02-24,Other,0
2026-02-24,Politics,63822
2026-02-24,Science and Technology,0
2026-02-24,Weather,1453165
2026-02-25,Basketball (pro),0
2026-02-25,Commodities,208249
2026-02-25,Crypto,133874
2026-02-25,Economics,12950
2026-02-25,Financials,57249
2026-02-25,Football,0
2026-02-25,Other,0
2026-02-25,Politics,25729
2026-02-25,Science and Technology,3
2026-02-25,Weather,1321296
2026-02-26,Basketball (pro),0
2026-02-26,Commodities,184137
2026-02-26,Crypto,126422
2026-02-26,Economics,16704
2026-02-26,Financials,63516
2026-02-26,Football,0
2026-02-26,Other,0
2026-02-26,Politics,37617
2026-02-26,Science and Technology,0
2026-02-26,Weather,1290947
2026-02-27,Basketball (pro),0
2026-02-27,Commodities,214708
2026-02-27,Crypto,161970
2026-02-27,Economics,27887
2026-02-27,Financials,133440
2026-02-27,Football,0
2026-02-27,Other,0
2026-02-27,Politics,2991
2026-02-27,Science and Technology,0
2026-02-27,Weather,1588138
2026-02-28,Basketball (pro),0
2026-02-28,Commodities,65761
2026-02-28,Crypto,184152
2026-02-28,Economics,1618
2026-02-28,Financials,203
2026-02-28,Football,0
2026-02-28,Other,0
2026-02-28,Politics,1893
2026-02-28,Science and Technology,0
2026-02-28,Weather,1313957
2026-03-01,Basketball (pro),0
2026-03-01,Commodities,33240
2026-03-01,Crypto,117945
2026-03-01,Economics,11104
2026-03-01,Financials,1077
2026-03-01,Football,0
2026-03-01,Other,0
2026-03-01,Politics,298
2026-03-01,Science and Technology,0
2026-03-01,Weather,1380946
2026-03-02,Basketball (pro),0
2026-03-02,Commodities,250685
2026-03-02,Crypto,84872
2026-03-02,Economics,16968
2026-03-02,Financials,165196
2026-03-02,Football,0
2026-03-02,Other,0
2026-03-02,Politics,3698
2026-03-02,Science and Technology,0
2026-03-02,Weather,1233865
2026-03-03,Basketball (pro),0
2026-03-03,Commodities,196596
2026-03-03,Crypto,158493
2026-03-03,Economics,70163
2026-03-03,Financials,158938
2026-03-03,Football,0
2026-03-03,Other,0
2026-03-03,Politics,9119
2026-03-03,Science and Technology,0
2026-03-03,Weather,966931
2026-03-04,Basketball (pro),0
2026-03-04,Commodities,304103
2026-03-04,Crypto,146545
2026-03-04,Economics,16167
2026-03-04,Financials,90999
2026-03-04,Football,0
2026-03-04,Other,10
2026-03-04,Politics,22577
2026-03-04,Science and Technology,15
2026-03-04,Weather,1240228
2026-03-05,Basketball (pro),0
2026-03-05,Commodities,237670
2026-03-05,Crypto,118348
2026-03-05,Economics,7919
2026-03-05,Financials,82960
2026-03-05,Football,0
2026-03-05,Other,0
2026-03-05,Politics,38359
2026-03-05,Science and Technology,0
2026-03-05,Weather,1188815
2026-03-06,Basketball (pro),0
2026-03-06,Commodities,186227
2026-03-06,Crypto,151063
2026-03-06,Economics,35846
2026-03-06,Financials,110424
2026-03-06,Football,0
2026-03-06,Other,0
2026-03-06,Politics,287036
2026-03-06,Science and Technology,0
2026-03-06,Weather,1151859
2026-03-07,Basketball (pro),0
2026-03-07,Commodities,5284
2026-03-07,Crypto,122180
2026-03-07,Economics,7262
2026-03-07,Financials,1
2026-03-07,Football,0
2026-03-07,Other,0
2026-03-07,Politics,23801
2026-03-07,Science and Technology,0
2026-03-07,Weather,1042346
2026-03-08,Basketball (pro),0
2026-03-08,Commodities,6456
2026-03-08,Crypto,72567
2026-03-08,Economics,5307
2026-03-08,Financials,16
2026-03-08,Football,0
2026-03-08,Other,0
2026-03-08,Politics,9628
2026-03-08,Science and Technology,0
2026-03-08,Weather,519168
2026-03-09,Basketball (pro),0
2026-03-09,Commodities,176623
2026-03-09,Crypto,86820
2026-03-09,Economics,13473
2026-03-09,Financials,138511
2026-03-09,Football,0
2026-03-09,Other,0
2026-03-09,Politics,14057
2026-03-09,Science and Technology,0
2026-03-09,Weather,807280
2026-03-10,Basketball (pro),0
2026-03-10,Commodities,134857
2026-03-10,Crypto,102403
2026-03-10,Economics,10749
2026-03-10,Financials,64636
2026-03-10,Football,0
2026-03-10,Other,0
2026-03-10,Politics,30465
2026-03-10,Science and Technology,0
2026-03-10,Weather,966949
2026-03-11,Basketball (pro),0
2026-03-11,Commodities,122464
2026-03-11,Crypto,106332
2026-03-11,Economics,21460
2026-03-11,Financials,137978
2026-03-11,Football,0
2026-03-11,Other,0
2026-03-11,Politics,34586
2026-03-11,Science and Technology,0
2026-03-11,Weather,1089614
2026-03-12,Basketball (pro),0
2026-03-12,Commodities,147478
2026-03-12,Crypto,98374
2026-03-12,Economics,25299
2026-03-12,Financials,119297
2026-03-12,Football,0
2026-03-12,Other,0
2026-03-12,Politics,46785
2026-03-12,Science and Technology,0
2026-03-12,Weather,1488386
2026-03-13,Basketball (pro),0
2026-03-13,Commodities,172406
2026-03-13,Crypto,570210
2026-03-13,Economics,12421
2026-03-13,Financials,74784
2026-03-13,Football,0
2026-03-13,Other,0
2026-03-13,Politics,9672
2026-03-13,Science and Technology,0
2026-03-13,Weather,1073600
2026-03-14,Basketball (pro),0
2026-03-14,Commodities,3015
2026-03-14,Crypto,83319
2026-03-14,Economics,27517
2026-03-14,Financials,29
2026-03-14,Football,0
2026-03-14,Other,0
2026-03-14,Politics,18668
2026-03-14,Science and Technology,0
2026-03-14,Weather,854771
2026-03-15,Basketball (pro),0
2026-03-15,Commodities,2208
2026-03-15,Crypto,35762
2026-03-15,Economics,3438
2026-03-15,Financials,32
2026-03-15,Football,0
2026-03-15,Other,0
2026-03-15,Politics,3800
2026-03-15,Science and Technology,0
2026-03-15,Weather,1081200
2026-03-16,Basketball (pro),0
2026-03-16,Commodities,152797
2026-03-16,Crypto,92574
2026-03-16,Economics,17720
2026-03-16,Financials,194275
2026-03-16,Football,0
2026-03-16,Other,0
2026-03-16,Politics,4105
2026-03-16,Science and Technology,0
2026-03-16,Weather,1114243
2026-03-17,Basketball (pro),0
2026-03-17,Commodities,76041
2026-03-17,Crypto,78528
2026-03-17,Economics,22155
2026-03-17,Financials,77126
2026-03-17,Football,0
2026-03-17,Other,0
2026-03-17,Politics,12177
2026-03-17,Science and Technology,0
2026-03-17,Weather,1325661
2026-03-18,Basketball (pro),0
2026-03-18,Commodities,188412
2026-03-18,Crypto,81473
2026-03-18,Economics,88388
2026-03-18,Financials,85921
2026-03-18,Football,0
2026-03-18,Other,0
2026-03-18,Politics,20135
2026-03-18,Science and Technology,0
2026-03-18,Weather,1152791
2026-03-19,Basketball (pro),0
2026-03-19,Commodities,168929
2026-03-19,Crypto,105675
2026-03-19,Economics,18205
2026-03-19,Financials,153189
2026-03-19,Football,0
2026-03-19,Other,0
2026-03-19,Politics,12878
2026-03-19,Science and Technology,0
2026-03-19,Weather,818965
2026-03-20,Basketball (pro),0
2026-03-20,Commodities,185667
2026-03-20,Crypto,138635
2026-03-20,Economics,9680
2026-03-20,Financials,105627
2026-03-20,Football,0
2026-03-20,Other,0
2026-03-20,Politics,15259
2026-03-20,Science and Technology,0
2026-03-20,Weather,1230018
2026-03-21,Basketball (pro),0
2026-03-21,Commodities,1608
2026-03-21,Crypto,92050
2026-03-21,Economics,3190
2026-03-21,Financials,18
2026-03-21,Football,0
2026-03-21,Other,0
2026-03-21,Politics,8637
2026-03-21,Science and Technology,0
2026-03-21,Weather,610839
2026-03-22,Basketball (pro),0
2026-03-22,Commodities,1634
2026-03-22,Crypto,74700
2026-03-22,Economics,2090
2026-03-22,Financials,1
2026-03-22,Football,0
2026-03-22,Other,0
2026-03-22,Politics,34347
2026-03-22,Science and Technology,0
2026-03-22,Weather,668292
2026-03-23,Basketball (pro),0
2026-03-23,Commodities,216816
2026-03-23,Crypto,47212
2026-03-23,Economics,12973
2026-03-23,Financials,52816
2026-03-23,Football,0
2026-03-23,Other,0
2026-03-23,Politics,7020
2026-03-23,Science and Technology,0
2026-03-23,Weather,814058
2026-03-24,Basketball (pro),0
2026-03-24,Commodities,131765
2026-03-24,Crypto,66895
2026-03-24,Economics,20022
2026-03-24,Financials,91758
2026-03-24,Football,0
2026-03-24,Other,0
2026-03-24,Politics,14905
2026-03-24,Science and Technology,0
2026-03-24,Weather,777154
2026-03-25,Basketball (pro),0
2026-03-25,Commodities,127014
2026-03-25,Crypto,44490
2026-03-25,Economics,20872
2026-03-25,Financials,86406
2026-03-25,Football,0
2026-03-25,Other,0
2026-03-25,Politics,11555
2026-03-25,Science and Technology,0
2026-03-25,Weather,759713
2026-03-26,Basketball (pro),0
2026-03-26,Commodities,97399
2026-03-26,Crypto,49450
2026-03-26,Economics,6546
2026-03-26,Financials,70745
2026-03-26,Football,0
2026-03-26,Other,0
2026-03-26,Politics,38760
2026-03-26,Science and Technology,100
2026-03-26,Weather,806830
2026-03-27,Basketball (pro),0
2026-03-27,Commodities,179898
2026-03-27,Crypto,193768
2026-03-27,Economics,21596
2026-03-27,Financials,104293
2026-03-27,Football,0
2026-03-27,Other,0
2026-03-27,Politics,24787
2026-03-27,Science and Technology,185
2026-03-27,Weather,990418
2026-03-28,Basketball (pro),0
2026-03-28,Commodities,2790
2026-03-28,Crypto,157722
2026-03-28,Economics,4188
2026-03-28,Financials,115
2026-03-28,Football,0
2026-03-28,Other,0
2026-03-28,Politics,12473
2026-03-28,Science and Technology,0
2026-03-28,Weather,767504
2026-03-29,Basketball (pro),0
2026-03-29,Commodities,3883
2026-03-29,Crypto,76336
2026-03-29,Economics,14795
2026-03-29,Financials,167
2026-03-29,Football,0
2026-03-29,Other,0
2026-03-29,Politics,5873
2026-03-29,Science and Technology,0
2026-03-29,Weather,724348
2026-03-30,Basketball (pro),0
2026-03-30,Commodities,176046
2026-03-30,Crypto,24482
2026-03-30,Economics,21502
2026-03-30,Financials,88688
2026-03-30,Football,0
2026-03-30,Other,0
2026-03-30,Politics,46114
2026-03-30,Science and Technology,3
2026-03-30,Weather,749358
2026-03-31,Basketball (pro),0
2026-03-31,Commodities,137286
2026-03-31,Crypto,34263
2026-03-31,Economics,4588
2026-03-31,Financials,31886
2026-03-31,Football,0
2026-03-31,Other,0
2026-03-31,Politics,21134
2026-03-31,Science and Technology,1
2026-03-31,Weather,815158
2026-04-01,Basketball (pro),0
2026-04-01,Commodities,127541
2026-04-01,Crypto,39821
2026-04-01,Economics,9764
2026-04-01,Financials,49562
2026-04-01,Football,0
2026-04-01,Other,0
2026-04-01,Politics,15604
2026-04-01,Science and Technology,0
2026-04-01,Weather,792071
2026-04-02,Basketball (pro),0
2026-04-02,Commodities,161602
2026-04-02,Crypto,60615
2026-04-02,Economics,10673
2026-04-02,Financials,63323
2026-04-02,Football,0
2026-04-02,Other,0
2026-04-02,Politics,36102
2026-04-02,Science and Technology,0
2026-04-02,Weather,613156
2026-04-03,Basketball (pro),0
2026-04-03,Commodities,1570
2026-04-03,Crypto,33920
2026-04-03,Economics,34934
2026-04-03,Financials,14090
2026-04-03,Football,0
2026-04-03,Other,0
2026-04-03,Politics,10818
2026-04-03,Science and Technology,0
2026-04-03,Weather,1045378
2026-04-04,Basketball (pro),0
2026-04-04,Commodities,8
2026-04-04,Crypto,118572
2026-04-04,Economics,2926
2026-04-04,Financials,22
2026-04-04,Football,0
2026-04-04,Other,0
2026-04-04,Politics,4477
2026-04-04,Science and Technology,0
2026-04-04,Weather,1145632
2026-04-05,Basketball (pro),0
2026-04-05,Commodities,2272
2026-04-05,Crypto,20555
2026-04-05,Economics,1809
2026-04-05,Financials,142
2026-04-05,Football,0
2026-04-05,Other,0
2026-04-05,Politics,2072
2026-04-05,Science and Technology,0
2026-04-05,Weather,902671
2026-04-06,Basketball (pro),0
2026-04-06,Commodities,124309
2026-04-06,Crypto,38438
2026-04-06,Economics,16295
2026-04-06,Financials,33328
2026-04-06,Football,0
2026-04-06,Other,0
2026-04-06,Politics,7783
2026-04-06,Science and Technology,0
2026-04-06,Weather,909332
2026-04-07,Basketball (pro),0
2026-04-07,Commodities,236340
2026-04-07,Crypto,45311
2026-04-07,Economics,12182
2026-04-07,Financials,68669
2026-04-07,Football,0
2026-04-07,Other,0
2026-04-07,Politics,3485
2026-04-07,Science and Technology,0
2026-04-07,Weather,989408
2026-04-08,Basketball (pro),0
2026-04-08,Commodities,314103
2026-04-08,Crypto,39467
2026-04-08,Economics,10773
2026-04-08,Financials,160543
2026-04-08,Football,0
2026-04-08,Other,0
2026-04-08,Politics,10476
2026-04-08,Science and Technology,0
2026-04-08,Weather,815995
2026-04-09,Basketball (pro),0
2026-04-09,Commodities,243074
2026-04-09,Crypto,40452
2026-04-09,Economics,9826
2026-04-09,Financials,68880
2026-04-09,Football,0
2026-04-09,Other,0
2026-04-09,Politics,18594
2026-04-09,Science and Technology,0
2026-04-09,Weather,997800
2026-04-10,Basketball (pro),0
2026-04-10,Commodities,110276
2026-04-10,Crypto,40681
2026-04-10,Economics,52498
2026-04-10,Financials,45956
2026-04-10,Football,0
2026-04-10,Other,0
2026-04-10,Politics,5912
2026-04-10,Science and Technology,0
2026-04-10,Weather,767422
2026-04-11,Basketball (pro),0
2026-04-11,Commodities,915
2026-04-11,Crypto,205907
2026-04-11,Economics,23831
2026-04-11,Financials,57
2026-04-11,Football,0
2026-04-11,Other,0
2026-04-11,Politics,18303
2026-04-11,Science and Technology,0
2026-04-11,Weather,680800
2026-04-12,Basketball (pro),0
2026-04-12,Commodities,6420
2026-04-12,Crypto,81778
2026-04-12,Economics,4396
2026-04-12,Financials,404
2026-04-12,Football,0
2026-04-12,Other,0
2026-04-12,Politics,595
2026-04-12,Science and Technology,0
2026-04-12,Weather,819130
2026-04-13,Basketball (pro),0
2026-04-13,Commodities,81177
2026-04-13,Crypto,57151
2026-04-13,Economics,17585
2026-04-13,Financials,41850
2026-04-13,Football,0
2026-04-13,Other,0
2026-04-13,Politics,10940
2026-04-13,Science and Technology,0
2026-04-13,Weather,596627
2026-04-14,Basketball (pro),0
2026-04-14,Commodities,99442
2026-04-14,Crypto,32701
2026-04-14,Economics,28676
2026-04-14,Financials,53262
2026-04-14,Football,0
2026-04-14,Other,0
2026-04-14,Politics,24472
2026-04-14,Science and Technology,0
2026-04-14,Weather,895381
2026-04-15,Basketball (pro),0
2026-04-15,Commodities,103532
2026-04-15,Crypto,36212
2026-04-15,Economics,8811
2026-04-15,Financials,39377
2026-04-15,Football,0
2026-04-15,Other,0
2026-04-15,Politics,16604
2026-04-15,Science and Technology,0
2026-04-15,Weather,1096498
2026-04-16,Basketball (pro),0
2026-04-16,Commodities,97245
2026-04-16,Crypto,85243
2026-04-16,Economics,10344
2026-04-16,Financials,75365
2026-04-16,Football,0
2026-04-16,Other,0
2026-04-16,Politics,409610
2026-04-16,Science and Technology,2
2026-04-16,Weather,1154165
2026-04-17,Basketball (pro),0
2026-04-17,Commodities,165198
2026-04-17,Crypto,118244
2026-04-17,Economics,10913
2026-04-17,Financials,74185
2026-04-17,Football,0
2026-04-17,Other,0
2026-04-17,Politics,8630
2026-04-17,Science and Technology,0
2026-04-17,Weather,1099346
2026-04-18,Basketball (pro),0
2026-04-18,Commodities,1601
2026-04-18,Crypto,174009
2026-04-18,Economics,7536
2026-04-18,Financials,6
2026-04-18,Football,0
2026-04-18,Other,0
2026-04-18,Politics,114450
2026-04-18,Science and Technology,1
2026-04-18,Weather,1041185
2026-04-19,Basketball (pro),0
2026-04-19,Commodities,3111
2026-04-19,Crypto,21335
2026-04-19,Economics,4043
2026-04-19,Financials,417
2026-04-19,Football,0
2026-04-19,Other,0
2026-04-19,Politics,8751
2026-04-19,Science and Technology,10
2026-04-19,Weather,771272
2026-04-20,Basketball (pro),0
2026-04-20,Commodities,116590
2026-04-20,Crypto,58133
2026-04-20,Economics,13850
2026-04-20,Financials,58874
2026-04-20,Football,0
2026-04-20,Other,0
2026-04-20,Politics,64222
2026-04-20,Science and Technology,0
2026-04-20,Weather,893148
2026-04-21,Basketball (pro),0
2026-04-21,Commodities,125451
2026-04-21,Crypto,62060
2026-04-21,Economics,90191
2026-04-21,Financials,50549
2026-04-21,Football,0
2026-04-21,Other,0
2026-04-21,Politics,13060
2026-04-21,Science and Technology,0
2026-04-21,Weather,768586
2026-04-22,Basketball (pro),0
2026-04-22,Commodities,118368
2026-04-22,Crypto,73473
2026-04-22,Economics,42855
2026-04-22,Financials,50883
2026-04-22,Football,0
2026-04-22,Other,0
2026-04-22,Politics,5461
2026-04-22,Science and Technology,0
2026-04-22,Weather,960610
2026-04-23,Basketball (pro),0
2026-04-23,Commodities,131714
2026-04-23,Crypto,55091
2026-04-23,Economics,45772
2026-04-23,Financials,80552
2026-04-23,Football,0
2026-04-23,Other,0
2026-04-23,Politics,2443
2026-04-23,Science and Technology,100
2026-04-23,Weather,717942
2026-04-24,Basketball (pro),0
2026-04-24,Commodities,102579
2026-04-24,Crypto,58495
2026-04-24,Economics,92832
2026-04-24,Financials,40137
2026-04-24,Football,0
2026-04-24,Other,0
2026-04-24,Politics,8408
2026-04-24,Science and Technology,0
2026-04-24,Weather,772478
2026-04-25,Basketball (pro),0
2026-04-25,Commodities,2710
2026-04-25,Crypto,169208
2026-04-25,Economics,38955
2026-04-25,Financials,2
2026-04-25,Football,0
2026-04-25,Other,0
2026-04-25,Politics,7455
2026-04-25,Science and Technology,210
2026-04-25,Weather,518729
2026-04-26,Basketball (pro),0
2026-04-26,Commodities,2267
2026-04-26,Crypto,74754
2026-04-26,Economics,9769
2026-04-26,Financials,3
2026-04-26,Football,0
2026-04-26,Other,0
2026-04-26,Politics,1545
2026-04-26,Science and Technology,3
2026-04-26,Weather,564418
2026-04-27,Basketball (pro),0
2026-04-27,Commodities,72289
2026-04-27,Crypto,77465
2026-04-27,Economics,12358
2026-04-27,Financials,39900
2026-04-27,Football,0
2026-04-27,Other,0
2026-04-27,Politics,20723
2026-04-27,Science and Technology,31
2026-04-27,Weather,553518
2026-04-28,Basketball (pro),0
2026-04-28,Commodities,79556
2026-04-28,Crypto,52331
2026-04-28,Economics,64916
2026-04-28,Financials,34796
2026-04-28,Football,0
2026-04-28,Other,0
2026-04-28,Politics,85759
2026-04-28,Science and Technology,100
2026-04-28,Weather,595663
2026-04-29,Basketball (pro),0
2026-04-29,Commodities,76157
2026-04-29,Crypto,43439
2026-04-29,Economics,32506
2026-04-29,Financials,62338
2026-04-29,Football,0
2026-04-29,Other,0
2026-04-29,Politics,161078
2026-04-29,Science and Technology,0
2026-04-29,Weather,757609
2026-04-30,Basketball (pro),0
2026-04-30,Commodities,98594
2026-04-30,Crypto,36650
2026-04-30,Economics,36326
2026-04-30,Financials,167706
2026-04-30,Football,0
2026-04-30,Other,0
2026-04-30,Politics,109497
2026-04-30,Science and Technology,0
2026-04-30,Weather,549125
2026-05-01,Basketball (pro),0
2026-05-01,Commodities,72937
2026-05-01,Crypto,96353
2026-05-01,Economics,20764
2026-05-01,Financials,70915
2026-05-01,Football,0
2026-05-01,Other,0
2026-05-01,Politics,139514
2026-05-01,Science and Technology,0
2026-05-01,Weather,630698
2026-05-02,Basketball (pro),0
2026-05-02,Commodities,1127
2026-05-02,Crypto,212482
2026-05-02,Economics,8070
2026-05-02,Financials,71
2026-05-02,Football,0
2026-05-02,Other,0
2026-05-02,Politics,14075
2026-05-02,Science and Technology,0
2026-05-02,Weather,410265
2026-05-03,Basketball (pro),0
2026-05-03,Commodities,3446
2026-05-03,Crypto,84219
2026-05-03,Economics,23811
2026-05-03,Financials,37
2026-05-03,Football,0
2026-05-03,Other,0
2026-05-03,Politics,22805
2026-05-03,Science and Technology,0
2026-05-03,Weather,567841
2026-05-04,Basketball (pro),0
2026-05-04,Commodities,164771
2026-05-04,Crypto,88724
2026-05-04,Economics,15896
2026-05-04,Financials,73967
2026-05-04,Football,0
2026-05-04,Other,0
2026-05-04,Politics,16481
2026-05-04,Science and Technology,0
2026-05-04,Weather,456670
2026-05-05,Basketball (pro),0
2026-05-05,Commodities,108145
2026-05-05,Crypto,95000
2026-05-05,Economics,23821
2026-05-05,Financials,69326
2026-05-05,Football,0
2026-05-05,Other,0
2026-05-05,Politics,127073
2026-05-05,Science and Technology,0
2026-05-05,Weather,520944
2026-05-06,Basketball (pro),0
2026-05-06,Commodities,93026
2026-05-06,Crypto,52777
2026-05-06,Economics,10636
2026-05-06,Financials,72522
2026-05-06,Football,0
2026-05-06,Other,0
2026-05-06,Politics,80594
2026-05-06,Science and Technology,0
2026-05-06,Weather,612281
2026-05-07,Basketball (pro),0
2026-05-07,Commodities,113346
2026-05-07,Crypto,102943
2026-05-07,Economics,26109
2026-05-07,Financials,47096
2026-05-07,Football,0
2026-05-07,Other,0
2026-05-07,Politics,57652
2026-05-07,Science and Technology,0
2026-05-07,Weather,548385
2026-05-08,Basketball (pro),0
2026-05-08,Commodities,63926
2026-05-08,Crypto,173678
2026-05-08,Economics,30080
2026-05-08,Financials,141823
2026-05-08,Football,0
2026-05-08,Other,0
2026-05-08,Politics,99531
2026-05-08,Science and Technology,0
2026-05-08,Weather,518924
2026-05-09,Basketball (pro),0
2026-05-09,Commodities,1639
2026-05-09,Crypto,198088
2026-05-09,Economics,23779
2026-05-09,Financials,8
2026-05-09,Football,0
2026-05-09,Other,0
2026-05-09,Politics,43886
2026-05-09,Science and Technology,0
2026-05-09,Weather,387566
2026-05-10,Basketball (pro),0
2026-05-10,Commodities,1219
2026-05-10,Crypto,100569
2026-05-10,Economics,15741
2026-05-10,Financials,90
2026-05-10,Football,0
2026-05-10,Other,0
2026-05-10,Politics,8167
2026-05-10,Science and Technology,0
2026-05-10,Weather,485582
2026-05-11,Basketball (pro),0
2026-05-11,Commodities,119765
2026-05-11,Crypto,113806
2026-05-11,Economics,27497
2026-05-11,Financials,35450
2026-05-11,Football,0
2026-05-11,Other,0
2026-05-11,Politics,10541
2026-05-11,Science and Technology,0
2026-05-11,Weather,526626
2026-05-12,Basketball (pro),0
2026-05-12,Commodities,102083
2026-05-12,Crypto,123391
2026-05-12,Economics,33318
2026-05-12,Financials,69437
2026-05-12,Football,0
2026-05-12,Other,0
2026-05-12,Politics,24511
2026-05-12,Science and Technology,0
2026-05-12,Weather,558944
2026-05-13,Basketball (pro),0
2026-05-13,Commodities,110412
2026-05-13,Crypto,105713
2026-05-13,Economics,44856
2026-05-13,Financials,61190
2026-05-13,Football,0
2026-05-13,Other,0
2026-05-13,Politics,44629
2026-05-13,Science and Technology,0
2026-05-13,Weather,505933
2026-05-14,Basketball (pro),0
2026-05-14,Commodities,75238
2026-05-14,Crypto,109280
2026-05-14,Economics,59146
2026-05-14,Financials,64881
2026-05-14,Football,0
2026-05-14,Other,0
2026-05-14,Politics,19559
2026-05-14,Science and Technology,0
2026-05-14,Weather,555822
2026-05-15,Basketball (pro),0
2026-05-15,Commodities,149652
2026-05-15,Crypto,139796
2026-05-15,Economics,34735
2026-05-15,Financials,68685
2026-05-15,Football,0
2026-05-15,Other,0
2026-05-15,Politics,19293
2026-05-15,Science and Technology,0
2026-05-15,Weather,448692
2026-05-16,Basketball (pro),0
2026-05-16,Commodities,1376
2026-05-16,Crypto,142118
2026-05-16,Economics,13083
2026-05-16,Financials,44
2026-05-16,Football,0
2026-05-16,Other,0
2026-05-16,Politics,3913
2026-05-16,Science and Technology,0
2026-05-16,Weather,443323
2026-05-17,Basketball (pro),0
2026-05-17,Commodities,1088
2026-05-17,Crypto,27549
2026-05-17,Economics,4336
2026-05-17,Financials,99
2026-05-17,Football,0
2026-05-17,Other,0
2026-05-17,Politics,2985
2026-05-17,Science and Technology,0
2026-05-17,Weather,349454
2026-05-18,Basketball (pro),0
2026-05-18,Commodities,137523
2026-05-18,Crypto,69838
2026-05-18,Economics,20307
2026-05-18,Financials,157874
2026-05-18,Football,0
2026-05-18,Other,0
2026-05-18,Politics,17951
2026-05-18,Science and Technology,0
2026-05-18,Weather,416390
2026-05-19,Basketball (pro),0
2026-05-19,Commodities,122558
2026-05-19,Crypto,35082
2026-05-19,Economics,19603
2026-05-19,Financials,64930
2026-05-19,Football,0
2026-05-19,Other,0
2026-05-19,Politics,51712
2026-05-19,Science and Technology,0
2026-05-19,Weather,587205
2026-05-20,Basketball (pro),0
2026-05-20,Commodities,97872
2026-05-20,Crypto,40598
2026-05-20,Economics,22843
2026-05-20,Financials,87508
2026-05-20,Football,0
2026-05-20,Other,0
2026-05-20,Politics,52146
2026-05-20,Science and Technology,0
2026-05-20,Weather,507301
2026-05-21,Basketball (pro),0
2026-05-21,Commodities,82686
2026-05-21,Crypto,37378
2026-05-21,Economics,51311
2026-05-21,Financials,62704
2026-05-21,Football,0
2026-05-21,Other,0
2026-05-21,Politics,81059
2026-05-21,Science and Technology,0
2026-05-21,Weather,540763
2026-05-22,Basketball (pro),0
2026-05-22,Commodities,101044
2026-05-22,Crypto,40592
2026-05-22,Economics,40272
2026-05-22,Financials,91722
2026-05-22,Football,0
2026-05-22,Other,0
2026-05-22,Politics,48485
2026-05-22,Science and Technology,0
2026-05-22,Weather,535927
2026-05-23,Basketball (pro),0
2026-05-23,Commodities,1442
2026-05-23,Crypto,53303
2026-05-23,Economics,15865
2026-05-23,Financials,63
2026-05-23,Football,0
2026-05-23,Other,0
2026-05-23,Politics,20627
2026-05-23,Science and Technology,0
2026-05-23,Weather,452397
2026-05-24,Basketball (pro),0
2026-05-24,Commodities,2212
2026-05-24,Crypto,56839
2026-05-24,Economics,10954
2026-05-24,Financials,52
2026-05-24,Football,0
2026-05-24,Other,0
2026-05-24,Politics,11860
2026-05-24,Science and Technology,0
2026-05-24,Weather,328216
2026-05-25,Basketball (pro),0
2026-05-25,Commodities,10315
2026-05-25,Crypto,31211
2026-05-25,Economics,12433
2026-05-25,Financials,30565
2026-05-25,Football,0
2026-05-25,Other,0
2026-05-25,Politics,42075
2026-05-25,Science and Technology,0
2026-05-25,Weather,421870
2026-05-26,Basketball (pro),0
2026-05-26,Commodities,115085
2026-05-26,Crypto,87199
2026-05-26,Economics,14575
2026-05-26,Financials,180115
2026-05-26,Football,0
2026-05-26,Other,0
2026-05-26,Politics,16953
2026-05-26,Science and Technology,33
2026-05-26,Weather,392243
2026-05-27,Basketball (pro),0
2026-05-27,Commodities,106034
2026-05-27,Crypto,65189
2026-05-27,Economics,29288
2026-05-27,Financials,121671
2026-05-27,Football,0
2026-05-27,Other,0
2026-05-27,Politics,13652
2026-05-27,Science and Technology,292
2026-05-27,Weather,446545
2026-05-28,Basketball (pro),0
2026-05-28,Commodities,134087
2026-05-28,Crypto,95564
2026-05-28,Economics,33379
2026-05-28,Financials,108533
2026-05-28,Football,0
2026-05-28,Other,0
2026-05-28,Politics,18747
2026-05-28,Science and Technology,314
2026-05-28,Weather,495943
2026-05-29,Basketball (pro),0
2026-05-29,Commodities,99946
2026-05-29,Crypto,56573
2026-05-29,Economics,33138
2026-05-29,Financials,45055
2026-05-29,Football,0
2026-05-29,Other,0
2026-05-29,Politics,20302
2026-05-29,Science and Technology,326
2026-05-29,Weather,454310
2026-05-30,Basketball (pro),0
2026-05-30,Commodities,964
2026-05-30,Crypto,144730
2026-05-30,Economics,4552
2026-05-30,Financials,262
2026-05-30,Football,0
2026-05-30,Other,0
2026-05-30,Politics,10337
2026-05-30,Science and Technology,55
2026-05-30,Weather,417905
2026-05-31,Basketball (pro),0
2026-05-31,Commodities,646
2026-05-31,Crypto,33819
2026-05-31,Economics,9293
2026-05-31,Financials,200
2026-05-31,Football,0
2026-05-31,Other,0
2026-05-31,Politics,106800
2026-05-31,Science and Technology,372
2026-05-31,Weather,468221
2026-06-01,Basketball (pro),0
2026-06-01,Commodities,195523
2026-06-01,Crypto,119843
2026-06-01,Economics,11135
2026-06-01,Financials,50990
2026-06-01,Football,0
2026-06-01,Other,0
2026-06-01,Politics,38220
2026-06-01,Science and Technology,80
2026-06-01,Weather,488948
2026-06-02,Basketball (pro),0
2026-06-02,Commodities,115505
2026-06-02,Crypto,103767
2026-06-02,Economics,32040
2026-06-02,Financials,107422
2026-06-02,Football,0
2026-06-02,Other,0
2026-06-02,Politics,7793
2026-06-02,Science and Technology,10
2026-06-02,Weather,547765
2026-06-03,Basketball (pro),0
2026-06-03,Commodities,100754
2026-06-03,Crypto,70300
2026-06-03,Economics,20311
2026-06-03,Financials,81909
2026-06-03,Football,0
2026-06-03,Other,0
2026-06-03,Politics,33373
2026-06-03,Science and Technology,255
2026-06-03,Weather,747989
2026-06-04,Basketball (pro),0
2026-06-04,Commodities,74474
2026-06-04,Crypto,316780
2026-06-04,Economics,15144
2026-06-04,Financials,86214
2026-06-04,Football,0
2026-06-04,Other,0
2026-06-04,Politics,6227
2026-06-04,Science and Technology,0
2026-06-04,Weather,664586
2026-06-05,Basketball (pro),0
2026-06-05,Commodities,115020
2026-06-05,Crypto,175618
2026-06-05,Economics,21797
2026-06-05,Financials,124363
2026-06-05,Football,0
2026-06-05,Other,0
2026-06-05,Politics,7480
2026-06-05,Science and Technology,60
2026-06-05,Weather,617971
2026-06-06,Basketball (pro),0
2026-06-06,Commodities,2817
2026-06-06,Crypto,98264
2026-06-06,Economics,4105
2026-06-06,Financials,725
2026-06-06,Football,0
2026-06-06,Other,0
2026-06-06,Politics,3195
2026-06-06,Science and Technology,0
2026-06-06,Weather,502463
2026-06-07,Basketball (pro),0
2026-06-07,Commodities,1159
2026-06-07,Crypto,55976
2026-06-07,Economics,9140
2026-06-07,Financials,214
2026-06-07,Football,0
2026-06-07,Other,0
2026-06-07,Politics,1449
2026-06-07,Science and Technology,0
2026-06-07,Weather,506733
2026-06-08,Basketball (pro),0
2026-06-08,Commodities,61400
2026-06-08,Crypto,62629
2026-06-08,Economics,45473
2026-06-08,Financials,74851
2026-06-08,Football,0
2026-06-08,Other,0
2026-06-08,Politics,12320
2026-06-08,Science and Technology,10
2026-06-08,Weather,560448
2026-06-09,Basketball (pro),0
2026-06-09,Commodities,70099
2026-06-09,Crypto,75119
2026-06-09,Economics,46654
2026-06-09,Financials,73218
2026-06-09,Football,0
2026-06-09,Other,0
2026-06-09,Politics,12171
2026-06-09,Science and Technology,10
2026-06-09,Weather,427641
2026-06-10,Basketball (pro),0
2026-06-10,Commodities,94606
2026-06-10,Crypto,59514
2026-06-10,Economics,41422
2026-06-10,Financials,37075
2026-06-10,Football,0
2026-06-10,Other,0
2026-06-10,Politics,22759
2026-06-10,Science and Technology,10
2026-06-10,Weather,570411
2026-06-11,Basketball (pro),0
2026-06-11,Commodities,38648
2026-06-11,Crypto,46124
2026-06-11,Economics,21601
2026-06-11,Financials,41432
2026-06-11,Football,0
2026-06-11,Other,0
2026-06-11,Politics,5426
2026-06-11,Science and Technology,0
2026-06-11,Weather,539144
2026-06-12,Basketball (pro),0
2026-06-12,Commodities,92467
2026-06-12,Crypto,35003
2026-06-12,Economics,18889
2026-06-12,Financials,34404
2026-06-12,Football,0
2026-06-12,Other,0
2026-06-12,Politics,7640
2026-06-12,Science and Technology,30
2026-06-12,Weather,532096
2026-06-13,Basketball (pro),0
2026-06-13,Commodities,3364
2026-06-13,Crypto,48398
2026-06-13,Economics,10617
2026-06-13,Financials,525
2026-06-13,Football,0
2026-06-13,Other,0
2026-06-13,Politics,1901
2026-06-13,Science and Technology,10
2026-06-13,Weather,632380
2026-06-14,Basketball (pro),0
2026-06-14,Commodities,1760
2026-06-14,Crypto,23306
2026-06-14,Economics,4996
2026-06-14,Financials,306
2026-06-14,Football,0
2026-06-14,Other,0
2026-06-14,Politics,3339
2026-06-14,Science and Technology,20
2026-06-14,Weather,762896
2026-06-15,Basketball (pro),0
2026-06-15,Commodities,178441
2026-06-15,Crypto,34421
2026-06-15,Economics,58988
2026-06-15,Financials,41607
2026-06-15,Football,0
2026-06-15,Other,0
2026-06-15,Politics,6060
2026-06-15,Science and Technology,10
2026-06-15,Weather,759569
2026-06-16,Basketball (pro),0
2026-06-16,Commodities,101092
2026-06-16,Crypto,22631
2026-06-16,Economics,34369
2026-06-16,Financials,27630
2026-06-16,Football,0
2026-06-16,Other,0
2026-06-16,Politics,6887
2026-06-16,Science and Technology,0
2026-06-16,Weather,758011
2026-06-17,Basketball (pro),0
2026-06-17,Commodities,73683
2026-06-17,Crypto,30654
2026-06-17,Economics,73015
2026-06-17,Financials,50112
2026-06-17,Football,0
2026-06-17,Other,0
2026-06-17,Politics,9821
2026-06-17,Science and Technology,100
2026-06-17,Weather,803623
2026-06-18,Basketball (pro),0
2026-06-18,Commodities,110128
2026-06-18,Crypto,56221
2026-06-18,Economics,26053
2026-06-18,Financials,74218
2026-06-18,Football,0
2026-06-18,Other,0
2026-06-18,Politics,12807
2026-06-18,Science and Technology,130
2026-06-18,Weather,893446
2026-06-19,Basketball (pro),0
2026-06-19,Commodities,17325
2026-06-19,Crypto,31908
2026-06-19,Economics,4124
2026-06-19,Financials,2380
2026-06-19,Football,0
2026-06-19,Other,0
2026-06-19,Politics,3109
2026-06-19,Science and Technology,59
2026-06-19,Weather,1068953
2026-06-20,Basketball (pro),0
2026-06-20,Commodities,2254
2026-06-20,Crypto,23655
2026-06-20,Economics,4061
2026-06-20,Financials,500
2026-06-20,Football,0
2026-06-20,Other,0
2026-06-20,Politics,3615
2026-06-20,Science and Technology,0
2026-06-20,Weather,647656
2026-06-21,Basketball (pro),0
2026-06-21,Commodities,2805
2026-06-21,Crypto,20931
2026-06-21,Economics,5682
2026-06-21,Financials,53
2026-06-21,Football,0
2026-06-21,Other,0
2026-06-21,Politics,1480
2026-06-21,Science and Technology,0
2026-06-21,Weather,738821
2026-06-22,Basketball (pro),0
2026-06-22,Commodities,55505
2026-06-22,Crypto,25031
2026-06-22,Economics,7721
2026-06-22,Financials,24134
2026-06-22,Football,0
2026-06-22,Other,0
2026-06-22,Politics,2312
2026-06-22,Science and Technology,0
2026-06-22,Weather,738200
2026-06-23,Basketball (pro),0
2026-06-23,Commodities,64098
2026-06-23,Crypto,28743
2026-06-23,Economics,7965
2026-06-23,Financials,23218
2026-06-23,Football,0
2026-06-23,Other,0
2026-06-23,Politics,10782
2026-06-23,Science and Technology,1335
2026-06-23,Weather,902345
2026-06-24,Basketball (pro),0
2026-06-24,Commodities,57945
2026-06-24,Crypto,64402
2026-06-24,Economics,17614
2026-06-24,Financials,33260
2026-06-24,Football,0
2026-06-24,Other,0
2026-06-24,Politics,8635
2026-06-24,Science and Technology,630
2026-06-24,Weather,806270
2026-06-25,Basketball (pro),0
2026-06-25,Commodities,53097
2026-06-25,Crypto,46930
2026-06-25,Economics,61133
2026-06-25,Financials,20410
2026-06-25,Football,0
2026-06-25,Other,0
2026-06-25,Politics,3721
2026-06-25,Science and Technology,280
2026-06-25,Weather,1130888
2026-06-26,Basketball (pro),0
2026-06-26,Commodities,72694
2026-06-26,Crypto,77351
2026-06-26,Economics,47828
2026-06-26,Financials,14823
2026-06-26,Football,0
2026-06-26,Other,0
2026-06-26,Politics,15555
2026-06-26,Science and Technology,10
2026-06-26,Weather,735792
2026-06-27,Basketball (pro),0
2026-06-27,Commodities,3348
2026-06-27,Crypto,40555
2026-06-27,Economics,9599
2026-06-27,Financials,10
2026-06-27,Football,0
2026-06-27,Other,0
2026-06-27,Politics,16524
2026-06-27,Science and Technology,50
2026-06-27,Weather,535456
2026-06-28,Basketball (pro),0
2026-06-28,Commodities,498
2026-06-28,Crypto,33662
2026-06-28,Economics,16907
2026-06-28,Financials,76
2026-06-28,Football,0
2026-06-28,Other,0
2026-06-28,Politics,1214
2026-06-28,Science and Technology,0
2026-06-28,Weather,504199
2026-06-29,Basketball (pro),0
2026-06-29,Commodities,64610
2026-06-29,Crypto,79583
2026-06-29,Economics,14444
2026-06-29,Financials,12989
2026-06-29,Football,0
2026-06-29,Other,0
2026-06-29,Politics,22122
2026-06-29,Science and Technology,15
2026-06-29,Weather,735762
2026-06-30,Basketball (pro),0
2026-06-30,Commodities,70853
2026-06-30,Crypto,49767
2026-06-30,Economics,25502
2026-06-30,Financials,11427
2026-06-30,Football,0
2026-06-30,Other,0
2026-06-30,Politics,6390
2026-06-30,Science and Technology,0
2026-06-30,Weather,628621
2026-07-01,Basketball (pro),0
2026-07-01,Commodities,59754
2026-07-01,Crypto,34065
2026-07-01,Economics,26922
2026-07-01,Financials,11387
2026-07-01,Football,0
2026-07-01,Other,0
2026-07-01,Politics,16857
2026-07-01,Science and Technology,0
2026-07-01,Weather,692316
2026-07-02,Basketball (pro),0
2026-07-02,Commodities,89033
2026-07-02,Crypto,63412
2026-07-02,Economics,15897
2026-07-02,Financials,19223
2026-07-02,Football,0
2026-07-02,Other,0
2026-07-02,Politics,7076
2026-07-02,Science and Technology,0
2026-07-02,Weather,920112
