"market_key","market_name","kalshi_category","contracts","fees_total","n_outcomes","winner","winner_ticker","report_ticker","is_sports","top_outcome"
"PRES-2024","PRES-2024","Elections","535363107","0","6","","","PRES","FALSE",""
"KXPGATOUR-MAST26","KXPGATOUR-MAST26","Sports","460216444","1679450.36","98","","","KXPGATOUR","TRUE",""
"KXSB-26","KXSB-26","Sports","358734425","3511044.29","32","","","KXSB","TRUE",""
"KXMARMAD-26","KXMARMAD-26","Sports","282721830","1650795.67","111","","","KXMARMAD","TRUE",""
"KXFEDCHAIRNOM-29","KXFEDCHAIRNOM-29","Elections","215270687","772680.7","23","","","KXFEDCHAIRNOM","FALSE",""
"KXNCAAF-26","KXNCAAF-26","Sports","142077788","1294028.96","135","","","KXNCAAF","TRUE",""
"KXNBA-25","KXNBA-25","Sports","130506780","1221646.37","24","","","KXNBA","TRUE",""
"KXMAYORNYCPARTY-25","KXMAYORNYCPARTY-25","Politics","121452244","638846.15","5","yes","KXMAYORNYCPARTY-25-D","KXMAYORNYCPARTY","FALSE","KXMAYORNYCPARTY-25-D"
"KXNBA-26","KXNBA-26","Sports","115703480","544440.91","30","","","KXNBA","TRUE",""
"KXFIRSTSUPERBOWLSONG-26FEB09","KXFIRSTSUPERBOWLSONG-26FEB09","Entertainment","113517455","520630.8","31","","","KXFIRSTSUPERBOWLSONG","FALSE",""
"KXNFLNFCCHAMP-25","KXNFLNFCCHAMP-25","Sports","109021651","1358099.1","16","","","KXNFLNFCCHAMP","TRUE",""
"KXPRESNOMD-28","KXPRESNOMD-28","Elections","95897819","245149.07","43","","","KXPRESNOMD","FALSE",""
"POPVOTEMOV-24-R-B","POPVOTEMOV-24-R-B","Elections","95772125","507984.78","7","","","KXPOPVOTEMOV","FALSE",""
"KXPGATOUR-THPC26","KXPGATOUR-THPC26","Sports","92348287","435882.57","124","","","KXPGATOUR","TRUE",""
"KXFEDDECISION-25SEP","KXFEDDECISION-25SEP","Economics","91783904","535376.87","5","yes","KXFEDDECISION-25SEP-C25","KXFEDDECISION","FALSE","KXFEDDECISION-25SEP-C25"
"KXMLB-25","KXMLB-25","Sports","87828599","1053285.25","30","yes","KXMLB-25-LAD","KXMLB","TRUE","KXMLB-25-LAD"
"KXMASTERS-25","KXMASTERS-25","Sports","86825467","685415.99","97","","","KXMASTERS","TRUE",""
"POPVOTEMOVSMALL-24-R","POPVOTEMOVSMALL-24-R","Elections","84757997","571067.03","18","","","KXPOPVOTEMOVSMALL","FALSE",""
"KXNFLGAME-26JAN10GBCHI","KXNFLGAME-26JAN10GBCHI","Sports","83841787","996225.63","2","","","KXNFLGAME","TRUE",""
"KXNFLGAME-26JAN17BUFDEN","KXNFLGAME-26JAN17BUFDEN","Sports","82591388","1267108.38","2","","","KXNFLGAME","TRUE",""
"KXGOVSHUTLENGTH-26JAN01","KXGOVSHUTLENGTH-26JAN01","Politics","82516624","593184.07","30","yes","KXGOVSHUTLENGTH-26JAN01-29D","KXGOVSHUTLENGTH","FALSE","KXGOVSHUTLENGTH-26JAN01-29D"
"POPVOTE-24","POPVOTE-24","Politics","81851215","616568.38","2","","","KXPOPVOTE","FALSE",""
"KXNFLGAME-26JAN18LACHI","KXNFLGAME-26JAN18LACHI","Sports","81774498","1145840.72","2","","","KXNFLGAME","TRUE",""
"KXNFLAFCCHAMP-25","KXNFLAFCCHAMP-25","Sports","79692219","1044644.52","16","","","KXNFLAFCCHAMP","TRUE",""
"KXMARMAD-25","KXMARMAD-25","Sports","75381230","859021.68","64","","","KXMARMAD","TRUE",""
"KXBOXING-25DEC19JPAUAJOS","KXBOXING-25DEC19JPAUAJOS","Sports","74787852","564382.87","2","","","KXBOXING","TRUE",""
"KXPGATOUR-RBH26","KXPGATOUR-RBH26","Sports","74523476","314047.86","83","","","KXPGATOUR","TRUE",""
"KXSUPERBOWLAD-SB2026","KXSUPERBOWLAD-SB2026","Companies","72200453","634198.24","28","","","KXSUPERBOWLAD","FALSE",""
"KXUSOPEN-25","KXUSOPEN-25","Sports","70977560","449537.58","156","yes","KXUSOPEN-25-JSPA","KXUSOPEN","TRUE","KXUSOPEN-25-JSPA"
"KXNFLGAME-26JAN18SFSEA","KXNFLGAME-26JAN18SFSEA","Sports","69988803","669204.72","2","","","KXNFLGAME","TRUE",""
"KXNFLGAME-25SEP28GBDAL","KXNFLGAME-25SEP28GBDAL","Sports","68390667","999153.41","2","","","KXNFLGAME","TRUE",""
"KXGOVSHUT","KXGOVSHUT","Politics","67372379","647934.76","1","yes","KXGOVSHUT-25OCT01","KXGOVSHUT","FALSE","KXGOVSHUT-25OCT01"
"KXPGATOUR-ATPBP26","KXPGATOUR-ATPBP26","Sports","66311503","349089.1","78","","","KXPGATOUR","TRUE",""
"KXNFLGAME-25OCT02SFLA","KXNFLGAME-25OCT02SFLA","Sports","64826508","952391.08","2","yes","KXNFLGAME-25OCT02SFLA-LA","KXNFLGAME","TRUE","KXNFLGAME-25OCT02SFLA-LA"
"KXNFLGAME-26JAN11SFPHI","KXNFLGAME-26JAN11SFPHI","Sports","64353350","924865.58","2","","","KXNFLGAME","TRUE",""
"KXNFLGAME-25OCT06KCJAC","KXNFLGAME-25OCT06KCJAC","Sports","59022099","823083.46","2","yes","KXNFLGAME-25OCT06KCJAC-JAC","KXNFLGAME","TRUE","KXNFLGAME-25OCT06KCJAC-JAC"
"KXNBAGAME-26APR24LALHOU","KXNBAGAME-26APR24LALHOU","Sports","57994854","702727.44","2","","","KXNBAGAME","TRUE",""
"KXNCAAFGAME-26JAN01MISSUGA","KXNCAAFGAME-26JAN01MISSUGA","Sports","57936005","740307.34","2","","","KXNCAAFGAME","TRUE",""
"KXPGATOUR-VATO26","KXPGATOUR-VATO26","Sports","55518695","276892.92","125","","","KXPGATOUR","TRUE",""
"KXPGATOUR-THGI26","KXPGATOUR-THGI26","Sports","55309740","218584.46","72","","","KXPGATOUR","TRUE",""
"KXKHAMENEIOUT-AKHA","KXKHAMENEIOUT-AKHA","Elections","54470712","450183.48","5","","","KXKHAMENEIOUT","FALSE",""
"KXNFLGAME-25DEC08PHILAC","KXNFLGAME-25DEC08PHILAC","Sports","53747537","843383.42","2","","","KXNFLGAME","TRUE",""
"KXNFLGAME-25DEC29LAATL","KXNFLGAME-25DEC29LAATL","Sports","53676293","671709.71","2","","","KXNFLGAME","TRUE",""
"KXNFLGAME-25DEC21NEBAL","KXNFLGAME-25DEC21NEBAL","Sports","52404002","756714.8","2","","","KXNFLGAME","TRUE",""
"KXNFLSBMVP-26","KXNFLSBMVP-26","Sports","52221340","293807.24","46","","","KXNFLSBMVP","TRUE",""
"KXNFLGAME-25DEC18LASEA","KXNFLGAME-25DEC18LASEA","Sports","51829015","751606.62","2","","","KXNFLGAME","TRUE",""
"KXNFLGAME-25OCT05NEBUF","KXNFLGAME-25OCT05NEBUF","Sports","51765332","713478.9","2","yes","KXNFLGAME-25OCT05NEBUF-NE","KXNFLGAME","TRUE","KXNFLGAME-25OCT05NEBUF-NE"
"KXNFLGAME-26JAN10LACAR","KXNFLGAME-26JAN10LACAR","Sports","49874366","537997.65","2","","","KXNFLGAME","TRUE",""
"KXNFLGAME-25SEP22DETBAL","KXNFLGAME-25SEP22DETBAL","Sports","49513133","694369.26","2","yes","KXNFLGAME-25SEP22DETBAL-DET","KXNFLGAME","TRUE","KXNFLGAME-25SEP22DETBAL-DET"
"KXNFLGAME-26JAN04BALPIT","KXNFLGAME-26JAN04BALPIT","Sports","49029199","673190.98","2","","","KXNFLGAME","TRUE",""
"KXNFLGAME-25NOV27KCDAL","KXNFLGAME-25NOV27KCDAL","Sports","48703350","657619.49","2","yes","KXNFLGAME-25NOV27KCDAL-DAL","KXNFLGAME","TRUE","KXNFLGAME-25NOV27KCDAL-DAL"
"KXPGATOUR-ARPIPBM26","KXPGATOUR-ARPIPBM26","Sports","48566783","282840.08","72","","","KXPGATOUR","TRUE",""
"KXNFLGAME-26JAN12HOUPIT","KXNFLGAME-26JAN12HOUPIT","Sports","48418428","677205.87","2","","","KXNFLGAME","TRUE",""
"KXFEDDECISION-25JUL","KXFEDDECISION-25JUL","Economics","48048276","175247.39","5","yes","KXFEDDECISION-25JUL-H0","KXFEDDECISION","FALSE","KXFEDDECISION-25JUL-H0"
"KXWMENSINGLES-25","KXWMENSINGLES-25","Sports","47405128","551960.3","125","","","KXWMENSINGLES","TRUE",""
"KXPERFORMSUPERBOWLB-26","KXPERFORMSUPERBOWLB-26","Entertainment","47345216","603730.14","53","","","KXPERFORMSUPERBOWLB","FALSE",""
"KXPGATOUR-FSJC25","KXPGATOUR-FSJC25","Sports","47273699","497545.62","69","yes","KXPGATOUR-FSJC25-JROS","KXPGATOUR","TRUE","KXPGATOUR-FSJC25-JROS"
"KXNCAAFGAME-26JAN08MIAMISS","KXNCAAFGAME-26JAN08MIAMISS","Sports","46939642","681776.73","2","","","KXNCAAFGAME","TRUE",""
"KXNFLGAME-25DEC07HOUKC","KXNFLGAME-25DEC07HOUKC","Sports","46648749","617471.6","2","","","KXNFLGAME","TRUE",""
"KXNBAGAME-26APR26LALHOU","KXNBAGAME-26APR26LALHOU","Sports","46366023","566521.58","2","","","KXNBAGAME","TRUE",""
"KXNFLGAME-25OCT09PHINYG","KXNFLGAME-25OCT09PHINYG","Sports","45963324","581765.4","2","yes","KXNFLGAME-25OCT09PHINYG-NYG","KXNFLGAME","TRUE","KXNFLGAME-25OCT09PHINYG-NYG"
"KXNFLGAME-26JAN11LACNE","KXNFLGAME-26JAN11LACNE","Sports","45254815","567440.04","2","","","KXNFLGAME","TRUE",""
"KXNBAGAME-26APR25DENMIN","KXNBAGAME-26APR25DENMIN","Sports","44728285","591503.93","2","","","KXNBAGAME","TRUE",""
"KXNFLGAME-25NOV27CINBAL","KXNFLGAME-25NOV27CINBAL","Sports","44498369","510679.06","2","yes","KXNFLGAME-25NOV27CINBAL-CIN","KXNFLGAME","TRUE","KXNFLGAME-25NOV27CINBAL-CIN"
"KXNCAAMBGAME-26APR04MICHARIZ","KXNCAAMBGAME-26APR04MICHARIZ","Sports","44363064","584400.69","2","","","KXNCAAMBGAME","TRUE",""
"KXPGATOUR-VAC26","KXPGATOUR-VAC26","Sports","43602875","184619.12","115","","","KXPGATOUR","TRUE",""
"KXNCAAFGAME-25DEC31MIAOSU","KXNCAAFGAME-25DEC31MIAOSU","Sports","43323207","601880.61","2","","","KXNCAAFGAME","TRUE",""
"KXNFLGAME-25NOV30DENWAS","KXNFLGAME-25NOV30DENWAS","Sports","43111134","543550.29","2","yes","KXNFLGAME-25NOV30DENWAS-DEN","KXNFLGAME","TRUE","KXNFLGAME-25NOV30DENWAS-DEN"
"KXPGATOUR-COCITPB26","KXPGATOUR-COCITPB26","Sports","42515604","162998.21","117","","","KXPGATOUR","TRUE",""
"KXNBAGAME-26APR26SASPOR","KXNBAGAME-26APR26SASPOR","Sports","42482203","506401.2","2","","","KXNBAGAME","TRUE",""
"KXNCAAMBGAME-26MAR19SIEDUKE","KXNCAAMBGAME-26MAR19SIEDUKE","Sports","42436402","267206.89","2","","","KXNCAAMBGAME","TRUE",""
"KXNFLGAME-25OCT20TBDET","KXNFLGAME-25OCT20TBDET","Sports","42247895","407511.73","2","yes","KXNFLGAME-25OCT20TBDET-DET","KXNFLGAME","TRUE","KXNFLGAME-25OCT20TBDET-DET"
"KXNFLGAME-25OCT16PITCIN","KXNFLGAME-25OCT16PITCIN","Sports","41953050","576512.04","2","yes","KXNFLGAME-25OCT16PITCIN-CIN","KXNFLGAME","TRUE","KXNFLGAME-25OCT16PITCIN-CIN"
"KXNFLGAME-25DEC04DALDET","KXNFLGAME-25DEC04DALDET","Sports","41671919","493057.97","2","","","KXNFLGAME","TRUE",""
"KXNFLGAME-25NOV03ARIDAL","KXNFLGAME-25NOV03ARIDAL","Sports","41433781","527905.08","2","yes","KXNFLGAME-25NOV03ARIDAL-ARI","KXNFLGAME","TRUE","KXNFLGAME-25NOV03ARIDAL-ARI"
"KXNFLGAME-25DEC28CHISF","KXNFLGAME-25DEC28CHISF","Sports","41367592","629146.1","2","","","KXNFLGAME","TRUE",""
"KXFEDDECISION-25MAY","KXFEDDECISION-25MAY","Economics","41342759","218714.79","5","","","KXFEDDECISION","FALSE",""
"KXNFLGAME-25NOV10PHIGB","KXNFLGAME-25NOV10PHIGB","Sports","41300747","551290.69","2","yes","KXNFLGAME-25NOV10PHIGB-PHI","KXNFLGAME","TRUE","KXNFLGAME-25NOV10PHIGB-PHI"
"KXNFLGAME-25DEC25DENKC","KXNFLGAME-25DEC25DENKC","Sports","40934072","397030.97","2","","","KXNFLGAME","TRUE",""
"KXNFLSPREAD-26FEB08SEANE","KXNFLSPREAD-26FEB08SEANE","Sports","40544929","612925.13","22","","","KXNFLSPREAD","TRUE",""
"KXNFLGAME-25SEP25SEAARI","KXNFLGAME-25SEP25SEAARI","Sports","40251133","515169.2","2","yes","KXNFLGAME-25SEP25SEAARI-SEA","KXNFLGAME","TRUE","KXNFLGAME-25SEP25SEAARI-SEA"
"KXNCAAFGAME-25SEP26FSUUVA","KXNCAAFGAME-25SEP26FSUUVA","Sports","40218823","562199.92","2","yes","KXNCAAFGAME-25SEP26FSUUVA-UVA","KXNCAAFGAME","TRUE","KXNCAAFGAME-25SEP26FSUUVA-UVA"
"KXNFLGAME-25SEP08MINCHI","KXNFLGAME-25SEP08MINCHI","Sports","40151386","477036.64","2","yes","KXNFLGAME-25SEP08MINCHI-CHI","KXNFLGAME","TRUE","KXNFLGAME-25SEP08MINCHI-CHI"
"KXFEDDECISION-25DEC","KXFEDDECISION-25DEC","Economics","39981656","244416.95","5","","","KXFEDDECISION","FALSE",""
"KXSBGUESTS-26","KXSBGUESTS-26","Entertainment","39772252","392498.12","33","","","KXSBGUESTS","FALSE",""
"KXPGATOUR-WMPO26","KXPGATOUR-WMPO26","Sports","39672985","209133.31","104","","","KXPGATOUR","TRUE",""
"KXPGATOUR-3O25","KXPGATOUR-3O25","Sports","39127065","221322.93","142","yes","KXPGATOUR-3O25-KKIT","KXPGATOUR","TRUE","KXPGATOUR-3O25-KKIT"
"KXFEDDECISION-25OCT","KXFEDDECISION-25OCT","Economics","39090745","117606.81","5","yes","KXFEDDECISION-25OCT-C25","KXFEDDECISION","FALSE","KXFEDDECISION-25OCT-C25"
"KXNHL-26","KXNHL-26","Sports","38674323","163632.35","32","","","KXNHL","TRUE",""
"KXPGATOUR-TECHO26","KXPGATOUR-TECHO26","Sports","38441867","148881.63","128","","","KXPGATOUR","TRUE",""
"KXNFLGAME-25SEP18MIABUF","KXNFLGAME-25SEP18MIABUF","Sports","38373962","309387.33","2","yes","KXNFLGAME-25SEP18MIABUF-BUF","KXNFLGAME","TRUE","KXNFLGAME-25SEP18MIABUF-BUF"
"KXNFLGAME-25DEC20GBCHI","KXNFLGAME-25DEC20GBCHI","Sports","38333755","551819.73","2","","","KXNFLGAME","TRUE",""
"KXNFLGAME-25OCT13BUFATL","KXNFLGAME-25OCT13BUFATL","Sports","38221406","514722.11","2","","","KXNFLGAME","TRUE",""
"KXNCAAMBGAME-26APR04ILLCONN","KXNCAAMBGAME-26APR04ILLCONN","Sports","38178639","522765.04","2","","","KXNCAAMBGAME","TRUE",""
"KXNFLGAME-25NOV20BUFHOU","KXNFLGAME-25NOV20BUFHOU","Sports","37961496","530857.45","2","yes","KXNFLGAME-25NOV20BUFHOU-HOU","KXNFLGAME","TRUE","KXNFLGAME-25NOV20BUFHOU-HOU"
"KXPGAR1LEAD-MAST26","KXPGAR1LEAD-MAST26","Sports","37939076","116631.91","92","","","KXPGAR1LEAD","TRUE",""
"KXNFLGAME-25SEP21KCNYG","KXNFLGAME-25SEP21KCNYG","Sports","37494203","401634.21","2","yes","KXNFLGAME-25SEP21KCNYG-KC","KXNFLGAME","TRUE","KXNFLGAME-25SEP21KCNYG-KC"
"POPVOTEMOVSMALLER-24-R","POPVOTEMOVSMALLER-24-R","Elections","37171076","214540.95","12","","","KXPOPVOTEMOVSMALLER","FALSE",""
"KXPRESNOMR-28","KXPRESNOMR-28","Elections","37158444","122945.71","34","","","KXPRESNOMR","FALSE",""
"KXNFLGAME-25DEC25DETMIN","KXNFLGAME-25DEC25DETMIN","Sports","36955282","482593.9","2","","","KXNFLGAME","TRUE",""
"KXNCAAFGAME-25DEC24CALHAW","KXNCAAFGAME-25DEC24CALHAW","Sports","36940443","480591.94","2","","","KXNCAAFGAME","TRUE",""
"KXGOVSHUTLENGTH-26FEB28","KXGOVSHUTLENGTH-26FEB28","Politics","36839088","197043.63","9","","","KXGOVSHUTLENGTH","FALSE",""
"KXNFLGAME-25SEP15TBHOU","KXNFLGAME-25SEP15TBHOU","Sports","36673345","540326.88","2","yes","KXNFLGAME-25SEP15TBHOU-HOU","KXNFLGAME","TRUE","KXNFLGAME-25SEP15TBHOU-HOU"
"KXNCAAMBGAME-26MAR29CONNDUKE","KXNCAAMBGAME-26MAR29CONNDUKE","Sports","36587499","305672.36","2","","","KXNCAAMBGAME","TRUE",""
"KXFEDDECISION-25JUN","KXFEDDECISION-25JUN","Economics","36470485","137798.96","5","","","KXFEDDECISION","FALSE",""
"KXNBAMVP-26","KXNBAMVP-26","Sports","36180825","161048.36","72","","","KXNBAMVP","TRUE",""
"KXNFLGAME-25OCT26GBPIT","KXNFLGAME-25OCT26GBPIT","Sports","36170361","508963.98","2","yes","KXNFLGAME-25OCT26GBPIT-GB","KXNFLGAME","TRUE","KXNFLGAME-25OCT26GBPIT-GB"
"KXNFLGAME-25DEC11ATLTB","KXNFLGAME-25DEC11ATLTB","Sports","36143648","431975.81","2","","","KXNFLGAME","TRUE",""
"KXPGATOUR-TOC25","KXPGATOUR-TOC25","Sports","36092492","315011.5","30","yes","KXPGATOUR-TOC25-TFLE","KXPGATOUR","TRUE","KXPGATOUR-TOC25-TFLE"
"KXNFLGAME-25SEP07BALBUF","KXNFLGAME-25SEP07BALBUF","Sports","35998374","412952.91","2","yes","KXNFLGAME-25SEP07BALBUF-BAL","KXNFLGAME","TRUE","KXNFLGAME-25SEP07BALBUF-BAL"
"KXFEDDECISION-26JAN","KXFEDDECISION-26JAN","Economics","35976526","106721","5","","","KXFEDDECISION","FALSE",""
"KXNBAGAME-26APR15GSWLAC","KXNBAGAME-26APR15GSWLAC","Sports","35867729","443756.52","2","","","KXNBAGAME","TRUE",""
"KXNFLGAME-25NOV27GBDET","KXNFLGAME-25NOV27GBDET","Sports","35719291","492761.76","2","yes","KXNFLGAME-25NOV27GBDET-GB","KXNFLGAME","TRUE","KXNFLGAME-25NOV27GBDET-GB"
"KXNBAGAME-26APR23NYKATL","KXNBAGAME-26APR23NYKATL","Sports","35708866","516531.61","2","","","KXNBAGAME","TRUE",""
"KXNCAAFGAME-26JAN01ALAIND","KXNCAAFGAME-26JAN01ALAIND","Sports","35611314","383517.42","2","","","KXNCAAFGAME","TRUE",""
"SENATEAZ-24","SENATEAZ-24","Elections","35492011","182545.44","2","","","KXSENATEAZ","FALSE",""
"KXUSOMENSINGLES-25","KXUSOMENSINGLES-25","Sports","35449419","403881.03","34","yes","KXUSOMENSINGLES-25-CA","KXUSOMENSINGLES","TRUE","KXUSOMENSINGLES-25-CA"
"KXTHEOPEN-25","KXTHEOPEN-25","Sports","35446558","192574.12","127","","","KXTHEOPEN","TRUE",""
"KXNBAGAME-26APR21HOULAL","KXNBAGAME-26APR21HOULAL","Sports","35425512","505956.84","2","","","KXNBAGAME","TRUE",""
"POPVOTEMOV-24-D","POPVOTEMOV-24-D","Elections","35387952","137241.06","10","","","KXPOPVOTEMOV","FALSE",""
"KXPGA-25","KXPGA-25","Sports","35227767","196084.86","156","","","KXPGA","TRUE",""
"KXNBAGAME-26APR20MINDEN","KXNBAGAME-26APR20MINDEN","Sports","35122248","446752.07","2","","","KXNBAGAME","TRUE",""
"KXNBAGAME-26APR24SASPOR","KXNBAGAME-26APR24SASPOR","Sports","35088768","457243.78","2","","","KXNBAGAME","TRUE",""
"KXNCAAFGAME-26JAN09OREIND","KXNCAAFGAME-26JAN09OREIND","Sports","35043376","381711.26","2","","","KXNCAAFGAME","TRUE",""
"KXNFLGAME-25DEC28PHIBUF","KXNFLGAME-25DEC28PHIBUF","Sports","34973628","456964.5","2","","","KXNFLGAME","TRUE",""
"KXNFLGAME-25OCT12DETKC","KXNFLGAME-25OCT12DETKC","Sports","34947385","511101.68","2","yes","KXNFLGAME-25OCT12DETKC-KC","KXNFLGAME","TRUE","KXNFLGAME-25OCT12DETKC-KC"
"KXFEDDECISION-26MAR","KXFEDDECISION-26MAR","Economics","34385322","88880.26","5","","","KXFEDDECISION","FALSE",""
"KXNCAAFGAME-25DEC06INDOSU","KXNCAAFGAME-25DEC06INDOSU","Sports","34287407","447388.87","2","","","KXNCAAFGAME","TRUE",""
"KXNBAGAME-26APR27DETORL","KXNBAGAME-26APR27DETORL","Sports","34080819","484868.35","2","","","KXNBAGAME","TRUE",""
"KXPGATOUR-BC25","KXPGATOUR-BC25","Sports","33766901","303596.08","53","yes","KXPGATOUR-BC25-SSCH","KXPGATOUR","TRUE","KXPGATOUR-BC25-SSCH"
"KXNBAGAME-26APR21PORSAS","KXNBAGAME-26APR21PORSAS","Sports","33704091","376094.7","2","","","KXNBAGAME","TRUE",""
"KXNCAAFGAME-25DEC19ALAOKLA","KXNCAAFGAME-25DEC19ALAOKLA","Sports","33160656","446463.35","2","","","KXNCAAFGAME","TRUE",""
"KXMLBWORLD-26","KXMLBWORLD-26","Sports","33107594","389317.06","20","","","KXMLBWORLD","TRUE",""
"KXNBAGAME-26APR17GSWPHX","KXNBAGAME-26APR17GSWPHX","Sports","33015157","401145","2","","","KXNBAGAME","TRUE",""
"KXNFLGAME-25DEC21PITDET","KXNFLGAME-25DEC21PITDET","Sports","32956506","417798.58","2","","","KXNFLGAME","TRUE",""
"KXNBAGAME-26APR14MIACHA","KXNBAGAME-26APR14MIACHA","Sports","32748536","384201.03","2","","","KXNBAGAME","TRUE",""
"KXBTCMAXY-25-DEC31","KXBTCMAXY-25-DEC31","Crypto","32442170","291772.87","13","yes","KXBTCMAXY-25-DEC31-74999.99","KXBTCMAXY","FALSE","KXBTCMAXY-25-DEC31-74999.99"
"KXNFLGAME-25NOV02KCBUF","KXNFLGAME-25NOV02KCBUF","Sports","32435515","402450.47","2","yes","KXNFLGAME-25NOV02KCBUF-BUF","KXNFLGAME","TRUE","KXNFLGAME-25NOV02KCBUF-BUF"
"KXPRESPERSON-28","KXPRESPERSON-28","Elections","32378024","121764.87","25","","","KXPRESPERSON","FALSE",""
"KXNFLGAME-25NOV28CHIPHI","KXNFLGAME-25NOV28CHIPHI","Sports","32368125","431640.3","2","","","KXNFLGAME","TRUE",""
"KXNFLGAME-25OCT19ATLSF","KXNFLGAME-25OCT19ATLSF","Sports","32100004","464253.53","2","yes","KXNFLGAME-25OCT19ATLSF-SF","KXNFLGAME","TRUE","KXNFLGAME-25OCT19ATLSF-SF"
"KXNFLGAME-25OCT19NYGDEN","KXNFLGAME-25OCT19NYGDEN","Sports","32072710","378862.43","2","yes","KXNFLGAME-25OCT19NYGDEN-DEN","KXNFLGAME","TRUE","KXNFLGAME-25OCT19NYGDEN-DEN"
"KXNFLGAME-25DEC14MINDAL","KXNFLGAME-25DEC14MINDAL","Sports","31983422","389476.26","2","","","KXNFLGAME","TRUE",""
"KXFOMENSINGLES-25","KXFOMENSINGLES-25","Sports","31812214","372873.64","100","","","KXFOMENSINGLES","TRUE",""
"KXNCAAFGAME-26JAN01ORETTU","KXNCAAFGAME-26JAN01ORETTU","Sports","31664227","430210.08","2","","","KXNCAAFGAME","TRUE",""
"KXNBAGAME-25DEC25MINDEN","KXNBAGAME-25DEC25MINDEN","Sports","31547679","367737.95","2","","","KXNBAGAME","TRUE",""
"KXNCAAFGAME-25NOV28TXAMTEX","KXNCAAFGAME-25NOV28TXAMTEX","Sports","31482642","438844.24","2","yes","KXNCAAFGAME-25NOV28TXAMTEX-TEX","KXNCAAFGAME","TRUE","KXNCAAFGAME-25NOV28TXAMTEX-TEX"
"KXMLBRFI","KXMLBRFI","Sports","31448785","484703.63","43","yes","KXMLBRFI-25OCT17TORSEA","KXMLBRFI","TRUE","KXMLBRFI-25OCT17TORSEA"
"KXLAYOFFSYINFO-26","KXLAYOFFSYINFO-26","Economics","31251104","0","1","","","KXLAYOFFSYINFO","FALSE",""
"KXNBAGAME-26APR19ORLDET","KXNBAGAME-26APR19ORLDET","Sports","31151923","403529.32","2","","","KXNBAGAME","TRUE",""
"KXNFLGAME-25NOV16DETPHI","KXNFLGAME-25NOV16DETPHI","Sports","30978990","387673.62","2","yes","KXNFLGAME-25NOV16DETPHI-PHI","KXNFLGAME","TRUE","KXNFLGAME-25NOV16DETPHI-PHI"
"KXNBAGAME-26APR14PORPHX","KXNBAGAME-26APR14PORPHX","Sports","30915859","444161.46","2","","","KXNBAGAME","TRUE",""
"KXNFLGAME-25OCT05TBSEA","KXNFLGAME-25OCT05TBSEA","Sports","30716011","464313.23","2","yes","KXNFLGAME-25OCT05TBSEA-TB","KXNFLGAME","TRUE","KXNFLGAME-25OCT05TBSEA-TB"
"KXNBAGAME-26APR23DENMIN","KXNBAGAME-26APR23DENMIN","Sports","30668698","249255.59","2","","","KXNBAGAME","TRUE",""
"KXNFLGAME-25OCT13CHIWAS","KXNFLGAME-25OCT13CHIWAS","Sports","30463776","427657.84","2","","","KXNFLGAME","TRUE",""
"KXNFLGAME-25SEP28LACNYG","KXNFLGAME-25SEP28LACNYG","Sports","30176905","444698.26","2","yes","KXNFLGAME-25SEP28LACNYG-NYG","KXNFLGAME","TRUE","KXNFLGAME-25SEP28LACNYG-NYG"
"KXGOVTSHUTDOWN","KXGOVTSHUTDOWN","Politics","29962958","86934.3","1","","","KXGOVTSHUTDOWN","FALSE",""
"KXNFLMVP-26","KXNFLMVP-26","Sports","29936202","186726.75","39","","","KXNFLMVP","TRUE",""
"KXNBAGAME-26APR22PHXOKC","KXNBAGAME-26APR22PHXOKC","Sports","29543630","139299.83","2","","","KXNBAGAME","TRUE",""
"KXNFLGAME-25SEP15LACLV","KXNFLGAME-25SEP15LACLV","Sports","29420795","347899.71","2","yes","KXNFLGAME-25SEP15LACLV-LAC","KXNFLGAME","TRUE","KXNFLGAME-25SEP15LACLV-LAC"
"KXNFLGAME-25NOV23PHIDAL","KXNFLGAME-25NOV23PHIDAL","Sports","29212511","334906.8","2","yes","KXNFLGAME-25NOV23PHIDAL-DAL","KXNFLGAME","TRUE","KXNFLGAME-25NOV23PHIDAL-DAL"
"KXNBAGAME-26APR18HOULAL","KXNBAGAME-26APR18HOULAL","Sports","29186446","368875.06","2","","","KXNBAGAME","TRUE",""
"KXNBAGAME-26APR25DETORL","KXNBAGAME-26APR25DETORL","Sports","28934879","345557.09","2","","","KXNBAGAME","TRUE",""
"KXNBAGAME-26APR21PHIBOS","KXNBAGAME-26APR21PHIBOS","Sports","28880511","306150.31","2","","","KXNBAGAME","TRUE",""
"KXNCAAFGAME-25DEC20MIATXAM","KXNCAAFGAME-25DEC20MIATXAM","Sports","28874782","437190.95","2","","","KXNCAAFGAME","TRUE",""
"KXNBAGAME-26FEB27DENOKC","KXNBAGAME-26FEB27DENOKC","Sports","28630320","396868.97","2","","","KXNBAGAME","TRUE",""
"KXNFLGAME-25SEP29NYJMIA","KXNFLGAME-25SEP29NYJMIA","Sports","28629700","344670.84","2","yes","KXNFLGAME-25SEP29NYJMIA-MIA","KXNFLGAME","TRUE","KXNFLGAME-25SEP29NYJMIA-MIA"
"KXNBAGAME-25JUN19OKCIND","KXNBAGAME-25JUN19OKCIND","Sports","28392249","348975.98","2","yes","KXNBAGAME-25JUN19OKCIND-IND","KXNBAGAME","TRUE","KXNBAGAME-25JUN19OKCIND-IND"
"KXNFLGAME-25NOV09PITLAC","KXNFLGAME-25NOV09PITLAC","Sports","28180359","348757.45","2","yes","KXNFLGAME-25NOV09PITLAC-LAC","KXNFLGAME","TRUE","KXNFLGAME-25NOV09PITLAC-LAC"
"KXNBAGAME-26APR26CLETOR","KXNBAGAME-26APR26CLETOR","Sports","28152677","357665.42","2","","","KXNBAGAME","TRUE",""
"KXGOVCA-26","KXGOVCA-26","Elections","28130055","107223.28","25","","","KXGOVCA","FALSE",""
"KXMLBGAME-25OCT27TORLAD","KXMLBGAME-25OCT27TORLAD","Sports","28059503","445907.09","2","yes","KXMLBGAME-25OCT27TORLAD-LAD","KXMLBGAME","TRUE","KXMLBGAME-25OCT27TORLAD-LAD"
"KXNFLGAME-25SEP14ATLMIN","KXNFLGAME-25SEP14ATLMIN","Sports","27828161","404084.39","2","yes","KXNFLGAME-25SEP14ATLMIN-ATL","KXNFLGAME","TRUE","KXNFLGAME-25SEP14ATLMIN-ATL"
"KXNBAGAME-25JUN13OKCIND","KXNBAGAME-25JUN13OKCIND","Sports","27738922","409376.8","2","yes","KXNBAGAME-25JUN13OKCIND-OKC","KXNBAGAME","TRUE","KXNBAGAME-25JUN13OKCIND-OKC"
"KXNFLGAME-25DEC27HOULAC","KXNFLGAME-25DEC27HOULAC","Sports","27671253","335248.08","2","","","KXNFLGAME","TRUE",""
"KXNCAAMBGAME-26MAR28PURARIZ","KXNCAAMBGAME-26MAR28PURARIZ","Sports","27578071","347037.78","2","","","KXNCAAMBGAME","TRUE",""
"KXNFLGAME-25SEP05KCLAC","KXNFLGAME-25SEP05KCLAC","Sports","27311328","375787.47","2","yes","KXNFLGAME-25SEP05KCLAC-LAC","KXNFLGAME","TRUE","KXNFLGAME-25SEP05KCLAC-LAC"
"KXATPMATCH-26JAN29ALCZVE","KXATPMATCH-26JAN29ALCZVE","Sports","27270654","345657.74","2","","","KXATPMATCH","TRUE",""
"KXTRUMPMENTION-26FEB28","KXTRUMPMENTION-26FEB28","Mentions","27156517","273334.54","55","","","KXTRUMPMENTION","FALSE",""
"KXNBAGAME-26APR27MINDEN","KXNBAGAME-26APR27MINDEN","Sports","27089765","195161.03","2","","","KXNBAGAME","TRUE",""
"KXSB-25","KXSB-25","Sports","27020896","276564.06","4","yes","KXSB-25-PHI","KXSB","TRUE","KXSB-25-PHI"
"KXNFLGAME-25NOV06LVDEN","KXNFLGAME-25NOV06LVDEN","Sports","26818644","328646.79","2","yes","KXNFLGAME-25NOV06LVDEN-DEN","KXNFLGAME","TRUE","KXNFLGAME-25NOV06LVDEN-DEN"
"KXNFLGAME-25DEC07CHIGB","KXNFLGAME-25DEC07CHIGB","Sports","26810190","328939.37","2","","","KXNFLGAME","TRUE",""
"KXMARMAD-25R4G2","KXMARMAD-25R4G2","Sports","26802345","292621.94","17","","","KXMARMAD","TRUE",""
"KXNCAAFGAME-25SEP26HOUORST","KXNCAAFGAME-25SEP26HOUORST","Sports","26794625","349361.81","2","yes","KXNCAAFGAME-25SEP26HOUORST-HOU","KXNCAAFGAME","TRUE","KXNCAAFGAME-25SEP26HOUORST-HOU"
"KXNFLGAME-25SEP04DALPHI","KXNFLGAME-25SEP04DALPHI","Sports","26713162","312810.58","2","","","KXNFLGAME","TRUE",""
"KXNBAGAME-26APR25NYKATL","KXNBAGAME-26APR25NYKATL","Sports","26685655","268537.76","2","","","KXNBAGAME","TRUE",""
"KXMLBSERIES-25DETSEA","KXMLBSERIES-25DETSEA","Sports","26618051","425319.03","2","yes","KXMLBSERIES-25DETSEA-SEA","KXMLBSERIES","TRUE","KXMLBSERIES-25DETSEA-SEA"
"KXNBAGAME-26APR26BOSPHI","KXNBAGAME-26APR26BOSPHI","Sports","26531181","219946.31","2","","","KXNBAGAME","TRUE",""
"KXNFLGAME-25NOV02SEAWAS","KXNFLGAME-25NOV02SEAWAS","Sports","26528408","253958.51","2","yes","KXNFLGAME-25NOV02SEAWAS-SEA","KXNFLGAME","TRUE","KXNFLGAME-25NOV02SEAWAS-SEA"
"KXNFLGAME-25OCT05DENPHI","KXNFLGAME-25OCT05DENPHI","Sports","26509630","307650.33","2","yes","KXNFLGAME-25OCT05DENPHI-DEN","KXNFLGAME","TRUE","KXNFLGAME-25OCT05DENPHI-DEN"
"KXIPLGAME-26APR26KKRLSG","KXIPLGAME-26APR26KKRLSG","Sports","26468098","318237.2","2","","","KXIPLGAME","TRUE",""
"KXNBAGAME-25JUN16INDOKC","KXNBAGAME-25JUN16INDOKC","Sports","26421483","268074.52","2","yes","KXNBAGAME-25JUN16INDOKC-OKC","KXNBAGAME","TRUE","KXNBAGAME-25JUN16INDOKC-OKC"
"KXNBAGAME-26APR17CHAORL","KXNBAGAME-26APR17CHAORL","Sports","26379365","251032.02","2","","","KXNBAGAME","TRUE",""
"KXHEISMAN-26","KXHEISMAN-26","Sports","26301623","130302.02","37","","","KXHEISMAN","TRUE",""
"KXNBAGAME-25DEC13SASOKC","KXNBAGAME-25DEC13SASOKC","Sports","26287902","289660.68","2","","","KXNBAGAME","TRUE",""
"KXNBAGAME-26APR20ATLNYK","KXNBAGAME-26APR20ATLNYK","Sports","26108575","245378.26","2","","","KXNBAGAME","TRUE",""
"CLOSESTSTATE-24","CLOSESTSTATE-24","Elections","25922762","154827.65","17","","","KXCLOSESTSTATE","FALSE",""
"KXCITRINI","KXCITRINI","Elections","25756925","0","1","","","KXCITRINI","FALSE",""
"KXAOMEN-26","KXAOMEN-26","Sports","25681248","266373.74","21","","","KXAOMEN","TRUE",""
"KXNFLGAME-25OCT20HOUSEA","KXNFLGAME-25OCT20HOUSEA","Sports","25631012","253819.25","2","yes","KXNFLGAME-25OCT20HOUSEA-SEA","KXNFLGAME","TRUE","KXNFLGAME-25OCT20HOUSEA-SEA"
"KXNFLGAME-25NOV23INDKC","KXNFLGAME-25NOV23INDKC","Sports","25592986","373028.98","2","yes","KXNFLGAME-25NOV23INDKC-KC","KXNFLGAME","TRUE","KXNFLGAME-25NOV23INDKC-KC"
"KXNFLGAME-25NOV09ATLIND","KXNFLGAME-25NOV09ATLIND","Sports","25567034","369608.71","2","yes","KXNFLGAME-25NOV09ATLIND-IND","KXNFLGAME","TRUE","KXNFLGAME-25NOV09ATLIND-IND"
"KXNFLGAME-25DEC01NYGNE","KXNFLGAME-25DEC01NYGNE","Sports","25563231","188217.53","2","yes","KXNFLGAME-25DEC01NYGNE-NE","KXNFLGAME","TRUE","KXNFLGAME-25DEC01NYGNE-NE"
"KXOSCARACTO-26","KXOSCARACTO-26","Entertainment","25562222","223947.77","16","","","KXOSCARACTO","FALSE",""
"KXOSCARPIC-26","KXOSCARPIC-26","Entertainment","25389659","143819.03","19","","","KXOSCARPIC","FALSE",""
"KXPGATOUR-ZUCONO26","KXPGATOUR-ZUCONO26","Sports","25285537","110746.23","74","","","KXPGATOUR","TRUE",""
"KXNFLGAME-25SEP14NYGDAL","KXNFLGAME-25SEP14NYGDAL","Sports","25244415","347179.48","2","yes","KXNFLGAME-25SEP14NYGDAL-DAL","KXNFLGAME","TRUE","KXNFLGAME-25SEP14NYGDAL-DAL"
"KXNCAAMBGAME-26MAR27SJUDUKE","KXNCAAMBGAME-26MAR27SJUDUKE","Sports","25133628","330633.95","2","","","KXNCAAMBGAME","TRUE",""
"KXNFLGAME-25SEP28MINPIT","KXNFLGAME-25SEP28MINPIT","Sports","25130843","294440.9","2","yes","KXNFLGAME-25SEP28MINPIT-PIT","KXNFLGAME","TRUE","KXNFLGAME-25SEP28MINPIT-PIT"
"KXNCAAFGAME-25SEP13UGATENN","KXNCAAFGAME-25SEP13UGATENN","Sports","25111414","355888.76","2","yes","KXNCAAFGAME-25SEP13UGATENN-TENN","KXNCAAFGAME","TRUE","KXNCAAFGAME-25SEP13UGATENN-TENN"
"KXNBASERIES-25DENOKC","KXNBASERIES-25DENOKC","Sports","25111023","283128.64","2","","","KXNBASERIES","TRUE",""
"KXNFLGAME-26JAN11BUFJAC","KXNFLGAME-26JAN11BUFJAC","Sports","25016529","365838.97","2","","","KXNFLGAME","TRUE",""
"KXMVESPORTSMULTIGAMEEXTENDED-S20267524AF37619","KXMVESPORTSMULTIGAMEEXTENDED-S20267524AF37619","Sports","25011354","34341.48","20","","","KXMVESPORTSMULTIGAMEEXTENDED","TRUE",""
"KXNBAGAME-25JUN11OKCIND","KXNBAGAME-25JUN11OKCIND","Sports","24988200","344909.52","2","yes","KXNBAGAME-25JUN11OKCIND-IND","KXNBAGAME","TRUE","KXNBAGAME-25JUN11OKCIND-IND"
"KXNBAGAME-26MAR15GSWNYK","KXNBAGAME-26MAR15GSWNYK","Sports","24930638","287735.46","2","","","KXNBAGAME","TRUE",""
"KXNFLGAME-25OCT05MINCLE","KXNFLGAME-25OCT05MINCLE","Sports","24759597","360182.45","2","yes","KXNFLGAME-25OCT05MINCLE-MIN","KXNFLGAME","TRUE","KXNFLGAME-25OCT05MINCLE-MIN"
"KXNBAGAME-25DEC10SASLAL","KXNBAGAME-25DEC10SASLAL","Sports","24676960","280708.14","2","","","KXNBAGAME","TRUE",""
"KXNCAAMBGAME-26MAR22IOWAFLA","KXNCAAMBGAME-26MAR22IOWAFLA","Sports","24666863","313859.22","2","","","KXNCAAMBGAME","TRUE",""
"KXNCAAMBGAME-26MAR26ILLHOU","KXNCAAMBGAME-26MAR26ILLHOU","Sports","24532334","261918.18","2","","","KXNCAAMBGAME","TRUE",""
"KXNFLGAME-26JAN18HOUNE","KXNFLGAME-26JAN18HOUNE","Sports","24467389","300900.61","2","","","KXNFLGAME","TRUE",""
"KXNCAAFGAME-25NOV15SCARTXAM","KXNCAAFGAME-25NOV15SCARTXAM","Sports","24425308","275721.46","2","yes","KXNCAAFGAME-25NOV15SCARTXAM-TXAM","KXNCAAFGAME","TRUE","KXNCAAFGAME-25NOV15SCARTXAM-TXAM"
"KXNFLGAME-25OCT23MINLAC","KXNFLGAME-25OCT23MINLAC","Sports","24319299","210796.71","2","yes","KXNFLGAME-25OCT23MINLAC-LAC","KXNFLGAME","TRUE","KXNFLGAME-25OCT23MINLAC-LAC"
"KXNBAGAME-26FEB27CLEDET","KXNBAGAME-26FEB27CLEDET","Sports","24308597","313162.31","2","","","KXNBAGAME","TRUE",""
"KXNBAGAME-26APR28PORSAS","KXNBAGAME-26APR28PORSAS","Sports","24271064","123627.97","2","","","KXNBAGAME","TRUE",""
"KXNCAAFGAME-25DEC06DUKEUVA","KXNCAAFGAME-25DEC06DUKEUVA","Sports","24022302","303817.38","2","","","KXNCAAFGAME","TRUE",""
"KXTEAMSINSB-26","KXTEAMSINSB-26","Sports","23957794","137873.57","63","","","KXTEAMSINSB","TRUE",""
"KXNBAGAME-26APR28PHIBOS","KXNBAGAME-26APR28PHIBOS","Sports","23956622","261287.25","2","","","KXNBAGAME","TRUE",""
"KXNCAAFGAME-25SEP27ALAUGA","KXNCAAFGAME-25SEP27ALAUGA","Sports","23888184","364639.27","2","yes","KXNCAAFGAME-25SEP27ALAUGA-ALA","KXNCAAFGAME","TRUE","KXNCAAFGAME-25SEP27ALAUGA-ALA"
"KXNFLGAME-25OCT27WASKC","KXNFLGAME-25OCT27WASKC","Sports","23689210","219316.1","2","yes","KXNFLGAME-25OCT27WASKC-KC","KXNFLGAME","TRUE","KXNFLGAME-25OCT27WASKC-KC"
"KXNCAAFSPREAD-26JAN19MIAIND","KXNCAAFSPREAD-26JAN19MIAIND","Sports","23478178","361986.68","16","","","KXNCAAFSPREAD","TRUE",""
"KXMLBAL-25","KXMLBAL-25","Sports","23420765","290901.21","15","yes","KXMLBAL-25-TOR","KXMLBAL","TRUE","KXMLBAL-25-TOR"
"KXNBAGAME-26APR28ATLNYK","KXNBAGAME-26APR28ATLNYK","Sports","23399333","159139.86","2","","","KXNBAGAME","TRUE",""
"KXNEXTTEAMGIANNIS-26GANT","KXNEXTTEAMGIANNIS-26GANT","Sports","23318658","130675.17","30","","","KXNEXTTEAMGIANNIS","TRUE",""
"KXNBACUP-25","KXNBACUP-25","Sports","23186538","339077.37","19","","","KXNBACUP","TRUE",""
"KXNCAAFGAME-25SEP26TCUASU","KXNCAAFGAME-25SEP26TCUASU","Sports","23138352","327517.23","2","","","KXNCAAFGAME","TRUE",""
"KXNCAAFGAME-25DEC06UGAALA","KXNCAAFGAME-25DEC06UGAALA","Sports","23066517","270001.37","2","","","KXNCAAFGAME","TRUE",""
"KXNCAAMBGAME-26MAR20SCUUK","KXNCAAMBGAME-26MAR20SCUUK","Sports","23047768","324044.28","2","","","KXNCAAMBGAME","TRUE",""
"KXUFCFIGHT-26JAN24GAEPIM","KXUFCFIGHT-26JAN24GAEPIM","Sports","22974361","312228.1","2","","","KXUFCFIGHT","TRUE",""
"KXNBAGAME-25OCT21HOUOKC","KXNBAGAME-25OCT21HOUOKC","Sports","22969463","339378.26","2","yes","KXNBAGAME-25OCT21HOUOKC-OKC","KXNBAGAME","TRUE","KXNBAGAME-25OCT21HOUOKC-OKC"
"KXNBAGAME-26MAR23GSWDAL","KXNBAGAME-26MAR23GSWDAL","Sports","22961925","297419.25","2","","","KXNBAGAME","TRUE",""
"KXNFLGAME-25NOV16KCDEN","KXNFLGAME-25NOV16KCDEN","Sports","22943195","343986.9","2","yes","KXNFLGAME-25NOV16KCDEN-DEN","KXNFLGAME","TRUE","KXNFLGAME-25NOV16KCDEN-DEN"
"KXNCAAMBGAME-26MAR27MSUCONN","KXNCAAMBGAME-26MAR27MSUCONN","Sports","22845314","290154.39","2","","","KXNCAAMBGAME","TRUE",""
"KXBOXING-25SEP13CALVTCRA","KXBOXING-25SEP13CALVTCRA","Sports","22832330","330454.52","2","yes","KXBOXING-25SEP13CALVTCRA-CALV","KXBOXING","TRUE","KXBOXING-25SEP13CALVTCRA-CALV"
"KXNFLGAME-25SEP21DENLAC","KXNFLGAME-25SEP21DENLAC","Sports","22832003","326229.27","2","yes","KXNFLGAME-25SEP21DENLAC-LAC","KXNFLGAME","TRUE","KXNFLGAME-25SEP21DENLAC-LAC"
"KXBTCY-27JAN0100","KXBTCY-27JAN0100","Crypto","22795059","0","28","","","KXBTCY","FALSE",""
"KXNFLGAME-25SEP14PHIKC","KXNFLGAME-25SEP14PHIKC","Sports","22776438","310866.48","2","yes","KXNFLGAME-25SEP14PHIKC-PHI","KXNFLGAME","TRUE","KXNFLGAME-25SEP14PHIKC-PHI"
"KXNBAGAME-26FEB11SASGSW","KXNBAGAME-26FEB11SASGSW","Sports","22771271","304200.98","2","","","KXNBAGAME","TRUE",""
"KXNFLGAME-25DEC07CINBUF","KXNFLGAME-25DEC07CINBUF","Sports","22768613","285014.28","2","","","KXNFLGAME","TRUE",""
"KXSB-27","KXSB-27","Sports","22698135","65531.39","32","","","KXSB","TRUE",""
"KXNCAAFGAME-25DEC30USCTCU","KXNCAAFGAME-25DEC30USCTCU","Sports","22680071","311899.78","2","","","KXNCAAFGAME","TRUE",""
"KXNBAEAST-25","KXNBAEAST-25","Sports","22673776","271479.21","12","","","KXNBAEAST","TRUE",""
"KXNBAGAME-25JUN08INDOKC","KXNBAGAME-25JUN08INDOKC","Sports","22653849","195774.85","2","yes","KXNBAGAME-25JUN08INDOKC-OKC","KXNBAGAME","TRUE","KXNBAGAME-25JUN08INDOKC-OKC"
"KXNFLGAME-25DEC14INDSEA","KXNFLGAME-25DEC14INDSEA","Sports","22637782","277624.28","2","","","KXNFLGAME","TRUE",""
"KXNBAGAME-26APR25OKCPHX","KXNBAGAME-26APR25OKCPHX","Sports","22576225","182005.56","2","","","KXNBAGAME","TRUE",""
"KXNFLGAME-25SEP21LAPHI","KXNFLGAME-25SEP21LAPHI","Sports","22471954","320170.67","2","yes","KXNFLGAME-25SEP21LAPHI-PHI","KXNFLGAME","TRUE","KXNFLGAME-25SEP21LAPHI-PHI"
"KXNCAAFGAME-25OCT17LOUMIA","KXNCAAFGAME-25OCT17LOUMIA","Sports","22314585","302079.31","2","yes","KXNCAAFGAME-25OCT17LOUMIA-LOU","KXNCAAFGAME","TRUE","KXNCAAFGAME-25OCT17LOUMIA-LOU"
"KXNFLGAME-25NOV09BUFMIA","KXNFLGAME-25NOV09BUFMIA","Sports","22314504","256168.03","2","yes","KXNFLGAME-25NOV09BUFMIA-MIA","KXNFLGAME","TRUE","KXNFLGAME-25NOV09BUFMIA-MIA"
"KXNCAAFGAME-25NOV08INDPSU","KXNCAAFGAME-25NOV08INDPSU","Sports","22261928","207001.6","2","yes","KXNCAAFGAME-25NOV08INDPSU-IND","KXNCAAFGAME","TRUE","KXNCAAFGAME-25NOV08INDPSU-IND"
"KXNCAAFGAME-25OCT18FSUSTAN","KXNCAAFGAME-25OCT18FSUSTAN","Sports","22183812","290284.39","2","yes","KXNCAAFGAME-25OCT18FSUSTAN-STAN","KXNCAAFGAME","TRUE","KXNCAAFGAME-25OCT18FSUSTAN-STAN"
"KXNFLGAME-25SEP11WASGB","KXNFLGAME-25SEP11WASGB","Sports","22020570","257974.39","2","yes","KXNFLGAME-25SEP11WASGB-GB","KXNFLGAME","TRUE","KXNFLGAME-25SEP11WASGB-GB"
"KXNCAAFGAME-25DEC27GTBYU","KXNCAAFGAME-25DEC27GTBYU","Sports","21989079","307378.92","2","","","KXNCAAFGAME","TRUE",""
"KXNCAAFGAME-25DEC31IOWAVAN","KXNCAAFGAME-25DEC31IOWAVAN","Sports","21984712","272518.79","2","","","KXNCAAFGAME","TRUE",""
"KXNFLGAME-25NOV13NYJNE","KXNFLGAME-25NOV13NYJNE","Sports","21968473","150508.26","2","yes","KXNFLGAME-25NOV13NYJNE-NE","KXNFLGAME","TRUE","KXNFLGAME-25NOV13NYJNE-NE"
"KXNBAGAME-26FEB09OKCLAL","KXNBAGAME-26FEB09OKCLAL","Sports","21811321","278314.53","2","","","KXNBAGAME","TRUE",""
"KXNCAAMBGAME-26MAR21VANNEB","KXNCAAMBGAME-26MAR21VANNEB","Sports","21807801","335674.64","2","","","KXNCAAMBGAME","TRUE",""
"KXNBAGAME-25JUN05INDOKC","KXNBAGAME-25JUN05INDOKC","Sports","21793426","190078.15","2","yes","KXNBAGAME-25JUN05INDOKC-IND","KXNBAGAME","TRUE","KXNBAGAME-25JUN05INDOKC-IND"
"KXNBAGAME-26APR19PORSAS","KXNBAGAME-26APR19PORSAS","Sports","21708199","136293.96","2","","","KXNBAGAME","TRUE",""
"KXNCAAFGAME-25DEC27LSUHOU","KXNCAAFGAME-25DEC27LSUHOU","Sports","21682475","274423.29","2","","","KXNCAAFGAME","TRUE",""
"GOVPARTYNJ-25","GOVPARTYNJ-25","Elections","21568887","180401.5","2","yes","GOVPARTYNJ-25-D","KXGOVPARTYNJ","FALSE","GOVPARTYNJ-25-D"
"KXNFLGAME-25OCT26CHIBAL","KXNFLGAME-25OCT26CHIBAL","Sports","21568547","301963.66","2","yes","KXNFLGAME-25OCT26CHIBAL-BAL","KXNFLGAME","TRUE","KXNFLGAME-25OCT26CHIBAL-BAL"
"KXNFLGAME-25NOV02DENHOU","KXNFLGAME-25NOV02DENHOU","Sports","21504204","323195.22","2","yes","KXNFLGAME-25NOV02DENHOU-DEN","KXNFLGAME","TRUE","KXNFLGAME-25NOV02DENHOU-DEN"
"KXNFLGAME-25NOV02JACLV","KXNFLGAME-25NOV02JACLV","Sports","21419112","337360.91","2","yes","KXNFLGAME-25NOV02JACLV-JAC","KXNFLGAME","TRUE","KXNFLGAME-25NOV02JACLV-JAC"
"KXNCAAFGAME-25DEC26UNMMINN","KXNCAAFGAME-25DEC26UNMMINN","Sports","21409865","321175.24","2","","","KXNCAAFGAME","TRUE",""
"KXNFLGAME-25OCT12CINGB","KXNFLGAME-25OCT12CINGB","Sports","21398089","141068.65","2","yes","KXNFLGAME-25OCT12CINGB-GB","KXNFLGAME","TRUE","KXNFLGAME-25OCT12CINGB-GB"
"KXNCAAFGAME-25NOV14CLEMLOU","KXNCAAFGAME-25NOV14CLEMLOU","Sports","21378463","315964.6","2","yes","KXNCAAFGAME-25NOV14CLEMLOU-CLEM","KXNCAAFGAME","TRUE","KXNCAAFGAME-25NOV14CLEMLOU-CLEM"
"KXNBAGAME-25DEC25SASOKC","KXNBAGAME-25DEC25SASOKC","Sports","21194419","264888.32","2","","","KXNBAGAME","TRUE",""
"KXNFLGAME-25SEP21DALCHI","KXNFLGAME-25SEP21DALCHI","Sports","21174532","298351.46","2","yes","KXNFLGAME-25SEP21DALCHI-CHI","KXNFLGAME","TRUE","KXNFLGAME-25SEP21DALCHI-CHI"
"KXNBAGAME-26APR15ORLPHI","KXNBAGAME-26APR15ORLPHI","Sports","21106477","296864.54","2","","","KXNBAGAME","TRUE",""
"KXMARMAD-25R4G1","KXMARMAD-25R4G1","Sports","21082701","324027.79","18","","","KXMARMAD","TRUE",""
"INXD-24DEC31","INXD-24DEC31","Unknown","21011234","65223.28","15","yes","INXD-24DEC31-T5799.99","KXINXD","FALSE","INXD-24DEC31-T5799.99"
"KXNFLGAME-25NOV16WASMIA","KXNFLGAME-25NOV16WASMIA","Sports","21009876","301367","2","yes","KXNFLGAME-25NOV16WASMIA-MIA","KXNFLGAME","TRUE","KXNFLGAME-25NOV16WASMIA-MIA"
"KXNBAGAME-26MAR25HOUMIN","KXNBAGAME-26MAR25HOUMIN","Sports","20911704","264838.2","2","","","KXNBAGAME","TRUE",""
"KXNBAWEST-25","KXNBAWEST-25","Sports","20881479","182750.51","12","","","KXNBAWEST","TRUE",""
"KXNBAGAME-26APR24BOSPHI","KXNBAGAME-26APR24BOSPHI","Sports","20695164","238539.25","2","","","KXNBAGAME","TRUE",""
"KXWOHOCKEY-MEN26CGOLD","KXWOHOCKEY-MEN26CGOLD","Sports","20645258","317758.36","12","","","KXWOHOCKEY","TRUE",""
"KXRATECUTCOUNT-25DEC31","KXRATECUTCOUNT-25DEC31","Economics","20622706","179280.06","15","","","KXRATECUTCOUNT","FALSE",""
"KXIPLGAME-26APR28RRPBKS","KXIPLGAME-26APR28RRPBKS","Sports","20602386","297952.16","2","","","KXIPLGAME","TRUE",""
"KXNBAGAME-26APR22ORLDET","KXNBAGAME-26APR22ORLDET","Sports","20550731","191410.83","2","","","KXNBAGAME","TRUE",""
"KXNFLGAME-25NOV17DALLV","KXNFLGAME-25NOV17DALLV","Sports","20471090","241175.64","2","yes","KXNFLGAME-25NOV17DALLV-DAL","KXNFLGAME","TRUE","KXNFLGAME-25NOV17DALLV-DAL"
"KXNCAAFGAME-25DEC27PITTECU","KXNCAAFGAME-25DEC27PITTECU","Sports","20360646","241302.88","2","","","KXNCAAFGAME","TRUE",""
"KXNBAGAME-26MAR23LALDET","KXNBAGAME-26MAR23LALDET","Sports","20345598","317081.95","2","","","KXNBAGAME","TRUE",""
"KXPGATOUR-FAIO26","KXPGATOUR-FAIO26","Sports","20265293","70115.71","125","","","KXPGATOUR","TRUE",""
"KXNBAGAME-26MAR09DENOKC","KXNBAGAME-26MAR09DENOKC","Sports","20234917","268455.85","2","","","KXNBAGAME","TRUE",""
"KXMLBGAME-25OCT07TORNYY","KXMLBGAME-25OCT07TORNYY","Sports","20064460","244202.47","2","yes","KXMLBGAME-25OCT07TORNYY-NYY","KXMLBGAME","TRUE","KXMLBGAME-25OCT07TORNYY-NYY"
"KXUSOWOMENSINGLES-25","KXUSOWOMENSINGLES-25","Sports","20047643","195248.84","38","yes","KXUSOWOMENSINGLES-25-AS","KXUSOWOMENSINGLES","TRUE","KXUSOWOMENSINGLES-25-AS"
"KXTOPARTIST-25","KXTOPARTIST-25","Entertainment","20046554","50025.27","9","yes","KXTOPARTIST-25-BB","KXTOPARTIST","FALSE","KXTOPARTIST-25-BB"
"KXNFLGAME-25NOV30BUFPIT","KXNFLGAME-25NOV30BUFPIT","Sports","20034915","272454.43","2","yes","KXNFLGAME-25NOV30BUFPIT-BUF","KXNFLGAME","TRUE","KXNFLGAME-25NOV30BUFPIT-BUF"
"KXNBAGAME-26APR18MINDEN","KXNBAGAME-26APR18MINDEN","Sports","20029102","223027.44","2","","","KXNBAGAME","TRUE",""
"KXNCAAFGAME-25AUG31NDMIA","KXNCAAFGAME-25AUG31NDMIA","Sports","19982076","269824.37","2","yes","KXNCAAFGAME-25AUG31NDMIA-MIA","KXNCAAFGAME","TRUE","KXNCAAFGAME-25AUG31NDMIA-MIA"
"KXNCAAFGAME-25OCT04ISUCIN","KXNCAAFGAME-25OCT04ISUCIN","Sports","19960629","236268.63","2","yes","KXNCAAFGAME-25OCT04ISUCIN-CIN","KXNCAAFGAME","TRUE","KXNCAAFGAME-25OCT04ISUCIN-CIN"
"KXNBAGAME-26MAR14DENLAL","KXNBAGAME-26MAR14DENLAL","Sports","19942735","257451.63","2","","","KXNBAGAME","TRUE",""
"KXNBAGAME-26APR12ORLBOS","KXNBAGAME-26APR12ORLBOS","Sports","19884087","205792.57","2","","","KXNBAGAME","TRUE",""
"PRESPARTYGA-24","PRESPARTYGA-24","Politics","19877401","146591.79","2","","","KXPRESPARTYGA","FALSE",""
"KXNCAAFGAME-25DEC30TENNILL","KXNCAAFGAME-25DEC30TENNILL","Sports","19869281","285106.21","2","","","KXNCAAFGAME","TRUE",""
"KXNBAGAME-26FEB20LACLAL","KXNBAGAME-26FEB20LACLAL","Sports","19845184","228571.39","2","","","KXNBAGAME","TRUE",""
"KXNBAGAME-25DEC25CLENYK","KXNBAGAME-25DEC25CLENYK","Sports","19818487","269161.56","2","","","KXNBAGAME","TRUE",""
"KXNCAAFGAME-25SEP13CLEMGT","KXNCAAFGAME-25SEP13CLEMGT","Sports","19811983","315584.59","2","yes","KXNCAAFGAME-25SEP13CLEMGT-GT","KXNCAAFGAME","TRUE","KXNCAAFGAME-25SEP13CLEMGT-GT"
"KXNCAAFGAME-25SEP27OREPSU","KXNCAAFGAME-25SEP27OREPSU","Sports","19793052","287549.92","2","yes","KXNCAAFGAME-25SEP27OREPSU-ORE","KXNCAAFGAME","TRUE","KXNCAAFGAME-25SEP27OREPSU-ORE"
"KXSURVIVOR-26DEC31","KXSURVIVOR-26DEC31","Entertainment","19718054","61385.64","24","","","KXSURVIVOR","FALSE",""
"KXNFLGAME-25SEP29CINDEN","KXNFLGAME-25SEP29CINDEN","Sports","19699678","182454.14","2","yes","KXNFLGAME-25SEP29CINDEN-DEN","KXNFLGAME","TRUE","KXNFLGAME-25SEP29CINDEN-DEN"
"KXALIENS","KXALIENS","Science and Technology","19677228","186467.47","2","","","KXALIENS","FALSE",""
"KXNBAGAME-26APR06PORDEN","KXNBAGAME-26APR06PORDEN","Sports","19617412","242603.8","2","","","KXNBAGAME","TRUE",""
"KXWWOMENSINGLES-25","KXWWOMENSINGLES-25","Sports","19615868","193328.78","117","yes","KXWWOMENSINGLES-25-IS","KXWWOMENSINGLES","TRUE","KXWWOMENSINGLES-25-IS"
"KXTIME-25","KXTIME-25","Entertainment","19577255","119516.56","36","","","KXTIME","FALSE",""
"KXNBAGAME-26FEB10INDNYK","KXNBAGAME-26FEB10INDNYK","Sports","19543032","215393.95","2","","","KXNBAGAME","TRUE",""
"KXNCAAMBGAME-26FEB16HOUISU","KXNCAAMBGAME-26FEB16HOUISU","Sports","19530061","287311.33","2","","","KXNCAAMBGAME","TRUE",""
"KXNFLGAME-25OCT12SFTB","KXNFLGAME-25OCT12SFTB","Sports","19488901","254194.93","2","yes","KXNFLGAME-25OCT12SFTB-TB","KXNFLGAME","TRUE","KXNFLGAME-25OCT12SFTB-TB"
"KXNCAAMBGAME-26MAR26TEXPUR","KXNCAAMBGAME-26MAR26TEXPUR","Sports","19442449","239232.39","2","","","KXNCAAMBGAME","TRUE",""
"KXT20WORLDCUP-26","KXT20WORLDCUP-26","Sports","19424195","171213.39","20","","","KXT20WORLDCUP","TRUE",""
"KXNCAAMBGAME-26MAR21HPARK","KXNCAAMBGAME-26MAR21HPARK","Sports","19299983","180809.11","2","","","KXNCAAMBGAME","TRUE",""
"KXNBAGAME-26APR27OKCPHX","KXNBAGAME-26APR27OKCPHX","Sports","19290266","146147.27","2","","","KXNBAGAME","TRUE",""
"KXNCAAFGAME-25NOV29ALAAUB","KXNCAAFGAME-25NOV29ALAAUB","Sports","19267066","212293.57","2","yes","KXNCAAFGAME-25NOV29ALAAUB-ALA","KXNCAAFGAME","TRUE","KXNCAAFGAME-25NOV29ALAAUB-ALA"
"KXGOVTSHUTLENGTH-26FEB07","KXGOVTSHUTLENGTH-26FEB07","Politics","19235288","173384.29","17","","","KXGOVTSHUTLENGTH","FALSE",""
"KXUFCFIGHT-26MAR07HOLOLI","KXUFCFIGHT-26MAR07HOLOLI","Sports","19226985","252049.16","2","","","KXUFCFIGHT","TRUE",""
"KXNBAGAME-26MAR14SACLAC","KXNBAGAME-26MAR14SACLAC","Sports","19211553","226684.92","2","","","KXNBAGAME","TRUE",""
"KXNBAGAME-26MAR02LACGSW","KXNBAGAME-26MAR02LACGSW","Sports","19206836","253034.34","2","","","KXNBAGAME","TRUE",""
"KXNCAAMBGAME-26MAR28IOWAILL","KXNCAAMBGAME-26MAR28IOWAILL","Sports","19173277","234008.18","2","","","KXNCAAMBGAME","TRUE",""
"KXNCAAMBGAME-26MAR20USUVILL","KXNCAAMBGAME-26MAR20USUVILL","Sports","19123428","272881.53","2","","","KXNCAAMBGAME","TRUE",""
"KXETHMAXY-25DEC31","KXETHMAXY-25DEC31","Crypto","19094203","216521.54","9","yes","KXETHMAXY-25DEC31-4249.99","KXETHMAXY","FALSE","KXETHMAXY-25DEC31-4249.99"
"KXMENWORLDCUP-26","KXMENWORLDCUP-26","Sports","19089713","66988.59","52","","","KXMENWORLDCUP","TRUE",""
"KXNFLGAME-25NOV24CARSF","KXNFLGAME-25NOV24CARSF","Sports","19052381","177695.25","2","yes","KXNFLGAME-25NOV24CARSF-SF","KXNFLGAME","TRUE","KXNFLGAME-25NOV24CARSF-SF"
"KXNFLGAME-25DEC15MIAPIT","KXNFLGAME-25DEC15MIAPIT","Sports","19014175","236502.75","2","","","KXNFLGAME","TRUE",""
"KXNFLGAME-25OCT26DALDEN","KXNFLGAME-25OCT26DALDEN","Sports","18992997","219030.28","2","yes","KXNFLGAME-25OCT26DALDEN-DEN","KXNFLGAME","TRUE","KXNFLGAME-25OCT26DALDEN-DEN"
"KXNBAGAME-26APR05HOUGSW","KXNBAGAME-26APR05HOUGSW","Sports","18954246","238673.19","2","","","KXNBAGAME","TRUE",""
"KXNCAAMBGAME-26MAR22SJUKU","KXNCAAMBGAME-26MAR22SJUKU","Sports","18946811","226613.2","2","","","KXNCAAMBGAME","TRUE",""
"KXNFLGAME-25SEP28CHILV","KXNFLGAME-25SEP28CHILV","Sports","18882246","288025.16","2","yes","KXNFLGAME-25SEP28CHILV-CHI","KXNFLGAME","TRUE","KXNFLGAME-25SEP28CHILV-CHI"
"KXNBAGAME-25MAY25NYKIND","KXNBAGAME-25MAY25NYKIND","Sports","18789892","247534.75","2","yes","KXNBAGAME-25MAY25NYKIND-NYK","KXNBAGAME","TRUE","KXNBAGAME-25MAY25NYKIND-NYK"
"KXRANKLISTGOOGLESEARCH-26JAN","KXRANKLISTGOOGLESEARCH-26JAN","Entertainment","18773117","98765.45","34","","","KXRANKLISTGOOGLESEARCH","FALSE",""
"KXNFLGAME-25DEC21JACDEN","KXNFLGAME-25DEC21JACDEN","Sports","18746692","227665.64","2","","","KXNFLGAME","TRUE",""
"KXPGATOUR-THAE26","KXPGATOUR-THAE26","Sports","18741314","119854.25","142","","","KXPGATOUR","TRUE",""
"KXNFLGAME-25NOV16SEALA","KXNFLGAME-25NOV16SEALA","Sports","18726991","236423.67","2","yes","KXNFLGAME-25NOV16SEALA-LA","KXNFLGAME","TRUE","KXNFLGAME-25NOV16SEALA-LA"
"KXFEDDECISION-26APR","KXFEDDECISION-26APR","Economics","18717720","31008.96","5","","","KXFEDDECISION","FALSE",""
"KXLLM1-25DEC31","KXLLM1-25DEC31","Science and Technology","18682280","116341.06","7","","","KXLLM1","FALSE",""
"KXNCAAMBGAME-26MAR19VCUUNC","KXNCAAMBGAME-26MAR19VCUUNC","Sports","18677090","203353.31","2","","","KXNCAAMBGAME","TRUE",""
"KXNFLGAME-25SEP28JACSF","KXNFLGAME-25SEP28JACSF","Sports","18662670","259405.07","2","yes","KXNFLGAME-25SEP28JACSF-JAC","KXNFLGAME","TRUE","KXNFLGAME-25SEP28JACSF-JAC"
"KXNBAGAME-26APR09LALGSW","KXNBAGAME-26APR09LALGSW","Sports","18637151","241183.3","2","","","KXNBAGAME","TRUE",""
"KXNBAGAME-26MAR30DETOKC","KXNBAGAME-26MAR30DETOKC","Sports","18587114","195580.31","2","","","KXNBAGAME","TRUE",""
"KXNBAGAME-26APR04SASDEN","KXNBAGAME-26APR04SASDEN","Sports","18540772","241052.6","2","","","KXNBAGAME","TRUE",""
"KXMLBGAME-25OCT31LADTOR","KXMLBGAME-25OCT31LADTOR","Sports","18534184","242315.71","2","yes","KXMLBGAME-25OCT31LADTOR-LAD","KXMLBGAME","TRUE","KXMLBGAME-25OCT31LADTOR-LAD"
"KXNFLGAME-25OCT12DENNYJ","KXNFLGAME-25OCT12DENNYJ","Sports","18512980","250385.65","2","yes","KXNFLGAME-25OCT12DENNYJ-DEN","KXNFLGAME","TRUE","KXNFLGAME-25OCT12DENNYJ-DEN"
"KXNCAAFGAME-25OCT25MISSOKLA","KXNCAAFGAME-25OCT25MISSOKLA","Sports","18458366","253218.79","2","yes","KXNCAAFGAME-25OCT25MISSOKLA-MISS","KXNCAAFGAME","TRUE","KXNCAAFGAME-25OCT25MISSOKLA-MISS"
"KXIPLGAME-26APR25PBKSDC","KXIPLGAME-26APR25PBKSDC","Sports","18440591","236121.71","2","","","KXIPLGAME","TRUE",""
"KXNBAGAME-26APR18ATLNYK","KXNBAGAME-26APR18ATLNYK","Sports","18403254","187059.74","2","","","KXNBAGAME","TRUE",""
"KXNFLGAME-25NOV23TBLA","KXNFLGAME-25NOV23TBLA","Sports","18369789","139885.51","2","yes","KXNFLGAME-25NOV23TBLA-LA","KXNFLGAME","TRUE","KXNFLGAME-25NOV23TBLA-LA"
"KXNBAGAME-25DEC12MINGSW","KXNBAGAME-25DEC12MINGSW","Sports","18365424","258263.02","2","","","KXNBAGAME","TRUE",""
"KXNBAGAME-26JAN05GSWLAC","KXNBAGAME-26JAN05GSWLAC","Sports","18358725","237059.37","2","","","KXNBAGAME","TRUE",""
"KXNFLGAME-25SEP07SFSEA","KXNFLGAME-25SEP07SFSEA","Sports","18335601","292671.12","2","yes","KXNFLGAME-25SEP07SFSEA-SF","KXNFLGAME","TRUE","KXNFLGAME-25SEP07SFSEA-SF"
"KXNCAAFGAME-25SEP27BYUCOLO","KXNCAAFGAME-25SEP27BYUCOLO","Sports","18333386","277163.63","2","yes","KXNCAAFGAME-25SEP27BYUCOLO-BYU","KXNCAAFGAME","TRUE","KXNCAAFGAME-25SEP27BYUCOLO-BYU"
"KXNBASERIES-25NYKBOS","KXNBASERIES-25NYKBOS","Sports","18270828","211947.33","2","","","KXNBASERIES","TRUE",""
"KXNFLGAME-25NOV09JACHOU","KXNFLGAME-25NOV09JACHOU","Sports","18263724","207215.77","2","yes","KXNFLGAME-25NOV09JACHOU-HOU","KXNFLGAME","TRUE","KXNFLGAME-25NOV09JACHOU-HOU"
"KXNFLGAME-25DEC14GBDEN","KXNFLGAME-25DEC14GBDEN","Sports","18251650","241458.7","2","","","KXNFLGAME","TRUE",""
"KXWMARMAD-26","KXWMARMAD-26","Sports","18223625","203907.67","37","","","KXWMARMAD","TRUE",""
"KXNBAGAME-26MAR29GSWDEN","KXNBAGAME-26MAR29GSWDEN","Sports","18194333","191220.78","2","","","KXNBAGAME","TRUE",""
"KXNBAGAME-26APR07HOUPHX","KXNBAGAME-26APR07HOUPHX","Sports","18104397","245288.77","2","","","KXNBAGAME","TRUE",""
"KXNCAAFGAME-25NOV15OKLAALA","KXNCAAFGAME-25NOV15OKLAALA","Sports","18089674","289467.07","2","yes","KXNCAAFGAME-25NOV15OKLAALA-OKLA","KXNCAAFGAME","TRUE","KXNCAAFGAME-25NOV15OKLAALA-OKLA"
"KXNBAGAME-26JAN22LALLAC","KXNBAGAME-26JAN22LALLAC","Sports","18085123","183049.06","2","","","KXNBAGAME","TRUE",""
"KXTRUMPMENTION-26APR01","KXTRUMPMENTION-26APR01","Mentions","18083843","135248.97","57","","","KXTRUMPMENTION","FALSE",""
"KXNBAGAME-26FEB05PHILAL","KXNBAGAME-26FEB05PHILAL","Sports","17973973","193860.23","2","","","KXNBAGAME","TRUE",""
"KXPGATOUR-WC25","KXPGATOUR-WC25","Sports","17969520","126420.93","119","yes","KXPGATOUR-WC25-CAME","KXPGATOUR","TRUE","KXPGATOUR-WC25-CAME"
"KXNCAAMBGAME-26MAR22UKISU","KXNCAAMBGAME-26MAR22UKISU","Sports","17964503","241285.21","2","","","KXNCAAMBGAME","TRUE",""
"KXNBAEAST-26","KXNBAEAST-26","Sports","17957285","119713.87","15","","","KXNBAEAST","TRUE",""
"KXNCAAMBGAME-26MAR19HOWMICH","KXNCAAMBGAME-26MAR19HOWMICH","Sports","17949445","25061.55","2","","","KXNCAAMBGAME","TRUE",""
"KXNCAAFGAME-25OCT24CALVT","KXNCAAFGAME-25OCT24CALVT","Sports","17947997","252971.72","2","yes","KXNCAAFGAME-25OCT24CALVT-VT","KXNCAAFGAME","TRUE","KXNCAAFGAME-25OCT24CALVT-VT"
"KXNCAAFGAME-25OCT04TEXFLA","KXNCAAFGAME-25OCT04TEXFLA","Sports","17941071","220000.61","2","yes","KXNCAAFGAME-25OCT04TEXFLA-FLA","KXNCAAFGAME","TRUE","KXNCAAFGAME-25OCT04TEXFLA-FLA"
"KXNCAAFGAME-25OCT04PSUUCLA","KXNCAAFGAME-25OCT04PSUUCLA","Sports","17869311","226150.95","2","yes","KXNCAAFGAME-25OCT04PSUUCLA-PSU","KXNCAAFGAME","TRUE","KXNCAAFGAME-25OCT04PSUUCLA-PSU"
"KXNFLGAME-25NOV09LASF","KXNFLGAME-25NOV09LASF","Sports","17782404","147150.4","2","yes","KXNFLGAME-25NOV09LASF-LA","KXNFLGAME","TRUE","KXNFLGAME-25NOV09LASF-LA"
"KXNFLGAME-25OCT05WASLAC","KXNFLGAME-25OCT05WASLAC","Sports","17732488","232273.25","2","yes","KXNFLGAME-25OCT05WASLAC-WAS","KXNFLGAME","TRUE","KXNFLGAME-25OCT05WASLAC-WAS"
"KXNCAAMBGAME-26MAR27TENNISU","KXNCAAMBGAME-26MAR27TENNISU","Sports","17691677","207571.37","2","","","KXNCAAMBGAME","TRUE",""
"KXNFLGAME-25OCT19PHIMIN","KXNFLGAME-25OCT19PHIMIN","Sports","17682715","212102.66","2","yes","KXNFLGAME-25OCT19PHIMIN-PHI","KXNFLGAME","TRUE","KXNFLGAME-25OCT19PHIMIN-PHI"
"KXNBAGAME-25OCT23DENGSW","KXNBAGAME-25OCT23DENGSW","Sports","17674013","264650.13","2","yes","KXNBAGAME-25OCT23DENGSW-GSW","KXNBAGAME","TRUE","KXNBAGAME-25OCT23DENGSW-GSW"
"PRESPARTYFULL-24-REC","PRESPARTYFULL-24-REC","Politics","17591460","175825.4","2","","","KXPRESPARTYFULL","FALSE",""
"KXIPLGAME-26APR25SRHRR","KXIPLGAME-26APR25SRHRR","Sports","17577171","201728.61","2","","","KXIPLGAME","TRUE",""
"KXNCAAFGAME-25DEC31MICHTEX","KXNCAAFGAME-25DEC31MICHTEX","Sports","17575487","250491.33","2","","","KXNCAAFGAME","TRUE",""
"KXNCAAMBGAME-26MAR22UCLACONN","KXNCAAMBGAME-26MAR22UCLACONN","Sports","17575283","206806.83","2","","","KXNCAAMBGAME","TRUE",""
"KXBTCMINY-25-2-DEC31","KXBTCMINY-25-2-DEC31","Crypto","17499502","193311.37","7","yes","KXBTCMINY-25-2-DEC31-100000","KXBTCMINY","FALSE","KXBTCMINY-25-2-DEC31-100000"
"KXMARMAD-25R8G2","KXMARMAD-25R8G2","Sports","17474310","219628.6","9","yes","KXMARMAD-25R8G2-FLA","KXMARMAD","TRUE","KXMARMAD-25R8G2-FLA"
"KXNCAAFGAME-25OCT04DUKECAL","KXNCAAFGAME-25OCT04DUKECAL","Sports","17473648","219240.74","2","yes","KXNCAAFGAME-25OCT04DUKECAL-DUKE","KXNCAAFGAME","TRUE","KXNCAAFGAME-25OCT04DUKECAL-DUKE"
"KXNFLGAME-26JAN04SEASF","KXNFLGAME-26JAN04SEASF","Sports","17454575","215081.92","2","","","KXNFLGAME","TRUE",""
"KXNCAAFGAME-26JAN02WAKEMSST","KXNCAAFGAME-26JAN02WAKEMSST","Sports","17442773","206135.46","2","","","KXNCAAFGAME","TRUE",""
"KXNCAAFGAME-25OCT11BYUARIZ","KXNCAAFGAME-25OCT11BYUARIZ","Sports","17420360","249063.42","2","yes","KXNCAAFGAME-25OCT11BYUARIZ-ARIZ","KXNCAAFGAME","TRUE","KXNCAAFGAME-25OCT11BYUARIZ-ARIZ"
"NASDAQ100Y-24DEC31","NASDAQ100Y-24DEC31","Financials","17414575","25278.91","15","","","KXNASDAQ100Y","FALSE",""
"KXNCAAFGAME-25OCT11OKLATEX","KXNCAAFGAME-25OCT11OKLATEX","Sports","17414542","255876.42","2","yes","KXNCAAFGAME-25OCT11OKLATEX-TEX","KXNCAAFGAME","TRUE","KXNCAAFGAME-25OCT11OKLATEX-TEX"
"KXIPLGAME-26APR18CSKSRH","KXIPLGAME-26APR18CSKSRH","Sports","17409342","222866.99","2","","","KXIPLGAME","TRUE",""
"KXUCLGAME-26APR28PSGBMU","KXUCLGAME-26APR28PSGBMU","Sports","17407594","191485.68","3","","","KXUCLGAME","TRUE",""
"KXNCAAFGAME-25SEP27LSUMISS","KXNCAAFGAME-25SEP27LSUMISS","Sports","17392372","221134.01","2","yes","KXNCAAFGAME-25SEP27LSUMISS-MISS","KXNCAAFGAME","TRUE","KXNCAAFGAME-25SEP27LSUMISS-MISS"
"KXNFLGAME-25SEP28BALKC","KXNFLGAME-25SEP28BALKC","Sports","17370482","222611.67","2","yes","KXNFLGAME-25SEP28BALKC-KC","KXNFLGAME","TRUE","KXNFLGAME-25SEP28BALKC-KC"
"KXNCAAFGAME-25OCT17UNCCAL","KXNCAAFGAME-25OCT17UNCCAL","Sports","17357441","176986.83","2","yes","KXNCAAFGAME-25OCT17UNCCAL-CAL","KXNCAAFGAME","TRUE","KXNCAAFGAME-25OCT17UNCCAL-CAL"
"KXNCAAFGAME-25SEP19IOWARUTG","KXNCAAFGAME-25SEP19IOWARUTG","Sports","17327687","259583.83","2","yes","KXNCAAFGAME-25SEP19IOWARUTG-IOWA","KXNCAAFGAME","TRUE","KXNCAAFGAME-25SEP19IOWARUTG-IOWA"
"KXNBAGAME-26MAR18LALHOU","KXNBAGAME-26MAR18LALHOU","Sports","17318992","257212.09","2","","","KXNBAGAME","TRUE",""
"KXELECTIONMOVZOHRAN-25-ZMAM","KXELECTIONMOVZOHRAN-25-ZMAM","Elections","17288611","141984.69","10","yes","KXELECTIONMOVZOHRAN-25-ZMAM-B10.5","KXELECTIONMOVZOHRAN","FALSE","KXELECTIONMOVZOHRAN-25-ZMAM-B10.5"
"KXNCAAFGAME-25DEC13ARMYNAVY","KXNCAAFGAME-25DEC13ARMYNAVY","Sports","17287737","243248.21","2","","","KXNCAAFGAME","TRUE",""
"KXNCAAFGAME-25OCT11ALAMIZZ","KXNCAAFGAME-25OCT11ALAMIZZ","Sports","17280826","217605.33","2","yes","KXNCAAFGAME-25OCT11ALAMIZZ-ALA","KXNCAAFGAME","TRUE","KXNCAAFGAME-25OCT11ALAMIZZ-ALA"
"KXNFLGAME-25DEC20PHIWAS","KXNFLGAME-25DEC20PHIWAS","Sports","17234501","201888.13","2","","","KXNFLGAME","TRUE",""
"KXNFLGAME-25NOV23NYGDET","KXNFLGAME-25NOV23NYGDET","Sports","17200204","219945.15","2","yes","KXNFLGAME-25NOV23NYGDET-DET","KXNFLGAME","TRUE","KXNFLGAME-25NOV23NYGDET-DET"
"KXNCAAFGAME-25SEP19TLSAOKST","KXNCAAFGAME-25SEP19TLSAOKST","Sports","17116755","183591.49","2","yes","KXNCAAFGAME-25SEP19TLSAOKST-TLSA","KXNCAAFGAME","TRUE","KXNCAAFGAME-25SEP19TLSAOKST-TLSA"
"KXNFLGAME-26JAN04DETCHI","KXNFLGAME-26JAN04DETCHI","Sports","17077516","227519.84","2","","","KXNFLGAME","TRUE",""
"KXNBAGAME-26MAR16LALHOU","KXNBAGAME-26MAR16LALHOU","Sports","17055970","263485.08","2","","","KXNBAGAME","TRUE",""
"PRESPARTYPA-24","PRESPARTYPA-24","Politics","17035521","186021.15","2","","","KXPRESPARTYPA","FALSE",""
"KXNBASERIES-25GSWHOU","KXNBASERIES-25GSWHOU","Sports","17006236","225998.6","2","yes","KXNBASERIES-25GSWHOU-GSW","KXNBASERIES","TRUE","KXNBASERIES-25GSWHOU-GSW"
"INXY-23DEC29","INXY-23DEC29","Financials","16995983","26497.01","15","yes","INXY-23DEC29-B4800","KXINXY","FALSE","INXY-23DEC29-B4800"
"KXNCAAFGAME-25OCT11UGAAUB","KXNCAAFGAME-25OCT11UGAAUB","Sports","16993703","239979.1","2","yes","KXNCAAFGAME-25OCT11UGAAUB-UGA","KXNCAAFGAME","TRUE","KXNCAAFGAME-25OCT11UGAAUB-UGA"
"KXNCAAMBGAME-26MAR18MOHSMU","KXNCAAMBGAME-26MAR18MOHSMU","Sports","16987078","208251.62","2","","","KXNCAAMBGAME","TRUE",""
"KXMAYORNYCNOMD-25","KXMAYORNYCNOMD-25","Politics","16963228","159938.89","20","yes","KXMAYORNYCNOMD-25-ZM","KXMAYORNYCNOMD","FALSE","KXMAYORNYCNOMD-25-ZM"
"KXNBAGAME-26APR12DENSAS","KXNBAGAME-26APR12DENSAS","Sports","16956178","205629.69","2","","","KXNBAGAME","TRUE",""
"KXNFLGAME-25OCT30BALMIA","KXNFLGAME-25OCT30BALMIA","Sports","16946710","159217.05","2","yes","KXNFLGAME-25OCT30BALMIA-BAL","KXNFLGAME","TRUE","KXNFLGAME-25OCT30BALMIA-BAL"
"KXNCAAMBGAME-26MAR19TCUOSU","KXNCAAMBGAME-26MAR19TCUOSU","Sports","16925789","243388.18","2","","","KXNCAAMBGAME","TRUE",""
"KXNCAAMBGAME-26MAR20MIZZMIA","KXNCAAMBGAME-26MAR20MIZZMIA","Sports","16885790","242962.15","2","","","KXNCAAMBGAME","TRUE",""
"KXNFLGAME-25OCT19GBARI","KXNFLGAME-25OCT19GBARI","Sports","16882195","253255.91","2","yes","KXNFLGAME-25OCT19GBARI-GB","KXNFLGAME","TRUE","KXNFLGAME-25OCT19GBARI-GB"
"KXMICHCOACH-26","KXMICHCOACH-26","Sports","16851846","108636.63","40","","","KXMICHCOACH","TRUE",""
"KXNBAGAME-26FEB21ORLPHX","KXNBAGAME-26FEB21ORLPHX","Sports","16742277","221975.8","2","","","KXNBAGAME","TRUE",""
"KXNCAAFGAME-25NOV01UGAFLA","KXNCAAFGAME-25NOV01UGAFLA","Sports","16672614","220237.47","2","yes","KXNCAAFGAME-25NOV01UGAFLA-UGA","KXNCAAFGAME","TRUE","KXNCAAFGAME-25NOV01UGAFLA-UGA"
"KXNCAAFGAME-25OCT18MISSUGA","KXNCAAFGAME-25OCT18MISSUGA","Sports","16570640","228245.99","2","yes","KXNCAAFGAME-25OCT18MISSUGA-UGA","KXNCAAFGAME","TRUE","KXNCAAFGAME-25OCT18MISSUGA-UGA"
"KXNBAGAME-26JAN05DENPHI","KXNBAGAME-26JAN05DENPHI","Sports","16537952","205943.18","2","","","KXNBAGAME","TRUE",""
"KXNBAGAME-26FEB19DENLAC","KXNBAGAME-26FEB19DENLAC","Sports","16508450","207362.29","2","","","KXNBAGAME","TRUE",""
"KXNBAGAME-26FEB22CLEOKC","KXNBAGAME-26FEB22CLEOKC","Sports","16439061","225392.1","2","","","KXNBAGAME","TRUE",""
"KXNBAGAME-26FEB04DENNYK","KXNBAGAME-26FEB04DENNYK","Sports","16428302","230546.93","2","","","KXNBAGAME","TRUE",""
"KXATPMATCH-26JAN26MUSDJO","KXATPMATCH-26JAN26MUSDJO","Sports","16419319","193344.3","2","","","KXATPMATCH","TRUE",""
"KXNBAGAME-26FEB22ORLLAC","KXNBAGAME-26FEB22ORLLAC","Sports","16316332","242340.17","2","","","KXNBAGAME","TRUE",""
"KXNBAGAME-26FEB23SASDET","KXNBAGAME-26FEB23SASDET","Sports","16298565","210876.52","2","","","KXNBAGAME","TRUE",""
"KXNBAGAME-25DEC09MIAORL","KXNBAGAME-25DEC09MIAORL","Sports","16254801","216444.93","2","","","KXNBAGAME","TRUE",""
"KXNCAAMBGAME-26MAR22TENNUVA","KXNCAAMBGAME-26MAR22TENNUVA","Sports","16247097","229654.83","2","","","KXNCAAMBGAME","TRUE",""
"KXNCAAMBGAME-26MAR20WRSTUVA","KXNCAAMBGAME-26MAR20WRSTUVA","Sports","16230227","141127.08","2","","","KXNCAAMBGAME","TRUE",""
"KXIPLGAME-26APR22RRLSG","KXIPLGAME-26APR22RRLSG","Sports","16153815","200807.51","2","","","KXIPLGAME","TRUE",""
"KXNBAGAME-25NOV05SASLAL","KXNBAGAME-25NOV05SASLAL","Sports","16147567","206269.83","2","","","KXNBAGAME","TRUE",""
"KXNFLGAME-25SEP21ARISF","KXNFLGAME-25SEP21ARISF","Sports","16134515","235392","2","yes","KXNFLGAME-25SEP21ARISF-ARI","KXNFLGAME","TRUE","KXNFLGAME-25SEP21ARISF-ARI"
"KXNCAAMBGAME-26MAR21TEXGONZ","KXNCAAMBGAME-26MAR21TEXGONZ","Sports","16088674","227573.95","2","","","KXNCAAMBGAME","TRUE",""
"KXNCAAMBGAME-26MAR21TCUDUKE","KXNCAAMBGAME-26MAR21TCUDUKE","Sports","16079124","116872.42","2","","","KXNCAAMBGAME","TRUE",""
"KXNCAAFGAME-25DEC06BYUTTU","KXNCAAFGAME-25DEC06BYUTTU","Sports","16073448","156213.8","2","","","KXNCAAFGAME","TRUE",""
"KXNFLGAME-25NOV30LACAR","KXNFLGAME-25NOV30LACAR","Sports","16044900","184151.86","2","yes","KXNFLGAME-25NOV30LACAR-CAR","KXNFLGAME","TRUE","KXNFLGAME-25NOV30LACAR-CAR"
"KXNBAGAME-26APR08PORSAS","KXNBAGAME-26APR08PORSAS","Sports","16040842","154284.9","2","","","KXNBAGAME","TRUE",""
"KXNCAAMBGAME-26MAR20IOWACLEM","KXNCAAMBGAME-26MAR20IOWACLEM","Sports","16024578","189558.52","2","","","KXNCAAMBGAME","TRUE",""
"KXMLBGAME-25OCT01CINLAD","KXMLBGAME-25OCT01CINLAD","Sports","15967427","189009.15","2","yes","KXMLBGAME-25OCT01CINLAD-LAD","KXMLBGAME","TRUE","KXMLBGAME-25OCT01CINLAD-LAD"
"KXNBAGAME-26JAN30DETGSW","KXNBAGAME-26JAN30DETGSW","Sports","15959582","175373.67","2","","","KXNBAGAME","TRUE",""
"KXMLBHRDERBY-25","KXMLBHRDERBY-25","Sports","15959260","158799.05","9","yes","KXMLBHRDERBY-25-CRAL","KXMLBHRDERBY","TRUE","KXMLBHRDERBY-25-CRAL"
"KXNBAGAME-26APR09BOSNYK","KXNBAGAME-26APR09BOSNYK","Sports","15945339","224238.31","2","","","KXNBAGAME","TRUE",""
"KXNCAAMBGAME-26MAR22MIAPUR","KXNCAAMBGAME-26MAR22MIAPUR","Sports","15931426","161234.47","2","","","KXNCAAMBGAME","TRUE",""
"KXNBAGAME-26FEB22DENGSW","KXNBAGAME-26FEB22DENGSW","Sports","15906282","208369.74","2","","","KXNBAGAME","TRUE",""
"KXNCAAFGAME-25NOV29OSUMICH","KXNCAAFGAME-25NOV29OSUMICH","Sports","15872273","171623.21","2","yes","KXNCAAFGAME-25NOV29OSUMICH-OSU","KXNCAAFGAME","TRUE","KXNCAAFGAME-25NOV29OSUMICH-OSU"
"KXNCAAMBGAME-26MAR19TEXBYU","KXNCAAMBGAME-26MAR19TEXBYU","Sports","15858919","184606.78","2","","","KXNCAAMBGAME","TRUE",""
"KXNFLGAME-25SEP07PITNYJ","KXNFLGAME-25SEP07PITNYJ","Sports","15834199","247513.26","2","yes","KXNFLGAME-25SEP07PITNYJ-PIT","KXNFLGAME","TRUE","KXNFLGAME-25SEP07PITNYJ-PIT"
"KXUCLGAME-26APR15BMURMA","KXUCLGAME-26APR15BMURMA","Sports","15803489","182839.12","3","","","KXUCLGAME","TRUE",""
"KXNBAGAME-26MAR16SASLAC","KXNBAGAME-26MAR16SASLAC","Sports","15795731","116638.4","2","","","KXNBAGAME","TRUE",""
"KXDHSFUND","KXDHSFUND","Politics","15762712","133818.06","9","","","KXDHSFUND","FALSE",""
"KXMLBGAME-25OCT28TORLAD","KXMLBGAME-25OCT28TORLAD","Sports","15747550","193954.86","2","yes","KXMLBGAME-25OCT28TORLAD-TOR","KXMLBGAME","TRUE","KXMLBGAME-25OCT28TORLAD-TOR"
"KXNBAGAME-25MAY31NYKIND","KXNBAGAME-25MAY31NYKIND","Sports","15744487","188701.53","2","yes","KXNBAGAME-25MAY31NYKIND-IND","KXNBAGAME","TRUE","KXNBAGAME-25MAY31NYKIND-IND"
"KXNFLGAME-25OCT26SFHOU","KXNFLGAME-25OCT26SFHOU","Sports","15593704","197288.46","2","yes","KXNFLGAME-25OCT26SFHOU-HOU","KXNFLGAME","TRUE","KXNFLGAME-25OCT26SFHOU-HOU"
"KXNFLGAME-25SEP28INDLA","KXNFLGAME-25SEP28INDLA","Sports","15587455","232051.47","2","yes","KXNFLGAME-25SEP28INDLA-LA","KXNFLGAME","TRUE","KXNFLGAME-25SEP28INDLA-LA"
"KXNBAGAME-26APR08ATLCLE","KXNBAGAME-26APR08ATLCLE","Sports","15519003","174919.74","2","","","KXNBAGAME","TRUE",""
"KXUCL-26","KXUCL-26","Sports","15514176","108244.65","36","","","KXUCL","TRUE",""
"KXNCAAFGAME-25AUG30LSUCLEM","KXNCAAFGAME-25AUG30LSUCLEM","Sports","15510791","214037.66","2","yes","KXNCAAFGAME-25AUG30LSUCLEM-LSU","KXNCAAFGAME","TRUE","KXNCAAFGAME-25AUG30LSUCLEM-LSU"
"KXNBAGAME-26JAN23DENMIL","KXNBAGAME-26JAN23DENMIL","Sports","15503071","164007.86","2","","","KXNBAGAME","TRUE",""
"KXMLBGAME-25OCT24LADTOR","KXMLBGAME-25OCT24LADTOR","Sports","15475353","198351.96","2","yes","KXMLBGAME-25OCT24LADTOR-TOR","KXMLBGAME","TRUE","KXMLBGAME-25OCT24LADTOR-TOR"
"KXNBAGAME-25MAY26OKCMIN","KXNBAGAME-25MAY26OKCMIN","Sports","15462155","202855.77","2","yes","KXNBAGAME-25MAY26OKCMIN-OKC","KXNBAGAME","TRUE","KXNBAGAME-25MAY26OKCMIN-OKC"
"KXNBAGAME-25NOV17CHIDEN","KXNBAGAME-25NOV17CHIDEN","Sports","15456752","178050.04","2","yes","KXNBAGAME-25NOV17CHIDEN-CHI","KXNBAGAME","TRUE","KXNBAGAME-25NOV17CHIDEN-CHI"
"KXNBAWEST-26","KXNBAWEST-26","Sports","15446931","95549.98","15","","","KXNBAWEST","TRUE",""
"KXNBAGAME-25DEC19OKCMIN","KXNBAGAME-25DEC19OKCMIN","Sports","15388517","224246.49","2","","","KXNBAGAME","TRUE",""
"KXNBAGAME-26MAR04OKCNYK","KXNBAGAME-26MAR04OKCNYK","Sports","15371191","184567.7","2","","","KXNBAGAME","TRUE",""
"KXNFLGAME-25OCT05NYGNO","KXNFLGAME-25OCT05NYGNO","Sports","15316854","208162.65","2","yes","KXNFLGAME-25OCT05NYGNO-NO","KXNFLGAME","TRUE","KXNFLGAME-25OCT05NYGNO-NO"
"KXNFLGAME-25DEC14DETLA","KXNFLGAME-25DEC14DETLA","Sports","15272612","184813.82","2","","","KXNFLGAME","TRUE",""
"KXNFLGAME-25OCT12DALCAR","KXNFLGAME-25OCT12DALCAR","Sports","15261138","234054.18","2","yes","KXNFLGAME-25OCT12DALCAR-CAR","KXNFLGAME","TRUE","KXNFLGAME-25OCT12DALCAR-CAR"
"KXNBAGAME-26JAN16MINHOU","KXNBAGAME-26JAN16MINHOU","Sports","15199081","216693.16","2","","","KXNBAGAME","TRUE",""
"KXATTENDSOTU","KXATTENDSOTU","Politics","15171459","100947.36","46","","","KXATTENDSOTU","FALSE",""
"KXNFLGAME-25NOV09NYGCHI","KXNFLGAME-25NOV09NYGCHI","Sports","15147200","197741.84","2","yes","KXNFLGAME-25NOV09NYGCHI-CHI","KXNFLGAME","TRUE","KXNFLGAME-25NOV09NYGCHI-CHI"
"KXIPLGAME-26APR24GTRCB","KXIPLGAME-26APR24GTRCB","Sports","15135802","161122.82","2","","","KXIPLGAME","TRUE",""
"KXNFLSPREAD-26JAN25NEDEN","KXNFLSPREAD-26JAN25NEDEN","Sports","15125585","231881.18","15","","","KXNFLSPREAD","TRUE",""
"KXNBAGAME-25MAY29INDNYK","KXNBAGAME-25MAY29INDNYK","Sports","15117205","180880.24","2","yes","KXNBAGAME-25MAY29INDNYK-NYK","KXNBAGAME","TRUE","KXNBAGAME-25MAY29INDNYK-NYK"
"KXNBAGAME-25OCT23OKCIND","KXNBAGAME-25OCT23OKCIND","Sports","15100863","212984.26","2","yes","KXNBAGAME-25OCT23OKCIND-OKC","KXNBAGAME","TRUE","KXNBAGAME-25OCT23OKCIND-OKC"
"KXNCAAFGAME-25DEC23WKUUSM","KXNCAAFGAME-25DEC23WKUUSM","Sports","15054117","208914.61","2","","","KXNCAAFGAME","TRUE",""
"KXNBAGAME-26JAN07UTAOKC","KXNBAGAME-26JAN07UTAOKC","Sports","15038825","163883.9","2","","","KXNBAGAME","TRUE",""
"KXNFLGAME-25SEP07HOULA","KXNFLGAME-25SEP07HOULA","Sports","15034657","214386.98","2","yes","KXNFLGAME-25SEP07HOULA-LA","KXNFLGAME","TRUE","KXNFLGAME-25SEP07HOULA-LA"
"KXNBAGAME-26FEB22BOSLAL","KXNBAGAME-26FEB22BOSLAL","Sports","15022723","195464.92","2","","","KXNBAGAME","TRUE",""
"KXPREMIERLEAGUE-26","KXPREMIERLEAGUE-26","Sports","15007798","137678.39","20","","","KXPREMIERLEAGUE","TRUE",""
"KXNBAALLSTARMVP-26","KXNBAALLSTARMVP-26","Sports","15002262","100568.86","26","","","KXNBAALLSTARMVP","TRUE",""
"KXNFLGAME-25OCT05MIACAR","KXNFLGAME-25OCT05MIACAR","Sports","14961414","208545.64","2","yes","KXNFLGAME-25OCT05MIACAR-CAR","KXNFLGAME","TRUE","KXNFLGAME-25OCT05MIACAR-CAR"
"KXNBAGAME-26MAR08NYKLAL","KXNBAGAME-26MAR08NYKLAL","Sports","14954942","181570.87","2","","","KXNBAGAME","TRUE",""
"KXWMARMAD-25","KXWMARMAD-25","Sports","14940493","150063.17","48","yes","KXWMARMAD-25-UCONN","KXWMARMAD","TRUE","KXWMARMAD-25-UCONN"
"KXNCAAMBGAME-26MAR17TEXNCST","KXNCAAMBGAME-26MAR17TEXNCST","Sports","14931710","199148.61","2","","","KXNCAAMBGAME","TRUE",""
"KXNBAGAME-26FEB26LALPHX","KXNBAGAME-26FEB26LALPHX","Sports","14929146","184916.08","2","","","KXNBAGAME","TRUE",""
"KXNBAGAME-26FEB06LACSAC","KXNBAGAME-26FEB06LACSAC","Sports","14885520","200715.26","2","","","KXNBAGAME","TRUE",""
"KXMLBGAME-25OCT15TORSEA","KXMLBGAME-25OCT15TORSEA","Sports","14883669","190939.98","2","yes","KXMLBGAME-25OCT15TORSEA-TOR","KXMLBGAME","TRUE","KXMLBGAME-25OCT15TORSEA-TOR"
"KXNFLGAME-25NOV02INDPIT","KXNFLGAME-25NOV02INDPIT","Sports","14868471","179370.8","2","yes","KXNFLGAME-25NOV02INDPIT-PIT","KXNFLGAME","TRUE","KXNFLGAME-25NOV02INDPIT-PIT"
"KXNBAGAME-26MAR01SASNYK","KXNBAGAME-26MAR01SASNYK","Sports","14862741","195617.96","2","","","KXNBAGAME","TRUE",""
"KXIPLGAME-26APR21DCSRH","KXIPLGAME-26APR21DCSRH","Sports","14841933","150656.82","2","","","KXIPLGAME","TRUE",""
"KXNFLANYTD-26FEB08SEANE","KXNFLANYTD-26FEB08SEANE","Sports","14839853","160273.13","22","","","KXNFLANYTD","TRUE",""
"KXNCAAFGAME-25DEC27PSUCLEM","KXNCAAFGAME-25DEC27PSUCLEM","Sports","14809662","194497.29","2","","","KXNCAAFGAME","TRUE",""
"KXNCAAMBGAME-26MAR22USUARIZ","KXNCAAMBGAME-26MAR22USUARIZ","Sports","14808208","94137.61","2","","","KXNCAAMBGAME","TRUE",""
"KXMLBGAME-25OCT29TORLAD","KXMLBGAME-25OCT29TORLAD","Sports","14774445","190445.07","2","yes","KXMLBGAME-25OCT29TORLAD-TOR","KXMLBGAME","TRUE","KXMLBGAME-25OCT29TORLAD-TOR"
"KXNBAGAME-26MAR09NYKLAC","KXNBAGAME-26MAR09NYKLAC","Sports","14753881","176953.59","2","","","KXNBAGAME","TRUE",""
"KXNBAGAME-26FEB25BOSDEN","KXNBAGAME-26FEB25BOSDEN","Sports","14749200","200714.91","2","","","KXNBAGAME","TRUE",""
"KXNFLGAME-25OCT05TENARI","KXNFLGAME-25OCT05TENARI","Sports","14744476","127234.11","2","yes","KXNFLGAME-25OCT05TENARI-ARI","KXNFLGAME","TRUE","KXNFLGAME-25OCT05TENARI-ARI"
"KXATPMATCH-26JAN29DJOSIN","KXATPMATCH-26JAN29DJOSIN","Sports","14743659","123901.6","2","","","KXATPMATCH","TRUE",""
"KXNFLGAME-25SEP28PHITB","KXNFLGAME-25SEP28PHITB","Sports","14720660","153341.41","2","yes","KXNFLGAME-25SEP28PHITB-PHI","KXNFLGAME","TRUE","KXNFLGAME-25SEP28PHITB-PHI"
"KXNCAAFGAME-25SEP20SYRCLEM","KXNCAAFGAME-25SEP20SYRCLEM","Sports","14711472","184717.59","2","yes","KXNCAAFGAME-25SEP20SYRCLEM-SYR","KXNCAAFGAME","TRUE","KXNCAAFGAME-25SEP20SYRCLEM-SYR"
"KXNBAGAME-26MAR02DENUTA","KXNBAGAME-26MAR02DENUTA","Sports","14705368","158954.83","2","","","KXNBAGAME","TRUE",""
"KXFOWOMENSINGLES-25","KXFOWOMENSINGLES-25","Sports","14649296","178020","94","","","KXFOWOMENSINGLES","TRUE",""
"KXSENATETXD-26","KXSENATETXD-26","Elections","14628403","103825.96","11","","","KXSENATETXD","FALSE",""
"KXNBAGAME-26MAR05GSWHOU","KXNBAGAME-26MAR05GSWHOU","Sports","14624545","196174.9","2","","","KXNBAGAME","TRUE",""
"KXNFLGAME-26JAN04LACDEN","KXNFLGAME-26JAN04LACDEN","Sports","14621113","83399.4","2","","","KXNFLGAME","TRUE",""
"KXNBAGAME-26MAR03NOPLAL","KXNBAGAME-26MAR03NOPLAL","Sports","14595299","177354.52","2","","","KXNBAGAME","TRUE",""
"KXNBAGAME-26APR23CLETOR","KXNBAGAME-26APR23CLETOR","Sports","14594463","200176.61","2","","","KXNBAGAME","TRUE",""
"KXNBAGAME-26FEB25OKCDET","KXNBAGAME-26FEB25OKCDET","Sports","14594132","140319.65","2","","","KXNBAGAME","TRUE",""
"KXNBAGAME-26FEB26MINLAC","KXNBAGAME-26FEB26MINLAC","Sports","14590842","185434.77","2","","","KXNBAGAME","TRUE",""
"KXNCAAMBSPREAD-26APR06CONNMICH","KXNCAAMBSPREAD-26APR06CONNMICH","Sports","14590185","223995.76","31","","","KXNCAAMBSPREAD","TRUE",""
"KXNBAGAME-25DEC15HOUDEN","KXNBAGAME-25DEC15HOUDEN","Sports","14583722","215972.1","2","","","KXNBAGAME","TRUE",""
"KXNBAGAME-25DEC25HOULAL","KXNBAGAME-25DEC25HOULAL","Sports","14558732","184244.11","2","","","KXNBAGAME","TRUE",""
"KXWBCGAME-26MAR152000USADOM","KXWBCGAME-26MAR152000USADOM","Sports","14544971","224110.95","2","","","KXWBCGAME","TRUE",""
"PRESPARTYMI-24","PRESPARTYMI-24","Politics","14542120","147025.49","2","","","KXPRESPARTYMI","FALSE",""
"KXNFLGAME-25NOV23JACARI","KXNFLGAME-25NOV23JACARI","Sports","14532082","219898.01","2","yes","KXNFLGAME-25NOV23JACARI-JAC","KXNFLGAME","TRUE","KXNFLGAME-25NOV23JACARI-JAC"
"KXNCAAFGAME-25OCT25TXAMLSU","KXNCAAFGAME-25OCT25TXAMLSU","Sports","14514265","212675.36","2","yes","KXNCAAFGAME-25OCT25TXAMLSU-TXAM","KXNCAAFGAME","TRUE","KXNCAAFGAME-25OCT25TXAMLSU-TXAM"
"KXNCAAMBBIG10-26","KXNCAAMBBIG10-26","Sports","14509185","166550.7","18","","","KXNCAAMBBIG10","TRUE",""
"KXPGARYDER-RC25","KXPGARYDER-RC25","Sports","14494558","156731.11","3","yes","KXPGARYDER-RC25-EU","KXPGARYDER","TRUE","KXPGARYDER-RC25-EU"
"KXNBAGAME-26APR10GSWSAC","KXNBAGAME-26APR10GSWSAC","Sports","14488072","173865.16","2","","","KXNBAGAME","TRUE",""
"KXNBAGAME-25NOV26DETBOS","KXNBAGAME-25NOV26DETBOS","Sports","14487215","215963.45","2","yes","KXNBAGAME-25NOV26DETBOS-BOS","KXNBAGAME","TRUE","KXNBAGAME-25NOV26DETBOS-BOS"
"KXNCAAFGAME-25AUG30TEXOSU","KXNCAAFGAME-25AUG30TEXOSU","Sports","14448407","182186.63","2","yes","KXNCAAFGAME-25AUG30TEXOSU-OSU","KXNCAAFGAME","TRUE","KXNCAAFGAME-25AUG30TEXOSU-OSU"
"KXNCAAFGAME-25NOV07TULNMEM","KXNCAAFGAME-25NOV07TULNMEM","Sports","14446591","166754.4","2","yes","KXNCAAFGAME-25NOV07TULNMEM-TULN","KXNCAAFGAME","TRUE","KXNCAAFGAME-25NOV07TULNMEM-TULN"
"KXNBAGAME-26MAR25ATLDET","KXNBAGAME-26MAR25ATLDET","Sports","14424934","211323.24","2","","","KXNBAGAME","TRUE",""
"KXNFLGAME-25NOV02CHICIN","KXNFLGAME-25NOV02CHICIN","Sports","14417739","174561.34","2","yes","KXNFLGAME-25NOV02CHICIN-CHI","KXNFLGAME","TRUE","KXNFLGAME-25NOV02CHICIN-CHI"
"KXNBAGAME-25NOV26HOUGSW","KXNBAGAME-25NOV26HOUGSW","Sports","14417517","186269.21","2","yes","KXNBAGAME-25NOV26HOUGSW-HOU","KXNBAGAME","TRUE","KXNBAGAME-25NOV26HOUGSW-HOU"
"KXNFLGAME-25DEC21BUFCLE","KXNFLGAME-25DEC21BUFCLE","Sports","14413389","115744.15","2","","","KXNFLGAME","TRUE",""
"KXNFLTOTAL-26FEB08SEANE","KXNFLTOTAL-26FEB08SEANE","Sports","14411020","204479.26","18","","","KXNFLTOTAL","TRUE",""
"KXNCAAFGAME-25SEP13TXAMND","KXNCAAFGAME-25SEP13TXAMND","Sports","14406229","187601.21","2","yes","KXNCAAFGAME-25SEP13TXAMND-ND","KXNCAAFGAME","TRUE","KXNCAAFGAME-25SEP13TXAMND-ND"
"KXNBAFINALSMVP-25","KXNBAFINALSMVP-25","Sports","14397277","106615.09","12","yes","KXNBAFINALSMVP-25-SGA","KXNBAFINALSMVP","TRUE","KXNBAFINALSMVP-25-SGA"
"KXNCAAFGAME-25OCT25ALASCAR","KXNCAAFGAME-25OCT25ALASCAR","Sports","14393327","158430.66","2","yes","KXNCAAFGAME-25OCT25ALASCAR-ALA","KXNCAAFGAME","TRUE","KXNCAAFGAME-25OCT25ALASCAR-ALA"
"KXNBAGAME-26MAR24DENPHX","KXNBAGAME-26MAR24DENPHX","Sports","14359191","188048.17","2","","","KXNBAGAME","TRUE",""
"KXNBAGAME-26MAR06LACSAS","KXNBAGAME-26MAR06LACSAS","Sports","14356562","182958.92","2","","","KXNBAGAME","TRUE",""
"KXNCAAFGAME-25NOV07HOUUCF","KXNCAAFGAME-25NOV07HOUUCF","Sports","14333462","225994.63","2","yes","KXNCAAFGAME-25NOV07HOUUCF-HOU","KXNCAAFGAME","TRUE","KXNCAAFGAME-25NOV07HOUUCF-HOU"
"KXNFLGAME-25OCT19INDLAC","KXNFLGAME-25OCT19INDLAC","Sports","14320077","157482.9","2","yes","KXNFLGAME-25OCT19INDLAC-IND","KXNFLGAME","TRUE","KXNFLGAME-25OCT19INDLAC-IND"
"KXNCAAFGAME-25OCT04MIAFSU","KXNCAAFGAME-25OCT04MIAFSU","Sports","14299623","181094.61","2","yes","KXNCAAFGAME-25OCT04MIAFSU-MIA","KXNCAAFGAME","TRUE","KXNCAAFGAME-25OCT04MIAFSU-MIA"
"KXNCAAFGAME-25SEP20TTUUTAH","KXNCAAFGAME-25SEP20TTUUTAH","Sports","14275103","209052.49","2","yes","KXNCAAFGAME-25SEP20TTUUTAH-TTU","KXNCAAFGAME","TRUE","KXNCAAFGAME-25SEP20TTUUTAH-TTU"
"KXNBAGAME-26APR02LALOKC","KXNBAGAME-26APR02LALOKC","Sports","14272171","96200.16","2","","","KXNBAGAME","TRUE",""
"KXNCAAMBGAME-26MAR21LOUMSU","KXNCAAMBGAME-26MAR21LOUMSU","Sports","14188281","146774.67","2","","","KXNCAAMBGAME","TRUE",""
"KXNCAAFGAME-25DEC23UNLVOHIO","KXNCAAFGAME-25DEC23UNLVOHIO","Sports","14186342","177147.23","2","","","KXNCAAFGAME","TRUE",""
"KXNCAAFGAME-25DEC20TULNMISS","KXNCAAFGAME-25DEC20TULNMISS","Sports","14109799","75413.55","2","","","KXNCAAFGAME","TRUE",""
"KXNBAGAME-26MAR05LALDEN","KXNBAGAME-26MAR05LALDEN","Sports","14095825","158023.75","2","","","KXNBAGAME","TRUE",""
"KXNBAGAME-26FEB09DETCHA","KXNBAGAME-26FEB09DETCHA","Sports","14089173","172510.47","2","","","KXNBAGAME","TRUE",""
"KXNBAGAME-26APR07CHABOS","KXNBAGAME-26APR07CHABOS","Sports","14080759","195683.14","2","","","KXNBAGAME","TRUE",""
"KXNBAGAME-25MAY27NYKIND","KXNBAGAME-25MAY27NYKIND","Sports","14078428","180541.95","2","yes","KXNBAGAME-25MAY27NYKIND-IND","KXNBAGAME","TRUE","KXNBAGAME-25MAY27NYKIND-IND"
"KXNCAAFGAME-25NOV22PITTGT","KXNCAAFGAME-25NOV22PITTGT","Sports","14066893","133922.71","2","yes","KXNCAAFGAME-25NOV22PITTGT-PITT","KXNCAAFGAME","TRUE","KXNCAAFGAME-25NOV22PITTGT-PITT"
"KXNCAAFGAME-25AUG30ALAFSU","KXNCAAFGAME-25AUG30ALAFSU","Sports","14020202","153022.23","2","yes","KXNCAAFGAME-25AUG30ALAFSU-FSU","KXNCAAFGAME","TRUE","KXNCAAFGAME-25AUG30ALAFSU-FSU"
"KXNFLGAME-25SEP14DENIND","KXNFLGAME-25SEP14DENIND","Sports","13984910","212739.03","2","yes","KXNFLGAME-25SEP14DENIND-DEN","KXNFLGAME","TRUE","KXNFLGAME-25SEP14DENIND-DEN"
"KXNBAGAME-25DEC21HOUSAC","KXNBAGAME-25DEC21HOUSAC","Sports","13976331","147873.79","2","","","KXNBAGAME","TRUE",""
"KXNBAGAME-25OCT21GSWLAL","KXNBAGAME-25OCT21GSWLAL","Sports","13953565","164998.86","2","yes","KXNBAGAME-25OCT21GSWLAL-GSW","KXNBAGAME","TRUE","KXNBAGAME-25OCT21GSWLAL-GSW"
"KXNBAGAME-25MAY21INDNYK","KXNBAGAME-25MAY21INDNYK","Sports","13937838","178090.96","2","yes","KXNBAGAME-25MAY21INDNYK-IND","KXNBAGAME","TRUE","KXNBAGAME-25MAY21INDNYK-IND"
"KXMARMAD-25R8G1","KXMARMAD-25R8G1","Sports","13937147","137067.07","9","yes","KXMARMAD-25R8G1-AUB","KXMARMAD","TRUE","KXMARMAD-25R8G1-AUB"
"KXNCAAFGAME-25SEP20MICHNEB","KXNCAAFGAME-25SEP20MICHNEB","Sports","13931074","185563.18","2","yes","KXNCAAFGAME-25SEP20MICHNEB-MICH","KXNCAAFGAME","TRUE","KXNCAAFGAME-25SEP20MICHNEB-MICH"
"KXMLBGAME-25OCT08TORNYY","KXMLBGAME-25OCT08TORNYY","Sports","13873123","179741.49","2","yes","KXMLBGAME-25OCT08TORNYY-TOR","KXMLBGAME","TRUE","KXMLBGAME-25OCT08TORNYY-TOR"
"KXNFLGAME-25OCT26TBNO","KXNFLGAME-25OCT26TBNO","Sports","13869630","166634.05","2","yes","KXNFLGAME-25OCT26TBNO-TB","KXNFLGAME","TRUE","KXNFLGAME-25OCT26TBNO-TB"
"KXNBAGAME-26JAN12LALSAC","KXNBAGAME-26JAN12LALSAC","Sports","13866002","172269.08","2","","","KXNBAGAME","TRUE",""
"KXNBAGAME-26FEB21HOUNYK","KXNBAGAME-26FEB21HOUNYK","Sports","13858181","151277.59","2","","","KXNBAGAME","TRUE",""
"KXNFLSPREAD-26JAN25LASEA","KXNFLSPREAD-26JAN25LASEA","Sports","13857471","207851.75","16","","","KXNFLSPREAD","TRUE",""
"KXNFLGAME-25NOV16GBNYG","KXNFLGAME-25NOV16GBNYG","Sports","13853377","174459.12","2","yes","KXNFLGAME-25NOV16GBNYG-GB","KXNFLGAME","TRUE","KXNFLGAME-25NOV16GBNYG-GB"
"KXNFLGAME-25NOV02MINDET","KXNFLGAME-25NOV02MINDET","Sports","13852961","166708.72","2","yes","KXNFLGAME-25NOV02MINDET-MIN","KXNFLGAME","TRUE","KXNFLGAME-25NOV02MINDET-MIN"
"KXMLBGAME-25OCT01BOSNYY","KXMLBGAME-25OCT01BOSNYY","Sports","13833956","199384.41","2","yes","KXMLBGAME-25OCT01BOSNYY-NYY","KXMLBGAME","TRUE","KXMLBGAME-25OCT01BOSNYY-NYY"
"KXNBAGAME-26JAN24NYKPHI","KXNBAGAME-26JAN24NYKPHI","Sports","13832828","151328.15","2","","","KXNBAGAME","TRUE",""
"KXNHLGAME-25JUN12EDMFLA","KXNHLGAME-25JUN12EDMFLA","Sports","13810350","185022.99","2","yes","KXNHLGAME-25JUN12EDMFLA-EDM","KXNHLGAME","TRUE","KXNHLGAME-25JUN12EDMFLA-EDM"
"KXNBAGAME-25DEC02OKCGSW","KXNBAGAME-25DEC02OKCGSW","Sports","13758727","114754.84","2","yes","KXNBAGAME-25DEC02OKCGSW-OKC","KXNBAGAME","TRUE","KXNBAGAME-25DEC02OKCGSW-OKC"
"KXNCAAFGAME-25SEP27GTWAKE","KXNCAAFGAME-25SEP27GTWAKE","Sports","13755554","190897.48","2","yes","KXNCAAFGAME-25SEP27GTWAKE-GT","KXNCAAFGAME","TRUE","KXNCAAFGAME-25SEP27GTWAKE-GT"
"KXDJTJOINTSESSION-25MAR04","KXDJTJOINTSESSION-25MAR04","Politics","13744260","122775.2","40","yes","KXDJTJOINTSESSION-25MAR04-EPSTEIN","KXDJTJOINTSESSION","FALSE","KXDJTJOINTSESSION-25MAR04-EPSTEIN"
"KXNBAGAME-26JAN06DALSAC","KXNBAGAME-26JAN06DALSAC","Sports","13744167","212531.09","2","","","KXNBAGAME","TRUE",""
"KXNCAAFGAME-25OCT10RUTGWASH","KXNCAAFGAME-25OCT10RUTGWASH","Sports","13662398","162783.64","2","","","KXNCAAFGAME","TRUE",""
"KXNCAAMBGAME-26FEB17TTUASU","KXNCAAMBGAME-26FEB17TTUASU","Sports","13656265","149401.68","2","","","KXNCAAMBGAME","TRUE",""
"KXNHL-25","KXNHL-25","Sports","13626165","156361.08","21","","","KXNHL","TRUE",""
"KXNFLGAME-25DEC07PITBAL","KXNFLGAME-25DEC07PITBAL","Sports","13615187","191392.34","2","","","KXNFLGAME","TRUE",""
"KXNCAAFGAME-25DEC30CCARLT","KXNCAAFGAME-25DEC30CCARLT","Sports","13599564","174596.79","2","","","KXNCAAFGAME","TRUE",""
"KXNBAGAME-26JAN28SASHOU","KXNBAGAME-26JAN28SASHOU","Sports","13559688","180208.25","2","","","KXNBAGAME","TRUE",""
"KXNCAAFGAME-25SEP20AUBOKLA","KXNCAAFGAME-25SEP20AUBOKLA","Sports","13555061","179192.47","2","yes","KXNCAAFGAME-25SEP20AUBOKLA-OKLA","KXNCAAFGAME","TRUE","KXNCAAFGAME-25SEP20AUBOKLA-OKLA"
"KXNBAGAME-26FEB06MIABOS","KXNBAGAME-26FEB06MIABOS","Sports","13539501","180349.26","2","","","KXNBAGAME","TRUE",""
"KXMVECROSSCATEGORY-S202654C8C14C4B4","KXMVECROSSCATEGORY-S202654C8C14C4B4","Sports","13538167","2189.61","37","","","KXMVECROSSCATEGORY","TRUE",""
"KXPGATOUR-SOOIH26","KXPGATOUR-SOOIH26","Sports","13537618","54881.09","108","","","KXPGATOUR","TRUE",""
"KXNFLGAME-25NOV09NETB","KXNFLGAME-25NOV09NETB","Sports","13532933","183867.83","2","yes","KXNFLGAME-25NOV09NETB-NE","KXNFLGAME","TRUE","KXNFLGAME-25NOV09NETB-NE"
"KXNBAGAME-26JAN24LALDAL","KXNBAGAME-26JAN24LALDAL","Sports","13505231","159697.76","2","","","KXNBAGAME","TRUE",""
"KXMLB-26","KXMLB-26","Sports","13499574","43410.19","30","","","KXMLB","TRUE",""
"KXNCAAFGAME-25OCT04VANALA","KXNCAAFGAME-25OCT04VANALA","Sports","13470827","168828.95","2","yes","KXNCAAFGAME-25OCT04VANALA-ALA","KXNCAAFGAME","TRUE","KXNCAAFGAME-25OCT04VANALA-ALA"
"KXNCAAFGAME-25NOV21FSUNCST","KXNCAAFGAME-25NOV21FSUNCST","Sports","13470557","176528.81","2","yes","KXNCAAFGAME-25NOV21FSUNCST-NCST","KXNCAAFGAME","TRUE","KXNCAAFGAME-25NOV21FSUNCST-NCST"
"KXNFLGAME-26JAN04CARTB","KXNFLGAME-26JAN04CARTB","Sports","13450970","127984.4","2","","","KXNFLGAME","TRUE",""
"KXNBAGAME-25NOV19NYKDAL","KXNBAGAME-25NOV19NYKDAL","Sports","13449382","173447.22","2","","","KXNBAGAME","TRUE",""
"KXNBAGAME-26MAR29NYKOKC","KXNBAGAME-26MAR29NYKOKC","Sports","13439158","142350.82","2","","","KXNBAGAME","TRUE",""
"KXNCAAFGAME-25DEC31ASUDUKE","KXNCAAFGAME-25DEC31ASUDUKE","Sports","13430826","189409.76","2","","","KXNCAAFGAME","TRUE",""
"KXNCAAMBGAME-26FEB21MICHDUKE","KXNCAAMBGAME-26FEB21MICHDUKE","Sports","13430272","197637.86","2","","","KXNCAAMBGAME","TRUE",""
"KXELECTIONMOVNJGOV-25NOV04","KXELECTIONMOVNJGOV-25NOV04","Elections","13426974","91718.19","9","yes","KXELECTIONMOVNJGOV-25NOV04-P57","KXELECTIONMOVNJGOV","FALSE","KXELECTIONMOVNJGOV-25NOV04-P57"
"KXNBAGAME-26FEB07HOUOKC","KXNBAGAME-26FEB07HOUOKC","Sports","13412855","186429.75","2","","","KXNBAGAME","TRUE",""
"KXNCAAMBGAME-26MAR19HPWIS","KXNCAAMBGAME-26MAR19HPWIS","Sports","13409292","133064.53","2","","","KXNCAAMBGAME","TRUE",""
"KXNCAAFGAME-25SEP01TCUUNC","KXNCAAFGAME-25SEP01TCUUNC","Sports","13401597","172456.76","2","yes","KXNCAAFGAME-25SEP01TCUUNC-TCU","KXNCAAFGAME","TRUE","KXNCAAFGAME-25SEP01TCUUNC-TCU"
"KXNFLGAME-25OCT05DALNYJ","KXNFLGAME-25OCT05DALNYJ","Sports","13399312","186629.68","2","yes","KXNFLGAME-25OCT05DALNYJ-DAL","KXNFLGAME","TRUE","KXNFLGAME-25OCT05DALNYJ-DAL"
"KXNBAGAME-26APR05LALDAL","KXNBAGAME-26APR05LALDAL","Sports","13391030","162265.36","2","","","KXNBAGAME","TRUE",""
"KXNBAGAME-25MAY23INDNYK","KXNBAGAME-25MAY23INDNYK","Sports","13373084","183845.51","2","yes","KXNBAGAME-25MAY23INDNYK-IND","KXNBAGAME","TRUE","KXNBAGAME-25MAY23INDNYK-IND"
"KXNBAGAME-26JAN23BOSBKN","KXNBAGAME-26JAN23BOSBKN","Sports","13350641","154858.48","2","","","KXNBAGAME","TRUE",""
"KXNBAGAME-26FEB05WASDET","KXNBAGAME-26FEB05WASDET","Sports","13343413","157768.81","2","","","KXNBAGAME","TRUE",""
"KXNCAAMBGAME-26MAR26IOWANEB","KXNCAAMBGAME-26MAR26IOWANEB","Sports","13329530","187790.49","2","","","KXNCAAMBGAME","TRUE",""
"KXMLBGAME-25OCT08PHILAD","KXMLBGAME-25OCT08PHILAD","Sports","13326124","179704.24","2","yes","KXMLBGAME-25OCT08PHILAD-PHI","KXMLBGAME","TRUE","KXMLBGAME-25OCT08PHILAD-PHI"
"KXNBAGAME-26MAR15PORPHI","KXNBAGAME-26MAR15PORPHI","Sports","13322183","156705.88","2","","","KXNBAGAME","TRUE",""
"KXNBAGAME-26MAR30PHIMIA","KXNBAGAME-26MAR30PHIMIA","Sports","13285969","195838.66","2","","","KXNBAGAME","TRUE",""
"KXNBAGAME-26JAN15CHALAL","KXNBAGAME-26JAN15CHALAL","Sports","13226818","172499.51","2","","","KXNBAGAME","TRUE",""
"KXNFLGAME-25NOV16CARATL","KXNFLGAME-25NOV16CARATL","Sports","13191666","174221.17","2","yes","KXNFLGAME-25NOV16CARATL-ATL","KXNFLGAME","TRUE","KXNFLGAME-25NOV16CARATL-ATL"
"KXNBAGAME-25OCT28LACGSW","KXNBAGAME-25OCT28LACGSW","Sports","13175165","186784.08","2","yes","KXNBAGAME-25OCT28LACGSW-GSW","KXNBAGAME","TRUE","KXNBAGAME-25OCT28LACGSW-GSW"
"KXNCAAFGAME-25OCT18TTUASU","KXNCAAFGAME-25OCT18TTUASU","Sports","13171562","156348.7","2","yes","KXNCAAFGAME-25OCT18TTUASU-ASU","KXNCAAFGAME","TRUE","KXNCAAFGAME-25OCT18TTUASU-ASU"
"KXNCAAFGAME-25OCT10USFUNT","KXNCAAFGAME-25OCT10USFUNT","Sports","13169172","176519.74","2","yes","KXNCAAFGAME-25OCT10USFUNT-USF","KXNCAAFGAME","TRUE","KXNCAAFGAME-25OCT10USFUNT-USF"
"KXNBAGAME-25NOV25LACLAL","KXNBAGAME-25NOV25LACLAL","Sports","13120655","159105.61","2","yes","KXNBAGAME-25NOV25LACLAL-LAL","KXNBAGAME","TRUE","KXNBAGAME-25NOV25LACLAL-LAL"
"KXNBAGAME-26MAR23HOUCHI","KXNBAGAME-26MAR23HOUCHI","Sports","13097115","169583.2","2","","","KXNBAGAME","TRUE",""
"KXNFLGAME-25OCT19LAJAC","KXNFLGAME-25OCT19LAJAC","Sports","13089501","127717.18","2","yes","KXNFLGAME-25OCT19LAJAC-LA","KXNFLGAME","TRUE","KXNFLGAME-25OCT19LAJAC-LA"
"KXNCAAFSPREAD-26JAN09OREIND","KXNCAAFSPREAD-26JAN09OREIND","Sports","13083774","184397.73","17","","","KXNCAAFSPREAD","TRUE",""
"KXIPLGAME-26APR08GTDC","KXIPLGAME-26APR08GTDC","Sports","13078333","180258.79","2","","","KXIPLGAME","TRUE",""
"KXCANADAPM-45","KXCANADAPM-45","Politics","13061109","78161.88","6","","","KXCANADAPM","FALSE",""
"KXNBAGAME-26APR03NOPSAC","KXNBAGAME-26APR03NOPSAC","Sports","13060843","141365.45","2","","","KXNBAGAME","TRUE",""
"KXNBAGAME-26FEB02NOPCHA","KXNBAGAME-26FEB02NOPCHA","Sports","13040182","170636.21","2","","","KXNBAGAME","TRUE",""
"KXNASCARRACE-DAY26","KXNASCARRACE-DAY26","Sports","13027034","44391","45","","","KXNASCARRACE","TRUE",""
"KXIPLGAME-26APR09LSGKKR","KXIPLGAME-26APR09LSGKKR","Sports","13024677","155227.8","2","","","KXIPLGAME","TRUE",""
"KXIPLGAME-26APR17KKRGT","KXIPLGAME-26APR17KKRGT","Sports","13022363","120461.13","2","","","KXIPLGAME","TRUE",""
"KXNFLGAME-25SEP21GBCLE","KXNFLGAME-25SEP21GBCLE","Sports","13019819","134474.94","2","yes","KXNFLGAME-25SEP21GBCLE-CLE","KXNFLGAME","TRUE","KXNFLGAME-25SEP21GBCLE-CLE"
"KXNCAAFGAME-25NOV01OKLATENN","KXNCAAFGAME-25NOV01OKLATENN","Sports","13013001","169246.73","2","yes","KXNCAAFGAME-25NOV01OKLATENN-OKLA","KXNCAAFGAME","TRUE","KXNCAAFGAME-25NOV01OKLATENN-OKLA"
"KXNCAAFGAME-25SEP27USCILL","KXNCAAFGAME-25SEP27USCILL","Sports","12969748","191016.97","2","yes","KXNCAAFGAME-25SEP27USCILL-ILL","KXNCAAFGAME","TRUE","KXNCAAFGAME-25SEP27USCILL-ILL"
"KXNBAGAME-26JAN20LALDEN","KXNBAGAME-26JAN20LALDEN","Sports","12964082","175926.94","2","","","KXNBAGAME","TRUE",""
"KXNBAGAME-26APR10DETCHA","KXNBAGAME-26APR10DETCHA","Sports","12893199","173045.28","2","","","KXNBAGAME","TRUE",""
"KXNBAGAME-26FEB03PHXPOR","KXNBAGAME-26FEB03PHXPOR","Sports","12875373","155751.91","2","","","KXNBAGAME","TRUE",""
"PRESPARTYIA-24","PRESPARTYIA-24","Elections","12873013","92804.44","2","","","KXPRESPARTYIA","FALSE",""
"KXNCAAMBGAME-26FEB23HOUKU","KXNCAAMBGAME-26FEB23HOUKU","Sports","12850543","150870.2","2","","","KXNCAAMBGAME","TRUE",""
"KXNCAAFGAME-25NOV08AUBVAN","KXNCAAFGAME-25NOV08AUBVAN","Sports","12839990","177577.82","2","yes","KXNCAAFGAME-25NOV08AUBVAN-VAN","KXNCAAFGAME","TRUE","KXNCAAFGAME-25NOV08AUBVAN-VAN"
"KXNBAGAME-25DEC29DALPOR","KXNBAGAME-25DEC29DALPOR","Sports","12835691","168655.09","2","","","KXNBAGAME","TRUE",""
"KXNBAGAME-26JAN07HOUPOR","KXNBAGAME-26JAN07HOUPOR","Sports","12785736","163427.84","2","","","KXNBAGAME","TRUE",""
"KXIPLGAME-26APR23CSKMI","KXIPLGAME-26APR23CSKMI","Sports","12784354","156608.6","2","","","KXIPLGAME","TRUE",""
"KXNCAAFGAME-25OCT25TEXMSST","KXNCAAFGAME-25OCT25TEXMSST","Sports","12693174","152339.13","2","yes","KXNCAAFGAME-25OCT25TEXMSST-MSST","KXNCAAFGAME","TRUE","KXNCAAFGAME-25OCT25TEXMSST-MSST"
"KXNCAAFGAME-25DEC16TROYJVST","KXNCAAFGAME-25DEC16TROYJVST","Sports","12686401","167846.47","2","","","KXNCAAFGAME","TRUE",""
"KXNCAAFGAME-25OCT03WVUBYU","KXNCAAFGAME-25OCT03WVUBYU","Sports","12679989","62532.13","2","yes","KXNCAAFGAME-25OCT03WVUBYU-BYU","KXNCAAFGAME","TRUE","KXNCAAFGAME-25OCT03WVUBYU-BYU"
"KXSECAG-26DEC31","KXSECAG-26DEC31","Politics","12672827","132141.39","18","","","KXSECAG","FALSE",""
"KXUCLGAME-26MAR17MCIRMA","KXUCLGAME-26MAR17MCIRMA","Sports","12648289","145756.47","3","","","KXUCLGAME","TRUE",""
"KXNCAAFGAME-25DEC26FIUUTSA","KXNCAAFGAME-25DEC26FIUUTSA","Sports","12647949","130145.79","2","","","KXNCAAFGAME","TRUE",""
"KXNFLGAME-25SEP07ARINO","KXNFLGAME-25SEP07ARINO","Sports","12644292","117566.13","2","yes","KXNFLGAME-25SEP07ARINO-ARI","KXNFLGAME","TRUE","KXNFLGAME-25SEP07ARINO-ARI"
"KXNBAGAME-26FEB28HOUMIA","KXNBAGAME-26FEB28HOUMIA","Sports","12638155","181824.44","2","","","KXNBAGAME","TRUE",""
"KXNBAGAME-26JAN15NYKGSW","KXNBAGAME-26JAN15NYKGSW","Sports","12616445","154192","2","","","KXNBAGAME","TRUE",""
"KXSENATETXR-26","KXSENATETXR-26","Elections","12616163","154125.96","5","","","KXSENATETXR","FALSE",""
"KXNFLGAME-25DEC21LVHOU","KXNFLGAME-25DEC21LVHOU","Sports","12611571","88879.23","2","","","KXNFLGAME","TRUE",""
"KXNCAAFGAME-25NOV01VANTEX","KXNCAAFGAME-25NOV01VANTEX","Sports","12598027","134487.83","2","yes","KXNCAAFGAME-25NOV01VANTEX-TEX","KXNCAAFGAME","TRUE","KXNCAAFGAME-25NOV01VANTEX-TEX"
"KXMLBGAME-25OCT08MILCHC","KXMLBGAME-25OCT08MILCHC","Sports","12561398","156577.48","2","yes","KXMLBGAME-25OCT08MILCHC-CHC","KXMLBGAME","TRUE","KXMLBGAME-25OCT08MILCHC-CHC"
"KXNBAGAME-25NOV10ATLLAC","KXNBAGAME-25NOV10ATLLAC","Sports","12542222","162926.45","2","yes","KXNBAGAME-25NOV10ATLLAC-ATL","KXNBAGAME","TRUE","KXNBAGAME-25NOV10ATLLAC-ATL"
"KXIPLGAME-26APR19LSGPBKS","KXIPLGAME-26APR19LSGPBKS","Sports","12529847","105069.08","2","","","KXIPLGAME","TRUE",""
"KXNFLGAME-25OCT26NYJCIN","KXNFLGAME-25OCT26NYJCIN","Sports","12485304","148925.23","2","yes","KXNFLGAME-25OCT26NYJCIN-CIN","KXNFLGAME","TRUE","KXNFLGAME-25OCT26NYJCIN-CIN"
"KXNBAGAME-25OCT28PHIWAS","KXNBAGAME-25OCT28PHIWAS","Sports","12467650","151446.68","2","yes","KXNBAGAME-25OCT28PHIWAS-PHI","KXNBAGAME","TRUE","KXNBAGAME-25OCT28PHIWAS-PHI"
"KXSECDEF-26DEC31","KXSECDEF-26DEC31","Politics","12461725","116029.44","15","","","KXSECDEF","FALSE",""
"KXNBAGAME-26JAN23HOUDET","KXNBAGAME-26JAN23HOUDET","Sports","12460936","169129.31","2","","","KXNBAGAME","TRUE",""
"KXNBAGAME-26FEB03PHIGSW","KXNBAGAME-26FEB03PHIGSW","Sports","12457054","171412.82","2","","","KXNBAGAME","TRUE",""
"KXNFLSPREAD-26JAN17SFSEA","KXNFLSPREAD-26JAN17SFSEA","Sports","12457000","191026.01","16","","","KXNFLSPREAD","TRUE",""
"KXNCAAMBGAME-26MAR29TENNMICH","KXNCAAMBGAME-26MAR29TENNMICH","Sports","12437001","107196.24","2","","","KXNCAAMBGAME","TRUE",""
"KXNCAAFGAME-25NOV15TEXUGA","KXNCAAFGAME-25NOV15TEXUGA","Sports","12432710","156361.67","2","yes","KXNCAAFGAME-25NOV15TEXUGA-UGA","KXNCAAFGAME","TRUE","KXNCAAFGAME-25NOV15TEXUGA-UGA"
"KXAOWOMEN-26","KXAOWOMEN-26","Sports","12424547","151548.76","23","","","KXAOWOMEN","TRUE",""
"KXNFLGAME-25DEC22SFIND","KXNFLGAME-25DEC22SFIND","Sports","12412498","129478.45","2","","","KXNFLGAME","TRUE",""
"KXNBAGAME-26MAR10BOSSAS","KXNBAGAME-26MAR10BOSSAS","Sports","12407598","143890.6","2","","","KXNBAGAME","TRUE",""
"KXNBAGAME-26FEB02PHILAC","KXNBAGAME-26FEB02PHILAC","Sports","12404419","125685.81","2","","","KXNBAGAME","TRUE",""
"KXNBAGAME-25DEC26DETUTA","KXNBAGAME-25DEC26DETUTA","Sports","12395469","172396.02","2","","","KXNBAGAME","TRUE",""
"KXNFLSPREAD-26JAN11LACNE","KXNFLSPREAD-26JAN11LACNE","Sports","12322633","182072.9","17","","","KXNFLSPREAD","TRUE",""
"KXNBAROY-26","KXNBAROY-26","Sports","12319685","139916.45","28","","","KXNBAROY","TRUE",""
"KXNCAAFGAME-25DEC20JMUORE","KXNCAAFGAME-25DEC20JMUORE","Sports","12292731","54008.36","2","","","KXNCAAFGAME","TRUE",""
"KXNCAAMBGAME-26MAR20HOFALA","KXNCAAMBGAME-26MAR20HOFALA","Sports","12289291","113395.88","2","","","KXNCAAMBGAME","TRUE",""
"KXNFLGAME-25DEC25DALWAS","KXNFLGAME-25DEC25DALWAS","Sports","12271709","98888.07","2","","","KXNFLGAME","TRUE",""
"KXNCAAWBGAME-26APR03TEXUCLA","KXNCAAWBGAME-26APR03TEXUCLA","Sports","12267886","156591.08","2","","","KXNCAAWBGAME","TRUE",""
"KXNCAAFGAME-26JAN02RICETXST","KXNCAAFGAME-26JAN02RICETXST","Sports","12264166","77511.96","2","","","KXNCAAFGAME","TRUE",""
"KXNCAAFGAME-25NOV08OREIOWA","KXNCAAFGAME-25NOV08OREIOWA","Sports","12258542","160110.24","2","yes","KXNCAAFGAME-25NOV08OREIOWA-ORE","KXNCAAFGAME","TRUE","KXNCAAFGAME-25NOV08OREIOWA-ORE"
"KXNCAAFGAME-25DEC23TOLLOU","KXNCAAFGAME-25DEC23TOLLOU","Sports","12241271","93038.9","2","","","KXNCAAFGAME","TRUE",""
"KXGOVTCUTS-25","KXGOVTCUTS-25","Politics","12235538","69710.13","9","","","KXGOVTCUTS","FALSE",""
"PRESPARTYNC-24","PRESPARTYNC-24","Politics","12224202","110971.58","2","","","KXPRESPARTYNC","FALSE",""
"KXNBAGAME-26MAR12DENSAS","KXNBAGAME-26MAR12DENSAS","Sports","12221410","136711.32","2","","","KXNBAGAME","TRUE",""
"KXNBAGAME-26JAN31SASCHA","KXNBAGAME-26JAN31SASCHA","Sports","12217562","157564.48","2","","","KXNBAGAME","TRUE",""
"KXNCAAMBGAME-26MAR26ARKARIZ","KXNCAAMBGAME-26MAR26ARKARIZ","Sports","12204602","101166.28","2","","","KXNCAAMBGAME","TRUE",""
"KXNBAGAME-26JAN15PHXDET","KXNBAGAME-26JAN15PHXDET","Sports","12201380","165282.11","2","","","KXNBAGAME","TRUE",""
"KXNBAGAME-26JAN22HOUPHI","KXNBAGAME-26JAN22HOUPHI","Sports","12184180","179993.76","2","","","KXNBAGAME","TRUE",""
"KXNBAGAME-26MAR21LALORL","KXNBAGAME-26MAR21LALORL","Sports","12182949","162278.92","2","","","KXNBAGAME","TRUE",""
"KXNCAAMBGAME-26MAR22TTUALA","KXNCAAMBGAME-26MAR22TTUALA","Sports","12163974","117753.99","2","","","KXNCAAMBGAME","TRUE",""
"KXNCAAFGAME-25SEP27TENNMSST","KXNCAAFGAME-25SEP27TENNMSST","Sports","12162843","181416.7","2","yes","KXNCAAFGAME-25SEP27TENNMSST-TENN","KXNCAAFGAME","TRUE","KXNCAAFGAME-25SEP27TENNMSST-TENN"
"KXIPLGAME-26APR19RRKKR","KXIPLGAME-26APR19RRKKR","Sports","12156410","161119.39","2","","","KXIPLGAME","TRUE",""
"KXNCAAFGAME-25NOV11KENTAKR","KXNCAAFGAME-25NOV11KENTAKR","Sports","12149994","148434.85","2","yes","KXNCAAFGAME-25NOV11KENTAKR-KENT","KXNCAAFGAME","TRUE","KXNCAAFGAME-25NOV11KENTAKR-KENT"
"KXSECHHS-26DEC31","KXSECHHS-26DEC31","Politics","12146553","146089.35","8","","","KXSECHHS","FALSE",""
"KXNBAGAME-25DEC15DALUTA","KXNBAGAME-25DEC15DALUTA","Sports","12144875","155220.99","2","","","KXNBAGAME","TRUE",""
"KXMLBGAME-25OCT14LADMIL","KXMLBGAME-25OCT14LADMIL","Sports","12138802","169454.14","2","yes","KXMLBGAME-25OCT14LADMIL-LAD","KXMLBGAME","TRUE","KXMLBGAME-25OCT14LADMIL-LAD"
"KXMLBGAME-25OCT07SEADET","KXMLBGAME-25OCT07SEADET","Sports","12136444","146440.25","2","yes","KXMLBGAME-25OCT07SEADET-SEA","KXMLBGAME","TRUE","KXMLBGAME-25OCT07SEADET-SEA"
"KXMLBGAME-25OCT09PHILAD","KXMLBGAME-25OCT09PHILAD","Sports","12135827","197398.39","2","yes","KXMLBGAME-25OCT09PHILAD-LAD","KXMLBGAME","TRUE","KXMLBGAME-25OCT09PHILAD-LAD"
"KXNBAGAME-25OCT31BOSPHI","KXNBAGAME-25OCT31BOSPHI","Sports","12132297","156224.44","2","yes","KXNBAGAME-25OCT31BOSPHI-BOS","KXNBAGAME","TRUE","KXNBAGAME-25OCT31BOSPHI-BOS"
"KXNBAGAME-26FEB10SASLAL","KXNBAGAME-26FEB10SASLAL","Sports","12096910","74017.54","2","","","KXNBAGAME","TRUE",""
"KXNCAAFSPREAD-26JAN01ALAIND","KXNCAAFSPREAD-26JAN01ALAIND","Sports","12088324","180841.13","16","","","KXNCAAFSPREAD","TRUE",""
"KXNBAGAME-26JAN09MILLAL","KXNBAGAME-26JAN09MILLAL","Sports","12078051","181647.45","2","","","KXNBAGAME","TRUE",""
"KXNCAAMBACC-26","KXNCAAMBACC-26","Sports","12070838","144420.76","15","","","KXNCAAMBACC","TRUE",""
"KXNBAGAME-25DEC09NYKTOR","KXNBAGAME-25DEC09NYKTOR","Sports","12046435","124137.37","2","","","KXNBAGAME","TRUE",""
"KXNFLSPREAD-26JAN10GBCHI","KXNFLSPREAD-26JAN10GBCHI","Sports","12045710","171216.44","16","","","KXNFLSPREAD","TRUE",""
"KXNCAAMBGAME-26MAR13ISUARIZ","KXNCAAMBGAME-26MAR13ISUARIZ","Sports","12039411","171317.2","2","","","KXNCAAMBGAME","TRUE",""
"KXMLBGAME-25SEP30BOSNYY","KXMLBGAME-25SEP30BOSNYY","Sports","12026844","168684.09","2","yes","KXMLBGAME-25SEP30BOSNYY-BOS","KXMLBGAME","TRUE","KXMLBGAME-25SEP30BOSNYY-BOS"
"KXNCAAMBGAME-26MAR27ALAMICH","KXNCAAMBGAME-26MAR27ALAMICH","Sports","12016402","116880.29","2","","","KXNCAAMBGAME","TRUE",""
"KXNOBELPEACE-25","KXNOBELPEACE-25","Entertainment","12003689","61631.02","23","yes","KXNOBELPEACE-25-MARI","KXNOBELPEACE","FALSE","KXNOBELPEACE-25-MARI"
"KXT20MATCH-26MAR05INDENG","KXT20MATCH-26MAR05INDENG","Sports","11994815","96887.82","2","","","KXT20MATCH","TRUE",""
"KXNBAGAME-26FEB09CLEDEN","KXNBAGAME-26FEB09CLEDEN","Sports","11994377","142128.96","2","","","KXNBAGAME","TRUE",""
"KXIPLGAME-26APR12RCBMI","KXIPLGAME-26APR12RCBMI","Sports","11965775","133336.78","2","","","KXIPLGAME","TRUE",""
"KXNBAGAME-26JAN01UTALAC","KXNBAGAME-26JAN01UTALAC","Sports","11952478","117494.61","2","","","KXNBAGAME","TRUE",""
"KXNCAAMBGAME-26FEB18ARKALA","KXNCAAMBGAME-26FEB18ARKALA","Sports","11943514","161886.7","2","","","KXNCAAMBGAME","TRUE",""
"KXNCAAMBGAME-26MAR20FURCONN","KXNCAAMBGAME-26MAR20FURCONN","Sports","11907022","41771.27","2","","","KXNCAAMBGAME","TRUE",""
"KXNCAAMBGAME-26MAR14WISMICH","KXNCAAMBGAME-26MAR14WISMICH","Sports","11901754","108771.18","2","","","KXNCAAMBGAME","TRUE",""
"KXNCAAFGAME-25SEP20ASUBAY","KXNCAAFGAME-25SEP20ASUBAY","Sports","11878456","173387.37","2","yes","KXNCAAFGAME-25SEP20ASUBAY-ASU","KXNCAAFGAME","TRUE","KXNCAAFGAME-25SEP20ASUBAY-ASU"
"KXMLBGAME-25OCT08SEADET","KXMLBGAME-25OCT08SEADET","Sports","11877251","153346.46","2","yes","KXMLBGAME-25OCT08SEADET-DET","KXMLBGAME","TRUE","KXMLBGAME-25OCT08SEADET-DET"
"KXNBAGAME-26APR20TORCLE","KXNBAGAME-26APR20TORCLE","Sports","11858642","88898.32","2","","","KXNBAGAME","TRUE",""
"KXNBAGAME-26JAN07LALSAS","KXNBAGAME-26JAN07LALSAS","Sports","11837216","124872.89","2","","","KXNBAGAME","TRUE",""
"KXNBAGAME-26FEB04OKCSAS","KXNBAGAME-26FEB04OKCSAS","Sports","11826744","87362.23","2","","","KXNBAGAME","TRUE",""
"KXNBAGAME-26JAN21TORSAC","KXNBAGAME-26JAN21TORSAC","Sports","11817224","143681.15","2","","","KXNBAGAME","TRUE",""
"KXIPLGAME-26APR13RRSRH","KXIPLGAME-26APR13RRSRH","Sports","11814944","120444.37","2","","","KXIPLGAME","TRUE",""
"KXNBASERIES-26HOULALR1","KXNBASERIES-26HOULALR1","Sports","11811992","126954.29","2","","","KXNBASERIES","TRUE",""
"KXNBAGAME-26MAR10MINLAL","KXNBAGAME-26MAR10MINLAL","Sports","11782168","121616.3","2","","","KXNBAGAME","TRUE",""
"KXNCAAFGAME-25OCT25BYUISU","KXNCAAFGAME-25OCT25BYUISU","Sports","11741860","160232.53","2","yes","KXNCAAFGAME-25OCT25BYUISU-BYU","KXNCAAFGAME","TRUE","KXNCAAFGAME-25OCT25BYUISU-BYU"
"KXNFLGAME-25NOV30MINSEA","KXNFLGAME-25NOV30MINSEA","Sports","11729364","87644.81","2","yes","KXNFLGAME-25NOV30MINSEA-SEA","KXNFLGAME","TRUE","KXNFLGAME-25NOV30MINSEA-SEA"
"KXNBAGAME-25NOV14GSWSAS","KXNBAGAME-25NOV14GSWSAS","Sports","11721654","176994.22","2","","","KXNBAGAME","TRUE",""
"KXNCAAFGAME-26JAN02ARIZSMU","KXNCAAFGAME-26JAN02ARIZSMU","Sports","11713936","106515.08","2","","","KXNCAAFGAME","TRUE",""
"KXNCAAFGAME-25OCT11INDORE","KXNCAAFGAME-25OCT11INDORE","Sports","11704338","161732.13","2","yes","KXNCAAFGAME-25OCT11INDORE-IND","KXNCAAFGAME","TRUE","KXNCAAFGAME-25OCT11INDORE-IND"
"KXNFLGAME-25NOV16TBBUF","KXNFLGAME-25NOV16TBBUF","Sports","11691925","162478.35","2","yes","KXNFLGAME-25NOV16TBBUF-BUF","KXNFLGAME","TRUE","KXNFLGAME-25NOV16TBBUF-BUF"
"KXNFLSPREAD-26JAN18HOUNE","KXNFLSPREAD-26JAN18HOUNE","Sports","11678124","176899.99","17","","","KXNFLSPREAD","TRUE",""
"KXNBAGAME-26APR02SASLAC","KXNBAGAME-26APR02SASLAC","Sports","11665744","125631.27","2","","","KXNBAGAME","TRUE",""
"KXNBAGAME-26MAR21MILPHX","KXNBAGAME-26MAR21MILPHX","Sports","11652371","129280.36","2","","","KXNBAGAME","TRUE",""
"KXNBAGAME-25DEC20LALLAC","KXNBAGAME-25DEC20LALLAC","Sports","11647621","129051.53","2","","","KXNBAGAME","TRUE",""
"KXNBAGAME-26APR10OKCDEN","KXNBAGAME-26APR10OKCDEN","Sports","11628555","142796.79","2","","","KXNBAGAME","TRUE",""
"KXNBAGAME-26FEB01LALNYK","KXNBAGAME-26FEB01LALNYK","Sports","11611476","147591.01","2","","","KXNBAGAME","TRUE",""
"KXNFLGAME-25SEP07TBATL","KXNFLGAME-25SEP07TBATL","Sports","11610983","178986.41","2","yes","KXNFLGAME-25SEP07TBATL-TB","KXNFLGAME","TRUE","KXNFLGAME-25SEP07TBATL-TB"
"KXNCAAMBGAME-26JAN26ARIZBYU","KXNCAAMBGAME-26JAN26ARIZBYU","Sports","11605768","114305.21","2","","","KXNCAAMBGAME","TRUE",""
"KXNBAGAME-25DEC25DALGSW","KXNBAGAME-25DEC25DALGSW","Sports","11598081","112387.39","2","","","KXNBAGAME","TRUE",""
"KXNCAAMBGAME-26MAR21SLUMICH","KXNCAAMBGAME-26MAR21SLUMICH","Sports","11597543","73117.86","2","","","KXNCAAMBGAME","TRUE",""
"KXMLBGAME-25OCT06LADPHI","KXMLBGAME-25OCT06LADPHI","Sports","11581604","157790.89","2","yes","KXMLBGAME-25OCT06LADPHI-LAD","KXMLBGAME","TRUE","KXMLBGAME-25OCT06LADPHI-LAD"
"KXNATHANSHD-25","KXNATHANSHD-25","Sports","11578739","43825.12","11","yes","KXNATHANSHD-25-JCHE","KXNATHANSHD","TRUE","KXNATHANSHD-25-JCHE"
"KXNBASERIES-25INDCLE","KXNBASERIES-25INDCLE","Sports","11561230","162483.74","2","","","KXNBASERIES","TRUE",""
"KXNBAGAME-26MAR15UTASAC","KXNBAGAME-26MAR15UTASAC","Sports","11543506","140775.51","2","","","KXNBAGAME","TRUE",""
"KXNBAGAME-25DEC01PHXLAL","KXNBAGAME-25DEC01PHXLAL","Sports","11538534","139664.51","2","","","KXNBAGAME","TRUE",""
"KXNBAGAME-26MAR08BOSCLE","KXNBAGAME-26MAR08BOSCLE","Sports","11533737","122053.27","2","","","KXNBAGAME","TRUE",""
"KXNFLGAME-25NOV30ATLNYJ","KXNFLGAME-25NOV30ATLNYJ","Sports","11533694","158527.51","2","yes","KXNFLGAME-25NOV30ATLNYJ-NYJ","KXNFLGAME","TRUE","KXNFLGAME-25NOV30ATLNYJ-NYJ"
"KXNBAGAME-26APR02MINDET","KXNBAGAME-26APR02MINDET","Sports","11528929","141830.94","2","","","KXNBAGAME","TRUE",""
"KXNCAAMBGAME-26FEB21ARIZHOU","KXNCAAMBGAME-26FEB21ARIZHOU","Sports","11511283","150443.47","2","","","KXNCAAMBGAME","TRUE",""
"KXIPLGAME-26APR20MIGT","KXIPLGAME-26APR20MIGT","Sports","11508060","137510.85","2","","","KXIPLGAME","TRUE",""
"KXETHY-27JAN0100","KXETHY-27JAN0100","Crypto","11503263","0","18","","","KXETHY","FALSE",""
"KXNBAGAME-26MAR04ATLMIL","KXNBAGAME-26MAR04ATLMIL","Sports","11484069","145253.69","2","","","KXNBAGAME","TRUE",""
"KXNBAGAME-25NOV04OKCLAC","KXNBAGAME-25NOV04OKCLAC","Sports","11483772","149843.02","2","yes","KXNBAGAME-25NOV04OKCLAC-OKC","KXNBAGAME","TRUE","KXNBAGAME-25NOV04OKCLAC-OKC"
"KXNFLGAME-25NOV16BALCLE","KXNFLGAME-25NOV16BALCLE","Sports","11470160","144483.38","2","yes","KXNFLGAME-25NOV16BALCLE-BAL","KXNFLGAME","TRUE","KXNFLGAME-25NOV16BALCLE-BAL"
"KXNBAGAME-25NOV11DENSAC","KXNBAGAME-25NOV11DENSAC","Sports","11459631","126768.79","2","","","KXNBAGAME","TRUE",""
"KXNBAGAME-26MAR01PHIBOS","KXNBAGAME-26MAR01PHIBOS","Sports","11449229","105635.93","2","","","KXNBAGAME","TRUE",""
"KXNCAAMBGAME-26MAR19USFLOU","KXNCAAMBGAME-26MAR19USFLOU","Sports","11444585","98521.07","2","","","KXNCAAMBGAME","TRUE",""
"KXNBAGAME-26FEB25SASTOR","KXNBAGAME-26FEB25SASTOR","Sports","11441502","135989.14","2","","","KXNBAGAME","TRUE",""
"KXNBAGAME-25NOV12DENLAC","KXNBAGAME-25NOV12DENLAC","Sports","11439897","149960.44","2","yes","KXNBAGAME-25NOV12DENLAC-DEN","KXNBAGAME","TRUE","KXNBAGAME-25NOV12DENLAC-DEN"
"KXATPMATCH-25SEP05DJOALC","KXATPMATCH-25SEP05DJOALC","Sports","11436049","104838.52","2","yes","KXATPMATCH-25SEP05DJOALC-ALC","KXATPMATCH","TRUE","KXATPMATCH-25SEP05DJOALC-ALC"
"KXNBAGAME-26MAR12BOSOKC","KXNBAGAME-26MAR12BOSOKC","Sports","11426076","150113.24","2","","","KXNBAGAME","TRUE",""
"KXNBAGAME-25DEC01HOUUTA","KXNBAGAME-25DEC01HOUUTA","Sports","11414526","136540.22","2","yes","KXNBAGAME-25DEC01HOUUTA-UTA","KXNBAGAME","TRUE","KXNBAGAME-25DEC01HOUUTA-UTA"
"KXNCAAMBGAME-26MAR20MOHTENN","KXNCAAMBGAME-26MAR20MOHTENN","Sports","11393892","80944.4","2","","","KXNCAAMBGAME","TRUE",""
"KXNCAAMBGAME-26FEB10PURNEB","KXNCAAMBGAME-26FEB10PURNEB","Sports","11385515","125665.61","2","","","KXNCAAMBGAME","TRUE",""
"KXNFLCOTY-26","KXNFLCOTY-26","Sports","11377481","76436.9","24","","","KXNFLCOTY","TRUE",""
"KXMLBASGAME-25JUL15ALNL","KXMLBASGAME-25JUL15ALNL","Sports","11372204","144557.93","2","yes","KXMLBASGAME-25JUL15ALNL-NL","KXMLBASGAME","TRUE","KXMLBASGAME-25JUL15ALNL-NL"
"POWER-24-RH-RS","POWER-24-RH-RS","Elections","11369933","97451.98","2","","","KXPOWER","FALSE",""
"KXCPIYOY-25APR","KXCPIYOY-25APR","Economics","11366507","102119.17","10","","","KXCPIYOY","FALSE",""
"KXEOWEEK","KXEOWEEK","Politics","11354312","37634.22","2","yes","KXEOWEEK-25NOV08","KXEOWEEK","FALSE","KXEOWEEK-25NOV08"
"KXNBAGAME-26FEB22NYKCHI","KXNBAGAME-26FEB22NYKCHI","Sports","11352041","118489.86","2","","","KXNBAGAME","TRUE",""
"KXNBAGAME-26APR19PHXOKC","KXNBAGAME-26APR19PHXOKC","Sports","11345550","43792.98","2","","","KXNBAGAME","TRUE",""
"KXUFCFIGHT-26APR11PROULB","KXUFCFIGHT-26APR11PROULB","Sports","11329174","143132.84","2","","","KXUFCFIGHT","TRUE",""
"KXNBAGAME-25NOV21DENHOU","KXNBAGAME-25NOV21DENHOU","Sports","11321492","162172.68","2","yes","KXNBAGAME-25NOV21DENHOU-DEN","KXNBAGAME","TRUE","KXNBAGAME-25NOV21DENHOU-DEN"
"KXNCAAFSPREAD-25DEC31MIAOSU","KXNCAAFSPREAD-25DEC31MIAOSU","Sports","11320551","173270.56","15","","","KXNCAAFSPREAD","TRUE",""
"KXNBAGAME-26MAR28PHICHA","KXNBAGAME-26MAR28PHICHA","Sports","11314133","131679.11","2","","","KXNBAGAME","TRUE",""
"KXINXY-25DEC31","KXINXY-25DEC31","Financials","11301842","42354.3","20","","","KXINXY","FALSE",""
"KXMARMAD-25R8G3","KXMARMAD-25R8G3","Sports","11294710","111728.74","10","yes","KXMARMAD-25R8G3-DUKE","KXMARMAD","TRUE","KXMARMAD-25R8G3-DUKE"
"KXIPLGAME-26APR10RCBRR","KXIPLGAME-26APR10RCBRR","Sports","11293707","128001.13","2","","","KXIPLGAME","TRUE",""
"KXNFLGAME-25NOV16SFARI","KXNFLGAME-25NOV16SFARI","Sports","11293401","136533.36","2","yes","KXNFLGAME-25NOV16SFARI-SF","KXNFLGAME","TRUE","KXNFLGAME-25NOV16SFARI-SF"
"PRESPARTYFULL-24-DEC","PRESPARTYFULL-24-DEC","Politics","11289087","77311.76","2","","","KXPRESPARTYFULL","FALSE",""
"KXNCAAFGAME-25OCT18USCND","KXNCAAFGAME-25OCT18USCND","Sports","11266220","137082.99","2","yes","KXNCAAFGAME-25OCT18USCND-ND","KXNCAAFGAME","TRUE","KXNCAAFGAME-25OCT18USCND-ND"
"KXNFLGAME-25SEP07CINCLE","KXNFLGAME-25SEP07CINCLE","Sports","11259979","161804.59","2","yes","KXNFLGAME-25SEP07CINCLE-CIN","KXNFLGAME","TRUE","KXNFLGAME-25SEP07CINCLE-CIN"
"KXNFLGAME-25NOV23NECIN","KXNFLGAME-25NOV23NECIN","Sports","11257040","119451.55","2","yes","KXNFLGAME-25NOV23NECIN-NE","KXNFLGAME","TRUE","KXNFLGAME-25NOV23NECIN-NE"
"KXNCAAFGAME-25DEC27CONNARMY","KXNCAAFGAME-25DEC27CONNARMY","Sports","11185898","120788.75","2","","","KXNCAAFGAME","TRUE",""
"KXNFLGAME-25NOV09BALMIN","KXNFLGAME-25NOV09BALMIN","Sports","11167739","135047.21","2","yes","KXNFLGAME-25NOV09BALMIN-BAL","KXNFLGAME","TRUE","KXNFLGAME-25NOV09BALMIN-BAL"
"KXUFCFIGHT-25JUL19POIHOL","KXUFCFIGHT-25JUL19POIHOL","Sports","11158261","173056.7","2","yes","KXUFCFIGHT-25JUL19POIHOL-HOL","KXUFCFIGHT","TRUE","KXUFCFIGHT-25JUL19POIHOL-HOL"
"KXNCAAFGAME-26JAN02NAVYCIN","KXNCAAFGAME-26JAN02NAVYCIN","Sports","11145079","108544.72","2","","","KXNCAAFGAME","TRUE",""
"KXPGAR2LEAD-MAST26","KXPGAR2LEAD-MAST26","Sports","11143069","60406.48","72","","","KXPGAR2LEAD","TRUE",""
"KXNBAGAME-26JAN15MEMORL","KXNBAGAME-26JAN15MEMORL","Sports","11140273","151651.82","2","","","KXNBAGAME","TRUE",""
"KXUFCFIGHT-26JAN31VOLLOP","KXUFCFIGHT-26JAN31VOLLOP","Sports","11134930","163153.4","2","","","KXUFCFIGHT","TRUE",""
"KXNCAAFGAME-25OCT18GTDUKE","KXNCAAFGAME-25OCT18GTDUKE","Sports","11131110","165193.43","2","yes","KXNCAAFGAME-25OCT18GTDUKE-GT","KXNCAAFGAME","TRUE","KXNCAAFGAME-25OCT18GTDUKE-GT"
"KXNCAAMBSEC-26","KXNCAAMBSEC-26","Sports","11125573","164534.82","16","","","KXNCAAMBSEC","TRUE",""
"KXNCAAFGAME-25NOV08BYUTTU","KXNCAAFGAME-25NOV08BYUTTU","Sports","11103614","100554.04","2","yes","KXNCAAFGAME-25NOV08BYUTTU-TTU","KXNCAAFGAME","TRUE","KXNCAAFGAME-25NOV08BYUTTU-TTU"
"KXNFLSPREAD-26JAN10LACAR","KXNFLSPREAD-26JAN10LACAR","Sports","11092530","165122.75","15","","","KXNFLSPREAD","TRUE",""
"KXNCAAFSPREAD-26JAN01MISSUGA","KXNCAAFSPREAD-26JAN01MISSUGA","Sports","11083695","161585.97","16","","","KXNCAAFSPREAD","TRUE",""
"KXNBAGAME-26JAN31ATLIND","KXNBAGAME-26JAN31ATLIND","Sports","11076194","146123.71","2","","","KXNBAGAME","TRUE",""
"KXNCAAMBBIG12-26","KXNCAAMBBIG12-26","Sports","11034715","121235.39","15","","","KXNCAAMBBIG12","TRUE",""
"KXMVESPORTSMULTIGAMEEXTENDED-S20263B246047A1E","KXMVESPORTSMULTIGAMEEXTENDED-S20263B246047A1E","Sports","11030651","1908.74","12","","","KXMVESPORTSMULTIGAMEEXTENDED","TRUE",""
"KXNBAGAME-26MAR11CLEORL","KXNBAGAME-26MAR11CLEORL","Sports","11021439","133810.52","2","","","KXNBAGAME","TRUE",""
"KXMVESPORTSMULTIGAMEEXTENDED-S20265C6565B3F59","KXMVESPORTSMULTIGAMEEXTENDED-S20265C6565B3F59","Sports","11021198","1648.34","8","","","KXMVESPORTSMULTIGAMEEXTENDED","TRUE",""
"KXNBAGAME-25DEC26LACPOR","KXNBAGAME-25DEC26LACPOR","Sports","11010285","135768.16","2","","","KXNBAGAME","TRUE",""
"KXNBAGAME-26FEB12MILOKC","KXNBAGAME-26FEB12MILOKC","Sports","11004101","121844","2","","","KXNBAGAME","TRUE",""
"KXNFLGAME-25SEP07TENDEN","KXNFLGAME-25SEP07TENDEN","Sports","10998871","119637.96","2","yes","KXNFLGAME-25SEP07TENDEN-DEN","KXNFLGAME","TRUE","KXNFLGAME-25SEP07TENDEN-DEN"
"KXNBAGAME-26JAN26INDATL","KXNBAGAME-26JAN26INDATL","Sports","10982337","147735.51","2","","","KXNBAGAME","TRUE",""
"KXNHLGAME-25JUN06FLAEDM","KXNHLGAME-25JUN06FLAEDM","Sports","10968395","170259.59","2","yes","KXNHLGAME-25JUN06FLAEDM-FLA","KXNHLGAME","TRUE","KXNHLGAME-25JUN06FLAEDM-FLA"
"KXIWMEN-26","KXIWMEN-26","Sports","10963578","109152.61","26","","","KXIWMEN","FALSE",""
"KXNFLGAME-25OCT19WASDAL","KXNFLGAME-25OCT19WASDAL","Sports","10952606","143315.78","2","yes","KXNFLGAME-25OCT19WASDAL-DAL","KXNFLGAME","TRUE","KXNFLGAME-25OCT19WASDAL-DAL"
"KXNBAGAME-26MAR02BOSMIL","KXNBAGAME-26MAR02BOSMIL","Sports","10944679","128513.32","2","","","KXNBAGAME","TRUE",""
"KXNCAAMBGAME-26FEB09ARIZKU","KXNCAAMBGAME-26FEB09ARIZKU","Sports","10940758","128643.59","2","","","KXNCAAMBGAME","TRUE",""
"KXNFLSPREAD-26JAN18LACHI","KXNFLSPREAD-26JAN18LACHI","Sports","10931714","165055.14","17","","","KXNFLSPREAD","TRUE",""
"KXNBAGAME-25DEC13NYKORL","KXNBAGAME-25DEC13NYKORL","Sports","10909249","133724.54","2","","","KXNBAGAME","TRUE",""
"KXNBAGAME-26MAR31PHXORL","KXNBAGAME-26MAR31PHXORL","Sports","10886954","153799.33","2","","","KXNBAGAME","TRUE",""
"KXNBAGAME-26MAR08CHAPHX","KXNBAGAME-26MAR08CHAPHX","Sports","10852056","142053.79","2","","","KXNBAGAME","TRUE",""
"KXNBAGAME-25DEC12CLEWAS","KXNBAGAME-25DEC12CLEWAS","Sports","10823558","127239.33","2","","","KXNBAGAME","TRUE",""
"KXNFLFIRSTTD-26FEB08SEANE","KXNFLFIRSTTD-26FEB08SEANE","Sports","10822927","52152.55","22","","","KXNFLFIRSTTD","TRUE",""
"KXNCAAFGAME-25NOV22MIZZOKLA","KXNCAAFGAME-25NOV22MIZZOKLA","Sports","10817176","134980.53","2","yes","KXNCAAFGAME-25NOV22MIZZOKLA-OKLA","KXNCAAFGAME","TRUE","KXNCAAFGAME-25NOV22MIZZOKLA-OKLA"
"KXNBAGAME-25NOV05OKCPOR","KXNBAGAME-25NOV05OKCPOR","Sports","10816918","117853.52","2","","","KXNBAGAME","TRUE",""
"KXIPLGAME-26APR04RRGT","KXIPLGAME-26APR04RRGT","Sports","10794288","151897.56","2","","","KXIPLGAME","TRUE",""
"KXNBAGAME-26JAN04MEMLAL","KXNBAGAME-26JAN04MEMLAL","Sports","10792980","140920.87","2","","","KXNBAGAME","TRUE",""
"KXNBAGAME-25NOV25ATLWAS","KXNBAGAME-25NOV25ATLWAS","Sports","10787830","120736.48","2","yes","KXNBAGAME-25NOV25ATLWAS-WAS","KXNBAGAME","TRUE","KXNBAGAME-25NOV25ATLWAS-WAS"
"KXNBAGAME-26JAN16CLEPHI","KXNBAGAME-26JAN16CLEPHI","Sports","10781423","149216.31","2","","","KXNBAGAME","TRUE",""
"KXNCAAMBGAME-26MAR13WISILL","KXNCAAMBGAME-26MAR13WISILL","Sports","10775176","100639.57","2","","","KXNCAAMBGAME","TRUE",""
"KXMLBSERIES-25SDCHC","KXMLBSERIES-25SDCHC","Sports","10761684","113105.14","2","yes","KXMLBSERIES-25SDCHC-CHC","KXMLBSERIES","TRUE","KXMLBSERIES-25SDCHC-CHC"
"KXMARMAD-25R16G4","KXMARMAD-25R16G4","Sports","10752553","144000.78","7","yes","KXMARMAD-25R16G4-ARK","KXMARMAD","TRUE","KXMARMAD-25R16G4-ARK"
"KXNBAGAME-26MAR22MINBOS","KXNBAGAME-26MAR22MINBOS","Sports","10728526","105611.51","2","","","KXNBAGAME","TRUE",""
"KXNBAGAME-26FEB07CLESAC","KXNBAGAME-26FEB07CLESAC","Sports","10727951","130846.61","2","","","KXNBAGAME","TRUE",""
"KXNBAGAME-26APR10MINHOU","KXNBAGAME-26APR10MINHOU","Sports","10713919","114603.24","2","","","KXNBAGAME","TRUE",""
"KXBIDENPARDON-25JAN21B","KXBIDENPARDON-25JAN21B","Politics","10710501","76260.53","28","yes","KXBIDENPARDON-25JAN21B-BT","KXBIDENPARDON","FALSE","KXBIDENPARDON-25JAN21B-BT"
"KXNBAGAME-26JAN12UTACLE","KXNBAGAME-26JAN12UTACLE","Sports","10702435","127375.88","2","","","KXNBAGAME","TRUE",""
"KXNBAGAME-26APR03MINPHI","KXNBAGAME-26APR03MINPHI","Sports","10695782","138135.58","2","","","KXNBAGAME","TRUE",""
"KXNBAGAME-25MAY24OKCMIN","KXNBAGAME-25MAY24OKCMIN","Sports","10687355","129343.73","2","yes","KXNBAGAME-25MAY24OKCMIN-MIN","KXNBAGAME","TRUE","KXNBAGAME-25MAY24OKCMIN-MIN"
"KXNCAAWBGAME-26APR03SCARCONN","KXNCAAWBGAME-26APR03SCARCONN","Sports","10684515","135006.41","2","","","KXNCAAWBGAME","TRUE",""
"KXNFLGAME-25NOV30SFCLE","KXNFLGAME-25NOV30SFCLE","Sports","10675913","130646.23","2","yes","KXNFLGAME-25NOV30SFCLE-SF","KXNFLGAME","TRUE","KXNFLGAME-25NOV30SFCLE-SF"
"KXNBAGAME-25DEC08PHXMIN","KXNBAGAME-25DEC08PHXMIN","Sports","10674176","140399.7","2","","","KXNBAGAME","TRUE",""
"KXNFLGAME-25NOV16CHIMIN","KXNFLGAME-25NOV16CHIMIN","Sports","10672380","144203.3","2","yes","KXNFLGAME-25NOV16CHIMIN-CHI","KXNFLGAME","TRUE","KXNFLGAME-25NOV16CHIMIN-CHI"
"KXNBAGAME-26MAR08DETMIA","KXNBAGAME-26MAR08DETMIA","Sports","10652834","119112","2","","","KXNBAGAME","TRUE",""
"KXWTAMATCH-25JUL10SABANI","KXWTAMATCH-25JUL10SABANI","Sports","10641336","144638.22","2","yes","KXWTAMATCH-25JUL10SABANI-ANI","KXWTAMATCH","TRUE","KXWTAMATCH-25JUL10SABANI-ANI"
"KXNCAAFGAME-25OCT18MIZZAUB","KXNCAAFGAME-25OCT18MIZZAUB","Sports","10638031","151020.13","2","yes","KXNCAAFGAME-25OCT18MIZZAUB-MIZZ","KXNCAAFGAME","TRUE","KXNCAAFGAME-25OCT18MIZZAUB-MIZZ"
"KXNBAGAME-25DEC18SACPOR","KXNBAGAME-25DEC18SACPOR","Sports","10637999","110516.48","2","","","KXNBAGAME","TRUE",""
"KXNBAGAME-26MAR27LACIND","KXNBAGAME-26MAR27LACIND","Sports","10637853","124150.5","2","","","KXNBAGAME","TRUE",""
"KXNBAGAME-26JAN16LACTOR","KXNBAGAME-26JAN16LACTOR","Sports","10630893","139779.77","2","","","KXNBAGAME","TRUE",""
"KXNBAGAME-26JAN19MILATL","KXNBAGAME-26JAN19MILATL","Sports","10627226","116484.5","2","","","KXNBAGAME","TRUE",""
"KXNBAGAME-25OCT29LALMIN","KXNBAGAME-25OCT29LALMIN","Sports","10626744","122401.07","2","yes","KXNBAGAME-25OCT29LALMIN-LAL","KXNBAGAME","TRUE","KXNBAGAME-25OCT29LALMIN-LAL"
"KXIPLGAME-26APR14KKRCSK","KXIPLGAME-26APR14KKRCSK","Sports","10626353","130333.42","2","","","KXIPLGAME","TRUE",""
"KXNEXTPOPE-35","KXNEXTPOPE-35","Elections","10618663","53814.6","36","yes","KXNEXTPOPE-35-RPRE","KXNEXTPOPE","FALSE","KXNEXTPOPE-35-RPRE"
"KXNBAGAME-25DEC18NYKIND","KXNBAGAME-25DEC18NYKIND","Sports","10618469","159984.91","2","","","KXNBAGAME","TRUE",""
"KXNBAGAME-26JAN20SASHOU","KXNBAGAME-26JAN20SASHOU","Sports","10609882","151866.98","2","","","KXNBAGAME","TRUE",""
"PRESPARTYNV-24","PRESPARTYNV-24","Politics","10595875","125964.18","2","","","KXPRESPARTYNV","FALSE",""
"KXNBAGAME-26APR18TORCLE","KXNBAGAME-26APR18TORCLE","Sports","10582020","98441.59","2","","","KXNBAGAME","TRUE",""
"KXNBAGAME-26MAR01MINDEN","KXNBAGAME-26MAR01MINDEN","Sports","10566507","141312.8","2","","","KXNBAGAME","TRUE",""
"KXNBAGAME-26FEB02MINMEM","KXNBAGAME-26FEB02MINMEM","Sports","10545627","115548.45","2","","","KXNBAGAME","TRUE",""
"KXNFLGAME-25SEP07DETGB","KXNFLGAME-25SEP07DETGB","Sports","10525696","133532.66","2","yes","KXNFLGAME-25SEP07DETGB-GB","KXNFLGAME","TRUE","KXNFLGAME-25SEP07DETGB-GB"
"KXNCAAFGAME-25SEP12KSUARIZ","KXNCAAFGAME-25SEP12KSUARIZ","Sports","10522035","140907.26","2","","","KXNCAAFGAME","TRUE",""
"KXNBAGAME-26MAR24NOPNYK","KXNBAGAME-26MAR24NOPNYK","Sports","10521261","103806.47","2","","","KXNBAGAME","TRUE",""
"KXIPLGAME-26APR27RCBDC","KXIPLGAME-26APR27RCBDC","Sports","10518071","74173.05","2","","","KXIPLGAME","TRUE",""
"ECMOV-24-R-B35","ECMOV-24-R-B35","Elections","10510917","68692.23","1","","","KXECMOV","FALSE",""
"KXIPLGAME-26APR11DCCSK","KXIPLGAME-26APR11DCCSK","Sports","10508454","132085.64","2","","","KXIPLGAME","TRUE",""
"KXNCAAFGAME-25NOV08CALLOU","KXNCAAFGAME-25NOV08CALLOU","Sports","10498457","144185.49","2","yes","KXNCAAFGAME-25NOV08CALLOU-CAL","KXNCAAFGAME","TRUE","KXNCAAFGAME-25NOV08CALLOU-CAL"
"KXNBAGAME-26MAR31CLELAL","KXNBAGAME-26MAR31CLELAL","Sports","10492971","126363.26","2","","","KXNBAGAME","TRUE",""
"KXNBAGAME-26APR19PHIBOS","KXNBAGAME-26APR19PHIBOS","Sports","10489419","50245.48","2","","","KXNBAGAME","TRUE",""
"KXNBAGAME-26MAR31PORLAC","KXNBAGAME-26MAR31PORLAC","Sports","10484725","118449.35","2","","","KXNBAGAME","TRUE",""
"KXNCAAFGAME-25SEP06MICHOKLA","KXNCAAFGAME-25SEP06MICHOKLA","Sports","10480831","110517.88","2","yes","KXNCAAFGAME-25SEP06MICHOKLA-OKLA","KXNCAAFGAME","TRUE","KXNCAAFGAME-25SEP06MICHOKLA-OKLA"
"KXNBAGAME-25MAY22MINOKC","KXNBAGAME-25MAY22MINOKC","Sports","10479654","110958.55","2","yes","KXNBAGAME-25MAY22MINOKC-OKC","KXNBAGAME","TRUE","KXNBAGAME-25MAY22MINOKC-OKC"
"KXNCAAMBGAME-26FEB14TTUARIZ","KXNCAAMBGAME-26FEB14TTUARIZ","Sports","10472297","121920.29","2","","","KXNCAAMBGAME","TRUE",""
"KXNBASPREAD-26APR19PORSAS","KXNBASPREAD-26APR19PORSAS","Sports","10467325","157023.97","12","","","KXNBASPREAD","TRUE",""
"KXWTAMATCH-26APR17RYBFER","KXWTAMATCH-26APR17RYBFER","Sports","10463125","145822.09","2","","","KXWTAMATCH","TRUE",""
"NASDAQ100Y-23DEC29","NASDAQ100Y-23DEC29","Financials","10462149","14746.55","15","yes","NASDAQ100Y-23DEC29-T14999.99","KXNASDAQ100Y","FALSE","NASDAQ100Y-23DEC29-T14999.99"
"KXNFLGAME-26JAN04WASPHI","KXNFLGAME-26JAN04WASPHI","Sports","10455863","134121.28","2","","","KXNFLGAME","TRUE",""
"KXNBAGAME-25MAY28MINOKC","KXNBAGAME-25MAY28MINOKC","Sports","10454887","95654.13","2","yes","KXNBAGAME-25MAY28MINOKC-OKC","KXNBAGAME","TRUE","KXNBAGAME-25MAY28MINOKC-OKC"
"KXNCAAFGAME-25DEC17ODUUSF","KXNCAAFGAME-25DEC17ODUUSF","Sports","10454350","151027.66","2","","","KXNCAAFGAME","TRUE",""
"KXNHLGAME-26APR26EDMANA","KXNHLGAME-26APR26EDMANA","Sports","10453011","137123.94","2","","","KXNHLGAME","TRUE",""
"KXTHEOPEN-TOP1025","KXTHEOPEN-TOP1025","Sports","10419549","119664.38","111","yes","KXTHEOPEN-TOP1025-BDEC","KXTHEOPEN","TRUE","KXTHEOPEN-TOP1025-BDEC"
"KXNFLGAME-25OCT12SEAJAC","KXNFLGAME-25OCT12SEAJAC","Sports","10405876","139996.65","2","yes","KXNFLGAME-25OCT12SEAJAC-SEA","KXNFLGAME","TRUE","KXNFLGAME-25OCT12SEAJAC-SEA"
"KXNCAAMBGAME-26FEB14GONZSCU","KXNCAAMBGAME-26FEB14GONZSCU","Sports","10398158","136682.66","2","","","KXNCAAMBGAME","TRUE",""
"KXNBAGAME-25NOV03LALPOR","KXNBAGAME-25NOV03LALPOR","Sports","10386964","137691.27","2","","","KXNBAGAME","TRUE",""
"KXMLBGAME-26APR092140COLSD","KXMLBGAME-26APR092140COLSD","Sports","10379695","158110.83","2","","","KXMLBGAME","TRUE",""
"KXNBAGAME-25NOV18GSWORL","KXNBAGAME-25NOV18GSWORL","Sports","10367413","142737.36","2","yes","KXNBAGAME-25NOV18GSWORL-ORL","KXNBAGAME","TRUE","KXNBAGAME-25NOV18GSWORL-ORL"
"ECMOV-24-R-B65","ECMOV-24-R-B65","Elections","10348999","72369.69","1","","","KXECMOV","FALSE",""
"KXNBAGAME-26JAN26GSWMIN","KXNBAGAME-26JAN26GSWMIN","Sports","10333888","106854.19","2","","","KXNBAGAME","TRUE",""
"KXNCAAFGAME-25DEC22WSUUSU","KXNCAAFGAME-25DEC22WSUUSU","Sports","10328609","101810.13","2","","","KXNCAAFGAME","TRUE",""
"KXNBAGAME-26MAR16PHXBOS","KXNBAGAME-26MAR16PHXBOS","Sports","10313426","119565.95","2","","","KXNBAGAME","TRUE",""
"KXNFLSPREAD-26JAN12HOUPIT","KXNFLSPREAD-26JAN12HOUPIT","Sports","10305770","155363","17","","","KXNFLSPREAD","TRUE",""
"KXNCAAFGAME-25NOV28ARIZASU","KXNCAAFGAME-25NOV28ARIZASU","Sports","10300810","138337.38","2","","","KXNCAAFGAME","TRUE",""
"KXNCAAMBGAME-26FEB13MSUWIS","KXNCAAMBGAME-26FEB13MSUWIS","Sports","10297229","117847.21","2","","","KXNCAAMBGAME","TRUE",""
"KXWTAMATCH-25SEP04OSAANI","KXWTAMATCH-25SEP04OSAANI","Sports","10297137","133830.19","2","","","KXWTAMATCH","TRUE",""
"KXNBAGAME-26MAR01DETORL","KXNBAGAME-26MAR01DETORL","Sports","10294454","139701.6","2","","","KXNBAGAME","TRUE",""
"KXNFLGAME-25DEC27BALGB","KXNFLGAME-25DEC27BALGB","Sports","10288389","127159.43","2","","","KXNFLGAME","TRUE",""
"KXNCAAMBGAME-26MAR19KENNGONZ","KXNCAAMBGAME-26MAR19KENNGONZ","Sports","10276669","41163.81","2","","","KXNCAAMBGAME","TRUE",""
"KXNCAAFGAME-25OCT04KSUBAY","KXNCAAFGAME-25OCT04KSUBAY","Sports","10272785","142411.85","2","yes","KXNCAAFGAME-25OCT04KSUBAY-BAY","KXNCAAFGAME","TRUE","KXNCAAFGAME-25OCT04KSUBAY-BAY"
"KXNCAAMBGAME-26MAR18JOESCSU","KXNCAAMBGAME-26MAR18JOESCSU","Sports","10270470","96277.4","2","","","KXNCAAMBGAME","TRUE",""
"KXNBAGAME-25DEC17MEMMIN","KXNBAGAME-25DEC17MEMMIN","Sports","10268672","138274.28","2","","","KXNBAGAME","TRUE",""
"KXNBAGAME-25DEC15DETBOS","KXNBAGAME-25DEC15DETBOS","Sports","10261182","144195.18","2","","","KXNBAGAME","TRUE",""
"KXNBAGAME-26FEB09MEMGSW","KXNBAGAME-26FEB09MEMGSW","Sports","10249201","133595.5","2","","","KXNBAGAME","TRUE",""
"KXNFLSPREAD-25NOV30DENWAS","KXNFLSPREAD-25NOV30DENWAS","Sports","10241299","155116.98","16","yes","KXNFLSPREAD-25NOV30DENWAS-DEN2","KXNFLSPREAD","TRUE","KXNFLSPREAD-25NOV30DENWAS-DEN2"
"KXNCAAFGAME-25SEP13FLALSU","KXNCAAFGAME-25SEP13FLALSU","Sports","10231988","131335.25","2","yes","KXNCAAFGAME-25SEP13FLALSU-LSU","KXNCAAFGAME","TRUE","KXNCAAFGAME-25SEP13FLALSU-LSU"
"KXNBAGAME-26JAN20MINUTA","KXNBAGAME-26JAN20MINUTA","Sports","10228236","101599.72","2","","","KXNBAGAME","TRUE",""
"KXNBAGAME-25DEC14LALPHX","KXNBAGAME-25DEC14LALPHX","Sports","10219076","124284.3","2","","","KXNBAGAME","TRUE",""
"KXNBAGAME-26MAR25OKCBOS","KXNBAGAME-26MAR25OKCBOS","Sports","10217581","121099.78","2","","","KXNBAGAME","TRUE",""
"KXSWINGSTATES24DJT","KXSWINGSTATES24DJT","Politics","10202896","68818.6","8","yes","KXSWINGSTATES24DJT-7","KXSWINGSTATES24DJT","FALSE","KXSWINGSTATES24DJT-7"
"KXNCAAFGAME-25OCT25MIZZVAN","KXNCAAFGAME-25OCT25MIZZVAN","Sports","10201047","141130.48","2","yes","KXNCAAFGAME-25OCT25MIZZVAN-VAN","KXNCAAFGAME","TRUE","KXNCAAFGAME-25OCT25MIZZVAN-VAN"
"KXNBAGAME-26FEB26HOUORL","KXNBAGAME-26FEB26HOUORL","Sports","10198126","142892.74","2","","","KXNBAGAME","TRUE",""
"KXNFLGAME-25NOV16LACJAC","KXNFLGAME-25NOV16LACJAC","Sports","10175729","130208.13","2","yes","KXNFLGAME-25NOV16LACJAC-JAC","KXNFLGAME","TRUE","KXNFLGAME-25NOV16LACJAC-JAC"
"KXNBAGAME-26JAN13SASOKC","KXNBAGAME-26JAN13SASOKC","Sports","10169500","112250.68","2","","","KXNBAGAME","TRUE",""
"KXTRUMPOUT-26","KXTRUMPOUT-26","Elections","10169381","24188.81","1","","","KXTRUMPOUT","FALSE",""
"KXNBAGAME-25NOV22SACDEN","KXNBAGAME-25NOV22SACDEN","Sports","10163881","105866.82","2","yes","KXNBAGAME-25NOV22SACDEN-DEN","KXNBAGAME","TRUE","KXNBAGAME-25NOV22SACDEN-DEN"
"KXNBAGAME-26APR12GSWLAC","KXNBAGAME-26APR12GSWLAC","Sports","10162013","139718.6","2","","","KXNBAGAME","TRUE",""
"KXNCAAFGAME-25SEP12COLOHOU","KXNCAAFGAME-25SEP12COLOHOU","Sports","10141262","120671.8","2","yes","KXNCAAFGAME-25SEP12COLOHOU-HOU","KXNCAAFGAME","TRUE","KXNCAAFGAME-25SEP12COLOHOU-HOU"
"KXNBAGAME-25MAY20MINOKC","KXNBAGAME-25MAY20MINOKC","Sports","10132839","126838.17","2","yes","KXNBAGAME-25MAY20MINOKC-OKC","KXNBAGAME","TRUE","KXNBAGAME-25MAY20MINOKC-OKC"
"KXAAAGASM-25JUN30","KXAAAGASM-25JUN30","Economics","10105391","92452.53","11","yes","KXAAAGASM-25JUN30-2.90","KXAAAGASM","FALSE","KXAAAGASM-25JUN30-2.90"
"KXNCAAMBSPREAD-26MAR29CONNDUKE","KXNCAAMBSPREAD-26MAR29CONNDUKE","Sports","10102269","152907.59","14","","","KXNCAAMBSPREAD","TRUE",""
"KXNCAAMBGAME-26MAR20UCFUCLA","KXNCAAMBGAME-26MAR20UCFUCLA","Sports","10100971","74587.13","2","","","KXNCAAMBGAME","TRUE",""
"KXNFLSPREAD-26JAN11SFPHI","KXNFLSPREAD-26JAN11SFPHI","Sports","10095946","149196.72","17","","","KXNFLSPREAD","TRUE",""
"KXIPLGAME-26APR16PBKSMI","KXIPLGAME-26APR16PBKSMI","Sports","10091556","138689.01","2","","","KXIPLGAME","TRUE",""
"KXMLBGAME-25OCT25LADTOR","KXMLBGAME-25OCT25LADTOR","Sports","10086715","142621.67","2","yes","KXMLBGAME-25OCT25LADTOR-LAD","KXMLBGAME","TRUE","KXMLBGAME-25OCT25LADTOR-LAD"
"KXNCAAFGAME-25NOV01MIASMU","KXNCAAFGAME-25NOV01MIASMU","Sports","10084432","118539.92","2","yes","KXNCAAFGAME-25NOV01MIASMU-SMU","KXNCAAFGAME","TRUE","KXNCAAFGAME-25NOV01MIASMU-SMU"
"LEAVEPOWELL-25","LEAVEPOWELL-25","Politics","10073207","69199.02","3","","","KXLEAVEPOWELL","FALSE",""
"KXUFCFIGHT-25AUG16DUCHI","KXUFCFIGHT-25AUG16DUCHI","Sports","10062756","132080.14","2","","","KXUFCFIGHT","TRUE",""
"KXNBAGAME-26JAN07DENBOS","KXNBAGAME-26JAN07DENBOS","Sports","10062570","107272.21","2","","","KXNBAGAME","TRUE",""
"KXBOXINGMOV-25DEC19JPAUAJOS","KXBOXINGMOV-25DEC19JPAUAJOS","Sports","10055535","60072.75","5","","","KXBOXINGMOV","TRUE",""
"KXNFLGAME-25OCT19LVKC","KXNFLGAME-25OCT19LVKC","Sports","10048396","73321.37","2","yes","KXNFLGAME-25OCT19LVKC-KC","KXNFLGAME","TRUE","KXNFLGAME-25OCT19LVKC-KC"
"KXNCAAFGAME-25SEP20FLAMIA","KXNCAAFGAME-25SEP20FLAMIA","Sports","10042479","94014.36","2","yes","KXNCAAFGAME-25SEP20FLAMIA-MIA","KXNCAAFGAME","TRUE","KXNCAAFGAME-25SEP20FLAMIA-MIA"
"KXNCAAFGAME-25DEC26CMUNW","KXNCAAFGAME-25DEC26CMUNW","Sports","10029332","81154.33","2","","","KXNCAAFGAME","TRUE",""
"KXNCAAMBGAME-26MAR19MCNSVAN","KXNCAAMBGAME-26MAR19MCNSVAN","Sports","10028580","87395.36","2","","","KXNCAAMBGAME","TRUE",""
"KXBTC2025100-25DEC31","KXBTC2025100-25DEC31","Crypto","10016515","91914.47","1","","","KXBTC2025100","FALSE",""
"POPVOTEMOVPA-24-R-B","POPVOTEMOVPA-24-R-B","Elections","9992683","60591.83","9","","","KXPOPVOTEMOVPA","FALSE",""
"KXNCAAWBGAME-26MAR23UVAIOWA","KXNCAAWBGAME-26MAR23UVAIOWA","Sports","9989024","92926.08","2","","","KXNCAAWBGAME","TRUE",""
"KXNCAAMBGAME-26FEB21ISUBYU","KXNCAAMBGAME-26FEB21ISUBYU","Sports","9980253","120078.09","2","","","KXNCAAMBGAME","TRUE",""
"KXNBAGAME-25DEC28GSWTOR","KXNBAGAME-25DEC28GSWTOR","Sports","9964414","116073.17","2","","","KXNBAGAME","TRUE",""
"KXNCAAFGAME-25OCT04COLOTCU","KXNCAAFGAME-25OCT04COLOTCU","Sports","9953996","121885.03","2","yes","KXNCAAFGAME-25OCT04COLOTCU-TCU","KXNCAAFGAME","TRUE","KXNCAAFGAME-25OCT04COLOTCU-TCU"
"KXNBAGAME-25NOV26MINOKC","KXNBAGAME-25NOV26MINOKC","Sports","9951027","104380.97","2","yes","KXNBAGAME-25NOV26MINOKC-OKC","KXNBAGAME","TRUE","KXNBAGAME-25NOV26MINOKC-OKC"
"KXMLBGAME-25OCT17TORSEA","KXMLBGAME-25OCT17TORSEA","Sports","9949550","152371.63","2","yes","KXMLBGAME-25OCT17TORSEA-SEA","KXMLBGAME","TRUE","KXMLBGAME-25OCT17TORSEA-SEA"
"KXNCAAFGAME-25SEP20SCARMIZZ","KXNCAAFGAME-25SEP20SCARMIZZ","Sports","9947405","130298.36","2","yes","KXNCAAFGAME-25SEP20SCARMIZZ-MIZZ","KXNCAAFGAME","TRUE","KXNCAAFGAME-25SEP20SCARMIZZ-MIZZ"
"KXNEXTIRANLEADER-45JAN01","KXNEXTIRANLEADER-45JAN01","Elections","9946612","88767.65","15","","","KXNEXTIRANLEADER","FALSE",""
"KXNBAGAME-25NOV03MIALAC","KXNBAGAME-25NOV03MIALAC","Sports","9939983","139973.06","2","yes","KXNBAGAME-25NOV03MIALAC-MIA","KXNBAGAME","TRUE","KXNBAGAME-25NOV03MIALAC-MIA"
"KXNBAGAME-26JAN26LALCHI","KXNBAGAME-26JAN26LALCHI","Sports","9934986","109688.97","2","","","KXNBAGAME","TRUE",""
"KXATPMATCH-25JUL11SINDJO","KXATPMATCH-25JUL11SINDJO","Sports","9918161","97901.06","2","yes","KXATPMATCH-25JUL11SINDJO-SIN","KXATPMATCH","TRUE","KXATPMATCH-25JUL11SINDJO-SIN"
"KXNBAGAME-25NOV16ORLHOU","KXNBAGAME-25NOV16ORLHOU","Sports","9917147","136300.88","2","yes","KXNBAGAME-25NOV16ORLHOU-HOU","KXNBAGAME","TRUE","KXNBAGAME-25NOV16ORLHOU-HOU"
"KXMVESPORTSMULTIGAMEEXTENDED-S2026A889F9B1905","KXMVESPORTSMULTIGAMEEXTENDED-S2026A889F9B1905","Sports","9915260","1506.28","12","","","KXMVESPORTSMULTIGAMEEXTENDED","TRUE",""
"KXNBAGAME-26JAN24BOSCHI","KXNBAGAME-26JAN24BOSCHI","Sports","9907178","149779.65","2","","","KXNBAGAME","TRUE",""
"KXNCAAFGAME-25NOV29VANTENN","KXNCAAFGAME-25NOV29VANTENN","Sports","9905454","144134.29","2","yes","KXNCAAFGAME-25NOV29VANTENN-VAN","KXNCAAFGAME","TRUE","KXNCAAFGAME-25NOV29VANTENN-VAN"
"KXNBAGAME-26APR10PHXLAL","KXNBAGAME-26APR10PHXLAL","Sports","9903104","117047.66","2","","","KXNBAGAME","TRUE",""
"KXIPLGAME-26APR18DCRCB","KXIPLGAME-26APR18DCRCB","Sports","9898778","149137.19","2","","","KXIPLGAME","TRUE",""
"KXNBAGAME-25NOV18UTALAL","KXNBAGAME-25NOV18UTALAL","Sports","9880060","106978.8","2","yes","KXNBAGAME-25NOV18UTALAL-LAL","KXNBAGAME","TRUE","KXNBAGAME-25NOV18UTALAL-LAL"
"KXNCAAMBSPREAD-26MAR28PURARIZ","KXNCAAMBSPREAD-26MAR28PURARIZ","Sports","9879339","149350.22","11","","","KXNCAAMBSPREAD","TRUE",""
"KXNFLGAME-25OCT19CARNYJ","KXNFLGAME-25OCT19CARNYJ","Sports","9869803","129494.7","2","yes","KXNFLGAME-25OCT19CARNYJ-CAR","KXNFLGAME","TRUE","KXNFLGAME-25OCT19CARNYJ-CAR"
"KXNBAGAME-26MAR25BKNGSW","KXNBAGAME-26MAR25BKNGSW","Sports","9868141","135135.6","2","","","KXNBAGAME","TRUE",""
"KXNCAAMBGAME-26MAR20PVFLA","KXNCAAMBGAME-26MAR20PVFLA","Sports","9862185","8579.22","2","","","KXNCAAMBGAME","TRUE",""
"KXNBAGAME-26MAR09GSWUTA","KXNBAGAME-26MAR09GSWUTA","Sports","9856761","126061.83","2","","","KXNBAGAME","TRUE",""
"KXNBAGAME-26JAN11HOUSAC","KXNBAGAME-26JAN11HOUSAC","Sports","9856492","129235.09","2","","","KXNBAGAME","TRUE",""
"KXNCAAFGAME-25NOV29SMUCAL","KXNCAAFGAME-25NOV29SMUCAL","Sports","9843943","122492.37","2","yes","KXNCAAFGAME-25NOV29SMUCAL-CAL","KXNCAAFGAME","TRUE","KXNCAAFGAME-25NOV29SMUCAL-CAL"
"KXNBAGAME-25OCT22CLENYK","KXNBAGAME-25OCT22CLENYK","Sports","9832355","141213.58","2","yes","KXNBAGAME-25OCT22CLENYK-NYK","KXNBAGAME","TRUE","KXNBAGAME-25OCT22CLENYK-NYK"
"KXNFLSPREAD-25DEC25DETMIN","KXNFLSPREAD-25DEC25DETMIN","Sports","9816158","150782.9","17","","","KXNFLSPREAD","TRUE",""
"KXNBAGAME-25DEC07LALPHI","KXNBAGAME-25DEC07LALPHI","Sports","9812306","135827.07","2","","","KXNBAGAME","TRUE",""
"KXNBAGAME-25NOV19CHIPOR","KXNBAGAME-25NOV19CHIPOR","Sports","9806877","109091.34","2","yes","KXNBAGAME-25NOV19CHIPOR-CHI","KXNBAGAME","TRUE","KXNBAGAME-25NOV19CHIPOR-CHI"
"KXNCAAFGAME-25NOV15FLAMISS","KXNCAAFGAME-25NOV15FLAMISS","Sports","9800573","114935.93","2","yes","KXNCAAFGAME-25NOV15FLAMISS-MISS","KXNCAAFGAME","TRUE","KXNCAAFGAME-25NOV15FLAMISS-MISS"
"KXNBAGAME-26FEB23SACMEM","KXNBAGAME-26FEB23SACMEM","Sports","9799657","114800","2","","","KXNBAGAME","TRUE",""
"KXNBAGAME-26FEB06NOPMIN","KXNBAGAME-26FEB06NOPMIN","Sports","9771875","117327.66","2","","","KXNBAGAME","TRUE",""
"KXNBASERIES-25GSWMIN","KXNBASERIES-25GSWMIN","Sports","9760088","114911.03","2","","","KXNBASERIES","TRUE",""
"RATECUT","RATECUT","Economics","9758096","78316.45","9","yes","RATECUT-24DEC31","KXRATECUT","FALSE","RATECUT-24DEC31"
"KXNBAGAME-26JAN09NYKPHX","KXNBAGAME-26JAN09NYKPHX","Sports","9742725","121185.28","2","","","KXNBAGAME","TRUE",""
"KXNCAAFGAME-25OCT11FLATXAM","KXNCAAFGAME-25OCT11FLATXAM","Sports","9708047","107903.01","2","yes","KXNCAAFGAME-25OCT11FLATXAM-TXAM","KXNCAAFGAME","TRUE","KXNCAAFGAME-25OCT11FLATXAM-TXAM"
"KXNCAAFGAME-25AUG31VTSCAR","KXNCAAFGAME-25AUG31VTSCAR","Sports","9705059","113156.87","2","yes","KXNCAAFGAME-25AUG31VTSCAR-SCAR","KXNCAAFGAME","TRUE","KXNCAAFGAME-25AUG31VTSCAR-SCAR"
"KXNBAGAME-26FEB02HOUIND","KXNBAGAME-26FEB02HOUIND","Sports","9694916","116326.9","2","","","KXNBAGAME","TRUE",""
"KXNCAAMBGAME-26MAR17UMBCHOW","KXNCAAMBGAME-26MAR17UMBCHOW","Sports","9683425","114637.22","2","","","KXNCAAMBGAME","TRUE",""
"KXNCAAFGAME-25SEP27OSUWASH","KXNCAAFGAME-25SEP27OSUWASH","Sports","9673354","109450.35","2","yes","KXNCAAFGAME-25SEP27OSUWASH-OSU","KXNCAAFGAME","TRUE","KXNCAAFGAME-25SEP27OSUWASH-OSU"
"KXNFLSPREAD-25NOV27KCDAL","KXNFLSPREAD-25NOV27KCDAL","Sports","9669924","143577.12","16","yes","KXNFLSPREAD-25NOV27KCDAL-DAL2","KXNFLSPREAD","TRUE","KXNFLSPREAD-25NOV27KCDAL-DAL2"
"KXUFCFIGHT-26FEB21STRHER","KXUFCFIGHT-26FEB21STRHER","Sports","9656892","124503.03","2","","","KXUFCFIGHT","TRUE",""
"KXNBAGAME-25DEC31NYKSAS","KXNBAGAME-25DEC31NYKSAS","Sports","9648425","134259.48","2","","","KXNBAGAME","TRUE",""
"KXNCAAMBWAC-26","KXNCAAMBWAC-26","Sports","9644425","141422.33","7","","","KXNCAAMBWAC","TRUE",""
"KXMARMAD-25R32G10","KXMARMAD-25R32G10","Sports","9642084","108336.99","4","yes","KXMARMAD-25R32G10-ARIZ","KXMARMAD","TRUE","KXMARMAD-25R32G10-ARIZ"
"KXNBASERIES-25LACDEN","KXNBASERIES-25LACDEN","Sports","9633138","139855.74","2","yes","KXNBASERIES-25LACDEN-DEN","KXNBASERIES","TRUE","KXNBASERIES-25LACDEN-DEN"
"KXNBAGAME-26MAR20TORDEN","KXNBAGAME-26MAR20TORDEN","Sports","9629766","131227.04","2","","","KXNBAGAME","TRUE",""
"KXNCAAFGAME-25OCT11WSUMISS","KXNCAAFGAME-25OCT11WSUMISS","Sports","9608278","51830.67","2","yes","KXNCAAFGAME-25OCT11WSUMISS-MISS","KXNCAAFGAME","TRUE","KXNCAAFGAME-25OCT11WSUMISS-MISS"
"KXNBAGAME-26JAN23INDOKC","KXNBAGAME-26JAN23INDOKC","Sports","9603437","104028.33","2","","","KXNBAGAME","TRUE",""
"KXNCAAFGAME-25OCT04KUUCF","KXNCAAFGAME-25OCT04KUUCF","Sports","9596053","125028.45","2","yes","KXNCAAFGAME-25OCT04KUUCF-KU","KXNCAAFGAME","TRUE","KXNCAAFGAME-25OCT04KUUCF-KU"
"KXNBAGAME-25DEC20ORLUTA","KXNBAGAME-25DEC20ORLUTA","Sports","9593727","88079.69","2","","","KXNBAGAME","TRUE",""
"KXNBAGAME-26MAR03DETCLE","KXNBAGAME-26MAR03DETCLE","Sports","9585936","132452.71","2","","","KXNBAGAME","TRUE",""
"KXNBAGAME-26FEB24ORLLAL","KXNBAGAME-26FEB24ORLLAL","Sports","9584100","132865.46","2","","","KXNBAGAME","TRUE",""
"KXNBAGAME-25DEC03DETMIL","KXNBAGAME-25DEC03DETMIL","Sports","9583053","116148.52","2","yes","KXNBAGAME-25DEC03DETMIL-MIL","KXNBAGAME","TRUE","KXNBAGAME-25DEC03DETMIL-MIL"
"KXNCAAFPLAYOFF-25","KXNCAAFPLAYOFF-25","Sports","9569969","81253.6","53","","","KXNCAAFPLAYOFF","TRUE",""
"POWER-24-DH-RS","POWER-24-DH-RS","Elections","9565097","71299.81","2","","","KXPOWER","FALSE",""
"KXNBAGAME-26APR01SACTOR","KXNBAGAME-26APR01SACTOR","Sports","9564848","134217.25","2","","","KXNBAGAME","TRUE",""
"KXNBAGAME-25DEC04GSWPHI","KXNBAGAME-25DEC04GSWPHI","Sports","9557913","98472.86","2","","","KXNBAGAME","TRUE",""
"KXNBAGAME-26JAN19DALNYK","KXNBAGAME-26JAN19DALNYK","Sports","9550241","95109.89","2","","","KXNBAGAME","TRUE",""
"KXNCAAMBGAME-26FEB20CPHAW","KXNCAAMBGAME-26FEB20CPHAW","Sports","9536876","127651.91","2","","","KXNCAAMBGAME","TRUE",""
"KXNBAGAME-26JAN22GSWDAL","KXNBAGAME-26JAN22GSWDAL","Sports","9534491","116234.09","2","","","KXNBAGAME","TRUE",""
"KXNCAAMBSPREAD-26APR04MICHARIZ","KXNCAAMBSPREAD-26APR04MICHARIZ","Sports","9532974","141512.98","15","","","KXNCAAMBSPREAD","TRUE",""
"KXMLBSERIES-25BOSNYY","KXMLBSERIES-25BOSNYY","Sports","9532898","125769.03","2","yes","KXMLBSERIES-25BOSNYY-NYY","KXMLBSERIES","TRUE","KXMLBSERIES-25BOSNYY-NYY"
"KXNBAGAME-25DEC30DETLAL","KXNBAGAME-25DEC30DETLAL","Sports","9531085","125470.87","2","","","KXNBAGAME","TRUE",""
"KXNCAAFGAME-25NOV22BYUCIN","KXNCAAFGAME-25NOV22BYUCIN","Sports","9519427","117765.8","2","yes","KXNCAAFGAME-25NOV22BYUCIN-BYU","KXNCAAFGAME","TRUE","KXNCAAFGAME-25NOV22BYUCIN-BYU"
"KXNCAAMBIVY-26","KXNCAAMBIVY-26","Sports","9505370","91697.04","4","","","KXNCAAMBIVY","TRUE",""
"KXMARMAD-25R16G5","KXMARMAD-25R16G5","Sports","9496323","81690.07","7","yes","KXMARMAD-25R16G5-DUKE","KXMARMAD","TRUE","KXMARMAD-25R16G5-DUKE"
"KXNCAAFGAME-25DEC17ULLDEL","KXNCAAFGAME-25DEC17ULLDEL","Sports","9494352","97016.81","2","","","KXNCAAFGAME","TRUE",""
"KXNFLGAME-25NOV02CARGB","KXNFLGAME-25NOV02CARGB","Sports","9492814","115893.85","2","yes","KXNFLGAME-25NOV02CARGB-CAR","KXNFLGAME","TRUE","KXNFLGAME-25NOV02CARGB-CAR"
"KXNBAGAME-25DEC30PHIMEM","KXNBAGAME-25DEC30PHIMEM","Sports","9487407","138206","2","","","KXNBAGAME","TRUE",""
"KXNFLGAME-25SEP28NOBUF","KXNFLGAME-25SEP28NOBUF","Sports","9477223","61041.14","2","yes","KXNFLGAME-25SEP28NOBUF-BUF","KXNFLGAME","TRUE","KXNFLGAME-25SEP28NOBUF-BUF"
"KXNBAGAME-25DEC14GSWPOR","KXNBAGAME-25DEC14GSWPOR","Sports","9463870","120442.84","2","","","KXNBAGAME","TRUE",""
"KXNBAGAME-25OCT31LALMEM","KXNBAGAME-25OCT31LALMEM","Sports","9459147","132594.65","2","yes","KXNBAGAME-25OCT31LALMEM-LAL","KXNBAGAME","TRUE","KXNBAGAME-25OCT31LALMEM-LAL"
"KXMLBGAME-25OCT19SEATOR","KXMLBGAME-25OCT19SEATOR","Sports","9455252","107588.81","2","yes","KXMLBGAME-25OCT19SEATOR-TOR","KXMLBGAME","TRUE","KXMLBGAME-25OCT19SEATOR-TOR"
"KXNBASPREAD-26APR26LALHOU","KXNBASPREAD-26APR26LALHOU","Sports","9446680","135970.32","15","","","KXNBASPREAD","TRUE",""
"KXNBAGAME-25NOV15DENMIN","KXNBAGAME-25NOV15DENMIN","Sports","9441078","109365.86","2","yes","KXNBAGAME-25NOV15DENMIN-DEN","KXNBAGAME","TRUE","KXNBAGAME-25NOV15DENMIN-DEN"
"KXNFLOROTY-26","KXNFLOROTY-26","Sports","9422550","57957.85","26","","","KXNFLOROTY","TRUE",""
"KXNBAGAME-26MAR11NYKUTA","KXNBAGAME-26MAR11NYKUTA","Sports","9416415","111236.81","2","","","KXNBAGAME","TRUE",""
"KXMARMAD-25R16G1","KXMARMAD-25R16G1","Sports","9413908","112026.19","6","yes","KXMARMAD-25R16G1-AUB","KXMARMAD","TRUE","KXMARMAD-25R16G1-AUB"
"KXNCAAFGAME-25NOV29LSUOKLA","KXNCAAFGAME-25NOV29LSUOKLA","Sports","9399428","123900.63","2","yes","KXNCAAFGAME-25NOV29LSUOKLA-OKLA","KXNCAAFGAME","TRUE","KXNCAAFGAME-25NOV29LSUOKLA-OKLA"
"KXNBAGAME-26JAN14DENDAL","KXNBAGAME-26JAN14DENDAL","Sports","9396105","77933.01","2","","","KXNBAGAME","TRUE",""
"KXNBAGAME-26FEB07GSWLAL","KXNBAGAME-26FEB07GSWLAL","Sports","9384385","124049.15","2","","","KXNBAGAME","TRUE",""
"KXNBAGAME-26FEB04MEMSAC","KXNBAGAME-26FEB04MEMSAC","Sports","9382880","132942.21","2","","","KXNBAGAME","TRUE",""
"KXNCAAFGAME-25NOV28UGAGT","KXNCAAFGAME-25NOV28UGAGT","Sports","9380318","61634.04","2","","","KXNCAAFGAME","TRUE",""
"KXNBAGAME-25OCT30GSWMIL","KXNBAGAME-25OCT30GSWMIL","Sports","9379687","132142.27","2","yes","KXNBAGAME-25OCT30GSWMIL-MIL","KXNBAGAME","TRUE","KXNBAGAME-25OCT30GSWMIL-MIL"
"KXUCLGAME-26APR14ATMBAR","KXUCLGAME-26APR14ATMBAR","Sports","9371716","98193.23","3","","","KXUCLGAME","TRUE",""
"KXNCAAFGAME-25NOV01WVUHOU","KXNCAAFGAME-25NOV01WVUHOU","Sports","9363854","113380.02","2","yes","KXNCAAFGAME-25NOV01WVUHOU-WVU","KXNCAAFGAME","TRUE","KXNCAAFGAME-25NOV01WVUHOU-WVU"
