date,category,contracts
2024-12-23,Baseball,0
2024-12-23,Basketball (college),0
2024-12-23,Basketball (pro),0
2024-12-23,Combat sports,0
2024-12-23,Companies,0
2024-12-23,Crypto,0
2024-12-23,Football,3008
2024-12-23,Golf,0
2024-12-23,Hockey,0
2024-12-23,Motorsport,0
2024-12-23,Other,0
2024-12-23,Parlays,0
2024-12-23,Politics,0
2024-12-23,Rugby,0
2024-12-23,Soccer,0
2024-12-23,Tennis,0
2024-12-24,Baseball,0
2024-12-24,Basketball (college),0
2024-12-24,Basketball (pro),0
2024-12-24,Combat sports,0
2024-12-24,Companies,0
2024-12-24,Crypto,0
2024-12-24,Football,7022
2024-12-24,Golf,0
2024-12-24,Hockey,0
2024-12-24,Motorsport,0
2024-12-24,Other,0
2024-12-24,Parlays,0
2024-12-24,Politics,0
2024-12-24,Rugby,0
2024-12-24,Soccer,0
2024-12-24,Tennis,0
2024-12-25,Baseball,0
2024-12-25,Basketball (college),0
2024-12-25,Basketball (pro),0
2024-12-25,Combat sports,0
2024-12-25,Companies,0
2024-12-25,Crypto,0
2024-12-25,Football,5774
2024-12-25,Golf,0
2024-12-25,Hockey,0
2024-12-25,Motorsport,0
2024-12-25,Other,0
2024-12-25,Parlays,0
2024-12-25,Politics,0
2024-12-25,Rugby,0
2024-12-25,Soccer,0
2024-12-25,Tennis,0
2024-12-26,Baseball,0
2024-12-26,Basketball (college),0
2024-12-26,Basketball (pro),0
2024-12-26,Combat sports,0
2024-12-26,Companies,0
2024-12-26,Crypto,0
2024-12-26,Football,4876
2024-12-26,Golf,0
2024-12-26,Hockey,0
2024-12-26,Motorsport,0
2024-12-26,Other,0
2024-12-26,Parlays,0
2024-12-26,Politics,0
2024-12-26,Rugby,0
2024-12-26,Soccer,0
2024-12-26,Tennis,0
2024-12-27,Baseball,0
2024-12-27,Basketball (college),0
2024-12-27,Basketball (pro),0
2024-12-27,Combat sports,0
2024-12-27,Companies,0
2024-12-27,Crypto,0
2024-12-27,Football,5194
2024-12-27,Golf,0
2024-12-27,Hockey,0
2024-12-27,Motorsport,0
2024-12-27,Other,0
2024-12-27,Parlays,0
2024-12-27,Politics,0
2024-12-27,Rugby,0
2024-12-27,Soccer,0
2024-12-27,Tennis,0
2024-12-30,Baseball,0
2024-12-30,Basketball (college),0
2024-12-30,Basketball (pro),0
2024-12-30,Combat sports,0
2024-12-30,Companies,0
2024-12-30,Crypto,0
2024-12-30,Football,3688
2024-12-30,Golf,0
2024-12-30,Hockey,0
2024-12-30,Motorsport,0
2024-12-30,Other,0
2024-12-30,Parlays,0
2024-12-30,Politics,0
2024-12-30,Rugby,0
2024-12-30,Soccer,0
2024-12-30,Tennis,0
2024-12-31,Baseball,0
2024-12-31,Basketball (college),0
2024-12-31,Basketball (pro),0
2024-12-31,Combat sports,0
2024-12-31,Companies,0
2024-12-31,Crypto,0
2024-12-31,Football,3198
2024-12-31,Golf,0
2024-12-31,Hockey,0
2024-12-31,Motorsport,0
2024-12-31,Other,0
2024-12-31,Parlays,0
2024-12-31,Politics,0
2024-12-31,Rugby,0
2024-12-31,Soccer,0
2024-12-31,Tennis,0
2025-01-01,Baseball,0
2025-01-01,Basketball (college),0
2025-01-01,Basketball (pro),0
2025-01-01,Combat sports,0
2025-01-01,Companies,0
2025-01-01,Crypto,0
2025-01-01,Football,3160
2025-01-01,Golf,0
2025-01-01,Hockey,0
2025-01-01,Motorsport,0
2025-01-01,Other,0
2025-01-01,Parlays,0
2025-01-01,Politics,0
2025-01-01,Rugby,0
2025-01-01,Soccer,0
2025-01-01,Tennis,0
2025-01-02,Baseball,0
2025-01-02,Basketball (college),0
2025-01-02,Basketball (pro),0
2025-01-02,Combat sports,0
2025-01-02,Companies,0
2025-01-02,Crypto,0
2025-01-02,Football,7836
2025-01-02,Golf,0
2025-01-02,Hockey,0
2025-01-02,Motorsport,0
2025-01-02,Other,0
2025-01-02,Parlays,0
2025-01-02,Politics,0
2025-01-02,Rugby,0
2025-01-02,Soccer,0
2025-01-02,Tennis,0
2025-01-03,Baseball,0
2025-01-03,Basketball (college),0
2025-01-03,Basketball (pro),0
2025-01-03,Combat sports,0
2025-01-03,Companies,0
2025-01-03,Crypto,0
2025-01-03,Football,6080
2025-01-03,Golf,0
2025-01-03,Hockey,0
2025-01-03,Motorsport,0
2025-01-03,Other,0
2025-01-03,Parlays,0
2025-01-03,Politics,0
2025-01-03,Rugby,0
2025-01-03,Soccer,0
2025-01-03,Tennis,0
2025-01-06,Baseball,0
2025-01-06,Basketball (college),0
2025-01-06,Basketball (pro),0
2025-01-06,Combat sports,0
2025-01-06,Companies,0
2025-01-06,Crypto,0
2025-01-06,Football,6422
2025-01-06,Golf,0
2025-01-06,Hockey,0
2025-01-06,Motorsport,0
2025-01-06,Other,0
2025-01-06,Parlays,0
2025-01-06,Politics,0
2025-01-06,Rugby,0
2025-01-06,Soccer,0
2025-01-06,Tennis,0
2025-01-07,Baseball,0
2025-01-07,Basketball (college),0
2025-01-07,Basketball (pro),0
2025-01-07,Combat sports,0
2025-01-07,Companies,0
2025-01-07,Crypto,0
2025-01-07,Football,6324
2025-01-07,Golf,0
2025-01-07,Hockey,0
2025-01-07,Motorsport,0
2025-01-07,Other,0
2025-01-07,Parlays,0
2025-01-07,Politics,0
2025-01-07,Rugby,0
2025-01-07,Soccer,0
2025-01-07,Tennis,0
2025-01-08,Baseball,0
2025-01-08,Basketball (college),0
2025-01-08,Basketball (pro),0
2025-01-08,Combat sports,0
2025-01-08,Companies,0
2025-01-08,Crypto,0
2025-01-08,Football,6382
2025-01-08,Golf,0
2025-01-08,Hockey,0
2025-01-08,Motorsport,0
2025-01-08,Other,0
2025-01-08,Parlays,0
2025-01-08,Politics,0
2025-01-08,Rugby,0
2025-01-08,Soccer,0
2025-01-08,Tennis,0
2025-01-09,Baseball,0
2025-01-09,Basketball (college),0
2025-01-09,Basketball (pro),0
2025-01-09,Combat sports,0
2025-01-09,Companies,0
2025-01-09,Crypto,0
2025-01-09,Football,7868
2025-01-09,Golf,0
2025-01-09,Hockey,0
2025-01-09,Motorsport,0
2025-01-09,Other,0
2025-01-09,Parlays,0
2025-01-09,Politics,0
2025-01-09,Rugby,0
2025-01-09,Soccer,0
2025-01-09,Tennis,0
2025-01-10,Baseball,0
2025-01-10,Basketball (college),0
2025-01-10,Basketball (pro),0
2025-01-10,Combat sports,0
2025-01-10,Companies,0
2025-01-10,Crypto,0
2025-01-10,Football,7184
2025-01-10,Golf,0
2025-01-10,Hockey,0
2025-01-10,Motorsport,0
2025-01-10,Other,0
2025-01-10,Parlays,0
2025-01-10,Politics,0
2025-01-10,Rugby,0
2025-01-10,Soccer,0
2025-01-10,Tennis,0
2025-01-13,Baseball,0
2025-01-13,Basketball (college),0
2025-01-13,Basketball (pro),0
2025-01-13,Combat sports,0
2025-01-13,Companies,0
2025-01-13,Crypto,0
2025-01-13,Football,4806
2025-01-13,Golf,0
2025-01-13,Hockey,0
2025-01-13,Motorsport,0
2025-01-13,Other,0
2025-01-13,Parlays,0
2025-01-13,Politics,0
2025-01-13,Rugby,0
2025-01-13,Soccer,0
2025-01-13,Tennis,0
2025-01-14,Baseball,0
2025-01-14,Basketball (college),0
2025-01-14,Basketball (pro),0
2025-01-14,Combat sports,0
2025-01-14,Companies,0
2025-01-14,Crypto,0
2025-01-14,Football,3108
2025-01-14,Golf,0
2025-01-14,Hockey,0
2025-01-14,Motorsport,0
2025-01-14,Other,0
2025-01-14,Parlays,0
2025-01-14,Politics,0
2025-01-14,Rugby,0
2025-01-14,Soccer,0
2025-01-14,Tennis,0
2025-01-15,Baseball,0
2025-01-15,Basketball (college),0
2025-01-15,Basketball (pro),0
2025-01-15,Combat sports,0
2025-01-15,Companies,0
2025-01-15,Crypto,0
2025-01-15,Football,4376
2025-01-15,Golf,0
2025-01-15,Hockey,0
2025-01-15,Motorsport,0
2025-01-15,Other,0
2025-01-15,Parlays,0
2025-01-15,Politics,0
2025-01-15,Rugby,0
2025-01-15,Soccer,0
2025-01-15,Tennis,0
2025-01-16,Baseball,0
2025-01-16,Basketball (college),0
2025-01-16,Basketball (pro),0
2025-01-16,Combat sports,0
2025-01-16,Companies,0
2025-01-16,Crypto,0
2025-01-16,Football,7544
2025-01-16,Golf,0
2025-01-16,Hockey,0
2025-01-16,Motorsport,0
2025-01-16,Other,0
2025-01-16,Parlays,0
2025-01-16,Politics,0
2025-01-16,Rugby,0
2025-01-16,Soccer,0
2025-01-16,Tennis,0
2025-01-17,Baseball,0
2025-01-17,Basketball (college),0
2025-01-17,Basketball (pro),0
2025-01-17,Combat sports,0
2025-01-17,Companies,0
2025-01-17,Crypto,0
2025-01-17,Football,6276
2025-01-17,Golf,0
2025-01-17,Hockey,0
2025-01-17,Motorsport,0
2025-01-17,Other,0
2025-01-17,Parlays,0
2025-01-17,Politics,0
2025-01-17,Rugby,0
2025-01-17,Soccer,0
2025-01-17,Tennis,0
2025-01-20,Baseball,0
2025-01-20,Basketball (college),0
2025-01-20,Basketball (pro),0
2025-01-20,Combat sports,0
2025-01-20,Companies,0
2025-01-20,Crypto,0
2025-01-20,Football,11312
2025-01-20,Golf,0
2025-01-20,Hockey,0
2025-01-20,Motorsport,0
2025-01-20,Other,0
2025-01-20,Parlays,0
2025-01-20,Politics,0
2025-01-20,Rugby,0
2025-01-20,Soccer,0
2025-01-20,Tennis,0
2025-01-21,Baseball,0
2025-01-21,Basketball (college),0
2025-01-21,Basketball (pro),0
2025-01-21,Combat sports,0
2025-01-21,Companies,0
2025-01-21,Crypto,0
2025-01-21,Football,5476
2025-01-21,Golf,0
2025-01-21,Hockey,0
2025-01-21,Motorsport,0
2025-01-21,Other,0
2025-01-21,Parlays,0
2025-01-21,Politics,0
2025-01-21,Rugby,0
2025-01-21,Soccer,0
2025-01-21,Tennis,0
2025-01-22,Baseball,0
2025-01-22,Basketball (college),0
2025-01-22,Basketball (pro),0
2025-01-22,Combat sports,0
2025-01-22,Companies,0
2025-01-22,Crypto,0
2025-01-22,Football,3772
2025-01-22,Golf,0
2025-01-22,Hockey,0
2025-01-22,Motorsport,0
2025-01-22,Other,0
2025-01-22,Parlays,0
2025-01-22,Politics,0
2025-01-22,Rugby,0
2025-01-22,Soccer,0
2025-01-22,Tennis,0
2025-01-23,Baseball,0
2025-01-23,Basketball (college),0
2025-01-23,Basketball (pro),0
2025-01-23,Combat sports,0
2025-01-23,Companies,0
2025-01-23,Crypto,0
2025-01-23,Football,5140
2025-01-23,Golf,0
2025-01-23,Hockey,0
2025-01-23,Motorsport,0
2025-01-23,Other,0
2025-01-23,Parlays,0
2025-01-23,Politics,0
2025-01-23,Rugby,0
2025-01-23,Soccer,0
2025-01-23,Tennis,0
2025-01-24,Baseball,0
2025-01-24,Basketball (college),0
2025-01-24,Basketball (pro),0
2025-01-24,Combat sports,0
2025-01-24,Companies,0
2025-01-24,Crypto,0
2025-01-24,Football,6462
2025-01-24,Golf,0
2025-01-24,Hockey,0
2025-01-24,Motorsport,0
2025-01-24,Other,0
2025-01-24,Parlays,0
2025-01-24,Politics,0
2025-01-24,Rugby,0
2025-01-24,Soccer,0
2025-01-24,Tennis,0
2025-01-27,Baseball,0
2025-01-27,Basketball (college),0
2025-01-27,Basketball (pro),0
2025-01-27,Combat sports,0
2025-01-27,Companies,0
2025-01-27,Crypto,0
2025-01-27,Football,6454
2025-01-27,Golf,0
2025-01-27,Hockey,0
2025-01-27,Motorsport,0
2025-01-27,Other,0
2025-01-27,Parlays,0
2025-01-27,Politics,0
2025-01-27,Rugby,0
2025-01-27,Soccer,0
2025-01-27,Tennis,0
2025-01-28,Baseball,0
2025-01-28,Basketball (college),0
2025-01-28,Basketball (pro),362
2025-01-28,Combat sports,0
2025-01-28,Companies,0
2025-01-28,Crypto,0
2025-01-28,Football,3014
2025-01-28,Golf,0
2025-01-28,Hockey,0
2025-01-28,Motorsport,0
2025-01-28,Other,0
2025-01-28,Parlays,0
2025-01-28,Politics,0
2025-01-28,Rugby,0
2025-01-28,Soccer,510
2025-01-28,Tennis,0
2025-01-29,Baseball,0
2025-01-29,Basketball (college),0
2025-01-29,Basketball (pro),636
2025-01-29,Combat sports,0
2025-01-29,Companies,0
2025-01-29,Crypto,0
2025-01-29,Football,2924
2025-01-29,Golf,0
2025-01-29,Hockey,0
2025-01-29,Motorsport,0
2025-01-29,Other,0
2025-01-29,Parlays,0
2025-01-29,Politics,0
2025-01-29,Rugby,0
2025-01-29,Soccer,454
2025-01-29,Tennis,0
2025-01-30,Baseball,0
2025-01-30,Basketball (college),0
2025-01-30,Basketball (pro),740
2025-01-30,Combat sports,0
2025-01-30,Companies,0
2025-01-30,Crypto,0
2025-01-30,Football,2882
2025-01-30,Golf,0
2025-01-30,Hockey,0
2025-01-30,Motorsport,0
2025-01-30,Other,0
2025-01-30,Parlays,0
2025-01-30,Politics,0
2025-01-30,Rugby,0
2025-01-30,Soccer,22
2025-01-30,Tennis,0
2025-01-31,Baseball,0
2025-01-31,Basketball (college),0
2025-01-31,Basketball (pro),470
2025-01-31,Combat sports,0
2025-01-31,Companies,0
2025-01-31,Crypto,0
2025-01-31,Football,2150
2025-01-31,Golf,0
2025-01-31,Hockey,0
2025-01-31,Motorsport,0
2025-01-31,Other,0
2025-01-31,Parlays,0
2025-01-31,Politics,0
2025-01-31,Rugby,0
2025-01-31,Soccer,440
2025-01-31,Tennis,0
2025-02-03,Baseball,0
2025-02-03,Basketball (college),0
2025-02-03,Basketball (pro),608
2025-02-03,Combat sports,0
2025-02-03,Companies,0
2025-02-03,Crypto,0
2025-02-03,Football,2908
2025-02-03,Golf,0
2025-02-03,Hockey,0
2025-02-03,Motorsport,0
2025-02-03,Other,0
2025-02-03,Parlays,0
2025-02-03,Politics,0
2025-02-03,Rugby,0
2025-02-03,Soccer,248
2025-02-03,Tennis,0
2025-02-04,Baseball,0
2025-02-04,Basketball (college),0
2025-02-04,Basketball (pro),242
2025-02-04,Combat sports,0
2025-02-04,Companies,0
2025-02-04,Crypto,0
2025-02-04,Football,2230
2025-02-04,Golf,0
2025-02-04,Hockey,0
2025-02-04,Motorsport,0
2025-02-04,Other,0
2025-02-04,Parlays,0
2025-02-04,Politics,0
2025-02-04,Rugby,0
2025-02-04,Soccer,260
2025-02-04,Tennis,0
2025-02-05,Baseball,0
2025-02-05,Basketball (college),0
2025-02-05,Basketball (pro),240
2025-02-05,Combat sports,0
2025-02-05,Companies,0
2025-02-05,Crypto,0
2025-02-05,Football,2804
2025-02-05,Golf,0
2025-02-05,Hockey,0
2025-02-05,Motorsport,0
2025-02-05,Other,0
2025-02-05,Parlays,0
2025-02-05,Politics,0
2025-02-05,Rugby,0
2025-02-05,Soccer,74
2025-02-05,Tennis,0
2025-02-06,Baseball,0
2025-02-06,Basketball (college),0
2025-02-06,Basketball (pro),444
2025-02-06,Combat sports,0
2025-02-06,Companies,0
2025-02-06,Crypto,0
2025-02-06,Football,3312
2025-02-06,Golf,0
2025-02-06,Hockey,0
2025-02-06,Motorsport,0
2025-02-06,Other,0
2025-02-06,Parlays,0
2025-02-06,Politics,0
2025-02-06,Rugby,0
2025-02-06,Soccer,150
2025-02-06,Tennis,0
2025-02-07,Baseball,0
2025-02-07,Basketball (college),0
2025-02-07,Basketball (pro),716
2025-02-07,Combat sports,0
2025-02-07,Companies,0
2025-02-07,Crypto,0
2025-02-07,Football,8664
2025-02-07,Golf,0
2025-02-07,Hockey,0
2025-02-07,Motorsport,0
2025-02-07,Other,0
2025-02-07,Parlays,0
2025-02-07,Politics,0
2025-02-07,Rugby,0
2025-02-07,Soccer,152
2025-02-07,Tennis,0
2025-02-10,Baseball,0
2025-02-10,Basketball (college),0
2025-02-10,Basketball (pro),2756
2025-02-10,Combat sports,0
2025-02-10,Companies,0
2025-02-10,Crypto,0
2025-02-10,Football,0
2025-02-10,Golf,0
2025-02-10,Hockey,0
2025-02-10,Motorsport,0
2025-02-10,Other,0
2025-02-10,Parlays,0
2025-02-10,Politics,0
2025-02-10,Rugby,0
2025-02-10,Soccer,834
2025-02-10,Tennis,0
2025-02-11,Baseball,0
2025-02-11,Basketball (college),0
2025-02-11,Basketball (pro),2258
2025-02-11,Combat sports,0
2025-02-11,Companies,0
2025-02-11,Crypto,0
2025-02-11,Football,0
2025-02-11,Golf,0
2025-02-11,Hockey,0
2025-02-11,Motorsport,0
2025-02-11,Other,0
2025-02-11,Parlays,0
2025-02-11,Politics,0
2025-02-11,Rugby,0
2025-02-11,Soccer,1074
2025-02-11,Tennis,0
2025-02-12,Baseball,0
2025-02-12,Basketball (college),0
2025-02-12,Basketball (pro),1148
2025-02-12,Combat sports,0
2025-02-12,Companies,0
2025-02-12,Crypto,0
2025-02-12,Football,0
2025-02-12,Golf,0
2025-02-12,Hockey,0
2025-02-12,Motorsport,0
2025-02-12,Other,0
2025-02-12,Parlays,0
2025-02-12,Politics,0
2025-02-12,Rugby,0
2025-02-12,Soccer,196
2025-02-12,Tennis,0
2025-02-13,Baseball,0
2025-02-13,Basketball (college),0
2025-02-13,Basketball (pro),902
2025-02-13,Combat sports,0
2025-02-13,Companies,0
2025-02-13,Crypto,0
2025-02-13,Football,0
2025-02-13,Golf,0
2025-02-13,Hockey,0
2025-02-13,Motorsport,0
2025-02-13,Other,0
2025-02-13,Parlays,0
2025-02-13,Politics,0
2025-02-13,Rugby,0
2025-02-13,Soccer,386
2025-02-13,Tennis,0
2025-02-14,Baseball,0
2025-02-14,Basketball (college),0
2025-02-14,Basketball (pro),470
2025-02-14,Combat sports,0
2025-02-14,Companies,0
2025-02-14,Crypto,0
2025-02-14,Football,0
2025-02-14,Golf,0
2025-02-14,Hockey,0
2025-02-14,Motorsport,0
2025-02-14,Other,0
2025-02-14,Parlays,0
2025-02-14,Politics,0
2025-02-14,Rugby,0
2025-02-14,Soccer,258
2025-02-14,Tennis,0
2025-02-17,Baseball,0
2025-02-17,Basketball (college),0
2025-02-17,Basketball (pro),1414
2025-02-17,Combat sports,0
2025-02-17,Companies,0
2025-02-17,Crypto,0
2025-02-17,Football,0
2025-02-17,Golf,0
2025-02-17,Hockey,0
2025-02-17,Motorsport,0
2025-02-17,Other,0
2025-02-17,Parlays,0
2025-02-17,Politics,0
2025-02-17,Rugby,0
2025-02-17,Soccer,142
2025-02-17,Tennis,0
2025-02-18,Baseball,0
2025-02-18,Basketball (college),0
2025-02-18,Basketball (pro),698
2025-02-18,Combat sports,0
2025-02-18,Companies,0
2025-02-18,Crypto,0
2025-02-18,Football,0
2025-02-18,Golf,0
2025-02-18,Hockey,0
2025-02-18,Motorsport,0
2025-02-18,Other,0
2025-02-18,Parlays,0
2025-02-18,Politics,0
2025-02-18,Rugby,0
2025-02-18,Soccer,116
2025-02-18,Tennis,0
2025-02-19,Baseball,0
2025-02-19,Basketball (college),0
2025-02-19,Basketball (pro),1092
2025-02-19,Combat sports,0
2025-02-19,Companies,0
2025-02-19,Crypto,0
2025-02-19,Football,0
2025-02-19,Golf,0
2025-02-19,Hockey,0
2025-02-19,Motorsport,0
2025-02-19,Other,0
2025-02-19,Parlays,0
2025-02-19,Politics,0
2025-02-19,Rugby,0
2025-02-19,Soccer,552
2025-02-19,Tennis,0
2025-02-20,Baseball,0
2025-02-20,Basketball (college),0
2025-02-20,Basketball (pro),510
2025-02-20,Combat sports,0
2025-02-20,Companies,0
2025-02-20,Crypto,0
2025-02-20,Football,0
2025-02-20,Golf,0
2025-02-20,Hockey,0
2025-02-20,Motorsport,0
2025-02-20,Other,0
2025-02-20,Parlays,0
2025-02-20,Politics,0
2025-02-20,Rugby,0
2025-02-20,Soccer,472
2025-02-20,Tennis,0
2025-02-21,Baseball,0
2025-02-21,Basketball (college),0
2025-02-21,Basketball (pro),546
2025-02-21,Combat sports,0
2025-02-21,Companies,0
2025-02-21,Crypto,0
2025-02-21,Football,0
2025-02-21,Golf,0
2025-02-21,Hockey,0
2025-02-21,Motorsport,0
2025-02-21,Other,0
2025-02-21,Parlays,0
2025-02-21,Politics,0
2025-02-21,Rugby,0
2025-02-21,Soccer,316
2025-02-21,Tennis,0
2025-02-24,Baseball,0
2025-02-24,Basketball (college),0
2025-02-24,Basketball (pro),642
2025-02-24,Combat sports,0
2025-02-24,Companies,0
2025-02-24,Crypto,0
2025-02-24,Football,0
2025-02-24,Golf,0
2025-02-24,Hockey,0
2025-02-24,Motorsport,0
2025-02-24,Other,0
2025-02-24,Parlays,0
2025-02-24,Politics,0
2025-02-24,Rugby,0
2025-02-24,Soccer,428
2025-02-24,Tennis,0
2025-02-25,Baseball,0
2025-02-25,Basketball (college),114
2025-02-25,Basketball (pro),872
2025-02-25,Combat sports,0
2025-02-25,Companies,0
2025-02-25,Crypto,0
2025-02-25,Football,0
2025-02-25,Golf,0
2025-02-25,Hockey,64
2025-02-25,Motorsport,0
2025-02-25,Other,0
2025-02-25,Parlays,0
2025-02-25,Politics,0
2025-02-25,Rugby,0
2025-02-25,Soccer,378
2025-02-25,Tennis,0
2025-02-26,Baseball,0
2025-02-26,Basketball (college),192
2025-02-26,Basketball (pro),924
2025-02-26,Combat sports,0
2025-02-26,Companies,0
2025-02-26,Crypto,0
2025-02-26,Football,0
2025-02-26,Golf,0
2025-02-26,Hockey,36
2025-02-26,Motorsport,0
2025-02-26,Other,0
2025-02-26,Parlays,0
2025-02-26,Politics,0
2025-02-26,Rugby,0
2025-02-26,Soccer,80
2025-02-26,Tennis,0
2025-02-27,Baseball,0
2025-02-27,Basketball (college),104
2025-02-27,Basketball (pro),900
2025-02-27,Combat sports,0
2025-02-27,Companies,0
2025-02-27,Crypto,0
2025-02-27,Football,0
2025-02-27,Golf,0
2025-02-27,Hockey,126
2025-02-27,Motorsport,0
2025-02-27,Other,0
2025-02-27,Parlays,0
2025-02-27,Politics,0
2025-02-27,Rugby,0
2025-02-27,Soccer,348
2025-02-27,Tennis,0
2025-02-28,Baseball,0
2025-02-28,Basketball (college),184
2025-02-28,Basketball (pro),810
2025-02-28,Combat sports,0
2025-02-28,Companies,0
2025-02-28,Crypto,0
2025-02-28,Football,0
2025-02-28,Golf,0
2025-02-28,Hockey,254
2025-02-28,Motorsport,0
2025-02-28,Other,0
2025-02-28,Parlays,0
2025-02-28,Politics,0
2025-02-28,Rugby,0
2025-02-28,Soccer,104
2025-02-28,Tennis,0
2025-03-03,Baseball,0
2025-03-03,Basketball (college),388
2025-03-03,Basketball (pro),954
2025-03-03,Combat sports,0
2025-03-03,Companies,0
2025-03-03,Crypto,0
2025-03-03,Football,0
2025-03-03,Golf,0
2025-03-03,Hockey,66
2025-03-03,Motorsport,0
2025-03-03,Other,0
2025-03-03,Parlays,0
2025-03-03,Politics,0
2025-03-03,Rugby,0
2025-03-03,Soccer,260
2025-03-03,Tennis,0
2025-03-04,Baseball,0
2025-03-04,Basketball (college),48
2025-03-04,Basketball (pro),886
2025-03-04,Combat sports,0
2025-03-04,Companies,0
2025-03-04,Crypto,0
2025-03-04,Football,0
2025-03-04,Golf,0
2025-03-04,Hockey,64
2025-03-04,Motorsport,0
2025-03-04,Other,0
2025-03-04,Parlays,0
2025-03-04,Politics,0
2025-03-04,Rugby,0
2025-03-04,Soccer,312
2025-03-04,Tennis,0
2025-03-05,Baseball,0
2025-03-05,Basketball (college),74
2025-03-05,Basketball (pro),1118
2025-03-05,Combat sports,0
2025-03-05,Companies,0
2025-03-05,Crypto,0
2025-03-05,Football,0
2025-03-05,Golf,0
2025-03-05,Hockey,38
2025-03-05,Motorsport,0
2025-03-05,Other,0
2025-03-05,Parlays,0
2025-03-05,Politics,0
2025-03-05,Rugby,0
2025-03-05,Soccer,482
2025-03-05,Tennis,0
2025-03-06,Baseball,0
2025-03-06,Basketball (college),128
2025-03-06,Basketball (pro),780
2025-03-06,Combat sports,0
2025-03-06,Companies,0
2025-03-06,Crypto,0
2025-03-06,Football,0
2025-03-06,Golf,0
2025-03-06,Hockey,12
2025-03-06,Motorsport,0
2025-03-06,Other,0
2025-03-06,Parlays,0
2025-03-06,Politics,0
2025-03-06,Rugby,0
2025-03-06,Soccer,348
2025-03-06,Tennis,0
2025-03-07,Baseball,0
2025-03-07,Basketball (college),52
2025-03-07,Basketball (pro),1042
2025-03-07,Combat sports,0
2025-03-07,Companies,0
2025-03-07,Crypto,0
2025-03-07,Football,0
2025-03-07,Golf,0
2025-03-07,Hockey,60
2025-03-07,Motorsport,0
2025-03-07,Other,0
2025-03-07,Parlays,0
2025-03-07,Politics,0
2025-03-07,Rugby,0
2025-03-07,Soccer,214
2025-03-07,Tennis,0
2025-03-10,Baseball,0
2025-03-10,Basketball (college),84
2025-03-10,Basketball (pro),504
2025-03-10,Combat sports,0
2025-03-10,Companies,0
2025-03-10,Crypto,0
2025-03-10,Football,0
2025-03-10,Golf,0
2025-03-10,Hockey,34
2025-03-10,Motorsport,0
2025-03-10,Other,0
2025-03-10,Parlays,0
2025-03-10,Politics,0
2025-03-10,Rugby,0
2025-03-10,Soccer,202
2025-03-10,Tennis,0
2025-03-11,Baseball,0
2025-03-11,Basketball (college),170
2025-03-11,Basketball (pro),566
2025-03-11,Combat sports,0
2025-03-11,Companies,0
2025-03-11,Crypto,0
2025-03-11,Football,0
2025-03-11,Golf,0
2025-03-11,Hockey,110
2025-03-11,Motorsport,0
2025-03-11,Other,0
2025-03-11,Parlays,0
2025-03-11,Politics,0
2025-03-11,Rugby,0
2025-03-11,Soccer,286
2025-03-11,Tennis,0
2025-03-12,Baseball,0
2025-03-12,Basketball (college),64
2025-03-12,Basketball (pro),924
2025-03-12,Combat sports,0
2025-03-12,Companies,0
2025-03-12,Crypto,0
2025-03-12,Football,0
2025-03-12,Golf,142
2025-03-12,Hockey,86
2025-03-12,Motorsport,0
2025-03-12,Other,0
2025-03-12,Parlays,0
2025-03-12,Politics,0
2025-03-12,Rugby,0
2025-03-12,Soccer,506
2025-03-12,Tennis,0
2025-03-13,Baseball,0
2025-03-13,Basketball (college),306
2025-03-13,Basketball (pro),958
2025-03-13,Combat sports,0
2025-03-13,Companies,0
2025-03-13,Crypto,0
2025-03-13,Football,0
2025-03-13,Golf,160
2025-03-13,Hockey,72
2025-03-13,Motorsport,0
2025-03-13,Other,4
2025-03-13,Parlays,0
2025-03-13,Politics,0
2025-03-13,Rugby,0
2025-03-13,Soccer,822
2025-03-13,Tennis,0
2025-03-14,Baseball,0
2025-03-14,Basketball (college),216
2025-03-14,Basketball (pro),598
2025-03-14,Combat sports,0
2025-03-14,Companies,0
2025-03-14,Crypto,0
2025-03-14,Football,0
2025-03-14,Golf,8
2025-03-14,Hockey,86
2025-03-14,Motorsport,0
2025-03-14,Other,20
2025-03-14,Parlays,0
2025-03-14,Politics,0
2025-03-14,Rugby,0
2025-03-14,Soccer,292
2025-03-14,Tennis,0
2025-03-17,Baseball,0
2025-03-17,Basketball (college),384
2025-03-17,Basketball (pro),694
2025-03-17,Combat sports,0
2025-03-17,Companies,0
2025-03-17,Crypto,0
2025-03-17,Football,0
2025-03-17,Golf,0
2025-03-17,Hockey,54
2025-03-17,Motorsport,0
2025-03-17,Other,58
2025-03-17,Parlays,0
2025-03-17,Politics,0
2025-03-17,Rugby,0
2025-03-17,Soccer,340
2025-03-17,Tennis,0
2025-03-18,Baseball,0
2025-03-18,Basketball (college),630
2025-03-18,Basketball (pro),690
2025-03-18,Combat sports,0
2025-03-18,Companies,0
2025-03-18,Crypto,0
2025-03-18,Football,0
2025-03-18,Golf,0
2025-03-18,Hockey,86
2025-03-18,Motorsport,0
2025-03-18,Other,114
2025-03-18,Parlays,0
2025-03-18,Politics,0
2025-03-18,Rugby,0
2025-03-18,Soccer,456
2025-03-18,Tennis,0
2025-03-19,Baseball,0
2025-03-19,Basketball (college),1294
2025-03-19,Basketball (pro),1178
2025-03-19,Combat sports,0
2025-03-19,Companies,0
2025-03-19,Crypto,0
2025-03-19,Football,0
2025-03-19,Golf,0
2025-03-19,Hockey,46
2025-03-19,Motorsport,0
2025-03-19,Other,74
2025-03-19,Parlays,0
2025-03-19,Politics,0
2025-03-19,Rugby,0
2025-03-19,Soccer,114
2025-03-19,Tennis,0
2025-03-20,Baseball,0
2025-03-20,Basketball (college),2950
2025-03-20,Basketball (pro),1026
2025-03-20,Combat sports,0
2025-03-20,Companies,0
2025-03-20,Crypto,0
2025-03-20,Football,0
2025-03-20,Golf,0
2025-03-20,Hockey,42
2025-03-20,Motorsport,0
2025-03-20,Other,54
2025-03-20,Parlays,0
2025-03-20,Politics,0
2025-03-20,Rugby,0
2025-03-20,Soccer,244
2025-03-20,Tennis,0
2025-03-21,Baseball,0
2025-03-21,Basketball (college),3344
2025-03-21,Basketball (pro),1364
2025-03-21,Combat sports,0
2025-03-21,Companies,0
2025-03-21,Crypto,0
2025-03-21,Football,0
2025-03-21,Golf,0
2025-03-21,Hockey,54
2025-03-21,Motorsport,0
2025-03-21,Other,44
2025-03-21,Parlays,0
2025-03-21,Politics,0
2025-03-21,Rugby,0
2025-03-21,Soccer,132
2025-03-21,Tennis,0
2025-03-24,Baseball,0
2025-03-24,Basketball (college),3610
2025-03-24,Basketball (pro),1520
2025-03-24,Combat sports,0
2025-03-24,Companies,0
2025-03-24,Crypto,0
2025-03-24,Football,0
2025-03-24,Golf,0
2025-03-24,Hockey,62
2025-03-24,Motorsport,0
2025-03-24,Other,64
2025-03-24,Parlays,0
2025-03-24,Politics,0
2025-03-24,Rugby,0
2025-03-24,Soccer,98
2025-03-24,Tennis,0
2025-03-25,Baseball,0
2025-03-25,Basketball (college),2220
2025-03-25,Basketball (pro),1654
2025-03-25,Combat sports,0
2025-03-25,Companies,0
2025-03-25,Crypto,0
2025-03-25,Football,0
2025-03-25,Golf,0
2025-03-25,Hockey,140
2025-03-25,Motorsport,0
2025-03-25,Other,304
2025-03-25,Parlays,0
2025-03-25,Politics,0
2025-03-25,Rugby,0
2025-03-25,Soccer,78
2025-03-25,Tennis,0
2025-03-26,Baseball,0
2025-03-26,Basketball (college),1320
2025-03-26,Basketball (pro),1844
2025-03-26,Combat sports,0
2025-03-26,Companies,0
2025-03-26,Crypto,0
2025-03-26,Football,0
2025-03-26,Golf,0
2025-03-26,Hockey,40
2025-03-26,Motorsport,0
2025-03-26,Other,58
2025-03-26,Parlays,0
2025-03-26,Politics,0
2025-03-26,Rugby,0
2025-03-26,Soccer,68
2025-03-26,Tennis,0
2025-03-27,Baseball,0
2025-03-27,Basketball (college),2576
2025-03-27,Basketball (pro),1198
2025-03-27,Combat sports,0
2025-03-27,Companies,0
2025-03-27,Crypto,0
2025-03-27,Football,0
2025-03-27,Golf,0
2025-03-27,Hockey,20
2025-03-27,Motorsport,0
2025-03-27,Other,32
2025-03-27,Parlays,0
2025-03-27,Politics,0
2025-03-27,Rugby,0
2025-03-27,Soccer,152
2025-03-27,Tennis,0
2025-03-28,Baseball,0
2025-03-28,Basketball (college),4976
2025-03-28,Basketball (pro),1530
2025-03-28,Combat sports,0
2025-03-28,Companies,0
2025-03-28,Crypto,0
2025-03-28,Football,0
2025-03-28,Golf,0
2025-03-28,Hockey,50
2025-03-28,Motorsport,0
2025-03-28,Other,36
2025-03-28,Parlays,0
2025-03-28,Politics,0
2025-03-28,Rugby,0
2025-03-28,Soccer,140
2025-03-28,Tennis,0
2025-03-31,Baseball,0
2025-03-31,Basketball (college),3550
2025-03-31,Basketball (pro),2776
2025-03-31,Combat sports,0
2025-03-31,Companies,0
2025-03-31,Crypto,0
2025-03-31,Football,0
2025-03-31,Golf,0
2025-03-31,Hockey,48
2025-03-31,Motorsport,0
2025-03-31,Other,228
2025-03-31,Parlays,0
2025-03-31,Politics,0
2025-03-31,Rugby,0
2025-03-31,Soccer,174
2025-03-31,Tennis,0
2025-04-01,Baseball,0
2025-04-01,Basketball (college),1538
2025-04-01,Basketball (pro),2430
2025-04-01,Combat sports,0
2025-04-01,Companies,0
2025-04-01,Crypto,0
2025-04-01,Football,0
2025-04-01,Golf,0
2025-04-01,Hockey,48
2025-04-01,Motorsport,48
2025-04-01,Other,448
2025-04-01,Parlays,0
2025-04-01,Politics,0
2025-04-01,Rugby,0
2025-04-01,Soccer,136
2025-04-01,Tennis,0
2025-04-02,Baseball,0
2025-04-02,Basketball (college),1690
2025-04-02,Basketball (pro),3018
2025-04-02,Combat sports,0
2025-04-02,Companies,0
2025-04-02,Crypto,0
2025-04-02,Football,0
2025-04-02,Golf,28
2025-04-02,Hockey,38
2025-04-02,Motorsport,188
2025-04-02,Other,158
2025-04-02,Parlays,0
2025-04-02,Politics,0
2025-04-02,Rugby,0
2025-04-02,Soccer,126
2025-04-02,Tennis,0
2025-04-03,Baseball,0
2025-04-03,Basketball (college),964
2025-04-03,Basketball (pro),2810
2025-04-03,Combat sports,0
2025-04-03,Companies,0
2025-04-03,Crypto,0
2025-04-03,Football,0
2025-04-03,Golf,22
2025-04-03,Hockey,114
2025-04-03,Motorsport,0
2025-04-03,Other,94
2025-04-03,Parlays,0
2025-04-03,Politics,0
2025-04-03,Rugby,0
2025-04-03,Soccer,104
2025-04-03,Tennis,0
2025-04-04,Baseball,0
2025-04-04,Basketball (college),1560
2025-04-04,Basketball (pro),2660
2025-04-04,Combat sports,0
2025-04-04,Companies,0
2025-04-04,Crypto,0
2025-04-04,Football,0
2025-04-04,Golf,42
2025-04-04,Hockey,92
2025-04-04,Motorsport,40
2025-04-04,Other,112
2025-04-04,Parlays,0
2025-04-04,Politics,0
2025-04-04,Rugby,0
2025-04-04,Soccer,114
2025-04-04,Tennis,0
2025-04-07,Baseball,0
2025-04-07,Basketball (college),4602
2025-04-07,Basketball (pro),8948
2025-04-07,Combat sports,0
2025-04-07,Companies,0
2025-04-07,Crypto,0
2025-04-07,Football,0
2025-04-07,Golf,30
2025-04-07,Hockey,72
2025-04-07,Motorsport,6
2025-04-07,Other,0
2025-04-07,Parlays,0
2025-04-07,Politics,0
2025-04-07,Rugby,0
2025-04-07,Soccer,174
2025-04-07,Tennis,0
2025-04-08,Baseball,0
2025-04-08,Basketball (college),4476
2025-04-08,Basketball (pro),6998
2025-04-08,Combat sports,0
2025-04-08,Companies,0
2025-04-08,Crypto,0
2025-04-08,Football,0
2025-04-08,Golf,78
2025-04-08,Hockey,198
2025-04-08,Motorsport,8
2025-04-08,Other,0
2025-04-08,Parlays,0
2025-04-08,Politics,0
2025-04-08,Rugby,0
2025-04-08,Soccer,838
2025-04-08,Tennis,0
2025-04-09,Baseball,0
2025-04-09,Basketball (college),0
2025-04-09,Basketball (pro),8214
2025-04-09,Combat sports,0
2025-04-09,Companies,0
2025-04-09,Crypto,0
2025-04-09,Football,0
2025-04-09,Golf,722
2025-04-09,Hockey,90
2025-04-09,Motorsport,14
2025-04-09,Other,0
2025-04-09,Parlays,0
2025-04-09,Politics,0
2025-04-09,Rugby,0
2025-04-09,Soccer,610
2025-04-09,Tennis,0
2025-04-10,Baseball,0
2025-04-10,Basketball (college),0
2025-04-10,Basketball (pro),8466
2025-04-10,Combat sports,0
2025-04-10,Companies,0
2025-04-10,Crypto,0
2025-04-10,Football,0
2025-04-10,Golf,1384
2025-04-10,Hockey,82
2025-04-10,Motorsport,42
2025-04-10,Other,0
2025-04-10,Parlays,0
2025-04-10,Politics,0
2025-04-10,Rugby,0
2025-04-10,Soccer,448
2025-04-10,Tennis,0
2025-04-11,Baseball,0
2025-04-11,Basketball (college),0
2025-04-11,Basketball (pro),6800
2025-04-11,Combat sports,0
2025-04-11,Companies,0
2025-04-11,Crypto,0
2025-04-11,Football,0
2025-04-11,Golf,696
2025-04-11,Hockey,108
2025-04-11,Motorsport,12
2025-04-11,Other,0
2025-04-11,Parlays,0
2025-04-11,Politics,0
2025-04-11,Rugby,0
2025-04-11,Soccer,208
2025-04-11,Tennis,0
2025-04-14,Baseball,0
2025-04-14,Basketball (college),0
2025-04-14,Basketball (pro),1992
2025-04-14,Combat sports,0
2025-04-14,Companies,0
2025-04-14,Crypto,0
2025-04-14,Football,0
2025-04-14,Golf,896
2025-04-14,Hockey,320
2025-04-14,Motorsport,74
2025-04-14,Other,0
2025-04-14,Parlays,0
2025-04-14,Politics,0
2025-04-14,Rugby,0
2025-04-14,Soccer,370
2025-04-14,Tennis,0
2025-04-15,Baseball,0
2025-04-15,Basketball (college),0
2025-04-15,Basketball (pro),3204
2025-04-15,Combat sports,0
2025-04-15,Companies,0
2025-04-15,Crypto,0
2025-04-15,Football,0
2025-04-15,Golf,0
2025-04-15,Hockey,424
2025-04-15,Motorsport,94
2025-04-15,Other,0
2025-04-15,Parlays,0
2025-04-15,Politics,0
2025-04-15,Rugby,0
2025-04-15,Soccer,710
2025-04-15,Tennis,0
2025-04-16,Baseball,0
2025-04-16,Basketball (college),0
2025-04-16,Basketball (pro),7650
2025-04-16,Combat sports,0
2025-04-16,Companies,0
2025-04-16,Crypto,0
2025-04-16,Football,0
2025-04-16,Golf,0
2025-04-16,Hockey,264
2025-04-16,Motorsport,64
2025-04-16,Other,0
2025-04-16,Parlays,0
2025-04-16,Politics,0
2025-04-16,Rugby,0
2025-04-16,Soccer,812
2025-04-16,Tennis,0
2025-04-17,Baseball,0
2025-04-17,Basketball (college),0
2025-04-17,Basketball (pro),5608
2025-04-17,Combat sports,0
2025-04-17,Companies,0
2025-04-17,Crypto,0
2025-04-17,Football,0
2025-04-17,Golf,0
2025-04-17,Hockey,308
2025-04-17,Motorsport,34
2025-04-17,Other,0
2025-04-17,Parlays,0
2025-04-17,Politics,0
2025-04-17,Rugby,0
2025-04-17,Soccer,326
2025-04-17,Tennis,0
2025-04-18,Baseball,0
2025-04-18,Basketball (college),0
2025-04-18,Basketball (pro),3502
2025-04-18,Combat sports,0
2025-04-18,Companies,0
2025-04-18,Crypto,0
2025-04-18,Football,0
2025-04-18,Golf,0
2025-04-18,Hockey,514
2025-04-18,Motorsport,30
2025-04-18,Other,0
2025-04-18,Parlays,0
2025-04-18,Politics,0
2025-04-18,Rugby,0
2025-04-18,Soccer,312
2025-04-18,Tennis,0
2025-04-21,Baseball,0
2025-04-21,Basketball (college),0
2025-04-21,Basketball (pro),6748
2025-04-21,Combat sports,0
2025-04-21,Companies,0
2025-04-21,Crypto,0
2025-04-21,Football,0
2025-04-21,Golf,0
2025-04-21,Hockey,2964
2025-04-21,Motorsport,86
2025-04-21,Other,0
2025-04-21,Parlays,0
2025-04-21,Politics,0
2025-04-21,Rugby,0
2025-04-21,Soccer,436
2025-04-21,Tennis,0
2025-04-22,Baseball,0
2025-04-22,Basketball (college),0
2025-04-22,Basketball (pro),7682
2025-04-22,Combat sports,0
2025-04-22,Companies,0
2025-04-22,Crypto,0
2025-04-22,Football,0
2025-04-22,Golf,0
2025-04-22,Hockey,3154
2025-04-22,Motorsport,28
2025-04-22,Other,0
2025-04-22,Parlays,0
2025-04-22,Politics,0
2025-04-22,Rugby,0
2025-04-22,Soccer,316
2025-04-22,Tennis,0
2025-04-23,Baseball,0
2025-04-23,Basketball (college),0
2025-04-23,Basketball (pro),8610
2025-04-23,Combat sports,0
2025-04-23,Companies,0
2025-04-23,Crypto,0
2025-04-23,Football,0
2025-04-23,Golf,0
2025-04-23,Hockey,3742
2025-04-23,Motorsport,88
2025-04-23,Other,0
2025-04-23,Parlays,0
2025-04-23,Politics,0
2025-04-23,Rugby,0
2025-04-23,Soccer,202
2025-04-23,Tennis,0
2025-04-24,Baseball,0
2025-04-24,Basketball (college),0
2025-04-24,Basketball (pro),7894
2025-04-24,Combat sports,0
2025-04-24,Companies,0
2025-04-24,Crypto,0
2025-04-24,Football,0
2025-04-24,Golf,0
2025-04-24,Hockey,2574
2025-04-24,Motorsport,4
2025-04-24,Other,0
2025-04-24,Parlays,0
2025-04-24,Politics,0
2025-04-24,Rugby,0
2025-04-24,Soccer,250
2025-04-24,Tennis,0
2025-04-25,Baseball,0
2025-04-25,Basketball (college),0
2025-04-25,Basketball (pro),9768
2025-04-25,Combat sports,0
2025-04-25,Companies,0
2025-04-25,Crypto,0
2025-04-25,Football,0
2025-04-25,Golf,0
2025-04-25,Hockey,1014
2025-04-25,Motorsport,22
2025-04-25,Other,0
2025-04-25,Parlays,0
2025-04-25,Politics,0
2025-04-25,Rugby,0
2025-04-25,Soccer,204
2025-04-25,Tennis,0
2025-04-28,Baseball,0
2025-04-28,Basketball (college),0
2025-04-28,Basketball (pro),8998
2025-04-28,Combat sports,0
2025-04-28,Companies,0
2025-04-28,Crypto,0
2025-04-28,Football,0
2025-04-28,Golf,0
2025-04-28,Hockey,3382
2025-04-28,Motorsport,104
2025-04-28,Other,0
2025-04-28,Parlays,0
2025-04-28,Politics,0
2025-04-28,Rugby,0
2025-04-28,Soccer,230
2025-04-28,Tennis,0
2025-04-29,Baseball,0
2025-04-29,Basketball (college),0
2025-04-29,Basketball (pro),9016
2025-04-29,Combat sports,0
2025-04-29,Companies,0
2025-04-29,Crypto,0
2025-04-29,Football,0
2025-04-29,Golf,0
2025-04-29,Hockey,3410
2025-04-29,Motorsport,30
2025-04-29,Other,0
2025-04-29,Parlays,0
2025-04-29,Politics,0
2025-04-29,Rugby,0
2025-04-29,Soccer,898
2025-04-29,Tennis,0
2025-04-30,Baseball,0
2025-04-30,Basketball (college),0
2025-04-30,Basketball (pro),10354
2025-04-30,Combat sports,0
2025-04-30,Companies,0
2025-04-30,Crypto,0
2025-04-30,Football,0
2025-04-30,Golf,0
2025-04-30,Hockey,3268
2025-04-30,Motorsport,26
2025-04-30,Other,0
2025-04-30,Parlays,0
2025-04-30,Politics,0
2025-04-30,Rugby,0
2025-04-30,Soccer,670
2025-04-30,Tennis,0
2025-05-01,Baseball,0
2025-05-01,Basketball (college),0
2025-05-01,Basketball (pro),13554
2025-05-01,Combat sports,0
2025-05-01,Companies,0
2025-05-01,Crypto,0
2025-05-01,Football,0
2025-05-01,Golf,0
2025-05-01,Hockey,2580
2025-05-01,Motorsport,32
2025-05-01,Other,0
2025-05-01,Parlays,0
2025-05-01,Politics,0
2025-05-01,Rugby,0
2025-05-01,Soccer,238
2025-05-01,Tennis,0
2025-05-02,Baseball,0
2025-05-02,Basketball (college),0
2025-05-02,Basketball (pro),8468
2025-05-02,Combat sports,0
2025-05-02,Companies,0
2025-05-02,Crypto,0
2025-05-02,Football,0
2025-05-02,Golf,0
2025-05-02,Hockey,2796
2025-05-02,Motorsport,156
2025-05-02,Other,0
2025-05-02,Parlays,0
2025-05-02,Politics,0
2025-05-02,Rugby,0
2025-05-02,Soccer,214
2025-05-02,Tennis,0
2025-05-05,Baseball,0
2025-05-05,Basketball (college),0
2025-05-05,Basketball (pro),15284
2025-05-05,Combat sports,0
2025-05-05,Companies,0
2025-05-05,Crypto,0
2025-05-05,Football,0
2025-05-05,Golf,0
2025-05-05,Hockey,3218
2025-05-05,Motorsport,112
2025-05-05,Other,0
2025-05-05,Parlays,0
2025-05-05,Politics,0
2025-05-05,Rugby,0
2025-05-05,Soccer,310
2025-05-05,Tennis,0
2025-05-06,Baseball,0
2025-05-06,Basketball (college),0
2025-05-06,Basketball (pro),14052
2025-05-06,Combat sports,0
2025-05-06,Companies,0
2025-05-06,Crypto,0
2025-05-06,Football,0
2025-05-06,Golf,0
2025-05-06,Hockey,2060
2025-05-06,Motorsport,26
2025-05-06,Other,0
2025-05-06,Parlays,0
2025-05-06,Politics,0
2025-05-06,Rugby,0
2025-05-06,Soccer,1010
2025-05-06,Tennis,0
2025-05-07,Baseball,0
2025-05-07,Basketball (college),0
2025-05-07,Basketball (pro),18284
2025-05-07,Combat sports,0
2025-05-07,Companies,0
2025-05-07,Crypto,0
2025-05-07,Football,0
2025-05-07,Golf,0
2025-05-07,Hockey,3184
2025-05-07,Motorsport,46
2025-05-07,Other,0
2025-05-07,Parlays,0
2025-05-07,Politics,0
2025-05-07,Rugby,0
2025-05-07,Soccer,1098
2025-05-07,Tennis,0
2025-05-08,Baseball,0
2025-05-08,Basketball (college),0
2025-05-08,Basketball (pro),15902
2025-05-08,Combat sports,0
2025-05-08,Companies,0
2025-05-08,Crypto,0
2025-05-08,Football,0
2025-05-08,Golf,0
2025-05-08,Hockey,4736
2025-05-08,Motorsport,64
2025-05-08,Other,0
2025-05-08,Parlays,0
2025-05-08,Politics,0
2025-05-08,Rugby,0
2025-05-08,Soccer,216
2025-05-08,Tennis,0
2025-05-09,Baseball,0
2025-05-09,Basketball (college),0
2025-05-09,Basketball (pro),9978
2025-05-09,Combat sports,0
2025-05-09,Companies,0
2025-05-09,Crypto,0
2025-05-09,Football,0
2025-05-09,Golf,0
2025-05-09,Hockey,4464
2025-05-09,Motorsport,48
2025-05-09,Other,0
2025-05-09,Parlays,0
2025-05-09,Politics,0
2025-05-09,Rugby,0
2025-05-09,Soccer,190
2025-05-09,Tennis,0
2025-05-12,Baseball,0
2025-05-12,Basketball (college),0
2025-05-12,Basketball (pro),11888
2025-05-12,Combat sports,0
2025-05-12,Companies,0
2025-05-12,Crypto,0
2025-05-12,Football,0
2025-05-12,Golf,0
2025-05-12,Hockey,3154
2025-05-12,Motorsport,214
2025-05-12,Other,0
2025-05-12,Parlays,0
2025-05-12,Politics,14
2025-05-12,Rugby,0
2025-05-12,Soccer,86
2025-05-12,Tennis,0
2025-05-13,Baseball,0
2025-05-13,Basketball (college),0
2025-05-13,Basketball (pro),53366
2025-05-13,Combat sports,0
2025-05-13,Companies,0
2025-05-13,Crypto,0
2025-05-13,Football,0
2025-05-13,Golf,0
2025-05-13,Hockey,3466
2025-05-13,Motorsport,44
2025-05-13,Other,0
2025-05-13,Parlays,0
2025-05-13,Politics,2944
2025-05-13,Rugby,0
2025-05-13,Soccer,70
2025-05-13,Tennis,0
2025-05-14,Baseball,0
2025-05-14,Basketball (college),0
2025-05-14,Basketball (pro),183064
2025-05-14,Combat sports,0
2025-05-14,Companies,0
2025-05-14,Crypto,0
2025-05-14,Football,0
2025-05-14,Golf,2346
2025-05-14,Hockey,8184
2025-05-14,Motorsport,88
2025-05-14,Other,0
2025-05-14,Parlays,0
2025-05-14,Politics,4078
2025-05-14,Rugby,0
2025-05-14,Soccer,98
2025-05-14,Tennis,0
2025-05-15,Baseball,0
2025-05-15,Basketball (college),0
2025-05-15,Basketball (pro),113596
2025-05-15,Combat sports,0
2025-05-15,Companies,0
2025-05-15,Crypto,0
2025-05-15,Football,0
2025-05-15,Golf,14366
2025-05-15,Hockey,29632
2025-05-15,Motorsport,152
2025-05-15,Other,0
2025-05-15,Parlays,0
2025-05-15,Politics,3508
2025-05-15,Rugby,0
2025-05-15,Soccer,168
2025-05-15,Tennis,0
2025-05-16,Baseball,0
2025-05-16,Basketball (college),0
2025-05-16,Basketball (pro),86234
2025-05-16,Combat sports,0
2025-05-16,Companies,0
2025-05-16,Crypto,0
2025-05-16,Football,0
2025-05-16,Golf,5574
2025-05-16,Hockey,22070
2025-05-16,Motorsport,242
2025-05-16,Other,0
2025-05-16,Parlays,0
2025-05-16,Politics,1414
2025-05-16,Rugby,0
2025-05-16,Soccer,108
2025-05-16,Tennis,0
2025-05-19,Baseball,0
2025-05-19,Basketball (college),0
2025-05-19,Basketball (pro),9248
2025-05-19,Combat sports,0
2025-05-19,Companies,0
2025-05-19,Crypto,0
2025-05-19,Football,0
2025-05-19,Golf,1652
2025-05-19,Hockey,23836
2025-05-19,Motorsport,32
2025-05-19,Other,0
2025-05-19,Parlays,0
2025-05-19,Politics,888
2025-05-19,Rugby,0
2025-05-19,Soccer,258
2025-05-19,Tennis,720
2025-05-20,Baseball,0
2025-05-20,Basketball (college),0
2025-05-20,Basketball (pro),28244
2025-05-20,Combat sports,0
2025-05-20,Companies,0
2025-05-20,Crypto,0
2025-05-20,Football,0
2025-05-20,Golf,0
2025-05-20,Hockey,5746
2025-05-20,Motorsport,38
2025-05-20,Other,0
2025-05-20,Parlays,0
2025-05-20,Politics,2122
2025-05-20,Rugby,0
2025-05-20,Soccer,188
2025-05-20,Tennis,634
2025-05-21,Baseball,0
2025-05-21,Basketball (college),0
2025-05-21,Basketball (pro),71592
2025-05-21,Combat sports,0
2025-05-21,Companies,0
2025-05-21,Crypto,0
2025-05-21,Football,0
2025-05-21,Golf,0
2025-05-21,Hockey,20056
2025-05-21,Motorsport,106
2025-05-21,Other,0
2025-05-21,Parlays,0
2025-05-21,Politics,3040
2025-05-21,Rugby,0
2025-05-21,Soccer,1404
2025-05-21,Tennis,712
2025-05-22,Baseball,0
2025-05-22,Basketball (college),0
2025-05-22,Basketball (pro),76192
2025-05-22,Combat sports,0
2025-05-22,Companies,0
2025-05-22,Crypto,0
2025-05-22,Football,0
2025-05-22,Golf,0
2025-05-22,Hockey,22732
2025-05-22,Motorsport,266
2025-05-22,Other,0
2025-05-22,Parlays,0
2025-05-22,Politics,2438
2025-05-22,Rugby,0
2025-05-22,Soccer,204
2025-05-22,Tennis,1076
2025-05-23,Baseball,0
2025-05-23,Basketball (college),0
2025-05-23,Basketball (pro),82666
2025-05-23,Combat sports,0
2025-05-23,Companies,0
2025-05-23,Crypto,0
2025-05-23,Football,0
2025-05-23,Golf,0
2025-05-23,Hockey,15948
2025-05-23,Motorsport,450
2025-05-23,Other,0
2025-05-23,Parlays,0
2025-05-23,Politics,1910
2025-05-23,Rugby,0
2025-05-23,Soccer,96
2025-05-23,Tennis,346
2025-05-26,Baseball,0
2025-05-26,Basketball (college),0
2025-05-26,Basketball (pro),96186
2025-05-26,Combat sports,0
2025-05-26,Companies,0
2025-05-26,Crypto,0
2025-05-26,Football,0
2025-05-26,Golf,0
2025-05-26,Hockey,11342
2025-05-26,Motorsport,36
2025-05-26,Other,0
2025-05-26,Parlays,0
2025-05-26,Politics,1374
2025-05-26,Rugby,0
2025-05-26,Soccer,108
2025-05-26,Tennis,1256
2025-05-27,Baseball,0
2025-05-27,Basketball (college),0
2025-05-27,Basketball (pro),74010
2025-05-27,Combat sports,0
2025-05-27,Companies,0
2025-05-27,Crypto,0
2025-05-27,Football,0
2025-05-27,Golf,0
2025-05-27,Hockey,20834
2025-05-27,Motorsport,26
2025-05-27,Other,0
2025-05-27,Parlays,0
2025-05-27,Politics,4144
2025-05-27,Rugby,0
2025-05-27,Soccer,88
2025-05-27,Tennis,8034
2025-05-28,Baseball,0
2025-05-28,Basketball (college),0
2025-05-28,Basketball (pro),96356
2025-05-28,Combat sports,0
2025-05-28,Companies,0
2025-05-28,Crypto,0
2025-05-28,Football,0
2025-05-28,Golf,132
2025-05-28,Hockey,19280
2025-05-28,Motorsport,12
2025-05-28,Other,0
2025-05-28,Parlays,0
2025-05-28,Politics,2252
2025-05-28,Rugby,0
2025-05-28,Soccer,58
2025-05-28,Tennis,2052
2025-05-29,Baseball,1586
2025-05-29,Basketball (college),0
2025-05-29,Basketball (pro),83766
2025-05-29,Combat sports,0
2025-05-29,Companies,0
2025-05-29,Crypto,0
2025-05-29,Football,0
2025-05-29,Golf,346
2025-05-29,Hockey,31716
2025-05-29,Motorsport,628
2025-05-29,Other,0
2025-05-29,Parlays,0
2025-05-29,Politics,2654
2025-05-29,Rugby,0
2025-05-29,Soccer,416
2025-05-29,Tennis,902
2025-05-30,Baseball,1704
2025-05-30,Basketball (college),0
2025-05-30,Basketball (pro),60612
2025-05-30,Combat sports,0
2025-05-30,Companies,0
2025-05-30,Crypto,0
2025-05-30,Football,0
2025-05-30,Golf,754
2025-05-30,Hockey,12160
2025-05-30,Motorsport,328
2025-05-30,Other,0
2025-05-30,Parlays,0
2025-05-30,Politics,2650
2025-05-30,Rugby,0
2025-05-30,Soccer,362
2025-05-30,Tennis,1478
2025-06-02,Baseball,1140
2025-06-02,Basketball (college),0
2025-06-02,Basketball (pro),1914
2025-06-02,Combat sports,0
2025-06-02,Companies,0
2025-06-02,Crypto,0
2025-06-02,Football,0
2025-06-02,Golf,944
2025-06-02,Hockey,2116
2025-06-02,Motorsport,38
2025-06-02,Other,0
2025-06-02,Parlays,0
2025-06-02,Politics,7198
2025-06-02,Rugby,0
2025-06-02,Soccer,0
2025-06-02,Tennis,2024
2025-06-03,Baseball,1808
2025-06-03,Basketball (college),0
2025-06-03,Basketball (pro),9206
2025-06-03,Combat sports,0
2025-06-03,Companies,0
2025-06-03,Crypto,0
2025-06-03,Football,0
2025-06-03,Golf,1044
2025-06-03,Hockey,8532
2025-06-03,Motorsport,26
2025-06-03,Other,0
2025-06-03,Parlays,0
2025-06-03,Politics,8306
2025-06-03,Rugby,0
2025-06-03,Soccer,0
2025-06-03,Tennis,2248
2025-06-04,Baseball,682
2025-06-04,Basketball (college),0
2025-06-04,Basketball (pro),13286
2025-06-04,Combat sports,0
2025-06-04,Companies,0
2025-06-04,Crypto,0
2025-06-04,Football,0
2025-06-04,Golf,526
2025-06-04,Hockey,12020
2025-06-04,Motorsport,60
2025-06-04,Other,0
2025-06-04,Parlays,0
2025-06-04,Politics,9144
2025-06-04,Rugby,0
2025-06-04,Soccer,0
2025-06-04,Tennis,1572
2025-06-05,Baseball,704
2025-06-05,Basketball (college),0
2025-06-05,Basketball (pro),27134
2025-06-05,Combat sports,0
2025-06-05,Companies,0
2025-06-05,Crypto,0
2025-06-05,Football,0
2025-06-05,Golf,596
2025-06-05,Hockey,24172
2025-06-05,Motorsport,18
2025-06-05,Other,0
2025-06-05,Parlays,0
2025-06-05,Politics,7488
2025-06-05,Rugby,0
2025-06-05,Soccer,0
2025-06-05,Tennis,6872
2025-06-06,Baseball,1044
2025-06-06,Basketball (college),0
2025-06-06,Basketball (pro),70522
2025-06-06,Combat sports,0
2025-06-06,Companies,0
2025-06-06,Crypto,0
2025-06-06,Football,0
2025-06-06,Golf,664
2025-06-06,Hockey,11692
2025-06-06,Motorsport,40
2025-06-06,Other,0
2025-06-06,Parlays,0
2025-06-06,Politics,11140
2025-06-06,Rugby,0
2025-06-06,Soccer,0
2025-06-06,Tennis,3576
2025-06-09,Baseball,756
2025-06-09,Basketball (college),0
2025-06-09,Basketball (pro),71914
2025-06-09,Combat sports,0
2025-06-09,Companies,0
2025-06-09,Crypto,0
2025-06-09,Football,0
2025-06-09,Golf,1570
2025-06-09,Hockey,11062
2025-06-09,Motorsport,144
2025-06-09,Other,0
2025-06-09,Parlays,0
2025-06-09,Politics,13372
2025-06-09,Rugby,0
2025-06-09,Soccer,0
2025-06-09,Tennis,0
2025-06-10,Baseball,738
2025-06-10,Basketball (college),0
2025-06-10,Basketball (pro),23430
2025-06-10,Combat sports,0
2025-06-10,Companies,0
2025-06-10,Crypto,0
2025-06-10,Football,0
2025-06-10,Golf,3658
2025-06-10,Hockey,20670
2025-06-10,Motorsport,72
2025-06-10,Other,0
2025-06-10,Parlays,0
2025-06-10,Politics,10180
2025-06-10,Rugby,0
2025-06-10,Soccer,0
2025-06-10,Tennis,0
2025-06-11,Baseball,1318
2025-06-11,Basketball (college),0
2025-06-11,Basketball (pro),19236
2025-06-11,Combat sports,0
2025-06-11,Companies,0
2025-06-11,Crypto,0
2025-06-11,Football,0
2025-06-11,Golf,4442
2025-06-11,Hockey,3310
2025-06-11,Motorsport,34
2025-06-11,Other,0
2025-06-11,Parlays,0
2025-06-11,Politics,9930
2025-06-11,Rugby,0
2025-06-11,Soccer,0
2025-06-11,Tennis,0
2025-06-12,Baseball,1320
2025-06-12,Basketball (college),0
2025-06-12,Basketball (pro),70848
2025-06-12,Combat sports,0
2025-06-12,Companies,0
2025-06-12,Crypto,0
2025-06-12,Football,0
2025-06-12,Golf,9226
2025-06-12,Hockey,12558
2025-06-12,Motorsport,106
2025-06-12,Other,0
2025-06-12,Parlays,0
2025-06-12,Politics,18060
2025-06-12,Rugby,0
2025-06-12,Soccer,0
2025-06-12,Tennis,0
2025-06-13,Baseball,818
2025-06-13,Basketball (college),0
2025-06-13,Basketball (pro),31062
2025-06-13,Combat sports,0
2025-06-13,Companies,0
2025-06-13,Crypto,0
2025-06-13,Football,0
2025-06-13,Golf,7756
2025-06-13,Hockey,33770
2025-06-13,Motorsport,388
2025-06-13,Other,0
2025-06-13,Parlays,0
2025-06-13,Politics,16408
2025-06-13,Rugby,0
2025-06-13,Soccer,0
2025-06-13,Tennis,0
2025-06-16,Baseball,1820
2025-06-16,Basketball (college),0
2025-06-16,Basketball (pro),36702
2025-06-16,Combat sports,0
2025-06-16,Companies,0
2025-06-16,Crypto,0
2025-06-16,Football,0
2025-06-16,Golf,4598
2025-06-16,Hockey,1988
2025-06-16,Motorsport,8
2025-06-16,Other,0
2025-06-16,Parlays,0
2025-06-16,Politics,13878
2025-06-16,Rugby,0
2025-06-16,Soccer,0
2025-06-16,Tennis,0
2025-06-17,Baseball,1508
2025-06-17,Basketball (college),0
2025-06-17,Basketball (pro),71736
2025-06-17,Combat sports,0
2025-06-17,Companies,0
2025-06-17,Crypto,0
2025-06-17,Football,0
2025-06-17,Golf,0
2025-06-17,Hockey,14362
2025-06-17,Motorsport,0
2025-06-17,Other,0
2025-06-17,Parlays,0
2025-06-17,Politics,36390
2025-06-17,Rugby,0
2025-06-17,Soccer,910
2025-06-17,Tennis,0
2025-06-18,Baseball,1174
2025-06-18,Basketball (college),0
2025-06-18,Basketball (pro),16056
2025-06-18,Combat sports,0
2025-06-18,Companies,0
2025-06-18,Crypto,0
2025-06-18,Football,0
2025-06-18,Golf,0
2025-06-18,Hockey,22104
2025-06-18,Motorsport,28
2025-06-18,Other,0
2025-06-18,Parlays,0
2025-06-18,Politics,51710
2025-06-18,Rugby,0
2025-06-18,Soccer,4178
2025-06-18,Tennis,0
2025-06-19,Baseball,766
2025-06-19,Basketball (college),0
2025-06-19,Basketball (pro),35946
2025-06-19,Combat sports,0
2025-06-19,Companies,0
2025-06-19,Crypto,0
2025-06-19,Football,0
2025-06-19,Golf,0
2025-06-19,Hockey,0
2025-06-19,Motorsport,12
2025-06-19,Other,0
2025-06-19,Parlays,0
2025-06-19,Politics,1064
2025-06-19,Rugby,0
2025-06-19,Soccer,2244
2025-06-19,Tennis,0
2025-06-20,Baseball,1474
2025-06-20,Basketball (college),0
2025-06-20,Basketball (pro),71544
2025-06-20,Combat sports,0
2025-06-20,Companies,0
2025-06-20,Crypto,0
2025-06-20,Football,0
2025-06-20,Golf,0
2025-06-20,Hockey,0
2025-06-20,Motorsport,2
2025-06-20,Other,0
2025-06-20,Parlays,0
2025-06-20,Politics,1634
2025-06-20,Rugby,0
2025-06-20,Soccer,3000
2025-06-20,Tennis,0
2025-06-23,Baseball,2156
2025-06-23,Basketball (college),0
2025-06-23,Basketball (pro),14094
2025-06-23,Combat sports,0
2025-06-23,Companies,0
2025-06-23,Crypto,0
2025-06-23,Football,0
2025-06-23,Golf,0
2025-06-23,Hockey,0
2025-06-23,Motorsport,66
2025-06-23,Other,0
2025-06-23,Parlays,0
2025-06-23,Politics,2372
2025-06-23,Rugby,0
2025-06-23,Soccer,2224
2025-06-23,Tennis,0
2025-06-24,Baseball,2038
2025-06-24,Basketball (college),0
2025-06-24,Basketball (pro),0
2025-06-24,Combat sports,0
2025-06-24,Companies,0
2025-06-24,Crypto,0
2025-06-24,Football,0
2025-06-24,Golf,0
2025-06-24,Hockey,0
2025-06-24,Motorsport,470
2025-06-24,Other,0
2025-06-24,Parlays,0
2025-06-24,Politics,2708
2025-06-24,Rugby,0
2025-06-24,Soccer,3300
2025-06-24,Tennis,0
2025-06-25,Baseball,2624
2025-06-25,Basketball (college),0
2025-06-25,Basketball (pro),0
2025-06-25,Combat sports,0
2025-06-25,Companies,0
2025-06-25,Crypto,0
2025-06-25,Football,0
2025-06-25,Golf,0
2025-06-25,Hockey,0
2025-06-25,Motorsport,302
2025-06-25,Other,0
2025-06-25,Parlays,0
2025-06-25,Politics,4378
2025-06-25,Rugby,0
2025-06-25,Soccer,3062
2025-06-25,Tennis,0
2025-06-26,Baseball,2300
2025-06-26,Basketball (college),0
2025-06-26,Basketball (pro),0
2025-06-26,Combat sports,0
2025-06-26,Companies,0
2025-06-26,Crypto,0
2025-06-26,Football,0
2025-06-26,Golf,0
2025-06-26,Hockey,0
2025-06-26,Motorsport,20
2025-06-26,Other,0
2025-06-26,Parlays,0
2025-06-26,Politics,3548
2025-06-26,Rugby,0
2025-06-26,Soccer,7748
2025-06-26,Tennis,0
2025-06-27,Baseball,3260
2025-06-27,Basketball (college),0
2025-06-27,Basketball (pro),0
2025-06-27,Combat sports,0
2025-06-27,Companies,0
2025-06-27,Crypto,0
2025-06-27,Football,0
2025-06-27,Golf,0
2025-06-27,Hockey,0
2025-06-27,Motorsport,616
2025-06-27,Other,0
2025-06-27,Parlays,0
2025-06-27,Politics,3032
2025-06-27,Rugby,0
2025-06-27,Soccer,6886
2025-06-27,Tennis,1168
2025-06-30,Baseball,16972
2025-06-30,Basketball (college),0
2025-06-30,Basketball (pro),0
2025-06-30,Combat sports,0
2025-06-30,Companies,0
2025-06-30,Crypto,0
2025-06-30,Football,0
2025-06-30,Golf,0
2025-06-30,Hockey,0
2025-06-30,Motorsport,2
2025-06-30,Other,0
2025-06-30,Parlays,0
2025-06-30,Politics,1446
2025-06-30,Rugby,0
2025-06-30,Soccer,23352
2025-06-30,Tennis,14708
2025-07-01,Baseball,36268
2025-07-01,Basketball (college),0
2025-07-01,Basketball (pro),0
2025-07-01,Combat sports,0
2025-07-01,Companies,0
2025-07-01,Crypto,0
2025-07-01,Football,0
2025-07-01,Golf,0
2025-07-01,Hockey,0
2025-07-01,Motorsport,70
2025-07-01,Other,0
2025-07-01,Parlays,0
2025-07-01,Politics,1580
2025-07-01,Rugby,0
2025-07-01,Soccer,30252
2025-07-01,Tennis,4590
2025-07-02,Baseball,49406
2025-07-02,Basketball (college),0
2025-07-02,Basketball (pro),0
2025-07-02,Combat sports,0
2025-07-02,Companies,0
2025-07-02,Crypto,0
2025-07-02,Football,0
2025-07-02,Golf,2280
2025-07-02,Hockey,0
2025-07-02,Motorsport,348
2025-07-02,Other,9464
2025-07-02,Parlays,0
2025-07-02,Politics,3130
2025-07-02,Rugby,0
2025-07-02,Soccer,13892
2025-07-02,Tennis,2090
2025-07-03,Baseball,51574
2025-07-03,Basketball (college),0
2025-07-03,Basketball (pro),0
2025-07-03,Combat sports,0
2025-07-03,Companies,0
2025-07-03,Crypto,0
2025-07-03,Football,0
2025-07-03,Golf,952
2025-07-03,Hockey,0
2025-07-03,Motorsport,576
2025-07-03,Other,9970
2025-07-03,Parlays,0
2025-07-03,Politics,8856
2025-07-03,Rugby,0
2025-07-03,Soccer,6346
2025-07-03,Tennis,2732
2025-07-04,Baseball,36130
2025-07-04,Basketball (college),0
2025-07-04,Basketball (pro),0
2025-07-04,Combat sports,0
2025-07-04,Companies,0
2025-07-04,Crypto,0
2025-07-04,Football,0
2025-07-04,Golf,972
2025-07-04,Hockey,0
2025-07-04,Motorsport,342
2025-07-04,Other,1318
2025-07-04,Parlays,0
2025-07-04,Politics,7208
2025-07-04,Rugby,0
2025-07-04,Soccer,25128
2025-07-04,Tennis,2180
2025-07-07,Baseball,25974
2025-07-07,Basketball (college),0
2025-07-07,Basketball (pro),0
2025-07-07,Combat sports,0
2025-07-07,Companies,0
2025-07-07,Crypto,0
2025-07-07,Football,0
2025-07-07,Golf,550
2025-07-07,Hockey,0
2025-07-07,Motorsport,64
2025-07-07,Other,16810
2025-07-07,Parlays,0
2025-07-07,Politics,3656
2025-07-07,Rugby,0
2025-07-07,Soccer,16428
2025-07-07,Tennis,4870
2025-07-08,Baseball,45638
2025-07-08,Basketball (college),0
2025-07-08,Basketball (pro),0
2025-07-08,Combat sports,0
2025-07-08,Companies,0
2025-07-08,Crypto,0
2025-07-08,Football,0
2025-07-08,Golf,0
2025-07-08,Hockey,0
2025-07-08,Motorsport,32
2025-07-08,Other,0
2025-07-08,Parlays,0
2025-07-08,Politics,2740
2025-07-08,Rugby,0
2025-07-08,Soccer,22482
2025-07-08,Tennis,4836
2025-07-09,Baseball,45312
2025-07-09,Basketball (college),0
2025-07-09,Basketball (pro),0
2025-07-09,Combat sports,0
2025-07-09,Companies,0
2025-07-09,Crypto,0
2025-07-09,Football,0
2025-07-09,Golf,1158
2025-07-09,Hockey,0
2025-07-09,Motorsport,42
2025-07-09,Other,0
2025-07-09,Parlays,0
2025-07-09,Politics,2792
2025-07-09,Rugby,0
2025-07-09,Soccer,32512
2025-07-09,Tennis,3260
2025-07-10,Baseball,19644
2025-07-10,Basketball (college),0
2025-07-10,Basketball (pro),0
2025-07-10,Combat sports,0
2025-07-10,Companies,0
2025-07-10,Crypto,0
2025-07-10,Football,0
2025-07-10,Golf,4338
2025-07-10,Hockey,0
2025-07-10,Motorsport,12
2025-07-10,Other,0
2025-07-10,Parlays,0
2025-07-10,Politics,5016
2025-07-10,Rugby,0
2025-07-10,Soccer,9578
2025-07-10,Tennis,8724
2025-07-11,Baseball,12112
2025-07-11,Basketball (college),0
2025-07-11,Basketball (pro),0
2025-07-11,Combat sports,0
2025-07-11,Companies,0
2025-07-11,Crypto,0
2025-07-11,Football,0
2025-07-11,Golf,2644
2025-07-11,Hockey,0
2025-07-11,Motorsport,68
2025-07-11,Other,0
2025-07-11,Parlays,0
2025-07-11,Politics,5336
2025-07-11,Rugby,0
2025-07-11,Soccer,5924
2025-07-11,Tennis,6930
2025-07-14,Baseball,4698
2025-07-14,Basketball (college),0
2025-07-14,Basketball (pro),0
2025-07-14,Combat sports,0
2025-07-14,Companies,0
2025-07-14,Crypto,0
2025-07-14,Football,0
2025-07-14,Golf,0
2025-07-14,Hockey,0
2025-07-14,Motorsport,160
2025-07-14,Other,0
2025-07-14,Parlays,0
2025-07-14,Politics,3138
2025-07-14,Rugby,0
2025-07-14,Soccer,2228
2025-07-14,Tennis,0
2025-07-15,Baseball,1350
2025-07-15,Basketball (college),0
2025-07-15,Basketball (pro),0
2025-07-15,Combat sports,0
2025-07-15,Companies,0
2025-07-15,Crypto,0
2025-07-15,Football,0
2025-07-15,Golf,3642
2025-07-15,Hockey,0
2025-07-15,Motorsport,182
2025-07-15,Other,0
2025-07-15,Parlays,0
2025-07-15,Politics,16198
2025-07-15,Rugby,0
2025-07-15,Soccer,0
2025-07-15,Tennis,0
2025-07-16,Baseball,3404
2025-07-16,Basketball (college),0
2025-07-16,Basketball (pro),0
2025-07-16,Combat sports,0
2025-07-16,Companies,0
2025-07-16,Crypto,0
2025-07-16,Football,0
2025-07-16,Golf,7926
2025-07-16,Hockey,0
2025-07-16,Motorsport,102
2025-07-16,Other,0
2025-07-16,Parlays,0
2025-07-16,Politics,15904
2025-07-16,Rugby,0
2025-07-16,Soccer,0
2025-07-16,Tennis,0
2025-07-17,Baseball,2646
2025-07-17,Basketball (college),0
2025-07-17,Basketball (pro),0
2025-07-17,Combat sports,0
2025-07-17,Companies,0
2025-07-17,Crypto,0
2025-07-17,Football,0
2025-07-17,Golf,12348
2025-07-17,Hockey,0
2025-07-17,Motorsport,90
2025-07-17,Other,0
2025-07-17,Parlays,0
2025-07-17,Politics,10898
2025-07-17,Rugby,0
2025-07-17,Soccer,0
2025-07-17,Tennis,0
2025-07-18,Baseball,16666
2025-07-18,Basketball (college),0
2025-07-18,Basketball (pro),0
2025-07-18,Combat sports,0
2025-07-18,Companies,0
2025-07-18,Crypto,0
2025-07-18,Football,0
2025-07-18,Golf,5388
2025-07-18,Hockey,0
2025-07-18,Motorsport,120
2025-07-18,Other,0
2025-07-18,Parlays,0
2025-07-18,Politics,7468
2025-07-18,Rugby,0
2025-07-18,Soccer,0
2025-07-18,Tennis,0
2025-07-21,Baseball,76002
2025-07-21,Basketball (college),0
2025-07-21,Basketball (pro),0
2025-07-21,Combat sports,0
2025-07-21,Companies,0
2025-07-21,Crypto,0
2025-07-21,Football,0
2025-07-21,Golf,0
2025-07-21,Hockey,0
2025-07-21,Motorsport,316
2025-07-21,Other,0
2025-07-21,Parlays,0
2025-07-21,Politics,6284
2025-07-21,Rugby,0
2025-07-21,Soccer,0
2025-07-21,Tennis,0
2025-07-22,Baseball,82770
2025-07-22,Basketball (college),0
2025-07-22,Basketball (pro),0
2025-07-22,Combat sports,0
2025-07-22,Companies,0
2025-07-22,Crypto,0
2025-07-22,Football,0
2025-07-22,Golf,7058
2025-07-22,Hockey,0
2025-07-22,Motorsport,70
2025-07-22,Other,0
2025-07-22,Parlays,0
2025-07-22,Politics,10670
2025-07-22,Rugby,0
2025-07-22,Soccer,0
2025-07-22,Tennis,0
2025-07-23,Baseball,108608
2025-07-23,Basketball (college),0
2025-07-23,Basketball (pro),0
2025-07-23,Combat sports,0
2025-07-23,Companies,0
2025-07-23,Crypto,0
2025-07-23,Football,0
2025-07-23,Golf,6174
2025-07-23,Hockey,0
2025-07-23,Motorsport,6
2025-07-23,Other,0
2025-07-23,Parlays,0
2025-07-23,Politics,17044
2025-07-23,Rugby,0
2025-07-23,Soccer,0
2025-07-23,Tennis,0
2025-07-24,Baseball,65170
2025-07-24,Basketball (college),0
2025-07-24,Basketball (pro),0
2025-07-24,Combat sports,0
2025-07-24,Companies,0
2025-07-24,Crypto,0
2025-07-24,Football,0
2025-07-24,Golf,10846
2025-07-24,Hockey,0
2025-07-24,Motorsport,26
2025-07-24,Other,0
2025-07-24,Parlays,0
2025-07-24,Politics,32220
2025-07-24,Rugby,0
2025-07-24,Soccer,0
2025-07-24,Tennis,0
2025-07-25,Baseball,48502
2025-07-25,Basketball (college),0
2025-07-25,Basketball (pro),0
2025-07-25,Combat sports,0
2025-07-25,Companies,0
2025-07-25,Crypto,0
2025-07-25,Football,0
2025-07-25,Golf,2960
2025-07-25,Hockey,0
2025-07-25,Motorsport,1146
2025-07-25,Other,0
2025-07-25,Parlays,0
2025-07-25,Politics,10190
2025-07-25,Rugby,0
2025-07-25,Soccer,0
2025-07-25,Tennis,0
2025-07-28,Baseball,19484
2025-07-28,Basketball (college),0
2025-07-28,Basketball (pro),0
2025-07-28,Combat sports,0
2025-07-28,Companies,0
2025-07-28,Crypto,0
2025-07-28,Football,0
2025-07-28,Golf,1416
2025-07-28,Hockey,0
2025-07-28,Motorsport,56
2025-07-28,Other,0
2025-07-28,Parlays,0
2025-07-28,Politics,4588
2025-07-28,Rugby,0
2025-07-28,Soccer,0
2025-07-28,Tennis,0
2025-07-29,Baseball,41414
2025-07-29,Basketball (college),0
2025-07-29,Basketball (pro),0
2025-07-29,Combat sports,0
2025-07-29,Companies,0
2025-07-29,Crypto,0
2025-07-29,Football,0
2025-07-29,Golf,0
2025-07-29,Hockey,0
2025-07-29,Motorsport,98
2025-07-29,Other,0
2025-07-29,Parlays,0
2025-07-29,Politics,11634
2025-07-29,Rugby,0
2025-07-29,Soccer,0
2025-07-29,Tennis,0
2025-07-30,Baseball,61804
2025-07-30,Basketball (college),0
2025-07-30,Basketball (pro),0
2025-07-30,Combat sports,0
2025-07-30,Companies,0
2025-07-30,Crypto,0
2025-07-30,Football,0
2025-07-30,Golf,0
2025-07-30,Hockey,0
2025-07-30,Motorsport,52
2025-07-30,Other,0
2025-07-30,Parlays,0
2025-07-30,Politics,40944
2025-07-30,Rugby,0
2025-07-30,Soccer,0
2025-07-30,Tennis,0
2025-07-31,Baseball,16854
2025-07-31,Basketball (college),0
2025-07-31,Basketball (pro),0
2025-07-31,Combat sports,0
2025-07-31,Companies,0
2025-07-31,Crypto,0
2025-07-31,Football,0
2025-07-31,Golf,0
2025-07-31,Hockey,0
2025-07-31,Motorsport,50
2025-07-31,Other,0
2025-07-31,Parlays,0
2025-07-31,Politics,2930
2025-07-31,Rugby,0
2025-07-31,Soccer,0
2025-07-31,Tennis,0
2025-08-01,Baseball,36566
2025-08-01,Basketball (college),0
2025-08-01,Basketball (pro),0
2025-08-01,Combat sports,0
2025-08-01,Companies,0
2025-08-01,Crypto,0
2025-08-01,Football,0
2025-08-01,Golf,0
2025-08-01,Hockey,0
2025-08-01,Motorsport,96
2025-08-01,Other,0
2025-08-01,Parlays,0
2025-08-01,Politics,3274
2025-08-01,Rugby,0
2025-08-01,Soccer,0
2025-08-01,Tennis,0
2025-08-04,Baseball,9350
2025-08-04,Basketball (college),0
2025-08-04,Basketball (pro),0
2025-08-04,Combat sports,0
2025-08-04,Companies,0
2025-08-04,Crypto,0
2025-08-04,Football,0
2025-08-04,Golf,0
2025-08-04,Hockey,0
2025-08-04,Motorsport,62
2025-08-04,Other,0
2025-08-04,Parlays,0
2025-08-04,Politics,2834
2025-08-04,Rugby,0
2025-08-04,Soccer,0
2025-08-04,Tennis,0
2025-08-05,Baseball,423034
2025-08-05,Basketball (college),0
2025-08-05,Basketball (pro),0
2025-08-05,Combat sports,0
2025-08-05,Companies,0
2025-08-05,Crypto,0
2025-08-05,Football,0
2025-08-05,Golf,10294
2025-08-05,Hockey,0
2025-08-05,Motorsport,26
2025-08-05,Other,0
2025-08-05,Parlays,0
2025-08-05,Politics,1980
2025-08-05,Rugby,0
2025-08-05,Soccer,0
2025-08-05,Tennis,0
2025-08-06,Baseball,557534
2025-08-06,Basketball (college),0
2025-08-06,Basketball (pro),0
2025-08-06,Combat sports,0
2025-08-06,Companies,0
2025-08-06,Crypto,0
2025-08-06,Football,0
2025-08-06,Golf,12496
2025-08-06,Hockey,0
2025-08-06,Motorsport,26
2025-08-06,Other,0
2025-08-06,Parlays,0
2025-08-06,Politics,1430
2025-08-06,Rugby,0
2025-08-06,Soccer,0
2025-08-06,Tennis,0
2025-08-07,Baseball,448066
2025-08-07,Basketball (college),0
2025-08-07,Basketball (pro),0
2025-08-07,Combat sports,0
2025-08-07,Companies,0
2025-08-07,Crypto,0
2025-08-07,Football,0
2025-08-07,Golf,52966
2025-08-07,Hockey,0
2025-08-07,Motorsport,8
2025-08-07,Other,0
2025-08-07,Parlays,0
2025-08-07,Politics,1168
2025-08-07,Rugby,0
2025-08-07,Soccer,0
2025-08-07,Tennis,0
2025-08-08,Baseball,215000
2025-08-08,Basketball (college),0
2025-08-08,Basketball (pro),0
2025-08-08,Combat sports,0
2025-08-08,Companies,0
2025-08-08,Crypto,0
2025-08-08,Football,11594
2025-08-08,Golf,25060
2025-08-08,Hockey,0
2025-08-08,Motorsport,18
2025-08-08,Other,0
2025-08-08,Parlays,0
2025-08-08,Politics,1202
2025-08-08,Rugby,0
2025-08-08,Soccer,0
2025-08-08,Tennis,0
2025-08-11,Baseball,224196
2025-08-11,Basketball (college),0
2025-08-11,Basketball (pro),0
2025-08-11,Combat sports,0
2025-08-11,Companies,0
2025-08-11,Crypto,0
2025-08-11,Football,19086
2025-08-11,Golf,18556
2025-08-11,Hockey,0
2025-08-11,Motorsport,28
2025-08-11,Other,0
2025-08-11,Parlays,0
2025-08-11,Politics,8546
2025-08-11,Rugby,0
2025-08-11,Soccer,0
2025-08-11,Tennis,0
2025-08-12,Baseball,469860
2025-08-12,Basketball (college),0
2025-08-12,Basketball (pro),0
2025-08-12,Combat sports,0
2025-08-12,Companies,0
2025-08-12,Crypto,0
2025-08-12,Football,17292
2025-08-12,Golf,7534
2025-08-12,Hockey,0
2025-08-12,Motorsport,18
2025-08-12,Other,0
2025-08-12,Parlays,0
2025-08-12,Politics,3278
2025-08-12,Rugby,0
2025-08-12,Soccer,0
2025-08-12,Tennis,0
2025-08-13,Baseball,665978
2025-08-13,Basketball (college),0
2025-08-13,Basketball (pro),0
2025-08-13,Combat sports,0
2025-08-13,Companies,0
2025-08-13,Crypto,0
2025-08-13,Football,11764
2025-08-13,Golf,6826
2025-08-13,Hockey,0
2025-08-13,Motorsport,34
2025-08-13,Other,0
2025-08-13,Parlays,0
2025-08-13,Politics,2226
2025-08-13,Rugby,0
2025-08-13,Soccer,0
2025-08-13,Tennis,0
2025-08-14,Baseball,637636
2025-08-14,Basketball (college),0
2025-08-14,Basketball (pro),0
2025-08-14,Combat sports,0
2025-08-14,Companies,0
2025-08-14,Crypto,0
2025-08-14,Football,30500
2025-08-14,Golf,33218
2025-08-14,Hockey,0
2025-08-14,Motorsport,8
2025-08-14,Other,0
2025-08-14,Parlays,0
2025-08-14,Politics,34616
2025-08-14,Rugby,0
2025-08-14,Soccer,0
2025-08-14,Tennis,0
2025-08-15,Baseball,177834
2025-08-15,Basketball (college),0
2025-08-15,Basketball (pro),0
2025-08-15,Combat sports,0
2025-08-15,Companies,0
2025-08-15,Crypto,0
2025-08-15,Football,44478
2025-08-15,Golf,16172
2025-08-15,Hockey,0
2025-08-15,Motorsport,0
2025-08-15,Other,0
2025-08-15,Parlays,0
2025-08-15,Politics,17234
2025-08-15,Rugby,0
2025-08-15,Soccer,0
2025-08-15,Tennis,0
2025-08-18,Baseball,275420
2025-08-18,Basketball (college),0
2025-08-18,Basketball (pro),0
2025-08-18,Combat sports,0
2025-08-18,Companies,0
2025-08-18,Crypto,0
2025-08-18,Football,25630
2025-08-18,Golf,2016
2025-08-18,Hockey,0
2025-08-18,Motorsport,58
2025-08-18,Other,0
2025-08-18,Parlays,0
2025-08-18,Politics,34690
2025-08-18,Rugby,0
2025-08-18,Soccer,0
2025-08-18,Tennis,0
2025-08-19,Baseball,727160
2025-08-19,Basketball (college),0
2025-08-19,Basketball (pro),0
2025-08-19,Combat sports,0
2025-08-19,Companies,0
2025-08-19,Crypto,0
2025-08-19,Football,26024
2025-08-19,Golf,25358
2025-08-19,Hockey,0
2025-08-19,Motorsport,4
2025-08-19,Other,0
2025-08-19,Parlays,0
2025-08-19,Politics,8952
2025-08-19,Rugby,0
2025-08-19,Soccer,0
2025-08-19,Tennis,0
2025-08-20,Baseball,897480
2025-08-20,Basketball (college),0
2025-08-20,Basketball (pro),0
2025-08-20,Combat sports,0
2025-08-20,Companies,0
2025-08-20,Crypto,0
2025-08-20,Football,14236
2025-08-20,Golf,21788
2025-08-20,Hockey,0
2025-08-20,Motorsport,0
2025-08-20,Other,0
2025-08-20,Parlays,0
2025-08-20,Politics,6174
2025-08-20,Rugby,0
2025-08-20,Soccer,0
2025-08-20,Tennis,0
2025-08-21,Baseball,761402
2025-08-21,Basketball (college),0
2025-08-21,Basketball (pro),0
2025-08-21,Combat sports,0
2025-08-21,Companies,0
2025-08-21,Crypto,0
2025-08-21,Football,37274
2025-08-21,Golf,63238
2025-08-21,Hockey,0
2025-08-21,Motorsport,6
2025-08-21,Other,0
2025-08-21,Parlays,0
2025-08-21,Politics,6334
2025-08-21,Rugby,0
2025-08-21,Soccer,0
2025-08-21,Tennis,0
2025-08-22,Baseball,515148
2025-08-22,Basketball (college),0
2025-08-22,Basketball (pro),0
2025-08-22,Combat sports,24018
2025-08-22,Companies,0
2025-08-22,Crypto,0
2025-08-22,Football,55058
2025-08-22,Golf,60360
2025-08-22,Hockey,0
2025-08-22,Motorsport,26
2025-08-22,Other,0
2025-08-22,Parlays,0
2025-08-22,Politics,13000
2025-08-22,Rugby,0
2025-08-22,Soccer,0
2025-08-22,Tennis,4746
2025-08-25,Baseball,470018
2025-08-25,Basketball (college),0
2025-08-25,Basketball (pro),0
2025-08-25,Combat sports,0
2025-08-25,Companies,0
2025-08-25,Crypto,0
2025-08-25,Football,52436
2025-08-25,Golf,2962
2025-08-25,Hockey,0
2025-08-25,Motorsport,250
2025-08-25,Other,0
2025-08-25,Parlays,0
2025-08-25,Politics,4916
2025-08-25,Rugby,0
2025-08-25,Soccer,0
2025-08-25,Tennis,26418
2025-08-26,Baseball,789998
2025-08-26,Basketball (college),0
2025-08-26,Basketball (pro),0
2025-08-26,Combat sports,0
2025-08-26,Companies,0
2025-08-26,Crypto,0
2025-08-26,Football,42910
2025-08-26,Golf,2244
2025-08-26,Hockey,0
2025-08-26,Motorsport,2822
2025-08-26,Other,0
2025-08-26,Parlays,0
2025-08-26,Politics,5584
2025-08-26,Rugby,0
2025-08-26,Soccer,0
2025-08-26,Tennis,10470
2025-08-27,Baseball,1020944
2025-08-27,Basketball (college),0
2025-08-27,Basketball (pro),0
2025-08-27,Combat sports,0
2025-08-27,Companies,0
2025-08-27,Crypto,0
2025-08-27,Football,94722
2025-08-27,Golf,0
2025-08-27,Hockey,0
2025-08-27,Motorsport,1102
2025-08-27,Other,0
2025-08-27,Parlays,0
2025-08-27,Politics,10856
2025-08-27,Rugby,0
2025-08-27,Soccer,0
2025-08-27,Tennis,3708
2025-08-28,Baseball,847590
2025-08-28,Basketball (college),0
2025-08-28,Basketball (pro),0
2025-08-28,Combat sports,0
2025-08-28,Companies,0
2025-08-28,Crypto,0
2025-08-28,Football,105928
2025-08-28,Golf,840
2025-08-28,Hockey,0
2025-08-28,Motorsport,884
2025-08-28,Other,0
2025-08-28,Parlays,0
2025-08-28,Politics,10376
2025-08-28,Rugby,0
2025-08-28,Soccer,0
2025-08-28,Tennis,21358
2025-08-29,Baseball,460662
2025-08-29,Basketball (college),0
2025-08-29,Basketball (pro),0
2025-08-29,Combat sports,0
2025-08-29,Companies,0
2025-08-29,Crypto,0
2025-08-29,Football,416086
2025-08-29,Golf,2970
2025-08-29,Hockey,0
2025-08-29,Motorsport,502
2025-08-29,Other,0
2025-08-29,Parlays,0
2025-08-29,Politics,23948
2025-08-29,Rugby,0
2025-08-29,Soccer,0
2025-08-29,Tennis,30282
2025-09-01,Baseball,693788
2025-09-01,Basketball (college),0
2025-09-01,Basketball (pro),0
2025-09-01,Combat sports,0
2025-09-01,Companies,0
2025-09-01,Crypto,0
2025-09-01,Football,622720
2025-09-01,Golf,120
2025-09-01,Hockey,0
2025-09-01,Motorsport,20
2025-09-01,Other,0
2025-09-01,Parlays,0
2025-09-01,Politics,15816
2025-09-01,Rugby,0
2025-09-01,Soccer,0
2025-09-01,Tennis,45338
2025-09-02,Baseball,655890
2025-09-02,Basketball (college),0
2025-09-02,Basketball (pro),0
2025-09-02,Combat sports,0
2025-09-02,Companies,0
2025-09-02,Crypto,0
2025-09-02,Football,353580
2025-09-02,Golf,200
2025-09-02,Hockey,0
2025-09-02,Motorsport,14
2025-09-02,Other,0
2025-09-02,Parlays,0
2025-09-02,Politics,21826
2025-09-02,Rugby,0
2025-09-02,Soccer,0
2025-09-02,Tennis,100828
2025-09-03,Baseball,1168168
2025-09-03,Basketball (college),0
2025-09-03,Basketball (pro),0
2025-09-03,Combat sports,0
2025-09-03,Companies,0
2025-09-03,Crypto,0
2025-09-03,Football,303152
2025-09-03,Golf,1960
2025-09-03,Hockey,0
2025-09-03,Motorsport,3508
2025-09-03,Other,0
2025-09-03,Parlays,0
2025-09-03,Politics,14376
2025-09-03,Rugby,0
2025-09-03,Soccer,0
2025-09-03,Tennis,322102
2025-09-04,Baseball,1317022
2025-09-04,Basketball (college),0
2025-09-04,Basketball (pro),0
2025-09-04,Combat sports,0
2025-09-04,Companies,0
2025-09-04,Crypto,0
2025-09-04,Football,1313302
2025-09-04,Golf,12
2025-09-04,Hockey,0
2025-09-04,Motorsport,1024
2025-09-04,Other,0
2025-09-04,Parlays,0
2025-09-04,Politics,46656
2025-09-04,Rugby,0
2025-09-04,Soccer,0
2025-09-04,Tennis,193218
2025-09-05,Baseball,807900
2025-09-05,Basketball (college),0
2025-09-05,Basketball (pro),0
2025-09-05,Combat sports,0
2025-09-05,Companies,0
2025-09-05,Crypto,0
2025-09-05,Football,2369100
2025-09-05,Golf,10
2025-09-05,Hockey,0
2025-09-05,Motorsport,2186
2025-09-05,Other,0
2025-09-05,Parlays,0
2025-09-05,Politics,70872
2025-09-05,Rugby,0
2025-09-05,Soccer,844
2025-09-05,Tennis,269894
2025-09-08,Baseball,305990
2025-09-08,Basketball (college),0
2025-09-08,Basketball (pro),0
2025-09-08,Combat sports,0
2025-09-08,Companies,0
2025-09-08,Crypto,0
2025-09-08,Football,4165882
2025-09-08,Golf,300
2025-09-08,Hockey,0
2025-09-08,Motorsport,68
2025-09-08,Other,0
2025-09-08,Parlays,0
2025-09-08,Politics,31668
2025-09-08,Rugby,0
2025-09-08,Soccer,21818
2025-09-08,Tennis,12998
2025-09-09,Baseball,1201636
2025-09-09,Basketball (college),0
2025-09-09,Basketball (pro),0
2025-09-09,Combat sports,0
2025-09-09,Companies,0
2025-09-09,Crypto,0
2025-09-09,Football,2655780
2025-09-09,Golf,936
2025-09-09,Hockey,0
2025-09-09,Motorsport,28
2025-09-09,Other,0
2025-09-09,Parlays,0
2025-09-09,Politics,132108
2025-09-09,Rugby,0
2025-09-09,Soccer,0
2025-09-09,Tennis,0
2025-09-10,Baseball,2436744
2025-09-10,Basketball (college),0
2025-09-10,Basketball (pro),0
2025-09-10,Combat sports,0
2025-09-10,Companies,0
2025-09-10,Crypto,0
2025-09-10,Football,585726
2025-09-10,Golf,15294
2025-09-10,Hockey,0
2025-09-10,Motorsport,72
2025-09-10,Other,0
2025-09-10,Parlays,0
2025-09-10,Politics,211834
2025-09-10,Rugby,0
2025-09-10,Soccer,0
2025-09-10,Tennis,0
2025-09-11,Baseball,2430778
2025-09-11,Basketball (college),0
2025-09-11,Basketball (pro),0
2025-09-11,Combat sports,0
2025-09-11,Companies,0
2025-09-11,Crypto,0
2025-09-11,Football,1091920
2025-09-11,Golf,6330
2025-09-11,Hockey,0
2025-09-11,Motorsport,6
2025-09-11,Other,0
2025-09-11,Parlays,0
2025-09-11,Politics,105004
2025-09-11,Rugby,0
2025-09-11,Soccer,0
2025-09-11,Tennis,0
2025-09-12,Baseball,1395548
2025-09-12,Basketball (college),0
2025-09-12,Basketball (pro),0
2025-09-12,Combat sports,0
2025-09-12,Companies,0
2025-09-12,Crypto,0
2025-09-12,Football,2932156
2025-09-12,Golf,10586
2025-09-12,Hockey,0
2025-09-12,Motorsport,22
2025-09-12,Other,0
2025-09-12,Parlays,0
2025-09-12,Politics,5508
2025-09-12,Rugby,0
2025-09-12,Soccer,10028
2025-09-12,Tennis,0
2025-09-15,Baseball,577358
2025-09-15,Basketball (college),0
2025-09-15,Basketball (pro),0
2025-09-15,Combat sports,0
2025-09-15,Companies,0
2025-09-15,Crypto,0
2025-09-15,Football,5893170
2025-09-15,Golf,6020
2025-09-15,Hockey,0
2025-09-15,Motorsport,42
2025-09-15,Other,0
2025-09-15,Parlays,0
2025-09-15,Politics,3556
2025-09-15,Rugby,0
2025-09-15,Soccer,7574
2025-09-15,Tennis,0
2025-09-16,Baseball,1845436
2025-09-16,Basketball (college),0
2025-09-16,Basketball (pro),0
2025-09-16,Combat sports,0
2025-09-16,Companies,0
2025-09-16,Crypto,0
2025-09-16,Football,4745768
2025-09-16,Golf,898
2025-09-16,Hockey,0
2025-09-16,Motorsport,102
2025-09-16,Other,0
2025-09-16,Parlays,0
2025-09-16,Politics,6810
2025-09-16,Rugby,0
2025-09-16,Soccer,25664
2025-09-16,Tennis,0
2025-09-17,Baseball,4727000
2025-09-17,Basketball (college),0
2025-09-17,Basketball (pro),0
2025-09-17,Combat sports,0
2025-09-17,Companies,0
2025-09-17,Crypto,0
2025-09-17,Football,890316
2025-09-17,Golf,1044
2025-09-17,Hockey,0
2025-09-17,Motorsport,366
2025-09-17,Other,0
2025-09-17,Parlays,0
2025-09-17,Politics,20474
2025-09-17,Rugby,0
2025-09-17,Soccer,38214
2025-09-17,Tennis,0
2025-09-18,Baseball,5247396
2025-09-18,Basketball (college),0
2025-09-18,Basketball (pro),0
2025-09-18,Combat sports,0
2025-09-18,Companies,0
2025-09-18,Crypto,0
2025-09-18,Football,1992694
2025-09-18,Golf,1060
2025-09-18,Hockey,0
2025-09-18,Motorsport,2088
2025-09-18,Other,0
2025-09-18,Parlays,0
2025-09-18,Politics,2342
2025-09-18,Rugby,0
2025-09-18,Soccer,33726
2025-09-18,Tennis,0
2025-09-19,Baseball,2772718
2025-09-19,Basketball (college),0
2025-09-19,Basketball (pro),0
2025-09-19,Combat sports,0
2025-09-19,Companies,0
2025-09-19,Crypto,0
2025-09-19,Football,5090306
2025-09-19,Golf,258
2025-09-19,Hockey,0
2025-09-19,Motorsport,4698
2025-09-19,Other,0
2025-09-19,Parlays,0
2025-09-19,Politics,4794
2025-09-19,Rugby,0
2025-09-19,Soccer,21436
2025-09-19,Tennis,0
2025-09-22,Baseball,1052620
2025-09-22,Basketball (college),0
2025-09-22,Basketball (pro),0
2025-09-22,Combat sports,0
2025-09-22,Companies,0
2025-09-22,Crypto,0
2025-09-22,Football,8649920
2025-09-22,Golf,418
2025-09-22,Hockey,0
2025-09-22,Motorsport,194
2025-09-22,Other,0
2025-09-22,Parlays,0
2025-09-22,Politics,2490
2025-09-22,Rugby,0
2025-09-22,Soccer,82408
2025-09-22,Tennis,0
2025-09-23,Baseball,2312780
2025-09-23,Basketball (college),0
2025-09-23,Basketball (pro),0
2025-09-23,Combat sports,0
2025-09-23,Companies,0
2025-09-23,Crypto,0
2025-09-23,Football,4842858
2025-09-23,Golf,12916
2025-09-23,Hockey,0
2025-09-23,Motorsport,106
2025-09-23,Other,0
2025-09-23,Parlays,0
2025-09-23,Politics,3270
2025-09-23,Rugby,0
2025-09-23,Soccer,4076
2025-09-23,Tennis,0
2025-09-24,Baseball,5442230
2025-09-24,Basketball (college),0
2025-09-24,Basketball (pro),0
2025-09-24,Combat sports,0
2025-09-24,Companies,0
2025-09-24,Crypto,0
2025-09-24,Football,772346
2025-09-24,Golf,36254
2025-09-24,Hockey,0
2025-09-24,Motorsport,16
2025-09-24,Other,0
2025-09-24,Parlays,0
2025-09-24,Politics,4262
2025-09-24,Rugby,0
2025-09-24,Soccer,25396
2025-09-24,Tennis,0
2025-09-25,Baseball,5852800
2025-09-25,Basketball (college),0
2025-09-25,Basketball (pro),0
2025-09-25,Combat sports,0
2025-09-25,Companies,0
2025-09-25,Crypto,0
2025-09-25,Football,1918542
2025-09-25,Golf,76822
2025-09-25,Hockey,0
2025-09-25,Motorsport,46
2025-09-25,Other,0
2025-09-25,Parlays,0
2025-09-25,Politics,15832
2025-09-25,Rugby,0
2025-09-25,Soccer,91012
2025-09-25,Tennis,0
2025-09-26,Baseball,2371016
2025-09-26,Basketball (college),0
2025-09-26,Basketball (pro),0
2025-09-26,Combat sports,0
2025-09-26,Companies,0
2025-09-26,Crypto,0
2025-09-26,Football,5503288
2025-09-26,Golf,467028
2025-09-26,Hockey,0
2025-09-26,Motorsport,174
2025-09-26,Other,0
2025-09-26,Parlays,0
2025-09-26,Politics,5730
2025-09-26,Rugby,0
2025-09-26,Soccer,22630
2025-09-26,Tennis,0
2025-09-29,Baseball,236954
2025-09-29,Basketball (college),0
2025-09-29,Basketball (pro),606
2025-09-29,Combat sports,0
2025-09-29,Companies,0
2025-09-29,Crypto,0
2025-09-29,Football,11776642
2025-09-29,Golf,10770
2025-09-29,Hockey,0
2025-09-29,Motorsport,68
2025-09-29,Other,0
2025-09-29,Parlays,0
2025-09-29,Politics,8752
2025-09-29,Rugby,0
2025-09-29,Soccer,130956
2025-09-29,Tennis,0
2025-09-30,Baseball,3225226
2025-09-30,Basketball (college),0
2025-09-30,Basketball (pro),1152
2025-09-30,Combat sports,0
2025-09-30,Companies,0
2025-09-30,Crypto,0
2025-09-30,Football,5004542
2025-09-30,Golf,330
2025-09-30,Hockey,200
2025-09-30,Motorsport,3706
2025-09-30,Other,0
2025-09-30,Parlays,0
2025-09-30,Politics,8128
2025-09-30,Rugby,0
2025-09-30,Soccer,118592
2025-09-30,Tennis,0
2025-10-01,Baseball,5988482
2025-10-01,Basketball (college),0
2025-10-01,Basketball (pro),3518
2025-10-01,Combat sports,0
2025-10-01,Companies,0
2025-10-01,Crypto,0
2025-10-01,Football,919192
2025-10-01,Golf,3622
2025-10-01,Hockey,2460
2025-10-01,Motorsport,988
2025-10-01,Other,0
2025-10-01,Parlays,0
2025-10-01,Politics,16342
2025-10-01,Rugby,0
2025-10-01,Soccer,198472
2025-10-01,Tennis,0
2025-10-02,Baseball,6556296
2025-10-02,Basketball (college),0
2025-10-02,Basketball (pro),2356
2025-10-02,Combat sports,0
2025-10-02,Companies,0
2025-10-02,Crypto,0
2025-10-02,Football,2046046
2025-10-02,Golf,12596
2025-10-02,Hockey,2748
2025-10-02,Motorsport,3406
2025-10-02,Other,0
2025-10-02,Parlays,0
2025-10-02,Politics,44724
2025-10-02,Rugby,0
2025-10-02,Soccer,70
2025-10-02,Tennis,0
2025-10-03,Baseball,2432140
2025-10-03,Basketball (college),0
2025-10-03,Basketball (pro),1810
2025-10-03,Combat sports,0
2025-10-03,Companies,0
2025-10-03,Crypto,0
2025-10-03,Football,9349610
2025-10-03,Golf,2522
2025-10-03,Hockey,440
2025-10-03,Motorsport,1312
2025-10-03,Other,0
2025-10-03,Parlays,0
2025-10-03,Politics,17002
2025-10-03,Rugby,0
2025-10-03,Soccer,112370
2025-10-03,Tennis,0
2025-10-06,Baseball,1983454
2025-10-06,Basketball (college),0
2025-10-06,Basketball (pro),11470
2025-10-06,Combat sports,0
2025-10-06,Companies,0
2025-10-06,Crypto,0
2025-10-06,Football,11220700
2025-10-06,Golf,20
2025-10-06,Hockey,28926
2025-10-06,Motorsport,44
2025-10-06,Other,0
2025-10-06,Parlays,0
2025-10-06,Politics,6064
2025-10-06,Rugby,0
2025-10-06,Soccer,71810
2025-10-06,Tennis,0
2025-10-07,Baseball,3895956
2025-10-07,Basketball (college),0
2025-10-07,Basketball (pro),16140
2025-10-07,Combat sports,0
2025-10-07,Companies,0
2025-10-07,Crypto,0
2025-10-07,Football,7002096
2025-10-07,Golf,3776
2025-10-07,Hockey,183016
2025-10-07,Motorsport,114
2025-10-07,Other,0
2025-10-07,Parlays,0
2025-10-07,Politics,6704
2025-10-07,Rugby,0
2025-10-07,Soccer,13694
2025-10-07,Tennis,0
2025-10-08,Baseball,5891304
2025-10-08,Basketball (college),0
2025-10-08,Basketball (pro),1160
2025-10-08,Combat sports,0
2025-10-08,Companies,0
2025-10-08,Crypto,0
2025-10-08,Football,1030430
2025-10-08,Golf,10134
2025-10-08,Hockey,1180680
2025-10-08,Motorsport,108
2025-10-08,Other,0
2025-10-08,Parlays,0
2025-10-08,Politics,10072
2025-10-08,Rugby,0
2025-10-08,Soccer,12952
2025-10-08,Tennis,0
2025-10-09,Baseball,3630740
2025-10-09,Basketball (college),0
2025-10-09,Basketball (pro),1960
2025-10-09,Combat sports,0
2025-10-09,Companies,0
2025-10-09,Crypto,0
2025-10-09,Football,2750358
2025-10-09,Golf,4942
2025-10-09,Hockey,809594
2025-10-09,Motorsport,576
2025-10-09,Other,0
2025-10-09,Parlays,0
2025-10-09,Politics,23340
2025-10-09,Rugby,0
2025-10-09,Soccer,18616
2025-10-09,Tennis,0
2025-10-10,Baseball,2606586
2025-10-10,Basketball (college),0
2025-10-10,Basketball (pro),572
2025-10-10,Combat sports,0
2025-10-10,Companies,0
2025-10-10,Crypto,0
2025-10-10,Football,7517714
2025-10-10,Golf,4110
2025-10-10,Hockey,1240036
2025-10-10,Motorsport,1242
2025-10-10,Other,0
2025-10-10,Parlays,0
2025-10-10,Politics,3954
2025-10-10,Rugby,0
2025-10-10,Soccer,9482
2025-10-10,Tennis,0
2025-10-13,Baseball,1593134
2025-10-13,Basketball (college),0
2025-10-13,Basketball (pro),10520
2025-10-13,Combat sports,0
2025-10-13,Companies,0
2025-10-13,Crypto,0
2025-10-13,Football,10042652
2025-10-13,Golf,0
2025-10-13,Hockey,903846
2025-10-13,Motorsport,2702
2025-10-13,Other,0
2025-10-13,Parlays,0
2025-10-13,Politics,17786
2025-10-13,Rugby,0
2025-10-13,Soccer,41404
2025-10-13,Tennis,0
2025-10-14,Baseball,2269832
2025-10-14,Basketball (college),0
2025-10-14,Basketball (pro),4108
2025-10-14,Combat sports,0
2025-10-14,Companies,0
2025-10-14,Crypto,0
2025-10-14,Football,8403378
2025-10-14,Golf,0
2025-10-14,Hockey,750240
2025-10-14,Motorsport,336
2025-10-14,Other,0
2025-10-14,Parlays,0
2025-10-14,Politics,32760
2025-10-14,Rugby,0
2025-10-14,Soccer,18750
2025-10-14,Tennis,0
2025-10-15,Baseball,2568838
2025-10-15,Basketball (college),0
2025-10-15,Basketball (pro),3618
2025-10-15,Combat sports,0
2025-10-15,Companies,0
2025-10-15,Crypto,0
2025-10-15,Football,2208812
2025-10-15,Golf,0
2025-10-15,Hockey,1684980
2025-10-15,Motorsport,1626
2025-10-15,Other,0
2025-10-15,Parlays,0
2025-10-15,Politics,53172
2025-10-15,Rugby,0
2025-10-15,Soccer,14528
2025-10-15,Tennis,0
2025-10-16,Baseball,2395684
2025-10-16,Basketball (college),0
2025-10-16,Basketball (pro),159582
2025-10-16,Combat sports,0
2025-10-16,Companies,0
2025-10-16,Crypto,0
2025-10-16,Football,2616744
2025-10-16,Golf,0
2025-10-16,Hockey,1227210
2025-10-16,Motorsport,202
2025-10-16,Other,0
2025-10-16,Parlays,0
2025-10-16,Politics,6064
2025-10-16,Rugby,0
2025-10-16,Soccer,15338
2025-10-16,Tennis,0
2025-10-17,Baseball,2712958
2025-10-17,Basketball (college),0
2025-10-17,Basketball (pro),4972
2025-10-17,Combat sports,0
2025-10-17,Companies,0
2025-10-17,Crypto,0
2025-10-17,Football,7532556
2025-10-17,Golf,0
2025-10-17,Hockey,1577940
2025-10-17,Motorsport,218
2025-10-17,Other,0
2025-10-17,Parlays,0
2025-10-17,Politics,31406
2025-10-17,Rugby,0
2025-10-17,Soccer,22974
2025-10-17,Tennis,0
2025-10-20,Baseball,1449504
2025-10-20,Basketball (college),0
2025-10-20,Basketball (pro),99092
2025-10-20,Combat sports,0
2025-10-20,Companies,0
2025-10-20,Crypto,0
2025-10-20,Football,13177630
2025-10-20,Golf,0
2025-10-20,Hockey,478108
2025-10-20,Motorsport,2704
2025-10-20,Other,0
2025-10-20,Parlays,0
2025-10-20,Politics,9108
2025-10-20,Rugby,0
2025-10-20,Soccer,79814
2025-10-20,Tennis,0
2025-10-21,Baseball,1722178
2025-10-21,Basketball (college),0
2025-10-21,Basketball (pro),1265408
2025-10-21,Combat sports,0
2025-10-21,Companies,0
2025-10-21,Crypto,0
2025-10-21,Football,8414430
2025-10-21,Golf,2662
2025-10-21,Hockey,1070552
2025-10-21,Motorsport,322
2025-10-21,Other,0
2025-10-21,Parlays,0
2025-10-21,Politics,15250
2025-10-21,Rugby,0
2025-10-21,Soccer,407990
2025-10-21,Tennis,0
2025-10-22,Baseball,78552
2025-10-22,Basketball (college),0
2025-10-22,Basketball (pro),6731310
2025-10-22,Combat sports,0
2025-10-22,Companies,0
2025-10-22,Crypto,0
2025-10-22,Football,1908206
2025-10-22,Golf,2240
2025-10-22,Hockey,1198370
2025-10-22,Motorsport,42
2025-10-22,Other,0
2025-10-22,Parlays,0
2025-10-22,Politics,19248
2025-10-22,Rugby,0
2025-10-22,Soccer,478040
2025-10-22,Tennis,0
2025-10-23,Baseball,75484
2025-10-23,Basketball (college),0
2025-10-23,Basketball (pro),8969492
2025-10-23,Combat sports,0
2025-10-23,Companies,0
2025-10-23,Crypto,0
2025-10-23,Football,2808556
2025-10-23,Golf,5800
2025-10-23,Hockey,866210
2025-10-23,Motorsport,42
2025-10-23,Other,0
2025-10-23,Parlays,0
2025-10-23,Politics,29878
2025-10-23,Rugby,0
2025-10-23,Soccer,49174
2025-10-23,Tennis,0
2025-10-24,Baseball,853500
2025-10-24,Basketball (college),0
2025-10-24,Basketball (pro),5399720
2025-10-24,Combat sports,0
2025-10-24,Companies,0
2025-10-24,Crypto,0
2025-10-24,Football,5639838
2025-10-24,Golf,3940
2025-10-24,Hockey,1263780
2025-10-24,Motorsport,26
2025-10-24,Other,0
2025-10-24,Parlays,0
2025-10-24,Politics,10558
2025-10-24,Rugby,0
2025-10-24,Soccer,79302
2025-10-24,Tennis,0
2025-10-27,Baseball,539310
2025-10-27,Basketball (college),0
2025-10-27,Basketball (pro),5292508
2025-10-27,Combat sports,0
2025-10-27,Companies,0
2025-10-27,Crypto,0
2025-10-27,Football,8795472
2025-10-27,Golf,0
2025-10-27,Hockey,651336
2025-10-27,Motorsport,908
2025-10-27,Other,0
2025-10-27,Parlays,0
2025-10-27,Politics,51912
2025-10-27,Rugby,0
2025-10-27,Soccer,27818
2025-10-27,Tennis,0
2025-10-28,Baseball,4216682
2025-10-28,Basketball (college),0
2025-10-28,Basketball (pro),6593666
2025-10-28,Combat sports,0
2025-10-28,Companies,0
2025-10-28,Crypto,0
2025-10-28,Football,3911582
2025-10-28,Golf,0
2025-10-28,Hockey,405944
2025-10-28,Motorsport,618
2025-10-28,Other,0
2025-10-28,Parlays,0
2025-10-28,Politics,98276
2025-10-28,Rugby,0
2025-10-28,Soccer,20838
2025-10-28,Tennis,0
2025-10-29,Baseball,2948488
2025-10-29,Basketball (college),0
2025-10-29,Basketball (pro),7057850
2025-10-29,Combat sports,0
2025-10-29,Companies,0
2025-10-29,Crypto,0
2025-10-29,Football,1588768
2025-10-29,Golf,0
2025-10-29,Hockey,1247108
2025-10-29,Motorsport,70
2025-10-29,Other,0
2025-10-29,Parlays,0
2025-10-29,Politics,108436
2025-10-29,Rugby,0
2025-10-29,Soccer,23966
2025-10-29,Tennis,0
2025-10-30,Baseball,2316260
2025-10-30,Basketball (college),2008844
2025-10-30,Basketball (pro),9023384
2025-10-30,Combat sports,0
2025-10-30,Companies,0
2025-10-30,Crypto,0
2025-10-30,Football,2947948
2025-10-30,Golf,0
2025-10-30,Hockey,435886
2025-10-30,Motorsport,78
2025-10-30,Other,0
2025-10-30,Parlays,0
2025-10-30,Politics,50884
2025-10-30,Rugby,0
2025-10-30,Soccer,23922
2025-10-30,Tennis,0
2025-10-31,Baseball,1063918
2025-10-31,Basketball (college),2008844
2025-10-31,Basketball (pro),4375106
2025-10-31,Combat sports,1256
2025-10-31,Companies,0
2025-10-31,Crypto,0
2025-10-31,Football,5389942
2025-10-31,Golf,0
2025-10-31,Hockey,1716330
2025-10-31,Motorsport,66
2025-10-31,Other,0
2025-10-31,Parlays,0
2025-10-31,Politics,3124
2025-10-31,Rugby,0
2025-10-31,Soccer,20272
2025-10-31,Tennis,0
2025-11-03,Baseball,0
2025-11-03,Basketball (college),7954066
2025-11-03,Basketball (pro),4223152
2025-11-03,Combat sports,936
2025-11-03,Companies,0
2025-11-03,Crypto,0
2025-11-03,Football,9888346
2025-11-03,Golf,0
2025-11-03,Hockey,612180
2025-11-03,Motorsport,22
2025-11-03,Other,0
2025-11-03,Parlays,0
2025-11-03,Politics,5150
2025-11-03,Rugby,0
2025-11-03,Soccer,94638
2025-11-03,Tennis,0
2025-11-04,Baseball,0
2025-11-04,Basketball (college),11781818
2025-11-04,Basketball (pro),6484122
2025-11-04,Combat sports,200
2025-11-04,Companies,0
2025-11-04,Crypto,0
2025-11-04,Football,6555568
2025-11-04,Golf,122
2025-11-04,Hockey,652786
2025-11-04,Motorsport,0
2025-11-04,Other,0
2025-11-04,Parlays,0
2025-11-04,Politics,25404
2025-11-04,Rugby,0
2025-11-04,Soccer,295680
2025-11-04,Tennis,0
2025-11-05,Baseball,0
2025-11-05,Basketball (college),5948246
2025-11-05,Basketball (pro),7782592
2025-11-05,Combat sports,0
2025-11-05,Companies,0
2025-11-05,Crypto,0
2025-11-05,Football,1382832
2025-11-05,Golf,6416
2025-11-05,Hockey,1076000
2025-11-05,Motorsport,4
2025-11-05,Other,0
2025-11-05,Parlays,0
2025-11-05,Politics,7524
2025-11-05,Rugby,0
2025-11-05,Soccer,541068
2025-11-05,Tennis,0
2025-11-06,Baseball,0
2025-11-06,Basketball (college),1444142
2025-11-06,Basketball (pro),8028712
2025-11-06,Combat sports,0
2025-11-06,Companies,0
2025-11-06,Crypto,0
2025-11-06,Football,2831428
2025-11-06,Golf,27428
2025-11-06,Hockey,758716
2025-11-06,Motorsport,2
2025-11-06,Other,40
2025-11-06,Parlays,0
2025-11-06,Politics,3164
2025-11-06,Rugby,0
2025-11-06,Soccer,7502
2025-11-06,Tennis,0
2025-11-07,Baseball,0
2025-11-07,Basketball (college),12660318
2025-11-07,Basketball (pro),2541088
2025-11-07,Combat sports,302
2025-11-07,Companies,0
2025-11-07,Crypto,0
2025-11-07,Football,6709226
2025-11-07,Golf,59026
2025-11-07,Hockey,1265526
2025-11-07,Motorsport,208
2025-11-07,Other,9842
2025-11-07,Parlays,0
2025-11-07,Politics,12950
2025-11-07,Rugby,0
2025-11-07,Soccer,43238
2025-11-07,Tennis,0
2025-11-10,Baseball,0
2025-11-10,Basketball (college),4943558
2025-11-10,Basketball (pro),4155686
2025-11-10,Combat sports,0
2025-11-10,Companies,0
2025-11-10,Crypto,0
2025-11-10,Football,8688040
2025-11-10,Golf,952
2025-11-10,Hockey,933764
2025-11-10,Motorsport,3210
2025-11-10,Other,0
2025-11-10,Parlays,0
2025-11-10,Politics,7576
2025-11-10,Rugby,0
2025-11-10,Soccer,5334
2025-11-10,Tennis,0
2025-11-11,Baseball,0
2025-11-11,Basketball (college),5732088
2025-11-11,Basketball (pro),5760074
2025-11-11,Combat sports,0
2025-11-11,Companies,0
2025-11-11,Crypto,0
2025-11-11,Football,5128340
2025-11-11,Golf,400
2025-11-11,Hockey,719108
2025-11-11,Motorsport,10566
2025-11-11,Other,0
2025-11-11,Parlays,0
2025-11-11,Politics,3188
2025-11-11,Rugby,0
2025-11-11,Soccer,3264
2025-11-11,Tennis,0
2025-11-12,Baseball,0
2025-11-12,Basketball (college),5668956
2025-11-12,Basketball (pro),6337000
2025-11-12,Combat sports,0
2025-11-12,Companies,0
2025-11-12,Crypto,0
2025-11-12,Football,2016776
2025-11-12,Golf,9802
2025-11-12,Hockey,1083160
2025-11-12,Motorsport,4982
2025-11-12,Other,0
2025-11-12,Parlays,0
2025-11-12,Politics,3796
2025-11-12,Rugby,0
2025-11-12,Soccer,3380
2025-11-12,Tennis,0
2025-11-13,Baseball,0
2025-11-13,Basketball (college),5453262
2025-11-13,Basketball (pro),8650356
2025-11-13,Combat sports,0
2025-11-13,Companies,0
2025-11-13,Crypto,0
2025-11-13,Football,2794000
2025-11-13,Golf,25762
2025-11-13,Hockey,794362
2025-11-13,Motorsport,66
2025-11-13,Other,0
2025-11-13,Parlays,0
2025-11-13,Politics,1388
2025-11-13,Rugby,0
2025-11-13,Soccer,1466
2025-11-13,Tennis,0
2025-11-14,Baseball,0
2025-11-14,Basketball (college),2674516
2025-11-14,Basketball (pro),4166362
2025-11-14,Combat sports,360
2025-11-14,Companies,0
2025-11-14,Crypto,0
2025-11-14,Football,5897318
2025-11-14,Golf,78636
2025-11-14,Hockey,1775544
2025-11-14,Motorsport,4
2025-11-14,Other,0
2025-11-14,Parlays,0
2025-11-14,Politics,674
2025-11-14,Rugby,0
2025-11-14,Soccer,15748
2025-11-14,Tennis,0
2025-11-17,Baseball,0
2025-11-17,Basketball (college),7400050
2025-11-17,Basketball (pro),4326528
2025-11-17,Combat sports,0
2025-11-17,Companies,0
2025-11-17,Crypto,0
2025-11-17,Football,11553932
2025-11-17,Golf,0
2025-11-17,Hockey,695644
2025-11-17,Motorsport,22
2025-11-17,Other,256
2025-11-17,Parlays,0
2025-11-17,Politics,6382
2025-11-17,Rugby,0
2025-11-17,Soccer,2920
2025-11-17,Tennis,0
2025-11-18,Baseball,0
2025-11-18,Basketball (college),8148780
2025-11-18,Basketball (pro),5567154
2025-11-18,Combat sports,0
2025-11-18,Companies,0
2025-11-18,Crypto,0
2025-11-18,Football,4641106
2025-11-18,Golf,0
2025-11-18,Hockey,1031842
2025-11-18,Motorsport,30
2025-11-18,Other,5024
2025-11-18,Parlays,0
2025-11-18,Politics,574
2025-11-18,Rugby,0
2025-11-18,Soccer,4110
2025-11-18,Tennis,0
2025-11-19,Baseball,0
2025-11-19,Basketball (college),3973440
2025-11-19,Basketball (pro),7826746
2025-11-19,Combat sports,0
2025-11-19,Companies,0
2025-11-19,Crypto,0
2025-11-19,Football,1500688
2025-11-19,Golf,360
2025-11-19,Hockey,1007598
2025-11-19,Motorsport,10
2025-11-19,Other,2800
2025-11-19,Parlays,0
2025-11-19,Politics,3126
2025-11-19,Rugby,0
2025-11-19,Soccer,6718
2025-11-19,Tennis,0
2025-11-20,Baseball,0
2025-11-20,Basketball (college),4297066
2025-11-20,Basketball (pro),8836134
2025-11-20,Combat sports,0
2025-11-20,Companies,0
2025-11-20,Crypto,0
2025-11-20,Football,2701886
2025-11-20,Golf,3056
2025-11-20,Hockey,945854
2025-11-20,Motorsport,8
2025-11-20,Other,72294
2025-11-20,Parlays,0
2025-11-20,Politics,10366
2025-11-20,Rugby,0
2025-11-20,Soccer,15980
2025-11-20,Tennis,0
2025-11-21,Baseball,0
2025-11-21,Basketball (college),7250570
2025-11-21,Basketball (pro),4357368
2025-11-21,Combat sports,8274
2025-11-21,Companies,0
2025-11-21,Crypto,0
2025-11-21,Football,7625248
2025-11-21,Golf,9324
2025-11-21,Hockey,1799944
2025-11-21,Motorsport,1430
2025-11-21,Other,536
2025-11-21,Parlays,0
2025-11-21,Politics,8534
2025-11-21,Rugby,0
2025-11-21,Soccer,40206
2025-11-21,Tennis,0
2025-11-24,Baseball,0
2025-11-24,Basketball (college),8196574
2025-11-24,Basketball (pro),3680872
2025-11-24,Combat sports,0
2025-11-24,Companies,0
2025-11-24,Crypto,0
2025-11-24,Football,11897784
2025-11-24,Golf,0
2025-11-24,Hockey,556838
2025-11-24,Motorsport,2172
2025-11-24,Other,14690
2025-11-24,Parlays,0
2025-11-24,Politics,3390
2025-11-24,Rugby,0
2025-11-24,Soccer,112774
2025-11-24,Tennis,0
2025-11-25,Baseball,0
2025-11-25,Basketball (college),5628448
2025-11-25,Basketball (pro),6594132
2025-11-25,Combat sports,0
2025-11-25,Companies,0
2025-11-25,Crypto,0
2025-11-25,Football,4661824
2025-11-25,Golf,0
2025-11-25,Hockey,639650
2025-11-25,Motorsport,3180
2025-11-25,Other,36
2025-11-25,Parlays,0
2025-11-25,Politics,3560
2025-11-25,Rugby,0
2025-11-25,Soccer,179026
2025-11-25,Tennis,0
2025-11-26,Baseball,0
2025-11-26,Basketball (college),10598114
2025-11-26,Basketball (pro),6270672
2025-11-26,Combat sports,12832
2025-11-26,Companies,0
2025-11-26,Crypto,0
2025-11-26,Football,1696272
2025-11-26,Golf,0
2025-11-26,Hockey,364490
2025-11-26,Motorsport,12936
2025-11-26,Other,122
2025-11-26,Parlays,0
2025-11-26,Politics,9130
2025-11-26,Rugby,0
2025-11-26,Soccer,189566
2025-11-26,Tennis,0
2025-11-27,Baseball,0
2025-11-27,Basketball (college),6917752
2025-11-27,Basketball (pro),9303238
2025-11-27,Combat sports,43438
2025-11-27,Companies,0
2025-11-27,Crypto,0
2025-11-27,Football,15751636
2025-11-27,Golf,0
2025-11-27,Hockey,899540
2025-11-27,Motorsport,66
2025-11-27,Other,3554
2025-11-27,Parlays,0
2025-11-27,Politics,9478
2025-11-27,Rugby,0
2025-11-27,Soccer,22950
2025-11-27,Tennis,0
2025-11-28,Baseball,0
2025-11-28,Basketball (college),8728130
2025-11-28,Basketball (pro),383893
2025-11-28,Combat sports,20624
2025-11-28,Companies,0
2025-11-28,Crypto,0
2025-11-28,Football,12765569
2025-11-28,Golf,0
2025-11-28,Hockey,283012
2025-11-28,Motorsport,887
2025-11-28,Other,3143
2025-11-28,Parlays,0
2025-11-28,Politics,22390
2025-11-28,Rugby,0
2025-11-28,Soccer,19346
2025-11-28,Tennis,0
2025-12-01,Baseball,0
2025-12-01,Basketball (college),2834538
2025-12-01,Basketball (pro),2921151
2025-12-01,Combat sports,9080
2025-12-01,Companies,0
2025-12-01,Crypto,0
2025-12-01,Football,6407162
2025-12-01,Golf,0
2025-12-01,Hockey,163334
2025-12-01,Motorsport,6512
2025-12-01,Other,20448
2025-12-01,Parlays,0
2025-12-01,Politics,957
2025-12-01,Rugby,0
2025-12-01,Soccer,45645
2025-12-01,Tennis,0
2025-12-02,Baseball,0
2025-12-02,Basketball (college),23767776
2025-12-02,Basketball (pro),8486668
2025-12-02,Combat sports,59158
2025-12-02,Companies,0
2025-12-02,Crypto,0
2025-12-02,Football,4659426
2025-12-02,Golf,0
2025-12-02,Hockey,659244
2025-12-02,Motorsport,210
2025-12-02,Other,5484
2025-12-02,Parlays,0
2025-12-02,Politics,2780
2025-12-02,Rugby,0
2025-12-02,Soccer,197222
2025-12-02,Tennis,0
2025-12-03,Baseball,0
2025-12-03,Basketball (college),28032342
2025-12-03,Basketball (pro),8301042
2025-12-03,Combat sports,26092
2025-12-03,Companies,0
2025-12-03,Crypto,0
2025-12-03,Football,879942
2025-12-03,Golf,408
2025-12-03,Hockey,1404132
2025-12-03,Motorsport,140
2025-12-03,Other,1764
2025-12-03,Parlays,0
2025-12-03,Politics,36058
2025-12-03,Rugby,0
2025-12-03,Soccer,257644
2025-12-03,Tennis,0
2025-12-04,Baseball,0
2025-12-04,Basketball (college),11725828
2025-12-04,Basketball (pro),7359748
2025-12-04,Combat sports,11340
2025-12-04,Companies,0
2025-12-04,Crypto,0
2025-12-04,Football,3663842
2025-12-04,Golf,38650
2025-12-04,Hockey,1044186
2025-12-04,Motorsport,42
2025-12-04,Other,1470
2025-12-04,Parlays,0
2025-12-04,Politics,5574
2025-12-04,Rugby,0
2025-12-04,Soccer,214098
2025-12-04,Tennis,0
2025-12-05,Baseball,0
2025-12-05,Basketball (college),4777282
2025-12-05,Basketball (pro),5663436
2025-12-05,Combat sports,77426
2025-12-05,Companies,0
2025-12-05,Crypto,0
2025-12-05,Football,10423464
2025-12-05,Golf,34460
2025-12-05,Hockey,1374146
2025-12-05,Motorsport,57648
2025-12-05,Other,1288
2025-12-05,Parlays,0
2025-12-05,Politics,39610
2025-12-05,Rugby,0
2025-12-05,Soccer,101368
2025-12-05,Tennis,0
2025-12-08,Baseball,0
2025-12-08,Basketball (college),1250812
2025-12-08,Basketball (pro),3559570
2025-12-08,Combat sports,20168
2025-12-08,Companies,0
2025-12-08,Crypto,0
2025-12-08,Football,13650090
2025-12-08,Golf,28
2025-12-08,Hockey,541358
2025-12-08,Motorsport,0
2025-12-08,Other,48562
2025-12-08,Parlays,0
2025-12-08,Politics,3924
2025-12-08,Rugby,0
2025-12-08,Soccer,96474
2025-12-08,Tennis,0
2025-12-09,Baseball,0
2025-12-09,Basketball (college),1463204
2025-12-09,Basketball (pro),3859426
2025-12-09,Combat sports,26028
2025-12-09,Companies,0
2025-12-09,Crypto,0
2025-12-09,Football,9334752
2025-12-09,Golf,0
2025-12-09,Hockey,1072346
2025-12-09,Motorsport,0
2025-12-09,Other,982
2025-12-09,Parlays,0
2025-12-09,Politics,28730
2025-12-09,Rugby,0
2025-12-09,Soccer,265264
2025-12-09,Tennis,0
2025-12-10,Baseball,0
2025-12-10,Basketball (college),5351696
2025-12-10,Basketball (pro),6441804
2025-12-10,Combat sports,37210
2025-12-10,Companies,0
2025-12-10,Crypto,0
2025-12-10,Football,512558
2025-12-10,Golf,0
2025-12-10,Hockey,2182868
2025-12-10,Motorsport,0
2025-12-10,Other,6652
2025-12-10,Parlays,0
2025-12-10,Politics,88824
2025-12-10,Rugby,0
2025-12-10,Soccer,483736
2025-12-10,Tennis,0
2025-12-11,Baseball,0
2025-12-11,Basketball (college),4385836
2025-12-11,Basketball (pro),5844452
2025-12-11,Combat sports,28068
2025-12-11,Companies,0
2025-12-11,Crypto,0
2025-12-11,Football,1776804
2025-12-11,Golf,0
2025-12-11,Hockey,1673168
2025-12-11,Motorsport,0
2025-12-11,Other,916
2025-12-11,Parlays,0
2025-12-11,Politics,14648
2025-12-11,Rugby,0
2025-12-11,Soccer,16630
2025-12-11,Tennis,0
2025-12-12,Baseball,0
2025-12-12,Basketball (college),1633276
2025-12-12,Basketball (pro),4785614
2025-12-12,Combat sports,45272
2025-12-12,Companies,0
2025-12-12,Crypto,0
2025-12-12,Football,6402656
2025-12-12,Golf,0
2025-12-12,Hockey,2126340
2025-12-12,Motorsport,0
2025-12-12,Other,25878
2025-12-12,Parlays,0
2025-12-12,Politics,63030
2025-12-12,Rugby,0
2025-12-12,Soccer,90142
2025-12-12,Tennis,0
2025-12-15,Baseball,0
2025-12-15,Basketball (college),1844084
2025-12-15,Basketball (pro),5108508
2025-12-15,Combat sports,67032
2025-12-15,Companies,0
2025-12-15,Crypto,0
2025-12-15,Football,13845126
2025-12-15,Golf,0
2025-12-15,Hockey,612832
2025-12-15,Motorsport,0
2025-12-15,Other,26960
2025-12-15,Parlays,0
2025-12-15,Politics,1414
2025-12-15,Rugby,0
2025-12-15,Soccer,130078
2025-12-15,Tennis,0
2025-12-16,Baseball,0
2025-12-16,Basketball (college),3803980
2025-12-16,Basketball (pro),8778388
2025-12-16,Combat sports,92980
2025-12-16,Companies,0
2025-12-16,Crypto,0
2025-12-16,Football,4666422
2025-12-16,Golf,0
2025-12-16,Hockey,870084
2025-12-16,Motorsport,0
2025-12-16,Other,634
2025-12-16,Parlays,0
2025-12-16,Politics,28346
2025-12-16,Rugby,0
2025-12-16,Soccer,8754
2025-12-16,Tennis,0
2025-12-17,Baseball,0
2025-12-17,Basketball (college),18933586
2025-12-17,Basketball (pro),4811772
2025-12-17,Combat sports,109068
2025-12-17,Companies,0
2025-12-17,Crypto,0
2025-12-17,Football,2731402
2025-12-17,Golf,0
2025-12-17,Hockey,1849568
2025-12-17,Motorsport,0
2025-12-17,Other,1804
2025-12-17,Parlays,0
2025-12-17,Politics,26340
2025-12-17,Rugby,0
2025-12-17,Soccer,6042
2025-12-17,Tennis,0
2025-12-18,Baseball,0
2025-12-18,Basketball (college),19151442
2025-12-18,Basketball (pro),3609106
2025-12-18,Combat sports,438390
2025-12-18,Companies,1146
2025-12-18,Crypto,0
2025-12-18,Football,5025296
2025-12-18,Golf,0
2025-12-18,Hockey,1526390
2025-12-18,Motorsport,0
2025-12-18,Other,11734
2025-12-18,Parlays,0
2025-12-18,Politics,35522
2025-12-18,Rugby,0
2025-12-18,Soccer,15372
2025-12-18,Tennis,1158
2025-12-19,Baseball,0
2025-12-19,Basketball (college),2422168
2025-12-19,Basketball (pro),7066706
2025-12-19,Combat sports,3231544
2025-12-19,Companies,8148
2025-12-19,Crypto,0
2025-12-19,Football,13332660
2025-12-19,Golf,0
2025-12-19,Hockey,1243400
2025-12-19,Motorsport,0
2025-12-19,Other,7392
2025-12-19,Parlays,0
2025-12-19,Politics,15768
2025-12-19,Rugby,0
2025-12-19,Soccer,50282
2025-12-19,Tennis,748
2025-12-22,Baseball,0
2025-12-22,Basketball (college),3915054
2025-12-22,Basketball (pro),5269178
2025-12-22,Combat sports,0
2025-12-22,Companies,2652
2025-12-22,Crypto,0
2025-12-22,Football,16962704
2025-12-22,Golf,0
2025-12-22,Hockey,828574
2025-12-22,Motorsport,0
2025-12-22,Other,86
2025-12-22,Parlays,0
2025-12-22,Politics,2582
2025-12-22,Rugby,0
2025-12-22,Soccer,87714
2025-12-22,Tennis,4090
2025-12-23,Baseball,0
2025-12-23,Basketball (college),4698242
2025-12-23,Basketball (pro),7049292
2025-12-23,Combat sports,0
2025-12-23,Companies,2698
2025-12-23,Crypto,0
2025-12-23,Football,9156296
2025-12-23,Golf,0
2025-12-23,Hockey,1084080
2025-12-23,Motorsport,0
2025-12-23,Other,1512
2025-12-23,Parlays,0
2025-12-23,Politics,1334
2025-12-23,Rugby,0
2025-12-23,Soccer,504
2025-12-23,Tennis,4864
2025-12-24,Baseball,0
2025-12-24,Basketball (college),614114
2025-12-24,Basketball (pro),10422586
2025-12-24,Combat sports,0
2025-12-24,Companies,1430
2025-12-24,Crypto,0
2025-12-24,Football,6669434
2025-12-24,Golf,0
2025-12-24,Hockey,1579670
2025-12-24,Motorsport,0
2025-12-24,Other,466
2025-12-24,Parlays,0
2025-12-24,Politics,1810
2025-12-24,Rugby,0
2025-12-24,Soccer,1888
2025-12-24,Tennis,4130
2025-12-25,Baseball,0
2025-12-25,Basketball (college),506698
2025-12-25,Basketball (pro),7139718
2025-12-25,Combat sports,4834
2025-12-25,Companies,1954
2025-12-25,Crypto,0
2025-12-25,Football,16075124
2025-12-25,Golf,0
2025-12-25,Hockey,17426
2025-12-25,Motorsport,0
2025-12-25,Other,674
2025-12-25,Parlays,0
2025-12-25,Politics,1432
2025-12-25,Rugby,0
2025-12-25,Soccer,3682
2025-12-25,Tennis,5004
2025-12-26,Baseball,0
2025-12-26,Basketball (college),516774
2025-12-26,Basketball (pro),11053136
2025-12-26,Combat sports,37680
2025-12-26,Companies,3238
2025-12-26,Crypto,0
2025-12-26,Football,15696860
2025-12-26,Golf,0
2025-12-26,Hockey,23708
2025-12-26,Motorsport,0
2025-12-26,Other,12488
2025-12-26,Parlays,0
2025-12-26,Politics,9420
2025-12-26,Rugby,0
2025-12-26,Soccer,113160
2025-12-26,Tennis,8020
2025-12-29,Baseball,0
2025-12-29,Basketball (college),9943312
2025-12-29,Basketball (pro),5266256
2025-12-29,Combat sports,0
2025-12-29,Companies,940
2025-12-29,Crypto,0
2025-12-29,Football,14680924
2025-12-29,Golf,0
2025-12-29,Hockey,494940
2025-12-29,Motorsport,0
2025-12-29,Other,128662
2025-12-29,Parlays,0
2025-12-29,Politics,7242
2025-12-29,Rugby,0
2025-12-29,Soccer,69038
2025-12-29,Tennis,0
2025-12-30,Baseball,0
2025-12-30,Basketball (college),5969050
2025-12-30,Basketball (pro),6982606
2025-12-30,Combat sports,0
2025-12-30,Companies,2724
2025-12-30,Crypto,0
2025-12-30,Football,10407708
2025-12-30,Golf,0
2025-12-30,Hockey,1163918
2025-12-30,Motorsport,0
2025-12-30,Other,466
2025-12-30,Parlays,0
2025-12-30,Politics,7208
2025-12-30,Rugby,0
2025-12-30,Soccer,633102
2025-12-30,Tennis,0
2025-12-31,Baseball,0
2025-12-31,Basketball (college),6281030
2025-12-31,Basketball (pro),7778258
2025-12-31,Combat sports,0
2025-12-31,Companies,1834
2025-12-31,Crypto,0
2025-12-31,Football,13002180
2025-12-31,Golf,0
2025-12-31,Hockey,894902
2025-12-31,Motorsport,0
2025-12-31,Other,20826
2025-12-31,Parlays,0
2025-12-31,Politics,3608
2025-12-31,Rugby,0
2025-12-31,Soccer,90612
2025-12-31,Tennis,0
2026-01-01,Baseball,0
2026-01-01,Basketball (college),9361642
2026-01-01,Basketball (pro),4654328
2026-01-01,Combat sports,0
2026-01-01,Companies,1564
2026-01-01,Crypto,0
2026-01-01,Football,21644058
2026-01-01,Golf,0
2026-01-01,Hockey,1787778
2026-01-01,Motorsport,0
2026-01-01,Other,12580
2026-01-01,Parlays,0
2026-01-01,Politics,1918
2026-01-01,Rugby,0
2026-01-01,Soccer,297610
2026-01-01,Tennis,0
2026-01-02,Baseball,0
2026-01-02,Basketball (college),7113254
2026-01-02,Basketball (pro),7092370
2026-01-02,Combat sports,0
2026-01-02,Companies,3856
2026-01-02,Crypto,0
2026-01-02,Football,15722420
2026-01-02,Golf,0
2026-01-02,Hockey,992450
2026-01-02,Motorsport,0
2026-01-02,Other,133174
2026-01-02,Parlays,0
2026-01-02,Politics,6962
2026-01-02,Rugby,0
2026-01-02,Soccer,147448
2026-01-02,Tennis,0
2026-01-05,Baseball,0
2026-01-05,Basketball (college),4034546
2026-01-05,Basketball (pro),5811410
2026-01-05,Combat sports,0
2026-01-05,Companies,1902
2026-01-05,Crypto,0
2026-01-05,Football,14512222
2026-01-05,Golf,0
2026-01-05,Hockey,521096
2026-01-05,Motorsport,0
2026-01-05,Other,70520
2026-01-05,Parlays,1542
2026-01-05,Politics,5850
2026-01-05,Rugby,0
2026-01-05,Soccer,5654
2026-01-05,Tennis,0
2026-01-06,Baseball,0
2026-01-06,Basketball (college),9765090
2026-01-06,Basketball (pro),12989846
2026-01-06,Combat sports,0
2026-01-06,Companies,1718
2026-01-06,Crypto,0
2026-01-06,Football,764268
2026-01-06,Golf,0
2026-01-06,Hockey,1549466
2026-01-06,Motorsport,0
2026-01-06,Other,684456
2026-01-06,Parlays,10278
2026-01-06,Politics,5260
2026-01-06,Rugby,0
2026-01-06,Soccer,354454
2026-01-06,Tennis,0
2026-01-07,Baseball,0
2026-01-07,Basketball (college),15858938
2026-01-07,Basketball (pro),8101814
2026-01-07,Combat sports,0
2026-01-07,Companies,6892
2026-01-07,Crypto,0
2026-01-07,Football,800594
2026-01-07,Golf,0
2026-01-07,Hockey,1479318
2026-01-07,Motorsport,0
2026-01-07,Other,639206
2026-01-07,Parlays,64466
2026-01-07,Politics,16378
2026-01-07,Rugby,0
2026-01-07,Soccer,876512
2026-01-07,Tennis,0
2026-01-08,Baseball,0
2026-01-08,Basketball (college),11881098
2026-01-08,Basketball (pro),11303702
2026-01-08,Combat sports,0
2026-01-08,Companies,12370
2026-01-08,Crypto,0
2026-01-08,Football,2586824
2026-01-08,Golf,0
2026-01-08,Hockey,1294758
2026-01-08,Motorsport,0
2026-01-08,Other,532250
2026-01-08,Parlays,133080
2026-01-08,Politics,20880
2026-01-08,Rugby,0
2026-01-08,Soccer,425118
2026-01-08,Tennis,0
2026-01-09,Baseball,0
2026-01-09,Basketball (college),10531554
2026-01-09,Basketball (pro),4657744
2026-01-09,Combat sports,0
2026-01-09,Companies,3724
2026-01-09,Crypto,0
2026-01-09,Football,10438560
2026-01-09,Golf,0
2026-01-09,Hockey,1630688
2026-01-09,Motorsport,0
2026-01-09,Other,2458
2026-01-09,Parlays,207870
2026-01-09,Politics,291878
2026-01-09,Rugby,0
2026-01-09,Soccer,172876
2026-01-09,Tennis,0
2026-01-12,Baseball,0
2026-01-12,Basketball (college),2630350
2026-01-12,Basketball (pro),6954394
2026-01-12,Combat sports,0
2026-01-12,Companies,14704
2026-01-12,Crypto,0
2026-01-12,Football,17746274
2026-01-12,Golf,0
2026-01-12,Hockey,640774
2026-01-12,Motorsport,0
2026-01-12,Other,240606
2026-01-12,Parlays,184894
2026-01-12,Politics,85404
2026-01-12,Rugby,0
2026-01-12,Soccer,219250
2026-01-12,Tennis,0
2026-01-13,Baseball,0
2026-01-13,Basketball (college),2376786
2026-01-13,Basketball (pro),8042882
2026-01-13,Combat sports,0
2026-01-13,Companies,930
2026-01-13,Crypto,0
2026-01-13,Football,9965168
2026-01-13,Golf,0
2026-01-13,Hockey,1639770
2026-01-13,Motorsport,0
2026-01-13,Other,9152
2026-01-13,Parlays,463060
2026-01-13,Politics,750514
2026-01-13,Rugby,0
2026-01-13,Soccer,2096
2026-01-13,Tennis,92
2026-01-14,Baseball,0
2026-01-14,Basketball (college),8035304
2026-01-14,Basketball (pro),8936498
2026-01-14,Combat sports,0
2026-01-14,Companies,1444
2026-01-14,Crypto,0
2026-01-14,Football,1280808
2026-01-14,Golf,13424
2026-01-14,Hockey,1450102
2026-01-14,Motorsport,0
2026-01-14,Other,232084
2026-01-14,Parlays,979624
2026-01-14,Politics,739830
2026-01-14,Rugby,0
2026-01-14,Soccer,4680
2026-01-14,Tennis,184
2026-01-15,Baseball,14
2026-01-15,Basketball (college),12511066
2026-01-15,Basketball (pro),12065034
2026-01-15,Combat sports,0
2026-01-15,Companies,2328
2026-01-15,Crypto,360
2026-01-15,Football,1369786
2026-01-15,Golf,28944
2026-01-15,Hockey,1102912
2026-01-15,Motorsport,0
2026-01-15,Other,359122
2026-01-15,Parlays,1215958
2026-01-15,Politics,151484
2026-01-15,Rugby,0
2026-01-15,Soccer,5024
2026-01-15,Tennis,1156
2026-01-16,Baseball,270
2026-01-16,Basketball (college),7971682
2026-01-16,Basketball (pro),10709170
2026-01-16,Combat sports,102
2026-01-16,Companies,2280
2026-01-16,Crypto,528
2026-01-16,Football,2202770
2026-01-16,Golf,32238
2026-01-16,Hockey,1789716
2026-01-16,Motorsport,116
2026-01-16,Other,259636
2026-01-16,Parlays,1880792
2026-01-16,Politics,241208
2026-01-16,Rugby,0
2026-01-16,Soccer,712180
2026-01-16,Tennis,56
2026-01-19,Baseball,2110
2026-01-19,Basketball (college),12146000
2026-01-19,Basketball (pro),6912832
2026-01-19,Combat sports,0
2026-01-19,Companies,4322
2026-01-19,Crypto,3334
2026-01-19,Football,18166876
2026-01-19,Golf,25604
2026-01-19,Hockey,1527890
2026-01-19,Motorsport,46
2026-01-19,Other,99824
2026-01-19,Parlays,779012
2026-01-19,Politics,482
2026-01-19,Rugby,0
2026-01-19,Soccer,80650
2026-01-19,Tennis,762832
2026-01-20,Baseball,2
2026-01-20,Basketball (college),4406346
2026-01-20,Basketball (pro),7418998
2026-01-20,Combat sports,420
2026-01-20,Companies,1126
2026-01-20,Crypto,3022
2026-01-20,Football,13387336
2026-01-20,Golf,2
2026-01-20,Hockey,3182524
2026-01-20,Motorsport,14
2026-01-20,Other,3616
2026-01-20,Parlays,1109764
2026-01-20,Politics,856
2026-01-20,Rugby,0
2026-01-20,Soccer,1377420
2026-01-20,Tennis,1241820
2026-01-21,Baseball,968
2026-01-21,Basketball (college),10003814
2026-01-21,Basketball (pro),8813048
2026-01-21,Combat sports,200
2026-01-21,Companies,9024
2026-01-21,Crypto,3446
2026-01-21,Football,553638
2026-01-21,Golf,240
2026-01-21,Hockey,7013984
2026-01-21,Motorsport,0
2026-01-21,Other,1700
2026-01-21,Parlays,1321606
2026-01-21,Politics,12062
2026-01-21,Rugby,0
2026-01-21,Soccer,1392966
2026-01-21,Tennis,955536
2026-01-22,Baseball,200
2026-01-22,Basketball (college),13306408
2026-01-22,Basketball (pro),7875932
2026-01-22,Combat sports,49444
2026-01-22,Companies,734
2026-01-22,Crypto,1754
2026-01-22,Football,657070
2026-01-22,Golf,145296
2026-01-22,Hockey,3596200
2026-01-22,Motorsport,1022
2026-01-22,Other,4046
2026-01-22,Parlays,982288
2026-01-22,Politics,19910
2026-01-22,Rugby,0
2026-01-22,Soccer,44994
2026-01-22,Tennis,2036404
2026-01-23,Baseball,2030
2026-01-23,Basketball (college),10962104
2026-01-23,Basketball (pro),11780976
2026-01-23,Combat sports,164686
2026-01-23,Companies,912
2026-01-23,Crypto,9228
2026-01-23,Football,1019522
2026-01-23,Golf,148304
2026-01-23,Hockey,1933452
2026-01-23,Motorsport,0
2026-01-23,Other,114530
2026-01-23,Parlays,1289916
2026-01-23,Politics,74196
2026-01-23,Rugby,0
2026-01-23,Soccer,306174
2026-01-23,Tennis,1738086
2026-01-26,Baseball,0
2026-01-26,Basketball (college),2683842
2026-01-26,Basketball (pro),10943588
2026-01-26,Combat sports,288
2026-01-26,Companies,5278
2026-01-26,Crypto,6458
2026-01-26,Football,18276590
2026-01-26,Golf,736
2026-01-26,Hockey,1494192
2026-01-26,Motorsport,0
2026-01-26,Other,133708
2026-01-26,Parlays,1073288
2026-01-26,Politics,20252
2026-01-26,Rugby,0
2026-01-26,Soccer,296610
2026-01-26,Tennis,1731130
2026-01-27,Baseball,0
2026-01-27,Basketball (college),13755648
2026-01-27,Basketball (pro),8059446
2026-01-27,Combat sports,440
2026-01-27,Companies,2944
2026-01-27,Crypto,5036
2026-01-27,Football,567992
2026-01-27,Golf,5322
2026-01-27,Hockey,1479436
2026-01-27,Motorsport,0
2026-01-27,Other,46442
2026-01-27,Parlays,1717332
2026-01-27,Politics,563004
2026-01-27,Rugby,0
2026-01-27,Soccer,143386
2026-01-27,Tennis,1543382
2026-01-28,Baseball,900
2026-01-28,Basketball (college),18144474
2026-01-28,Basketball (pro),10140374
2026-01-28,Combat sports,44
2026-01-28,Companies,964
2026-01-28,Crypto,23254
2026-01-28,Football,509188
2026-01-28,Golf,8274
2026-01-28,Hockey,2164608
2026-01-28,Motorsport,546
2026-01-28,Other,11772
2026-01-28,Parlays,2266060
2026-01-28,Politics,169318
2026-01-28,Rugby,0
2026-01-28,Soccer,2044726
2026-01-28,Tennis,2699752
2026-01-29,Baseball,0
2026-01-29,Basketball (college),13651278
2026-01-29,Basketball (pro),10317030
2026-01-29,Combat sports,49216
2026-01-29,Companies,1862
2026-01-29,Crypto,19316
2026-01-29,Football,451258
2026-01-29,Golf,32424
2026-01-29,Hockey,1105174
2026-01-29,Motorsport,4
2026-01-29,Other,11892
2026-01-29,Parlays,1645156
2026-01-29,Politics,9856
2026-01-29,Rugby,0
2026-01-29,Soccer,48532
2026-01-29,Tennis,547946
2026-01-30,Baseball,0
2026-01-30,Basketball (college),12640066
2026-01-30,Basketball (pro),11136774
2026-01-30,Combat sports,114358
2026-01-30,Companies,2104
2026-01-30,Crypto,23438
2026-01-30,Football,570072
2026-01-30,Golf,34976
2026-01-30,Hockey,5744782
2026-01-30,Motorsport,100
2026-01-30,Other,151662
2026-01-30,Parlays,1811798
2026-01-30,Politics,254062
2026-01-30,Rugby,0
2026-01-30,Soccer,227036
2026-01-30,Tennis,3661958
2026-02-02,Baseball,284
2026-02-02,Basketball (college),1294946
2026-02-02,Basketball (pro),14271178
2026-02-02,Combat sports,292
2026-02-02,Companies,2426
2026-02-02,Crypto,1920
2026-02-02,Football,571584
2026-02-02,Golf,6924
2026-02-02,Hockey,1901994
2026-02-02,Motorsport,562
2026-02-02,Other,266830
2026-02-02,Parlays,1837566
2026-02-02,Politics,10970
2026-02-02,Rugby,0
2026-02-02,Soccer,137136
2026-02-02,Tennis,0
2026-02-03,Baseball,202
2026-02-03,Basketball (college),4525470
2026-02-03,Basketball (pro),7749870
2026-02-03,Combat sports,834
2026-02-03,Companies,702
2026-02-03,Crypto,4322
2026-02-03,Football,739480
2026-02-03,Golf,6610
2026-02-03,Hockey,4001016
2026-02-03,Motorsport,364
2026-02-03,Other,361068
2026-02-03,Parlays,2670694
2026-02-03,Politics,37212
2026-02-03,Rugby,0
2026-02-03,Soccer,37008
2026-02-03,Tennis,0
2026-02-04,Baseball,254
2026-02-04,Basketball (college),10416376
2026-02-04,Basketball (pro),11471824
2026-02-04,Combat sports,1788
2026-02-04,Companies,1934
2026-02-04,Crypto,7808
2026-02-04,Football,904782
2026-02-04,Golf,12566
2026-02-04,Hockey,2745280
2026-02-04,Motorsport,72
2026-02-04,Other,6314
2026-02-04,Parlays,3140710
2026-02-04,Politics,14212
2026-02-04,Rugby,0
2026-02-04,Soccer,21772
2026-02-04,Tennis,0
2026-02-05,Baseball,416
2026-02-05,Basketball (college),15511448
2026-02-05,Basketball (pro),11539552
2026-02-05,Combat sports,7486
2026-02-05,Companies,692
2026-02-05,Crypto,12246
2026-02-05,Football,1371762
2026-02-05,Golf,108364
2026-02-05,Hockey,2237086
2026-02-05,Motorsport,0
2026-02-05,Other,7352
2026-02-05,Parlays,3301050
2026-02-05,Politics,14342
2026-02-05,Rugby,0
2026-02-05,Soccer,30792
2026-02-05,Tennis,22020
2026-02-06,Baseball,4280
2026-02-06,Basketball (college),9233926
2026-02-06,Basketball (pro),13493524
2026-02-06,Combat sports,11836
2026-02-06,Companies,2680
2026-02-06,Crypto,48762
2026-02-06,Football,2318874
2026-02-06,Golf,40702
2026-02-06,Hockey,1290302
2026-02-06,Motorsport,84
2026-02-06,Other,90874
2026-02-06,Parlays,3138874
2026-02-06,Politics,233356
2026-02-06,Rugby,0
2026-02-06,Soccer,600224
2026-02-06,Tennis,0
2026-02-09,Baseball,8300
2026-02-09,Basketball (college),807332
2026-02-09,Basketball (pro),1934296
2026-02-09,Combat sports,5118
2026-02-09,Companies,2562
2026-02-09,Crypto,14230
2026-02-09,Football,35214150
2026-02-09,Golf,201624
2026-02-09,Hockey,22540
2026-02-09,Motorsport,800
2026-02-09,Other,207688
2026-02-09,Parlays,2969568
2026-02-09,Politics,11316
2026-02-09,Rugby,0
2026-02-09,Soccer,123956
2026-02-09,Tennis,0
2026-02-10,Baseball,11590
2026-02-10,Basketball (college),5040422
2026-02-10,Basketball (pro),14704884
2026-02-10,Combat sports,7190
2026-02-10,Companies,1956
2026-02-10,Crypto,12456
2026-02-10,Football,0
2026-02-10,Golf,269334
2026-02-10,Hockey,14092
2026-02-10,Motorsport,0
2026-02-10,Other,23900
2026-02-10,Parlays,3947726
2026-02-10,Politics,10484
2026-02-10,Rugby,0
2026-02-10,Soccer,1416464
2026-02-10,Tennis,913176
2026-02-11,Baseball,1600
2026-02-11,Basketball (college),8871512
2026-02-11,Basketball (pro),8588772
2026-02-11,Combat sports,6502
2026-02-11,Companies,3638
2026-02-11,Crypto,7130
2026-02-11,Football,0
2026-02-11,Golf,369084
2026-02-11,Hockey,10072
2026-02-11,Motorsport,0
2026-02-11,Other,12554
2026-02-11,Parlays,3883000
2026-02-11,Politics,16192
2026-02-11,Rugby,0
2026-02-11,Soccer,839272
2026-02-11,Tennis,840330
2026-02-12,Baseball,0
2026-02-12,Basketball (college),5375648
2026-02-12,Basketball (pro),12548194
2026-02-12,Combat sports,0
2026-02-12,Companies,0
2026-02-12,Crypto,0
2026-02-12,Football,0
2026-02-12,Golf,377204
2026-02-12,Hockey,0
2026-02-12,Motorsport,0
2026-02-12,Other,0
2026-02-12,Parlays,1440280
2026-02-12,Politics,0
2026-02-12,Rugby,0
2026-02-12,Soccer,805142
2026-02-12,Tennis,184600
2026-02-13,Baseball,0
2026-02-13,Basketball (college),11057480
2026-02-13,Basketball (pro),8680736
2026-02-13,Combat sports,0
2026-02-13,Companies,0
2026-02-13,Crypto,29434
2026-02-13,Football,0
2026-02-13,Golf,743542
2026-02-13,Hockey,0
2026-02-13,Motorsport,0
2026-02-13,Other,247562
2026-02-13,Parlays,1654270
2026-02-13,Politics,89376
2026-02-13,Rugby,0
2026-02-13,Soccer,693482
2026-02-13,Tennis,358394
2026-02-16,Baseball,0
2026-02-16,Basketball (college),7687280
2026-02-16,Basketball (pro),1479240
2026-02-16,Combat sports,0
2026-02-16,Companies,0
2026-02-16,Crypto,0
2026-02-16,Football,0
2026-02-16,Golf,264364
2026-02-16,Hockey,0
2026-02-16,Motorsport,0
2026-02-16,Other,255362
2026-02-16,Parlays,482702
2026-02-16,Politics,0
2026-02-16,Rugby,0
2026-02-16,Soccer,704890
2026-02-16,Tennis,641878
2026-02-17,Baseball,0
2026-02-17,Basketball (college),11330544
2026-02-17,Basketball (pro),0
2026-02-17,Combat sports,0
2026-02-17,Companies,0
2026-02-17,Crypto,0
2026-02-17,Football,0
2026-02-17,Golf,509420
2026-02-17,Hockey,0
2026-02-17,Motorsport,0
2026-02-17,Other,0
2026-02-17,Parlays,1508012
2026-02-17,Politics,0
2026-02-17,Rugby,0
2026-02-17,Soccer,1448910
2026-02-17,Tennis,875760
2026-02-18,Baseball,0
2026-02-18,Basketball (college),19272410
2026-02-18,Basketball (pro),0
2026-02-18,Combat sports,0
2026-02-18,Companies,0
2026-02-18,Crypto,0
2026-02-18,Football,0
2026-02-18,Golf,1641700
2026-02-18,Hockey,0
2026-02-18,Motorsport,0
2026-02-18,Other,311174
2026-02-18,Parlays,2759232
2026-02-18,Politics,0
2026-02-18,Rugby,0
2026-02-18,Soccer,1086154
2026-02-18,Tennis,1046382
2026-02-19,Baseball,0
2026-02-19,Basketball (college),17224098
2026-02-19,Basketball (pro),0
2026-02-19,Combat sports,0
2026-02-19,Companies,0
2026-02-19,Crypto,0
2026-02-19,Football,0
2026-02-19,Golf,1855878
2026-02-19,Hockey,0
2026-02-19,Motorsport,0
2026-02-19,Other,0
2026-02-19,Parlays,1897326
2026-02-19,Politics,0
2026-02-19,Rugby,0
2026-02-19,Soccer,0
2026-02-19,Tennis,1061926
2026-02-20,Baseball,912
2026-02-20,Basketball (college),16382572
2026-02-20,Basketball (pro),10481410
2026-02-20,Combat sports,131528
2026-02-20,Companies,384
2026-02-20,Crypto,12602
2026-02-20,Football,226
2026-02-20,Golf,2424672
2026-02-20,Hockey,3972
2026-02-20,Motorsport,1840
2026-02-20,Other,146362
2026-02-20,Parlays,3938960
2026-02-20,Politics,251554
2026-02-20,Rugby,0
2026-02-20,Soccer,413418
2026-02-20,Tennis,1099834
2026-02-23,Baseball,0
2026-02-23,Basketball (college),2164636
2026-02-23,Basketball (pro),13004442
2026-02-23,Combat sports,2606
2026-02-23,Companies,1182
2026-02-23,Crypto,1330
2026-02-23,Football,722
2026-02-23,Golf,224912
2026-02-23,Hockey,17386
2026-02-23,Motorsport,0
2026-02-23,Other,440946
2026-02-23,Parlays,2256124
2026-02-23,Politics,8190
2026-02-23,Rugby,0
2026-02-23,Soccer,898242
2026-02-23,Tennis,0
2026-02-24,Baseball,1538
2026-02-24,Basketball (college),8253466
2026-02-24,Basketball (pro),7070082
2026-02-24,Combat sports,706
2026-02-24,Companies,1490
2026-02-24,Crypto,4076
2026-02-24,Football,974
2026-02-24,Golf,71764
2026-02-24,Hockey,11774
2026-02-24,Motorsport,20
2026-02-24,Other,10762
2026-02-24,Parlays,3508504
2026-02-24,Politics,10174
2026-02-24,Rugby,0
2026-02-24,Soccer,1941628
2026-02-24,Tennis,0
2026-02-25,Baseball,5812
2026-02-25,Basketball (college),15333184
2026-02-25,Basketball (pro),9991834
2026-02-25,Combat sports,20376
2026-02-25,Companies,490
2026-02-25,Crypto,11190
2026-02-25,Football,792
2026-02-25,Golf,293032
2026-02-25,Hockey,134204
2026-02-25,Motorsport,268
2026-02-25,Other,13410
2026-02-25,Parlays,4793958
2026-02-25,Politics,13186
2026-02-25,Rugby,0
2026-02-25,Soccer,2258580
2026-02-25,Tennis,0
2026-02-26,Baseball,1204
2026-02-26,Basketball (college),14623988
2026-02-26,Basketball (pro),9466142
2026-02-26,Combat sports,38602
2026-02-26,Companies,1014
2026-02-26,Crypto,9570
2026-02-26,Football,10264
2026-02-26,Golf,160512
2026-02-26,Hockey,1386012
2026-02-26,Motorsport,74
2026-02-26,Other,14928
2026-02-26,Parlays,4365314
2026-02-26,Politics,15892
2026-02-26,Rugby,0
2026-02-26,Soccer,57754
2026-02-26,Tennis,563848
2026-02-27,Baseball,13436
2026-02-27,Basketball (college),9195010
2026-02-27,Basketball (pro),12370786
2026-02-27,Combat sports,52680
2026-02-27,Companies,1888
2026-02-27,Crypto,8112
2026-02-27,Football,190
2026-02-27,Golf,76066
2026-02-27,Hockey,1575562
2026-02-27,Motorsport,2946
2026-02-27,Other,133452
2026-02-27,Parlays,4446558
2026-02-27,Politics,223902
2026-02-27,Rugby,0
2026-02-27,Soccer,794518
2026-02-27,Tennis,657702
2026-03-02,Baseball,5018
2026-03-02,Basketball (college),4927712
2026-03-02,Basketball (pro),10226872
2026-03-02,Combat sports,1794
2026-03-02,Companies,4062
2026-03-02,Crypto,2858
2026-03-02,Football,456
2026-03-02,Golf,116922
2026-03-02,Hockey,1725986
2026-03-02,Motorsport,1900
2026-03-02,Other,629670
2026-03-02,Parlays,3448668
2026-03-02,Politics,30572
2026-03-02,Rugby,0
2026-03-02,Soccer,847854
2026-03-02,Tennis,0
2026-03-03,Baseball,2642
2026-03-03,Basketball (college),13517660
2026-03-03,Basketball (pro),9167260
2026-03-03,Combat sports,26354
2026-03-03,Companies,2474
2026-03-03,Crypto,4230
2026-03-03,Football,1036
2026-03-03,Golf,22594
2026-03-03,Hockey,1775712
2026-03-03,Motorsport,798
2026-03-03,Other,23624
2026-03-03,Parlays,4867832
2026-03-03,Politics,34550
2026-03-03,Rugby,0
2026-03-03,Soccer,1112130
2026-03-03,Tennis,0
2026-03-04,Baseball,222
2026-03-04,Basketball (college),25246920
2026-03-04,Basketball (pro),8695868
2026-03-04,Combat sports,91508
2026-03-04,Companies,1042
2026-03-04,Crypto,2468
2026-03-04,Football,200
2026-03-04,Golf,112676
2026-03-04,Hockey,1598720
2026-03-04,Motorsport,536
2026-03-04,Other,15226
2026-03-04,Parlays,6005794
2026-03-04,Politics,97844
2026-03-04,Rugby,0
2026-03-04,Soccer,1143778
2026-03-04,Tennis,417302
2026-03-05,Baseball,12
2026-03-05,Basketball (college),20296124
2026-03-05,Basketball (pro),8860042
2026-03-05,Combat sports,202064
2026-03-05,Companies,2182
2026-03-05,Crypto,3936
2026-03-05,Football,17012
2026-03-05,Golf,370288
2026-03-05,Hockey,1291756
2026-03-05,Motorsport,23688
2026-03-05,Other,15326
2026-03-05,Parlays,4817234
2026-03-05,Politics,30764
2026-03-05,Rugby,0
2026-03-05,Soccer,520550
2026-03-05,Tennis,2035152
2026-03-06,Baseball,210
2026-03-06,Basketball (college),15153188
2026-03-06,Basketball (pro),11266624
2026-03-06,Combat sports,552202
2026-03-06,Companies,664
2026-03-06,Crypto,3876
2026-03-06,Football,1374
2026-03-06,Golf,633316
2026-03-06,Hockey,1198230
2026-03-06,Motorsport,28262
2026-03-06,Other,39720
2026-03-06,Parlays,5111030
2026-03-06,Politics,98434
2026-03-06,Rugby,0
2026-03-06,Soccer,784852
2026-03-06,Tennis,1888674
2026-03-09,Baseball,16
2026-03-09,Basketball (college),8209388
2026-03-09,Basketball (pro),13564314
2026-03-09,Combat sports,680184
2026-03-09,Companies,3598
2026-03-09,Crypto,1480
2026-03-09,Football,7738
2026-03-09,Golf,237694
2026-03-09,Hockey,2206234
2026-03-09,Motorsport,7510
2026-03-09,Other,197444
2026-03-09,Parlays,3272950
2026-03-09,Politics,7038
2026-03-09,Rugby,0
2026-03-09,Soccer,389242
2026-03-09,Tennis,1806588
2026-03-10,Baseball,504
2026-03-10,Basketball (college),12268884
2026-03-10,Basketball (pro),11022818
2026-03-10,Combat sports,482030
2026-03-10,Companies,1204
2026-03-10,Crypto,1782
2026-03-10,Football,3310
2026-03-10,Golf,54492
2026-03-10,Hockey,926414
2026-03-10,Motorsport,4992
2026-03-10,Other,80604
2026-03-10,Parlays,5124358
2026-03-10,Politics,7166
2026-03-10,Rugby,0
2026-03-10,Soccer,1452350
2026-03-10,Tennis,1849180
2026-03-11,Baseball,2118
2026-03-11,Basketball (college),17846074
2026-03-11,Basketball (pro),13967992
2026-03-11,Combat sports,586602
2026-03-11,Companies,286
2026-03-11,Crypto,2372
2026-03-11,Football,438
2026-03-11,Golf,213104
2026-03-11,Hockey,1660206
2026-03-11,Motorsport,2322
2026-03-11,Other,19360
2026-03-11,Parlays,5368550
2026-03-11,Politics,15982
2026-03-11,Rugby,0
2026-03-11,Soccer,1668930
2026-03-11,Tennis,1229294
2026-03-12,Baseball,6
2026-03-12,Basketball (college),26645792
2026-03-12,Basketball (pro),10474088
2026-03-12,Combat sports,409008
2026-03-12,Companies,828
2026-03-12,Crypto,4072
2026-03-12,Football,464
2026-03-12,Golf,586902
2026-03-12,Hockey,818640
2026-03-12,Motorsport,17092
2026-03-12,Other,36062
2026-03-12,Parlays,5199126
2026-03-12,Politics,19508
2026-03-12,Rugby,0
2026-03-12,Soccer,149910
2026-03-12,Tennis,1077878
2026-03-13,Baseball,1390
2026-03-13,Basketball (college),29413498
2026-03-13,Basketball (pro),10960326
2026-03-13,Combat sports,212424
2026-03-13,Companies,1266
2026-03-13,Crypto,7058
2026-03-13,Football,2536
2026-03-13,Golf,439080
2026-03-13,Hockey,1792534
2026-03-13,Motorsport,11812
2026-03-13,Other,80004
2026-03-13,Parlays,5198620
2026-03-13,Politics,60304
2026-03-13,Rugby,0
2026-03-13,Soccer,185108
2026-03-13,Tennis,361466
2026-03-16,Baseball,6250
2026-03-16,Basketball (college),7225250
2026-03-16,Basketball (pro),14414014
2026-03-16,Combat sports,2750766
2026-03-16,Companies,17394
2026-03-16,Crypto,5574
2026-03-16,Football,108
2026-03-16,Golf,424478
2026-03-16,Hockey,2308376
2026-03-16,Motorsport,1034
2026-03-16,Other,868464
2026-03-16,Parlays,2453704
2026-03-16,Politics,14536
2026-03-16,Rugby,0
2026-03-16,Soccer,401956
2026-03-16,Tennis,128846
2026-03-17,Baseball,468
2026-03-17,Basketball (college),7805144
2026-03-17,Basketball (pro),13007224
2026-03-17,Combat sports,1180664
2026-03-17,Companies,470
2026-03-17,Crypto,2542
2026-03-17,Football,3708
2026-03-17,Golf,569212
2026-03-17,Hockey,1721664
2026-03-17,Motorsport,1804
2026-03-17,Other,2086
2026-03-17,Parlays,4130420
2026-03-17,Politics,4374
2026-03-17,Rugby,0
2026-03-17,Soccer,2251320
2026-03-17,Tennis,72076
2026-03-18,Baseball,306
2026-03-18,Basketball (college),17427998
2026-03-18,Basketball (pro),6891420
2026-03-18,Combat sports,1282086
2026-03-18,Companies,2118
2026-03-18,Crypto,17054
2026-03-18,Football,1464
2026-03-18,Golf,121522
2026-03-18,Hockey,1749350
2026-03-18,Motorsport,572
2026-03-18,Other,1294
2026-03-18,Parlays,4495302
2026-03-18,Politics,15140
2026-03-18,Rugby,0
2026-03-18,Soccer,2364562
2026-03-18,Tennis,661726
2026-03-19,Baseball,1530
2026-03-19,Basketball (college),38186470
2026-03-19,Basketball (pro),10224764
2026-03-19,Combat sports,51922
2026-03-19,Companies,8842
2026-03-19,Crypto,30928
2026-03-19,Football,3996
2026-03-19,Golf,271744
2026-03-19,Hockey,2029720
2026-03-19,Motorsport,1398
2026-03-19,Other,14380
2026-03-19,Parlays,6811938
2026-03-19,Politics,71232
2026-03-19,Rugby,0
2026-03-19,Soccer,465832
2026-03-19,Tennis,1542078
2026-03-20,Baseball,5520
2026-03-20,Basketball (college),40216982
2026-03-20,Basketball (pro),10295970
2026-03-20,Combat sports,58634
2026-03-20,Companies,7660
2026-03-20,Crypto,47766
2026-03-20,Football,3304
2026-03-20,Golf,142028
2026-03-20,Hockey,2838052
2026-03-20,Motorsport,1578
2026-03-20,Other,186310
2026-03-20,Parlays,8136018
2026-03-20,Politics,87988
2026-03-20,Rugby,0
2026-03-20,Soccer,252102
2026-03-20,Tennis,1932520
2026-03-23,Baseball,28954
2026-03-23,Basketball (college),26522072
2026-03-23,Basketball (pro),6582540
2026-03-23,Combat sports,0
2026-03-23,Companies,8792
2026-03-23,Crypto,29732
2026-03-23,Football,8082
2026-03-23,Golf,151000
2026-03-23,Hockey,2135358
2026-03-23,Motorsport,5528
2026-03-23,Other,42700
2026-03-23,Parlays,3614710
2026-03-23,Politics,18392
2026-03-23,Rugby,0
2026-03-23,Soccer,401594
2026-03-23,Tennis,2503100
2026-03-24,Baseball,73660
2026-03-24,Basketball (college),1392184
2026-03-24,Basketball (pro),17867854
2026-03-24,Combat sports,162
2026-03-24,Companies,3294
2026-03-24,Crypto,46594
2026-03-24,Football,7736
2026-03-24,Golf,35072
2026-03-24,Hockey,839458
2026-03-24,Motorsport,23828
2026-03-24,Other,18150
2026-03-24,Parlays,3275442
2026-03-24,Politics,7912
2026-03-24,Rugby,0
2026-03-24,Soccer,8358
2026-03-24,Tennis,3234984
2026-03-25,Baseball,696024
2026-03-25,Basketball (college),2817032
2026-03-25,Basketball (pro),9935556
2026-03-25,Combat sports,24558
2026-03-25,Companies,9668
2026-03-25,Crypto,4060
2026-03-25,Football,3072
2026-03-25,Golf,106456
2026-03-25,Hockey,3309806
2026-03-25,Motorsport,4042
2026-03-25,Other,16118
2026-03-25,Parlays,3419132
2026-03-25,Politics,12472
2026-03-25,Rugby,0
2026-03-25,Soccer,13600
2026-03-25,Tennis,2536760
2026-03-26,Baseball,6839080
2026-03-26,Basketball (college),3305392
2026-03-26,Basketball (pro),16356248
2026-03-26,Combat sports,37416
2026-03-26,Companies,3534
2026-03-26,Crypto,10104
2026-03-26,Football,1866
2026-03-26,Golf,271992
2026-03-26,Hockey,982066
2026-03-26,Motorsport,3080
2026-03-26,Other,226152
2026-03-26,Parlays,6673362
2026-03-26,Politics,16010
2026-03-26,Rugby,0
2026-03-26,Soccer,28816
2026-03-26,Tennis,1200758
2026-03-27,Baseball,7640160
2026-03-27,Basketball (college),16436704
2026-03-27,Basketball (pro),3846302
2026-03-27,Combat sports,75314
2026-03-27,Companies,3340
2026-03-27,Crypto,19636
2026-03-27,Football,1246
2026-03-27,Golf,279130
2026-03-27,Hockey,2708330
2026-03-27,Motorsport,7328
2026-03-27,Other,207198
2026-03-27,Parlays,7476216
2026-03-27,Politics,13526
2026-03-27,Rugby,0
2026-03-27,Soccer,16396
2026-03-27,Tennis,740768
2026-03-30,Baseball,3775312
2026-03-30,Basketball (college),5229100
2026-03-30,Basketball (pro),14944218
2026-03-30,Combat sports,0
2026-03-30,Companies,3288
2026-03-30,Crypto,8198
2026-03-30,Football,3436
2026-03-30,Golf,56334
2026-03-30,Hockey,1606662
2026-03-30,Motorsport,10602
2026-03-30,Other,111232
2026-03-30,Parlays,3610718
2026-03-30,Politics,16800
2026-03-30,Rugby,0
2026-03-30,Soccer,68260
2026-03-30,Tennis,1188092
2026-03-31,Baseball,9652442
2026-03-31,Basketball (college),1023366
2026-03-31,Basketball (pro),12040078
2026-03-31,Combat sports,632
2026-03-31,Companies,1984
2026-03-31,Crypto,5724
2026-03-31,Football,1046
2026-03-31,Golf,77878
2026-03-31,Hockey,1679438
2026-03-31,Motorsport,1300
2026-03-31,Other,630330
2026-03-31,Parlays,5015244
2026-03-31,Politics,8378
2026-03-31,Rugby,0
2026-03-31,Soccer,52238
2026-03-31,Tennis,2431346
2026-04-01,Baseball,16968222
2026-04-01,Basketball (college),323362
2026-04-01,Basketball (pro),11409362
2026-04-01,Combat sports,8994
2026-04-01,Companies,1232
2026-04-01,Crypto,4110
2026-04-01,Football,268
2026-04-01,Golf,160880
2026-04-01,Hockey,1205652
2026-04-01,Motorsport,946
2026-04-01,Other,195138
2026-04-01,Parlays,5691472
2026-04-01,Politics,14722
2026-04-01,Rugby,0
2026-04-01,Soccer,44080
2026-04-01,Tennis,1866624
2026-04-02,Baseball,7975710
2026-04-02,Basketball (college),2194902
2026-04-02,Basketball (pro),12378302
2026-04-02,Combat sports,36590
2026-04-02,Companies,14782
2026-04-02,Crypto,5052
2026-04-02,Football,98
2026-04-02,Golf,343572
2026-04-02,Hockey,1391176
2026-04-02,Motorsport,720
2026-04-02,Other,23838
2026-04-02,Parlays,4172776
2026-04-02,Politics,14274
2026-04-02,Rugby,0
2026-04-02,Soccer,41390
2026-04-02,Tennis,2030420
2026-04-03,Baseball,9124108
2026-04-03,Basketball (college),2705974
2026-04-03,Basketball (pro),13642122
2026-04-03,Combat sports,56970
2026-04-03,Companies,9338
2026-04-03,Crypto,4320
2026-04-03,Football,1232
2026-04-03,Golf,274706
2026-04-03,Hockey,3129636
2026-04-03,Motorsport,1432
2026-04-03,Other,176008
2026-04-03,Parlays,6106190
2026-04-03,Politics,21214
2026-04-03,Rugby,562
2026-04-03,Soccer,177684
2026-04-03,Tennis,2615422
2026-04-06,Baseball,9473436
2026-04-06,Basketball (college),4880480
2026-04-06,Basketball (pro),16762932
2026-04-06,Combat sports,3352
2026-04-06,Companies,4262
2026-04-06,Crypto,8452
2026-04-06,Football,96
2026-04-06,Golf,654330
2026-04-06,Hockey,2138172
2026-04-06,Motorsport,1578
2026-04-06,Other,568066
2026-04-06,Parlays,4267004
2026-04-06,Politics,15790
2026-04-06,Rugby,60
2026-04-06,Soccer,122366
2026-04-06,Tennis,2452746
2026-04-07,Baseball,12312682
2026-04-07,Basketball (college),10785022
2026-04-07,Basketball (pro),9435840
2026-04-07,Combat sports,383594
2026-04-07,Companies,12178
2026-04-07,Crypto,1072
2026-04-07,Football,11372
2026-04-07,Golf,899934
2026-04-07,Hockey,1825126
2026-04-07,Motorsport,1046
2026-04-07,Other,1320
2026-04-07,Parlays,5959026
2026-04-07,Politics,18648
2026-04-07,Rugby,0
2026-04-07,Soccer,1306512
2026-04-07,Tennis,2955100
2026-04-08,Baseball,17595474
2026-04-08,Basketball (college),0
2026-04-08,Basketball (pro),15051128
2026-04-08,Combat sports,201530
2026-04-08,Companies,9170
2026-04-08,Crypto,342
2026-04-08,Football,810
2026-04-08,Golf,2461366
2026-04-08,Hockey,2387576
2026-04-08,Motorsport,708
2026-04-08,Other,862
2026-04-08,Parlays,6232722
2026-04-08,Politics,12288
2026-04-08,Rugby,0
2026-04-08,Soccer,1126384
2026-04-08,Tennis,3723324
2026-04-09,Baseball,12457684
2026-04-09,Basketball (college),0
2026-04-09,Basketball (pro),14178078
2026-04-09,Combat sports,188340
2026-04-09,Companies,3088
2026-04-09,Crypto,262
2026-04-09,Football,264
2026-04-09,Golf,9559772
2026-04-09,Hockey,1737570
2026-04-09,Motorsport,820
2026-04-09,Other,5244
2026-04-09,Parlays,5847838
2026-04-09,Politics,15230
2026-04-09,Rugby,0
2026-04-09,Soccer,144136
2026-04-09,Tennis,3635672
2026-04-10,Baseball,9722006
2026-04-10,Basketball (college),0
2026-04-10,Basketball (pro),12489288
2026-04-10,Combat sports,249332
2026-04-10,Companies,1428
2026-04-10,Crypto,1256
2026-04-10,Football,0
2026-04-10,Golf,4378768
2026-04-10,Hockey,3170890
2026-04-10,Motorsport,1246
2026-04-10,Other,32664
2026-04-10,Parlays,5553838
2026-04-10,Politics,131144
2026-04-10,Rugby,0
2026-04-10,Soccer,619314
2026-04-10,Tennis,3971814
2026-04-13,Baseball,7044494
2026-04-13,Basketball (college),0
2026-04-13,Basketball (pro),14025030
2026-04-13,Combat sports,0
2026-04-13,Companies,12268
2026-04-13,Crypto,222
2026-04-13,Football,1546
2026-04-13,Golf,2214990
2026-04-13,Hockey,2684472
2026-04-13,Motorsport,1682
2026-04-13,Other,240606
2026-04-13,Parlays,4134944
2026-04-13,Politics,19034
2026-04-13,Rugby,272
2026-04-13,Soccer,952646
2026-04-13,Tennis,3214880
2026-04-14,Baseball,12755950
2026-04-14,Basketball (college),0
2026-04-14,Basketball (pro),1573444
2026-04-14,Combat sports,0
2026-04-14,Companies,4128
2026-04-14,Crypto,316
2026-04-14,Football,528
2026-04-14,Golf,603718
2026-04-14,Hockey,2788774
2026-04-14,Motorsport,1106
2026-04-14,Other,4568
2026-04-14,Parlays,5129646
2026-04-14,Politics,10430
2026-04-14,Rugby,0
2026-04-14,Soccer,2019802
2026-04-14,Tennis,5011634
2026-04-15,Baseball,15181918
2026-04-15,Basketball (college),0
2026-04-15,Basketball (pro),14019062
2026-04-15,Combat sports,23734
2026-04-15,Companies,1676
2026-04-15,Crypto,1198
2026-04-15,Football,584
2026-04-15,Golf,184540
2026-04-15,Hockey,1536570
2026-04-15,Motorsport,604
2026-04-15,Other,5142
2026-04-15,Parlays,5519944
2026-04-15,Politics,13098
2026-04-15,Rugby,90
2026-04-15,Soccer,2444204
2026-04-15,Tennis,3741276
2026-04-16,Baseball,19220766
2026-04-16,Basketball (college),0
2026-04-16,Basketball (pro),12023610
2026-04-16,Combat sports,27388
2026-04-16,Companies,3778
2026-04-16,Crypto,2414
2026-04-16,Football,600
2026-04-16,Golf,852670
2026-04-16,Hockey,1030146
2026-04-16,Motorsport,1476
2026-04-16,Other,15178
2026-04-16,Parlays,5809172
2026-04-16,Politics,13146
2026-04-16,Rugby,0
2026-04-16,Soccer,352872
2026-04-16,Tennis,4250420
2026-04-17,Baseball,15975544
2026-04-17,Basketball (college),0
2026-04-17,Basketball (pro),2169762
2026-04-17,Combat sports,22454
2026-04-17,Companies,7324
2026-04-17,Crypto,50
2026-04-17,Football,204
2026-04-17,Golf,967560
2026-04-17,Hockey,3084012
2026-04-17,Motorsport,3636
2026-04-17,Other,306586
2026-04-17,Parlays,4383542
2026-04-17,Politics,181992
2026-04-17,Rugby,0
2026-04-17,Soccer,389932
2026-04-17,Tennis,6403972
2026-04-20,Baseball,10087736
2026-04-20,Basketball (college),0
2026-04-20,Basketball (pro),16016690
2026-04-20,Combat sports,0
2026-04-20,Companies,3400
2026-04-20,Crypto,2472
2026-04-20,Football,130
2026-04-20,Golf,579306
2026-04-20,Hockey,4824550
2026-04-20,Motorsport,978
2026-04-20,Other,242902
2026-04-20,Parlays,3799892
2026-04-20,Politics,5256
2026-04-20,Rugby,5596
2026-04-20,Soccer,560486
2026-04-20,Tennis,220178
2026-04-21,Baseball,8350324
2026-04-21,Basketball (college),0
2026-04-21,Basketball (pro),17570076
2026-04-21,Combat sports,0
2026-04-21,Companies,10772
2026-04-21,Crypto,16244
2026-04-21,Football,7576
2026-04-21,Golf,42340
2026-04-21,Hockey,3572420
2026-04-21,Motorsport,152
2026-04-21,Other,128346
2026-04-21,Parlays,5605072
2026-04-21,Politics,106894
2026-04-21,Rugby,82
2026-04-21,Soccer,1251326
2026-04-21,Tennis,2184216
2026-04-22,Baseball,16976746
2026-04-22,Basketball (college),0
2026-04-22,Basketball (pro),21056816
2026-04-22,Combat sports,472
2026-04-22,Companies,17870
2026-04-22,Crypto,13788
2026-04-22,Football,10170
2026-04-22,Golf,216920
2026-04-22,Hockey,3516250
2026-04-22,Motorsport,1072
2026-04-22,Other,38138
2026-04-22,Parlays,6433358
2026-04-22,Politics,109074
2026-04-22,Rugby,26
2026-04-22,Soccer,1526044
2026-04-22,Tennis,4482760
2026-04-23,Baseball,10161161
2026-04-23,Basketball (college),0
2026-04-23,Basketball (pro),6403570
2026-04-23,Combat sports,9671
2026-04-23,Companies,12580
2026-04-23,Crypto,9850
2026-04-23,Football,5329
2026-04-23,Golf,127898
2026-04-23,Hockey,2215024
2026-04-23,Motorsport,581
2026-04-23,Other,9774
2026-04-23,Parlays,3300994
2026-04-23,Politics,59203
2026-04-23,Rugby,10
2026-04-23,Soccer,669210
2026-04-23,Tennis,2268480
2026-04-24,Baseball,3985968
2026-04-24,Basketball (college),0
2026-04-24,Basketball (pro),9912155
2026-04-24,Combat sports,13476
2026-04-24,Companies,5090
2026-04-24,Crypto,6477
2026-04-24,Football,25961
2026-04-24,Golf,1162731
2026-04-24,Hockey,1842329
2026-04-24,Motorsport,1209
2026-04-24,Other,39843
2026-04-24,Parlays,2942871
2026-04-24,Politics,99207
2026-04-24,Rugby,141
2026-04-24,Soccer,535837
2026-04-24,Tennis,3413864
2026-04-27,Baseball,2033218
2026-04-27,Basketball (college),0
2026-04-27,Basketball (pro),10503159
2026-04-27,Combat sports,0
2026-04-27,Companies,4179
2026-04-27,Crypto,27559
2026-04-27,Football,3918
2026-04-27,Golf,80878
2026-04-27,Hockey,2415305
2026-04-27,Motorsport,1110
2026-04-27,Other,154906
2026-04-27,Parlays,2127652
2026-04-27,Politics,48492
2026-04-27,Rugby,8437
2026-04-27,Soccer,323469
2026-04-27,Tennis,2910734
2026-04-28,Baseball,4642024
2026-04-28,Basketball (college),0
2026-04-28,Basketball (pro),7651521
2026-04-28,Combat sports,0
2026-04-28,Companies,1925
2026-04-28,Crypto,1462
2026-04-28,Football,19102
2026-04-28,Golf,78829
2026-04-28,Hockey,1252051
2026-04-28,Motorsport,2878
2026-04-28,Other,6092
2026-04-28,Parlays,2880462
2026-04-28,Politics,5933
2026-04-28,Rugby,20
2026-04-28,Soccer,814649
2026-04-28,Tennis,3941328
2026-04-29,Baseball,8128759
2026-04-29,Basketball (college),0
2026-04-29,Basketball (pro),6130269
2026-04-29,Combat sports,13113
2026-04-29,Companies,1878
2026-04-29,Crypto,5356
2026-04-29,Football,12211
2026-04-29,Golf,231663
2026-04-29,Hockey,1357684
2026-04-29,Motorsport,424
2026-04-29,Other,791
2026-04-29,Parlays,3009961
2026-04-29,Politics,4078
2026-04-29,Rugby,0
2026-04-29,Soccer,620202
2026-04-29,Tennis,2901229
2026-04-30,Baseball,7960064
2026-04-30,Basketball (college),0
2026-04-30,Basketball (pro),8881748
2026-04-30,Combat sports,15833
2026-04-30,Companies,2350
2026-04-30,Crypto,2340
2026-04-30,Football,16111
2026-04-30,Golf,288169
2026-04-30,Hockey,2088495
2026-04-30,Motorsport,2392
2026-04-30,Other,22424
2026-04-30,Parlays,3269871
2026-04-30,Politics,4432
2026-04-30,Rugby,10
2026-04-30,Soccer,150423
2026-04-30,Tennis,2902600
