date,parlay_class,n_legs_bucket,sportmix,contracts,unmapped_flag
2025-09-04,unclassified (pending legs),unknown,unknown,11128,1
2025-09-05,unclassified (pending legs),unknown,unknown,21400,1
2025-09-17,multi-game (independent),2,all-sports,135,0
2025-09-17,multi-game (independent),3,all-sports,59,0
2025-09-17,multi-game (independent),4,all-sports,35,0
2025-09-18,multi-game (independent),2,all-sports,2114,0
2025-09-19,multi-game (independent),2,all-sports,15,0
2025-09-19,multi-game (independent),3,all-sports,44,0
2025-09-19,multi-game (independent),8+,all-sports,1,0
2025-09-20,multi-game (independent),2,all-sports,2772,0
2025-09-20,multi-game (independent),3,all-sports,1617,0
2025-09-20,multi-game (independent),4,all-sports,2612,0
2025-09-20,multi-game (independent),5-7,all-sports,10744,0
2025-09-20,multi-game (independent),8+,all-sports,10834,0
2025-09-21,multi-game (independent),2,all-sports,11815,0
2025-09-21,multi-game (independent),3,all-sports,2426,0
2025-09-21,multi-game (independent),4,all-sports,2507,0
2025-09-21,multi-game (independent),5-7,all-sports,4007,0
2025-09-21,multi-game (independent),8+,all-sports,4190,0
2025-09-23,multi-game (independent),4,all-sports,51,0
2025-09-23,multi-game (independent),5-7,all-sports,95,0
2025-09-24,multi-game (independent),2,all-sports,152,0
2025-09-24,multi-game (independent),3,all-sports,378,0
2025-09-24,multi-game (independent),4,all-sports,206,0
2025-09-24,multi-game (independent),5-7,all-sports,1239,0
2025-09-24,multi-game (independent),8+,all-sports,2311,0
2025-09-25,multi-game (independent),2,all-sports,628,0
2025-09-25,multi-game (independent),3,all-sports,2168,0
2025-09-25,multi-game (independent),4,all-sports,1833,0
2025-09-25,multi-game (independent),5-7,all-sports,9159,0
2025-09-25,multi-game (independent),8+,all-sports,8011,0
2025-09-26,multi-game (independent),2,all-sports,1465,0
2025-09-26,multi-game (independent),3,all-sports,2711,0
2025-09-26,multi-game (independent),4,all-sports,2937,0
2025-09-26,multi-game (independent),5-7,all-sports,7286,0
2025-09-26,multi-game (independent),8+,all-sports,5783,0
2025-09-27,multi-game (independent),2,all-sports,1805,0
2025-09-27,multi-game (independent),3,all-sports,1491,0
2025-09-27,multi-game (independent),4,all-sports,4439,0
2025-09-27,multi-game (independent),5-7,all-sports,12427,0
2025-09-27,multi-game (independent),8+,all-sports,12192,0
2025-09-28,multi-game (independent),2,all-sports,22104,0
2025-09-28,multi-game (independent),3,all-sports,24543,0
2025-09-28,multi-game (independent),4,all-sports,21161,0
2025-09-28,multi-game (independent),5-7,all-sports,27703,0
2025-09-28,multi-game (independent),8+,all-sports,15170,0
2025-09-28,same-game (correlated),2,all-sports,3,0
2025-09-28,same-game (correlated),3,all-sports,28,0
2025-09-29,multi-game (independent),2,all-sports,29332,0
2025-09-29,multi-game (independent),3,all-sports,9,0
2025-09-29,same-game (correlated),2,all-sports,105758,0
2025-09-29,same-game (correlated),3,all-sports,58850,0
2025-09-29,same-game (correlated),4,all-sports,60296,0
2025-09-29,same-game (correlated),5-7,all-sports,30853,0
2025-10-01,same-game (correlated),2,all-sports,5816,0
2025-10-01,same-game (correlated),3,all-sports,10222,0
2025-10-01,same-game (correlated),4,all-sports,13706,0
2025-10-01,same-game (correlated),5-7,all-sports,10025,0
2025-10-02,same-game (correlated),2,all-sports,362695,0
2025-10-02,same-game (correlated),3,all-sports,137537,0
2025-10-02,same-game (correlated),4,all-sports,87385,0
2025-10-02,same-game (correlated),5-7,all-sports,62144,0
2025-10-03,multi-game (independent),2,all-sports,15686,0
2025-10-03,multi-game (independent),3,all-sports,15621,0
2025-10-03,multi-game (independent),4,all-sports,19108,0
2025-10-03,multi-game (independent),5-7,all-sports,74591,0
2025-10-03,multi-game (independent),8+,all-sports,65998,0
2025-10-03,same-game (correlated),2,all-sports,17674,0
2025-10-03,same-game (correlated),3,all-sports,23296,0
2025-10-03,same-game (correlated),4,all-sports,20000,0
2025-10-03,same-game (correlated),5-7,all-sports,32466,0
2025-10-03,same-game (correlated),8+,all-sports,17485,0
2025-10-04,multi-game (independent),2,all-sports,23678,0
2025-10-04,multi-game (independent),3,all-sports,47789,0
2025-10-04,multi-game (independent),4,all-sports,56408,0
2025-10-04,multi-game (independent),5-7,all-sports,213573,0
2025-10-04,multi-game (independent),8+,all-sports,187032,0
2025-10-04,same-game (correlated),2,all-sports,35553,0
2025-10-04,same-game (correlated),3,all-sports,52255,0
2025-10-04,same-game (correlated),4,all-sports,42807,0
2025-10-04,same-game (correlated),5-7,all-sports,137179,0
2025-10-04,same-game (correlated),8+,all-sports,69603,0
2025-10-05,multi-game (independent),2,all-sports,505627,0
2025-10-05,multi-game (independent),3,all-sports,221041,0
2025-10-05,multi-game (independent),4,all-sports,235417,0
2025-10-05,multi-game (independent),5-7,all-sports,320180,0
2025-10-05,multi-game (independent),8+,all-sports,123471,0
2025-10-05,same-game (correlated),2,all-sports,730515,0
2025-10-05,same-game (correlated),3,all-sports,582731,0
2025-10-05,same-game (correlated),4,all-sports,484765,0
2025-10-05,same-game (correlated),5-7,all-sports,536142,0
2025-10-05,same-game (correlated),8+,all-sports,132665,0
2025-10-06,same-game (correlated),2,all-sports,232022,0
2025-10-06,same-game (correlated),3,all-sports,242528,0
2025-10-06,same-game (correlated),4,all-sports,185679,0
2025-10-06,same-game (correlated),5-7,all-sports,70099,0
2025-10-09,multi-game (independent),2,all-sports,10191,0
2025-10-09,multi-game (independent),3,all-sports,17893,0
2025-10-09,multi-game (independent),4,all-sports,14154,0
2025-10-09,multi-game (independent),5-7,all-sports,64575,0
2025-10-09,multi-game (independent),8+,all-sports,23754,0
2025-10-09,same-game (correlated),2,all-sports,343659,0
2025-10-09,same-game (correlated),3,all-sports,399590,0
2025-10-09,same-game (correlated),4,all-sports,352422,0
2025-10-09,same-game (correlated),5-7,all-sports,322359,0
2025-10-09,same-game (correlated),8+,all-sports,6160,0
2025-10-10,multi-game (independent),2,all-sports,14937,0
2025-10-10,multi-game (independent),3,all-sports,39921,0
2025-10-10,multi-game (independent),4,all-sports,86659,0
2025-10-10,multi-game (independent),5-7,all-sports,152826,0
2025-10-10,multi-game (independent),8+,all-sports,136548,0
2025-10-10,same-game (correlated),2,all-sports,36636,0
2025-10-10,same-game (correlated),3,all-sports,12102,0
2025-10-10,same-game (correlated),4,all-sports,7983,0
2025-10-10,same-game (correlated),5-7,all-sports,17003,0
2025-10-10,same-game (correlated),8+,all-sports,18335,0
2025-10-11,multi-game (independent),2,all-sports,27205,0
2025-10-11,multi-game (independent),3,all-sports,72633,0
2025-10-11,multi-game (independent),4,all-sports,143524,0
2025-10-11,multi-game (independent),5-7,all-sports,258673,0
2025-10-11,multi-game (independent),8+,all-sports,265711,0
2025-10-11,same-game (correlated),2,all-sports,84581,0
2025-10-11,same-game (correlated),3,all-sports,89040,0
2025-10-11,same-game (correlated),4,all-sports,99144,0
2025-10-11,same-game (correlated),5-7,all-sports,193273,0
2025-10-11,same-game (correlated),8+,all-sports,139455,0
2025-10-12,multi-game (independent),2,all-sports,364707,0
2025-10-12,multi-game (independent),3,all-sports,486499,0
2025-10-12,multi-game (independent),4,all-sports,300150,0
2025-10-12,multi-game (independent),5-7,all-sports,557069,0
2025-10-12,multi-game (independent),8+,all-sports,346419,0
2025-10-12,same-game (correlated),2,all-sports,1113824,0
2025-10-12,same-game (correlated),3,all-sports,876356,0
2025-10-12,same-game (correlated),4,all-sports,723061,0
2025-10-12,same-game (correlated),5-7,all-sports,891678,0
2025-10-12,same-game (correlated),8+,all-sports,247866,0
2025-10-13,multi-game (independent),2,all-sports,247583,0
2025-10-13,multi-game (independent),3,all-sports,2154,0
2025-10-13,multi-game (independent),4,all-sports,496,0
2025-10-13,multi-game (independent),5-7,all-sports,1398,0
2025-10-13,multi-game (independent),8+,all-sports,4197,0
2025-10-13,same-game (correlated),2,all-sports,392005,0
2025-10-13,same-game (correlated),3,all-sports,420770,0
2025-10-13,same-game (correlated),4,all-sports,437258,0
2025-10-13,same-game (correlated),5-7,all-sports,619330,0
2025-10-13,same-game (correlated),8+,all-sports,256581,0
2025-10-14,multi-game (independent),2,all-sports,7451,0
2025-10-14,multi-game (independent),3,all-sports,24432,0
2025-10-14,multi-game (independent),4,all-sports,36698,0
2025-10-14,multi-game (independent),5-7,all-sports,152797,0
2025-10-14,multi-game (independent),8+,all-sports,148642,0
2025-10-14,same-game (correlated),2,all-sports,17747,0
2025-10-14,same-game (correlated),3,all-sports,4019,0
2025-10-14,same-game (correlated),4,all-sports,883,0
2025-10-14,same-game (correlated),5-7,all-sports,6031,0
2025-10-14,same-game (correlated),8+,all-sports,8748,0
2025-10-15,multi-game (independent),2,all-sports,15920,0
2025-10-15,multi-game (independent),3,all-sports,33647,0
2025-10-15,multi-game (independent),4,all-sports,31248,0
2025-10-15,multi-game (independent),5-7,all-sports,110358,0
2025-10-15,multi-game (independent),8+,all-sports,142184,0
2025-10-15,same-game (correlated),2,all-sports,56576,0
2025-10-15,same-game (correlated),3,all-sports,51438,0
2025-10-15,same-game (correlated),4,all-sports,53289,0
2025-10-15,same-game (correlated),5-7,all-sports,106359,0
2025-10-15,same-game (correlated),8+,all-sports,88084,0
2025-10-16,multi-game (independent),2,all-sports,41707,0
2025-10-16,multi-game (independent),3,all-sports,41107,0
2025-10-16,multi-game (independent),4,all-sports,82831,0
2025-10-16,multi-game (independent),5-7,all-sports,165571,0
2025-10-16,multi-game (independent),8+,all-sports,368605,0
2025-10-16,same-game (correlated),2,all-sports,541787,0
2025-10-16,same-game (correlated),3,all-sports,425942,0
2025-10-16,same-game (correlated),4,all-sports,389799,0
2025-10-16,same-game (correlated),5-7,all-sports,563543,0
2025-10-16,same-game (correlated),8+,all-sports,361943,0
2025-10-17,multi-game (independent),2,all-sports,23013,0
2025-10-17,multi-game (independent),3,all-sports,106224,0
2025-10-17,multi-game (independent),4,all-sports,94354,0
2025-10-17,multi-game (independent),5-7,all-sports,389322,0
2025-10-17,multi-game (independent),8+,all-sports,575291,0
2025-10-17,same-game (correlated),2,all-sports,40114,0
2025-10-17,same-game (correlated),3,all-sports,19402,0
2025-10-17,same-game (correlated),4,all-sports,22378,0
2025-10-17,same-game (correlated),5-7,all-sports,61481,0
2025-10-17,same-game (correlated),8+,all-sports,72988,0
2025-10-18,multi-game (independent),2,all-sports,48037,0
2025-10-18,multi-game (independent),3,all-sports,124332,0
2025-10-18,multi-game (independent),4,all-sports,188321,0
2025-10-18,multi-game (independent),5-7,all-sports,465884,0
2025-10-18,multi-game (independent),8+,all-sports,410558,0
2025-10-18,same-game (correlated),2,all-sports,70719,0
2025-10-18,same-game (correlated),3,all-sports,98655,0
2025-10-18,same-game (correlated),4,all-sports,104477,0
2025-10-18,same-game (correlated),5-7,all-sports,294383,0
2025-10-18,same-game (correlated),8+,all-sports,541068,0
2025-10-19,multi-game (independent),2,all-sports,491513,0
2025-10-19,multi-game (independent),3,all-sports,682756,0
2025-10-19,multi-game (independent),4,all-sports,593211,0
2025-10-19,multi-game (independent),5-7,all-sports,1242235,0
2025-10-19,multi-game (independent),8+,all-sports,680873,0
2025-10-19,same-game (correlated),2,all-sports,1021553,0
2025-10-19,same-game (correlated),3,all-sports,1013339,0
2025-10-19,same-game (correlated),4,all-sports,800121,0
2025-10-19,same-game (correlated),5-7,all-sports,1585046,0
2025-10-19,same-game (correlated),8+,all-sports,1205825,0
2025-10-20,multi-game (independent),2,all-sports,412693,0
2025-10-20,multi-game (independent),3,all-sports,120,0
2025-10-20,same-game (correlated),2,all-sports,1470053,0
2025-10-20,same-game (correlated),3,all-sports,921550,0
2025-10-20,same-game (correlated),4,all-sports,1145498,0
2025-10-20,same-game (correlated),5-7,all-sports,1320692,0
2025-10-20,same-game (correlated),8+,all-sports,790281,0
2025-10-21,multi-game (independent),2,all-sports,14447,0
2025-10-21,multi-game (independent),3,all-sports,17323,0
2025-10-21,multi-game (independent),4,all-sports,21478,0
2025-10-21,multi-game (independent),5-7,all-sports,149676,0
2025-10-21,multi-game (independent),8+,all-sports,306451,0
2025-10-21,same-game (correlated),2,all-sports,79093,0
2025-10-21,same-game (correlated),3,all-sports,22493,0
2025-10-21,same-game (correlated),4,all-sports,19391,0
2025-10-21,same-game (correlated),5-7,all-sports,28007,0
2025-10-21,same-game (correlated),8+,all-sports,32130,0
2025-10-22,multi-game (independent),2,all-sports,15339,0
2025-10-22,multi-game (independent),3,all-sports,33386,0
2025-10-22,multi-game (independent),4,all-sports,46906,0
2025-10-22,multi-game (independent),5-7,all-sports,192032,0
2025-10-22,multi-game (independent),8+,all-sports,537398,0
2025-10-22,same-game (correlated),2,all-sports,64459,0
2025-10-22,same-game (correlated),3,all-sports,58596,0
2025-10-22,same-game (correlated),4,all-sports,87045,0
2025-10-22,same-game (correlated),5-7,all-sports,129792,0
2025-10-22,same-game (correlated),8+,all-sports,152773,0
2025-10-23,multi-game (independent),2,all-sports,17309,0
2025-10-23,multi-game (independent),3,all-sports,61420,0
2025-10-23,multi-game (independent),4,all-sports,88983,0
2025-10-23,multi-game (independent),5-7,all-sports,203816,0
2025-10-23,multi-game (independent),8+,all-sports,518391,0
2025-10-23,same-game (correlated),2,all-sports,648505,0
2025-10-23,same-game (correlated),3,all-sports,573474,0
2025-10-23,same-game (correlated),4,all-sports,604502,0
2025-10-23,same-game (correlated),5-7,all-sports,860097,0
2025-10-23,same-game (correlated),8+,all-sports,567062,0
2025-10-24,multi-game (independent),2,all-sports,64052,0
2025-10-24,multi-game (independent),3,all-sports,84414,0
2025-10-24,multi-game (independent),4,all-sports,90450,0
2025-10-24,multi-game (independent),5-7,all-sports,329845,0
2025-10-24,multi-game (independent),8+,all-sports,498905,0
2025-10-24,same-game (correlated),2,all-sports,26778,0
2025-10-24,same-game (correlated),3,all-sports,14309,0
2025-10-24,same-game (correlated),4,all-sports,3334,0
2025-10-24,same-game (correlated),5-7,all-sports,31116,0
2025-10-24,same-game (correlated),8+,all-sports,63658,0
2025-10-25,multi-game (independent),2,all-sports,156229,0
2025-10-25,multi-game (independent),3,all-sports,350864,0
2025-10-25,multi-game (independent),4,all-sports,383154,0
2025-10-25,multi-game (independent),5-7,all-sports,991975,0
2025-10-25,multi-game (independent),8+,all-sports,654679,0
2025-10-25,same-game (correlated),2,all-sports,110253,0
2025-10-25,same-game (correlated),3,all-sports,159070,0
2025-10-25,same-game (correlated),4,all-sports,196842,0
2025-10-25,same-game (correlated),5-7,all-sports,473841,0
2025-10-25,same-game (correlated),8+,all-sports,677487,0
2025-10-26,multi-game (independent),2,all-sports,637969,0
2025-10-26,multi-game (independent),3,all-sports,1067647,0
2025-10-26,multi-game (independent),4,all-sports,1063491,0
2025-10-26,multi-game (independent),5-7,all-sports,1655774,0
2025-10-26,multi-game (independent),8+,all-sports,1028637,0
2025-10-26,same-game (correlated),2,all-sports,1151748,0
2025-10-26,same-game (correlated),3,all-sports,1109951,0
2025-10-26,same-game (correlated),4,all-sports,1183615,0
2025-10-26,same-game (correlated),5-7,all-sports,2068821,0
2025-10-26,same-game (correlated),8+,all-sports,1789291,0
2025-10-27,multi-game (independent),2,all-sports,2,0
2025-10-27,same-game (correlated),2,all-sports,888776,0
2025-10-27,same-game (correlated),3,all-sports,757774,0
2025-10-27,same-game (correlated),4,all-sports,782884,0
2025-10-27,same-game (correlated),5-7,all-sports,1115124,0
2025-10-27,same-game (correlated),8+,all-sports,682000,0
2025-10-28,multi-game (independent),2,all-sports,10315,0
2025-10-28,multi-game (independent),3,all-sports,18397,0
2025-10-28,multi-game (independent),4,all-sports,51701,0
2025-10-28,multi-game (independent),5-7,all-sports,199164,0
2025-10-28,multi-game (independent),8+,all-sports,656315,0
2025-10-28,same-game (correlated),2,all-sports,9979,0
2025-10-28,same-game (correlated),3,all-sports,5702,0
2025-10-28,same-game (correlated),4,all-sports,10473,0
2025-10-28,same-game (correlated),5-7,all-sports,11391,0
2025-10-28,same-game (correlated),8+,all-sports,60871,0
2025-10-29,multi-game (independent),2,all-sports,40087,0
2025-10-29,multi-game (independent),3,all-sports,109911,0
2025-10-29,multi-game (independent),4,all-sports,66675,0
2025-10-29,multi-game (independent),5-7,all-sports,225084,0
2025-10-29,multi-game (independent),8+,all-sports,871785,0
2025-10-29,same-game (correlated),2,all-sports,91725,0
2025-10-29,same-game (correlated),3,all-sports,91875,0
2025-10-29,same-game (correlated),4,all-sports,116420,0
2025-10-29,same-game (correlated),5-7,all-sports,197925,0
2025-10-29,same-game (correlated),8+,all-sports,292907,0
2025-10-30,multi-game (independent),2,all-sports,24716,0
2025-10-30,multi-game (independent),3,all-sports,68078,0
2025-10-30,multi-game (independent),4,all-sports,88259,0
2025-10-30,multi-game (independent),5-7,all-sports,252068,0
2025-10-30,multi-game (independent),8+,all-sports,861095,0
2025-10-30,same-game (correlated),2,all-sports,1170124,0
2025-10-30,same-game (correlated),3,all-sports,640503,0
2025-10-30,same-game (correlated),4,all-sports,590421,0
2025-10-30,same-game (correlated),5-7,all-sports,915103,0
2025-10-30,same-game (correlated),8+,all-sports,793697,0
2025-10-31,multi-game (independent),2,all-sports,31667,0
2025-10-31,multi-game (independent),3,all-sports,90494,0
2025-10-31,multi-game (independent),4,all-sports,73454,0
2025-10-31,multi-game (independent),5-7,all-sports,286346,0
2025-10-31,multi-game (independent),8+,all-sports,729339,0
2025-10-31,same-game (correlated),2,all-sports,19827,0
2025-10-31,same-game (correlated),3,all-sports,19501,0
2025-10-31,same-game (correlated),4,all-sports,14749,0
2025-10-31,same-game (correlated),5-7,all-sports,49750,0
2025-10-31,same-game (correlated),8+,all-sports,96264,0
2025-11-01,multi-game (independent),2,all-sports,131597,0
2025-11-01,multi-game (independent),3,all-sports,172821,0
2025-11-01,multi-game (independent),4,all-sports,212646,0
2025-11-01,multi-game (independent),5-7,all-sports,543095,0
2025-11-01,multi-game (independent),8+,all-sports,828060,0
2025-11-01,same-game (correlated),2,all-sports,85218,0
2025-11-01,same-game (correlated),3,all-sports,125463,0
2025-11-01,same-game (correlated),4,all-sports,140236,0
2025-11-01,same-game (correlated),5-7,all-sports,419838,0
2025-11-01,same-game (correlated),8+,all-sports,865334,0
2025-11-02,multi-game (independent),2,all-sports,924376,0
2025-11-02,multi-game (independent),3,all-sports,1314571,0
2025-11-02,multi-game (independent),4,all-sports,1057686,0
2025-11-02,multi-game (independent),5-7,all-sports,2040679,0
2025-11-02,multi-game (independent),8+,all-sports,1999540,0
2025-11-02,same-game (correlated),2,all-sports,1463523,0
2025-11-02,same-game (correlated),3,all-sports,1177675,0
2025-11-02,same-game (correlated),4,all-sports,1279209,0
2025-11-02,same-game (correlated),5-7,all-sports,2721763,0
2025-11-02,same-game (correlated),8+,all-sports,2747320,0
2025-11-03,multi-game (independent),2,all-sports,7,0
2025-11-03,multi-game (independent),4,all-sports,275,0
2025-11-03,multi-game (independent),5-7,all-sports,6,0
2025-11-03,same-game (correlated),2,all-sports,982521,0
2025-11-03,same-game (correlated),3,all-sports,759506,0
2025-11-03,same-game (correlated),4,all-sports,602161,0
2025-11-03,same-game (correlated),5-7,all-sports,1318820,0
2025-11-03,same-game (correlated),8+,all-sports,721213,0
2025-11-04,multi-game (independent),2,all-sports,15587,0
2025-11-04,multi-game (independent),3,all-sports,31710,0
2025-11-04,multi-game (independent),4,all-sports,42721,0
2025-11-04,multi-game (independent),5-7,all-sports,165523,0
2025-11-04,multi-game (independent),8+,all-sports,470568,0
2025-11-04,same-game (correlated),2,all-sports,12019,0
2025-11-04,same-game (correlated),3,all-sports,2781,0
2025-11-04,same-game (correlated),4,all-sports,803,0
2025-11-04,same-game (correlated),5-7,all-sports,4821,0
2025-11-04,same-game (correlated),8+,all-sports,54352,0
2025-11-05,multi-game (independent),2,all-sports,12353,0
2025-11-05,multi-game (independent),3,all-sports,70967,0
2025-11-05,multi-game (independent),4,all-sports,87194,0
2025-11-05,multi-game (independent),5-7,all-sports,303630,0
2025-11-05,multi-game (independent),8+,all-sports,590843,0
2025-11-05,same-game (correlated),2,all-sports,104239,0
2025-11-05,same-game (correlated),3,all-sports,127003,0
2025-11-05,same-game (correlated),4,all-sports,83902,0
2025-11-05,same-game (correlated),5-7,all-sports,187563,0
2025-11-05,same-game (correlated),8+,all-sports,250937,0
2025-11-06,multi-game (independent),2,all-sports,20131,0
2025-11-06,multi-game (independent),3,all-sports,98534,0
2025-11-06,multi-game (independent),4,all-sports,70658,0
2025-11-06,multi-game (independent),5-7,all-sports,188532,0
2025-11-06,multi-game (independent),8+,all-sports,887780,0
2025-11-06,same-game (correlated),2,all-sports,939963,0
2025-11-06,same-game (correlated),3,all-sports,966732,0
2025-11-06,same-game (correlated),4,all-sports,773792,0
2025-11-06,same-game (correlated),5-7,all-sports,1399569,0
2025-11-06,same-game (correlated),8+,all-sports,976578,0
2025-11-07,multi-game (independent),2,all-sports,59077,0
2025-11-07,multi-game (independent),3,all-sports,61962,0
2025-11-07,multi-game (independent),4,all-sports,80927,0
2025-11-07,multi-game (independent),5-7,all-sports,341709,0
2025-11-07,multi-game (independent),8+,all-sports,714280,0
2025-11-07,same-game (correlated),2,all-sports,61830,0
2025-11-07,same-game (correlated),3,all-sports,14314,0
2025-11-07,same-game (correlated),4,all-sports,1286,0
2025-11-07,same-game (correlated),5-7,all-sports,11083,0
2025-11-07,same-game (correlated),8+,all-sports,65812,0
2025-11-08,multi-game (independent),2,all-sports,115575,0
2025-11-08,multi-game (independent),3,all-sports,237679,0
2025-11-08,multi-game (independent),4,all-sports,284091,0
2025-11-08,multi-game (independent),5-7,all-sports,596656,0
2025-11-08,multi-game (independent),8+,all-sports,1207127,0
2025-11-08,same-game (correlated),2,all-sports,71231,0
2025-11-08,same-game (correlated),3,all-sports,92292,0
2025-11-08,same-game (correlated),4,all-sports,179193,0
2025-11-08,same-game (correlated),5-7,all-sports,515591,0
2025-11-08,same-game (correlated),8+,all-sports,1158611,0
2025-11-09,multi-game (independent),2,all-sports,991506,0
2025-11-09,multi-game (independent),3,all-sports,1416290,0
2025-11-09,multi-game (independent),4,all-sports,1206048,0
2025-11-09,multi-game (independent),5-7,all-sports,1947321,0
2025-11-09,multi-game (independent),8+,all-sports,1615392,0
2025-11-09,same-game (correlated),2,all-sports,1637457,0
2025-11-09,same-game (correlated),3,all-sports,1381035,0
2025-11-09,same-game (correlated),4,all-sports,1650408,0
2025-11-09,same-game (correlated),5-7,all-sports,3325212,0
2025-11-09,same-game (correlated),8+,all-sports,3375996,0
2025-11-09,unclassified (pending legs),unknown,unknown,15,1
2025-11-10,multi-game (independent),2,all-sports,4,0
2025-11-10,same-game (correlated),2,all-sports,1164958,0
2025-11-10,same-game (correlated),3,all-sports,1035925,0
2025-11-10,same-game (correlated),4,all-sports,965089,0
2025-11-10,same-game (correlated),5-7,all-sports,1652639,0
2025-11-10,same-game (correlated),8+,all-sports,1136290,0
2025-11-11,multi-game (independent),2,all-sports,10712,0
2025-11-11,multi-game (independent),3,all-sports,22195,0
2025-11-11,multi-game (independent),4,all-sports,47208,0
2025-11-11,multi-game (independent),5-7,all-sports,118424,0
2025-11-11,multi-game (independent),8+,all-sports,423955,0
2025-11-11,same-game (correlated),2,all-sports,7707,0
2025-11-11,same-game (correlated),3,all-sports,5008,0
2025-11-11,same-game (correlated),4,all-sports,4207,0
2025-11-11,same-game (correlated),5-7,all-sports,4319,0
2025-11-11,same-game (correlated),8+,all-sports,27335,0
2025-11-12,multi-game (independent),2,all-sports,23016,0
2025-11-12,multi-game (independent),3,all-sports,33324,0
2025-11-12,multi-game (independent),4,all-sports,74336,0
2025-11-12,multi-game (independent),5-7,all-sports,251897,0
2025-11-12,multi-game (independent),8+,all-sports,787273,0
2025-11-12,same-game (correlated),2,all-sports,36886,0
2025-11-12,same-game (correlated),3,all-sports,17150,0
2025-11-12,same-game (correlated),4,all-sports,6119,0
2025-11-12,same-game (correlated),5-7,all-sports,38894,0
2025-11-12,same-game (correlated),8+,all-sports,45265,0
2025-11-13,multi-game (independent),2,all-sports,20700,0
2025-11-13,multi-game (independent),3,all-sports,42945,0
2025-11-13,multi-game (independent),4,all-sports,79149,0
2025-11-13,multi-game (independent),5-7,all-sports,352317,0
2025-11-13,multi-game (independent),8+,all-sports,1111675,0
2025-11-13,same-game (correlated),2,all-nonsports,54,0
2025-11-13,same-game (correlated),2,all-sports,983154,0
2025-11-13,same-game (correlated),3,all-nonsports,323,0
2025-11-13,same-game (correlated),3,all-sports,922751,0
2025-11-13,same-game (correlated),4,all-sports,836138,0
2025-11-13,same-game (correlated),5-7,all-nonsports,68,0
2025-11-13,same-game (correlated),5-7,all-sports,1367273,0
2025-11-13,same-game (correlated),8+,all-sports,665736,0
2025-11-13,unclassified (pending legs),unknown,unknown,5942,1
2025-11-14,multi-game (independent),2,all-sports,42267,0
2025-11-14,multi-game (independent),3,all-sports,91583,0
2025-11-14,multi-game (independent),4,all-sports,104255,0
2025-11-14,multi-game (independent),5-7,all-sports,477790,0
2025-11-14,multi-game (independent),8+,all-sports,1147246,0
2025-11-14,same-game (correlated),2,all-nonsports,80,0
2025-11-14,same-game (correlated),2,all-sports,44518,0
2025-11-14,same-game (correlated),3,all-sports,20802,0
2025-11-14,same-game (correlated),4,all-sports,26854,0
2025-11-14,same-game (correlated),5-7,all-nonsports,120,0
2025-11-14,same-game (correlated),5-7,all-sports,136097,0
2025-11-14,same-game (correlated),8+,all-sports,330847,0
2025-11-15,multi-game (independent),2,all-sports,104324,0
2025-11-15,multi-game (independent),3,all-sports,246303,0
2025-11-15,multi-game (independent),4,all-sports,305679,0
2025-11-15,multi-game (independent),5-7,all-sports,927966,0
2025-11-15,multi-game (independent),8+,all-sports,1563495,0
2025-11-15,same-game (correlated),2,all-nonsports,234,0
2025-11-15,same-game (correlated),2,all-sports,98191,0
2025-11-15,same-game (correlated),3,all-nonsports,151,0
2025-11-15,same-game (correlated),3,all-sports,138125,0
2025-11-15,same-game (correlated),4,all-nonsports,76,0
2025-11-15,same-game (correlated),4,all-sports,146481,0
2025-11-15,same-game (correlated),5-7,all-nonsports,393,0
2025-11-15,same-game (correlated),5-7,all-sports,681053,0
2025-11-15,same-game (correlated),8+,all-sports,1623150,0
2025-11-16,multi-game (independent),2,all-sports,1320043,0
2025-11-16,multi-game (independent),3,all-sports,1823877,0
2025-11-16,multi-game (independent),4,all-sports,1494111,0
2025-11-16,multi-game (independent),5-7,all-sports,2775164,0
2025-11-16,multi-game (independent),8+,all-sports,1835061,0
2025-11-16,same-game (correlated),2,all-nonsports,875,0
2025-11-16,same-game (correlated),2,all-sports,1496175,0
2025-11-16,same-game (correlated),3,all-nonsports,2774,0
2025-11-16,same-game (correlated),3,all-sports,1163132,0
2025-11-16,same-game (correlated),4,all-nonsports,4112,0
2025-11-16,same-game (correlated),4,all-sports,1300148,0
2025-11-16,same-game (correlated),5-7,all-nonsports,9090,0
2025-11-16,same-game (correlated),5-7,all-sports,3055556,0
2025-11-16,same-game (correlated),8+,all-nonsports,151,0
2025-11-16,same-game (correlated),8+,all-sports,2499139,0
2025-11-17,multi-game (independent),2,all-sports,187,0
2025-11-17,same-game (correlated),2,all-nonsports,6973,0
2025-11-17,same-game (correlated),2,all-sports,870642,0
2025-11-17,same-game (correlated),3,all-nonsports,9465,0
2025-11-17,same-game (correlated),3,all-sports,733642,0
2025-11-17,same-game (correlated),4,all-nonsports,6645,0
2025-11-17,same-game (correlated),4,all-sports,630456,0
2025-11-17,same-game (correlated),5-7,all-nonsports,10762,0
2025-11-17,same-game (correlated),5-7,all-sports,1178719,0
2025-11-17,same-game (correlated),8+,all-nonsports,1709,0
2025-11-17,same-game (correlated),8+,all-sports,894753,0
2025-11-18,multi-game (independent),2,all-sports,82664,0
2025-11-18,multi-game (independent),3,all-sports,37453,0
2025-11-18,multi-game (independent),4,all-sports,32104,0
2025-11-18,multi-game (independent),5-7,all-sports,91103,0
2025-11-18,multi-game (independent),8+,all-sports,331255,0
2025-11-18,same-game (correlated),2,all-nonsports,1660,0
2025-11-18,same-game (correlated),2,all-sports,159547,0
2025-11-18,same-game (correlated),3,all-nonsports,445,0
2025-11-18,same-game (correlated),3,all-sports,94350,0
2025-11-18,same-game (correlated),4,all-nonsports,323,0
2025-11-18,same-game (correlated),4,all-sports,74573,0
2025-11-18,same-game (correlated),5-7,all-nonsports,243,0
2025-11-18,same-game (correlated),5-7,all-sports,155543,0
2025-11-18,same-game (correlated),8+,all-nonsports,265,0
2025-11-18,same-game (correlated),8+,all-sports,131025,0
2025-11-19,multi-game (independent),2,all-sports,201540,0
2025-11-19,multi-game (independent),3,all-sports,127629,0
2025-11-19,multi-game (independent),4,all-sports,140948,0
2025-11-19,multi-game (independent),5-7,all-sports,469574,0
2025-11-19,multi-game (independent),8+,all-sports,846423,0
2025-11-19,same-game (correlated),2,all-nonsports,181,0
2025-11-19,same-game (correlated),2,all-sports,264783,0
2025-11-19,same-game (correlated),3,all-nonsports,76,0
2025-11-19,same-game (correlated),3,all-sports,154911,0
2025-11-19,same-game (correlated),4,all-nonsports,52,0
2025-11-19,same-game (correlated),4,all-sports,140717,0
2025-11-19,same-game (correlated),5-7,all-nonsports,18,0
2025-11-19,same-game (correlated),5-7,all-sports,287634,0
2025-11-19,same-game (correlated),8+,all-sports,322150,0
2025-11-20,multi-game (independent),2,all-sports,178332,0
2025-11-20,multi-game (independent),3,all-sports,186839,0
2025-11-20,multi-game (independent),4,all-sports,208293,0
2025-11-20,multi-game (independent),5-7,all-sports,326111,0
2025-11-20,multi-game (independent),8+,all-sports,815854,0
2025-11-20,same-game (correlated),2,all-nonsports,2525,0
2025-11-20,same-game (correlated),2,all-sports,1131280,0
2025-11-20,same-game (correlated),3,all-nonsports,2317,0
2025-11-20,same-game (correlated),3,all-sports,905996,0
2025-11-20,same-game (correlated),4,all-nonsports,1286,0
2025-11-20,same-game (correlated),4,all-sports,660824,0
2025-11-20,same-game (correlated),5-7,all-nonsports,1480,0
2025-11-20,same-game (correlated),5-7,all-sports,1293615,0
2025-11-20,same-game (correlated),8+,all-nonsports,179,0
2025-11-20,same-game (correlated),8+,all-sports,747695,0
2025-11-21,multi-game (independent),2,all-sports,189569,0
2025-11-21,multi-game (independent),3,all-sports,279673,0
2025-11-21,multi-game (independent),4,all-sports,240321,0
2025-11-21,multi-game (independent),5-7,all-sports,558681,0
2025-11-21,multi-game (independent),8+,all-sports,1247706,0
2025-11-21,same-game (correlated),2,all-nonsports,271,0
2025-11-21,same-game (correlated),2,all-sports,134104,0
2025-11-21,same-game (correlated),3,all-nonsports,118,0
2025-11-21,same-game (correlated),3,all-sports,85670,0
2025-11-21,same-game (correlated),4,all-nonsports,189,0
2025-11-21,same-game (correlated),4,all-sports,98452,0
2025-11-21,same-game (correlated),5-7,all-sports,229588,0
2025-11-21,same-game (correlated),8+,all-sports,407779,0
2025-11-21,unclassified (pending legs),unknown,unknown,67474,1
2025-11-22,multi-game (independent),2,all-sports,170338,0
2025-11-22,multi-game (independent),3,all-sports,346150,0
2025-11-22,multi-game (independent),4,all-sports,432824,0
2025-11-22,multi-game (independent),5-7,all-sports,911948,0
2025-11-22,multi-game (independent),8+,all-sports,1072129,0
2025-11-22,same-game (correlated),2,all-nonsports,208,0
2025-11-22,same-game (correlated),2,all-sports,217839,0
2025-11-22,same-game (correlated),3,all-nonsports,88,0
2025-11-22,same-game (correlated),3,all-sports,167019,0
2025-11-22,same-game (correlated),4,all-nonsports,35,0
2025-11-22,same-game (correlated),4,all-sports,209214,0
2025-11-22,same-game (correlated),5-7,all-nonsports,81,0
2025-11-22,same-game (correlated),5-7,all-sports,621074,0
2025-11-22,same-game (correlated),8+,all-sports,1112828,0
2025-11-22,unclassified (pending legs),unknown,unknown,18938,1
2025-11-23,multi-game (independent),2,all-sports,1364028,0
2025-11-23,multi-game (independent),3,all-sports,1647868,0
2025-11-23,multi-game (independent),4,all-sports,1669157,0
2025-11-23,multi-game (independent),5-7,all-sports,2807905,0
2025-11-23,multi-game (independent),8+,all-sports,2028129,0
2025-11-23,same-game (correlated),2,all-nonsports,284,0
2025-11-23,same-game (correlated),2,all-sports,1681149,0
2025-11-23,same-game (correlated),3,all-sports,1502280,0
2025-11-23,same-game (correlated),4,all-nonsports,52,0
2025-11-23,same-game (correlated),4,all-sports,1302122,0
2025-11-23,same-game (correlated),5-7,all-sports,3354489,0
2025-11-23,same-game (correlated),8+,all-sports,3520785,0
2025-11-23,unclassified (pending legs),unknown,unknown,34208,1
2025-11-24,multi-game (independent),2,all-sports,144077,0
2025-11-24,multi-game (independent),3,all-sports,142596,0
2025-11-24,multi-game (independent),4,all-sports,134487,0
2025-11-24,multi-game (independent),5-7,all-sports,226737,0
2025-11-24,multi-game (independent),8+,all-sports,350077,0
2025-11-24,same-game (correlated),2,all-nonsports,63,0
2025-11-24,same-game (correlated),2,all-sports,1088874,0
2025-11-24,same-game (correlated),3,all-sports,582682,0
2025-11-24,same-game (correlated),4,all-sports,602521,0
2025-11-24,same-game (correlated),5-7,all-sports,1198521,0
2025-11-24,same-game (correlated),8+,all-sports,1149161,0
2025-11-24,unclassified (pending legs),unknown,unknown,153360,1
2025-11-25,multi-game (independent),2,all-sports,98218,0
2025-11-25,multi-game (independent),3,all-sports,248078,0
2025-11-25,multi-game (independent),4,all-sports,106867,0
2025-11-25,multi-game (independent),5-7,all-sports,171688,0
2025-11-25,multi-game (independent),8+,all-sports,565603,0
2025-11-25,same-game (correlated),2,all-sports,186010,0
2025-11-25,same-game (correlated),3,all-sports,130632,0
2025-11-25,same-game (correlated),4,all-sports,132905,0
2025-11-25,same-game (correlated),5-7,all-sports,390402,0
2025-11-25,same-game (correlated),8+,all-sports,318793,0
2025-11-25,unclassified (pending legs),unknown,unknown,884946,1
2025-11-26,multi-game (independent),2,all-sports,343057,0
2025-11-26,multi-game (independent),3,all-sports,668557,0
2025-11-26,multi-game (independent),4,all-sports,245293,0
2025-11-26,multi-game (independent),5-7,all-sports,670352,0
2025-11-26,multi-game (independent),8+,all-sports,847833,0
2025-11-26,same-game (correlated),2,all-sports,446480,0
2025-11-26,same-game (correlated),3,all-sports,356581,0
2025-11-26,same-game (correlated),4,all-sports,394894,0
2025-11-26,same-game (correlated),5-7,all-sports,1272102,0
2025-11-26,same-game (correlated),8+,all-sports,1154598,0
2025-11-26,unclassified (pending legs),unknown,unknown,1570707,1
2025-11-27,multi-game (independent),2,all-sports,977746,0
2025-11-27,multi-game (independent),3,all-sports,1799411,0
2025-11-27,multi-game (independent),4,all-sports,272542,0
2025-11-27,multi-game (independent),5-7,all-sports,453942,0
2025-11-27,multi-game (independent),8+,all-sports,2174013,0
2025-11-27,same-game (correlated),2,all-nonsports,1249,0
2025-11-27,same-game (correlated),2,all-sports,2912649,0
2025-11-27,same-game (correlated),3,all-nonsports,1584,0
2025-11-27,same-game (correlated),3,all-sports,2834955,0
2025-11-27,same-game (correlated),4,all-nonsports,898,0
2025-11-27,same-game (correlated),4,all-sports,2498031,0
2025-11-27,same-game (correlated),5-7,all-nonsports,670,0
2025-11-27,same-game (correlated),5-7,all-sports,5388769,0
2025-11-27,same-game (correlated),8+,all-nonsports,1080,0
2025-11-27,same-game (correlated),8+,all-sports,3585564,0
2025-11-27,unclassified (pending legs),unknown,unknown,11130856,1
2025-11-28,multi-game (independent),2,all-sports,377904,0
2025-11-28,multi-game (independent),3,all-sports,517631,0
2025-11-28,multi-game (independent),4,all-sports,541753,0
2025-11-28,multi-game (independent),5-7,all-sports,1161909,0
2025-11-28,multi-game (independent),8+,all-sports,2007272,0
2025-11-28,same-game (correlated),2,all-nonsports,317,0
2025-11-28,same-game (correlated),2,all-sports,1381713,0
2025-11-28,same-game (correlated),3,all-sports,1159694,0
2025-11-28,same-game (correlated),4,all-sports,1196661,0
2025-11-28,same-game (correlated),5-7,all-nonsports,15,0
2025-11-28,same-game (correlated),5-7,all-sports,2021760,0
2025-11-28,same-game (correlated),8+,all-sports,1737775,0
2025-11-28,unclassified (pending legs),unknown,unknown,669819,1
2025-11-29,multi-game (independent),2,all-sports,384913,0
2025-11-29,multi-game (independent),3,all-sports,649563,0
2025-11-29,multi-game (independent),4,all-sports,679127,0
2025-11-29,multi-game (independent),5-7,all-sports,1559234,0
2025-11-29,multi-game (independent),8+,all-sports,1966494,0
2025-11-29,same-game (correlated),2,all-sports,377120,0
2025-11-29,same-game (correlated),3,all-sports,212197,0
2025-11-29,same-game (correlated),4,all-sports,137565,0
2025-11-29,same-game (correlated),5-7,all-sports,832188,0
2025-11-29,same-game (correlated),8+,all-sports,1502906,0
2025-11-29,unclassified (pending legs),unknown,unknown,318602,1
2025-11-30,multi-game (independent),2,all-sports,2069250,0
2025-11-30,multi-game (independent),3,all-sports,3307392,0
2025-11-30,multi-game (independent),4,all-sports,2250710,0
2025-11-30,multi-game (independent),5-7,all-sports,3957047,0
2025-11-30,multi-game (independent),8+,all-sports,2779371,0
2025-11-30,same-game (correlated),2,all-sports,2327530,0
2025-11-30,same-game (correlated),3,all-sports,1375947,0
2025-11-30,same-game (correlated),4,all-sports,1641347,0
2025-11-30,same-game (correlated),5-7,all-sports,3953716,0
2025-11-30,same-game (correlated),8+,all-sports,5087011,0
2025-11-30,unclassified (pending legs),unknown,unknown,3751704,1
2025-12-01,multi-game (independent),2,all-sports,552366,0
2025-12-01,multi-game (independent),3,all-sports,435374,0
2025-12-01,multi-game (independent),4,all-sports,337783,0
2025-12-01,multi-game (independent),5-7,all-sports,357429,0
2025-12-01,multi-game (independent),8+,all-sports,303566,0
2025-12-01,same-game (correlated),2,all-sports,1593370,0
2025-12-01,same-game (correlated),3,all-sports,1057069,0
2025-12-01,same-game (correlated),4,all-sports,1019583,0
2025-12-01,same-game (correlated),5-7,all-sports,1963828,0
2025-12-01,same-game (correlated),8+,all-sports,1788134,0
2025-12-01,unclassified (pending legs),unknown,unknown,465408,1
2025-12-02,multi-game (independent),2,all-sports,397896,0
2025-12-02,multi-game (independent),3,all-sports,424824,0
2025-12-02,multi-game (independent),4,all-sports,255602,0
2025-12-02,multi-game (independent),5-7,all-sports,723092,0
2025-12-02,multi-game (independent),8+,all-sports,1019717,0
2025-12-02,same-game (correlated),2,all-sports,392442,0
2025-12-02,same-game (correlated),3,all-sports,223787,0
2025-12-02,same-game (correlated),4,all-sports,198657,0
2025-12-02,same-game (correlated),5-7,all-sports,420543,0
2025-12-02,same-game (correlated),8+,all-sports,550746,0
2025-12-02,unclassified (pending legs),unknown,unknown,47874,1
2025-12-03,multi-game (independent),2,all-sports,490829,0
2025-12-03,multi-game (independent),3,all-sports,466146,0
2025-12-03,multi-game (independent),4,all-sports,394461,0
2025-12-03,multi-game (independent),5-7,all-sports,700365,0
2025-12-03,multi-game (independent),8+,all-sports,1510082,0
2025-12-03,same-game (correlated),2,all-sports,345016,0
2025-12-03,same-game (correlated),3,all-sports,225397,0
2025-12-03,same-game (correlated),4,all-sports,262838,0
2025-12-03,same-game (correlated),5-7,all-sports,598756,0
2025-12-03,same-game (correlated),8+,all-sports,974017,0
2025-12-03,unclassified (pending legs),unknown,unknown,99431,1
2025-12-04,multi-game (independent),2,all-sports,329056,0
2025-12-04,multi-game (independent),3,all-sports,331593,0
2025-12-04,multi-game (independent),4,all-sports,406738,0
2025-12-04,multi-game (independent),5-7,all-sports,987225,0
2025-12-04,multi-game (independent),8+,all-sports,1397757,0
2025-12-04,same-game (correlated),2,all-sports,1553307,0
2025-12-04,same-game (correlated),3,all-sports,1163938,0
2025-12-04,same-game (correlated),4,all-sports,1317823,0
2025-12-04,same-game (correlated),5-7,all-sports,2537545,0
2025-12-04,same-game (correlated),8+,all-sports,2456063,0
2025-12-04,unclassified (pending legs),unknown,unknown,759827,1
2025-12-05,multi-game (independent),2,all-sports,392614,0
2025-12-05,multi-game (independent),3,all-sports,597311,0
2025-12-05,multi-game (independent),4,all-sports,874333,0
2025-12-05,multi-game (independent),5-7,all-sports,1511523,0
2025-12-05,multi-game (independent),8+,all-sports,2662942,0
2025-12-05,same-game (correlated),2,all-sports,383451,0
2025-12-05,same-game (correlated),3,all-sports,252508,0
2025-12-05,same-game (correlated),4,all-sports,217859,0
2025-12-05,same-game (correlated),5-7,all-sports,677287,0
2025-12-05,same-game (correlated),8+,all-sports,1214820,0
2025-12-05,unclassified (pending legs),unknown,unknown,172463,1
2025-12-06,multi-game (independent),2,all-sports,285793,0
2025-12-06,multi-game (independent),3,all-sports,672938,0
2025-12-06,multi-game (independent),4,all-sports,675525,0
2025-12-06,multi-game (independent),5-7,all-sports,1556451,0
2025-12-06,multi-game (independent),8+,all-sports,1729172,0
2025-12-06,same-game (correlated),2,all-sports,316951,0
2025-12-06,same-game (correlated),3,all-sports,182369,0
2025-12-06,same-game (correlated),4,all-sports,232800,0
2025-12-06,same-game (correlated),5-7,all-sports,907594,0
2025-12-06,same-game (correlated),8+,all-sports,2033081,0
2025-12-06,unclassified (pending legs),unknown,unknown,147891,1
2025-12-07,multi-game (independent),2,all-sports,2621936,0
2025-12-07,multi-game (independent),3,all-sports,3223836,0
2025-12-07,multi-game (independent),4,all-sports,2653795,0
2025-12-07,multi-game (independent),5-7,all-sports,4813666,0
2025-12-07,multi-game (independent),8+,all-sports,4298399,0
2025-12-07,same-game (correlated),2,all-sports,2558376,0
2025-12-07,same-game (correlated),3,all-sports,1921275,0
2025-12-07,same-game (correlated),4,all-sports,2245513,0
2025-12-07,same-game (correlated),5-7,all-sports,5543973,0
2025-12-07,same-game (correlated),8+,all-sports,6195610,0
2025-12-07,unclassified (pending legs),unknown,unknown,3890120,1
2025-12-08,multi-game (independent),2,all-sports,267037,0
2025-12-08,multi-game (independent),3,all-sports,359514,0
2025-12-08,multi-game (independent),4,all-sports,174727,0
2025-12-08,multi-game (independent),5-7,all-sports,641,0
2025-12-08,same-game (correlated),2,all-sports,1396465,0
2025-12-08,same-game (correlated),3,all-sports,1425099,0
2025-12-08,same-game (correlated),4,all-sports,1465063,0
2025-12-08,same-game (correlated),5-7,all-sports,2176962,0
2025-12-08,same-game (correlated),8+,all-sports,1363655,0
2025-12-08,unclassified (pending legs),unknown,unknown,1020022,1
2025-12-09,multi-game (independent),2,all-sports,444490,0
2025-12-09,multi-game (independent),3,all-sports,109411,0
2025-12-09,multi-game (independent),4,all-sports,96408,0
2025-12-09,multi-game (independent),5-7,all-sports,225594,0
2025-12-09,multi-game (independent),8+,all-sports,942036,0
2025-12-09,same-game (correlated),2,all-sports,486441,0
2025-12-09,same-game (correlated),3,all-sports,368276,0
2025-12-09,same-game (correlated),4,all-sports,302963,0
2025-12-09,same-game (correlated),5-7,all-sports,418980,0
2025-12-09,same-game (correlated),8+,all-sports,522598,0
2025-12-09,unclassified (pending legs),unknown,unknown,90370,1
2025-12-10,multi-game (independent),2,all-sports,609003,0
2025-12-10,multi-game (independent),3,all-sports,134430,0
2025-12-10,multi-game (independent),4,all-sports,84543,0
2025-12-10,multi-game (independent),5-7,all-sports,329633,0
2025-12-10,multi-game (independent),8+,all-sports,1253112,0
2025-12-10,same-game (correlated),2,all-sports,613845,0
2025-12-10,same-game (correlated),3,all-sports,476555,0
2025-12-10,same-game (correlated),4,all-sports,514934,0
2025-12-10,same-game (correlated),5-7,all-sports,872048,0
2025-12-10,same-game (correlated),8+,all-sports,1117381,0
2025-12-10,unclassified (pending legs),unknown,unknown,348769,1
2025-12-11,multi-game (independent),2,all-sports,307458,0
2025-12-11,multi-game (independent),3,all-sports,367238,0
2025-12-11,multi-game (independent),4,all-sports,473317,0
2025-12-11,multi-game (independent),5-7,all-sports,597014,0
2025-12-11,multi-game (independent),8+,all-sports,1735550,0
2025-12-11,same-game (correlated),2,all-nonsports,30,0
2025-12-11,same-game (correlated),2,all-sports,3590724,0
2025-12-11,same-game (correlated),3,all-sports,1567248,0
2025-12-11,same-game (correlated),4,all-sports,1316479,0
2025-12-11,same-game (correlated),5-7,all-sports,2437465,0
2025-12-11,same-game (correlated),8+,all-sports,2224587,0
2025-12-11,unclassified (pending legs),unknown,unknown,787465,1
2025-12-12,multi-game (independent),2,all-sports,338148,0
2025-12-12,multi-game (independent),3,all-sports,723306,0
2025-12-12,multi-game (independent),4,all-sports,865434,0
2025-12-12,multi-game (independent),5-7,all-sports,1869832,0
2025-12-12,multi-game (independent),8+,all-sports,2194435,0
2025-12-12,same-game (correlated),2,all-sports,716147,0
2025-12-12,same-game (correlated),3,all-sports,349926,0
2025-12-12,same-game (correlated),4,all-sports,358288,0
2025-12-12,same-game (correlated),5-7,all-sports,882992,0
2025-12-12,same-game (correlated),8+,all-sports,2121640,0
2025-12-12,unclassified (pending legs),unknown,unknown,343488,1
2025-12-13,multi-game (independent),2,all-sports,716834,0
2025-12-13,multi-game (independent),3,all-sports,707947,0
2025-12-13,multi-game (independent),4,all-sports,523546,0
2025-12-13,multi-game (independent),5-7,all-sports,1620357,0
2025-12-13,multi-game (independent),8+,all-sports,2366337,0
2025-12-13,same-game (correlated),2,all-sports,943372,0
2025-12-13,same-game (correlated),3,all-sports,530453,0
2025-12-13,same-game (correlated),4,all-sports,635818,0
2025-12-13,same-game (correlated),5-7,all-sports,1603199,0
2025-12-13,same-game (correlated),8+,all-sports,3150310,0
2025-12-13,unclassified (pending legs),unknown,unknown,322679,1
2025-12-14,multi-game (independent),2,all-sports,2362153,0
2025-12-14,multi-game (independent),3,all-sports,3417528,0
2025-12-14,multi-game (independent),4,all-sports,3282819,0
2025-12-14,multi-game (independent),5-7,all-sports,6422775,0
2025-12-14,multi-game (independent),8+,all-sports,4868176,0
2025-12-14,same-game (correlated),2,all-sports,3399708,0
2025-12-14,same-game (correlated),3,all-sports,2691507,0
2025-12-14,same-game (correlated),4,all-sports,2757960,0
2025-12-14,same-game (correlated),5-7,all-sports,6596323,0
2025-12-14,same-game (correlated),8+,all-sports,8600577,0
2025-12-14,unclassified (pending legs),unknown,unknown,4882512,1
2025-12-15,multi-game (independent),2,all-sports,564929,0
2025-12-15,multi-game (independent),3,all-sports,482213,0
2025-12-15,multi-game (independent),4,all-sports,386561,0
2025-12-15,multi-game (independent),5-7,all-sports,917347,0
2025-12-15,multi-game (independent),8+,all-sports,279716,0
2025-12-15,same-game (correlated),2,all-sports,2432636,0
2025-12-15,same-game (correlated),3,all-sports,2015162,0
2025-12-15,same-game (correlated),4,all-sports,1570163,0
2025-12-15,same-game (correlated),5-7,all-sports,2848843,0
2025-12-15,same-game (correlated),8+,all-sports,2607186,0
2025-12-15,unclassified (pending legs),unknown,unknown,823576,1
2025-12-16,multi-game (independent),2,all-sports,113571,0
2025-12-16,multi-game (independent),3,all-sports,51006,0
2025-12-16,multi-game (independent),4,all-sports,102780,0
2025-12-16,multi-game (independent),5-7,all-sports,380744,0
2025-12-16,multi-game (independent),8+,all-sports,1576869,0
2025-12-16,same-game (correlated),2,all-sports,693663,0
2025-12-16,same-game (correlated),3,all-sports,303911,0
2025-12-16,same-game (correlated),4,all-sports,343406,0
2025-12-16,same-game (correlated),5-7,all-sports,734991,0
2025-12-16,same-game (correlated),8+,all-sports,926271,0
2025-12-16,unclassified (pending legs),unknown,unknown,202124,1
2025-12-17,multi-game (independent),2,all-sports,529149,0
2025-12-17,multi-game (independent),3,all-sports,67826,0
2025-12-17,multi-game (independent),4,all-sports,85902,0
2025-12-17,multi-game (independent),5-7,all-sports,408717,0
2025-12-17,multi-game (independent),8+,all-sports,1692957,0
2025-12-17,same-game (correlated),2,all-sports,395254,0
2025-12-17,same-game (correlated),3,all-sports,356008,0
2025-12-17,same-game (correlated),4,all-sports,413068,0
2025-12-17,same-game (correlated),5-7,all-sports,767966,0
2025-12-17,same-game (correlated),8+,all-sports,1063026,0
2025-12-17,unclassified (pending legs),unknown,unknown,120963,1
2025-12-18,multi-game (independent),2,all-sports,717276,0
2025-12-18,multi-game (independent),3,all-sports,724975,0
2025-12-18,multi-game (independent),4,all-sports,543060,0
2025-12-18,multi-game (independent),5-7,all-sports,1304583,0
2025-12-18,multi-game (independent),8+,all-sports,2660678,0
2025-12-18,same-game (correlated),2,all-sports,2617093,0
2025-12-18,same-game (correlated),3,all-sports,2033479,0
2025-12-18,same-game (correlated),4,all-sports,2063906,0
2025-12-18,same-game (correlated),5-7,all-sports,3636329,0
2025-12-18,same-game (correlated),8+,all-sports,3953735,0
2025-12-18,unclassified (pending legs),unknown,unknown,743148,1
2025-12-19,multi-game (independent),2,all-sports,475056,0
2025-12-19,multi-game (independent),3,all-sports,578991,0
2025-12-19,multi-game (independent),4,all-sports,606004,0
2025-12-19,multi-game (independent),5-7,all-sports,1766672,0
2025-12-19,multi-game (independent),8+,all-sports,3950472,0
2025-12-19,same-game (correlated),2,all-sports,535683,0
2025-12-19,same-game (correlated),3,all-sports,465566,0
2025-12-19,same-game (correlated),4,all-sports,717339,0
2025-12-19,same-game (correlated),5-7,all-sports,1871778,0
2025-12-19,same-game (correlated),8+,all-sports,4224077,0
2025-12-19,unclassified (pending legs),unknown,unknown,1611065,1
2025-12-20,multi-game (independent),2,all-sports,1345681,0
2025-12-20,multi-game (independent),3,all-sports,1188881,0
2025-12-20,multi-game (independent),4,all-sports,1157369,0
2025-12-20,multi-game (independent),5-7,all-sports,3019176,0
2025-12-20,multi-game (independent),8+,all-sports,5156359,0
2025-12-20,same-game (correlated),2,all-sports,3733713,0
2025-12-20,same-game (correlated),3,all-sports,2676587,0
2025-12-20,same-game (correlated),4,all-sports,3153722,0
2025-12-20,same-game (correlated),5-7,all-sports,6175285,0
2025-12-20,same-game (correlated),8+,all-sports,7876857,0
2025-12-20,unclassified (pending legs),unknown,unknown,5025141,1
2025-12-21,multi-game (independent),2,all-sports,3162599,0
2025-12-21,multi-game (independent),3,all-sports,4444876,0
2025-12-21,multi-game (independent),4,all-sports,3957470,0
2025-12-21,multi-game (independent),5-7,all-sports,7465485,0
2025-12-21,multi-game (independent),8+,all-sports,7093958,0
2025-12-21,same-game (correlated),2,all-sports,4900481,0
2025-12-21,same-game (correlated),3,all-sports,3860268,0
2025-12-21,same-game (correlated),4,all-sports,4346961,0
2025-12-21,same-game (correlated),5-7,all-sports,11031531,0
2025-12-21,same-game (correlated),8+,all-sports,14695893,0
2025-12-21,unclassified (pending legs),unknown,unknown,6111990,1
2025-12-22,multi-game (independent),2,all-sports,978879,0
2025-12-22,multi-game (independent),3,all-sports,800986,0
2025-12-22,multi-game (independent),4,all-sports,715344,0
2025-12-22,multi-game (independent),5-7,all-sports,1254250,0
2025-12-22,multi-game (independent),8+,all-sports,796616,0
2025-12-22,same-game (correlated),2,all-sports,3525817,0
2025-12-22,same-game (correlated),3,all-sports,3077323,0
2025-12-22,same-game (correlated),4,all-sports,2652496,0
2025-12-22,same-game (correlated),5-7,all-sports,5321261,0
2025-12-22,same-game (correlated),8+,all-sports,6196567,0
2025-12-22,unclassified (pending legs),unknown,unknown,1731558,1
2025-12-23,multi-game (independent),2,all-sports,1054774,0
2025-12-23,multi-game (independent),3,all-sports,1480653,0
2025-12-23,multi-game (independent),4,all-sports,1027819,0
2025-12-23,multi-game (independent),5-7,all-sports,2585573,0
2025-12-23,multi-game (independent),8+,all-sports,4613495,0
2025-12-23,same-game (correlated),2,all-sports,715186,0
2025-12-23,same-game (correlated),3,all-sports,455741,0
2025-12-23,same-game (correlated),4,all-sports,630035,0
2025-12-23,same-game (correlated),5-7,all-sports,2005875,0
2025-12-23,same-game (correlated),8+,all-sports,3595049,0
2025-12-23,unclassified (pending legs),unknown,unknown,473011,1
2025-12-24,multi-game (independent),2,all-sports,557359,0
2025-12-24,multi-game (independent),3,all-sports,1514954,0
2025-12-24,multi-game (independent),4,all-sports,244404,0
2025-12-24,multi-game (independent),5-7,all-sports,905990,0
2025-12-24,multi-game (independent),8+,all-sports,2690599,0
2025-12-24,same-game (correlated),2,all-sports,564752,0
2025-12-24,same-game (correlated),3,all-sports,506756,0
2025-12-24,same-game (correlated),4,all-sports,1072489,0
2025-12-24,same-game (correlated),5-7,all-sports,2729683,0
2025-12-24,same-game (correlated),8+,all-sports,3602485,0
2025-12-24,unclassified (pending legs),unknown,unknown,1419524,1
2025-12-25,multi-game (independent),2,all-sports,3327001,0
2025-12-25,multi-game (independent),3,all-sports,4404825,0
2025-12-25,multi-game (independent),4,all-sports,1379572,0
2025-12-25,multi-game (independent),5-7,all-sports,2484630,0
2025-12-25,multi-game (independent),8+,all-sports,4224598,0
2025-12-25,same-game (correlated),2,all-sports,5921798,0
2025-12-25,same-game (correlated),3,all-sports,5257664,0
2025-12-25,same-game (correlated),4,all-sports,5752726,0
2025-12-25,same-game (correlated),5-7,all-sports,12976148,0
2025-12-25,same-game (correlated),8+,all-sports,12092210,0
2025-12-25,unclassified (pending legs),unknown,unknown,7862948,1
2025-12-26,multi-game (independent),2,all-sports,1208637,0
2025-12-26,multi-game (independent),3,all-sports,916133,0
2025-12-26,multi-game (independent),4,all-sports,1035879,0
2025-12-26,multi-game (independent),5-7,all-sports,2021359,0
2025-12-26,multi-game (independent),8+,all-sports,3199825,0
2025-12-26,same-game (correlated),2,all-sports,731707,0
2025-12-26,same-game (correlated),3,all-sports,713362,0
2025-12-26,same-game (correlated),4,all-sports,992838,0
2025-12-26,same-game (correlated),5-7,all-sports,2186531,0
2025-12-26,same-game (correlated),8+,all-sports,3985639,0
2025-12-26,unclassified (pending legs),unknown,unknown,557103,1
2025-12-27,multi-game (independent),2,all-sports,1780071,0
2025-12-27,multi-game (independent),3,all-sports,985772,0
2025-12-27,multi-game (independent),4,all-sports,1363632,0
2025-12-27,multi-game (independent),5-7,all-sports,3150557,0
2025-12-27,multi-game (independent),8+,all-sports,4101546,0
2025-12-27,same-game (correlated),2,all-sports,4012821,0
2025-12-27,same-game (correlated),3,all-sports,3775752,0
2025-12-27,same-game (correlated),4,all-sports,4701703,0
2025-12-27,same-game (correlated),5-7,all-sports,7909498,0
2025-12-27,same-game (correlated),8+,all-sports,8996418,0
2025-12-27,unclassified (pending legs),unknown,unknown,3137246,1
2025-12-28,multi-game (independent),2,all-sports,3566870,0
2025-12-28,multi-game (independent),3,all-sports,4032525,0
2025-12-28,multi-game (independent),4,all-sports,3392166,0
2025-12-28,multi-game (independent),5-7,all-sports,6740726,0
2025-12-28,multi-game (independent),8+,all-sports,4714821,0
2025-12-28,same-game (correlated),2,all-sports,5219893,0
2025-12-28,same-game (correlated),3,all-sports,5202628,0
2025-12-28,same-game (correlated),4,all-sports,5651102,0
2025-12-28,same-game (correlated),5-7,all-sports,13644148,0
2025-12-28,same-game (correlated),8+,all-sports,14962314,0
2025-12-28,unclassified (pending legs),unknown,unknown,7165479,1
2025-12-29,multi-game (independent),2,all-sports,687831,0
2025-12-29,multi-game (independent),3,all-sports,719970,0
2025-12-29,multi-game (independent),4,all-sports,838732,0
2025-12-29,multi-game (independent),5-7,all-sports,1646304,0
2025-12-29,multi-game (independent),8+,all-sports,2040014,0
2025-12-29,same-game (correlated),2,all-sports,3321396,0
2025-12-29,same-game (correlated),3,all-sports,2946695,0
2025-12-29,same-game (correlated),4,all-sports,2928600,0
2025-12-29,same-game (correlated),5-7,all-sports,5829187,0
2025-12-29,same-game (correlated),8+,all-sports,6859496,0
2025-12-29,unclassified (pending legs),unknown,unknown,2032622,1
2025-12-30,multi-game (independent),2,all-sports,680950,0
2025-12-30,multi-game (independent),3,all-sports,414401,0
2025-12-30,multi-game (independent),4,all-sports,876147,0
2025-12-30,multi-game (independent),5-7,all-sports,532202,0
2025-12-30,multi-game (independent),8+,all-sports,1346309,0
2025-12-30,same-game (correlated),2,all-sports,531726,0
2025-12-30,same-game (correlated),3,all-sports,596540,0
2025-12-30,same-game (correlated),4,all-sports,384407,0
2025-12-30,same-game (correlated),5-7,all-sports,1153759,0
2025-12-30,same-game (correlated),8+,all-sports,1895976,0
2025-12-30,unclassified (pending legs),unknown,unknown,299951,1
2025-12-31,multi-game (independent),2,all-sports,777808,0
2025-12-31,multi-game (independent),3,all-sports,826873,0
2025-12-31,multi-game (independent),4,all-sports,690137,0
2025-12-31,multi-game (independent),5-7,all-sports,1764690,0
2025-12-31,multi-game (independent),8+,all-sports,2175201,0
2025-12-31,same-game (correlated),2,all-sports,589745,0
2025-12-31,same-game (correlated),3,all-sports,446568,0
2025-12-31,same-game (correlated),4,all-sports,531067,0
2025-12-31,same-game (correlated),5-7,all-sports,1692276,0
2025-12-31,same-game (correlated),8+,all-sports,2954478,0
2025-12-31,unclassified (pending legs),unknown,unknown,3770751,1
2026-01-01,multi-game (independent),2,all-sports,823934,0
2026-01-01,multi-game (independent),3,all-sports,601517,0
2026-01-01,multi-game (independent),4,all-sports,639368,0
2026-01-01,multi-game (independent),5-7,all-sports,1070229,0
2026-01-01,multi-game (independent),8+,all-sports,916673,0
2026-01-01,same-game (correlated),2,all-sports,650833,0
2026-01-01,same-game (correlated),3,all-sports,517223,0
2026-01-01,same-game (correlated),4,all-sports,743569,0
2026-01-01,same-game (correlated),5-7,all-sports,1594775,0
2026-01-01,same-game (correlated),8+,all-sports,2425696,0
2026-01-01,unclassified (pending legs),unknown,unknown,8965794,1
2026-01-02,multi-game (independent),2,all-sports,1223435,0
2026-01-02,multi-game (independent),3,all-sports,898639,0
2026-01-02,multi-game (independent),4,all-sports,1038984,0
2026-01-02,multi-game (independent),5-7,all-sports,2369834,0
2026-01-02,multi-game (independent),8+,all-sports,2696188,0
2026-01-02,same-game (correlated),2,all-sports,1175585,0
2026-01-02,same-game (correlated),3,all-sports,738544,0
2026-01-02,same-game (correlated),4,all-sports,931375,0
2026-01-02,same-game (correlated),5-7,all-sports,2290577,0
2026-01-02,same-game (correlated),8+,all-sports,4267542,0
2026-01-02,unclassified (pending legs),unknown,unknown,545631,1
2026-01-03,multi-game (independent),2,all-sports,2552507,0
2026-01-03,multi-game (independent),3,all-sports,1053374,0
2026-01-03,multi-game (independent),4,all-sports,1166742,0
2026-01-03,multi-game (independent),5-7,all-sports,2741863,0
2026-01-03,multi-game (independent),8+,all-sports,3569304,0
2026-01-03,same-game (correlated),2,all-sports,3463218,0
2026-01-03,same-game (correlated),3,all-sports,4128095,0
2026-01-03,same-game (correlated),4,all-sports,4848809,0
2026-01-03,same-game (correlated),5-7,all-sports,8410270,0
2026-01-03,same-game (correlated),8+,all-sports,8588249,0
2026-01-03,unclassified (pending legs),unknown,unknown,4198230,1
2026-01-04,multi-game (independent),2,all-sports,2652371,0
2026-01-04,multi-game (independent),3,all-sports,3732339,0
2026-01-04,multi-game (independent),4,all-sports,4069588,0
2026-01-04,multi-game (independent),5-7,all-sports,6548066,0
2026-01-04,multi-game (independent),8+,all-sports,5475134,0
2026-01-04,same-game (correlated),2,all-sports,4769951,0
2026-01-04,same-game (correlated),3,all-sports,4131432,0
2026-01-04,same-game (correlated),4,all-sports,4147222,0
2026-01-04,same-game (correlated),5-7,all-sports,8284278,0
2026-01-04,same-game (correlated),8+,all-sports,9576800,0
2026-01-04,unclassified (pending legs),unknown,unknown,6553292,1
2026-01-05,multi-game (independent),2,all-sports,968458,0
2026-01-05,multi-game (independent),3,all-sports,1092690,0
2026-01-05,multi-game (independent),4,all-sports,895597,0
2026-01-05,multi-game (independent),5-7,all-sports,1483779,0
2026-01-05,multi-game (independent),8+,all-sports,760395,0
2026-01-05,same-game (correlated),2,all-sports,985471,0
2026-01-05,same-game (correlated),3,all-sports,477262,0
2026-01-05,same-game (correlated),4,all-sports,580571,0
2026-01-05,same-game (correlated),5-7,all-sports,2034362,0
2026-01-05,same-game (correlated),8+,all-sports,3553140,0
2026-01-05,unclassified (pending legs),unknown,unknown,302056,1
2026-01-06,multi-game (independent),2,all-sports,746888,0
2026-01-06,multi-game (independent),3,all-sports,601045,0
2026-01-06,multi-game (independent),4,all-sports,583872,0
2026-01-06,multi-game (independent),5-7,all-sports,2278699,0
2026-01-06,multi-game (independent),8+,all-sports,88558,0
2026-01-06,same-game (correlated),2,all-sports,887791,0
2026-01-06,same-game (correlated),3,all-sports,477466,0
2026-01-06,same-game (correlated),4,all-sports,680767,0
2026-01-06,same-game (correlated),5-7,all-sports,1783277,0
2026-01-06,same-game (correlated),8+,all-sports,3611628,0
2026-01-06,unclassified (pending legs),unknown,unknown,551054,1
2026-01-07,multi-game (independent),2,all-sports,1122235,0
2026-01-07,multi-game (independent),3,all-sports,1353162,0
2026-01-07,multi-game (independent),4,all-sports,1464167,0
2026-01-07,multi-game (independent),5-7,all-sports,2906259,0
2026-01-07,multi-game (independent),8+,all-sports,1596269,0
2026-01-07,same-game (correlated),2,all-sports,1124133,0
2026-01-07,same-game (correlated),3,all-sports,591658,0
2026-01-07,same-game (correlated),4,all-sports,751975,0
2026-01-07,same-game (correlated),5-7,all-sports,2496801,0
2026-01-07,same-game (correlated),8+,all-sports,4737421,0
2026-01-07,unclassified (pending legs),unknown,unknown,620913,1
2026-01-08,multi-game (independent),2,all-sports,502705,0
2026-01-08,multi-game (independent),3,all-sports,491430,0
2026-01-08,multi-game (independent),4,all-sports,1097370,0
2026-01-08,multi-game (independent),5-7,all-sports,1821417,0
2026-01-08,multi-game (independent),8+,all-sports,281243,0
2026-01-08,same-game (correlated),2,all-sports,528175,0
2026-01-08,same-game (correlated),3,all-sports,428305,0
2026-01-08,same-game (correlated),4,all-sports,719654,0
2026-01-08,same-game (correlated),5-7,all-sports,2003556,0
2026-01-08,same-game (correlated),8+,all-sports,3536155,0
2026-01-08,unclassified (pending legs),unknown,unknown,6039919,1
2026-01-09,multi-game (independent),2,all-sports,1088640,0
2026-01-09,multi-game (independent),3,all-sports,1198920,0
2026-01-09,multi-game (independent),4,all-sports,1071540,0
2026-01-09,multi-game (independent),5-7,all-sports,3675328,0
2026-01-09,multi-game (independent),8+,all-sports,1824117,0
2026-01-09,same-game (correlated),2,all-sports,1106332,0
2026-01-09,same-game (correlated),3,all-sports,1036397,0
2026-01-09,same-game (correlated),4,all-sports,1077556,0
2026-01-09,same-game (correlated),5-7,all-sports,3720443,0
2026-01-09,same-game (correlated),8+,all-sports,7888140,0
2026-01-09,unclassified (pending legs),unknown,unknown,5716451,1
2026-01-10,multi-game (independent),2,all-sports,2149963,0
2026-01-10,multi-game (independent),3,all-sports,1391932,0
2026-01-10,multi-game (independent),4,all-sports,1443033,0
2026-01-10,multi-game (independent),5-7,all-sports,7181105,0
2026-01-10,multi-game (independent),8+,all-sports,427034,0
2026-01-10,same-game (correlated),2,all-sports,7460906,0
2026-01-10,same-game (correlated),3,all-sports,4856780,0
2026-01-10,same-game (correlated),4,all-sports,5451962,0
2026-01-10,same-game (correlated),5-7,all-sports,11887754,0
2026-01-10,same-game (correlated),8+,all-sports,14576374,0
2026-01-10,unclassified (pending legs),unknown,unknown,7841849,1
2026-01-11,multi-game (independent),2,all-sports,2320726,0
2026-01-11,multi-game (independent),3,all-sports,3558492,0
2026-01-11,multi-game (independent),4,all-sports,2129324,0
2026-01-11,multi-game (independent),5-7,all-sports,933527,0
2026-01-11,multi-game (independent),8+,all-sports,1159400,0
2026-01-11,same-game (correlated),2,all-sports,13282855,0
2026-01-11,same-game (correlated),3,all-sports,9041895,0
2026-01-11,same-game (correlated),4,all-sports,9486688,0
2026-01-11,same-game (correlated),5-7,all-sports,20560008,0
2026-01-11,same-game (correlated),8+,all-sports,20326359,0
2026-01-11,unclassified (pending legs),unknown,unknown,11387268,1
2026-01-12,multi-game (independent),2,all-sports,1441515,0
2026-01-12,multi-game (independent),3,all-sports,979125,0
2026-01-12,multi-game (independent),4,all-sports,902381,0
2026-01-12,multi-game (independent),5-7,all-sports,1176475,0
2026-01-12,multi-game (independent),8+,all-sports,170989,0
2026-01-12,same-game (correlated),2,all-sports,10340699,0
2026-01-12,same-game (correlated),3,all-sports,8430834,0
2026-01-12,same-game (correlated),4,all-sports,6939293,0
2026-01-12,same-game (correlated),5-7,all-sports,11913079,0
2026-01-12,same-game (correlated),8+,all-sports,9913996,0
2026-01-12,unclassified (pending legs),unknown,unknown,3658367,1
2026-01-13,multi-game (independent),2,all-sports,1394695,0
2026-01-13,multi-game (independent),3,all-sports,1500685,0
2026-01-13,multi-game (independent),4,all-sports,2551754,0
2026-01-13,multi-game (independent),5-7,all-sports,2805314,0
2026-01-13,multi-game (independent),8+,all-sports,161605,0
2026-01-13,same-game (correlated),2,all-sports,2117884,0
2026-01-13,same-game (correlated),3,all-sports,1822001,0
2026-01-13,same-game (correlated),4,all-sports,2095392,0
2026-01-13,same-game (correlated),5-7,all-sports,4472164,0
2026-01-13,same-game (correlated),8+,all-sports,7776458,0
2026-01-13,unclassified (pending legs),unknown,unknown,376745,1
2026-01-14,multi-game (independent),2,all-sports,1446461,0
2026-01-14,multi-game (independent),3,all-sports,1279230,0
2026-01-14,multi-game (independent),4,all-sports,1966795,0
2026-01-14,multi-game (independent),5-7,all-sports,2415345,0
2026-01-14,multi-game (independent),8+,all-sports,897736,0
2026-01-14,same-game (correlated),2,all-sports,1523322,0
2026-01-14,same-game (correlated),3,all-sports,1055053,0
2026-01-14,same-game (correlated),4,all-sports,1339070,0
2026-01-14,same-game (correlated),5-7,all-sports,4145832,0
2026-01-14,same-game (correlated),8+,all-sports,8647977,0
2026-01-14,unclassified (pending legs),unknown,unknown,1257532,1
2026-01-15,multi-game (independent),2,all-sports,1612523,0
2026-01-15,multi-game (independent),3,all-sports,1948267,0
2026-01-15,multi-game (independent),4,all-sports,2800440,0
2026-01-15,multi-game (independent),5-7,all-sports,2234925,0
2026-01-15,multi-game (independent),8+,all-sports,1386559,0
2026-01-15,same-game (correlated),2,all-sports,1844232,0
2026-01-15,same-game (correlated),3,all-sports,1283183,0
2026-01-15,same-game (correlated),4,all-sports,1476196,0
2026-01-15,same-game (correlated),5-7,all-sports,4745665,0
2026-01-15,same-game (correlated),8+,all-sports,10281689,0
2026-01-15,unclassified (pending legs),unknown,unknown,861383,1
2026-01-16,multi-game (independent),2,all-sports,1755569,0
2026-01-16,multi-game (independent),3,all-sports,1420499,0
2026-01-16,multi-game (independent),4,all-sports,3397021,0
2026-01-16,multi-game (independent),5-7,all-sports,2404331,0
2026-01-16,multi-game (independent),8+,all-sports,308870,0
2026-01-16,same-game (correlated),2,all-sports,1786300,0
2026-01-16,same-game (correlated),3,all-sports,1797453,0
2026-01-16,same-game (correlated),4,all-sports,1940447,0
2026-01-16,same-game (correlated),5-7,all-sports,5754245,0
2026-01-16,same-game (correlated),8+,all-sports,10819430,0
2026-01-16,unclassified (pending legs),unknown,unknown,1648022,1
2026-01-17,multi-game (independent),2,all-sports,4692682,0
2026-01-17,multi-game (independent),3,all-sports,2474188,0
2026-01-17,multi-game (independent),4,all-sports,5972318,0
2026-01-17,multi-game (independent),5-7,all-sports,2100613,0
2026-01-17,multi-game (independent),8+,all-sports,2175551,0
2026-01-17,same-game (correlated),2,all-sports,11933582,0
2026-01-17,same-game (correlated),3,all-sports,9642305,0
2026-01-17,same-game (correlated),4,all-sports,10408586,0
2026-01-17,same-game (correlated),5-7,all-sports,21027367,0
2026-01-17,same-game (correlated),8+,all-sports,28273974,0
2026-01-17,unclassified (pending legs),unknown,unknown,9138390,1
2026-01-18,multi-game (independent),2,all-sports,3341105,0
2026-01-18,multi-game (independent),3,all-sports,770996,0
2026-01-18,multi-game (independent),4,all-sports,588397,0
2026-01-18,multi-game (independent),5-7,all-sports,1525112,0
2026-01-18,multi-game (independent),8+,all-sports,274343,0
2026-01-18,same-game (correlated),2,all-sports,15099303,0
2026-01-18,same-game (correlated),3,all-sports,11314769,0
2026-01-18,same-game (correlated),4,all-sports,12609121,0
2026-01-18,same-game (correlated),5-7,all-sports,21915119,0
2026-01-18,same-game (correlated),8+,all-sports,25750812,0
2026-01-18,unclassified (pending legs),unknown,unknown,8075893,1
2026-01-19,multi-game (independent),2,all-sports,1567039,0
2026-01-19,multi-game (independent),3,all-sports,1139297,0
2026-01-19,multi-game (independent),4,all-sports,936733,0
2026-01-19,multi-game (independent),5-7,all-sports,1563614,0
2026-01-19,multi-game (independent),8+,all-sports,1005679,0
2026-01-19,same-game (correlated),2,all-sports,2848445,0
2026-01-19,same-game (correlated),3,all-sports,1271515,0
2026-01-19,same-game (correlated),4,all-sports,1399389,0
2026-01-19,same-game (correlated),5-7,all-sports,3691946,0
2026-01-19,same-game (correlated),8+,all-sports,6960076,0
2026-01-19,unclassified (pending legs),unknown,unknown,12250988,1
2026-01-20,multi-game (independent),2,all-sports,1359643,0
2026-01-20,multi-game (independent),3,all-sports,1238152,0
2026-01-20,multi-game (independent),4,all-sports,1211645,0
2026-01-20,multi-game (independent),5-7,all-sports,4097382,0
2026-01-20,multi-game (independent),8+,all-sports,1718716,0
2026-01-20,same-game (correlated),2,all-sports,1824586,0
2026-01-20,same-game (correlated),3,all-sports,1336158,0
2026-01-20,same-game (correlated),4,all-sports,1573430,0
2026-01-20,same-game (correlated),5-7,all-sports,3283663,0
2026-01-20,same-game (correlated),8+,all-sports,8460669,0
2026-01-20,unclassified (pending legs),unknown,unknown,47852,1
2026-01-21,multi-game (independent),2,all-sports,1585741,0
2026-01-21,multi-game (independent),3,all-sports,1501084,0
2026-01-21,multi-game (independent),4,all-sports,1239174,0
2026-01-21,multi-game (independent),5-7,all-sports,3145443,0
2026-01-21,multi-game (independent),8+,all-sports,3620359,0
2026-01-21,same-game (correlated),2,all-sports,2057495,0
2026-01-21,same-game (correlated),3,all-sports,1398217,0
2026-01-21,same-game (correlated),4,all-sports,1602975,0
2026-01-21,same-game (correlated),5-7,all-sports,3682719,0
2026-01-21,same-game (correlated),8+,all-sports,8374471,0
2026-01-21,unclassified (pending legs),unknown,unknown,89927,1
2026-01-22,multi-game (independent),2,all-sports,1819639,0
2026-01-22,multi-game (independent),3,all-sports,2215652,0
2026-01-22,multi-game (independent),4,all-sports,1366210,0
2026-01-22,multi-game (independent),5-7,all-sports,2837303,0
2026-01-22,multi-game (independent),8+,all-sports,4670288,0
2026-01-22,same-game (correlated),2,all-sports,2084116,0
2026-01-22,same-game (correlated),3,all-sports,1492154,0
2026-01-22,same-game (correlated),4,all-sports,1739983,0
2026-01-22,same-game (correlated),5-7,all-sports,3889609,0
2026-01-22,same-game (correlated),8+,all-sports,9212988,0
2026-01-22,unclassified (pending legs),unknown,unknown,677586,1
2026-01-23,multi-game (independent),2,all-sports,2484410,0
2026-01-23,multi-game (independent),3,all-sports,2054114,0
2026-01-23,multi-game (independent),4,all-sports,1743105,0
2026-01-23,multi-game (independent),5-7,all-sports,3110093,0
2026-01-23,multi-game (independent),8+,all-sports,3646072,0
2026-01-23,same-game (correlated),2,all-sports,2506070,0
2026-01-23,same-game (correlated),3,all-sports,1694053,0
2026-01-23,same-game (correlated),4,all-sports,3089981,0
2026-01-23,same-game (correlated),5-7,all-sports,4917435,0
2026-01-23,same-game (correlated),8+,all-sports,10957227,0
2026-01-23,unclassified (pending legs),unknown,unknown,765668,1
2026-01-24,multi-game (independent),2,all-sports,4238177,0
2026-01-24,multi-game (independent),3,all-sports,3453436,0
2026-01-24,multi-game (independent),4,all-sports,3190730,0
2026-01-24,multi-game (independent),5-7,all-sports,5956070,0
2026-01-24,multi-game (independent),8+,all-sports,5612488,0
2026-01-24,same-game (correlated),2,all-sports,2532177,0
2026-01-24,same-game (correlated),3,all-sports,3048907,0
2026-01-24,same-game (correlated),4,all-sports,3705330,0
2026-01-24,same-game (correlated),5-7,all-sports,8579685,0
2026-01-24,same-game (correlated),8+,all-sports,14087704,0
2026-01-24,unclassified (pending legs),unknown,unknown,1224849,1
2026-01-25,multi-game (independent),2,all-sports,4334269,0
2026-01-25,multi-game (independent),3,all-sports,1198102,0
2026-01-25,multi-game (independent),4,all-sports,1014503,0
2026-01-25,multi-game (independent),5-7,all-sports,1627958,0
2026-01-25,multi-game (independent),8+,all-sports,1133142,0
2026-01-25,same-game (correlated),2,all-sports,21610357,0
2026-01-25,same-game (correlated),3,all-sports,15107465,0
2026-01-25,same-game (correlated),4,all-sports,15718396,0
2026-01-25,same-game (correlated),5-7,all-sports,28736826,0
2026-01-25,same-game (correlated),8+,all-sports,33592421,0
2026-01-25,unclassified (pending legs),unknown,unknown,11070521,1
2026-01-26,multi-game (independent),2,all-sports,2910749,0
2026-01-26,multi-game (independent),3,all-sports,1799298,0
2026-01-26,multi-game (independent),4,all-sports,1367685,0
2026-01-26,multi-game (independent),5-7,all-sports,3147455,0
2026-01-26,multi-game (independent),8+,all-sports,1434803,0
2026-01-26,same-game (correlated),2,all-sports,2352039,0
2026-01-26,same-game (correlated),3,all-sports,1818883,0
2026-01-26,same-game (correlated),4,all-sports,2276484,0
2026-01-26,same-game (correlated),5-7,all-sports,6179283,0
2026-01-26,same-game (correlated),8+,all-sports,12212280,0
2026-01-26,unclassified (pending legs),unknown,unknown,164125,1
2026-01-27,multi-game (independent),2,all-sports,2231574,0
2026-01-27,multi-game (independent),3,all-sports,2528034,0
2026-01-27,multi-game (independent),4,all-sports,1938425,0
2026-01-27,multi-game (independent),5-7,all-sports,4271855,0
2026-01-27,multi-game (independent),8+,all-sports,5062811,0
2026-01-27,same-game (correlated),2,all-sports,1440137,0
2026-01-27,same-game (correlated),3,all-sports,1054420,0
2026-01-27,same-game (correlated),4,all-sports,1650197,0
2026-01-27,same-game (correlated),5-7,all-sports,4002611,0
2026-01-27,same-game (correlated),8+,all-sports,10567558,0
2026-01-27,unclassified (pending legs),unknown,unknown,277140,1
2026-01-28,multi-game (independent),2,all-sports,2848391,0
2026-01-28,multi-game (independent),3,all-sports,2458825,0
2026-01-28,multi-game (independent),4,all-sports,2174984,0
2026-01-28,multi-game (independent),5-7,all-sports,4632922,0
2026-01-28,multi-game (independent),8+,all-sports,9444936,0
2026-01-28,same-game (correlated),2,all-sports,1314281,0
2026-01-28,same-game (correlated),3,all-sports,1315564,0
2026-01-28,same-game (correlated),4,all-sports,1487413,0
2026-01-28,same-game (correlated),5-7,all-sports,3931015,0
2026-01-28,same-game (correlated),8+,all-sports,11298227,0
2026-01-28,unclassified (pending legs),unknown,unknown,264647,1
2026-01-29,multi-game (independent),2,all-sports,3162351,0
2026-01-29,multi-game (independent),3,all-sports,2140135,0
2026-01-29,multi-game (independent),4,all-sports,1974281,0
2026-01-29,multi-game (independent),5-7,all-sports,3907238,0
2026-01-29,multi-game (independent),8+,all-sports,7800837,0
2026-01-29,same-game (correlated),2,all-nonsports,607,0
2026-01-29,same-game (correlated),2,all-sports,1406742,0
2026-01-29,same-game (correlated),3,all-nonsports,6247,0
2026-01-29,same-game (correlated),3,all-sports,886980,0
2026-01-29,same-game (correlated),4,all-nonsports,60,0
2026-01-29,same-game (correlated),4,all-sports,1453752,0
2026-01-29,same-game (correlated),5-7,all-sports,3232064,0
2026-01-29,same-game (correlated),8+,all-sports,8501802,0
2026-01-29,unclassified (pending legs),unknown,unknown,127762,1
2026-01-30,multi-game (independent),2,all-sports,2246151,0
2026-01-30,multi-game (independent),3,all-sports,2323520,0
2026-01-30,multi-game (independent),4,all-sports,1930051,0
2026-01-30,multi-game (independent),5-7,all-sports,4085736,0
2026-01-30,multi-game (independent),8+,all-sports,6905662,0
2026-01-30,same-game (correlated),2,all-nonsports,67984,0
2026-01-30,same-game (correlated),2,all-sports,1429133,0
2026-01-30,same-game (correlated),3,all-nonsports,103909,0
2026-01-30,same-game (correlated),3,all-sports,1194180,0
2026-01-30,same-game (correlated),4,all-nonsports,29460,0
2026-01-30,same-game (correlated),4,all-sports,1227358,0
2026-01-30,same-game (correlated),5-7,all-nonsports,18144,0
2026-01-30,same-game (correlated),5-7,all-sports,2963940,0
2026-01-30,same-game (correlated),8+,all-nonsports,12325,0
2026-01-30,same-game (correlated),8+,all-sports,9312549,0
2026-01-30,unclassified (pending legs),unknown,unknown,148480,1
2026-01-31,multi-game (independent),2,all-sports,3646941,0
2026-01-31,multi-game (independent),3,all-sports,4032995,0
2026-01-31,multi-game (independent),4,all-sports,3202851,0
2026-01-31,multi-game (independent),5-7,all-sports,6334218,0
2026-01-31,multi-game (independent),8+,all-sports,7495697,0
2026-01-31,same-game (correlated),2,all-nonsports,1913,0
2026-01-31,same-game (correlated),2,all-sports,1452905,0
2026-01-31,same-game (correlated),3,all-nonsports,1152,0
2026-01-31,same-game (correlated),3,all-sports,1045786,0
2026-01-31,same-game (correlated),4,all-nonsports,418,0
2026-01-31,same-game (correlated),4,all-sports,1471810,0
2026-01-31,same-game (correlated),5-7,all-nonsports,711,0
2026-01-31,same-game (correlated),5-7,all-sports,3167761,0
2026-01-31,same-game (correlated),8+,all-nonsports,245,0
2026-01-31,same-game (correlated),8+,all-sports,8910269,0
2026-01-31,unclassified (pending legs),unknown,unknown,153775,1
2026-02-01,multi-game (independent),2,all-sports,3269436,0
2026-02-01,multi-game (independent),3,all-sports,2878045,0
2026-02-01,multi-game (independent),4,all-sports,2605937,0
2026-02-01,multi-game (independent),5-7,all-sports,4000329,0
2026-02-01,multi-game (independent),8+,all-sports,6049153,0
2026-02-01,same-game (correlated),2,all-nonsports,32152,0
2026-02-01,same-game (correlated),2,all-sports,1728842,0
2026-02-01,same-game (correlated),3,all-nonsports,15126,0
2026-02-01,same-game (correlated),3,all-sports,1204427,0
2026-02-01,same-game (correlated),4,all-nonsports,12796,0
2026-02-01,same-game (correlated),4,all-sports,1679910,0
2026-02-01,same-game (correlated),5-7,all-nonsports,18013,0
2026-02-01,same-game (correlated),5-7,all-sports,3858577,0
2026-02-01,same-game (correlated),8+,all-nonsports,9663,0
2026-02-01,same-game (correlated),8+,all-sports,10187305,0
2026-02-01,unclassified (pending legs),unknown,unknown,215203,1
2026-02-02,multi-game (independent),2,all-sports,2249697,0
2026-02-02,multi-game (independent),3,all-sports,1633071,0
2026-02-02,multi-game (independent),4,all-sports,1646748,0
2026-02-02,multi-game (independent),5-7,all-sports,2265626,0
2026-02-02,multi-game (independent),8+,all-sports,4638294,0
2026-02-02,same-game (correlated),2,all-nonsports,339,0
2026-02-02,same-game (correlated),2,all-sports,1430492,0
2026-02-02,same-game (correlated),3,all-nonsports,23,0
2026-02-02,same-game (correlated),3,all-sports,971579,0
2026-02-02,same-game (correlated),4,all-sports,1514334,0
2026-02-02,same-game (correlated),5-7,all-sports,2691166,0
2026-02-02,same-game (correlated),8+,all-sports,6253940,0
2026-02-02,unclassified (pending legs),unknown,unknown,225284,1
2026-02-03,multi-game (independent),2,all-sports,2498469,0
2026-02-03,multi-game (independent),3,all-sports,2026665,0
2026-02-03,multi-game (independent),4,all-sports,2146478,0
2026-02-03,multi-game (independent),5-7,all-sports,4147303,0
2026-02-03,multi-game (independent),8+,all-sports,7644068,0
2026-02-03,same-game (correlated),2,all-sports,2083969,0
2026-02-03,same-game (correlated),3,all-sports,1343983,0
2026-02-03,same-game (correlated),4,all-sports,1457300,0
2026-02-03,same-game (correlated),5-7,all-sports,3068545,0
2026-02-03,same-game (correlated),8+,all-sports,8546890,0
2026-02-03,unclassified (pending legs),unknown,unknown,268287,1
2026-02-04,multi-game (independent),2,all-sports,2894840,0
2026-02-04,multi-game (independent),3,all-sports,3129751,0
2026-02-04,multi-game (independent),4,all-sports,2416600,0
2026-02-04,multi-game (independent),5-7,all-sports,7607745,0
2026-02-04,multi-game (independent),8+,all-sports,7038889,0
2026-02-04,same-game (correlated),2,all-sports,2289781,0
2026-02-04,same-game (correlated),3,all-sports,1333587,0
2026-02-04,same-game (correlated),4,all-sports,1620662,0
2026-02-04,same-game (correlated),5-7,all-sports,3384860,0
2026-02-04,same-game (correlated),8+,all-sports,7787713,0
2026-02-04,unclassified (pending legs),unknown,unknown,336563,1
2026-02-05,multi-game (independent),2,all-sports,3112092,0
2026-02-05,multi-game (independent),3,all-sports,2798486,0
2026-02-05,multi-game (independent),4,all-sports,2021696,0
2026-02-05,multi-game (independent),5-7,all-sports,4631754,0
2026-02-05,multi-game (independent),8+,all-sports,6100154,0
2026-02-05,same-game (correlated),2,all-sports,2984404,0
2026-02-05,same-game (correlated),3,all-sports,1862354,0
2026-02-05,same-game (correlated),4,all-sports,2479383,0
2026-02-05,same-game (correlated),5-7,all-sports,4784318,0
2026-02-05,same-game (correlated),8+,all-sports,10712122,0
2026-02-05,unclassified (pending legs),unknown,unknown,498505,1
2026-02-06,multi-game (independent),2,all-sports,2874324,0
2026-02-06,multi-game (independent),3,all-sports,1942384,0
2026-02-06,multi-game (independent),4,all-sports,1770217,0
2026-02-06,multi-game (independent),5-7,all-sports,4715668,0
2026-02-06,multi-game (independent),8+,all-sports,2038628,0
2026-02-06,same-game (correlated),2,all-sports,3829323,0
2026-02-06,same-game (correlated),3,all-sports,3006699,0
2026-02-06,same-game (correlated),4,all-sports,4900037,0
2026-02-06,same-game (correlated),5-7,all-sports,6457056,0
2026-02-06,same-game (correlated),8+,all-sports,11247362,0
2026-02-06,unclassified (pending legs),unknown,unknown,943948,1
2026-02-07,multi-game (independent),2,all-sports,5144973,0
2026-02-07,multi-game (independent),3,all-sports,4564686,0
2026-02-07,multi-game (independent),4,all-sports,3647532,0
2026-02-07,multi-game (independent),5-7,all-sports,7839106,0
2026-02-07,multi-game (independent),8+,all-sports,10410497,0
2026-02-07,same-game (correlated),2,all-sports,5821161,0
2026-02-07,same-game (correlated),3,all-sports,4278558,0
2026-02-07,same-game (correlated),4,all-sports,5024759,0
2026-02-07,same-game (correlated),5-7,all-sports,10841828,0
2026-02-07,same-game (correlated),8+,all-sports,16095397,0
2026-02-07,unclassified (pending legs),unknown,unknown,1648083,1
2026-02-08,multi-game (independent),2,all-sports,2476721,0
2026-02-08,multi-game (independent),3,all-sports,1624131,0
2026-02-08,multi-game (independent),4,all-sports,1438500,0
2026-02-08,multi-game (independent),5-7,all-sports,2002792,0
2026-02-08,multi-game (independent),8+,all-sports,2817879,0
2026-02-08,same-game (correlated),2,all-sports,22559100,0
2026-02-08,same-game (correlated),3,all-sports,18092850,0
2026-02-08,same-game (correlated),4,all-sports,18127171,0
2026-02-08,same-game (correlated),5-7,all-sports,61194936,0
2026-02-08,same-game (correlated),8+,all-sports,34324416,0
2026-02-08,unclassified (pending legs),unknown,unknown,11503115,1
2026-02-09,multi-game (independent),2,all-sports,3325192,0
2026-02-09,multi-game (independent),3,all-sports,3640968,0
2026-02-09,multi-game (independent),4,all-sports,3386993,0
2026-02-09,multi-game (independent),5-7,all-sports,6119937,0
2026-02-09,multi-game (independent),8+,all-sports,11693225,0
2026-02-09,same-game (correlated),2,all-sports,1746786,0
2026-02-09,same-game (correlated),3,all-sports,1293411,0
2026-02-09,same-game (correlated),4,all-sports,1318173,0
2026-02-09,same-game (correlated),5-7,all-sports,3804060,0
2026-02-09,same-game (correlated),8+,all-sports,10165695,0
2026-02-09,unclassified (pending legs),unknown,unknown,87030,1
2026-02-10,multi-game (independent),2,all-sports,4018067,0
2026-02-10,multi-game (independent),3,all-sports,3961920,0
2026-02-10,multi-game (independent),4,all-sports,5251849,0
2026-02-10,multi-game (independent),5-7,all-sports,4121446,0
2026-02-10,multi-game (independent),8+,all-sports,4908157,0
2026-02-10,same-game (correlated),2,all-sports,2031039,0
2026-02-10,same-game (correlated),3,all-sports,1226089,0
2026-02-10,same-game (correlated),4,all-sports,1495412,0
2026-02-10,same-game (correlated),5-7,all-sports,4060002,0
2026-02-10,same-game (correlated),8+,all-sports,8851904,0
2026-02-10,unclassified (pending legs),unknown,unknown,52341,1
2026-02-11,multi-game (independent),2,all-sports,4471182,0
2026-02-11,multi-game (independent),3,all-sports,3949393,0
2026-02-11,multi-game (independent),4,all-sports,4158763,0
2026-02-11,multi-game (independent),5-7,all-sports,7264507,0
2026-02-11,multi-game (independent),8+,all-sports,15315340,0
2026-02-11,same-game (correlated),2,all-sports,2192987,0
2026-02-11,same-game (correlated),3,all-sports,1149592,0
2026-02-11,same-game (correlated),4,all-sports,1393579,0
2026-02-11,same-game (correlated),5-7,all-sports,3463433,0
2026-02-11,same-game (correlated),8+,all-sports,11645689,0
2026-02-11,unclassified (pending legs),unknown,unknown,33908,1
2026-02-12,multi-game (independent),2,all-sports,3633432,0
2026-02-12,multi-game (independent),3,all-sports,3864347,0
2026-02-12,multi-game (independent),4,all-sports,1540748,0
2026-02-12,multi-game (independent),5-7,all-sports,2842418,0
2026-02-12,multi-game (independent),8+,all-sports,5925610,0
2026-02-12,same-game (correlated),2,all-sports,2477509,0
2026-02-12,same-game (correlated),3,all-sports,1379818,0
2026-02-12,same-game (correlated),4,all-sports,1320589,0
2026-02-12,same-game (correlated),5-7,all-sports,2792698,0
2026-02-12,same-game (correlated),8+,all-sports,2517909,0
2026-02-12,unclassified (pending legs),unknown,unknown,43072,1
2026-02-13,multi-game (independent),2,all-sports,2590193,0
2026-02-13,multi-game (independent),3,all-sports,2529305,0
2026-02-13,multi-game (independent),4,all-sports,2118678,0
2026-02-13,multi-game (independent),5-7,all-sports,3260749,0
2026-02-13,multi-game (independent),8+,all-sports,6731341,0
2026-02-13,same-game (correlated),2,all-sports,473041,0
2026-02-13,same-game (correlated),3,all-sports,137503,0
2026-02-13,same-game (correlated),4,all-sports,287011,0
2026-02-13,same-game (correlated),5-7,all-sports,409934,0
2026-02-13,same-game (correlated),8+,all-sports,706630,0
2026-02-13,unclassified (pending legs),unknown,unknown,40879,1
2026-02-14,multi-game (independent),2,all-sports,5644455,0
2026-02-14,multi-game (independent),3,all-sports,4679001,0
2026-02-14,multi-game (independent),4,all-sports,3927300,0
2026-02-14,multi-game (independent),5-7,all-sports,7637975,0
2026-02-14,multi-game (independent),8+,all-sports,11873110,0
2026-02-14,same-game (correlated),2,all-sports,650821,0
2026-02-14,same-game (correlated),3,all-sports,174240,0
2026-02-14,same-game (correlated),4,all-sports,277270,0
2026-02-14,same-game (correlated),5-7,all-sports,537507,0
2026-02-14,same-game (correlated),8+,all-sports,860613,0
2026-02-14,unclassified (pending legs),unknown,unknown,84645,1
2026-02-15,multi-game (independent),2,all-sports,3569597,0
2026-02-15,multi-game (independent),3,all-sports,2996667,0
2026-02-15,multi-game (independent),4,all-sports,2250929,0
2026-02-15,multi-game (independent),5-7,all-sports,4231556,0
2026-02-15,multi-game (independent),8+,all-sports,5097758,0
2026-02-15,same-game (correlated),2,all-sports,444414,0
2026-02-15,same-game (correlated),3,all-sports,134112,0
2026-02-15,same-game (correlated),4,all-sports,210620,0
2026-02-15,same-game (correlated),5-7,all-sports,538162,0
2026-02-15,same-game (correlated),8+,all-sports,693632,0
2026-02-15,unclassified (pending legs),unknown,unknown,78516,1
2026-02-16,multi-game (independent),2,all-sports,2851138,0
2026-02-16,multi-game (independent),3,all-sports,2125644,0
2026-02-16,multi-game (independent),4,all-sports,2366829,0
2026-02-16,multi-game (independent),5-7,all-sports,3697037,0
2026-02-16,multi-game (independent),8+,all-sports,6605526,0
2026-02-16,same-game (correlated),2,all-sports,744847,0
2026-02-16,same-game (correlated),3,all-sports,284199,0
2026-02-16,same-game (correlated),4,all-sports,239657,0
2026-02-16,same-game (correlated),5-7,all-sports,430236,0
2026-02-16,same-game (correlated),8+,all-sports,707102,0
2026-02-16,unclassified (pending legs),unknown,unknown,35214,1
2026-02-17,multi-game (independent),2,all-sports,4479714,0
2026-02-17,multi-game (independent),3,all-sports,4951785,0
2026-02-17,multi-game (independent),4,all-sports,4862637,0
2026-02-17,multi-game (independent),5-7,all-sports,7069849,0
2026-02-17,multi-game (independent),8+,all-sports,9612777,0
2026-02-17,same-game (correlated),2,all-sports,443252,0
2026-02-17,same-game (correlated),3,all-sports,161072,0
2026-02-17,same-game (correlated),4,all-sports,295673,0
2026-02-17,same-game (correlated),5-7,all-sports,980905,0
2026-02-17,same-game (correlated),8+,all-sports,1182620,0
2026-02-17,unclassified (pending legs),unknown,unknown,41167,1
2026-02-18,multi-game (independent),2,all-sports,4578893,0
2026-02-18,multi-game (independent),3,all-sports,4697687,0
2026-02-18,multi-game (independent),4,all-sports,4473189,0
2026-02-18,multi-game (independent),5-7,all-sports,6920838,0
2026-02-18,multi-game (independent),8+,all-sports,8914610,0
2026-02-18,same-game (correlated),2,all-sports,549434,0
2026-02-18,same-game (correlated),3,all-sports,199988,0
2026-02-18,same-game (correlated),4,all-sports,298483,0
2026-02-18,same-game (correlated),5-7,all-sports,898839,0
2026-02-18,same-game (correlated),8+,all-sports,2581781,0
2026-02-18,unclassified (pending legs),unknown,unknown,24334,1
2026-02-19,multi-game (independent),2,all-sports,4514869,0
2026-02-19,multi-game (independent),3,all-sports,3719304,0
2026-02-19,multi-game (independent),4,all-sports,3181405,0
2026-02-19,multi-game (independent),5-7,all-sports,5848541,0
2026-02-19,multi-game (independent),8+,all-sports,8570292,0
2026-02-19,same-game (correlated),2,all-sports,2244366,0
2026-02-19,same-game (correlated),3,all-sports,1059851,0
2026-02-19,same-game (correlated),4,all-sports,1235061,0
2026-02-19,same-game (correlated),5-7,all-sports,2983477,0
2026-02-19,same-game (correlated),8+,all-sports,10677732,0
2026-02-19,unclassified (pending legs),unknown,unknown,32841,1
2026-02-20,multi-game (independent),2,all-sports,4134559,0
2026-02-20,multi-game (independent),3,all-sports,3366453,0
2026-02-20,multi-game (independent),4,all-sports,3255944,0
2026-02-20,multi-game (independent),5-7,all-sports,5817931,0
2026-02-20,multi-game (independent),8+,all-sports,7743857,0
2026-02-20,same-game (correlated),2,all-sports,2009595,0
2026-02-20,same-game (correlated),3,all-sports,1018176,0
2026-02-20,same-game (correlated),4,all-sports,1407193,0
2026-02-20,same-game (correlated),5-7,all-sports,3039315,0
2026-02-20,same-game (correlated),8+,all-sports,8505579,0
2026-02-20,unclassified (pending legs),unknown,unknown,55860,1
2026-02-21,multi-game (independent),2,all-sports,7075331,0
2026-02-21,multi-game (independent),3,all-sports,7665698,0
2026-02-21,multi-game (independent),4,all-sports,6459802,0
2026-02-21,multi-game (independent),5-7,all-sports,12314588,0
2026-02-21,multi-game (independent),8+,all-sports,13289651,0
2026-02-21,same-game (correlated),2,all-sports,2245290,0
2026-02-21,same-game (correlated),3,all-sports,1051592,0
2026-02-21,same-game (correlated),4,all-sports,1305843,0
2026-02-21,same-game (correlated),5-7,all-sports,2975151,0
2026-02-21,same-game (correlated),8+,all-sports,9561160,0
2026-02-21,unclassified (pending legs),unknown,unknown,56096,1
2026-02-22,multi-game (independent),2,all-sports,5613652,0
2026-02-22,multi-game (independent),3,all-sports,5587518,0
2026-02-22,multi-game (independent),4,all-sports,4170067,0
2026-02-22,multi-game (independent),5-7,all-sports,7457906,0
2026-02-22,multi-game (independent),8+,all-sports,8282798,0
2026-02-22,same-game (correlated),2,all-sports,4978522,0
2026-02-22,same-game (correlated),3,all-sports,1860523,0
2026-02-22,same-game (correlated),4,all-sports,2391558,0
2026-02-22,same-game (correlated),5-7,all-sports,5595602,0
2026-02-22,same-game (correlated),8+,all-sports,12867422,0
2026-02-22,unclassified (pending legs),unknown,unknown,29801,1
2026-02-23,multi-game (independent),2,all-sports,3696161,0
2026-02-23,multi-game (independent),3,all-sports,3376297,0
2026-02-23,multi-game (independent),4,all-sports,2004334,0
2026-02-23,multi-game (independent),5-7,all-sports,3165364,0
2026-02-23,multi-game (independent),8+,all-sports,3083206,0
2026-02-23,same-game (correlated),2,all-sports,2043511,0
2026-02-23,same-game (correlated),3,all-sports,1493899,0
2026-02-23,same-game (correlated),4,all-sports,1641374,0
2026-02-23,same-game (correlated),5-7,all-sports,4036594,0
2026-02-23,same-game (correlated),8+,all-sports,6812969,0
2026-02-23,unclassified (pending legs),unknown,unknown,71555,1
2026-02-24,multi-game (independent),2,all-sports,5426782,0
2026-02-24,multi-game (independent),3,all-sports,5279414,0
2026-02-24,multi-game (independent),4,all-sports,5470852,0
2026-02-24,multi-game (independent),5-7,all-sports,7501649,0
2026-02-24,multi-game (independent),8+,all-sports,12619200,0
2026-02-24,same-game (correlated),2,all-sports,2894610,0
2026-02-24,same-game (correlated),3,all-sports,1175657,0
2026-02-24,same-game (correlated),4,all-sports,1679816,0
2026-02-24,same-game (correlated),5-7,all-sports,3678367,0
2026-02-24,same-game (correlated),8+,all-sports,12137357,0
2026-02-24,unclassified (pending legs),unknown,unknown,775744,1
2026-02-25,multi-game (independent),2,all-sports,5866970,0
2026-02-25,multi-game (independent),3,all-sports,6567416,0
2026-02-25,multi-game (independent),4,all-sports,5697173,0
2026-02-25,multi-game (independent),5-7,all-sports,7855123,0
2026-02-25,multi-game (independent),8+,all-sports,6454714,0
2026-02-25,same-game (correlated),2,all-sports,2323449,0
2026-02-25,same-game (correlated),3,all-sports,1228739,0
2026-02-25,same-game (correlated),4,all-sports,1570056,0
2026-02-25,same-game (correlated),5-7,all-sports,4052897,0
2026-02-25,same-game (correlated),8+,all-sports,8935084,0
2026-02-25,unclassified (pending legs),unknown,unknown,369759,1
2026-02-26,multi-game (independent),2,all-sports,4501427,0
2026-02-26,multi-game (independent),3,all-sports,4399797,0
2026-02-26,multi-game (independent),4,all-sports,3971124,0
2026-02-26,multi-game (independent),5-7,all-sports,6596817,0
2026-02-26,multi-game (independent),8+,all-sports,9839737,0
2026-02-26,same-game (correlated),2,all-sports,2633984,0
2026-02-26,same-game (correlated),3,all-sports,1278820,0
2026-02-26,same-game (correlated),4,all-sports,1487727,0
2026-02-26,same-game (correlated),5-7,all-sports,3186063,0
2026-02-26,same-game (correlated),8+,all-sports,9989086,0
2026-02-26,unclassified (pending legs),unknown,unknown,176738,1
2026-02-27,multi-game (independent),2,all-sports,4648558,0
2026-02-27,multi-game (independent),3,all-sports,3842293,0
2026-02-27,multi-game (independent),4,all-sports,3728309,0
2026-02-27,multi-game (independent),5-7,all-sports,6230087,0
2026-02-27,multi-game (independent),8+,all-sports,4861661,0
2026-02-27,same-game (correlated),2,all-nonsports,434,0
2026-02-27,same-game (correlated),2,all-sports,2497979,0
2026-02-27,same-game (correlated),3,all-nonsports,524,0
2026-02-27,same-game (correlated),3,all-sports,1492570,0
2026-02-27,same-game (correlated),4,all-nonsports,107,0
2026-02-27,same-game (correlated),4,all-sports,1471329,0
2026-02-27,same-game (correlated),5-7,all-nonsports,473,0
2026-02-27,same-game (correlated),5-7,all-sports,3889424,0
2026-02-27,same-game (correlated),8+,all-nonsports,504,0
2026-02-27,same-game (correlated),8+,all-sports,8264806,0
2026-02-27,unclassified (pending legs),unknown,unknown,295981,1
2026-02-28,multi-game (independent),2,all-sports,7670197,0
2026-02-28,multi-game (independent),3,all-sports,7740422,0
2026-02-28,multi-game (independent),4,all-sports,6647137,0
2026-02-28,multi-game (independent),5-7,all-sports,10840259,0
2026-02-28,multi-game (independent),8+,all-sports,12559412,0
2026-02-28,same-game (correlated),2,all-nonsports,4992,0
2026-02-28,same-game (correlated),2,all-sports,3729608,0
2026-02-28,same-game (correlated),3,all-nonsports,1345,0
2026-02-28,same-game (correlated),3,all-sports,1850021,0
2026-02-28,same-game (correlated),4,all-nonsports,493,0
2026-02-28,same-game (correlated),4,all-sports,1932097,0
2026-02-28,same-game (correlated),5-7,all-nonsports,1396,0
2026-02-28,same-game (correlated),5-7,all-sports,4746016,0
2026-02-28,same-game (correlated),8+,all-nonsports,5385,0
2026-02-28,same-game (correlated),8+,all-sports,8589235,0
2026-02-28,unclassified (pending legs),unknown,unknown,115911,1
2026-03-01,multi-game (independent),2,all-sports,6742819,0
2026-03-01,multi-game (independent),3,all-sports,6447515,0
2026-03-01,multi-game (independent),4,all-sports,5361821,0
2026-03-01,multi-game (independent),5-7,all-sports,9265818,0
2026-03-01,multi-game (independent),8+,all-sports,10029089,0
2026-03-01,same-game (correlated),2,all-nonsports,8856,0
2026-03-01,same-game (correlated),2,all-sports,3993603,0
2026-03-01,same-game (correlated),3,all-nonsports,384,0
2026-03-01,same-game (correlated),3,all-sports,2411715,0
2026-03-01,same-game (correlated),4,all-nonsports,661,0
2026-03-01,same-game (correlated),4,all-sports,2679312,0
2026-03-01,same-game (correlated),5-7,all-nonsports,1574,0
2026-03-01,same-game (correlated),5-7,all-sports,6237137,0
2026-03-01,same-game (correlated),8+,all-nonsports,5001,0
2026-03-01,same-game (correlated),8+,all-sports,14244830,0
2026-03-01,unclassified (pending legs),unknown,unknown,281253,1
2026-03-02,multi-game (independent),2,all-sports,4668103,0
2026-03-02,multi-game (independent),2,mixed,22,0
2026-03-02,multi-game (independent),3,all-sports,4258903,0
2026-03-02,multi-game (independent),4,all-sports,3646659,0
2026-03-02,multi-game (independent),5-7,all-sports,4049674,0
2026-03-02,multi-game (independent),5-7,mixed,28,0
2026-03-02,multi-game (independent),8+,all-sports,3926722,0
2026-03-02,multi-game (independent),8+,mixed,1011,0
2026-03-02,same-game (correlated),2,all-nonsports,12036,0
2026-03-02,same-game (correlated),2,all-sports,2404696,0
2026-03-02,same-game (correlated),3,all-nonsports,5186,0
2026-03-02,same-game (correlated),3,all-sports,1368863,0
2026-03-02,same-game (correlated),4,all-nonsports,8342,0
2026-03-02,same-game (correlated),4,all-sports,1666857,0
2026-03-02,same-game (correlated),5-7,all-nonsports,3600,0
2026-03-02,same-game (correlated),5-7,all-sports,3680375,0
2026-03-02,same-game (correlated),8+,all-nonsports,3783,0
2026-03-02,same-game (correlated),8+,all-sports,7092665,0
2026-03-02,unclassified (pending legs),unknown,unknown,317114,1
2026-03-03,multi-game (independent),2,all-sports,5855447,0
2026-03-03,multi-game (independent),3,all-sports,5417038,0
2026-03-03,multi-game (independent),4,all-sports,5470849,0
2026-03-03,multi-game (independent),5-7,all-sports,9035531,0
2026-03-03,multi-game (independent),8+,all-sports,11917806,0
2026-03-03,same-game (correlated),2,all-nonsports,3433,0
2026-03-03,same-game (correlated),2,all-sports,2530546,0
2026-03-03,same-game (correlated),3,all-nonsports,8624,0
2026-03-03,same-game (correlated),3,all-sports,1367799,0
2026-03-03,same-game (correlated),4,all-nonsports,2139,0
2026-03-03,same-game (correlated),4,all-sports,1813297,0
2026-03-03,same-game (correlated),5-7,all-nonsports,8517,0
2026-03-03,same-game (correlated),5-7,all-sports,4145021,0
2026-03-03,same-game (correlated),8+,all-nonsports,6551,0
2026-03-03,same-game (correlated),8+,all-sports,12283229,0
2026-03-03,unclassified (pending legs),unknown,unknown,1015711,1
2026-03-04,multi-game (independent),2,all-sports,6138623,0
2026-03-04,multi-game (independent),3,all-sports,5264288,0
2026-03-04,multi-game (independent),4,all-sports,4943746,0
2026-03-04,multi-game (independent),5-7,all-sports,10392469,0
2026-03-04,multi-game (independent),8+,all-sports,7336651,0
2026-03-04,same-game (correlated),2,all-nonsports,1538,0
2026-03-04,same-game (correlated),2,all-sports,2815383,0
2026-03-04,same-game (correlated),3,all-nonsports,2849,0
2026-03-04,same-game (correlated),3,all-sports,1412844,0
2026-03-04,same-game (correlated),4,all-nonsports,813,0
2026-03-04,same-game (correlated),4,all-sports,1577524,0
2026-03-04,same-game (correlated),5-7,all-nonsports,3192,0
2026-03-04,same-game (correlated),5-7,all-sports,4627099,0
2026-03-04,same-game (correlated),8+,all-nonsports,14272,0
2026-03-04,same-game (correlated),8+,all-sports,9105353,0
2026-03-04,unclassified (pending legs),unknown,unknown,947306,1
2026-03-05,multi-game (independent),2,all-sports,5126650,0
2026-03-05,multi-game (independent),3,all-sports,5054264,0
2026-03-05,multi-game (independent),4,all-sports,3980572,0
2026-03-05,multi-game (independent),5-7,all-sports,8391274,0
2026-03-05,multi-game (independent),8+,all-sports,11768087,0
2026-03-05,same-game (correlated),2,all-nonsports,2917,0
2026-03-05,same-game (correlated),2,all-sports,2499890,0
2026-03-05,same-game (correlated),3,all-nonsports,5339,0
2026-03-05,same-game (correlated),3,all-sports,1250094,0
2026-03-05,same-game (correlated),4,all-nonsports,1925,0
2026-03-05,same-game (correlated),4,all-sports,1492265,0
2026-03-05,same-game (correlated),5-7,all-nonsports,2892,0
2026-03-05,same-game (correlated),5-7,all-sports,3981835,0
2026-03-05,same-game (correlated),8+,all-nonsports,7363,0
2026-03-05,same-game (correlated),8+,all-sports,10957085,0
2026-03-05,unclassified (pending legs),unknown,unknown,160077,1
2026-03-06,multi-game (independent),2,all-sports,6232281,0
2026-03-06,multi-game (independent),3,all-sports,5782419,0
2026-03-06,multi-game (independent),4,all-sports,4735237,0
2026-03-06,multi-game (independent),5-7,all-sports,11054555,0
2026-03-06,multi-game (independent),8+,all-sports,7845877,0
2026-03-06,same-game (correlated),2,all-nonsports,4610,0
2026-03-06,same-game (correlated),2,all-sports,3003004,0
2026-03-06,same-game (correlated),3,all-nonsports,3538,0
2026-03-06,same-game (correlated),3,all-sports,1407843,0
2026-03-06,same-game (correlated),4,all-nonsports,4233,0
2026-03-06,same-game (correlated),4,all-sports,1672156,0
2026-03-06,same-game (correlated),5-7,all-nonsports,3354,0
2026-03-06,same-game (correlated),5-7,all-sports,4493125,0
2026-03-06,same-game (correlated),8+,all-nonsports,5796,0
2026-03-06,same-game (correlated),8+,all-sports,11299357,0
2026-03-06,unclassified (pending legs),unknown,unknown,155872,1
2026-03-07,multi-game (independent),2,all-sports,8577901,0
2026-03-07,multi-game (independent),3,all-sports,9160304,0
2026-03-07,multi-game (independent),4,all-sports,7721192,0
2026-03-07,multi-game (independent),5-7,all-sports,16359459,0
2026-03-07,multi-game (independent),8+,all-sports,15664108,0
2026-03-07,same-game (correlated),2,all-nonsports,3955,0
2026-03-07,same-game (correlated),2,all-sports,3484121,0
2026-03-07,same-game (correlated),3,all-nonsports,4002,0
2026-03-07,same-game (correlated),3,all-sports,1405173,0
2026-03-07,same-game (correlated),4,all-nonsports,2068,0
2026-03-07,same-game (correlated),4,all-sports,1674908,0
2026-03-07,same-game (correlated),5-7,all-nonsports,7008,0
2026-03-07,same-game (correlated),5-7,all-sports,3995444,0
2026-03-07,same-game (correlated),8+,all-nonsports,12068,0
2026-03-07,same-game (correlated),8+,all-sports,8628574,0
2026-03-07,unclassified (pending legs),unknown,unknown,52148,1
2026-03-08,multi-game (independent),2,all-sports,6988708,0
2026-03-08,multi-game (independent),3,all-sports,6630347,0
2026-03-08,multi-game (independent),4,all-sports,5412299,0
2026-03-08,multi-game (independent),5-7,all-sports,10594260,0
2026-03-08,multi-game (independent),8+,all-sports,10602020,0
2026-03-08,same-game (correlated),2,all-nonsports,2498,0
2026-03-08,same-game (correlated),2,all-sports,3866219,0
2026-03-08,same-game (correlated),3,all-nonsports,8390,0
2026-03-08,same-game (correlated),3,all-sports,2151434,0
2026-03-08,same-game (correlated),4,all-nonsports,3670,0
2026-03-08,same-game (correlated),4,all-sports,2396896,0
2026-03-08,same-game (correlated),5-7,all-nonsports,18751,0
2026-03-08,same-game (correlated),5-7,all-sports,5488645,0
2026-03-08,same-game (correlated),8+,all-nonsports,14928,0
2026-03-08,same-game (correlated),8+,all-sports,12774519,0
2026-03-08,unclassified (pending legs),unknown,unknown,116247,1
2026-03-09,multi-game (independent),2,all-sports,4612810,0
2026-03-09,multi-game (independent),3,all-sports,4021267,0
2026-03-09,multi-game (independent),4,all-sports,3453979,0
2026-03-09,multi-game (independent),5-7,all-sports,5357543,0
2026-03-09,multi-game (independent),8+,all-sports,4386923,0
2026-03-09,same-game (correlated),2,all-nonsports,5316,0
2026-03-09,same-game (correlated),2,all-sports,2459797,0
2026-03-09,same-game (correlated),3,all-nonsports,4050,0
2026-03-09,same-game (correlated),3,all-sports,1380675,0
2026-03-09,same-game (correlated),4,all-nonsports,4776,0
2026-03-09,same-game (correlated),4,all-sports,1584784,0
2026-03-09,same-game (correlated),5-7,all-nonsports,6550,0
2026-03-09,same-game (correlated),5-7,all-sports,3681190,0
2026-03-09,same-game (correlated),8+,all-nonsports,13203,0
2026-03-09,same-game (correlated),8+,all-sports,7854432,0
2026-03-09,unclassified (pending legs),unknown,unknown,116787,1
2026-03-10,multi-game (independent),2,all-sports,5853896,0
2026-03-10,multi-game (independent),3,all-sports,6654138,0
2026-03-10,multi-game (independent),4,all-sports,7744729,0
2026-03-10,multi-game (independent),5-7,all-sports,9418964,0
2026-03-10,multi-game (independent),8+,all-sports,15516305,0
2026-03-10,same-game (correlated),2,all-nonsports,6316,0
2026-03-10,same-game (correlated),2,all-sports,3376817,0
2026-03-10,same-game (correlated),3,all-nonsports,4293,0
2026-03-10,same-game (correlated),3,all-sports,1504211,0
2026-03-10,same-game (correlated),4,all-nonsports,2388,0
2026-03-10,same-game (correlated),4,all-sports,1975180,0
2026-03-10,same-game (correlated),5-7,all-nonsports,6778,0
2026-03-10,same-game (correlated),5-7,all-sports,5567416,0
2026-03-10,same-game (correlated),8+,all-nonsports,10404,0
2026-03-10,same-game (correlated),8+,all-sports,13970092,0
2026-03-10,unclassified (pending legs),unknown,unknown,115007,1
2026-03-11,multi-game (independent),2,all-sports,7117954,0
2026-03-11,multi-game (independent),2,mixed,416,0
2026-03-11,multi-game (independent),3,all-sports,8597285,0
2026-03-11,multi-game (independent),3,mixed,810,0
2026-03-11,multi-game (independent),4,all-sports,7936079,0
2026-03-11,multi-game (independent),4,mixed,138,0
2026-03-11,multi-game (independent),5-7,all-sports,9398955,0
2026-03-11,multi-game (independent),5-7,mixed,396,0
2026-03-11,multi-game (independent),8+,all-sports,7539466,0
2026-03-11,multi-game (independent),8+,mixed,118,0
2026-03-11,same-game (correlated),2,all-nonsports,4873,0
2026-03-11,same-game (correlated),2,all-sports,2873400,0
2026-03-11,same-game (correlated),3,all-nonsports,5691,0
2026-03-11,same-game (correlated),3,all-sports,1327251,0
2026-03-11,same-game (correlated),4,all-nonsports,7036,0
2026-03-11,same-game (correlated),4,all-sports,2050884,0
2026-03-11,same-game (correlated),5-7,all-nonsports,12179,0
2026-03-11,same-game (correlated),5-7,all-sports,5538226,0
2026-03-11,same-game (correlated),5-7,mixed,152,0
2026-03-11,same-game (correlated),8+,all-nonsports,25252,0
2026-03-11,same-game (correlated),8+,all-sports,12150604,0
2026-03-11,same-game (correlated),8+,mixed,1331,0
2026-03-11,unclassified (pending legs),unknown,unknown,79843,1
2026-03-12,multi-game (independent),2,all-sports,6984889,0
2026-03-12,multi-game (independent),2,mixed,19953,0
2026-03-12,multi-game (independent),3,all-sports,7839318,0
2026-03-12,multi-game (independent),3,mixed,33,0
2026-03-12,multi-game (independent),4,all-sports,5255009,0
2026-03-12,multi-game (independent),4,mixed,1295,0
2026-03-12,multi-game (independent),5-7,all-sports,10256692,0
2026-03-12,multi-game (independent),5-7,mixed,1000,0
2026-03-12,multi-game (independent),8+,all-sports,11362491,0
2026-03-12,multi-game (independent),8+,mixed,1914,0
2026-03-12,same-game (correlated),2,all-nonsports,5229,0
2026-03-12,same-game (correlated),2,all-sports,2772202,0
2026-03-12,same-game (correlated),3,all-nonsports,6570,0
2026-03-12,same-game (correlated),3,all-sports,1404918,0
2026-03-12,same-game (correlated),4,all-nonsports,3247,0
2026-03-12,same-game (correlated),4,all-sports,1749384,0
2026-03-12,same-game (correlated),5-7,all-nonsports,9250,0
2026-03-12,same-game (correlated),5-7,all-sports,3631476,0
2026-03-12,same-game (correlated),5-7,mixed,1,0
2026-03-12,same-game (correlated),8+,all-nonsports,23102,0
2026-03-12,same-game (correlated),8+,all-sports,10566532,0
2026-03-12,same-game (correlated),8+,mixed,797,0
2026-03-12,unclassified (pending legs),unknown,unknown,61384,1
2026-03-13,multi-game (independent),2,all-sports,7510754,0
2026-03-13,multi-game (independent),2,mixed,1566,0
2026-03-13,multi-game (independent),3,all-sports,7980263,0
2026-03-13,multi-game (independent),3,mixed,1032,0
2026-03-13,multi-game (independent),4,all-sports,6601001,0
2026-03-13,multi-game (independent),4,mixed,5472,0
2026-03-13,multi-game (independent),5-7,all-sports,9755943,0
2026-03-13,multi-game (independent),5-7,mixed,5142,0
2026-03-13,multi-game (independent),8+,all-sports,12087827,0
2026-03-13,multi-game (independent),8+,mixed,9368,0
2026-03-13,same-game (correlated),2,all-nonsports,6218,0
2026-03-13,same-game (correlated),2,all-sports,3461895,0
2026-03-13,same-game (correlated),3,all-nonsports,7956,0
2026-03-13,same-game (correlated),3,all-sports,1489382,0
2026-03-13,same-game (correlated),4,all-nonsports,7784,0
2026-03-13,same-game (correlated),4,all-sports,1699007,0
2026-03-13,same-game (correlated),5-7,all-nonsports,9988,0
2026-03-13,same-game (correlated),5-7,all-sports,4382365,0
2026-03-13,same-game (correlated),5-7,mixed,474,0
2026-03-13,same-game (correlated),8+,all-nonsports,26153,0
2026-03-13,same-game (correlated),8+,all-sports,13159177,0
2026-03-13,same-game (correlated),8+,mixed,1676,0
2026-03-13,unclassified (pending legs),unknown,unknown,80257,1
2026-03-14,multi-game (independent),2,all-sports,7340721,0
2026-03-14,multi-game (independent),2,mixed,191,0
2026-03-14,multi-game (independent),3,all-sports,6480647,0
2026-03-14,multi-game (independent),3,mixed,1894,0
2026-03-14,multi-game (independent),4,all-sports,5170436,0
2026-03-14,multi-game (independent),4,mixed,834,0
2026-03-14,multi-game (independent),5-7,all-sports,9151248,0
2026-03-14,multi-game (independent),5-7,mixed,1730,0
2026-03-14,multi-game (independent),8+,all-sports,7599024,0
2026-03-14,multi-game (independent),8+,mixed,2347,0
2026-03-14,same-game (correlated),2,all-nonsports,12096,0
2026-03-14,same-game (correlated),2,all-sports,5181978,0
2026-03-14,same-game (correlated),3,all-nonsports,11286,0
2026-03-14,same-game (correlated),3,all-sports,3529890,0
2026-03-14,same-game (correlated),4,all-nonsports,16095,0
2026-03-14,same-game (correlated),4,all-sports,3873642,0
2026-03-14,same-game (correlated),4,mixed,66,0
2026-03-14,same-game (correlated),5-7,all-nonsports,21597,0
2026-03-14,same-game (correlated),5-7,all-sports,8163347,0
2026-03-14,same-game (correlated),5-7,mixed,137,0
2026-03-14,same-game (correlated),8+,all-nonsports,59307,0
2026-03-14,same-game (correlated),8+,all-sports,15503564,0
2026-03-14,same-game (correlated),8+,mixed,1468,0
2026-03-14,unclassified (pending legs),unknown,unknown,88786,1
2026-03-15,multi-game (independent),2,all-sports,5276237,0
2026-03-15,multi-game (independent),2,mixed,1317,0
2026-03-15,multi-game (independent),3,all-sports,5340188,0
2026-03-15,multi-game (independent),3,mixed,189,0
2026-03-15,multi-game (independent),4,all-sports,3499694,0
2026-03-15,multi-game (independent),4,mixed,1148,0
2026-03-15,multi-game (independent),5-7,all-sports,7246603,0
2026-03-15,multi-game (independent),5-7,mixed,1232,0
2026-03-15,multi-game (independent),8+,all-sports,2622903,0
2026-03-15,multi-game (independent),8+,mixed,1881,0
2026-03-15,same-game (correlated),2,all-nonsports,196300,0
2026-03-15,same-game (correlated),2,all-sports,5325510,0
2026-03-15,same-game (correlated),3,all-nonsports,186409,0
2026-03-15,same-game (correlated),3,all-sports,3415757,0
2026-03-15,same-game (correlated),4,all-nonsports,166403,0
2026-03-15,same-game (correlated),4,all-sports,3628754,0
2026-03-15,same-game (correlated),4,mixed,26,0
2026-03-15,same-game (correlated),5-7,all-nonsports,258736,0
2026-03-15,same-game (correlated),5-7,all-sports,6556954,0
2026-03-15,same-game (correlated),5-7,mixed,241,0
2026-03-15,same-game (correlated),8+,all-nonsports,503103,0
2026-03-15,same-game (correlated),8+,all-sports,10956056,0
2026-03-15,same-game (correlated),8+,mixed,619,0
2026-03-15,unclassified (pending legs),unknown,unknown,35362,1
2026-03-16,multi-game (independent),2,all-sports,4634756,0
2026-03-16,multi-game (independent),2,mixed,243,0
2026-03-16,multi-game (independent),3,all-sports,5106165,0
2026-03-16,multi-game (independent),3,mixed,567,0
2026-03-16,multi-game (independent),4,all-sports,3670069,0
2026-03-16,multi-game (independent),4,mixed,415,0
2026-03-16,multi-game (independent),5-7,all-sports,6768071,0
2026-03-16,multi-game (independent),5-7,mixed,4058,0
2026-03-16,multi-game (independent),8+,all-sports,7078313,0
2026-03-16,multi-game (independent),8+,mixed,2672,0
2026-03-16,same-game (correlated),2,all-sports,2638871,0
2026-03-16,same-game (correlated),3,all-sports,1514688,0
2026-03-16,same-game (correlated),4,all-sports,1977837,0
2026-03-16,same-game (correlated),5-7,all-sports,4646942,0
2026-03-16,same-game (correlated),5-7,mixed,7,0
2026-03-16,same-game (correlated),8+,all-sports,14040249,0
2026-03-16,same-game (correlated),8+,mixed,1094,0
2026-03-16,unclassified (pending legs),unknown,unknown,95162,1
2026-03-17,multi-game (independent),2,all-sports,6610730,0
2026-03-17,multi-game (independent),2,mixed,1032,0
2026-03-17,multi-game (independent),3,all-sports,8894688,0
2026-03-17,multi-game (independent),3,mixed,576,0
2026-03-17,multi-game (independent),4,all-sports,8395462,0
2026-03-17,multi-game (independent),4,mixed,180,0
2026-03-17,multi-game (independent),5-7,all-sports,8662571,0
2026-03-17,multi-game (independent),5-7,mixed,7803,0
2026-03-17,multi-game (independent),8+,all-sports,8985022,0
2026-03-17,multi-game (independent),8+,mixed,1283,0
2026-03-17,same-game (correlated),2,all-sports,2980030,0
2026-03-17,same-game (correlated),3,all-sports,1660004,0
2026-03-17,same-game (correlated),3,mixed,2,0
2026-03-17,same-game (correlated),4,all-sports,2649193,0
2026-03-17,same-game (correlated),5-7,all-sports,4997575,0
2026-03-17,same-game (correlated),8+,all-sports,21469076,0
2026-03-17,same-game (correlated),8+,mixed,2655,0
2026-03-17,unclassified (pending legs),unknown,unknown,325358,1
2026-03-18,multi-game (independent),2,all-sports,6077127,0
2026-03-18,multi-game (independent),2,mixed,669,0
2026-03-18,multi-game (independent),3,all-sports,6714155,0
2026-03-18,multi-game (independent),3,mixed,1208,0
2026-03-18,multi-game (independent),4,all-sports,7719572,0
2026-03-18,multi-game (independent),4,mixed,904,0
2026-03-18,multi-game (independent),5-7,all-sports,8652128,0
2026-03-18,multi-game (independent),5-7,mixed,2055,0
2026-03-18,multi-game (independent),8+,all-sports,13703688,0
2026-03-18,multi-game (independent),8+,mixed,2094,0
2026-03-18,same-game (correlated),2,all-sports,3843597,0
2026-03-18,same-game (correlated),3,all-sports,1581032,0
2026-03-18,same-game (correlated),4,all-sports,2156475,0
2026-03-18,same-game (correlated),5-7,all-sports,5628618,0
2026-03-18,same-game (correlated),5-7,mixed,1,0
2026-03-18,same-game (correlated),8+,all-sports,23343399,0
2026-03-18,same-game (correlated),8+,mixed,2037,0
2026-03-18,unclassified (pending legs),unknown,unknown,54890,1
2026-03-19,multi-game (independent),2,all-sports,13021765,0
2026-03-19,multi-game (independent),2,mixed,201,0
2026-03-19,multi-game (independent),3,all-sports,10295737,0
2026-03-19,multi-game (independent),3,mixed,110,0
2026-03-19,multi-game (independent),4,all-sports,9136752,0
2026-03-19,multi-game (independent),4,mixed,175,0
2026-03-19,multi-game (independent),5-7,all-sports,17865418,0
2026-03-19,multi-game (independent),5-7,mixed,748,0
2026-03-19,multi-game (independent),8+,all-sports,25789863,0
2026-03-19,multi-game (independent),8+,mixed,7772,0
2026-03-19,same-game (correlated),2,all-sports,4294161,0
2026-03-19,same-game (correlated),3,all-sports,1723772,0
2026-03-19,same-game (correlated),4,all-sports,2498513,0
2026-03-19,same-game (correlated),4,mixed,14,0
2026-03-19,same-game (correlated),5-7,all-sports,4894610,0
2026-03-19,same-game (correlated),5-7,mixed,15,0
2026-03-19,same-game (correlated),8+,all-sports,22913491,0
2026-03-19,same-game (correlated),8+,mixed,1176,0
2026-03-19,unclassified (pending legs),unknown,unknown,46644,1
2026-03-20,multi-game (independent),2,all-sports,12610091,0
2026-03-20,multi-game (independent),2,mixed,920,0
2026-03-20,multi-game (independent),3,all-sports,11659060,0
2026-03-20,multi-game (independent),3,mixed,84,0
2026-03-20,multi-game (independent),4,all-sports,10106592,0
2026-03-20,multi-game (independent),4,mixed,483,0
2026-03-20,multi-game (independent),5-7,all-sports,18397014,0
2026-03-20,multi-game (independent),5-7,mixed,1129,0
2026-03-20,multi-game (independent),8+,all-sports,16482451,0
2026-03-20,multi-game (independent),8+,mixed,7469,0
2026-03-20,same-game (correlated),2,all-sports,4882071,0
2026-03-20,same-game (correlated),3,all-sports,1711732,0
2026-03-20,same-game (correlated),4,all-sports,2350631,0
2026-03-20,same-game (correlated),5-7,all-sports,4740701,0
2026-03-20,same-game (correlated),5-7,mixed,135,0
2026-03-20,same-game (correlated),8+,all-sports,16628842,0
2026-03-20,same-game (correlated),8+,mixed,1948,0
2026-03-20,unclassified (pending legs),unknown,unknown,37578,1
2026-03-21,multi-game (independent),2,all-sports,10907934,0
2026-03-21,multi-game (independent),2,mixed,33,0
2026-03-21,multi-game (independent),3,all-sports,11464587,0
2026-03-21,multi-game (independent),3,mixed,392,0
2026-03-21,multi-game (independent),4,all-sports,9997444,0
2026-03-21,multi-game (independent),4,mixed,331,0
2026-03-21,multi-game (independent),5-7,all-sports,20319503,0
2026-03-21,multi-game (independent),5-7,mixed,885,0
2026-03-21,multi-game (independent),8+,all-sports,24070300,0
2026-03-21,multi-game (independent),8+,mixed,3050,0
2026-03-21,same-game (correlated),2,all-sports,4993931,0
2026-03-21,same-game (correlated),3,all-sports,1485296,0
2026-03-21,same-game (correlated),4,all-sports,1908668,0
2026-03-21,same-game (correlated),5-7,all-sports,4033744,0
2026-03-21,same-game (correlated),8+,all-sports,16925634,0
2026-03-21,same-game (correlated),8+,mixed,261,0
2026-03-21,unclassified (pending legs),unknown,unknown,43470,1
2026-03-22,multi-game (independent),2,all-sports,10492968,0
2026-03-22,multi-game (independent),2,mixed,3348,0
2026-03-22,multi-game (independent),3,all-sports,10337062,0
2026-03-22,multi-game (independent),3,mixed,99,0
2026-03-22,multi-game (independent),4,all-sports,9208158,0
2026-03-22,multi-game (independent),4,mixed,114,0
2026-03-22,multi-game (independent),5-7,all-sports,17343152,0
2026-03-22,multi-game (independent),5-7,mixed,151,0
2026-03-22,multi-game (independent),8+,all-sports,15561546,0
2026-03-22,multi-game (independent),8+,mixed,2955,0
2026-03-22,same-game (correlated),2,all-sports,4645092,0
2026-03-22,same-game (correlated),3,all-sports,1439925,0
2026-03-22,same-game (correlated),4,all-sports,2124015,0
2026-03-22,same-game (correlated),5-7,all-sports,4655218,0
2026-03-22,same-game (correlated),8+,all-sports,12985268,0
2026-03-22,unclassified (pending legs),unknown,unknown,26990,1
2026-03-23,multi-game (independent),2,all-sports,4898790,0
2026-03-23,multi-game (independent),2,mixed,194,0
2026-03-23,multi-game (independent),3,all-sports,5129565,0
2026-03-23,multi-game (independent),3,mixed,57,0
2026-03-23,multi-game (independent),4,all-sports,4049181,0
2026-03-23,multi-game (independent),4,mixed,60,0
2026-03-23,multi-game (independent),5-7,all-sports,6644947,0
2026-03-23,multi-game (independent),5-7,mixed,3140,0
2026-03-23,multi-game (independent),8+,all-sports,8418442,0
2026-03-23,multi-game (independent),8+,mixed,2554,0
2026-03-23,same-game (correlated),2,all-sports,2569794,0
2026-03-23,same-game (correlated),3,all-sports,1376673,0
2026-03-23,same-game (correlated),4,all-sports,2014682,0
2026-03-23,same-game (correlated),5-7,all-sports,3973584,0
2026-03-23,same-game (correlated),8+,all-sports,13897861,0
2026-03-23,same-game (correlated),8+,mixed,906,0
2026-03-23,unclassified (pending legs),unknown,unknown,59544,1
2026-03-24,multi-game (independent),2,all-sports,3868082,0
2026-03-24,multi-game (independent),2,mixed,88,0
2026-03-24,multi-game (independent),3,all-sports,3970817,0
2026-03-24,multi-game (independent),3,mixed,141,0
2026-03-24,multi-game (independent),4,all-sports,4181951,0
2026-03-24,multi-game (independent),4,mixed,13,0
2026-03-24,multi-game (independent),5-7,all-sports,5293876,0
2026-03-24,multi-game (independent),5-7,mixed,4,0
2026-03-24,multi-game (independent),8+,all-sports,6496870,0
2026-03-24,multi-game (independent),8+,mixed,5178,0
2026-03-24,same-game (correlated),2,all-sports,2111743,0
2026-03-24,same-game (correlated),3,all-sports,1237727,0
2026-03-24,same-game (correlated),4,all-sports,1881351,0
2026-03-24,same-game (correlated),4,mixed,11,0
2026-03-24,same-game (correlated),5-7,all-sports,4386018,0
2026-03-24,same-game (correlated),5-7,mixed,4,0
2026-03-24,same-game (correlated),8+,all-sports,11704637,0
2026-03-24,same-game (correlated),8+,mixed,1729,0
2026-03-24,unclassified (pending legs),unknown,unknown,47589,1
2026-03-25,multi-game (independent),2,all-sports,4541721,0
2026-03-25,multi-game (independent),2,mixed,148232,0
2026-03-25,multi-game (independent),3,all-sports,4690465,0
2026-03-25,multi-game (independent),3,mixed,2587,0
2026-03-25,multi-game (independent),4,all-sports,4364262,0
2026-03-25,multi-game (independent),4,mixed,206,0
2026-03-25,multi-game (independent),5-7,all-sports,8697287,0
2026-03-25,multi-game (independent),5-7,mixed,1652,0
2026-03-25,multi-game (independent),8+,all-sports,14560122,0
2026-03-25,multi-game (independent),8+,mixed,9251,0
2026-03-25,same-game (correlated),2,all-sports,2886958,0
2026-03-25,same-game (correlated),3,all-sports,1517444,0
2026-03-25,same-game (correlated),3,mixed,19,0
2026-03-25,same-game (correlated),4,all-sports,1931325,0
2026-03-25,same-game (correlated),5-7,all-sports,4606513,0
2026-03-25,same-game (correlated),8+,all-sports,23860134,0
2026-03-25,same-game (correlated),8+,mixed,2626,0
2026-03-25,unclassified (pending legs),unknown,unknown,49495,1
2026-03-26,multi-game (independent),2,all-sports,9307194,0
2026-03-26,multi-game (independent),2,mixed,469,0
2026-03-26,multi-game (independent),3,all-sports,8342729,0
2026-03-26,multi-game (independent),3,mixed,1167,0
2026-03-26,multi-game (independent),4,all-sports,8419492,0
2026-03-26,multi-game (independent),4,mixed,387,0
2026-03-26,multi-game (independent),5-7,all-sports,11845727,0
2026-03-26,multi-game (independent),5-7,mixed,4326,0
2026-03-26,multi-game (independent),8+,all-sports,10857045,0
2026-03-26,multi-game (independent),8+,mixed,5463,0
2026-03-26,same-game (correlated),2,all-sports,3616522,0
2026-03-26,same-game (correlated),3,all-sports,1719073,0
2026-03-26,same-game (correlated),3,mixed,2802,0
2026-03-26,same-game (correlated),4,all-sports,2693649,0
2026-03-26,same-game (correlated),4,mixed,48,0
2026-03-26,same-game (correlated),5-7,all-sports,5492758,0
2026-03-26,same-game (correlated),5-7,mixed,21,0
2026-03-26,same-game (correlated),8+,all-sports,16889764,0
2026-03-26,same-game (correlated),8+,mixed,26928,0
2026-03-26,unclassified (pending legs),unknown,unknown,67264,1
2026-03-27,multi-game (independent),2,all-sports,9156273,0
2026-03-27,multi-game (independent),2,mixed,8712,0
2026-03-27,multi-game (independent),3,all-sports,8959871,0
2026-03-27,multi-game (independent),3,mixed,3437,0
2026-03-27,multi-game (independent),4,all-sports,9838190,0
2026-03-27,multi-game (independent),4,mixed,1458,0
2026-03-27,multi-game (independent),5-7,all-sports,10575443,0
2026-03-27,multi-game (independent),5-7,mixed,4497,0
2026-03-27,multi-game (independent),8+,all-sports,10710301,0
2026-03-27,multi-game (independent),8+,mixed,26376,0
2026-03-27,same-game (correlated),2,all-sports,3968772,0
2026-03-27,same-game (correlated),3,all-sports,1777607,0
2026-03-27,same-game (correlated),4,all-sports,2897140,0
2026-03-27,same-game (correlated),4,mixed,1296,0
2026-03-27,same-game (correlated),5-7,all-sports,5726876,0
2026-03-27,same-game (correlated),5-7,mixed,511,0
2026-03-27,same-game (correlated),8+,all-sports,25088109,0
2026-03-27,same-game (correlated),8+,mixed,6605,0
2026-03-27,unclassified (pending legs),unknown,unknown,72988,1
2026-03-28,multi-game (independent),2,all-sports,11510779,0
2026-03-28,multi-game (independent),2,mixed,3455,0
2026-03-28,multi-game (independent),3,all-sports,9441307,0
2026-03-28,multi-game (independent),3,mixed,4800,0
2026-03-28,multi-game (independent),4,all-sports,9335577,0
2026-03-28,multi-game (independent),4,mixed,3493,0
2026-03-28,multi-game (independent),5-7,all-sports,13202027,0
2026-03-28,multi-game (independent),5-7,mixed,5809,0
2026-03-28,multi-game (independent),8+,all-sports,14411002,0
2026-03-28,multi-game (independent),8+,mixed,42197,0
2026-03-28,same-game (correlated),2,all-sports,5486190,0
2026-03-28,same-game (correlated),3,all-sports,2222608,0
2026-03-28,same-game (correlated),4,all-sports,3091877,0
2026-03-28,same-game (correlated),4,mixed,161,0
2026-03-28,same-game (correlated),5-7,all-sports,5819368,0
2026-03-28,same-game (correlated),5-7,mixed,966,0
2026-03-28,same-game (correlated),8+,all-sports,15913057,0
2026-03-28,same-game (correlated),8+,mixed,7277,0
2026-03-28,unclassified (pending legs),unknown,unknown,37347,1
2026-03-29,multi-game (independent),2,all-sports,9059771,0
2026-03-29,multi-game (independent),2,mixed,11471,0
2026-03-29,multi-game (independent),3,all-sports,7224090,0
2026-03-29,multi-game (independent),3,mixed,9060,0
2026-03-29,multi-game (independent),4,all-sports,5951125,0
2026-03-29,multi-game (independent),4,mixed,1936,0
2026-03-29,multi-game (independent),5-7,all-sports,10398166,0
2026-03-29,multi-game (independent),5-7,mixed,2760,0
2026-03-29,multi-game (independent),8+,all-sports,13031836,0
2026-03-29,multi-game (independent),8+,mixed,9991,0
2026-03-29,same-game (correlated),2,all-sports,5890545,0
2026-03-29,same-game (correlated),3,all-sports,2896386,0
2026-03-29,same-game (correlated),3,mixed,494,0
2026-03-29,same-game (correlated),4,all-sports,3043854,0
2026-03-29,same-game (correlated),4,mixed,306,0
2026-03-29,same-game (correlated),5-7,all-sports,6203574,0
2026-03-29,same-game (correlated),5-7,mixed,1675,0
2026-03-29,same-game (correlated),8+,all-sports,23386413,0
2026-03-29,same-game (correlated),8+,mixed,40333,0
2026-03-29,unclassified (pending legs),unknown,unknown,38518,1
2026-03-30,multi-game (independent),2,all-sports,7288336,0
2026-03-30,multi-game (independent),2,mixed,5720,0
2026-03-30,multi-game (independent),3,all-sports,6907482,0
2026-03-30,multi-game (independent),3,mixed,1820,0
2026-03-30,multi-game (independent),4,all-sports,6354799,0
2026-03-30,multi-game (independent),4,mixed,3169,0
2026-03-30,multi-game (independent),5-7,all-sports,9187945,0
2026-03-30,multi-game (independent),5-7,mixed,11035,0
2026-03-30,multi-game (independent),8+,all-sports,15946300,0
2026-03-30,multi-game (independent),8+,mixed,19653,0
2026-03-30,same-game (correlated),2,all-sports,3372206,0
2026-03-30,same-game (correlated),3,all-sports,1881214,0
2026-03-30,same-game (correlated),3,mixed,5,0
2026-03-30,same-game (correlated),4,all-sports,2180296,0
2026-03-30,same-game (correlated),5-7,all-sports,5149445,0
2026-03-30,same-game (correlated),5-7,mixed,1239,0
2026-03-30,same-game (correlated),8+,all-sports,19524477,0
2026-03-30,same-game (correlated),8+,mixed,10243,0
2026-03-30,unclassified (pending legs),unknown,unknown,30395,1
2026-03-31,multi-game (independent),2,all-sports,6889149,0
2026-03-31,multi-game (independent),2,mixed,27494,0
2026-03-31,multi-game (independent),3,all-sports,6075206,0
2026-03-31,multi-game (independent),3,mixed,9551,0
2026-03-31,multi-game (independent),4,all-sports,5181511,0
2026-03-31,multi-game (independent),4,mixed,1633,0
2026-03-31,multi-game (independent),5-7,all-sports,12851641,0
2026-03-31,multi-game (independent),5-7,mixed,5132,0
2026-03-31,multi-game (independent),8+,all-sports,19916462,0
2026-03-31,multi-game (independent),8+,mixed,8095,0
2026-03-31,same-game (correlated),2,all-sports,3170387,0
2026-03-31,same-game (correlated),3,all-sports,1983610,0
2026-03-31,same-game (correlated),3,mixed,77,0
2026-03-31,same-game (correlated),4,all-sports,2476992,0
2026-03-31,same-game (correlated),4,mixed,113,0
2026-03-31,same-game (correlated),5-7,all-sports,5488448,0
2026-03-31,same-game (correlated),8+,all-sports,17918880,0
2026-03-31,same-game (correlated),8+,mixed,8258,0
2026-03-31,unclassified (pending legs),unknown,unknown,25488,1
2026-04-01,multi-game (independent),2,all-sports,9095556,0
2026-04-01,multi-game (independent),2,mixed,11631,0
2026-04-01,multi-game (independent),3,all-sports,7661386,0
2026-04-01,multi-game (independent),3,mixed,9777,0
2026-04-01,multi-game (independent),4,all-sports,6341521,0
2026-04-01,multi-game (independent),4,mixed,5896,0
2026-04-01,multi-game (independent),5-7,all-sports,11074987,0
2026-04-01,multi-game (independent),5-7,mixed,15351,0
2026-04-01,multi-game (independent),8+,all-sports,13583570,0
2026-04-01,multi-game (independent),8+,mixed,10091,0
2026-04-01,same-game (correlated),2,all-sports,4494871,0
2026-04-01,same-game (correlated),3,all-sports,2196805,0
2026-04-01,same-game (correlated),3,mixed,191,0
2026-04-01,same-game (correlated),4,all-sports,2576316,0
2026-04-01,same-game (correlated),5-7,all-sports,5335942,0
2026-04-01,same-game (correlated),5-7,mixed,898,0
2026-04-01,same-game (correlated),8+,all-sports,16163589,0
2026-04-01,same-game (correlated),8+,mixed,8925,0
2026-04-01,unclassified (pending legs),unknown,unknown,30521,1
2026-04-02,multi-game (independent),2,all-sports,7346111,0
2026-04-02,multi-game (independent),2,mixed,23725,0
2026-04-02,multi-game (independent),3,all-sports,6385454,0
2026-04-02,multi-game (independent),3,mixed,9412,0
2026-04-02,multi-game (independent),4,all-sports,4530561,0
2026-04-02,multi-game (independent),4,mixed,4251,0
2026-04-02,multi-game (independent),5-7,all-sports,9181215,0
2026-04-02,multi-game (independent),5-7,mixed,9649,0
2026-04-02,multi-game (independent),8+,all-sports,7491516,0
2026-04-02,multi-game (independent),8+,mixed,14268,0
2026-04-02,same-game (correlated),2,all-sports,3695731,0
2026-04-02,same-game (correlated),3,all-sports,2276157,0
2026-04-02,same-game (correlated),3,mixed,106,0
2026-04-02,same-game (correlated),4,all-sports,3059766,0
2026-04-02,same-game (correlated),4,mixed,56,0
2026-04-02,same-game (correlated),5-7,all-sports,6430227,0
2026-04-02,same-game (correlated),5-7,mixed,42,0
2026-04-02,same-game (correlated),8+,all-sports,22586773,0
2026-04-02,same-game (correlated),8+,mixed,1199,0
2026-04-02,unclassified (pending legs),unknown,unknown,42905,1
2026-04-03,multi-game (independent),2,all-sports,9228912,0
2026-04-03,multi-game (independent),2,mixed,4903,0
2026-04-03,multi-game (independent),3,all-sports,8454869,0
2026-04-03,multi-game (independent),3,mixed,5902,0
2026-04-03,multi-game (independent),4,all-sports,7392394,0
2026-04-03,multi-game (independent),4,mixed,6551,0
2026-04-03,multi-game (independent),5-7,all-sports,11025102,0
2026-04-03,multi-game (independent),5-7,mixed,6385,0
2026-04-03,multi-game (independent),8+,all-sports,14303083,0
2026-04-03,multi-game (independent),8+,mixed,8616,0
2026-04-03,same-game (correlated),2,all-sports,3711491,0
2026-04-03,same-game (correlated),3,all-sports,1959619,0
2026-04-03,same-game (correlated),3,mixed,699,0
2026-04-03,same-game (correlated),4,all-sports,3097007,0
2026-04-03,same-game (correlated),4,mixed,5,0
2026-04-03,same-game (correlated),5-7,all-sports,5095356,0
2026-04-03,same-game (correlated),5-7,mixed,132,0
2026-04-03,same-game (correlated),8+,all-sports,25584537,0
2026-04-03,same-game (correlated),8+,mixed,5345,0
2026-04-03,unclassified (pending legs),unknown,unknown,49835,1
2026-04-04,multi-game (independent),2,all-sports,13554383,0
2026-04-04,multi-game (independent),2,mixed,10236,0
2026-04-04,multi-game (independent),3,all-sports,9960708,0
2026-04-04,multi-game (independent),3,mixed,5931,0
2026-04-04,multi-game (independent),4,all-sports,8623094,0
2026-04-04,multi-game (independent),4,mixed,4931,0
2026-04-04,multi-game (independent),5-7,all-sports,15161958,0
2026-04-04,multi-game (independent),5-7,mixed,10717,0
2026-04-04,multi-game (independent),8+,all-sports,18763291,0
2026-04-04,multi-game (independent),8+,mixed,12492,0
2026-04-04,same-game (correlated),2,all-sports,5617631,0
2026-04-04,same-game (correlated),3,all-sports,2309790,0
2026-04-04,same-game (correlated),3,mixed,339,0
2026-04-04,same-game (correlated),4,all-sports,3485490,0
2026-04-04,same-game (correlated),4,mixed,53,0
2026-04-04,same-game (correlated),5-7,all-sports,5956904,0
2026-04-04,same-game (correlated),5-7,mixed,590,0
2026-04-04,same-game (correlated),8+,all-sports,16584362,0
2026-04-04,same-game (correlated),8+,mixed,11329,0
2026-04-04,unclassified (pending legs),unknown,unknown,879825,1
2026-04-05,multi-game (independent),2,all-sports,9250638,0
2026-04-05,multi-game (independent),2,mixed,22020,0
2026-04-05,multi-game (independent),3,all-sports,8694175,0
2026-04-05,multi-game (independent),3,mixed,6920,0
2026-04-05,multi-game (independent),4,all-sports,7859837,0
2026-04-05,multi-game (independent),4,mixed,4119,0
2026-04-05,multi-game (independent),5-7,all-sports,13162594,0
2026-04-05,multi-game (independent),5-7,mixed,10686,0
2026-04-05,multi-game (independent),8+,all-sports,18091493,0
2026-04-05,multi-game (independent),8+,mixed,27307,0
2026-04-05,same-game (correlated),2,all-sports,4324279,0
2026-04-05,same-game (correlated),3,all-sports,2482399,0
2026-04-05,same-game (correlated),3,mixed,805,0
2026-04-05,same-game (correlated),4,all-sports,2979897,0
2026-04-05,same-game (correlated),5-7,all-sports,6055070,0
2026-04-05,same-game (correlated),5-7,mixed,202,0
2026-04-05,same-game (correlated),8+,all-sports,19317440,0
2026-04-05,same-game (correlated),8+,mixed,3267,0
2026-04-05,unclassified (pending legs),unknown,unknown,67850,1
2026-04-06,multi-game (independent),2,all-sports,7355264,0
2026-04-06,multi-game (independent),2,mixed,30205,0
2026-04-06,multi-game (independent),3,all-sports,7712322,0
2026-04-06,multi-game (independent),3,mixed,7280,0
2026-04-06,multi-game (independent),4,all-sports,7585620,0
2026-04-06,multi-game (independent),4,mixed,2952,0
2026-04-06,multi-game (independent),5-7,all-sports,11161180,0
2026-04-06,multi-game (independent),5-7,mixed,18329,0
2026-04-06,multi-game (independent),8+,all-sports,13580719,0
2026-04-06,multi-game (independent),8+,mixed,23160,0
2026-04-06,same-game (correlated),2,all-sports,6037716,0
2026-04-06,same-game (correlated),3,all-sports,1780967,0
2026-04-06,same-game (correlated),3,mixed,234,0
2026-04-06,same-game (correlated),4,all-sports,2101795,0
2026-04-06,same-game (correlated),4,mixed,251,0
2026-04-06,same-game (correlated),5-7,all-sports,5432520,0
2026-04-06,same-game (correlated),5-7,mixed,686,0
2026-04-06,same-game (correlated),8+,all-sports,14538907,0
2026-04-06,same-game (correlated),8+,mixed,10684,0
2026-04-06,unclassified (pending legs),unknown,unknown,2962731,1
2026-04-07,multi-game (independent),2,all-sports,10226715,0
2026-04-07,multi-game (independent),2,mixed,5358,0
2026-04-07,multi-game (independent),3,all-sports,9357556,0
2026-04-07,multi-game (independent),3,mixed,13361,0
2026-04-07,multi-game (independent),4,all-sports,8812329,0
2026-04-07,multi-game (independent),4,mixed,11214,0
2026-04-07,multi-game (independent),5-7,all-sports,12376093,0
2026-04-07,multi-game (independent),5-7,mixed,7601,0
2026-04-07,multi-game (independent),8+,all-sports,19484261,0
2026-04-07,multi-game (independent),8+,mixed,23994,0
2026-04-07,same-game (correlated),2,all-sports,3758021,0
2026-04-07,same-game (correlated),3,all-sports,2697983,0
2026-04-07,same-game (correlated),3,mixed,151,0
2026-04-07,same-game (correlated),4,all-sports,3328650,0
2026-04-07,same-game (correlated),4,mixed,29,0
2026-04-07,same-game (correlated),5-7,all-sports,6896578,0
2026-04-07,same-game (correlated),5-7,mixed,1746,0
2026-04-07,same-game (correlated),8+,all-sports,33306360,0
2026-04-07,same-game (correlated),8+,mixed,13623,0
2026-04-07,unclassified (pending legs),unknown,unknown,17712,1
2026-04-08,multi-game (independent),2,all-sports,11801133,0
2026-04-08,multi-game (independent),2,mixed,13120,0
2026-04-08,multi-game (independent),3,all-sports,10180325,0
2026-04-08,multi-game (independent),3,mixed,5650,0
2026-04-08,multi-game (independent),4,all-sports,7786791,0
2026-04-08,multi-game (independent),4,mixed,4869,0
2026-04-08,multi-game (independent),5-7,all-sports,13899635,0
2026-04-08,multi-game (independent),5-7,mixed,5005,0
2026-04-08,multi-game (independent),8+,all-sports,13353979,0
2026-04-08,multi-game (independent),8+,mixed,17650,0
2026-04-08,same-game (correlated),2,all-sports,4763668,0
2026-04-08,same-game (correlated),3,all-sports,3113677,0
2026-04-08,same-game (correlated),3,mixed,90,0
2026-04-08,same-game (correlated),4,all-sports,3721608,0
2026-04-08,same-game (correlated),4,mixed,4626,0
2026-04-08,same-game (correlated),5-7,all-sports,7344932,0
2026-04-08,same-game (correlated),5-7,mixed,1330,0
2026-04-08,same-game (correlated),8+,all-sports,23413605,0
2026-04-08,same-game (correlated),8+,mixed,3005,0
2026-04-08,unclassified (pending legs),unknown,unknown,20589,1
2026-04-09,multi-game (independent),2,all-sports,7671653,0
2026-04-09,multi-game (independent),2,mixed,15926,0
2026-04-09,multi-game (independent),3,all-sports,7197484,0
2026-04-09,multi-game (independent),3,mixed,16511,0
2026-04-09,multi-game (independent),4,all-sports,5740019,0
2026-04-09,multi-game (independent),4,mixed,3128,0
2026-04-09,multi-game (independent),5-7,all-sports,13875339,0
2026-04-09,multi-game (independent),5-7,mixed,7556,0
2026-04-09,multi-game (independent),8+,all-sports,10459534,0
2026-04-09,multi-game (independent),8+,mixed,27825,0
2026-04-09,same-game (correlated),2,all-sports,4134258,0
2026-04-09,same-game (correlated),3,all-sports,2481061,0
2026-04-09,same-game (correlated),4,all-sports,3066064,0
2026-04-09,same-game (correlated),4,mixed,60,0
2026-04-09,same-game (correlated),5-7,all-sports,7018237,0
2026-04-09,same-game (correlated),5-7,mixed,648,0
2026-04-09,same-game (correlated),8+,all-sports,24175068,0
2026-04-09,same-game (correlated),8+,mixed,48611,0
2026-04-09,unclassified (pending legs),unknown,unknown,20925,1
2026-04-10,multi-game (independent),2,all-sports,7850014,0
2026-04-10,multi-game (independent),2,mixed,46592,0
2026-04-10,multi-game (independent),3,all-sports,10335505,0
2026-04-10,multi-game (independent),3,mixed,2464,0
2026-04-10,multi-game (independent),4,all-sports,9526586,0
2026-04-10,multi-game (independent),4,mixed,3223,0
2026-04-10,multi-game (independent),5-7,all-sports,16762036,0
2026-04-10,multi-game (independent),5-7,mixed,13024,0
2026-04-10,multi-game (independent),8+,all-sports,44019013,0
2026-04-10,multi-game (independent),8+,mixed,28059,0
2026-04-10,same-game (correlated),2,all-sports,4241283,0
2026-04-10,same-game (correlated),3,all-sports,2280042,0
2026-04-10,same-game (correlated),3,mixed,496,0
2026-04-10,same-game (correlated),4,all-sports,2702498,0
2026-04-10,same-game (correlated),5-7,all-sports,5980962,0
2026-04-10,same-game (correlated),5-7,mixed,70,0
2026-04-10,same-game (correlated),8+,all-sports,25578214,0
2026-04-10,same-game (correlated),8+,mixed,8560,0
2026-04-10,unclassified (pending legs),unknown,unknown,30721,1
2026-04-11,multi-game (independent),2,all-sports,10151726,0
2026-04-11,multi-game (independent),2,mixed,11524,0
2026-04-11,multi-game (independent),3,all-sports,11888447,0
2026-04-11,multi-game (independent),3,mixed,10701,0
2026-04-11,multi-game (independent),4,all-sports,9831597,0
2026-04-11,multi-game (independent),4,mixed,5066,0
2026-04-11,multi-game (independent),5-7,all-sports,23216155,0
2026-04-11,multi-game (independent),5-7,mixed,12251,0
2026-04-11,multi-game (independent),8+,all-sports,23032028,0
2026-04-11,multi-game (independent),8+,mixed,21554,0
2026-04-11,same-game (correlated),2,all-sports,2609112,0
2026-04-11,same-game (correlated),3,all-sports,1901742,0
2026-04-11,same-game (correlated),4,all-sports,2150485,0
2026-04-11,same-game (correlated),4,mixed,10,0
2026-04-11,same-game (correlated),5-7,all-sports,3947750,0
2026-04-11,same-game (correlated),5-7,mixed,502,0
2026-04-11,same-game (correlated),8+,all-sports,6791548,0
2026-04-11,same-game (correlated),8+,mixed,7752,0
2026-04-11,unclassified (pending legs),unknown,unknown,24130,1
2026-04-12,multi-game (independent),2,all-sports,9370323,0
2026-04-12,multi-game (independent),2,mixed,32925,0
2026-04-12,multi-game (independent),3,all-sports,11262589,0
2026-04-12,multi-game (independent),3,mixed,4123,0
2026-04-12,multi-game (independent),4,all-sports,10009352,0
2026-04-12,multi-game (independent),4,mixed,5536,0
2026-04-12,multi-game (independent),5-7,all-sports,21990710,0
2026-04-12,multi-game (independent),5-7,mixed,16890,0
2026-04-12,multi-game (independent),8+,all-sports,23527062,0
2026-04-12,multi-game (independent),8+,mixed,20486,0
2026-04-12,same-game (correlated),2,all-sports,3055271,0
2026-04-12,same-game (correlated),3,all-sports,1657950,0
2026-04-12,same-game (correlated),3,mixed,81,0
2026-04-12,same-game (correlated),4,all-sports,2140392,0
2026-04-12,same-game (correlated),4,mixed,15,0
2026-04-12,same-game (correlated),5-7,all-sports,4145238,0
2026-04-12,same-game (correlated),5-7,mixed,785,0
2026-04-12,same-game (correlated),8+,all-sports,11369931,0
2026-04-12,same-game (correlated),8+,mixed,5843,0
2026-04-12,unclassified (pending legs),unknown,unknown,35306,1
2026-04-13,multi-game (independent),2,all-sports,6801659,0
2026-04-13,multi-game (independent),2,mixed,12958,0
2026-04-13,multi-game (independent),3,all-sports,6911260,0
2026-04-13,multi-game (independent),3,mixed,4890,0
2026-04-13,multi-game (independent),4,all-sports,7246709,0
2026-04-13,multi-game (independent),4,mixed,5009,0
2026-04-13,multi-game (independent),5-7,all-sports,8746459,0
2026-04-13,multi-game (independent),5-7,mixed,12520,0
2026-04-13,multi-game (independent),8+,all-sports,16174887,0
2026-04-13,multi-game (independent),8+,mixed,26702,0
2026-04-13,same-game (correlated),2,all-sports,2055491,0
2026-04-13,same-game (correlated),3,all-sports,1752329,0
2026-04-13,same-game (correlated),3,mixed,138,0
2026-04-13,same-game (correlated),4,all-sports,2937649,0
2026-04-13,same-game (correlated),4,mixed,1882,0
2026-04-13,same-game (correlated),5-7,all-sports,3619734,0
2026-04-13,same-game (correlated),5-7,mixed,3020,0
2026-04-13,same-game (correlated),8+,all-sports,8819604,0
2026-04-13,same-game (correlated),8+,mixed,50466,0
2026-04-13,unclassified (pending legs),unknown,unknown,53123,1
2026-04-14,multi-game (independent),2,all-sports,11395500,0
2026-04-14,multi-game (independent),2,mixed,25301,0
2026-04-14,multi-game (independent),3,all-sports,8884944,0
2026-04-14,multi-game (independent),3,mixed,4531,0
2026-04-14,multi-game (independent),4,all-sports,11412211,0
2026-04-14,multi-game (independent),4,mixed,7058,0
2026-04-14,multi-game (independent),5-7,all-sports,11068928,0
2026-04-14,multi-game (independent),5-7,mixed,12908,0
2026-04-14,multi-game (independent),8+,all-sports,19912132,0
2026-04-14,multi-game (independent),8+,mixed,11413,0
2026-04-14,same-game (correlated),2,all-sports,3812074,0
2026-04-14,same-game (correlated),3,all-sports,3172995,0
2026-04-14,same-game (correlated),3,mixed,22,0
2026-04-14,same-game (correlated),4,all-sports,4520497,0
2026-04-14,same-game (correlated),4,mixed,1142,0
2026-04-14,same-game (correlated),5-7,all-sports,7521381,0
2026-04-14,same-game (correlated),5-7,mixed,2926,0
2026-04-14,same-game (correlated),8+,all-sports,18316732,0
2026-04-14,same-game (correlated),8+,mixed,20915,0
2026-04-14,unclassified (pending legs),unknown,unknown,78926,1
2026-04-15,multi-game (independent),2,all-sports,11505152,0
2026-04-15,multi-game (independent),2,mixed,163842,0
2026-04-15,multi-game (independent),3,all-sports,8042364,0
2026-04-15,multi-game (independent),3,mixed,11348,0
2026-04-15,multi-game (independent),4,all-sports,6251701,0
2026-04-15,multi-game (independent),4,mixed,4872,0
2026-04-15,multi-game (independent),5-7,all-sports,10170498,0
2026-04-15,multi-game (independent),5-7,mixed,10409,0
2026-04-15,multi-game (independent),8+,all-sports,14123694,0
2026-04-15,multi-game (independent),8+,mixed,23858,0
2026-04-15,same-game (correlated),2,all-sports,5158804,0
2026-04-15,same-game (correlated),3,all-sports,3708440,0
2026-04-15,same-game (correlated),3,mixed,158,0
2026-04-15,same-game (correlated),4,all-sports,5163031,0
2026-04-15,same-game (correlated),5-7,all-sports,7639247,0
2026-04-15,same-game (correlated),5-7,mixed,2951,0
2026-04-15,same-game (correlated),8+,all-sports,15410606,0
2026-04-15,same-game (correlated),8+,mixed,10730,0
2026-04-15,unclassified (pending legs),unknown,unknown,132169,1
2026-04-16,multi-game (independent),2,all-sports,8135040,0
2026-04-16,multi-game (independent),2,mixed,16351,0
2026-04-16,multi-game (independent),3,all-sports,9078702,0
2026-04-16,multi-game (independent),3,mixed,16475,0
2026-04-16,multi-game (independent),4,all-sports,5854777,0
2026-04-16,multi-game (independent),4,mixed,7955,0
2026-04-16,multi-game (independent),5-7,all-sports,10220679,0
2026-04-16,multi-game (independent),5-7,mixed,13517,0
2026-04-16,multi-game (independent),8+,all-sports,9276401,0
2026-04-16,multi-game (independent),8+,mixed,25671,0
2026-04-16,same-game (correlated),2,all-sports,3696062,0
2026-04-16,same-game (correlated),3,all-sports,2657275,0
2026-04-16,same-game (correlated),3,mixed,1223,0
2026-04-16,same-game (correlated),4,all-sports,3655158,0
2026-04-16,same-game (correlated),4,mixed,788,0
2026-04-16,same-game (correlated),5-7,all-sports,5072970,0
2026-04-16,same-game (correlated),5-7,mixed,1149,0
2026-04-16,same-game (correlated),8+,all-sports,11005712,0
2026-04-16,same-game (correlated),8+,mixed,13465,0
2026-04-16,unclassified (pending legs),unknown,unknown,46859,1
2026-04-17,multi-game (independent),2,all-sports,9090354,0
2026-04-17,multi-game (independent),2,mixed,12851,0
2026-04-17,multi-game (independent),3,all-sports,9752073,0
2026-04-17,multi-game (independent),3,mixed,4344,0
2026-04-17,multi-game (independent),4,all-sports,7771703,0
2026-04-17,multi-game (independent),4,mixed,9178,0
2026-04-17,multi-game (independent),5-7,all-sports,11403401,0
2026-04-17,multi-game (independent),5-7,mixed,8883,0
2026-04-17,multi-game (independent),8+,all-sports,17689893,0
2026-04-17,multi-game (independent),8+,mixed,33890,0
2026-04-17,same-game (correlated),2,all-sports,5573655,0
2026-04-17,same-game (correlated),3,all-sports,4577577,0
2026-04-17,same-game (correlated),3,mixed,8,0
2026-04-17,same-game (correlated),4,all-sports,5766274,0
2026-04-17,same-game (correlated),4,mixed,387,0
2026-04-17,same-game (correlated),5-7,all-sports,9844562,0
2026-04-17,same-game (correlated),5-7,mixed,3101,0
2026-04-17,same-game (correlated),8+,all-sports,20911462,0
2026-04-17,same-game (correlated),8+,mixed,32653,0
2026-04-17,unclassified (pending legs),unknown,unknown,73982,1
2026-04-18,multi-game (independent),2,all-sports,11216027,0
2026-04-18,multi-game (independent),2,mixed,5301,0
2026-04-18,multi-game (independent),3,all-sports,12347714,0
2026-04-18,multi-game (independent),3,mixed,7961,0
2026-04-18,multi-game (independent),4,all-sports,11614468,0
2026-04-18,multi-game (independent),4,mixed,2755,0
2026-04-18,multi-game (independent),5-7,all-sports,16292267,0
2026-04-18,multi-game (independent),5-7,mixed,17316,0
2026-04-18,multi-game (independent),8+,all-sports,18333443,0
2026-04-18,multi-game (independent),8+,mixed,36129,0
2026-04-18,same-game (correlated),2,all-sports,6897926,0
2026-04-18,same-game (correlated),3,all-sports,4134077,0
2026-04-18,same-game (correlated),3,mixed,1184,0
2026-04-18,same-game (correlated),4,all-sports,4571835,0
2026-04-18,same-game (correlated),4,mixed,44,0
2026-04-18,same-game (correlated),5-7,all-sports,9885783,0
2026-04-18,same-game (correlated),5-7,mixed,2488,0
2026-04-18,same-game (correlated),8+,all-sports,18719508,0
2026-04-18,same-game (correlated),8+,mixed,28437,0
2026-04-18,unclassified (pending legs),unknown,unknown,32024,1
2026-04-19,multi-game (independent),2,all-sports,9099688,0
2026-04-19,multi-game (independent),2,mixed,19032,0
2026-04-19,multi-game (independent),3,all-sports,10228143,0
2026-04-19,multi-game (independent),3,mixed,5522,0
2026-04-19,multi-game (independent),4,all-sports,10620409,0
2026-04-19,multi-game (independent),4,mixed,13200,0
2026-04-19,multi-game (independent),5-7,all-sports,11303858,0
2026-04-19,multi-game (independent),5-7,mixed,17879,0
2026-04-19,multi-game (independent),8+,all-sports,19087560,0
2026-04-19,multi-game (independent),8+,mixed,33590,0
2026-04-19,same-game (correlated),2,all-sports,7659016,0
2026-04-19,same-game (correlated),3,all-sports,5031951,0
2026-04-19,same-game (correlated),3,mixed,778,0
2026-04-19,same-game (correlated),4,all-sports,5655950,0
2026-04-19,same-game (correlated),4,mixed,969,0
2026-04-19,same-game (correlated),5-7,all-sports,11574053,0
2026-04-19,same-game (correlated),5-7,mixed,1145,0
2026-04-19,same-game (correlated),8+,all-sports,29335978,0
2026-04-19,same-game (correlated),8+,mixed,3237,0
2026-04-19,unclassified (pending legs),unknown,unknown,16998,1
2026-04-20,multi-game (independent),2,all-sports,8023389,0
2026-04-20,multi-game (independent),2,mixed,31715,0
2026-04-20,multi-game (independent),3,all-sports,10357140,0
2026-04-20,multi-game (independent),3,mixed,5232,0
2026-04-20,multi-game (independent),4,all-sports,6748265,0
2026-04-20,multi-game (independent),4,mixed,4351,0
2026-04-20,multi-game (independent),5-7,all-sports,9589970,0
2026-04-20,multi-game (independent),5-7,mixed,13928,0
2026-04-20,multi-game (independent),8+,all-sports,12232957,0
2026-04-20,multi-game (independent),8+,mixed,24486,0
2026-04-20,same-game (correlated),2,all-sports,5028164,0
2026-04-20,same-game (correlated),3,all-sports,3629392,0
2026-04-20,same-game (correlated),3,mixed,2565,0
2026-04-20,same-game (correlated),4,all-sports,4581958,0
2026-04-20,same-game (correlated),4,mixed,111,0
2026-04-20,same-game (correlated),5-7,all-sports,9159422,0
2026-04-20,same-game (correlated),5-7,mixed,42,0
2026-04-20,same-game (correlated),8+,all-sports,32245276,0
2026-04-20,same-game (correlated),8+,mixed,14376,0
2026-04-20,unclassified (pending legs),unknown,unknown,61679,1
2026-04-21,multi-game (independent),2,all-sports,11068379,0
2026-04-21,multi-game (independent),2,mixed,24901,0
2026-04-21,multi-game (independent),3,all-sports,15062803,0
2026-04-21,multi-game (independent),3,mixed,6898,0
2026-04-21,multi-game (independent),4,all-sports,10261270,0
2026-04-21,multi-game (independent),4,mixed,2162,0
2026-04-21,multi-game (independent),5-7,all-sports,13972814,0
2026-04-21,multi-game (independent),5-7,mixed,15672,0
2026-04-21,multi-game (independent),8+,all-sports,24186663,0
2026-04-21,multi-game (independent),8+,mixed,25822,0
2026-04-21,same-game (correlated),2,all-sports,5931513,0
2026-04-21,same-game (correlated),3,all-sports,3907307,0
2026-04-21,same-game (correlated),3,mixed,127,0
2026-04-21,same-game (correlated),4,all-sports,5350532,0
2026-04-21,same-game (correlated),4,mixed,133,0
2026-04-21,same-game (correlated),5-7,all-sports,11400223,0
2026-04-21,same-game (correlated),5-7,mixed,392,0
2026-04-21,same-game (correlated),8+,all-sports,47048910,0
2026-04-21,same-game (correlated),8+,mixed,13860,0
2026-04-21,unclassified (pending legs),unknown,unknown,39124,1
2026-04-22,multi-game (independent),2,all-sports,16281268,0
2026-04-22,multi-game (independent),2,mixed,203027,0
2026-04-22,multi-game (independent),3,all-sports,12182878,0
2026-04-22,multi-game (independent),3,mixed,27162,0
2026-04-22,multi-game (independent),4,all-sports,9847367,0
2026-04-22,multi-game (independent),4,mixed,4513,0
2026-04-22,multi-game (independent),5-7,all-sports,16337606,0
2026-04-22,multi-game (independent),5-7,mixed,30469,0
2026-04-22,multi-game (independent),8+,all-sports,20519960,0
2026-04-22,multi-game (independent),8+,mixed,30227,0
2026-04-22,same-game (correlated),2,all-sports,5941316,0
2026-04-22,same-game (correlated),3,all-sports,4416187,0
2026-04-22,same-game (correlated),3,mixed,314,0
2026-04-22,same-game (correlated),4,all-sports,5892049,0
2026-04-22,same-game (correlated),4,mixed,895,0
2026-04-22,same-game (correlated),5-7,all-sports,10524200,0
2026-04-22,same-game (correlated),5-7,mixed,2436,0
2026-04-22,same-game (correlated),8+,all-sports,30061795,0
2026-04-22,same-game (correlated),8+,mixed,16146,0
2026-04-22,unclassified (pending legs),unknown,unknown,56563,1
2026-04-23,multi-game (independent),2,all-sports,11796013,0
2026-04-23,multi-game (independent),2,mixed,466837,0
2026-04-23,multi-game (independent),3,all-sports,14587811,0
2026-04-23,multi-game (independent),3,mixed,12535,0
2026-04-23,multi-game (independent),4,all-sports,10673988,0
2026-04-23,multi-game (independent),4,mixed,6040,0
2026-04-23,multi-game (independent),5-7,all-sports,13155912,0
2026-04-23,multi-game (independent),5-7,mixed,21646,0
2026-04-23,multi-game (independent),8+,all-sports,11230836,0
2026-04-23,multi-game (independent),8+,mixed,51255,0
2026-04-23,same-game (correlated),2,all-sports,5841937,0
2026-04-23,same-game (correlated),3,all-sports,4898783,0
2026-04-23,same-game (correlated),3,mixed,21,0
2026-04-23,same-game (correlated),4,all-sports,6178638,0
2026-04-23,same-game (correlated),4,mixed,519,0
2026-04-23,same-game (correlated),5-7,all-sports,11615434,0
2026-04-23,same-game (correlated),5-7,mixed,7662,0
2026-04-23,same-game (correlated),8+,all-sports,42587895,0
2026-04-23,same-game (correlated),8+,mixed,16180,0
2026-04-23,unclassified (pending legs),unknown,unknown,45180,1
2026-04-24,multi-game (independent),2,all-sports,10777587,0
2026-04-24,multi-game (independent),2,mixed,350256,0
2026-04-24,multi-game (independent),3,all-sports,15810106,0
2026-04-24,multi-game (independent),3,mixed,7495,0
2026-04-24,multi-game (independent),4,all-sports,15868060,0
2026-04-24,multi-game (independent),4,mixed,4448,0
2026-04-24,multi-game (independent),5-7,all-sports,16956020,0
2026-04-24,multi-game (independent),5-7,mixed,27847,0
2026-04-24,multi-game (independent),8+,all-sports,21345776,0
2026-04-24,multi-game (independent),8+,mixed,28631,0
2026-04-24,same-game (correlated),2,all-sports,6925273,0
2026-04-24,same-game (correlated),3,all-sports,4211726,0
2026-04-24,same-game (correlated),3,mixed,3592,0
2026-04-24,same-game (correlated),4,all-sports,5253144,0
2026-04-24,same-game (correlated),4,mixed,1142,0
2026-04-24,same-game (correlated),5-7,all-sports,11828003,0
2026-04-24,same-game (correlated),5-7,mixed,1062,0
2026-04-24,same-game (correlated),8+,all-sports,37202257,0
2026-04-24,same-game (correlated),8+,mixed,8822,0
2026-04-24,unclassified (pending legs),unknown,unknown,23103,1
2026-04-25,multi-game (independent),2,all-sports,13326983,0
2026-04-25,multi-game (independent),2,mixed,1225635,0
2026-04-25,multi-game (independent),3,all-sports,16002348,0
2026-04-25,multi-game (independent),3,mixed,18175,0
2026-04-25,multi-game (independent),4,all-sports,15326026,0
2026-04-25,multi-game (independent),4,mixed,4899,0
2026-04-25,multi-game (independent),5-7,all-sports,23479739,0
2026-04-25,multi-game (independent),5-7,mixed,19002,0
2026-04-25,multi-game (independent),8+,all-sports,26783446,0
2026-04-25,multi-game (independent),8+,mixed,39273,0
2026-04-25,same-game (correlated),2,all-sports,8696015,0
2026-04-25,same-game (correlated),3,all-sports,5784740,0
2026-04-25,same-game (correlated),3,mixed,986,0
2026-04-25,same-game (correlated),4,all-sports,7190230,0
2026-04-25,same-game (correlated),4,mixed,2139,0
2026-04-25,same-game (correlated),5-7,all-sports,16307894,0
2026-04-25,same-game (correlated),5-7,mixed,3616,0
2026-04-25,same-game (correlated),8+,all-sports,54575725,0
2026-04-25,same-game (correlated),8+,mixed,72738,0
2026-04-25,unclassified (pending legs),unknown,unknown,25935,1
2026-04-26,multi-game (independent),2,all-sports,12597081,0
2026-04-26,multi-game (independent),2,mixed,1391420,0
2026-04-26,multi-game (independent),3,all-sports,16729596,0
2026-04-26,multi-game (independent),3,mixed,271370,0
2026-04-26,multi-game (independent),4,all-sports,13531536,0
2026-04-26,multi-game (independent),4,mixed,32305,0
2026-04-26,multi-game (independent),5-7,all-sports,15526255,0
2026-04-26,multi-game (independent),5-7,mixed,8693,0
2026-04-26,multi-game (independent),8+,all-sports,21337688,0
2026-04-26,multi-game (independent),8+,mixed,75113,0
2026-04-26,same-game (correlated),2,all-sports,10557603,0
2026-04-26,same-game (correlated),3,all-sports,6551567,0
2026-04-26,same-game (correlated),3,mixed,3619,0
2026-04-26,same-game (correlated),4,all-sports,7515723,0
2026-04-26,same-game (correlated),4,mixed,2562,0
2026-04-26,same-game (correlated),5-7,all-sports,17394856,0
2026-04-26,same-game (correlated),5-7,mixed,2742,0
2026-04-26,same-game (correlated),8+,all-sports,42637432,0
2026-04-26,same-game (correlated),8+,mixed,41768,0
2026-04-26,unclassified (pending legs),unknown,unknown,125214,1
2026-04-27,multi-game (independent),2,all-sports,10468154,0
2026-04-27,multi-game (independent),2,mixed,17151,0
2026-04-27,multi-game (independent),3,all-sports,13799454,0
2026-04-27,multi-game (independent),3,mixed,7545,0
2026-04-27,multi-game (independent),4,all-sports,9543988,0
2026-04-27,multi-game (independent),4,mixed,7761,0
2026-04-27,multi-game (independent),5-7,all-sports,11982469,0
2026-04-27,multi-game (independent),5-7,mixed,25446,0
2026-04-27,multi-game (independent),8+,all-sports,9847591,0
2026-04-27,multi-game (independent),8+,mixed,52866,0
2026-04-27,same-game (correlated),2,all-sports,5040132,0
2026-04-27,same-game (correlated),3,all-sports,4058593,0
2026-04-27,same-game (correlated),3,mixed,473,0
2026-04-27,same-game (correlated),4,all-sports,4993953,0
2026-04-27,same-game (correlated),4,mixed,34,0
2026-04-27,same-game (correlated),5-7,all-sports,10945118,0
2026-04-27,same-game (correlated),5-7,mixed,4114,0
2026-04-27,same-game (correlated),8+,all-sports,45627714,0
2026-04-27,same-game (correlated),8+,mixed,56524,0
2026-04-27,unclassified (pending legs),unknown,unknown,22442,1
2026-04-28,multi-game (independent),2,all-sports,10286725,0
2026-04-28,multi-game (independent),2,mixed,48108,0
2026-04-28,multi-game (independent),3,all-sports,15314358,0
2026-04-28,multi-game (independent),3,mixed,9469,0
2026-04-28,multi-game (independent),4,all-sports,9256369,0
2026-04-28,multi-game (independent),4,mixed,30167,0
2026-04-28,multi-game (independent),5-7,all-sports,14990242,0
2026-04-28,multi-game (independent),5-7,mixed,35328,0
2026-04-28,multi-game (independent),8+,all-sports,32330297,0
2026-04-28,multi-game (independent),8+,mixed,35388,0
2026-04-28,same-game (correlated),2,all-sports,6569023,0
2026-04-28,same-game (correlated),3,all-sports,3798848,0
2026-04-28,same-game (correlated),3,mixed,579,0
2026-04-28,same-game (correlated),4,all-sports,5182413,0
2026-04-28,same-game (correlated),4,mixed,223,0
2026-04-28,same-game (correlated),5-7,all-sports,12454539,0
2026-04-28,same-game (correlated),5-7,mixed,1851,0
2026-04-28,same-game (correlated),8+,all-sports,45154644,0
2026-04-28,same-game (correlated),8+,mixed,55071,0
2026-04-28,unclassified (pending legs),unknown,unknown,42718,1
2026-04-29,multi-game (independent),2,all-sports,11069476,0
2026-04-29,multi-game (independent),2,mixed,21335,0
2026-04-29,multi-game (independent),3,all-sports,14606256,0
2026-04-29,multi-game (independent),3,mixed,8667,0
2026-04-29,multi-game (independent),4,all-sports,8326716,0
2026-04-29,multi-game (independent),4,mixed,3653,0
2026-04-29,multi-game (independent),5-7,all-sports,14320084,0
2026-04-29,multi-game (independent),5-7,mixed,25368,0
2026-04-29,multi-game (independent),8+,all-sports,27105186,0
2026-04-29,multi-game (independent),8+,mixed,16261,0
2026-04-29,same-game (correlated),2,all-nonsports,1105,0
2026-04-29,same-game (correlated),2,all-sports,6884054,0
2026-04-29,same-game (correlated),3,all-nonsports,125,0
2026-04-29,same-game (correlated),3,all-sports,4460924,0
2026-04-29,same-game (correlated),3,mixed,234,0
2026-04-29,same-game (correlated),4,all-nonsports,44,0
2026-04-29,same-game (correlated),4,all-sports,5588477,0
2026-04-29,same-game (correlated),4,mixed,606,0
2026-04-29,same-game (correlated),5-7,all-nonsports,34,0
2026-04-29,same-game (correlated),5-7,all-sports,11699680,0
2026-04-29,same-game (correlated),5-7,mixed,4121,0
2026-04-29,same-game (correlated),8+,all-sports,35170058,0
2026-04-29,same-game (correlated),8+,mixed,23259,0
2026-04-29,unclassified (pending legs),unknown,unknown,125428,1
2026-04-30,multi-game (independent),2,all-sports,12901084,0
2026-04-30,multi-game (independent),2,mixed,9815,0
2026-04-30,multi-game (independent),3,all-sports,11976888,0
2026-04-30,multi-game (independent),3,mixed,29741,0
2026-04-30,multi-game (independent),4,all-sports,6799324,0
2026-04-30,multi-game (independent),4,mixed,6067,0
2026-04-30,multi-game (independent),5-7,all-sports,11452708,0
2026-04-30,multi-game (independent),5-7,mixed,25666,0
2026-04-30,multi-game (independent),8+,all-sports,8904226,0
2026-04-30,multi-game (independent),8+,mixed,35530,0
2026-04-30,same-game (correlated),2,all-nonsports,1012,0
2026-04-30,same-game (correlated),2,all-sports,6631989,0
2026-04-30,same-game (correlated),3,all-nonsports,648,0
2026-04-30,same-game (correlated),3,all-sports,4564034,0
2026-04-30,same-game (correlated),3,mixed,1488,0
2026-04-30,same-game (correlated),4,all-nonsports,45,0
2026-04-30,same-game (correlated),4,all-sports,5296437,0
2026-04-30,same-game (correlated),4,mixed,2514,0
2026-04-30,same-game (correlated),5-7,all-sports,13059130,0
2026-04-30,same-game (correlated),5-7,mixed,11583,0
2026-04-30,same-game (correlated),8+,all-sports,42150806,0
2026-04-30,same-game (correlated),8+,mixed,84787,0
2026-04-30,unclassified (pending legs),unknown,unknown,189139,1
2026-05-01,multi-game (independent),2,all-sports,11208819,0
2026-05-01,multi-game (independent),2,mixed,9291,0
2026-05-01,multi-game (independent),3,all-sports,17186790,0
2026-05-01,multi-game (independent),3,mixed,8314,0
2026-05-01,multi-game (independent),4,all-sports,9554185,0
2026-05-01,multi-game (independent),4,mixed,18319,0
2026-05-01,multi-game (independent),5-7,all-sports,15189431,0
2026-05-01,multi-game (independent),5-7,mixed,15816,0
2026-05-01,multi-game (independent),8+,all-sports,22350596,0
2026-05-01,multi-game (independent),8+,mixed,51724,0
2026-05-01,same-game (correlated),2,all-nonsports,3498,0
2026-05-01,same-game (correlated),2,all-sports,6302833,0
2026-05-01,same-game (correlated),3,all-nonsports,1167,0
2026-05-01,same-game (correlated),3,all-sports,4069188,0
2026-05-01,same-game (correlated),3,mixed,1289,0
2026-05-01,same-game (correlated),4,all-nonsports,581,0
2026-05-01,same-game (correlated),4,all-sports,5415549,0
2026-05-01,same-game (correlated),4,mixed,1487,0
2026-05-01,same-game (correlated),5-7,all-nonsports,894,0
2026-05-01,same-game (correlated),5-7,all-sports,12719532,0
2026-05-01,same-game (correlated),5-7,mixed,19413,0
2026-05-01,same-game (correlated),8+,all-sports,41545312,0
2026-05-01,same-game (correlated),8+,mixed,130231,0
2026-05-01,unclassified (pending legs),unknown,unknown,104632,1
2026-05-02,multi-game (independent),2,all-sports,11915311,0
2026-05-02,multi-game (independent),2,mixed,17096,0
2026-05-02,multi-game (independent),3,all-sports,12814990,0
2026-05-02,multi-game (independent),3,mixed,10750,0
2026-05-02,multi-game (independent),4,all-sports,10362229,0
2026-05-02,multi-game (independent),4,mixed,2742,0
2026-05-02,multi-game (independent),5-7,all-sports,17463810,0
2026-05-02,multi-game (independent),5-7,mixed,28957,0
2026-05-02,multi-game (independent),8+,all-sports,25040888,0
2026-05-02,multi-game (independent),8+,mixed,28255,0
2026-05-02,same-game (correlated),2,all-nonsports,2608,0
2026-05-02,same-game (correlated),2,all-sports,7930724,0
2026-05-02,same-game (correlated),3,all-nonsports,184,0
2026-05-02,same-game (correlated),3,all-sports,8100971,0
2026-05-02,same-game (correlated),3,mixed,1347,0
2026-05-02,same-game (correlated),4,all-nonsports,850,0
2026-05-02,same-game (correlated),4,all-sports,6590704,0
2026-05-02,same-game (correlated),4,mixed,1650,0
2026-05-02,same-game (correlated),5-7,all-nonsports,1175,0
2026-05-02,same-game (correlated),5-7,all-sports,11940970,0
2026-05-02,same-game (correlated),5-7,mixed,26430,0
2026-05-02,same-game (correlated),8+,all-sports,28606245,0
2026-05-02,same-game (correlated),8+,mixed,105123,0
2026-05-02,unclassified (pending legs),unknown,unknown,58794,1
2026-05-03,multi-game (independent),2,all-sports,11258977,0
2026-05-03,multi-game (independent),2,mixed,30350,0
2026-05-03,multi-game (independent),3,all-sports,9843882,0
2026-05-03,multi-game (independent),3,mixed,13584,0
2026-05-03,multi-game (independent),4,all-sports,7915549,0
2026-05-03,multi-game (independent),4,mixed,11864,0
2026-05-03,multi-game (independent),5-7,all-sports,12966847,0
2026-05-03,multi-game (independent),5-7,mixed,4979,0
2026-05-03,multi-game (independent),8+,all-sports,20296197,0
2026-05-03,multi-game (independent),8+,mixed,23381,0
2026-05-03,same-game (correlated),2,all-nonsports,6144,0
2026-05-03,same-game (correlated),2,all-sports,11597440,0
2026-05-03,same-game (correlated),3,all-nonsports,687,0
2026-05-03,same-game (correlated),3,all-sports,7072128,0
2026-05-03,same-game (correlated),3,mixed,3968,0
2026-05-03,same-game (correlated),4,all-nonsports,2772,0
2026-05-03,same-game (correlated),4,all-sports,9408577,0
2026-05-03,same-game (correlated),4,mixed,9896,0
2026-05-03,same-game (correlated),5-7,all-nonsports,2397,0
2026-05-03,same-game (correlated),5-7,all-sports,17370182,0
2026-05-03,same-game (correlated),5-7,mixed,16923,0
2026-05-03,same-game (correlated),8+,all-sports,41708213,0
2026-05-03,same-game (correlated),8+,mixed,99157,0
2026-05-03,unclassified (pending legs),unknown,unknown,129695,1
2026-05-04,multi-game (independent),2,all-sports,15977406,0
2026-05-04,multi-game (independent),2,mixed,19534,0
2026-05-04,multi-game (independent),3,all-sports,11703857,0
2026-05-04,multi-game (independent),3,mixed,573100,0
2026-05-04,multi-game (independent),4,all-sports,9366452,0
2026-05-04,multi-game (independent),4,mixed,756157,0
2026-05-04,multi-game (independent),5-7,all-sports,13288577,0
2026-05-04,multi-game (independent),5-7,mixed,47290,0
2026-05-04,multi-game (independent),8+,all-sports,17218903,0
2026-05-04,multi-game (independent),8+,mixed,74993,0
2026-05-04,same-game (correlated),2,all-nonsports,2519,0
2026-05-04,same-game (correlated),2,all-sports,7187712,0
2026-05-04,same-game (correlated),3,all-nonsports,3985,0
2026-05-04,same-game (correlated),3,all-sports,5847662,0
2026-05-04,same-game (correlated),3,mixed,20381,0
2026-05-04,same-game (correlated),4,all-nonsports,471,0
2026-05-04,same-game (correlated),4,all-sports,7070116,0
2026-05-04,same-game (correlated),4,mixed,38464,0
2026-05-04,same-game (correlated),5-7,all-nonsports,693,0
2026-05-04,same-game (correlated),5-7,all-sports,14257959,0
2026-05-04,same-game (correlated),5-7,mixed,24729,0
2026-05-04,same-game (correlated),8+,all-sports,48220207,0
2026-05-04,same-game (correlated),8+,mixed,51643,0
2026-05-04,unclassified (pending legs),unknown,unknown,246119,1
2026-05-05,multi-game (independent),2,all-sports,15079583,0
2026-05-05,multi-game (independent),2,mixed,6772,0
2026-05-05,multi-game (independent),3,all-sports,11604544,0
2026-05-05,multi-game (independent),3,mixed,19250,0
2026-05-05,multi-game (independent),4,all-sports,10771364,0
2026-05-05,multi-game (independent),4,mixed,9966,0
2026-05-05,multi-game (independent),5-7,all-sports,14784583,0
2026-05-05,multi-game (independent),5-7,mixed,19781,0
2026-05-05,multi-game (independent),8+,all-sports,28892902,0
2026-05-05,multi-game (independent),8+,mixed,32818,0
2026-05-05,same-game (correlated),2,all-nonsports,4895,0
2026-05-05,same-game (correlated),2,all-sports,7611340,0
2026-05-05,same-game (correlated),3,all-nonsports,1517,0
2026-05-05,same-game (correlated),3,all-sports,5880773,0
2026-05-05,same-game (correlated),3,mixed,15048,0
2026-05-05,same-game (correlated),4,all-nonsports,1817,0
2026-05-05,same-game (correlated),4,all-sports,6951008,0
2026-05-05,same-game (correlated),4,mixed,8409,0
2026-05-05,same-game (correlated),5-7,all-nonsports,1657,0
2026-05-05,same-game (correlated),5-7,all-sports,13775801,0
2026-05-05,same-game (correlated),5-7,mixed,22759,0
2026-05-05,same-game (correlated),8+,all-sports,33675456,0
2026-05-05,same-game (correlated),8+,mixed,59809,0
2026-05-05,unclassified (pending legs),unknown,unknown,146558,1
2026-05-06,multi-game (independent),2,all-sports,15518363,0
2026-05-06,multi-game (independent),2,mixed,12253,0
2026-05-06,multi-game (independent),3,all-sports,12077800,0
2026-05-06,multi-game (independent),3,mixed,26066,0
2026-05-06,multi-game (independent),4,all-sports,9614514,0
2026-05-06,multi-game (independent),4,mixed,16672,0
2026-05-06,multi-game (independent),5-7,all-sports,13978250,0
2026-05-06,multi-game (independent),5-7,mixed,48340,0
2026-05-06,multi-game (independent),8+,all-sports,21199705,0
2026-05-06,multi-game (independent),8+,mixed,51794,0
2026-05-06,same-game (correlated),2,all-nonsports,3573,0
2026-05-06,same-game (correlated),2,all-sports,8885093,0
2026-05-06,same-game (correlated),3,all-nonsports,2829,0
2026-05-06,same-game (correlated),3,all-sports,6569951,0
2026-05-06,same-game (correlated),3,mixed,2235,0
2026-05-06,same-game (correlated),4,all-nonsports,845,0
2026-05-06,same-game (correlated),4,all-sports,7538923,0
2026-05-06,same-game (correlated),4,mixed,5166,0
2026-05-06,same-game (correlated),5-7,all-nonsports,1401,0
2026-05-06,same-game (correlated),5-7,all-sports,14027677,0
2026-05-06,same-game (correlated),5-7,mixed,22474,0
2026-05-06,same-game (correlated),8+,all-sports,39880915,0
2026-05-06,same-game (correlated),8+,mixed,50838,0
2026-05-06,unclassified (pending legs),unknown,unknown,76265,1
2026-05-07,multi-game (independent),2,all-sports,13226670,0
2026-05-07,multi-game (independent),2,mixed,12780,0
2026-05-07,multi-game (independent),3,all-sports,10399572,0
2026-05-07,multi-game (independent),3,mixed,12887,0
2026-05-07,multi-game (independent),4,all-sports,7667322,0
2026-05-07,multi-game (independent),4,mixed,15999,0
2026-05-07,multi-game (independent),5-7,all-sports,10912816,0
2026-05-07,multi-game (independent),5-7,mixed,27792,0
2026-05-07,multi-game (independent),8+,all-sports,16813257,0
2026-05-07,multi-game (independent),8+,mixed,16252,0
2026-05-07,same-game (correlated),2,all-nonsports,18921,0
2026-05-07,same-game (correlated),2,all-sports,9036475,0
2026-05-07,same-game (correlated),3,all-nonsports,2918,0
2026-05-07,same-game (correlated),3,all-sports,6491300,0
2026-05-07,same-game (correlated),3,mixed,5095,0
2026-05-07,same-game (correlated),4,all-nonsports,366,0
2026-05-07,same-game (correlated),4,all-sports,7756506,0
2026-05-07,same-game (correlated),4,mixed,12279,0
2026-05-07,same-game (correlated),5-7,all-nonsports,988,0
2026-05-07,same-game (correlated),5-7,all-sports,18516748,0
2026-05-07,same-game (correlated),5-7,mixed,9381,0
2026-05-07,same-game (correlated),8+,all-sports,52435421,0
2026-05-07,same-game (correlated),8+,mixed,187649,0
2026-05-07,unclassified (pending legs),unknown,unknown,43027,1
2026-05-08,multi-game (independent),2,all-sports,13429952,0
2026-05-08,multi-game (independent),2,mixed,7987,0
2026-05-08,multi-game (independent),3,all-sports,12986374,0
2026-05-08,multi-game (independent),3,mixed,20348,0
2026-05-08,multi-game (independent),4,all-sports,12756532,0
2026-05-08,multi-game (independent),4,mixed,9153,0
2026-05-08,multi-game (independent),5-7,all-sports,18562637,0
2026-05-08,multi-game (independent),5-7,mixed,54976,0
2026-05-08,multi-game (independent),8+,all-sports,40789419,0
2026-05-08,multi-game (independent),8+,mixed,63439,0
2026-05-08,same-game (correlated),2,all-nonsports,5193,0
2026-05-08,same-game (correlated),2,all-sports,7549961,0
2026-05-08,same-game (correlated),3,all-nonsports,1437,0
2026-05-08,same-game (correlated),3,all-sports,5799557,0
2026-05-08,same-game (correlated),3,mixed,1993,0
2026-05-08,same-game (correlated),4,all-nonsports,808,0
2026-05-08,same-game (correlated),4,all-sports,6802471,0
2026-05-08,same-game (correlated),4,mixed,1363,0
2026-05-08,same-game (correlated),5-7,all-nonsports,6161,0
2026-05-08,same-game (correlated),5-7,all-sports,14682807,0
2026-05-08,same-game (correlated),5-7,mixed,7572,0
2026-05-08,same-game (correlated),8+,all-sports,42803417,0
2026-05-08,same-game (correlated),8+,mixed,53887,0
2026-05-08,unclassified (pending legs),unknown,unknown,502145,1
2026-05-09,multi-game (independent),2,all-sports,19667913,0
2026-05-09,multi-game (independent),2,mixed,9344,0
2026-05-09,multi-game (independent),3,all-sports,19544857,0
2026-05-09,multi-game (independent),3,mixed,8701,0
2026-05-09,multi-game (independent),4,all-sports,17359583,0
2026-05-09,multi-game (independent),4,mixed,10633,0
2026-05-09,multi-game (independent),5-7,all-sports,34118292,0
2026-05-09,multi-game (independent),5-7,mixed,44417,0
2026-05-09,multi-game (independent),8+,all-sports,45655019,0
2026-05-09,multi-game (independent),8+,mixed,62472,0
2026-05-09,same-game (correlated),2,all-nonsports,11797,0
2026-05-09,same-game (correlated),2,all-sports,9542627,0
2026-05-09,same-game (correlated),3,all-nonsports,615,0
2026-05-09,same-game (correlated),3,all-sports,6774757,0
2026-05-09,same-game (correlated),3,mixed,1648,0
2026-05-09,same-game (correlated),4,all-nonsports,1733,0
2026-05-09,same-game (correlated),4,all-sports,7980658,0
2026-05-09,same-game (correlated),4,mixed,2006,0
2026-05-09,same-game (correlated),5-7,all-nonsports,2995,0
2026-05-09,same-game (correlated),5-7,all-sports,18317964,0
2026-05-09,same-game (correlated),5-7,mixed,7285,0
2026-05-09,same-game (correlated),8+,all-sports,47283663,0
2026-05-09,same-game (correlated),8+,mixed,76356,0
2026-05-09,unclassified (pending legs),unknown,unknown,193505,1
2026-05-10,multi-game (independent),2,all-sports,13300897,0
2026-05-10,multi-game (independent),2,mixed,34154,0
2026-05-10,multi-game (independent),3,all-sports,11956114,0
2026-05-10,multi-game (independent),3,mixed,17761,0
2026-05-10,multi-game (independent),4,all-sports,11324719,0
2026-05-10,multi-game (independent),4,mixed,16976,0
2026-05-10,multi-game (independent),5-7,all-sports,17479215,0
2026-05-10,multi-game (independent),5-7,mixed,19175,0
2026-05-10,multi-game (independent),8+,all-sports,27789188,0
2026-05-10,multi-game (independent),8+,mixed,45906,0
2026-05-10,same-game (correlated),2,all-nonsports,8226,0
2026-05-10,same-game (correlated),2,all-sports,10227801,0
2026-05-10,same-game (correlated),3,all-nonsports,3913,0
2026-05-10,same-game (correlated),3,all-sports,7616501,0
2026-05-10,same-game (correlated),3,mixed,3999,0
2026-05-10,same-game (correlated),4,all-nonsports,4800,0
2026-05-10,same-game (correlated),4,all-sports,8350281,0
2026-05-10,same-game (correlated),4,mixed,3956,0
2026-05-10,same-game (correlated),5-7,all-nonsports,5294,0
2026-05-10,same-game (correlated),5-7,all-sports,18978316,0
2026-05-10,same-game (correlated),5-7,mixed,13299,0
2026-05-10,same-game (correlated),8+,all-sports,63471246,0
2026-05-10,same-game (correlated),8+,mixed,82481,0
2026-05-10,unclassified (pending legs),unknown,unknown,91562,1
2026-05-11,multi-game (independent),2,all-sports,11313054,0
2026-05-11,multi-game (independent),2,mixed,20219,0
2026-05-11,multi-game (independent),3,all-sports,9512717,0
2026-05-11,multi-game (independent),3,mixed,13305,0
2026-05-11,multi-game (independent),4,all-sports,5580053,0
2026-05-11,multi-game (independent),4,mixed,12433,0
2026-05-11,multi-game (independent),5-7,all-sports,9346469,0
2026-05-11,multi-game (independent),5-7,mixed,63776,0
2026-05-11,multi-game (independent),8+,all-sports,7048441,0
2026-05-11,multi-game (independent),8+,mixed,7637,0
2026-05-11,same-game (correlated),2,all-nonsports,6714,0
2026-05-11,same-game (correlated),2,all-sports,7737926,0
2026-05-11,same-game (correlated),3,all-nonsports,4657,0
2026-05-11,same-game (correlated),3,all-sports,6267184,0
2026-05-11,same-game (correlated),3,mixed,8052,0
2026-05-11,same-game (correlated),4,all-nonsports,1079,0
2026-05-11,same-game (correlated),4,all-sports,7238836,0
2026-05-11,same-game (correlated),4,mixed,1542,0
2026-05-11,same-game (correlated),5-7,all-nonsports,9356,0
2026-05-11,same-game (correlated),5-7,all-sports,16466079,0
2026-05-11,same-game (correlated),5-7,mixed,23453,0
2026-05-11,same-game (correlated),8+,all-sports,61196824,0
2026-05-11,same-game (correlated),8+,mixed,80294,0
2026-05-11,unclassified (pending legs),unknown,unknown,146733,1
2026-05-12,multi-game (independent),2,all-sports,11636351,0
2026-05-12,multi-game (independent),2,mixed,115264,0
2026-05-12,multi-game (independent),3,all-sports,10367159,0
2026-05-12,multi-game (independent),3,mixed,8039,0
2026-05-12,multi-game (independent),4,all-sports,8767771,0
2026-05-12,multi-game (independent),4,mixed,21142,0
2026-05-12,multi-game (independent),5-7,all-sports,12418491,0
2026-05-12,multi-game (independent),5-7,mixed,37548,0
2026-05-12,multi-game (independent),8+,all-sports,17752944,0
2026-05-12,multi-game (independent),8+,mixed,120568,0
2026-05-12,same-game (correlated),2,all-nonsports,11007,0
2026-05-12,same-game (correlated),2,all-sports,7986333,0
2026-05-12,same-game (correlated),3,all-nonsports,7286,0
2026-05-12,same-game (correlated),3,all-sports,5445313,0
2026-05-12,same-game (correlated),3,mixed,779,0
2026-05-12,same-game (correlated),4,all-nonsports,7115,0
2026-05-12,same-game (correlated),4,all-sports,6080070,0
2026-05-12,same-game (correlated),4,mixed,2088,0
2026-05-12,same-game (correlated),5-7,all-nonsports,7855,0
2026-05-12,same-game (correlated),5-7,all-sports,13564536,0
2026-05-12,same-game (correlated),5-7,mixed,40538,0
2026-05-12,same-game (correlated),8+,all-sports,35040917,0
2026-05-12,same-game (correlated),8+,mixed,132858,0
2026-05-12,unclassified (pending legs),unknown,unknown,76611,1
2026-05-13,multi-game (independent),2,all-sports,10796869,0
2026-05-13,multi-game (independent),2,mixed,11219,0
2026-05-13,multi-game (independent),3,all-sports,11175336,0
2026-05-13,multi-game (independent),3,mixed,25300,0
2026-05-13,multi-game (independent),4,all-sports,8648491,0
2026-05-13,multi-game (independent),4,mixed,15261,0
2026-05-13,multi-game (independent),5-7,all-sports,13300881,0
2026-05-13,multi-game (independent),5-7,mixed,14036,0
2026-05-13,multi-game (independent),8+,all-sports,23622842,0
2026-05-13,multi-game (independent),8+,mixed,31774,0
2026-05-13,same-game (correlated),2,all-nonsports,12303,0
2026-05-13,same-game (correlated),2,all-sports,7228249,0
2026-05-13,same-game (correlated),3,all-nonsports,9739,0
2026-05-13,same-game (correlated),3,all-sports,4870728,0
2026-05-13,same-game (correlated),3,mixed,2489,0
2026-05-13,same-game (correlated),4,all-nonsports,10019,0
2026-05-13,same-game (correlated),4,all-sports,5225984,0
2026-05-13,same-game (correlated),4,mixed,141133,0
2026-05-13,same-game (correlated),5-7,all-nonsports,7721,0
2026-05-13,same-game (correlated),5-7,all-sports,12965750,0
2026-05-13,same-game (correlated),5-7,mixed,99266,0
2026-05-13,same-game (correlated),8+,all-sports,26230755,0
2026-05-13,same-game (correlated),8+,mixed,51455,0
2026-05-13,unclassified (pending legs),unknown,unknown,143370,1
2026-05-14,multi-game (independent),2,all-sports,9665072,0
2026-05-14,multi-game (independent),2,mixed,18720,0
2026-05-14,multi-game (independent),3,all-sports,9622927,0
2026-05-14,multi-game (independent),3,mixed,17166,0
2026-05-14,multi-game (independent),4,all-sports,6311270,0
2026-05-14,multi-game (independent),4,mixed,7190,0
2026-05-14,multi-game (independent),5-7,all-sports,9866880,0
2026-05-14,multi-game (independent),5-7,mixed,36103,0
2026-05-14,multi-game (independent),8+,all-sports,11613801,0
2026-05-14,multi-game (independent),8+,mixed,26232,0
2026-05-14,same-game (correlated),2,all-nonsports,23455,0
2026-05-14,same-game (correlated),2,all-sports,4903459,0
2026-05-14,same-game (correlated),3,all-nonsports,2526,0
2026-05-14,same-game (correlated),3,all-sports,4053401,0
2026-05-14,same-game (correlated),3,mixed,1298,0
2026-05-14,same-game (correlated),4,all-nonsports,345,0
2026-05-14,same-game (correlated),4,all-sports,3914553,0
2026-05-14,same-game (correlated),4,mixed,21623,0
2026-05-14,same-game (correlated),5-7,all-nonsports,2265,0
2026-05-14,same-game (correlated),5-7,all-sports,9620435,0
2026-05-14,same-game (correlated),5-7,mixed,11795,0
2026-05-14,same-game (correlated),8+,all-sports,20222778,0
2026-05-14,same-game (correlated),8+,mixed,57795,0
2026-05-14,unclassified (pending legs),unknown,unknown,51972,1
2026-05-15,multi-game (independent),2,all-sports,10001894,0
2026-05-15,multi-game (independent),2,mixed,49283,0
2026-05-15,multi-game (independent),3,all-sports,10021669,0
2026-05-15,multi-game (independent),3,mixed,2278,0
2026-05-15,multi-game (independent),4,all-sports,8560434,0
2026-05-15,multi-game (independent),4,mixed,23882,0
2026-05-15,multi-game (independent),5-7,all-sports,14141512,0
2026-05-15,multi-game (independent),5-7,mixed,8233,0
2026-05-15,multi-game (independent),8+,all-sports,37780596,0
2026-05-15,multi-game (independent),8+,mixed,16103,0
2026-05-15,same-game (correlated),2,all-nonsports,23000,0
2026-05-15,same-game (correlated),2,all-sports,7790501,0
2026-05-15,same-game (correlated),3,all-nonsports,6189,0
2026-05-15,same-game (correlated),3,all-sports,5355117,0
2026-05-15,same-game (correlated),3,mixed,5819,0
2026-05-15,same-game (correlated),4,all-nonsports,2805,0
2026-05-15,same-game (correlated),4,all-sports,6897451,0
2026-05-15,same-game (correlated),4,mixed,16740,0
2026-05-15,same-game (correlated),5-7,all-nonsports,28845,0
2026-05-15,same-game (correlated),5-7,all-sports,14517628,0
2026-05-15,same-game (correlated),5-7,mixed,8823,0
2026-05-15,same-game (correlated),8+,all-nonsports,129,0
2026-05-15,same-game (correlated),8+,all-sports,40589589,0
2026-05-15,same-game (correlated),8+,mixed,56703,0
2026-05-15,unclassified (pending legs),unknown,unknown,103551,1
2026-05-16,multi-game (independent),2,all-sports,12880719,0
2026-05-16,multi-game (independent),2,mixed,21057,0
2026-05-16,multi-game (independent),3,all-sports,15686793,0
2026-05-16,multi-game (independent),3,mixed,12011,0
2026-05-16,multi-game (independent),4,all-sports,13300586,0
2026-05-16,multi-game (independent),4,mixed,12856,0
2026-05-16,multi-game (independent),5-7,all-sports,29553018,0
2026-05-16,multi-game (independent),5-7,mixed,13454,0
2026-05-16,multi-game (independent),8+,all-sports,50130548,0
2026-05-16,multi-game (independent),8+,mixed,32626,0
2026-05-16,same-game (correlated),2,all-nonsports,16384,0
2026-05-16,same-game (correlated),2,all-sports,4854148,0
2026-05-16,same-game (correlated),3,all-nonsports,4178,0
2026-05-16,same-game (correlated),3,all-sports,3426577,0
2026-05-16,same-game (correlated),3,mixed,3528,0
2026-05-16,same-game (correlated),4,all-nonsports,20794,0
2026-05-16,same-game (correlated),4,all-sports,4202871,0
2026-05-16,same-game (correlated),4,mixed,3469,0
2026-05-16,same-game (correlated),5-7,all-nonsports,104728,0
2026-05-16,same-game (correlated),5-7,all-sports,7974518,0
2026-05-16,same-game (correlated),5-7,mixed,10343,0
2026-05-16,same-game (correlated),8+,all-nonsports,278,0
2026-05-16,same-game (correlated),8+,all-sports,19909763,0
2026-05-16,same-game (correlated),8+,mixed,106798,0
2026-05-16,unclassified (pending legs),unknown,unknown,46596,1
2026-05-17,multi-game (independent),2,all-sports,9550581,0
2026-05-17,multi-game (independent),2,mixed,12789,0
2026-05-17,multi-game (independent),3,all-sports,10176408,0
2026-05-17,multi-game (independent),3,mixed,14618,0
2026-05-17,multi-game (independent),4,all-sports,9449108,0
2026-05-17,multi-game (independent),4,mixed,6554,0
2026-05-17,multi-game (independent),5-7,all-sports,17919608,0
2026-05-17,multi-game (independent),5-7,mixed,9802,0
2026-05-17,multi-game (independent),8+,all-sports,30380665,0
2026-05-17,multi-game (independent),8+,mixed,14378,0
2026-05-17,same-game (correlated),2,all-nonsports,13230,0
2026-05-17,same-game (correlated),2,all-sports,11262038,0
2026-05-17,same-game (correlated),3,all-nonsports,5914,0
2026-05-17,same-game (correlated),3,all-sports,6814778,0
2026-05-17,same-game (correlated),3,mixed,4305,0
2026-05-17,same-game (correlated),4,all-nonsports,13400,0
2026-05-17,same-game (correlated),4,all-sports,7436862,0
2026-05-17,same-game (correlated),4,mixed,7620,0
2026-05-17,same-game (correlated),5-7,all-nonsports,90873,0
2026-05-17,same-game (correlated),5-7,all-sports,21044184,0
2026-05-17,same-game (correlated),5-7,mixed,27704,0
2026-05-17,same-game (correlated),8+,all-nonsports,24,0
2026-05-17,same-game (correlated),8+,all-sports,31540338,0
2026-05-17,same-game (correlated),8+,mixed,150736,0
2026-05-17,unclassified (pending legs),unknown,unknown,34394,1
2026-05-18,multi-game (independent),2,all-sports,8822164,0
2026-05-18,multi-game (independent),2,mixed,17088,0
2026-05-18,multi-game (independent),3,all-sports,9546326,0
2026-05-18,multi-game (independent),3,mixed,17696,0
2026-05-18,multi-game (independent),4,all-sports,8176358,0
2026-05-18,multi-game (independent),4,mixed,21965,0
2026-05-18,multi-game (independent),5-7,all-sports,13375452,0
2026-05-18,multi-game (independent),5-7,mixed,15418,0
2026-05-18,multi-game (independent),8+,all-sports,34597282,0
2026-05-18,multi-game (independent),8+,mixed,37746,0
2026-05-18,same-game (correlated),2,all-nonsports,36204,0
2026-05-18,same-game (correlated),2,all-sports,8258082,0
2026-05-18,same-game (correlated),3,all-nonsports,12233,0
2026-05-18,same-game (correlated),3,all-sports,4756715,0
2026-05-18,same-game (correlated),3,mixed,616,0
2026-05-18,same-game (correlated),4,all-nonsports,16756,0
2026-05-18,same-game (correlated),4,all-sports,5667593,0
2026-05-18,same-game (correlated),4,mixed,1299,0
2026-05-18,same-game (correlated),5-7,all-nonsports,136518,0
2026-05-18,same-game (correlated),5-7,all-sports,11298342,0
2026-05-18,same-game (correlated),5-7,mixed,8276,0
2026-05-18,same-game (correlated),8+,all-nonsports,1023,0
2026-05-18,same-game (correlated),8+,all-sports,26640035,0
2026-05-18,same-game (correlated),8+,mixed,86147,0
2026-05-18,unclassified (pending legs),unknown,unknown,108128,1
2026-05-19,multi-game (independent),2,all-sports,12285304,0
2026-05-19,multi-game (independent),2,mixed,12474,0
2026-05-19,multi-game (independent),3,all-sports,11135732,0
2026-05-19,multi-game (independent),3,mixed,11373,0
2026-05-19,multi-game (independent),4,all-sports,9142907,0
2026-05-19,multi-game (independent),4,mixed,10732,0
2026-05-19,multi-game (independent),5-7,all-sports,15729212,0
2026-05-19,multi-game (independent),5-7,mixed,18380,0
2026-05-19,multi-game (independent),8+,all-sports,26212413,0
2026-05-19,multi-game (independent),8+,mixed,16144,0
2026-05-19,same-game (correlated),2,all-nonsports,19850,0
2026-05-19,same-game (correlated),2,all-sports,9629062,0
2026-05-19,same-game (correlated),3,all-nonsports,8028,0
2026-05-19,same-game (correlated),3,all-sports,5254115,0
2026-05-19,same-game (correlated),3,mixed,2699,0
2026-05-19,same-game (correlated),4,all-nonsports,10868,0
2026-05-19,same-game (correlated),4,all-sports,6209785,0
2026-05-19,same-game (correlated),4,mixed,2335,0
2026-05-19,same-game (correlated),5-7,all-nonsports,25129,0
2026-05-19,same-game (correlated),5-7,all-sports,13763154,0
2026-05-19,same-game (correlated),5-7,mixed,21469,0
2026-05-19,same-game (correlated),8+,all-nonsports,3905,0
2026-05-19,same-game (correlated),8+,all-sports,33391262,0
2026-05-19,same-game (correlated),8+,mixed,60781,0
2026-05-19,unclassified (pending legs),unknown,unknown,271507,1
2026-05-20,multi-game (independent),2,all-sports,14531015,0
2026-05-20,multi-game (independent),2,mixed,17611,0
2026-05-20,multi-game (independent),3,all-sports,13412324,0
2026-05-20,multi-game (independent),3,mixed,33541,0
2026-05-20,multi-game (independent),4,all-sports,9887084,0
2026-05-20,multi-game (independent),4,mixed,29342,0
2026-05-20,multi-game (independent),5-7,all-sports,17404452,0
2026-05-20,multi-game (independent),5-7,mixed,16758,0
2026-05-20,multi-game (independent),8+,all-sports,27142042,0
2026-05-20,multi-game (independent),8+,mixed,14658,0
2026-05-20,same-game (correlated),2,all-nonsports,24842,0
2026-05-20,same-game (correlated),2,all-sports,12288089,0
2026-05-20,same-game (correlated),3,all-nonsports,5754,0
2026-05-20,same-game (correlated),3,all-sports,7754659,0
2026-05-20,same-game (correlated),3,mixed,395,0
2026-05-20,same-game (correlated),4,all-nonsports,2717,0
2026-05-20,same-game (correlated),4,all-sports,8505884,0
2026-05-20,same-game (correlated),4,mixed,3427,0
2026-05-20,same-game (correlated),5-7,all-nonsports,15851,0
2026-05-20,same-game (correlated),5-7,all-sports,22266528,0
2026-05-20,same-game (correlated),5-7,mixed,33313,0
2026-05-20,same-game (correlated),8+,all-nonsports,516,0
2026-05-20,same-game (correlated),8+,all-sports,34164166,0
2026-05-20,same-game (correlated),8+,mixed,114997,0
2026-05-20,unclassified (pending legs),unknown,unknown,118755,1
2026-05-21,multi-game (independent),2,all-sports,13102933,0
2026-05-21,multi-game (independent),2,mixed,92073,0
2026-05-21,multi-game (independent),3,all-sports,9698675,0
2026-05-21,multi-game (independent),3,mixed,26430,0
2026-05-21,multi-game (independent),4,all-sports,7653677,0
2026-05-21,multi-game (independent),4,mixed,14893,0
2026-05-21,multi-game (independent),5-7,all-sports,13476392,0
2026-05-21,multi-game (independent),5-7,mixed,15816,0
2026-05-21,multi-game (independent),8+,all-sports,10540936,0
2026-05-21,multi-game (independent),8+,mixed,27734,0
2026-05-21,same-game (correlated),2,all-nonsports,16532,0
2026-05-21,same-game (correlated),2,all-sports,10410447,0
2026-05-21,same-game (correlated),3,all-nonsports,4788,0
2026-05-21,same-game (correlated),3,all-sports,7251272,0
2026-05-21,same-game (correlated),3,mixed,11742,0
2026-05-21,same-game (correlated),4,all-nonsports,5888,0
2026-05-21,same-game (correlated),4,all-sports,8098483,0
2026-05-21,same-game (correlated),4,mixed,4382,0
2026-05-21,same-game (correlated),5-7,all-nonsports,8664,0
2026-05-21,same-game (correlated),5-7,all-sports,16814428,0
2026-05-21,same-game (correlated),5-7,mixed,56382,0
2026-05-21,same-game (correlated),8+,all-nonsports,94,0
2026-05-21,same-game (correlated),8+,all-sports,36077781,0
2026-05-21,same-game (correlated),8+,mixed,211701,0
2026-05-21,unclassified (pending legs),unknown,unknown,423238,1
2026-05-22,multi-game (independent),2,all-sports,12061301,0
2026-05-22,multi-game (independent),2,mixed,40609,0
2026-05-22,multi-game (independent),3,all-sports,13729677,0
2026-05-22,multi-game (independent),3,mixed,37562,0
2026-05-22,multi-game (independent),4,all-sports,11479256,0
2026-05-22,multi-game (independent),4,mixed,29789,0
2026-05-22,multi-game (independent),5-7,all-sports,19153706,0
2026-05-22,multi-game (independent),5-7,mixed,31414,0
2026-05-22,multi-game (independent),8+,all-sports,33154744,0
2026-05-22,multi-game (independent),8+,mixed,98404,0
2026-05-22,same-game (correlated),2,all-nonsports,38262,0
2026-05-22,same-game (correlated),2,all-sports,10166047,0
2026-05-22,same-game (correlated),3,all-nonsports,7979,0
2026-05-22,same-game (correlated),3,all-sports,7949818,0
2026-05-22,same-game (correlated),3,mixed,7829,0
2026-05-22,same-game (correlated),4,all-nonsports,2802,0
2026-05-22,same-game (correlated),4,all-sports,7230709,0
2026-05-22,same-game (correlated),4,mixed,9341,0
2026-05-22,same-game (correlated),5-7,all-nonsports,21020,0
2026-05-22,same-game (correlated),5-7,all-sports,16883648,0
2026-05-22,same-game (correlated),5-7,mixed,17909,0
2026-05-22,same-game (correlated),8+,all-nonsports,2481,0
2026-05-22,same-game (correlated),8+,all-sports,31002864,0
2026-05-22,same-game (correlated),8+,mixed,218858,0
2026-05-22,unclassified (pending legs),unknown,unknown,233708,1
2026-05-23,multi-game (independent),2,all-sports,13055775,0
2026-05-23,multi-game (independent),2,mixed,33040,0
2026-05-23,multi-game (independent),3,all-sports,15495794,0
2026-05-23,multi-game (independent),3,mixed,34616,0
2026-05-23,multi-game (independent),4,all-sports,11283300,0
2026-05-23,multi-game (independent),4,mixed,21470,0
2026-05-23,multi-game (independent),5-7,all-sports,22076131,0
2026-05-23,multi-game (independent),5-7,mixed,35292,0
2026-05-23,multi-game (independent),8+,all-sports,32747257,0
2026-05-23,multi-game (independent),8+,mixed,42955,0
2026-05-23,same-game (correlated),2,all-nonsports,37071,0
2026-05-23,same-game (correlated),2,all-sports,9205557,0
2026-05-23,same-game (correlated),3,all-nonsports,14447,0
2026-05-23,same-game (correlated),3,all-sports,6183078,0
2026-05-23,same-game (correlated),3,mixed,6478,0
2026-05-23,same-game (correlated),4,all-nonsports,3858,0
2026-05-23,same-game (correlated),4,all-sports,6668510,0
2026-05-23,same-game (correlated),4,mixed,7547,0
2026-05-23,same-game (correlated),5-7,all-nonsports,10494,0
2026-05-23,same-game (correlated),5-7,all-sports,22305038,0
2026-05-23,same-game (correlated),5-7,mixed,51459,0
2026-05-23,same-game (correlated),8+,all-nonsports,7983,0
2026-05-23,same-game (correlated),8+,all-sports,37985989,0
2026-05-23,same-game (correlated),8+,mixed,107378,0
2026-05-23,unclassified (pending legs),unknown,unknown,286200,1
2026-05-24,multi-game (independent),2,all-sports,14823756,0
2026-05-24,multi-game (independent),2,mixed,19809,0
2026-05-24,multi-game (independent),3,all-sports,15356369,0
2026-05-24,multi-game (independent),3,mixed,37721,0
2026-05-24,multi-game (independent),4,all-sports,12340412,0
2026-05-24,multi-game (independent),4,mixed,12001,0
2026-05-24,multi-game (independent),5-7,all-sports,25839209,0
2026-05-24,multi-game (independent),5-7,mixed,20771,0
2026-05-24,multi-game (independent),8+,all-sports,38528321,0
2026-05-24,multi-game (independent),8+,mixed,61626,0
2026-05-24,same-game (correlated),2,all-nonsports,27242,0
2026-05-24,same-game (correlated),2,all-sports,11106379,0
2026-05-24,same-game (correlated),3,all-nonsports,5168,0
2026-05-24,same-game (correlated),3,all-sports,6865600,0
2026-05-24,same-game (correlated),3,mixed,17598,0
2026-05-24,same-game (correlated),4,all-nonsports,3544,0
2026-05-24,same-game (correlated),4,all-sports,7293178,0
2026-05-24,same-game (correlated),4,mixed,7285,0
2026-05-24,same-game (correlated),5-7,all-nonsports,9785,0
2026-05-24,same-game (correlated),5-7,all-sports,21051238,0
2026-05-24,same-game (correlated),5-7,mixed,20094,0
2026-05-24,same-game (correlated),8+,all-nonsports,21,0
2026-05-24,same-game (correlated),8+,all-sports,34572334,0
2026-05-24,same-game (correlated),8+,mixed,176628,0
2026-05-24,unclassified (pending legs),unknown,unknown,375252,1
2026-05-25,multi-game (independent),2,all-sports,13911570,0
2026-05-25,multi-game (independent),2,mixed,16670,0
2026-05-25,multi-game (independent),3,all-sports,12655793,0
2026-05-25,multi-game (independent),3,mixed,15140,0
2026-05-25,multi-game (independent),4,all-sports,10175777,0
2026-05-25,multi-game (independent),4,mixed,23197,0
2026-05-25,multi-game (independent),5-7,all-sports,17212562,0
2026-05-25,multi-game (independent),5-7,mixed,93432,0
2026-05-25,multi-game (independent),8+,all-sports,23912105,0
2026-05-25,multi-game (independent),8+,mixed,52552,0
2026-05-25,same-game (correlated),2,all-nonsports,56024,0
2026-05-25,same-game (correlated),2,all-sports,9813756,0
2026-05-25,same-game (correlated),3,all-nonsports,6651,0
2026-05-25,same-game (correlated),3,all-sports,6207304,0
2026-05-25,same-game (correlated),3,mixed,13811,0
2026-05-25,same-game (correlated),4,all-nonsports,5067,0
2026-05-25,same-game (correlated),4,all-sports,6958766,0
2026-05-25,same-game (correlated),4,mixed,1090,0
2026-05-25,same-game (correlated),5-7,all-nonsports,11197,0
2026-05-25,same-game (correlated),5-7,all-sports,16739130,0
2026-05-25,same-game (correlated),5-7,mixed,44918,0
2026-05-25,same-game (correlated),8+,all-nonsports,32,0
2026-05-25,same-game (correlated),8+,all-sports,35140980,0
2026-05-25,same-game (correlated),8+,mixed,147856,0
2026-05-25,unclassified (pending legs),unknown,unknown,387895,1
2026-05-26,multi-game (independent),2,all-sports,9762220,0
2026-05-26,multi-game (independent),2,mixed,21774,0
2026-05-26,multi-game (independent),3,all-sports,11644758,0
2026-05-26,multi-game (independent),3,mixed,280632,0
2026-05-26,multi-game (independent),4,all-sports,10816148,0
2026-05-26,multi-game (independent),4,mixed,10944,0
2026-05-26,multi-game (independent),5-7,all-sports,17089883,0
2026-05-26,multi-game (independent),5-7,mixed,109089,0
2026-05-26,multi-game (independent),8+,all-sports,23572037,0
2026-05-26,multi-game (independent),8+,mixed,34652,0
2026-05-26,same-game (correlated),2,all-nonsports,8983,0
2026-05-26,same-game (correlated),2,all-sports,9217352,0
2026-05-26,same-game (correlated),3,all-nonsports,1615,0
2026-05-26,same-game (correlated),3,all-sports,5313575,0
2026-05-26,same-game (correlated),3,mixed,10042,0
2026-05-26,same-game (correlated),4,all-nonsports,682,0
2026-05-26,same-game (correlated),4,all-sports,5830019,0
2026-05-26,same-game (correlated),4,mixed,15590,0
2026-05-26,same-game (correlated),5-7,all-nonsports,12565,0
2026-05-26,same-game (correlated),5-7,all-sports,14765419,0
2026-05-26,same-game (correlated),5-7,mixed,20691,0
2026-05-26,same-game (correlated),8+,all-nonsports,1,0
2026-05-26,same-game (correlated),8+,all-sports,25792165,0
2026-05-26,same-game (correlated),8+,mixed,166886,0
2026-05-26,unclassified (pending legs),unknown,unknown,755518,1
2026-05-27,multi-game (independent),2,all-sports,14247460,0
2026-05-27,multi-game (independent),2,mixed,29793,0
2026-05-27,multi-game (independent),3,all-sports,16043822,0
2026-05-27,multi-game (independent),3,mixed,149381,0
2026-05-27,multi-game (independent),4,all-sports,12864953,0
2026-05-27,multi-game (independent),4,mixed,36522,0
2026-05-27,multi-game (independent),5-7,all-sports,21801143,0
2026-05-27,multi-game (independent),5-7,mixed,79452,0
2026-05-27,multi-game (independent),8+,all-sports,36184503,0
2026-05-27,multi-game (independent),8+,mixed,63000,0
2026-05-27,same-game (correlated),2,all-nonsports,34565,0
2026-05-27,same-game (correlated),2,all-sports,6405493,0
2026-05-27,same-game (correlated),3,all-nonsports,6095,0
2026-05-27,same-game (correlated),3,all-sports,3694018,0
2026-05-27,same-game (correlated),3,mixed,16727,0
2026-05-27,same-game (correlated),4,all-nonsports,5930,0
2026-05-27,same-game (correlated),4,all-sports,3979585,0
2026-05-27,same-game (correlated),4,mixed,10605,0
2026-05-27,same-game (correlated),5-7,all-nonsports,24809,0
2026-05-27,same-game (correlated),5-7,all-sports,8733860,0
2026-05-27,same-game (correlated),5-7,mixed,733674,0
2026-05-27,same-game (correlated),8+,all-nonsports,484,0
2026-05-27,same-game (correlated),8+,all-sports,19456864,0
2026-05-27,same-game (correlated),8+,mixed,321084,0
2026-05-27,unclassified (pending legs),unknown,unknown,305053,1
2026-05-28,multi-game (independent),2,all-sports,11098291,0
2026-05-28,multi-game (independent),2,mixed,25262,0
2026-05-28,multi-game (independent),3,all-sports,11329337,0
2026-05-28,multi-game (independent),3,mixed,27301,0
2026-05-28,multi-game (independent),4,all-sports,8171308,0
2026-05-28,multi-game (independent),4,mixed,13483,0
2026-05-28,multi-game (independent),5-7,all-sports,13091771,0
2026-05-28,multi-game (independent),5-7,mixed,92849,0
2026-05-28,multi-game (independent),8+,all-sports,15027133,0
2026-05-28,multi-game (independent),8+,mixed,121528,0
2026-05-28,same-game (correlated),2,all-nonsports,23289,0
2026-05-28,same-game (correlated),2,all-sports,11483808,0
2026-05-28,same-game (correlated),3,all-nonsports,6851,0
2026-05-28,same-game (correlated),3,all-sports,7173987,0
2026-05-28,same-game (correlated),3,mixed,7455,0
2026-05-28,same-game (correlated),4,all-nonsports,4790,0
2026-05-28,same-game (correlated),4,all-sports,7449280,0
2026-05-28,same-game (correlated),4,mixed,22905,0
2026-05-28,same-game (correlated),5-7,all-nonsports,8853,0
2026-05-28,same-game (correlated),5-7,all-sports,17655554,0
2026-05-28,same-game (correlated),5-7,mixed,132425,0
2026-05-28,same-game (correlated),8+,all-nonsports,67,0
2026-05-28,same-game (correlated),8+,all-sports,35756514,0
2026-05-28,same-game (correlated),8+,mixed,220453,0
2026-05-28,unclassified (pending legs),unknown,unknown,335273,1
2026-05-29,multi-game (independent),2,all-sports,13223755,0
2026-05-29,multi-game (independent),2,mixed,60183,0
2026-05-29,multi-game (independent),3,all-sports,17325848,0
2026-05-29,multi-game (independent),3,mixed,64584,0
2026-05-29,multi-game (independent),4,all-sports,15115352,0
2026-05-29,multi-game (independent),4,mixed,49352,0
2026-05-29,multi-game (independent),5-7,all-sports,25285844,0
2026-05-29,multi-game (independent),5-7,mixed,150061,0
2026-05-29,multi-game (independent),8+,all-sports,40975881,0
2026-05-29,multi-game (independent),8+,mixed,163338,0
2026-05-29,same-game (correlated),2,all-nonsports,77999,0
2026-05-29,same-game (correlated),2,all-sports,5404273,0
2026-05-29,same-game (correlated),3,all-nonsports,6242,0
2026-05-29,same-game (correlated),3,all-sports,3557736,0
2026-05-29,same-game (correlated),3,mixed,35429,0
2026-05-29,same-game (correlated),4,all-nonsports,6291,0
2026-05-29,same-game (correlated),4,all-sports,4510295,0
2026-05-29,same-game (correlated),4,mixed,4930,0
2026-05-29,same-game (correlated),5-7,all-nonsports,18914,0
2026-05-29,same-game (correlated),5-7,all-sports,8663220,0
2026-05-29,same-game (correlated),5-7,mixed,34784,0
2026-05-29,same-game (correlated),8+,all-nonsports,336,0
2026-05-29,same-game (correlated),8+,all-sports,26160909,0
2026-05-29,same-game (correlated),8+,mixed,161472,0
2026-05-29,unclassified (pending legs),unknown,unknown,240461,1
2026-05-30,multi-game (independent),2,all-sports,17992536,0
2026-05-30,multi-game (independent),2,mixed,31688,0
2026-05-30,multi-game (independent),3,all-sports,19025094,0
2026-05-30,multi-game (independent),3,mixed,28039,0
2026-05-30,multi-game (independent),4,all-sports,16213038,0
2026-05-30,multi-game (independent),4,mixed,19646,0
2026-05-30,multi-game (independent),5-7,all-sports,28292477,0
2026-05-30,multi-game (independent),5-7,mixed,107028,0
2026-05-30,multi-game (independent),8+,all-sports,43401623,0
2026-05-30,multi-game (independent),8+,mixed,74963,0
2026-05-30,same-game (correlated),2,all-nonsports,43832,0
2026-05-30,same-game (correlated),2,all-sports,16795332,0
2026-05-30,same-game (correlated),3,all-nonsports,13702,0
2026-05-30,same-game (correlated),3,all-sports,10514744,0
2026-05-30,same-game (correlated),3,mixed,8128,0
2026-05-30,same-game (correlated),4,all-nonsports,14745,0
2026-05-30,same-game (correlated),4,all-sports,11317809,0
2026-05-30,same-game (correlated),4,mixed,6397,0
2026-05-30,same-game (correlated),5-7,all-nonsports,11666,0
2026-05-30,same-game (correlated),5-7,all-sports,26674151,0
2026-05-30,same-game (correlated),5-7,mixed,72464,0
2026-05-30,same-game (correlated),8+,all-nonsports,651,0
2026-05-30,same-game (correlated),8+,all-sports,64606795,0
2026-05-30,same-game (correlated),8+,mixed,321682,0
2026-05-30,unclassified (pending legs),unknown,unknown,506098,1
2026-05-31,multi-game (independent),2,all-sports,12660752,0
2026-05-31,multi-game (independent),2,mixed,43691,0
2026-05-31,multi-game (independent),3,all-sports,14717140,0
2026-05-31,multi-game (independent),3,mixed,18453,0
2026-05-31,multi-game (independent),4,all-sports,12862929,0
2026-05-31,multi-game (independent),4,mixed,34026,0
2026-05-31,multi-game (independent),5-7,all-sports,21020393,0
2026-05-31,multi-game (independent),5-7,mixed,35941,0
2026-05-31,multi-game (independent),8+,all-sports,44261592,0
2026-05-31,multi-game (independent),8+,mixed,80627,0
2026-05-31,same-game (correlated),2,all-nonsports,24635,0
2026-05-31,same-game (correlated),2,all-sports,6793949,0
2026-05-31,same-game (correlated),3,all-nonsports,20073,0
2026-05-31,same-game (correlated),3,all-sports,4119486,0
2026-05-31,same-game (correlated),3,mixed,5988,0
2026-05-31,same-game (correlated),4,all-nonsports,10884,0
2026-05-31,same-game (correlated),4,all-sports,4727955,0
2026-05-31,same-game (correlated),4,mixed,2723,0
2026-05-31,same-game (correlated),5-7,all-nonsports,16366,0
2026-05-31,same-game (correlated),5-7,all-sports,10639305,0
2026-05-31,same-game (correlated),5-7,mixed,13373,0
2026-05-31,same-game (correlated),8+,all-nonsports,23,0
2026-05-31,same-game (correlated),8+,all-sports,31670842,0
2026-05-31,same-game (correlated),8+,mixed,191710,0
2026-05-31,unclassified (pending legs),unknown,unknown,257837,1
2026-06-01,multi-game (independent),2,all-sports,12025122,0
2026-06-01,multi-game (independent),2,mixed,29636,0
2026-06-01,multi-game (independent),3,all-sports,18281689,0
2026-06-01,multi-game (independent),3,mixed,11083,0
2026-06-01,multi-game (independent),4,all-sports,12489475,0
2026-06-01,multi-game (independent),4,mixed,24691,0
2026-06-01,multi-game (independent),5-7,all-sports,18696453,0
2026-06-01,multi-game (independent),5-7,mixed,54965,0
2026-06-01,multi-game (independent),8+,all-sports,24581534,0
2026-06-01,multi-game (independent),8+,mixed,90370,0
2026-06-01,same-game (correlated),2,all-nonsports,27161,0
2026-06-01,same-game (correlated),2,all-sports,3269815,0
2026-06-01,same-game (correlated),3,all-nonsports,15460,0
2026-06-01,same-game (correlated),3,all-sports,2756275,0
2026-06-01,same-game (correlated),3,mixed,10282,0
2026-06-01,same-game (correlated),4,all-nonsports,9355,0
2026-06-01,same-game (correlated),4,all-sports,4497489,0
2026-06-01,same-game (correlated),4,mixed,4317,0
2026-06-01,same-game (correlated),5-7,all-nonsports,10285,0
2026-06-01,same-game (correlated),5-7,all-sports,9024715,0
2026-06-01,same-game (correlated),5-7,mixed,21321,0
2026-06-01,same-game (correlated),8+,all-nonsports,3,0
2026-06-01,same-game (correlated),8+,all-sports,31343608,0
2026-06-01,same-game (correlated),8+,mixed,149006,0
2026-06-01,unclassified (pending legs),unknown,unknown,313691,1
2026-06-02,multi-game (independent),2,all-sports,12548621,0
2026-06-02,multi-game (independent),2,mixed,35655,0
2026-06-02,multi-game (independent),3,all-sports,17732191,0
2026-06-02,multi-game (independent),3,mixed,120621,0
2026-06-02,multi-game (independent),4,all-sports,15430826,0
2026-06-02,multi-game (independent),4,mixed,37681,0
2026-06-02,multi-game (independent),5-7,all-sports,25597194,0
2026-06-02,multi-game (independent),5-7,mixed,109758,0
2026-06-02,multi-game (independent),8+,all-sports,39310127,0
2026-06-02,multi-game (independent),8+,mixed,86900,0
2026-06-02,same-game (correlated),2,all-nonsports,65301,0
2026-06-02,same-game (correlated),2,all-sports,4786597,0
2026-06-02,same-game (correlated),3,all-nonsports,28844,0
2026-06-02,same-game (correlated),3,all-sports,3959014,0
2026-06-02,same-game (correlated),3,mixed,15084,0
2026-06-02,same-game (correlated),4,all-nonsports,18909,0
2026-06-02,same-game (correlated),4,all-sports,4738850,0
2026-06-02,same-game (correlated),4,mixed,7507,0
2026-06-02,same-game (correlated),5-7,all-nonsports,26571,0
2026-06-02,same-game (correlated),5-7,all-sports,9842491,0
2026-06-02,same-game (correlated),5-7,mixed,8740,0
2026-06-02,same-game (correlated),8+,all-nonsports,193,0
2026-06-02,same-game (correlated),8+,all-sports,29521793,0
2026-06-02,same-game (correlated),8+,mixed,147696,0
2026-06-02,unclassified (pending legs),unknown,unknown,245760,1
2026-06-03,multi-game (independent),2,all-sports,14991072,0
2026-06-03,multi-game (independent),2,mixed,40202,0
2026-06-03,multi-game (independent),3,all-sports,16748738,0
2026-06-03,multi-game (independent),3,mixed,16611,0
2026-06-03,multi-game (independent),4,all-sports,13846561,0
2026-06-03,multi-game (independent),4,mixed,18161,0
2026-06-03,multi-game (independent),5-7,all-sports,19666223,0
2026-06-03,multi-game (independent),5-7,mixed,115985,0
2026-06-03,multi-game (independent),8+,all-sports,34512141,0
2026-06-03,multi-game (independent),8+,mixed,76385,0
2026-06-03,same-game (correlated),2,all-nonsports,40331,0
2026-06-03,same-game (correlated),2,all-sports,13979150,0
2026-06-03,same-game (correlated),3,all-nonsports,13101,0
2026-06-03,same-game (correlated),3,all-sports,10014956,0
2026-06-03,same-game (correlated),3,mixed,13314,0
2026-06-03,same-game (correlated),4,all-nonsports,7356,0
2026-06-03,same-game (correlated),4,all-sports,10737153,0
2026-06-03,same-game (correlated),4,mixed,2001,0
2026-06-03,same-game (correlated),5-7,all-nonsports,18277,0
2026-06-03,same-game (correlated),5-7,all-sports,23622956,0
2026-06-03,same-game (correlated),5-7,mixed,21068,0
2026-06-03,same-game (correlated),8+,all-nonsports,173,0
2026-06-03,same-game (correlated),8+,all-sports,60669856,0
2026-06-03,same-game (correlated),8+,mixed,272952,0
2026-06-03,unclassified (pending legs),unknown,unknown,495001,1
2026-06-04,multi-game (independent),2,all-sports,15657696,0
2026-06-04,multi-game (independent),2,mixed,52912,0
2026-06-04,multi-game (independent),3,all-sports,15556122,0
2026-06-04,multi-game (independent),3,mixed,9178,0
2026-06-04,multi-game (independent),4,all-sports,12797991,0
2026-06-04,multi-game (independent),4,mixed,6526,0
2026-06-04,multi-game (independent),5-7,all-sports,17063876,0
2026-06-04,multi-game (independent),5-7,mixed,37892,0
2026-06-04,multi-game (independent),8+,all-sports,14033866,0
2026-06-04,multi-game (independent),8+,mixed,14159,0
2026-06-04,same-game (correlated),2,all-nonsports,14826,0
2026-06-04,same-game (correlated),2,all-sports,9074565,0
2026-06-04,same-game (correlated),3,all-nonsports,6823,0
2026-06-04,same-game (correlated),3,all-sports,6208888,0
2026-06-04,same-game (correlated),3,mixed,1240,0
2026-06-04,same-game (correlated),4,all-nonsports,3972,0
2026-06-04,same-game (correlated),4,all-sports,7212875,0
2026-06-04,same-game (correlated),4,mixed,54,0
2026-06-04,same-game (correlated),5-7,all-nonsports,14047,0
2026-06-04,same-game (correlated),5-7,all-sports,14214938,0
2026-06-04,same-game (correlated),5-7,mixed,33122,0
2026-06-04,same-game (correlated),8+,all-nonsports,3,0
2026-06-04,same-game (correlated),8+,all-sports,33275832,0
2026-06-04,same-game (correlated),8+,mixed,99019,0
2026-06-04,unclassified (pending legs),unknown,unknown,590646,1
2026-06-05,multi-game (independent),2,all-sports,12570776,0
2026-06-05,multi-game (independent),2,mixed,39335,0
2026-06-05,multi-game (independent),3,all-sports,13810651,0
2026-06-05,multi-game (independent),3,mixed,20193,0
2026-06-05,multi-game (independent),4,all-sports,13468441,0
2026-06-05,multi-game (independent),4,mixed,16944,0
2026-06-05,multi-game (independent),5-7,all-sports,21626020,0
2026-06-05,multi-game (independent),5-7,mixed,56434,0
2026-06-05,multi-game (independent),8+,all-sports,44655349,0
2026-06-05,multi-game (independent),8+,mixed,36122,0
2026-06-05,same-game (correlated),2,all-nonsports,20759,0
2026-06-05,same-game (correlated),2,all-sports,16480272,0
2026-06-05,same-game (correlated),3,all-nonsports,11878,0
2026-06-05,same-game (correlated),3,all-sports,9321092,0
2026-06-05,same-game (correlated),3,mixed,1793,0
2026-06-05,same-game (correlated),4,all-nonsports,7117,0
2026-06-05,same-game (correlated),4,all-sports,11930509,0
2026-06-05,same-game (correlated),4,mixed,2867,0
2026-06-05,same-game (correlated),5-7,all-nonsports,21806,0
2026-06-05,same-game (correlated),5-7,all-sports,41160303,0
2026-06-05,same-game (correlated),5-7,mixed,32023,0
2026-06-05,same-game (correlated),8+,all-nonsports,48,0
2026-06-05,same-game (correlated),8+,all-sports,73643426,0
2026-06-05,same-game (correlated),8+,mixed,113767,0
2026-06-05,unclassified (pending legs),unknown,unknown,310717,1
2026-06-06,multi-game (independent),2,all-sports,16750286,0
2026-06-06,multi-game (independent),2,mixed,42756,0
2026-06-06,multi-game (independent),3,all-sports,19714936,0
2026-06-06,multi-game (independent),3,mixed,14384,0
2026-06-06,multi-game (independent),4,all-sports,17719981,0
2026-06-06,multi-game (independent),4,mixed,7725,0
2026-06-06,multi-game (independent),5-7,all-sports,28317627,0
2026-06-06,multi-game (independent),5-7,mixed,50631,0
2026-06-06,multi-game (independent),8+,all-sports,46290718,0
2026-06-06,multi-game (independent),8+,mixed,65912,0
2026-06-06,same-game (correlated),2,all-nonsports,44013,0
2026-06-06,same-game (correlated),2,all-sports,7765058,0
2026-06-06,same-game (correlated),3,all-nonsports,17877,0
2026-06-06,same-game (correlated),3,all-sports,8447254,0
2026-06-06,same-game (correlated),3,mixed,5353,0
2026-06-06,same-game (correlated),4,all-nonsports,35032,0
2026-06-06,same-game (correlated),4,all-sports,6838116,0
2026-06-06,same-game (correlated),4,mixed,8249,0
2026-06-06,same-game (correlated),5-7,all-nonsports,31675,0
2026-06-06,same-game (correlated),5-7,all-sports,13260804,0
2026-06-06,same-game (correlated),5-7,mixed,7074,0
2026-06-06,same-game (correlated),8+,all-nonsports,258,0
2026-06-06,same-game (correlated),8+,all-sports,45995840,0
2026-06-06,same-game (correlated),8+,mixed,103066,0
2026-06-06,unclassified (pending legs),unknown,unknown,133638,1
2026-06-07,multi-game (independent),2,all-sports,13207979,0
2026-06-07,multi-game (independent),2,mixed,62033,0
2026-06-07,multi-game (independent),3,all-sports,14315290,0
2026-06-07,multi-game (independent),3,mixed,21263,0
2026-06-07,multi-game (independent),4,all-sports,14040355,0
2026-06-07,multi-game (independent),4,mixed,19283,0
2026-06-07,multi-game (independent),5-7,all-sports,20901056,0
2026-06-07,multi-game (independent),5-7,mixed,14732,0
2026-06-07,multi-game (independent),8+,all-sports,36616623,0
2026-06-07,multi-game (independent),8+,mixed,49905,0
2026-06-07,same-game (correlated),2,all-nonsports,48893,0
2026-06-07,same-game (correlated),2,all-sports,7513671,0
2026-06-07,same-game (correlated),3,all-nonsports,18406,0
2026-06-07,same-game (correlated),3,all-sports,6191467,0
2026-06-07,same-game (correlated),3,mixed,23205,0
2026-06-07,same-game (correlated),4,all-nonsports,34430,0
2026-06-07,same-game (correlated),4,all-sports,6100271,0
2026-06-07,same-game (correlated),4,mixed,8998,0
2026-06-07,same-game (correlated),5-7,all-nonsports,54684,0
2026-06-07,same-game (correlated),5-7,all-sports,10561872,0
2026-06-07,same-game (correlated),5-7,mixed,25097,0
2026-06-07,same-game (correlated),8+,all-nonsports,17,0
2026-06-07,same-game (correlated),8+,all-sports,43899083,0
2026-06-07,same-game (correlated),8+,mixed,119221,0
2026-06-07,unclassified (pending legs),unknown,unknown,417829,1
2026-06-08,multi-game (independent),2,all-sports,11020305,0
2026-06-08,multi-game (independent),2,mixed,13375,0
2026-06-08,multi-game (independent),3,all-sports,13388217,0
2026-06-08,multi-game (independent),3,mixed,13363,0
2026-06-08,multi-game (independent),4,all-sports,12364012,0
2026-06-08,multi-game (independent),4,mixed,15963,0
2026-06-08,multi-game (independent),5-7,all-sports,15062798,0
2026-06-08,multi-game (independent),5-7,mixed,53056,0
2026-06-08,multi-game (independent),8+,all-sports,21323933,0
2026-06-08,multi-game (independent),8+,mixed,20132,0
2026-06-08,same-game (correlated),2,all-nonsports,32415,0
2026-06-08,same-game (correlated),2,all-sports,11636171,0
2026-06-08,same-game (correlated),3,all-nonsports,28668,0
2026-06-08,same-game (correlated),3,all-sports,9179305,0
2026-06-08,same-game (correlated),3,mixed,5357,0
2026-06-08,same-game (correlated),4,all-nonsports,16813,0
2026-06-08,same-game (correlated),4,all-sports,10155183,0
2026-06-08,same-game (correlated),4,mixed,6061,0
2026-06-08,same-game (correlated),5-7,all-nonsports,39444,0
2026-06-08,same-game (correlated),5-7,all-sports,25633744,0
2026-06-08,same-game (correlated),5-7,mixed,9750,0
2026-06-08,same-game (correlated),8+,all-nonsports,833,0
2026-06-08,same-game (correlated),8+,all-sports,93141116,0
2026-06-08,same-game (correlated),8+,mixed,201450,0
2026-06-08,unclassified (pending legs),unknown,unknown,276008,1
2026-06-09,multi-game (independent),2,all-sports,15216848,0
2026-06-09,multi-game (independent),2,mixed,25914,0
2026-06-09,multi-game (independent),3,all-sports,19009392,0
2026-06-09,multi-game (independent),3,mixed,54598,0
2026-06-09,multi-game (independent),4,all-sports,18262086,0
2026-06-09,multi-game (independent),4,mixed,47991,0
2026-06-09,multi-game (independent),5-7,all-sports,31757951,0
2026-06-09,multi-game (independent),5-7,mixed,47090,0
2026-06-09,multi-game (independent),8+,all-sports,68924572,0
2026-06-09,multi-game (independent),8+,mixed,70774,0
2026-06-09,same-game (correlated),2,all-nonsports,23084,0
2026-06-09,same-game (correlated),2,all-sports,8026400,0
2026-06-09,same-game (correlated),3,all-nonsports,24396,0
2026-06-09,same-game (correlated),3,all-sports,5127769,0
2026-06-09,same-game (correlated),3,mixed,50754,0
2026-06-09,same-game (correlated),4,all-nonsports,36495,0
2026-06-09,same-game (correlated),4,all-sports,5875071,0
2026-06-09,same-game (correlated),4,mixed,31936,0
2026-06-09,same-game (correlated),5-7,all-nonsports,31490,0
2026-06-09,same-game (correlated),5-7,all-sports,10962868,0
2026-06-09,same-game (correlated),5-7,mixed,29934,0
2026-06-09,same-game (correlated),8+,all-nonsports,585,0
2026-06-09,same-game (correlated),8+,all-sports,32441081,0
2026-06-09,same-game (correlated),8+,mixed,85765,0
2026-06-09,unclassified (pending legs),unknown,unknown,190973,1
2026-06-10,multi-game (independent),2,all-sports,17806303,0
2026-06-10,multi-game (independent),2,mixed,45900,0
2026-06-10,multi-game (independent),3,all-sports,15221881,0
2026-06-10,multi-game (independent),3,mixed,29217,0
2026-06-10,multi-game (independent),4,all-sports,13129204,0
2026-06-10,multi-game (independent),4,mixed,14204,0
2026-06-10,multi-game (independent),5-7,all-sports,23365161,0
2026-06-10,multi-game (independent),5-7,mixed,64858,0
2026-06-10,multi-game (independent),8+,all-sports,50810643,0
2026-06-10,multi-game (independent),8+,mixed,38055,0
2026-06-10,same-game (correlated),2,all-nonsports,21027,0
2026-06-10,same-game (correlated),2,all-sports,18033206,0
2026-06-10,same-game (correlated),3,all-nonsports,13106,0
2026-06-10,same-game (correlated),3,all-sports,11524648,0
2026-06-10,same-game (correlated),3,mixed,18032,0
2026-06-10,same-game (correlated),4,all-nonsports,23152,0
2026-06-10,same-game (correlated),4,all-sports,13238689,0
2026-06-10,same-game (correlated),4,mixed,23616,0
2026-06-10,same-game (correlated),5-7,all-nonsports,23021,0
2026-06-10,same-game (correlated),5-7,all-sports,29660963,0
2026-06-10,same-game (correlated),5-7,mixed,9563,0
2026-06-10,same-game (correlated),8+,all-nonsports,20,0
2026-06-10,same-game (correlated),8+,all-sports,73486485,0
2026-06-10,same-game (correlated),8+,mixed,64986,0
2026-06-10,unclassified (pending legs),unknown,unknown,254918,1
2026-06-11,multi-game (independent),2,all-sports,19360997,0
2026-06-11,multi-game (independent),2,mixed,51585,0
2026-06-11,multi-game (independent),3,all-sports,18297808,0
2026-06-11,multi-game (independent),3,mixed,44771,0
2026-06-11,multi-game (independent),4,all-sports,14824423,0
2026-06-11,multi-game (independent),4,mixed,98060,0
2026-06-11,multi-game (independent),5-7,all-sports,25436165,0
2026-06-11,multi-game (independent),5-7,mixed,72376,0
2026-06-11,multi-game (independent),8+,all-sports,70470919,0
2026-06-11,multi-game (independent),8+,mixed,76142,0
2026-06-11,same-game (correlated),2,all-nonsports,30752,0
2026-06-11,same-game (correlated),2,all-sports,12187891,0
2026-06-11,same-game (correlated),3,all-nonsports,55758,0
2026-06-11,same-game (correlated),3,all-sports,8624399,0
2026-06-11,same-game (correlated),3,mixed,3864,0
2026-06-11,same-game (correlated),4,all-nonsports,19604,0
2026-06-11,same-game (correlated),4,all-sports,8834592,0
2026-06-11,same-game (correlated),4,mixed,5257,0
2026-06-11,same-game (correlated),5-7,all-nonsports,53712,0
2026-06-11,same-game (correlated),5-7,all-sports,14889056,0
2026-06-11,same-game (correlated),5-7,mixed,27658,0
2026-06-11,same-game (correlated),8+,all-nonsports,228,0
2026-06-11,same-game (correlated),8+,all-sports,32278382,0
2026-06-11,same-game (correlated),8+,mixed,195039,0
2026-06-11,unclassified (pending legs),unknown,unknown,147873,1
2026-06-12,multi-game (independent),2,all-sports,26607180,0
2026-06-12,multi-game (independent),2,mixed,80414,0
2026-06-12,multi-game (independent),3,all-sports,23140431,0
2026-06-12,multi-game (independent),3,mixed,24764,0
2026-06-12,multi-game (independent),4,all-sports,22901817,0
2026-06-12,multi-game (independent),4,mixed,77691,0
2026-06-12,multi-game (independent),5-7,all-sports,43050072,0
2026-06-12,multi-game (independent),5-7,mixed,57824,0
2026-06-12,multi-game (independent),8+,all-sports,112176331,0
2026-06-12,multi-game (independent),8+,mixed,88201,0
2026-06-12,same-game (correlated),2,all-nonsports,59137,0
2026-06-12,same-game (correlated),2,all-sports,11393361,0
2026-06-12,same-game (correlated),3,all-nonsports,26148,0
2026-06-12,same-game (correlated),3,all-sports,7815232,0
2026-06-12,same-game (correlated),3,mixed,2001,0
2026-06-12,same-game (correlated),4,all-nonsports,35582,0
2026-06-12,same-game (correlated),4,all-sports,9151062,0
2026-06-12,same-game (correlated),4,mixed,1036,0
2026-06-12,same-game (correlated),5-7,all-nonsports,56710,0
2026-06-12,same-game (correlated),5-7,all-sports,15638270,0
2026-06-12,same-game (correlated),5-7,mixed,18999,0
2026-06-12,same-game (correlated),8+,all-nonsports,3556,0
2026-06-12,same-game (correlated),8+,all-sports,44070810,0
2026-06-12,same-game (correlated),8+,mixed,217697,0
2026-06-12,unclassified (pending legs),unknown,unknown,71317,1
2026-06-13,multi-game (independent),2,all-sports,29078404,0
2026-06-13,multi-game (independent),2,mixed,33963,0
2026-06-13,multi-game (independent),3,all-sports,32598398,0
2026-06-13,multi-game (independent),3,mixed,19479,0
2026-06-13,multi-game (independent),4,all-sports,29469553,0
2026-06-13,multi-game (independent),4,mixed,24385,0
2026-06-13,multi-game (independent),5-7,all-sports,44816064,0
2026-06-13,multi-game (independent),5-7,mixed,64682,0
2026-06-13,multi-game (independent),8+,all-sports,86120277,0
2026-06-13,multi-game (independent),8+,mixed,96819,0
2026-06-13,same-game (correlated),2,all-nonsports,47901,0
2026-06-13,same-game (correlated),2,all-sports,20818989,0
2026-06-13,same-game (correlated),3,all-nonsports,21165,0
2026-06-13,same-game (correlated),3,all-sports,14269580,0
2026-06-13,same-game (correlated),3,mixed,4874,0
2026-06-13,same-game (correlated),4,all-nonsports,22343,0
2026-06-13,same-game (correlated),4,all-sports,17274359,0
2026-06-13,same-game (correlated),4,mixed,5027,0
2026-06-13,same-game (correlated),5-7,all-nonsports,51796,0
2026-06-13,same-game (correlated),5-7,all-sports,39251434,0
2026-06-13,same-game (correlated),5-7,mixed,29014,0
2026-06-13,same-game (correlated),8+,all-nonsports,3739,0
2026-06-13,same-game (correlated),8+,all-sports,87603425,0
2026-06-13,same-game (correlated),8+,mixed,178262,0
2026-06-13,unclassified (pending legs),unknown,unknown,159742,1
2026-06-14,multi-game (independent),2,all-sports,32486280,0
2026-06-14,multi-game (independent),2,mixed,44344,0
2026-06-14,multi-game (independent),3,all-sports,43032763,0
2026-06-14,multi-game (independent),3,mixed,39117,0
2026-06-14,multi-game (independent),4,all-sports,41715411,0
2026-06-14,multi-game (independent),4,mixed,40805,0
2026-06-14,multi-game (independent),5-7,all-sports,97195214,0
2026-06-14,multi-game (independent),5-7,mixed,94681,0
2026-06-14,multi-game (independent),8+,all-sports,95426348,0
2026-06-14,multi-game (independent),8+,mixed,107965,0
2026-06-14,same-game (correlated),2,all-nonsports,67952,0
2026-06-14,same-game (correlated),2,all-sports,15541356,0
2026-06-14,same-game (correlated),3,all-nonsports,35048,0
2026-06-14,same-game (correlated),3,all-sports,9693737,0
2026-06-14,same-game (correlated),3,mixed,15561,0
2026-06-14,same-game (correlated),4,all-nonsports,26733,0
2026-06-14,same-game (correlated),4,all-sports,10076313,0
2026-06-14,same-game (correlated),4,mixed,5716,0
2026-06-14,same-game (correlated),5-7,all-nonsports,90846,0
2026-06-14,same-game (correlated),5-7,all-sports,22599290,0
2026-06-14,same-game (correlated),5-7,mixed,45709,0
2026-06-14,same-game (correlated),8+,all-nonsports,1454,0
2026-06-14,same-game (correlated),8+,all-sports,36710578,0
2026-06-14,same-game (correlated),8+,mixed,242747,0
2026-06-14,unclassified (pending legs),unknown,unknown,134646,1
2026-06-15,multi-game (independent),2,all-sports,25780940,0
2026-06-15,multi-game (independent),2,mixed,88960,0
2026-06-15,multi-game (independent),3,all-sports,34279382,0
2026-06-15,multi-game (independent),3,mixed,56132,0
2026-06-15,multi-game (independent),4,all-sports,30099003,0
2026-06-15,multi-game (independent),4,mixed,59160,0
2026-06-15,multi-game (independent),5-7,all-sports,41129195,0
2026-06-15,multi-game (independent),5-7,mixed,146368,0
2026-06-15,multi-game (independent),8+,all-sports,93706734,0
2026-06-15,multi-game (independent),8+,mixed,106806,0
2026-06-15,same-game (correlated),2,all-nonsports,80342,0
2026-06-15,same-game (correlated),2,all-sports,13629909,0
2026-06-15,same-game (correlated),3,all-nonsports,27598,0
2026-06-15,same-game (correlated),3,all-sports,8456034,0
2026-06-15,same-game (correlated),3,mixed,17635,0
2026-06-15,same-game (correlated),4,all-nonsports,23627,0
2026-06-15,same-game (correlated),4,all-sports,11151257,0
2026-06-15,same-game (correlated),4,mixed,21365,0
2026-06-15,same-game (correlated),5-7,all-nonsports,161890,0
2026-06-15,same-game (correlated),5-7,all-sports,20208380,0
2026-06-15,same-game (correlated),5-7,mixed,39003,0
2026-06-15,same-game (correlated),8+,all-nonsports,1812,0
2026-06-15,same-game (correlated),8+,all-sports,38705074,0
2026-06-15,same-game (correlated),8+,mixed,527554,0
2026-06-15,unclassified (pending legs),unknown,unknown,92874,1
2026-06-16,multi-game (independent),2,all-sports,26301454,0
2026-06-16,multi-game (independent),2,mixed,69246,0
2026-06-16,multi-game (independent),3,all-sports,39878370,0
2026-06-16,multi-game (independent),3,mixed,22419,0
2026-06-16,multi-game (independent),4,all-sports,48792371,0
2026-06-16,multi-game (independent),4,mixed,26739,0
2026-06-16,multi-game (independent),5-7,all-sports,41597231,0
2026-06-16,multi-game (independent),5-7,mixed,106091,0
2026-06-16,multi-game (independent),8+,all-sports,96683418,0
2026-06-16,multi-game (independent),8+,mixed,136260,0
2026-06-16,same-game (correlated),2,all-nonsports,48572,0
2026-06-16,same-game (correlated),2,all-sports,17257267,0
2026-06-16,same-game (correlated),3,all-nonsports,34642,0
2026-06-16,same-game (correlated),3,all-sports,9839720,0
2026-06-16,same-game (correlated),3,mixed,9938,0
2026-06-16,same-game (correlated),4,all-nonsports,42327,0
2026-06-16,same-game (correlated),4,all-sports,10591458,0
2026-06-16,same-game (correlated),4,mixed,6805,0
2026-06-16,same-game (correlated),5-7,all-nonsports,95173,0
2026-06-16,same-game (correlated),5-7,all-sports,26161811,0
2026-06-16,same-game (correlated),5-7,mixed,28233,0
2026-06-16,same-game (correlated),8+,all-nonsports,4452,0
2026-06-16,same-game (correlated),8+,all-sports,48370186,0
2026-06-16,same-game (correlated),8+,mixed,376052,0
2026-06-16,unclassified (pending legs),unknown,unknown,102919,1
2026-06-17,multi-game (independent),2,all-sports,34659221,0
2026-06-17,multi-game (independent),2,mixed,81484,0
2026-06-17,multi-game (independent),3,all-sports,42677429,0
2026-06-17,multi-game (independent),3,mixed,87211,0
2026-06-17,multi-game (independent),4,all-sports,47423503,0
2026-06-17,multi-game (independent),4,mixed,35144,0
2026-06-17,multi-game (independent),5-7,all-sports,56535223,0
2026-06-17,multi-game (independent),5-7,mixed,96073,0
2026-06-17,multi-game (independent),8+,all-sports,116756703,0
2026-06-17,multi-game (independent),8+,mixed,112728,0
2026-06-17,same-game (correlated),2,all-nonsports,57903,0
2026-06-17,same-game (correlated),2,all-sports,25714227,0
2026-06-17,same-game (correlated),3,all-nonsports,42999,0
2026-06-17,same-game (correlated),3,all-sports,15606862,0
2026-06-17,same-game (correlated),3,mixed,8381,0
2026-06-17,same-game (correlated),4,all-nonsports,36813,0
2026-06-17,same-game (correlated),4,all-sports,18610770,0
2026-06-17,same-game (correlated),4,mixed,12864,0
2026-06-17,same-game (correlated),5-7,all-nonsports,118723,0
2026-06-17,same-game (correlated),5-7,all-sports,44453805,0
2026-06-17,same-game (correlated),5-7,mixed,70333,0
2026-06-17,same-game (correlated),8+,all-nonsports,3750,0
2026-06-17,same-game (correlated),8+,all-sports,59503674,0
2026-06-17,same-game (correlated),8+,mixed,629563,0
2026-06-17,unclassified (pending legs),unknown,unknown,51623,1
2026-06-18,multi-game (independent),2,all-sports,33454032,0
2026-06-18,multi-game (independent),2,mixed,15694,0
2026-06-18,multi-game (independent),3,all-sports,42055876,0
2026-06-18,multi-game (independent),3,mixed,23253,0
2026-06-18,multi-game (independent),4,all-sports,53013015,0
2026-06-18,multi-game (independent),4,mixed,20759,0
2026-06-18,multi-game (independent),5-7,all-sports,46186421,0
2026-06-18,multi-game (independent),5-7,mixed,61774,0
2026-06-18,multi-game (independent),8+,all-sports,100561263,0
2026-06-18,multi-game (independent),8+,mixed,85979,0
2026-06-18,same-game (correlated),2,all-nonsports,42694,0
2026-06-18,same-game (correlated),2,all-sports,28491610,0
2026-06-18,same-game (correlated),3,all-nonsports,28611,0
2026-06-18,same-game (correlated),3,all-sports,17557775,0
2026-06-18,same-game (correlated),3,mixed,16980,0
2026-06-18,same-game (correlated),4,all-nonsports,20871,0
2026-06-18,same-game (correlated),4,all-sports,20555336,0
2026-06-18,same-game (correlated),4,mixed,14817,0
2026-06-18,same-game (correlated),5-7,all-nonsports,51269,0
2026-06-18,same-game (correlated),5-7,all-sports,49831675,0
2026-06-18,same-game (correlated),5-7,mixed,54991,0
2026-06-18,same-game (correlated),8+,all-nonsports,461,0
2026-06-18,same-game (correlated),8+,all-sports,65186868,0
2026-06-18,same-game (correlated),8+,mixed,300835,0
2026-06-18,unclassified (pending legs),unknown,unknown,144583,1
2026-06-19,multi-game (independent),2,all-sports,33007587,0
2026-06-19,multi-game (independent),2,mixed,21854,0
2026-06-19,multi-game (independent),3,all-sports,42474826,0
2026-06-19,multi-game (independent),3,mixed,37262,0
2026-06-19,multi-game (independent),4,all-sports,51327149,0
2026-06-19,multi-game (independent),4,mixed,24437,0
2026-06-19,multi-game (independent),5-7,all-sports,49892462,0
2026-06-19,multi-game (independent),5-7,mixed,85354,0
2026-06-19,multi-game (independent),8+,all-sports,138147153,0
2026-06-19,multi-game (independent),8+,mixed,183732,0
2026-06-19,same-game (correlated),2,all-nonsports,54763,0
2026-06-19,same-game (correlated),2,all-sports,23251491,0
2026-06-19,same-game (correlated),3,all-nonsports,35597,0
2026-06-19,same-game (correlated),3,all-sports,14944911,0
2026-06-19,same-game (correlated),3,mixed,6503,0
2026-06-19,same-game (correlated),4,all-nonsports,20371,0
2026-06-19,same-game (correlated),4,all-sports,16194049,0
2026-06-19,same-game (correlated),4,mixed,7321,0
2026-06-19,same-game (correlated),5-7,all-nonsports,53572,0
2026-06-19,same-game (correlated),5-7,all-sports,41071862,0
2026-06-19,same-game (correlated),5-7,mixed,28853,0
2026-06-19,same-game (correlated),8+,all-nonsports,71,0
2026-06-19,same-game (correlated),8+,all-sports,67094427,0
2026-06-19,same-game (correlated),8+,mixed,284392,0
2026-06-19,unclassified (pending legs),unknown,unknown,66193,1
2026-06-20,multi-game (independent),2,all-sports,47349517,0
2026-06-20,multi-game (independent),2,mixed,52763,0
2026-06-20,multi-game (independent),3,all-sports,48166118,0
2026-06-20,multi-game (independent),3,mixed,70953,0
2026-06-20,multi-game (independent),4,all-sports,51283950,0
2026-06-20,multi-game (independent),4,mixed,39409,0
2026-06-20,multi-game (independent),5-7,all-sports,64616592,0
2026-06-20,multi-game (independent),5-7,mixed,89840,0
2026-06-20,multi-game (independent),8+,all-sports,173850819,0
2026-06-20,multi-game (independent),8+,mixed,76575,0
2026-06-20,same-game (correlated),2,all-nonsports,77315,0
2026-06-20,same-game (correlated),2,all-sports,24360340,0
2026-06-20,same-game (correlated),3,all-nonsports,35678,0
2026-06-20,same-game (correlated),3,all-sports,14218884,0
2026-06-20,same-game (correlated),3,mixed,11025,0
2026-06-20,same-game (correlated),4,all-nonsports,41754,0
2026-06-20,same-game (correlated),4,all-sports,16923211,0
2026-06-20,same-game (correlated),4,mixed,14682,0
2026-06-20,same-game (correlated),5-7,all-nonsports,113782,0
2026-06-20,same-game (correlated),5-7,all-sports,36836321,0
2026-06-20,same-game (correlated),5-7,mixed,36578,0
2026-06-20,same-game (correlated),8+,all-nonsports,3591,0
2026-06-20,same-game (correlated),8+,all-sports,74321415,0
2026-06-20,same-game (correlated),8+,mixed,482755,0
2026-06-20,unclassified (pending legs),unknown,unknown,12263,1
2026-06-21,multi-game (independent),2,all-sports,40310430,0
2026-06-21,multi-game (independent),2,mixed,114517,0
2026-06-21,multi-game (independent),3,all-sports,43936811,0
2026-06-21,multi-game (independent),3,mixed,58195,0
2026-06-21,multi-game (independent),4,all-sports,44938354,0
2026-06-21,multi-game (independent),4,mixed,69231,0
2026-06-21,multi-game (independent),5-7,all-sports,52932774,0
2026-06-21,multi-game (independent),5-7,mixed,85778,0
2026-06-21,multi-game (independent),8+,all-sports,128519403,0
2026-06-21,multi-game (independent),8+,mixed,91879,0
2026-06-21,same-game (correlated),2,all-nonsports,89299,0
2026-06-21,same-game (correlated),2,all-sports,30572265,0
2026-06-21,same-game (correlated),3,all-nonsports,51232,0
2026-06-21,same-game (correlated),3,all-sports,16877914,0
2026-06-21,same-game (correlated),3,mixed,13043,0
2026-06-21,same-game (correlated),4,all-nonsports,48642,0
2026-06-21,same-game (correlated),4,all-sports,17151208,0
2026-06-21,same-game (correlated),4,mixed,25100,0
2026-06-21,same-game (correlated),5-7,all-nonsports,154383,0
2026-06-21,same-game (correlated),5-7,all-sports,38746539,0
2026-06-21,same-game (correlated),5-7,mixed,61014,0
2026-06-21,same-game (correlated),8+,all-nonsports,15092,0
2026-06-21,same-game (correlated),8+,all-sports,115350588,0
2026-06-21,same-game (correlated),8+,mixed,811193,0
2026-06-21,unclassified (pending legs),unknown,unknown,27843,1
2026-06-22,multi-game (independent),2,all-sports,35559636,0
2026-06-22,multi-game (independent),2,mixed,75469,0
2026-06-22,multi-game (independent),3,all-sports,43248431,0
2026-06-22,multi-game (independent),3,mixed,52514,0
2026-06-22,multi-game (independent),4,all-sports,35811288,0
2026-06-22,multi-game (independent),4,mixed,63988,0
2026-06-22,multi-game (independent),5-7,all-sports,45446876,0
2026-06-22,multi-game (independent),5-7,mixed,165628,0
2026-06-22,multi-game (independent),8+,all-sports,94250349,0
2026-06-22,multi-game (independent),8+,mixed,62983,0
2026-06-22,same-game (correlated),2,all-nonsports,98921,0
2026-06-22,same-game (correlated),2,all-sports,27786914,0
2026-06-22,same-game (correlated),3,all-nonsports,54059,0
2026-06-22,same-game (correlated),3,all-sports,19204579,0
2026-06-22,same-game (correlated),3,mixed,10473,0
2026-06-22,same-game (correlated),4,all-nonsports,45158,0
2026-06-22,same-game (correlated),4,all-sports,20426301,0
2026-06-22,same-game (correlated),4,mixed,16329,0
2026-06-22,same-game (correlated),5-7,all-nonsports,172095,0
2026-06-22,same-game (correlated),5-7,all-sports,51951177,0
2026-06-22,same-game (correlated),5-7,mixed,63075,0
2026-06-22,same-game (correlated),8+,all-nonsports,9071,0
2026-06-22,same-game (correlated),8+,all-sports,111375584,0
2026-06-22,same-game (correlated),8+,mixed,684367,0
2026-06-22,unclassified (pending legs),unknown,unknown,27716,1
2026-06-23,multi-game (independent),2,all-sports,38965854,0
2026-06-23,multi-game (independent),2,mixed,91305,0
2026-06-23,multi-game (independent),3,all-sports,45478124,0
2026-06-23,multi-game (independent),3,mixed,67448,0
2026-06-23,multi-game (independent),4,all-sports,50270476,0
2026-06-23,multi-game (independent),4,mixed,65968,0
2026-06-23,multi-game (independent),5-7,all-sports,62686996,0
2026-06-23,multi-game (independent),5-7,mixed,61940,0
2026-06-23,multi-game (independent),8+,all-sports,135870355,0
2026-06-23,multi-game (independent),8+,mixed,164217,0
2026-06-23,same-game (correlated),2,all-nonsports,76140,0
2026-06-23,same-game (correlated),2,all-sports,25687525,0
2026-06-23,same-game (correlated),3,all-nonsports,35565,0
2026-06-23,same-game (correlated),3,all-sports,17071924,0
2026-06-23,same-game (correlated),3,mixed,17559,0
2026-06-23,same-game (correlated),4,all-nonsports,30869,0
2026-06-23,same-game (correlated),4,all-sports,18732753,0
2026-06-23,same-game (correlated),4,mixed,10585,0
2026-06-23,same-game (correlated),5-7,all-nonsports,123250,0
2026-06-23,same-game (correlated),5-7,all-sports,49245442,0
2026-06-23,same-game (correlated),5-7,mixed,65761,0
2026-06-23,same-game (correlated),8+,all-nonsports,4454,0
2026-06-23,same-game (correlated),8+,all-sports,118960400,0
2026-06-23,same-game (correlated),8+,mixed,1058996,0
2026-06-23,unclassified (pending legs),unknown,unknown,168943,1
2026-06-24,multi-game (independent),2,all-sports,66814122,0
2026-06-24,multi-game (independent),2,mixed,96067,0
2026-06-24,multi-game (independent),3,all-sports,44392149,0
2026-06-24,multi-game (independent),3,mixed,137657,0
2026-06-24,multi-game (independent),4,all-sports,56578471,0
2026-06-24,multi-game (independent),4,mixed,63225,0
2026-06-24,multi-game (independent),5-7,all-sports,136228270,0
2026-06-24,multi-game (independent),5-7,mixed,91557,0
2026-06-24,multi-game (independent),8+,all-sports,137650081,0
2026-06-24,multi-game (independent),8+,mixed,158052,0
2026-06-24,same-game (correlated),2,all-nonsports,72076,0
2026-06-24,same-game (correlated),2,all-sports,24014592,0
2026-06-24,same-game (correlated),3,all-nonsports,44216,0
2026-06-24,same-game (correlated),3,all-sports,19036853,0
2026-06-24,same-game (correlated),3,mixed,4473,0
2026-06-24,same-game (correlated),4,all-nonsports,39421,0
2026-06-24,same-game (correlated),4,all-sports,20901741,0
2026-06-24,same-game (correlated),4,mixed,12908,0
2026-06-24,same-game (correlated),5-7,all-nonsports,177075,0
2026-06-24,same-game (correlated),5-7,all-sports,50431878,0
2026-06-24,same-game (correlated),5-7,mixed,57727,0
2026-06-24,same-game (correlated),8+,all-nonsports,1457,0
2026-06-24,same-game (correlated),8+,all-sports,114259124,0
2026-06-24,same-game (correlated),8+,mixed,698631,0
2026-06-24,unclassified (pending legs),unknown,unknown,46876,1
2026-06-25,multi-game (independent),2,all-sports,74860684,0
2026-06-25,multi-game (independent),2,mixed,67961,0
2026-06-25,multi-game (independent),3,all-sports,54604061,0
2026-06-25,multi-game (independent),3,mixed,104472,0
2026-06-25,multi-game (independent),4,all-sports,65994112,0
2026-06-25,multi-game (independent),4,mixed,58135,0
2026-06-25,multi-game (independent),5-7,all-sports,153238025,0
2026-06-25,multi-game (independent),5-7,mixed,171149,0
2026-06-25,multi-game (independent),8+,all-sports,139040331,0
2026-06-25,multi-game (independent),8+,mixed,164928,0
2026-06-25,same-game (correlated),2,all-nonsports,80605,0
2026-06-25,same-game (correlated),2,all-sports,23915742,0
2026-06-25,same-game (correlated),3,all-nonsports,55295,0
2026-06-25,same-game (correlated),3,all-sports,23714739,0
2026-06-25,same-game (correlated),3,mixed,11544,0
2026-06-25,same-game (correlated),4,all-nonsports,35268,0
2026-06-25,same-game (correlated),4,all-sports,26880706,0
2026-06-25,same-game (correlated),4,mixed,6500,0
2026-06-25,same-game (correlated),5-7,all-nonsports,180375,0
2026-06-25,same-game (correlated),5-7,all-sports,67222133,0
2026-06-25,same-game (correlated),5-7,mixed,44686,0
2026-06-25,same-game (correlated),8+,all-nonsports,4169,0
2026-06-25,same-game (correlated),8+,all-sports,134195625,0
2026-06-25,same-game (correlated),8+,mixed,914395,0
2026-06-25,unclassified (pending legs),unknown,unknown,21597,1
2026-06-26,multi-game (independent),2,all-sports,65370259,0
2026-06-26,multi-game (independent),2,mixed,12144,0
2026-06-26,multi-game (independent),3,all-sports,50259862,0
2026-06-26,multi-game (independent),3,mixed,26351,0
2026-06-26,multi-game (independent),4,all-sports,65223495,0
2026-06-26,multi-game (independent),4,mixed,32444,0
2026-06-26,multi-game (independent),5-7,all-sports,130916606,0
2026-06-26,multi-game (independent),5-7,mixed,68526,0
2026-06-26,multi-game (independent),8+,all-sports,103834825,0
2026-06-26,multi-game (independent),8+,mixed,29487,0
2026-06-26,same-game (correlated),2,all-nonsports,75764,0
2026-06-26,same-game (correlated),2,all-sports,25032553,0
2026-06-26,same-game (correlated),3,all-nonsports,31176,0
2026-06-26,same-game (correlated),3,all-sports,27609098,0
2026-06-26,same-game (correlated),3,mixed,830,0
2026-06-26,same-game (correlated),4,all-nonsports,39911,0
2026-06-26,same-game (correlated),4,all-sports,33185769,0
2026-06-26,same-game (correlated),4,mixed,1590,0
2026-06-26,same-game (correlated),5-7,all-nonsports,76267,0
2026-06-26,same-game (correlated),5-7,all-sports,84044282,0
2026-06-26,same-game (correlated),5-7,mixed,30041,0
2026-06-26,same-game (correlated),8+,all-nonsports,147,0
2026-06-26,same-game (correlated),8+,all-sports,137922497,0
2026-06-26,same-game (correlated),8+,mixed,350125,0
2026-06-26,unclassified (pending legs),unknown,unknown,27407,1
2026-06-27,multi-game (independent),2,all-sports,69955748,0
2026-06-27,multi-game (independent),2,mixed,47858,0
2026-06-27,multi-game (independent),3,all-sports,50511865,0
2026-06-27,multi-game (independent),3,mixed,52845,0
2026-06-27,multi-game (independent),4,all-sports,59656272,0
2026-06-27,multi-game (independent),4,mixed,32989,0
2026-06-27,multi-game (independent),5-7,all-sports,148546371,0
2026-06-27,multi-game (independent),5-7,mixed,66085,0
2026-06-27,multi-game (independent),8+,all-sports,74243861,0
2026-06-27,multi-game (independent),8+,mixed,97606,0
2026-06-27,same-game (correlated),2,all-nonsports,38535,0
2026-06-27,same-game (correlated),2,all-sports,22378382,0
2026-06-27,same-game (correlated),3,all-nonsports,34933,0
2026-06-27,same-game (correlated),3,all-sports,22433118,0
2026-06-27,same-game (correlated),3,mixed,2641,0
2026-06-27,same-game (correlated),4,all-nonsports,26353,0
2026-06-27,same-game (correlated),4,all-sports,27380738,0
2026-06-27,same-game (correlated),4,mixed,19523,0
2026-06-27,same-game (correlated),5-7,all-nonsports,86001,0
2026-06-27,same-game (correlated),5-7,all-sports,74004318,0
2026-06-27,same-game (correlated),5-7,mixed,172034,0
2026-06-27,same-game (correlated),8+,all-nonsports,1368,0
2026-06-27,same-game (correlated),8+,all-sports,129233528,0
2026-06-27,same-game (correlated),8+,mixed,1449847,0
2026-06-27,unclassified (pending legs),unknown,unknown,37667,1
2026-06-28,multi-game (independent),2,all-sports,17614981,0
2026-06-28,multi-game (independent),2,mixed,84169,0
2026-06-28,multi-game (independent),3,all-sports,18802504,0
2026-06-28,multi-game (independent),3,mixed,46465,0
2026-06-28,multi-game (independent),4,all-sports,16202143,0
2026-06-28,multi-game (independent),4,mixed,40803,0
2026-06-28,multi-game (independent),5-7,all-sports,31602594,0
2026-06-28,multi-game (independent),5-7,mixed,63658,0
2026-06-28,multi-game (independent),8+,all-sports,67499451,0
2026-06-28,multi-game (independent),8+,mixed,536916,0
2026-06-28,same-game (correlated),2,all-nonsports,143692,0
2026-06-28,same-game (correlated),2,all-sports,16295938,0
2026-06-28,same-game (correlated),3,all-nonsports,75796,0
2026-06-28,same-game (correlated),3,all-sports,13551740,0
2026-06-28,same-game (correlated),3,mixed,32666,0
2026-06-28,same-game (correlated),4,all-nonsports,66637,0
2026-06-28,same-game (correlated),4,all-sports,13167491,0
2026-06-28,same-game (correlated),4,mixed,31933,0
2026-06-28,same-game (correlated),5-7,all-nonsports,255032,0
2026-06-28,same-game (correlated),5-7,all-sports,28808136,0
2026-06-28,same-game (correlated),5-7,mixed,68710,0
2026-06-28,same-game (correlated),8+,all-nonsports,1845,0
2026-06-28,same-game (correlated),8+,all-sports,108556282,0
2026-06-28,same-game (correlated),8+,mixed,1112080,0
2026-06-28,unclassified (pending legs),unknown,unknown,21862,1
2026-06-29,multi-game (independent),2,all-sports,24751619,0
2026-06-29,multi-game (independent),2,mixed,75241,0
2026-06-29,multi-game (independent),3,all-sports,31112847,0
2026-06-29,multi-game (independent),3,mixed,44281,0
2026-06-29,multi-game (independent),4,all-sports,23225480,0
2026-06-29,multi-game (independent),4,mixed,109942,0
2026-06-29,multi-game (independent),5-7,all-sports,39917273,0
2026-06-29,multi-game (independent),5-7,mixed,71140,0
2026-06-29,multi-game (independent),8+,all-sports,79676363,0
2026-06-29,multi-game (independent),8+,mixed,117315,0
2026-06-29,same-game (correlated),2,all-nonsports,95374,0
2026-06-29,same-game (correlated),2,all-sports,36424442,0
2026-06-29,same-game (correlated),3,all-nonsports,58416,0
2026-06-29,same-game (correlated),3,all-sports,37431330,0
2026-06-29,same-game (correlated),3,mixed,15123,0
2026-06-29,same-game (correlated),4,all-nonsports,69805,0
2026-06-29,same-game (correlated),4,all-sports,29391661,0
2026-06-29,same-game (correlated),4,mixed,45169,0
2026-06-29,same-game (correlated),5-7,all-nonsports,268176,0
2026-06-29,same-game (correlated),5-7,all-sports,70738611,0
2026-06-29,same-game (correlated),5-7,mixed,90868,0
2026-06-29,same-game (correlated),8+,all-nonsports,7529,0
2026-06-29,same-game (correlated),8+,all-sports,180515116,0
2026-06-29,same-game (correlated),8+,mixed,1111134,0
2026-06-29,unclassified (pending legs),unknown,unknown,131241,1
2026-06-30,multi-game (independent),2,all-sports,25671845,0
2026-06-30,multi-game (independent),2,mixed,42714,0
2026-06-30,multi-game (independent),3,all-sports,30145945,0
2026-06-30,multi-game (independent),3,mixed,80394,0
2026-06-30,multi-game (independent),4,all-sports,22126051,0
2026-06-30,multi-game (independent),4,mixed,44927,0
2026-06-30,multi-game (independent),5-7,all-sports,37796563,0
2026-06-30,multi-game (independent),5-7,mixed,214937,0
2026-06-30,multi-game (independent),8+,all-sports,77914695,0
2026-06-30,multi-game (independent),8+,mixed,110624,0
2026-06-30,same-game (correlated),2,all-nonsports,112208,0
2026-06-30,same-game (correlated),2,all-sports,47691036,0
2026-06-30,same-game (correlated),3,all-nonsports,95257,0
2026-06-30,same-game (correlated),3,all-sports,51423868,0
2026-06-30,same-game (correlated),3,mixed,13105,0
2026-06-30,same-game (correlated),4,all-nonsports,71539,0
2026-06-30,same-game (correlated),4,all-sports,40931382,0
2026-06-30,same-game (correlated),4,mixed,39510,0
2026-06-30,same-game (correlated),5-7,all-nonsports,230647,0
2026-06-30,same-game (correlated),5-7,all-sports,84431853,0
2026-06-30,same-game (correlated),5-7,mixed,91664,0
2026-06-30,same-game (correlated),8+,all-nonsports,5020,0
2026-06-30,same-game (correlated),8+,all-sports,151279022,0
2026-06-30,same-game (correlated),8+,mixed,1242809,0
2026-06-30,unclassified (pending legs),unknown,unknown,114830,1
2026-07-01,multi-game (independent),2,all-sports,29246103,0
2026-07-01,multi-game (independent),2,mixed,81390,0
2026-07-01,multi-game (independent),3,all-sports,35250354,0
2026-07-01,multi-game (independent),3,mixed,45583,0
2026-07-01,multi-game (independent),4,all-sports,24239943,0
2026-07-01,multi-game (independent),4,mixed,43384,0
2026-07-01,multi-game (independent),5-7,all-sports,45447911,0
2026-07-01,multi-game (independent),5-7,mixed,83497,0
2026-07-01,multi-game (independent),8+,all-sports,60561832,0
2026-07-01,multi-game (independent),8+,mixed,94178,0
2026-07-01,same-game (correlated),2,all-nonsports,149302,0
2026-07-01,same-game (correlated),2,all-sports,45777878,0
2026-07-01,same-game (correlated),3,all-nonsports,100678,0
2026-07-01,same-game (correlated),3,all-sports,52014857,0
2026-07-01,same-game (correlated),3,mixed,11136,0
2026-07-01,same-game (correlated),4,all-nonsports,64278,0
2026-07-01,same-game (correlated),4,all-sports,42753641,0
2026-07-01,same-game (correlated),4,mixed,22729,0
2026-07-01,same-game (correlated),5-7,all-nonsports,279201,0
2026-07-01,same-game (correlated),5-7,all-sports,100659802,0
2026-07-01,same-game (correlated),5-7,mixed,103060,0
2026-07-01,same-game (correlated),8+,all-nonsports,6869,0
2026-07-01,same-game (correlated),8+,all-sports,188951999,0
2026-07-01,same-game (correlated),8+,mixed,2488806,0
2026-07-01,unclassified (pending legs),unknown,unknown,125950,1
2026-07-02,multi-game (independent),2,all-sports,26383985,0
2026-07-02,multi-game (independent),2,mixed,108746,0
2026-07-02,multi-game (independent),3,all-sports,30126282,0
2026-07-02,multi-game (independent),3,mixed,87682,0
2026-07-02,multi-game (independent),4,all-sports,17568026,0
2026-07-02,multi-game (independent),4,mixed,41910,0
2026-07-02,multi-game (independent),5-7,all-sports,35240863,0
2026-07-02,multi-game (independent),5-7,mixed,96850,0
2026-07-02,multi-game (independent),8+,all-sports,35811008,0
2026-07-02,multi-game (independent),8+,mixed,58416,0
2026-07-02,same-game (correlated),2,all-nonsports,141699,0
2026-07-02,same-game (correlated),2,all-sports,43470812,0
2026-07-02,same-game (correlated),3,all-nonsports,63099,0
2026-07-02,same-game (correlated),3,all-sports,45735774,0
2026-07-02,same-game (correlated),3,mixed,26797,0
2026-07-02,same-game (correlated),4,all-nonsports,49247,0
2026-07-02,same-game (correlated),4,all-sports,39468965,0
2026-07-02,same-game (correlated),4,mixed,21150,0
2026-07-02,same-game (correlated),5-7,all-nonsports,284423,0
2026-07-02,same-game (correlated),5-7,all-sports,97899229,0
2026-07-02,same-game (correlated),5-7,mixed,73209,0
2026-07-02,same-game (correlated),8+,all-nonsports,11113,0
2026-07-02,same-game (correlated),8+,all-sports,178448978,0
2026-07-02,same-game (correlated),8+,mixed,1797461,0
2026-07-02,unclassified (pending legs),unknown,unknown,95040,1
2026-07-03,multi-game (independent),2,all-sports,23948692,0
2026-07-03,multi-game (independent),2,mixed,74330,0
2026-07-03,multi-game (independent),3,all-sports,29789084,0
2026-07-03,multi-game (independent),3,mixed,46282,0
2026-07-03,multi-game (independent),4,all-sports,20363260,0
2026-07-03,multi-game (independent),4,mixed,45666,0
2026-07-03,multi-game (independent),5-7,all-sports,49135895,0
2026-07-03,multi-game (independent),5-7,mixed,83508,0
2026-07-03,multi-game (independent),8+,all-sports,55384754,0
2026-07-03,multi-game (independent),8+,mixed,87027,0
2026-07-03,same-game (correlated),2,all-nonsports,120442,0
2026-07-03,same-game (correlated),2,all-sports,52484624,0
2026-07-03,same-game (correlated),3,all-nonsports,82937,0
2026-07-03,same-game (correlated),3,all-sports,52330595,0
2026-07-03,same-game (correlated),3,mixed,46398,0
2026-07-03,same-game (correlated),4,all-nonsports,65418,0
2026-07-03,same-game (correlated),4,all-sports,42307607,0
2026-07-03,same-game (correlated),4,mixed,54193,0
2026-07-03,same-game (correlated),5-7,all-nonsports,239704,0
2026-07-03,same-game (correlated),5-7,all-sports,115027559,0
2026-07-03,same-game (correlated),5-7,mixed,150695,0
2026-07-03,same-game (correlated),8+,all-nonsports,8332,0
2026-07-03,same-game (correlated),8+,all-sports,205436481,0
2026-07-03,same-game (correlated),8+,mixed,1311469,0
2026-07-03,unclassified (pending legs),unknown,unknown,58939,1
2026-07-04,multi-game (independent),2,all-sports,28912291,0
2026-07-04,multi-game (independent),2,mixed,90791,0
2026-07-04,multi-game (independent),3,all-sports,28871985,0
2026-07-04,multi-game (independent),3,mixed,26385,0
2026-07-04,multi-game (independent),4,all-sports,25195446,0
2026-07-04,multi-game (independent),4,mixed,36968,0
2026-07-04,multi-game (independent),5-7,all-sports,52762974,0
2026-07-04,multi-game (independent),5-7,mixed,100881,0
2026-07-04,multi-game (independent),8+,all-sports,72749029,0
2026-07-04,multi-game (independent),8+,mixed,150605,0
2026-07-04,same-game (correlated),2,all-nonsports,102154,0
2026-07-04,same-game (correlated),2,all-sports,44822033,0
2026-07-04,same-game (correlated),3,all-nonsports,62682,0
2026-07-04,same-game (correlated),3,all-sports,37804555,0
2026-07-04,same-game (correlated),3,mixed,33586,0
2026-07-04,same-game (correlated),4,all-nonsports,77849,0
2026-07-04,same-game (correlated),4,all-sports,43501565,0
2026-07-04,same-game (correlated),4,mixed,19554,0
2026-07-04,same-game (correlated),5-7,all-nonsports,277033,0
2026-07-04,same-game (correlated),5-7,all-sports,122553204,0
2026-07-04,same-game (correlated),5-7,mixed,121203,0
2026-07-04,same-game (correlated),8+,all-nonsports,8008,0
2026-07-04,same-game (correlated),8+,all-sports,184865463,0
2026-07-04,same-game (correlated),8+,mixed,1624966,0
2026-07-04,unclassified (pending legs),unknown,unknown,20493,1
2026-07-05,multi-game (independent),2,all-sports,31240455,0
2026-07-05,multi-game (independent),2,mixed,96808,0
2026-07-05,multi-game (independent),3,all-sports,23456332,0
2026-07-05,multi-game (independent),3,mixed,54641,0
2026-07-05,multi-game (independent),4,all-sports,18644386,0
2026-07-05,multi-game (independent),4,mixed,63086,0
2026-07-05,multi-game (independent),5-7,all-sports,41161961,0
2026-07-05,multi-game (independent),5-7,mixed,120595,0
2026-07-05,multi-game (independent),8+,all-sports,47417632,0
2026-07-05,multi-game (independent),8+,mixed,102659,0
2026-07-05,same-game (correlated),2,all-nonsports,126225,0
2026-07-05,same-game (correlated),2,all-sports,74875315,0
2026-07-05,same-game (correlated),3,all-nonsports,62482,0
2026-07-05,same-game (correlated),3,all-sports,66288704,0
2026-07-05,same-game (correlated),3,mixed,30817,0
2026-07-05,same-game (correlated),4,all-nonsports,75476,0
2026-07-05,same-game (correlated),4,all-sports,72505745,0
2026-07-05,same-game (correlated),4,mixed,15027,0
2026-07-05,same-game (correlated),5-7,all-nonsports,228515,0
2026-07-05,same-game (correlated),5-7,all-sports,175737752,0
2026-07-05,same-game (correlated),5-7,mixed,121691,0
2026-07-05,same-game (correlated),8+,all-nonsports,18115,0
2026-07-05,same-game (correlated),8+,all-sports,144956009,0
2026-07-05,same-game (correlated),8+,mixed,1270821,0
2026-07-05,unclassified (pending legs),unknown,unknown,40814,1
2026-07-06,multi-game (independent),2,all-sports,27904470,0
2026-07-06,multi-game (independent),2,mixed,186656,0
2026-07-06,multi-game (independent),3,all-sports,23621767,0
2026-07-06,multi-game (independent),3,mixed,66427,0
2026-07-06,multi-game (independent),4,all-sports,20035818,0
2026-07-06,multi-game (independent),4,mixed,14858,0
2026-07-06,multi-game (independent),5-7,all-sports,33981810,0
2026-07-06,multi-game (independent),5-7,mixed,156904,0
2026-07-06,multi-game (independent),8+,all-sports,19922629,0
2026-07-06,multi-game (independent),8+,mixed,118131,0
2026-07-06,same-game (correlated),2,all-nonsports,97292,0
2026-07-06,same-game (correlated),2,all-sports,58622936,0
2026-07-06,same-game (correlated),3,all-nonsports,87078,0
2026-07-06,same-game (correlated),3,all-sports,54327562,0
2026-07-06,same-game (correlated),3,mixed,65383,0
2026-07-06,same-game (correlated),4,all-nonsports,76429,0
2026-07-06,same-game (correlated),4,all-sports,69402386,0
2026-07-06,same-game (correlated),4,mixed,28773,0
2026-07-06,same-game (correlated),5-7,all-nonsports,649809,0
2026-07-06,same-game (correlated),5-7,all-sports,155343497,0
2026-07-06,same-game (correlated),5-7,mixed,114047,0
2026-07-06,same-game (correlated),8+,all-nonsports,1559,0
2026-07-06,same-game (correlated),8+,all-sports,149535470,0
2026-07-06,same-game (correlated),8+,mixed,1189310,0
2026-07-06,unclassified (pending legs),unknown,unknown,314901,1
2026-07-07,multi-game (independent),2,all-sports,25232354,0
2026-07-07,multi-game (independent),2,mixed,111062,0
2026-07-07,multi-game (independent),3,all-sports,25351431,0
2026-07-07,multi-game (independent),3,mixed,110258,0
2026-07-07,multi-game (independent),4,all-sports,22923703,0
2026-07-07,multi-game (independent),4,mixed,22499,0
2026-07-07,multi-game (independent),5-7,all-sports,38323579,0
2026-07-07,multi-game (independent),5-7,mixed,119915,0
2026-07-07,multi-game (independent),8+,all-sports,72571922,0
2026-07-07,multi-game (independent),8+,mixed,100035,0
2026-07-07,same-game (correlated),2,all-nonsports,110661,0
2026-07-07,same-game (correlated),2,all-sports,52347972,0
2026-07-07,same-game (correlated),3,all-nonsports,80779,0
2026-07-07,same-game (correlated),3,all-sports,49116466,0
2026-07-07,same-game (correlated),3,mixed,51925,0
2026-07-07,same-game (correlated),4,all-nonsports,68987,0
2026-07-07,same-game (correlated),4,all-sports,56781370,0
2026-07-07,same-game (correlated),4,mixed,30927,0
2026-07-07,same-game (correlated),5-7,all-nonsports,385523,0
2026-07-07,same-game (correlated),5-7,all-sports,100302069,0
2026-07-07,same-game (correlated),5-7,mixed,98577,0
2026-07-07,same-game (correlated),8+,all-nonsports,1157,0
2026-07-07,same-game (correlated),8+,all-sports,101004673,0
2026-07-07,same-game (correlated),8+,mixed,1402151,0
2026-07-07,unclassified (pending legs),unknown,unknown,82986,1
2026-07-08,multi-game (independent),2,all-sports,23718025,0
2026-07-08,multi-game (independent),2,mixed,226462,0
2026-07-08,multi-game (independent),3,all-sports,25262830,0
2026-07-08,multi-game (independent),3,mixed,89702,0
2026-07-08,multi-game (independent),4,all-sports,24069690,0
2026-07-08,multi-game (independent),4,mixed,77637,0
2026-07-08,multi-game (independent),5-7,all-sports,42087329,0
2026-07-08,multi-game (independent),5-7,mixed,165700,0
2026-07-08,multi-game (independent),8+,all-sports,102731396,0
2026-07-08,multi-game (independent),8+,mixed,74752,0
2026-07-08,same-game (correlated),2,all-nonsports,153369,0
2026-07-08,same-game (correlated),2,all-sports,11603579,0
2026-07-08,same-game (correlated),3,all-nonsports,99682,0
2026-07-08,same-game (correlated),3,all-sports,14699057,0
2026-07-08,same-game (correlated),3,mixed,706944,0
2026-07-08,same-game (correlated),4,all-nonsports,77089,0
2026-07-08,same-game (correlated),4,all-sports,29590190,0
2026-07-08,same-game (correlated),4,mixed,25450,0
2026-07-08,same-game (correlated),5-7,all-nonsports,603080,0
2026-07-08,same-game (correlated),5-7,all-sports,47372037,0
2026-07-08,same-game (correlated),5-7,mixed,134504,0
2026-07-08,same-game (correlated),8+,all-nonsports,6478,0
2026-07-08,same-game (correlated),8+,all-sports,97483722,0
2026-07-08,same-game (correlated),8+,mixed,1056084,0
2026-07-08,unclassified (pending legs),unknown,unknown,196347,1
2026-07-09,multi-game (independent),2,all-sports,31038724,0
2026-07-09,multi-game (independent),2,mixed,85729,0
2026-07-09,multi-game (independent),3,all-sports,37354573,0
2026-07-09,multi-game (independent),3,mixed,80948,0
2026-07-09,multi-game (independent),4,all-sports,27337830,0
2026-07-09,multi-game (independent),4,mixed,48098,0
2026-07-09,multi-game (independent),5-7,all-sports,48760365,0
2026-07-09,multi-game (independent),5-7,mixed,138737,0
2026-07-09,multi-game (independent),8+,all-sports,53942270,0
2026-07-09,multi-game (independent),8+,mixed,145155,0
2026-07-09,same-game (correlated),2,all-nonsports,113958,0
2026-07-09,same-game (correlated),2,all-sports,30277459,0
2026-07-09,same-game (correlated),3,all-nonsports,93245,0
2026-07-09,same-game (correlated),3,all-sports,35769289,0
2026-07-09,same-game (correlated),3,mixed,13679,0
2026-07-09,same-game (correlated),4,all-nonsports,67710,0
2026-07-09,same-game (correlated),4,all-sports,54596009,0
2026-07-09,same-game (correlated),4,mixed,30410,0
2026-07-09,same-game (correlated),5-7,all-nonsports,379341,0
2026-07-09,same-game (correlated),5-7,all-sports,87552728,0
2026-07-09,same-game (correlated),5-7,mixed,118879,0
2026-07-09,same-game (correlated),8+,all-nonsports,15704,0
2026-07-09,same-game (correlated),8+,all-sports,132096709,0
2026-07-09,same-game (correlated),8+,mixed,1867581,0
2026-07-09,unclassified (pending legs),unknown,unknown,880161,1
2026-07-10,multi-game (independent),2,all-sports,28777183,0
2026-07-10,multi-game (independent),2,mixed,81493,0
2026-07-10,multi-game (independent),3,all-sports,31798526,0
2026-07-10,multi-game (independent),3,mixed,68553,0
2026-07-10,multi-game (independent),4,all-sports,26414491,0
2026-07-10,multi-game (independent),4,mixed,57935,0
2026-07-10,multi-game (independent),5-7,all-sports,55433444,0
2026-07-10,multi-game (independent),5-7,mixed,136362,0
2026-07-10,multi-game (independent),8+,all-sports,129704560,0
2026-07-10,multi-game (independent),8+,mixed,192792,0
2026-07-10,same-game (correlated),2,all-nonsports,107694,0
2026-07-10,same-game (correlated),2,all-sports,31684224,0
2026-07-10,same-game (correlated),3,all-nonsports,76327,0
2026-07-10,same-game (correlated),3,all-sports,35668204,0
2026-07-10,same-game (correlated),3,mixed,58070,0
2026-07-10,same-game (correlated),4,all-nonsports,67734,0
2026-07-10,same-game (correlated),4,all-sports,34019695,0
2026-07-10,same-game (correlated),4,mixed,19496,0
2026-07-10,same-game (correlated),5-7,all-nonsports,600113,0
2026-07-10,same-game (correlated),5-7,all-sports,74299172,0
2026-07-10,same-game (correlated),5-7,mixed,124897,0
2026-07-10,same-game (correlated),8+,all-nonsports,27382,0
2026-07-10,same-game (correlated),8+,all-sports,96960018,0
2026-07-10,same-game (correlated),8+,mixed,1551662,0
2026-07-10,unclassified (pending legs),unknown,unknown,747382,1
2026-07-11,multi-game (independent),2,all-sports,59852300,0
2026-07-11,multi-game (independent),2,mixed,133579,0
2026-07-11,multi-game (independent),3,all-sports,58339705,0
2026-07-11,multi-game (independent),3,mixed,103181,0
2026-07-11,multi-game (independent),4,all-sports,46136172,0
2026-07-11,multi-game (independent),4,mixed,44726,0
2026-07-11,multi-game (independent),5-7,all-sports,106347325,0
2026-07-11,multi-game (independent),5-7,mixed,62503,0
2026-07-11,multi-game (independent),8+,all-sports,120181193,0
2026-07-11,multi-game (independent),8+,mixed,108722,0
2026-07-11,same-game (correlated),2,all-nonsports,86240,0
2026-07-11,same-game (correlated),2,all-sports,62496175,0
2026-07-11,same-game (correlated),3,all-nonsports,64595,0
2026-07-11,same-game (correlated),3,all-sports,64047033,0
2026-07-11,same-game (correlated),3,mixed,42147,0
2026-07-11,same-game (correlated),4,all-nonsports,61917,0
2026-07-11,same-game (correlated),4,all-sports,69115805,0
2026-07-11,same-game (correlated),4,mixed,61358,0
2026-07-11,same-game (correlated),5-7,all-nonsports,308456,0
2026-07-11,same-game (correlated),5-7,all-sports,123336600,0
2026-07-11,same-game (correlated),5-7,mixed,112395,0
2026-07-11,same-game (correlated),8+,all-nonsports,23638,0
2026-07-11,same-game (correlated),8+,all-sports,136479090,0
2026-07-11,same-game (correlated),8+,mixed,2074289,0
2026-07-11,unclassified (pending legs),unknown,unknown,2394656,1
2026-07-12,multi-game (independent),2,all-sports,24253972,0
2026-07-12,multi-game (independent),2,mixed,80585,0
2026-07-12,multi-game (independent),3,all-sports,24827622,0
2026-07-12,multi-game (independent),3,mixed,72037,0
2026-07-12,multi-game (independent),4,all-sports,19849449,0
2026-07-12,multi-game (independent),4,mixed,24036,0
2026-07-12,multi-game (independent),5-7,all-sports,37313461,0
2026-07-12,multi-game (independent),5-7,mixed,48955,0
2026-07-12,multi-game (independent),8+,all-sports,87945318,0
2026-07-12,multi-game (independent),8+,mixed,95804,0
2026-07-12,same-game (correlated),2,all-nonsports,196127,0
2026-07-12,same-game (correlated),2,all-sports,12653952,0
2026-07-12,same-game (correlated),3,all-nonsports,96913,0
2026-07-12,same-game (correlated),3,all-sports,9642597,0
2026-07-12,same-game (correlated),3,mixed,13644,0
2026-07-12,same-game (correlated),4,all-nonsports,117709,0
2026-07-12,same-game (correlated),4,all-sports,15153791,0
2026-07-12,same-game (correlated),4,mixed,10704,0
2026-07-12,same-game (correlated),5-7,all-nonsports,572599,0
2026-07-12,same-game (correlated),5-7,all-sports,30985135,0
2026-07-12,same-game (correlated),5-7,mixed,223375,0
2026-07-12,same-game (correlated),8+,all-nonsports,18336,0
2026-07-12,same-game (correlated),8+,all-sports,45713418,0
2026-07-12,same-game (correlated),8+,mixed,2176052,0
2026-07-12,unclassified (pending legs),unknown,unknown,76938,1
2026-07-13,multi-game (independent),2,all-sports,10565723,0
2026-07-13,multi-game (independent),2,mixed,203556,0
2026-07-13,multi-game (independent),3,all-sports,3938834,0
2026-07-13,multi-game (independent),3,mixed,39409,0
2026-07-13,multi-game (independent),4,all-sports,2858645,0
2026-07-13,multi-game (independent),4,mixed,39858,0
2026-07-13,multi-game (independent),5-7,all-sports,6400603,0
2026-07-13,multi-game (independent),5-7,mixed,50916,0
2026-07-13,multi-game (independent),8+,all-sports,17212962,0
2026-07-13,multi-game (independent),8+,mixed,36478,0
2026-07-13,same-game (correlated),2,all-nonsports,157514,0
2026-07-13,same-game (correlated),2,all-sports,9608314,0
2026-07-13,same-game (correlated),3,all-nonsports,261864,0
2026-07-13,same-game (correlated),3,all-sports,12863653,0
2026-07-13,same-game (correlated),3,mixed,557590,0
2026-07-13,same-game (correlated),4,all-nonsports,136936,0
2026-07-13,same-game (correlated),4,all-sports,18374968,0
2026-07-13,same-game (correlated),4,mixed,23694,0
2026-07-13,same-game (correlated),5-7,all-nonsports,507412,0
2026-07-13,same-game (correlated),5-7,all-sports,38997473,0
2026-07-13,same-game (correlated),5-7,mixed,123379,0
2026-07-13,same-game (correlated),8+,all-nonsports,34128,0
2026-07-13,same-game (correlated),8+,all-sports,30119966,0
2026-07-13,same-game (correlated),8+,mixed,1563516,0
2026-07-13,unclassified (pending legs),unknown,unknown,30113,1
2026-07-14,multi-game (independent),2,all-sports,15135708,0
2026-07-14,multi-game (independent),2,mixed,136773,0
2026-07-14,multi-game (independent),3,all-sports,6772308,0
2026-07-14,multi-game (independent),3,mixed,49029,0
2026-07-14,multi-game (independent),4,all-sports,5198823,0
2026-07-14,multi-game (independent),4,mixed,47033,0
2026-07-14,multi-game (independent),5-7,all-sports,9954408,0
2026-07-14,multi-game (independent),5-7,mixed,71025,0
2026-07-14,multi-game (independent),8+,all-sports,20942878,0
2026-07-14,multi-game (independent),8+,mixed,204584,0
2026-07-14,same-game (correlated),2,all-nonsports,192719,0
2026-07-14,same-game (correlated),2,all-sports,48697702,0
2026-07-14,same-game (correlated),3,all-nonsports,156541,0
2026-07-14,same-game (correlated),3,all-sports,46162548,0
2026-07-14,same-game (correlated),3,mixed,268484,0
2026-07-14,same-game (correlated),4,all-nonsports,145831,0
2026-07-14,same-game (correlated),4,all-sports,56162106,0
2026-07-14,same-game (correlated),4,mixed,26641,0
2026-07-14,same-game (correlated),5-7,all-nonsports,545403,0
2026-07-14,same-game (correlated),5-7,all-sports,99381156,0
2026-07-14,same-game (correlated),5-7,mixed,197935,0
2026-07-14,same-game (correlated),8+,all-nonsports,66066,0
2026-07-14,same-game (correlated),8+,all-sports,57652855,0
2026-07-14,same-game (correlated),8+,mixed,1908611,0
2026-07-14,unclassified (pending legs),unknown,unknown,73145,1
2026-07-15,multi-game (independent),2,all-sports,12687933,0
2026-07-15,multi-game (independent),2,mixed,272974,0
2026-07-15,multi-game (independent),3,all-sports,7836155,0
2026-07-15,multi-game (independent),3,mixed,56762,0
2026-07-15,multi-game (independent),4,all-sports,5445252,0
2026-07-15,multi-game (independent),4,mixed,55632,0
2026-07-15,multi-game (independent),5-7,all-sports,12008013,0
2026-07-15,multi-game (independent),5-7,mixed,101941,0
2026-07-15,multi-game (independent),8+,all-sports,27204550,0
2026-07-15,multi-game (independent),8+,mixed,132611,0
2026-07-15,same-game (correlated),2,all-nonsports,156680,0
2026-07-15,same-game (correlated),2,all-sports,48999601,0
2026-07-15,same-game (correlated),3,all-nonsports,130425,0
2026-07-15,same-game (correlated),3,all-sports,54584021,0
2026-07-15,same-game (correlated),3,mixed,209355,0
2026-07-15,same-game (correlated),4,all-nonsports,117831,0
2026-07-15,same-game (correlated),4,all-sports,51364130,0
2026-07-15,same-game (correlated),4,mixed,14190,0
2026-07-15,same-game (correlated),5-7,all-nonsports,530623,0
2026-07-15,same-game (correlated),5-7,all-sports,66381682,0
2026-07-15,same-game (correlated),5-7,mixed,117512,0
2026-07-15,same-game (correlated),8+,all-nonsports,30662,0
2026-07-15,same-game (correlated),8+,all-sports,31488792,0
2026-07-15,same-game (correlated),8+,mixed,1921963,0
2026-07-15,unclassified (pending legs),unknown,unknown,44871,1
2026-07-16,multi-game (independent),2,all-sports,14264001,0
2026-07-16,multi-game (independent),2,mixed,44458,0
2026-07-16,multi-game (independent),3,all-sports,7323701,0
2026-07-16,multi-game (independent),3,mixed,72207,0
2026-07-16,multi-game (independent),4,all-sports,6648813,0
2026-07-16,multi-game (independent),4,mixed,25785,0
2026-07-16,multi-game (independent),5-7,all-sports,15890947,0
2026-07-16,multi-game (independent),5-7,mixed,47982,0
2026-07-16,multi-game (independent),8+,all-sports,34007362,0
2026-07-16,multi-game (independent),8+,mixed,149640,0
2026-07-16,same-game (correlated),2,all-nonsports,220692,0
2026-07-16,same-game (correlated),2,all-sports,9357740,0
2026-07-16,same-game (correlated),3,all-nonsports,133815,0
2026-07-16,same-game (correlated),3,all-sports,8993856,0
2026-07-16,same-game (correlated),3,mixed,10461,0
2026-07-16,same-game (correlated),4,all-nonsports,170118,0
2026-07-16,same-game (correlated),4,all-sports,13799717,0
2026-07-16,same-game (correlated),4,mixed,11617,0
2026-07-16,same-game (correlated),5-7,all-nonsports,550172,0
2026-07-16,same-game (correlated),5-7,all-sports,28608127,0
2026-07-16,same-game (correlated),5-7,mixed,92627,0
2026-07-16,same-game (correlated),8+,all-nonsports,8369,0
2026-07-16,same-game (correlated),8+,all-sports,30584544,0
2026-07-16,same-game (correlated),8+,mixed,1950141,0
2026-07-16,unclassified (pending legs),unknown,unknown,133549,1
2026-07-17,multi-game (independent),2,all-sports,26214086,0
2026-07-17,multi-game (independent),2,mixed,92532,0
2026-07-17,multi-game (independent),3,all-sports,25802090,0
2026-07-17,multi-game (independent),3,mixed,130807,0
2026-07-17,multi-game (independent),4,all-sports,23720687,0
2026-07-17,multi-game (independent),4,mixed,61642,0
2026-07-17,multi-game (independent),5-7,all-sports,56077616,0
2026-07-17,multi-game (independent),5-7,mixed,143224,0
2026-07-17,multi-game (independent),8+,all-sports,111921908,0
2026-07-17,multi-game (independent),8+,mixed,105926,0
2026-07-17,same-game (correlated),2,all-nonsports,188620,0
2026-07-17,same-game (correlated),2,all-sports,11744546,0
2026-07-17,same-game (correlated),3,all-nonsports,168647,0
2026-07-17,same-game (correlated),3,all-sports,11644581,0
2026-07-17,same-game (correlated),3,mixed,307798,0
2026-07-17,same-game (correlated),4,all-nonsports,153310,0
2026-07-17,same-game (correlated),4,all-sports,18942690,0
2026-07-17,same-game (correlated),4,mixed,17650,0
2026-07-17,same-game (correlated),5-7,all-nonsports,706333,0
2026-07-17,same-game (correlated),5-7,all-sports,53657436,0
2026-07-17,same-game (correlated),5-7,mixed,198429,0
2026-07-17,same-game (correlated),8+,all-nonsports,108971,0
2026-07-17,same-game (correlated),8+,all-sports,76764777,0
2026-07-17,same-game (correlated),8+,mixed,1835868,0
2026-07-17,unclassified (pending legs),unknown,unknown,61405,1
2026-07-18,multi-game (independent),2,all-sports,39957658,0
2026-07-18,multi-game (independent),2,mixed,134977,0
2026-07-18,multi-game (independent),3,all-sports,35639368,0
2026-07-18,multi-game (independent),3,mixed,82518,0
2026-07-18,multi-game (independent),4,all-sports,34060109,0
2026-07-18,multi-game (independent),4,mixed,58728,0
2026-07-18,multi-game (independent),5-7,all-sports,67511029,0
2026-07-18,multi-game (independent),5-7,mixed,69965,0
2026-07-18,multi-game (independent),8+,all-sports,115239153,0
2026-07-18,multi-game (independent),8+,mixed,219953,0
2026-07-18,same-game (correlated),2,all-nonsports,159354,0
2026-07-18,same-game (correlated),2,all-sports,48126808,0
2026-07-18,same-game (correlated),3,all-nonsports,124819,0
2026-07-18,same-game (correlated),3,all-sports,49254467,0
2026-07-18,same-game (correlated),3,mixed,268903,0
2026-07-18,same-game (correlated),4,all-nonsports,122544,0
2026-07-18,same-game (correlated),4,all-sports,60906708,0
2026-07-18,same-game (correlated),4,mixed,27700,0
2026-07-18,same-game (correlated),5-7,all-nonsports,404336,0
2026-07-18,same-game (correlated),5-7,all-sports,116091519,0
2026-07-18,same-game (correlated),5-7,mixed,182327,0
2026-07-18,same-game (correlated),8+,all-nonsports,29059,0
2026-07-18,same-game (correlated),8+,all-sports,117956156,0
2026-07-18,same-game (correlated),8+,mixed,2085933,0
2026-07-18,unclassified (pending legs),unknown,unknown,98433,1
2026-07-19,multi-game (independent),2,all-sports,25774065,0
2026-07-19,multi-game (independent),2,mixed,134390,0
2026-07-19,multi-game (independent),3,all-sports,22472117,0
2026-07-19,multi-game (independent),3,mixed,124299,0
2026-07-19,multi-game (independent),4,all-sports,20358298,0
2026-07-19,multi-game (independent),4,mixed,65306,0
2026-07-19,multi-game (independent),5-7,all-sports,40875699,0
2026-07-19,multi-game (independent),5-7,mixed,56383,0
2026-07-19,multi-game (independent),8+,all-sports,101809086,0
2026-07-19,multi-game (independent),8+,mixed,233177,0
2026-07-19,same-game (correlated),2,all-nonsports,178472,0
2026-07-19,same-game (correlated),2,all-sports,76267892,0
2026-07-19,same-game (correlated),3,all-nonsports,126003,0
2026-07-19,same-game (correlated),3,all-sports,92989573,0
2026-07-19,same-game (correlated),3,mixed,332482,0
2026-07-19,same-game (correlated),4,all-nonsports,138106,0
2026-07-19,same-game (correlated),4,all-sports,85141631,0
2026-07-19,same-game (correlated),4,mixed,103636,0
2026-07-19,same-game (correlated),5-7,all-nonsports,504921,0
2026-07-19,same-game (correlated),5-7,all-sports,111933007,0
2026-07-19,same-game (correlated),5-7,mixed,170294,0
2026-07-19,same-game (correlated),8+,all-nonsports,16023,0
2026-07-19,same-game (correlated),8+,all-sports,93408323,0
2026-07-19,same-game (correlated),8+,mixed,2376540,0
2026-07-19,unclassified (pending legs),unknown,unknown,338294,1
2026-07-20,multi-game (independent),2,all-sports,21510675,0
2026-07-20,multi-game (independent),2,mixed,169338,0
2026-07-20,multi-game (independent),3,all-sports,25453561,0
2026-07-20,multi-game (independent),3,mixed,51451,0
2026-07-20,multi-game (independent),4,all-sports,23605890,0
2026-07-20,multi-game (independent),4,mixed,57766,0
2026-07-20,multi-game (independent),5-7,all-sports,47609767,0
2026-07-20,multi-game (independent),5-7,mixed,92797,0
2026-07-20,multi-game (independent),8+,all-sports,169541824,0
2026-07-20,multi-game (independent),8+,mixed,158451,0
2026-07-20,same-game (correlated),2,all-nonsports,222258,0
2026-07-20,same-game (correlated),2,all-sports,7559250,0
2026-07-20,same-game (correlated),3,all-nonsports,142380,0
2026-07-20,same-game (correlated),3,all-sports,6139231,0
2026-07-20,same-game (correlated),3,mixed,1139256,0
2026-07-20,same-game (correlated),4,all-nonsports,159460,0
2026-07-20,same-game (correlated),4,all-sports,4738458,0
2026-07-20,same-game (correlated),4,mixed,5819,0
2026-07-20,same-game (correlated),5-7,all-nonsports,623696,0
2026-07-20,same-game (correlated),5-7,all-sports,12340001,0
2026-07-20,same-game (correlated),5-7,mixed,39923,0
2026-07-20,same-game (correlated),8+,all-nonsports,14531,0
2026-07-20,same-game (correlated),8+,all-sports,49549351,0
2026-07-20,same-game (correlated),8+,mixed,1554280,0
2026-07-20,unclassified (pending legs),unknown,unknown,112916,1
2026-07-21,multi-game (independent),2,all-sports,26235337,0
2026-07-21,multi-game (independent),2,mixed,52431,0
2026-07-21,multi-game (independent),3,all-sports,29371831,0
2026-07-21,multi-game (independent),3,mixed,67756,0
2026-07-21,multi-game (independent),4,all-sports,25378390,0
2026-07-21,multi-game (independent),4,mixed,51354,0
2026-07-21,multi-game (independent),5-7,all-sports,54821127,0
2026-07-21,multi-game (independent),5-7,mixed,139516,0
2026-07-21,multi-game (independent),8+,all-sports,183733532,0
2026-07-21,multi-game (independent),8+,mixed,162843,0
2026-07-21,same-game (correlated),2,all-nonsports,323458,0
2026-07-21,same-game (correlated),2,all-sports,5177823,0
2026-07-21,same-game (correlated),3,all-nonsports,151652,0
2026-07-21,same-game (correlated),3,all-sports,4101565,0
2026-07-21,same-game (correlated),3,mixed,11067,0
2026-07-21,same-game (correlated),4,all-nonsports,159063,0
2026-07-21,same-game (correlated),4,all-sports,6006337,0
2026-07-21,same-game (correlated),4,mixed,22356,0
2026-07-21,same-game (correlated),5-7,all-nonsports,657575,0
2026-07-21,same-game (correlated),5-7,all-sports,14347181,0
2026-07-21,same-game (correlated),5-7,mixed,69174,0
2026-07-21,same-game (correlated),8+,all-nonsports,34916,0
2026-07-21,same-game (correlated),8+,all-sports,60824353,0
2026-07-21,same-game (correlated),8+,mixed,1971763,0
2026-07-21,unclassified (pending legs),unknown,unknown,33211,1
2026-07-22,multi-game (independent),2,all-sports,32799475,0
2026-07-22,multi-game (independent),2,mixed,94249,0
2026-07-22,multi-game (independent),3,all-sports,38281804,0
2026-07-22,multi-game (independent),3,mixed,61196,0
2026-07-22,multi-game (independent),4,all-sports,33044405,0
2026-07-22,multi-game (independent),4,mixed,47961,0
2026-07-22,multi-game (independent),5-7,all-sports,84423196,0
2026-07-22,multi-game (independent),5-7,mixed,175196,0
2026-07-22,multi-game (independent),8+,all-sports,129890812,0
2026-07-22,multi-game (independent),8+,mixed,208784,0
2026-07-22,same-game (correlated),2,all-nonsports,347661,0
2026-07-22,same-game (correlated),2,all-sports,8081423,0
2026-07-22,same-game (correlated),3,all-nonsports,163782,0
2026-07-22,same-game (correlated),3,all-sports,5400361,0
2026-07-22,same-game (correlated),3,mixed,326810,0
2026-07-22,same-game (correlated),4,all-nonsports,165460,0
2026-07-22,same-game (correlated),4,all-sports,8533764,0
2026-07-22,same-game (correlated),4,mixed,26736,0
2026-07-22,same-game (correlated),5-7,all-nonsports,492668,0
2026-07-22,same-game (correlated),5-7,all-sports,22540070,0
2026-07-22,same-game (correlated),5-7,mixed,147609,0
2026-07-22,same-game (correlated),8+,all-nonsports,21290,0
2026-07-22,same-game (correlated),8+,all-sports,133662087,0
2026-07-22,same-game (correlated),8+,mixed,2135467,0
2026-07-22,unclassified (pending legs),unknown,unknown,33455,1
2026-07-23,multi-game (independent),2,all-sports,21882339,0
2026-07-23,multi-game (independent),2,mixed,121397,0
2026-07-23,multi-game (independent),3,all-sports,13384020,0
2026-07-23,multi-game (independent),3,mixed,122310,0
2026-07-23,multi-game (independent),4,all-sports,11383405,0
2026-07-23,multi-game (independent),4,mixed,34135,0
2026-07-23,multi-game (independent),5-7,all-sports,35556479,0
2026-07-23,multi-game (independent),5-7,mixed,131451,0
2026-07-23,multi-game (independent),8+,all-sports,62174931,0
2026-07-23,multi-game (independent),8+,mixed,85165,0
2026-07-23,same-game (correlated),2,all-nonsports,327737,0
2026-07-23,same-game (correlated),2,all-sports,9067527,0
2026-07-23,same-game (correlated),3,all-nonsports,221694,0
2026-07-23,same-game (correlated),3,all-sports,7028554,0
2026-07-23,same-game (correlated),3,mixed,25473,0
2026-07-23,same-game (correlated),4,all-nonsports,186877,0
2026-07-23,same-game (correlated),4,all-sports,7635485,0
2026-07-23,same-game (correlated),4,mixed,34832,0
2026-07-23,same-game (correlated),5-7,all-nonsports,879644,0
2026-07-23,same-game (correlated),5-7,all-sports,15542700,0
2026-07-23,same-game (correlated),5-7,mixed,134795,0
2026-07-23,same-game (correlated),8+,all-nonsports,37036,0
2026-07-23,same-game (correlated),8+,all-sports,62030778,0
2026-07-23,same-game (correlated),8+,mixed,1291281,0
2026-07-23,unclassified (pending legs),unknown,unknown,37073,1
2026-07-24,multi-game (independent),2,all-sports,26544837,0
2026-07-24,multi-game (independent),2,mixed,129020,0
2026-07-24,multi-game (independent),3,all-sports,28478285,0
2026-07-24,multi-game (independent),3,mixed,55680,0
2026-07-24,multi-game (independent),4,all-sports,27282911,0
2026-07-24,multi-game (independent),4,mixed,41485,0
2026-07-24,multi-game (independent),5-7,all-sports,78343040,0
2026-07-24,multi-game (independent),5-7,mixed,101367,0
2026-07-24,multi-game (independent),8+,all-sports,203836012,0
2026-07-24,multi-game (independent),8+,mixed,164549,0
2026-07-24,same-game (correlated),2,all-nonsports,350946,0
2026-07-24,same-game (correlated),2,all-sports,7199291,0
2026-07-24,same-game (correlated),3,all-nonsports,221744,0
2026-07-24,same-game (correlated),3,all-sports,5344727,0
2026-07-24,same-game (correlated),3,mixed,12799,0
2026-07-24,same-game (correlated),4,all-nonsports,208790,0
2026-07-24,same-game (correlated),4,all-sports,6990644,0
2026-07-24,same-game (correlated),4,mixed,45225,0
2026-07-24,same-game (correlated),5-7,all-nonsports,843344,0
2026-07-24,same-game (correlated),5-7,all-sports,18020507,0
2026-07-24,same-game (correlated),5-7,mixed,134072,0
2026-07-24,same-game (correlated),8+,all-nonsports,12756,0
2026-07-24,same-game (correlated),8+,all-sports,69314436,0
2026-07-24,same-game (correlated),8+,mixed,2223225,0
2026-07-24,unclassified (pending legs),unknown,unknown,26782,1
2026-07-25,multi-game (independent),2,all-sports,31867286,0
2026-07-25,multi-game (independent),2,mixed,172926,0
2026-07-25,multi-game (independent),3,all-sports,37742415,0
2026-07-25,multi-game (independent),3,mixed,49309,0
2026-07-25,multi-game (independent),4,all-sports,38429343,0
2026-07-25,multi-game (independent),4,mixed,63947,0
2026-07-25,multi-game (independent),5-7,all-sports,94452657,0
2026-07-25,multi-game (independent),5-7,mixed,126306,0
2026-07-25,multi-game (independent),8+,all-sports,220587908,0
2026-07-25,multi-game (independent),8+,mixed,192110,0
2026-07-25,same-game (correlated),2,all-nonsports,291040,0
2026-07-25,same-game (correlated),2,all-sports,8031548,0
2026-07-25,same-game (correlated),3,all-nonsports,176345,0
2026-07-25,same-game (correlated),3,all-sports,5208794,0
2026-07-25,same-game (correlated),3,mixed,20210,0
2026-07-25,same-game (correlated),4,all-nonsports,190595,0
2026-07-25,same-game (correlated),4,all-sports,7397153,0
2026-07-25,same-game (correlated),4,mixed,19998,0
2026-07-25,same-game (correlated),5-7,all-nonsports,829643,0
2026-07-25,same-game (correlated),5-7,all-sports,19605885,0
2026-07-25,same-game (correlated),5-7,mixed,157216,0
2026-07-25,same-game (correlated),8+,all-nonsports,39531,0
2026-07-25,same-game (correlated),8+,all-sports,77880168,0
2026-07-25,same-game (correlated),8+,mixed,1826696,0
2026-07-25,unclassified (pending legs),unknown,unknown,37516,1
2026-07-26,multi-game (independent),2,all-sports,27581962,0
2026-07-26,multi-game (independent),2,mixed,142553,0
2026-07-26,multi-game (independent),3,all-sports,24462874,0
2026-07-26,multi-game (independent),3,mixed,57487,0
2026-07-26,multi-game (independent),4,all-sports,23294768,0
2026-07-26,multi-game (independent),4,mixed,38732,0
2026-07-26,multi-game (independent),5-7,all-sports,50475265,0
2026-07-26,multi-game (independent),5-7,mixed,103962,0
2026-07-26,multi-game (independent),8+,all-sports,131901078,0
2026-07-26,multi-game (independent),8+,mixed,194675,0
2026-07-26,same-game (correlated),2,all-nonsports,312607,0
2026-07-26,same-game (correlated),2,all-sports,9509221,0
2026-07-26,same-game (correlated),3,all-nonsports,184918,0
2026-07-26,same-game (correlated),3,all-sports,7279992,0
2026-07-26,same-game (correlated),3,mixed,23162,0
2026-07-26,same-game (correlated),4,all-nonsports,249255,0
2026-07-26,same-game (correlated),4,all-sports,8077315,0
2026-07-26,same-game (correlated),4,mixed,33696,0
2026-07-26,same-game (correlated),5-7,all-nonsports,713058,0
2026-07-26,same-game (correlated),5-7,all-sports,18189672,0
2026-07-26,same-game (correlated),5-7,mixed,144124,0
2026-07-26,same-game (correlated),8+,all-nonsports,50966,0
2026-07-26,same-game (correlated),8+,all-sports,58945313,0
2026-07-26,same-game (correlated),8+,mixed,1764160,0
2026-07-26,unclassified (pending legs),unknown,unknown,52248,1
2026-07-27,multi-game (independent),2,all-sports,25690522,0
2026-07-27,multi-game (independent),2,mixed,83593,0
2026-07-27,multi-game (independent),3,all-sports,28870621,0
2026-07-27,multi-game (independent),3,mixed,33533,0
2026-07-27,multi-game (independent),4,all-sports,28112936,0
2026-07-27,multi-game (independent),4,mixed,54718,0
2026-07-27,multi-game (independent),5-7,all-sports,55185482,0
2026-07-27,multi-game (independent),5-7,mixed,159804,0
2026-07-27,multi-game (independent),8+,all-sports,146982184,0
2026-07-27,multi-game (independent),8+,mixed,195263,0
2026-07-27,same-game (correlated),2,all-nonsports,215668,0
2026-07-27,same-game (correlated),2,all-sports,6286050,0
2026-07-27,same-game (correlated),3,all-nonsports,172960,0
2026-07-27,same-game (correlated),3,all-sports,4433350,0
2026-07-27,same-game (correlated),3,mixed,63746,0
2026-07-27,same-game (correlated),4,all-nonsports,191014,0
2026-07-27,same-game (correlated),4,all-sports,6181280,0
2026-07-27,same-game (correlated),4,mixed,15176,0
2026-07-27,same-game (correlated),5-7,all-nonsports,879411,0
2026-07-27,same-game (correlated),5-7,all-sports,17283524,0
2026-07-27,same-game (correlated),5-7,mixed,78180,0
2026-07-27,same-game (correlated),8+,all-nonsports,26937,0
2026-07-27,same-game (correlated),8+,all-sports,73094314,0
2026-07-27,same-game (correlated),8+,mixed,2161243,0
2026-07-27,unclassified (pending legs),unknown,unknown,144414,1
2026-07-28,multi-game (independent),2,all-sports,28045053,0
2026-07-28,multi-game (independent),2,mixed,65504,0
2026-07-28,multi-game (independent),3,all-sports,30598303,0
2026-07-28,multi-game (independent),3,mixed,36227,0
2026-07-28,multi-game (independent),4,all-sports,27276854,0
2026-07-28,multi-game (independent),4,mixed,63052,0
2026-07-28,multi-game (independent),5-7,all-sports,66098882,0
2026-07-28,multi-game (independent),5-7,mixed,118462,0
2026-07-28,multi-game (independent),8+,all-sports,140382474,0
2026-07-28,multi-game (independent),8+,mixed,203128,0
2026-07-28,same-game (correlated),2,all-nonsports,273597,0
2026-07-28,same-game (correlated),2,all-sports,7982111,0
2026-07-28,same-game (correlated),3,all-nonsports,195922,0
2026-07-28,same-game (correlated),3,all-sports,4365885,0
2026-07-28,same-game (correlated),3,mixed,486578,0
2026-07-28,same-game (correlated),4,all-nonsports,160541,0
2026-07-28,same-game (correlated),4,all-sports,6900148,0
2026-07-28,same-game (correlated),4,mixed,9300,0
2026-07-28,same-game (correlated),5-7,all-nonsports,886259,0
2026-07-28,same-game (correlated),5-7,all-sports,18535667,0
2026-07-28,same-game (correlated),5-7,mixed,141050,0
2026-07-28,same-game (correlated),8+,all-nonsports,28520,0
2026-07-28,same-game (correlated),8+,all-sports,111687726,0
2026-07-28,same-game (correlated),8+,mixed,1097731,0
2026-07-28,unclassified (pending legs),unknown,unknown,186968,1
2026-07-29,multi-game (independent),2,all-sports,36480288,0
2026-07-29,multi-game (independent),2,mixed,43827,0
2026-07-29,multi-game (independent),3,all-sports,37055527,0
2026-07-29,multi-game (independent),3,mixed,83274,0
2026-07-29,multi-game (independent),4,all-sports,30771591,0
2026-07-29,multi-game (independent),4,mixed,45893,0
2026-07-29,multi-game (independent),5-7,all-sports,65978032,0
2026-07-29,multi-game (independent),5-7,mixed,119556,0
2026-07-29,multi-game (independent),8+,all-sports,153435171,0
2026-07-29,multi-game (independent),8+,mixed,206220,0
2026-07-29,same-game (correlated),2,all-nonsports,263453,0
2026-07-29,same-game (correlated),2,all-sports,8077240,0
2026-07-29,same-game (correlated),3,all-nonsports,183840,0
2026-07-29,same-game (correlated),3,all-sports,6404137,0
2026-07-29,same-game (correlated),3,mixed,9090,0
2026-07-29,same-game (correlated),4,all-nonsports,162347,0
2026-07-29,same-game (correlated),4,all-sports,9211915,0
2026-07-29,same-game (correlated),4,mixed,9291,0
2026-07-29,same-game (correlated),5-7,all-nonsports,631432,0
2026-07-29,same-game (correlated),5-7,all-sports,23922072,0
2026-07-29,same-game (correlated),5-7,mixed,82457,0
2026-07-29,same-game (correlated),8+,all-sports,94345401,0
2026-07-29,same-game (correlated),8+,mixed,1601015,0
2026-07-29,unclassified (pending legs),unknown,unknown,201031,1
2026-07-30,multi-game (independent),2,all-sports,31627998,0
2026-07-30,multi-game (independent),2,mixed,41688,0
2026-07-30,multi-game (independent),3,all-sports,30429929,0
2026-07-30,multi-game (independent),3,mixed,54639,0
2026-07-30,multi-game (independent),4,all-sports,25579812,0
2026-07-30,multi-game (independent),4,mixed,38179,0
2026-07-30,multi-game (independent),5-7,all-sports,50879705,0
2026-07-30,multi-game (independent),5-7,mixed,129119,0
2026-07-30,multi-game (independent),8+,all-sports,121834447,0
2026-07-30,multi-game (independent),8+,mixed,152785,0
2026-07-30,same-game (correlated),2,all-nonsports,229014,0
2026-07-30,same-game (correlated),2,all-sports,7660202,0
2026-07-30,same-game (correlated),3,all-nonsports,183749,0
2026-07-30,same-game (correlated),3,all-sports,6678473,0
2026-07-30,same-game (correlated),3,mixed,4061,0
2026-07-30,same-game (correlated),4,all-nonsports,152351,0
2026-07-30,same-game (correlated),4,all-sports,10089000,0
2026-07-30,same-game (correlated),4,mixed,4761,0
2026-07-30,same-game (correlated),5-7,all-nonsports,677402,0
2026-07-30,same-game (correlated),5-7,all-sports,23544924,0
2026-07-30,same-game (correlated),5-7,mixed,69087,0
2026-07-30,same-game (correlated),8+,all-sports,71401121,0
2026-07-30,same-game (correlated),8+,mixed,1420659,0
2026-07-30,unclassified (pending legs),unknown,unknown,86197,1
2026-07-31,multi-game (independent),2,all-sports,36578951,0
2026-07-31,multi-game (independent),2,mixed,83375,0
2026-07-31,multi-game (independent),3,all-sports,37902390,0
2026-07-31,multi-game (independent),3,mixed,47394,0
2026-07-31,multi-game (independent),4,all-sports,32713232,0
2026-07-31,multi-game (independent),4,mixed,98175,0
2026-07-31,multi-game (independent),5-7,all-sports,89595006,0
2026-07-31,multi-game (independent),5-7,mixed,171626,0
2026-07-31,multi-game (independent),8+,all-sports,222495961,0
2026-07-31,multi-game (independent),8+,mixed,189682,0
2026-07-31,same-game (correlated),2,all-nonsports,319418,0
2026-07-31,same-game (correlated),2,all-sports,8697642,0
2026-07-31,same-game (correlated),3,all-nonsports,217887,0
2026-07-31,same-game (correlated),3,all-sports,6509120,0
2026-07-31,same-game (correlated),3,mixed,3977,0
2026-07-31,same-game (correlated),4,all-nonsports,195558,0
2026-07-31,same-game (correlated),4,all-sports,10007083,0
2026-07-31,same-game (correlated),4,mixed,21353,0
2026-07-31,same-game (correlated),5-7,all-nonsports,845329,0
2026-07-31,same-game (correlated),5-7,all-sports,23090499,0
2026-07-31,same-game (correlated),5-7,mixed,67389,0
2026-07-31,same-game (correlated),8+,all-sports,94326807,0
2026-07-31,same-game (correlated),8+,mixed,1461069,0
2026-07-31,unclassified (pending legs),unknown,unknown,50658,1
2026-08-01,multi-game (independent),2,all-sports,41417043,0
2026-08-01,multi-game (independent),2,mixed,50322,0
2026-08-01,multi-game (independent),3,all-sports,46364936,0
2026-08-01,multi-game (independent),3,mixed,70204,0
2026-08-01,multi-game (independent),4,all-sports,45421142,0
2026-08-01,multi-game (independent),4,mixed,87954,0
2026-08-01,multi-game (independent),5-7,all-sports,118403652,0
2026-08-01,multi-game (independent),5-7,mixed,229018,0
2026-08-01,multi-game (independent),8+,all-sports,217190176,0
2026-08-01,multi-game (independent),8+,mixed,448138,0
2026-08-01,same-game (correlated),2,all-nonsports,218281,0
2026-08-01,same-game (correlated),2,all-sports,9084634,0
2026-08-01,same-game (correlated),3,all-nonsports,215639,0
2026-08-01,same-game (correlated),3,all-sports,7138360,0
2026-08-01,same-game (correlated),3,mixed,6395,0
2026-08-01,same-game (correlated),4,all-nonsports,219245,0
2026-08-01,same-game (correlated),4,all-sports,9809269,0
2026-08-01,same-game (correlated),4,mixed,18418,0
2026-08-01,same-game (correlated),5-7,all-nonsports,711364,0
2026-08-01,same-game (correlated),5-7,all-sports,24718979,0
2026-08-01,same-game (correlated),5-7,mixed,100778,0
2026-08-01,same-game (correlated),8+,all-sports,89055282,0
2026-08-01,same-game (correlated),8+,mixed,1772796,0
2026-08-01,unclassified (pending legs),unknown,unknown,89079,1
2026-08-02,multi-game (independent),2,all-sports,32489659,0
2026-08-02,multi-game (independent),2,mixed,698160,0
2026-08-02,multi-game (independent),3,all-sports,31683592,0
2026-08-02,multi-game (independent),3,mixed,79548,0
2026-08-02,multi-game (independent),4,all-sports,26335720,0
2026-08-02,multi-game (independent),4,mixed,44499,0
2026-08-02,multi-game (independent),5-7,all-sports,58217099,0
2026-08-02,multi-game (independent),5-7,mixed,76159,0
2026-08-02,multi-game (independent),8+,all-sports,135785744,0
2026-08-02,multi-game (independent),8+,mixed,185091,0
2026-08-02,same-game (correlated),2,all-nonsports,262001,0
2026-08-02,same-game (correlated),2,all-sports,11858592,0
2026-08-02,same-game (correlated),3,all-nonsports,229554,0
2026-08-02,same-game (correlated),3,all-sports,8095450,0
2026-08-02,same-game (correlated),3,mixed,9990,0
2026-08-02,same-game (correlated),4,all-nonsports,226577,0
2026-08-02,same-game (correlated),4,all-sports,10077500,0
2026-08-02,same-game (correlated),4,mixed,143637,0
2026-08-02,same-game (correlated),5-7,all-nonsports,675108,0
2026-08-02,same-game (correlated),5-7,all-sports,19723620,0
2026-08-02,same-game (correlated),5-7,mixed,102189,0
2026-08-02,same-game (correlated),8+,all-sports,68300659,0
2026-08-02,same-game (correlated),8+,mixed,1703215,0
2026-08-02,unclassified (pending legs),unknown,unknown,31255,1
2026-08-03,multi-game (independent),2,all-sports,25810822,0
2026-08-03,multi-game (independent),2,mixed,53335,0
2026-08-03,multi-game (independent),3,all-sports,26580137,0
2026-08-03,multi-game (independent),3,mixed,29551,0
2026-08-03,multi-game (independent),4,all-sports,22246409,0
2026-08-03,multi-game (independent),4,mixed,66837,0
2026-08-03,multi-game (independent),5-7,all-sports,52021145,0
2026-08-03,multi-game (independent),5-7,mixed,90603,0
2026-08-03,multi-game (independent),8+,all-sports,84584309,0
2026-08-03,multi-game (independent),8+,mixed,330524,0
2026-08-03,same-game (correlated),2,all-nonsports,248916,0
2026-08-03,same-game (correlated),2,all-sports,5213202,0
2026-08-03,same-game (correlated),3,all-nonsports,180854,0
2026-08-03,same-game (correlated),3,all-sports,5745762,0
2026-08-03,same-game (correlated),3,mixed,3571,0
2026-08-03,same-game (correlated),4,all-nonsports,190443,0
2026-08-03,same-game (correlated),4,all-sports,8509136,0
2026-08-03,same-game (correlated),4,mixed,12760,0
2026-08-03,same-game (correlated),5-7,all-nonsports,789777,0
2026-08-03,same-game (correlated),5-7,all-sports,24367817,0
2026-08-03,same-game (correlated),5-7,mixed,70102,0
2026-08-03,same-game (correlated),8+,all-sports,60470762,0
2026-08-03,same-game (correlated),8+,mixed,1777510,0
2026-08-03,unclassified (pending legs),unknown,unknown,34199,1
2026-08-04,multi-game (independent),2,all-nonsports,83,0
2026-08-04,multi-game (independent),2,all-sports,33310389,0
2026-08-04,multi-game (independent),2,mixed,147827,0
2026-08-04,multi-game (independent),3,all-nonsports,16,0
2026-08-04,multi-game (independent),3,all-sports,33486982,0
2026-08-04,multi-game (independent),3,mixed,56245,0
2026-08-04,multi-game (independent),4,all-sports,31710027,0
2026-08-04,multi-game (independent),4,mixed,27639,0
2026-08-04,multi-game (independent),5-7,all-sports,75668380,0
2026-08-04,multi-game (independent),5-7,mixed,96293,0
2026-08-04,multi-game (independent),8+,all-sports,166461112,0
2026-08-04,multi-game (independent),8+,mixed,293887,0
2026-08-04,same-game (correlated),2,all-nonsports,236070,0
2026-08-04,same-game (correlated),2,all-sports,6333497,0
2026-08-04,same-game (correlated),3,all-nonsports,212614,0
2026-08-04,same-game (correlated),3,all-sports,4504406,0
2026-08-04,same-game (correlated),3,mixed,2405,0
2026-08-04,same-game (correlated),4,all-nonsports,189798,0
2026-08-04,same-game (correlated),4,all-sports,6936974,0
2026-08-04,same-game (correlated),4,mixed,5153,0
2026-08-04,same-game (correlated),5-7,all-nonsports,771822,0
2026-08-04,same-game (correlated),5-7,all-sports,18387898,0
2026-08-04,same-game (correlated),5-7,mixed,52895,0
2026-08-04,same-game (correlated),8+,all-sports,56010666,0
2026-08-04,same-game (correlated),8+,mixed,1213682,0
2026-08-04,unclassified (pending legs),unknown,unknown,104883,1
2026-08-05,multi-game (independent),2,all-nonsports,747,0
2026-08-05,multi-game (independent),2,all-sports,38302172,0
2026-08-05,multi-game (independent),2,mixed,69329,0
2026-08-05,multi-game (independent),3,all-sports,36767179,0
2026-08-05,multi-game (independent),3,mixed,74741,0
2026-08-05,multi-game (independent),4,all-sports,36073111,0
2026-08-05,multi-game (independent),4,mixed,59164,0
2026-08-05,multi-game (independent),5-7,all-sports,85502141,0
2026-08-05,multi-game (independent),5-7,mixed,126298,0
2026-08-05,multi-game (independent),8+,all-sports,179138015,0
2026-08-05,multi-game (independent),8+,mixed,351306,0
2026-08-05,same-game (correlated),2,all-nonsports,269734,0
2026-08-05,same-game (correlated),2,all-sports,7121556,0
2026-08-05,same-game (correlated),3,all-nonsports,290096,0
2026-08-05,same-game (correlated),3,all-sports,7567182,0
2026-08-05,same-game (correlated),3,mixed,4166,0
2026-08-05,same-game (correlated),4,all-nonsports,307241,0
2026-08-05,same-game (correlated),4,all-sports,9739094,0
2026-08-05,same-game (correlated),4,mixed,8928,0
2026-08-05,same-game (correlated),5-7,all-nonsports,851494,0
2026-08-05,same-game (correlated),5-7,all-sports,23158421,0
2026-08-05,same-game (correlated),5-7,mixed,56746,0
2026-08-05,same-game (correlated),8+,all-sports,86290742,0
2026-08-05,same-game (correlated),8+,mixed,1240314,0
2026-08-05,unclassified (pending legs),unknown,unknown,204796,1
2026-08-06,multi-game (independent),2,all-nonsports,15121,0
2026-08-06,multi-game (independent),2,all-sports,35307795,0
2026-08-06,multi-game (independent),2,mixed,204770,0
2026-08-06,multi-game (independent),3,all-nonsports,281,0
2026-08-06,multi-game (independent),3,all-sports,34487712,0
2026-08-06,multi-game (independent),3,mixed,73002,0
2026-08-06,multi-game (independent),4,all-sports,28410243,0
2026-08-06,multi-game (independent),4,mixed,105548,0
2026-08-06,multi-game (independent),5-7,all-sports,76047257,0
2026-08-06,multi-game (independent),5-7,mixed,113045,0
2026-08-06,multi-game (independent),8+,all-sports,104970638,0
2026-08-06,multi-game (independent),8+,mixed,465839,0
2026-08-06,same-game (correlated),2,all-nonsports,426491,0
2026-08-06,same-game (correlated),2,all-sports,9437077,0
2026-08-06,same-game (correlated),3,all-nonsports,172760,0
2026-08-06,same-game (correlated),3,all-sports,8981685,0
2026-08-06,same-game (correlated),3,mixed,9475,0
2026-08-06,same-game (correlated),4,all-nonsports,175297,0
2026-08-06,same-game (correlated),4,all-sports,9634775,0
2026-08-06,same-game (correlated),4,mixed,19189,0
2026-08-06,same-game (correlated),5-7,all-nonsports,543275,0
2026-08-06,same-game (correlated),5-7,all-sports,26895687,0
2026-08-06,same-game (correlated),5-7,mixed,113291,0
2026-08-06,same-game (correlated),8+,all-sports,68903245,0
2026-08-06,same-game (correlated),8+,mixed,1035567,0
2026-08-06,unclassified (pending legs),unknown,unknown,68548,1
2026-08-07,multi-game (independent),2,all-nonsports,26163,0
2026-08-07,multi-game (independent),2,all-sports,34747786,0
2026-08-07,multi-game (independent),2,mixed,123332,0
2026-08-07,multi-game (independent),3,all-sports,37312737,0
2026-08-07,multi-game (independent),3,mixed,82146,0
2026-08-07,multi-game (independent),4,all-sports,36192441,0
2026-08-07,multi-game (independent),4,mixed,56793,0
2026-08-07,multi-game (independent),5-7,all-sports,91601600,0
2026-08-07,multi-game (independent),5-7,mixed,102120,0
2026-08-07,multi-game (independent),8+,all-sports,175564038,0
2026-08-07,multi-game (independent),8+,mixed,441407,0
2026-08-07,same-game (correlated),2,all-nonsports,246309,0
2026-08-07,same-game (correlated),2,all-sports,6238078,0
2026-08-07,same-game (correlated),3,all-nonsports,208871,0
2026-08-07,same-game (correlated),3,all-sports,4690899,0
2026-08-07,same-game (correlated),3,mixed,4494,0
2026-08-07,same-game (correlated),4,all-nonsports,221982,0
2026-08-07,same-game (correlated),4,all-sports,6994207,0
2026-08-07,same-game (correlated),4,mixed,16073,0
2026-08-07,same-game (correlated),5-7,all-nonsports,706972,0
2026-08-07,same-game (correlated),5-7,all-sports,20907913,0
2026-08-07,same-game (correlated),5-7,mixed,131380,0
2026-08-07,same-game (correlated),8+,all-sports,76274245,0
2026-08-07,same-game (correlated),8+,mixed,1261229,0
2026-08-07,unclassified (pending legs),unknown,unknown,407779,1
2026-08-08,multi-game (independent),2,all-nonsports,3,0
2026-08-08,multi-game (independent),2,all-sports,24023211,0
2026-08-08,multi-game (independent),2,mixed,43775,0
2026-08-08,multi-game (independent),3,all-sports,23066929,0
2026-08-08,multi-game (independent),3,mixed,43373,0
2026-08-08,multi-game (independent),4,all-sports,21408212,0
2026-08-08,multi-game (independent),4,mixed,22309,0
2026-08-08,multi-game (independent),5-7,all-sports,69152447,0
2026-08-08,multi-game (independent),5-7,mixed,68142,0
2026-08-08,multi-game (independent),8+,all-sports,118577142,0
2026-08-08,multi-game (independent),8+,mixed,82949,0
2026-08-08,same-game (correlated),2,all-nonsports,144166,0
2026-08-08,same-game (correlated),2,all-sports,4434090,0
2026-08-08,same-game (correlated),3,all-nonsports,106753,0
2026-08-08,same-game (correlated),3,all-sports,2872382,0
2026-08-08,same-game (correlated),3,mixed,2744,0
2026-08-08,same-game (correlated),4,all-nonsports,144472,0
2026-08-08,same-game (correlated),4,all-sports,3882467,0
2026-08-08,same-game (correlated),4,mixed,2482,0
2026-08-08,same-game (correlated),5-7,all-nonsports,557221,0
2026-08-08,same-game (correlated),5-7,all-sports,13504917,0
2026-08-08,same-game (correlated),5-7,mixed,28444,0
2026-08-08,same-game (correlated),8+,all-sports,61980978,0
2026-08-08,same-game (correlated),8+,mixed,535168,0
2026-08-08,unclassified (pending legs),unknown,unknown,131861714,1
