date,report_ticker,kind,contracts
2025-09-04,KXNFLCOMBO,pending,11128
2025-09-05,KXNFLCOMBO,pending,21400
2025-09-17,KXMVENFLMULTIGAME,independent,229
2025-09-18,KXMVENFLMULTIGAME,independent,2114
2025-09-19,KXMVENFLMULTIGAME,independent,60
2025-09-20,KXMVENFLMULTIGAME,independent,28579
2025-09-21,KXMVENFLMULTIGAME,independent,24945
2025-09-23,KXMVENFLMULTIGAME,independent,146
2025-09-24,KXMVENFLMULTIGAME,independent,4286
2025-09-25,KXMVENFLMULTIGAME,independent,21799
2025-09-26,KXMVENFLMULTIGAME,independent,20182
2025-09-27,KXMVENFLMULTIGAME,independent,32354
2025-09-28,KXMVENFLMULTIGAME,independent,110681
2025-09-28,KXMVENFLSINGLEGAME,correlated,31
2025-09-29,KXMVENFLMULTIGAME,independent,29341
2025-09-29,KXMVENFLSINGLEGAME,correlated,255757
2025-10-01,KXMVENFLSINGLEGAME,correlated,39769
2025-10-02,KXMVENFLSINGLEGAME,correlated,649761
2025-10-03,KXMVENFLMULTIGAMEEXTENDED,correlated,47340
2025-10-03,KXMVENFLMULTIGAMEEXTENDED,independent,191004
2025-10-03,KXMVENFLSINGLEGAME,correlated,63581
2025-10-04,KXMVENFLMULTIGAMEEXTENDED,correlated,184173
2025-10-04,KXMVENFLMULTIGAMEEXTENDED,independent,528480
2025-10-04,KXMVENFLSINGLEGAME,correlated,153224
2025-10-05,KXMVENFLMULTIGAMEEXTENDED,correlated,588959
2025-10-05,KXMVENFLMULTIGAMEEXTENDED,independent,1405736
2025-10-05,KXMVENFLSINGLEGAME,correlated,1877859
2025-10-06,KXMVENFLMULTIGAMEEXTENDED,correlated,471761
2025-10-06,KXMVENFLSINGLEGAME,correlated,258567
2025-10-09,KXMVENFLMULTIGAMEEXTENDED,correlated,168061
2025-10-09,KXMVENFLMULTIGAMEEXTENDED,independent,130567
2025-10-09,KXMVENFLSINGLEGAME,correlated,1256129
2025-10-10,KXMVENFLMULTIGAMEEXTENDED,correlated,51520
2025-10-10,KXMVENFLMULTIGAMEEXTENDED,independent,430891
2025-10-10,KXMVENFLSINGLEGAME,correlated,40539
2025-10-11,KXMVENFLMULTIGAMEEXTENDED,correlated,258184
2025-10-11,KXMVENFLMULTIGAMEEXTENDED,independent,767746
2025-10-11,KXMVENFLSINGLEGAME,correlated,347309
2025-10-12,KXMVENFLMULTIGAMEEXTENDED,correlated,255377
2025-10-12,KXMVENFLMULTIGAMEEXTENDED,independent,2054844
2025-10-12,KXMVENFLSINGLEGAME,correlated,3597408
2025-10-13,KXMVENFLMULTIGAMEEXTENDED,correlated,756973
2025-10-13,KXMVENFLMULTIGAMEEXTENDED,independent,255828
2025-10-13,KXMVENFLSINGLEGAME,correlated,1368971
2025-10-14,KXMVENFLMULTIGAMEEXTENDED,correlated,17818
2025-10-14,KXMVENFLMULTIGAMEEXTENDED,independent,370020
2025-10-14,KXMVENFLSINGLEGAME,correlated,19610
2025-10-15,KXMVENFLMULTIGAMEEXTENDED,correlated,110471
2025-10-15,KXMVENFLMULTIGAMEEXTENDED,independent,333357
2025-10-15,KXMVENFLSINGLEGAME,correlated,245275
2025-10-16,KXMVENFLMULTIGAMEEXTENDED,correlated,500122
2025-10-16,KXMVENFLMULTIGAMEEXTENDED,independent,699821
2025-10-16,KXMVENFLSINGLEGAME,correlated,1782892
2025-10-17,KXMVENFLMULTIGAMEEXTENDED,correlated,149496
2025-10-17,KXMVENFLMULTIGAMEEXTENDED,independent,1188204
2025-10-17,KXMVENFLSINGLEGAME,correlated,66867
2025-10-18,KXMVENFLMULTIGAMEEXTENDED,correlated,744259
2025-10-18,KXMVENFLMULTIGAMEEXTENDED,independent,1237132
2025-10-18,KXMVENFLSINGLEGAME,correlated,365043
2025-10-19,KXMVENFLMULTIGAMEEXTENDED,correlated,2120934
2025-10-19,KXMVENFLMULTIGAMEEXTENDED,independent,3690588
2025-10-19,KXMVENFLSINGLEGAME,correlated,3504950
2025-10-20,KXMVENFLMULTIGAMEEXTENDED,correlated,2078476
2025-10-20,KXMVENFLMULTIGAMEEXTENDED,independent,412813
2025-10-20,KXMVENFLSINGLEGAME,correlated,3569598
2025-10-21,KXMVENFLMULTIGAMEEXTENDED,correlated,68381
2025-10-21,KXMVENFLMULTIGAMEEXTENDED,independent,509375
2025-10-21,KXMVENFLSINGLEGAME,correlated,112733
2025-10-22,KXMVENFLMULTIGAMEEXTENDED,correlated,291274
2025-10-22,KXMVENFLMULTIGAMEEXTENDED,independent,825061
2025-10-22,KXMVENFLSINGLEGAME,correlated,201391
2025-10-23,KXMVENFLMULTIGAMEEXTENDED,correlated,847268
2025-10-23,KXMVENFLMULTIGAMEEXTENDED,independent,889919
2025-10-23,KXMVENFLSINGLEGAME,correlated,2406372
2025-10-24,KXMVENFLMULTIGAMEEXTENDED,correlated,108286
2025-10-24,KXMVENFLMULTIGAMEEXTENDED,independent,1067666
2025-10-24,KXMVENFLSINGLEGAME,correlated,30909
2025-10-25,KXMVENFLMULTIGAMEEXTENDED,correlated,1158979
2025-10-25,KXMVENFLMULTIGAMEEXTENDED,independent,2536901
2025-10-25,KXMVENFLSINGLEGAME,correlated,458514
2025-10-26,KXMVENFLMULTIGAMEEXTENDED,correlated,3616168
2025-10-26,KXMVENFLMULTIGAMEEXTENDED,independent,5453518
2025-10-26,KXMVENFLSINGLEGAME,correlated,3687258
2025-10-27,KXMVENFLMULTIGAMEEXTENDED,correlated,1595490
2025-10-27,KXMVENFLMULTIGAMEEXTENDED,independent,2
2025-10-27,KXMVENFLSINGLEGAME,correlated,2631068
2025-10-28,KXMVENFLMULTIGAMEEXTENDED,correlated,92000
2025-10-28,KXMVENFLMULTIGAMEEXTENDED,independent,935892
2025-10-28,KXMVENFLSINGLEGAME,correlated,6416
2025-10-29,KXMVENFLMULTIGAMEEXTENDED,correlated,445007
2025-10-29,KXMVENFLMULTIGAMEEXTENDED,independent,1313542
2025-10-29,KXMVENFLSINGLEGAME,correlated,345845
2025-10-30,KXMVENFLMULTIGAMEEXTENDED,correlated,1529896
2025-10-30,KXMVENFLMULTIGAMEEXTENDED,independent,1294216
2025-10-30,KXMVENFLSINGLEGAME,correlated,2579952
2025-10-31,KXMVENFLMULTIGAMEEXTENDED,correlated,167163
2025-10-31,KXMVENFLMULTIGAMEEXTENDED,independent,1211300
2025-10-31,KXMVENFLSINGLEGAME,correlated,32928
2025-11-01,KXMVENFLMULTIGAMEEXTENDED,correlated,1295346
2025-11-01,KXMVENFLMULTIGAMEEXTENDED,independent,1888219
2025-11-01,KXMVENFLSINGLEGAME,correlated,340743
2025-11-02,KXMVENFLMULTIGAMEEXTENDED,correlated,5585111
2025-11-02,KXMVENFLMULTIGAMEEXTENDED,independent,7336852
2025-11-02,KXMVENFLSINGLEGAME,correlated,3804379
2025-11-03,KXMVENFLMULTIGAMEEXTENDED,correlated,1834362
2025-11-03,KXMVENFLMULTIGAMEEXTENDED,independent,288
2025-11-03,KXMVENFLSINGLEGAME,correlated,2549859
2025-11-04,KXMVENFLMULTIGAMEEXTENDED,correlated,64995
2025-11-04,KXMVENFLMULTIGAMEEXTENDED,independent,726109
2025-11-04,KXMVENFLSINGLEGAME,correlated,9781
2025-11-05,KXMVENFLMULTIGAMEEXTENDED,correlated,450130
2025-11-05,KXMVENFLMULTIGAMEEXTENDED,independent,1064987
2025-11-05,KXMVENFLSINGLEGAME,correlated,303514
2025-11-06,KXMVENFLMULTIGAMEEXTENDED,correlated,1977284
2025-11-06,KXMVENFLMULTIGAMEEXTENDED,independent,1265635
2025-11-06,KXMVENFLSINGLEGAME,correlated,3079350
2025-11-07,KXMVENFLMULTIGAMEEXTENDED,correlated,105118
2025-11-07,KXMVENFLMULTIGAMEEXTENDED,independent,1257955
2025-11-07,KXMVENFLSINGLEGAME,correlated,49207
2025-11-08,KXMVENFLMULTIGAMEEXTENDED,correlated,1735751
2025-11-08,KXMVENFLMULTIGAMEEXTENDED,independent,2441128
2025-11-08,KXMVENFLSINGLEGAME,correlated,281167
2025-11-09,KXMVENFLMULTIGAMEEXTENDED,correlated,6815656
2025-11-09,KXMVENFLMULTIGAMEEXTENDED,independent,7176557
2025-11-09,KXMVENFLSINGLEGAME,correlated,4554452
2025-11-09,KXNFLPREPACK,pending,15
2025-11-10,KXMVENFLMULTIGAMEEXTENDED,correlated,2493628
2025-11-10,KXMVENFLMULTIGAMEEXTENDED,independent,4
2025-11-10,KXMVENFLSINGLEGAME,correlated,3461273
2025-11-11,KXMVENFLMULTIGAMEEXTENDED,correlated,42501
2025-11-11,KXMVENFLMULTIGAMEEXTENDED,independent,622494
2025-11-11,KXMVENFLSINGLEGAME,correlated,6075
2025-11-12,KXMVENFLMULTIGAMEEXTENDED,correlated,114229
2025-11-12,KXMVENFLMULTIGAMEEXTENDED,independent,1169846
2025-11-12,KXMVENFLSINGLEGAME,correlated,30085
2025-11-13,KXMVEMENTIONSSINGLE,correlated,445
2025-11-13,KXMVENBAMULTIGAMEEXTENDED,pending,5942
2025-11-13,KXMVENFLMULTIGAMEEXTENDED,correlated,1911882
2025-11-13,KXMVENFLMULTIGAMEEXTENDED,independent,1606786
2025-11-13,KXMVENFLSINGLEGAME,correlated,2863170
2025-11-14,KXMVEMENTIONSSINGLE,correlated,200
2025-11-14,KXMVENFLMULTIGAMEEXTENDED,correlated,481323
2025-11-14,KXMVENFLMULTIGAMEEXTENDED,independent,1863141
2025-11-14,KXMVENFLSINGLEGAME,correlated,77795
2025-11-15,KXMVEMENTIONSSINGLE,correlated,854
2025-11-15,KXMVENFLMULTIGAMEEXTENDED,correlated,2289420
2025-11-15,KXMVENFLMULTIGAMEEXTENDED,independent,3147767
2025-11-15,KXMVENFLSINGLEGAME,correlated,397580
2025-11-16,KXMVEMENTIONSSINGLE,correlated,17002
2025-11-16,KXMVENFLMULTIGAMEEXTENDED,correlated,6295480
2025-11-16,KXMVENFLMULTIGAMEEXTENDED,independent,9248256
2025-11-16,KXMVENFLSINGLEGAME,correlated,3218670
2025-11-17,KXMVEMENTIONSSINGLE,correlated,35554
2025-11-17,KXMVENFLMULTIGAMEEXTENDED,correlated,1865389
2025-11-17,KXMVENFLMULTIGAMEEXTENDED,independent,187
2025-11-17,KXMVENFLSINGLEGAME,correlated,2442823
2025-11-18,KXMVEMENTIONSSINGLE,correlated,2936
2025-11-18,KXMVENBASINGLEGAME,correlated,489588
2025-11-18,KXMVENFLSINGLEGAME,correlated,32094
2025-11-18,KXMVESPORTSMULTIGAMEEXTENDED,correlated,93356
2025-11-18,KXMVESPORTSMULTIGAMEEXTENDED,independent,574579
2025-11-19,KXMVEMENTIONSSINGLE,correlated,327
2025-11-19,KXMVENBASINGLEGAME,correlated,355663
2025-11-19,KXMVENFLSINGLEGAME,correlated,338742
2025-11-19,KXMVESPORTSMULTIGAMEEXTENDED,correlated,475790
2025-11-19,KXMVESPORTSMULTIGAMEEXTENDED,independent,1786114
2025-11-20,KXMVEMENTIONSSINGLE,correlated,7787
2025-11-20,KXMVENBASINGLEGAME,correlated,96740
2025-11-20,KXMVENFLSINGLEGAME,correlated,2955520
2025-11-20,KXMVESPORTSMULTIGAMEEXTENDED,correlated,1687150
2025-11-20,KXMVESPORTSMULTIGAMEEXTENDED,independent,1715429
2025-11-21,KXMVEMENTIONSSINGLE,correlated,578
2025-11-21,KXMVENBASINGLEGAME,correlated,299634
2025-11-21,KXMVENFLSINGLEGAME,correlated,83851
2025-11-21,KXMVESPORTSMULTIGAMEEXTENDED,correlated,572108
2025-11-21,KXMVESPORTSMULTIGAMEEXTENDED,independent,2515950
2025-11-21,KXNFLPREPACK,pending,67474
2025-11-22,KXMVEMENTIONSSINGLE,correlated,412
2025-11-22,KXMVENBASINGLEGAME,correlated,186934
2025-11-22,KXMVENFLSINGLEGAME,correlated,448707
2025-11-22,KXMVESPORTSMULTIGAMEEXTENDED,correlated,1692333
2025-11-22,KXMVESPORTSMULTIGAMEEXTENDED,independent,2933389
2025-11-22,KXNFLPREPACK,pending,18938
2025-11-23,KXMVEMENTIONSSINGLE,correlated,336
2025-11-23,KXMVENBASINGLEGAME,correlated,140843
2025-11-23,KXMVENFLSINGLEGAME,correlated,4078056
2025-11-23,KXMVESPORTSMULTIGAMEEXTENDED,correlated,7141926
2025-11-23,KXMVESPORTSMULTIGAMEEXTENDED,independent,9517087
2025-11-23,KXNFLPREPACK,pending,34208
2025-11-24,KXCPICOMBO,pending,1008
2025-11-24,KXEMPLOYMENTCOMBO,pending,2926
2025-11-24,KXMVEMENTIONSSINGLE,correlated,63
2025-11-24,KXMVENBASINGLEGAME,correlated,196665
2025-11-24,KXMVESPORTSMULTIGAMEEXTENDED,correlated,4425094
2025-11-24,KXMVESPORTSMULTIGAMEEXTENDED,independent,997974
2025-11-24,KXNFLPREPACK,pending,149426
2025-11-25,KXCPICOMBO,pending,5268
2025-11-25,KXEMPLOYMENTCOMBO,pending,4674
2025-11-25,KXFEDCOMBO,pending,11216
2025-11-25,KXMVENBASINGLEGAME,correlated,393348
2025-11-25,KXMVENFLSINGLEGAME,correlated,32381
2025-11-25,KXMVESPORTSMULTIGAMEEXTENDED,correlated,733013
2025-11-25,KXMVESPORTSMULTIGAMEEXTENDED,independent,1190454
2025-11-25,KXNFLPREPACK,pending,863788
2025-11-26,KXCPICOMBO,pending,170
2025-11-26,KXEMPLOYMENTCOMBO,pending,259
2025-11-26,KXFEDCOMBO,pending,8015
2025-11-26,KXMVENBASINGLEGAME,correlated,433516
2025-11-26,KXMVENFLSINGLEGAME,correlated,601280
2025-11-26,KXMVESPORTSMULTIGAMEEXTENDED,correlated,2589859
2025-11-26,KXMVESPORTSMULTIGAMEEXTENDED,independent,2775092
2025-11-26,KXNFLPREPACK,pending,1562263
2025-11-27,KXCPICOMBO,pending,1195
2025-11-27,KXEMPLOYMENTCOMBO,pending,2566
2025-11-27,KXFEDCOMBO,pending,4469
2025-11-27,KXMVEMENTIONSSINGLE,correlated,5481
2025-11-27,KXMVENBASINGLEGAME,correlated,4418
2025-11-27,KXMVENFLSINGLEGAME,correlated,8195905
2025-11-27,KXMVESPORTSMULTIGAMEEXTENDED,correlated,9019645
2025-11-27,KXMVESPORTSMULTIGAMEEXTENDED,independent,5677654
2025-11-27,KXNFLPREPACK,pending,11122626
2025-11-28,KXCPICOMBO,pending,255
2025-11-28,KXEMPLOYMENTCOMBO,pending,520
2025-11-28,KXFEDCOMBO,pending,1174
2025-11-28,KXMVEMENTIONSSINGLE,correlated,332
2025-11-28,KXMVENBASINGLEGAME,correlated,490924
2025-11-28,KXMVENFLSINGLEGAME,correlated,3714336
2025-11-28,KXMVESPORTSMULTIGAMEEXTENDED,correlated,3292343
2025-11-28,KXMVESPORTSMULTIGAMEEXTENDED,independent,4606469
2025-11-28,KXNFLPREPACK,pending,667870
2025-11-29,KXCPICOMBO,pending,34
2025-11-29,KXEMPLOYMENTCOMBO,pending,1061
2025-11-29,KXFEDCOMBO,pending,803
2025-11-29,KXMVENBASINGLEGAME,correlated,201903
2025-11-29,KXMVENFLSINGLEGAME,correlated,90740
2025-11-29,KXMVESPORTSMULTIGAMEEXTENDED,correlated,2769333
2025-11-29,KXMVESPORTSMULTIGAMEEXTENDED,independent,5239331
2025-11-29,KXNFLPREPACK,pending,316704
2025-11-30,KXCPICOMBO,pending,79
2025-11-30,KXEMPLOYMENTCOMBO,pending,1796
2025-11-30,KXFEDCOMBO,pending,3146
2025-11-30,KXMVENBASINGLEGAME,correlated,130741
2025-11-30,KXMVENFLSINGLEGAME,correlated,1180782
2025-11-30,KXMVESPORTSMULTIGAMEEXTENDED,correlated,13074028
2025-11-30,KXMVESPORTSMULTIGAMEEXTENDED,independent,14363770
2025-11-30,KXNFLPREPACK,pending,3746683
2025-12-01,KXCPICOMBO,pending,37
2025-12-01,KXEMPLOYMENTCOMBO,pending,2529
2025-12-01,KXFEDCOMBO,pending,11641
2025-12-01,KXMVENBASINGLEGAME,correlated,266766
2025-12-01,KXMVENFLSINGLEGAME,correlated,488573
2025-12-01,KXMVESPORTSMULTIGAMEEXTENDED,correlated,6666645
2025-12-01,KXMVESPORTSMULTIGAMEEXTENDED,independent,1986518
2025-12-01,KXNFLPREPACK,pending,451201
2025-12-02,KXCPICOMBO,pending,30154
2025-12-02,KXEMPLOYMENTCOMBO,pending,2292
2025-12-02,KXFEDCOMBO,pending,12566
2025-12-02,KXMVENBASINGLEGAME,correlated,417395
2025-12-02,KXMVENFLSINGLEGAME,correlated,211337
2025-12-02,KXMVESPORTSMULTIGAMEEXTENDED,correlated,1157443
2025-12-02,KXMVESPORTSMULTIGAMEEXTENDED,independent,2821131
2025-12-02,KXNFLPREPACK2ML,pending,89
2025-12-02,KXNFLPREPACK3ML,pending,13
2025-12-02,KXNFLPREPACKSGP,pending,2760
2025-12-03,KXCPICOMBO,pending,1510
2025-12-03,KXEMPLOYMENTCOMBO,pending,3026
2025-12-03,KXFEDCOMBO,pending,5079
2025-12-03,KXMVENBASINGLEGAME,correlated,314761
2025-12-03,KXMVENFLSINGLEGAME,correlated,594203
2025-12-03,KXMVESPORTSMULTIGAMEEXTENDED,correlated,1497060
2025-12-03,KXMVESPORTSMULTIGAMEEXTENDED,independent,3561883
2025-12-03,KXNFLPREPACK2ML,pending,18399
2025-12-03,KXNFLPREPACK3ML,pending,30961
2025-12-03,KXNFLPREPACKSGP,pending,40456
2025-12-04,KXCPICOMBO,pending,26186
2025-12-04,KXEMPLOYMENTCOMBO,pending,2668
2025-12-04,KXFEDCOMBO,pending,27240
2025-12-04,KXMVENBASINGLEGAME,correlated,201243
2025-12-04,KXMVENFLSINGLEGAME,correlated,4429248
2025-12-04,KXMVESPORTSMULTIGAMEEXTENDED,correlated,4398185
2025-12-04,KXMVESPORTSMULTIGAMEEXTENDED,independent,3452369
2025-12-04,KXNFLPREPACK2ML,pending,20042
2025-12-04,KXNFLPREPACK3ML,pending,24034
2025-12-04,KXNFLPREPACKSGP,pending,659657
2025-12-05,KXCPICOMBO,pending,788
2025-12-05,KXEMPLOYMENTCOMBO,pending,2116
2025-12-05,KXFEDCOMBO,pending,2983
2025-12-05,KXMVENBASINGLEGAME,correlated,520151
2025-12-05,KXMVENFLSINGLEGAME,correlated,166595
2025-12-05,KXMVESPORTSMULTIGAMEEXTENDED,correlated,2059179
2025-12-05,KXMVESPORTSMULTIGAMEEXTENDED,independent,6038723
2025-12-05,KXNFLPREPACK2ML,pending,29220
2025-12-05,KXNFLPREPACK3ML,pending,57692
2025-12-05,KXNFLPREPACKSGP,pending,79664
2025-12-06,KXCPICOMBO,pending,12725
2025-12-06,KXEMPLOYMENTCOMBO,pending,10104
2025-12-06,KXFEDCOMBO,pending,4278
2025-12-06,KXMVENBASINGLEGAME,correlated,256127
2025-12-06,KXMVENFLSINGLEGAME,correlated,482044
2025-12-06,KXMVESPORTSMULTIGAMEEXTENDED,correlated,2934624
2025-12-06,KXMVESPORTSMULTIGAMEEXTENDED,independent,4919879
2025-12-06,KXNFLPREPACK2ML,pending,41168
2025-12-06,KXNFLPREPACK3ML,pending,30722
2025-12-06,KXNFLPREPACKSGP,pending,48894
2025-12-07,KXCPICOMBO,pending,2096
2025-12-07,KXEMPLOYMENTCOMBO,pending,1497
2025-12-07,KXFEDCOMBO,pending,4987
2025-12-07,KXMVENBASINGLEGAME,correlated,230826
2025-12-07,KXMVENFLSINGLEGAME,correlated,3251717
2025-12-07,KXMVESPORTSMULTIGAMEEXTENDED,correlated,14982204
2025-12-07,KXMVESPORTSMULTIGAMEEXTENDED,independent,17611632
2025-12-07,KXNFLPREPACK2ML,pending,1310114
2025-12-07,KXNFLPREPACK3ML,pending,558196
2025-12-07,KXNFLPREPACKSGP,pending,2013230
2025-12-08,KXCPICOMBO,pending,1970
2025-12-08,KXEMPLOYMENTCOMBO,pending,3154
2025-12-08,KXFEDCOMBO,pending,26378
2025-12-08,KXMVESPORTSMULTIGAMEEXTENDED,correlated,7827244
2025-12-08,KXMVESPORTSMULTIGAMEEXTENDED,independent,801919
2025-12-08,KXNFLPREPACKSGP,pending,988520
2025-12-09,KXCPICOMBO,pending,457
2025-12-09,KXEMPLOYMENTCOMBO,pending,4086
2025-12-09,KXFEDCOMBO,pending,79724
2025-12-09,KXMVENBASINGLEGAME,correlated,653916
2025-12-09,KXMVENFLSINGLEGAME,correlated,22644
2025-12-09,KXMVESPORTSMULTIGAMEEXTENDED,correlated,1422698
2025-12-09,KXMVESPORTSMULTIGAMEEXTENDED,independent,1817939
2025-12-09,KXNFLPREPACKSGP,pending,6103
2025-12-10,KXCPICOMBO,pending,24880
2025-12-10,KXEMPLOYMENTCOMBO,pending,3218
2025-12-10,KXFEDCOMBO,pending,210126
2025-12-10,KXMVENBASINGLEGAME,correlated,1050829
2025-12-10,KXMVENFLSINGLEGAME,correlated,51326
2025-12-10,KXMVESPORTSMULTIGAMEEXTENDED,correlated,2492608
2025-12-10,KXMVESPORTSMULTIGAMEEXTENDED,independent,2410721
2025-12-10,KXNFLPREPACKSGP,pending,110310
2025-12-10,KXTXSENCOMBO,pending,235
2025-12-11,KXCPICOMBO,pending,55663
2025-12-11,KXEMPLOYMENTCOMBO,pending,12089
2025-12-11,KXFEDCOMBO,pending,363
2025-12-11,KXMVEMENTIONSSINGLE,correlated,30
2025-12-11,KXMVENBASINGLEGAME,correlated,386386
2025-12-11,KXMVENFLSINGLEGAME,correlated,4121343
2025-12-11,KXMVESPORTSMULTIGAMEEXTENDED,correlated,6628774
2025-12-11,KXMVESPORTSMULTIGAMEEXTENDED,independent,3480577
2025-12-11,KXNFLPREPACK2ML,pending,19854
2025-12-11,KXNFLPREPACK3ML,pending,30447
2025-12-11,KXNFLPREPACKSGP,pending,668472
2025-12-11,KXTXSENCOMBO,pending,577
2025-12-12,KXBALANCEPOWERCOMBO,pending,252
2025-12-12,KXBLUEWAVECOMBO,pending,301
2025-12-12,KXCPICOMBO,pending,2945
2025-12-12,KXEMPLOYMENTCOMBO,pending,35226
2025-12-12,KXFEDCOMBO,pending,501
2025-12-12,KXMVENBASINGLEGAME,correlated,696143
2025-12-12,KXMVENFLSINGLEGAME,correlated,80626
2025-12-12,KXMVESPORTSMULTIGAMEEXTENDED,correlated,3652224
2025-12-12,KXMVESPORTSMULTIGAMEEXTENDED,independent,5991155
2025-12-12,KXNFLPREPACK2ML,pending,55008
2025-12-12,KXNFLPREPACK3ML,pending,98989
2025-12-12,KXNFLPREPACKSGP,pending,148830
2025-12-12,KXTXSENCOMBO,pending,1436
2025-12-13,KXBALANCEPOWERCOMBO,pending,846
2025-12-13,KXBLUEWAVECOMBO,pending,632
2025-12-13,KXCPICOMBO,pending,927
2025-12-13,KXEMPLOYMENTCOMBO,pending,7477
2025-12-13,KXFEDCOMBO,pending,169
2025-12-13,KXMVENBASINGLEGAME,correlated,873476
2025-12-13,KXMVENFLSINGLEGAME,correlated,787985
2025-12-13,KXMVESPORTSMULTIGAMEEXTENDED,correlated,5201691
2025-12-13,KXMVESPORTSMULTIGAMEEXTENDED,independent,5935021
2025-12-13,KXNFLPREPACK2ML,pending,45104
2025-12-13,KXNFLPREPACK3ML,pending,164668
2025-12-13,KXNFLPREPACKSGP,pending,102121
2025-12-13,KXTXSENCOMBO,pending,735
2025-12-14,KXBALANCEPOWERCOMBO,pending,228
2025-12-14,KXBLUEWAVECOMBO,pending,39
2025-12-14,KXCPICOMBO,pending,5370
2025-12-14,KXEMPLOYMENTCOMBO,pending,9002
2025-12-14,KXFEDCOMBO,pending,281
2025-12-14,KXMVENBASINGLEGAME,correlated,217836
2025-12-14,KXMVENFLSINGLEGAME,correlated,6802608
2025-12-14,KXMVESPORTSMULTIGAMEEXTENDED,correlated,17025631
2025-12-14,KXMVESPORTSMULTIGAMEEXTENDED,independent,20353451
2025-12-14,KXNFLPREPACK2ML,pending,998236
2025-12-14,KXNFLPREPACK3ML,pending,1513724
2025-12-14,KXNFLPREPACKSGP,pending,2355423
2025-12-14,KXTXSENCOMBO,pending,209
2025-12-15,KXBALANCEPOWERCOMBO,pending,205
2025-12-15,KXBLUEWAVECOMBO,pending,1388
2025-12-15,KXCPICOMBO,pending,1718
2025-12-15,KXEMPLOYMENTCOMBO,pending,50886
2025-12-15,KXFEDCOMBO,pending,994
2025-12-15,KXMVENBASINGLEGAME,correlated,470480
2025-12-15,KXMVENFLSINGLEGAME,correlated,5252658
2025-12-15,KXMVESPORTSMULTIGAMEEXTENDED,correlated,5611245
2025-12-15,KXMVESPORTSMULTIGAMEEXTENDED,independent,2770373
2025-12-15,KXNFLPREPACK2ML,pending,27996
2025-12-15,KXNFLPREPACKSGP,pending,740024
2025-12-15,KXTXSENCOMBO,pending,365
2025-12-16,KXBALANCEPOWERCOMBO,pending,10395
2025-12-16,KXBLUETSUNAMICOMBO,pending,320
2025-12-16,KXBLUEWAVECOMBO,pending,275
2025-12-16,KXCPICOMBO,pending,5699
2025-12-16,KXEMPLOYMENTCOMBO,pending,176321
2025-12-16,KXFEDCOMBO,pending,1242
2025-12-16,KXMVENBASINGLEGAME,correlated,1016099
2025-12-16,KXMVENFLSINGLEGAME,correlated,415766
2025-12-16,KXMVESPORTSMULTIGAMEEXTENDED,correlated,1570377
2025-12-16,KXMVESPORTSMULTIGAMEEXTENDED,independent,2224970
2025-12-16,KXNFLPREPACK2ML,pending,1667
2025-12-16,KXNFLPREPACKSGP,pending,5767
2025-12-16,KXTXSENCOMBO,pending,438
2025-12-17,KXBALANCEPOWERCOMBO,pending,11258
2025-12-17,KXBLUETSUNAMICOMBO,pending,361
2025-12-17,KXBLUEWAVECOMBO,pending,107
2025-12-17,KXCPICOMBO,pending,23282
2025-12-17,KXEMPLOYMENTCOMBO,pending,5758
2025-12-17,KXFEDCOMBO,pending,171
2025-12-17,KXMVENBASINGLEGAME,correlated,297723
2025-12-17,KXMVENFLSINGLEGAME,correlated,646407
2025-12-17,KXMVESPORTSMULTIGAMEEXTENDED,correlated,2051192
2025-12-17,KXMVESPORTSMULTIGAMEEXTENDED,independent,2784551
2025-12-17,KXNFLPREPACK2ML,pending,66
2025-12-17,KXNFLPREPACK3ML,pending,41
2025-12-17,KXNFLPREPACKSGP,pending,78998
2025-12-17,KXTRUMPBEARCASECOMBO,pending,143
2025-12-17,KXTRUMPBULLCASECOMBO,pending,48
2025-12-17,KXTXSENCOMBO,pending,730
2025-12-18,KXBALANCEPOWERCOMBO,pending,4231
2025-12-18,KXBLUETSUNAMICOMBO,pending,373
2025-12-18,KXBLUEWAVECOMBO,pending,67
2025-12-18,KXCPICOMBO,pending,117923
2025-12-18,KXFEDCOMBO,pending,5129
2025-12-18,KXMVENBASINGLEGAME,correlated,354554
2025-12-18,KXMVENFLSINGLEGAME,correlated,7008333
2025-12-18,KXMVESPORTSMULTIGAMEEXTENDED,correlated,6941655
2025-12-18,KXMVESPORTSMULTIGAMEEXTENDED,independent,5950572
2025-12-18,KXNCAAFPREPACK3ML,pending,2213
2025-12-18,KXNCAAFPREPACKSGP,pending,734
2025-12-18,KXNFLPREPACK2ML,pending,57046
2025-12-18,KXNFLPREPACK3ML,pending,35448
2025-12-18,KXNFLPREPACKSGP,pending,519365
2025-12-18,KXTRUMPBEARCASECOMBO,pending,149
2025-12-18,KXTRUMPBULLCASECOMBO,pending,155
2025-12-18,KXTXSENCOMBO,pending,315
2025-12-19,KXBALANCEPOWERCOMBO,pending,425
2025-12-19,KXBLUETSUNAMICOMBO,pending,256
2025-12-19,KXBLUEWAVECOMBO,pending,38
2025-12-19,KXCPICOMBO,pending,4065
2025-12-19,KXFEDCOMBO,pending,5013
2025-12-19,KXMVENBASINGLEGAME,correlated,764690
2025-12-19,KXMVENFLSINGLEGAME,correlated,1095906
2025-12-19,KXMVESPORTSMULTIGAMEEXTENDED,correlated,5953847
2025-12-19,KXMVESPORTSMULTIGAMEEXTENDED,independent,7377195
2025-12-19,KXNCAAFPREPACK2ML,pending,10773
2025-12-19,KXNCAAFPREPACK3ML,pending,35734
2025-12-19,KXNCAAFPREPACK4ML,pending,14428
2025-12-19,KXNCAAFPREPACKSGP,pending,1267753
2025-12-19,KXNFLPREPACK2ML,pending,172848
2025-12-19,KXNFLPREPACK3ML,pending,65520
2025-12-19,KXNFLPREPACKSGP,pending,31920
2025-12-19,KXTRUMPBEARCASECOMBO,pending,411
2025-12-19,KXTRUMPBULLCASECOMBO,pending,496
2025-12-19,KXTXSENCOMBO,pending,1385
2025-12-20,KXBALANCEPOWERCOMBO,pending,2128
2025-12-20,KXBLUETSUNAMICOMBO,pending,235
2025-12-20,KXBLUEWAVECOMBO,pending,21
2025-12-20,KXCPICOMBO,pending,168
2025-12-20,KXEMPLOYMENTCOMBO,pending,862
2025-12-20,KXFEDCOMBO,pending,210
2025-12-20,KXMVENBASINGLEGAME,correlated,679212
2025-12-20,KXMVENFLSINGLEGAME,correlated,7640411
2025-12-20,KXMVESPORTSMULTIGAMEEXTENDED,correlated,15296541
2025-12-20,KXMVESPORTSMULTIGAMEEXTENDED,independent,11867466
2025-12-20,KXNCAAFPREPACK2ML,pending,51600
2025-12-20,KXNCAAFPREPACK3ML,pending,207254
2025-12-20,KXNCAAFPREPACK4ML,pending,23990
2025-12-20,KXNCAAFPREPACKSGP,pending,2750881
2025-12-20,KXNFLPREPACK2ML,pending,553347
2025-12-20,KXNFLPREPACK3ML,pending,162303
2025-12-20,KXNFLPREPACKSGP,pending,1269866
2025-12-20,KXTRUMPBEARCASECOMBO,pending,688
2025-12-20,KXTRUMPBULLCASECOMBO,pending,1539
2025-12-20,KXTXSENCOMBO,pending,49
2025-12-21,KXBALANCEPOWERCOMBO,pending,684
2025-12-21,KXBLUETSUNAMICOMBO,pending,170
2025-12-21,KXBLUEWAVECOMBO,pending,23
2025-12-21,KXCPICOMBO,pending,217
2025-12-21,KXEMPLOYMENTCOMBO,pending,137
2025-12-21,KXFEDCOMBO,pending,252
2025-12-21,KXMVENBASINGLEGAME,correlated,421329
2025-12-21,KXMVENFLSINGLEGAME,correlated,12154156
2025-12-21,KXMVESPORTSMULTIGAMEEXTENDED,correlated,26259649
2025-12-21,KXMVESPORTSMULTIGAMEEXTENDED,independent,26124388
2025-12-21,KXNCAAFPREPACKSGP,pending,16584
2025-12-21,KXNFLPREPACK2ML,pending,1516986
2025-12-21,KXNFLPREPACK3ML,pending,1411825
2025-12-21,KXNFLPREPACKSGP,pending,3164799
2025-12-21,KXTRUMPBEARCASECOMBO,pending,245
2025-12-21,KXTXSENCOMBO,pending,68
2025-12-22,KXBALANCEPOWERCOMBO,pending,468
2025-12-22,KXBLUETSUNAMICOMBO,pending,708
2025-12-22,KXBLUEWAVECOMBO,pending,86
2025-12-22,KXCPICOMBO,pending,14286
2025-12-22,KXEMPLOYMENTCOMBO,pending,152
2025-12-22,KXFEDCOMBO,pending,1590
2025-12-22,KXMVENBASINGLEGAME,correlated,513868
2025-12-22,KXMVENFLSINGLEGAME,correlated,9752457
2025-12-22,KXMVESPORTSMULTIGAMEEXTENDED,correlated,9905975
2025-12-22,KXMVESPORTSMULTIGAMEEXTENDED,independent,5147239
2025-12-22,KXNCAAFPREPACKSGP,pending,14521
2025-12-22,KXNFLPREPACK2ML,pending,164516
2025-12-22,KXNFLPREPACKSGP,pending,1534530
2025-12-22,KXTRUMPBEARCASECOMBO,pending,269
2025-12-22,KXTRUMPBULLCASECOMBO,pending,335
2025-12-22,KXTXSENCOMBO,pending,97
2025-12-23,KXBALANCEPOWERCOMBO,pending,120
2025-12-23,KXBLUETSUNAMICOMBO,pending,618
2025-12-23,KXBLUEWAVECOMBO,pending,30
2025-12-23,KXCPICOMBO,pending,5338
2025-12-23,KXEMPLOYMENTCOMBO,pending,277
2025-12-23,KXFEDCOMBO,pending,1427
2025-12-23,KXMULTIPREPACK,pending,14952
2025-12-23,KXMVENBASINGLEGAME,correlated,1151341
2025-12-23,KXMVENFLSINGLEGAME,correlated,499461
2025-12-23,KXMVESPORTSMULTIGAMEEXTENDED,correlated,5751084
2025-12-23,KXMVESPORTSMULTIGAMEEXTENDED,independent,10762314
2025-12-23,KXNBAPREPACK2ML,pending,19616
2025-12-23,KXNBAPREPACK3ML,pending,83006
2025-12-23,KXNCAAFPREPACKSGP,pending,31572
2025-12-23,KXNFLPREPACK2ML,pending,46747
2025-12-23,KXNFLPREPACK3ML,pending,126513
2025-12-23,KXNFLPREPACKSGP,pending,139149
2025-12-23,KXTRUMPBEARCASECOMBO,pending,629
2025-12-23,KXTRUMPBULLCASECOMBO,pending,2983
2025-12-23,KXTXSENCOMBO,pending,34
2025-12-24,KXBALANCEPOWERCOMBO,pending,220
2025-12-24,KXBLUETSUNAMICOMBO,pending,79
2025-12-24,KXBLUEWAVECOMBO,pending,48
2025-12-24,KXCPICOMBO,pending,384
2025-12-24,KXEMPLOYMENTCOMBO,pending,44
2025-12-24,KXFEDCOMBO,pending,3406
2025-12-24,KXMULTIPREPACK,pending,118407
2025-12-24,KXMVENBASINGLEGAME,correlated,286840
2025-12-24,KXMVENFLSINGLEGAME,correlated,1744530
2025-12-24,KXMVESPORTSMULTIGAMEEXTENDED,correlated,6444795
2025-12-24,KXMVESPORTSMULTIGAMEEXTENDED,independent,5913306
2025-12-24,KXNBAPREPACK2ML,pending,87128
2025-12-24,KXNBAPREPACK3ML,pending,293776
2025-12-24,KXNCAAFPREPACKSGP,pending,29392
2025-12-24,KXNFLPREPACK2ML,pending,181211
2025-12-24,KXNFLPREPACK3ML,pending,527558
2025-12-24,KXNFLPREPACKSGP,pending,177120
2025-12-24,KXTRUMPBEARCASECOMBO,pending,123
2025-12-24,KXTRUMPBULLCASECOMBO,pending,487
2025-12-24,KXTXSENCOMBO,pending,141
2025-12-25,KXBALANCEPOWERCOMBO,pending,813
2025-12-25,KXBLUETSUNAMICOMBO,pending,112
2025-12-25,KXBLUEWAVECOMBO,pending,223
2025-12-25,KXCPICOMBO,pending,239
2025-12-25,KXFEDCOMBO,pending,264
2025-12-25,KXMULTIPREPACK,pending,1150905
2025-12-25,KXMVENBASINGLEGAME,correlated,2302585
2025-12-25,KXMVENFLSINGLEGAME,correlated,14437958
2025-12-25,KXMVESPORTSMULTIGAMEEXTENDED,correlated,25260003
2025-12-25,KXMVESPORTSMULTIGAMEEXTENDED,independent,15820626
2025-12-25,KXNBAPREPACK2ML,pending,480646
2025-12-25,KXNBAPREPACK3ML,pending,551771
2025-12-25,KXNCAAFPREPACKSGP,pending,13217
2025-12-25,KXNFLPREPACK2ML,pending,646532
2025-12-25,KXNFLPREPACK3ML,pending,1609038
2025-12-25,KXNFLPREPACKSGP,pending,3408531
2025-12-25,KXTRUMPBEARCASECOMBO,pending,275
2025-12-25,KXTRUMPBULLCASECOMBO,pending,290
2025-12-25,KXTXSENCOMBO,pending,92
2025-12-26,KXBALANCEPOWERCOMBO,pending,735
2025-12-26,KXBLUETSUNAMICOMBO,pending,389
2025-12-26,KXBLUEWAVECOMBO,pending,40
2025-12-26,KXCPICOMBO,pending,133
2025-12-26,KXEMPLOYMENTCOMBO,pending,3822
2025-12-26,KXFEDCOMBO,pending,392
2025-12-26,KXMULTIPREPACK,pending,33739
2025-12-26,KXMVENBASINGLEGAME,correlated,123826
2025-12-26,KXMVENFLSINGLEGAME,correlated,945352
2025-12-26,KXMVESPORTSMULTIGAMEEXTENDED,correlated,7540899
2025-12-26,KXMVESPORTSMULTIGAMEEXTENDED,independent,8381833
2025-12-26,KXNBAPREPACK2ML,pending,1752
2025-12-26,KXNBAPREPACK3ML,pending,2209
2025-12-26,KXNCAAFPREPACKSGP,pending,68106
2025-12-26,KXNFLPREPACK2ML,pending,230810
2025-12-26,KXNFLPREPACK3ML,pending,94305
2025-12-26,KXNFLPREPACKSGP,pending,119243
2025-12-26,KXTRUMPBEARCASECOMBO,pending,19
2025-12-26,KXTRUMPBULLCASECOMBO,pending,333
2025-12-26,KXTXSENCOMBO,pending,1076
2025-12-27,KXBALANCEPOWERCOMBO,pending,140
2025-12-27,KXBLUETSUNAMICOMBO,pending,139
2025-12-27,KXBLUEWAVECOMBO,pending,46
2025-12-27,KXCPICOMBO,pending,1231
2025-12-27,KXEMPLOYMENTCOMBO,pending,1703
2025-12-27,KXFEDCOMBO,pending,4669
2025-12-27,KXMVENBASINGLEGAME,correlated,471174
2025-12-27,KXMVENFLSINGLEGAME,correlated,10292021
2025-12-27,KXMVESPORTSMULTIGAMEEXTENDED,correlated,18632997
2025-12-27,KXMVESPORTSMULTIGAMEEXTENDED,independent,11381578
2025-12-27,KXNCAAFPREPACKSGP,pending,27321
2025-12-27,KXNFLPREPACK2ML,pending,703900
2025-12-27,KXNFLPREPACK3ML,pending,142304
2025-12-27,KXNFLPREPACKSGP,pending,2254660
2025-12-27,KXTRUMPBEARCASECOMBO,pending,139
2025-12-27,KXTRUMPBULLCASECOMBO,pending,65
2025-12-27,KXTXSENCOMBO,pending,929
2025-12-28,KXBALANCEPOWERCOMBO,pending,1646
2025-12-28,KXBLUETSUNAMICOMBO,pending,337
2025-12-28,KXBLUEWAVECOMBO,pending,243
2025-12-28,KXCPICOMBO,pending,3279
2025-12-28,KXEMPLOYMENTCOMBO,pending,166
2025-12-28,KXFEDCOMBO,pending,463
2025-12-28,KXMVENBASINGLEGAME,correlated,396351
2025-12-28,KXMVENFLSINGLEGAME,correlated,15471627
2025-12-28,KXMVESPORTSMULTIGAMEEXTENDED,correlated,28812107
2025-12-28,KXMVESPORTSMULTIGAMEEXTENDED,independent,22447108
2025-12-28,KXNCAAFPREPACKSGP,pending,31188
2025-12-28,KXNFLPREPACK2ML,pending,1687011
2025-12-28,KXNFLPREPACK3ML,pending,1190594
2025-12-28,KXNFLPREPACKSGP,pending,4249373
2025-12-28,KXTRUMPBEARCASECOMBO,pending,37
2025-12-28,KXTRUMPBULLCASECOMBO,pending,593
2025-12-28,KXTXSENCOMBO,pending,549
2025-12-29,KXBALANCEPOWERCOMBO,pending,1300
2025-12-29,KXBLUETSUNAMICOMBO,pending,313
2025-12-29,KXBLUEWAVECOMBO,pending,112
2025-12-29,KXCPICOMBO,pending,1114
2025-12-29,KXEMPLOYMENTCOMBO,pending,9411
2025-12-29,KXFEDCOMBO,pending,1751
2025-12-29,KXMVENBASINGLEGAME,correlated,596789
2025-12-29,KXMVENFLSINGLEGAME,correlated,11626997
2025-12-29,KXMVESPORTSMULTIGAMEEXTENDED,correlated,9334814
2025-12-29,KXMVESPORTSMULTIGAMEEXTENDED,independent,6259625
2025-12-29,KXNCAAFPREPACKSGP,pending,46280
2025-12-29,KXNFLPREPACK2ML,pending,83871
2025-12-29,KXNFLPREPACKSGP,pending,1887825
2025-12-29,KXTRUMPBEARCASECOMBO,pending,385
2025-12-29,KXTRUMPBULLCASECOMBO,pending,129
2025-12-29,KXTXSENCOMBO,pending,131
2025-12-30,KXBALANCEPOWERCOMBO,pending,962
2025-12-30,KXBLUETSUNAMICOMBO,pending,324
2025-12-30,KXBLUEWAVECOMBO,pending,4
2025-12-30,KXCPICOMBO,pending,2024
2025-12-30,KXEMPLOYMENTCOMBO,pending,474
2025-12-30,KXFEDCOMBO,pending,2158
2025-12-30,KXMVENBASINGLEGAME,correlated,929731
2025-12-30,KXMVENFLSINGLEGAME,correlated,32274
2025-12-30,KXMVESPORTSMULTIGAMEEXTENDED,correlated,3372408
2025-12-30,KXMVESPORTSMULTIGAMEEXTENDED,independent,4078004
2025-12-30,KXNCAAFPREPACK2ML,pending,8753
2025-12-30,KXNCAAFPREPACK3ML,pending,10845
2025-12-30,KXNCAAFPREPACK4ML,pending,87504
2025-12-30,KXNCAAFPREPACKSGP,pending,135636
2025-12-30,KXNFLPREPACK2ML,pending,13837
2025-12-30,KXNFLPREPACK3ML,pending,19599
2025-12-30,KXNFLPREPACKSGP,pending,13834
2025-12-30,KXTRUMPBEARCASECOMBO,pending,191
2025-12-30,KXTRUMPBULLCASECOMBO,pending,2710
2025-12-30,KXTXSENCOMBO,pending,1096
2025-12-31,KXBALANCEPOWERCOMBO,pending,4674
2025-12-31,KXBLUETSUNAMICOMBO,pending,30
2025-12-31,KXCPICOMBO,pending,5975
2025-12-31,KXEMPLOYMENTCOMBO,pending,3549
2025-12-31,KXFEDCOMBO,pending,3306
2025-12-31,KXMVENBASINGLEGAME,correlated,1403515
2025-12-31,KXMVENFLSINGLEGAME,correlated,32485
2025-12-31,KXMVESPORTSMULTIGAMEEXTENDED,correlated,4774338
2025-12-31,KXMVESPORTSMULTIGAMEEXTENDED,independent,6238505
2025-12-31,KXNCAAFPREPACK2ML,pending,125406
2025-12-31,KXNCAAFPREPACK3ML,pending,240811
2025-12-31,KXNCAAFPREPACK4ML,pending,983748
2025-12-31,KXNCAAFPREPACKSGP,pending,2260603
2025-12-31,KXNFLPREPACK2ML,pending,25426
2025-12-31,KXNFLPREPACK3ML,pending,69794
2025-12-31,KXNFLPREPACKSGP,pending,46924
2025-12-31,KXTRUMPBEARCASECOMBO,pending,126
2025-12-31,KXTRUMPBULLCASECOMBO,pending,321
2025-12-31,KXTXSENCOMBO,pending,58
2026-01-01,KXBALANCEPOWERCOMBO,pending,18191
2026-01-01,KXBLUETSUNAMICOMBO,pending,387
2026-01-01,KXBLUEWAVECOMBO,pending,266
2026-01-01,KXCPICOMBO,pending,756
2026-01-01,KXEMPLOYMENTCOMBO,pending,1563
2026-01-01,KXFEDCOMBO,pending,3218
2026-01-01,KXMVENBASINGLEGAME,correlated,1095084
2026-01-01,KXMVENFLSINGLEGAME,correlated,810384
2026-01-01,KXMVENFLSINGLEGAME,independent,19994
2026-01-01,KXMVESPORTSMULTIGAMEEXTENDED,correlated,4016173
2026-01-01,KXMVESPORTSMULTIGAMEEXTENDED,independent,4042182
2026-01-01,KXNCAAFPREPACK2ML,pending,497521
2026-01-01,KXNCAAFPREPACK3ML,pending,714351
2026-01-01,KXNCAAFPREPACK4ML,pending,276582
2026-01-01,KXNCAAFPREPACKSGP,pending,7298342
2026-01-01,KXNFLPREPACK2ML,pending,22714
2026-01-01,KXNFLPREPACK3ML,pending,71333
2026-01-01,KXNFLPREPACKSGP,pending,56090
2026-01-01,KXTRUMPBEARCASECOMBO,pending,1848
2026-01-01,KXTRUMPBULLCASECOMBO,pending,1917
2026-01-01,KXTXSENCOMBO,pending,715
2026-01-02,KXBALANCEPOWERCOMBO,pending,1401
2026-01-02,KXBLUETSUNAMICOMBO,pending,803
2026-01-02,KXBLUEWAVECOMBO,pending,225
2026-01-02,KXCPICOMBO,pending,2303
2026-01-02,KXEMPLOYMENTCOMBO,pending,14629
2026-01-02,KXFEDCOMBO,pending,14431
2026-01-02,KXMVENBASINGLEGAME,correlated,1633424
2026-01-02,KXMVENFLSINGLEGAME,correlated,2001794
2026-01-02,KXMVENFLSINGLEGAME,independent,43376
2026-01-02,KXMVESPORTSMULTIGAMEEXTENDED,correlated,5749960
2026-01-02,KXMVESPORTSMULTIGAMEEXTENDED,independent,8202149
2026-01-02,KXNCAAFPREPACK2ML,pending,30805
2026-01-02,KXNCAAFPREPACK3ML,pending,42
2026-01-02,KXNCAAFPREPACKSGP,pending,50357
2026-01-02,KXNFLPREPACK2ML,pending,81425
2026-01-02,KXNFLPREPACK3ML,pending,211694
2026-01-02,KXNFLPREPACKSGP,pending,130902
2026-01-02,KXTRUMPBEARCASECOMBO,pending,4007
2026-01-02,KXTRUMPBULLCASECOMBO,pending,1045
2026-01-02,KXTXSENCOMBO,pending,1562
2026-01-03,KXBALANCEPOWERCOMBO,pending,4571
2026-01-03,KXBLUETSUNAMICOMBO,pending,192
2026-01-03,KXBLUEWAVECOMBO,pending,1270
2026-01-03,KXCPICOMBO,pending,3882
2026-01-03,KXEMPLOYMENTCOMBO,pending,4779
2026-01-03,KXFEDCOMBO,pending,1950
2026-01-03,KXMVENBASINGLEGAME,correlated,943877
2026-01-03,KXMVENFLSINGLEGAME,correlated,15264005
2026-01-03,KXMVENFLSINGLEGAME,independent,729228
2026-01-03,KXMVESPORTSMULTIGAMEEXTENDED,correlated,12849712
2026-01-03,KXMVESPORTSMULTIGAMEEXTENDED,independent,10735609
2026-01-03,KXNCAAFPREPACK2ML,pending,47761
2026-01-03,KXNCAAFPREPACKSGP,pending,51584
2026-01-03,KXNFLPREPACK2ML,pending,594921
2026-01-03,KXNFLPREPACK3ML,pending,656148
2026-01-03,KXNFLPREPACKSGP,pending,2826071
2026-01-03,KXTRUMPBEARCASECOMBO,pending,1851
2026-01-03,KXTRUMPBULLCASECOMBO,pending,2515
2026-01-03,KXTXSENCOMBO,pending,735
2026-01-04,KXBALANCEPOWERCOMBO,pending,2340
2026-01-04,KXBLUETSUNAMICOMBO,pending,1130
2026-01-04,KXBLUEWAVECOMBO,pending,565
2026-01-04,KXCPICOMBO,pending,1988
2026-01-04,KXEMPLOYMENTCOMBO,pending,2226
2026-01-04,KXFEDCOMBO,pending,18053
2026-01-04,KXMVENBASINGLEGAME,correlated,993537
2026-01-04,KXMVENFLSINGLEGAME,correlated,14982529
2026-01-04,KXMVESPORTSMULTIGAMEEXTENDED,correlated,14926959
2026-01-04,KXMVESPORTSMULTIGAMEEXTENDED,independent,22484156
2026-01-04,KXNCAAFPREPACK2ML,pending,29447
2026-01-04,KXNCAAFPREPACKSGP,pending,22749
2026-01-04,KXNFLPREPACK2ML,pending,631629
2026-01-04,KXNFLPREPACK3ML,pending,967541
2026-01-04,KXNFLPREPACKSGP,pending,4873557
2026-01-04,KXTRUMPBEARCASECOMBO,pending,1116
2026-01-04,KXTRUMPBULLCASECOMBO,pending,555
2026-01-04,KXTXSENCOMBO,pending,396
2026-01-05,KXBALANCEPOWERCOMBO,pending,5117
2026-01-05,KXBLUETSUNAMICOMBO,pending,346
2026-01-05,KXBLUEWAVECOMBO,pending,24
2026-01-05,KXCPICOMBO,pending,5609
2026-01-05,KXEMPLOYMENTCOMBO,pending,3051
2026-01-05,KXFEDCOMBO,pending,13012
2026-01-05,KXMVENBASINGLEGAME,correlated,1942239
2026-01-05,KXMVENFLSINGLEGAME,correlated,458944
2026-01-05,KXMVESPORTSMULTIGAMEEXTENDED,correlated,5229623
2026-01-05,KXMVESPORTSMULTIGAMEEXTENDED,independent,5200919
2026-01-05,KXNCAAFPREPACK2ML,pending,114268
2026-01-05,KXNCAAFPREPACKSGP,pending,120548
2026-01-05,KXNFLPREPACK2ML,pending,1212
2026-01-05,KXNFLPREPACK3ML,pending,1904
2026-01-05,KXNFLPREPACKSGP,pending,36021
2026-01-05,KXTRUMPBEARCASECOMBO,pending,353
2026-01-05,KXTRUMPBULLCASECOMBO,pending,313
2026-01-05,KXTXSENCOMBO,pending,278
2026-01-06,KXBALANCEPOWERCOMBO,pending,5966
2026-01-06,KXBLUETSUNAMICOMBO,pending,359
2026-01-06,KXBLUEWAVECOMBO,pending,27
2026-01-06,KXCPICOMBO,pending,2056
2026-01-06,KXEMPLOYMENTCOMBO,pending,18183
2026-01-06,KXFEDCOMBO,pending,14008
2026-01-06,KXMVENBASINGLEGAME,correlated,1566304
2026-01-06,KXMVENFLSINGLEGAME,correlated,1023535
2026-01-06,KXMVESPORTSMULTIGAMEEXTENDED,correlated,4851090
2026-01-06,KXMVESPORTSMULTIGAMEEXTENDED,independent,4299062
2026-01-06,KXNCAAFPREPACK2ML,pending,88388
2026-01-06,KXNCAAFPREPACKSGP,pending,65282
2026-01-06,KXNFLPREPACK2ML,pending,79783
2026-01-06,KXNFLPREPACK3ML,pending,167127
2026-01-06,KXNFLPREPACKSGP,pending,108795
2026-01-06,KXTRUMPBEARCASECOMBO,pending,118
2026-01-06,KXTRUMPBULLCASECOMBO,pending,846
2026-01-06,KXTXSENCOMBO,pending,116
2026-01-07,KXBALANCEPOWERCOMBO,pending,6582
2026-01-07,KXBLUETSUNAMICOMBO,pending,685
2026-01-07,KXBLUEWAVECOMBO,pending,22
2026-01-07,KXCPICOMBO,pending,659
2026-01-07,KXEMPLOYMENTCOMBO,pending,8356
2026-01-07,KXFEDCOMBO,pending,10917
2026-01-07,KXMVENBASINGLEGAME,correlated,2424844
2026-01-07,KXMVENFLSINGLEGAME,correlated,983578
2026-01-07,KXMVESPORTSMULTIGAMEEXTENDED,correlated,6292048
2026-01-07,KXMVESPORTSMULTIGAMEEXTENDED,independent,8443610
2026-01-07,KXNCAAFPREPACK2ML,pending,102046
2026-01-07,KXNCAAFPREPACKSGP,pending,204191
2026-01-07,KXNFLPREPACK2ML,pending,59412
2026-01-07,KXNFLPREPACK3ML,pending,165087
2026-01-07,KXNFLPREPACKSGP,pending,60566
2026-01-07,KXTRUMPBEARCASECOMBO,pending,921
2026-01-07,KXTRUMPBULLCASECOMBO,pending,1298
2026-01-07,KXTXSENCOMBO,pending,171
2026-01-08,KXBALANCEPOWERCOMBO,pending,15975
2026-01-08,KXBLUETSUNAMICOMBO,pending,644
2026-01-08,KXBLUEWAVECOMBO,pending,50
2026-01-08,KXCPICOMBO,pending,13395
2026-01-08,KXEMPLOYMENTCOMBO,pending,23558
2026-01-08,KXFEDCOMBO,pending,9368
2026-01-08,KXMVENBASINGLEGAME,correlated,909996
2026-01-08,KXMVENFLSINGLEGAME,correlated,1139291
2026-01-08,KXMVESPORTSMULTIGAMEEXTENDED,correlated,5166558
2026-01-08,KXMVESPORTSMULTIGAMEEXTENDED,independent,4194165
2026-01-08,KXNCAAFPREPACK2ML,pending,618345
2026-01-08,KXNCAAFPREPACKSGP,pending,5094197
2026-01-08,KXNFLPREPACK2ML,pending,66507
2026-01-08,KXNFLPREPACK3ML,pending,128080
2026-01-08,KXNFLPREPACKSGP,pending,62122
2026-01-08,KXTRUMPBEARCASECOMBO,pending,871
2026-01-08,KXTRUMPBULLCASECOMBO,pending,6242
2026-01-08,KXTXSENCOMBO,pending,565
2026-01-09,KXBALANCEPOWERCOMBO,pending,46968
2026-01-09,KXBLUETSUNAMICOMBO,pending,1092
2026-01-09,KXBLUEWAVECOMBO,pending,691
2026-01-09,KXCPICOMBO,pending,4127
2026-01-09,KXEMPLOYMENTCOMBO,pending,10888
2026-01-09,KXFEDCOMBO,pending,17374
2026-01-09,KXMVENBASINGLEGAME,correlated,1765332
2026-01-09,KXMVENFLSINGLEGAME,correlated,2628080
2026-01-09,KXMVESPORTSMULTIGAMEEXTENDED,correlated,10435456
2026-01-09,KXMVESPORTSMULTIGAMEEXTENDED,independent,8858545
2026-01-09,KXNCAAFPREPACK2ML,pending,109788
2026-01-09,KXNCAAFPREPACKSGP,pending,4900613
2026-01-09,KXNFLPREPACK2ML,pending,173254
2026-01-09,KXNFLPREPACK3ML,pending,241198
2026-01-09,KXNFLPREPACKSGP,pending,198842
2026-01-09,KXTRUMPBEARCASECOMBO,pending,788
2026-01-09,KXTRUMPBULLCASECOMBO,pending,8433
2026-01-09,KXTXSENCOMBO,pending,2395
2026-01-10,KXBALANCEPOWERCOMBO,pending,19566
2026-01-10,KXBLUETSUNAMICOMBO,pending,372
2026-01-10,KXBLUEWAVECOMBO,pending,718
2026-01-10,KXCPICOMBO,pending,3444
2026-01-10,KXFEDCOMBO,pending,9853
2026-01-10,KXMVENBASINGLEGAME,correlated,1108274
2026-01-10,KXMVENFLSINGLEGAME,correlated,19324599
2026-01-10,KXMVESPORTSMULTIGAMEEXTENDED,correlated,23800054
2026-01-10,KXMVESPORTSMULTIGAMEEXTENDED,independent,12593916
2026-01-10,KXNFLPREPACK2ML,pending,1227641
2026-01-10,KXNFLPREPACK3ML,pending,904179
2026-01-10,KXNFLPREPACKSGP,pending,5667279
2026-01-10,KXTRUMPBEARCASECOMBO,pending,786
2026-01-10,KXTRUMPBULLCASECOMBO,pending,6858
2026-01-10,KXTXSENCOMBO,pending,1153
2026-01-11,KXBALANCEPOWERCOMBO,pending,23166
2026-01-11,KXBLUETSUNAMICOMBO,pending,917
2026-01-11,KXBLUEWAVECOMBO,pending,676
2026-01-11,KXCPICOMBO,pending,5578
2026-01-11,KXFEDCOMBO,pending,9742
2026-01-11,KXLEADERCOMBOOUT,pending,511
2026-01-11,KXMVENBASINGLEGAME,correlated,848798
2026-01-11,KXMVENFLSINGLEGAME,correlated,31421191
2026-01-11,KXMVESPORTSMULTIGAMEEXTENDED,correlated,40413248
2026-01-11,KXMVESPORTSMULTIGAMEEXTENDED,independent,10116037
2026-01-11,KXNFLPREPACK2ML,pending,1098371
2026-01-11,KXNFLPREPACK3ML,pending,2316304
2026-01-11,KXNFLPREPACKSGP,pending,7926446
2026-01-11,KXTRUMPBEARCASECOMBO,pending,788
2026-01-11,KXTRUMPBULLCASECOMBO,pending,4475
2026-01-11,KXTXSENCOMBO,pending,294
2026-01-12,KXBALANCEPOWERCOMBO,pending,17264
2026-01-12,KXBLUETSUNAMICOMBO,pending,436
2026-01-12,KXBLUEWAVECOMBO,pending,588
2026-01-12,KXCPICOMBO,pending,46626
2026-01-12,KXFEDCOMBO,pending,9994
2026-01-12,KXLEADERCOMBOOUT,pending,727
2026-01-12,KXMVENBASINGLEGAME,correlated,1227851
2026-01-12,KXMVENFLSINGLEGAME,correlated,24071874
2026-01-12,KXMVENFLSINGLEGAME,independent,14136
2026-01-12,KXMVESPORTSMULTIGAMEEXTENDED,correlated,22124385
2026-01-12,KXMVESPORTSMULTIGAMEEXTENDED,independent,4770140
2026-01-12,KXNCAAFPREPACKSGP,pending,22093
2026-01-12,KXNFLPREPACKSGP,pending,3547007
2026-01-12,KXTRUMPBEARCASECOMBO,pending,1322
2026-01-12,KXTRUMPBULLCASECOMBO,pending,12005
2026-01-12,KXTXSENCOMBO,pending,305
2026-01-13,KXBALANCEPOWERCOMBO,pending,9590
2026-01-13,KXBLUETSUNAMICOMBO,pending,1004
2026-01-13,KXBLUEWAVECOMBO,pending,711
2026-01-13,KXCPICOMBO,pending,42937
2026-01-13,KXFEDCOMBO,pending,59820
2026-01-13,KXLEADERCOMBOOUT,pending,337
2026-01-13,KXMVENBASINGLEGAME,correlated,2711812
2026-01-13,KXMVENFLSINGLEGAME,correlated,2388713
2026-01-13,KXMVENFLSINGLEGAME,independent,31842
2026-01-13,KXMVESPORTSMULTIGAMEEXTENDED,correlated,13088665
2026-01-13,KXMVESPORTSMULTIGAMEEXTENDED,independent,8476920
2026-01-13,KXNCAAFPREPACKSGP,pending,175896
2026-01-13,KXNFLPREPACK2ML,pending,2440
2026-01-13,KXNFLPREPACK3ML,pending,23035
2026-01-13,KXNFLPREPACKSGP,pending,48113
2026-01-13,KXTRUMPBEARCASECOMBO,pending,1617
2026-01-13,KXTRUMPBULLCASECOMBO,pending,7324
2026-01-13,KXTXSENCOMBO,pending,3921
2026-01-14,KXBALANCEPOWERCOMBO,pending,2750
2026-01-14,KXBLUETSUNAMICOMBO,pending,767
2026-01-14,KXBLUEWAVECOMBO,pending,554
2026-01-14,KXFEDCOMBO,pending,11385
2026-01-14,KXLEADERCOMBOOUT,pending,952
2026-01-14,KXMVENBASINGLEGAME,correlated,1958825
2026-01-14,KXMVENFLSINGLEGAME,correlated,2070782
2026-01-14,KXMVENFLSINGLEGAME,independent,36679
2026-01-14,KXMVESPORTSMULTIGAMEEXTENDED,correlated,12560094
2026-01-14,KXMVESPORTSMULTIGAMEEXTENDED,independent,8090441
2026-01-14,KXNCAAFPREPACKSGP,pending,123709
2026-01-14,KXNFLPREPACK2ML,pending,170229
2026-01-14,KXNFLPREPACK3ML,pending,767871
2026-01-14,KXNFLPREPACKSGP,pending,170753
2026-01-14,KXTRUMPBEARCASECOMBO,pending,1649
2026-01-14,KXTRUMPBULLCASECOMBO,pending,5716
2026-01-14,KXTXSENCOMBO,pending,1197
2026-01-15,KXBALANCEPOWERCOMBO,pending,11494
2026-01-15,KXBLUETSUNAMICOMBO,pending,136
2026-01-15,KXBLUEWAVECOMBO,pending,2112
2026-01-15,KXFEDCOMBO,pending,5532
2026-01-15,KXLEADERCOMBOOUT,pending,1014
2026-01-15,KXMVENBASINGLEGAME,correlated,987928
2026-01-15,KXMVENFLSINGLEGAME,correlated,2228443
2026-01-15,KXMVENFLSINGLEGAME,independent,35778
2026-01-15,KXMVESPORTSMULTIGAMEEXTENDED,correlated,16360642
2026-01-15,KXMVESPORTSMULTIGAMEEXTENDED,independent,10000888
2026-01-15,KXNCAAFPREPACKSGP,pending,118051
2026-01-15,KXNFLPREPACK2ML,pending,58286
2026-01-15,KXNFLPREPACK3ML,pending,448843
2026-01-15,KXNFLPREPACKSGP,pending,205035
2026-01-15,KXTRUMPBEARCASECOMBO,pending,1833
2026-01-15,KXTRUMPBULLCASECOMBO,pending,5998
2026-01-15,KXTXSENCOMBO,pending,3049
2026-01-16,KXBALANCEPOWERCOMBO,pending,13744
2026-01-16,KXBLUETSUNAMICOMBO,pending,497
2026-01-16,KXBLUEWAVECOMBO,pending,905
2026-01-16,KXCPICOMBO,pending,10514
2026-01-16,KXFEDCOMBO,pending,7313
2026-01-16,KXLEADERCOMBOOUT,pending,292
2026-01-16,KXMVENBASINGLEGAME,correlated,256838
2026-01-16,KXMVENFLSINGLEGAME,correlated,3902517
2026-01-16,KXMVENFLSINGLEGAME,independent,82279
2026-01-16,KXMVESPORTSMULTIGAMEEXTENDED,correlated,17794112
2026-01-16,KXMVESPORTSMULTIGAMEEXTENDED,independent,9348419
2026-01-16,KXNCAAFPREPACKSGP,pending,155132
2026-01-16,KXNFLPREPACK2ML,pending,138514
2026-01-16,KXNFLPREPACK3ML,pending,889055
2026-01-16,KXNFLPREPACKSGP,pending,424406
2026-01-16,KXTRUMPBEARCASECOMBO,pending,335
2026-01-16,KXTRUMPBULLCASECOMBO,pending,6364
2026-01-16,KXTXSENCOMBO,pending,951
2026-01-17,KXBALANCEPOWERCOMBO,pending,24399
2026-01-17,KXBLUETSUNAMICOMBO,pending,2971
2026-01-17,KXBLUEWAVECOMBO,pending,663
2026-01-17,KXCPICOMBO,pending,10
2026-01-17,KXFEDCOMBO,pending,30998
2026-01-17,KXLEADERCOMBOOUT,pending,30
2026-01-17,KXMVENBASINGLEGAME,correlated,654267
2026-01-17,KXMVENFLSINGLEGAME,correlated,27777020
2026-01-17,KXMVENFLSINGLEGAME,independent,1020960
2026-01-17,KXMVESPORTSMULTIGAMEEXTENDED,correlated,51525964
2026-01-17,KXMVESPORTSMULTIGAMEEXTENDED,independent,17722955
2026-01-17,KXNCAAFPREPACKSGP,pending,111504
2026-01-17,KXNFLPREPACK2ML,pending,1061408
2026-01-17,KXNFLPREPACK3ML,pending,2443246
2026-01-17,KXNFLPREPACKSGP,pending,5455899
2026-01-17,KXTRUMPBEARCASECOMBO,pending,2047
2026-01-17,KXTRUMPBULLCASECOMBO,pending,4739
2026-01-17,KXTXSENCOMBO,pending,476
2026-01-18,KXBALANCEPOWERCOMBO,pending,10242
2026-01-18,KXBLUETSUNAMICOMBO,pending,589
2026-01-18,KXBLUEWAVECOMBO,pending,1203
2026-01-18,KXCPICOMBO,pending,36
2026-01-18,KXFEDCOMBO,pending,25091
2026-01-18,KXLEADERCOMBOOUT,pending,154
2026-01-18,KXMVENBASINGLEGAME,correlated,1614462
2026-01-18,KXMVENFLSINGLEGAME,correlated,33777723
2026-01-18,KXMVESPORTSMULTIGAMEEXTENDED,correlated,51292647
2026-01-18,KXMVESPORTSMULTIGAMEEXTENDED,independent,6504245
2026-01-18,KXNCAAFPREPACKSGP,pending,512976
2026-01-18,KXNFLPREPACK2ML,pending,644941
2026-01-18,KXNFLPREPACK3ML,pending,1215168
2026-01-18,KXNFLPREPACKSGP,pending,5653605
2026-01-18,KXPORTUGALPRESCOMBO,pending,4485
2026-01-18,KXTRUMPBEARCASECOMBO,pending,510
2026-01-18,KXTRUMPBULLCASECOMBO,pending,4907
2026-01-18,KXTXSENCOMBO,pending,1986
2026-01-19,KXBALANCEPOWERCOMBO,pending,7215
2026-01-19,KXBLUETSUNAMICOMBO,pending,253
2026-01-19,KXBLUEWAVECOMBO,pending,1631
2026-01-19,KXCPICOMBO,pending,5
2026-01-19,KXFEDCOMBO,pending,8333
2026-01-19,KXLEADERCOMBOOUT,pending,1221
2026-01-19,KXMVENBASINGLEGAME,correlated,2660473
2026-01-19,KXMVESPORTSMULTIGAMEEXTENDED,correlated,13440234
2026-01-19,KXMVESPORTSMULTIGAMEEXTENDED,independent,6283026
2026-01-19,KXNCAAFPREPACKSGP,pending,12222759
2026-01-19,KXPORTUGALPRESCOMBO,pending,118
2026-01-19,KXTRUMPBEARCASECOMBO,pending,417
2026-01-19,KXTRUMPBULLCASECOMBO,pending,7985
2026-01-19,KXTXSENCOMBO,pending,1051
2026-01-20,KXBALANCEPOWERCOMBO,pending,14023
2026-01-20,KXBLUETSUNAMICOMBO,pending,786
2026-01-20,KXBLUEWAVECOMBO,pending,1877
2026-01-20,KXCPICOMBO,pending,4231
2026-01-20,KXFEDCOMBO,pending,12711
2026-01-20,KXLEADERCOMBOOUT,pending,74
2026-01-20,KXMVENBASINGLEGAME,correlated,2071134
2026-01-20,KXMVESPORTSMULTIGAMEEXTENDED,correlated,14340176
2026-01-20,KXMVESPORTSMULTIGAMEEXTENDED,independent,9692734
2026-01-20,KXNFLPREPACK2ML,pending,584
2026-01-20,KXNFLPREPACKSGP,pending,1660
2026-01-20,KXPORTUGALPRESCOMBO,pending,7
2026-01-20,KXTRUMPBEARCASECOMBO,pending,917
2026-01-20,KXTRUMPBULLCASECOMBO,pending,9890
2026-01-20,KXTXSENCOMBO,pending,1092
2026-01-21,KXBALANCEPOWERCOMBO,pending,17974
2026-01-21,KXBLUETSUNAMICOMBO,pending,113
2026-01-21,KXBLUEWAVECOMBO,pending,298
2026-01-21,KXCPICOMBO,pending,10658
2026-01-21,KXFEDCOMBO,pending,10936
2026-01-21,KXLEADERCOMBOOUT,pending,430
2026-01-21,KXMVENBASINGLEGAME,correlated,2392129
2026-01-21,KXMVESPORTSMULTIGAMEEXTENDED,correlated,14610466
2026-01-21,KXMVESPORTSMULTIGAMEEXTENDED,independent,11205083
2026-01-21,KXNFLPREPACK1HFT,pending,3319
2026-01-21,KXNFLPREPACK2ML,pending,10815
2026-01-21,KXNFLPREPACKSGP,pending,13895
2026-01-21,KXTRUMPBEARCASECOMBO,pending,1010
2026-01-21,KXTRUMPBULLCASECOMBO,pending,19360
2026-01-21,KXTXSENCOMBO,pending,1119
2026-01-22,KXBALANCEPOWERCOMBO,pending,16671
2026-01-22,KXBLUETSUNAMICOMBO,pending,1981
2026-01-22,KXBLUEWAVECOMBO,pending,1009
2026-01-22,KXCPICOMBO,pending,11919
2026-01-22,KXFEDCOMBO,pending,21895
2026-01-22,KXLEADERCOMBOOUT,pending,535
2026-01-22,KXMVENBASINGLEGAME,correlated,2214926
2026-01-22,KXMVESPORTSMULTIGAMEEXTENDED,correlated,16044628
2026-01-22,KXMVESPORTSMULTIGAMEEXTENDED,independent,13068388
2026-01-22,KXNFLPREPACK1HFT,pending,47658
2026-01-22,KXNFLPREPACK2ML,pending,499754
2026-01-22,KXNFLPREPACKSGP,pending,65367
2026-01-22,KXPORTUGALPRESCOMBO,pending,73
2026-01-22,KXTRUMPBEARCASECOMBO,pending,1872
2026-01-22,KXTRUMPBULLCASECOMBO,pending,5396
2026-01-22,KXTXSENCOMBO,pending,3456
2026-01-23,KXBALANCEPOWERCOMBO,pending,4650
2026-01-23,KXBLUETSUNAMICOMBO,pending,1652
2026-01-23,KXBLUEWAVECOMBO,pending,576
2026-01-23,KXCPICOMBO,pending,5611
2026-01-23,KXFEDCOMBO,pending,62542
2026-01-23,KXLEADERCOMBOOUT,pending,243
2026-01-23,KXMVENBASINGLEGAME,correlated,1134803
2026-01-23,KXMVESPORTSMULTIGAMEEXTENDED,correlated,21936207
2026-01-23,KXMVESPORTSMULTIGAMEEXTENDED,independent,13131550
2026-01-23,KXNFLPREPACK1HFT,pending,73121
2026-01-23,KXNFLPREPACK2ML,pending,366848
2026-01-23,KXNFLPREPACKSGP,pending,245247
2026-01-23,KXTRUMPBEARCASECOMBO,pending,1348
2026-01-23,KXTRUMPBULLCASECOMBO,pending,2238
2026-01-23,KXTXSENCOMBO,pending,1592
2026-01-24,KXBALANCEPOWERCOMBO,pending,4955
2026-01-24,KXBLUETSUNAMICOMBO,pending,351
2026-01-24,KXBLUEWAVECOMBO,pending,696
2026-01-24,KXCPICOMBO,pending,95
2026-01-24,KXFEDCOMBO,pending,142078
2026-01-24,KXLEADERCOMBOOUT,pending,1357
2026-01-24,KXMVENBASINGLEGAME,correlated,433422
2026-01-24,KXMVESPORTSMULTIGAMEEXTENDED,correlated,31361493
2026-01-24,KXMVESPORTSMULTIGAMEEXTENDED,independent,22609789
2026-01-24,KXNFLPREPACK1HFT,pending,218247
2026-01-24,KXNFLPREPACK2ML,pending,582661
2026-01-24,KXNFLPREPACKSGP,pending,265160
2026-01-24,KXTRUMPBEARCASECOMBO,pending,652
2026-01-24,KXTRUMPBULLCASECOMBO,pending,5553
2026-01-24,KXTXSENCOMBO,pending,3044
2026-01-25,KXBALANCEPOWERCOMBO,pending,27065
2026-01-25,KXBLUETSUNAMICOMBO,pending,1145
2026-01-25,KXBLUEWAVECOMBO,pending,445
2026-01-25,KXCPICOMBO,pending,89
2026-01-25,KXFEDCOMBO,pending,112750
2026-01-25,KXLEADERCOMBOOUT,pending,1085
2026-01-25,KXMVENBASINGLEGAME,correlated,115687
2026-01-25,KXMVESPORTSMULTIGAMEEXTENDED,correlated,114553901
2026-01-25,KXMVESPORTSMULTIGAMEEXTENDED,independent,9403851
2026-01-25,KXNFLPREPACK1HFT,pending,1533097
2026-01-25,KXNFLPREPACK2ML,pending,3522510
2026-01-25,KXNFLPREPACKSGP,pending,5860078
2026-01-25,KXTRUMPBEARCASECOMBO,pending,1785
2026-01-25,KXTRUMPBULLCASECOMBO,pending,9862
2026-01-25,KXTXSENCOMBO,pending,610
2026-01-26,KXBALANCEPOWERCOMBO,pending,48067
2026-01-26,KXBLUETSUNAMICOMBO,pending,1302
2026-01-26,KXBLUEWAVECOMBO,pending,922
2026-01-26,KXCPICOMBO,pending,6326
2026-01-26,KXFEDCOMBO,pending,96584
2026-01-26,KXLEADERCOMBOOUT,pending,4716
2026-01-26,KXMVENBASINGLEGAME,correlated,29444
2026-01-26,KXMVESPORTSMULTIGAMEEXTENDED,correlated,24533410
2026-01-26,KXMVESPORTSMULTIGAMEEXTENDED,independent,10936105
2026-01-26,KXTRUMPBEARCASECOMBO,pending,662
2026-01-26,KXTRUMPBULLCASECOMBO,pending,5465
2026-01-26,KXTXSENCOMBO,pending,81
2026-01-27,KXBALANCEPOWERCOMBO,pending,17503
2026-01-27,KXBLUETSUNAMICOMBO,pending,136
2026-01-27,KXBLUEWAVECOMBO,pending,582
2026-01-27,KXCPICOMBO,pending,266
2026-01-27,KXFEDCOMBO,pending,182086
2026-01-27,KXLEADERCOMBOOUT,pending,2025
2026-01-27,KXMVENBASINGLEGAME,correlated,77758
2026-01-27,KXMVESPORTSMULTIGAMEEXTENDED,correlated,18209939
2026-01-27,KXMVESPORTSMULTIGAMEEXTENDED,independent,16459925
2026-01-27,KXNFLPREPACK1HFT,pending,3257
2026-01-27,KXNFLPREPACKSGP,pending,59543
2026-01-27,KXTRUMPBEARCASECOMBO,pending,3835
2026-01-27,KXTRUMPBULLCASECOMBO,pending,7349
2026-01-27,KXTXSENCOMBO,pending,558
2026-01-28,KXBALANCEPOWERCOMBO,pending,13296
2026-01-28,KXBLUETSUNAMICOMBO,pending,2807
2026-01-28,KXBLUEWAVECOMBO,pending,640
2026-01-28,KXCPICOMBO,pending,218
2026-01-28,KXFEDCOMBO,pending,116946
2026-01-28,KXLEADERCOMBOOUT,pending,2547
2026-01-28,KXMVESPORTSMULTIGAMEEXTENDED,correlated,19053011
2026-01-28,KXMVESPORTSMULTIGAMEEXTENDED,independent,21853547
2026-01-28,KXNFLPREPACK1HFT,pending,13952
2026-01-28,KXNFLPREPACKSGP,pending,105044
2026-01-28,KXTRUMPBEARCASECOMBO,pending,4816
2026-01-28,KXTRUMPBULLCASECOMBO,pending,3916
2026-01-28,KXTXSENCOMBO,pending,465
2026-01-29,KXBALANCEPOWERCOMBO,pending,8166
2026-01-29,KXBLUETSUNAMICOMBO,pending,3584
2026-01-29,KXBLUEWAVECOMBO,pending,947
2026-01-29,KXCPICOMBO,pending,4330
2026-01-29,KXLEADERCOMBOOUT,pending,508
2026-01-29,KXMVEGRAMMYS,correlated,6914
2026-01-29,KXMVESPORTSMULTIGAMEEXTENDED,correlated,15303922
2026-01-29,KXMVESPORTSMULTIGAMEEXTENDED,independent,19162260
2026-01-29,KXNFLPREPACK1HFT,pending,17219
2026-01-29,KXNFLPREPACKSGP,pending,86110
2026-01-29,KXTRUMPBEARCASECOMBO,pending,2971
2026-01-29,KXTRUMPBULLCASECOMBO,pending,2813
2026-01-29,KXTXSENCOMBO,pending,1114
2026-01-30,KXBALANCEPOWERCOMBO,pending,19830
2026-01-30,KXBLUETSUNAMICOMBO,pending,3544
2026-01-30,KXBLUEWAVECOMBO,pending,1355
2026-01-30,KXCPICOMBO,pending,38
2026-01-30,KXLEADERCOMBOOUT,pending,463
2026-01-30,KXMVEGRAMMYS,correlated,231822
2026-01-30,KXMVESPORTSMULTIGAMEEXTENDED,correlated,15794102
2026-01-30,KXMVESPORTSMULTIGAMEEXTENDED,independent,17824178
2026-01-30,KXNFLPREPACK1HFT,pending,24656
2026-01-30,KXNFLPREPACKSGP,pending,94051
2026-01-30,KXTRUMPBEARCASECOMBO,pending,575
2026-01-30,KXTRUMPBULLCASECOMBO,pending,3519
2026-01-30,KXTXSENCOMBO,pending,449
2026-01-31,KXBALANCEPOWERCOMBO,pending,18782
2026-01-31,KXBLUETSUNAMICOMBO,pending,7054
2026-01-31,KXBLUEWAVECOMBO,pending,504
2026-01-31,KXCPICOMBO,pending,216
2026-01-31,KXLEADERCOMBOOUT,pending,65
2026-01-31,KXMVEGRAMMYS,correlated,4439
2026-01-31,KXMVESPORTSMULTIGAMEEXTENDED,correlated,15873769
2026-01-31,KXMVESPORTSMULTIGAMEEXTENDED,independent,24887464
2026-01-31,KXNFLPREPACK1HFT,pending,41496
2026-01-31,KXNFLPREPACKSGP,pending,77106
2026-01-31,KXTRUMPBEARCASECOMBO,pending,1980
2026-01-31,KXTRUMPBULLCASECOMBO,pending,4674
2026-01-31,KXTXSENCOMBO,pending,1898
2026-02-01,KXBALANCEPOWERCOMBO,pending,53838
2026-02-01,KXBLUETSUNAMICOMBO,pending,7577
2026-02-01,KXBLUEWAVECOMBO,pending,1530
2026-02-01,KXCPICOMBO,pending,20
2026-02-01,KXLEADERCOMBOOUT,pending,1
2026-02-01,KXMVEGRAMMYS,correlated,87750
2026-02-01,KXMVESPORTSMULTIGAMEEXTENDED,correlated,18401072
2026-02-01,KXMVESPORTSMULTIGAMEEXTENDED,independent,19060889
2026-02-01,KXNFLPREPACK1HFT,pending,45328
2026-02-01,KXNFLPREPACKSGP,pending,96464
2026-02-01,KXTRUMPBEARCASECOMBO,pending,873
2026-02-01,KXTRUMPBULLCASECOMBO,pending,4188
2026-02-01,KXTXSENCOMBO,pending,5384
2026-02-02,KXBALANCEPOWERCOMBO,pending,7324
2026-02-02,KXBLUETSUNAMICOMBO,pending,4038
2026-02-02,KXBLUEWAVECOMBO,pending,221
2026-02-02,KXCPICOMBO,pending,265
2026-02-02,KXMVEGRAMMYS,correlated,362
2026-02-02,KXMVESPORTSMULTIGAMEEXTENDED,correlated,12650105
2026-02-02,KXMVESPORTSMULTIGAMEEXTENDED,independent,12644842
2026-02-02,KXNFLPREPACK1HFT,pending,77912
2026-02-02,KXNFLPREPACKSGP,pending,126600
2026-02-02,KXTRUMPBEARCASECOMBO,pending,1569
2026-02-02,KXTRUMPBULLCASECOMBO,pending,2369
2026-02-02,KXTXSENCOMBO,pending,4986
2026-02-03,KXBALANCEPOWERCOMBO,pending,12318
2026-02-03,KXBLUETSUNAMICOMBO,pending,963
2026-02-03,KXBLUEWAVECOMBO,pending,192
2026-02-03,KXCPICOMBO,pending,3487
2026-02-03,KXMVENBASINGLEGAME,correlated,51
2026-02-03,KXMVESPORTSMULTIGAMEEXTENDED,correlated,16353511
2026-02-03,KXMVESPORTSMULTIGAMEEXTENDED,independent,18610108
2026-02-03,KXNFLPREPACK1HFT,pending,100747
2026-02-03,KXNFLPREPACKSGP,pending,144333
2026-02-03,KXTRUMPBEARCASECOMBO,pending,1260
2026-02-03,KXTRUMPBULLCASECOMBO,pending,1618
2026-02-03,KXTXSENCOMBO,pending,3369
2026-02-04,KXBALANCEPOWERCOMBO,pending,6479
2026-02-04,KXBLUETSUNAMICOMBO,pending,1515
2026-02-04,KXBLUEWAVECOMBO,pending,5268
2026-02-04,KXCPICOMBO,pending,754
2026-02-04,KXMVENBASINGLEGAME,correlated,141
2026-02-04,KXMVESPORTSMULTIGAMEEXTENDED,correlated,16211520
2026-02-04,KXMVESPORTSMULTIGAMEEXTENDED,independent,23292767
2026-02-04,KXNFLPREPACK1HFT,pending,145611
2026-02-04,KXNFLPREPACKSGP,pending,173058
2026-02-04,KXTRUMPBEARCASECOMBO,pending,954
2026-02-04,KXTRUMPBULLCASECOMBO,pending,906
2026-02-04,KXTXSENCOMBO,pending,2018
2026-02-05,KXBALANCEPOWERCOMBO,pending,2670
2026-02-05,KXBLUETSUNAMICOMBO,pending,915
2026-02-05,KXBLUEWAVECOMBO,pending,2560
2026-02-05,KXCPICOMBO,pending,2206
2026-02-05,KXMVESPORTSMULTIGAMEEXTENDED,correlated,22708128
2026-02-05,KXMVESPORTSMULTIGAMEEXTENDED,independent,18778635
2026-02-05,KXNFLPREPACK1HFT,pending,229025
2026-02-05,KXNFLPREPACKSGP,pending,252380
2026-02-05,KXTRUMPBEARCASECOMBO,pending,1454
2026-02-05,KXTRUMPBULLCASECOMBO,pending,2708
2026-02-05,KXTXSENCOMBO,pending,4587
2026-02-06,KXBALANCEPOWERCOMBO,pending,3350
2026-02-06,KXBLUETSUNAMICOMBO,pending,903
2026-02-06,KXBLUEWAVECOMBO,pending,5006
2026-02-06,KXCPICOMBO,pending,565
2026-02-06,KXMVESPORTSMULTIGAMEEXTENDED,correlated,29141471
2026-02-06,KXMVESPORTSMULTIGAMEEXTENDED,independent,13640227
2026-02-06,KXNFLPREPACK1HFT,pending,425943
2026-02-06,KXNFLPREPACKSGP,pending,495598
2026-02-06,KXTRUMPBEARCASECOMBO,pending,675
2026-02-06,KXTRUMPBULLCASECOMBO,pending,8606
2026-02-06,KXTXSENCOMBO,pending,3302
2026-02-07,KXBALANCEPOWERCOMBO,pending,8984
2026-02-07,KXBLUETSUNAMICOMBO,pending,1403
2026-02-07,KXBLUEWAVECOMBO,pending,735
2026-02-07,KXCPICOMBO,pending,446
2026-02-07,KXMVESPORTSMULTIGAMEEXTENDED,correlated,41831597
2026-02-07,KXMVESPORTSMULTIGAMEEXTENDED,independent,31836900
2026-02-07,KXNFLPREPACK1HFT,pending,463349
2026-02-07,KXNFLPREPACKSGP,pending,1154208
2026-02-07,KXTRUMPBEARCASECOMBO,pending,220
2026-02-07,KXTRUMPBULLCASECOMBO,pending,13459
2026-02-07,KXTXSENCOMBO,pending,5279
2026-02-08,KXBALANCEPOWERCOMBO,pending,13194
2026-02-08,KXBLUETSUNAMICOMBO,pending,1721
2026-02-08,KXBLUEWAVECOMBO,pending,1493
2026-02-08,KXCPICOMBO,pending,129
2026-02-08,KXMVENBASINGLEGAME,correlated,360
2026-02-08,KXMVESPORTSMULTIGAMEEXTENDED,correlated,154183026
2026-02-08,KXMVESPORTSMULTIGAMEEXTENDED,independent,10475110
2026-02-08,KXNFLCOMBO,pending,11
2026-02-08,KXNFLPREPACK1HFT,pending,2928103
2026-02-08,KXNFLPREPACKSGP,pending,8506015
2026-02-08,KXTRUMPBEARCASECOMBO,pending,11803
2026-02-08,KXTRUMPBULLCASECOMBO,pending,37953
2026-02-08,KXTXSENCOMBO,pending,2693
2026-02-09,KXBALANCEPOWERCOMBO,pending,25342
2026-02-09,KXBLUETSUNAMICOMBO,pending,1493
2026-02-09,KXBLUEWAVECOMBO,pending,9619
2026-02-09,KXCPICOMBO,pending,342
2026-02-09,KXFEDCOMBO,pending,5
2026-02-09,KXMVESPORTSMULTIGAMEEXTENDED,correlated,17975538
2026-02-09,KXMVESPORTSMULTIGAMEEXTENDED,independent,28518902
2026-02-09,KXNFLCOMBO,pending,1
2026-02-09,KXTRUMPBEARCASECOMBO,pending,10460
2026-02-09,KXTRUMPBULLCASECOMBO,pending,32298
2026-02-09,KXTXSENCOMBO,pending,7470
2026-02-10,KXBALANCEPOWERCOMBO,pending,6312
2026-02-10,KXBLUETSUNAMICOMBO,pending,558
2026-02-10,KXBLUEWAVECOMBO,pending,1889
2026-02-10,KXCPICOMBO,pending,8653
2026-02-10,KXDEMSENATEPRIMARYCOMBO,pending,1632
2026-02-10,KXGOPSENATEPRIMARYCOMBO,pending,884
2026-02-10,KXLEADERCOMBOOUT,pending,63
2026-02-10,KXMVESPORTSMULTIGAMEEXTENDED,correlated,16102714
2026-02-10,KXMVESPORTSMULTIGAMEEXTENDED,independent,23823171
2026-02-10,KXNFLCOMBO,pending,224
2026-02-10,KXTRUMPBEARCASECOMBO,pending,3273
2026-02-10,KXTRUMPBULLCASECOMBO,pending,20950
2026-02-10,KXTXSENCOMBO,pending,7903
2026-02-11,KXBALANCEPOWERCOMBO,pending,14597
2026-02-11,KXBLUETSUNAMICOMBO,pending,826
2026-02-11,KXBLUEWAVECOMBO,pending,1966
2026-02-11,KXCPICOMBO,pending,5244
2026-02-11,KXDEMSENATEPRIMARYCOMBO,pending,21
2026-02-11,KXFEDCOMBO,pending,982
2026-02-11,KXGOPSENATEPRIMARYCOMBO,pending,1190
2026-02-11,KXLEADERCOMBOOUT,pending,47
2026-02-11,KXMVESPORTSMULTIGAMEEXTENDED,correlated,19623322
2026-02-11,KXMVESPORTSMULTIGAMEEXTENDED,independent,35381143
2026-02-11,KXNFLCOMBO,pending,216
2026-02-11,KXTRUMPBEARCASECOMBO,pending,1773
2026-02-11,KXTRUMPBULLCASECOMBO,pending,5730
2026-02-11,KXTXSENCOMBO,pending,1316
2026-02-12,KXBALANCEPOWERCOMBO,pending,35494
2026-02-12,KXBLUETSUNAMICOMBO,pending,496
2026-02-12,KXBLUEWAVECOMBO,pending,118
2026-02-12,KXDEMSENATEPRIMARYCOMBO,pending,75
2026-02-12,KXFEDCOMBO,pending,697
2026-02-12,KXGOPSENATEPRIMARYCOMBO,pending,82
2026-02-12,KXLEADERCOMBOOUT,pending,12
2026-02-12,KXMVENBASINGLEGAME,correlated,1
2026-02-12,KXMVESPORTSMULTIGAMEEXTENDED,correlated,10364062
2026-02-12,KXMVESPORTSMULTIGAMEEXTENDED,independent,17931015
2026-02-12,KXTRUMPBEARCASECOMBO,pending,1062
2026-02-12,KXTRUMPBULLCASECOMBO,pending,3635
2026-02-12,KXTXSENCOMBO,pending,1401
2026-02-13,KXBALANCEPOWERCOMBO,pending,26862
2026-02-13,KXBLUETSUNAMICOMBO,pending,581
2026-02-13,KXBLUEWAVECOMBO,pending,782
2026-02-13,KXDEMSENATEPRIMARYCOMBO,pending,44
2026-02-13,KXFEDCOMBO,pending,2116
2026-02-13,KXGOPSENATEPRIMARYCOMBO,pending,10
2026-02-13,KXMVESPORTSMULTIGAMEEXTENDED,correlated,1897863
2026-02-13,KXMVESPORTSMULTIGAMEEXTENDED,independent,17346522
2026-02-13,KXTRUMPBEARCASECOMBO,pending,243
2026-02-13,KXTRUMPBULLCASECOMBO,pending,1501
2026-02-13,KXTXSENCOMBO,pending,8740
2026-02-14,KXBALANCEPOWERCOMBO,pending,59966
2026-02-14,KXBLUETSUNAMICOMBO,pending,1833
2026-02-14,KXBLUEWAVECOMBO,pending,1826
2026-02-14,KXDEMSENATEPRIMARYCOMBO,pending,3117
2026-02-14,KXFEDCOMBO,pending,142
2026-02-14,KXGOPSENATEPRIMARYCOMBO,pending,93
2026-02-14,KXLEADERCOMBOOUT,pending,163
2026-02-14,KXMVESPORTSMULTIGAMEEXTENDED,correlated,2363768
2026-02-14,KXMVESPORTSMULTIGAMEEXTENDED,independent,33898524
2026-02-14,KXTRUMPBEARCASECOMBO,pending,803
2026-02-14,KXTRUMPBULLCASECOMBO,pending,6152
2026-02-14,KXTXSENCOMBO,pending,10550
2026-02-15,KXBALANCEPOWERCOMBO,pending,69778
2026-02-15,KXBLUETSUNAMICOMBO,pending,484
2026-02-15,KXBLUEWAVECOMBO,pending,894
2026-02-15,KXDEMSENATEPRIMARYCOMBO,pending,52
2026-02-15,KXFEDCOMBO,pending,803
2026-02-15,KXGOPSENATEPRIMARYCOMBO,pending,117
2026-02-15,KXMVESPORTSMULTIGAMEEXTENDED,correlated,1848106
2026-02-15,KXMVESPORTSMULTIGAMEEXTENDED,independent,18319341
2026-02-15,KXTRUMPBEARCASECOMBO,pending,943
2026-02-15,KXTRUMPBULLCASECOMBO,pending,2374
2026-02-15,KXTXSENCOMBO,pending,3071
2026-02-16,KXBALANCEPOWERCOMBO,pending,28175
2026-02-16,KXBLUETSUNAMICOMBO,pending,841
2026-02-16,KXBLUEWAVECOMBO,pending,596
2026-02-16,KXFEDCOMBO,pending,317
2026-02-16,KXGOPSENATEPRIMARYCOMBO,pending,2
2026-02-16,KXMVESPORTSMULTIGAMEEXTENDED,correlated,2205603
2026-02-16,KXMVESPORTSMULTIGAMEEXTENDED,independent,17846612
2026-02-16,KXTRUMPBEARCASECOMBO,pending,142
2026-02-16,KXTRUMPBULLCASECOMBO,pending,898
2026-02-16,KXTXSENCOMBO,pending,4243
2026-02-17,KXBALANCEPOWERCOMBO,pending,19729
2026-02-17,KXBLUETSUNAMICOMBO,pending,2950
2026-02-17,KXBLUEWAVECOMBO,pending,1071
2026-02-17,KXDEMSENATEPRIMARYCOMBO,pending,138
2026-02-17,KXFEDCOMBO,pending,287
2026-02-17,KXGOPSENATEPRIMARYCOMBO,pending,1131
2026-02-17,KXLEADERCOMBOOUT,pending,1
2026-02-17,KXMVESPORTSMULTIGAMEEXTENDED,correlated,2917651
2026-02-17,KXMVESPORTSMULTIGAMEEXTENDED,independent,31122633
2026-02-17,KXTRUMPBEARCASECOMBO,pending,598
2026-02-17,KXTRUMPBULLCASECOMBO,pending,913
2026-02-17,KXTXSENCOMBO,pending,14349
2026-02-18,KXBALANCEPOWERCOMBO,pending,12280
2026-02-18,KXBLUETSUNAMICOMBO,pending,251
2026-02-18,KXBLUEWAVECOMBO,pending,493
2026-02-18,KXDEMSENATEPRIMARYCOMBO,pending,225
2026-02-18,KXFEDCOMBO,pending,1041
2026-02-18,KXGOPSENATEPRIMARYCOMBO,pending,29
2026-02-18,KXLEADERCOMBOOUT,pending,215
2026-02-18,KXMVESPORTSMULTIGAMEEXTENDED,correlated,4384960
2026-02-18,KXMVESPORTSMULTIGAMEEXTENDED,independent,29728782
2026-02-18,KXTRUMPBEARCASECOMBO,pending,92
2026-02-18,KXTRUMPBULLCASECOMBO,pending,1001
2026-02-18,KXTRUMPKIDSSOTUCOMBO,pending,645
2026-02-18,KXTXSENCOMBO,pending,8062
2026-02-19,KXBALANCEPOWERCOMBO,pending,10159
2026-02-19,KXBLUETSUNAMICOMBO,pending,2690
2026-02-19,KXBLUEWAVECOMBO,pending,182
2026-02-19,KXDEMSENATEPRIMARYCOMBO,pending,128
2026-02-19,KXFEDCOMBO,pending,171
2026-02-19,KXLEADERCOMBOOUT,pending,67
2026-02-19,KXMVESPORTSMULTIGAMEEXTENDED,correlated,17906543
2026-02-19,KXMVESPORTSMULTIGAMEEXTENDED,independent,26128355
2026-02-19,KXTRUMPBEARCASECOMBO,pending,210
2026-02-19,KXTRUMPBULLCASECOMBO,pending,489
2026-02-19,KXTRUMPKIDSSOTUCOMBO,pending,4804
2026-02-19,KXTXSENCOMBO,pending,13941
2026-02-20,KXBALANCEPOWERCOMBO,pending,40685
2026-02-20,KXBLUETSUNAMICOMBO,pending,706
2026-02-20,KXBLUEWAVECOMBO,pending,638
2026-02-20,KXFEDCOMBO,pending,1495
2026-02-20,KXGOPSENATEPRIMARYCOMBO,pending,6
2026-02-20,KXLEADERCOMBOOUT,pending,3
2026-02-20,KXMVESPORTSMULTIGAMEEXTENDED,correlated,15597058
2026-02-20,KXMVESPORTSMULTIGAMEEXTENDED,independent,24701544
2026-02-20,KXTRUMPBEARCASECOMBO,pending,424
2026-02-20,KXTRUMPBULLCASECOMBO,pending,482
2026-02-20,KXTRUMPKIDSSOTUCOMBO,pending,2536
2026-02-20,KXTXSENCOMBO,pending,8885
2026-02-21,KXBALANCEPOWERCOMBO,pending,15979
2026-02-21,KXBLUETSUNAMICOMBO,pending,286
2026-02-21,KXBLUEWAVECOMBO,pending,147
2026-02-21,KXDEMSENATEPRIMARYCOMBO,pending,16
2026-02-21,KXFEDCOMBO,pending,56
2026-02-21,KXGOPSENATEPRIMARYCOMBO,pending,66
2026-02-21,KXLEADERCOMBOOUT,pending,3
2026-02-21,KXMVENBASINGLEGAME,correlated,50
2026-02-21,KXMVESPORTSMULTIGAMEEXTENDED,correlated,16821762
2026-02-21,KXMVESPORTSMULTIGAMEEXTENDED,independent,47122294
2026-02-21,KXTRUMPBEARCASECOMBO,pending,5151
2026-02-21,KXTRUMPBULLCASECOMBO,pending,1288
2026-02-21,KXTRUMPKIDSSOTUCOMBO,pending,1404
2026-02-21,KXTXSENCOMBO,pending,31700
2026-02-22,KXBALANCEPOWERCOMBO,pending,12425
2026-02-22,KXBLUETSUNAMICOMBO,pending,465
2026-02-22,KXBLUEWAVECOMBO,pending,221
2026-02-22,KXFEDCOMBO,pending,743
2026-02-22,KXLEADERCOMBOOUT,pending,12
2026-02-22,KXMVESPORTSMULTIGAMEEXTENDED,correlated,27471884
2026-02-22,KXMVESPORTSMULTIGAMEEXTENDED,independent,31333684
2026-02-22,KXTRUMPBEARCASECOMBO,pending,745
2026-02-22,KXTRUMPBULLCASECOMBO,pending,1143
2026-02-22,KXTRUMPKIDSSOTUCOMBO,pending,3513
2026-02-22,KXTXSENCOMBO,pending,10534
2026-02-23,KXBALANCEPOWERCOMBO,pending,19192
2026-02-23,KXBLUETSUNAMICOMBO,pending,746
2026-02-23,KXBLUEWAVECOMBO,pending,186
2026-02-23,KXDEMSENATEPRIMARYCOMBO,pending,19
2026-02-23,KXFEDCOMBO,pending,2616
2026-02-23,KXGOPSENATEPRIMARYCOMBO,pending,34
2026-02-23,KXLEADERCOMBOOUT,pending,425
2026-02-23,KXMVESPORTSMULTIGAMEEXTENDED,correlated,15728649
2026-02-23,KXMVESPORTSMULTIGAMEEXTENDED,independent,15625060
2026-02-23,KXTRUMPBEARCASECOMBO,pending,415
2026-02-23,KXTRUMPBULLCASECOMBO,pending,2801
2026-02-23,KXTRUMPKIDSSOTUCOMBO,pending,32469
2026-02-23,KXTXSENCOMBO,pending,12652
2026-02-24,KXBALANCEPOWERCOMBO,pending,48905
2026-02-24,KXBLUETSUNAMICOMBO,pending,3982
2026-02-24,KXBLUEWAVECOMBO,pending,633
2026-02-24,KXDEMSENATEPRIMARYCOMBO,pending,53
2026-02-24,KXFEDCOMBO,pending,12038
2026-02-24,KXGOPSENATEPRIMARYCOMBO,pending,16
2026-02-24,KXMVENBASINGLEGAME,correlated,293
2026-02-24,KXMVESPORTSMULTIGAMEEXTENDED,correlated,21084254
2026-02-24,KXMVESPORTSMULTIGAMEEXTENDED,independent,36779157
2026-02-24,KXTRUMPBEARCASECOMBO,pending,160
2026-02-24,KXTRUMPBULLCASECOMBO,pending,7991
2026-02-24,KXTRUMPKIDSSOTUCOMBO,pending,670132
2026-02-24,KXTXSENCOMBO,pending,31834
2026-02-25,KXBALANCEPOWERCOMBO,pending,53504
2026-02-25,KXBLUETSUNAMICOMBO,pending,1496
2026-02-25,KXBLUEWAVECOMBO,pending,751
2026-02-25,KXDEMSENATEPRIMARYCOMBO,pending,12
2026-02-25,KXFEDCOMBO,pending,21504
2026-02-25,KXGOPSENATEPRIMARYCOMBO,pending,3
2026-02-25,KXLEADERCOMBOOUT,pending,108
2026-02-25,KXMVESPORTSMULTIGAMEEXTENDED,correlated,17751514
2026-02-25,KXMVESPORTSMULTIGAMEEXTENDED,independent,32800107
2026-02-25,KXTRUMPBEARCASECOMBO,pending,997
2026-02-25,KXTRUMPBULLCASECOMBO,pending,2098
2026-02-25,KXTRUMPKIDSSOTUCOMBO,pending,151236
2026-02-25,KXTXSENCOMBO,pending,138050
2026-02-26,KXBALANCEPOWERCOMBO,pending,25927
2026-02-26,KXBLUETSUNAMICOMBO,pending,1233
2026-02-26,KXBLUEWAVECOMBO,pending,1268
2026-02-26,KXDEMSENATEPRIMARYCOMBO,pending,118
2026-02-26,KXFEDCOMBO,pending,3908
2026-02-26,KXGOPSENATEPRIMARYCOMBO,pending,106
2026-02-26,KXLEADERCOMBOOUT,pending,16
2026-02-26,KXMVESPORTSMULTIGAMEEXTENDED,correlated,18183790
2026-02-26,KXMVESPORTSMULTIGAMEEXTENDED,independent,29700792
2026-02-26,KXTRUMPBEARCASECOMBO,pending,447
2026-02-26,KXTRUMPBULLCASECOMBO,pending,922
2026-02-26,KXTXSENCOMBO,pending,142793
2026-02-27,KXBALANCEPOWERCOMBO,pending,18263
2026-02-27,KXBLUETSUNAMICOMBO,pending,1056
2026-02-27,KXBLUEWAVECOMBO,pending,734
2026-02-27,KXDEMSENATEPRIMARYCOMBO,pending,207
2026-02-27,KXFEDCOMBO,pending,3485
2026-02-27,KXGOPSENATEPRIMARYCOMBO,pending,156
2026-02-27,KXLEADERCOMBOOUT,pending,3
2026-02-27,KXMVECROSSCATEGORY,correlated,10769099
2026-02-27,KXMVECROSSCATEGORY,independent,17715686
2026-02-27,KXMVENBASINGLEGAME,correlated,322
2026-02-27,KXMVEOSCARS,correlated,2042
2026-02-27,KXMVESPORTSMULTIGAMEEXTENDED,correlated,6593372
2026-02-27,KXMVESPORTSMULTIGAMEEXTENDED,independent,5848537
2026-02-27,KXTRUMPBEARCASECOMBO,pending,112
2026-02-27,KXTRUMPBULLCASECOMBO,pending,656
2026-02-27,KXTXSENCOMBO,pending,271309
2026-02-28,KXBALANCEPOWERCOMBO,pending,38774
2026-02-28,KXBLUETSUNAMICOMBO,pending,1381
2026-02-28,KXBLUEWAVECOMBO,pending,358
2026-02-28,KXDEMSENATEPRIMARYCOMBO,pending,1683
2026-02-28,KXFEDCOMBO,pending,273
2026-02-28,KXGOPSENATEPRIMARYCOMBO,pending,136
2026-02-28,KXLEADERCOMBOOUT,pending,521
2026-02-28,KXMVECROSSCATEGORY,correlated,15806170
2026-02-28,KXMVECROSSCATEGORY,independent,45845687
2026-02-28,KXMVENBASINGLEGAME,correlated,179008
2026-02-28,KXMVEOSCARS,correlated,13611
2026-02-28,KXMVESPORTSMULTIGAMEEXTENDED,correlated,4296060
2026-02-28,KXMVESPORTSMULTIGAMEEXTENDED,independent,177479
2026-02-28,KXTRUMPBEARCASECOMBO,pending,3008
2026-02-28,KXTRUMPBULLCASECOMBO,pending,903
2026-02-28,KXTXSENCOMBO,pending,68874
2026-03-01,KXBALANCEPOWERCOMBO,pending,46245
2026-03-01,KXBLUETSUNAMICOMBO,pending,5058
2026-03-01,KXBLUEWAVECOMBO,pending,5079
2026-03-01,KXDEMSENATEPRIMARYCOMBO,pending,768
2026-03-01,KXFEDCOMBO,pending,4149
2026-03-01,KXGOPSENATEPRIMARYCOMBO,pending,267
2026-03-01,KXMVECROSSCATEGORY,correlated,23724642
2026-03-01,KXMVECROSSCATEGORY,independent,38434693
2026-03-01,KXMVENBASINGLEGAME,correlated,74049
2026-03-01,KXMVEOSCARS,correlated,16476
2026-03-01,KXMVESPORTSMULTIGAMEEXTENDED,correlated,5157011
2026-03-01,KXMVESPORTSMULTIGAMEEXTENDED,independent,23264
2026-03-01,KXTRUMPBEARCASECOMBO,pending,2235
2026-03-01,KXTRUMPBULLCASECOMBO,pending,2597
2026-03-01,KXTXSENCOMBO,pending,214855
2026-03-02,KXBALANCEPOWERCOMBO,pending,35987
2026-03-02,KXBLUETSUNAMICOMBO,pending,853
2026-03-02,KXBLUEWAVECOMBO,pending,3119
2026-03-02,KXDEMSENATEPRIMARYCOMBO,pending,439
2026-03-02,KXFEDCOMBO,pending,199
2026-03-02,KXGOPSENATEPRIMARYCOMBO,pending,274
2026-03-02,KXMVECROSSCATEGORY,correlated,12759475
2026-03-02,KXMVECROSSCATEGORY,independent,21335286
2026-03-02,KXMVENBASINGLEGAME,correlated,15
2026-03-02,KXMVEOSCARS,correlated,32947
2026-03-02,KXMVESPORTSMULTIGAMEEXTENDED,correlated,2664789
2026-03-02,KXMVESPORTSMULTIGAMEEXTENDED,independent,5013
2026-03-02,KXTRUMPBEARCASECOMBO,pending,952
2026-03-02,KXTRUMPBULLCASECOMBO,pending,1280
2026-03-02,KXTXSENCOMBO,pending,274011
2026-03-03,KXBALANCEPOWERCOMBO,pending,48269
2026-03-03,KXBLUETSUNAMICOMBO,pending,319
2026-03-03,KXBLUEWAVECOMBO,pending,609
2026-03-03,KXDEMSENATEPRIMARYCOMBO,pending,6470
2026-03-03,KXFEDCOMBO,pending,3055
2026-03-03,KXGOPSENATEPRIMARYCOMBO,pending,2101
2026-03-03,KXMVECROSSCATEGORY,correlated,18310740
2026-03-03,KXMVECROSSCATEGORY,independent,38203005
2026-03-03,KXMVEOSCARS,correlated,29264
2026-03-03,KXMVESPORTSMULTIGAMEEXTENDED,correlated,3304547
2026-03-03,KXMVESPORTSMULTIGAMEEXTENDED,independent,18271
2026-03-03,KXTRUMPBEARCASECOMBO,pending,507
2026-03-03,KXTRUMPBULLCASECOMBO,pending,2573
2026-03-03,KXTXSENCOMBO,pending,951808
2026-03-04,KXBALANCEPOWERCOMBO,pending,98830
2026-03-04,KXBLUETSUNAMICOMBO,pending,5104
2026-03-04,KXBLUEWAVECOMBO,pending,337
2026-03-04,KXDEMSENATEPRIMARYCOMBO,pending,8215
2026-03-04,KXFEDCOMBO,pending,9543
2026-03-04,KXGOPSENATEPRIMARYCOMBO,pending,1783
2026-03-04,KXMVECROSSCATEGORY,correlated,15704547
2026-03-04,KXMVECROSSCATEGORY,independent,34733289
2026-03-04,KXMVEOSCARS,correlated,22664
2026-03-04,KXMVESPORTSMULTIGAMEEXTENDED,correlated,3166181
2026-03-04,KXMVESPORTSMULTIGAMEEXTENDED,independent,9963
2026-03-04,KXTRUMPBEARCASECOMBO,pending,509
2026-03-04,KXTRUMPBULLCASECOMBO,pending,1197
2026-03-04,KXTXSENCOMBO,pending,821788
2026-03-05,KXBALANCEPOWERCOMBO,pending,43255
2026-03-05,KXBLUETSUNAMICOMBO,pending,2429
2026-03-05,KXBLUEWAVECOMBO,pending,327
2026-03-05,KXDEMSENATEPRIMARYCOMBO,pending,8302
2026-03-05,KXFEDCOMBO,pending,35539
2026-03-05,KXGOPSENATEPRIMARYCOMBO,pending,3283
2026-03-05,KXMVECROSSCATEGORY,correlated,16151197
2026-03-05,KXMVECROSSCATEGORY,independent,35243920
2026-03-05,KXMVEOSCARS,correlated,20436
2026-03-05,KXMVESPORTSMULTIGAMEEXTENDED,correlated,3099328
2026-03-05,KXMVESPORTSMULTIGAMEEXTENDED,independent,7571
2026-03-05,KXTRUMPBEARCASECOMBO,pending,281
2026-03-05,KXTRUMPBULLCASECOMBO,pending,2250
2026-03-05,KXTXSENCOMBO,pending,64411
2026-03-06,KXBALANCEPOWERCOMBO,pending,26840
2026-03-06,KXBLUETSUNAMICOMBO,pending,720
2026-03-06,KXBLUEWAVECOMBO,pending,1348
2026-03-06,KXDEMSENATEPRIMARYCOMBO,pending,4738
2026-03-06,KXFEDCOMBO,pending,24184
2026-03-06,KXGOPSENATEPRIMARYCOMBO,pending,1064
2026-03-06,KXMVECROSSCATEGORY,correlated,17675082
2026-03-06,KXMVECROSSCATEGORY,independent,36315759
2026-03-06,KXMVEOSCARS,correlated,21531
2026-03-06,KXMVESPORTSMULTIGAMEEXTENDED,correlated,3532271
2026-03-06,KXMVESPORTSMULTIGAMEEXTENDED,independent,2742
2026-03-06,KXTRUMPBEARCASECOMBO,pending,552
2026-03-06,KXTRUMPBULLCASECOMBO,pending,2124
2026-03-06,KXTXSENCOMBO,pending,94302
2026-03-07,KXBALANCEPOWERCOMBO,pending,15600
2026-03-07,KXBLUETSUNAMICOMBO,pending,226
2026-03-07,KXBLUEWAVECOMBO,pending,261
2026-03-07,KXDEMSENATEPRIMARYCOMBO,pending,4260
2026-03-07,KXFEDCOMBO,pending,7871
2026-03-07,KXGOPSENATEPRIMARYCOMBO,pending,783
2026-03-07,KXMVECROSSCATEGORY,correlated,15194221
2026-03-07,KXMVECROSSCATEGORY,independent,57975318
2026-03-07,KXMVENBASINGLEGAME,correlated,19
2026-03-07,KXMVEOSCARS,correlated,29101
2026-03-07,KXMVESPORTSMULTIGAMEEXTENDED,correlated,3499129
2026-03-07,KXMVESPORTSMULTIGAMEEXTENDED,independent,2497
2026-03-07,KXTRUMPBEARCASECOMBO,pending,667
2026-03-07,KXTRUMPBULLCASECOMBO,pending,1142
2026-03-07,KXTXSENCOMBO,pending,21338
2026-03-08,KXBALANCEPOWERCOMBO,pending,76019
2026-03-08,KXBLUETSUNAMICOMBO,pending,368
2026-03-08,KXBLUEWAVECOMBO,pending,388
2026-03-08,KXDEMSENATEPRIMARYCOMBO,pending,3372
2026-03-08,KXFEDCOMBO,pending,15668
2026-03-08,KXGOPSENATEPRIMARYCOMBO,pending,761
2026-03-08,KXMVECROSSCATEGORY,correlated,21520328
2026-03-08,KXMVECROSSCATEGORY,independent,40609326
2026-03-08,KXMVENBASINGLEGAME,correlated,43
2026-03-08,KXMVEOSCARS,correlated,48237
2026-03-08,KXMVESPORTSMULTIGAMEEXTENDED,correlated,4772736
2026-03-08,KXMVESPORTSMULTIGAMEEXTENDED,independent,2914
2026-03-08,KXTRUMPBEARCASECOMBO,pending,2548
2026-03-08,KXTRUMPBULLCASECOMBO,pending,5280
2026-03-08,KXTXSENCOMBO,pending,11843
2026-03-09,KXBALANCEPOWERCOMBO,pending,37880
2026-03-09,KXBLUETSUNAMICOMBO,pending,2787
2026-03-09,KXBLUEWAVECOMBO,pending,79
2026-03-09,KXDEMSENATEPRIMARYCOMBO,pending,5503
2026-03-09,KXFEDCOMBO,pending,6351
2026-03-09,KXGOPSENATEPRIMARYCOMBO,pending,652
2026-03-09,KXMVECROSSCATEGORY,correlated,13287008
2026-03-09,KXMVECROSSCATEGORY,independent,22680814
2026-03-09,KXMVENBASINGLEGAME,correlated,4
2026-03-09,KXMVEOSCARS,correlated,33895
2026-03-09,KXMVESPORTSMULTIGAMEEXTENDED,correlated,2819445
2026-03-09,KXMVESPORTSMULTIGAMEEXTENDED,independent,6129
2026-03-09,KXTRUMPBEARCASECOMBO,pending,1327
2026-03-09,KXTRUMPBULLCASECOMBO,pending,362
2026-03-09,KXTXSENCOMBO,pending,61846
2026-03-10,KXBALANCEPOWERCOMBO,pending,40794
2026-03-10,KXBLUETSUNAMICOMBO,pending,9088
2026-03-10,KXBLUEWAVECOMBO,pending,189
2026-03-10,KXDEMSENATEPRIMARYCOMBO,pending,2610
2026-03-10,KXFEDCOMBO,pending,27602
2026-03-10,KXGOPSENATEPRIMARYCOMBO,pending,496
2026-03-10,KXMVECROSSCATEGORY,correlated,21492236
2026-03-10,KXMVECROSSCATEGORY,independent,46274482
2026-03-10,KXMVENBASINGLEGAME,correlated,4315
2026-03-10,KXMVEOSCARS,correlated,30179
2026-03-10,KXMVESPORTSMULTIGAMEEXTENDED,correlated,3803809
2026-03-10,KXMVESPORTSMULTIGAMEEXTENDED,independent,6906
2026-03-10,KXTRUMPBEARCASECOMBO,pending,419
2026-03-10,KXTRUMPBULLCASECOMBO,pending,1100
2026-03-10,KXTXSENCOMBO,pending,32709
2026-03-11,KXBALANCEPOWERCOMBO,pending,28536
2026-03-11,KXBLUETSUNAMICOMBO,pending,354
2026-03-11,KXBLUEWAVECOMBO,pending,486
2026-03-11,KXDEMSENATEPRIMARYCOMBO,pending,4560
2026-03-11,KXFEDCOMBO,pending,19555
2026-03-11,KXGOPSENATEPRIMARYCOMBO,pending,639
2026-03-11,KXMVECROSSCATEGORY,correlated,18098301
2026-03-11,KXMVECROSSCATEGORY,independent,43160730
2026-03-11,KXMVENBASINGLEGAME,correlated,1428
2026-03-11,KXMVEOSCARS,correlated,55031
2026-03-11,KXMVESPORTSMULTIGAMEEXTENDED,correlated,3270251
2026-03-11,KXMVESPORTSMULTIGAMEEXTENDED,independent,2755
2026-03-11,KXTRUMPBEARCASECOMBO,pending,431
2026-03-11,KXTRUMPBULLCASECOMBO,pending,984
2026-03-11,KXTXSENCOMBO,pending,24298
2026-03-12,KXBALANCEPOWERCOMBO,pending,15926
2026-03-12,KXBLUETSUNAMICOMBO,pending,871
2026-03-12,KXBLUEWAVECOMBO,pending,588
2026-03-12,KXDEMSENATEPRIMARYCOMBO,pending,3261
2026-03-12,KXFEDCOMBO,pending,28852
2026-03-12,KXGOPSENATEPRIMARYCOMBO,pending,268
2026-03-12,KXMVECROSSCATEGORY,correlated,6877598
2026-03-12,KXMVECROSSCATEGORY,independent,18313482
2026-03-12,KXMVEOSCARS,correlated,47398
2026-03-12,KXMVESPORTSMULTIGAMEEXTENDED,correlated,12725057
2026-03-12,KXMVESPORTSMULTIGAMEEXTENDED,independent,23931767
2026-03-12,KXTRUMPBEARCASECOMBO,pending,1186
2026-03-12,KXTRUMPBULLCASECOMBO,pending,555
2026-03-12,KXTXSENCOMBO,pending,9877
2026-03-13,KXBALANCEPOWERCOMBO,pending,52861
2026-03-13,KXBLUETSUNAMICOMBO,pending,1066
2026-03-13,KXBLUEWAVECOMBO,pending,3025
2026-03-13,KXDEMSENATEPRIMARYCOMBO,pending,2734
2026-03-13,KXFEDCOMBO,pending,9892
2026-03-13,KXGOPSENATEPRIMARYCOMBO,pending,642
2026-03-13,KXMVECROSSCATEGORY,correlated,7737827
2026-03-13,KXMVECROSSCATEGORY,independent,15496216
2026-03-13,KXMVEOSCARS,correlated,58099
2026-03-13,KXMVESPORTSMULTIGAMEEXTENDED,correlated,15873749
2026-03-13,KXMVESPORTSMULTIGAMEEXTENDED,independent,29044552
2026-03-13,KXTRUMPBEARCASECOMBO,pending,628
2026-03-13,KXTRUMPBULLCASECOMBO,pending,3185
2026-03-13,KXTXSENCOMBO,pending,6224
2026-03-14,KXBALANCEPOWERCOMBO,pending,33086
2026-03-14,KXBLUETSUNAMICOMBO,pending,4543
2026-03-14,KXBLUEWAVECOMBO,pending,1043
2026-03-14,KXDEMSENATEPRIMARYCOMBO,pending,3875
2026-03-14,KXFEDCOMBO,pending,22794
2026-03-14,KXGOPSENATEPRIMARYCOMBO,pending,332
2026-03-14,KXMVECROSSCATEGORY,correlated,10842971
2026-03-14,KXMVECROSSCATEGORY,independent,13203802
2026-03-14,KXMVEOSCARS,correlated,120381
2026-03-14,KXMVESPORTSMULTIGAMEEXTENDED,correlated,25273539
2026-03-14,KXMVESPORTSMULTIGAMEEXTENDED,independent,22682852
2026-03-14,KXTRUMPBEARCASECOMBO,pending,1277
2026-03-14,KXTRUMPBULLCASECOMBO,pending,1268
2026-03-14,KXTXSENCOMBO,pending,20568
2026-03-15,KXBALANCEPOWERCOMBO,pending,13955
2026-03-15,KXBLUETSUNAMICOMBO,pending,292
2026-03-15,KXBLUEWAVECOMBO,pending,1266
2026-03-15,KXDEMSENATEPRIMARYCOMBO,pending,5224
2026-03-15,KXFEDCOMBO,pending,4679
2026-03-15,KXGOPSENATEPRIMARYCOMBO,pending,637
2026-03-15,KXMVECROSSCATEGORY,correlated,8522814
2026-03-15,KXMVECROSSCATEGORY,independent,8776269
2026-03-15,KXMVEOSCARS,correlated,1310951
2026-03-15,KXMVESPORTSMULTIGAMEEXTENDED,correlated,21204708
2026-03-15,KXMVESPORTSMULTIGAMEEXTENDED,independent,15371518
2026-03-15,KXTRUMPBEARCASECOMBO,pending,487
2026-03-15,KXTRUMPBULLCASECOMBO,pending,2912
2026-03-15,KXTXSENCOMBO,pending,5910
2026-03-16,KXBALANCEPOWERCOMBO,pending,23252
2026-03-16,KXBLUETSUNAMICOMBO,pending,2567
2026-03-16,KXBLUEWAVECOMBO,pending,8321
2026-03-16,KXDEMSENATEPRIMARYCOMBO,pending,9681
2026-03-16,KXFEDCOMBO,pending,33957
2026-03-16,KXGOPSENATEPRIMARYCOMBO,pending,980
2026-03-16,KXMVECBCHAMPIONSHIP,correlated,694734
2026-03-16,KXMVECROSSCATEGORY,correlated,7785592
2026-03-16,KXMVECROSSCATEGORY,independent,9664592
2026-03-16,KXMVENBASINGLEGAME,correlated,50
2026-03-16,KXMVESPORTSMULTIGAMEEXTENDED,correlated,16190230
2026-03-16,KXMVESPORTSMULTIGAMEEXTENDED,independent,17749819
2026-03-16,KXTRUMPBEARCASECOMBO,pending,682
2026-03-16,KXTRUMPBULLCASECOMBO,pending,940
2026-03-16,KXTXSENCOMBO,pending,14782
2026-03-17,KXBALANCEPOWERCOMBO,pending,19577
2026-03-17,KXBLUETSUNAMICOMBO,pending,1547
2026-03-17,KXBLUEWAVECOMBO,pending,2542
2026-03-17,KXDEMSENATEPRIMARYCOMBO,pending,9287
2026-03-17,KXFEDCOMBO,pending,8428
2026-03-17,KXGOPSENATEPRIMARYCOMBO,pending,710
2026-03-17,KXMVECBCHAMPIONSHIP,correlated,8349751
2026-03-17,KXMVECROSSCATEGORY,correlated,10245179
2026-03-17,KXMVECROSSCATEGORY,independent,14822504
2026-03-17,KXMVESPORTSMULTIGAMEEXTENDED,correlated,15061715
2026-03-17,KXMVESPORTSMULTIGAMEEXTENDED,independent,26838733
2026-03-17,KXTRUMPBEARCASECOMBO,pending,203
2026-03-17,KXTRUMPBULLCASECOMBO,pending,667
2026-03-17,KXTXSENCOMBO,pending,15454
2026-03-17,KXWBCPREPACK,pending,266943
2026-03-18,KXBALANCEPOWERCOMBO,pending,8370
2026-03-18,KXBLUETSUNAMICOMBO,pending,733
2026-03-18,KXBLUEWAVECOMBO,pending,687
2026-03-18,KXDEMSENATEPRIMARYCOMBO,pending,7342
2026-03-18,KXFEDCOMBO,pending,23169
2026-03-18,KXGOPSENATEPRIMARYCOMBO,pending,236
2026-03-18,KXMVECBCHAMPIONSHIP,correlated,10122309
2026-03-18,KXMVECROSSCATEGORY,correlated,11070543
2026-03-18,KXMVECROSSCATEGORY,independent,15678058
2026-03-18,KXMVENBASINGLEGAME,correlated,4389
2026-03-18,KXMVESPORTSMULTIGAMEEXTENDED,correlated,15253940
2026-03-18,KXMVESPORTSMULTIGAMEEXTENDED,independent,27299520
2026-03-18,KXTRUMPBEARCASECOMBO,pending,864
2026-03-18,KXTRUMPBULLCASECOMBO,pending,4000
2026-03-18,KXTXSENCOMBO,pending,9489
2026-03-19,KXBALANCEPOWERCOMBO,pending,17391
2026-03-19,KXBLUETSUNAMICOMBO,pending,2316
2026-03-19,KXBLUEWAVECOMBO,pending,1775
2026-03-19,KXDEMSENATEPRIMARYCOMBO,pending,5409
2026-03-19,KXGOPSENATEPRIMARYCOMBO,pending,1585
2026-03-19,KXMVECBCHAMPIONSHIP,correlated,14860633
2026-03-19,KXMVECROSSCATEGORY,correlated,9233095
2026-03-19,KXMVECROSSCATEGORY,independent,25009325
2026-03-19,KXMVENBASINGLEGAME,correlated,6467
2026-03-19,KXMVESPORTSMULTIGAMEEXTENDED,correlated,12143075
2026-03-19,KXMVESPORTSMULTIGAMEEXTENDED,independent,51191698
2026-03-19,KXTRUMPBEARCASECOMBO,pending,9194
2026-03-19,KXTRUMPBULLCASECOMBO,pending,1037
2026-03-19,KXTXSENCOMBO,pending,7937
2026-03-20,KXBALANCEPOWERCOMBO,pending,25116
2026-03-20,KXBLUETSUNAMICOMBO,pending,1522
2026-03-20,KXBLUEWAVECOMBO,pending,918
2026-03-20,KXDEMSENATEPRIMARYCOMBO,pending,637
2026-03-20,KXFEDCOMBO,pending,294
2026-03-20,KXGOPSENATEPRIMARYCOMBO,pending,247
2026-03-20,KXMVECBCHAMPIONSHIP,correlated,4632659
2026-03-20,KXMVECROSSCATEGORY,correlated,10474712
2026-03-20,KXMVECROSSCATEGORY,independent,24126467
2026-03-20,KXMVENBASINGLEGAME,correlated,11077
2026-03-20,KXMVESPORTSMULTIGAMEEXTENDED,correlated,15104554
2026-03-20,KXMVESPORTSMULTIGAMEEXTENDED,independent,45231884
2026-03-20,KXTRUMPBEARCASECOMBO,pending,1648
2026-03-20,KXTRUMPBULLCASECOMBO,pending,559
2026-03-20,KXTXSENCOMBO,pending,6637
2026-03-21,KXBALANCEPOWERCOMBO,pending,31929
2026-03-21,KXBLUETSUNAMICOMBO,pending,535
2026-03-21,KXBLUEWAVECOMBO,pending,290
2026-03-21,KXDEMSENATEPRIMARYCOMBO,pending,287
2026-03-21,KXGOPSENATEPRIMARYCOMBO,pending,53
2026-03-21,KXMVECBCHAMPIONSHIP,correlated,5068519
2026-03-21,KXMVECROSSCATEGORY,correlated,10572748
2026-03-21,KXMVECROSSCATEGORY,independent,28162641
2026-03-21,KXMVENBASINGLEGAME,correlated,6887
2026-03-21,KXMVESPORTSMULTIGAMEEXTENDED,correlated,13390021
2026-03-21,KXMVESPORTSMULTIGAMEEXTENDED,independent,48911177
2026-03-21,KXTRUMPBEARCASECOMBO,pending,636
2026-03-21,KXTRUMPBULLCASECOMBO,pending,2169
2026-03-21,KXTXSENCOMBO,pending,7571
2026-03-22,KXBALANCEPOWERCOMBO,pending,20014
2026-03-22,KXBLUETSUNAMICOMBO,pending,181
2026-03-22,KXBLUEWAVECOMBO,pending,161
2026-03-22,KXDEMSENATEPRIMARYCOMBO,pending,504
2026-03-22,KXGOPSENATEPRIMARYCOMBO,pending,18
2026-03-22,KXMVECBCHAMPIONSHIP,correlated,2928378
2026-03-22,KXMVECROSSCATEGORY,correlated,9556456
2026-03-22,KXMVECROSSCATEGORY,independent,23214273
2026-03-22,KXMVENBASINGLEGAME,correlated,4645
2026-03-22,KXMVESPORTSMULTIGAMEEXTENDED,correlated,13137061
2026-03-22,KXMVESPORTSMULTIGAMEEXTENDED,independent,39958258
2026-03-22,KXTRUMPBEARCASECOMBO,pending,227
2026-03-22,KXTRUMPBULLCASECOMBO,pending,1434
2026-03-22,KXTXSENCOMBO,pending,4451
2026-03-23,KXBALANCEPOWERCOMBO,pending,43449
2026-03-23,KXBLUETSUNAMICOMBO,pending,79
2026-03-23,KXBLUEWAVECOMBO,pending,46
2026-03-23,KXDEMSENATEPRIMARYCOMBO,pending,859
2026-03-23,KXFEDCOMBO,pending,97
2026-03-23,KXGOPSENATEPRIMARYCOMBO,pending,32
2026-03-23,KXMVECBCHAMPIONSHIP,correlated,1708596
2026-03-23,KXMVECROSSCATEGORY,correlated,8698411
2026-03-23,KXMVECROSSCATEGORY,independent,10940655
2026-03-23,KXMVENBASINGLEGAME,correlated,12179
2026-03-23,KXMVESPORTSMULTIGAMEEXTENDED,correlated,13136404
2026-03-23,KXMVESPORTSMULTIGAMEEXTENDED,independent,18484185
2026-03-23,KXTRUMPBEARCASECOMBO,pending,188
2026-03-23,KXTRUMPBULLCASECOMBO,pending,1127
2026-03-23,KXTXSENCOMBO,pending,13667
2026-03-24,KXBALANCEPOWERCOMBO,pending,29251
2026-03-24,KXBLUETSUNAMICOMBO,pending,78
2026-03-24,KXBLUEWAVECOMBO,pending,1112
2026-03-24,KXDEMSENATEPRIMARYCOMBO,pending,1465
2026-03-24,KXFEDCOMBO,pending,175
2026-03-24,KXGOPSENATEPRIMARYCOMBO,pending,38
2026-03-24,KXMVECBCHAMPIONSHIP,correlated,1257373
2026-03-24,KXMVECROSSCATEGORY,correlated,8209793
2026-03-24,KXMVECROSSCATEGORY,independent,9406186
2026-03-24,KXMVENBASINGLEGAME,correlated,6209
2026-03-24,KXMVESPORTSMULTIGAMEEXTENDED,correlated,11263887
2026-03-24,KXMVESPORTSMULTIGAMEEXTENDED,independent,14996792
2026-03-24,KXTRUMPBEARCASECOMBO,pending,183
2026-03-24,KXTRUMPBULLCASECOMBO,pending,1888
2026-03-24,KXTXSENCOMBO,pending,13399
2026-03-25,KXBALANCEPOWERCOMBO,pending,33424
2026-03-25,KXBLUETSUNAMICOMBO,pending,3278
2026-03-25,KXBLUEWAVECOMBO,pending,54
2026-03-25,KXDEMSENATEPRIMARYCOMBO,pending,369
2026-03-25,KXFEDCOMBO,pending,1
2026-03-25,KXGOPSENATEPRIMARYCOMBO,pending,707
2026-03-25,KXMVECBCHAMPIONSHIP,correlated,937435
2026-03-25,KXMVECROSSCATEGORY,correlated,12682963
2026-03-25,KXMVECROSSCATEGORY,independent,14181533
2026-03-25,KXMVENBASINGLEGAME,correlated,1979
2026-03-25,KXMVESPORTSMULTIGAMEEXTENDED,correlated,20931348
2026-03-25,KXMVESPORTSMULTIGAMEEXTENDED,independent,23085546
2026-03-25,KXTRUMPBEARCASECOMBO,pending,853
2026-03-25,KXTRUMPBULLCASECOMBO,pending,64
2026-03-25,KXTXSENCOMBO,pending,10745
2026-03-26,KXBALANCEPOWERCOMBO,pending,50646
2026-03-26,KXBLUETSUNAMICOMBO,pending,3325
2026-03-26,KXBLUEWAVECOMBO,pending,222
2026-03-26,KXDEMSENATEPRIMARYCOMBO,pending,83
2026-03-26,KXFEDCOMBO,pending,97
2026-03-26,KXGOPSENATEPRIMARYCOMBO,pending,256
2026-03-26,KXMVECBCHAMPIONSHIP,correlated,2233943
2026-03-26,KXMVECROSSCATEGORY,correlated,13792244
2026-03-26,KXMVECROSSCATEGORY,independent,19743029
2026-03-26,KXMVESPORTSMULTIGAMEEXTENDED,correlated,13984809
2026-03-26,KXMVESPORTSMULTIGAMEEXTENDED,independent,29471539
2026-03-26,KXTRUMPBEARCASECOMBO,pending,299
2026-03-26,KXTRUMPBULLCASECOMBO,pending,428
2026-03-26,KXTXSENCOMBO,pending,11908
2026-03-27,KXBALANCEPOWERCOMBO,pending,19763
2026-03-27,KXBLUETSUNAMICOMBO,pending,529
2026-03-27,KXBLUEWAVECOMBO,pending,7999
2026-03-27,KXDEMSENATEPRIMARYCOMBO,pending,248
2026-03-27,KXFEDCOMBO,pending,57
2026-03-27,KXGOPSENATEPRIMARYCOMBO,pending,158
2026-03-27,KXMVECBCHAMPIONSHIP,correlated,963987
2026-03-27,KXMVECROSSCATEGORY,correlated,14698347
2026-03-27,KXMVECROSSCATEGORY,independent,19595691
2026-03-27,KXMVESPORTSMULTIGAMEEXTENDED,correlated,23330303
2026-03-27,KXMVESPORTSMULTIGAMEEXTENDED,independent,30163146
2026-03-27,KXTRUMPBEARCASECOMBO,pending,610
2026-03-27,KXTRUMPBULLCASECOMBO,pending,237
2026-03-27,KXTXSENCOMBO,pending,43387
2026-03-28,KXBALANCEPOWERCOMBO,pending,10651
2026-03-28,KXBLUETSUNAMICOMBO,pending,11131
2026-03-28,KXBLUEWAVECOMBO,pending,5691
2026-03-28,KXDEMSENATEPRIMARYCOMBO,pending,39
2026-03-28,KXGOPSENATEPRIMARYCOMBO,pending,38
2026-03-28,KXMVECBCHAMPIONSHIP,correlated,597875
2026-03-28,KXMVECROSSCATEGORY,correlated,13899740
2026-03-28,KXMVECROSSCATEGORY,independent,22961474
2026-03-28,KXMVESPORTSMULTIGAMEEXTENDED,correlated,17451248
2026-03-28,KXMVESPORTSMULTIGAMEEXTENDED,independent,35591613
2026-03-28,KXTRUMPBEARCASECOMBO,pending,603
2026-03-28,KXTRUMPBULLCASECOMBO,pending,224
2026-03-28,KXTXSENCOMBO,pending,8970
2026-03-29,KXBALANCEPOWERCOMBO,pending,21551
2026-03-29,KXBLUETSUNAMICOMBO,pending,674
2026-03-29,KXBLUEWAVECOMBO,pending,80
2026-03-29,KXDEMSENATEPRIMARYCOMBO,pending,180
2026-03-29,KXFEDCOMBO,pending,44
2026-03-29,KXGOPSENATEPRIMARYCOMBO,pending,214
2026-03-29,KXMVECBCHAMPIONSHIP,correlated,131317
2026-03-29,KXMVECROSSCATEGORY,correlated,18841308
2026-03-29,KXMVECROSSCATEGORY,independent,17385837
2026-03-29,KXMVESPORTSMULTIGAMEEXTENDED,correlated,21957517
2026-03-29,KXMVESPORTSMULTIGAMEEXTENDED,independent,28847807
2026-03-29,KXTRUMPBEARCASECOMBO,pending,259
2026-03-29,KXTRUMPBULLCASECOMBO,pending,730
2026-03-29,KXTXSENCOMBO,pending,14786
2026-03-30,KXBALANCEPOWERCOMBO,pending,9016
2026-03-30,KXBLUETSUNAMICOMBO,pending,315
2026-03-30,KXBLUEWAVECOMBO,pending,177
2026-03-30,KXDEMSENATEPRIMARYCOMBO,pending,346
2026-03-30,KXFEDCOMBO,pending,39
2026-03-30,KXGOPSENATEPRIMARYCOMBO,pending,7
2026-03-30,KXMVECBCHAMPIONSHIP,correlated,4306
2026-03-30,KXMVECROSSCATEGORY,correlated,13194409
2026-03-30,KXMVECROSSCATEGORY,independent,15899275
2026-03-30,KXMVESPORTSMULTIGAMEEXTENDED,correlated,18385805
2026-03-30,KXMVESPORTSMULTIGAMEEXTENDED,independent,30361589
2026-03-30,KXTRUMPBEARCASECOMBO,pending,527
2026-03-30,KXTRUMPBULLCASECOMBO,pending,630
2026-03-30,KXTXSENCOMBO,pending,19338
2026-03-31,KXBALANCEPOWERCOMBO,pending,10031
2026-03-31,KXBLUETSUNAMICOMBO,pending,798
2026-03-31,KXBLUEWAVECOMBO,pending,171
2026-03-31,KXDEMSENATEPRIMARYCOMBO,pending,318
2026-03-31,KXFEDCOMBO,pending,7
2026-03-31,KXGOPSENATEPRIMARYCOMBO,pending,101
2026-03-31,KXMVECBCHAMPIONSHIP,correlated,3839
2026-03-31,KXMVECROSSCATEGORY,correlated,14188389
2026-03-31,KXMVECROSSCATEGORY,independent,15982810
2026-03-31,KXMVENBASINGLEGAME,correlated,1
2026-03-31,KXMVESPORTSMULTIGAMEEXTENDED,correlated,16367889
2026-03-31,KXMVESPORTSMULTIGAMEEXTENDED,independent,35469711
2026-03-31,KXTRUMPBEARCASECOMBO,pending,148
2026-03-31,KXTRUMPBULLCASECOMBO,pending,9007
2026-03-31,KXTXSENCOMBO,pending,4907
2026-04-01,KXBALANCEPOWERCOMBO,pending,15293
2026-04-01,KXBLUETSUNAMICOMBO,pending,531
2026-04-01,KXBLUEWAVECOMBO,pending,370
2026-04-01,KXDEMSENATEPRIMARYCOMBO,pending,1351
2026-04-01,KXFEDCOMBO,pending,1
2026-04-01,KXGOPSENATEPRIMARYCOMBO,pending,5
2026-04-01,KXMVECBCHAMPIONSHIP,correlated,2901
2026-04-01,KXMVECROSSCATEGORY,correlated,13424571
2026-04-01,KXMVECROSSCATEGORY,independent,18943404
2026-04-01,KXMVENBASINGLEGAME,correlated,54
2026-04-01,KXMVESPORTSMULTIGAMEEXTENDED,correlated,16892717
2026-04-01,KXMVESPORTSMULTIGAMEEXTENDED,independent,29323656
2026-04-01,KXNCAAMBSGP,pending,5002
2026-04-01,KXTRUMPBEARCASECOMBO,pending,490
2026-04-01,KXTRUMPBULLCASECOMBO,pending,742
2026-04-01,KXTXSENCOMBO,pending,6736
2026-04-02,KXBALANCEPOWERCOMBO,pending,15148
2026-04-02,KXBLUETSUNAMICOMBO,pending,156
2026-04-02,KXBLUEWAVECOMBO,pending,369
2026-04-02,KXDEMSENATEPRIMARYCOMBO,pending,55
2026-04-02,KXFEDCOMBO,pending,211
2026-04-02,KXGOPSENATEPRIMARYCOMBO,pending,1702
2026-04-02,KXMVECBCHAMPIONSHIP,correlated,1936
2026-04-02,KXMVECROSSCATEGORY,correlated,13881636
2026-04-02,KXMVECROSSCATEGORY,independent,13780224
2026-04-02,KXMVENBASINGLEGAME,correlated,71
2026-04-02,KXMVESPORTSMULTIGAMEEXTENDED,correlated,23748995
2026-04-02,KXMVESPORTSMULTIGAMEEXTENDED,independent,21633357
2026-04-02,KXNCAAMBSGP,pending,15000
2026-04-02,KXTRUMPBEARCASECOMBO,pending,72
2026-04-02,KXTRUMPBULLCASECOMBO,pending,3006
2026-04-02,KXTXSENCOMBO,pending,7186
2026-04-03,KXBALANCEPOWERCOMBO,pending,18708
2026-04-03,KXBLUETSUNAMICOMBO,pending,243
2026-04-03,KXBLUEWAVECOMBO,pending,707
2026-04-03,KXDEMSENATEPRIMARYCOMBO,pending,735
2026-04-03,KXGOPSENATEPRIMARYCOMBO,pending,45
2026-04-03,KXMVECBCHAMPIONSHIP,correlated,2719
2026-04-03,KXMVECROSSCATEGORY,correlated,12976733
2026-04-03,KXMVECROSSCATEGORY,independent,19971996
2026-04-03,KXMVENBASINGLEGAME,correlated,1
2026-04-03,KXMVESPORTSMULTIGAMEEXTENDED,correlated,25635773
2026-04-03,KXMVESPORTSMULTIGAMEEXTENDED,independent,31303686
2026-04-03,KXNCAAMBSGP,pending,24353
2026-04-03,KXTRUMPBEARCASECOMBO,pending,153
2026-04-03,KXTRUMPBULLCASECOMBO,pending,1824
2026-04-03,KXTXSENCOMBO,pending,3067
2026-04-04,KXBALANCEPOWERCOMBO,pending,13764
2026-04-04,KXBLUETSUNAMICOMBO,pending,91
2026-04-04,KXBLUEWAVECOMBO,pending,826
2026-04-04,KXDEMSENATEPRIMARYCOMBO,pending,324
2026-04-04,KXFEDCOMBO,pending,2513
2026-04-04,KXGOPSENATEPRIMARYCOMBO,pending,32
2026-04-04,KXMVECBCHAMPIONSHIP,correlated,21163
2026-04-04,KXMVECROSSCATEGORY,correlated,14591413
2026-04-04,KXMVECROSSCATEGORY,independent,25557119
2026-04-04,KXMVENBASINGLEGAME,correlated,50
2026-04-04,KXMVESPORTSMULTIGAMEEXTENDED,correlated,16429208
2026-04-04,KXMVESPORTSMULTIGAMEEXTENDED,independent,43475276
2026-04-04,KXNCAAMBSGP,pending,857523
2026-04-04,KXTRUMPBEARCASECOMBO,pending,80
2026-04-04,KXTRUMPBULLCASECOMBO,pending,3031
2026-04-04,KXTXSENCOMBO,pending,1641
2026-04-05,KXBALANCEPOWERCOMBO,pending,10964
2026-04-05,KXBLUETSUNAMICOMBO,pending,99
2026-04-05,KXBLUEWAVECOMBO,pending,157
2026-04-05,KXDEMSENATEPRIMARYCOMBO,pending,278
2026-04-05,KXFEDCOMBO,pending,481
2026-04-05,KXGOPSENATEPRIMARYCOMBO,pending,28
2026-04-05,KXMVECBCHAMPIONSHIP,correlated,583
2026-04-05,KXMVECROSSCATEGORY,correlated,15384468
2026-04-05,KXMVECROSSCATEGORY,independent,21173638
2026-04-05,KXMVESPORTSMULTIGAMEEXTENDED,correlated,19169515
2026-04-05,KXMVESPORTSMULTIGAMEEXTENDED,independent,36564944
2026-04-05,KXNCAAMBSGP,pending,49093
2026-04-05,KXTRUMPBEARCASECOMBO,pending,371
2026-04-05,KXTRUMPBULLCASECOMBO,pending,1897
2026-04-05,KXTXSENCOMBO,pending,4482
2026-04-06,KXBALANCEPOWERCOMBO,pending,15124
2026-04-06,KXBLUETSUNAMICOMBO,pending,323
2026-04-06,KXBLUEWAVECOMBO,pending,493
2026-04-06,KXDEMSENATEPRIMARYCOMBO,pending,428
2026-04-06,KXFEDCOMBO,pending,365
2026-04-06,KXGOPSENATEPRIMARYCOMBO,pending,17
2026-04-06,KXMVECBCHAMPIONSHIP,correlated,1727
2026-04-06,KXMVECROSSCATEGORY,correlated,12692240
2026-04-06,KXMVECROSSCATEGORY,independent,18373298
2026-04-06,KXMVESPORTSMULTIGAMEEXTENDED,correlated,16716848
2026-04-06,KXMVESPORTSMULTIGAMEEXTENDED,independent,29596678
2026-04-06,KXNCAAMBSGP,pending,2943158
2026-04-06,KXTRUMPBEARCASECOMBO,pending,251
2026-04-06,KXTRUMPBULLCASECOMBO,pending,790
2026-04-06,KXTXSENCOMBO,pending,1782
2026-04-07,KXBALANCEPOWERCOMBO,pending,12169
2026-04-07,KXBLUETSUNAMICOMBO,pending,1261
2026-04-07,KXBLUEWAVECOMBO,pending,226
2026-04-07,KXDEMSENATEPRIMARYCOMBO,pending,176
2026-04-07,KXGOPSENATEPRIMARYCOMBO,pending,25
2026-04-07,KXMVECROSSCATEGORY,correlated,25369352
2026-04-07,KXMVECROSSCATEGORY,independent,22310551
2026-04-07,KXMVESPORTSMULTIGAMEEXTENDED,correlated,23425764
2026-04-07,KXMVESPORTSMULTIGAMEEXTENDED,independent,39215956
2026-04-07,KXTRUMPBEARCASECOMBO,pending,301
2026-04-07,KXTRUMPBULLCASECOMBO,pending,439
2026-04-07,KXTXSENCOMBO,pending,3115
2026-04-08,KXBALANCEPOWERCOMBO,pending,14861
2026-04-08,KXBLUETSUNAMICOMBO,pending,410
2026-04-08,KXBLUEWAVECOMBO,pending,173
2026-04-08,KXDEMSENATEPRIMARYCOMBO,pending,74
2026-04-08,KXFEDCOMBO,pending,400
2026-04-08,KXGOPSENATEPRIMARYCOMBO,pending,69
2026-04-08,KXMVECROSSCATEGORY,correlated,15713086
2026-04-08,KXMVECROSSCATEGORY,independent,21611465
2026-04-08,KXMVESPORTSMULTIGAMEEXTENDED,correlated,25997553
2026-04-08,KXMVESPORTSMULTIGAMEEXTENDED,independent,36112594
2026-04-08,KXTRUMPBEARCASECOMBO,pending,104
2026-04-08,KXTRUMPBULLCASECOMBO,pending,699
2026-04-08,KXTXSENCOMBO,pending,3799
2026-04-09,KXBALANCEPOWERCOMBO,pending,16469
2026-04-09,KXBLUETSUNAMICOMBO,pending,1812
2026-04-09,KXBLUEWAVECOMBO,pending,237
2026-04-09,KXDEMSENATEPRIMARYCOMBO,pending,176
2026-04-09,KXFEDCOMBO,pending,67
2026-04-09,KXGOPSENATEPRIMARYCOMBO,pending,11
2026-04-09,KXMVECROSSCATEGORY,correlated,18084497
2026-04-09,KXMVECROSSCATEGORY,independent,18208360
2026-04-09,KXMVESPORTSMULTIGAMEEXTENDED,correlated,21908821
2026-04-09,KXMVESPORTSMULTIGAMEEXTENDED,independent,27737304
2026-04-09,KXTRUMPBEARCASECOMBO,pending,72
2026-04-09,KXTRUMPBULLCASECOMBO,pending,113
2026-04-09,KXTXSENCOMBO,pending,1968
2026-04-10,KXBALANCEPOWERCOMBO,pending,19570
2026-04-10,KXBLUETSUNAMICOMBO,pending,2376
2026-04-10,KXBLUEWAVECOMBO,pending,1211
2026-04-10,KXDEMSENATEPRIMARYCOMBO,pending,217
2026-04-10,KXFEDCOMBO,pending,463
2026-04-10,KXGOPSENATEPRIMARYCOMBO,pending,2
2026-04-10,KXMVECROSSCATEGORY,correlated,16042390
2026-04-10,KXMVECROSSCATEGORY,independent,31319577
2026-04-10,KXMVENBASINGLEGAME,correlated,13
2026-04-10,KXMVESPORTSMULTIGAMEEXTENDED,correlated,24396776
2026-04-10,KXMVESPORTSMULTIGAMEEXTENDED,independent,57619885
2026-04-10,KXTRUMPBEARCASECOMBO,pending,1022
2026-04-10,KXTRUMPBULLCASECOMBO,pending,230
2026-04-10,KXTXSENCOMBO,pending,5630
2026-04-11,KXBALANCEPOWERCOMBO,pending,20974
2026-04-11,KXBLUETSUNAMICOMBO,pending,625
2026-04-11,KXBLUEWAVECOMBO,pending,13
2026-04-11,KXDEMSENATEPRIMARYCOMBO,pending,236
2026-04-11,KXFEDCOMBO,pending,114
2026-04-11,KXGOPSENATEPRIMARYCOMBO,pending,7
2026-04-11,KXMVECROSSCATEGORY,correlated,7243699
2026-04-11,KXMVECROSSCATEGORY,independent,27799833
2026-04-11,KXMVESPORTSMULTIGAMEEXTENDED,correlated,9667851
2026-04-11,KXMVESPORTSMULTIGAMEEXTENDED,independent,50878567
2026-04-11,KXTRUMPBEARCASECOMBO,pending,222
2026-04-11,KXTRUMPBULLCASECOMBO,pending,486
2026-04-11,KXTXSENCOMBO,pending,1453
2026-04-12,KXBALANCEPOWERCOMBO,pending,30081
2026-04-12,KXBLUETSUNAMICOMBO,pending,1934
2026-04-12,KXBLUEWAVECOMBO,pending,54
2026-04-12,KXDEMSENATEPRIMARYCOMBO,pending,36
2026-04-12,KXFEDCOMBO,pending,142
2026-04-12,KXGOPSENATEPRIMARYCOMBO,pending,45
2026-04-12,KXMVECROSSCATEGORY,correlated,9204180
2026-04-12,KXMVECROSSCATEGORY,independent,27234824
2026-04-12,KXMVENBASINGLEGAME,correlated,17
2026-04-12,KXMVESPORTSMULTIGAMEEXTENDED,correlated,12853423
2026-04-12,KXMVESPORTSMULTIGAMEEXTENDED,independent,49323058
2026-04-12,KXTRUMPBEARCASECOMBO,pending,85
2026-04-12,KXTRUMPBULLCASECOMBO,pending,636
2026-04-12,KXTXSENCOMBO,pending,2293
2026-04-13,KXBALANCEPOWERCOMBO,pending,39261
2026-04-13,KXBLUETSUNAMICOMBO,pending,772
2026-04-13,KXBLUEWAVECOMBO,pending,2565
2026-04-13,KXDEMSENATEPRIMARYCOMBO,pending,147
2026-04-13,KXFEDCOMBO,pending,1077
2026-04-13,KXGOPSENATEPRIMARYCOMBO,pending,114
2026-04-13,KXLEAVEHOUSECOMBO,pending,6823
2026-04-13,KXMVECROSSCATEGORY,correlated,6550456
2026-04-13,KXMVECROSSCATEGORY,independent,17841409
2026-04-13,KXMVESPORTSMULTIGAMEEXTENDED,correlated,11995860
2026-04-13,KXMVESPORTSMULTIGAMEEXTENDED,independent,28795641
2026-04-13,KXTRUMPBEARCASECOMBO,pending,563
2026-04-13,KXTRUMPBULLCASECOMBO,pending,127
2026-04-13,KXTXSENCOMBO,pending,1674
2026-04-14,KXBALANCEPOWERCOMBO,pending,51496
2026-04-14,KXBLUETSUNAMICOMBO,pending,1617
2026-04-14,KXBLUEWAVECOMBO,pending,4843
2026-04-14,KXDEMSENATEPRIMARYCOMBO,pending,13
2026-04-14,KXGOPSENATEPRIMARYCOMBO,pending,25
2026-04-14,KXLEAVEHOUSECOMBO,pending,13757
2026-04-14,KXMVECROSSCATEGORY,correlated,16412443
2026-04-14,KXMVECROSSCATEGORY,independent,24024239
2026-04-14,KXMVESPORTSMULTIGAMEEXTENDED,correlated,20499014
2026-04-14,KXMVESPORTSMULTIGAMEEXTENDED,independent,39167914
2026-04-14,KXTRUMPBEARCASECOMBO,pending,1524
2026-04-14,KXTRUMPBULLCASECOMBO,pending,176
2026-04-14,KXTXSENCOMBO,pending,5475
2026-04-15,KXBALANCEPOWERCOMBO,pending,115358
2026-04-15,KXBLUETSUNAMICOMBO,pending,2230
2026-04-15,KXBLUEWAVECOMBO,pending,391
2026-04-15,KXDEMSENATEPRIMARYCOMBO,pending,716
2026-04-15,KXGOPSENATEPRIMARYCOMBO,pending,38
2026-04-15,KXLEAVEHOUSECOMBO,pending,2331
2026-04-15,KXMLBAWARDCOMBO,pending,4343
2026-04-15,KXMVECROSSCATEGORY,correlated,15601857
2026-04-15,KXMVECROSSCATEGORY,independent,19540568
2026-04-15,KXMVENBASINGLEGAME,correlated,311810
2026-04-15,KXMVESPORTSMULTIGAMEEXTENDED,correlated,20801178
2026-04-15,KXMVESPORTSMULTIGAMEEXTENDED,independent,31146292
2026-04-15,KXTRUMPBEARCASECOMBO,pending,212
2026-04-15,KXTRUMPBULLCASECOMBO,pending,1690
2026-04-15,KXTXSENCOMBO,pending,4860
2026-04-16,KXBALANCEPOWERCOMBO,pending,24449
2026-04-16,KXBLUETSUNAMICOMBO,pending,500
2026-04-16,KXBLUEWAVECOMBO,pending,2203
2026-04-16,KXDEMSENATEPRIMARYCOMBO,pending,440
2026-04-16,KXGOPSENATEPRIMARYCOMBO,pending,5
2026-04-16,KXLEAVEHOUSECOMBO,pending,5675
2026-04-16,KXMLBAWARDCOMBO,pending,6207
2026-04-16,KXMVECROSSCATEGORY,correlated,9921990
2026-04-16,KXMVECROSSCATEGORY,independent,17284822
2026-04-16,KXMVENBASINGLEGAME,correlated,2991
2026-04-16,KXMVESPORTSMULTIGAMEEXTENDED,correlated,14972773
2026-04-16,KXMVESPORTSMULTIGAMEEXTENDED,independent,26566794
2026-04-16,KXTRUMPBEARCASECOMBO,pending,487
2026-04-16,KXTRUMPBULLCASECOMBO,pending,142
2026-04-16,KXTXSENCOMBO,pending,6751
2026-04-17,KXBALANCEPOWERCOMBO,pending,53759
2026-04-17,KXBLUETSUNAMICOMBO,pending,140
2026-04-17,KXBLUEWAVECOMBO,pending,12206
2026-04-17,KXDEMSENATEPRIMARYCOMBO,pending,23
2026-04-17,KXLEAVEHOUSECOMBO,pending,1054
2026-04-17,KXMLBAWARDCOMBO,pending,104
2026-04-17,KXMVECROSSCATEGORY,correlated,18207934
2026-04-17,KXMVECROSSCATEGORY,independent,22328900
2026-04-17,KXMVENBASINGLEGAME,correlated,1278
2026-04-17,KXMVESPORTSMULTIGAMEEXTENDED,correlated,28066410
2026-04-17,KXMVESPORTSMULTIGAMEEXTENDED,independent,33881727
2026-04-17,KXTRUMPBULLCASECOMBO,pending,75
2026-04-17,KXTXSENCOMBO,pending,6621
2026-04-18,KXBALANCEPOWERCOMBO,pending,21813
2026-04-18,KXBLUETSUNAMICOMBO,pending,230
2026-04-18,KXBLUEWAVECOMBO,pending,414
2026-04-18,KXDEMSENATEPRIMARYCOMBO,pending,215
2026-04-18,KXGOPSENATEPRIMARYCOMBO,pending,34
2026-04-18,KXLEAVEHOUSECOMBO,pending,172
2026-04-18,KXMLBAWARDCOMBO,pending,42
2026-04-18,KXMVECROSSCATEGORY,correlated,19368074
2026-04-18,KXMVECROSSCATEGORY,independent,28129884
2026-04-18,KXMVENBASINGLEGAME,correlated,5534
2026-04-18,KXMVESPORTSMULTIGAMEEXTENDED,correlated,24424131
2026-04-18,KXMVESPORTSMULTIGAMEEXTENDED,independent,42187040
2026-04-18,KXTRUMPBEARCASECOMBO,pending,21
2026-04-18,KXTRUMPBULLCASECOMBO,pending,317
2026-04-18,KXTXSENCOMBO,pending,8766
2026-04-19,KXBALANCEPOWERCOMBO,pending,11807
2026-04-19,KXBLUETSUNAMICOMBO,pending,170
2026-04-19,KXBLUEWAVECOMBO,pending,270
2026-04-19,KXDEMSENATEPRIMARYCOMBO,pending,26
2026-04-19,KXGOPSENATEPRIMARYCOMBO,pending,12
2026-04-19,KXLEAVEHOUSECOMBO,pending,214
2026-04-19,KXMLBAWARDCOMBO,pending,281
2026-04-19,KXMVECROSSCATEGORY,correlated,24730523
2026-04-19,KXMVECROSSCATEGORY,independent,26210247
2026-04-19,KXMVENBASINGLEGAME,correlated,4387
2026-04-19,KXMVESPORTSMULTIGAMEEXTENDED,correlated,33724322
2026-04-19,KXMVESPORTSMULTIGAMEEXTENDED,independent,35022479
2026-04-19,KXTRUMPBEARCASECOMBO,pending,39
2026-04-19,KXTRUMPBULLCASECOMBO,pending,15
2026-04-19,KXTXSENCOMBO,pending,4164
2026-04-20,KXBALANCEPOWERCOMBO,pending,53953
2026-04-20,KXBLUETSUNAMICOMBO,pending,50
2026-04-20,KXBLUEWAVECOMBO,pending,51
2026-04-20,KXDEMSENATEPRIMARYCOMBO,pending,523
2026-04-20,KXFEDCOMBO,pending,752
2026-04-20,KXLEAVEHOUSECOMBO,pending,971
2026-04-20,KXMLBAWARDCOMBO,pending,325
2026-04-20,KXMVECROSSCATEGORY,correlated,22142730
2026-04-20,KXMVECROSSCATEGORY,independent,18735675
2026-04-20,KXMVENBASINGLEGAME,correlated,8102
2026-04-20,KXMVESPORTSMULTIGAMEEXTENDED,correlated,31940544
2026-04-20,KXMVESPORTSMULTIGAMEEXTENDED,independent,28865688
2026-04-20,KXTRUMPBEARCASECOMBO,pending,17
2026-04-20,KXTRUMPBULLCASECOMBO,pending,1071
2026-04-20,KXTXSENCOMBO,pending,3966
2026-04-21,KXBALANCEPOWERCOMBO,pending,26913
2026-04-21,KXBLUETSUNAMICOMBO,pending,1286
2026-04-21,KXBLUEWAVECOMBO,pending,234
2026-04-21,KXDEMSENATEPRIMARYCOMBO,pending,135
2026-04-21,KXFEDCOMBO,pending,206
2026-04-21,KXGOPSENATEPRIMARYCOMBO,pending,177
2026-04-21,KXLEAVEHOUSECOMBO,pending,4269
2026-04-21,KXMLBAWARDCOMBO,pending,3460
2026-04-21,KXMVECROSSCATEGORY,correlated,25832865
2026-04-21,KXMVECROSSCATEGORY,independent,27476311
2026-04-21,KXMVENBASINGLEGAME,correlated,13328
2026-04-21,KXMVESPORTSMULTIGAMEEXTENDED,correlated,47037690
2026-04-21,KXMVESPORTSMULTIGAMEEXTENDED,independent,47920187
2026-04-21,KXTRUMPBEARCASECOMBO,pending,594
2026-04-21,KXTRUMPBULLCASECOMBO,pending,183
2026-04-21,KXTXSENCOMBO,pending,1667
2026-04-22,KXBALANCEPOWERCOMBO,pending,39580
2026-04-22,KXBLUETSUNAMICOMBO,pending,2162
2026-04-22,KXBLUEWAVECOMBO,pending,52
2026-04-22,KXDEMSENATEPRIMARYCOMBO,pending,324
2026-04-22,KXFEDCOMBO,pending,10
2026-04-22,KXGOPSENATEPRIMARYCOMBO,pending,180
2026-04-22,KXLEAVEHOUSECOMBO,pending,1458
2026-04-22,KXMLBAWARDCOMBO,pending,1147
2026-04-22,KXMVECROSSCATEGORY,correlated,26778702
2026-04-22,KXMVECROSSCATEGORY,independent,27573002
2026-04-22,KXMVENBASINGLEGAME,correlated,65948
2026-04-22,KXMVESPORTSMULTIGAMEEXTENDED,correlated,28730951
2026-04-22,KXMVESPORTSMULTIGAMEEXTENDED,independent,49171212
2026-04-22,KXTRUMPBEARCASECOMBO,pending,956
2026-04-22,KXTRUMPBULLCASECOMBO,pending,466
2026-04-22,KXTXSENCOMBO,pending,10228
2026-04-23,KXBALANCEPOWERCOMBO,pending,24102
2026-04-23,KXBLUETSUNAMICOMBO,pending,145
2026-04-23,KXBLUEWAVECOMBO,pending,15
2026-04-23,KXDEMSENATEPRIMARYCOMBO,pending,96
2026-04-23,KXFEDCOMBO,pending,808
2026-04-23,KXGOPSENATEPRIMARYCOMBO,pending,7
2026-04-23,KXLEAVEHOUSECOMBO,pending,2
2026-04-23,KXMLBAWARDCOMBO,pending,15010
2026-04-23,KXMVECROSSCATEGORY,correlated,23686016
2026-04-23,KXMVECROSSCATEGORY,independent,26218854
2026-04-23,KXMVENBASINGLEGAME,correlated,14115
2026-04-23,KXMVESPORTSMULTIGAMEEXTENDED,correlated,46406986
2026-04-23,KXMVESPORTSMULTIGAMEEXTENDED,independent,36823971
2026-04-23,KXTRUMPBEARCASECOMBO,pending,1172
2026-04-23,KXTRUMPBULLCASECOMBO,pending,90
2026-04-23,KXTXSENCOMBO,pending,3733
2026-04-24,KXBALANCEPOWERCOMBO,pending,15184
2026-04-24,KXBLUETSUNAMICOMBO,pending,1642
2026-04-24,KXBLUEWAVECOMBO,pending,596
2026-04-24,KXDEMSENATEPRIMARYCOMBO,pending,18
2026-04-24,KXFEDCOMBO,pending,810
2026-04-24,KXGOPSENATEPRIMARYCOMBO,pending,8
2026-04-24,KXLEAVEHOUSECOMBO,pending,886
2026-04-24,KXMLBAWARDCOMBO,pending,939
2026-04-24,KXMVECROSSCATEGORY,correlated,27211792
2026-04-24,KXMVECROSSCATEGORY,independent,36089993
2026-04-24,KXMVENBASINGLEGAME,correlated,18905
2026-04-24,KXMVESPORTSMULTIGAMEEXTENDED,correlated,37429246
2026-04-24,KXMVESPORTSMULTIGAMEEXTENDED,independent,45861311
2026-04-24,KXTRUMPBEARCASECOMBO,pending,686
2026-04-24,KXTRUMPBULLCASECOMBO,pending,169
2026-04-24,KXTXSENCOMBO,pending,2165
2026-04-25,KXBALANCEPOWERCOMBO,pending,15463
2026-04-25,KXBLUETSUNAMICOMBO,pending,377
2026-04-25,KXBLUEWAVECOMBO,pending,2527
2026-04-25,KXDEMSENATEPRIMARYCOMBO,pending,194
2026-04-25,KXFEDCOMBO,pending,104
2026-04-25,KXGOPSENATEPRIMARYCOMBO,pending,5
2026-04-25,KXLEAVEHOUSECOMBO,pending,3660
2026-04-25,KXMLBAWARDCOMBO,pending,481
2026-04-25,KXMVECROSSCATEGORY,correlated,44870933
2026-04-25,KXMVECROSSCATEGORY,independent,37900056
2026-04-25,KXMVENBASINGLEGAME,correlated,31270
2026-04-25,KXMVESPORTSMULTIGAMEEXTENDED,correlated,46275130
2026-04-25,KXMVESPORTSMULTIGAMEEXTENDED,independent,59782220
2026-04-25,KXTRUMPBEARCASECOMBO,pending,622
2026-04-25,KXTRUMPBULLCASECOMBO,pending,103
2026-04-25,KXTXSENCOMBO,pending,2399
2026-04-26,KXBALANCEPOWERCOMBO,pending,120672
2026-04-26,KXBLUETSUNAMICOMBO,pending,25
2026-04-26,KXBLUEWAVECOMBO,pending,817
2026-04-26,KXDEMSENATEPRIMARYCOMBO,pending,320
2026-04-26,KXFEDCOMBO,pending,6
2026-04-26,KXLEAVEHOUSECOMBO,pending,3
2026-04-26,KXMVECROSSCATEGORY,correlated,35797588
2026-04-26,KXMVECROSSCATEGORY,independent,32173836
2026-04-26,KXMVENBASINGLEGAME,correlated,61385
2026-04-26,KXMVESPORTSMULTIGAMEEXTENDED,correlated,45718570
2026-04-26,KXMVESPORTSMULTIGAMEEXTENDED,independent,52457550
2026-04-26,KXTRUMPBEARCASECOMBO,pending,554
2026-04-26,KXTRUMPBULLCASECOMBO,pending,85
2026-04-26,KXTXSENCOMBO,pending,2732
2026-04-27,KXBALANCEPOWERCOMBO,pending,12931
2026-04-27,KXBLUETSUNAMICOMBO,pending,4963
2026-04-27,KXBLUEWAVECOMBO,pending,456
2026-04-27,KXDEMSENATEPRIMARYCOMBO,pending,12
2026-04-27,KXFEDCOMBO,pending,644
2026-04-27,KXGOPSENATEPRIMARYCOMBO,pending,127
2026-04-27,KXMLBAWARDCOMBO,pending,232
2026-04-27,KXMVECROSSCATEGORY,correlated,22448943
2026-04-27,KXMVECROSSCATEGORY,independent,22553140
2026-04-27,KXMVENBASINGLEGAME,correlated,17510
2026-04-27,KXMVESPORTSMULTIGAMEEXTENDED,correlated,47059610
2026-04-27,KXMVESPORTSMULTIGAMEEXTENDED,independent,34399877
2026-04-27,KXTRUMPBULLCASECOMBO,pending,75
2026-04-27,KXTXSENCOMBO,pending,3002
2026-04-28,KXBALANCEPOWERCOMBO,pending,29265
2026-04-28,KXBLUETSUNAMICOMBO,pending,453
2026-04-28,KXBLUEWAVECOMBO,pending,121
2026-04-28,KXDEMSENATEPRIMARYCOMBO,pending,223
2026-04-28,KXFEDCOMBO,pending,929
2026-04-28,KXLEAVEHOUSECOMBO,pending,35
2026-04-28,KXMLBAWARDCOMBO,pending,1429
2026-04-28,KXMVECROSSCATEGORY,correlated,26139387
2026-04-28,KXMVECROSSCATEGORY,independent,42308877
2026-04-28,KXMVENBASINGLEGAME,correlated,34028
2026-04-28,KXMVESPORTSMULTIGAMEEXTENDED,correlated,45683890
2026-04-28,KXMVESPORTSMULTIGAMEEXTENDED,independent,41387460
2026-04-28,KXTRUMPBEARCASECOMBO,pending,8
2026-04-28,KXTRUMPBULLCASECOMBO,pending,616
2026-04-28,KXTXSENCOMBO,pending,9639
2026-04-29,KXBALANCEPOWERCOMBO,pending,114001
2026-04-29,KXBLUETSUNAMICOMBO,pending,205
2026-04-29,KXBLUEWAVECOMBO,pending,682
2026-04-29,KXDEMSENATEPRIMARYCOMBO,pending,335
2026-04-29,KXFEDCOMBO,pending,4285
2026-04-29,KXLEAVEHOUSECOMBO,pending,206
2026-04-29,KXMLBAWARDCOMBO,pending,811
2026-04-29,KXMVECROSSCATEGORY,correlated,29429245
2026-04-29,KXMVECROSSCATEGORY,independent,30094081
2026-04-29,KXMVENBASINGLEGAME,correlated,17023
2026-04-29,KXMVESPORTSMULTIGAMEEXTENDED,correlated,32774159
2026-04-29,KXMVESPORTSMULTIGAMEEXTENDED,independent,47021215
2026-04-29,KXTRUMPBEARCASECOMBO,pending,1071
2026-04-29,KXTRUMPBULLCASECOMBO,pending,719
2026-04-29,KXTXSENCOMBO,pending,3113
2026-04-30,KXBALANCEPOWERCOMBO,pending,177904
2026-04-30,KXBLUETSUNAMICOMBO,pending,823
2026-04-30,KXBLUEWAVECOMBO,pending,6301
2026-04-30,KXDEMSENATEPRIMARYCOMBO,pending,1038
2026-04-30,KXFEDCOMBO,pending,105
2026-04-30,KXGOPSENATEPRIMARYCOMBO,pending,62
2026-04-30,KXLEAVEHOUSECOMBO,pending,12
2026-04-30,KXMLBAWARDCOMBO,pending,316
2026-04-30,KXMVECROSSCATEGORY,correlated,27790192
2026-04-30,KXMVECROSSCATEGORY,independent,23663924
2026-04-30,KXMVENBASINGLEGAME,correlated,35048
2026-04-30,KXMVESPORTSMULTIGAMEEXTENDED,correlated,40975995
2026-04-30,KXMVESPORTSMULTIGAMEEXTENDED,independent,31480363
2026-04-30,KXTRUMPBEARCASECOMBO,pending,83
2026-04-30,KXTRUMPBULLCASECOMBO,pending,1295
2026-04-30,KXTXSENCOMBO,pending,1200
2026-05-01,KXBALANCEPOWERCOMBO,pending,90991
2026-05-01,KXBLUETSUNAMICOMBO,pending,1206
2026-05-01,KXBLUEWAVECOMBO,pending,680
2026-05-01,KXDEMSENATEPRIMARYCOMBO,pending,134
2026-05-01,KXFEDCOMBO,pending,9264
2026-05-01,KXLEAVEHOUSECOMBO,pending,195
2026-05-01,KXMLBAWARDCOMBO,pending,422
2026-05-01,KXMVECROSSCATEGORY,correlated,33527620
2026-05-01,KXMVECROSSCATEGORY,independent,31324845
2026-05-01,KXMVENBASINGLEGAME,correlated,48823
2026-05-01,KXMVESPORTSMULTIGAMEEXTENDED,correlated,35923512
2026-05-01,KXMVESPORTSMULTIGAMEEXTENDED,independent,44979459
2026-05-01,KXTRUMPBEARCASECOMBO,pending,523
2026-05-01,KXTXSENCOMBO,pending,1217
2026-05-02,KXBALANCEPOWERCOMBO,pending,56562
2026-05-02,KXBLUETSUNAMICOMBO,pending,19
2026-05-02,KXBLUEWAVECOMBO,pending,226
2026-05-02,KXDEMSENATEPRIMARYCOMBO,pending,81
2026-05-02,KXFEDCOMBO,pending,530
2026-05-02,KXGOPSENATEPRIMARYCOMBO,pending,95
2026-05-02,KXLEAVEHOUSECOMBO,pending,35
2026-05-02,KXMLBAWARDCOMBO,pending,35
2026-05-02,KXMVECROSSCATEGORY,correlated,28682824
2026-05-02,KXMVECROSSCATEGORY,independent,31846385
2026-05-02,KXMVESPORTSMULTIGAMEEXTENDED,correlated,33616911
2026-05-02,KXMVESPORTSMULTIGAMEEXTENDED,independent,46847889
2026-05-02,KXTRUMPBEARCASECOMBO,pending,150
2026-05-02,KXTRUMPBULLCASECOMBO,pending,640
2026-05-02,KXTXSENCOMBO,pending,421
2026-05-03,KXBALANCEPOWERCOMBO,pending,114812
2026-05-03,KXBLUETSUNAMICOMBO,pending,1031
2026-05-03,KXBLUEWAVECOMBO,pending,370
2026-05-03,KXDEMSENATEPRIMARYCOMBO,pending,54
2026-05-03,KXLEAVEHOUSECOMBO,pending,26
2026-05-03,KXMLBAWARDCOMBO,pending,1993
2026-05-03,KXMVECROSSCATEGORY,correlated,40175986
2026-05-03,KXMVECROSSCATEGORY,independent,24870862
2026-05-03,KXMVENBASINGLEGAME,correlated,478
2026-05-03,KXMVESPORTSMULTIGAMEEXTENDED,correlated,45243133
2026-05-03,KXMVESPORTSMULTIGAMEEXTENDED,independent,39373635
2026-05-03,KXTRUMPBEARCASECOMBO,pending,47
2026-05-03,KXTRUMPBULLCASECOMBO,pending,2833
2026-05-03,KXTXSENCOMBO,pending,8529
2026-05-04,KXBALANCEPOWERCOMBO,pending,231028
2026-05-04,KXBLUETSUNAMICOMBO,pending,33
2026-05-04,KXBLUEWAVECOMBO,pending,9082
2026-05-04,KXDEMSENATEPRIMARYCOMBO,pending,82
2026-05-04,KXFEDCOMBO,pending,7
2026-05-04,KXGOPSENATEPRIMARYCOMBO,pending,414
2026-05-04,KXLEAVEHOUSECOMBO,pending,74
2026-05-04,KXLEGISLATIVECOMBO,pending,1506
2026-05-04,KXMLBAWARDCOMBO,pending,326
2026-05-04,KXMVECROSSCATEGORY,correlated,45511787
2026-05-04,KXMVECROSSCATEGORY,independent,27980598
2026-05-04,KXMVENBASINGLEGAME,correlated,41771
2026-05-04,KXMVESPORTSMULTIGAMEEXTENDED,correlated,35618312
2026-05-04,KXMVESPORTSMULTIGAMEEXTENDED,independent,42600342
2026-05-04,KXTRUMPBEARCASECOMBO,pending,1089
2026-05-04,KXTRUMPBULLCASECOMBO,pending,1550
2026-05-04,KXTXSENCOMBO,pending,928
2026-05-05,KXBALANCEPOWERCOMBO,pending,128122
2026-05-05,KXBLUETSUNAMICOMBO,pending,30
2026-05-05,KXBLUEWAVECOMBO,pending,10314
2026-05-05,KXDEMSENATEPRIMARYCOMBO,pending,84
2026-05-05,KXFEDCOMBO,pending,17
2026-05-05,KXLEAVEHOUSECOMBO,pending,122
2026-05-05,KXLEGISLATIVECOMBO,pending,84
2026-05-05,KXMLBAWARDCOMBO,pending,328
2026-05-05,KXMVECROSSCATEGORY,correlated,32908900
2026-05-05,KXMVECROSSCATEGORY,independent,36471572
2026-05-05,KXMVENBASINGLEGAME,correlated,27729
2026-05-05,KXMVESPORTSMULTIGAMEEXTENDED,correlated,33670100
2026-05-05,KXMVESPORTSMULTIGAMEEXTENDED,independent,46153551
2026-05-05,KXTRUMPBEARCASECOMBO,pending,2038
2026-05-05,KXTRUMPBULLCASECOMBO,pending,524
2026-05-05,KXTXSENCOMBO,pending,4895
2026-05-06,KXBALANCEPOWERCOMBO,pending,56835
2026-05-06,KXBLUETSUNAMICOMBO,pending,2184
2026-05-06,KXBLUEWAVECOMBO,pending,1180
2026-05-06,KXDEMSENATEPRIMARYCOMBO,pending,101
2026-05-06,KXGOPSENATEPRIMARYCOMBO,pending,14
2026-05-06,KXLEGISLATIVECOMBO,pending,2263
2026-05-06,KXMLBAWARDCOMBO,pending,233
2026-05-06,KXMVECROSSCATEGORY,correlated,29384241
2026-05-06,KXMVECROSSCATEGORY,independent,29953840
2026-05-06,KXMVENBASINGLEGAME,correlated,83426
2026-05-06,KXMVESPORTSMULTIGAMEEXTENDED,correlated,45597090
2026-05-06,KXMVESPORTSMULTIGAMEEXTENDED,independent,44517080
2026-05-06,KXTRUMPBEARCASECOMBO,pending,787
2026-05-06,KXTRUMPBULLCASECOMBO,pending,15
2026-05-06,KXTXSENCOMBO,pending,12653
2026-05-07,KXBALANCEPOWERCOMBO,pending,33179
2026-05-07,KXBLUETSUNAMICOMBO,pending,1362
2026-05-07,KXBLUEWAVECOMBO,pending,1055
2026-05-07,KXDEMSENATEPRIMARYCOMBO,pending,2696
2026-05-07,KXFEDCOMBO,pending,4
2026-05-07,KXGOPSENATEPRIMARYCOMBO,pending,48
2026-05-07,KXLEAVEHOUSECOMBO,pending,11
2026-05-07,KXLEGISLATIVECOMBO,pending,334
2026-05-07,KXMLBAWARDCOMBO,pending,79
2026-05-07,KXMVECROSSCATEGORY,correlated,51862473
2026-05-07,KXMVECROSSCATEGORY,independent,22022911
2026-05-07,KXMVENBASINGLEGAME,correlated,104486
2026-05-07,KXMVESPORTSMULTIGAMEEXTENDED,correlated,40997517
2026-05-07,KXMVESPORTSMULTIGAMEEXTENDED,independent,38592007
2026-05-07,KXTRUMPBEARCASECOMBO,pending,23
2026-05-07,KXTRUMPBULLCASECOMBO,pending,217
2026-05-07,KXTXSENCOMBO,pending,4019
2026-05-08,KXBALANCEPOWERCOMBO,pending,450333
2026-05-08,KXBLUETSUNAMICOMBO,pending,12677
2026-05-08,KXBLUEWAVECOMBO,pending,6925
2026-05-08,KXDEMSENATEPRIMARYCOMBO,pending,1217
2026-05-08,KXFEDCOMBO,pending,611
2026-05-08,KXGOPSENATEPRIMARYCOMBO,pending,136
2026-05-08,KXLEAVEHOUSECOMBO,pending,6
2026-05-08,KXLEGISLATIVECOMBO,pending,4525
2026-05-08,KXMLBAWARDCOMBO,pending,133
2026-05-08,KXMVECROSSCATEGORY,correlated,34414562
2026-05-08,KXMVECROSSCATEGORY,independent,44832150
2026-05-08,KXMVENBASINGLEGAME,correlated,65214
2026-05-08,KXMVESPORTSMULTIGAMEEXTENDED,correlated,42349053
2026-05-08,KXMVESPORTSMULTIGAMEEXTENDED,independent,54736465
2026-05-08,KXTRUMPBEARCASECOMBO,pending,133
2026-05-08,KXTRUMPBULLCASECOMBO,pending,3244
2026-05-08,KXTXSENCOMBO,pending,22205
2026-05-09,KXBALANCEPOWERCOMBO,pending,173939
2026-05-09,KXBLUETSUNAMICOMBO,pending,662
2026-05-09,KXBLUEWAVECOMBO,pending,3609
2026-05-09,KXDEMSENATEPRIMARYCOMBO,pending,76
2026-05-09,KXGOPSENATEPRIMARYCOMBO,pending,91
2026-05-09,KXLEAVEHOUSECOMBO,pending,1
2026-05-09,KXLEGISLATIVECOMBO,pending,1352
2026-05-09,KXMLBAWARDCOMBO,pending,165
2026-05-09,KXMVECROSSCATEGORY,correlated,34781151
2026-05-09,KXMVECROSSCATEGORY,independent,50798579
2026-05-09,KXMVENBASINGLEGAME,correlated,139300
2026-05-09,KXMVESPORTSMULTIGAMEEXTENDED,correlated,53760764
2026-05-09,KXMVESPORTSMULTIGAMEEXTENDED,independent,87005541
2026-05-09,KXTRUMPBEARCASECOMBO,pending,234
2026-05-09,KXTRUMPBULLCASECOMBO,pending,3164
2026-05-09,KXTXSENCOMBO,pending,10212
2026-05-10,KXBALANCEPOWERCOMBO,pending,73110
2026-05-10,KXBLUETSUNAMICOMBO,pending,2052
2026-05-10,KXBLUEWAVECOMBO,pending,3131
2026-05-10,KXDEMSENATEPRIMARYCOMBO,pending,16
2026-05-10,KXGOPSENATEPRIMARYCOMBO,pending,89
2026-05-10,KXLEAVEHOUSECOMBO,pending,2
2026-05-10,KXMLBAWARDCOMBO,pending,121
2026-05-10,KXMVECROSSCATEGORY,correlated,37657414
2026-05-10,KXMVECROSSCATEGORY,independent,33047811
2026-05-10,KXMVENBASINGLEGAME,correlated,91815
2026-05-10,KXMVESPORTSMULTIGAMEEXTENDED,correlated,68225408
2026-05-10,KXMVESPORTSMULTIGAMEEXTENDED,independent,51731770
2026-05-10,KXTRUMPBEARCASECOMBO,pending,1328
2026-05-10,KXTRUMPBULLCASECOMBO,pending,912
2026-05-10,KXTXSENCOMBO,pending,10801
2026-05-11,KXBALANCEPOWERCOMBO,pending,136073
2026-05-11,KXBLUETSUNAMICOMBO,pending,528
2026-05-11,KXBLUEWAVECOMBO,pending,2649
2026-05-11,KXDEMSENATEPRIMARYCOMBO,pending,18
2026-05-11,KXFEDCOMBO,pending,169
2026-05-11,KXGOPSENATEPRIMARYCOMBO,pending,30
2026-05-11,KXLEAVEHOUSECOMBO,pending,896
2026-05-11,KXMLBAWARDCOMBO,pending,1
2026-05-11,KXMVECROSSCATEGORY,correlated,30938170
2026-05-11,KXMVECROSSCATEGORY,independent,17275582
2026-05-11,KXMVENBASINGLEGAME,correlated,74546
2026-05-11,KXMVESPORTSMULTIGAMEEXTENDED,correlated,66984247
2026-05-11,KXMVESPORTSMULTIGAMEEXTENDED,independent,26687555
2026-05-11,KXTRUMPBEARCASECOMBO,pending,1859
2026-05-11,KXTRUMPBULLCASECOMBO,pending,759
2026-05-11,KXTXSENCOMBO,pending,3751
2026-05-12,KXBALANCEPOWERCOMBO,pending,72075
2026-05-12,KXBLUETSUNAMICOMBO,pending,128
2026-05-12,KXBLUEWAVECOMBO,pending,677
2026-05-12,KXDEMSENATEPRIMARYCOMBO,pending,841
2026-05-12,KXFEDCOMBO,pending,18
2026-05-12,KXGOPSENATEPRIMARYCOMBO,pending,36
2026-05-12,KXLEAVEHOUSECOMBO,pending,839
2026-05-12,KXMVECROSSCATEGORY,correlated,25850247
2026-05-12,KXMVECROSSCATEGORY,independent,25585677
2026-05-12,KXMVENBASINGLEGAME,correlated,66960
2026-05-12,KXMVESPORTSMULTIGAMEEXTENDED,correlated,41032794
2026-05-12,KXMVESPORTSMULTIGAMEEXTENDED,independent,37036294
2026-05-12,KXTRUMPBEARCASECOMBO,pending,670
2026-05-12,KXTRUMPBULLCASECOMBO,pending,307
2026-05-12,KXTXSENCOMBO,pending,1020
2026-05-13,KXBALANCEPOWERCOMBO,pending,131572
2026-05-13,KXBLUETSUNAMICOMBO,pending,2720
2026-05-13,KXBLUEWAVECOMBO,pending,3089
2026-05-13,KXDEMSENATEPRIMARYCOMBO,pending,77
2026-05-13,KXFEDCOMBO,pending,1098
2026-05-13,KXGOPSENATEPRIMARYCOMBO,pending,5
2026-05-13,KXLEAVEHOUSECOMBO,pending,129
2026-05-13,KXMLBAWARDCOMBO,pending,79
2026-05-13,KXMVECROSSCATEGORY,correlated,22206136
2026-05-13,KXMVECROSSCATEGORY,independent,28760149
2026-05-13,KXMVENBASINGLEGAME,correlated,68592
2026-05-13,KXMVESPORTSMULTIGAMEEXTENDED,correlated,32679463
2026-05-13,KXMVESPORTSMULTIGAMEEXTENDED,independent,40783260
2026-05-13,KXTRUMPBEARCASECOMBO,pending,278
2026-05-13,KXTRUMPBULLCASECOMBO,pending,234
2026-05-13,KXTXSENCOMBO,pending,4089
2026-05-14,KXBALANCEPOWERCOMBO,pending,42958
2026-05-14,KXBLUETSUNAMICOMBO,pending,375
2026-05-14,KXBLUEWAVECOMBO,pending,1158
2026-05-14,KXDEMSENATEPRIMARYCOMBO,pending,46
2026-05-14,KXFEDCOMBO,pending,1
2026-05-14,KXLEAVEHOUSECOMBO,pending,10
2026-05-14,KXMLBAWARDCOMBO,pending,556
2026-05-14,KXMVECROSSCATEGORY,correlated,14759834
2026-05-14,KXMVECROSSCATEGORY,independent,17261527
2026-05-14,KXMVENBASINGLEGAME,correlated,15983
2026-05-14,KXMVESPORTSMULTIGAMEEXTENDED,correlated,24417962
2026-05-14,KXMVESPORTSMULTIGAMEEXTENDED,independent,33565783
2026-05-14,KXTRUMPBEARCASECOMBO,pending,1461
2026-05-14,KXTRUMPBULLCASECOMBO,pending,3801
2026-05-14,KXTRUMPPRIMARYCOMBO,pending,776
2026-05-14,KXTXSENCOMBO,pending,830
2026-05-15,KXBALANCEPOWERCOMBO,pending,96396
2026-05-15,KXBLUETSUNAMICOMBO,pending,477
2026-05-15,KXBLUEWAVECOMBO,pending,1207
2026-05-15,KXDEMSENATEPRIMARYCOMBO,pending,348
2026-05-15,KXFEDCOMBO,pending,4
2026-05-15,KXGOPSENATEPRIMARYCOMBO,pending,14
2026-05-15,KXLEAVEHOUSECOMBO,pending,8
2026-05-15,KXMLBAWARDCOMBO,pending,366
2026-05-15,KXMVECROSSCATEGORY,correlated,25874571
2026-05-15,KXMVECROSSCATEGORY,independent,23500372
2026-05-15,KXMVENBASINGLEGAME,correlated,58760
2026-05-15,KXMVESPORTSMULTIGAMEEXTENDED,correlated,48768419
2026-05-15,KXMVESPORTSMULTIGAMEEXTENDED,independent,57703101
2026-05-15,KXTRUMPBEARCASECOMBO,pending,307
2026-05-15,KXTRUMPBULLCASECOMBO,pending,424
2026-05-15,KXTRUMPPRIMARYCOMBO,pending,1
2026-05-15,KXTXSENCOMBO,pending,3999
2026-05-16,KXBALANCEPOWERCOMBO,pending,37260
2026-05-16,KXBLUETSUNAMICOMBO,pending,974
2026-05-16,KXBLUEWAVECOMBO,pending,1616
2026-05-16,KXDEMSENATEPRIMARYCOMBO,pending,20
2026-05-16,KXGOPSENATEPRIMARYCOMBO,pending,752
2026-05-16,KXLEAVEHOUSECOMBO,pending,118
2026-05-16,KXLEGISLATIVECOMBO,pending,7
2026-05-16,KXMVECROSSCATEGORY,correlated,14234500
2026-05-16,KXMVECROSSCATEGORY,independent,36988070
2026-05-16,KXMVENBASINGLEGAME,correlated,4035
2026-05-16,KXMVESPORTSMULTIGAMEEXTENDED,correlated,25445942
2026-05-16,KXMVESPORTSMULTIGAMEEXTENDED,independent,85609498
2026-05-16,KXTRUMPBEARCASECOMBO,pending,48
2026-05-16,KXTRUMPBULLCASECOMBO,pending,120
2026-05-16,KXTXSENCOMBO,pending,5681
2026-05-17,KXBALANCEPOWERCOMBO,pending,24639
2026-05-17,KXBLUETSUNAMICOMBO,pending,274
2026-05-17,KXBLUEWAVECOMBO,pending,3117
2026-05-17,KXDEMSENATEPRIMARYCOMBO,pending,106
2026-05-17,KXFEDCOMBO,pending,149
2026-05-17,KXGOPSENATEPRIMARYCOMBO,pending,11
2026-05-17,KXLEAVEHOUSECOMBO,pending,259
2026-05-17,KXLEGISLATIVECOMBO,pending,2
2026-05-17,KXMLBAWARDCOMBO,pending,197
2026-05-17,KXMVECROSSCATEGORY,correlated,25464998
2026-05-17,KXMVECROSSCATEGORY,independent,24357121
2026-05-17,KXMVENBASINGLEGAME,correlated,40565
2026-05-17,KXMVESPORTSMULTIGAMEEXTENDED,correlated,51456134
2026-05-17,KXMVESPORTSMULTIGAMEEXTENDED,independent,54627699
2026-05-17,KXTRUMPBEARCASECOMBO,pending,774
2026-05-17,KXTRUMPBULLCASECOMBO,pending,262
2026-05-17,KXTRUMPPRIMARYCOMBO,pending,237
2026-05-17,KXTXSENCOMBO,pending,4367
2026-05-18,KXBALANCEPOWERCOMBO,pending,92308
2026-05-18,KXBLUETSUNAMICOMBO,pending,803
2026-05-18,KXBLUEWAVECOMBO,pending,7976
2026-05-18,KXDEMSENATEPRIMARYCOMBO,pending,116
2026-05-18,KXFEDCOMBO,pending,141
2026-05-18,KXGOPSENATEPRIMARYCOMBO,pending,719
2026-05-18,KXLEAVEHOUSECOMBO,pending,224
2026-05-18,KXLEGISLATIVECOMBO,pending,13
2026-05-18,KXMLBAWARDCOMBO,pending,29
2026-05-18,KXMVECROSSCATEGORY,correlated,16715046
2026-05-18,KXMVECROSSCATEGORY,independent,18866842
2026-05-18,KXMVENBASINGLEGAME,correlated,57343
2026-05-18,KXMVESPORTSMULTIGAMEEXTENDED,correlated,38645708
2026-05-18,KXMVESPORTSMULTIGAMEEXTENDED,independent,57262395
2026-05-18,KXTRUMPBEARCASECOMBO,pending,71
2026-05-18,KXTRUMPBULLCASECOMBO,pending,865
2026-05-18,KXTXSENCOMBO,pending,4863
2026-05-19,KXBALANCEPOWERCOMBO,pending,134116
2026-05-19,KXBLUETSUNAMICOMBO,pending,1197
2026-05-19,KXBLUEWAVECOMBO,pending,10447
2026-05-19,KXDEMSENATEPRIMARYCOMBO,pending,62
2026-05-19,KXFEDCOMBO,pending,109
2026-05-19,KXGOPSENATEPRIMARYCOMBO,pending,2295
2026-05-19,KXLEAVEHOUSECOMBO,pending,167
2026-05-19,KXLEGISLATIVECOMBO,pending,315
2026-05-19,KXMLBAWARDCOMBO,pending,576
2026-05-19,KXMVECROSSCATEGORY,correlated,18355715
2026-05-19,KXMVECROSSCATEGORY,independent,19646507
2026-05-19,KXMVENBASINGLEGAME,correlated,120133
2026-05-19,KXMVESPORTSMULTIGAMEEXTENDED,correlated,48411599
2026-05-19,KXMVESPORTSMULTIGAMEEXTENDED,independent,56443159
2026-05-19,KXTRUMPBEARCASECOMBO,pending,732
2026-05-19,KXTRUMPBULLCASECOMBO,pending,1820
2026-05-19,KXTRUMPPRIMARYCOMBO,pending,10
2026-05-19,KXTXSENCOMBO,pending,119661
2026-05-20,KXBALANCEPOWERCOMBO,pending,38906
2026-05-20,KXBLUETSUNAMICOMBO,pending,87
2026-05-20,KXBLUEWAVECOMBO,pending,2071
2026-05-20,KXDEMSENATEPRIMARYCOMBO,pending,92
2026-05-20,KXFEDCOMBO,pending,3205
2026-05-20,KXGOPSENATEPRIMARYCOMBO,pending,28
2026-05-20,KXMLBAWARDCOMBO,pending,267
2026-05-20,KXMVECROSSCATEGORY,correlated,21002839
2026-05-20,KXMVECROSSCATEGORY,independent,19278942
2026-05-20,KXMVECROSSCATEGORY,pending,1032
2026-05-20,KXMVENBASINGLEGAME,correlated,123962
2026-05-20,KXMVESPORTSMULTIGAMEEXTENDED,correlated,63167635
2026-05-20,KXMVESPORTSMULTIGAMEEXTENDED,independent,64096587
2026-05-20,KXMVESPORTSMULTIGAMEEXTENDED,pending,420
2026-05-20,KXTRUMPBEARCASECOMBO,pending,81
2026-05-20,KXTRUMPBULLCASECOMBO,pending,292
2026-05-20,KXTXSENCOMBO,pending,72274
2026-05-21,KXBALANCEPOWERCOMBO,pending,38104
2026-05-21,KXBLUETSUNAMICOMBO,pending,314
2026-05-21,KXBLUEWAVECOMBO,pending,130
2026-05-21,KXDEMSENATEPRIMARYCOMBO,pending,68
2026-05-21,KXFEDCOMBO,pending,1806
2026-05-21,KXGOPSENATEPRIMARYCOMBO,pending,39
2026-05-21,KXLEAVEHOUSECOMBO,pending,10
2026-05-21,KXMLBAWARDCOMBO,pending,768
2026-05-21,KXMVECROSSCATEGORY,correlated,22722911
2026-05-21,KXMVECROSSCATEGORY,independent,12966324
2026-05-21,KXMVECROSSCATEGORY,pending,104297
2026-05-21,KXMVENBASINGLEGAME,correlated,127347
2026-05-21,KXMVENBASINGLEGAME,pending,56
2026-05-21,KXMVESPORTSMULTIGAMEEXTENDED,correlated,56043673
2026-05-21,KXMVESPORTSMULTIGAMEEXTENDED,independent,41761888
2026-05-21,KXMVESPORTSMULTIGAMEEXTENDED,pending,255494
2026-05-21,KXTRUMPBEARCASECOMBO,pending,284
2026-05-21,KXTRUMPBULLCASECOMBO,pending,2133
2026-05-21,KXTXSENCOMBO,pending,19735
2026-05-22,KXBALANCEPOWERCOMBO,pending,37063
2026-05-22,KXBLUETSUNAMICOMBO,pending,291
2026-05-22,KXBLUEWAVECOMBO,pending,1804
2026-05-22,KXFEDCOMBO,pending,502
2026-05-22,KXGOPSENATEPRIMARYCOMBO,pending,11
2026-05-22,KXLEAVEHOUSECOMBO,pending,98
2026-05-22,KXMVECROSSCATEGORY,correlated,17347410
2026-05-22,KXMVECROSSCATEGORY,independent,17737987
2026-05-22,KXMVECROSSCATEGORY,pending,46681
2026-05-22,KXMVENBASINGLEGAME,correlated,125958
2026-05-22,KXMVENBASINGLEGAME,pending,200
2026-05-22,KXMVESPORTSMULTIGAMEEXTENDED,correlated,56048364
2026-05-22,KXMVESPORTSMULTIGAMEEXTENDED,independent,72116310
2026-05-22,KXMVESPORTSMULTIGAMEEXTENDED,pending,132105
2026-05-22,KXTRUMPBEARCASECOMBO,pending,1091
2026-05-22,KXTRUMPBULLCASECOMBO,pending,2455
2026-05-22,KXTXSENCOMBO,pending,11407
2026-05-23,KXBALANCEPOWERCOMBO,pending,6448
2026-05-23,KXBLUETSUNAMICOMBO,pending,378
2026-05-23,KXBLUEWAVECOMBO,pending,1688
2026-05-23,KXDEMSENATEPRIMARYCOMBO,pending,15
2026-05-23,KXFEDCOMBO,pending,402
2026-05-23,KXGOPSENATEPRIMARYCOMBO,pending,11
2026-05-23,KXLEAVEHOUSECOMBO,pending,275
2026-05-23,KXMLBAWARDCOMBO,pending,183
2026-05-23,KXMVECROSSCATEGORY,correlated,16730177
2026-05-23,KXMVECROSSCATEGORY,independent,19372408
2026-05-23,KXMVECROSSCATEGORY,pending,103037
2026-05-23,KXMVENBASINGLEGAME,correlated,89972
2026-05-23,KXMVENBASINGLEGAME,pending,219
2026-05-23,KXMVESPORTSMULTIGAMEEXTENDED,correlated,65769670
2026-05-23,KXMVESPORTSMULTIGAMEEXTENDED,independent,75458290
2026-05-23,KXMVESPORTSMULTIGAMEEXTENDED,pending,157847
2026-05-23,KXTRUMPBEARCASECOMBO,pending,53
2026-05-23,KXTRUMPBULLCASECOMBO,pending,1134
2026-05-23,KXTXSENCOMBO,pending,14510
2026-05-24,KXBALANCEPOWERCOMBO,pending,59152
2026-05-24,KXBLUETSUNAMICOMBO,pending,227
2026-05-24,KXBLUEWAVECOMBO,pending,2652
2026-05-24,KXDEMSENATEPRIMARYCOMBO,pending,124
2026-05-24,KXFEDCOMBO,pending,275
2026-05-24,KXGOPSENATEPRIMARYCOMBO,pending,98
2026-05-24,KXLEGISLATIVECOMBO,pending,8
2026-05-24,KXMLBAWARDCOMBO,pending,1280
2026-05-24,KXMVECROSSCATEGORY,correlated,17653023
2026-05-24,KXMVECROSSCATEGORY,independent,20349487
2026-05-24,KXMVECROSSCATEGORY,pending,91888
2026-05-24,KXMVENBASINGLEGAME,correlated,163886
2026-05-24,KXMVENBASINGLEGAME,pending,521
2026-05-24,KXMVESPORTSMULTIGAMEEXTENDED,correlated,63334446
2026-05-24,KXMVESPORTSMULTIGAMEEXTENDED,independent,86695247
2026-05-24,KXMVESPORTSMULTIGAMEEXTENDED,pending,203160
2026-05-24,KXTRUMPBEARCASECOMBO,pending,96
2026-05-24,KXTRUMPBULLCASECOMBO,pending,127
2026-05-24,KXTXSENCOMBO,pending,15644
2026-05-25,KXBALANCEPOWERCOMBO,pending,23203
2026-05-25,KXBLUETSUNAMICOMBO,pending,53
2026-05-25,KXBLUEWAVECOMBO,pending,1038
2026-05-25,KXDEMSENATEPRIMARYCOMBO,pending,53
2026-05-25,KXLEAVEHOUSECOMBO,pending,64
2026-05-25,KXMLBAWARDCOMBO,pending,103
2026-05-25,KXMVECROSSCATEGORY,correlated,15694626
2026-05-25,KXMVECROSSCATEGORY,independent,14841373
2026-05-25,KXMVECROSSCATEGORY,pending,112387
2026-05-25,KXMVENBASINGLEGAME,correlated,103382
2026-05-25,KXMVENBASINGLEGAME,pending,18
2026-05-25,KXMVESPORTSMULTIGAMEEXTENDED,correlated,59348574
2026-05-25,KXMVESPORTSMULTIGAMEEXTENDED,independent,63227425
2026-05-25,KXMVESPORTSMULTIGAMEEXTENDED,pending,207020
2026-05-25,KXTRUMPBEARCASECOMBO,pending,41
2026-05-25,KXTRUMPBULLCASECOMBO,pending,90
2026-05-25,KXTRUMPPRIMARYCOMBO,pending,25
2026-05-25,KXTXSENCOMBO,pending,43800
2026-05-26,KXBALANCEPOWERCOMBO,pending,59763
2026-05-26,KXBLUETSUNAMICOMBO,pending,523
2026-05-26,KXBLUEWAVECOMBO,pending,980
2026-05-26,KXDEMSENATEPRIMARYCOMBO,pending,19
2026-05-26,KXFEDCOMBO,pending,500
2026-05-26,KXGOPSENATEPRIMARYCOMBO,pending,7
2026-05-26,KXLEAVEHOUSECOMBO,pending,5
2026-05-26,KXLEGISLATIVECOMBO,pending,38
2026-05-26,KXMLBAWARDCOMBO,pending,2370
2026-05-26,KXMVECROSSCATEGORY,correlated,12880688
2026-05-26,KXMVECROSSCATEGORY,independent,12125558
2026-05-26,KXMVECROSSCATEGORY,pending,151730
2026-05-26,KXMVENBASINGLEGAME,correlated,132465
2026-05-26,KXMVENBASINGLEGAME,pending,450
2026-05-26,KXMVESPORTSMULTIGAMEEXTENDED,correlated,48142432
2026-05-26,KXMVESPORTSMULTIGAMEEXTENDED,independent,61216579
2026-05-26,KXMVESPORTSMULTIGAMEEXTENDED,pending,437038
2026-05-26,KXTRUMPBEARCASECOMBO,pending,474
2026-05-26,KXTRUMPBULLCASECOMBO,pending,3320
2026-05-26,KXTXSENCOMBO,pending,98301
2026-05-27,KXBALANCEPOWERCOMBO,pending,125982
2026-05-27,KXBLUETSUNAMICOMBO,pending,230
2026-05-27,KXBLUEWAVECOMBO,pending,560
2026-05-27,KXDEMSENATEPRIMARYCOMBO,pending,103
2026-05-27,KXFEDCOMBO,pending,112
2026-05-27,KXGOPSENATEPRIMARYCOMBO,pending,5
2026-05-27,KXLEAVEHOUSECOMBO,pending,20
2026-05-27,KXLEGISLATIVECOMBO,pending,141
2026-05-27,KXMLBAWARDCOMBO,pending,1234
2026-05-27,KXMVECROSSCATEGORY,correlated,7999397
2026-05-27,KXMVECROSSCATEGORY,independent,15954229
2026-05-27,KXMVECROSSCATEGORY,pending,45689
2026-05-27,KXMVENBASINGLEGAME,correlated,12097
2026-05-27,KXMVESPORTSMULTIGAMEEXTENDED,correlated,35412299
2026-05-27,KXMVESPORTSMULTIGAMEEXTENDED,independent,85545800
2026-05-27,KXMVESPORTSMULTIGAMEEXTENDED,pending,130244
2026-05-27,KXTRUMPBEARCASECOMBO,pending,706
2026-05-27,KXTRUMPBULLCASECOMBO,pending,27
2026-05-28,KXBALANCEPOWERCOMBO,pending,33936
2026-05-28,KXBLUETSUNAMICOMBO,pending,745
2026-05-28,KXBLUEWAVECOMBO,pending,395
2026-05-28,KXDEMSENATEPRIMARYCOMBO,pending,62
2026-05-28,KXFEDCOMBO,pending,1
2026-05-28,KXGOPSENATEPRIMARYCOMBO,pending,12
2026-05-28,KXLEAVEHOUSECOMBO,pending,80
2026-05-28,KXLEGISLATIVECOMBO,pending,97
2026-05-28,KXMLBAWARDCOMBO,pending,2819
2026-05-28,KXMVECROSSCATEGORY,correlated,13895727
2026-05-28,KXMVECROSSCATEGORY,independent,9936437
2026-05-28,KXMVECROSSCATEGORY,pending,96483
2026-05-28,KXMVENBASINGLEGAME,correlated,202995
2026-05-28,KXMVENBASINGLEGAME,pending,1305
2026-05-28,KXMVESPORTSMULTIGAMEEXTENDED,correlated,65847509
2026-05-28,KXMVESPORTSMULTIGAMEEXTENDED,independent,49061826
2026-05-28,KXMVESPORTSMULTIGAMEEXTENDED,pending,198606
2026-05-28,KXTRUMPBEARCASECOMBO,pending,698
2026-05-28,KXTRUMPBULLCASECOMBO,pending,34
2026-05-29,KXBALANCEPOWERCOMBO,pending,36815
2026-05-29,KXBLUETSUNAMICOMBO,pending,907
2026-05-29,KXBLUEWAVECOMBO,pending,2113
2026-05-29,KXDEMSENATEPRIMARYCOMBO,pending,121
2026-05-29,KXFEDCOMBO,pending,397
2026-05-29,KXGOPSENATEPRIMARYCOMBO,pending,53
2026-05-29,KXLEAVEHOUSECOMBO,pending,775
2026-05-29,KXMVECROSSCATEGORY,correlated,7762380
2026-05-29,KXMVECROSSCATEGORY,independent,17015209
2026-05-29,KXMVECROSSCATEGORY,pending,53565
2026-05-29,KXMVESPORTSMULTIGAMEEXTENDED,correlated,40880450
2026-05-29,KXMVESPORTSMULTIGAMEEXTENDED,independent,95398989
2026-05-29,KXMVESPORTSMULTIGAMEEXTENDED,pending,145242
2026-05-29,KXTRUMPBEARCASECOMBO,pending,294
2026-05-29,KXTRUMPBULLCASECOMBO,pending,179
2026-05-30,KXBALANCEPOWERCOMBO,pending,41313
2026-05-30,KXBLUETSUNAMICOMBO,pending,103
2026-05-30,KXBLUEWAVECOMBO,pending,753
2026-05-30,KXDEMSENATEPRIMARYCOMBO,pending,61
2026-05-30,KXFEDCOMBO,pending,19
2026-05-30,KXGOPSENATEPRIMARYCOMBO,pending,125
2026-05-30,KXLEAVEHOUSECOMBO,pending,246
2026-05-30,KXMLBAWARDCOMBO,pending,4797
2026-05-30,KXMVECROSSCATEGORY,correlated,20958175
2026-05-30,KXMVECROSSCATEGORY,independent,19071271
2026-05-30,KXMVECROSSCATEGORY,pending,85749
2026-05-30,KXMVESPORTSMULTIGAMEEXTENDED,correlated,109443923
2026-05-30,KXMVESPORTSMULTIGAMEEXTENDED,independent,106114861
2026-05-30,KXMVESPORTSMULTIGAMEEXTENDED,pending,372673
2026-05-30,KXTRUMPBEARCASECOMBO,pending,133
2026-05-30,KXTRUMPBULLCASECOMBO,pending,126
2026-05-31,KXBALANCEPOWERCOMBO,pending,19288
2026-05-31,KXBLUETSUNAMICOMBO,pending,65
2026-05-31,KXBLUEWAVECOMBO,pending,53
2026-05-31,KXDEMSENATEPRIMARYCOMBO,pending,81
2026-05-31,KXMETXCOMBO,pending,3412
2026-05-31,KXMLBAWARDCOMBO,pending,579
2026-05-31,KXMVECROSSCATEGORY,correlated,7347355
2026-05-31,KXMVECROSSCATEGORY,independent,13843425
2026-05-31,KXMVECROSSCATEGORY,pending,60635
2026-05-31,KXMVESPORTSMULTIGAMEEXTENDED,correlated,50889957
2026-05-31,KXMVESPORTSMULTIGAMEEXTENDED,independent,91892119
2026-05-31,KXMVESPORTSMULTIGAMEEXTENDED,pending,172468
2026-05-31,KXTRUMPBEARCASECOMBO,pending,194
2026-05-31,KXTRUMPBULLCASECOMBO,pending,1062
2026-06-01,KXBALANCEPOWERCOMBO,pending,29226
2026-06-01,KXBLUETSUNAMICOMBO,pending,699
2026-06-01,KXBLUEWAVECOMBO,pending,1046
2026-06-01,KXDEMSENATEPRIMARYCOMBO,pending,312
2026-06-01,KXFEDCOMBO,pending,1031
2026-06-01,KXGOPSENATEPRIMARYCOMBO,pending,461
2026-06-01,KXLEAVEHOUSECOMBO,pending,20
2026-06-01,KXMETXCOMBO,pending,46561
2026-06-01,KXMLBAWARDCOMBO,pending,114
2026-06-01,KXMVECROSSCATEGORY,correlated,6131444
2026-06-01,KXMVECROSSCATEGORY,independent,13692067
2026-06-01,KXMVECROSSCATEGORY,pending,31653
2026-06-01,KXMVESPORTSMULTIGAMEEXTENDED,correlated,45007648
2026-06-01,KXMVESPORTSMULTIGAMEEXTENDED,independent,72592951
2026-06-01,KXMVESPORTSMULTIGAMEEXTENDED,pending,202329
2026-06-01,KXTRUMPBEARCASECOMBO,pending,234
2026-06-01,KXTRUMPBULLCASECOMBO,pending,5
2026-06-02,KXBALANCEPOWERCOMBO,pending,49270
2026-06-02,KXBLUETSUNAMICOMBO,pending,1532
2026-06-02,KXBLUEWAVECOMBO,pending,3182
2026-06-02,KXDEMSENATEPRIMARYCOMBO,pending,12
2026-06-02,KXFEDCOMBO,pending,159
2026-06-02,KXGOPSENATEPRIMARYCOMBO,pending,14
2026-06-02,KXLEAVEHOUSECOMBO,pending,10
2026-06-02,KXMETXCOMBO,pending,27538
2026-06-02,KXMLBAWARDCOMBO,pending,268
2026-06-02,KXMVECROSSCATEGORY,correlated,7555872
2026-06-02,KXMVECROSSCATEGORY,independent,17091526
2026-06-02,KXMVECROSSCATEGORY,pending,36299
2026-06-02,KXMVENBASINGLEGAME,correlated,760
2026-06-02,KXMVENBASINGLEGAME,pending,1
2026-06-02,KXMVESPORTSMULTIGAMEEXTENDED,correlated,45610958
2026-06-02,KXMVESPORTSMULTIGAMEEXTENDED,independent,93918048
2026-06-02,KXMVESPORTSMULTIGAMEEXTENDED,pending,126803
2026-06-02,KXTRUMPBEARCASECOMBO,pending,128
2026-06-02,KXTRUMPBULLCASECOMBO,pending,544
2026-06-03,KXBALANCEPOWERCOMBO,pending,26823
2026-06-03,KXBLUETSUNAMICOMBO,pending,407
2026-06-03,KXBLUEWAVECOMBO,pending,959
2026-06-03,KXDEMSENATEPRIMARYCOMBO,pending,1
2026-06-03,KXFEDCOMBO,pending,166
2026-06-03,KXGOPSENATEPRIMARYCOMBO,pending,437
2026-06-03,KXLEAVEHOUSECOMBO,pending,11
2026-06-03,KXMETXCOMBO,pending,13920
2026-06-03,KXMLBAWARDCOMBO,pending,129
2026-06-03,KXMVECROSSCATEGORY,correlated,19025138
2026-06-03,KXMVECROSSCATEGORY,independent,16711600
2026-06-03,KXMVECROSSCATEGORY,pending,204986
2026-06-03,KXMVENBASINGLEGAME,correlated,99191
2026-06-03,KXMVESPORTSMULTIGAMEEXTENDED,correlated,100288315
2026-06-03,KXMVESPORTSMULTIGAMEEXTENDED,independent,83320479
2026-06-03,KXMVESPORTSMULTIGAMEEXTENDED,pending,246748
2026-06-03,KXTRUMPBEARCASECOMBO,pending,65
2026-06-03,KXTRUMPBULLCASECOMBO,pending,349
2026-06-04,KXBALANCEPOWERCOMBO,pending,34308
2026-06-04,KXBLUETSUNAMICOMBO,pending,211
2026-06-04,KXBLUEWAVECOMBO,pending,373
2026-06-04,KXDEMSENATEPRIMARYCOMBO,pending,103
2026-06-04,KXFEDCOMBO,pending,521
2026-06-04,KXGOPSENATEPRIMARYCOMBO,pending,24
2026-06-04,KXLEAVEHOUSECOMBO,pending,14
2026-06-04,KXMETXCOMBO,pending,12285
2026-06-04,KXMLBAWARDCOMBO,pending,1583
2026-06-04,KXMVECROSSCATEGORY,correlated,11057553
2026-06-04,KXMVECROSSCATEGORY,independent,14751014
2026-06-04,KXMVECROSSCATEGORY,pending,115104
2026-06-04,KXMVENBASINGLEGAME,correlated,41061
2026-06-04,KXMVENBASINGLEGAME,pending,5
2026-06-04,KXMVESPORTSMULTIGAMEEXTENDED,correlated,59061590
2026-06-04,KXMVESPORTSMULTIGAMEEXTENDED,independent,60479204
2026-06-04,KXMVESPORTSMULTIGAMEEXTENDED,pending,426018
2026-06-04,KXTRUMPBULLCASECOMBO,pending,97
2026-06-05,KXBALANCEPOWERCOMBO,pending,29032
2026-06-05,KXBLUETSUNAMICOMBO,pending,2909
2026-06-05,KXBLUEWAVECOMBO,pending,649
2026-06-05,KXDEMSENATEPRIMARYCOMBO,pending,106
2026-06-05,KXFEDCOMBO,pending,1652
2026-06-05,KXGOPSENATEPRIMARYCOMBO,pending,3
2026-06-05,KXLEAVEHOUSECOMBO,pending,5
2026-06-05,KXMETXCOMBO,pending,4197
2026-06-05,KXMLBAWARDCOMBO,pending,572
2026-06-05,KXMVECROSSCATEGORY,correlated,19954836
2026-06-05,KXMVECROSSCATEGORY,independent,16846915
2026-06-05,KXMVECROSSCATEGORY,pending,67040
2026-06-05,KXMVENBASINGLEGAME,correlated,580938
2026-06-05,KXMVESPORTSMULTIGAMEEXTENDED,correlated,132211886
2026-06-05,KXMVESPORTSMULTIGAMEEXTENDED,independent,89453350
2026-06-05,KXMVESPORTSMULTIGAMEEXTENDED,pending,204260
2026-06-05,KXTRUMPBEARCASECOMBO,pending,202
2026-06-05,KXTRUMPBULLCASECOMBO,pending,90
2026-06-06,KXBALANCEPOWERCOMBO,pending,12925
2026-06-06,KXBLUETSUNAMICOMBO,pending,67
2026-06-06,KXBLUEWAVECOMBO,pending,552
2026-06-06,KXDEMSENATEPRIMARYCOMBO,pending,568
2026-06-06,KXFEDCOMBO,pending,97
2026-06-06,KXGOPSENATEPRIMARYCOMBO,pending,7
2026-06-06,KXMETXCOMBO,pending,9159
2026-06-06,KXMLBAWARDCOMBO,pending,747
2026-06-06,KXMVECROSSCATEGORY,correlated,10966895
2026-06-06,KXMVECROSSCATEGORY,independent,19559521
2026-06-06,KXMVECROSSCATEGORY,pending,9094
2026-06-06,KXMVESPORTSMULTIGAMEEXTENDED,correlated,71592774
2026-06-06,KXMVESPORTSMULTIGAMEEXTENDED,independent,109415435
2026-06-06,KXMVESPORTSMULTIGAMEEXTENDED,pending,100043
2026-06-06,KXTRUMPBEARCASECOMBO,pending,201
2026-06-06,KXTRUMPBULLCASECOMBO,pending,177
2026-06-06,KXWCGOALCOMBO,pending,1
2026-06-07,KXBALANCEPOWERCOMBO,pending,42181
2026-06-07,KXBLUETSUNAMICOMBO,pending,413
2026-06-07,KXDEMSENATEPRIMARYCOMBO,pending,11
2026-06-07,KXFEDCOMBO,pending,10
2026-06-07,KXGOPSENATEPRIMARYCOMBO,pending,3
2026-06-07,KXMETXCOMBO,pending,510
2026-06-07,KXMLBAWARDCOMBO,pending,676
2026-06-07,KXMVECROSSCATEGORY,correlated,9735817
2026-06-07,KXMVECROSSCATEGORY,independent,16378864
2026-06-07,KXMVECROSSCATEGORY,pending,199135
2026-06-07,KXMVENBASINGLEGAME,correlated,6162
2026-06-07,KXMVESPORTSMULTIGAMEEXTENDED,correlated,64372079
2026-06-07,KXMVESPORTSMULTIGAMEEXTENDED,independent,82062985
2026-06-07,KXMVESPORTSMULTIGAMEEXTENDED,pending,110525
2026-06-07,KXTRUMPBEARCASECOMBO,pending,277
2026-06-08,KXBALANCEPOWERCOMBO,pending,60868
2026-06-08,KXBLUETSUNAMICOMBO,pending,282
2026-06-08,KXBLUEWAVECOMBO,pending,7
2026-06-08,KXDEMSENATEPRIMARYCOMBO,pending,183
2026-06-08,KXFEDCOMBO,pending,20
2026-06-08,KXGOPSENATEPRIMARYCOMBO,pending,176
2026-06-08,KXLEAVEHOUSECOMBO,pending,14
2026-06-08,KXMETXCOMBO,pending,2011
2026-06-08,KXMLBAWARDCOMBO,pending,623
2026-06-08,KXMVECROSSCATEGORY,correlated,20719452
2026-06-08,KXMVECROSSCATEGORY,independent,13052786
2026-06-08,KXMVECROSSCATEGORY,pending,56491
2026-06-08,KXMVENBASINGLEGAME,correlated,102431
2026-06-08,KXMVENBASINGLEGAME,pending,4
2026-06-08,KXMVESPORTSMULTIGAMEEXTENDED,correlated,129264427
2026-06-08,KXMVESPORTSMULTIGAMEEXTENDED,independent,60222368
2026-06-08,KXMVESPORTSMULTIGAMEEXTENDED,pending,153837
2026-06-08,KXTRUMPBEARCASECOMBO,pending,382
2026-06-08,KXTRUMPBULLCASECOMBO,pending,1083
2026-06-08,KXWCGOALCOMBO,pending,27
2026-06-09,KXBALANCEPOWERCOMBO,pending,84595
2026-06-09,KXBLUETSUNAMICOMBO,pending,24
2026-06-09,KXBLUEWAVECOMBO,pending,429
2026-06-09,KXDEMSENATEPRIMARYCOMBO,pending,152
2026-06-09,KXFEDCOMBO,pending,146
2026-06-09,KXMETXCOMBO,pending,276
2026-06-09,KXMLBAWARDCOMBO,pending,127
2026-06-09,KXMVECROSSCATEGORY,correlated,9048525
2026-06-09,KXMVECROSSCATEGORY,independent,22458901
2026-06-09,KXMVECROSSCATEGORY,pending,23565
2026-06-09,KXMVENBASINGLEGAME,correlated,17123
2026-06-09,KXMVESPORTSMULTIGAMEEXTENDED,correlated,53681980
2026-06-09,KXMVESPORTSMULTIGAMEEXTENDED,independent,130958315
2026-06-09,KXMVESPORTSMULTIGAMEEXTENDED,pending,70785
2026-06-09,KXTRUMPBEARCASECOMBO,pending,7205
2026-06-09,KXTRUMPBULLCASECOMBO,pending,3669
2026-06-10,KXBALANCEPOWERCOMBO,pending,65082
2026-06-10,KXBLUETSUNAMICOMBO,pending,439
2026-06-10,KXBLUEWAVECOMBO,pending,4187
2026-06-10,KXDEMSENATEPRIMARYCOMBO,pending,34
2026-06-10,KXFEDCOMBO,pending,17
2026-06-10,KXGOPSENATEPRIMARYCOMBO,pending,55
2026-06-10,KXLEAVEHOUSECOMBO,pending,19
2026-06-10,KXMETXCOMBO,pending,2168
2026-06-10,KXMLBAWARDCOMBO,pending,258
2026-06-10,KXMVECROSSCATEGORY,correlated,22776752
2026-06-10,KXMVECROSSCATEGORY,independent,25867780
2026-06-10,KXMVECROSSCATEGORY,pending,28264
2026-06-10,KXMVENBASINGLEGAME,correlated,326882
2026-06-10,KXMVENBASINGLEGAME,pending,7
2026-06-10,KXMVESPORTSMULTIGAMEEXTENDED,correlated,123036880
2026-06-10,KXMVESPORTSMULTIGAMEEXTENDED,independent,94657646
2026-06-10,KXMVESPORTSMULTIGAMEEXTENDED,pending,152777
2026-06-10,KXTRUMPBEARCASECOMBO,pending,1009
2026-06-10,KXTRUMPBULLCASECOMBO,pending,602
2026-06-11,KXBALANCEPOWERCOMBO,pending,48470
2026-06-11,KXBLUETSUNAMICOMBO,pending,133
2026-06-11,KXBLUEWAVECOMBO,pending,859
2026-06-11,KXDEMSENATEPRIMARYCOMBO,pending,345
2026-06-11,KXFEDCOMBO,pending,2022
2026-06-11,KXGOPSENATEPRIMARYCOMBO,pending,106
2026-06-11,KXMETXCOMBO,pending,1231
2026-06-11,KXMLBAWARDCOMBO,pending,374
2026-06-11,KXMVECROSSCATEGORY,correlated,10824203
2026-06-11,KXMVECROSSCATEGORY,independent,25398574
2026-06-11,KXMVECROSSCATEGORY,pending,11817
2026-06-11,KXMVESPORTSMULTIGAMEEXTENDED,correlated,66381989
2026-06-11,KXMVESPORTSMULTIGAMEEXTENDED,independent,123334672
2026-06-11,KXMVESPORTSMULTIGAMEEXTENDED,pending,79892
2026-06-11,KXTRUMPBEARCASECOMBO,pending,192
2026-06-11,KXTRUMPBULLCASECOMBO,pending,2350
2026-06-11,KXWCGOALCOMBO,pending,82
2026-06-12,KXBALANCEPOWERCOMBO,pending,16203
2026-06-12,KXBLUETSUNAMICOMBO,pending,92
2026-06-12,KXBLUEWAVECOMBO,pending,576
2026-06-12,KXDEMSENATEPRIMARYCOMBO,pending,24
2026-06-12,KXFEDCOMBO,pending,1961
2026-06-12,KXGOPSENATEPRIMARYCOMBO,pending,1
2026-06-12,KXLEAVEHOUSECOMBO,pending,140
2026-06-12,KXMETXCOMBO,pending,229
2026-06-12,KXMLBAWARDCOMBO,pending,593
2026-06-12,KXMVECROSSCATEGORY,correlated,10948870
2026-06-12,KXMVECROSSCATEGORY,independent,35716017
2026-06-12,KXMVECROSSCATEGORY,pending,28646
2026-06-12,KXMVENBASINGLEGAME,correlated,10206
2026-06-12,KXMVENBASINGLEGAME,pending,401
2026-06-12,KXMVESPORTSMULTIGAMEEXTENDED,correlated,77530525
2026-06-12,KXMVESPORTSMULTIGAMEEXTENDED,independent,192488708
2026-06-12,KXMVESPORTSMULTIGAMEEXTENDED,pending,21284
2026-06-12,KXTRUMPBEARCASECOMBO,pending,124
2026-06-12,KXTRUMPBULLCASECOMBO,pending,351
2026-06-12,KXWCGOALCOMBO,pending,692
2026-06-13,KXBALANCEPOWERCOMBO,pending,39164
2026-06-13,KXBLUETSUNAMICOMBO,pending,92
2026-06-13,KXBLUEWAVECOMBO,pending,2319
2026-06-13,KXDEMSENATEPRIMARYCOMBO,pending,137
2026-06-13,KXFEDCOMBO,pending,892
2026-06-13,KXGOPSENATEPRIMARYCOMBO,pending,34
2026-06-13,KXLEAVEHOUSECOMBO,pending,2
2026-06-13,KXLEGISLATIVECOMBO,pending,15
2026-06-13,KXMETXCOMBO,pending,4891
2026-06-13,KXMLBAWARDCOMBO,pending,1153
2026-06-13,KXMVECROSSCATEGORY,correlated,26319489
2026-06-13,KXMVECROSSCATEGORY,independent,38462430
2026-06-13,KXMVECROSSCATEGORY,pending,21783
2026-06-13,KXMVENBASINGLEGAME,correlated,184652
2026-06-13,KXMVESPORTSMULTIGAMEEXTENDED,correlated,153077767
2026-06-13,KXMVESPORTSMULTIGAMEEXTENDED,independent,183859594
2026-06-13,KXMVESPORTSMULTIGAMEEXTENDED,pending,87244
2026-06-13,KXTRUMPBEARCASECOMBO,pending,1284
2026-06-13,KXTRUMPBULLCASECOMBO,pending,386
2026-06-13,KXWCGOALCOMBO,pending,346
2026-06-14,KXBALANCEPOWERCOMBO,pending,35279
2026-06-14,KXBLUETSUNAMICOMBO,pending,122
2026-06-14,KXBLUEWAVECOMBO,pending,1728
2026-06-14,KXDEMSENATEPRIMARYCOMBO,pending,3
2026-06-14,KXFEDCOMBO,pending,1905
2026-06-14,KXGOPSENATEPRIMARYCOMBO,pending,7
2026-06-14,KXMETXCOMBO,pending,124
2026-06-14,KXMLBAWARDCOMBO,pending,3850
2026-06-14,KXMVECROSSCATEGORY,correlated,11981695
2026-06-14,KXMVECROSSCATEGORY,independent,51205016
2026-06-14,KXMVECROSSCATEGORY,pending,5245
2026-06-14,KXMVESPORTSMULTIGAMEEXTENDED,correlated,83171345
2026-06-14,KXMVESPORTSMULTIGAMEEXTENDED,independent,258977912
2026-06-14,KXMVESPORTSMULTIGAMEEXTENDED,pending,83848
2026-06-14,KXTRUMPBEARCASECOMBO,pending,217
2026-06-14,KXTRUMPBULLCASECOMBO,pending,1888
2026-06-14,KXWCGOALCOMBO,pending,430
2026-06-15,KXBALANCEPOWERCOMBO,pending,47174
2026-06-15,KXBLUETSUNAMICOMBO,pending,231
2026-06-15,KXBLUEWAVECOMBO,pending,306
2026-06-15,KXDEMSENATEPRIMARYCOMBO,pending,43
2026-06-15,KXFEDCOMBO,pending,1119
2026-06-15,KXGOPSENATEPRIMARYCOMBO,pending,543
2026-06-15,KXLEGISLATIVECOMBO,pending,401
2026-06-15,KXMETXCOMBO,pending,412
2026-06-15,KXMLBAWARDCOMBO,pending,1909
2026-06-15,KXMVECROSSCATEGORY,correlated,9842756
2026-06-15,KXMVECROSSCATEGORY,independent,32862916
2026-06-15,KXMVECROSSCATEGORY,pending,11622
2026-06-15,KXMVESPORTSMULTIGAMEEXTENDED,correlated,83208724
2026-06-15,KXMVESPORTSMULTIGAMEEXTENDED,independent,192589764
2026-06-15,KXMVESPORTSMULTIGAMEEXTENDED,pending,27620
2026-06-15,KXTRUMPBEARCASECOMBO,pending,106
2026-06-15,KXTRUMPBULLCASECOMBO,pending,1372
2026-06-15,KXWCGOALCOMBO,pending,16
2026-06-16,KXBALANCEPOWERCOMBO,pending,20298
2026-06-16,KXBLUETSUNAMICOMBO,pending,119
2026-06-16,KXBLUEWAVECOMBO,pending,292
2026-06-16,KXDEMSENATEPRIMARYCOMBO,pending,12
2026-06-16,KXFEDCOMBO,pending,1303
2026-06-16,KXGOPSENATEPRIMARYCOMBO,pending,815
2026-06-16,KXMETXCOMBO,pending,958
2026-06-16,KXMLBAWARDCOMBO,pending,3019
2026-06-16,KXMVECROSSCATEGORY,correlated,10953615
2026-06-16,KXMVECROSSCATEGORY,independent,36795282
2026-06-16,KXMVECROSSCATEGORY,pending,11180
2026-06-16,KXMVESPORTSMULTIGAMEEXTENDED,correlated,101913021
2026-06-16,KXMVESPORTSMULTIGAMEEXTENDED,independent,216818317
2026-06-16,KXMVESPORTSMULTIGAMEEXTENDED,pending,61659
2026-06-16,KXTRUMPBEARCASECOMBO,pending,2171
2026-06-16,KXTRUMPBULLCASECOMBO,pending,220
2026-06-16,KXWCGOALCOMBO,pending,873
2026-06-17,KXBALANCEPOWERCOMBO,pending,30545
2026-06-17,KXBLUETSUNAMICOMBO,pending,1967
2026-06-17,KXBLUEWAVECOMBO,pending,528
2026-06-17,KXDEMSENATEPRIMARYCOMBO,pending,245
2026-06-17,KXFEDCOMBO,pending,6867
2026-06-17,KXGOPSENATEPRIMARYCOMBO,pending,25
2026-06-17,KXMETXCOMBO,pending,1087
2026-06-17,KXMLBAWARDCOMBO,pending,144
2026-06-17,KXMVECROSSCATEGORY,correlated,17676214
2026-06-17,KXMVECROSSCATEGORY,independent,43612009
2026-06-17,KXMVECROSSCATEGORY,pending,2143
2026-06-17,KXMVESPORTSMULTIGAMEEXTENDED,correlated,147194453
2026-06-17,KXMVESPORTSMULTIGAMEEXTENDED,independent,254852710
2026-06-17,KXMVESPORTSMULTIGAMEEXTENDED,pending,6498
2026-06-17,KXTRUMPBEARCASECOMBO,pending,190
2026-06-17,KXTRUMPBULLCASECOMBO,pending,1087
2026-06-17,KXWCGOALCOMBO,pending,297
2026-06-18,KXBALANCEPOWERCOMBO,pending,67246
2026-06-18,KXBLUETSUNAMICOMBO,pending,55
2026-06-18,KXBLUEWAVECOMBO,pending,788
2026-06-18,KXDEMSENATEPRIMARYCOMBO,pending,79
2026-06-18,KXFEDCOMBO,pending,666
2026-06-18,KXMETXCOMBO,pending,1106
2026-06-18,KXMLBAWARDCOMBO,pending,183
2026-06-18,KXMVECROSSCATEGORY,correlated,20666795
2026-06-18,KXMVECROSSCATEGORY,independent,39085600
2026-06-18,KXMVECROSSCATEGORY,pending,3153
2026-06-18,KXMVESPORTSMULTIGAMEEXTENDED,correlated,161487998
2026-06-18,KXMVESPORTSMULTIGAMEEXTENDED,independent,236392466
2026-06-18,KXMVESPORTSMULTIGAMEEXTENDED,pending,48229
2026-06-18,KXTRUMPBEARCASECOMBO,pending,952
2026-06-18,KXTRUMPBULLCASECOMBO,pending,21903
2026-06-18,KXWCGOALCOMBO,pending,223
2026-06-19,KXBALANCEPOWERCOMBO,pending,48079
2026-06-19,KXBLUETSUNAMICOMBO,pending,1322
2026-06-19,KXBLUEWAVECOMBO,pending,949
2026-06-19,KXDEMSENATEPRIMARYCOMBO,pending,82
2026-06-19,KXFEDCOMBO,pending,501
2026-06-19,KXGOPSENATEPRIMARYCOMBO,pending,99
2026-06-19,KXMETXCOMBO,pending,206
2026-06-19,KXMLBAWARDCOMBO,pending,567
2026-06-19,KXMVECROSSCATEGORY,correlated,17367319
2026-06-19,KXMVECROSSCATEGORY,independent,44548786
2026-06-19,KXMVECROSSCATEGORY,pending,109
2026-06-19,KXMVESPORTSMULTIGAMEEXTENDED,correlated,145680864
2026-06-19,KXMVESPORTSMULTIGAMEEXTENDED,independent,270653030
2026-06-19,KXMVESPORTSMULTIGAMEEXTENDED,pending,7140
2026-06-19,KXTRUMPBEARCASECOMBO,pending,1648
2026-06-19,KXTRUMPBULLCASECOMBO,pending,2271
2026-06-19,KXWCGOALCOMBO,pending,3220
2026-06-20,KXBALANCEPOWERCOMBO,pending,6790
2026-06-20,KXBLUETSUNAMICOMBO,pending,88
2026-06-20,KXBLUEWAVECOMBO,pending,123
2026-06-20,KXDEMSENATEPRIMARYCOMBO,pending,96
2026-06-20,KXFEDCOMBO,pending,6
2026-06-20,KXGOPSENATEPRIMARYCOMBO,pending,4
2026-06-20,KXMETXCOMBO,pending,274
2026-06-20,KXMLBAWARDCOMBO,pending,1069
2026-06-20,KXMVECROSSCATEGORY,correlated,19387733
2026-06-20,KXMVECROSSCATEGORY,independent,56528176
2026-06-20,KXMVECROSSCATEGORY,pending,2
2026-06-20,KXMVESPORTSMULTIGAMEEXTENDED,correlated,148089598
2026-06-20,KXMVESPORTSMULTIGAMEEXTENDED,independent,329068360
2026-06-20,KXMVESPORTSMULTIGAMEEXTENDED,pending,231
2026-06-20,KXTRUMPBEARCASECOMBO,pending,1552
2026-06-20,KXTRUMPBULLCASECOMBO,pending,1976
2026-06-20,KXWCGOALCOMBO,pending,52
2026-06-21,KXBALANCEPOWERCOMBO,pending,21619
2026-06-21,KXBLUETSUNAMICOMBO,pending,92
2026-06-21,KXBLUEWAVECOMBO,pending,166
2026-06-21,KXDEMSENATEPRIMARYCOMBO,pending,17
2026-06-21,KXGOPSENATEPRIMARYCOMBO,pending,44
2026-06-21,KXMETXCOMBO,pending,251
2026-06-21,KXMLBAWARDCOMBO,pending,678
2026-06-21,KXMVECROSSCATEGORY,correlated,20109525
2026-06-21,KXMVECROSSCATEGORY,independent,51379635
2026-06-21,KXMVECROSSCATEGORY,pending,292
2026-06-21,KXMVESPORTSMULTIGAMEEXTENDED,correlated,160074708
2026-06-21,KXMVESPORTSMULTIGAMEEXTENDED,independent,299461016
2026-06-21,KXMVESPORTSMULTIGAMEEXTENDED,pending,347
2026-06-21,KXTRUMPBEARCASECOMBO,pending,3790
2026-06-21,KXTRUMPBULLCASECOMBO,pending,514
2026-06-21,KXWCGOALCOMBO,pending,33
2026-06-22,KXBALANCEPOWERCOMBO,pending,14928
2026-06-22,KXBLUETSUNAMICOMBO,pending,2255
2026-06-22,KXBLUEWAVECOMBO,pending,234
2026-06-22,KXDEMSENATEPRIMARYCOMBO,pending,201
2026-06-22,KXLEAVEHOUSECOMBO,pending,25
2026-06-22,KXLEGISLATIVECOMBO,pending,15
2026-06-22,KXMETXCOMBO,pending,66
2026-06-22,KXMLBAWARDCOMBO,pending,2905
2026-06-22,KXMVECROSSCATEGORY,correlated,22348370
2026-06-22,KXMVECROSSCATEGORY,independent,42417395
2026-06-22,KXMVESPORTSMULTIGAMEEXTENDED,correlated,170953121
2026-06-22,KXMVESPORTSMULTIGAMEEXTENDED,independent,250916379
2026-06-22,KXMVESPORTSMULTIGAMEEXTENDED,pending,2044
2026-06-22,KXTRUMPBEARCASECOMBO,pending,409
2026-06-22,KXTRUMPBULLCASECOMBO,pending,869
2026-06-22,KXWCGOALCOMBO,pending,3765
2026-06-23,KXBALANCEPOWERCOMBO,pending,124940
2026-06-23,KXBLUETSUNAMICOMBO,pending,1173
2026-06-23,KXBLUEWAVECOMBO,pending,95
2026-06-23,KXDEMSENATEPRIMARYCOMBO,pending,49
2026-06-23,KXGOPSENATEPRIMARYCOMBO,pending,2
2026-06-23,KXLEGISLATIVECOMBO,pending,4383
2026-06-23,KXMETXCOMBO,pending,1345
2026-06-23,KXMLBAWARDCOMBO,pending,402
2026-06-23,KXMVECROSSCATEGORY,correlated,21547427
2026-06-23,KXMVECROSSCATEGORY,independent,51497847
2026-06-23,KXMVECROSSCATEGORY,pending,1521
2026-06-23,KXMVESPORTSMULTIGAMEEXTENDED,correlated,169535177
2026-06-23,KXMVESPORTSMULTIGAMEEXTENDED,independent,322263455
2026-06-23,KXMVESPORTSMULTIGAMEEXTENDED,pending,7616
2026-06-23,KXNYPRIMARYCOMBO,pending,24023
2026-06-23,KXTRUMPBEARCASECOMBO,pending,114
2026-06-23,KXTRUMPBULLCASECOMBO,pending,479
2026-06-23,KXWCAWARDCOMBO,pending,60
2026-06-23,KXWCGOALCOMBO,pending,2741
2026-06-24,KXBALANCEPOWERCOMBO,pending,31026
2026-06-24,KXBLUETSUNAMICOMBO,pending,1299
2026-06-24,KXBLUEWAVECOMBO,pending,2313
2026-06-24,KXFEDCOMBO,pending,332
2026-06-24,KXGOPSENATEPRIMARYCOMBO,pending,22
2026-06-24,KXLEAVEHOUSECOMBO,pending,17
2026-06-24,KXLEGISLATIVECOMBO,pending,639
2026-06-24,KXMETXCOMBO,pending,1354
2026-06-24,KXMLBAWARDCOMBO,pending,4132
2026-06-24,KXMVECROSSCATEGORY,correlated,23999221
2026-06-24,KXMVECROSSCATEGORY,independent,67243307
2026-06-24,KXMVECROSSCATEGORY,pending,1035
2026-06-24,KXMVESPORTSMULTIGAMEEXTENDED,correlated,199478528
2026-06-24,KXMVESPORTSMULTIGAMEEXTENDED,independent,380189103
2026-06-24,KXMVESPORTSMULTIGAMEEXTENDED,pending,2434
2026-06-24,KXTRUMPBEARCASECOMBO,pending,134
2026-06-24,KXTRUMPBULLCASECOMBO,pending,544
2026-06-24,KXWCAWARDCOMBO,pending,240
2026-06-24,KXWCGOALCOMBO,pending,1330
2026-06-25,KXBALANCEPOWERCOMBO,pending,16744
2026-06-25,KXBLUETSUNAMICOMBO,pending,4
2026-06-25,KXBLUEWAVECOMBO,pending,873
2026-06-25,KXDEMSENATEPRIMARYCOMBO,pending,62
2026-06-25,KXFEDCOMBO,pending,108
2026-06-25,KXGOPSENATEPRIMARYCOMBO,pending,537
2026-06-25,KXMETXCOMBO,pending,328
2026-06-25,KXMLBAWARDCOMBO,pending,1138
2026-06-25,KXMVECROSSCATEGORY,correlated,29087613
2026-06-25,KXMVECROSSCATEGORY,independent,68066408
2026-06-25,KXMVESPORTSMULTIGAMEEXTENDED,correlated,245857488
2026-06-25,KXMVESPORTSMULTIGAMEEXTENDED,independent,422554131
2026-06-25,KXMVESPORTSMULTIGAMEEXTENDED,pending,319
2026-06-25,KXTRUMPBEARCASECOMBO,pending,201
2026-06-25,KXTRUMPBULLCASECOMBO,pending,778
2026-06-25,KXWCAWARDCOMBO,pending,361
2026-06-25,KXWCGOALCOMBO,pending,144
2026-06-26,KXBALANCEPOWERCOMBO,pending,17414
2026-06-26,KXBLUETSUNAMICOMBO,pending,76
2026-06-26,KXBLUEWAVECOMBO,pending,1702
2026-06-26,KXDEMSENATEPRIMARYCOMBO,pending,68
2026-06-26,KXFEDCOMBO,pending,9
2026-06-26,KXMETXCOMBO,pending,146
2026-06-26,KXMLBAWARDCOMBO,pending,231
2026-06-26,KXMVECROSSCATEGORY,correlated,33447272
2026-06-26,KXMVECROSSCATEGORY,independent,59593190
2026-06-26,KXMVECROSSCATEGORY,pending,72
2026-06-26,KXMVESPORTSMULTIGAMEEXTENDED,correlated,271250346
2026-06-26,KXMVESPORTSMULTIGAMEEXTENDED,independent,359883241
2026-06-26,KXMVESPORTSMULTIGAMEEXTENDED,pending,470
2026-06-26,KXTRUMPBEARCASECOMBO,pending,2065
2026-06-26,KXTRUMPBULLCASECOMBO,pending,3642
2026-06-26,KXWCAWARDCOMBO,pending,899
2026-06-26,KXWCGOALCOMBO,pending,613
2026-06-27,KXBALANCEPOWERCOMBO,pending,24822
2026-06-27,KXBLUETSUNAMICOMBO,pending,1906
2026-06-27,KXBLUEWAVECOMBO,pending,560
2026-06-27,KXDEMSENATEPRIMARYCOMBO,pending,119
2026-06-27,KXFEDCOMBO,pending,30
2026-06-27,KXGOPSENATEPRIMARYCOMBO,pending,3144
2026-06-27,KXMETXCOMBO,pending,977
2026-06-27,KXMLBAWARDCOMBO,pending,397
2026-06-27,KXMVECROSSCATEGORY,correlated,27924711
2026-06-27,KXMVECROSSCATEGORY,independent,63260255
2026-06-27,KXMVESPORTSMULTIGAMEEXTENDED,correlated,226973573
2026-06-27,KXMVESPORTSMULTIGAMEEXTENDED,independent,362314280
2026-06-27,KXMVESPORTSMULTIGAMEEXTENDED,pending,3322
2026-06-27,KXTRUMPBEARCASECOMBO,pending,287
2026-06-27,KXTRUMPBULLCASECOMBO,pending,91
2026-06-27,KXWCAWARDCOMBO,pending,1096
2026-06-27,KXWCGOALCOMBO,pending,916
2026-06-28,KXBALANCEPOWERCOMBO,pending,13892
2026-06-28,KXBLUETSUNAMICOMBO,pending,79
2026-06-28,KXBLUEWAVECOMBO,pending,203
2026-06-28,KXDEMSENATEPRIMARYCOMBO,pending,126
2026-06-28,KXFEDCOMBO,pending,17
2026-06-28,KXGOPSENATEPRIMARYCOMBO,pending,31
2026-06-28,KXMETXCOMBO,pending,282
2026-06-28,KXMLBAWARDCOMBO,pending,2619
2026-06-28,KXMVECROSSCATEGORY,correlated,15805173
2026-06-28,KXMVECROSSCATEGORY,independent,35695031
2026-06-28,KXMVESPORTSMULTIGAMEEXTENDED,correlated,88793127
2026-06-28,KXMVESPORTSMULTIGAMEEXTENDED,independent,194368331
2026-06-28,KXTRUMPBEARCASECOMBO,pending,2573
2026-06-28,KXTRUMPBULLCASECOMBO,pending,118
2026-06-28,KXWCAWARDCOMBO,pending,1640
2026-06-28,KXWCGOALCOMBO,pending,282
2026-06-29,KXBALANCEPOWERCOMBO,pending,115911
2026-06-29,KXBLUETSUNAMICOMBO,pending,650
2026-06-29,KXBLUEWAVECOMBO,pending,6159
2026-06-29,KXDEMSENATEPRIMARYCOMBO,pending,72
2026-06-29,KXFEDCOMBO,pending,404
2026-06-29,KXGOPSENATEPRIMARYCOMBO,pending,25
2026-06-29,KXLEAVEHOUSECOMBO,pending,17
2026-06-29,KXLEGISLATIVECOMBO,pending,27
2026-06-29,KXMETXCOMBO,pending,743
2026-06-29,KXMLBAWARDCOMBO,pending,109
2026-06-29,KXMVECROSSCATEGORY,correlated,25660021
2026-06-29,KXMVECROSSCATEGORY,independent,50543584
2026-06-29,KXMVESPORTSMULTIGAMEEXTENDED,correlated,192858626
2026-06-29,KXMVESPORTSMULTIGAMEEXTENDED,independent,286302024
2026-06-29,KXTRUMPBEARCASECOMBO,pending,272
2026-06-29,KXTRUMPBULLCASECOMBO,pending,254
2026-06-29,KXWCAWARDCOMBO,pending,5854
2026-06-29,KXWCGOALCOMBO,pending,744
2026-06-30,KXBALANCEPOWERCOMBO,pending,95699
2026-06-30,KXBLUETSUNAMICOMBO,pending,1539
2026-06-30,KXBLUEWAVECOMBO,pending,315
2026-06-30,KXCPICOMBO,pending,6415
2026-06-30,KXDEMSENATEPRIMARYCOMBO,pending,18
2026-06-30,KXFEDCOMBO,pending,373
2026-06-30,KXLEAVEHOUSECOMBO,pending,1
2026-06-30,KXMETXCOMBO,pending,1184
2026-06-30,KXMLBAWARDCOMBO,pending,117
2026-06-30,KXMVECROSSCATEGORY,correlated,34080464
2026-06-30,KXMVECROSSCATEGORY,independent,47265253
2026-06-30,KXMVESPORTSMULTIGAMEEXTENDED,correlated,237229532
2026-06-30,KXMVESPORTSMULTIGAMEEXTENDED,independent,253232366
2026-06-30,KXTRUMPBEARCASECOMBO,pending,2536
2026-06-30,KXTRUMPBULLCASECOMBO,pending,1336
2026-06-30,KXWCAWARDCOMBO,pending,4225
2026-06-30,KXWCGOALCOMBO,pending,1072
2026-07-01,KXBALANCEPOWERCOMBO,pending,108333
2026-07-01,KXBLUETSUNAMICOMBO,pending,4710
2026-07-01,KXBLUEWAVECOMBO,pending,717
2026-07-01,KXCPICOMBO,pending,2950
2026-07-01,KXDEMSENATEPRIMARYCOMBO,pending,23
2026-07-01,KXFEDCOMBO,pending,100
2026-07-01,KXGOPSENATEPRIMARYCOMBO,pending,71
2026-07-01,KXLEAVEHOUSECOMBO,pending,1
2026-07-01,KXLEGISLATIVECOMBO,pending,354
2026-07-01,KXMETXCOMBO,pending,4193
2026-07-01,KXMLBAWARDCOMBO,pending,51
2026-07-01,KXMVECROSSCATEGORY,correlated,37910983
2026-07-01,KXMVECROSSCATEGORY,independent,50898801
2026-07-01,KXMVESPORTSMULTIGAMEEXTENDED,correlated,274505106
2026-07-01,KXMVESPORTSMULTIGAMEEXTENDED,independent,265163521
2026-07-01,KXMVESPORTSMULTIGAMEEXTENDED,pending,3
2026-07-01,KXTRUMPBEARCASECOMBO,pending,175
2026-07-01,KXTRUMPBULLCASECOMBO,pending,616
2026-07-01,KXWCAWARDCOMBO,pending,2570
2026-07-01,KXWCGOALCOMBO,pending,1083
2026-07-02,KXBALANCEPOWERCOMBO,pending,80323
2026-07-02,KXBLUETSUNAMICOMBO,pending,299
2026-07-02,KXBLUEWAVECOMBO,pending,1784
2026-07-02,KXCPICOMBO,pending,3042
2026-07-02,KXDEMSENATEPRIMARYCOMBO,pending,150
2026-07-02,KXEMPLOYMENTCOMBO,pending,690
2026-07-02,KXFEDCOMBO,pending,8
2026-07-02,KXGOPSENATEPRIMARYCOMBO,pending,1
2026-07-02,KXMETXCOMBO,pending,5015
2026-07-02,KXMLBAWARDCOMBO,pending,29
2026-07-02,KXMVECROSSCATEGORY,correlated,36736471
2026-07-02,KXMVECROSSCATEGORY,independent,43238056
2026-07-02,KXMVESPORTSMULTIGAMEEXTENDED,correlated,257726444
2026-07-02,KXMVESPORTSMULTIGAMEEXTENDED,independent,215314753
2026-07-02,KXTRUMPBEARCASECOMBO,pending,363
2026-07-02,KXTRUMPBULLCASECOMBO,pending,1358
2026-07-02,KXWCAWARDCOMBO,pending,1443
2026-07-02,KXWCGOALCOMBO,pending,535
2026-07-03,KXBALANCEPOWERCOMBO,pending,25349
2026-07-03,KXBLUETSUNAMICOMBO,pending,2876
2026-07-03,KXBLUEWAVECOMBO,pending,2163
2026-07-03,KXCPICOMBO,pending,5177
2026-07-03,KXEMPLOYMENTCOMBO,pending,2719
2026-07-03,KXFEDCOMBO,pending,300
2026-07-03,KXLEAVEHOUSECOMBO,pending,4
2026-07-03,KXLEGISLATIVECOMBO,pending,19
2026-07-03,KXMETXCOMBO,pending,12806
2026-07-03,KXMLBAWARDCOMBO,pending,1559
2026-07-03,KXMVECROSSCATEGORY,correlated,37833751
2026-07-03,KXMVECROSSCATEGORY,independent,48159251
2026-07-03,KXMVESPORTSMULTIGAMEEXTENDED,correlated,298451615
2026-07-03,KXMVESPORTSMULTIGAMEEXTENDED,independent,264180335
2026-07-03,KXTRUMPBEARCASECOMBO,pending,159
2026-07-03,KXTRUMPBULLCASECOMBO,pending,2569
2026-07-03,KXWCAWARDCOMBO,pending,1822
2026-07-03,KXWCGOALCOMBO,pending,1417
2026-07-04,KXBALANCEPOWERCOMBO,pending,11772
2026-07-04,KXBLUETSUNAMICOMBO,pending,79
2026-07-04,KXBLUEWAVECOMBO,pending,704
2026-07-04,KXCPICOMBO,pending,1572
2026-07-04,KXDEMSENATEPRIMARYCOMBO,pending,112
2026-07-04,KXLEGISLATIVECOMBO,pending,22
2026-07-04,KXMETXCOMBO,pending,2280
2026-07-04,KXMLBAWARDCOMBO,pending,322
2026-07-04,KXMVECROSSCATEGORY,correlated,35609956
2026-07-04,KXMVECROSSCATEGORY,independent,54803547
2026-07-04,KXMVESPORTSMULTIGAMEEXTENDED,correlated,264682993
2026-07-04,KXMVESPORTSMULTIGAMEEXTENDED,independent,289674714
2026-07-04,KXTRUMPBEARCASECOMBO,pending,1860
2026-07-04,KXTRUMPBULLCASECOMBO,pending,405
2026-07-04,KXWCAWARDCOMBO,pending,1017
2026-07-04,KXWCGOALCOMBO,pending,348
2026-07-05,KXBALANCEPOWERCOMBO,pending,31658
2026-07-05,KXBLUETSUNAMICOMBO,pending,531
2026-07-05,KXBLUEWAVECOMBO,pending,319
2026-07-05,KXCPICOMBO,pending,1300
2026-07-05,KXDEMSENATEPRIMARYCOMBO,pending,2228
2026-07-05,KXMETXCOMBO,pending,845
2026-07-05,KXMLBAWARDCOMBO,pending,67
2026-07-05,KXMVECROSSCATEGORY,correlated,45021988
2026-07-05,KXMVECROSSCATEGORY,independent,48141699
2026-07-05,KXMVESPORTSMULTIGAMEEXTENDED,correlated,340661875
2026-07-05,KXMVESPORTSMULTIGAMEEXTENDED,independent,259927363
2026-07-05,KXTRUMPBEARCASECOMBO,pending,642
2026-07-05,KXTRUMPBULLCASECOMBO,pending,636
2026-07-05,KXWCAWARDCOMBO,pending,588
2026-07-05,KXWCGOALCOMBO,pending,1762
2026-07-06,KXBALANCEPOWERCOMBO,pending,118914
2026-07-06,KXBLUETSUNAMICOMBO,pending,5927
2026-07-06,KXBLUEWAVECOMBO,pending,538
2026-07-06,KXDEMSENATEPRIMARYCOMBO,pending,495
2026-07-06,KXFEDCOMBO,pending,1464
2026-07-06,KXLEGISLATIVECOMBO,pending,1
2026-07-06,KXMETXCOMBO,pending,48138
2026-07-06,KXMLBAWARDCOMBO,pending,68
2026-07-06,KXMVECROSSCATEGORY,correlated,43018439
2026-07-06,KXMVECROSSCATEGORY,independent,38316411
2026-07-06,KXMVESPORTSMULTIGAMEEXTENDED,correlated,343872878
2026-07-06,KXMVESPORTSMULTIGAMEEXTENDED,independent,182083075
2026-07-06,KXTRUMPBEARCASECOMBO,pending,853
2026-07-06,KXTRUMPBULLCASECOMBO,pending,589
2026-07-06,KXWCAWARDCOMBO,pending,603
2026-07-06,KXWCGOALCOMBO,pending,585
2026-07-06,KXWCPREPACK,pending,136623
2026-07-07,KXAKSENGOVCOMBO,pending,1
2026-07-07,KXBALANCEPOWERCOMBO,pending,24879
2026-07-07,KXBLUETSUNAMICOMBO,pending,30
2026-07-07,KXBLUEWAVECOMBO,pending,179
2026-07-07,KXCPICOMBO,pending,8
2026-07-07,KXDEMSENATEPRIMARYCOMBO,pending,1
2026-07-07,KXFEDCOMBO,pending,211
2026-07-07,KXGASENGOVCOMBO,pending,6471
2026-07-07,KXIASENGOVCOMBO,pending,1901
2026-07-07,KXKSSENGOVCOMBO,pending,2811
2026-07-07,KXLEAVEHOUSECOMBO,pending,1
2026-07-07,KXLEGISLATIVECOMBO,pending,55
2026-07-07,KXMESENGOVCOMBO,pending,1
2026-07-07,KXMETXCOMBO,pending,6075
2026-07-07,KXMISENGOVCOMBO,pending,1
2026-07-07,KXMLBAWARDCOMBO,pending,72
2026-07-07,KXMNSENGOVCOMBO,pending,5999
2026-07-07,KXMVECROSSCATEGORY,correlated,20398653
2026-07-07,KXMVECROSSCATEGORY,independent,19139132
2026-07-07,KXMVESPORTSMULTIGAMEEXTENDED,correlated,161001696
2026-07-07,KXMVESPORTSMULTIGAMEEXTENDED,independent,110656061
2026-07-07,KXNHSENGOVCOMBO,pending,581
2026-07-07,KXOHSENGOVCOMBO,pending,1
2026-07-07,KXTRUMPBEARCASECOMBO,pending,136
2026-07-07,KXTRUMPBULLCASECOMBO,pending,23
2026-07-07,KXWCAWARDCOMBO,pending,1650
2026-07-07,KXWCGOALCOMBO,pending,240
2026-07-08,KXAKSENGOVCOMBO,pending,3952
2026-07-08,KXBALANCEPOWERCOMBO,pending,149332
2026-07-08,KXBLUETSUNAMICOMBO,pending,2116
2026-07-08,KXBLUEWAVECOMBO,pending,2579
2026-07-08,KXCPICOMBO,pending,282
2026-07-08,KXFEDCOMBO,pending,963
2026-07-08,KXGASENGOVCOMBO,pending,623
2026-07-08,KXIASENGOVCOMBO,pending,14364
2026-07-08,KXMETXCOMBO,pending,2745
2026-07-08,KXMLBAWARDCOMBO,pending,14
2026-07-08,KXMNSENGOVCOMBO,pending,443
2026-07-08,KXMVECROSSCATEGORY,correlated,17110213
2026-07-08,KXMVECROSSCATEGORY,independent,32050354
2026-07-08,KXMVESPORTSMULTIGAMEEXTENDED,correlated,154296576
2026-07-08,KXMVESPORTSMULTIGAMEEXTENDED,independent,218657645
2026-07-08,KXNHSENGOVCOMBO,pending,15351
2026-07-08,KXTRUMPBEARCASECOMBO,pending,396
2026-07-08,KXTRUMPBULLCASECOMBO,pending,1715
2026-07-08,KXWCAWARDCOMBO,pending,1411
2026-07-08,KXWCGOALCOMBO,pending,61
2026-07-09,KXAKSENGOVCOMBO,pending,10329
2026-07-09,KXBALANCEPOWERCOMBO,pending,11352
2026-07-09,KXBLUETSUNAMICOMBO,pending,728
2026-07-09,KXBLUEWAVECOMBO,pending,1105
2026-07-09,KXCPICOMBO,pending,611
2026-07-09,KXDEMSENATEPRIMARYCOMBO,pending,73
2026-07-09,KXEMPLOYMENTCOMBO,pending,4
2026-07-09,KXFEDCOMBO,pending,2274
2026-07-09,KXGASENGOVCOMBO,pending,13
2026-07-09,KXIASENGOVCOMBO,pending,2005
2026-07-09,KXLEGISLATIVECOMBO,pending,188
2026-07-09,KXMESENGOVCOMBO,pending,12967
2026-07-09,KXMETXCOMBO,pending,5953
2026-07-09,KXMISENGOVCOMBO,pending,12611
2026-07-09,KXMLBAWARDCOMBO,pending,261
2026-07-09,KXMVECROSSCATEGORY,correlated,32206623
2026-07-09,KXMVECROSSCATEGORY,independent,38093305
2026-07-09,KXMVESPORTSMULTIGAMEEXTENDED,correlated,263652524
2026-07-09,KXMVESPORTSMULTIGAMEEXTENDED,independent,207972678
2026-07-09,KXNHSENGOVCOMBO,pending,192
2026-07-09,KXTRUMPBEARCASECOMBO,pending,17
2026-07-09,KXTRUMPBULLCASECOMBO,pending,173
2026-07-09,KXWCAWARDCOMBO,pending,1786
2026-07-09,KXWCGOALCOMBO,pending,795
2026-07-09,KXWCPREPACK,pending,816724
2026-07-10,KXAKSENGOVCOMBO,pending,70
2026-07-10,KXBALANCEPOWERCOMBO,pending,10272
2026-07-10,KXBLUETSUNAMICOMBO,pending,22
2026-07-10,KXBLUEWAVECOMBO,pending,116
2026-07-10,KXCPICOMBO,pending,4156
2026-07-10,KXGASENGOVCOMBO,pending,1
2026-07-10,KXIASENGOVCOMBO,pending,1298
2026-07-10,KXLEAVEHOUSECOMBO,pending,300
2026-07-10,KXMESENGOVCOMBO,pending,633
2026-07-10,KXMETXCOMBO,pending,4864
2026-07-10,KXMISENGOVCOMBO,pending,7485
2026-07-10,KXMLBAWARDCOMBO,pending,59
2026-07-10,KXMNSENGOVCOMBO,pending,138
2026-07-10,KXMVECROSSCATEGORY,correlated,27361999
2026-07-10,KXMVECROSSCATEGORY,independent,45529082
2026-07-10,KXMVESPORTSMULTIGAMEEXTENDED,correlated,209308664
2026-07-10,KXMVESPORTSMULTIGAMEEXTENDED,independent,265730282
2026-07-10,KXNHSENGOVCOMBO,pending,4333
2026-07-10,KXTRUMPBEARCASECOMBO,pending,43
2026-07-10,KXTRUMPBULLCASECOMBO,pending,549
2026-07-10,KXWCAWARDCOMBO,pending,1213
2026-07-10,KXWCGOALCOMBO,pending,2
2026-07-10,KXWCPREPACK,pending,711828
2026-07-11,KXAKSENGOVCOMBO,pending,4995
2026-07-11,KXBALANCEPOWERCOMBO,pending,26153
2026-07-11,KXBLUETSUNAMICOMBO,pending,182
2026-07-11,KXBLUEWAVECOMBO,pending,194
2026-07-11,KXCPICOMBO,pending,107
2026-07-11,KXDEMSENATEPRIMARYCOMBO,pending,147
2026-07-11,KXEMPLOYMENTCOMBO,pending,3
2026-07-11,KXFEDCOMBO,pending,512
2026-07-11,KXGASENGOVCOMBO,pending,294
2026-07-11,KXIASENGOVCOMBO,pending,7679
2026-07-11,KXLEGISLATIVECOMBO,pending,1047
2026-07-11,KXMESENGOVCOMBO,pending,2829
2026-07-11,KXMETXCOMBO,pending,214
2026-07-11,KXMISENGOVCOMBO,pending,8946
2026-07-11,KXMLBAWARDCOMBO,pending,3621
2026-07-11,KXMNSENGOVCOMBO,pending,29
2026-07-11,KXMVECROSSCATEGORY,correlated,42139205
2026-07-11,KXMVECROSSCATEGORY,independent,73688155
2026-07-11,KXMVESPORTSMULTIGAMEEXTENDED,correlated,332675124
2026-07-11,KXMVESPORTSMULTIGAMEEXTENDED,independent,401116660
2026-07-11,KXNHSENGOVCOMBO,pending,2903
2026-07-11,KXTRUMPBEARCASECOMBO,pending,817
2026-07-11,KXTRUMPBULLCASECOMBO,pending,2434
2026-07-11,KXWCAWARDCOMBO,pending,595
2026-07-11,KXWCGOALCOMBO,pending,1232
2026-07-11,KXWCPREPACK,pending,2329723
2026-07-12,KXBALANCEPOWERCOMBO,pending,60505
2026-07-12,KXBLUETSUNAMICOMBO,pending,71
2026-07-12,KXBLUEWAVECOMBO,pending,259
2026-07-12,KXCPICOMBO,pending,110
2026-07-12,KXDEMSENATEPRIMARYCOMBO,pending,1
2026-07-12,KXFEDCOMBO,pending,1
2026-07-12,KXGASENGOVCOMBO,pending,350
2026-07-12,KXIASENGOVCOMBO,pending,1178
2026-07-12,KXLEGISLATIVECOMBO,pending,470
2026-07-12,KXMETXCOMBO,pending,619
2026-07-12,KXMISENGOVCOMBO,pending,1499
2026-07-12,KXMNSENGOVCOMBO,pending,51
2026-07-12,KXMVECROSSCATEGORY,correlated,11675303
2026-07-12,KXMVECROSSCATEGORY,independent,27558322
2026-07-12,KXMVESPORTSMULTIGAMEEXTENDED,correlated,95714493
2026-07-12,KXMVESPORTSMULTIGAMEEXTENDED,independent,177137473
2026-07-12,KXNHSENGOVCOMBO,pending,36
2026-07-12,KXTRUMPBEARCASECOMBO,pending,3201
2026-07-12,KXTRUMPBULLCASECOMBO,pending,2277
2026-07-12,KXWCAWARDCOMBO,pending,786
2026-07-12,KXWCGOALCOMBO,pending,507
2026-07-12,KXWCPREPACK,pending,5017
2026-07-13,KXBALANCEPOWERCOMBO,pending,19740
2026-07-13,KXBLUETSUNAMICOMBO,pending,78
2026-07-13,KXBLUEWAVECOMBO,pending,1217
2026-07-13,KXCPICOMBO,pending,1025
2026-07-13,KXFEDCOMBO,pending,3536
2026-07-13,KXIASENGOVCOMBO,pending,82
2026-07-13,KXLEGISLATIVECOMBO,pending,220
2026-07-13,KXMETXCOMBO,pending,1
2026-07-13,KXMISENGOVCOMBO,pending,892
2026-07-13,KXMLBAWARDCOMBO,pending,426
2026-07-13,KXMVECROSSCATEGORY,correlated,10411440
2026-07-13,KXMVECROSSCATEGORY,independent,7836128
2026-07-13,KXMVESPORTSMULTIGAMEEXTENDED,correlated,94497527
2026-07-13,KXMVESPORTSMULTIGAMEEXTENDED,independent,41932296
2026-07-13,KXNHSENGOVCOMBO,pending,850
2026-07-13,KXTRUMPBEARCASECOMBO,pending,738
2026-07-13,KXTRUMPBULLCASECOMBO,pending,129
2026-07-13,KXWCAWARDCOMBO,pending,679
2026-07-13,KXWCGOALCOMBO,pending,500
2026-07-14,KXAKSENGOVCOMBO,pending,1
2026-07-14,KXBALANCEPOWERCOMBO,pending,55751
2026-07-14,KXBLUETSUNAMICOMBO,pending,68
2026-07-14,KXBLUEWAVECOMBO,pending,1116
2026-07-14,KXCPICOMBO,pending,1117
2026-07-14,KXDEMSENATEPRIMARYCOMBO,pending,122
2026-07-14,KXFEDCOMBO,pending,2948
2026-07-14,KXIASENGOVCOMBO,pending,47
2026-07-14,KXLEGISLATIVECOMBO,pending,1646
2026-07-14,KXMETXCOMBO,pending,785
2026-07-14,KXMISENGOVCOMBO,pending,52
2026-07-14,KXMLBAWARDCOMBO,pending,117
2026-07-14,KXMVECROSSCATEGORY,correlated,31017651
2026-07-14,KXMVECROSSCATEGORY,independent,11730203
2026-07-14,KXMVESPORTSMULTIGAMEEXTENDED,correlated,262807784
2026-07-14,KXMVESPORTSMULTIGAMEEXTENDED,independent,64521529
2026-07-14,KXNHSENGOVCOMBO,pending,300
2026-07-14,KXTRUMPBEARCASECOMBO,pending,524
2026-07-14,KXTRUMPBULLCASECOMBO,pending,308
2026-07-14,KXWCAWARDCOMBO,pending,5585
2026-07-14,KXWCGOALCOMBO,pending,2658
2026-07-15,KXBALANCEPOWERCOMBO,pending,27707
2026-07-15,KXBLUETSUNAMICOMBO,pending,25
2026-07-15,KXBLUEWAVECOMBO,pending,2244
2026-07-15,KXCPICOMBO,pending,900
2026-07-15,KXEMPLOYMENTCOMBO,pending,60
2026-07-15,KXFEDCOMBO,pending,1773
2026-07-15,KXIASENGOVCOMBO,pending,297
2026-07-15,KXKSSENGOVCOMBO,pending,5
2026-07-15,KXLEGISLATIVECOMBO,pending,9
2026-07-15,KXMETXCOMBO,pending,131
2026-07-15,KXMVECROSSCATEGORY,correlated,29710899
2026-07-15,KXMVECROSSCATEGORY,independent,9860827
2026-07-15,KXMVESPORTSMULTIGAMEEXTENDED,correlated,223235840
2026-07-15,KXMVESPORTSMULTIGAMEEXTENDED,independent,59041724
2026-07-15,KXOHSENGOVCOMBO,pending,8
2026-07-15,KXTRUMPBEARCASECOMBO,pending,52
2026-07-15,KXTRUMPBULLCASECOMBO,pending,111
2026-07-15,KXWCAWARDCOMBO,pending,9979
2026-07-15,KXWCGOALCOMBO,pending,1570
2026-07-16,KXAKSENGOVCOMBO,pending,2291
2026-07-16,KXBALANCEPOWERCOMBO,pending,105595
2026-07-16,KXBLUETSUNAMICOMBO,pending,751
2026-07-16,KXBLUEWAVECOMBO,pending,7169
2026-07-16,KXCPICOMBO,pending,5303
2026-07-16,KXDEMSENATEPRIMARYCOMBO,pending,363
2026-07-16,KXFEDCOMBO,pending,1882
2026-07-16,KXGASENGOVCOMBO,pending,55
2026-07-16,KXKSSENGOVCOMBO,pending,5
2026-07-16,KXMESENGOVCOMBO,pending,1861
2026-07-16,KXMETXCOMBO,pending,16
2026-07-16,KXMLBAWARDCOMBO,pending,96
2026-07-16,KXMVECROSSCATEGORY,correlated,9614540
2026-07-16,KXMVECROSSCATEGORY,independent,9934789
2026-07-16,KXMVESPORTSMULTIGAMEEXTENDED,correlated,77936101
2026-07-16,KXMVESPORTSMULTIGAMEEXTENDED,independent,75481462
2026-07-16,KXNHSENGOVCOMBO,pending,15
2026-07-16,KXTRUMPBEARCASECOMBO,pending,5214
2026-07-16,KXTRUMPBULLCASECOMBO,pending,104
2026-07-16,KXWCAWARDCOMBO,pending,2705
2026-07-16,KXWCGOALCOMBO,pending,124
2026-07-17,KXBALANCEPOWERCOMBO,pending,6978
2026-07-17,KXBLUETSUNAMICOMBO,pending,229
2026-07-17,KXBLUEWAVECOMBO,pending,3311
2026-07-17,KXCPICOMBO,pending,32995
2026-07-17,KXDEMSENATEPRIMARYCOMBO,pending,29
2026-07-17,KXEMPLOYMENTCOMBO,pending,5
2026-07-17,KXFEDCOMBO,pending,3359
2026-07-17,KXIASENGOVCOMBO,pending,79
2026-07-17,KXMETXCOMBO,pending,6341
2026-07-17,KXMVECROSSCATEGORY,correlated,16041573
2026-07-17,KXMVECROSSCATEGORY,independent,33659284
2026-07-17,KXMVESPORTSMULTIGAMEEXTENDED,correlated,147124919
2026-07-17,KXMVESPORTSMULTIGAMEEXTENDED,independent,223884398
2026-07-17,KXOHSENGOVCOMBO,pending,198
2026-07-17,KXTRUMPBEARCASECOMBO,pending,80
2026-07-17,KXTRUMPBULLCASECOMBO,pending,17
2026-07-17,KXWCAWARDCOMBO,pending,7672
2026-07-17,KXWCGOALCOMBO,pending,112
2026-07-18,KXBALANCEPOWERCOMBO,pending,14710
2026-07-18,KXBLUETSUNAMICOMBO,pending,1241
2026-07-18,KXBLUEWAVECOMBO,pending,2308
2026-07-18,KXCPICOMBO,pending,12990
2026-07-18,KXDEMSENATEPRIMARYCOMBO,pending,8
2026-07-18,KXEMPLOYMENTCOMBO,pending,6
2026-07-18,KXFEDCOMBO,pending,266
2026-07-18,KXGASENGOVCOMBO,pending,8
2026-07-18,KXIASENGOVCOMBO,pending,446
2026-07-18,KXLEAVEHOUSECOMBO,pending,1
2026-07-18,KXLEGISLATIVECOMBO,pending,1
2026-07-18,KXMESENGOVCOMBO,pending,16
2026-07-18,KXMETXCOMBO,pending,1112
2026-07-18,KXMLBAWARDCOMBO,pending,375
2026-07-18,KXMNSENGOVCOMBO,pending,66
2026-07-18,KXMVECROSSCATEGORY,correlated,40229664
2026-07-18,KXMVECROSSCATEGORY,independent,39373862
2026-07-18,KXMVESPORTSMULTIGAMEEXTENDED,correlated,332771454
2026-07-18,KXMVESPORTSMULTIGAMEEXTENDED,independent,276339111
2026-07-18,KXTRUMPBEARCASECOMBO,pending,105
2026-07-18,KXTRUMPBULLCASECOMBO,pending,143
2026-07-18,KXWCAWARDCOMBO,pending,59835
2026-07-18,KXWCGOALCOMBO,pending,4796
2026-07-19,KXBALANCEPOWERCOMBO,pending,18909
2026-07-19,KXBLUETSUNAMICOMBO,pending,521
2026-07-19,KXBLUEWAVECOMBO,pending,1086
2026-07-19,KXCPICOMBO,pending,13254
2026-07-19,KXDEMSENATEPRIMARYCOMBO,pending,347
2026-07-19,KXEMPLOYMENTCOMBO,pending,10
2026-07-19,KXFEDCOMBO,pending,115
2026-07-19,KXGASENGOVCOMBO,pending,578
2026-07-19,KXIASENGOVCOMBO,pending,154
2026-07-19,KXMESENGOVCOMBO,pending,200
2026-07-19,KXMETXCOMBO,pending,144
2026-07-19,KXMLBAWARDCOMBO,pending,1765
2026-07-19,KXMVECROSSCATEGORY,correlated,45186089
2026-07-19,KXMVECROSSCATEGORY,independent,27191298
2026-07-19,KXMVESPORTSMULTIGAMEEXTENDED,correlated,386719886
2026-07-19,KXMVESPORTSMULTIGAMEEXTENDED,independent,216492450
2026-07-19,KXNHSENGOVCOMBO,pending,1
2026-07-19,KXOHSENGOVCOMBO,pending,67
2026-07-19,KXTRUMPBEARCASECOMBO,pending,1169
2026-07-19,KXTRUMPBULLCASECOMBO,pending,2130
2026-07-19,KXWCAWARDCOMBO,pending,230095
2026-07-19,KXWCGOALCOMBO,pending,67749
2026-07-20,KXAKSENGOVCOMBO,pending,519
2026-07-20,KXBALANCEPOWERCOMBO,pending,64182
2026-07-20,KXBLUETSUNAMICOMBO,pending,2658
2026-07-20,KXBLUEWAVECOMBO,pending,3731
2026-07-20,KXCPICOMBO,pending,584
2026-07-20,KXDEMSENATEPRIMARYCOMBO,pending,280
2026-07-20,KXFEDCOMBO,pending,609
2026-07-20,KXGASENGOVCOMBO,pending,4021
2026-07-20,KXIASENGOVCOMBO,pending,18
2026-07-20,KXKSSENGOVCOMBO,pending,10
2026-07-20,KXMESENGOVCOMBO,pending,353
2026-07-20,KXMETXCOMBO,pending,33086
2026-07-20,KXMISENGOVCOMBO,pending,1978
2026-07-20,KXMLBAWARDCOMBO,pending,329
2026-07-20,KXMNSENGOVCOMBO,pending,2
2026-07-20,KXMVECROSSCATEGORY,correlated,6401590
2026-07-20,KXMVECROSSCATEGORY,independent,31907705
2026-07-20,KXMVESPORTSMULTIGAMEEXTENDED,correlated,62200753
2026-07-20,KXMVESPORTSMULTIGAMEEXTENDED,independent,271969366
2026-07-20,KXOHSENGOVCOMBO,pending,3
2026-07-20,KXTRUMPBEARCASECOMBO,pending,87
2026-07-20,KXTRUMPBULLCASECOMBO,pending,466
2026-07-21,KXBALANCEPOWERCOMBO,pending,13812
2026-07-21,KXBLUETSUNAMICOMBO,pending,205
2026-07-21,KXBLUEWAVECOMBO,pending,472
2026-07-21,KXCPICOMBO,pending,510
2026-07-21,KXDEMSENATEPRIMARYCOMBO,pending,4
2026-07-21,KXFEDCOMBO,pending,4560
2026-07-21,KXGASENGOVCOMBO,pending,308
2026-07-21,KXIASENGOVCOMBO,pending,23
2026-07-21,KXKSSENGOVCOMBO,pending,1670
2026-07-21,KXLEAVEHOUSECOMBO,pending,500
2026-07-21,KXLEGISLATIVECOMBO,pending,511
2026-07-21,KXMESENGOVCOMBO,pending,785
2026-07-21,KXMETXCOMBO,pending,5542
2026-07-21,KXMLBAWARDCOMBO,pending,1454
2026-07-21,KXMNSENGOVCOMBO,pending,1013
2026-07-21,KXMVECROSSCATEGORY,correlated,8640361
2026-07-21,KXMVECROSSCATEGORY,independent,33620108
2026-07-21,KXMVESPORTSMULTIGAMEEXTENDED,correlated,73146469
2026-07-21,KXMVESPORTSMULTIGAMEEXTENDED,independent,298465462
2026-07-21,KXNHSENGOVCOMBO,pending,1255
2026-07-21,KXTRUMPBEARCASECOMBO,pending,49
2026-07-21,KXTRUMPBULLCASECOMBO,pending,538
2026-07-22,KXBALANCEPOWERCOMBO,pending,16631
2026-07-22,KXBLUETSUNAMICOMBO,pending,645
2026-07-22,KXBLUEWAVECOMBO,pending,1434
2026-07-22,KXCPICOMBO,pending,664
2026-07-22,KXDEMSENATEPRIMARYCOMBO,pending,14
2026-07-22,KXFEDCOMBO,pending,2429
2026-07-22,KXGASENGOVCOMBO,pending,814
2026-07-22,KXKSSENGOVCOMBO,pending,50
2026-07-22,KXLEGISLATIVECOMBO,pending,935
2026-07-22,KXMESENGOVCOMBO,pending,50
2026-07-22,KXMETXCOMBO,pending,4816
2026-07-22,KXMVECROSSCATEGORY,correlated,12622587
2026-07-22,KXMVECROSSCATEGORY,independent,45422233
2026-07-22,KXMVESPORTSMULTIGAMEEXTENDED,correlated,123995862
2026-07-22,KXMVESPORTSMULTIGAMEEXTENDED,independent,319031584
2026-07-22,KXTRUMPBEARCASECOMBO,pending,4966
2026-07-22,KXTRUMPBULLCASECOMBO,pending,7
2026-07-23,KXAKSENGOVCOMBO,pending,3144
2026-07-23,KXBALANCEPOWERCOMBO,pending,19248
2026-07-23,KXBLUETSUNAMICOMBO,pending,993
2026-07-23,KXBLUEWAVECOMBO,pending,1406
2026-07-23,KXCPICOMBO,pending,3372
2026-07-23,KXEMPLOYMENTCOMBO,pending,327
2026-07-23,KXFEDCOMBO,pending,1467
2026-07-23,KXGASENGOVCOMBO,pending,1046
2026-07-23,KXIASENGOVCOMBO,pending,77
2026-07-23,KXLEGISLATIVECOMBO,pending,98
2026-07-23,KXMESENGOVCOMBO,pending,661
2026-07-23,KXMETXCOMBO,pending,2836
2026-07-23,KXMISENGOVCOMBO,pending,189
2026-07-23,KXMLBAWARDCOMBO,pending,16
2026-07-23,KXMNSENGOVCOMBO,pending,647
2026-07-23,KXMVECROSSCATEGORY,correlated,9776793
2026-07-23,KXMVECROSSCATEGORY,independent,22438845
2026-07-23,KXMVESPORTSMULTIGAMEEXTENDED,correlated,69682032
2026-07-23,KXMVESPORTSMULTIGAMEEXTENDED,independent,147422375
2026-07-23,KXNHSENGOVCOMBO,pending,250
2026-07-23,KXOHSENGOVCOMBO,pending,61
2026-07-23,KXTRUMPBEARCASECOMBO,pending,158
2026-07-23,KXTRUMPBULLCASECOMBO,pending,1077
2026-07-24,KXAKSENGOVCOMBO,pending,1173
2026-07-24,KXBALANCEPOWERCOMBO,pending,16967
2026-07-24,KXBLUETSUNAMICOMBO,pending,2034
2026-07-24,KXBLUEWAVECOMBO,pending,975
2026-07-24,KXCPICOMBO,pending,130
2026-07-24,KXDEMSENATEPRIMARYCOMBO,pending,125
2026-07-24,KXFEDCOMBO,pending,443
2026-07-24,KXGASENGOVCOMBO,pending,819
2026-07-24,KXIASENGOVCOMBO,pending,18
2026-07-24,KXMESENGOVCOMBO,pending,324
2026-07-24,KXMETXCOMBO,pending,1253
2026-07-24,KXMNSENGOVCOMBO,pending,551
2026-07-24,KXMVECROSSCATEGORY,correlated,12691833
2026-07-24,KXMVECROSSCATEGORY,independent,40720247
2026-07-24,KXMVESPORTSMULTIGAMEEXTENDED,correlated,87838704
2026-07-24,KXMVESPORTSMULTIGAMEEXTENDED,independent,334648908
2026-07-24,KXNHSENGOVCOMBO,pending,26
2026-07-24,KXOHSENGOVCOMBO,pending,167
2026-07-24,KXTRUMPBEARCASECOMBO,pending,1768
2026-07-24,KXTRUMPBULLCASECOMBO,pending,9
2026-07-25,KXAKSENGOVCOMBO,pending,3018
2026-07-25,KXBALANCEPOWERCOMBO,pending,27794
2026-07-25,KXBLUETSUNAMICOMBO,pending,953
2026-07-25,KXBLUEWAVECOMBO,pending,1412
2026-07-25,KXCPICOMBO,pending,11
2026-07-25,KXDEMSENATEPRIMARYCOMBO,pending,13
2026-07-25,KXFEDCOMBO,pending,1298
2026-07-25,KXGASENGOVCOMBO,pending,646
2026-07-25,KXIASENGOVCOMBO,pending,768
2026-07-25,KXLEGISLATIVECOMBO,pending,22
2026-07-25,KXMETXCOMBO,pending,419
2026-07-25,KXMLBAWARDCOMBO,pending,652
2026-07-25,KXMNSENGOVCOMBO,pending,133
2026-07-25,KXMVECROSSCATEGORY,correlated,12554326
2026-07-25,KXMVECROSSCATEGORY,independent,48129830
2026-07-25,KXMVESPORTSMULTIGAMEEXTENDED,correlated,98734322
2026-07-25,KXMVESPORTSMULTIGAMEEXTENDED,independent,385940551
2026-07-25,KXNHSENGOVCOMBO,pending,372
2026-07-25,KXTRUMPBEARCASECOMBO,pending,5
2026-07-26,KXAKSENGOVCOMBO,pending,1
2026-07-26,KXBALANCEPOWERCOMBO,pending,24049
2026-07-26,KXBLUETSUNAMICOMBO,pending,2214
2026-07-26,KXBLUEWAVECOMBO,pending,1221
2026-07-26,KXCPICOMBO,pending,283
2026-07-26,KXEMPLOYMENTCOMBO,pending,346
2026-07-26,KXFEDCOMBO,pending,9722
2026-07-26,KXGASENGOVCOMBO,pending,961
2026-07-26,KXIASENGOVCOMBO,pending,1
2026-07-26,KXLEGISLATIVECOMBO,pending,101
2026-07-26,KXMETXCOMBO,pending,6422
2026-07-26,KXMLBAWARDCOMBO,pending,3754
2026-07-26,KXMNSENGOVCOMBO,pending,655
2026-07-26,KXMVECROSSCATEGORY,correlated,10888505
2026-07-26,KXMVECROSSCATEGORY,independent,31589557
2026-07-26,KXMVESPORTSMULTIGAMEEXTENDED,correlated,79310584
2026-07-26,KXMVESPORTSMULTIGAMEEXTENDED,independent,241942169
2026-07-26,KXTRUMPBEARCASECOMBO,pending,260
2026-07-26,KXTRUMPBULLCASECOMBO,pending,2258
2026-07-27,KXAKSENGOVCOMBO,pending,19
2026-07-27,KXBALANCEPOWERCOMBO,pending,90370
2026-07-27,KXBLUETSUNAMICOMBO,pending,8172
2026-07-27,KXBLUEWAVECOMBO,pending,4094
2026-07-27,KXCPICOMBO,pending,24
2026-07-27,KXFEDCOMBO,pending,35677
2026-07-27,KXGASENGOVCOMBO,pending,1031
2026-07-27,KXIASENGOVCOMBO,pending,33
2026-07-27,KXLEAVEHOUSECOMBO,pending,6
2026-07-27,KXMETXCOMBO,pending,4543
2026-07-27,KXMVECROSSCATEGORY,correlated,12394163
2026-07-27,KXMVECROSSCATEGORY,independent,34336232
2026-07-27,KXMVESPORTSMULTIGAMEEXTENDED,correlated,86249759
2026-07-27,KXMVESPORTSMULTIGAMEEXTENDED,independent,263471355
2026-07-27,KXOHSENGOVCOMBO,pending,264
2026-07-27,KXTRUMPBEARCASECOMBO,pending,138
2026-07-27,KXTRUMPBULLCASECOMBO,pending,43
2026-07-28,KXAKSENGOVCOMBO,pending,500
2026-07-28,KXBALANCEPOWERCOMBO,pending,24336
2026-07-28,KXBLUETSUNAMICOMBO,pending,1201
2026-07-28,KXBLUEWAVECOMBO,pending,7308
2026-07-28,KXCPICOMBO,pending,100
2026-07-28,KXDEMSENATEPRIMARYCOMBO,pending,22
2026-07-28,KXEMPLOYMENTCOMBO,pending,6
2026-07-28,KXFEDCOMBO,pending,79583
2026-07-28,KXGASENGOVCOMBO,pending,11
2026-07-28,KXMESENGOVCOMBO,pending,18
2026-07-28,KXMETXCOMBO,pending,7829
2026-07-28,KXMISENGOVCOMBO,pending,250
2026-07-28,KXMLBAWARDCOMBO,pending,13
2026-07-28,KXMVECROSSCATEGORY,correlated,3195296
2026-07-28,KXMVECROSSCATEGORY,independent,9718502
2026-07-28,KXMVECROSSCATEGORY,pending,6963743
2026-07-28,KXMVESPORTSMULTIGAMEEXTENDED,correlated,23925334
2026-07-28,KXMVESPORTSMULTIGAMEEXTENDED,independent,94269972
2026-07-28,KXMVESPORTSMULTIGAMEEXTENDED,pending,50606924
2026-07-28,KXTRUMPBULLCASECOMBO,pending,14
