date,category,contracts
2025-10-30,Baseball,0
2025-10-30,Basketball (college),0
2025-10-30,Basketball (pro),0
2025-10-30,Combat sports,0
2025-10-30,Cricket,0
2025-10-30,Crypto,0
2025-10-30,Economics,0
2025-10-30,Esports,0
2025-10-30,Football,412
2025-10-30,Golf,0
2025-10-30,Hockey,0
2025-10-30,Motorsport,0
2025-10-30,Politics,0
2025-10-30,Soccer,0
2025-10-30,Table tennis,0
2025-10-30,Tennis,0
2025-10-30,Unclassified,0
2025-10-30,Weather,0
2025-10-31,Baseball,0
2025-10-31,Basketball (college),0
2025-10-31,Basketball (pro),0
2025-10-31,Combat sports,0
2025-10-31,Cricket,0
2025-10-31,Crypto,0
2025-10-31,Economics,0
2025-10-31,Esports,0
2025-10-31,Football,1517
2025-10-31,Golf,0
2025-10-31,Hockey,0
2025-10-31,Motorsport,0
2025-10-31,Politics,0
2025-10-31,Soccer,0
2025-10-31,Table tennis,0
2025-10-31,Tennis,0
2025-10-31,Unclassified,0
2025-10-31,Weather,0
2025-11-01,Baseball,0
2025-11-01,Basketball (college),0
2025-11-01,Basketball (pro),0
2025-11-01,Combat sports,0
2025-11-01,Cricket,0
2025-11-01,Crypto,0
2025-11-01,Economics,0
2025-11-01,Esports,0
2025-11-01,Football,50
2025-11-01,Golf,0
2025-11-01,Hockey,0
2025-11-01,Motorsport,0
2025-11-01,Politics,0
2025-11-01,Soccer,0
2025-11-01,Table tennis,0
2025-11-01,Tennis,0
2025-11-01,Unclassified,0
2025-11-01,Weather,0
2025-11-02,Baseball,0
2025-11-02,Basketball (college),0
2025-11-02,Basketball (pro),0
2025-11-02,Combat sports,0
2025-11-02,Cricket,0
2025-11-02,Crypto,0
2025-11-02,Economics,0
2025-11-02,Esports,0
2025-11-02,Football,6583
2025-11-02,Golf,0
2025-11-02,Hockey,0
2025-11-02,Motorsport,0
2025-11-02,Politics,0
2025-11-02,Soccer,0
2025-11-02,Table tennis,0
2025-11-02,Tennis,0
2025-11-02,Unclassified,0
2025-11-02,Weather,0
2025-11-03,Baseball,0
2025-11-03,Basketball (college),0
2025-11-03,Basketball (pro),0
2025-11-03,Combat sports,0
2025-11-03,Cricket,0
2025-11-03,Crypto,0
2025-11-03,Economics,0
2025-11-03,Esports,0
2025-11-03,Football,3859
2025-11-03,Golf,0
2025-11-03,Hockey,0
2025-11-03,Motorsport,0
2025-11-03,Politics,0
2025-11-03,Soccer,0
2025-11-03,Table tennis,0
2025-11-03,Tennis,0
2025-11-03,Unclassified,0
2025-11-03,Weather,0
2025-11-04,Baseball,0
2025-11-04,Basketball (college),0
2025-11-04,Basketball (pro),0
2025-11-04,Combat sports,0
2025-11-04,Cricket,0
2025-11-04,Crypto,0
2025-11-04,Economics,0
2025-11-04,Esports,0
2025-11-04,Football,528
2025-11-04,Golf,0
2025-11-04,Hockey,0
2025-11-04,Motorsport,0
2025-11-04,Politics,0
2025-11-04,Soccer,0
2025-11-04,Table tennis,0
2025-11-04,Tennis,0
2025-11-04,Unclassified,0
2025-11-04,Weather,0
2025-11-05,Baseball,0
2025-11-05,Basketball (college),0
2025-11-05,Basketball (pro),0
2025-11-05,Combat sports,0
2025-11-05,Cricket,0
2025-11-05,Crypto,0
2025-11-05,Economics,0
2025-11-05,Esports,0
2025-11-05,Football,555
2025-11-05,Golf,0
2025-11-05,Hockey,0
2025-11-05,Motorsport,0
2025-11-05,Politics,0
2025-11-05,Soccer,0
2025-11-05,Table tennis,0
2025-11-05,Tennis,0
2025-11-05,Unclassified,0
2025-11-05,Weather,0
2025-11-06,Baseball,0
2025-11-06,Basketball (college),0
2025-11-06,Basketball (pro),0
2025-11-06,Combat sports,0
2025-11-06,Cricket,0
2025-11-06,Crypto,0
2025-11-06,Economics,0
2025-11-06,Esports,0
2025-11-06,Football,1199
2025-11-06,Golf,0
2025-11-06,Hockey,0
2025-11-06,Motorsport,0
2025-11-06,Politics,0
2025-11-06,Soccer,0
2025-11-06,Table tennis,0
2025-11-06,Tennis,0
2025-11-06,Unclassified,0
2025-11-06,Weather,0
2025-11-07,Baseball,0
2025-11-07,Basketball (college),0
2025-11-07,Basketball (pro),0
2025-11-07,Combat sports,0
2025-11-07,Cricket,0
2025-11-07,Crypto,0
2025-11-07,Economics,0
2025-11-07,Esports,0
2025-11-07,Football,664
2025-11-07,Golf,0
2025-11-07,Hockey,0
2025-11-07,Motorsport,0
2025-11-07,Politics,0
2025-11-07,Soccer,0
2025-11-07,Table tennis,0
2025-11-07,Tennis,0
2025-11-07,Unclassified,0
2025-11-07,Weather,0
2025-11-08,Baseball,0
2025-11-08,Basketball (college),0
2025-11-08,Basketball (pro),0
2025-11-08,Combat sports,0
2025-11-08,Cricket,0
2025-11-08,Crypto,0
2025-11-08,Economics,0
2025-11-08,Esports,0
2025-11-08,Football,74
2025-11-08,Golf,0
2025-11-08,Hockey,0
2025-11-08,Motorsport,0
2025-11-08,Politics,0
2025-11-08,Soccer,0
2025-11-08,Table tennis,0
2025-11-08,Tennis,0
2025-11-08,Unclassified,0
2025-11-08,Weather,0
2025-11-09,Baseball,0
2025-11-09,Basketball (college),0
2025-11-09,Basketball (pro),39
2025-11-09,Combat sports,0
2025-11-09,Cricket,0
2025-11-09,Crypto,0
2025-11-09,Economics,0
2025-11-09,Esports,0
2025-11-09,Football,12311
2025-11-09,Golf,0
2025-11-09,Hockey,0
2025-11-09,Motorsport,0
2025-11-09,Politics,0
2025-11-09,Soccer,0
2025-11-09,Table tennis,0
2025-11-09,Tennis,0
2025-11-09,Unclassified,0
2025-11-09,Weather,0
2025-11-10,Baseball,0
2025-11-10,Basketball (college),0
2025-11-10,Basketball (pro),680
2025-11-10,Combat sports,0
2025-11-10,Cricket,0
2025-11-10,Crypto,0
2025-11-10,Economics,0
2025-11-10,Esports,0
2025-11-10,Football,11462
2025-11-10,Golf,0
2025-11-10,Hockey,0
2025-11-10,Motorsport,0
2025-11-10,Politics,0
2025-11-10,Soccer,0
2025-11-10,Table tennis,0
2025-11-10,Tennis,0
2025-11-10,Unclassified,0
2025-11-10,Weather,0
2025-11-11,Baseball,0
2025-11-11,Basketball (college),0
2025-11-11,Basketball (pro),278
2025-11-11,Combat sports,0
2025-11-11,Cricket,0
2025-11-11,Crypto,0
2025-11-11,Economics,0
2025-11-11,Esports,0
2025-11-11,Football,2959
2025-11-11,Golf,0
2025-11-11,Hockey,0
2025-11-11,Motorsport,0
2025-11-11,Politics,0
2025-11-11,Soccer,0
2025-11-11,Table tennis,0
2025-11-11,Tennis,0
2025-11-11,Unclassified,0
2025-11-11,Weather,0
2025-11-12,Baseball,0
2025-11-12,Basketball (college),0
2025-11-12,Basketball (pro),297
2025-11-12,Combat sports,0
2025-11-12,Cricket,0
2025-11-12,Crypto,0
2025-11-12,Economics,0
2025-11-12,Esports,0
2025-11-12,Football,553
2025-11-12,Golf,0
2025-11-12,Hockey,0
2025-11-12,Motorsport,0
2025-11-12,Politics,0
2025-11-12,Soccer,0
2025-11-12,Table tennis,0
2025-11-12,Tennis,0
2025-11-12,Unclassified,0
2025-11-12,Weather,0
2025-11-13,Baseball,0
2025-11-13,Basketball (college),0
2025-11-13,Basketball (pro),5039
2025-11-13,Combat sports,0
2025-11-13,Cricket,0
2025-11-13,Crypto,0
2025-11-13,Economics,0
2025-11-13,Esports,0
2025-11-13,Football,138
2025-11-13,Golf,0
2025-11-13,Hockey,0
2025-11-13,Motorsport,0
2025-11-13,Politics,0
2025-11-13,Soccer,0
2025-11-13,Table tennis,0
2025-11-13,Tennis,0
2025-11-13,Unclassified,0
2025-11-13,Weather,0
2025-11-14,Baseball,0
2025-11-14,Basketball (college),0
2025-11-14,Basketball (pro),208
2025-11-14,Combat sports,0
2025-11-14,Cricket,0
2025-11-14,Crypto,0
2025-11-14,Economics,0
2025-11-14,Esports,0
2025-11-14,Football,4653
2025-11-14,Golf,0
2025-11-14,Hockey,0
2025-11-14,Motorsport,0
2025-11-14,Politics,0
2025-11-14,Soccer,0
2025-11-14,Table tennis,0
2025-11-14,Tennis,0
2025-11-14,Unclassified,0
2025-11-14,Weather,0
2025-11-15,Baseball,0
2025-11-15,Basketball (college),0
2025-11-15,Basketball (pro),7544
2025-11-15,Combat sports,0
2025-11-15,Cricket,0
2025-11-15,Crypto,0
2025-11-15,Economics,0
2025-11-15,Esports,0
2025-11-15,Football,145
2025-11-15,Golf,0
2025-11-15,Hockey,0
2025-11-15,Motorsport,0
2025-11-15,Politics,0
2025-11-15,Soccer,0
2025-11-15,Table tennis,0
2025-11-15,Tennis,0
2025-11-15,Unclassified,0
2025-11-15,Weather,0
2025-11-16,Baseball,0
2025-11-16,Basketball (college),0
2025-11-16,Basketball (pro),3035
2025-11-16,Combat sports,0
2025-11-16,Cricket,0
2025-11-16,Crypto,0
2025-11-16,Economics,0
2025-11-16,Esports,0
2025-11-16,Football,282413
2025-11-16,Golf,0
2025-11-16,Hockey,0
2025-11-16,Motorsport,0
2025-11-16,Politics,0
2025-11-16,Soccer,0
2025-11-16,Table tennis,0
2025-11-16,Tennis,0
2025-11-16,Unclassified,0
2025-11-16,Weather,0
2025-11-17,Baseball,0
2025-11-17,Basketball (college),0
2025-11-17,Basketball (pro),236629
2025-11-17,Combat sports,0
2025-11-17,Cricket,0
2025-11-17,Crypto,0
2025-11-17,Economics,0
2025-11-17,Esports,0
2025-11-17,Football,217773
2025-11-17,Golf,0
2025-11-17,Hockey,0
2025-11-17,Motorsport,0
2025-11-17,Politics,0
2025-11-17,Soccer,0
2025-11-17,Table tennis,0
2025-11-17,Tennis,0
2025-11-17,Unclassified,0
2025-11-17,Weather,0
2025-11-18,Baseball,0
2025-11-18,Basketball (college),0
2025-11-18,Basketball (pro),6591
2025-11-18,Combat sports,0
2025-11-18,Cricket,0
2025-11-18,Crypto,0
2025-11-18,Economics,0
2025-11-18,Esports,0
2025-11-18,Football,10236
2025-11-18,Golf,0
2025-11-18,Hockey,0
2025-11-18,Motorsport,0
2025-11-18,Politics,0
2025-11-18,Soccer,0
2025-11-18,Table tennis,0
2025-11-18,Tennis,0
2025-11-18,Unclassified,0
2025-11-18,Weather,0
2025-11-19,Baseball,0
2025-11-19,Basketball (college),0
2025-11-19,Basketball (pro),4216
2025-11-19,Combat sports,0
2025-11-19,Cricket,0
2025-11-19,Crypto,0
2025-11-19,Economics,0
2025-11-19,Esports,0
2025-11-19,Football,2534
2025-11-19,Golf,0
2025-11-19,Hockey,0
2025-11-19,Motorsport,0
2025-11-19,Politics,0
2025-11-19,Soccer,0
2025-11-19,Table tennis,0
2025-11-19,Tennis,0
2025-11-19,Unclassified,0
2025-11-19,Weather,0
2025-11-20,Baseball,0
2025-11-20,Basketball (college),0
2025-11-20,Basketball (pro),5056
2025-11-20,Combat sports,0
2025-11-20,Cricket,0
2025-11-20,Crypto,0
2025-11-20,Economics,0
2025-11-20,Esports,0
2025-11-20,Football,906
2025-11-20,Golf,0
2025-11-20,Hockey,0
2025-11-20,Motorsport,0
2025-11-20,Politics,0
2025-11-20,Soccer,0
2025-11-20,Table tennis,0
2025-11-20,Tennis,0
2025-11-20,Unclassified,0
2025-11-20,Weather,0
2025-11-21,Baseball,0
2025-11-21,Basketball (college),0
2025-11-21,Basketball (pro),2377
2025-11-21,Combat sports,0
2025-11-21,Cricket,0
2025-11-21,Crypto,0
2025-11-21,Economics,0
2025-11-21,Esports,0
2025-11-21,Football,7093
2025-11-21,Golf,0
2025-11-21,Hockey,0
2025-11-21,Motorsport,0
2025-11-21,Politics,0
2025-11-21,Soccer,0
2025-11-21,Table tennis,0
2025-11-21,Tennis,0
2025-11-21,Unclassified,0
2025-11-21,Weather,0
2025-11-22,Baseball,0
2025-11-22,Basketball (college),0
2025-11-22,Basketball (pro),2771
2025-11-22,Combat sports,0
2025-11-22,Cricket,0
2025-11-22,Crypto,0
2025-11-22,Economics,0
2025-11-22,Esports,0
2025-11-22,Football,542
2025-11-22,Golf,0
2025-11-22,Hockey,0
2025-11-22,Motorsport,0
2025-11-22,Politics,0
2025-11-22,Soccer,0
2025-11-22,Table tennis,0
2025-11-22,Tennis,0
2025-11-22,Unclassified,0
2025-11-22,Weather,0
2025-11-23,Baseball,0
2025-11-23,Basketball (college),0
2025-11-23,Basketball (pro),3728
2025-11-23,Combat sports,0
2025-11-23,Cricket,0
2025-11-23,Crypto,0
2025-11-23,Economics,0
2025-11-23,Esports,0
2025-11-23,Football,217042
2025-11-23,Golf,0
2025-11-23,Hockey,0
2025-11-23,Motorsport,0
2025-11-23,Politics,0
2025-11-23,Soccer,0
2025-11-23,Table tennis,0
2025-11-23,Tennis,0
2025-11-23,Unclassified,0
2025-11-23,Weather,0
2025-11-24,Baseball,0
2025-11-24,Basketball (college),0
2025-11-24,Basketball (pro),6509
2025-11-24,Combat sports,0
2025-11-24,Cricket,0
2025-11-24,Crypto,0
2025-11-24,Economics,0
2025-11-24,Esports,0
2025-11-24,Football,254282
2025-11-24,Golf,0
2025-11-24,Hockey,0
2025-11-24,Motorsport,0
2025-11-24,Politics,0
2025-11-24,Soccer,0
2025-11-24,Table tennis,0
2025-11-24,Tennis,0
2025-11-24,Unclassified,0
2025-11-24,Weather,0
2025-11-25,Baseball,0
2025-11-25,Basketball (college),0
2025-11-25,Basketball (pro),4884
2025-11-25,Combat sports,0
2025-11-25,Cricket,0
2025-11-25,Crypto,0
2025-11-25,Economics,0
2025-11-25,Esports,0
2025-11-25,Football,61053
2025-11-25,Golf,0
2025-11-25,Hockey,0
2025-11-25,Motorsport,0
2025-11-25,Politics,0
2025-11-25,Soccer,0
2025-11-25,Table tennis,0
2025-11-25,Tennis,0
2025-11-25,Unclassified,0
2025-11-25,Weather,0
2025-11-26,Baseball,0
2025-11-26,Basketball (college),0
2025-11-26,Basketball (pro),4451
2025-11-26,Combat sports,0
2025-11-26,Cricket,0
2025-11-26,Crypto,0
2025-11-26,Economics,0
2025-11-26,Esports,0
2025-11-26,Football,181
2025-11-26,Golf,0
2025-11-26,Hockey,0
2025-11-26,Motorsport,0
2025-11-26,Politics,0
2025-11-26,Soccer,0
2025-11-26,Table tennis,0
2025-11-26,Tennis,0
2025-11-26,Unclassified,0
2025-11-26,Weather,0
2025-11-27,Baseball,0
2025-11-27,Basketball (college),0
2025-11-27,Basketball (pro),4072
2025-11-27,Combat sports,0
2025-11-27,Cricket,0
2025-11-27,Crypto,0
2025-11-27,Economics,0
2025-11-27,Esports,0
2025-11-27,Football,35764
2025-11-27,Golf,0
2025-11-27,Hockey,0
2025-11-27,Motorsport,0
2025-11-27,Politics,0
2025-11-27,Soccer,0
2025-11-27,Table tennis,0
2025-11-27,Tennis,0
2025-11-27,Unclassified,0
2025-11-27,Weather,0
2025-11-28,Baseball,0
2025-11-28,Basketball (college),0
2025-11-28,Basketball (pro),3605
2025-11-28,Combat sports,0
2025-11-28,Cricket,0
2025-11-28,Crypto,0
2025-11-28,Economics,0
2025-11-28,Esports,0
2025-11-28,Football,73442
2025-11-28,Golf,0
2025-11-28,Hockey,0
2025-11-28,Motorsport,0
2025-11-28,Politics,0
2025-11-28,Soccer,0
2025-11-28,Table tennis,0
2025-11-28,Tennis,0
2025-11-28,Unclassified,0
2025-11-28,Weather,0
2025-11-29,Baseball,0
2025-11-29,Basketball (college),0
2025-11-29,Basketball (pro),94344
2025-11-29,Combat sports,0
2025-11-29,Cricket,0
2025-11-29,Crypto,0
2025-11-29,Economics,0
2025-11-29,Esports,0
2025-11-29,Football,2276
2025-11-29,Golf,0
2025-11-29,Hockey,0
2025-11-29,Motorsport,0
2025-11-29,Politics,0
2025-11-29,Soccer,0
2025-11-29,Table tennis,0
2025-11-29,Tennis,0
2025-11-29,Unclassified,0
2025-11-29,Weather,0
2025-11-30,Baseball,0
2025-11-30,Basketball (college),0
2025-11-30,Basketball (pro),16074
2025-11-30,Combat sports,0
2025-11-30,Cricket,0
2025-11-30,Crypto,0
2025-11-30,Economics,0
2025-11-30,Esports,0
2025-11-30,Football,341299
2025-11-30,Golf,0
2025-11-30,Hockey,0
2025-11-30,Motorsport,0
2025-11-30,Politics,0
2025-11-30,Soccer,0
2025-11-30,Table tennis,0
2025-11-30,Tennis,0
2025-11-30,Unclassified,0
2025-11-30,Weather,0
2025-12-01,Baseball,0
2025-12-01,Basketball (college),0
2025-12-01,Basketball (pro),958767
2025-12-01,Combat sports,0
2025-12-01,Cricket,0
2025-12-01,Crypto,0
2025-12-01,Economics,0
2025-12-01,Esports,0
2025-12-01,Football,262807
2025-12-01,Golf,0
2025-12-01,Hockey,0
2025-12-01,Motorsport,0
2025-12-01,Politics,0
2025-12-01,Soccer,0
2025-12-01,Table tennis,0
2025-12-01,Tennis,0
2025-12-01,Unclassified,0
2025-12-01,Weather,0
2025-12-02,Baseball,0
2025-12-02,Basketball (college),0
2025-12-02,Basketball (pro),317050
2025-12-02,Combat sports,0
2025-12-02,Cricket,0
2025-12-02,Crypto,0
2025-12-02,Economics,0
2025-12-02,Esports,0
2025-12-02,Football,88512
2025-12-02,Golf,0
2025-12-02,Hockey,0
2025-12-02,Motorsport,0
2025-12-02,Politics,0
2025-12-02,Soccer,0
2025-12-02,Table tennis,0
2025-12-02,Tennis,0
2025-12-02,Unclassified,0
2025-12-02,Weather,0
2025-12-03,Baseball,0
2025-12-03,Basketball (college),0
2025-12-03,Basketball (pro),469287
2025-12-03,Combat sports,0
2025-12-03,Cricket,0
2025-12-03,Crypto,0
2025-12-03,Economics,0
2025-12-03,Esports,0
2025-12-03,Football,10748
2025-12-03,Golf,0
2025-12-03,Hockey,0
2025-12-03,Motorsport,0
2025-12-03,Politics,0
2025-12-03,Soccer,0
2025-12-03,Table tennis,0
2025-12-03,Tennis,0
2025-12-03,Unclassified,0
2025-12-03,Weather,0
2025-12-04,Baseball,0
2025-12-04,Basketball (college),0
2025-12-04,Basketball (pro),578064
2025-12-04,Combat sports,0
2025-12-04,Cricket,0
2025-12-04,Crypto,0
2025-12-04,Economics,0
2025-12-04,Esports,0
2025-12-04,Football,49557
2025-12-04,Golf,0
2025-12-04,Hockey,0
2025-12-04,Motorsport,0
2025-12-04,Politics,0
2025-12-04,Soccer,0
2025-12-04,Table tennis,0
2025-12-04,Tennis,0
2025-12-04,Unclassified,0
2025-12-04,Weather,0
2025-12-05,Baseball,0
2025-12-05,Basketball (college),0
2025-12-05,Basketball (pro),553220
2025-12-05,Combat sports,0
2025-12-05,Cricket,0
2025-12-05,Crypto,0
2025-12-05,Economics,0
2025-12-05,Esports,0
2025-12-05,Football,388972
2025-12-05,Golf,0
2025-12-05,Hockey,0
2025-12-05,Motorsport,0
2025-12-05,Politics,0
2025-12-05,Soccer,0
2025-12-05,Table tennis,0
2025-12-05,Tennis,0
2025-12-05,Unclassified,0
2025-12-05,Weather,0
2025-12-06,Baseball,0
2025-12-06,Basketball (college),0
2025-12-06,Basketball (pro),1033718
2025-12-06,Combat sports,0
2025-12-06,Cricket,0
2025-12-06,Crypto,0
2025-12-06,Economics,0
2025-12-06,Esports,0
2025-12-06,Football,295702
2025-12-06,Golf,0
2025-12-06,Hockey,0
2025-12-06,Motorsport,0
2025-12-06,Politics,0
2025-12-06,Soccer,0
2025-12-06,Table tennis,0
2025-12-06,Tennis,0
2025-12-06,Unclassified,0
2025-12-06,Weather,0
2025-12-07,Baseball,0
2025-12-07,Basketball (college),0
2025-12-07,Basketball (pro),155769
2025-12-07,Combat sports,0
2025-12-07,Cricket,0
2025-12-07,Crypto,0
2025-12-07,Economics,0
2025-12-07,Esports,0
2025-12-07,Football,2374609
2025-12-07,Golf,0
2025-12-07,Hockey,122
2025-12-07,Motorsport,0
2025-12-07,Politics,0
2025-12-07,Soccer,0
2025-12-07,Table tennis,0
2025-12-07,Tennis,0
2025-12-07,Unclassified,0
2025-12-07,Weather,0
2025-12-08,Baseball,0
2025-12-08,Basketball (college),0
2025-12-08,Basketball (pro),294954
2025-12-08,Combat sports,0
2025-12-08,Cricket,0
2025-12-08,Crypto,0
2025-12-08,Economics,0
2025-12-08,Esports,0
2025-12-08,Football,486867
2025-12-08,Golf,0
2025-12-08,Hockey,250
2025-12-08,Motorsport,0
2025-12-08,Politics,0
2025-12-08,Soccer,0
2025-12-08,Table tennis,0
2025-12-08,Tennis,0
2025-12-08,Unclassified,0
2025-12-08,Weather,0
2025-12-09,Baseball,0
2025-12-09,Basketball (college),0
2025-12-09,Basketball (pro),127361
2025-12-09,Combat sports,0
2025-12-09,Cricket,0
2025-12-09,Crypto,0
2025-12-09,Economics,0
2025-12-09,Esports,0
2025-12-09,Football,177804
2025-12-09,Golf,0
2025-12-09,Hockey,51740
2025-12-09,Motorsport,0
2025-12-09,Politics,0
2025-12-09,Soccer,0
2025-12-09,Table tennis,0
2025-12-09,Tennis,0
2025-12-09,Unclassified,0
2025-12-09,Weather,0
2025-12-10,Baseball,0
2025-12-10,Basketball (college),581
2025-12-10,Basketball (pro),225444
2025-12-10,Combat sports,0
2025-12-10,Cricket,0
2025-12-10,Crypto,0
2025-12-10,Economics,0
2025-12-10,Esports,0
2025-12-10,Football,16881
2025-12-10,Golf,0
2025-12-10,Hockey,238911
2025-12-10,Motorsport,0
2025-12-10,Politics,0
2025-12-10,Soccer,0
2025-12-10,Table tennis,0
2025-12-10,Tennis,0
2025-12-10,Unclassified,0
2025-12-10,Weather,0
2025-12-11,Baseball,0
2025-12-11,Basketball (college),393
2025-12-11,Basketball (pro),282005
2025-12-11,Combat sports,0
2025-12-11,Cricket,0
2025-12-11,Crypto,0
2025-12-11,Economics,0
2025-12-11,Esports,0
2025-12-11,Football,48058
2025-12-11,Golf,0
2025-12-11,Hockey,103581
2025-12-11,Motorsport,0
2025-12-11,Politics,0
2025-12-11,Soccer,0
2025-12-11,Table tennis,0
2025-12-11,Tennis,0
2025-12-11,Unclassified,0
2025-12-11,Weather,0
2025-12-12,Baseball,0
2025-12-12,Basketball (college),5242
2025-12-12,Basketball (pro),364852
2025-12-12,Combat sports,0
2025-12-12,Cricket,0
2025-12-12,Crypto,0
2025-12-12,Economics,0
2025-12-12,Esports,0
2025-12-12,Football,397557
2025-12-12,Golf,0
2025-12-12,Hockey,147359
2025-12-12,Motorsport,0
2025-12-12,Politics,0
2025-12-12,Soccer,0
2025-12-12,Table tennis,0
2025-12-12,Tennis,0
2025-12-12,Unclassified,0
2025-12-12,Weather,0
2025-12-13,Baseball,0
2025-12-13,Basketball (college),251564
2025-12-13,Basketball (pro),1031505
2025-12-13,Combat sports,0
2025-12-13,Cricket,0
2025-12-13,Crypto,0
2025-12-13,Economics,0
2025-12-13,Esports,0
2025-12-13,Football,77973
2025-12-13,Golf,0
2025-12-13,Hockey,143734
2025-12-13,Motorsport,0
2025-12-13,Politics,0
2025-12-13,Soccer,0
2025-12-13,Table tennis,0
2025-12-13,Tennis,0
2025-12-13,Unclassified,0
2025-12-13,Weather,0
2025-12-14,Baseball,0
2025-12-14,Basketball (college),257046
2025-12-14,Basketball (pro),527734
2025-12-14,Combat sports,0
2025-12-14,Cricket,0
2025-12-14,Crypto,0
2025-12-14,Economics,0
2025-12-14,Esports,0
2025-12-14,Football,1343986
2025-12-14,Golf,0
2025-12-14,Hockey,118616
2025-12-14,Motorsport,0
2025-12-14,Politics,0
2025-12-14,Soccer,0
2025-12-14,Table tennis,0
2025-12-14,Tennis,0
2025-12-14,Unclassified,0
2025-12-14,Weather,0
2025-12-15,Baseball,0
2025-12-15,Basketball (college),30583
2025-12-15,Basketball (pro),626279
2025-12-15,Combat sports,0
2025-12-15,Cricket,0
2025-12-15,Crypto,0
2025-12-15,Economics,0
2025-12-15,Esports,0
2025-12-15,Football,1108075
2025-12-15,Golf,0
2025-12-15,Hockey,49085
2025-12-15,Motorsport,0
2025-12-15,Politics,0
2025-12-15,Soccer,0
2025-12-15,Table tennis,0
2025-12-15,Tennis,0
2025-12-15,Unclassified,0
2025-12-15,Weather,0
2025-12-16,Baseball,0
2025-12-16,Basketball (college),136294
2025-12-16,Basketball (pro),651837
2025-12-16,Combat sports,0
2025-12-16,Cricket,0
2025-12-16,Crypto,0
2025-12-16,Economics,0
2025-12-16,Esports,0
2025-12-16,Football,194911
2025-12-16,Golf,0
2025-12-16,Hockey,107706
2025-12-16,Motorsport,0
2025-12-16,Politics,0
2025-12-16,Soccer,0
2025-12-16,Table tennis,0
2025-12-16,Tennis,0
2025-12-16,Unclassified,0
2025-12-16,Weather,0
2025-12-17,Baseball,0
2025-12-17,Basketball (college),274559
2025-12-17,Basketball (pro),194413
2025-12-17,Combat sports,0
2025-12-17,Cricket,0
2025-12-17,Crypto,0
2025-12-17,Economics,0
2025-12-17,Esports,0
2025-12-17,Football,109042
2025-12-17,Golf,0
2025-12-17,Hockey,173160
2025-12-17,Motorsport,0
2025-12-17,Politics,0
2025-12-17,Soccer,0
2025-12-17,Table tennis,0
2025-12-17,Tennis,0
2025-12-17,Unclassified,0
2025-12-17,Weather,0
2025-12-18,Baseball,0
2025-12-18,Basketball (college),711866
2025-12-18,Basketball (pro),542069
2025-12-18,Combat sports,0
2025-12-18,Cricket,0
2025-12-18,Crypto,0
2025-12-18,Economics,0
2025-12-18,Esports,0
2025-12-18,Football,158497
2025-12-18,Golf,0
2025-12-18,Hockey,294587
2025-12-18,Motorsport,0
2025-12-18,Politics,0
2025-12-18,Soccer,0
2025-12-18,Table tennis,0
2025-12-18,Tennis,0
2025-12-18,Unclassified,0
2025-12-18,Weather,0
2025-12-19,Baseball,0
2025-12-19,Basketball (college),1085188
2025-12-19,Basketball (pro),2649529
2025-12-19,Combat sports,0
2025-12-19,Cricket,0
2025-12-19,Crypto,0
2025-12-19,Economics,0
2025-12-19,Esports,0
2025-12-19,Football,876329
2025-12-19,Golf,0
2025-12-19,Hockey,195149
2025-12-19,Motorsport,0
2025-12-19,Politics,0
2025-12-19,Soccer,0
2025-12-19,Table tennis,0
2025-12-19,Tennis,0
2025-12-19,Unclassified,0
2025-12-19,Weather,0
2025-12-20,Baseball,0
2025-12-20,Basketball (college),1771021
2025-12-20,Basketball (pro),1803183
2025-12-20,Combat sports,0
2025-12-20,Cricket,0
2025-12-20,Crypto,0
2025-12-20,Economics,0
2025-12-20,Esports,0
2025-12-20,Football,859712
2025-12-20,Golf,0
2025-12-20,Hockey,259091
2025-12-20,Motorsport,0
2025-12-20,Politics,0
2025-12-20,Soccer,0
2025-12-20,Table tennis,0
2025-12-20,Tennis,0
2025-12-20,Unclassified,0
2025-12-20,Weather,0
2025-12-21,Baseball,0
2025-12-21,Basketball (college),1544269
2025-12-21,Basketball (pro),1889229
2025-12-21,Combat sports,0
2025-12-21,Cricket,0
2025-12-21,Crypto,0
2025-12-21,Economics,0
2025-12-21,Esports,0
2025-12-21,Football,2485512
2025-12-21,Golf,0
2025-12-21,Hockey,319565
2025-12-21,Motorsport,0
2025-12-21,Politics,0
2025-12-21,Soccer,0
2025-12-21,Table tennis,0
2025-12-21,Tennis,0
2025-12-21,Unclassified,0
2025-12-21,Weather,0
2025-12-22,Baseball,0
2025-12-22,Basketball (college),620890
2025-12-22,Basketball (pro),898379
2025-12-22,Combat sports,0
2025-12-22,Cricket,0
2025-12-22,Crypto,0
2025-12-22,Economics,0
2025-12-22,Esports,0
2025-12-22,Football,2155508
2025-12-22,Golf,0
2025-12-22,Hockey,180968
2025-12-22,Motorsport,0
2025-12-22,Politics,0
2025-12-22,Soccer,0
2025-12-22,Table tennis,0
2025-12-22,Tennis,0
2025-12-22,Unclassified,0
2025-12-22,Weather,0
2025-12-23,Baseball,0
2025-12-23,Basketball (college),826967
2025-12-23,Basketball (pro),1109838
2025-12-23,Combat sports,0
2025-12-23,Cricket,0
2025-12-23,Crypto,0
2025-12-23,Economics,0
2025-12-23,Esports,0
2025-12-23,Football,890335
2025-12-23,Golf,0
2025-12-23,Hockey,351492
2025-12-23,Motorsport,0
2025-12-23,Politics,0
2025-12-23,Soccer,0
2025-12-23,Table tennis,0
2025-12-23,Tennis,0
2025-12-23,Unclassified,0
2025-12-23,Weather,0
2025-12-24,Baseball,0
2025-12-24,Basketball (college),184192
2025-12-24,Basketball (pro),1830391
2025-12-24,Combat sports,0
2025-12-24,Cricket,0
2025-12-24,Crypto,0
2025-12-24,Economics,0
2025-12-24,Esports,0
2025-12-24,Football,836017
2025-12-24,Golf,0
2025-12-24,Hockey,343006
2025-12-24,Motorsport,0
2025-12-24,Politics,0
2025-12-24,Soccer,0
2025-12-24,Table tennis,0
2025-12-24,Tennis,0
2025-12-24,Unclassified,0
2025-12-24,Weather,0
2025-12-25,Baseball,0
2025-12-25,Basketball (college),0
2025-12-25,Basketball (pro),1767547
2025-12-25,Combat sports,0
2025-12-25,Cricket,0
2025-12-25,Crypto,0
2025-12-25,Economics,0
2025-12-25,Esports,0
2025-12-25,Football,1759543
2025-12-25,Golf,0
2025-12-25,Hockey,1392
2025-12-25,Motorsport,0
2025-12-25,Politics,0
2025-12-25,Soccer,0
2025-12-25,Table tennis,0
2025-12-25,Tennis,0
2025-12-25,Unclassified,0
2025-12-25,Weather,0
2025-12-26,Baseball,0
2025-12-26,Basketball (college),777
2025-12-26,Basketball (pro),2065872
2025-12-26,Combat sports,0
2025-12-26,Cricket,0
2025-12-26,Crypto,0
2025-12-26,Economics,0
2025-12-26,Esports,0
2025-12-26,Football,2091341
2025-12-26,Golf,0
2025-12-26,Hockey,17853
2025-12-26,Motorsport,0
2025-12-26,Politics,0
2025-12-26,Soccer,0
2025-12-26,Table tennis,0
2025-12-26,Tennis,0
2025-12-26,Unclassified,0
2025-12-26,Weather,0
2025-12-27,Baseball,0
2025-12-27,Basketball (college),4704
2025-12-27,Basketball (pro),2694293
2025-12-27,Combat sports,0
2025-12-27,Cricket,0
2025-12-27,Crypto,0
2025-12-27,Economics,0
2025-12-27,Esports,0
2025-12-27,Football,2410951
2025-12-27,Golf,0
2025-12-27,Hockey,71339
2025-12-27,Motorsport,0
2025-12-27,Politics,0
2025-12-27,Soccer,0
2025-12-27,Table tennis,0
2025-12-27,Tennis,0
2025-12-27,Unclassified,0
2025-12-27,Weather,0
2025-12-28,Baseball,0
2025-12-28,Basketball (college),279481
2025-12-28,Basketball (pro),2550810
2025-12-28,Combat sports,0
2025-12-28,Cricket,0
2025-12-28,Crypto,0
2025-12-28,Economics,0
2025-12-28,Esports,0
2025-12-28,Football,4969136
2025-12-28,Golf,0
2025-12-28,Hockey,755986
2025-12-28,Motorsport,0
2025-12-28,Politics,0
2025-12-28,Soccer,0
2025-12-28,Table tennis,0
2025-12-28,Tennis,0
2025-12-28,Unclassified,0
2025-12-28,Weather,0
2025-12-29,Baseball,0
2025-12-29,Basketball (college),528151
2025-12-29,Basketball (pro),2103867
2025-12-29,Combat sports,0
2025-12-29,Cricket,0
2025-12-29,Crypto,0
2025-12-29,Economics,0
2025-12-29,Esports,0
2025-12-29,Football,2818355
2025-12-29,Golf,0
2025-12-29,Hockey,225701
2025-12-29,Motorsport,0
2025-12-29,Politics,0
2025-12-29,Soccer,0
2025-12-29,Table tennis,0
2025-12-29,Tennis,0
2025-12-29,Unclassified,0
2025-12-29,Weather,0
2025-12-30,Baseball,0
2025-12-30,Basketball (college),1027130
2025-12-30,Basketball (pro),2347578
2025-12-30,Combat sports,0
2025-12-30,Cricket,0
2025-12-30,Crypto,0
2025-12-30,Economics,0
2025-12-30,Esports,0
2025-12-30,Football,1454449
2025-12-30,Golf,0
2025-12-30,Hockey,317199
2025-12-30,Motorsport,0
2025-12-30,Politics,0
2025-12-30,Soccer,0
2025-12-30,Table tennis,0
2025-12-30,Tennis,0
2025-12-30,Unclassified,0
2025-12-30,Weather,0
2025-12-31,Baseball,0
2025-12-31,Basketball (college),2609067
2025-12-31,Basketball (pro),2225581
2025-12-31,Combat sports,0
2025-12-31,Cricket,0
2025-12-31,Crypto,0
2025-12-31,Economics,0
2025-12-31,Esports,0
2025-12-31,Football,1752222
2025-12-31,Golf,0
2025-12-31,Hockey,410473
2025-12-31,Motorsport,0
2025-12-31,Politics,0
2025-12-31,Soccer,0
2025-12-31,Table tennis,0
2025-12-31,Tennis,0
2025-12-31,Unclassified,0
2025-12-31,Weather,0
2026-01-01,Baseball,0
2026-01-01,Basketball (college),881022
2026-01-01,Basketball (pro),2625030
2026-01-01,Combat sports,0
2026-01-01,Cricket,0
2026-01-01,Crypto,0
2026-01-01,Economics,0
2026-01-01,Esports,0
2026-01-01,Football,2302347
2026-01-01,Golf,0
2026-01-01,Hockey,555064
2026-01-01,Motorsport,0
2026-01-01,Politics,0
2026-01-01,Soccer,0
2026-01-01,Table tennis,0
2026-01-01,Tennis,0
2026-01-01,Unclassified,0
2026-01-01,Weather,0
2026-01-02,Baseball,0
2026-01-02,Basketball (college),901217
2026-01-02,Basketball (pro),1844876
2026-01-02,Combat sports,0
2026-01-02,Cricket,0
2026-01-02,Crypto,0
2026-01-02,Economics,0
2026-01-02,Esports,0
2026-01-02,Football,1416332
2026-01-02,Golf,0
2026-01-02,Hockey,470589
2026-01-02,Motorsport,0
2026-01-02,Politics,0
2026-01-02,Soccer,0
2026-01-02,Table tennis,0
2026-01-02,Tennis,0
2026-01-02,Unclassified,0
2026-01-02,Weather,0
2026-01-03,Baseball,0
2026-01-03,Basketball (college),2481231
2026-01-03,Basketball (pro),2302950
2026-01-03,Combat sports,0
2026-01-03,Cricket,0
2026-01-03,Crypto,0
2026-01-03,Economics,0
2026-01-03,Esports,0
2026-01-03,Football,959923
2026-01-03,Golf,0
2026-01-03,Hockey,409477
2026-01-03,Motorsport,0
2026-01-03,Politics,0
2026-01-03,Soccer,0
2026-01-03,Table tennis,0
2026-01-03,Tennis,0
2026-01-03,Unclassified,0
2026-01-03,Weather,0
2026-01-04,Baseball,0
2026-01-04,Basketball (college),2452877
2026-01-04,Basketball (pro),2879289
2026-01-04,Combat sports,0
2026-01-04,Cricket,0
2026-01-04,Crypto,0
2026-01-04,Economics,0
2026-01-04,Esports,0
2026-01-04,Football,3319351
2026-01-04,Golf,0
2026-01-04,Hockey,389363
2026-01-04,Motorsport,0
2026-01-04,Politics,0
2026-01-04,Soccer,0
2026-01-04,Table tennis,0
2026-01-04,Tennis,0
2026-01-04,Unclassified,0
2026-01-04,Weather,0
2026-01-05,Baseball,0
2026-01-05,Basketball (college),423801
2026-01-05,Basketball (pro),1653911
2026-01-05,Combat sports,0
2026-01-05,Cricket,0
2026-01-05,Crypto,0
2026-01-05,Economics,0
2026-01-05,Esports,0
2026-01-05,Football,2595599
2026-01-05,Golf,0
2026-01-05,Hockey,163136
2026-01-05,Motorsport,0
2026-01-05,Politics,0
2026-01-05,Soccer,0
2026-01-05,Table tennis,0
2026-01-05,Tennis,0
2026-01-05,Unclassified,0
2026-01-05,Weather,0
2026-01-06,Baseball,0
2026-01-06,Basketball (college),746964
2026-01-06,Basketball (pro),2744314
2026-01-06,Combat sports,0
2026-01-06,Cricket,0
2026-01-06,Crypto,0
2026-01-06,Economics,0
2026-01-06,Esports,0
2026-01-06,Football,27838
2026-01-06,Golf,0
2026-01-06,Hockey,342425
2026-01-06,Motorsport,0
2026-01-06,Politics,0
2026-01-06,Soccer,0
2026-01-06,Table tennis,0
2026-01-06,Tennis,0
2026-01-06,Unclassified,0
2026-01-06,Weather,0
2026-01-07,Baseball,0
2026-01-07,Basketball (college),2298090
2026-01-07,Basketball (pro),3774369
2026-01-07,Combat sports,0
2026-01-07,Cricket,0
2026-01-07,Crypto,0
2026-01-07,Economics,0
2026-01-07,Esports,0
2026-01-07,Football,71875
2026-01-07,Golf,0
2026-01-07,Hockey,327299
2026-01-07,Motorsport,0
2026-01-07,Politics,0
2026-01-07,Soccer,0
2026-01-07,Table tennis,0
2026-01-07,Tennis,0
2026-01-07,Unclassified,0
2026-01-07,Weather,0
2026-01-08,Baseball,0
2026-01-08,Basketball (college),2433281
2026-01-08,Basketball (pro),5255364
2026-01-08,Combat sports,0
2026-01-08,Cricket,0
2026-01-08,Crypto,0
2026-01-08,Economics,0
2026-01-08,Esports,0
2026-01-08,Football,229656
2026-01-08,Golf,0
2026-01-08,Hockey,427931
2026-01-08,Motorsport,0
2026-01-08,Politics,0
2026-01-08,Soccer,0
2026-01-08,Table tennis,0
2026-01-08,Tennis,0
2026-01-08,Unclassified,0
2026-01-08,Weather,0
2026-01-09,Baseball,0
2026-01-09,Basketball (college),1641809
2026-01-09,Basketball (pro),1942040
2026-01-09,Combat sports,0
2026-01-09,Cricket,0
2026-01-09,Crypto,0
2026-01-09,Economics,0
2026-01-09,Esports,0
2026-01-09,Football,1394985
2026-01-09,Golf,0
2026-01-09,Hockey,359543
2026-01-09,Motorsport,0
2026-01-09,Politics,0
2026-01-09,Soccer,0
2026-01-09,Table tennis,0
2026-01-09,Tennis,0
2026-01-09,Unclassified,0
2026-01-09,Weather,0
2026-01-10,Baseball,0
2026-01-10,Basketball (college),5147071
2026-01-10,Basketball (pro),5290338
2026-01-10,Combat sports,0
2026-01-10,Cricket,0
2026-01-10,Crypto,0
2026-01-10,Economics,0
2026-01-10,Esports,0
2026-01-10,Football,2459115
2026-01-10,Golf,0
2026-01-10,Hockey,442195
2026-01-10,Motorsport,0
2026-01-10,Politics,0
2026-01-10,Soccer,0
2026-01-10,Table tennis,0
2026-01-10,Tennis,0
2026-01-10,Unclassified,0
2026-01-10,Weather,0
2026-01-11,Baseball,0
2026-01-11,Basketball (college),5513293
2026-01-11,Basketball (pro),2180737
2026-01-11,Combat sports,0
2026-01-11,Cricket,0
2026-01-11,Crypto,0
2026-01-11,Economics,0
2026-01-11,Esports,0
2026-01-11,Football,9248826
2026-01-11,Golf,0
2026-01-11,Hockey,675241
2026-01-11,Motorsport,0
2026-01-11,Politics,0
2026-01-11,Soccer,0
2026-01-11,Table tennis,0
2026-01-11,Tennis,0
2026-01-11,Unclassified,0
2026-01-11,Weather,0
2026-01-12,Baseball,0
2026-01-12,Basketball (college),586215
2026-01-12,Basketball (pro),4849181
2026-01-12,Combat sports,0
2026-01-12,Cricket,0
2026-01-12,Crypto,0
2026-01-12,Economics,0
2026-01-12,Esports,0
2026-01-12,Football,5137228
2026-01-12,Golf,0
2026-01-12,Hockey,532957
2026-01-12,Motorsport,0
2026-01-12,Politics,0
2026-01-12,Soccer,0
2026-01-12,Table tennis,0
2026-01-12,Tennis,0
2026-01-12,Unclassified,0
2026-01-12,Weather,0
2026-01-13,Baseball,0
2026-01-13,Basketball (college),1042861
2026-01-13,Basketball (pro),4298804
2026-01-13,Combat sports,0
2026-01-13,Cricket,0
2026-01-13,Crypto,0
2026-01-13,Economics,0
2026-01-13,Esports,0
2026-01-13,Football,2411955
2026-01-13,Golf,0
2026-01-13,Hockey,835737
2026-01-13,Motorsport,0
2026-01-13,Politics,0
2026-01-13,Soccer,0
2026-01-13,Table tennis,0
2026-01-13,Tennis,0
2026-01-13,Unclassified,0
2026-01-13,Weather,0
2026-01-14,Baseball,0
2026-01-14,Basketball (college),3323635
2026-01-14,Basketball (pro),3689554
2026-01-14,Combat sports,0
2026-01-14,Cricket,0
2026-01-14,Crypto,0
2026-01-14,Economics,0
2026-01-14,Esports,0
2026-01-14,Football,276762
2026-01-14,Golf,0
2026-01-14,Hockey,908057
2026-01-14,Motorsport,0
2026-01-14,Politics,0
2026-01-14,Soccer,0
2026-01-14,Table tennis,0
2026-01-14,Tennis,0
2026-01-14,Unclassified,0
2026-01-14,Weather,0
2026-01-15,Baseball,0
2026-01-15,Basketball (college),4087842
2026-01-15,Basketball (pro),4469008
2026-01-15,Combat sports,0
2026-01-15,Cricket,0
2026-01-15,Crypto,0
2026-01-15,Economics,0
2026-01-15,Esports,0
2026-01-15,Football,301309
2026-01-15,Golf,0
2026-01-15,Hockey,527386
2026-01-15,Motorsport,0
2026-01-15,Politics,0
2026-01-15,Soccer,0
2026-01-15,Table tennis,0
2026-01-15,Tennis,0
2026-01-15,Unclassified,0
2026-01-15,Weather,0
2026-01-16,Baseball,0
2026-01-16,Basketball (college),2207314
2026-01-16,Basketball (pro),3722368
2026-01-16,Combat sports,0
2026-01-16,Cricket,0
2026-01-16,Crypto,0
2026-01-16,Economics,0
2026-01-16,Esports,0
2026-01-16,Football,477149
2026-01-16,Golf,0
2026-01-16,Hockey,1038576
2026-01-16,Motorsport,0
2026-01-16,Politics,0
2026-01-16,Soccer,0
2026-01-16,Table tennis,0
2026-01-16,Tennis,0
2026-01-16,Unclassified,0
2026-01-16,Weather,0
2026-01-17,Baseball,0
2026-01-17,Basketball (college),5221233
2026-01-17,Basketball (pro),3526295
2026-01-17,Combat sports,0
2026-01-17,Cricket,0
2026-01-17,Crypto,0
2026-01-17,Economics,0
2026-01-17,Esports,0
2026-01-17,Football,2009599
2026-01-17,Golf,0
2026-01-17,Hockey,1178962
2026-01-17,Motorsport,0
2026-01-17,Politics,0
2026-01-17,Soccer,0
2026-01-17,Table tennis,0
2026-01-17,Tennis,0
2026-01-17,Unclassified,0
2026-01-17,Weather,0
2026-01-18,Baseball,0
2026-01-18,Basketball (college),2196846
2026-01-18,Basketball (pro),2139183
2026-01-18,Combat sports,0
2026-01-18,Cricket,0
2026-01-18,Crypto,0
2026-01-18,Economics,0
2026-01-18,Esports,0
2026-01-18,Football,6679318
2026-01-18,Golf,0
2026-01-18,Hockey,928793
2026-01-18,Motorsport,0
2026-01-18,Politics,0
2026-01-18,Soccer,0
2026-01-18,Table tennis,0
2026-01-18,Tennis,0
2026-01-18,Unclassified,0
2026-01-18,Weather,0
2026-01-19,Baseball,0
2026-01-19,Basketball (college),1428614
2026-01-19,Basketball (pro),2926338
2026-01-19,Combat sports,0
2026-01-19,Cricket,0
2026-01-19,Crypto,0
2026-01-19,Economics,0
2026-01-19,Esports,0
2026-01-19,Football,5407906
2026-01-19,Golf,0
2026-01-19,Hockey,570799
2026-01-19,Motorsport,0
2026-01-19,Politics,0
2026-01-19,Soccer,0
2026-01-19,Table tennis,0
2026-01-19,Tennis,0
2026-01-19,Unclassified,0
2026-01-19,Weather,0
2026-01-20,Baseball,0
2026-01-20,Basketball (college),816750
2026-01-20,Basketball (pro),2527581
2026-01-20,Combat sports,219
2026-01-20,Cricket,0
2026-01-20,Crypto,0
2026-01-20,Economics,0
2026-01-20,Esports,0
2026-01-20,Football,2775335
2026-01-20,Golf,0
2026-01-20,Hockey,908213
2026-01-20,Motorsport,0
2026-01-20,Politics,0
2026-01-20,Soccer,0
2026-01-20,Table tennis,0
2026-01-20,Tennis,0
2026-01-20,Unclassified,0
2026-01-20,Weather,0
2026-01-21,Baseball,0
2026-01-21,Basketball (college),2363802
2026-01-21,Basketball (pro),2593064
2026-01-21,Combat sports,352
2026-01-21,Cricket,0
2026-01-21,Crypto,0
2026-01-21,Economics,0
2026-01-21,Esports,0
2026-01-21,Football,280709
2026-01-21,Golf,0
2026-01-21,Hockey,579213
2026-01-21,Motorsport,0
2026-01-21,Politics,0
2026-01-21,Soccer,0
2026-01-21,Table tennis,0
2026-01-21,Tennis,0
2026-01-21,Unclassified,0
2026-01-21,Weather,0
2026-01-22,Baseball,0
2026-01-22,Basketball (college),3154259
2026-01-22,Basketball (pro),2635411
2026-01-22,Combat sports,1381
2026-01-22,Cricket,0
2026-01-22,Crypto,0
2026-01-22,Economics,0
2026-01-22,Esports,0
2026-01-22,Football,294261
2026-01-22,Golf,0
2026-01-22,Hockey,747291
2026-01-22,Motorsport,0
2026-01-22,Politics,0
2026-01-22,Soccer,0
2026-01-22,Table tennis,0
2026-01-22,Tennis,0
2026-01-22,Unclassified,0
2026-01-22,Weather,0
2026-01-23,Baseball,0
2026-01-23,Basketball (college),2859681
2026-01-23,Basketball (pro),5641535
2026-01-23,Combat sports,6363
2026-01-23,Cricket,0
2026-01-23,Crypto,0
2026-01-23,Economics,0
2026-01-23,Esports,0
2026-01-23,Football,196076
2026-01-23,Golf,0
2026-01-23,Hockey,842004
2026-01-23,Motorsport,0
2026-01-23,Politics,0
2026-01-23,Soccer,0
2026-01-23,Table tennis,0
2026-01-23,Tennis,0
2026-01-23,Unclassified,0
2026-01-23,Weather,0
2026-01-24,Baseball,0
2026-01-24,Basketball (college),7080491
2026-01-24,Basketball (pro),5775743
2026-01-24,Combat sports,153006
2026-01-24,Cricket,0
2026-01-24,Crypto,0
2026-01-24,Economics,0
2026-01-24,Esports,0
2026-01-24,Football,272578
2026-01-24,Golf,0
2026-01-24,Hockey,1076145
2026-01-24,Motorsport,0
2026-01-24,Politics,0
2026-01-24,Soccer,0
2026-01-24,Table tennis,0
2026-01-24,Tennis,0
2026-01-24,Unclassified,0
2026-01-24,Weather,0
2026-01-25,Baseball,0
2026-01-25,Basketball (college),4273500
2026-01-25,Basketball (pro),3014647
2026-01-25,Combat sports,1974401
2026-01-25,Cricket,0
2026-01-25,Crypto,0
2026-01-25,Economics,0
2026-01-25,Esports,0
2026-01-25,Football,2706496
2026-01-25,Golf,0
2026-01-25,Hockey,1042215
2026-01-25,Motorsport,0
2026-01-25,Politics,0
2026-01-25,Soccer,0
2026-01-25,Table tennis,0
2026-01-25,Tennis,0
2026-01-25,Unclassified,0
2026-01-25,Weather,0
2026-01-26,Baseball,0
2026-01-26,Basketball (college),212565
2026-01-26,Basketball (pro),3640760
2026-01-26,Combat sports,0
2026-01-26,Cricket,0
2026-01-26,Crypto,0
2026-01-26,Economics,0
2026-01-26,Esports,0
2026-01-26,Football,5894530
2026-01-26,Golf,0
2026-01-26,Hockey,785143
2026-01-26,Motorsport,0
2026-01-26,Politics,0
2026-01-26,Soccer,0
2026-01-26,Table tennis,0
2026-01-26,Tennis,0
2026-01-26,Unclassified,0
2026-01-26,Weather,0
2026-01-27,Baseball,0
2026-01-27,Basketball (college),2097510
2026-01-27,Basketball (pro),3336531
2026-01-27,Combat sports,0
2026-01-27,Cricket,0
2026-01-27,Crypto,0
2026-01-27,Economics,0
2026-01-27,Esports,0
2026-01-27,Football,0
2026-01-27,Golf,0
2026-01-27,Hockey,854665
2026-01-27,Motorsport,0
2026-01-27,Politics,0
2026-01-27,Soccer,0
2026-01-27,Table tennis,0
2026-01-27,Tennis,0
2026-01-27,Unclassified,0
2026-01-27,Weather,0
2026-01-28,Baseball,0
2026-01-28,Basketball (college),4746986
2026-01-28,Basketball (pro),4015886
2026-01-28,Combat sports,0
2026-01-28,Cricket,0
2026-01-28,Crypto,0
2026-01-28,Economics,0
2026-01-28,Esports,0
2026-01-28,Football,0
2026-01-28,Golf,0
2026-01-28,Hockey,1228049
2026-01-28,Motorsport,0
2026-01-28,Politics,0
2026-01-28,Soccer,0
2026-01-28,Table tennis,0
2026-01-28,Tennis,0
2026-01-28,Unclassified,0
2026-01-28,Weather,0
2026-01-29,Baseball,0
2026-01-29,Basketball (college),5654286
2026-01-29,Basketball (pro),4522129
2026-01-29,Combat sports,0
2026-01-29,Cricket,0
2026-01-29,Crypto,0
2026-01-29,Economics,0
2026-01-29,Esports,0
2026-01-29,Football,0
2026-01-29,Golf,0
2026-01-29,Hockey,945826
2026-01-29,Motorsport,0
2026-01-29,Politics,0
2026-01-29,Soccer,0
2026-01-29,Table tennis,0
2026-01-29,Tennis,0
2026-01-29,Unclassified,0
2026-01-29,Weather,0
2026-01-30,Baseball,0
2026-01-30,Basketball (college),4369099
2026-01-30,Basketball (pro),4863196
2026-01-30,Combat sports,0
2026-01-30,Cricket,0
2026-01-30,Crypto,0
2026-01-30,Economics,0
2026-01-30,Esports,0
2026-01-30,Football,0
2026-01-30,Golf,0
2026-01-30,Hockey,1308087
2026-01-30,Motorsport,0
2026-01-30,Politics,0
2026-01-30,Soccer,0
2026-01-30,Table tennis,0
2026-01-30,Tennis,0
2026-01-30,Unclassified,0
2026-01-30,Weather,0
2026-01-31,Baseball,0
2026-01-31,Basketball (college),6995842
2026-01-31,Basketball (pro),4635255
2026-01-31,Combat sports,101363
2026-01-31,Cricket,0
2026-01-31,Crypto,0
2026-01-31,Economics,0
2026-01-31,Esports,0
2026-01-31,Football,0
2026-01-31,Golf,0
2026-01-31,Hockey,661406
2026-01-31,Motorsport,0
2026-01-31,Politics,0
2026-01-31,Soccer,0
2026-01-31,Table tennis,0
2026-01-31,Tennis,0
2026-01-31,Unclassified,0
2026-01-31,Weather,0
2026-02-01,Baseball,0
2026-02-01,Basketball (college),6378639
2026-02-01,Basketball (pro),3012041
2026-02-01,Combat sports,1104783
2026-02-01,Cricket,0
2026-02-01,Crypto,0
2026-02-01,Economics,0
2026-02-01,Esports,0
2026-02-01,Football,0
2026-02-01,Golf,0
2026-02-01,Hockey,1190856
2026-02-01,Motorsport,0
2026-02-01,Politics,0
2026-02-01,Soccer,0
2026-02-01,Table tennis,0
2026-02-01,Tennis,0
2026-02-01,Unclassified,0
2026-02-01,Weather,0
2026-02-02,Baseball,0
2026-02-02,Basketball (college),627218
2026-02-02,Basketball (pro),3788635
2026-02-02,Combat sports,0
2026-02-02,Cricket,0
2026-02-02,Crypto,0
2026-02-02,Economics,0
2026-02-02,Esports,0
2026-02-02,Football,0
2026-02-02,Golf,0
2026-02-02,Hockey,449993
2026-02-02,Motorsport,0
2026-02-02,Politics,0
2026-02-02,Soccer,0
2026-02-02,Table tennis,0
2026-02-02,Tennis,0
2026-02-02,Unclassified,0
2026-02-02,Weather,0
2026-02-03,Baseball,0
2026-02-03,Basketball (college),1184226
2026-02-03,Basketball (pro),1926959
2026-02-03,Combat sports,0
2026-02-03,Cricket,0
2026-02-03,Crypto,0
2026-02-03,Economics,0
2026-02-03,Esports,0
2026-02-03,Football,0
2026-02-03,Golf,0
2026-02-03,Hockey,1149421
2026-02-03,Motorsport,0
2026-02-03,Politics,0
2026-02-03,Soccer,0
2026-02-03,Table tennis,0
2026-02-03,Tennis,0
2026-02-03,Unclassified,0
2026-02-03,Weather,0
2026-02-04,Baseball,0
2026-02-04,Basketball (college),3622234
2026-02-04,Basketball (pro),4189221
2026-02-04,Combat sports,111
2026-02-04,Cricket,0
2026-02-04,Crypto,0
2026-02-04,Economics,0
2026-02-04,Esports,0
2026-02-04,Football,49354
2026-02-04,Golf,0
2026-02-04,Hockey,994834
2026-02-04,Motorsport,0
2026-02-04,Politics,0
2026-02-04,Soccer,0
2026-02-04,Table tennis,0
2026-02-04,Tennis,0
2026-02-04,Unclassified,0
2026-02-04,Weather,0
2026-02-05,Baseball,0
2026-02-05,Basketball (college),5166840
2026-02-05,Basketball (pro),4191416
2026-02-05,Combat sports,11635
2026-02-05,Cricket,0
2026-02-05,Crypto,0
2026-02-05,Economics,0
2026-02-05,Esports,0
2026-02-05,Football,255212
2026-02-05,Golf,0
2026-02-05,Hockey,1223858
2026-02-05,Motorsport,0
2026-02-05,Politics,0
2026-02-05,Soccer,0
2026-02-05,Table tennis,0
2026-02-05,Tennis,0
2026-02-05,Unclassified,0
2026-02-05,Weather,0
2026-02-06,Baseball,0
2026-02-06,Basketball (college),2723179
2026-02-06,Basketball (pro),3566673
2026-02-06,Combat sports,18385
2026-02-06,Cricket,0
2026-02-06,Crypto,0
2026-02-06,Economics,0
2026-02-06,Esports,0
2026-02-06,Football,210855
2026-02-06,Golf,0
2026-02-06,Hockey,355158
2026-02-06,Motorsport,0
2026-02-06,Politics,0
2026-02-06,Soccer,0
2026-02-06,Table tennis,0
2026-02-06,Tennis,0
2026-02-06,Unclassified,0
2026-02-06,Weather,0
2026-02-07,Baseball,0
2026-02-07,Basketball (college),5707873
2026-02-07,Basketball (pro),4081775
2026-02-07,Combat sports,53236
2026-02-07,Cricket,0
2026-02-07,Crypto,0
2026-02-07,Economics,0
2026-02-07,Esports,0
2026-02-07,Football,333757
2026-02-07,Golf,0
2026-02-07,Hockey,0
2026-02-07,Motorsport,0
2026-02-07,Politics,0
2026-02-07,Soccer,0
2026-02-07,Table tennis,0
2026-02-07,Tennis,0
2026-02-07,Unclassified,0
2026-02-07,Weather,0
2026-02-08,Baseball,0
2026-02-08,Basketball (college),6875654
2026-02-08,Basketball (pro),4453535
2026-02-08,Combat sports,375586
2026-02-08,Cricket,0
2026-02-08,Crypto,0
2026-02-08,Economics,0
2026-02-08,Esports,0
2026-02-08,Football,2232734
2026-02-08,Golf,0
2026-02-08,Hockey,0
2026-02-08,Motorsport,0
2026-02-08,Politics,0
2026-02-08,Soccer,0
2026-02-08,Table tennis,0
2026-02-08,Tennis,0
2026-02-08,Unclassified,0
2026-02-08,Weather,0
2026-02-09,Baseball,0
2026-02-09,Basketball (college),431289
2026-02-09,Basketball (pro),874075
2026-02-09,Combat sports,0
2026-02-09,Cricket,0
2026-02-09,Crypto,0
2026-02-09,Economics,0
2026-02-09,Esports,0
2026-02-09,Football,4331562
2026-02-09,Golf,0
2026-02-09,Hockey,0
2026-02-09,Motorsport,0
2026-02-09,Politics,0
2026-02-09,Soccer,0
2026-02-09,Table tennis,0
2026-02-09,Tennis,0
2026-02-09,Unclassified,0
2026-02-09,Weather,0
2026-02-10,Baseball,0
2026-02-10,Basketball (college),3179430
2026-02-10,Basketball (pro),5166910
2026-02-10,Combat sports,0
2026-02-10,Cricket,0
2026-02-10,Crypto,0
2026-02-10,Economics,0
2026-02-10,Esports,0
2026-02-10,Football,0
2026-02-10,Golf,0
2026-02-10,Hockey,0
2026-02-10,Motorsport,0
2026-02-10,Politics,0
2026-02-10,Soccer,0
2026-02-10,Table tennis,0
2026-02-10,Tennis,0
2026-02-10,Unclassified,0
2026-02-10,Weather,0
2026-02-11,Baseball,0
2026-02-11,Basketball (college),4333563
2026-02-11,Basketball (pro),3355208
2026-02-11,Combat sports,0
2026-02-11,Cricket,0
2026-02-11,Crypto,0
2026-02-11,Economics,0
2026-02-11,Esports,0
2026-02-11,Football,0
2026-02-11,Golf,0
2026-02-11,Hockey,0
2026-02-11,Motorsport,0
2026-02-11,Politics,0
2026-02-11,Soccer,0
2026-02-11,Table tennis,0
2026-02-11,Tennis,0
2026-02-11,Unclassified,0
2026-02-11,Weather,0
2026-02-12,Baseball,0
2026-02-12,Basketball (college),5260334
2026-02-12,Basketball (pro),4317541
2026-02-12,Combat sports,0
2026-02-12,Cricket,0
2026-02-12,Crypto,0
2026-02-12,Economics,0
2026-02-12,Esports,0
2026-02-12,Football,0
2026-02-12,Golf,0
2026-02-12,Hockey,0
2026-02-12,Motorsport,0
2026-02-12,Politics,0
2026-02-12,Soccer,0
2026-02-12,Table tennis,0
2026-02-12,Tennis,0
2026-02-12,Unclassified,0
2026-02-12,Weather,0
2026-02-13,Baseball,0
2026-02-13,Basketball (college),5592464
2026-02-13,Basketball (pro),2312976
2026-02-13,Combat sports,0
2026-02-13,Cricket,0
2026-02-13,Crypto,0
2026-02-13,Economics,0
2026-02-13,Esports,0
2026-02-13,Football,0
2026-02-13,Golf,0
2026-02-13,Hockey,0
2026-02-13,Motorsport,0
2026-02-13,Politics,0
2026-02-13,Soccer,0
2026-02-13,Table tennis,0
2026-02-13,Tennis,0
2026-02-13,Unclassified,0
2026-02-13,Weather,0
2026-02-14,Baseball,0
2026-02-14,Basketball (college),12126505
2026-02-14,Basketball (pro),0
2026-02-14,Combat sports,0
2026-02-14,Cricket,0
2026-02-14,Crypto,0
2026-02-14,Economics,0
2026-02-14,Esports,0
2026-02-14,Football,0
2026-02-14,Golf,0
2026-02-14,Hockey,0
2026-02-14,Motorsport,0
2026-02-14,Politics,0
2026-02-14,Soccer,0
2026-02-14,Table tennis,0
2026-02-14,Tennis,0
2026-02-14,Unclassified,0
2026-02-14,Weather,0
2026-02-15,Baseball,0
2026-02-15,Basketball (college),13027719
2026-02-15,Basketball (pro),0
2026-02-15,Combat sports,0
2026-02-15,Cricket,0
2026-02-15,Crypto,0
2026-02-15,Economics,0
2026-02-15,Esports,0
2026-02-15,Football,0
2026-02-15,Golf,0
2026-02-15,Hockey,0
2026-02-15,Motorsport,0
2026-02-15,Politics,0
2026-02-15,Soccer,0
2026-02-15,Table tennis,0
2026-02-15,Tennis,0
2026-02-15,Unclassified,0
2026-02-15,Weather,0
2026-02-16,Baseball,0
2026-02-16,Basketball (college),3796617
2026-02-16,Basketball (pro),0
2026-02-16,Combat sports,0
2026-02-16,Cricket,0
2026-02-16,Crypto,0
2026-02-16,Economics,0
2026-02-16,Esports,0
2026-02-16,Football,0
2026-02-16,Golf,0
2026-02-16,Hockey,0
2026-02-16,Motorsport,0
2026-02-16,Politics,0
2026-02-16,Soccer,0
2026-02-16,Table tennis,0
2026-02-16,Tennis,0
2026-02-16,Unclassified,0
2026-02-16,Weather,0
2026-02-17,Baseball,0
2026-02-17,Basketball (college),5269711
2026-02-17,Basketball (pro),0
2026-02-17,Combat sports,0
2026-02-17,Cricket,0
2026-02-17,Crypto,0
2026-02-17,Economics,0
2026-02-17,Esports,0
2026-02-17,Football,0
2026-02-17,Golf,0
2026-02-17,Hockey,0
2026-02-17,Motorsport,0
2026-02-17,Politics,0
2026-02-17,Soccer,0
2026-02-17,Table tennis,0
2026-02-17,Tennis,0
2026-02-17,Unclassified,0
2026-02-17,Weather,0
2026-02-18,Baseball,0
2026-02-18,Basketball (college),7895850
2026-02-18,Basketball (pro),69710
2026-02-18,Combat sports,7567
2026-02-18,Cricket,0
2026-02-18,Crypto,0
2026-02-18,Economics,0
2026-02-18,Esports,0
2026-02-18,Football,0
2026-02-18,Golf,0
2026-02-18,Hockey,0
2026-02-18,Motorsport,0
2026-02-18,Politics,0
2026-02-18,Soccer,0
2026-02-18,Table tennis,0
2026-02-18,Tennis,0
2026-02-18,Unclassified,0
2026-02-18,Weather,0
2026-02-19,Baseball,0
2026-02-19,Basketball (college),8373728
2026-02-19,Basketball (pro),922212
2026-02-19,Combat sports,33940
2026-02-19,Cricket,0
2026-02-19,Crypto,0
2026-02-19,Economics,0
2026-02-19,Esports,0
2026-02-19,Football,0
2026-02-19,Golf,0
2026-02-19,Hockey,0
2026-02-19,Motorsport,0
2026-02-19,Politics,0
2026-02-19,Soccer,0
2026-02-19,Table tennis,0
2026-02-19,Tennis,0
2026-02-19,Unclassified,0
2026-02-19,Weather,0
2026-02-20,Baseball,0
2026-02-20,Basketball (college),4920370
2026-02-20,Basketball (pro),4061274
2026-02-20,Combat sports,61401
2026-02-20,Cricket,0
2026-02-20,Crypto,0
2026-02-20,Economics,0
2026-02-20,Esports,0
2026-02-20,Football,0
2026-02-20,Golf,0
2026-02-20,Hockey,0
2026-02-20,Motorsport,0
2026-02-20,Politics,0
2026-02-20,Soccer,0
2026-02-20,Table tennis,0
2026-02-20,Tennis,0
2026-02-20,Unclassified,0
2026-02-20,Weather,0
2026-02-21,Baseball,0
2026-02-21,Basketball (college),7758282
2026-02-21,Basketball (pro),4226864
2026-02-21,Combat sports,143278
2026-02-21,Cricket,0
2026-02-21,Crypto,0
2026-02-21,Economics,0
2026-02-21,Esports,0
2026-02-21,Football,0
2026-02-21,Golf,0
2026-02-21,Hockey,0
2026-02-21,Motorsport,0
2026-02-21,Politics,0
2026-02-21,Soccer,117
2026-02-21,Table tennis,0
2026-02-21,Tennis,0
2026-02-21,Unclassified,0
2026-02-21,Weather,0
2026-02-22,Baseball,0
2026-02-22,Basketball (college),9099589
2026-02-22,Basketball (pro),4199707
2026-02-22,Combat sports,811354
2026-02-22,Cricket,0
2026-02-22,Crypto,0
2026-02-22,Economics,0
2026-02-22,Esports,0
2026-02-22,Football,0
2026-02-22,Golf,0
2026-02-22,Hockey,39
2026-02-22,Motorsport,0
2026-02-22,Politics,0
2026-02-22,Soccer,14620
2026-02-22,Table tennis,0
2026-02-22,Tennis,0
2026-02-22,Unclassified,0
2026-02-22,Weather,0
2026-02-23,Baseball,0
2026-02-23,Basketball (college),554960
2026-02-23,Basketball (pro),4144242
2026-02-23,Combat sports,0
2026-02-23,Cricket,0
2026-02-23,Crypto,0
2026-02-23,Economics,0
2026-02-23,Esports,0
2026-02-23,Football,0
2026-02-23,Golf,0
2026-02-23,Hockey,26770
2026-02-23,Motorsport,0
2026-02-23,Politics,0
2026-02-23,Soccer,29327
2026-02-23,Table tennis,0
2026-02-23,Tennis,0
2026-02-23,Unclassified,0
2026-02-23,Weather,0
2026-02-24,Baseball,0
2026-02-24,Basketball (college),2141106
2026-02-24,Basketball (pro),3255228
2026-02-24,Combat sports,0
2026-02-24,Cricket,0
2026-02-24,Crypto,0
2026-02-24,Economics,0
2026-02-24,Esports,0
2026-02-24,Football,0
2026-02-24,Golf,0
2026-02-24,Hockey,30211
2026-02-24,Motorsport,0
2026-02-24,Politics,0
2026-02-24,Soccer,716
2026-02-24,Table tennis,0
2026-02-24,Tennis,0
2026-02-24,Unclassified,0
2026-02-24,Weather,0
2026-02-25,Baseball,0
2026-02-25,Basketball (college),6267725
2026-02-25,Basketball (pro),6032995
2026-02-25,Combat sports,17768
2026-02-25,Cricket,0
2026-02-25,Crypto,0
2026-02-25,Economics,0
2026-02-25,Esports,0
2026-02-25,Football,0
2026-02-25,Golf,0
2026-02-25,Hockey,148061
2026-02-25,Motorsport,0
2026-02-25,Politics,0
2026-02-25,Soccer,33299
2026-02-25,Table tennis,0
2026-02-25,Tennis,0
2026-02-25,Unclassified,0
2026-02-25,Weather,0
2026-02-26,Baseball,0
2026-02-26,Basketball (college),7116804
2026-02-26,Basketball (pro),4586824
2026-02-26,Combat sports,11742
2026-02-26,Cricket,0
2026-02-26,Crypto,0
2026-02-26,Economics,0
2026-02-26,Esports,0
2026-02-26,Football,0
2026-02-26,Golf,0
2026-02-26,Hockey,693982
2026-02-26,Motorsport,0
2026-02-26,Politics,0
2026-02-26,Soccer,22168
2026-02-26,Table tennis,0
2026-02-26,Tennis,0
2026-02-26,Unclassified,0
2026-02-26,Weather,0
2026-02-27,Baseball,0
2026-02-27,Basketball (college),4710286
2026-02-27,Basketball (pro),5418290
2026-02-27,Combat sports,68767
2026-02-27,Cricket,0
2026-02-27,Crypto,0
2026-02-27,Economics,0
2026-02-27,Esports,0
2026-02-27,Football,0
2026-02-27,Golf,0
2026-02-27,Hockey,878143
2026-02-27,Motorsport,0
2026-02-27,Politics,0
2026-02-27,Soccer,71074
2026-02-27,Table tennis,0
2026-02-27,Tennis,0
2026-02-27,Unclassified,0
2026-02-27,Weather,0
2026-02-28,Baseball,0
2026-02-28,Basketball (college),13360815
2026-02-28,Basketball (pro),5008899
2026-02-28,Combat sports,61272
2026-02-28,Cricket,0
2026-02-28,Crypto,0
2026-02-28,Economics,0
2026-02-28,Esports,0
2026-02-28,Football,0
2026-02-28,Golf,0
2026-02-28,Hockey,898870
2026-02-28,Motorsport,0
2026-02-28,Politics,0
2026-02-28,Soccer,53041
2026-02-28,Table tennis,0
2026-02-28,Tennis,0
2026-02-28,Unclassified,0
2026-02-28,Weather,0
2026-03-01,Baseball,0
2026-03-01,Basketball (college),12178768
2026-03-01,Basketball (pro),5149919
2026-03-01,Combat sports,833561
2026-03-01,Cricket,0
2026-03-01,Crypto,0
2026-03-01,Economics,0
2026-03-01,Esports,0
2026-03-01,Football,0
2026-03-01,Golf,0
2026-03-01,Hockey,865176
2026-03-01,Motorsport,0
2026-03-01,Politics,0
2026-03-01,Soccer,258949
2026-03-01,Table tennis,0
2026-03-01,Tennis,0
2026-03-01,Unclassified,0
2026-03-01,Weather,0
2026-03-02,Baseball,0
2026-03-02,Basketball (college),1446575
2026-03-02,Basketball (pro),4590388
2026-03-02,Combat sports,51489
2026-03-02,Cricket,0
2026-03-02,Crypto,0
2026-03-02,Economics,0
2026-03-02,Esports,0
2026-03-02,Football,0
2026-03-02,Golf,0
2026-03-02,Hockey,817365
2026-03-02,Motorsport,0
2026-03-02,Politics,0
2026-03-02,Soccer,162806
2026-03-02,Table tennis,0
2026-03-02,Tennis,0
2026-03-02,Unclassified,0
2026-03-02,Weather,0
2026-03-03,Baseball,0
2026-03-03,Basketball (college),2372509
2026-03-03,Basketball (pro),4319100
2026-03-03,Combat sports,48884
2026-03-03,Cricket,0
2026-03-03,Crypto,0
2026-03-03,Economics,0
2026-03-03,Esports,0
2026-03-03,Football,0
2026-03-03,Golf,0
2026-03-03,Hockey,644220
2026-03-03,Motorsport,0
2026-03-03,Politics,0
2026-03-03,Soccer,12578
2026-03-03,Table tennis,0
2026-03-03,Tennis,0
2026-03-03,Unclassified,0
2026-03-03,Weather,0
2026-03-04,Baseball,0
2026-03-04,Basketball (college),6684965
2026-03-04,Basketball (pro),3857353
2026-03-04,Combat sports,18441
2026-03-04,Cricket,0
2026-03-04,Crypto,0
2026-03-04,Economics,0
2026-03-04,Esports,0
2026-03-04,Football,0
2026-03-04,Golf,0
2026-03-04,Hockey,739249
2026-03-04,Motorsport,0
2026-03-04,Politics,0
2026-03-04,Soccer,11116
2026-03-04,Table tennis,0
2026-03-04,Tennis,0
2026-03-04,Unclassified,0
2026-03-04,Weather,0
2026-03-05,Baseball,0
2026-03-05,Basketball (college),5990341
2026-03-05,Basketball (pro),3881004
2026-03-05,Combat sports,25953
2026-03-05,Cricket,0
2026-03-05,Crypto,0
2026-03-05,Economics,0
2026-03-05,Esports,0
2026-03-05,Football,0
2026-03-05,Golf,0
2026-03-05,Hockey,621015
2026-03-05,Motorsport,0
2026-03-05,Politics,0
2026-03-05,Soccer,17202
2026-03-05,Table tennis,0
2026-03-05,Tennis,0
2026-03-05,Unclassified,0
2026-03-05,Weather,0
2026-03-06,Baseball,0
2026-03-06,Basketball (college),6354092
2026-03-06,Basketball (pro),5795761
2026-03-06,Combat sports,44424
2026-03-06,Cricket,0
2026-03-06,Crypto,0
2026-03-06,Economics,0
2026-03-06,Esports,0
2026-03-06,Football,0
2026-03-06,Golf,0
2026-03-06,Hockey,647169
2026-03-06,Motorsport,0
2026-03-06,Politics,0
2026-03-06,Soccer,18784
2026-03-06,Table tennis,0
2026-03-06,Tennis,0
2026-03-06,Unclassified,0
2026-03-06,Weather,0
2026-03-07,Baseball,0
2026-03-07,Basketball (college),8964614
2026-03-07,Basketball (pro),4392634
2026-03-07,Combat sports,129222
2026-03-07,Cricket,0
2026-03-07,Crypto,0
2026-03-07,Economics,0
2026-03-07,Esports,0
2026-03-07,Football,0
2026-03-07,Golf,0
2026-03-07,Hockey,1043056
2026-03-07,Motorsport,0
2026-03-07,Politics,0
2026-03-07,Soccer,125810
2026-03-07,Table tennis,0
2026-03-07,Tennis,0
2026-03-07,Unclassified,0
2026-03-07,Weather,0
2026-03-08,Baseball,0
2026-03-08,Basketball (college),7231074
2026-03-08,Basketball (pro),4097389
2026-03-08,Combat sports,1112355
2026-03-08,Cricket,0
2026-03-08,Crypto,0
2026-03-08,Economics,0
2026-03-08,Esports,0
2026-03-08,Football,0
2026-03-08,Golf,0
2026-03-08,Hockey,734781
2026-03-08,Motorsport,0
2026-03-08,Politics,0
2026-03-08,Soccer,464726
2026-03-08,Table tennis,0
2026-03-08,Tennis,0
2026-03-08,Unclassified,0
2026-03-08,Weather,0
2026-03-09,Baseball,0
2026-03-09,Basketball (college),3086331
2026-03-09,Basketball (pro),3356730
2026-03-09,Combat sports,376971
2026-03-09,Cricket,0
2026-03-09,Crypto,0
2026-03-09,Economics,0
2026-03-09,Esports,0
2026-03-09,Football,0
2026-03-09,Golf,0
2026-03-09,Hockey,777585
2026-03-09,Motorsport,0
2026-03-09,Politics,0
2026-03-09,Soccer,116537
2026-03-09,Table tennis,0
2026-03-09,Tennis,0
2026-03-09,Unclassified,0
2026-03-09,Weather,0
2026-03-10,Baseball,0
2026-03-10,Basketball (college),3365927
2026-03-10,Basketball (pro),4211144
2026-03-10,Combat sports,13929
2026-03-10,Cricket,0
2026-03-10,Crypto,0
2026-03-10,Economics,0
2026-03-10,Esports,0
2026-03-10,Football,0
2026-03-10,Golf,0
2026-03-10,Hockey,434900
2026-03-10,Motorsport,0
2026-03-10,Politics,0
2026-03-10,Soccer,25121
2026-03-10,Table tennis,0
2026-03-10,Tennis,0
2026-03-10,Unclassified,0
2026-03-10,Weather,0
2026-03-11,Baseball,0
2026-03-11,Basketball (college),6234711
2026-03-11,Basketball (pro),5303941
2026-03-11,Combat sports,15070
2026-03-11,Cricket,0
2026-03-11,Crypto,0
2026-03-11,Economics,0
2026-03-11,Esports,0
2026-03-11,Football,0
2026-03-11,Golf,0
2026-03-11,Hockey,872154
2026-03-11,Motorsport,0
2026-03-11,Politics,0
2026-03-11,Soccer,14887
2026-03-11,Table tennis,0
2026-03-11,Tennis,0
2026-03-11,Unclassified,0
2026-03-11,Weather,0
2026-03-12,Baseball,0
2026-03-12,Basketball (college),7739212
2026-03-12,Basketball (pro),3591762
2026-03-12,Combat sports,13421
2026-03-12,Cricket,0
2026-03-12,Crypto,0
2026-03-12,Economics,0
2026-03-12,Esports,0
2026-03-12,Football,0
2026-03-12,Golf,0
2026-03-12,Hockey,306472
2026-03-12,Motorsport,0
2026-03-12,Politics,0
2026-03-12,Soccer,8248
2026-03-12,Table tennis,0
2026-03-12,Tennis,0
2026-03-12,Unclassified,0
2026-03-12,Weather,0
2026-03-13,Baseball,0
2026-03-13,Basketball (college),8031779
2026-03-13,Basketball (pro),4124589
2026-03-13,Combat sports,18687
2026-03-13,Cricket,0
2026-03-13,Crypto,0
2026-03-13,Economics,0
2026-03-13,Esports,0
2026-03-13,Football,0
2026-03-13,Golf,0
2026-03-13,Hockey,947221
2026-03-13,Motorsport,0
2026-03-13,Politics,0
2026-03-13,Soccer,48351
2026-03-13,Table tennis,0
2026-03-13,Tennis,0
2026-03-13,Unclassified,0
2026-03-13,Weather,0
2026-03-14,Baseball,0
2026-03-14,Basketball (college),9737054
2026-03-14,Basketball (pro),4552238
2026-03-14,Combat sports,119928
2026-03-14,Cricket,0
2026-03-14,Crypto,0
2026-03-14,Economics,0
2026-03-14,Esports,0
2026-03-14,Football,0
2026-03-14,Golf,0
2026-03-14,Hockey,568979
2026-03-14,Motorsport,0
2026-03-14,Politics,0
2026-03-14,Soccer,398905
2026-03-14,Table tennis,0
2026-03-14,Tennis,0
2026-03-14,Unclassified,0
2026-03-14,Weather,0
2026-03-15,Baseball,0
2026-03-15,Basketball (college),4793101
2026-03-15,Basketball (pro),4828491
2026-03-15,Combat sports,876652
2026-03-15,Cricket,0
2026-03-15,Crypto,0
2026-03-15,Economics,0
2026-03-15,Esports,0
2026-03-15,Football,0
2026-03-15,Golf,1496
2026-03-15,Hockey,1302530
2026-03-15,Motorsport,0
2026-03-15,Politics,0
2026-03-15,Soccer,1421706
2026-03-15,Table tennis,0
2026-03-15,Tennis,0
2026-03-15,Unclassified,70523
2026-03-15,Weather,0
2026-03-16,Baseball,0
2026-03-16,Basketball (college),542141
2026-03-16,Basketball (pro),3863317
2026-03-16,Combat sports,10238
2026-03-16,Cricket,0
2026-03-16,Crypto,0
2026-03-16,Economics,0
2026-03-16,Esports,0
2026-03-16,Football,0
2026-03-16,Golf,1942
2026-03-16,Hockey,671223
2026-03-16,Motorsport,0
2026-03-16,Politics,0
2026-03-16,Soccer,285616
2026-03-16,Table tennis,0
2026-03-16,Tennis,0
2026-03-16,Unclassified,103349
2026-03-16,Weather,0
2026-03-17,Baseball,0
2026-03-17,Basketball (college),484382
2026-03-17,Basketball (pro),4850037
2026-03-17,Combat sports,18044
2026-03-17,Cricket,0
2026-03-17,Crypto,0
2026-03-17,Economics,0
2026-03-17,Esports,0
2026-03-17,Football,0
2026-03-17,Golf,1581
2026-03-17,Hockey,856111
2026-03-17,Motorsport,0
2026-03-17,Politics,0
2026-03-17,Soccer,494446
2026-03-17,Table tennis,0
2026-03-17,Tennis,0
2026-03-17,Unclassified,0
2026-03-17,Weather,0
2026-03-18,Baseball,0
2026-03-18,Basketball (college),3204385
2026-03-18,Basketball (pro),3077076
2026-03-18,Combat sports,8273
2026-03-18,Cricket,0
2026-03-18,Crypto,0
2026-03-18,Economics,0
2026-03-18,Esports,0
2026-03-18,Football,0
2026-03-18,Golf,2435
2026-03-18,Hockey,812373
2026-03-18,Motorsport,0
2026-03-18,Politics,0
2026-03-18,Soccer,736279
2026-03-18,Table tennis,0
2026-03-18,Tennis,0
2026-03-18,Unclassified,0
2026-03-18,Weather,0
2026-03-19,Baseball,2513
2026-03-19,Basketball (college),15739282
2026-03-19,Basketball (pro),4509942
2026-03-19,Combat sports,26194
2026-03-19,Cricket,0
2026-03-19,Crypto,0
2026-03-19,Economics,0
2026-03-19,Esports,0
2026-03-19,Football,0
2026-03-19,Golf,1193
2026-03-19,Hockey,1025788
2026-03-19,Motorsport,0
2026-03-19,Politics,0
2026-03-19,Soccer,192543
2026-03-19,Table tennis,0
2026-03-19,Tennis,0
2026-03-19,Unclassified,0
2026-03-19,Weather,0
2026-03-20,Baseball,18691
2026-03-20,Basketball (college),50448677
2026-03-20,Basketball (pro),6520256
2026-03-20,Combat sports,28800
2026-03-20,Cricket,0
2026-03-20,Crypto,0
2026-03-20,Economics,0
2026-03-20,Esports,0
2026-03-20,Football,0
2026-03-20,Golf,870
2026-03-20,Hockey,850270
2026-03-20,Motorsport,0
2026-03-20,Politics,0
2026-03-20,Soccer,127311
2026-03-20,Table tennis,0
2026-03-20,Tennis,0
2026-03-20,Unclassified,0
2026-03-20,Weather,0
2026-03-21,Baseball,95018
2026-03-21,Basketball (college),39922829
2026-03-21,Basketball (pro),12465640
2026-03-21,Combat sports,550375
2026-03-21,Cricket,0
2026-03-21,Crypto,0
2026-03-21,Economics,0
2026-03-21,Esports,0
2026-03-21,Football,0
2026-03-21,Golf,118
2026-03-21,Hockey,1228745
2026-03-21,Motorsport,0
2026-03-21,Politics,0
2026-03-21,Soccer,531831
2026-03-21,Table tennis,0
2026-03-21,Tennis,458664
2026-03-21,Unclassified,0
2026-03-21,Weather,0
2026-03-22,Baseball,453222
2026-03-22,Basketball (college),36726116
2026-03-22,Basketball (pro),18984370
2026-03-22,Combat sports,471232
2026-03-22,Cricket,0
2026-03-22,Crypto,0
2026-03-22,Economics,0
2026-03-22,Esports,0
2026-03-22,Football,0
2026-03-22,Golf,5507
2026-03-22,Hockey,1291013
2026-03-22,Motorsport,0
2026-03-22,Politics,0
2026-03-22,Soccer,1300237
2026-03-22,Table tennis,0
2026-03-22,Tennis,860419
2026-03-22,Unclassified,0
2026-03-22,Weather,0
2026-03-23,Baseball,886452
2026-03-23,Basketball (college),36835142
2026-03-23,Basketball (pro),9158162
2026-03-23,Combat sports,6134
2026-03-23,Cricket,0
2026-03-23,Crypto,0
2026-03-23,Economics,0
2026-03-23,Esports,0
2026-03-23,Football,0
2026-03-23,Golf,9781
2026-03-23,Hockey,824890
2026-03-23,Motorsport,0
2026-03-23,Politics,0
2026-03-23,Soccer,370370
2026-03-23,Table tennis,0
2026-03-23,Tennis,788864
2026-03-23,Unclassified,0
2026-03-23,Weather,0
2026-03-24,Baseball,1155587
2026-03-24,Basketball (college),356277
2026-03-24,Basketball (pro),20814866
2026-03-24,Combat sports,17356
2026-03-24,Cricket,0
2026-03-24,Crypto,0
2026-03-24,Economics,0
2026-03-24,Esports,0
2026-03-24,Football,0
2026-03-24,Golf,35972
2026-03-24,Hockey,280319
2026-03-24,Motorsport,0
2026-03-24,Politics,0
2026-03-24,Soccer,69242
2026-03-24,Table tennis,0
2026-03-24,Tennis,3691593
2026-03-24,Unclassified,0
2026-03-24,Weather,0
2026-03-25,Baseball,778778
2026-03-25,Basketball (college),2181272
2026-03-25,Basketball (pro),9492870
2026-03-25,Combat sports,28971
2026-03-25,Cricket,0
2026-03-25,Crypto,0
2026-03-25,Economics,0
2026-03-25,Esports,0
2026-03-25,Football,0
2026-03-25,Golf,55940
2026-03-25,Hockey,1531502
2026-03-25,Motorsport,0
2026-03-25,Politics,0
2026-03-25,Soccer,8110
2026-03-25,Table tennis,0
2026-03-25,Tennis,3780141
2026-03-25,Unclassified,0
2026-03-25,Weather,0
2026-03-26,Baseball,3965618
2026-03-26,Basketball (college),2530572
2026-03-26,Basketball (pro),20583160
2026-03-26,Combat sports,30667
2026-03-26,Cricket,0
2026-03-26,Crypto,0
2026-03-26,Economics,0
2026-03-26,Esports,0
2026-03-26,Football,0
2026-03-26,Golf,72111
2026-03-26,Hockey,502705
2026-03-26,Motorsport,0
2026-03-26,Politics,0
2026-03-26,Soccer,31734
2026-03-26,Table tennis,0
2026-03-26,Tennis,4780060
2026-03-26,Unclassified,0
2026-03-26,Weather,0
2026-03-27,Baseball,4589585
2026-03-27,Basketball (college),21997406
2026-03-27,Basketball (pro),3727993
2026-03-27,Combat sports,102638
2026-03-27,Cricket,0
2026-03-27,Crypto,0
2026-03-27,Economics,0
2026-03-27,Esports,0
2026-03-27,Football,0
2026-03-27,Golf,53806
2026-03-27,Hockey,1448057
2026-03-27,Motorsport,0
2026-03-27,Politics,0
2026-03-27,Soccer,29463
2026-03-27,Table tennis,0
2026-03-27,Tennis,4553707
2026-03-27,Unclassified,0
2026-03-27,Weather,0
2026-03-28,Baseball,6578192
2026-03-28,Basketball (college),21621604
2026-03-28,Basketball (pro),15153112
2026-03-28,Combat sports,165718
2026-03-28,Cricket,0
2026-03-28,Crypto,0
2026-03-28,Economics,0
2026-03-28,Esports,0
2026-03-28,Football,0
2026-03-28,Golf,21830
2026-03-28,Hockey,806085
2026-03-28,Motorsport,0
2026-03-28,Politics,0
2026-03-28,Soccer,34698
2026-03-28,Table tennis,0
2026-03-28,Tennis,3903609
2026-03-28,Unclassified,0
2026-03-28,Weather,0
2026-03-29,Baseball,11308964
2026-03-29,Basketball (college),13618100
2026-03-29,Basketball (pro),7106139
2026-03-29,Combat sports,1321205
2026-03-29,Cricket,0
2026-03-29,Crypto,0
2026-03-29,Economics,0
2026-03-29,Esports,0
2026-03-29,Football,0
2026-03-29,Golf,23944
2026-03-29,Hockey,1316737
2026-03-29,Motorsport,0
2026-03-29,Politics,0
2026-03-29,Soccer,46801
2026-03-29,Table tennis,0
2026-03-29,Tennis,3911254
2026-03-29,Unclassified,0
2026-03-29,Weather,0
2026-03-30,Baseball,1873654
2026-03-30,Basketball (college),6449442
2026-03-30,Basketball (pro),11386335
2026-03-30,Combat sports,6937
2026-03-30,Cricket,0
2026-03-30,Crypto,0
2026-03-30,Economics,0
2026-03-30,Esports,0
2026-03-30,Football,0
2026-03-30,Golf,69538
2026-03-30,Hockey,874587
2026-03-30,Motorsport,0
2026-03-30,Politics,0
2026-03-30,Soccer,34079
2026-03-30,Table tennis,0
2026-03-30,Tennis,5735626
2026-03-30,Unclassified,0
2026-03-30,Weather,0
2026-03-31,Baseball,6066635
2026-03-31,Basketball (college),1996356
2026-03-31,Basketball (pro),12063170
2026-03-31,Combat sports,15531
2026-03-31,Cricket,0
2026-03-31,Crypto,0
2026-03-31,Economics,0
2026-03-31,Esports,0
2026-03-31,Football,0
2026-03-31,Golf,37864
2026-03-31,Hockey,789557
2026-03-31,Motorsport,0
2026-03-31,Politics,0
2026-03-31,Soccer,65485
2026-03-31,Table tennis,0
2026-03-31,Tennis,12331569
2026-03-31,Unclassified,0
2026-03-31,Weather,0
2026-04-01,Baseball,11179541
2026-04-01,Basketball (college),267614
2026-04-01,Basketball (pro),10550870
2026-04-01,Combat sports,14725
2026-04-01,Cricket,0
2026-04-01,Crypto,0
2026-04-01,Economics,0
2026-04-01,Esports,0
2026-04-01,Football,0
2026-04-01,Golf,91406
2026-04-01,Hockey,793834
2026-04-01,Motorsport,0
2026-04-01,Politics,0
2026-04-01,Soccer,211238
2026-04-01,Table tennis,0
2026-04-01,Tennis,8970332
2026-04-01,Unclassified,0
2026-04-01,Weather,0
2026-04-02,Baseball,2108662
2026-04-02,Basketball (college),2347110
2026-04-02,Basketball (pro),10638012
2026-04-02,Combat sports,11934
2026-04-02,Cricket,0
2026-04-02,Crypto,0
2026-04-02,Economics,0
2026-04-02,Esports,0
2026-04-02,Football,0
2026-04-02,Golf,44992
2026-04-02,Hockey,505070
2026-04-02,Motorsport,0
2026-04-02,Politics,6
2026-04-02,Soccer,183028
2026-04-02,Table tennis,0
2026-04-02,Tennis,4570902
2026-04-02,Unclassified,0
2026-04-02,Weather,0
2026-04-03,Baseball,5321988
2026-04-03,Basketball (college),1742576
2026-04-03,Basketball (pro),12751787
2026-04-03,Combat sports,42721
2026-04-03,Cricket,0
2026-04-03,Crypto,0
2026-04-03,Economics,0
2026-04-03,Esports,0
2026-04-03,Football,0
2026-04-03,Golf,2542750
2026-04-03,Hockey,1030406
2026-04-03,Motorsport,0
2026-04-03,Politics,6
2026-04-03,Soccer,1104756
2026-04-03,Table tennis,0
2026-04-03,Tennis,7665824
2026-04-03,Unclassified,0
2026-04-03,Weather,0
2026-04-04,Baseball,8202029
2026-04-04,Basketball (college),5448594
2026-04-04,Basketball (pro),12612972
2026-04-04,Combat sports,297370
2026-04-04,Cricket,0
2026-04-04,Crypto,0
2026-04-04,Economics,0
2026-04-04,Esports,0
2026-04-04,Football,0
2026-04-04,Golf,902449
2026-04-04,Hockey,835329
2026-04-04,Motorsport,0
2026-04-04,Politics,0
2026-04-04,Soccer,1392620
2026-04-04,Table tennis,0
2026-04-04,Tennis,6583087
2026-04-04,Unclassified,0
2026-04-04,Weather,0
2026-04-05,Baseball,7876884
2026-04-05,Basketball (college),6181572
2026-04-05,Basketball (pro),5847846
2026-04-05,Combat sports,1381576
2026-04-05,Cricket,0
2026-04-05,Crypto,0
2026-04-05,Economics,0
2026-04-05,Esports,0
2026-04-05,Football,0
2026-04-05,Golf,1647440
2026-04-05,Hockey,1280533
2026-04-05,Motorsport,0
2026-04-05,Politics,0
2026-04-05,Soccer,977955
2026-04-05,Table tennis,0
2026-04-05,Tennis,3327347
2026-04-05,Unclassified,0
2026-04-05,Weather,0
2026-04-06,Baseball,6553884
2026-04-06,Basketball (college),2026230
2026-04-06,Basketball (pro),12559077
2026-04-06,Combat sports,19047
2026-04-06,Cricket,0
2026-04-06,Crypto,0
2026-04-06,Economics,0
2026-04-06,Esports,0
2026-04-06,Football,0
2026-04-06,Golf,7082153
2026-04-06,Hockey,515345
2026-04-06,Motorsport,0
2026-04-06,Politics,0
2026-04-06,Soccer,857189
2026-04-06,Table tennis,0
2026-04-06,Tennis,6960849
2026-04-06,Unclassified,0
2026-04-06,Weather,0
2026-04-07,Baseball,9368984
2026-04-07,Basketball (college),5976036
2026-04-07,Basketball (pro),12355615
2026-04-07,Combat sports,67176
2026-04-07,Cricket,0
2026-04-07,Crypto,0
2026-04-07,Economics,7474
2026-04-07,Esports,0
2026-04-07,Football,0
2026-04-07,Golf,44165840
2026-04-07,Hockey,1325183
2026-04-07,Motorsport,0
2026-04-07,Politics,2609
2026-04-07,Soccer,1081046
2026-04-07,Table tennis,0
2026-04-07,Tennis,11683681
2026-04-07,Unclassified,0
2026-04-07,Weather,0
2026-04-08,Baseball,12163168
2026-04-08,Basketball (college),0
2026-04-08,Basketball (pro),15314444
2026-04-08,Combat sports,34491
2026-04-08,Cricket,0
2026-04-08,Crypto,0
2026-04-08,Economics,134721
2026-04-08,Esports,0
2026-04-08,Football,0
2026-04-08,Golf,7666764
2026-04-08,Hockey,898789
2026-04-08,Motorsport,0
2026-04-08,Politics,10262
2026-04-08,Soccer,1084184
2026-04-08,Table tennis,0
2026-04-08,Tennis,9047676
2026-04-08,Unclassified,0
2026-04-08,Weather,0
2026-04-09,Baseball,8938760
2026-04-09,Basketball (college),0
2026-04-09,Basketball (pro),10899571
2026-04-09,Combat sports,57172
2026-04-09,Cricket,0
2026-04-09,Crypto,0
2026-04-09,Economics,450522
2026-04-09,Esports,0
2026-04-09,Football,0
2026-04-09,Golf,55834863
2026-04-09,Hockey,1323051
2026-04-09,Motorsport,0
2026-04-09,Politics,90711
2026-04-09,Soccer,175823
2026-04-09,Table tennis,0
2026-04-09,Tennis,7316417
2026-04-09,Unclassified,0
2026-04-09,Weather,0
2026-04-10,Baseball,3937418
2026-04-10,Basketball (college),0
2026-04-10,Basketball (pro),10838851
2026-04-10,Combat sports,84229
2026-04-10,Cricket,0
2026-04-10,Crypto,0
2026-04-10,Economics,355469
2026-04-10,Esports,0
2026-04-10,Football,0
2026-04-10,Golf,75025652
2026-04-10,Hockey,1441670
2026-04-10,Motorsport,0
2026-04-10,Politics,17798
2026-04-10,Soccer,814041
2026-04-10,Table tennis,0
2026-04-10,Tennis,5434754
2026-04-10,Unclassified,0
2026-04-10,Weather,0
2026-04-11,Baseball,6921091
2026-04-11,Basketball (college),0
2026-04-11,Basketball (pro),10443855
2026-04-11,Combat sports,231449
2026-04-11,Cricket,0
2026-04-11,Crypto,0
2026-04-11,Economics,127121
2026-04-11,Esports,0
2026-04-11,Football,0
2026-04-11,Golf,31916675
2026-04-11,Hockey,916000
2026-04-11,Motorsport,0
2026-04-11,Politics,19431
2026-04-11,Soccer,3184026
2026-04-11,Table tennis,0
2026-04-11,Tennis,5458945
2026-04-11,Unclassified,0
2026-04-11,Weather,0
2026-04-12,Baseball,11868470
2026-04-12,Basketball (college),0
2026-04-12,Basketball (pro),1588693
2026-04-12,Combat sports,4785235
2026-04-12,Cricket,0
2026-04-12,Crypto,0
2026-04-12,Economics,55719
2026-04-12,Esports,0
2026-04-12,Football,0
2026-04-12,Golf,46485706
2026-04-12,Hockey,1130570
2026-04-12,Motorsport,0
2026-04-12,Politics,13823
2026-04-12,Soccer,2850288
2026-04-12,Table tennis,0
2026-04-12,Tennis,2425334
2026-04-12,Unclassified,0
2026-04-12,Weather,0
2026-04-13,Baseball,2760868
2026-04-13,Basketball (college),0
2026-04-13,Basketball (pro),12905754
2026-04-13,Combat sports,39997
2026-04-13,Cricket,0
2026-04-13,Crypto,0
2026-04-13,Economics,499179
2026-04-13,Esports,0
2026-04-13,Football,0
2026-04-13,Golf,5544602
2026-04-13,Hockey,1253922
2026-04-13,Motorsport,0
2026-04-13,Politics,20221
2026-04-13,Soccer,1213293
2026-04-13,Table tennis,0
2026-04-13,Tennis,5361723
2026-04-13,Unclassified,0
2026-04-13,Weather,0
2026-04-14,Baseball,5586458
2026-04-14,Basketball (college),0
2026-04-14,Basketball (pro),664948
2026-04-14,Combat sports,15455
2026-04-14,Cricket,0
2026-04-14,Crypto,0
2026-04-14,Economics,187948
2026-04-14,Esports,0
2026-04-14,Football,0
2026-04-14,Golf,962288
2026-04-14,Hockey,2206177
2026-04-14,Motorsport,0
2026-04-14,Politics,9949
2026-04-14,Soccer,1402958
2026-04-14,Table tennis,0
2026-04-14,Tennis,9162152
2026-04-14,Unclassified,0
2026-04-14,Weather,0
2026-04-15,Baseball,7976953
2026-04-15,Basketball (college),0
2026-04-15,Basketball (pro),6970846
2026-04-15,Combat sports,13001
2026-04-15,Cricket,607187
2026-04-15,Crypto,0
2026-04-15,Economics,84933
2026-04-15,Esports,0
2026-04-15,Football,0
2026-04-15,Golf,1123298
2026-04-15,Hockey,1481981
2026-04-15,Motorsport,0
2026-04-15,Politics,10231
2026-04-15,Soccer,2369297
2026-04-15,Table tennis,0
2026-04-15,Tennis,8252911
2026-04-15,Unclassified,0
2026-04-15,Weather,0
2026-04-16,Baseball,7199789
2026-04-16,Basketball (college),0
2026-04-16,Basketball (pro),5562753
2026-04-16,Combat sports,42263
2026-04-16,Cricket,432971
2026-04-16,Crypto,0
2026-04-16,Economics,192229
2026-04-16,Esports,0
2026-04-16,Football,0
2026-04-16,Golf,12955693
2026-04-16,Hockey,745007
2026-04-16,Motorsport,0
2026-04-16,Politics,11505
2026-04-16,Soccer,139832
2026-04-16,Table tennis,0
2026-04-16,Tennis,7862938
2026-04-16,Unclassified,0
2026-04-16,Weather,0
2026-04-17,Baseball,6251154
2026-04-17,Basketball (college),0
2026-04-17,Basketball (pro),991167
2026-04-17,Combat sports,65062
2026-04-17,Cricket,457432
2026-04-17,Crypto,0
2026-04-17,Economics,543066
2026-04-17,Esports,183
2026-04-17,Football,0
2026-04-17,Golf,5996898
2026-04-17,Hockey,955652
2026-04-17,Motorsport,0
2026-04-17,Politics,20895
2026-04-17,Soccer,615703
2026-04-17,Table tennis,0
2026-04-17,Tennis,8151976
2026-04-17,Unclassified,0
2026-04-17,Weather,0
2026-04-18,Baseball,9094032
2026-04-18,Basketball (college),0
2026-04-18,Basketball (pro),7905318
2026-04-18,Combat sports,292098
2026-04-18,Cricket,2284717
2026-04-18,Crypto,0
2026-04-18,Economics,296924
2026-04-18,Esports,142322
2026-04-18,Football,0
2026-04-18,Golf,8333316
2026-04-18,Hockey,500734
2026-04-18,Motorsport,0
2026-04-18,Politics,10823
2026-04-18,Soccer,2295559
2026-04-18,Table tennis,0
2026-04-18,Tennis,4143385
2026-04-18,Unclassified,0
2026-04-18,Weather,0
2026-04-19,Baseball,11529553
2026-04-19,Basketball (college),0
2026-04-19,Basketball (pro),11016597
2026-04-19,Combat sports,1983605
2026-04-19,Cricket,1673486
2026-04-19,Crypto,0
2026-04-19,Economics,224809
2026-04-19,Esports,170138
2026-04-19,Football,0
2026-04-19,Golf,1599282
2026-04-19,Hockey,1184014
2026-04-19,Motorsport,0
2026-04-19,Politics,9918
2026-04-19,Soccer,2571733
2026-04-19,Table tennis,0
2026-04-19,Tennis,1752887
2026-04-19,Unclassified,0
2026-04-19,Weather,0
2026-04-20,Baseball,5126247
2026-04-20,Basketball (college),0
2026-04-20,Basketball (pro),7338046
2026-04-20,Combat sports,25497
2026-04-20,Cricket,229110
2026-04-20,Crypto,0
2026-04-20,Economics,128580
2026-04-20,Esports,130013
2026-04-20,Football,0
2026-04-20,Golf,384909
2026-04-20,Hockey,2313937
2026-04-20,Motorsport,0
2026-04-20,Politics,10322
2026-04-20,Soccer,607670
2026-04-20,Table tennis,0
2026-04-20,Tennis,7212908
2026-04-20,Unclassified,0
2026-04-20,Weather,0
2026-04-21,Baseball,6112260
2026-04-21,Basketball (college),0
2026-04-21,Basketball (pro),7620772
2026-04-21,Combat sports,17913
2026-04-21,Cricket,397260
2026-04-21,Crypto,0
2026-04-21,Economics,561577
2026-04-21,Esports,53513
2026-04-21,Football,0
2026-04-21,Golf,0
2026-04-21,Hockey,2142773
2026-04-21,Motorsport,0
2026-04-21,Politics,8739
2026-04-21,Soccer,1149501
2026-04-21,Table tennis,0
2026-04-21,Tennis,9229107
2026-04-21,Unclassified,0
2026-04-21,Weather,0
2026-04-22,Baseball,9919153
2026-04-22,Basketball (college),0
2026-04-22,Basketball (pro),13885521
2026-04-22,Combat sports,29735
2026-04-22,Cricket,671679
2026-04-22,Crypto,0
2026-04-22,Economics,191360
2026-04-22,Esports,136611
2026-04-22,Football,0
2026-04-22,Golf,0
2026-04-22,Hockey,1875601
2026-04-22,Motorsport,0
2026-04-22,Politics,441633
2026-04-22,Soccer,1279443
2026-04-22,Table tennis,0
2026-04-22,Tennis,8767878
2026-04-22,Unclassified,0
2026-04-22,Weather,0
2026-04-23,Baseball,11625830
2026-04-23,Basketball (college),0
2026-04-23,Basketball (pro),8203251
2026-04-23,Combat sports,36743
2026-04-23,Cricket,520074
2026-04-23,Crypto,0
2026-04-23,Economics,721519
2026-04-23,Esports,108875
2026-04-23,Football,0
2026-04-23,Golf,0
2026-04-23,Hockey,3162431
2026-04-23,Motorsport,0
2026-04-23,Politics,8632
2026-04-23,Soccer,1483848
2026-04-23,Table tennis,0
2026-04-23,Tennis,6707703
2026-04-23,Unclassified,0
2026-04-23,Weather,0
2026-04-24,Baseball,4893317
2026-04-24,Basketball (college),0
2026-04-24,Basketball (pro),13955191
2026-04-24,Combat sports,114765
2026-04-24,Cricket,541945
2026-04-24,Crypto,0
2026-04-24,Economics,245583
2026-04-24,Esports,135856
2026-04-24,Football,0
2026-04-24,Golf,0
2026-04-24,Hockey,2316762
2026-04-24,Motorsport,0
2026-04-24,Politics,8740
2026-04-24,Soccer,1037513
2026-04-24,Table tennis,0
2026-04-24,Tennis,8906707
2026-04-24,Unclassified,0
2026-04-24,Weather,0
2026-04-25,Baseball,8511831
2026-04-25,Basketball (college),0
2026-04-25,Basketball (pro),23445602
2026-04-25,Combat sports,373836
2026-04-25,Cricket,1884862
2026-04-25,Crypto,0
2026-04-25,Economics,152630
2026-04-25,Esports,255228
2026-04-25,Football,0
2026-04-25,Golf,1777
2026-04-25,Hockey,2742559
2026-04-25,Motorsport,0
2026-04-25,Politics,7425
2026-04-25,Soccer,2371423
2026-04-25,Table tennis,0
2026-04-25,Tennis,5289967
2026-04-25,Unclassified,0
2026-04-25,Weather,0
2026-04-26,Baseball,18406400
2026-04-26,Basketball (college),0
2026-04-26,Basketball (pro),19721222
2026-04-26,Combat sports,1971535
2026-04-26,Cricket,1481970
2026-04-26,Crypto,0
2026-04-26,Economics,228631
2026-04-26,Esports,231759
2026-04-26,Football,0
2026-04-26,Golf,73527
2026-04-26,Hockey,3290294
2026-04-26,Motorsport,0
2026-04-26,Politics,160065
2026-04-26,Soccer,3490266
2026-04-26,Table tennis,0
2026-04-26,Tennis,4991689
2026-04-26,Unclassified,0
2026-04-26,Weather,0
2026-04-27,Baseball,3459458
2026-04-27,Basketball (college),0
2026-04-27,Basketball (pro),13645216
2026-04-27,Combat sports,19480
2026-04-27,Cricket,849718
2026-04-27,Crypto,0
2026-04-27,Economics,187900
2026-04-27,Esports,45944
2026-04-27,Football,0
2026-04-27,Golf,21053
2026-04-27,Hockey,3724997
2026-04-27,Motorsport,0
2026-04-27,Politics,164668
2026-04-27,Soccer,1542987
2026-04-27,Table tennis,0
2026-04-27,Tennis,7184893
2026-04-27,Unclassified,0
2026-04-27,Weather,0
2026-04-28,Baseball,10906127
2026-04-28,Basketball (college),0
2026-04-28,Basketball (pro),15319065
2026-04-28,Combat sports,83693
2026-04-28,Cricket,1227180
2026-04-28,Crypto,0
2026-04-28,Economics,348038
2026-04-28,Esports,116402
2026-04-28,Football,0
2026-04-28,Golf,100756
2026-04-28,Hockey,2745572
2026-04-28,Motorsport,0
2026-04-28,Politics,10295
2026-04-28,Soccer,1644690
2026-04-28,Table tennis,0
2026-04-28,Tennis,11447228
2026-04-28,Unclassified,0
2026-04-28,Weather,267
2026-04-29,Baseball,14928572
2026-04-29,Basketball (college),0
2026-04-29,Basketball (pro),12291988
2026-04-29,Combat sports,71654
2026-04-29,Cricket,1932467
2026-04-29,Crypto,0
2026-04-29,Economics,839765
2026-04-29,Esports,178128
2026-04-29,Football,0
2026-04-29,Golf,531706
2026-04-29,Hockey,3245334
2026-04-29,Motorsport,0
2026-04-29,Politics,65308
2026-04-29,Soccer,1011333
2026-04-29,Table tennis,0
2026-04-29,Tennis,8669013
2026-04-29,Unclassified,0
2026-04-29,Weather,36055
2026-04-30,Baseball,15743318
2026-04-30,Basketball (college),0
2026-04-30,Basketball (pro),20286111
2026-04-30,Combat sports,58147
2026-04-30,Cricket,931424
2026-04-30,Crypto,0
2026-04-30,Economics,34239
2026-04-30,Esports,201230
2026-04-30,Football,0
2026-04-30,Golf,1413770
2026-04-30,Hockey,3856914
2026-04-30,Motorsport,0
2026-04-30,Politics,196610
2026-04-30,Soccer,598864
2026-04-30,Table tennis,0
2026-04-30,Tennis,8479568
2026-04-30,Unclassified,0
2026-04-30,Weather,139674
2026-05-01,Baseball,4940077
2026-05-01,Basketball (college),0
2026-05-01,Basketball (pro),16476775
2026-05-01,Combat sports,229077
2026-05-01,Cricket,1914522
2026-05-01,Crypto,0
2026-05-01,Economics,16184
2026-05-01,Esports,332082
2026-05-01,Football,0
2026-05-01,Golf,3771727
2026-05-01,Hockey,2655697
2026-05-01,Motorsport,0
2026-05-01,Politics,23450
2026-05-01,Soccer,1018006
2026-05-01,Table tennis,0
2026-05-01,Tennis,312702
2026-05-01,Unclassified,9717610
2026-05-01,Weather,162743
2026-05-02,Baseball,17051585
2026-05-02,Basketball (college),0
2026-05-02,Basketball (pro),13972619
2026-05-02,Combat sports,2483095
2026-05-02,Cricket,875461
2026-05-02,Crypto,0
2026-05-02,Economics,49734
2026-05-02,Esports,773897
2026-05-02,Football,0
2026-05-02,Golf,2489619
2026-05-02,Hockey,1911527
2026-05-02,Motorsport,0
2026-05-02,Politics,96294
2026-05-02,Soccer,4757403
2026-05-02,Table tennis,0
2026-05-02,Tennis,5245117
2026-05-02,Unclassified,0
2026-05-02,Weather,263905
2026-05-03,Baseball,16372225
2026-05-03,Basketball (college),0
2026-05-03,Basketball (pro),9420319
2026-05-03,Combat sports,46811
2026-05-03,Cricket,2003042
2026-05-03,Crypto,0
2026-05-03,Economics,14276
2026-05-03,Esports,307010
2026-05-03,Football,0
2026-05-03,Golf,1556192
2026-05-03,Hockey,887408
2026-05-03,Motorsport,0
2026-05-03,Politics,16159
2026-05-03,Soccer,7476116
2026-05-03,Table tennis,0
2026-05-03,Tennis,3078835
2026-05-03,Unclassified,0
2026-05-03,Weather,178563
2026-05-04,Baseball,4324628
2026-05-04,Basketball (college),0
2026-05-04,Basketball (pro),15165613
2026-05-04,Combat sports,60072
2026-05-04,Cricket,765540
2026-05-04,Crypto,0
2026-05-04,Economics,13246
2026-05-04,Esports,154191
2026-05-04,Football,0
2026-05-04,Golf,1958
2026-05-04,Hockey,3170650
2026-05-04,Motorsport,0
2026-05-04,Politics,74024
2026-05-04,Soccer,3081241
2026-05-04,Table tennis,0
2026-05-04,Tennis,7104639
2026-05-04,Unclassified,0
2026-05-04,Weather,185708
2026-05-05,Baseball,7731055
2026-05-05,Basketball (college),0
2026-05-05,Basketball (pro),10488487
2026-05-05,Combat sports,54045
2026-05-05,Cricket,1044215
2026-05-05,Crypto,0
2026-05-05,Economics,36087
2026-05-05,Esports,63385
2026-05-05,Football,0
2026-05-05,Golf,891967
2026-05-05,Hockey,2705911
2026-05-05,Motorsport,0
2026-05-05,Politics,506270
2026-05-05,Soccer,1240017
2026-05-05,Table tennis,0
2026-05-05,Tennis,14070666
2026-05-05,Unclassified,0
2026-05-05,Weather,255441
2026-05-06,Baseball,12541748
2026-05-06,Basketball (college),0
2026-05-06,Basketball (pro),15220983
2026-05-06,Combat sports,245568
2026-05-06,Cricket,784655
2026-05-06,Crypto,0
2026-05-06,Economics,550840
2026-05-06,Esports,57321
2026-05-06,Football,0
2026-05-06,Golf,2033685
2026-05-06,Hockey,942120
2026-05-06,Motorsport,0
2026-05-06,Politics,125271
2026-05-06,Soccer,1746205
2026-05-06,Table tennis,0
2026-05-06,Tennis,12770680
2026-05-06,Unclassified,0
2026-05-06,Weather,540132
2026-05-07,Baseball,13031016
2026-05-07,Basketball (college),0
2026-05-07,Basketball (pro),11232718
2026-05-07,Combat sports,114436
2026-05-07,Cricket,1158996
2026-05-07,Crypto,0
2026-05-07,Economics,35389
2026-05-07,Esports,12492
2026-05-07,Football,0
2026-05-07,Golf,9232204
2026-05-07,Hockey,2093587
2026-05-07,Motorsport,0
2026-05-07,Politics,16463
2026-05-07,Soccer,130221
2026-05-07,Table tennis,0
2026-05-07,Tennis,10776747
2026-05-07,Unclassified,0
2026-05-07,Weather,420809
2026-05-08,Baseball,7057750
2026-05-08,Basketball (college),0
2026-05-08,Basketball (pro),17126993
2026-05-08,Combat sports,460315
2026-05-08,Cricket,696758
2026-05-08,Crypto,0
2026-05-08,Economics,1096208
2026-05-08,Esports,164502
2026-05-08,Football,0
2026-05-08,Golf,6724424
2026-05-08,Hockey,1780703
2026-05-08,Motorsport,0
2026-05-08,Politics,637714
2026-05-08,Soccer,1504923
2026-05-08,Table tennis,0
2026-05-08,Tennis,15239974
2026-05-08,Unclassified,0
2026-05-08,Weather,630484
2026-05-09,Baseball,11345947
2026-05-09,Basketball (college),0
2026-05-09,Basketball (pro),16494322
2026-05-09,Combat sports,1372783
2026-05-09,Cricket,779376
2026-05-09,Crypto,0
2026-05-09,Economics,20271
2026-05-09,Esports,732795
2026-05-09,Football,0
2026-05-09,Golf,2354770
2026-05-09,Hockey,1438851
2026-05-09,Motorsport,0
2026-05-09,Politics,130115
2026-05-09,Soccer,5644477
2026-05-09,Table tennis,0
2026-05-09,Tennis,10584551
2026-05-09,Unclassified,0
2026-05-09,Weather,597161
2026-05-10,Baseball,13826575
2026-05-10,Basketball (college),0
2026-05-10,Basketball (pro),11231965
2026-05-10,Combat sports,7775583
2026-05-10,Cricket,2024254
2026-05-10,Crypto,0
2026-05-10,Economics,34325
2026-05-10,Esports,1125715
2026-05-10,Football,0
2026-05-10,Golf,7652860
2026-05-10,Hockey,1835924
2026-05-10,Motorsport,0
2026-05-10,Politics,46119
2026-05-10,Soccer,6875064
2026-05-10,Table tennis,0
2026-05-10,Tennis,6346571
2026-05-10,Unclassified,0
2026-05-10,Weather,598493
2026-05-11,Baseball,5307532
2026-05-11,Basketball (college),0
2026-05-11,Basketball (pro),13965574
2026-05-11,Combat sports,25016
2026-05-11,Cricket,1082910
2026-05-11,Crypto,0
2026-05-11,Economics,41709
2026-05-11,Esports,1488203
2026-05-11,Football,0
2026-05-11,Golf,1144200
2026-05-11,Hockey,3543283
2026-05-11,Motorsport,0
2026-05-11,Politics,79951
2026-05-11,Soccer,3193200
2026-05-11,Table tennis,0
2026-05-11,Tennis,10626717
2026-05-11,Unclassified,0
2026-05-11,Weather,617627
2026-05-12,Baseball,7432305
2026-05-12,Basketball (college),0
2026-05-12,Basketball (pro),16835986
2026-05-12,Combat sports,129645
2026-05-12,Cricket,875431
2026-05-12,Crypto,0
2026-05-12,Economics,31918
2026-05-12,Esports,2142871
2026-05-12,Football,0
2026-05-12,Golf,1576156
2026-05-12,Hockey,1645469
2026-05-12,Motorsport,0
2026-05-12,Politics,412856
2026-05-12,Soccer,1916689
2026-05-12,Table tennis,0
2026-05-12,Tennis,14427001
2026-05-12,Unclassified,0
2026-05-12,Weather,615619
2026-05-13,Baseball,13277793
2026-05-13,Basketball (college),0
2026-05-13,Basketball (pro),8284802
2026-05-13,Combat sports,76880
2026-05-13,Cricket,1248533
2026-05-13,Crypto,0
2026-05-13,Economics,0
2026-05-13,Esports,3179750
2026-05-13,Football,0
2026-05-13,Golf,4210963
2026-05-13,Hockey,2605732
2026-05-13,Motorsport,0
2026-05-13,Politics,132282
2026-05-13,Soccer,2796279
2026-05-13,Table tennis,0
2026-05-13,Tennis,14230763
2026-05-13,Unclassified,0
2026-05-13,Weather,1031126
2026-05-14,Baseball,18973461
2026-05-14,Basketball (college),0
2026-05-14,Basketball (pro),9395084
2026-05-14,Combat sports,80860
2026-05-14,Cricket,1210171
2026-05-14,Crypto,0
2026-05-14,Economics,0
2026-05-14,Esports,1210975
2026-05-14,Football,0
2026-05-14,Golf,22140418
2026-05-14,Hockey,1241926
2026-05-14,Motorsport,0
2026-05-14,Politics,27328
2026-05-14,Soccer,2547473
2026-05-14,Table tennis,0
2026-05-14,Tennis,12442836
2026-05-14,Unclassified,0
2026-05-14,Weather,839622
2026-05-15,Baseball,10402377
2026-05-15,Basketball (college),0
2026-05-15,Basketball (pro),3844248
2026-05-15,Combat sports,211742
2026-05-15,Cricket,1492438
2026-05-15,Crypto,0
2026-05-15,Economics,0
2026-05-15,Esports,3052488
2026-05-15,Football,0
2026-05-15,Golf,24697767
2026-05-15,Hockey,2630105
2026-05-15,Motorsport,0
2026-05-15,Politics,24502
2026-05-15,Soccer,981726
2026-05-15,Table tennis,0
2026-05-15,Tennis,9553385
2026-05-15,Unclassified,0
2026-05-15,Weather,1070951
2026-05-16,Baseball,15941450
2026-05-16,Basketball (college),0
2026-05-16,Basketball (pro),15910651
2026-05-16,Combat sports,359812
2026-05-16,Cricket,1247649
2026-05-16,Crypto,0
2026-05-16,Economics,0
2026-05-16,Esports,2665929
2026-05-16,Football,0
2026-05-16,Golf,28604532
2026-05-16,Hockey,113424
2026-05-16,Motorsport,0
2026-05-16,Politics,18453
2026-05-16,Soccer,2440745
2026-05-16,Table tennis,0
2026-05-16,Tennis,10872231
2026-05-16,Unclassified,0
2026-05-16,Weather,749131
2026-05-17,Baseball,21241238
2026-05-17,Basketball (college),0
2026-05-17,Basketball (pro),1843872
2026-05-17,Combat sports,3367352
2026-05-17,Cricket,2168013
2026-05-17,Crypto,0
2026-05-17,Economics,0
2026-05-17,Esports,1323498
2026-05-17,Football,0
2026-05-17,Golf,21271235
2026-05-17,Hockey,1406325
2026-05-17,Motorsport,0
2026-05-17,Politics,10634
2026-05-17,Soccer,8879892
2026-05-17,Table tennis,0
2026-05-17,Tennis,7230928
2026-05-17,Unclassified,0
2026-05-17,Weather,559946
2026-05-18,Baseball,4926083
2026-05-18,Basketball (college),0
2026-05-18,Basketball (pro),10904709
2026-05-18,Combat sports,0
2026-05-18,Cricket,1455187
2026-05-18,Crypto,0
2026-05-18,Economics,0
2026-05-18,Esports,763832
2026-05-18,Football,0
2026-05-18,Golf,4263931
2026-05-18,Hockey,446777
2026-05-18,Motorsport,0
2026-05-18,Politics,31426
2026-05-18,Soccer,1985087
2026-05-18,Table tennis,0
2026-05-18,Tennis,13289078
2026-05-18,Unclassified,0
2026-05-18,Weather,788721
2026-05-19,Baseball,25400049
2026-05-19,Basketball (college),0
2026-05-19,Basketball (pro),16664930
2026-05-19,Combat sports,0
2026-05-19,Cricket,1424872
2026-05-19,Crypto,0
2026-05-19,Economics,0
2026-05-19,Esports,215280
2026-05-19,Football,0
2026-05-19,Golf,666686
2026-05-19,Hockey,1591314
2026-05-19,Motorsport,0
2026-05-19,Politics,984723
2026-05-19,Soccer,3419120
2026-05-19,Table tennis,0
2026-05-19,Tennis,16860907
2026-05-19,Unclassified,0
2026-05-19,Weather,716988
2026-05-20,Baseball,20393864
2026-05-20,Basketball (college),0
2026-05-20,Basketball (pro),14775207
2026-05-20,Combat sports,0
2026-05-20,Cricket,1938483
2026-05-20,Crypto,0
2026-05-20,Economics,0
2026-05-20,Esports,1691494
2026-05-20,Football,0
2026-05-20,Golf,1304954
2026-05-20,Hockey,430204
2026-05-20,Motorsport,0
2026-05-20,Politics,1519340
2026-05-20,Soccer,282209
2026-05-20,Table tennis,0
2026-05-20,Tennis,22238676
2026-05-20,Unclassified,0
2026-05-20,Weather,657868
2026-05-21,Baseball,17976466
2026-05-21,Basketball (college),0
2026-05-21,Basketball (pro),16318583
2026-05-21,Combat sports,0
2026-05-21,Cricket,1478816
2026-05-21,Crypto,0
2026-05-21,Economics,0
2026-05-21,Esports,1774232
2026-05-21,Football,0
2026-05-21,Golf,12589065
2026-05-21,Hockey,1618060
2026-05-21,Motorsport,0
2026-05-21,Politics,787791
2026-05-21,Soccer,175629
2026-05-21,Table tennis,0
2026-05-21,Tennis,12173319
2026-05-21,Unclassified,0
2026-05-21,Weather,554609
2026-05-22,Baseball,12142014
2026-05-22,Basketball (college),0
2026-05-22,Basketball (pro),12883215
2026-05-22,Combat sports,160509
2026-05-22,Cricket,1247995
2026-05-22,Crypto,0
2026-05-22,Economics,0
2026-05-22,Esports,1407142
2026-05-22,Football,0
2026-05-22,Golf,12571802
2026-05-22,Hockey,1731656
2026-05-22,Motorsport,0
2026-05-22,Politics,15543
2026-05-22,Soccer,801554
2026-05-22,Table tennis,0
2026-05-22,Tennis,14048720
2026-05-22,Unclassified,0
2026-05-22,Weather,645115
2026-05-23,Baseball,19254479
2026-05-23,Basketball (college),0
2026-05-23,Basketball (pro),20839364
2026-05-23,Combat sports,91263
2026-05-23,Cricket,1631294
2026-05-23,Crypto,0
2026-05-23,Economics,0
2026-05-23,Esports,1915975
2026-05-23,Football,0
2026-05-23,Golf,17141424
2026-05-23,Hockey,1418260
2026-05-23,Motorsport,0
2026-05-23,Politics,642449
2026-05-23,Soccer,3257280
2026-05-23,Table tennis,0
2026-05-23,Tennis,6155181
2026-05-23,Unclassified,0
2026-05-23,Weather,715628
2026-05-24,Baseball,21518857
2026-05-24,Basketball (college),0
2026-05-24,Basketball (pro),14906018
2026-05-24,Combat sports,36733
2026-05-24,Cricket,1823795
2026-05-24,Crypto,0
2026-05-24,Economics,0
2026-05-24,Esports,2036772
2026-05-24,Football,0
2026-05-24,Golf,13292645
2026-05-24,Hockey,1868481
2026-05-24,Motorsport,2262313
2026-05-24,Politics,16633
2026-05-24,Soccer,8578866
2026-05-24,Table tennis,0
2026-05-24,Tennis,12411750
2026-05-24,Unclassified,0
2026-05-24,Weather,777739
2026-05-25,Baseball,14866651
2026-05-25,Basketball (college),0
2026-05-25,Basketball (pro),13875860
2026-05-25,Combat sports,20085
2026-05-25,Cricket,9345
2026-05-25,Crypto,0
2026-05-25,Economics,0
2026-05-25,Esports,1181067
2026-05-25,Football,0
2026-05-25,Golf,1759951
2026-05-25,Hockey,2458400
2026-05-25,Motorsport,0
2026-05-25,Politics,19515
2026-05-25,Soccer,1701312
2026-05-25,Table tennis,0
2026-05-25,Tennis,15101479
2026-05-25,Unclassified,0
2026-05-25,Weather,776193
2026-05-26,Baseball,12308716
2026-05-26,Basketball (college),0
2026-05-26,Basketball (pro),13003941
2026-05-26,Combat sports,29125
2026-05-26,Cricket,961006
2026-05-26,Crypto,0
2026-05-26,Economics,0
2026-05-26,Esports,685272
2026-05-26,Football,0
2026-05-26,Golf,1012442
2026-05-26,Hockey,2006024
2026-05-26,Motorsport,0
2026-05-26,Politics,57552
2026-05-26,Soccer,198129
2026-05-26,Table tennis,0
2026-05-26,Tennis,17823822
2026-05-26,Unclassified,0
2026-05-26,Weather,853776
2026-05-27,Baseball,21769809
2026-05-27,Basketball (college),0
2026-05-27,Basketball (pro),11498364
2026-05-27,Combat sports,47883
2026-05-27,Cricket,1926618
2026-05-27,Crypto,0
2026-05-27,Economics,0
2026-05-27,Esports,391183
2026-05-27,Football,0
2026-05-27,Golf,1807007
2026-05-27,Hockey,1488653
2026-05-27,Motorsport,0
2026-05-27,Politics,274499
2026-05-27,Soccer,256661
2026-05-27,Table tennis,0
2026-05-27,Tennis,22166750
2026-05-27,Unclassified,0
2026-05-27,Weather,647733
2026-05-28,Baseball,20950013
2026-05-28,Basketball (college),0
2026-05-28,Basketball (pro),5555331
2026-05-28,Combat sports,72898
2026-05-28,Cricket,15434
2026-05-28,Crypto,0
2026-05-28,Economics,0
2026-05-28,Esports,194482
2026-05-28,Football,0
2026-05-28,Golf,8548617
2026-05-28,Hockey,1677622
2026-05-28,Motorsport,0
2026-05-28,Politics,361516
2026-05-28,Soccer,408417
2026-05-28,Table tennis,0
2026-05-28,Tennis,21828798
2026-05-28,Unclassified,0
2026-05-28,Weather,713073
2026-05-29,Baseball,11520516
2026-05-29,Basketball (college),0
2026-05-29,Basketball (pro),15518330
2026-05-29,Combat sports,81965
2026-05-29,Cricket,1490866
2026-05-29,Crypto,0
2026-05-29,Economics,67830
2026-05-29,Esports,923303
2026-05-29,Football,0
2026-05-29,Golf,10143195
2026-05-29,Hockey,230751
2026-05-29,Motorsport,0
2026-05-29,Politics,11157
2026-05-29,Soccer,425502
2026-05-29,Table tennis,0
2026-05-29,Tennis,25176820
2026-05-29,Unclassified,0
2026-05-29,Weather,872841
2026-05-30,Baseball,27110618
2026-05-30,Basketball (college),0
2026-05-30,Basketball (pro),4469645
2026-05-30,Combat sports,1305358
2026-05-30,Cricket,1984
2026-05-30,Crypto,0
2026-05-30,Economics,36596
2026-05-30,Esports,1178912
2026-05-30,Football,0
2026-05-30,Golf,8011092
2026-05-30,Hockey,1198913
2026-05-30,Motorsport,0
2026-05-30,Politics,64145
2026-05-30,Soccer,7349874
2026-05-30,Table tennis,0
2026-05-30,Tennis,22260811
2026-05-30,Unclassified,58
2026-05-30,Weather,590544
2026-05-31,Baseball,26730691
2026-05-31,Basketball (college),0
2026-05-31,Basketball (pro),21215555
2026-05-31,Combat sports,49692
2026-05-31,Cricket,1288113
2026-05-31,Crypto,0
2026-05-31,Economics,106405
2026-05-31,Esports,1464303
2026-05-31,Football,0
2026-05-31,Golf,9807165
2026-05-31,Hockey,40514
2026-05-31,Motorsport,1605
2026-05-31,Politics,20373
2026-05-31,Soccer,372123
2026-05-31,Table tennis,0
2026-05-31,Tennis,13620212
2026-05-31,Unclassified,117
2026-05-31,Weather,842937
2026-06-01,Baseball,11709683
2026-06-01,Basketball (college),0
2026-06-01,Basketball (pro),1095337
2026-06-01,Combat sports,58141
2026-06-01,Cricket,0
2026-06-01,Crypto,0
2026-06-01,Economics,81157
2026-06-01,Esports,1002527
2026-06-01,Football,0
2026-06-01,Golf,2378221
2026-06-01,Hockey,76447
2026-06-01,Motorsport,6932
2026-06-01,Politics,119438
2026-06-01,Soccer,322021
2026-06-01,Table tennis,0
2026-06-01,Tennis,21553525
2026-06-01,Unclassified,3930
2026-06-01,Weather,783223
2026-06-02,Baseball,22508498
2026-06-02,Basketball (college),0
2026-06-02,Basketball (pro),2098441
2026-06-02,Combat sports,59684
2026-06-02,Cricket,0
2026-06-02,Crypto,0
2026-06-02,Economics,119423
2026-06-02,Esports,1533397
2026-06-02,Football,0
2026-06-02,Golf,926480
2026-06-02,Hockey,269863
2026-06-02,Motorsport,8948
2026-06-02,Politics,121485.15
2026-06-02,Soccer,364153
2026-06-02,Table tennis,0
2026-06-02,Tennis,31129626
2026-06-02,Unclassified,1599
2026-06-02,Weather,475466
2026-06-03,Baseball,28169142
2026-06-03,Basketball (college),0
2026-06-03,Basketball (pro),4620539
2026-06-03,Combat sports,59394
2026-06-03,Cricket,0
2026-06-03,Crypto,0
2026-06-03,Economics,42493
2026-06-03,Esports,1544845
2026-06-03,Football,0
2026-06-03,Golf,2386501
2026-06-03,Hockey,2796283
2026-06-03,Motorsport,6470
2026-06-03,Politics,319951.35
2026-06-03,Soccer,605922
2026-06-03,Table tennis,0
2026-06-03,Tennis,26259534
2026-06-03,Unclassified,15399
2026-06-03,Weather,595342
2026-06-04,Baseball,25118249
2026-06-04,Basketball (college),0
2026-06-04,Basketball (pro),20729045
2026-06-04,Combat sports,84292
2026-06-04,Cricket,0
2026-06-04,Crypto,0
2026-06-04,Economics,68558
2026-06-04,Esports,1322170
2026-06-04,Football,0
2026-06-04,Golf,10020051
2026-06-04,Hockey,493850
2026-06-04,Motorsport,11884
2026-06-04,Politics,104496
2026-06-04,Soccer,471990.75
2026-06-04,Table tennis,0
2026-06-04,Tennis,29285284
2026-06-04,Unclassified,72414
2026-06-04,Weather,782768
2026-06-05,Baseball,16233840
2026-06-05,Basketball (college),0
2026-06-05,Basketball (pro),5977044
2026-06-05,Combat sports,133672
2026-06-05,Cricket,0
2026-06-05,Crypto,0
2026-06-05,Economics,203206
2026-06-05,Esports,1877795
2026-06-05,Football,0
2026-06-05,Golf,8457123
2026-06-05,Hockey,3670523
2026-06-05,Motorsport,9780
2026-06-05,Politics,104299
2026-06-05,Soccer,918924.07
2026-06-05,Table tennis,0
2026-06-05,Tennis,25472016
2026-06-05,Unclassified,119687
2026-06-05,Weather,656425
2026-06-06,Baseball,30674265.32
2026-06-06,Basketball (college),0
2026-06-06,Basketball (pro),28041364
2026-06-06,Combat sports,283031
2026-06-06,Cricket,0
2026-06-06,Crypto,0
2026-06-06,Economics,91708
2026-06-06,Esports,2509755
2026-06-06,Football,0
2026-06-06,Golf,3946896
2026-06-06,Hockey,297730
2026-06-06,Motorsport,62162.25
2026-06-06,Politics,133631.78
2026-06-06,Soccer,2455899.32000002
2026-06-06,Table tennis,0
2026-06-06,Tennis,20499378
2026-06-06,Unclassified,86577
2026-06-06,Weather,600663
2026-06-07,Baseball,34297645.75
2026-06-07,Basketball (college),0
2026-06-07,Basketball (pro),4851488
2026-06-07,Combat sports,5109341
2026-06-07,Cricket,0
2026-06-07,Crypto,0
2026-06-07,Economics,134067
2026-06-07,Esports,3261576
2026-06-07,Football,0
2026-06-07,Golf,10560662
2026-06-07,Hockey,5355411
2026-06-07,Motorsport,524136.35
2026-06-07,Politics,243513
2026-06-07,Soccer,2450270.67000001
2026-06-07,Table tennis,0
2026-06-07,Tennis,20392763
2026-06-07,Unclassified,13598
2026-06-07,Weather,522046
2026-06-08,Baseball,11639270.79
2026-06-08,Basketball (college),0
2026-06-08,Basketball (pro),4945342
2026-06-08,Combat sports,130512
2026-06-08,Cricket,0
2026-06-08,Crypto,0
2026-06-08,Economics,159037
2026-06-08,Esports,3225581
2026-06-08,Football,0
2026-06-08,Golf,3229727
2026-06-08,Hockey,33813
2026-06-08,Motorsport,275678.38
2026-06-08,Politics,173240.04
2026-06-08,Soccer,2568495.6
2026-06-08,Table tennis,0
2026-06-08,Tennis,16419998
2026-06-08,Unclassified,109938
2026-06-08,Weather,437026
2026-06-09,Baseball,25198596.65
2026-06-09,Basketball (college),0
2026-06-09,Basketball (pro),30678569.24
2026-06-09,Combat sports,144477
2026-06-09,Cricket,0
2026-06-09,Crypto,0
2026-06-09,Economics,161088
2026-06-09,Esports,2494048
2026-06-09,Football,0
2026-06-09,Golf,1291052
2026-06-09,Hockey,404769
2026-06-09,Motorsport,2709
2026-06-09,Politics,185433.65
2026-06-09,Soccer,3670890.46000002
2026-06-09,Table tennis,0
2026-06-09,Tennis,25988170
2026-06-09,Unclassified,56641
2026-06-09,Weather,586683
2026-06-10,Baseball,34994388.59
2026-06-10,Basketball (college),0
2026-06-10,Basketball (pro),5086264.76
2026-06-10,Combat sports,183556
2026-06-10,Cricket,0
2026-06-10,Crypto,0
2026-06-10,Economics,270052
2026-06-10,Esports,613184
2026-06-10,Football,0
2026-06-10,Golf,1070905
2026-06-10,Hockey,3352894.56
2026-06-10,Motorsport,14000
2026-06-10,Politics,297249.28
2026-06-10,Soccer,7826535.04000004
2026-06-10,Table tennis,0
2026-06-10,Tennis,24714346.11
2026-06-10,Unclassified,132303
2026-06-10,Weather,653721
2026-06-14,Baseball,26651602.0300002
2026-06-14,Basketball (college),0
2026-06-14,Basketball (pro),29850414.76
2026-06-14,Combat sports,4296093
2026-06-14,Cricket,0
2026-06-14,Crypto,0
2026-06-14,Economics,257187
2026-06-14,Esports,4416023.55999998
2026-06-14,Football,1491.67
2026-06-14,Golf,8903576.9
2026-06-14,Hockey,346029.91
2026-06-14,Motorsport,240552
2026-06-14,Politics,158952.66
2026-06-14,Soccer,50527477.2799884
2026-06-14,Table tennis,0
2026-06-14,Tennis,12559560.3599996
2026-06-14,Unclassified,54750
2026-06-14,Weather,720240.149999997
2026-06-15,Baseball,8501613.0100001
2026-06-15,Basketball (college),0
2026-06-15,Basketball (pro),129573.91
2026-06-15,Combat sports,38850607
2026-06-15,Cricket,0
2026-06-15,Crypto,0
2026-06-15,Economics,401190
2026-06-15,Esports,2762044.44000001
2026-06-15,Football,1998.17
2026-06-15,Golf,3026037.91
2026-06-15,Hockey,4851071.54
2026-06-15,Motorsport,11158
2026-06-15,Politics,396720.71
2026-06-15,Soccer,74994234.4099652
2026-06-15,Table tennis,0
2026-06-15,Tennis,27067236.3299995
2026-06-15,Unclassified,80466
2026-06-15,Weather,835458.919999994
2026-06-16,Baseball,12511230.0100002
2026-06-16,Basketball (college),0
2026-06-16,Basketball (pro),883109.119999999
2026-06-16,Combat sports,101476
2026-06-16,Cricket,0
2026-06-16,Crypto,0
2026-06-16,Economics,291275
2026-06-16,Esports,890531.149999996
2026-06-16,Football,5484.7
2026-06-16,Golf,1977176.47
2026-06-16,Hockey,53
2026-06-16,Motorsport,2534
2026-06-16,Politics,294256.95
2026-06-16,Soccer,47842921.1699865
2026-06-16,Table tennis,0
2026-06-16,Tennis,37336840.8500003
2026-06-16,Unclassified,207955
2026-06-16,Weather,741116.579999997
2026-06-17,Baseball,33514235.9799999
2026-06-17,Basketball (college),0
2026-06-17,Basketball (pro),666709.559999999
2026-06-17,Combat sports,75590
2026-06-17,Cricket,0
2026-06-17,Crypto,0
2026-06-17,Economics,806816
2026-06-17,Esports,550408.539999998
2026-06-17,Football,6972
2026-06-17,Golf,4579467.18
2026-06-17,Hockey,138
2026-06-17,Motorsport,17131
2026-06-17,Politics,983072.45
2026-06-17,Soccer,99525276.139934
2026-06-17,Table tennis,0
2026-06-17,Tennis,27126927.99
2026-06-17,Unclassified,82784
2026-06-17,Weather,956536.549999992
2026-06-18,Baseball,25568030.0599997
2026-06-18,Basketball (college),0
2026-06-18,Basketball (pro),5836776.25
2026-06-18,Combat sports,111448
2026-06-18,Cricket,0
2026-06-18,Crypto,0
2026-06-18,Economics,4186
2026-06-18,Esports,3548122.40000002
2026-06-18,Football,3409.36
2026-06-18,Golf,22255213.48
2026-06-18,Hockey,387
2026-06-18,Motorsport,5423
2026-06-18,Politics,292642.64
2026-06-18,Soccer,89181677.8299629
2026-06-18,Table tennis,0
2026-06-18,Tennis,27647126.03
2026-06-18,Unclassified,87943
2026-06-18,Weather,1364411.96999999
2026-06-19,Baseball,17680645.9100001
2026-06-19,Basketball (college),0
2026-06-19,Basketball (pro),1696748.22999999
2026-06-19,Combat sports,103769.41
2026-06-19,Cricket,0
2026-06-19,Crypto,0
2026-06-19,Economics,3152
2026-06-19,Esports,4820631.29999996
2026-06-19,Football,5662.57
2026-06-19,Golf,19794731.4900001
2026-06-19,Hockey,252
2026-06-19,Motorsport,7770
2026-06-19,Politics,89978.51
2026-06-19,Soccer,75378879.9699518
2026-06-19,Table tennis,0
2026-06-19,Tennis,38626442.0099993
2026-06-19,Unclassified,89980
2026-06-19,Weather,613156.269999999
2026-06-20,Baseball,34597433.0299993
2026-06-20,Basketball (college),0
2026-06-20,Basketball (pro),4004796.09000004
2026-06-20,Combat sports,356092.4
2026-06-20,Cricket,0
2026-06-20,Crypto,0
2026-06-20,Economics,4220
2026-06-20,Esports,5091969.32
2026-06-20,Football,4200.56
2026-06-20,Golf,11927508.54
2026-06-20,Hockey,374
2026-06-20,Motorsport,1523
2026-06-20,Politics,342644.34
2026-06-20,Soccer,116560769.929982
2026-06-20,Table tennis,0
2026-06-20,Tennis,31190739.6899997
2026-06-20,Unclassified,57834
2026-06-20,Weather,712156.279999993
2026-06-21,Baseball,31190668.7599995
2026-06-21,Basketball (college),0
2026-06-21,Basketball (pro),2063661.42
2026-06-21,Combat sports,6420399.14000001
2026-06-21,Cricket,0
2026-06-21,Crypto,0
2026-06-21,Economics,3912
2026-06-21,Esports,2589416.83000004
2026-06-21,Football,2767.11
2026-06-21,Golf,16417535.55
2026-06-21,Hockey,306
2026-06-21,Motorsport,2282
2026-06-21,Politics,129836.74
2026-06-21,Soccer,112465220.299966
2026-06-21,Table tennis,0
2026-06-21,Tennis,23723441.7399992
2026-06-21,Unclassified,91670
2026-06-21,Weather,777611.209999995
2026-06-22,Baseball,10203008.84
2026-06-22,Basketball (college),0
2026-06-22,Basketball (pro),4759421.76000011
2026-06-22,Combat sports,72050
2026-06-22,Cricket,0
2026-06-22,Crypto,0
2026-06-22,Economics,2082
2026-06-22,Esports,1703107.28000002
2026-06-22,Football,3960.64
2026-06-22,Golf,5946380.01
2026-06-22,Hockey,467.66
2026-06-22,Motorsport,4237
2026-06-22,Politics,169600.69
2026-06-22,Soccer,106268591.90992
2026-06-22,Table tennis,0
2026-06-22,Tennis,35226441.5599999
2026-06-22,Unclassified,60645
2026-06-22,Weather,746336.499999995
2026-06-23,Baseball,21611405.9999997
2026-06-23,Basketball (college),0
2026-06-23,Basketball (pro),5101927.54000009
2026-06-23,Combat sports,57024
2026-06-23,Cricket,0
2026-06-23,Crypto,0
2026-06-23,Economics,3774
2026-06-23,Esports,911275.079999993
2026-06-23,Football,2869.66
2026-06-23,Golf,436000.09
2026-06-23,Hockey,680.23
2026-06-23,Motorsport,2618.01
2026-06-23,Politics,199464.49
2026-06-23,Soccer,119633037.919973
2026-06-23,Table tennis,0
2026-06-23,Tennis,35797421.0799991
2026-06-23,Unclassified,79372
2026-06-23,Weather,616322.149999996
2026-06-24,Baseball,28683930.7
2026-06-24,Basketball (college),0
2026-06-24,Basketball (pro),1574353.96000002
2026-06-24,Combat sports,65009
2026-06-24,Cricket,0
2026-06-24,Crypto,0
2026-06-24,Economics,2732
2026-06-24,Esports,1210709.12
2026-06-24,Football,10612.19
2026-06-24,Golf,1343815.63
2026-06-24,Hockey,511.8
2026-06-24,Motorsport,2039.91
2026-06-24,Politics,210866.72
2026-06-24,Soccer,117606511.339933
2026-06-24,Table tennis,0
2026-06-24,Tennis,27541004.2999996
2026-06-24,Unclassified,80028
2026-06-24,Weather,547378.749999997
2026-06-25,Baseball,30488813.9299998
2026-06-25,Basketball (college),0
2026-06-25,Basketball (pro),4454005.08000003
2026-06-25,Combat sports,107030
2026-06-25,Cricket,0
2026-06-25,Crypto,0
2026-06-25,Economics,7845
2026-06-25,Esports,3107452.17000005
2026-06-25,Football,28923.47
2026-06-25,Golf,10935720.7700001
2026-06-25,Hockey,2779.98
2026-06-25,Motorsport,4726.81
2026-06-25,Politics,264660
2026-06-25,Soccer,139532947.279958
2026-06-25,Table tennis,0
2026-06-25,Tennis,42001229.5599983
2026-06-25,Unclassified,133119
2026-06-25,Weather,354726.18
2026-06-26,Baseball,13714363.5900001
2026-06-26,Basketball (college),0
2026-06-26,Basketball (pro),3069536.61000006
2026-06-26,Combat sports,89698
2026-06-26,Cricket,0
2026-06-26,Crypto,0
2026-06-26,Economics,6452
2026-06-26,Esports,4156456.83000007
2026-06-26,Football,18478.31
2026-06-26,Golf,11356317.2600001
2026-06-26,Hockey,7628.59
2026-06-26,Motorsport,7041.85
2026-06-26,Politics,330510
2026-06-26,Soccer,154932009.479933
2026-06-26,Table tennis,0
2026-06-26,Tennis,16595523.2100002
2026-06-26,Unclassified,173441
2026-06-26,Weather,0
2026-06-27,Baseball,33390446.8599996
2026-06-27,Basketball (college),0
2026-06-27,Basketball (pro),4664701.90000005
2026-06-27,Combat sports,5563897.14
2026-06-27,Cricket,154873.82
2026-06-27,Crypto,0
2026-06-27,Economics,13819
2026-06-27,Esports,4134082.68000009
2026-06-27,Football,41404.52
2026-06-27,Golf,5341896.8100001
2026-06-27,Hockey,4002.82
2026-06-27,Motorsport,57503.6200000001
2026-06-27,Politics,68429
2026-06-27,Soccer,97413543.94995
2026-06-27,Table tennis,0
2026-06-27,Tennis,25189853.0499993
2026-06-27,Unclassified,92154
2026-06-27,Weather,25705.83
2026-06-28,Baseball,43248041.0599997
2026-06-28,Basketball (college),0
2026-06-28,Basketball (pro),3561038.11000001
2026-06-28,Combat sports,62916
2026-06-28,Cricket,1398692.68999999
2026-06-28,Crypto,0
2026-06-28,Economics,5565
2026-06-28,Esports,4017492.62000007
2026-06-28,Football,42072.92
2026-06-28,Golf,9028749.44000023
2026-06-28,Hockey,867.92
2026-06-28,Motorsport,184585.04
2026-06-28,Politics,208655.47
2026-06-28,Soccer,137363334.409906
2026-06-28,Table tennis,0
2026-06-28,Tennis,20382938.1399992
2026-06-28,Unclassified,93304
2026-06-28,Weather,287386.9
2026-06-29,Baseball,15479083.3300001
2026-06-29,Basketball (college),0
2026-06-29,Basketball (pro),4510561.68000009
2026-06-29,Combat sports,177893
2026-06-29,Cricket,1605276.29
2026-06-29,Crypto,0
2026-06-29,Economics,12585
2026-06-29,Esports,3759663.62000004
2026-06-29,Football,35137.16
2026-06-29,Golf,9688156.66000005
2026-06-29,Hockey,1376.13
2026-06-29,Motorsport,692
2026-06-29,Politics,87275
2026-06-29,Soccer,56566411.6099994
2026-06-29,Table tennis,0
2026-06-29,Tennis,36636697.8699997
2026-06-29,Unclassified,126844
2026-06-29,Weather,583152.619999998
2026-06-30,Baseball,26011468.8200001
2026-06-30,Basketball (college),0
2026-06-30,Basketball (pro),213385.929999999
2026-06-30,Combat sports,140879
2026-06-30,Cricket,102239
2026-06-30,Crypto,0
2026-06-30,Economics,13363
2026-06-30,Esports,3540360.23000003
2026-06-30,Football,48686.09
2026-06-30,Golf,1491585.02
2026-06-30,Hockey,1696.13
2026-06-30,Motorsport,738.23
2026-06-30,Politics,76362
2026-06-30,Soccer,114468917.979891
2026-06-30,Table tennis,0
2026-06-30,Tennis,58878510.1299996
2026-06-30,Unclassified,134545.18
2026-06-30,Weather,594997.159999998
2026-07-01,Baseball,21666824.6399998
2026-07-01,Basketball (college),0
2026-07-01,Basketball (pro),1787560.1
2026-07-01,Combat sports,68900
2026-07-01,Cricket,8740.57000000001
2026-07-01,Crypto,0
2026-07-01,Economics,16648
2026-07-01,Esports,918972.25
2026-07-01,Football,18850.75
2026-07-01,Golf,1034460.08
2026-07-01,Hockey,1574.38
2026-07-01,Motorsport,1068.34
2026-07-01,Politics,58397
2026-07-01,Soccer,72779481.729997
2026-07-01,Table tennis,0
2026-07-01,Tennis,19922441.4599998
2026-07-01,Unclassified,31143.92
2026-07-01,Weather,403163.209999999
2026-07-02,Baseball,27377173.6199999
2026-07-02,Basketball (college),0
2026-07-02,Basketball (pro),596901.5
2026-07-02,Combat sports,125641
2026-07-02,Cricket,528880.819999999
2026-07-02,Crypto,0
2026-07-02,Economics,40153.21
2026-07-02,Esports,2458534.01000001
2026-07-02,Football,30974.28
2026-07-02,Golf,12859567.3900001
2026-07-02,Hockey,674.7
2026-07-02,Motorsport,7203.64
2026-07-02,Politics,134215.61
2026-07-02,Soccer,95560015.9399845
2026-07-02,Table tennis,0
2026-07-02,Tennis,42646713.6499999
2026-07-02,Unclassified,69400.5200000001
2026-07-02,Weather,596577.859999997
2026-07-03,Baseball,21118915.7200013
2026-07-03,Basketball (college),0
2026-07-03,Basketball (pro),5044328.23000011
2026-07-03,Combat sports,205694
2026-07-03,Cricket,1329168.14000001
2026-07-03,Crypto,0
2026-07-03,Economics,11835.84
2026-07-03,Esports,5509763.06999999
2026-07-03,Football,27855.57
2026-07-03,Golf,11985907.1700002
2026-07-03,Hockey,2974.13
2026-07-03,Motorsport,13995.72
2026-07-03,Politics,124771.66
2026-07-03,Soccer,128030010.07998
2026-07-03,Table tennis,0
2026-07-03,Tennis,42513522.4200017
2026-07-03,Unclassified,195485.95
2026-07-03,Weather,542096.059999998
2026-07-04,Baseball,30358482.0499993
2026-07-04,Basketball (college),0
2026-07-04,Basketball (pro),4554579.95999999
2026-07-04,Combat sports,189762
2026-07-04,Cricket,846976.609999999
2026-07-04,Crypto,0
2026-07-04,Economics,18866.02
2026-07-04,Esports,5249214.85000003
2026-07-04,Football,30396.47
2026-07-04,Golf,9404015.45000004
2026-07-04,Hockey,2106.04
2026-07-04,Motorsport,31965.83
2026-07-04,Politics,85280.4
2026-07-04,Soccer,135770597.429952
2026-07-04,Table tennis,0
2026-07-04,Tennis,33022308.8599986
2026-07-04,Unclassified,1437032.02999998
2026-07-04,Weather,363074.929999999
2026-07-05,Baseball,39204471.7900003
2026-07-05,Basketball (college),0
2026-07-05,Basketball (pro),1917902.82
2026-07-05,Combat sports,195741
2026-07-05,Cricket,1875335.69000001
2026-07-05,Crypto,0
2026-07-05,Economics,21849.14
2026-07-05,Esports,5244974.93000008
2026-07-05,Football,19603.28
2026-07-05,Golf,9838033.46000009
2026-07-05,Hockey,556.91
2026-07-05,Motorsport,452908.989999999
2026-07-05,Politics,94479.56
2026-07-05,Soccer,69473838.8200286
2026-07-05,Table tennis,0
2026-07-05,Tennis,27337219.289999
2026-07-05,Unclassified,86346.0000000001
2026-07-05,Weather,586621.939999999
2026-07-06,Baseball,17914031.6899997
2026-07-06,Basketball (college),0
2026-07-06,Basketball (pro),1584423.11000001
2026-07-06,Combat sports,127731
2026-07-06,Cricket,775293.470000001
2026-07-06,Crypto,0
2026-07-06,Economics,22584.09
2026-07-06,Esports,3374039.82000007
2026-07-06,Football,20073.01
2026-07-06,Golf,1920005.98
2026-07-06,Hockey,1810.9
2026-07-06,Motorsport,176578.73
2026-07-06,Politics,77451.61
2026-07-06,Soccer,114104391.62994
2026-07-06,Table tennis,0
2026-07-06,Tennis,13541737.2300001
2026-07-06,Unclassified,122184.95
2026-07-06,Weather,351545.79
2026-07-07,Baseball,28573192.3799999
2026-07-07,Basketball (college),0
2026-07-07,Basketball (pro),4409855.98000001
2026-07-07,Combat sports,393536
2026-07-07,Cricket,521216.969999999
2026-07-07,Crypto,0
2026-07-07,Economics,52957.78
2026-07-07,Esports,2842651.65000002
2026-07-07,Football,35553.32
2026-07-07,Golf,1421319.37
2026-07-07,Hockey,2984.84
2026-07-07,Motorsport,3243
2026-07-07,Politics,312667.86
2026-07-07,Soccer,144539294.139906
2026-07-07,Table tennis,0
2026-07-07,Tennis,43371256.9000005
2026-07-07,Unclassified,78059.47
2026-07-07,Weather,645156.230000001
2026-07-08,Baseball,36226634.4100008
2026-07-08,Basketball (college),0
2026-07-08,Basketball (pro),3406863.32000008
2026-07-08,Combat sports,425804
2026-07-08,Cricket,69665.41
2026-07-08,Crypto,0
2026-07-08,Economics,16484.54
2026-07-08,Esports,3442301.67000016
2026-07-08,Football,23506.98
2026-07-08,Golf,1140701.48
2026-07-08,Hockey,808.93
2026-07-08,Motorsport,296
2026-07-08,Politics,92305.8
2026-07-08,Soccer,26559084.6199961
2026-07-08,Table tennis,0
2026-07-08,Tennis,28387073.2000117
2026-07-08,Unclassified,58078.61
2026-07-08,Weather,221114.85
2026-07-09,Baseball,43691574.4000382
2026-07-09,Basketball (college),0
2026-07-09,Basketball (pro),5444454.46999994
2026-07-09,Combat sports,964105
2026-07-09,Cricket,585289.609999998
2026-07-09,Crypto,0
2026-07-09,Economics,62468.39
2026-07-09,Esports,3471001.63000027
2026-07-09,Football,27176.89
2026-07-09,Golf,15110891.7700001
2026-07-09,Hockey,2702.69
2026-07-09,Motorsport,2324.59
2026-07-09,Politics,97030.5400000001
2026-07-09,Soccer,33769108.6199982
2026-07-09,Table tennis,0
2026-07-09,Tennis,43892215.8500234
2026-07-09,Unclassified,80855.0200000001
2026-07-09,Weather,247141.47
2026-07-10,Baseball,26778507.5300073
2026-07-10,Basketball (college),0
2026-07-10,Basketball (pro),5528707.58
2026-07-10,Combat sports,2070279.08
2026-07-10,Cricket,1290530.34000001
2026-07-10,Crypto,10.7
2026-07-10,Economics,40013.5
2026-07-10,Esports,5139012.05999998
2026-07-10,Football,24679.68
2026-07-10,Golf,15102244.5600003
2026-07-10,Hockey,2349.11
2026-07-10,Motorsport,4273.76
2026-07-10,Politics,138073.79
2026-07-10,Soccer,70206087.8599883
2026-07-10,Table tennis,0
2026-07-10,Tennis,45890668.2100186
2026-07-10,Unclassified,216471.64
2026-07-10,Weather,638254.24
2026-07-11,Baseball,48689479.6300358
2026-07-11,Basketball (college),0
2026-07-11,Basketball (pro),7668176.33999985
2026-07-11,Combat sports,9240085.64000004
2026-07-11,Cricket,1270837.83
2026-07-11,Crypto,27648.06
2026-07-11,Economics,26885.54
2026-07-11,Esports,4946067.43999995
2026-07-11,Football,39672.43
2026-07-11,Golf,9570194.85000003
2026-07-11,Hockey,2772.47
2026-07-11,Motorsport,6712.74
2026-07-11,Politics,129951.55
2026-07-11,Soccer,37364039.5199955
2026-07-11,Table tennis,0
2026-07-11,Tennis,32505831.0700024
2026-07-11,Unclassified,117297.26
2026-07-11,Weather,484570.369999999
2026-07-12,Baseball,47203804.9299572
2026-07-12,Basketball (college),0
2026-07-12,Basketball (pro),3835908.61999996
2026-07-12,Combat sports,37423203.1399998
2026-07-12,Cricket,1392425.62000005
2026-07-12,Crypto,72680.08
2026-07-12,Economics,33914.64
2026-07-12,Esports,4605009.74999981
2026-07-12,Football,78961.77
2026-07-12,Golf,13846497.7
2026-07-12,Hockey,3370.16
2026-07-12,Motorsport,91487.5300000002
2026-07-12,Politics,259941.25
2026-07-12,Soccer,99278452.5299813
2026-07-12,Table tennis,0
2026-07-12,Tennis,33945700.7200028
2026-07-12,Unclassified,224190.13
2026-07-12,Weather,311452.15
2026-07-13,Baseball,15146025.4100005
2026-07-13,Basketball (college),0
2026-07-13,Basketball (pro),13161789.3000001
2026-07-13,Combat sports,154729
2026-07-13,Cricket,1883180.39000001
2026-07-13,Crypto,143518.7
2026-07-13,Economics,453619.5
2026-07-13,Esports,4913713.80999979
2026-07-13,Football,88666.7800000001
2026-07-13,Golf,5315622.87000005
2026-07-13,Hockey,4616.79
2026-07-13,Motorsport,1508795.00999999
2026-07-13,Politics,325037.680000001
2026-07-13,Soccer,13515887.2499986
2026-07-13,Table tennis,117014.75
2026-07-13,Tennis,68160158.8199787
2026-07-13,Unclassified,407514.32
2026-07-13,Weather,595784.609999998
2026-07-14,Baseball,13948691.5500006
2026-07-14,Basketball (college),0
2026-07-14,Basketball (pro),15998418.6800007
2026-07-14,Combat sports,130836.35
2026-07-14,Cricket,239153.739999999
2026-07-14,Crypto,2059813.28
2026-07-14,Economics,474803.05
2026-07-14,Esports,3381400.77999977
2026-07-14,Football,90337.03
2026-07-14,Golf,5212670.49000008
2026-07-14,Hockey,1999.2
2026-07-14,Motorsport,6986.02
2026-07-14,Politics,347029.68
2026-07-14,Soccer,80647009.0599765
2026-07-14,Table tennis,644841.71
2026-07-14,Tennis,82142157.6399989
2026-07-14,Unclassified,247875.8
2026-07-14,Weather,724311.490000081
2026-07-15,Baseball,7002100.36000041
2026-07-15,Basketball (college),0
2026-07-15,Basketball (pro),14497693.8700003
2026-07-15,Combat sports,92699.3800000001
2026-07-15,Cricket,642322.140000005
2026-07-15,Crypto,103135.75
2026-07-15,Economics,79951.01
2026-07-15,Esports,4357136.33999974
2026-07-15,Football,756991.4
2026-07-15,Golf,7050353.27000012
2026-07-15,Hockey,8428.53
2026-07-15,Motorsport,18119.3
2026-07-15,Politics,277788.86
2026-07-15,Soccer,78661058.3599732
2026-07-15,Table tennis,176754.13
2026-07-15,Tennis,70565115.9499426
2026-07-15,Unclassified,139499.2
2026-07-15,Weather,609714.130000083
2026-07-16,Baseball,2905744.85000003
2026-07-16,Basketball (college),0
2026-07-16,Basketball (pro),19202661.8500001
2026-07-16,Combat sports,154298.57
2026-07-16,Cricket,3355434.70000003
2026-07-16,Crypto,68077.4
2026-07-16,Economics,69274.61
2026-07-16,Esports,4510634.68999942
2026-07-16,Football,233655.44
2026-07-16,Golf,36503375.9500048
2026-07-16,Hockey,2578.72
2026-07-16,Motorsport,62729.97
2026-07-16,Politics,579512.270000001
2026-07-16,Soccer,24461974.7600002
2026-07-16,Table tennis,428253.700000001
2026-07-16,Tennis,71952556.5199495
2026-07-16,Unclassified,726486.999999999
2026-07-16,Weather,982827.610000043
2026-07-17,Baseball,11582812.4299989
2026-07-17,Basketball (college),0
2026-07-17,Basketball (pro),13366756.6800005
2026-07-17,Combat sports,217084.04
2026-07-17,Cricket,948351.299999997
2026-07-17,Crypto,105092.44
2026-07-17,Economics,85117.76
2026-07-17,Esports,7519162.43999859
2026-07-17,Football,65616.77
2026-07-17,Golf,15811919.3300019
2026-07-17,Hockey,169951.62
2026-07-17,Motorsport,41923
2026-07-17,Politics,406524.709999999
2026-07-17,Soccer,16017051.8900012
2026-07-17,Table tennis,1583116.63000002
2026-07-17,Tennis,60103538.7199881
2026-07-17,Unclassified,95255.9400000001
2026-07-17,Weather,753697.910000009
2026-07-18,Baseball,41452111.9799829
2026-07-18,Basketball (college),0
2026-07-18,Basketball (pro),12093264.2200004
2026-07-18,Combat sports,1004817.71
2026-07-18,Cricket,34283.39
2026-07-18,Crypto,307936.12
2026-07-18,Economics,41428.7400000001
2026-07-18,Esports,6263328.6599991
2026-07-18,Football,52594.5600000001
2026-07-18,Golf,14476109.4300023
2026-07-18,Hockey,1763.89
2026-07-18,Motorsport,164084.48
2026-07-18,Politics,641045.470000002
2026-07-18,Soccer,30226501.8399999
2026-07-18,Table tennis,2304283.25000002
2026-07-18,Tennis,48867274.7799944
2026-07-18,Unclassified,155874.95
2026-07-18,Weather,685652.750000039
2026-07-19,Baseball,37078934.0500019
2026-07-19,Basketball (college),0
2026-07-19,Basketball (pro),10172737.7000001
2026-07-19,Combat sports,9828770.38000047
2026-07-19,Cricket,1522806.88
2026-07-19,Crypto,1279099.85
2026-07-19,Economics,78561.31
2026-07-19,Esports,3939139.05999952
2026-07-19,Football,189072.47
2026-07-19,Golf,12566257.6000013
2026-07-19,Hockey,4037.98
2026-07-19,Motorsport,437414.739999998
2026-07-19,Politics,731636.220000001
2026-07-19,Soccer,140480381.429882
2026-07-19,Table tennis,1250320.26
2026-07-19,Tennis,37688970.9900039
2026-07-19,Unclassified,55073.42
2026-07-19,Weather,428527.289999979
2026-07-20,Baseball,19350780.7900016
2026-07-20,Basketball (college),0
2026-07-20,Basketball (pro),8803179.04000027
2026-07-20,Combat sports,86955.1500000003
2026-07-20,Cricket,57037.4399999999
2026-07-20,Crypto,1736071.77
2026-07-20,Economics,189732.92
2026-07-20,Esports,5809277.37999925
2026-07-20,Football,422229.07
2026-07-20,Golf,976908.490000003
2026-07-20,Hockey,8671.84
2026-07-20,Motorsport,253172.99
2026-07-20,Politics,931661.79
2026-07-20,Soccer,36923132.5399991
2026-07-20,Table tennis,2916648.82
2026-07-20,Tennis,46213152.1899975
2026-07-20,Unclassified,181575.700000002
2026-07-20,Weather,498586.109999967
2026-07-21,Baseball,39593451.7000099
2026-07-21,Basketball (college),0
2026-07-21,Basketball (pro),8750850.65000008
2026-07-21,Combat sports,68614.27
2026-07-21,Cricket,278477.080000002
2026-07-21,Crypto,627759.25
2026-07-21,Economics,480334.48
2026-07-21,Esports,5320559.73999952
2026-07-21,Football,181005.24
2026-07-21,Golf,1444943.90000001
2026-07-21,Hockey,106338.7
2026-07-21,Motorsport,47102.26
2026-07-21,Politics,664044.659999996
2026-07-21,Soccer,4691261.74000002
2026-07-21,Table tennis,5210064.96999999
2026-07-21,Tennis,64613747.5199561
2026-07-21,Unclassified,256296.020000001
2026-07-21,Weather,475630.989999981
2026-07-22,Baseball,39268828.6300053
2026-07-22,Basketball (college),9.7
2026-07-22,Basketball (pro),2143850.49000001
2026-07-22,Combat sports,68115.72
2026-07-22,Cricket,820721.1
2026-07-22,Crypto,496876.430000001
2026-07-22,Economics,185754.12
2026-07-22,Esports,3554259.18999976
2026-07-22,Football,197136.1
2026-07-22,Golf,1774251.46000001
2026-07-22,Hockey,4928.14
2026-07-22,Motorsport,16054.16
2026-07-22,Politics,361804.529999999
2026-07-22,Soccer,5214316.49999998
2026-07-22,Table tennis,9111537.24999991
2026-07-22,Tennis,54675506.2899994
2026-07-22,Unclassified,176911.72
2026-07-22,Weather,342876.579999991
2026-07-23,Baseball,31750279.040011
2026-07-23,Basketball (college),99.33
2026-07-23,Basketball (pro),6716601.95000002
2026-07-23,Combat sports,166870.9
2026-07-23,Cricket,828164.550000001
2026-07-23,Crypto,50861.3300000001
2026-07-23,Economics,137930.75
2026-07-23,Esports,4310445.96999958
2026-07-23,Football,422907.859999999
2026-07-23,Golf,11900789.7300004
2026-07-23,Hockey,32020.37
2026-07-23,Motorsport,20067.45
2026-07-23,Politics,208797.259999999
2026-07-23,Soccer,10745503.4100006
2026-07-23,Table tennis,9877851.5
2026-07-23,Tennis,45143130.8799963
2026-07-23,Unclassified,264392.770000001
2026-07-23,Weather,469582.749999979
2026-07-24,Baseball,15170205.8499989
2026-07-24,Basketball (college),139.27
2026-07-24,Basketball (pro),4666215.95000003
2026-07-24,Combat sports,311885.820000002
2026-07-24,Cricket,920471.989999999
2026-07-24,Crypto,133050.14
2026-07-24,Economics,217567.52
2026-07-24,Esports,5085941.0599996
2026-07-24,Football,476262.350000001
2026-07-24,Golf,9587653.16
2026-07-24,Hockey,6892.83
2026-07-24,Motorsport,34788.43
2026-07-24,Politics,413887.5
2026-07-24,Soccer,6806725.30000016
2026-07-24,Table tennis,15507180.8199971
2026-07-24,Tennis,50212312.9599968
2026-07-24,Unclassified,195695.21
2026-07-24,Weather,364523.819999985
2026-07-25,Baseball,45756910.9899912
2026-07-25,Basketball (college),113.55
2026-07-25,Basketball (pro),679787.349999998
2026-07-25,Combat sports,6986271.13000023
2026-07-25,Cricket,579267.5
2026-07-25,Crypto,196330.52
2026-07-25,Economics,174534.24
2026-07-25,Esports,5032358.84999973
2026-07-25,Football,874121.680000001
2026-07-25,Golf,6724169.86000004
2026-07-25,Hockey,3018.46
2026-07-25,Motorsport,139085.92
2026-07-25,Politics,216402.53
2026-07-25,Soccer,8875285.28000013
2026-07-25,Table tennis,18376041.3099976
2026-07-25,Tennis,36358229.4899971
2026-07-25,Unclassified,182202.490000001
2026-07-25,Weather,383531.999999986
2026-07-26,Baseball,48179612.7499843
2026-07-26,Basketball (college),14.44
2026-07-26,Basketball (pro),960461.790000002
2026-07-26,Combat sports,544063.000000001
2026-07-26,Cricket,636643.8
2026-07-26,Crypto,971596.2
2026-07-26,Economics,150414.61
2026-07-26,Esports,5312628.73999938
2026-07-26,Football,194769.19
2026-07-26,Golf,5853629.6299999
2026-07-26,Hockey,33885.7
2026-07-26,Motorsport,683460.609999996
2026-07-26,Politics,350066.39
2026-07-26,Soccer,14576687.4099998
2026-07-26,Table tennis,12123689.4399999
2026-07-26,Tennis,37034041.4400022
2026-07-26,Unclassified,285491.799999998
2026-07-26,Weather,303678.159999985
2026-07-27,Baseball,19192438.7599994
2026-07-27,Basketball (college),826.08
2026-07-27,Basketball (pro),497228.62
2026-07-27,Combat sports,540560.810000002
2026-07-27,Cricket,481804.4
2026-07-27,Crypto,369165.44
2026-07-27,Economics,156501.82
2026-07-27,Esports,4260424.92999934
2026-07-27,Football,179440.76
2026-07-27,Golf,2632522.62000001
2026-07-27,Hockey,8144.5
2026-07-27,Motorsport,131994.88
2026-07-27,Politics,412811.08
2026-07-27,Soccer,7628441.07000008
2026-07-27,Table tennis,20300098.3599964
2026-07-27,Tennis,38597289.7700001
2026-07-27,Unclassified,398167.2
2026-07-27,Weather,394569.209999983
2026-07-28,Baseball,38960396.5800076
2026-07-28,Basketball (college),1839.46
2026-07-28,Basketball (pro),727147.49
2026-07-28,Combat sports,88828.8300000001
2026-07-28,Cricket,532594.099999999
2026-07-28,Crypto,167642.85
2026-07-28,Economics,508573.639999998
2026-07-28,Esports,3354755.2199995
2026-07-28,Football,250572.07
2026-07-28,Golf,1833079.75
2026-07-28,Hockey,16777.01
2026-07-28,Motorsport,5046
2026-07-28,Politics,535630.020000001
2026-07-28,Soccer,4032602.98000007
2026-07-28,Table tennis,16467109.8799998
2026-07-28,Tennis,57649439.6300001
2026-07-28,Unclassified,377389.82
2026-07-28,Weather,365069.549999978
2026-07-29,Baseball,51629188.9599872
2026-07-29,Basketball (college),807565.82
2026-07-29,Basketball (pro),4712007.66
2026-07-29,Combat sports,95529.7400000001
2026-07-29,Cricket,692117.86
2026-07-29,Crypto,23305.3
2026-07-29,Economics,803014.469999999
2026-07-29,Esports,3850508.3399994
2026-07-29,Football,221908.03
2026-07-29,Golf,2915890.62000002
2026-07-29,Hockey,2788.55
2026-07-29,Motorsport,3732.76
2026-07-29,Politics,504468.500000001
2026-07-29,Soccer,3537609.26000008
2026-07-29,Table tennis,13481945.93
2026-07-29,Tennis,51880107.9600334
2026-07-29,Unclassified,404474.61
2026-07-29,Weather,474431.229999984
2026-07-30,Baseball,42307183.3599883
2026-07-30,Basketball (college),1820.78
2026-07-30,Basketball (pro),3505352.61999984
2026-07-30,Combat sports,139500.390000001
2026-07-30,Cricket,535697.61
2026-07-30,Crypto,228790.990000002
2026-07-30,Economics,135974.09
2026-07-30,Esports,4545233.76999926
2026-07-30,Football,374861.250000009
2026-07-30,Golf,15367345.2700006
2026-07-30,Hockey,9249.15000000003
2026-07-30,Motorsport,2449.02
2026-07-30,Politics,736139.519999998
2026-07-30,Soccer,5166414.65000002
2026-07-30,Table tennis,13403315.47
2026-07-30,Tennis,38466445.490012
2026-07-30,Unclassified,349724.600000021
2026-07-30,Weather,306214.179999986
2026-07-31,Baseball,32839231.6000084
2026-07-31,Basketball (college),1004.7
2026-07-31,Basketball (pro),4231133.47
2026-07-31,Combat sports,277967.240000001
2026-07-31,Cricket,912405.690000002
2026-07-31,Crypto,682537.1
2026-07-31,Economics,89535.34
2026-07-31,Esports,5211478.26999905
2026-07-31,Football,978805.359999997
2026-07-31,Golf,10010402.4500001
2026-07-31,Hockey,2865.97
2026-07-31,Motorsport,1892
2026-07-31,Politics,591090.069999997
2026-07-31,Soccer,3943081.65999999
2026-07-31,Table tennis,18002716.6299998
2026-07-31,Tennis,33959634.9100022
2026-07-31,Unclassified,409311.050000001
2026-07-31,Weather,385465.299999989
2026-08-01,Baseball,48974578.859993
2026-08-01,Basketball (college),30190.89
2026-08-01,Basketball (pro),5237108.84999994
2026-08-01,Combat sports,6584564.88000034
2026-08-01,Cricket,881727.94
2026-08-01,Crypto,328536.79
2026-08-01,Economics,43709.66
2026-08-01,Esports,4009090.8599997
2026-08-01,Football,345587.489999993
2026-08-01,Golf,7283506.68
2026-08-01,Hockey,7550.14
2026-08-01,Motorsport,2591
2026-08-01,Politics,506025.959999997
2026-08-01,Soccer,6799598.73999991
2026-08-01,Table tennis,15443045.2100002
2026-08-01,Tennis,37777982.0000013
2026-08-01,Unclassified,246458.22
2026-08-01,Weather,301058.349999987
2026-08-02,Baseball,59313981.1299755
2026-08-02,Basketball (college),458.43
2026-08-02,Basketball (pro),2714964.19
2026-08-02,Combat sports,91824.7099999999
2026-08-02,Cricket,799495.159999999
2026-08-02,Crypto,377154.06
2026-08-02,Economics,25556.11
2026-08-02,Esports,4050883.90999937
2026-08-02,Football,187202.76
2026-08-02,Golf,7842892.31999997
2026-08-02,Hockey,6255.7
2026-08-02,Motorsport,588
2026-08-02,Politics,877620.500000003
2026-08-02,Soccer,10267907.7099999
2026-08-02,Table tennis,18381540.1400001
2026-08-02,Tennis,30397043.0800008
2026-08-02,Unclassified,190159.83
2026-08-02,Weather,307758.479999983
2026-08-03,Baseball,23795598.5200026
2026-08-03,Basketball (college),14214.98
2026-08-03,Basketball (pro),3519406.68
2026-08-03,Combat sports,125853.47
2026-08-03,Cricket,416825.949999999
2026-08-03,Crypto,569907.67
2026-08-03,Economics,71881.0300000002
2026-08-03,Esports,3613322.46999937
2026-08-03,Football,203250.28
2026-08-03,Golf,3531031.70000001
2026-08-03,Hockey,2327.34
2026-08-03,Motorsport,232.9
2026-08-03,Politics,1197787.97
2026-08-03,Soccer,4300516.31999999
2026-08-03,Table tennis,19696987.7999995
2026-08-03,Tennis,26114585.5700026
2026-08-03,Unclassified,257908.05
2026-08-03,Weather,304816.689999983
2026-08-04,Baseball,32299242.7200044
2026-08-04,Basketball (college),8365.03
2026-08-04,Basketball (pro),3526994.29999994
2026-08-04,Combat sports,89998.88
2026-08-04,Cricket,365418.72
2026-08-04,Crypto,50485.73
2026-08-04,Economics,62395.8399999999
2026-08-04,Esports,4128805.56999917
2026-08-04,Football,277022.41
2026-08-04,Golf,2106132.34
2026-08-04,Hockey,3094.07
2026-08-04,Motorsport,3004.55
2026-08-04,Politics,1421546.78000002
2026-08-04,Soccer,4334769.64
2026-08-04,Table tennis,17220808.6999998
2026-08-04,Tennis,56017734.200003
2026-08-04,Unclassified,432976.469999999
2026-08-04,Weather,298422.879999986
2026-08-05,Baseball,49923619.0699951
2026-08-05,Basketball (college),7440.62
2026-08-05,Basketball (pro),1754068.75000001
2026-08-05,Combat sports,62692.9099999999
2026-08-05,Cricket,555575.86
2026-08-05,Crypto,313361.23
2026-08-05,Economics,106575.49
2026-08-05,Esports,3140022.03999976
2026-08-05,Football,367117.239999998
2026-08-05,Golf,2356572.13
2026-08-05,Hockey,8139.09
2026-08-05,Motorsport,361.57
2026-08-05,Politics,1534792.95000001
2026-08-05,Soccer,5177132.33000005
2026-08-05,Table tennis,12427808.01
2026-08-05,Tennis,49253878.0300011
2026-08-05,Unclassified,221536.04
2026-08-05,Weather,424882.569999983
