date,market_type,contracts
2024-01-17,Other,8632
2024-01-18,Other,2268
2024-01-19,Other,3294
2024-01-20,Other,1088
2024-01-21,Other,1717
2024-01-22,Other,6438
2024-01-23,Other,1896
2024-01-24,Other,12541
2024-01-25,Other,2442
2024-01-26,Other,4872
2024-01-27,Other,87
2024-11-20,Other,7270
2024-11-21,Other,142691
2024-11-22,Other,25084
2024-11-23,Other,1424
2024-11-24,Other,4236
2024-11-25,Other,1075
2024-11-26,Other,945
2024-11-27,Other,5520
2024-11-28,Other,3186
2024-11-29,Other,7816
2024-11-30,Other,352
2024-12-01,Other,807
2024-12-02,Other,668
2024-12-03,Other,8570
2024-12-04,Other,7961
2024-12-05,Other,7236
2024-12-06,Other,2340
2024-12-07,Other,3264
2024-12-08,Other,9187
2024-12-09,Other,1745
2024-12-10,Other,21001
2024-12-11,Other,10799
2024-12-12,Other,6782
2024-12-13,Other,5470
2024-12-14,Other,3792
2024-12-15,Other,5940
2024-12-16,Other,2545
2024-12-17,Other,7853
2024-12-18,Other,2875
2024-12-19,Other,4112
2024-12-20,Other,1950
2024-12-21,Other,4164
2024-12-22,Other,2054
2024-12-23,Other,3642
2024-12-24,Other,3196
2024-12-25,Other,1237
2024-12-26,Other,4400
2024-12-27,Other,5007
2024-12-28,Other,5603
2024-12-29,Other,6679
2024-12-30,Other,5712
2024-12-31,Other,5434
2025-01-01,Other,4713
2025-01-02,Other,1305
2025-01-03,Other,9091
2025-01-04,Other,7058
2025-01-05,Other,16519
2025-01-06,Other,17619
2025-01-07,Other,22064
2025-01-08,Other,17142
2025-01-09,Other,23255
2025-01-10,Other,24968
2025-01-11,Other,33599
2025-01-12,Other,44812
2025-01-13,Other,50219
2025-01-14,Other,44872
2025-01-15,Other,36080
2025-01-16,Other,34367
2025-01-17,Other,20440
2025-01-18,Other,28110
2025-01-19,Other,28222
2025-01-20,Other,101103
2025-01-21,Other,43938
2025-01-22,Other,65168
2025-01-23,Futures/Award,459423
2025-01-23,Moneyline,231473
2025-01-23,Other,116664
2025-01-24,Futures/Award,325611
2025-01-24,Moneyline,270528
2025-01-24,Other,100804
2025-01-25,Futures/Award,190040
2025-01-25,Moneyline,275102
2025-01-25,Other,15574
2025-01-26,Futures/Award,638975
2025-01-26,Moneyline,3229915
2025-01-26,Other,15655
2025-01-27,Futures/Award,416751
2025-01-27,Other,21124
2025-01-28,Futures/Award,312237
2025-01-28,Other,34582
2025-01-29,Futures/Award,248175
2025-01-29,Other,28604
2025-01-30,Futures/Award,104100
2025-01-30,Other,11354
2025-01-31,Futures/Award,107656
2025-01-31,Other,22716
2025-02-01,Futures/Award,277658
2025-02-01,Other,13392
2025-02-02,Futures/Award,331984
2025-02-02,Other,7722
2025-02-03,Futures/Award,420496
2025-02-03,Other,31811
2025-02-04,Futures/Award,398525
2025-02-04,Other,10226
2025-02-05,Futures/Award,464652
2025-02-05,Other,7057
2025-02-06,Futures/Award,686187
2025-02-06,Other,5350
2025-02-07,Futures/Award,953404
2025-02-07,Other,19564
2025-02-08,Futures/Award,1320394
2025-02-08,Other,88021
2025-02-09,Futures/Award,21608717
2025-02-09,Other,170453
2025-02-10,Futures/Award,304283
2025-02-10,Other,23916
2025-02-11,Futures/Award,291411
2025-02-11,Other,20287
2025-02-12,Futures/Award,309172
2025-02-12,Motorsport,425
2025-02-12,Other,32299
2025-02-13,Futures/Award,472104
2025-02-13,Motorsport,2909
2025-02-13,Other,52296
2025-02-14,Futures/Award,438752
2025-02-14,Motorsport,1068
2025-02-14,Other,23095
2025-02-15,Futures/Award,603082
2025-02-15,Motorsport,1927
2025-02-15,Other,34315
2025-02-16,Futures/Award,897482
2025-02-16,Motorsport,3027
2025-02-16,Other,408649
2025-02-17,Futures/Award,271128
2025-02-17,Motorsport,475
2025-02-17,Other,23939
2025-02-18,Futures/Award,387539
2025-02-18,Motorsport,490
2025-02-18,Other,88577
2025-02-19,Futures/Award,441860
2025-02-19,Motorsport,2888
2025-02-19,Other,163458
2025-02-20,Futures/Award,1062501
2025-02-20,Motorsport,1974
2025-02-20,Other,47005
2025-02-21,Futures/Award,524190
2025-02-21,Motorsport,1089
2025-02-21,Other,64870
2025-02-22,Futures/Award,574580
2025-02-22,Motorsport,550
2025-02-22,Other,25447
2025-02-23,Futures/Award,492429
2025-02-23,Motorsport,14
2025-02-23,Other,48791
2025-02-24,Futures/Award,392511
2025-02-24,Motorsport,396
2025-02-24,Other,16906
2025-02-25,Futures/Award,382585
2025-02-25,Motorsport,733
2025-02-25,Other,46653
2025-02-26,Futures/Award,323185
2025-02-26,Moneyline,947
2025-02-26,Motorsport,83
2025-02-26,Other,60375
2025-02-27,Futures/Award,383426
2025-02-27,Moneyline,954
2025-02-27,Motorsport,2952
2025-02-27,Other,33879
2025-02-28,Futures/Award,535272
2025-02-28,Moneyline,1053
2025-02-28,Motorsport,1074
2025-02-28,Other,26625
2025-03-01,Futures/Award,407097
2025-03-01,Moneyline,7281
2025-03-01,Motorsport,1945
2025-03-01,Other,23673
2025-03-02,Futures/Award,466053
2025-03-02,Moneyline,6813
2025-03-02,Motorsport,442
2025-03-02,Other,41141
2025-03-03,Futures/Award,263767
2025-03-03,Moneyline,21373
2025-03-03,Motorsport,8940
2025-03-03,Other,42210
2025-03-04,Futures/Award,247369
2025-03-04,Moneyline,44448
2025-03-04,Motorsport,1766
2025-03-04,Other,68434
2025-03-05,Futures/Award,1216071
2025-03-05,Moneyline,62075
2025-03-05,Motorsport,10501
2025-03-05,Other,69584
2025-03-06,Futures/Award,512950
2025-03-06,Moneyline,14306
2025-03-06,Motorsport,182
2025-03-06,Other,38171
2025-03-07,Futures/Award,409148
2025-03-07,Moneyline,15383
2025-03-07,Motorsport,271
2025-03-07,Other,75359
2025-03-08,Futures/Award,427831
2025-03-08,Moneyline,15419
2025-03-08,Motorsport,1341
2025-03-08,Other,375320
2025-03-09,Futures/Award,461120
2025-03-09,Moneyline,10286
2025-03-09,Motorsport,647
2025-03-09,Other,185962
2025-03-10,Futures/Award,272793
2025-03-10,Moneyline,20294
2025-03-10,Motorsport,847
2025-03-10,Other,20491
2025-03-11,Futures/Award,376239
2025-03-11,Moneyline,89864
2025-03-11,Motorsport,2384
2025-03-11,Other,142286
2025-03-12,Futures/Award,478060
2025-03-12,Moneyline,232315
2025-03-12,Motorsport,1997
2025-03-12,Other,245827
2025-03-13,Futures/Award,760324
2025-03-13,Motorsport,2705
2025-03-13,Other,463255
2025-03-14,Futures/Award,714734
2025-03-14,Moneyline,1777
2025-03-14,Motorsport,8659
2025-03-14,Other,339506
2025-03-15,Futures/Award,890869
2025-03-15,Moneyline,2521
2025-03-15,Motorsport,17626
2025-03-15,Other,545785
2025-03-16,Futures/Award,1153394
2025-03-16,Moneyline,5760
2025-03-16,Motorsport,16058
2025-03-16,Other,235177
2025-03-17,Futures/Award,2065048
2025-03-17,Moneyline,4338
2025-03-17,Motorsport,1611
2025-03-17,Other,13520
2025-03-18,Futures/Award,4324052
2025-03-18,Moneyline,3837
2025-03-18,Motorsport,1440
2025-03-18,Other,7257
2025-03-19,Futures/Award,9485432
2025-03-19,Moneyline,992
2025-03-19,Motorsport,4660
2025-03-19,Other,3915
2025-03-20,Futures/Award,34306313
2025-03-20,Moneyline,1608
2025-03-20,Motorsport,3652
2025-03-20,Other,1890
2025-03-21,Futures/Award,46873023
2025-03-21,Moneyline,690
2025-03-21,Motorsport,19676
2025-03-21,Other,40267
2025-03-22,Esports,573
2025-03-22,Futures/Award,50484269
2025-03-22,Moneyline,1497
2025-03-22,Motorsport,34869
2025-03-22,Other,3899
2025-03-23,Esports,1
2025-03-23,Futures/Award,54080636
2025-03-23,Moneyline,1965
2025-03-23,Motorsport,18454
2025-03-23,Other,3484
2025-03-24,Esports,2370
2025-03-24,Futures/Award,15044494
2025-03-24,Moneyline,2403
2025-03-24,Motorsport,3077
2025-03-24,Other,183295
2025-03-25,Esports,2278
2025-03-25,Futures/Award,3363747
2025-03-25,Moneyline,1815
2025-03-25,Motorsport,7088
2025-03-25,Other,267249
2025-03-26,Esports,40
2025-03-26,Futures/Award,3456345
2025-03-26,Moneyline,303
2025-03-26,Motorsport,1092
2025-03-26,Other,299479
2025-03-27,Esports,23
2025-03-27,Futures/Award,28917480
2025-03-27,Moneyline,3095
2025-03-27,Motorsport,1790
2025-03-27,Other,240179
2025-03-28,Esports,268
2025-03-28,Futures/Award,41269371
2025-03-28,Moneyline,745
2025-03-28,Motorsport,34
2025-03-28,Other,180511
2025-03-29,Esports,496
2025-03-29,Futures/Award,49833799
2025-03-29,Moneyline,534
2025-03-29,Motorsport,281
2025-03-29,Other,74800
2025-03-30,Esports,39
2025-03-30,Futures/Award,33654886
2025-03-30,Moneyline,3842
2025-03-30,Motorsport,5241
2025-03-30,Other,168977
2025-03-31,Esports,1125
2025-03-31,Futures/Award,14702592
2025-03-31,Moneyline,3697
2025-03-31,Motorsport,2336
2025-03-31,Other,11560
2025-04-01,Cricket,157
2025-04-01,Esports,1806
2025-04-01,Futures/Award,2731409
2025-04-01,Moneyline,2374
2025-04-01,Motorsport,1557
2025-04-01,Other,10644
2025-04-02,Cricket,1659
2025-04-02,Esports,16
2025-04-02,Futures/Award,2198835
2025-04-02,Moneyline,1228
2025-04-02,Motorsport,1926
2025-04-02,Other,19104
2025-04-03,Cricket,91
2025-04-03,Esports,4812
2025-04-03,Futures/Award,2409408
2025-04-03,Moneyline,3527
2025-04-03,Motorsport,5266
2025-04-03,Other,17518
2025-04-04,Esports,1077
2025-04-04,Futures/Award,17072312
2025-04-04,Moneyline,8571
2025-04-04,Motorsport,7221
2025-04-04,Other,10351
2025-04-05,Cricket,676
2025-04-05,Esports,346
2025-04-05,Futures/Award,45846005
2025-04-05,Moneyline,2591
2025-04-05,Motorsport,16477
2025-04-05,Other,5096
2025-04-06,Cricket,48
2025-04-06,Esports,137
2025-04-06,Futures/Award,13261169
2025-04-06,Moneyline,5267
2025-04-06,Motorsport,46330
2025-04-06,Other,9956
2025-04-07,Cricket,639
2025-04-07,Esports,134
2025-04-07,Futures/Award,31028782
2025-04-07,Moneyline,26259
2025-04-07,Motorsport,6523
2025-04-07,Other,18204
2025-04-08,Cricket,102
2025-04-08,Esports,4353
2025-04-08,Futures/Award,878282
2025-04-08,Moneyline,314007
2025-04-08,Motorsport,1546
2025-04-08,Other,13427
2025-04-09,Cricket,384
2025-04-09,Esports,87
2025-04-09,Futures/Award,7733215
2025-04-09,Moneyline,167789
2025-04-09,Motorsport,2124
2025-04-09,Other,34089
2025-04-10,Cricket,420
2025-04-10,Esports,10
2025-04-10,Futures/Award,16923526
2025-04-10,Moneyline,83872
2025-04-10,Motorsport,4453
2025-04-10,Other,116950
2025-04-11,Cricket,2895
2025-04-11,Esports,132
2025-04-11,Futures/Award,12846149
2025-04-11,Moneyline,11935
2025-04-11,Motorsport,7172
2025-04-11,Other,108052
2025-04-12,Cricket,1725
2025-04-12,Futures/Award,18615537
2025-04-12,Moneyline,11805
2025-04-12,Motorsport,56340
2025-04-12,Other,238225
2025-04-13,Cricket,1517
2025-04-13,Esports,2214
2025-04-13,Futures/Award,29648814
2025-04-13,Moneyline,40289
2025-04-13,Motorsport,51613
2025-04-13,Other,134606
2025-04-14,Cricket,1732
2025-04-14,Esports,490
2025-04-14,Futures/Award,306798
2025-04-14,Moneyline,33107
2025-04-14,Motorsport,4817
2025-04-14,Other,10968
2025-04-15,Cricket,1078
2025-04-15,Esports,201
2025-04-15,Futures/Award,480955
2025-04-15,Moneyline,1037984
2025-04-15,Motorsport,1774
2025-04-15,Other,7068
2025-04-16,Cricket,99
2025-04-16,Esports,1422
2025-04-16,Futures/Award,442389
2025-04-16,Moneyline,2016863
2025-04-16,Motorsport,93
2025-04-16,Other,6196
2025-04-17,Cricket,1391
2025-04-17,Esports,1058
2025-04-17,Futures/Award,1178182
2025-04-17,Moneyline,350804
2025-04-17,Motorsport,9218
2025-04-17,Other,36273
2025-04-18,Cricket,240
2025-04-18,Esports,811
2025-04-18,Futures/Award,1705831
2025-04-18,Moneyline,1449002
2025-04-18,Motorsport,9877
2025-04-18,Other,6447
2025-04-19,Cricket,65
2025-04-19,Esports,22
2025-04-19,Futures/Award,4697638
2025-04-19,Moneyline,4221703
2025-04-19,Motorsport,53435
2025-04-19,Other,5584
2025-04-20,Cricket,186
2025-04-20,Esports,32
2025-04-20,Futures/Award,4179315
2025-04-20,Moneyline,2217888
2025-04-20,Motorsport,102128
2025-04-20,Other,3957
2025-04-21,Cricket,226
2025-04-21,Esports,547
2025-04-21,Futures/Award,3000079
2025-04-21,Moneyline,2275220
2025-04-21,Motorsport,2668
2025-04-21,Other,11006
2025-04-22,Cricket,1955
2025-04-22,Esports,283
2025-04-22,Futures/Award,4756973
2025-04-22,Moneyline,2235901
2025-04-22,Motorsport,812
2025-04-22,Other,13405
2025-04-23,Cricket,495
2025-04-23,Esports,11
2025-04-23,Futures/Award,2885538
2025-04-23,Moneyline,2488363
2025-04-23,Motorsport,452
2025-04-23,Other,1108
2025-04-24,Cricket,1106
2025-04-24,Esports,910
2025-04-24,Futures/Award,3376826
2025-04-24,Moneyline,2772631
2025-04-24,Motorsport,5
2025-04-24,Other,5799
2025-04-25,Cricket,359
2025-04-25,Esports,7
2025-04-25,Futures/Award,4036804
2025-04-25,Moneyline,2638233
2025-04-25,Motorsport,933
2025-04-25,Other,9016
2025-04-26,Esports,139
2025-04-26,Futures/Award,3367954
2025-04-26,Moneyline,3115712
2025-04-26,Motorsport,11838
2025-04-26,Other,33726
2025-04-27,Futures/Award,4350228
2025-04-27,Moneyline,3049369
2025-04-27,Motorsport,220
2025-04-27,Other,58541
2025-04-28,Cricket,861
2025-04-28,Esports,424
2025-04-28,Futures/Award,5215095
2025-04-28,Moneyline,2138573
2025-04-28,Motorsport,2094
2025-04-28,Other,61229
2025-04-29,Cricket,9191
2025-04-29,Esports,602
2025-04-29,Futures/Award,4583221
2025-04-29,Moneyline,4026688
2025-04-29,Motorsport,2856
2025-04-29,Other,178337
2025-04-30,Cricket,199
2025-04-30,Esports,91
2025-04-30,Futures/Award,5614757
2025-04-30,Moneyline,2810690
2025-04-30,Motorsport,3559
2025-04-30,Other,290757
2025-05-01,Cricket,50
2025-05-01,Esports,933
2025-05-01,Futures/Award,6403902
2025-05-01,Moneyline,2723508
2025-05-01,Motorsport,3077
2025-05-01,Other,226432
2025-05-02,Cricket,256
2025-05-02,Esports,827
2025-05-02,Futures/Award,6447814
2025-05-02,Moneyline,2385819
2025-05-02,Motorsport,12494
2025-05-02,Other,280903
2025-05-03,Cricket,648
2025-05-03,Esports,63
2025-05-03,Futures/Award,9926250
2025-05-03,Moneyline,1210622
2025-05-03,Motorsport,52320
2025-05-03,Other,154977
2025-05-04,Cricket,318
2025-05-04,Esports,121
2025-05-04,Futures/Award,12394336
2025-05-04,Moneyline,1797559
2025-05-04,Motorsport,224790
2025-05-04,Other,210811
2025-05-05,Cricket,211
2025-05-05,Esports,71
2025-05-05,Futures/Award,7072238
2025-05-05,Moneyline,3367658
2025-05-05,Motorsport,5650
2025-05-05,Other,5112
2025-05-06,Cricket,1320
2025-05-06,Esports,5297
2025-05-06,Futures/Award,9485971
2025-05-06,Moneyline,5631942
2025-05-06,Motorsport,8057
2025-05-06,Other,2241
2025-05-07,Cricket,1013
2025-05-07,Esports,28
2025-05-07,Futures/Award,7294340
2025-05-07,Moneyline,6451690
2025-05-07,Motorsport,3915
2025-05-07,Other,4897
2025-05-08,Cricket,579
2025-05-08,Esports,172
2025-05-08,Futures/Award,4293341
2025-05-08,Moneyline,3250114
2025-05-08,Motorsport,2333
2025-05-08,Other,6590
2025-05-09,Cricket,105
2025-05-09,Esports,2227
2025-05-09,Futures/Award,5069366
2025-05-09,Moneyline,3697925
2025-05-09,Motorsport,1409
2025-05-09,Other,7019
2025-05-10,Cricket,30
2025-05-10,Esports,1315
2025-05-10,Futures/Award,6459131
2025-05-10,Moneyline,5787444
2025-05-10,Motorsport,4417
2025-05-10,Other,1712
2025-05-11,Cricket,72
2025-05-11,Esports,114
2025-05-11,Futures/Award,7283376
2025-05-11,Moneyline,4759497
2025-05-11,Motorsport,3292
2025-05-11,Other,4932
2025-05-12,Cricket,760
2025-05-12,Esports,135
2025-05-12,Futures/Award,9477219
2025-05-12,Moneyline,4094361
2025-05-12,Motorsport,5824
2025-05-12,Other,3675
2025-05-13,Cricket,29
2025-05-13,Esports,409
2025-05-13,Futures/Award,14043624
2025-05-13,Moneyline,5916129
2025-05-13,Motorsport,6051
2025-05-13,Other,9344
2025-05-14,Cricket,581
2025-05-14,Esports,120
2025-05-14,Futures/Award,13979588
2025-05-14,Moneyline,6218374
2025-05-14,Motorsport,3267
2025-05-14,Other,5323
2025-05-15,Cricket,1216
2025-05-15,Esports,115
2025-05-15,Futures/Award,15621633
2025-05-15,Moneyline,3296203
2025-05-15,Motorsport,8889
2025-05-15,Other,6604
2025-05-16,Cricket,357
2025-05-16,Esports,505
2025-05-16,Futures/Award,13717286
2025-05-16,Moneyline,3421048
2025-05-16,Motorsport,10278
2025-05-16,Other,7344
2025-05-17,Cricket,599
2025-05-17,Esports,237
2025-05-17,Futures/Award,11170109
2025-05-17,Moneyline,2399717
2025-05-17,Motorsport,44830
2025-05-17,Other,186760
2025-05-18,Cricket,1305
2025-05-18,Esports,162
2025-05-18,Futures/Award,20324501
2025-05-18,Moneyline,1844296
2025-05-18,Motorsport,129210
2025-05-18,Other,13247
2025-05-19,Cricket,198
2025-05-19,Esports,1110
2025-05-19,Futures/Award,2384271
2025-05-19,Moneyline,3124501
2025-05-19,Motorsport,320604
2025-05-19,Other,18304
2025-05-20,Cricket,831
2025-05-20,Esports,1621
2025-05-20,Futures/Award,2963340
2025-05-20,Moneyline,12092621
2025-05-20,Motorsport,349716
2025-05-20,Other,22265
2025-05-21,Cricket,302
2025-05-21,Esports,10899
2025-05-21,Futures/Award,3011450
2025-05-21,Moneyline,17788327
2025-05-21,Motorsport,292095
2025-05-21,Other,190657
2025-05-22,Cricket,46
2025-05-22,Esports,15847
2025-05-22,Futures/Award,3263446
2025-05-22,Moneyline,13949584
2025-05-22,Motorsport,412217
2025-05-22,Other,4822
2025-05-23,Cricket,521
2025-05-23,Esports,226
2025-05-23,Futures/Award,3429878
2025-05-23,Moneyline,16901206
2025-05-23,Motorsport,872612
2025-05-23,Other,57375
2025-05-24,Cricket,139
2025-05-24,Esports,2
2025-05-24,Futures/Award,2747511
2025-05-24,Moneyline,15103274
2025-05-24,Motorsport,1027177
2025-05-24,Other,3853
2025-05-25,Cricket,26
2025-05-25,Esports,563
2025-05-25,Futures/Award,4540297
2025-05-25,Moneyline,22571722
2025-05-25,Motorsport,4086185
2025-05-25,Other,6339
2025-05-26,Cricket,340
2025-05-26,Esports,31
2025-05-26,Futures/Award,3319188
2025-05-26,Moneyline,20308642
2025-05-26,Motorsport,1501
2025-05-26,Other,3023
2025-05-27,Cricket,1775
2025-05-27,Esports,1757
2025-05-27,Futures/Award,5450044
2025-05-27,Moneyline,17565027
2025-05-27,Motorsport,954
2025-05-27,Other,1672
2025-05-28,Cricket,1429
2025-05-28,Esports,1155
2025-05-28,Futures/Award,4361387
2025-05-28,Moneyline,16184245
2025-05-28,Motorsport,6095
2025-05-28,Other,5215
2025-05-29,Cricket,3940
2025-05-29,Esports,5
2025-05-29,Futures/Award,6148940
2025-05-29,Moneyline,18002866
2025-05-29,Motorsport,6310
2025-05-29,Other,1801
2025-05-30,Cricket,2560
2025-05-30,Esports,106
2025-05-30,Futures/Award,4732837
2025-05-30,Moneyline,4023409
2025-05-30,Motorsport,11848
2025-05-30,Other,1507
2025-05-31,Cricket,1440
2025-05-31,Futures/Award,10402072
2025-05-31,Moneyline,16791230
2025-05-31,Motorsport,47074
2025-05-31,Other,5190
2025-06-01,Cricket,4869
2025-06-01,Futures/Award,4495263
2025-06-01,Moneyline,3257661
2025-06-01,Motorsport,109852
2025-06-01,Other,5854
2025-06-02,Cricket,10029
2025-06-02,Esports,80
2025-06-02,Futures/Award,3626391
2025-06-02,Moneyline,2868384
2025-06-02,Motorsport,872
2025-06-02,Other,6164
2025-06-03,Cricket,43312
2025-06-03,Esports,12
2025-06-03,Futures/Award,3209921
2025-06-03,Moneyline,4755849
2025-06-03,Motorsport,457
2025-06-03,Other,51861
2025-06-04,Esports,3
2025-06-04,Futures/Award,7774163
2025-06-04,Moneyline,11963231
2025-06-04,Motorsport,780
2025-06-04,Other,58747
2025-06-05,Futures/Award,12315395
2025-06-05,Mention,30
2025-06-05,Moneyline,24442384
2025-06-05,Motorsport,752
2025-06-05,Other,74921
2025-06-06,Futures/Award,16471339
2025-06-06,Moneyline,14904759
2025-06-06,Motorsport,383
2025-06-06,Other,111042
2025-06-07,Esports,4
2025-06-07,Futures/Award,12612390
2025-06-07,Moneyline,8858899
2025-06-07,Motorsport,45
2025-06-07,Other,17457
2025-06-08,Futures/Award,26021923
2025-06-08,Moneyline,22017316
2025-06-08,Motorsport,1252
2025-06-08,Other,8112
2025-06-09,Futures/Award,3815604
2025-06-09,Moneyline,10367351
2025-06-09,Motorsport,390
2025-06-09,Other,14678
2025-06-10,Futures/Award,4325495
2025-06-10,Moneyline,6389408
2025-06-10,Motorsport,2801
2025-06-10,Other,16014
2025-06-11,Esports,6
2025-06-11,Futures/Award,7762148
2025-06-11,Moneyline,25726806
2025-06-11,Motorsport,1408
2025-06-11,Other,14525
2025-06-12,Futures/Award,20601223
2025-06-12,Moneyline,16909381
2025-06-12,Motorsport,4355
2025-06-12,Other,19128
2025-06-13,Futures/Award,18038320
2025-06-13,Moneyline,30026974
2025-06-13,Motorsport,9173
2025-06-13,Other,11904
2025-06-14,Esports,35
2025-06-14,Futures/Award,13685955
2025-06-14,Moneyline,14834376
2025-06-14,Motorsport,43898
2025-06-14,Other,31019
2025-06-15,Esports,122
2025-06-15,Futures/Award,20674976
2025-06-15,Moneyline,6587583
2025-06-15,Motorsport,105735
2025-06-15,Other,24973
2025-06-16,Futures/Award,4493170
2025-06-16,Moneyline,24995945
2025-06-16,Motorsport,5315
2025-06-16,Other,21427
2025-06-17,Futures/Award,3041031
2025-06-17,Moneyline,14450846
2025-06-17,Motorsport,1520
2025-06-17,Other,62155
2025-06-18,Esports,824
2025-06-18,Futures/Award,1971584
2025-06-18,Moneyline,6640957
2025-06-18,Motorsport,1503
2025-06-18,Other,36696
2025-06-19,Esports,523
2025-06-19,Futures/Award,10563853
2025-06-19,Moneyline,28080931
2025-06-19,Motorsport,741
2025-06-19,Other,68933
2025-06-20,Esports,234
2025-06-20,Futures/Award,6859945
2025-06-20,Moneyline,5703766
2025-06-20,Motorsport,777
2025-06-20,Other,168543
2025-06-21,Esports,282
2025-06-21,Futures/Award,5596110
2025-06-21,Moneyline,5396963
2025-06-21,Motorsport,418
2025-06-21,Other,192218
2025-06-22,Esports,3965
2025-06-22,Futures/Award,41468490
2025-06-22,Moneyline,4809702
2025-06-22,Motorsport,2622
2025-06-22,Other,303998
2025-06-23,Esports,10
2025-06-23,Futures/Award,130457
2025-06-23,Moneyline,4055631
2025-06-23,Motorsport,487
2025-06-23,Other,980580
2025-06-24,Esports,16
2025-06-24,Futures/Award,382140
2025-06-24,Moneyline,5074562
2025-06-24,Motorsport,3642
2025-06-24,Other,880199
2025-06-25,Esports,1645
2025-06-25,Futures/Award,405726
2025-06-25,Moneyline,5326118
2025-06-25,Motorsport,857
2025-06-25,Other,1341439
2025-06-26,Esports,308
2025-06-26,Futures/Award,970545
2025-06-26,Moneyline,5605089
2025-06-26,Motorsport,10029
2025-06-26,Other,505507
2025-06-27,Esports,348
2025-06-27,Futures/Award,1080747
2025-06-27,Moneyline,7180448
2025-06-27,Motorsport,9787
2025-06-27,Other,632140
2025-06-28,Futures/Award,1223250
2025-06-28,Moneyline,15611203
2025-06-28,Motorsport,35650
2025-06-28,Other,795618
2025-06-29,Futures/Award,2627473
2025-06-29,Moneyline,8123453
2025-06-29,Motorsport,88463
2025-06-29,Other,401380
2025-06-30,Futures/Award,2579407
2025-06-30,Moneyline,7619598
2025-06-30,Motorsport,2290
2025-06-30,Other,1070557
2025-07-01,Futures/Award,2983098
2025-07-01,Moneyline,7634406
2025-07-01,Motorsport,281141
2025-07-01,Other,898073
2025-07-02,Futures/Award,1953319
2025-07-02,Moneyline,7194028
2025-07-02,Motorsport,227047
2025-07-02,Other,1232086
2025-07-03,Esports,125
2025-07-03,Futures/Award,2063600
2025-07-03,Moneyline,7822303
2025-07-03,Motorsport,204887
2025-07-03,Other,3249662
2025-07-04,Esports,314
2025-07-04,Futures/Award,4044521
2025-07-04,Moneyline,6859654
2025-07-04,Motorsport,341009
2025-07-04,Other,7109885
2025-07-05,Futures/Award,2898838
2025-07-05,Moneyline,9316155
2025-07-05,Motorsport,844372
2025-07-05,Other,18907
2025-07-06,Futures/Award,3747648
2025-07-06,Moneyline,15886461
2025-07-06,Motorsport,2112051
2025-07-06,Other,36198
2025-07-07,Futures/Award,4141484
2025-07-07,Moneyline,20204190
2025-07-07,Motorsport,819
2025-07-07,Other,21714
2025-07-08,Esports,265
2025-07-08,Futures/Award,4225035
2025-07-08,Moneyline,19113887
2025-07-08,Motorsport,3171
2025-07-08,Other,42912
2025-07-09,Esports,1533
2025-07-09,Futures/Award,3546094
2025-07-09,Moneyline,24973258
2025-07-09,Motorsport,315
2025-07-09,Other,41224
2025-07-10,Esports,2830
2025-07-10,Futures/Award,4427595
2025-07-10,Moneyline,20191713
2025-07-10,Motorsport,2544
2025-07-10,Other,37005
2025-07-11,Esports,3524
2025-07-11,Futures/Award,6821040
2025-07-11,Moneyline,19855736
2025-07-11,Motorsport,866
2025-07-11,Other,55883
2025-07-12,Esports,775
2025-07-12,Futures/Award,9086905
2025-07-12,Moneyline,6239896
2025-07-12,Motorsport,481
2025-07-12,Other,102321
2025-07-13,Esports,2816
2025-07-13,Futures/Award,25662990
2025-07-13,Moneyline,5501994
2025-07-13,Motorsport,1114
2025-07-13,Other,38623
2025-07-14,Esports,2823
2025-07-14,Futures/Award,14617594
2025-07-14,Moneyline,4534564
2025-07-14,Motorsport,245
2025-07-14,Other,53793
2025-07-15,Esports,29
2025-07-15,Futures/Award,1801420
2025-07-15,Moneyline,14235814
2025-07-15,Motorsport,1286
2025-07-15,Other,27450
2025-07-16,Esports,1558
2025-07-16,Futures/Award,6170766
2025-07-16,Moneyline,5878291
2025-07-16,Motorsport,5615
2025-07-16,Other,29248
2025-07-17,Esports,1817
2025-07-17,Futures/Award,10212910
2025-07-17,Moneyline,3387937
2025-07-17,Motorsport,359
2025-07-17,Other,71622
2025-07-18,Esports,796
2025-07-18,Futures/Award,9747833
2025-07-18,Moneyline,6685037
2025-07-18,Motorsport,483
2025-07-18,Other,89586
2025-07-19,Esports,904
2025-07-19,Futures/Award,9447040
2025-07-19,Moneyline,18827159
2025-07-19,Motorsport,1715
2025-07-19,Other,41374
2025-07-20,Esports,177
2025-07-20,Futures/Award,8482194
2025-07-20,Moneyline,11846410
2025-07-20,Motorsport,3475
2025-07-20,Other,56439
2025-07-21,Futures/Award,310318
2025-07-21,Moneyline,9316057
2025-07-21,Motorsport,1778
2025-07-21,Other,39011
2025-07-22,Futures/Award,297050
2025-07-22,Moneyline,8804384
2025-07-22,Motorsport,5637
2025-07-22,Other,60794
2025-07-23,Esports,838
2025-07-23,Futures/Award,7473795
2025-07-23,Moneyline,7697456
2025-07-23,Motorsport,9006
2025-07-23,Other,35846
2025-07-24,Esports,347
2025-07-24,Futures/Award,7889138
2025-07-24,Moneyline,6659913
2025-07-24,Motorsport,291539
2025-07-24,Other,45434
2025-07-25,Esports,383
2025-07-25,Futures/Award,6305401
2025-07-25,Moneyline,7151168
2025-07-25,Motorsport,1196437
2025-07-25,Other,51806
2025-07-26,Esports,1647
2025-07-26,Futures/Award,7827798
2025-07-26,Moneyline,9449047
2025-07-26,Motorsport,2055327
2025-07-26,Other,38960
2025-07-27,Esports,1109
2025-07-27,Futures/Award,12018589
2025-07-27,Moneyline,9912440
2025-07-27,Motorsport,2753697
2025-07-27,Other,94287
2025-07-28,Esports,996
2025-07-28,Futures/Award,1482695
2025-07-28,Moneyline,9509026
2025-07-28,Motorsport,5588
2025-07-28,Other,79022
2025-07-29,Esports,269
2025-07-29,Futures/Award,1048447
2025-07-29,Moneyline,10141474
2025-07-29,Motorsport,5284
2025-07-29,Other,76327
2025-07-30,Esports,1191
2025-07-30,Futures/Award,1893308
2025-07-30,Moneyline,8521855
2025-07-30,Motorsport,47528
2025-07-30,Other,60862
2025-07-31,Esports,215
2025-07-31,Futures/Award,4879833
2025-07-31,Moneyline,5616848
2025-07-31,Motorsport,1025010
2025-07-31,Other,80632
2025-08-01,Esports,1718
2025-08-01,Futures/Award,4329147
2025-08-01,Moneyline,7464335
2025-08-01,Motorsport,1414271
2025-08-01,Other,76501
2025-08-02,Esports,4605
2025-08-02,Futures/Award,7317985
2025-08-02,Moneyline,6574394
2025-08-02,Motorsport,2531523
2025-08-02,Other,65358
2025-08-03,Esports,1138
2025-08-03,Futures/Award,2966966
2025-08-03,Moneyline,6412834
2025-08-03,Motorsport,3326023
2025-08-03,Other,92564
2025-08-04,Futures/Award,1893057
2025-08-04,Moneyline,4453286
2025-08-04,Motorsport,822
2025-08-04,Other,123229
2025-08-05,Esports,210
2025-08-05,Futures/Award,2850076
2025-08-05,Moneyline,7014447
2025-08-05,Motorsport,639
2025-08-05,Other,40527
2025-08-06,Esports,179
2025-08-06,Futures/Award,2786164
2025-08-06,Moneyline,6847161
2025-08-06,Motorsport,504
2025-08-06,Other,24952
2025-08-07,Esports,4940
2025-08-07,Futures/Award,5625757
2025-08-07,Moneyline,7210461
2025-08-07,Motorsport,597
2025-08-07,Other,28006
2025-08-08,Esports,1159
2025-08-08,Futures/Award,7347432
2025-08-08,Moneyline,8837411
2025-08-08,Motorsport,793
2025-08-08,Other,29292
2025-08-09,Esports,1196
2025-08-09,Futures/Award,10364421
2025-08-09,Moneyline,8614453
2025-08-09,Motorsport,767
2025-08-09,Other,30344
2025-08-10,Esports,381
2025-08-10,Futures/Award,20544072
2025-08-10,Moneyline,9811725
2025-08-10,Motorsport,697
2025-08-10,Other,20176
2025-08-11,Esports,403
2025-08-11,Futures/Award,1788188
2025-08-11,Moneyline,7320820
2025-08-11,Motorsport,9055
2025-08-11,Other,36071
2025-08-12,Esports,223
2025-08-12,Futures/Award,2803308
2025-08-12,Moneyline,7450671
2025-08-12,Motorsport,111
2025-08-12,Other,35332
2025-08-13,Esports,606
2025-08-13,Futures/Award,3285376
2025-08-13,Moneyline,9073381
2025-08-13,Motorsport,313
2025-08-13,Other,111292
2025-08-14,Esports,42
2025-08-14,Futures/Award,7183391
2025-08-14,Moneyline,6244681
2025-08-14,Motorsport,1510
2025-08-14,Other,43039
2025-08-15,Futures/Award,5323925
2025-08-15,Moneyline,11141197
2025-08-15,Motorsport,15774
2025-08-15,Other,59413
2025-08-16,Esports,350
2025-08-16,Futures/Award,5888718
2025-08-16,Moneyline,22191075
2025-08-16,Motorsport,1073
2025-08-16,Other,91498
2025-08-17,Esports,21
2025-08-17,Futures/Award,14037193
2025-08-17,Moneyline,16994470
2025-08-17,Motorsport,548
2025-08-17,Other,49231
2025-08-18,Esports,2202
2025-08-18,Futures/Award,1113777
2025-08-18,Moneyline,8757402
2025-08-18,Motorsport,2463
2025-08-18,Other,93647
2025-08-18,Spread,95
2025-08-19,Esports,1193
2025-08-19,Futures/Award,1394258
2025-08-19,Moneyline,8973752
2025-08-19,Motorsport,46
2025-08-19,Other,55171
2025-08-19,Over/Under,4760
2025-08-19,Spread,26393
2025-08-20,Esports,996
2025-08-20,Futures/Award,3207023
2025-08-20,Moneyline,8066778
2025-08-20,Motorsport,190
2025-08-20,Other,28433
2025-08-20,Over/Under,690
2025-08-20,Spread,4478
2025-08-21,Esports,3876
2025-08-21,Futures/Award,7239143
2025-08-21,Moneyline,8094677
2025-08-21,Motorsport,182
2025-08-21,Other,38696
2025-08-21,Over/Under,22195
2025-08-21,Spread,39111
2025-08-22,Esports,11
2025-08-22,Futures/Award,8672063
2025-08-22,Moneyline,11618315
2025-08-22,Motorsport,84
2025-08-22,Other,41611
2025-08-22,Over/Under,13625
2025-08-22,Spread,17990
2025-08-23,Esports,1232
2025-08-23,Futures/Award,9567089
2025-08-23,Moneyline,27005483
2025-08-23,Motorsport,342
2025-08-23,Other,84197
2025-08-23,Over/Under,96243
2025-08-23,Spread,64671
2025-08-24,Esports,2194
2025-08-24,Futures/Award,15755797
2025-08-24,Moneyline,13607740
2025-08-24,Motorsport,176
2025-08-24,Other,46382
2025-08-24,Over/Under,19898
2025-08-24,Spread,10279
2025-08-25,Esports,172
2025-08-25,Futures/Award,2798646
2025-08-25,Moneyline,14092042
2025-08-25,Motorsport,352
2025-08-25,Other,76632
2025-08-25,Over/Under,5199
2025-08-25,Spread,14592
2025-08-26,Esports,1249
2025-08-26,Futures/Award,2814414
2025-08-26,Moneyline,12422606
2025-08-26,Motorsport,95291
2025-08-26,Other,82766
2025-08-26,Over/Under,6641
2025-08-26,Spread,27471
2025-08-27,Esports,1
2025-08-27,Futures/Award,2437509
2025-08-27,Moneyline,14742861
2025-08-27,Motorsport,49288
2025-08-27,Other,67291
2025-08-27,Over/Under,4703
2025-08-27,Spread,344880
2025-08-28,Esports,106
2025-08-28,Futures/Award,2803611
2025-08-28,Moneyline,27615898
2025-08-28,Motorsport,215928
2025-08-28,Other,95566
2025-08-28,Over/Under,45080
2025-08-28,Spread,115213
2025-08-29,Esports,458
2025-08-29,Futures/Award,2872230
2025-08-29,Moneyline,30789940
2025-08-29,Motorsport,568684
2025-08-29,Other,36710
2025-08-29,Over/Under,81943
2025-08-29,Spread,81263
2025-08-30,Esports,25
2025-08-30,Futures/Award,4304799
2025-08-30,Moneyline,78665764
2025-08-30,Motorsport,926146
2025-08-30,Other,23950
2025-08-30,Over/Under,123585
2025-08-30,Spread,286838
2025-08-31,Esports,112
2025-08-31,Futures/Award,3245135
2025-08-31,Moneyline,51546297
2025-08-31,Motorsport,1100894
2025-08-31,Other,27680
2025-08-31,Over/Under,1234
2025-08-31,Spread,6771
2025-09-01,Esports,280
2025-09-01,Futures/Award,3089476
2025-09-01,Moneyline,31185394
2025-09-01,Motorsport,1215
2025-09-01,Other,115175
2025-09-01,Over/Under,14218
2025-09-01,Spread,369795
2025-09-02,Esports,112
2025-09-02,Futures/Award,3156870
2025-09-02,Moneyline,20439948
2025-09-02,Motorsport,17224
2025-09-02,Other,35516
2025-09-02,Over/Under,73228
2025-09-02,Spread,76195
2025-09-03,Esports,4644
2025-09-03,Futures/Award,4037901
2025-09-03,Moneyline,36012677
2025-09-03,Motorsport,98813
2025-09-03,Other,29766
2025-09-03,Over/Under,15287
2025-09-03,Spread,43588
2025-09-04,Esports,174
2025-09-04,Futures/Award,4100276
2025-09-04,Moneyline,38883790
2025-09-04,Motorsport,82432
2025-09-04,Other,46623
2025-09-04,Over/Under,145128
2025-09-04,Player Prop,410429
2025-09-04,Spread,469370
2025-09-05,Esports,420
2025-09-05,Futures/Award,6238016
2025-09-05,Moneyline,65209422
2025-09-05,Motorsport,191682
2025-09-05,Other,94843
2025-09-05,Over/Under,240181
2025-09-05,Player Prop,418036
2025-09-05,Spread,402415
2025-09-06,Esports,432
2025-09-06,Futures/Award,12518867
2025-09-06,Moneyline,89975721
2025-09-06,Motorsport,545007
2025-09-06,Other,35563
2025-09-06,Over/Under,298751
2025-09-06,Player Prop,55635
2025-09-06,Spread,476218
2025-09-07,Esports,1100
2025-09-07,Futures/Award,21357435
2025-09-07,Moneyline,162809480
2025-09-07,Motorsport,1226192
2025-09-07,Other,68829
2025-09-07,Over/Under,457458
2025-09-07,Player Prop,1203110
2025-09-07,Spread,609129
2025-09-08,Esports,511
2025-09-08,Futures/Award,2301045
2025-09-08,Moneyline,47960144
2025-09-08,Motorsport,1259
2025-09-08,Other,35349
2025-09-08,Over/Under,270631
2025-09-08,Player Prop,1064719
2025-09-08,Spread,206423
2025-09-09,Esports,21
2025-09-09,Futures/Award,1579437
2025-09-09,Moneyline,14640072
2025-09-09,Motorsport,9275
2025-09-09,Other,59442
2025-09-09,Over/Under,16698
2025-09-09,Player Prop,1066
2025-09-09,Spread,37806
2025-09-10,Esports,430
2025-09-10,Futures/Award,1508292
2025-09-10,Moneyline,11571686
2025-09-10,Motorsport,9946
2025-09-10,Other,58455
2025-09-10,Over/Under,17867
2025-09-10,Player Prop,579353
2025-09-10,Spread,98778
2025-09-11,Esports,36
2025-09-11,Futures/Award,1762285
2025-09-11,Moneyline,37366763
2025-09-11,Motorsport,19556
2025-09-11,Other,57137
2025-09-11,Over/Under,282359
2025-09-11,Player Prop,785176
2025-09-11,Spread,456423
2025-09-12,Esports,3235
2025-09-12,Futures/Award,1498926
2025-09-12,Moneyline,42093572
2025-09-12,Motorsport,39797
2025-09-12,Other,67841
2025-09-12,Over/Under,198661
2025-09-12,Player Prop,96883
2025-09-12,Spread,277497
2025-09-13,Esports,121
2025-09-13,Futures/Award,1960614
2025-09-13,Moneyline,149438590
2025-09-13,Motorsport,230415
2025-09-13,Other,79587
2025-09-13,Over/Under,846151
2025-09-13,Player Prop,150682
2025-09-13,Spread,1157450
2025-09-14,Esports,12
2025-09-14,Futures/Award,3452546
2025-09-14,Moneyline,166022281
2025-09-14,Motorsport,3684
2025-09-14,Other,131455
2025-09-14,Over/Under,893812
2025-09-14,Player Prop,2129301
2025-09-14,Spread,1806720
2025-09-15,Esports,231
2025-09-15,Futures/Award,2274142
2025-09-15,Moneyline,63935352
2025-09-15,Motorsport,34298
2025-09-15,Other,32711
2025-09-15,Over/Under,495304
2025-09-15,Player Prop,1333566
2025-09-15,Spread,655974
2025-09-16,Esports,1335
2025-09-16,Futures/Award,1741666
2025-09-16,Moneyline,28140110
2025-09-16,Motorsport,149526
2025-09-16,Other,59138
2025-09-16,Over/Under,70866
2025-09-16,Player Prop,142774
2025-09-16,Spread,131264
2025-09-17,Esports,2531
2025-09-17,Futures/Award,2467323
2025-09-17,Moneyline,25598675
2025-09-17,Motorsport,90168
2025-09-17,Other,62223
2025-09-17,Over/Under,32379
2025-09-17,Parlay (independent),229
2025-09-17,Player Prop,136713
2025-09-17,Spread,120572
2025-09-18,Esports,302
2025-09-18,Futures/Award,1730159
2025-09-18,Moneyline,56971074
2025-09-18,Motorsport,142026
2025-09-18,Other,52379
2025-09-18,Over/Under,1318936
2025-09-18,Parlay (independent),2114
2025-09-18,Player Prop,1049882
2025-09-18,Spread,1842377
2025-09-19,Esports,139
2025-09-19,Futures/Award,1354171
2025-09-19,Game Prop,163
2025-09-19,Moneyline,53786158
2025-09-19,Motorsport,426790
2025-09-19,Other,69117
2025-09-19,Over/Under,348463
2025-09-19,Parlay (independent),60
2025-09-19,Player Prop,9422
2025-09-19,Spread,536672
2025-09-20,Esports,287
2025-09-20,Futures/Award,2287327
2025-09-20,Game Prop,1783
2025-09-20,Moneyline,172294558
2025-09-20,Motorsport,700982
2025-09-20,Other,39511
2025-09-20,Over/Under,1040601
2025-09-20,Parlay (independent),28579
2025-09-20,Player Prop,192580
2025-09-20,Spread,2049077
2025-09-21,Esports,88
2025-09-21,Futures/Award,2897121
2025-09-21,Game Prop,255
2025-09-21,Moneyline,192427744
2025-09-21,Motorsport,499198
2025-09-21,Other,84921
2025-09-21,Over/Under,5090404
2025-09-21,Parlay (independent),24945
2025-09-21,Player Prop,2472927
2025-09-21,Spread,8086319
2025-09-22,Esports,91
2025-09-22,Futures/Award,4149211
2025-09-22,Game Prop,1871
2025-09-22,Moneyline,53172346
2025-09-22,Motorsport,14031
2025-09-22,Other,102837
2025-09-22,Over/Under,2159605
2025-09-22,Player Prop,1372506
2025-09-22,Spread,2763462
2025-09-23,Esports,44
2025-09-23,Futures/Award,2688139
2025-09-23,Game Prop,37580
2025-09-23,Moneyline,18420255
2025-09-23,Motorsport,26258
2025-09-23,Other,509837
2025-09-23,Over/Under,16665
2025-09-23,Parlay (independent),146
2025-09-23,Player Prop,5613
2025-09-23,Spread,115219
2025-09-24,Esports,474
2025-09-24,Futures/Award,1983586
2025-09-24,Game Prop,86185
2025-09-24,Moneyline,20367891
2025-09-24,Motorsport,23215
2025-09-24,Other,570510
2025-09-24,Over/Under,55059
2025-09-24,Parlay (independent),4286
2025-09-24,Player Prop,86350
2025-09-24,Spread,282750
2025-09-25,Esports,1918
2025-09-25,Futures/Award,2632443
2025-09-25,Game Prop,236903
2025-09-25,Moneyline,50784900
2025-09-25,Motorsport,38900
2025-09-25,Other,1166796
2025-09-25,Over/Under,1658063
2025-09-25,Parlay (independent),21799
2025-09-25,Player Prop,996774
2025-09-25,Spread,1255742
2025-09-26,Esports,6229
2025-09-26,Futures/Award,5426029
2025-09-26,Game Prop,1553021
2025-09-26,Moneyline,77435807
2025-09-26,Motorsport,23685
2025-09-26,Other,10381255
2025-09-26,Over/Under,358345
2025-09-26,Parlay (independent),20182
2025-09-26,Spread,859730
2025-09-27,Esports,7892
2025-09-27,Futures/Award,5627363
2025-09-27,Game Prop,649008
2025-09-27,Moneyline,237680292
2025-09-27,Motorsport,91991
2025-09-27,Other,8934738
2025-09-27,Over/Under,1113363
2025-09-27,Parlay (independent),32354
2025-09-27,Player Prop,109072
2025-09-27,Spread,2017857
2025-09-28,Esports,7674
2025-09-28,Futures/Award,7772894
2025-09-28,Moneyline,237153502
2025-09-28,Motorsport,80658
2025-09-28,Other,6420177
2025-09-28,Over/Under,5829837
2025-09-28,Parlay (correlated),31
2025-09-28,Parlay (independent),110681
2025-09-28,Player Prop,2703261
2025-09-28,Spread,9563867
2025-09-29,Esports,6689
2025-09-29,Futures/Award,2726925
2025-09-29,Mention,392512
2025-09-29,Moneyline,67280715
2025-09-29,Motorsport,65877
2025-09-29,Other,55512
2025-09-29,Over/Under,3741141
2025-09-29,Parlay (correlated),255757
2025-09-29,Parlay (independent),29341
2025-09-29,Player Prop,1404740
2025-09-29,Spread,4068966
2025-09-30,Esports,2972
2025-09-30,Futures/Award,3520788
2025-09-30,Mention,43624
2025-09-30,Moneyline,48344568
2025-09-30,Motorsport,87511
2025-09-30,Other,26889
2025-09-30,Over/Under,212020
2025-09-30,Player Prop,68906
2025-09-30,Spread,99237
2025-10-01,Esports,2868
2025-10-01,Futures/Award,3867401
2025-10-01,Moneyline,58519205
2025-10-01,Motorsport,108236
2025-10-01,Other,30244
2025-10-01,Over/Under,231662
2025-10-01,Parlay (correlated),39769
2025-10-01,Player Prop,90755
2025-10-01,Spread,454624
2025-10-02,Esports,5378
2025-10-02,Futures/Award,31899212
2025-10-02,Moneyline,70942317
2025-10-02,Motorsport,128066
2025-10-02,Other,31854
2025-10-02,Over/Under,2335055
2025-10-02,Parlay (correlated),649761
2025-10-02,Player Prop,983922
2025-10-02,Spread,3574912
2025-10-03,Esports,16587
2025-10-03,Futures/Award,3653331
2025-10-03,Moneyline,40657769
2025-10-03,Motorsport,268736
2025-10-03,Other,112848
2025-10-03,Over/Under,597000
2025-10-03,Parlay (correlated),110921
2025-10-03,Parlay (independent),191004
2025-10-03,Player Prop,85898
2025-10-03,Spread,620457
2025-10-04,Esports,960
2025-10-04,Futures/Award,3906515
2025-10-04,Moneyline,224220951
2025-10-04,Motorsport,505581
2025-10-04,Other,65781
2025-10-04,Over/Under,2176296
2025-10-04,Parlay (correlated),337397
2025-10-04,Parlay (independent),528480
2025-10-04,Player Prop,144387
2025-10-04,Spread,2569178
2025-10-05,Esports,1690
2025-10-05,Futures/Award,4304600
2025-10-05,Moneyline,253134424
2025-10-05,Motorsport,736412
2025-10-05,Other,56528
2025-10-05,Over/Under,10687707
2025-10-05,Parlay (correlated),2466818
2025-10-05,Parlay (independent),1405736
2025-10-05,Player Prop,1988741
2025-10-05,Spread,15764745
2025-10-06,Esports,1370
2025-10-06,Futures/Award,3565068
2025-10-06,Mention,175128
2025-10-06,Moneyline,82035004
2025-10-06,Motorsport,25071
2025-10-06,Other,140590
2025-10-06,Over/Under,2812010
2025-10-06,Parlay (correlated),730328
2025-10-06,Player Prop,1051657
2025-10-06,Spread,5019491
2025-10-07,Esports,952
2025-10-07,Futures/Award,4145260
2025-10-07,Mention,24768
2025-10-07,Moneyline,49511162
2025-10-07,Motorsport,20952
2025-10-07,Other,168698
2025-10-07,Over/Under,550792
2025-10-07,Player Prop,2626
2025-10-07,Spread,336903
2025-10-08,Esports,1185
2025-10-08,Futures/Award,3825916
2025-10-08,Moneyline,72226284
2025-10-08,Motorsport,28363
2025-10-08,Other,88112
2025-10-08,Over/Under,1136921
2025-10-08,Player Prop,102779
2025-10-08,Spread,1118312
2025-10-09,Esports,3653
2025-10-09,Futures/Award,3654953
2025-10-09,Mention,3907
2025-10-09,Moneyline,83244715
2025-10-09,Motorsport,32459
2025-10-09,Other,123587
2025-10-09,Over/Under,2650475
2025-10-09,Parlay (correlated),1424190
2025-10-09,Parlay (independent),130567
2025-10-09,Player Prop,1125357
2025-10-09,Spread,4748231
2025-10-10,Esports,1668
2025-10-10,Futures/Award,21959179
2025-10-10,Mention,15639
2025-10-10,Moneyline,42596352
2025-10-10,Motorsport,27693
2025-10-10,Other,41338
2025-10-10,Over/Under,1111793
2025-10-10,Parlay (correlated),92059
2025-10-10,Parlay (independent),430891
2025-10-10,Player Prop,33551
2025-10-10,Spread,838161
2025-10-11,Esports,646
2025-10-11,Futures/Award,16586552
2025-10-11,Mention,22763
2025-10-11,Moneyline,187991298
2025-10-11,Motorsport,63935
2025-10-11,Other,59093
2025-10-11,Over/Under,3093534
2025-10-11,Parlay (correlated),605493
2025-10-11,Parlay (independent),767746
2025-10-11,Player Prop,190880
2025-10-11,Spread,4912862
2025-10-12,Esports,1766
2025-10-12,Futures/Award,3231301
2025-10-12,Mention,35308
2025-10-12,Moneyline,178756813
2025-10-12,Motorsport,213607
2025-10-12,Other,49612
2025-10-12,Over/Under,8137115
2025-10-12,Parlay (correlated),3852785
2025-10-12,Parlay (independent),2054844
2025-10-12,Player Prop,2599029
2025-10-12,Spread,15599808
2025-10-13,Esports,6028
2025-10-13,Futures/Award,3577563
2025-10-13,Mention,329300
2025-10-13,Moneyline,96705801
2025-10-13,Motorsport,96467
2025-10-13,Other,62522
2025-10-13,Over/Under,3609536
2025-10-13,Parlay (correlated),2125944
2025-10-13,Parlay (independent),255828
2025-10-13,Player Prop,1194280
2025-10-13,Spread,6201108
2025-10-14,Esports,119401
2025-10-14,Futures/Award,3284089
2025-10-14,Mention,18120
2025-10-14,Moneyline,40441564
2025-10-14,Motorsport,91681
2025-10-14,Other,79505
2025-10-14,Over/Under,686085
2025-10-14,Parlay (correlated),37428
2025-10-14,Parlay (independent),370020
2025-10-14,Player Prop,36385
2025-10-14,Spread,993270
2025-10-15,Esports,332517
2025-10-15,Futures/Award,2715842
2025-10-15,Moneyline,46290067
2025-10-15,Motorsport,104758
2025-10-15,Other,96139
2025-10-15,Over/Under,1102319
2025-10-15,Parlay (correlated),355746
2025-10-15,Parlay (independent),333357
2025-10-15,Player Prop,72218
2025-10-15,Spread,811772
2025-10-16,Esports,158315
2025-10-16,Futures/Award,2959384
2025-10-16,Game Prop,836
2025-10-16,Mention,2763
2025-10-16,Moneyline,80774792
2025-10-16,Motorsport,81534
2025-10-16,Other,145863
2025-10-16,Over/Under,2773220
2025-10-16,Parlay (correlated),2283014
2025-10-16,Parlay (independent),699821
2025-10-16,Player Prop,1235152
2025-10-16,Spread,4430644
2025-10-17,Esports,110045
2025-10-17,Futures/Award,3664879
2025-10-17,Game Prop,31124
2025-10-17,Mention,5237
2025-10-17,Moneyline,84295358
2025-10-17,Motorsport,457738
2025-10-17,Other,115805
2025-10-17,Over/Under,1439954
2025-10-17,Parlay (correlated),216363
2025-10-17,Parlay (independent),1188204
2025-10-17,Player Prop,5611
2025-10-17,Spread,2171952
2025-10-18,Esports,104491
2025-10-18,Futures/Award,2711889
2025-10-18,Game Prop,4473
2025-10-18,Mention,11628
2025-10-18,Moneyline,207663578
2025-10-18,Motorsport,485226
2025-10-18,Other,217973
2025-10-18,Over/Under,2863785
2025-10-18,Parlay (correlated),1109302
2025-10-18,Parlay (independent),1237132
2025-10-18,Player Prop,346470
2025-10-18,Spread,5302309
2025-10-19,Esports,101674
2025-10-19,Futures/Award,3526742
2025-10-19,Game Prop,34766
2025-10-19,Mention,23532
2025-10-19,Moneyline,201513431
2025-10-19,Motorsport,919691
2025-10-19,Other,145375
2025-10-19,Over/Under,9325946
2025-10-19,Parlay (correlated),5625884
2025-10-19,Parlay (independent),3690588
2025-10-19,Player Prop,2345198
2025-10-19,Spread,14978520
2025-10-20,Esports,14968
2025-10-20,Futures/Award,18356930
2025-10-20,Game Prop,78250
2025-10-20,Mention,327204
2025-10-20,Moneyline,70262664
2025-10-20,Motorsport,81572
2025-10-20,Other,213888
2025-10-20,Over/Under,4435314
2025-10-20,Parlay (correlated),5648074
2025-10-20,Parlay (independent),412813
2025-10-20,Player Prop,1215484
2025-10-20,Spread,6644015
2025-10-21,Esports,26018
2025-10-21,Futures/Award,3370778
2025-10-21,Game Prop,818
2025-10-21,Mention,11375
2025-10-21,Moneyline,71695595
2025-10-21,Motorsport,106398
2025-10-21,Other,356934
2025-10-21,Over/Under,1827663
2025-10-21,Parlay (correlated),181114
2025-10-21,Parlay (independent),509375
2025-10-21,Player Prop,60390
2025-10-21,Spread,1919292
2025-10-22,Esports,109531
2025-10-22,Futures/Award,2542476
2025-10-22,Game Prop,456
2025-10-22,Mention,2064
2025-10-22,Moneyline,85797179
2025-10-22,Motorsport,121855
2025-10-22,Other,447120
2025-10-22,Over/Under,1637690
2025-10-22,Parlay (correlated),492665
2025-10-22,Parlay (independent),825061
2025-10-22,Player Prop,37715
2025-10-22,Spread,2696374
2025-10-23,Esports,92543
2025-10-23,Futures/Award,3608706
2025-10-23,Game Prop,2625
2025-10-23,Mention,7959
2025-10-23,Moneyline,78700918
2025-10-23,Motorsport,91182
2025-10-23,Other,241005
2025-10-23,Over/Under,3042730
2025-10-23,Parlay (correlated),3253640
2025-10-23,Parlay (independent),889919
2025-10-23,Player Prop,925829
2025-10-23,Spread,4223913
2025-10-24,Esports,128738
2025-10-24,Futures/Award,3524187
2025-10-24,Game Prop,78138
2025-10-24,Mention,81027
2025-10-24,Moneyline,116473960
2025-10-24,Motorsport,217283
2025-10-24,Other,332619
2025-10-24,Over/Under,2403366
2025-10-24,Parlay (correlated),139195
2025-10-24,Parlay (independent),1067666
2025-10-24,Player Prop,10299
2025-10-24,Spread,3099147
2025-10-25,Esports,283617
2025-10-25,Futures/Award,3608667
2025-10-25,Game Prop,46309
2025-10-25,Mention,62865
2025-10-25,Moneyline,224755978
2025-10-25,Motorsport,649941
2025-10-25,Other,119969
2025-10-25,Over/Under,3714823
2025-10-25,Parlay (correlated),1617493
2025-10-25,Parlay (independent),2536901
2025-10-25,Player Prop,143828
2025-10-25,Spread,7602727
2025-10-26,Esports,2430
2025-10-26,Futures/Award,2721286
2025-10-26,Game Prop,2968
2025-10-26,Mention,14960
2025-10-26,Moneyline,187077232
2025-10-26,Motorsport,1163415
2025-10-26,Other,150107
2025-10-26,Over/Under,9850567
2025-10-26,Parlay (correlated),7303426
2025-10-26,Parlay (independent),5453518
2025-10-26,Player Prop,2461059
2025-10-26,Spread,16435850
2025-10-27,Esports,118775
2025-10-27,Futures/Award,2604046
2025-10-27,Game Prop,30366
2025-10-27,Mention,236222
2025-10-27,Moneyline,85216674
2025-10-27,Motorsport,61968
2025-10-27,Other,209769
2025-10-27,Over/Under,3695152
2025-10-27,Parlay (correlated),4226558
2025-10-27,Parlay (independent),2
2025-10-27,Player Prop,1141233
2025-10-27,Spread,7203829
2025-10-28,Esports,290885
2025-10-28,Futures/Award,3775904
2025-10-28,Game Prop,136561
2025-10-28,Mention,141739
2025-10-28,Moneyline,100996506
2025-10-28,Motorsport,48613
2025-10-28,Other,216497
2025-10-28,Over/Under,2207449
2025-10-28,Parlay (correlated),98416
2025-10-28,Parlay (independent),935892
2025-10-28,Player Prop,589
2025-10-28,Spread,1303901
2025-10-29,Esports,466665
2025-10-29,Futures/Award,3890715
2025-10-29,Game Prop,204201
2025-10-29,Mention,31459
2025-10-29,Moneyline,103075438
2025-10-29,Motorsport,118872
2025-10-29,Other,332948
2025-10-29,Over/Under,1708285
2025-10-29,Parlay (correlated),790852
2025-10-29,Parlay (independent),1313542
2025-10-29,Player Prop,53337
2025-10-29,Spread,1841980
2025-10-30,Esports,618739
2025-10-30,Futures/Award,3147084
2025-10-30,Game Prop,4681
2025-10-30,Mention,1295
2025-10-30,Moneyline,83414544
2025-10-30,Motorsport,44047
2025-10-30,Other,269897
2025-10-30,Over/Under,3484927
2025-10-30,Parlay (correlated),4109848
2025-10-30,Parlay (independent),1294216
2025-10-30,Player Prop,1097889
2025-10-30,Spread,5637386
2025-10-31,Esports,1133012
2025-10-31,Futures/Award,4285751
2025-10-31,Game Prop,173117
2025-10-31,Mention,52932
2025-10-31,Moneyline,97428355
2025-10-31,Motorsport,77885
2025-10-31,Other,244424
2025-10-31,Over/Under,1770686
2025-10-31,Parlay (correlated),200091
2025-10-31,Parlay (independent),1211300
2025-10-31,Player Prop,3448
2025-10-31,Spread,1907561
2025-11-01,Esports,1249647
2025-11-01,Futures/Award,40040796
2025-11-01,Game Prop,109629
2025-11-01,Mention,23556
2025-11-01,Moneyline,231055578
2025-11-01,Motorsport,89336
2025-11-01,Other,347133
2025-11-01,Over/Under,3446623
2025-11-01,Parlay (correlated),1636089
2025-11-01,Parlay (independent),1888219
2025-11-01,Player Prop,48397
2025-11-01,Spread,6527322
2025-11-02,Esports,1033800
2025-11-02,Futures/Award,10455795
2025-11-02,Mention,5901
2025-11-02,Moneyline,231747070
2025-11-02,Motorsport,581423
2025-11-02,Other,330784
2025-11-02,Over/Under,11404001
2025-11-02,Parlay (correlated),9389490
2025-11-02,Parlay (independent),7336852
2025-11-02,Player Prop,3659181
2025-11-02,Spread,19455315
2025-11-03,Esports,206664
2025-11-03,Futures/Award,2872335
2025-11-03,Mention,173208
2025-11-03,Moneyline,98619569
2025-11-03,Motorsport,98416
2025-11-03,Other,399604
2025-11-03,Over/Under,5938551
2025-11-03,Parlay (correlated),4384221
2025-11-03,Parlay (independent),288
2025-11-03,Player Prop,849234
2025-11-03,Spread,8133345
2025-11-04,Esports,444619
2025-11-04,Futures/Award,2505048
2025-11-04,Game Prop,3440
2025-11-04,Mention,7553
2025-11-04,Moneyline,84597334
2025-11-04,Motorsport,48626
2025-11-04,Other,544881
2025-11-04,Over/Under,1336978
2025-11-04,Parlay (correlated),74776
2025-11-04,Parlay (independent),726109
2025-11-04,Player Prop,1878
2025-11-04,Spread,1150748
2025-11-05,Esports,198415
2025-11-05,Futures/Award,2186988
2025-11-05,Game Prop,4443
2025-11-05,Mention,3908
2025-11-05,Moneyline,96565870
2025-11-05,Motorsport,54997
2025-11-05,Other,402553
2025-11-05,Over/Under,1982758
2025-11-05,Parlay (correlated),753644
2025-11-05,Parlay (independent),1064987
2025-11-05,Player Prop,69661
2025-11-05,Spread,2053691
2025-11-06,Esports,23067
2025-11-06,Futures/Award,2858401
2025-11-06,Game Prop,5237
2025-11-06,Mention,5269
2025-11-06,Moneyline,89743409
2025-11-06,Motorsport,116013
2025-11-06,Other,549061
2025-11-06,Over/Under,2737193
2025-11-06,Parlay (correlated),5056634
2025-11-06,Parlay (independent),1265635
2025-11-06,Player Prop,921308
2025-11-06,Spread,6547773
2025-11-07,Esports,411226
2025-11-07,Futures/Award,2468532
2025-11-07,Game Prop,801
2025-11-07,Mention,10165
2025-11-07,Moneyline,94730082
2025-11-07,Motorsport,258581
2025-11-07,Other,791027
2025-11-07,Over/Under,1889183
2025-11-07,Parlay (correlated),154325
2025-11-07,Parlay (independent),1257955
2025-11-07,Player Prop,19104
2025-11-07,Spread,2285415
2025-11-08,Esports,398419
2025-11-08,Futures/Award,3029041
2025-11-08,Game Prop,24049
2025-11-08,Mention,32919
2025-11-08,Moneyline,242678067
2025-11-08,Motorsport,536545
2025-11-08,Other,431082
2025-11-08,Over/Under,4173844
2025-11-08,Parlay (correlated),2016918
2025-11-08,Parlay (independent),2441128
2025-11-08,Player Prop,147127
2025-11-08,Spread,6590462
2025-11-09,Esports,1128137
2025-11-09,Futures/Award,5104558
2025-11-09,Game Prop,14997
2025-11-09,Mention,45388
2025-11-09,Moneyline,238688075
2025-11-09,Motorsport,1012780
2025-11-09,Other,228374
2025-11-09,Over/Under,10564599
2025-11-09,Parlay (correlated),11370108
2025-11-09,Parlay (independent),7176557
2025-11-09,Parlay (pending),15
2025-11-09,Player Prop,2768144
2025-11-09,Spread,22547768
2025-11-10,Esports,25958
2025-11-10,Futures/Award,3276324
2025-11-10,Mention,314524
2025-11-10,Moneyline,94835241
2025-11-10,Motorsport,75222
2025-11-10,Other,506828
2025-11-10,Over/Under,2763720
2025-11-10,Parlay (correlated),5954901
2025-11-10,Parlay (independent),4
2025-11-10,Player Prop,1152194
2025-11-10,Spread,4212789
2025-11-11,Esports,86457
2025-11-11,Futures/Award,2274018
2025-11-11,Mention,31544
2025-11-11,Moneyline,98215836
2025-11-11,Motorsport,124331
2025-11-11,Other,461560
2025-11-11,Over/Under,1892567
2025-11-11,Parlay (correlated),48576
2025-11-11,Parlay (independent),622494
2025-11-11,Player Prop,1068
2025-11-11,Spread,1520110
2025-11-12,Esports,669634
2025-11-12,Futures/Award,2895157
2025-11-12,Mention,4273
2025-11-12,Moneyline,97758010
2025-11-12,Motorsport,61464
2025-11-12,Other,551015
2025-11-12,Over/Under,2285037
2025-11-12,Parlay (correlated),144314
2025-11-12,Parlay (independent),1169846
2025-11-12,Player Prop,39464
2025-11-12,Spread,2035632
2025-11-13,Esports,460938
2025-11-13,Futures/Award,3742694
2025-11-13,Mention,4851
2025-11-13,Moneyline,82673828
2025-11-13,Motorsport,71420
2025-11-13,Other,851100
2025-11-13,Over/Under,2772510
2025-11-13,Parlay (correlated),4775052
2025-11-13,Parlay (independent),1606786
2025-11-13,Parlay (pending),5942
2025-11-13,Player Prop,929929
2025-11-13,Spread,3861327
2025-11-14,Esports,543200
2025-11-14,Futures/Award,2558366
2025-11-14,Mention,12467
2025-11-14,Moneyline,104893216
2025-11-14,Motorsport,50963
2025-11-14,Other,496295
2025-11-14,Over/Under,1979666
2025-11-14,Parlay (correlated),559118
2025-11-14,Parlay (independent),1863141
2025-11-14,Player Prop,11578
2025-11-14,Spread,2244329
2025-11-15,Esports,541252
2025-11-15,Futures/Award,3140051
2025-11-15,Mention,5899
2025-11-15,Moneyline,241385793
2025-11-15,Motorsport,51012
2025-11-15,Other,460597
2025-11-15,Over/Under,3535852
2025-11-15,Parlay (correlated),2687000
2025-11-15,Parlay (independent),3147767
2025-11-15,Player Prop,359763
2025-11-15,Spread,5844753
2025-11-16,Esports,67051
2025-11-16,Futures/Award,4745711
2025-11-16,Mention,50605
2025-11-16,Moneyline,244632040
2025-11-16,Motorsport,106624
2025-11-16,Other,479950
2025-11-16,Over/Under,13099077
2025-11-16,Parlay (correlated),9514150
2025-11-16,Parlay (independent),9248256
2025-11-16,Player Prop,4061036
2025-11-16,Spread,19848596
2025-11-17,Esports,57468
2025-11-17,Futures/Award,2657120
2025-11-17,Mention,555376
2025-11-17,Moneyline,77523685
2025-11-17,Motorsport,127407
2025-11-17,Other,606411
2025-11-17,Over/Under,5253456
2025-11-17,Parlay (correlated),4308212
2025-11-17,Parlay (independent),187
2025-11-17,Player Prop,925990
2025-11-17,Spread,6514211
2025-11-18,Esports,215888
2025-11-18,Futures/Award,2348098
2025-11-18,Game Prop,2617
2025-11-18,Mention,186360
2025-11-18,Moneyline,79826002
2025-11-18,Motorsport,129476
2025-11-18,Other,620934
2025-11-18,Over/Under,1811888
2025-11-18,Parlay (correlated),615038
2025-11-18,Parlay (independent),574579
2025-11-18,Player Prop,86840
2025-11-18,Spread,1799512
2025-11-19,Esports,38774
2025-11-19,Futures/Award,2559627
2025-11-19,Game Prop,19674
2025-11-19,Mention,4544
2025-11-19,Moneyline,85214154
2025-11-19,Motorsport,93537
2025-11-19,Other,475757
2025-11-19,Over/Under,2091632
2025-11-19,Parlay (correlated),1170195
2025-11-19,Parlay (independent),1786114
2025-11-19,Player Prop,148402
2025-11-19,Spread,2172792
2025-11-20,Esports,38593
2025-11-20,Futures/Award,4034313
2025-11-20,Game Prop,245177
2025-11-20,Mention,11247
2025-11-20,Moneyline,97559245
2025-11-20,Motorsport,421767
2025-11-20,Other,889130
2025-11-20,Over/Under,6197129
2025-11-20,Parlay (correlated),4739410
2025-11-20,Parlay (independent),1715429
2025-11-20,Player Prop,1155309
2025-11-20,Spread,7098861
2025-11-21,Esports,24957
2025-11-21,Futures/Award,2816621
2025-11-21,Game Prop,62409
2025-11-21,Mention,20429
2025-11-21,Moneyline,101653985
2025-11-21,Motorsport,585540
2025-11-21,Other,1170700
2025-11-21,Over/Under,1980754
2025-11-21,Parlay (correlated),955593
2025-11-21,Parlay (independent),2515950
2025-11-21,Parlay (pending),67474
2025-11-21,Player Prop,184664
2025-11-21,Spread,2087943
2025-11-22,Esports,21156
2025-11-22,Futures/Award,2959296
2025-11-22,Game Prop,74480
2025-11-22,Mention,112117
2025-11-22,Moneyline,213595719
2025-11-22,Motorsport,2141817
2025-11-22,Other,669848
2025-11-22,Over/Under,8637520
2025-11-22,Parlay (correlated),2327974
2025-11-22,Parlay (independent),2933389
2025-11-22,Parlay (pending),18938
2025-11-22,Player Prop,341538
2025-11-22,Spread,11472837
2025-11-23,Esports,63596
2025-11-23,Futures/Award,3821906
2025-11-23,Game Prop,11218
2025-11-23,Mention,90224
2025-11-23,Moneyline,210421740
2025-11-23,Motorsport,807937
2025-11-23,Other,480014
2025-11-23,Over/Under,14323741
2025-11-23,Parlay (correlated),11360825
2025-11-23,Parlay (independent),9517087
2025-11-23,Parlay (pending),34208
2025-11-23,Player Prop,2747379
2025-11-23,Spread,22810172
2025-11-24,Esports,373950
2025-11-24,Futures/Award,2641151
2025-11-24,Game Prop,16548
2025-11-24,Mention,339064
2025-11-24,Moneyline,84955017
2025-11-24,Motorsport,170113
2025-11-24,Other,525177
2025-11-24,Over/Under,5629901
2025-11-24,Parlay (correlated),4621759
2025-11-24,Parlay (independent),997974
2025-11-24,Parlay (pending),149426
2025-11-24,Player Prop,1188560
2025-11-24,Spread,7837841
2025-11-25,Esports,421893
2025-11-25,Futures/Award,2202497
2025-11-25,Game Prop,16758
2025-11-25,Mention,103331
2025-11-25,Moneyline,84559213
2025-11-25,Motorsport,156537
2025-11-25,Other,628500
2025-11-25,Over/Under,3238722
2025-11-25,Parlay (correlated),1158742
2025-11-25,Parlay (independent),1190454
2025-11-25,Parlay (pending),863788
2025-11-25,Player Prop,122732
2025-11-25,Spread,3533504
2025-11-26,Esports,584921
2025-11-26,Futures/Award,1795562
2025-11-26,Game Prop,26103
2025-11-26,Mention,77928
2025-11-26,Moneyline,114953886
2025-11-26,Motorsport,144514
2025-11-26,Other,698471
2025-11-26,Over/Under,3025429
2025-11-26,Parlay (correlated),3624655
2025-11-26,Parlay (independent),2775092
2025-11-26,Parlay (pending),1562263
2025-11-26,Player Prop,347605
2025-11-26,Spread,3118666
2025-11-27,Esports,52050
2025-11-27,Futures/Award,2125818
2025-11-27,Game Prop,80
2025-11-27,Mention,514181
2025-11-27,Moneyline,181870408
2025-11-27,Motorsport,156755
2025-11-27,Other,619133
2025-11-27,Over/Under,17259600
2025-11-27,Parlay (correlated),17219968
2025-11-27,Parlay (independent),5677654
2025-11-27,Parlay (pending),11122626
2025-11-27,Player Prop,3415896
2025-11-27,Spread,24023971
2025-11-28,Esports,43691
2025-11-28,Futures/Award,2538353
2025-11-28,Game Prop,1811
2025-11-28,Mention,100867
2025-11-28,Moneyline,197952803
2025-11-28,Motorsport,331189
2025-11-28,Other,1605168
2025-11-28,Over/Under,13602060
2025-11-28,Parlay (correlated),7497603
2025-11-28,Parlay (independent),4606469
2025-11-28,Parlay (pending),667870
2025-11-28,Player Prop,1208036
2025-11-28,Spread,20179496
2025-11-29,Esports,439924
2025-11-29,Futures/Award,3407930
2025-11-29,Game Prop,28079
2025-11-29,Mention,708266
2025-11-29,Moneyline,226797933
2025-11-29,Motorsport,596962
2025-11-29,Other,1800487
2025-11-29,Over/Under,13691576
2025-11-29,Parlay (correlated),3061976
2025-11-29,Parlay (independent),5239331
2025-11-29,Parlay (pending),316704
2025-11-29,Player Prop,320948
2025-11-29,Spread,26661979
2025-11-30,Esports,275182
2025-11-30,Futures/Award,3687644
2025-11-30,Game Prop,37511
2025-11-30,Mention,91940
2025-11-30,Moneyline,202935404
2025-11-30,Motorsport,1796034
2025-11-30,Other,1341090
2025-11-30,Over/Under,15524803
2025-11-30,Parlay (correlated),14385551
2025-11-30,Parlay (independent),14363770
2025-11-30,Parlay (pending),3746683
2025-11-30,Player Prop,3296543
2025-11-30,Spread,33681601
2025-12-01,Esports,1149846
2025-12-01,Futures/Award,3556869
2025-12-01,Game Prop,14171
2025-12-01,Mention,755882
2025-12-01,Moneyline,94992738
2025-12-01,Motorsport,180777
2025-12-01,Other,1885068
2025-12-01,Over/Under,5573056
2025-12-01,Parlay (correlated),7421984
2025-12-01,Parlay (independent),1986518
2025-12-01,Parlay (pending),451201
2025-12-01,Player Prop,1683585
2025-12-01,Spread,9417665
2025-12-02,Esports,820601
2025-12-02,Futures/Award,4692372
2025-12-02,Game Prop,66163
2025-12-02,Mention,326915
2025-12-02,Moneyline,84704677
2025-12-02,Motorsport,217746
2025-12-02,Other,1586456
2025-12-02,Over/Under,2781024
2025-12-02,Parlay (correlated),1786175
2025-12-02,Parlay (independent),2821131
2025-12-02,Parlay (pending),2862
2025-12-02,Player Prop,161914
2025-12-02,Spread,3028275
2025-12-03,Esports,273031
2025-12-03,Futures/Award,3289959
2025-12-03,Game Prop,46985
2025-12-03,Mention,334648
2025-12-03,Moneyline,108635919
2025-12-03,Motorsport,222792
2025-12-03,Other,1082658
2025-12-03,Over/Under,2474880
2025-12-03,Parlay (correlated),2406024
2025-12-03,Parlay (independent),3561883
2025-12-03,Parlay (pending),89816
2025-12-03,Player Prop,197678
2025-12-03,Spread,2696884
2025-12-04,Esports,1990533
2025-12-04,Futures/Award,3757437
2025-12-04,Game Prop,38403
2025-12-04,Mention,1190403
2025-12-04,Moneyline,98646649
2025-12-04,Motorsport,179299
2025-12-04,Other,1095593
2025-12-04,Over/Under,5003699
2025-12-04,Parlay (correlated),9028676
2025-12-04,Parlay (independent),3452369
2025-12-04,Parlay (pending),703733
2025-12-04,Player Prop,1503113
2025-12-04,Spread,9166209
2025-12-05,Esports,3600187
2025-12-05,Futures/Award,4477342
2025-12-05,Game Prop,19080
2025-12-05,Mention,336322
2025-12-05,Moneyline,93607574
2025-12-05,Motorsport,366992
2025-12-05,Other,1219843
2025-12-05,Over/Under,4986321
2025-12-05,Parlay (correlated),2745925
2025-12-05,Parlay (independent),6038723
2025-12-05,Parlay (pending),166576
2025-12-05,Player Prop,245238
2025-12-05,Spread,6286933
2025-12-06,Esports,1723502
2025-12-06,Futures/Award,8738846
2025-12-06,Game Prop,44373
2025-12-06,Mention,663114
2025-12-06,Moneyline,183744226
2025-12-06,Motorsport,1059214
2025-12-06,Other,737806
2025-12-06,Over/Under,13133395
2025-12-06,Parlay (correlated),3672795
2025-12-06,Parlay (independent),4919879
2025-12-06,Parlay (pending),120784
2025-12-06,Player Prop,296689
2025-12-06,Spread,22121797
2025-12-07,Esports,1108502
2025-12-07,Futures/Award,11728475
2025-12-07,Game Prop,17817
2025-12-07,Mention,1185688
2025-12-07,Moneyline,211155192
2025-12-07,Motorsport,1712908
2025-12-07,Other,775945
2025-12-07,Over/Under,16766233
2025-12-07,Parlay (correlated),18464747
2025-12-07,Parlay (independent),17611632
2025-12-07,Parlay (pending),3881540
2025-12-07,Player Prop,3510326
2025-12-07,Spread,31264611
2025-12-08,Esports,105885
2025-12-08,Futures/Award,4427823
2025-12-08,Game Prop,44224
2025-12-08,Mention,1144849
2025-12-08,Moneyline,94834005
2025-12-08,Motorsport,46
2025-12-08,Other,599545
2025-12-08,Over/Under,6456539
2025-12-08,Parlay (correlated),7827244
2025-12-08,Parlay (independent),801919
2025-12-08,Parlay (pending),988520
2025-12-08,Player Prop,1376690
2025-12-08,Spread,7700819
2025-12-09,Esports,124848
2025-12-09,Futures/Award,4935559
2025-12-09,Game Prop,86444
2025-12-09,Mention,389430
2025-12-09,Moneyline,87033995
2025-12-09,Motorsport,15
2025-12-09,Other,363803
2025-12-09,Over/Under,3264717
2025-12-09,Parlay (correlated),2099258
2025-12-09,Parlay (independent),1817939
2025-12-09,Parlay (pending),6103
2025-12-09,Player Prop,190521
2025-12-09,Spread,3188789
2025-12-10,Esports,642303
2025-12-10,Futures/Award,3493156
2025-12-10,Game Prop,63150
2025-12-10,Mention,427678
2025-12-10,Moneyline,77787190
2025-12-10,Motorsport,4
2025-12-10,Other,841169
2025-12-10,Over/Under,2986619
2025-12-10,Parlay (correlated),3594763
2025-12-10,Parlay (independent),2410721
2025-12-10,Parlay (pending),110310
2025-12-10,Player Prop,187108
2025-12-10,Spread,3134189
2025-12-11,Esports,3042581
2025-12-11,Futures/Award,3505200
2025-12-11,Game Prop,15814
2025-12-11,Mention,1002263
2025-12-11,Moneyline,94014718
2025-12-11,Other,1329305
2025-12-11,Over/Under,6525952
2025-12-11,Parlay (correlated),11136503
2025-12-11,Parlay (independent),3480577
2025-12-11,Parlay (pending),718773
2025-12-11,Player Prop,1354801
2025-12-11,Spread,9314981
2025-12-12,Esports,4510509
2025-12-12,Futures/Award,2946819
2025-12-12,Game Prop,55585
2025-12-12,Mention,287766
2025-12-12,Moneyline,84215121
2025-12-12,Other,2021321
2025-12-12,Over/Under,5096830
2025-12-12,Parlay (correlated),4428993
2025-12-12,Parlay (independent),5991155
2025-12-12,Parlay (pending),302827
2025-12-12,Player Prop,295701
2025-12-12,Spread,4920637
2025-12-13,Esports,2468488
2025-12-13,Futures/Award,3862855
2025-12-13,Game Prop,81580
2025-12-13,Mention,746596
2025-12-13,Moneyline,158412538
2025-12-13,Other,2287493
2025-12-13,Over/Under,10159264
2025-12-13,Parlay (correlated),6863152
2025-12-13,Parlay (independent),5935021
2025-12-13,Parlay (pending),311893
2025-12-13,Player Prop,451253
2025-12-13,Spread,10692606
2025-12-14,Esports,1619770
2025-12-14,Futures/Award,4294079
2025-12-14,Game Prop,56733
2025-12-14,Mention,2178562
2025-12-14,Moneyline,209792307
2025-12-14,Other,1134650
2025-12-14,Over/Under,19504628
2025-12-14,Parlay (correlated),24046075
2025-12-14,Parlay (independent),20353451
2025-12-14,Parlay (pending),4867383
2025-12-14,Player Prop,3895607
2025-12-14,Spread,30443418
2025-12-15,Esports,736209
2025-12-15,Futures/Award,3206070
2025-12-15,Game Prop,35267
2025-12-15,Mention,1179198
2025-12-15,Moneyline,80585117
2025-12-15,Other,991606
2025-12-15,Over/Under,8630418
2025-12-15,Parlay (correlated),11334383
2025-12-15,Parlay (independent),2770373
2025-12-15,Parlay (pending),768020
2025-12-15,Player Prop,1693386
2025-12-15,Spread,9456218
2025-12-16,Esports,111947
2025-12-16,Futures/Award,24650926
2025-12-16,Game Prop,54760
2025-12-16,Mention,552193
2025-12-16,Moneyline,71474442
2025-12-16,Other,1330081
2025-12-16,Over/Under,4531281
2025-12-16,Parlay (correlated),3002242
2025-12-16,Parlay (independent),2224970
2025-12-16,Parlay (pending),7434
2025-12-16,Player Prop,214569
2025-12-16,Spread,3847025
2025-12-17,Esports,514875
2025-12-17,Futures/Award,2750293
2025-12-17,Game Prop,87546
2025-12-17,Mention,141418
2025-12-17,Moneyline,91200334
2025-12-17,Other,742549
2025-12-17,Over/Under,5816355
2025-12-17,Parlay (correlated),2995322
2025-12-17,Parlay (independent),2784551
2025-12-17,Parlay (pending),79105
2025-12-17,Player Prop,179243
2025-12-17,Spread,5631183
2025-12-18,Esports,332536
2025-12-18,Futures/Award,3306545
2025-12-18,Game Prop,565913
2025-12-18,Mention,777518
2025-12-18,Moneyline,142564336
2025-12-18,Other,688103
2025-12-18,Over/Under,8058606
2025-12-18,Parlay (correlated),14304542
2025-12-18,Parlay (independent),5950572
2025-12-18,Parlay (pending),614806
2025-12-18,Player Prop,2422860
2025-12-18,Spread,9089187
2025-12-19,Esports,281352
2025-12-19,Futures/Award,4307417
2025-12-19,Game Prop,15269572
2025-12-19,Mention,372253
2025-12-19,Moneyline,192855249
2025-12-19,Other,2051570
2025-12-19,Over/Under,9345002
2025-12-19,Parlay (correlated),7814443
2025-12-19,Parlay (independent),7377195
2025-12-19,Parlay (pending),1598976
2025-12-19,Player Prop,423328
2025-12-19,Spread,10727625
2025-12-20,Esports,221214
2025-12-20,Futures/Award,3698640
2025-12-20,Game Prop,428483
2025-12-20,Mention,1395211
2025-12-20,Moneyline,227685321
2025-12-20,Other,1969203
2025-12-20,Over/Under,18978417
2025-12-20,Parlay (correlated),23616164
2025-12-20,Parlay (independent),11867466
2025-12-20,Parlay (pending),5019241
2025-12-20,Player Prop,4133832
2025-12-20,Spread,26539911
2025-12-21,Esports,181864
2025-12-21,Futures/Award,5622483
2025-12-21,Game Prop,107650
2025-12-21,Mention,1913948
2025-12-21,Moneyline,232292142
2025-12-21,Other,798442
2025-12-21,Over/Under,20342830
2025-12-21,Parlay (correlated),38835134
2025-12-21,Parlay (independent),26124388
2025-12-21,Parlay (pending),6110194
2025-12-21,Player Prop,9928786
2025-12-21,Spread,28560075
2025-12-22,Esports,26532
2025-12-22,Futures/Award,3790998
2025-12-22,Game Prop,52856
2025-12-22,Mention,1391988
2025-12-22,Moneyline,98155361
2025-12-22,Other,1209683
2025-12-22,Over/Under,10734629
2025-12-22,Parlay (correlated),20172300
2025-12-22,Parlay (independent),5147239
2025-12-22,Parlay (pending),1713567
2025-12-22,Player Prop,5434460
2025-12-22,Spread,16236313
2025-12-23,Esports,26735
2025-12-23,Futures/Award,3200653
2025-12-23,Game Prop,144836
2025-12-23,Mention,902363
2025-12-23,Moneyline,129781281
2025-12-23,Other,1078923
2025-12-23,Over/Under,12507223
2025-12-23,Parlay (correlated),7401886
2025-12-23,Parlay (independent),10762314
2025-12-23,Parlay (pending),461555
2025-12-23,Player Prop,562431
2025-12-23,Spread,15116017
2025-12-24,Esports,87596
2025-12-24,Futures/Award,3250837
2025-12-24,Game Prop,2360
2025-12-24,Mention,1106151
2025-12-24,Moneyline,61448922
2025-12-24,Other,1127415
2025-12-24,Over/Under,6427381
2025-12-24,Parlay (correlated),8476165
2025-12-24,Parlay (independent),5913306
2025-12-24,Parlay (pending),1414592
2025-12-24,Player Prop,780509
2025-12-24,Spread,5582216
2025-12-25,Esports,41582
2025-12-25,Futures/Award,2485678
2025-12-25,Game Prop,1475
2025-12-25,Mention,3148556
2025-12-25,Moneyline,165205073
2025-12-25,Other,588797
2025-12-25,Over/Under,18165084
2025-12-25,Parlay (correlated),42000546
2025-12-25,Parlay (independent),15820626
2025-12-25,Parlay (pending),7860640
2025-12-25,Player Prop,12178234
2025-12-25,Spread,30825029
2025-12-26,Esports,44963
2025-12-26,Futures/Award,2574032
2025-12-26,Game Prop,50860
2025-12-26,Mention,973445
2025-12-26,Moneyline,138969777
2025-12-26,Other,1168999
2025-12-26,Over/Under,15861821
2025-12-26,Parlay (correlated),8610077
2025-12-26,Parlay (independent),8381833
2025-12-26,Parlay (pending),550164
2025-12-26,Player Prop,903676
2025-12-26,Spread,16539086
2025-12-27,Esports,43121
2025-12-27,Futures/Award,3843123
2025-12-27,Game Prop,181443
2025-12-27,Mention,1902976
2025-12-27,Moneyline,210576656
2025-12-27,Other,352734
2025-12-27,Over/Under,19980709
2025-12-27,Parlay (correlated),29396192
2025-12-27,Parlay (independent),11381578
2025-12-27,Parlay (pending),3128185
2025-12-27,Player Prop,6097861
2025-12-27,Spread,28064672
2025-12-28,Esports,40165
2025-12-28,Futures/Award,4907682
2025-12-28,Game Prop,102527
2025-12-28,Mention,1833339
2025-12-28,Moneyline,200170503
2025-12-28,Other,1731310
2025-12-28,Over/Under,20003409
2025-12-28,Parlay (correlated),44680085
2025-12-28,Parlay (independent),22447108
2025-12-28,Parlay (pending),7158166
2025-12-28,Player Prop,13609408
2025-12-28,Spread,32360541
2025-12-29,Esports,48931
2025-12-29,Futures/Award,6176839
2025-12-29,Game Prop,54064
2025-12-29,Mention,1184578
2025-12-29,Moneyline,143752416
2025-12-29,Other,297768
2025-12-29,Over/Under,13176171
2025-12-29,Parlay (correlated),21558600
2025-12-29,Parlay (independent),6259625
2025-12-29,Parlay (pending),2017976
2025-12-29,Player Prop,6186531
2025-12-29,Spread,16594326
2025-12-30,Esports,56113
2025-12-30,Futures/Award,5659085
2025-12-30,Game Prop,216948
2025-12-30,Mention,858727
2025-12-30,Moneyline,130285370
2025-12-30,Other,236468
2025-12-30,Over/Under,14786888
2025-12-30,Parlay (correlated),4334413
2025-12-30,Parlay (independent),4078004
2025-12-30,Parlay (pending),290008
2025-12-30,Player Prop,232577
2025-12-30,Spread,13644488
2025-12-31,Cricket,273
2025-12-31,Esports,226557
2025-12-31,Futures/Award,6699354
2025-12-31,Game Prop,40157
2025-12-31,Mention,1357879
2025-12-31,Moneyline,203105450
2025-12-31,Other,247199
2025-12-31,Over/Under,20835795
2025-12-31,Parlay (correlated),6210338
2025-12-31,Parlay (independent),6238505
2025-12-31,Parlay (pending),3752712
2025-12-31,Player Prop,272761
2025-12-31,Spread,29629161
2026-01-01,Cricket,133301
2026-01-01,Esports,19078
2026-01-01,Futures/Award,8617631
2026-01-01,Game Prop,163541
2026-01-01,Mention,1104770
2026-01-01,Moneyline,189663566
2026-01-01,Motorsport,1
2026-01-01,Other,156557
2026-01-01,Over/Under,23773585
2026-01-01,Parlay (correlated),5921641
2026-01-01,Parlay (independent),4062176
2026-01-01,Parlay (pending),8936933
2026-01-01,Player Prop,291775
2026-01-01,Spread,33316192
2026-01-02,Cricket,2338439
2026-01-02,Futures/Award,4939357
2026-01-02,Game Prop,84074
2026-01-02,Mention,787849
2026-01-02,Moneyline,147947552
2026-01-02,Motorsport,15
2026-01-02,Other,263829
2026-01-02,Over/Under,22661222
2026-01-02,Parlay (correlated),9385178
2026-01-02,Parlay (independent),8245525
2026-01-02,Parlay (pending),505225
2026-01-02,Player Prop,720033
2026-01-02,Spread,24298308
2026-01-03,Cricket,3247313
2026-01-03,Esports,710
2026-01-03,Futures/Award,6490457
2026-01-03,Game Prop,159203
2026-01-03,Mention,1571519
2026-01-03,Moneyline,178000344
2026-01-03,Other,276650
2026-01-03,Over/Under,21712421
2026-01-03,Parlay (correlated),29057594
2026-01-03,Parlay (independent),11464837
2026-01-03,Parlay (pending),4176485
2026-01-03,Player Prop,8530985
2026-01-03,Spread,26046307
2026-01-04,Cricket,2983925
2026-01-04,Esports,3169
2026-01-04,Futures/Award,8459958
2026-01-04,Game Prop,151374
2026-01-04,Mention,1586558
2026-01-04,Moneyline,236449716
2026-01-04,Motorsport,455
2026-01-04,Other,829506
2026-01-04,Over/Under,24677900
2026-01-04,Parlay (correlated),30903025
2026-01-04,Parlay (independent),22484156
2026-01-04,Parlay (pending),6524923
2026-01-04,Player Prop,9539811
2026-01-04,Spread,36467296
2026-01-05,Cricket,7514917
2026-01-05,Esports,7567
2026-01-05,Futures/Award,13365637
2026-01-05,Game Prop,116073
2026-01-05,Mention,367946
2026-01-05,Moneyline,101862075
2026-01-05,Motorsport,45
2026-01-05,Other,364515
2026-01-05,Over/Under,9418291
2026-01-05,Parlay (correlated),7630806
2026-01-05,Parlay (independent),5200919
2026-01-05,Parlay (pending),273953
2026-01-05,Player Prop,368943
2026-01-05,Spread,9073026
2026-01-06,Cricket,3048659
2026-01-06,Esports,4178
2026-01-06,Futures/Award,7201091
2026-01-06,Game Prop,180473
2026-01-06,Mention,300457
2026-01-06,Moneyline,131094450
2026-01-06,Motorsport,50
2026-01-06,Other,628262
2026-01-06,Over/Under,10734092
2026-01-06,Parlay (correlated),7440929
2026-01-06,Parlay (independent),4299062
2026-01-06,Parlay (pending),509375
2026-01-06,Player Prop,487104
2026-01-06,Spread,9661484
2026-01-07,Cricket,1137437
2026-01-07,Esports,6936
2026-01-07,Futures/Award,5231558
2026-01-07,Game Prop,166658
2026-01-07,Mention,428227
2026-01-07,Moneyline,157534999
2026-01-07,Other,553169
2026-01-07,Over/Under,13638594
2026-01-07,Parlay (correlated),9700470
2026-01-07,Parlay (independent),8443610
2026-01-07,Parlay (pending),591302
2026-01-07,Player Prop,584977
2026-01-07,Spread,12266498
2026-01-08,Cricket,1031352
2026-01-08,Esports,15041
2026-01-08,Futures/Award,6772448
2026-01-08,Game Prop,247666
2026-01-08,Mention,940748
2026-01-08,Moneyline,145563048
2026-01-08,Motorsport,158
2026-01-08,Other,885652
2026-01-08,Over/Under,13093343
2026-01-08,Parlay (correlated),7215845
2026-01-08,Parlay (independent),4194165
2026-01-08,Parlay (pending),5969251
2026-01-08,Player Prop,487585
2026-01-08,Spread,14078422
2026-01-09,Cricket,3028543
2026-01-09,Esports,1018530
2026-01-09,Futures/Award,8593038
2026-01-09,Game Prop,166526
2026-01-09,Mention,1781880
2026-01-09,Moneyline,139783444
2026-01-09,Other,641156
2026-01-09,Over/Under,14487783
2026-01-09,Parlay (correlated),14828868
2026-01-09,Parlay (independent),8858545
2026-01-09,Parlay (pending),5623695
2026-01-09,Player Prop,905142
2026-01-09,Spread,20046378
2026-01-10,Cricket,1978931
2026-01-10,Esports,563519
2026-01-10,Futures/Award,11895810
2026-01-10,Game Prop,219001
2026-01-10,Mention,2637952
2026-01-10,Moneyline,286551075
2026-01-10,Motorsport,51
2026-01-10,Other,561652
2026-01-10,Over/Under,24050222
2026-01-10,Parlay (correlated),44232927
2026-01-10,Parlay (independent),12593916
2026-01-10,Parlay (pending),7799099
2026-01-10,Player Prop,12642549
2026-01-10,Spread,33557441
2026-01-11,Cricket,3467583
2026-01-11,Esports,641138
2026-01-11,Futures/Award,11181622
2026-01-11,Game Prop,209228
2026-01-11,Mention,4234950
2026-01-11,Moneyline,247155127
2026-01-11,Motorsport,15
2026-01-11,Other,410091
2026-01-11,Over/Under,24539993
2026-01-11,Parlay (correlated),72683237
2026-01-11,Parlay (independent),10116037
2026-01-11,Parlay (pending),11341121
2026-01-11,Player Prop,21862096
2026-01-11,Spread,34839270
2026-01-12,Esports,167775
2026-01-12,Futures/Award,8809599
2026-01-12,Game Prop,135193
2026-01-12,Mention,1740036
2026-01-12,Moneyline,129372061
2026-01-12,Motorsport,9933
2026-01-12,Other,560555
2026-01-12,Over/Under,12006213
2026-01-12,Parlay (correlated),47424110
2026-01-12,Parlay (independent),4784276
2026-01-12,Parlay (pending),3569100
2026-01-12,Player Prop,9797031
2026-01-12,Spread,14026704
2026-01-13,Cricket,36
2026-01-13,Esports,1128781
2026-01-13,Futures/Award,7529388
2026-01-13,Game Prop,172019
2026-01-13,Mention,420729
2026-01-13,Moneyline,145960170
2026-01-13,Motorsport,8116
2026-01-13,Other,836835
2026-01-13,Over/Under,9849696
2026-01-13,Parlay (correlated),18189190
2026-01-13,Parlay (independent),8508762
2026-01-13,Parlay (pending),249484
2026-01-13,Player Prop,856601
2026-01-13,Spread,11252726
2026-01-14,Cricket,161
2026-01-14,Esports,1113112
2026-01-14,Futures/Award,7148662
2026-01-14,Game Prop,339583
2026-01-14,Mention,1233180
2026-01-14,Moneyline,153571179
2026-01-14,Motorsport,10025
2026-01-14,Other,1338079
2026-01-14,Over/Under,11504445
2026-01-14,Parlay (correlated),16589701
2026-01-14,Parlay (independent),8127120
2026-01-14,Parlay (pending),1232562
2026-01-14,Player Prop,780393
2026-01-14,Spread,12534892
2026-01-15,Cricket,289
2026-01-15,Esports,1424899
2026-01-15,Futures/Award,7745925
2026-01-15,Game Prop,96001
2026-01-15,Mention,696041
2026-01-15,Moneyline,136154368
2026-01-15,Motorsport,18477
2026-01-15,Other,1321221
2026-01-15,Over/Under,13441953
2026-01-15,Parlay (correlated),19577013
2026-01-15,Parlay (independent),10036666
2026-01-15,Parlay (pending),830215
2026-01-15,Player Prop,979614
2026-01-15,Spread,13689702
2026-01-16,Cricket,121
2026-01-16,Esports,1643996
2026-01-16,Futures/Award,7467210
2026-01-16,Game Prop,110369
2026-01-16,Mention,873169
2026-01-16,Moneyline,117151346
2026-01-16,Motorsport,19477
2026-01-16,Other,1435312
2026-01-16,Over/Under,10229280
2026-01-16,Parlay (correlated),21953467
2026-01-16,Parlay (independent),9430698
2026-01-16,Parlay (pending),1607107
2026-01-16,Player Prop,1270022
2026-01-16,Spread,10898682
2026-01-17,Cricket,1513
2026-01-17,Esports,1658910
2026-01-17,Futures/Award,19198580
2026-01-17,Game Prop,403834
2026-01-17,Mention,2746972
2026-01-17,Moneyline,313478358
2026-01-17,Motorsport,4311
2026-01-17,Other,1141159
2026-01-17,Over/Under,22969948
2026-01-17,Parlay (correlated),79957251
2026-01-17,Parlay (independent),18743915
2026-01-17,Parlay (pending),9072057
2026-01-17,Player Prop,14348336
2026-01-17,Spread,31613224
2026-01-18,Cricket,841
2026-01-18,Esports,1420131
2026-01-18,Futures/Award,17110346
2026-01-18,Game Prop,762542
2026-01-18,Mention,3410983
2026-01-18,Moneyline,206052696
2026-01-18,Motorsport,20667
2026-01-18,Other,1222253
2026-01-18,Over/Under,22466189
2026-01-18,Parlay (correlated),86684832
2026-01-18,Parlay (independent),6504245
2026-01-18,Parlay (pending),8026690
2026-01-18,Player Prop,15909131
2026-01-18,Spread,29413951
2026-01-19,Cricket,803
2026-01-19,Esports,826635
2026-01-19,Futures/Award,74078722
2026-01-19,Game Prop,3313843
2026-01-19,Mention,2551413
2026-01-19,Moneyline,119767147
2026-01-19,Motorsport,9445
2026-01-19,Other,908832
2026-01-19,Over/Under,18185288
2026-01-19,Parlay (correlated),16100707
2026-01-19,Parlay (independent),6283026
2026-01-19,Parlay (pending),12222759
2026-01-19,Player Prop,590449
2026-01-19,Spread,30465148
2026-01-20,Cricket,9188
2026-01-20,Esports,237320
2026-01-20,Futures/Award,6401661
2026-01-20,Game Prop,210909
2026-01-20,Mention,282618
2026-01-20,Moneyline,142386422
2026-01-20,Motorsport,9327
2026-01-20,Other,795006
2026-01-20,Over/Under,13025317
2026-01-20,Parlay (correlated),16411310
2026-01-20,Parlay (independent),9692734
2026-01-20,Parlay (pending),2244
2026-01-20,Player Prop,672516
2026-01-20,Spread,11332171
2026-01-21,Cricket,1045
2026-01-21,Esports,641395
2026-01-21,Futures/Award,6681369
2026-01-21,Game Prop,158104
2026-01-21,Mention,998483
2026-01-21,Moneyline,142926898
2026-01-21,Motorsport,3649
2026-01-21,Other,1037958
2026-01-21,Over/Under,13916238
2026-01-21,Parlay (correlated),17002595
2026-01-21,Parlay (independent),11205083
2026-01-21,Parlay (pending),28029
2026-01-21,Player Prop,752000
2026-01-21,Spread,12819567
2026-01-22,Cricket,3365
2026-01-22,Esports,1209352
2026-01-22,Futures/Award,8527484
2026-01-22,Game Prop,184744
2026-01-22,Mention,559054
2026-01-22,Moneyline,148959868
2026-01-22,Motorsport,9148
2026-01-22,Other,1862193
2026-01-22,Over/Under,15402494
2026-01-22,Parlay (correlated),18259554
2026-01-22,Parlay (independent),13068388
2026-01-22,Parlay (pending),612779
2026-01-22,Player Prop,941466
2026-01-22,Spread,11655501
2026-01-23,Cricket,1512
2026-01-23,Esports,1984408
2026-01-23,Futures/Award,10152425
2026-01-23,Game Prop,458420
2026-01-23,Mention,696008
2026-01-23,Moneyline,154026784
2026-01-23,Motorsport,6091
2026-01-23,Other,1268829
2026-01-23,Over/Under,13583263
2026-01-23,Parlay (correlated),23071010
2026-01-23,Parlay (independent),13131550
2026-01-23,Parlay (pending),685216
2026-01-23,Player Prop,1049813
2026-01-23,Spread,12915906
2026-01-24,Cricket,1220
2026-01-24,Esports,2210920
2026-01-24,Futures/Award,11720026
2026-01-24,Game Prop,5220190
2026-01-24,Mention,878410
2026-01-24,Moneyline,249865583
2026-01-24,Motorsport,9189
2026-01-24,Other,1475075
2026-01-24,Over/Under,24074698
2026-01-24,Parlay (correlated),31794915
2026-01-24,Parlay (independent),22609789
2026-01-24,Parlay (pending),1066068
2026-01-24,Player Prop,1291998
2026-01-24,Spread,21287409
2026-01-25,Cricket,22756
2026-01-25,Esports,2437308
2026-01-25,Futures/Award,164237141
2026-01-25,Game Prop,4607454
2026-01-25,Mention,7954661
2026-01-25,Moneyline,125940337
2026-01-25,Motorsport,12403
2026-01-25,Other,1226902
2026-01-25,Over/Under,23417193
2026-01-25,Parlay (correlated),114669588
2026-01-25,Parlay (independent),9403851
2026-01-25,Parlay (pending),10915685
2026-01-25,Player Prop,17346188
2026-01-25,Spread,33014156
2026-01-26,Cricket,27098
2026-01-26,Esports,1055326
2026-01-26,Futures/Award,9172722
2026-01-26,Game Prop,283491
2026-01-26,Mention,637928
2026-01-26,Moneyline,138080289
2026-01-26,Motorsport,26140
2026-01-26,Other,1212745
2026-01-26,Over/Under,14837447
2026-01-26,Parlay (correlated),24562854
2026-01-26,Parlay (independent),10936105
2026-01-26,Player Prop,1165673
2026-01-26,Spread,15244908
2026-01-27,Cricket,26047
2026-01-27,Esports,649139
2026-01-27,Futures/Award,7168057
2026-01-27,Game Prop,480216
2026-01-27,Mention,789064
2026-01-27,Moneyline,178559362
2026-01-27,Motorsport,11773
2026-01-27,Other,1335640
2026-01-27,Over/Under,14238731
2026-01-27,Parlay (correlated),18287697
2026-01-27,Parlay (independent),16459925
2026-01-27,Parlay (pending),62800
2026-01-27,Player Prop,1233089
2026-01-27,Spread,17276993
2026-01-28,Cricket,59020
2026-01-28,Esports,1602414
2026-01-28,Futures/Award,9258105
2026-01-28,Game Prop,981712
2026-01-28,Mention,593521
2026-01-28,Moneyline,178692917
2026-01-28,Motorsport,43702
2026-01-28,Other,1217222
2026-01-28,Over/Under,15745455
2026-01-28,Parlay (correlated),19053011
2026-01-28,Parlay (independent),21853547
2026-01-28,Parlay (pending),118996
2026-01-28,Player Prop,1376069
2026-01-28,Spread,14418552
2026-01-29,Cricket,52817
2026-01-29,Esports,2015506
2026-01-29,Futures/Award,12954485
2026-01-29,Game Prop,357168
2026-01-29,Mention,811491
2026-01-29,Moneyline,142528475
2026-01-29,Motorsport,54741
2026-01-29,Other,2078449
2026-01-29,Over/Under,13951835
2026-01-29,Parlay (correlated),15303922
2026-01-29,Parlay (independent),19169174
2026-01-29,Parlay (pending),103329
2026-01-29,Player Prop,1201047
2026-01-29,Spread,11653434
2026-01-30,Cricket,20864
2026-01-30,Esports,2690006
2026-01-30,Futures/Award,13905550
2026-01-30,Game Prop,1136034
2026-01-30,Mention,395814
2026-01-30,Moneyline,161104034
2026-01-30,Motorsport,37782
2026-01-30,Other,1262148
2026-01-30,Over/Under,13796641
2026-01-30,Parlay (correlated),15794102
2026-01-30,Parlay (independent),18056000
2026-01-30,Parlay (pending),118707
2026-01-30,Player Prop,1321683
2026-01-30,Spread,14896406
2026-01-31,Cricket,30142
2026-01-31,Esports,2605303
2026-01-31,Futures/Award,17181162
2026-01-31,Game Prop,4902981
2026-01-31,Mention,856087
2026-01-31,Moneyline,236839874
2026-01-31,Motorsport,35658
2026-01-31,Other,1289433
2026-01-31,Over/Under,20825649
2026-01-31,Parlay (correlated),15873769
2026-01-31,Parlay (independent),24891903
2026-01-31,Parlay (pending),118602
2026-01-31,Player Prop,1366280
2026-01-31,Spread,24172382
2026-02-01,Cricket,63784
2026-02-01,Esports,3008971
2026-02-01,Futures/Award,18360941
2026-02-01,Game Prop,1352609
2026-02-01,Mention,626562
2026-02-01,Moneyline,161543662
2026-02-01,Motorsport,23038
2026-02-01,Other,1900975
2026-02-01,Over/Under,19015678
2026-02-01,Parlay (correlated),18401072
2026-02-01,Parlay (independent),19148639
2026-02-01,Parlay (pending),141792
2026-02-01,Player Prop,1980347
2026-02-01,Spread,20638385
2026-02-02,Cricket,97088
2026-02-02,Esports,2243369
2026-02-02,Futures/Award,8130087
2026-02-02,Game Prop,295653
2026-02-02,Mention,613479
2026-02-02,Moneyline,123337062
2026-02-02,Motorsport,31336
2026-02-02,Other,503863
2026-02-02,Over/Under,12044686
2026-02-02,Parlay (correlated),12650105
2026-02-02,Parlay (independent),12645204
2026-02-02,Parlay (pending),204512
2026-02-02,Player Prop,1449876
2026-02-02,Spread,13822881
2026-02-03,Cricket,58311
2026-02-03,Esports,2395548
2026-02-03,Futures/Award,11090829
2026-02-03,Game Prop,476502
2026-02-03,Mention,1551363
2026-02-03,Moneyline,132667709
2026-02-03,Motorsport,51877
2026-02-03,Other,1221675
2026-02-03,Over/Under,12420552
2026-02-03,Parlay (correlated),16353562
2026-02-03,Parlay (independent),18610108
2026-02-03,Parlay (pending),245080
2026-02-03,Player Prop,1686691
2026-02-03,Spread,15791228
2026-02-04,Cricket,114136
2026-02-04,Esports,1392829
2026-02-04,Futures/Award,16100551
2026-02-04,Game Prop,438153
2026-02-04,Mention,619153
2026-02-04,Moneyline,170086968
2026-02-04,Motorsport,181921
2026-02-04,Other,1891058
2026-02-04,Over/Under,12976929
2026-02-04,Parlay (correlated),16211661
2026-02-04,Parlay (independent),23292767
2026-02-04,Parlay (pending),318669
2026-02-04,Player Prop,1689306
2026-02-04,Spread,17215999
2026-02-05,Cricket,127842
2026-02-05,Esports,1249870
2026-02-05,Futures/Award,21675682
2026-02-05,Game Prop,504415
2026-02-05,Mention,545731
2026-02-05,Moneyline,155978150
2026-02-05,Motorsport,22536
2026-02-05,Other,2932320
2026-02-05,Over/Under,12893603
2026-02-05,Parlay (correlated),22708128
2026-02-05,Parlay (independent),18778635
2026-02-05,Parlay (pending),481405
2026-02-05,Player Prop,2104345
2026-02-05,Spread,14210889
2026-02-06,Cricket,357865
2026-02-06,Esports,2886917
2026-02-06,Futures/Award,18626839
2026-02-06,Game Prop,711111
2026-02-06,Mention,817115
2026-02-06,Moneyline,143815569
2026-02-06,Motorsport,39096
2026-02-06,Other,1919420
2026-02-06,Over/Under,10474078
2026-02-06,Parlay (correlated),29141471
2026-02-06,Parlay (independent),13640227
2026-02-06,Parlay (pending),921541
2026-02-06,Player Prop,3202304
2026-02-06,Spread,13821154
2026-02-07,Cricket,2608658
2026-02-07,Esports,2826607
2026-02-07,Futures/Award,30019896
2026-02-07,Game Prop,2062000
2026-02-07,Mention,1132275
2026-02-07,Moneyline,231813072
2026-02-07,Motorsport,22145
2026-02-07,Other,2094708
2026-02-07,Over/Under,21645233
2026-02-07,Parlay (correlated),41831597
2026-02-07,Parlay (independent),31836900
2026-02-07,Parlay (pending),1617557
2026-02-07,Player Prop,5127310
2026-02-07,Spread,27982911
2026-02-08,Cricket,3504516
2026-02-08,Esports,2769823
2026-02-08,Futures/Award,221541278
2026-02-08,Game Prop,5956288
2026-02-08,Mention,7136432
2026-02-08,Moneyline,118458052
2026-02-08,Motorsport,74071
2026-02-08,Other,7910799
2026-02-08,Over/Under,26292716
2026-02-08,Parlay (correlated),154183386
2026-02-08,Parlay (independent),10475110
2026-02-08,Parlay (pending),11434118
2026-02-08,Player Prop,28658933
2026-02-08,Spread,42664150
2026-02-09,Cricket,1519407
2026-02-09,Esports,1119354
2026-02-09,Futures/Award,8938124
2026-02-09,Game Prop,83791
2026-02-09,Mention,677644
2026-02-09,Moneyline,174076178
2026-02-09,Motorsport,59009
2026-02-09,Other,352938
2026-02-09,Over/Under,12780779
2026-02-09,Parlay (correlated),17975538
2026-02-09,Parlay (independent),28518902
2026-02-09,Player Prop,1018209
2026-02-09,Spread,15568433
2026-02-10,Cricket,3230919
2026-02-10,Esports,1776602
2026-02-10,Futures/Award,8634265
2026-02-10,Game Prop,230833
2026-02-10,Mention,1510761
2026-02-10,Moneyline,208082603
2026-02-10,Motorsport,90833
2026-02-10,Other,928451
2026-02-10,Over/Under,11928171
2026-02-10,Parlay (correlated),16102714
2026-02-10,Parlay (independent),23823171
2026-02-10,Player Prop,1052023
2026-02-10,Spread,15429136
2026-02-11,Cricket,9262976
2026-02-11,Esports,1550049
2026-02-11,Futures/Award,8866538
2026-02-11,Game Prop,115732
2026-02-11,Mention,1408091
2026-02-11,Moneyline,203733196
2026-02-11,Motorsport,314111
2026-02-11,Other,1375543
2026-02-11,Over/Under,17232888
2026-02-11,Parlay (correlated),19623322
2026-02-11,Parlay (independent),35381143
2026-02-11,Player Prop,1207243
2026-02-11,Spread,20104227
2026-02-12,Cricket,3261016
2026-02-12,Esports,1047370
2026-02-12,Futures/Award,18552344
2026-02-12,Game Prop,140421
2026-02-12,Mention,1237885
2026-02-12,Moneyline,179185487
2026-02-12,Motorsport,568993
2026-02-12,Other,3208060
2026-02-12,Over/Under,15241176
2026-02-12,Parlay (correlated),10364063
2026-02-12,Parlay (independent),17931015
2026-02-12,Player Prop,598221
2026-02-12,Spread,15356168
2026-02-13,Cricket,7546038
2026-02-13,Esports,2470962
2026-02-13,Futures/Award,20282178
2026-02-13,Game Prop,51639
2026-02-13,Mention,435394
2026-02-13,Moneyline,156159186
2026-02-13,Motorsport,924627
2026-02-13,Other,1807517
2026-02-13,Over/Under,9852708
2026-02-13,Parlay (correlated),1897863
2026-02-13,Parlay (independent),17346522
2026-02-13,Player Prop,43420
2026-02-13,Spread,10785103
2026-02-14,Cricket,5565008
2026-02-14,Esports,3268453
2026-02-14,Futures/Award,31017409
2026-02-14,Game Prop,139353
2026-02-14,Mention,1109152
2026-02-14,Moneyline,246244353
2026-02-14,Motorsport,1512015
2026-02-14,Other,1641728
2026-02-14,Over/Under,23179532
2026-02-14,Parlay (correlated),2363768
2026-02-14,Parlay (independent),33898524
2026-02-14,Player Prop,6452
2026-02-14,Spread,27764947
2026-02-15,Cricket,7573978
2026-02-15,Esports,4370841
2026-02-15,Futures/Award,45882979
2026-02-15,Game Prop,99247
2026-02-15,Mention,88903
2026-02-15,Moneyline,182771377
2026-02-15,Motorsport,10601427
2026-02-15,Other,1710707
2026-02-15,Over/Under,15601879
2026-02-15,Parlay (correlated),1848106
2026-02-15,Parlay (independent),18319341
2026-02-15,Player Prop,8545
2026-02-15,Spread,15222930
2026-02-16,Cricket,8201298
2026-02-16,Esports,2688691
2026-02-16,Futures/Award,10402681
2026-02-16,Game Prop,53803
2026-02-16,Mention,549690
2026-02-16,Moneyline,155652765
2026-02-16,Motorsport,44204
2026-02-16,Other,1573667
2026-02-16,Over/Under,14441754
2026-02-16,Parlay (correlated),2205603
2026-02-16,Parlay (independent),17846612
2026-02-16,Player Prop,9495
2026-02-16,Spread,14162121
2026-02-17,Cricket,6384398
2026-02-17,Esports,2005190
2026-02-17,Futures/Award,8346419
2026-02-17,Game Prop,172207
2026-02-17,Mention,575033
2026-02-17,Moneyline,182838071
2026-02-17,Motorsport,89588
2026-02-17,Other,1565136
2026-02-17,Over/Under,13231735
2026-02-17,Parlay (correlated),2917651
2026-02-17,Parlay (independent),31122633
2026-02-17,Player Prop,13051
2026-02-17,Spread,18017210
2026-02-18,Cricket,5855371
2026-02-18,Esports,1441883
2026-02-18,Futures/Award,9888146
2026-02-18,Game Prop,214044
2026-02-18,Mention,602751
2026-02-18,Moneyline,218199513
2026-02-18,Motorsport,105634
2026-02-18,Other,2483944
2026-02-18,Over/Under,14822274
2026-02-18,Parlay (correlated),4384960
2026-02-18,Parlay (independent),29728782
2026-02-18,Player Prop,60143
2026-02-18,Spread,19368465
2026-02-19,Cricket,4895145
2026-02-19,Esports,545555
2026-02-19,Futures/Award,24866735
2026-02-19,Game Prop,84795
2026-02-19,Mention,684641
2026-02-19,Moneyline,189342513
2026-02-19,Motorsport,234821
2026-02-19,Other,7408884
2026-02-19,Over/Under,17036909
2026-02-19,Parlay (correlated),17906543
2026-02-19,Parlay (independent),26128355
2026-02-19,Player Prop,934038
2026-02-19,Spread,19345969
2026-02-20,Cricket,974945
2026-02-20,Esports,3526559
2026-02-20,Futures/Award,17479294
2026-02-20,Game Prop,241825
2026-02-20,Mention,541333
2026-02-20,Moneyline,192085584
2026-02-20,Motorsport,211742
2026-02-20,Other,3123597
2026-02-20,Over/Under,14577492
2026-02-20,Parlay (correlated),15597058
2026-02-20,Parlay (independent),24701544
2026-02-20,Player Prop,915476
2026-02-20,Spread,20055368
2026-02-21,Cricket,1126269
2026-02-21,Esports,2488285
2026-02-21,Futures/Award,16494532
2026-02-21,Game Prop,3509018
2026-02-21,Mention,941189
2026-02-21,Moneyline,300341680
2026-02-21,Motorsport,531774
2026-02-21,Other,1785546
2026-02-21,Over/Under,26460510
2026-02-21,Parlay (correlated),16821812
2026-02-21,Parlay (independent),47122294
2026-02-21,Player Prop,776280
2026-02-21,Spread,33500319
2026-02-22,Cricket,8359103
2026-02-22,Esports,2601129
2026-02-22,Futures/Award,29094882
2026-02-22,Game Prop,998773
2026-02-22,Mention,858615
2026-02-22,Moneyline,228230996
2026-02-22,Motorsport,2580336
2026-02-22,Other,2819787
2026-02-22,Over/Under,20981519
2026-02-22,Parlay (correlated),27471884
2026-02-22,Parlay (independent),31333684
2026-02-22,Player Prop,1401678
2026-02-22,Spread,24708629
2026-02-23,Cricket,3009750
2026-02-23,Esports,1517725
2026-02-23,Futures/Award,8555202
2026-02-23,Game Prop,262135
2026-02-23,Mention,785645
2026-02-23,Moneyline,146677177
2026-02-23,Motorsport,46157
2026-02-23,Other,2281479
2026-02-23,Over/Under,11955176
2026-02-23,Parlay (correlated),15728649
2026-02-23,Parlay (independent),15625060
2026-02-23,Player Prop,701879
2026-02-23,Spread,11410249
2026-02-24,Cricket,6489388
2026-02-24,Esports,1621954
2026-02-24,Futures/Award,6222916
2026-02-24,Game Prop,516991
2026-02-24,Mention,312187
2026-02-24,Moneyline,193330849
2026-02-24,Motorsport,126488
2026-02-24,Other,1384617
2026-02-24,Over/Under,13541954
2026-02-24,Parlay (correlated),21084547
2026-02-24,Parlay (independent),36779157
2026-02-24,Player Prop,936086
2026-02-24,Spread,18171228
2026-02-25,Cricket,5744734
2026-02-25,Esports,1824580
2026-02-25,Futures/Award,7415927
2026-02-25,Game Prop,1046381
2026-02-25,Mention,584147
2026-02-25,Moneyline,213240682
2026-02-25,Motorsport,123868
2026-02-25,Other,2140948
2026-02-25,Over/Under,17276618
2026-02-25,Parlay (correlated),17751514
2026-02-25,Parlay (independent),32800107
2026-02-25,Player Prop,718513
2026-02-25,Spread,19542730
2026-02-26,Cricket,3973897
2026-02-26,Esports,2090194
2026-02-26,Futures/Award,12778744
2026-02-26,Game Prop,269832
2026-02-26,Mention,750336
2026-02-26,Moneyline,210504151
2026-02-26,Motorsport,161257
2026-02-26,Other,3927381
2026-02-26,Over/Under,16978381
2026-02-26,Parlay (correlated),18183790
2026-02-26,Parlay (independent),29700792
2026-02-26,Player Prop,1206359
2026-02-26,Spread,19673158
2026-02-27,Cricket,7837196
2026-02-27,Esports,2883299
2026-02-27,Futures/Award,10262150
2026-02-27,Game Prop,530286
2026-02-27,Mention,596152
2026-02-27,Moneyline,193241629
2026-02-27,Motorsport,250816
2026-02-27,Other,1890959
2026-02-27,Over/Under,13050655
2026-02-27,Parlay (correlated),17364835
2026-02-27,Parlay (independent),23564223
2026-02-27,Player Prop,953782
2026-02-27,Spread,14902596
2026-02-28,Cricket,6732224
2026-02-28,Esports,3112492
2026-02-28,Futures/Award,7556521
2026-02-28,Game Prop,3294125
2026-02-28,Mention,592630
2026-02-28,Moneyline,280624580
2026-02-28,Motorsport,1009366
2026-02-28,Other,1362481
2026-02-28,Over/Under,29502237
2026-02-28,Parlay (correlated),20294849
2026-02-28,Parlay (independent),46023166
2026-02-28,Player Prop,1166070
2026-02-28,Spread,33138226
2026-03-01,Cricket,8836460
2026-03-01,Esports,3427590
2026-03-01,Futures/Award,13940681
2026-03-01,Game Prop,455882
2026-03-01,Mention,637270
2026-03-01,Moneyline,216499099
2026-03-01,Motorsport,2817272
2026-03-01,Other,1836407
2026-03-01,Over/Under,24722100
2026-03-01,Parlay (correlated),28972178
2026-03-01,Parlay (independent),38457957
2026-03-01,Player Prop,1782053
2026-03-01,Spread,31344349
2026-03-02,Cricket,478481
2026-03-02,Esports,3234209
2026-03-02,Futures/Award,8295616
2026-03-02,Game Prop,490177
2026-03-02,Mention,1801391
2026-03-02,Moneyline,152177094
2026-03-02,Motorsport,87989
2026-03-02,Other,1387876
2026-03-02,Over/Under,13501542
2026-03-02,Parlay (correlated),15457226
2026-03-02,Parlay (independent),21340299
2026-03-02,Player Prop,952658
2026-03-02,Spread,17378355
2026-03-03,Cricket,605164
2026-03-03,Esports,2595106
2026-03-03,Futures/Award,7260181
2026-03-03,Game Prop,709535
2026-03-03,Mention,912341
2026-03-03,Moneyline,186234536
2026-03-03,Motorsport,221842
2026-03-03,Other,1446830
2026-03-03,Over/Under,16547788
2026-03-03,Parlay (correlated),21644551
2026-03-03,Parlay (independent),38221276
2026-03-03,Player Prop,1305639
2026-03-03,Spread,20877038
2026-03-04,Cricket,6489696
2026-03-04,Esports,3559011
2026-03-04,Futures/Award,9044517
2026-03-04,Game Prop,278652
2026-03-04,Mention,452578
2026-03-04,Moneyline,207224147
2026-03-04,Motorsport,256448
2026-03-04,Other,2391058
2026-03-04,Over/Under,17503453
2026-03-04,Parlay (correlated),18893392
2026-03-04,Parlay (independent),34743252
2026-03-04,Player Prop,1227788
2026-03-04,Spread,21612461
2026-03-05,Cricket,12288366
2026-03-05,Esports,2212406
2026-03-05,Futures/Award,15109581
2026-03-05,Game Prop,317450
2026-03-05,Mention,485596
2026-03-05,Moneyline,201872279
2026-03-05,Motorsport,489645
2026-03-05,Other,4784925
2026-03-05,Over/Under,17143515
2026-03-05,Parlay (correlated),19270961
2026-03-05,Parlay (independent),35251491
2026-03-05,Player Prop,953278
2026-03-05,Spread,19785088
2026-03-06,Cricket,712063
2026-03-06,Esports,3163918
2026-03-06,Futures/Award,14134914
2026-03-06,Game Prop,490397
2026-03-06,Mention,527976
2026-03-06,Moneyline,226501381
2026-03-06,Motorsport,1001831
2026-03-06,Other,2608599
2026-03-06,Over/Under,16697703
2026-03-06,Parlay (correlated),21228884
2026-03-06,Parlay (independent),36318501
2026-03-06,Player Prop,1191990
2026-03-06,Spread,22180873
2026-03-07,Cricket,886942
2026-03-07,Esports,3124252
2026-03-07,Futures/Award,14140503
2026-03-07,Game Prop,7380335
2026-03-07,Mention,1826796
2026-03-07,Moneyline,308315420
2026-03-07,Motorsport,3808100
2026-03-07,Other,2070655
2026-03-07,Over/Under,24055386
2026-03-07,Parlay (correlated),18722470
2026-03-07,Parlay (independent),57977815
2026-03-07,Player Prop,871984
2026-03-07,Spread,32575870
2026-03-08,Cricket,10712381
2026-03-08,Esports,3078852
2026-03-08,Futures/Award,25618088
2026-03-08,Game Prop,885032
2026-03-08,Mention,541934
2026-03-08,Moneyline,236395975
2026-03-08,Motorsport,3391545
2026-03-08,Other,2623040
2026-03-08,Over/Under,21206282
2026-03-08,Parlay (correlated),26341344
2026-03-08,Parlay (independent),40612240
2026-03-08,Player Prop,1895705
2026-03-08,Spread,24275331
2026-03-09,Cricket,238767
2026-03-09,Esports,2497016
2026-03-09,Futures/Award,12402091
2026-03-09,Game Prop,286151
2026-03-09,Mention,389323
2026-03-09,Moneyline,170700274
2026-03-09,Motorsport,103544
2026-03-09,Other,2312028
2026-03-09,Over/Under,14026882
2026-03-09,Parlay (correlated),16140352
2026-03-09,Parlay (independent),22686943
2026-03-09,Player Prop,881168
2026-03-09,Spread,15375616
2026-03-10,Cricket,343466
2026-03-10,Esports,1970380
2026-03-10,Futures/Award,19302787
2026-03-10,Game Prop,382485
2026-03-10,Mention,303956
2026-03-10,Moneyline,197379015
2026-03-10,Motorsport,178893
2026-03-10,Other,2248027
2026-03-10,Over/Under,19167656
2026-03-10,Parlay (correlated),25330539
2026-03-10,Parlay (independent),46281388
2026-03-10,Player Prop,1698695
2026-03-10,Spread,22754956
2026-03-11,Cricket,111260
2026-03-11,Esports,786165
2026-03-11,Futures/Award,16468827
2026-03-11,Game Prop,440540
2026-03-11,Mention,353009
2026-03-11,Moneyline,225494596
2026-03-11,Motorsport,372966
2026-03-11,Other,3823867
2026-03-11,Over/Under,23545330
2026-03-11,Parlay (correlated),21425011
2026-03-11,Parlay (independent),43163485
2026-03-11,Player Prop,1115724
2026-03-11,Spread,30809799
2026-03-12,Cricket,88789
2026-03-12,Esports,609659
2026-03-12,Futures/Award,28190636
2026-03-12,Game Prop,361381
2026-03-12,Mention,455585
2026-03-12,Moneyline,216157677
2026-03-12,Motorsport,471780
2026-03-12,Other,8892200
2026-03-12,Over/Under,23306688
2026-03-12,Parlay (correlated),19650053
2026-03-12,Parlay (independent),42245249
2026-03-12,Player Prop,1187207
2026-03-12,Spread,31749080
2026-03-13,Cricket,107071
2026-03-13,Esports,3252461
2026-03-13,Futures/Award,23104960
2026-03-13,Game Prop,289617
2026-03-13,Mention,597879
2026-03-13,Moneyline,223148846
2026-03-13,Motorsport,898851
2026-03-13,Other,3509764
2026-03-13,Over/Under,22052539
2026-03-13,Parlay (correlated),23669675
2026-03-13,Parlay (independent),44540768
2026-03-13,Player Prop,979451
2026-03-13,Spread,36156068
2026-03-14,Cricket,214472
2026-03-14,Esports,1871009
2026-03-14,Futures/Award,77805576
2026-03-14,Game Prop,2856640
2026-03-14,Mention,433786
2026-03-14,Moneyline,219789901
2026-03-14,Motorsport,1628085
2026-03-14,Other,3715607
2026-03-14,Over/Under,26074299
2026-03-14,Parlay (correlated),36236891
2026-03-14,Parlay (independent),35886654
2026-03-14,Player Prop,1212644
2026-03-14,Spread,36919560
2026-03-15,Cricket,1444485
2026-03-15,Esports,1819846
2026-03-15,Futures/Award,88018525
2026-03-15,Game Prop,836406
2026-03-15,Mention,346766
2026-03-15,Moneyline,158276979
2026-03-15,Motorsport,3976373
2026-03-15,Other,17756961
2026-03-15,Over/Under,19884721
2026-03-15,Parlay (correlated),31038473
2026-03-15,Parlay (independent),24147787
2026-03-15,Player Prop,1142260
2026-03-15,Spread,22356525
2026-03-16,Cricket,186418
2026-03-16,Esports,1694957
2026-03-16,Futures/Award,20433013
2026-03-16,Game Prop,406660
2026-03-16,Mention,298255
2026-03-16,Moneyline,138077744
2026-03-16,Motorsport,78427
2026-03-16,Other,1895633
2026-03-16,Over/Under,10800269
2026-03-16,Parlay (correlated),24670606
2026-03-16,Parlay (independent),27414411
2026-03-16,Player Prop,1277114
2026-03-16,Spread,10458522
2026-03-17,Cricket,1282898
2026-03-17,Esports,2110722
2026-03-17,Futures/Award,39648936
2026-03-17,Game Prop,1072787
2026-03-17,Mention,342201
2026-03-17,Moneyline,171415845
2026-03-17,Motorsport,108491
2026-03-17,Other,2292535
2026-03-17,Over/Under,14496968
2026-03-17,Parlay (correlated),33656645
2026-03-17,Parlay (independent),41661237
2026-03-17,Parlay (pending),266943
2026-03-17,Player Prop,1083473
2026-03-17,Spread,16124912
2026-03-18,Cricket,229783
2026-03-18,Esports,2852555
2026-03-18,Futures/Award,17665421
2026-03-18,Game Prop,1128633
2026-03-18,Mention,365439
2026-03-18,Moneyline,164253133
2026-03-18,Motorsport,119692
2026-03-18,Other,2602130
2026-03-18,Over/Under,16778788
2026-03-18,Parlay (correlated),36451181
2026-03-18,Parlay (independent),42977578
2026-03-18,Player Prop,987146
2026-03-18,Spread,19238983
2026-03-19,Cricket,140858
2026-03-19,Esports,2200198
2026-03-19,Futures/Award,37526868
2026-03-19,Game Prop,2422768
2026-03-19,Mention,510507
2026-03-19,Moneyline,343312696
2026-03-19,Motorsport,119425
2026-03-19,Other,3861078
2026-03-19,Over/Under,32711657
2026-03-19,Parlay (correlated),36243270
2026-03-19,Parlay (independent),76201023
2026-03-19,Player Prop,729299
2026-03-19,Spread,51671010
2026-03-20,Cricket,995402
2026-03-20,Esports,3912001
2026-03-20,Futures/Award,31375439
2026-03-20,Game Prop,2830846
2026-03-20,Mention,380648
2026-03-20,Moneyline,295321412
2026-03-20,Motorsport,311049
2026-03-20,Other,2268915
2026-03-20,Over/Under,33642705
2026-03-20,Parlay (correlated),30223002
2026-03-20,Parlay (independent),69358351
2026-03-20,Player Prop,595497
2026-03-20,Spread,51983175
2026-03-21,Cricket,220247
2026-03-21,Esports,4120065
2026-03-21,Futures/Award,24315725
2026-03-21,Game Prop,4124129
2026-03-21,Mention,517518
2026-03-21,Moneyline,288144301
2026-03-21,Motorsport,589765
2026-03-21,Other,1963525
2026-03-21,Over/Under,30887710
2026-03-21,Parlay (correlated),29038175
2026-03-21,Parlay (independent),77073818
2026-03-21,Player Prop,946244
2026-03-21,Spread,51598367
2026-03-22,Cricket,1546649
2026-03-22,Esports,2979871
2026-03-22,Futures/Award,29411674
2026-03-22,Game Prop,2830461
2026-03-22,Mention,430818
2026-03-22,Moneyline,288030738
2026-03-22,Motorsport,1496650
2026-03-22,Other,1676412
2026-03-22,Over/Under,29108205
2026-03-22,Parlay (correlated),25626540
2026-03-22,Parlay (independent),63172531
2026-03-22,Player Prop,620383
2026-03-22,Spread,46107017
2026-03-23,Cricket,218703
2026-03-23,Esports,2789560
2026-03-23,Futures/Award,12421809
2026-03-23,Game Prop,252884
2026-03-23,Mention,215330
2026-03-23,Moneyline,183852799
2026-03-23,Motorsport,116164
2026-03-23,Other,685817
2026-03-23,Over/Under,11880987
2026-03-23,Parlay (correlated),23555590
2026-03-23,Parlay (independent),29424840
2026-03-23,Player Prop,1277417
2026-03-23,Spread,12767052
2026-03-24,Cricket,237388
2026-03-24,Esports,2072920
2026-03-24,Futures/Award,13475732
2026-03-24,Game Prop,613908
2026-03-24,Mention,304280
2026-03-24,Moneyline,139370372
2026-03-24,Motorsport,136404
2026-03-24,Other,1645267
2026-03-24,Over/Under,10117094
2026-03-24,Parlay (correlated),20737262
2026-03-24,Parlay (independent),24402978
2026-03-24,Player Prop,1146635
2026-03-24,Spread,12785848
2026-03-25,Cricket,1826808
2026-03-25,Esports,2359366
2026-03-25,Futures/Award,11524958
2026-03-25,Game Prop,894048
2026-03-25,Mention,426642
2026-03-25,Moneyline,145463847
2026-03-25,Motorsport,141785
2026-03-25,Other,2818328
2026-03-25,Over/Under,13196049
2026-03-25,Parlay (correlated),34553725
2026-03-25,Parlay (independent),37267079
2026-03-25,Player Prop,2449964
2026-03-25,Spread,14901672
2026-03-26,Cricket,352771
2026-03-26,Esports,1420175
2026-03-26,Futures/Award,21504942
2026-03-26,Game Prop,2224946
2026-03-26,Mention,385353
2026-03-26,Moneyline,193069134
2026-03-26,Motorsport,375647
2026-03-26,Other,5707219
2026-03-26,Over/Under,17969926
2026-03-26,Parlay (correlated),30010996
2026-03-26,Parlay (independent),49214568
2026-03-26,Player Prop,2606273
2026-03-26,Spread,22457550
2026-03-27,Cricket,304679
2026-03-27,Esports,3719496
2026-03-27,Futures/Award,24615224
2026-03-27,Game Prop,2368744
2026-03-27,Mention,335385
2026-03-27,Moneyline,202888622
2026-03-27,Motorsport,361743
2026-03-27,Other,2487504
2026-03-27,Over/Under,18873055
2026-03-27,Parlay (correlated),38992637
2026-03-27,Parlay (independent),49758837
2026-03-27,Player Prop,2187351
2026-03-27,Spread,28954769
2026-03-28,Cricket,3121674
2026-03-28,Esports,3694325
2026-03-28,Futures/Award,19644098
2026-03-28,Game Prop,5947447
2026-03-28,Mention,431781
2026-03-28,Moneyline,228390323
2026-03-28,Motorsport,1725972
2026-03-28,Other,9537914
2026-03-28,Over/Under,23515575
2026-03-28,Parlay (correlated),31948863
2026-03-28,Parlay (independent),58553087
2026-03-28,Player Prop,2845782
2026-03-28,Spread,30147395
2026-03-29,Cricket,4931703
2026-03-29,Esports,2803203
2026-03-29,Futures/Award,19350238
2026-03-29,Game Prop,1860339
2026-03-29,Mention,500167
2026-03-29,Moneyline,196674850
2026-03-29,Motorsport,3895363
2026-03-29,Other,4981163
2026-03-29,Over/Under,24455244
2026-03-29,Parlay (correlated),40930142
2026-03-29,Parlay (independent),46233644
2026-03-29,Player Prop,2749942
2026-03-29,Spread,34681999
2026-03-30,Cricket,3538163
2026-03-30,Esports,3207041
2026-03-30,Futures/Award,11884244
2026-03-30,Game Prop,1147690
2026-03-30,Mention,319185
2026-03-30,Moneyline,161443827
2026-03-30,Motorsport,58992
2026-03-30,Other,963166
2026-03-30,Over/Under,14090053
2026-03-30,Parlay (correlated),31584520
2026-03-30,Parlay (independent),46260864
2026-03-30,Player Prop,3039470
2026-03-30,Spread,15597489
2026-03-31,Cricket,6302890
2026-03-31,Esports,3357282
2026-03-31,Futures/Award,11058611
2026-03-31,Game Prop,1396020
2026-03-31,Mention,270458
2026-03-31,Moneyline,169730200
2026-03-31,Motorsport,148978
2026-03-31,Other,1676433
2026-03-31,Over/Under,13446320
2026-03-31,Parlay (correlated),30560118
2026-03-31,Parlay (independent),51452521
2026-03-31,Parlay (pending),208818
2026-03-31,Player Prop,3004421
2026-03-31,Spread,12284894
2026-04-01,Cricket,7250698
2026-04-01,Esports,3637970
2026-04-01,Futures/Award,9003603
2026-04-01,Game Prop,1819714
2026-04-01,Mention,238139
2026-04-01,Moneyline,173148895
2026-04-01,Motorsport,103917
2026-04-01,Other,2957697
2026-04-01,Over/Under,20656397
2026-04-01,Parlay (correlated),30320243
2026-04-01,Parlay (independent),48267060
2026-04-01,Parlay (pending),104497
2026-04-01,Player Prop,2816617
2026-04-01,Spread,20097773
2026-04-02,Cricket,8594637
2026-04-02,Esports,3613965
2026-04-02,Futures/Award,20479023
2026-04-02,Game Prop,1199670
2026-04-02,Mention,385752
2026-04-02,Moneyline,154887040
2026-04-02,Motorsport,111158
2026-04-02,Other,7703355
2026-04-02,Over/Under,14293138
2026-04-02,Parlay (correlated),37632638
2026-04-02,Parlay (independent),35413581
2026-04-02,Parlay (pending),135039
2026-04-02,Player Prop,2312007
2026-04-02,Spread,15016930
2026-04-03,Cricket,8995766
2026-04-03,Esports,4107412
2026-04-03,Futures/Award,16871995
2026-04-03,Game Prop,1718590
2026-04-03,Mention,273799
2026-04-03,Moneyline,190751085
2026-04-03,Motorsport,320095
2026-04-03,Other,2915716
2026-04-03,Over/Under,19398356
2026-04-03,Parlay (correlated),38615226
2026-04-03,Parlay (independent),51275682
2026-04-03,Parlay (pending),195377
2026-04-03,Player Prop,3468632
2026-04-03,Spread,18332551
2026-04-04,Cricket,16381247
2026-04-04,Esports,4316393
2026-04-04,Futures/Award,25399454
2026-04-04,Game Prop,7409546
2026-04-04,Mention,646546
2026-04-04,Moneyline,261503133
2026-04-04,Motorsport,443399
2026-04-04,Other,1833638
2026-04-04,Over/Under,25268467
2026-04-04,Parlay (correlated),31041834
2026-04-04,Parlay (independent),69032395
2026-04-04,Parlay (pending),2363322
2026-04-04,Player Prop,2460260
2026-04-04,Spread,27228327
2026-04-05,Cricket,15259509
2026-04-05,Esports,3965532
2026-04-05,Futures/Award,60624520
2026-04-05,Game Prop,1804929
2026-04-05,Mention,307638
2026-04-05,Moneyline,190033274
2026-04-05,Motorsport,14942
2026-04-05,Other,1414941
2026-04-05,Over/Under,21969643
2026-04-05,Parlay (correlated),34554566
2026-04-05,Parlay (independent),57738582
2026-04-05,Parlay (pending),599773
2026-04-05,Player Prop,3230197
2026-04-05,Spread,24401190
2026-04-06,Cricket,3994434
2026-04-06,Esports,4716739
2026-04-06,Futures/Award,75926190
2026-04-06,Game Prop,3407358
2026-04-06,Mention,830900
2026-04-06,Moneyline,162049152
2026-04-06,Motorsport,47122
2026-04-06,Other,4002104
2026-04-06,Over/Under,18913710
2026-04-06,Parlay (correlated),29410815
2026-04-06,Parlay (independent),47969976
2026-04-06,Parlay (pending),3094356
2026-04-06,Player Prop,2574259
2026-04-06,Spread,25451602
2026-04-07,Cricket,8304183
2026-04-07,Esports,2734497
2026-04-07,Futures/Award,40399985
2026-04-07,Game Prop,2119161
2026-04-07,Mention,339202
2026-04-07,Moneyline,189760325
2026-04-07,Motorsport,72574
2026-04-07,Other,6333236
2026-04-07,Over/Under,19710640
2026-04-07,Parlay (correlated),48703029
2026-04-07,Parlay (independent),61618594
2026-04-07,Parlay (pending),10030
2026-04-07,Player Prop,3522190
2026-04-07,Spread,16467543
2026-04-08,Cricket,14031395
2026-04-08,Esports,3249100
2026-04-08,Futures/Award,68353701
2026-04-08,Game Prop,2818690
2026-04-08,Mention,288355
2026-04-08,Moneyline,208013909
2026-04-08,Motorsport,71081
2026-04-08,Other,13792190
2026-04-08,Over/Under,25567638
2026-04-08,Parlay (correlated),40771371
2026-04-08,Parlay (independent),58663327
2026-04-08,Player Prop,3483032
2026-04-08,Spread,23100016
2026-04-09,Cricket,14209423
2026-04-09,Esports,3730726
2026-04-09,Futures/Award,93011030
2026-04-09,Game Prop,2085853
2026-04-09,Mention,254780
2026-04-09,Moneyline,161888360
2026-04-09,Motorsport,60227
2026-04-09,Other,30680581
2026-04-09,Over/Under,17486269
2026-04-09,Parlay (correlated),39125310
2026-04-09,Parlay (independent),46813672
2026-04-09,Player Prop,1953236
2026-04-09,Spread,14823307
2026-04-10,Cricket,12974931
2026-04-10,Esports,4323172
2026-04-10,Futures/Award,59109628
2026-04-10,Game Prop,2547198
2026-04-10,Mention,313673
2026-04-10,Moneyline,194758625
2026-04-10,Motorsport,226273
2026-04-10,Other,16958848
2026-04-10,Over/Under,21140666
2026-04-10,Parlay (correlated),40138985
2026-04-10,Parlay (independent),89239656
2026-04-10,Player Prop,3331063
2026-04-10,Spread,20138318
2026-04-11,Cricket,19191023
2026-04-11,Esports,4017564
2026-04-11,Futures/Award,66124916
2026-04-11,Game Prop,10237768
2026-04-11,Mention,126740
2026-04-11,Moneyline,220978793
2026-04-11,Motorsport,638239
2026-04-11,Other,15244089
2026-04-11,Over/Under,20321600
2026-04-11,Parlay (correlated),16442447
2026-04-11,Parlay (independent),79147503
2026-04-11,Player Prop,2765583
2026-04-11,Spread,12183493
2026-04-12,Cricket,18438042
2026-04-12,Esports,2817023
2026-04-12,Futures/Award,106567795
2026-04-12,Game Prop,1904870
2026-04-12,Mention,225013
2026-04-12,Moneyline,213682573
2026-04-12,Motorsport,1689574
2026-04-12,Other,7215451
2026-04-12,Over/Under,23686608
2026-04-12,Parlay (correlated),21681235
2026-04-12,Parlay (independent),76934267
2026-04-12,Player Prop,2804501
2026-04-12,Spread,19168836
2026-04-13,Cricket,13271946
2026-04-13,Esports,4961493
2026-04-13,Futures/Award,14808160
2026-04-13,Game Prop,1767345
2026-04-13,Mention,153217
2026-04-13,Moneyline,143420142
2026-04-13,Motorsport,26268
2026-04-13,Other,1503376
2026-04-13,Over/Under,10955881
2026-04-13,Parlay (correlated),18543631
2026-04-13,Parlay (independent),46639735
2026-04-13,Player Prop,2816527
2026-04-13,Spread,7727182
2026-04-14,Cricket,11427735
2026-04-14,Esports,5366102
2026-04-14,Futures/Award,13806047
2026-04-14,Game Prop,2724900
2026-04-14,Mention,314904
2026-04-14,Moneyline,196275786
2026-04-14,Motorsport,111976
2026-04-14,Other,1849709
2026-04-14,Over/Under,15956560
2026-04-14,Parlay (correlated),36898993
2026-04-14,Parlay (independent),63204617
2026-04-14,Player Prop,3386057
2026-04-14,Spread,13388622
2026-04-15,Cricket,9039581
2026-04-15,Esports,5092005
2026-04-15,Futures/Award,14792155
2026-04-15,Game Prop,3809165
2026-04-15,Mention,465699
2026-04-15,Moneyline,198280406
2026-04-15,Motorsport,123994
2026-04-15,Other,2685886
2026-04-15,Over/Under,18968467
2026-04-15,Parlay (correlated),36662865
2026-04-15,Parlay (independent),50738840
2026-04-15,Player Prop,3289581
2026-04-15,Spread,13660385
2026-04-16,Cricket,11526327
2026-04-16,Esports,2496292
2026-04-16,Futures/Award,24180941
2026-04-16,Game Prop,2029317
2026-04-16,Mention,178024
2026-04-16,Moneyline,172445814
2026-04-16,Motorsport,124641
2026-04-16,Other,7525771
2026-04-16,Over/Under,14381063
2026-04-16,Parlay (correlated),24815050
2026-04-16,Parlay (independent),43934320
2026-04-16,Player Prop,2711561
2026-04-16,Spread,9572001
2026-04-17,Cricket,14383002
2026-04-17,Esports,4850851
2026-04-17,Futures/Award,21676537
2026-04-17,Game Prop,2108227
2026-04-17,Mention,361422
2026-04-17,Moneyline,179156785
2026-04-17,Motorsport,179246
2026-04-17,Other,3438812
2026-04-17,Over/Under,18145247
2026-04-17,Parlay (correlated),46168079
2026-04-17,Parlay (independent),56318170
2026-04-17,Player Prop,4572182
2026-04-17,Spread,17145657
2026-04-18,Cricket,28885524
2026-04-18,Esports,5552459
2026-04-18,Futures/Award,29444772
2026-04-18,Game Prop,5466689
2026-04-18,Mention,716006
2026-04-18,Moneyline,228219826
2026-04-18,Motorsport,835795
2026-04-18,Other,3444007
2026-04-18,Over/Under,33457956
2026-04-18,Parlay (correlated),43744790
2026-04-18,Parlay (independent),70369873
2026-04-18,Player Prop,5362170
2026-04-18,Spread,28327282
2026-04-19,Cricket,25186062
2026-04-19,Esports,4834768
2026-04-19,Futures/Award,29054362
2026-04-19,Game Prop,2015530
2026-04-19,Mention,580193
2026-04-19,Moneyline,198811435
2026-04-19,Motorsport,1777328
2026-04-19,Other,2406495
2026-04-19,Over/Under,32756324
2026-04-19,Parlay (correlated),58356546
2026-04-19,Parlay (independent),61335412
2026-04-19,Player Prop,4827122
2026-04-19,Spread,33757336
2026-04-20,Cricket,11972558
2026-04-20,Esports,2646644
2026-04-20,Futures/Award,10163183
2026-04-20,Game Prop,2208528
2026-04-20,Mention,329010
2026-04-20,Moneyline,177951105
2026-04-20,Motorsport,67068
2026-04-20,Other,1239172
2026-04-20,Over/Under,21183160
2026-04-20,Parlay (correlated),54087774
2026-04-20,Parlay (independent),47604965
2026-04-20,Player Prop,4001646
2026-04-20,Spread,20074727
2026-04-21,Cricket,17034382
2026-04-21,Esports,2821671
2026-04-21,Futures/Award,14054165
2026-04-21,Game Prop,2536352
2026-04-21,Mention,371033
2026-04-21,Moneyline,230594236
2026-04-21,Motorsport,128410
2026-04-21,Other,1886421
2026-04-21,Over/Under,22140507
2026-04-21,Parlay (correlated),72878560
2026-04-21,Parlay (independent),75401821
2026-04-21,Player Prop,4615898
2026-04-21,Spread,25396944
2026-04-22,Cricket,19577840
2026-04-22,Esports,3456921
2026-04-22,Futures/Award,16243043
2026-04-22,Game Prop,2792708
2026-04-22,Mention,363435
2026-04-22,Moneyline,223231288
2026-04-22,Motorsport,110240
2026-04-22,Other,2790714
2026-04-22,Over/Under,26081135
2026-04-22,Parlay (correlated),55561834
2026-04-22,Parlay (independent),76757981
2026-04-22,Player Prop,4523551
2026-04-22,Spread,24061508
2026-04-23,Cricket,15467189
2026-04-23,Esports,3809509
2026-04-23,Futures/Award,32652433
2026-04-23,Game Prop,2297336
2026-04-23,Mention,492174
2026-04-23,Moneyline,220469772
2026-04-23,Motorsport,201297
2026-04-23,Other,11407120
2026-04-23,Over/Under,22437181
2026-04-23,Parlay (correlated),70093031
2026-04-23,Parlay (independent),63056911
2026-04-23,Player Prop,4337043
2026-04-23,Spread,21003847
2026-04-24,Cricket,16419677
2026-04-24,Esports,5245911
2026-04-24,Futures/Award,18702969
2026-04-24,Game Prop,2163602
2026-04-24,Mention,480734
2026-04-24,Moneyline,220059944
2026-04-24,Motorsport,257084
2026-04-24,Other,4438101
2026-04-24,Over/Under,19435600
2026-04-24,Parlay (correlated),64654347
2026-04-24,Parlay (independent),81956900
2026-04-24,Player Prop,4480172
2026-04-24,Spread,20414344
2026-04-25,Cricket,37323130
2026-04-25,Esports,5183331
2026-04-25,Futures/Award,18712019
2026-04-25,Game Prop,6270963
2026-04-25,Mention,478937
2026-04-25,Moneyline,312198957
2026-04-25,Motorsport,835052
2026-04-25,Other,2878718
2026-04-25,Over/Under,36693078
2026-04-25,Parlay (correlated),91167881
2026-04-25,Parlay (independent),97691728
2026-04-25,Player Prop,5185529
2026-04-25,Spread,32404052
2026-04-26,Cricket,35666792
2026-04-26,Esports,5429905
2026-04-26,Futures/Award,18735747
2026-04-26,Game Prop,3502936
2026-04-26,Mention,542990
2026-04-26,Moneyline,285419245
2026-04-26,Motorsport,4252834
2026-04-26,Other,2053158
2026-04-26,Over/Under,34002147
2026-04-26,Parlay (correlated),81569539
2026-04-26,Parlay (independent),84639390
2026-04-26,Player Prop,5508192
2026-04-26,Spread,35150033
2026-04-27,Cricket,12404213
2026-04-27,Esports,3139592
2026-04-27,Futures/Award,14500953
2026-04-27,Game Prop,2490640
2026-04-27,Mention,460672
2026-04-27,Moneyline,201304431
2026-04-27,Motorsport,113680
2026-04-27,Other,1238189
2026-04-27,Over/Under,17872936
2026-04-27,Parlay (correlated),69520086
2026-04-27,Parlay (independent),56958994
2026-04-27,Player Prop,3365734
2026-04-27,Spread,19397726
2026-04-28,Cricket,21284651
2026-04-28,Esports,3026702
2026-04-28,Futures/Award,15007168
2026-04-28,Game Prop,2712927
2026-04-28,Mention,474764
2026-04-28,Moneyline,256860203
2026-04-28,Motorsport,172738
2026-04-28,Other,2421295
2026-04-28,Over/Under,28402210
2026-04-28,Parlay (correlated),71816860
2026-04-28,Parlay (independent),83736782
2026-04-28,Player Prop,4394269
2026-04-28,Spread,26102630
2026-04-29,Cricket,26147171
2026-04-29,Esports,5249029
2026-04-29,Futures/Award,13980290
2026-04-29,Game Prop,3823010
2026-04-29,Mention,370836
2026-04-29,Moneyline,217362149
2026-04-29,Motorsport,195472
2026-04-29,Other,2885145
2026-04-29,Over/Under,25485853
2026-04-29,Parlay (correlated),62154426
2026-04-29,Parlay (independent),77181297
2026-04-29,Player Prop,4015497
2026-04-29,Spread,23204787
2026-04-30,Cricket,20315973
2026-04-30,Esports,5761845
2026-04-30,Futures/Award,26616432
2026-04-30,Game Prop,2863962
2026-04-30,Mention,328229
2026-04-30,Moneyline,211933260
2026-04-30,Motorsport,228527
2026-04-30,Other,8374065
2026-04-30,Over/Under,27079320
2026-04-30,Parlay (correlated),68564791
2026-04-30,Parlay (independent),55380731
2026-04-30,Player Prop,4254808
2026-04-30,Spread,27462938
2026-05-01,Cricket,24355415
2026-05-01,Esports,6081276
2026-05-01,Futures/Award,24539457
2026-05-01,Game Prop,2786115
2026-05-01,Mention,277409
2026-05-01,Moneyline,230292931
2026-05-01,Motorsport,1192823
2026-05-01,Other,4828386
2026-05-01,Over/Under,24245560
2026-05-01,Parlay (correlated),69368417
2026-05-01,Parlay (independent),76435842
2026-05-01,Player Prop,4680977
2026-05-01,Spread,23784338
2026-05-02,Cricket,17721256
2026-05-02,Esports,6141299
2026-05-02,Futures/Award,86526104
2026-05-02,Game Prop,5160550
2026-05-02,Mention,403534
2026-05-02,Moneyline,171226770
2026-05-02,Motorsport,2353411
2026-05-02,Other,4709385
2026-05-02,Over/Under,26947747
2026-05-02,Parlay (correlated),62120705
2026-05-02,Parlay (independent),78873304
2026-05-02,Player Prop,4307471
2026-05-02,Spread,21536412
2026-05-03,Cricket,35635476
2026-05-03,Esports,6389834
2026-05-03,Futures/Award,87608901
2026-05-03,Game Prop,3275114
2026-05-03,Mention,299164
2026-05-03,Moneyline,152694314
2026-05-03,Motorsport,6830341
2026-05-03,Other,3052286
2026-05-03,Over/Under,33281745
2026-05-03,Parlay (correlated),85370160
2026-05-03,Parlay (independent),64293934
2026-05-03,Player Prop,4907840
2026-05-03,Spread,28588701
2026-05-04,Cricket,18515578
2026-05-04,Esports,3784867
2026-05-04,Futures/Award,21290735
2026-05-04,Game Prop,3339279
2026-05-04,Mention,374128
2026-05-04,Moneyline,191076782
2026-05-04,Motorsport,95327
2026-05-04,Other,2602895
2026-05-04,Over/Under,21902112
2026-05-04,Parlay (correlated),81167264
2026-05-04,Parlay (independent),70585546
2026-05-04,Player Prop,4047703
2026-05-04,Spread,20732451
2026-05-05,Cricket,14836571
2026-05-05,Esports,3102686
2026-05-05,Futures/Award,17878548
2026-05-05,Game Prop,3887932
2026-05-05,Mention,356249
2026-05-05,Moneyline,216118804
2026-05-05,Motorsport,180535
2026-05-05,Other,3030780
2026-05-05,Over/Under,23708579
2026-05-05,Parlay (correlated),66572518
2026-05-05,Parlay (independent),82659334
2026-05-05,Player Prop,3980677
2026-05-05,Spread,21709562
2026-05-06,Cricket,21386190
2026-05-06,Esports,2714744
2026-05-06,Futures/Award,20369291
2026-05-06,Game Prop,6700749
2026-05-06,Mention,355181
2026-05-06,Moneyline,206897292
2026-05-06,Motorsport,215355
2026-05-06,Other,3911658
2026-05-06,Over/Under,31197832
2026-05-06,Parlay (correlated),74981321
2026-05-06,Parlay (independent),74554356
2026-05-06,Player Prop,4951332
2026-05-06,Spread,25563147
2026-05-07,Cricket,28010644
2026-05-07,Esports,3214812
2026-05-07,Futures/Award,25882289
2026-05-07,Game Prop,4065382
2026-05-07,Mention,493771
2026-05-07,Moneyline,204665255
2026-05-07,Motorsport,198335
2026-05-07,Other,8364337
2026-05-07,Over/Under,28303942
2026-05-07,Parlay (correlated),92823055
2026-05-07,Parlay (independent),60756339
2026-05-07,Player Prop,4611811
2026-05-07,Spread,25698939
2026-05-08,Cricket,13277134
2026-05-08,Esports,5320826
2026-05-08,Futures/Award,23018180
2026-05-08,Game Prop,4659366
2026-05-08,Mention,539763
2026-05-08,Moneyline,211851104
2026-05-08,Motorsport,633739
2026-05-08,Other,5063069
2026-05-08,Over/Under,22945575
2026-05-08,Parlay (correlated),76758702
2026-05-08,Parlay (independent),99638742
2026-05-08,Player Prop,4596070
2026-05-08,Spread,22385312
2026-05-09,Cricket,16486519
2026-05-09,Esports,6095884
2026-05-09,Futures/Award,21565902
2026-05-09,Game Prop,15335839
2026-05-09,Mention,451454
2026-05-09,Moneyline,303713991
2026-05-09,Motorsport,866829
2026-05-09,Other,4174406
2026-05-09,Over/Under,31714382
2026-05-09,Parlay (correlated),88583014
2026-05-09,Parlay (independent),137902321
2026-05-09,Player Prop,4883454
2026-05-09,Spread,26167829
2026-05-10,Cricket,37286243
2026-05-10,Esports,7825599
2026-05-10,Futures/Award,39173159
2026-05-10,Game Prop,7119839
2026-05-10,Mention,497654
2026-05-10,Moneyline,258295711
2026-05-10,Motorsport,1629658
2026-05-10,Other,4241424
2026-05-10,Over/Under,29796230
2026-05-10,Parlay (correlated),105851024
2026-05-10,Parlay (independent),84903194
2026-05-10,Player Prop,4686227
2026-05-10,Spread,26209786
2026-05-11,Cricket,23779661
2026-05-11,Esports,6947862
2026-05-11,Futures/Award,29740274
2026-05-11,Game Prop,3583534
2026-05-11,Mention,472493
2026-05-11,Moneyline,175664456
2026-05-11,Motorsport,42125
2026-05-11,Other,3169417
2026-05-11,Over/Under,22251234
2026-05-11,Parlay (correlated),97914054
2026-05-11,Parlay (independent),44046046
2026-05-11,Player Prop,3715969
2026-05-11,Spread,19387919
2026-05-12,Cricket,16983557
2026-05-12,Esports,9197212
2026-05-12,Futures/Award,26544730
2026-05-12,Game Prop,4049255
2026-05-12,Mention,509681
2026-05-12,Moneyline,211324040
2026-05-12,Motorsport,51988
2026-05-12,Other,4892015
2026-05-12,Over/Under,22852659
2026-05-12,Parlay (correlated),66789404
2026-05-12,Parlay (independent),62782568
2026-05-12,Player Prop,4050274
2026-05-12,Spread,19797392
2026-05-13,Cricket,13967429
2026-05-13,Esports,7803960
2026-05-13,Futures/Award,36361854
2026-05-13,Game Prop,3607408
2026-05-13,Mention,158689
2026-05-13,Moneyline,196195279
2026-05-13,Motorsport,68406
2026-05-13,Other,10384324
2026-05-13,Over/Under,23162070
2026-05-13,Parlay (correlated),54297427
2026-05-13,Parlay (independent),70200173
2026-05-13,Player Prop,3469420
2026-05-13,Spread,16278890
2026-05-14,Cricket,19915239
2026-05-14,Esports,4363104
2026-05-14,Futures/Award,78742899
2026-05-14,Game Prop,3924925
2026-05-14,Mention,54972
2026-05-14,Moneyline,152064804
2026-05-14,Motorsport,73774
2026-05-14,Other,23540852
2026-05-14,Over/Under,20343089
2026-05-14,Parlay (correlated),38659369
2026-05-14,Parlay (independent),51361720
2026-05-14,Player Prop,2430746
2026-05-14,Spread,9595925
2026-05-15,Cricket,17052233
2026-05-15,Esports,11876420
2026-05-15,Futures/Award,53781680
2026-05-15,Game Prop,3492026
2026-05-15,Mention,311457
2026-05-15,Moneyline,177700137
2026-05-15,Motorsport,384943
2026-05-15,Other,14539437
2026-05-15,Over/Under,27329889
2026-05-15,Parlay (correlated),74488330
2026-05-15,Parlay (independent),81408199
2026-05-15,Parlay (pending),8694
2026-05-15,Player Prop,4376581
2026-05-15,Spread,22255188
2026-05-16,Cricket,21700983
2026-05-16,Esports,7592100
2026-05-16,Futures/Award,60364499
2026-05-16,Game Prop,14668746
2026-05-16,Mention,137661
2026-05-16,Moneyline,184153791
2026-05-16,Motorsport,558419
2026-05-16,Other,20276535
2026-05-16,Over/Under,22960968
2026-05-16,Parlay (correlated),39152354
2026-05-16,Parlay (independent),122571122
2026-05-16,Parlay (pending),558569
2026-05-16,Player Prop,2694789
2026-05-16,Spread,9800979
2026-05-17,Cricket,31675722
2026-05-17,Esports,7400805
2026-05-17,Futures/Award,116146343
2026-05-17,Game Prop,4402195
2026-05-17,Mention,143873
2026-05-17,Moneyline,135657075
2026-05-17,Motorsport,1506728
2026-05-17,Other,10735532
2026-05-17,Over/Under,36370736
2026-05-17,Parlay (correlated),76584122
2026-05-17,Parlay (independent),79299879
2026-05-17,Parlay (pending),62516
2026-05-17,Player Prop,4196561
2026-05-17,Spread,23258929
2026-05-18,Cricket,17272302
2026-05-18,Esports,2865126
2026-05-18,Futures/Award,23778034
2026-05-18,Game Prop,3051088
2026-05-18,Mention,380911
2026-05-18,Moneyline,187607741
2026-05-18,Motorsport,131174
2026-05-18,Other,3301984
2026-05-18,Over/Under,23895854
2026-05-18,Parlay (correlated),55374103
2026-05-18,Parlay (independent),76051755
2026-05-18,Parlay (pending),121476
2026-05-18,Player Prop,4133758
2026-05-18,Spread,17671938
2026-05-19,Cricket,18546399
2026-05-19,Esports,4225603
2026-05-19,Futures/Award,14684712
2026-05-19,Game Prop,3486427
2026-05-19,Mention,338647
2026-05-19,Moneyline,221952484
2026-05-19,Motorsport,167410
2026-05-19,Other,3467781
2026-05-19,Over/Under,24268127
2026-05-19,Parlay (correlated),66839489
2026-05-19,Parlay (independent),75611381
2026-05-19,Parlay (pending),526243
2026-05-19,Player Prop,3781430
2026-05-19,Spread,22167132
2026-05-20,Cricket,19253924
2026-05-20,Esports,6378412
2026-05-20,Futures/Award,18155757
2026-05-20,Game Prop,4862822
2026-05-20,Mention,423974
2026-05-20,Moneyline,225277311
2026-05-20,Motorsport,201001
2026-05-20,Other,4371131
2026-05-20,Over/Under,28569804
2026-05-20,Parlay (correlated),84096144
2026-05-20,Parlay (independent),83426819
2026-05-20,Parlay (pending),148454
2026-05-20,Player Prop,5595218
2026-05-20,Spread,22046327
2026-05-21,Cricket,18490700
2026-05-21,Esports,5971772
2026-05-21,Futures/Award,28430232
2026-05-21,Game Prop,3923400
2026-05-21,Mention,370251
2026-05-21,Moneyline,171094245
2026-05-21,Motorsport,316192
2026-05-21,Other,12836284
2026-05-21,Over/Under,25667009
2026-05-21,Parlay (correlated),78104315
2026-05-21,Parlay (independent),54250997
2026-05-21,Parlay (pending),1626678
2026-05-21,Player Prop,4613530
2026-05-21,Spread,19996133
2026-05-22,Cricket,21859411
2026-05-22,Esports,7597758
2026-05-22,Futures/Award,22558641
2026-05-22,Game Prop,4755594
2026-05-22,Mention,444755
2026-05-22,Moneyline,195097843
2026-05-22,Motorsport,809614
2026-05-22,Other,13238497
2026-05-22,Over/Under,25711804
2026-05-22,Parlay (correlated),73561001
2026-05-22,Parlay (independent),88047703
2026-05-22,Parlay (pending),1946311
2026-05-22,Player Prop,4848317
2026-05-22,Spread,21518024
2026-05-23,Cricket,19655849
2026-05-23,Esports,8707339
2026-05-23,Futures/Award,21580768
2026-05-23,Game Prop,4408163
2026-05-23,Mention,320438
2026-05-23,Moneyline,195949283
2026-05-23,Motorsport,2276394
2026-05-23,Other,15418992
2026-05-23,Over/Under,32751043
2026-05-23,Parlay (correlated),82695916
2026-05-23,Parlay (independent),92197448
2026-05-23,Parlay (pending),2788256
2026-05-23,Player Prop,4459608
2026-05-23,Spread,22029310
2026-05-24,Cricket,34882748
2026-05-24,Esports,7849299
2026-05-24,Futures/Award,27595581
2026-05-24,Game Prop,4718674
2026-05-24,Mention,416588
2026-05-24,Moneyline,242775212
2026-05-24,Motorsport,14790458
2026-05-24,Other,3365220
2026-05-24,Over/Under,36713476
2026-05-24,Parlay (correlated),81266276
2026-05-24,Parlay (independent),104479568
2026-05-24,Parlay (pending),2745814
2026-05-24,Player Prop,5269784
2026-05-24,Spread,26384068
2026-05-25,Cricket,1901268
2026-05-25,Esports,4772774
2026-05-25,Futures/Award,18312437
2026-05-25,Game Prop,4956286
2026-05-25,Mention,427587
2026-05-25,Moneyline,226032705
2026-05-25,Motorsport,115308
2026-05-25,Other,2272902
2026-05-25,Over/Under,31020197
2026-05-25,Parlay (correlated),75396085
2026-05-25,Parlay (independent),78081841
2026-05-25,Parlay (pending),56879
2026-05-25,Player Prop,4916877
2026-05-25,Spread,26391888
2026-05-26,Cricket,21167177
2026-05-26,Esports,2880361
2026-05-26,Futures/Award,17164159
2026-05-26,Game Prop,4268840
2026-05-26,Mention,396865
2026-05-26,Moneyline,192362810
2026-05-26,Motorsport,161351
2026-05-26,Other,2315169
2026-05-26,Over/Under,20173517
2026-05-26,Parlay (correlated),61336487
2026-05-26,Parlay (independent),73701473
2026-05-26,Parlay (pending),48980
2026-05-26,Player Prop,4551579
2026-05-26,Spread,21228816
2026-05-27,Cricket,30486072
2026-05-27,Esports,6653310
2026-05-27,Futures/Award,18973828
2026-05-27,Game Prop,5050595
2026-05-27,Mention,262928
2026-05-27,Moneyline,206874022
2026-05-27,Motorsport,175089
2026-05-27,Other,4584215
2026-05-27,Over/Under,20753423
2026-05-27,Parlay (correlated),43274486
2026-05-27,Parlay (independent),101535661
2026-05-27,Parlay (pending),289608
2026-05-27,Player Prop,3893638
2026-05-27,Spread,13847428
2026-05-28,Cricket,634070
2026-05-28,Esports,7135745
2026-05-28,Futures/Award,37152591
2026-05-28,Game Prop,4302914
2026-05-28,Mention,398945
2026-05-28,Moneyline,207794608
2026-05-28,Motorsport,140402
2026-05-28,Other,10218091
2026-05-28,Over/Under,28100210
2026-05-28,Parlay (correlated),80203470
2026-05-28,Parlay (independent),59003787
2026-05-28,Parlay (pending),33631
2026-05-28,Player Prop,4324021
2026-05-28,Spread,22619563
2026-05-29,Cricket,24220671
2026-05-29,Esports,7226653
2026-05-29,Futures/Award,33380191
2026-05-29,Game Prop,4399636
2026-05-29,Mention,169688
2026-05-29,Moneyline,219105547
2026-05-29,Motorsport,441200
2026-05-29,Other,6170878
2026-05-29,Over/Under,16933579
2026-05-29,Parlay (correlated),48617668
2026-05-29,Parlay (independent),112395076
2026-05-29,Parlay (pending),243091
2026-05-29,Player Prop,3097365
2026-05-29,Spread,11234866
2026-05-30,Cricket,3144175
2026-05-30,Esports,6719941
2026-05-30,Futures/Award,138925800
2026-05-30,Game Prop,8444982
2026-05-30,Mention,714981
2026-05-30,Moneyline,215548038
2026-05-30,Motorsport,1058691
2026-05-30,Other,7213873
2026-05-30,Over/Under,32531284
2026-05-30,Parlay (correlated),130424206
2026-05-30,Parlay (independent),124768229
2026-05-30,Parlay (pending),854217
2026-05-30,Player Prop,5701323
2026-05-30,Spread,28220779
2026-05-31,Cricket,27508279
2026-05-31,Esports,5619598
2026-05-31,Futures/Award,37570810
2026-05-31,Game Prop,4727420
2026-05-31,Mention,161399
2026-05-31,Moneyline,203911614
2026-05-31,Motorsport,6921916
2026-05-31,Other,3714368
2026-05-31,Over/Under,21492306
2026-05-31,Parlay (correlated),58386617
2026-05-31,Parlay (independent),105812211
2026-05-31,Parlay (pending),7131
2026-05-31,Player Prop,3708306
2026-05-31,Spread,13249554
2026-06-01,Cricket,624554
2026-06-01,Esports,3612729
2026-06-01,Futures/Award,21380318
2026-06-01,Game Prop,4004245
2026-06-01,Mention,98150
2026-06-01,Moneyline,192985755
2026-06-01,Motorsport,1724824
2026-06-01,Other,2830319
2026-06-01,Over/Under,13559703
2026-06-01,Parlay (correlated),51324924
2026-06-01,Parlay (independent),86333168
2026-06-01,Player Prop,2456952
2026-06-01,Spread,9362463
2026-06-02,Cricket,2229011
2026-06-02,Esports,5779684
2026-06-02,Futures/Award,25420880
2026-06-02,Game Prop,4868761
2026-06-02,Mention,172090
2026-06-02,Moneyline,198085884
2026-06-02,Motorsport,160383
2026-06-02,Other,4638087
2026-06-02,Over/Under,17853188
2026-06-02,Parlay (correlated),53154470
2026-06-02,Parlay (independent),111073126
2026-06-02,Parlay (pending),112671
2026-06-02,Player Prop,3513219
2026-06-02,Spread,12671099
2026-06-03,Cricket,789874
2026-06-03,Esports,4867982
2026-06-03,Futures/Award,35725811
2026-06-03,Game Prop,7239060
2026-06-03,Mention,543996
2026-06-03,Moneyline,255715342
2026-06-03,Motorsport,225177
2026-06-03,Other,9351850
2026-06-03,Over/Under,30377305
2026-06-03,Parlay (correlated),118190163
2026-06-03,Parlay (independent),100081991
2026-06-03,Parlay (pending),1624303
2026-06-03,Player Prop,6291554
2026-06-03,Spread,26832365
2026-06-04,Cricket,3165791
2026-06-04,Esports,6321998
2026-06-04,Futures/Award,34989126
2026-06-04,Game Prop,4744601
2026-06-04,Mention,257442
2026-06-04,Moneyline,199278796
2026-06-04,Motorsport,228441
2026-06-04,Other,11784855
2026-06-04,Over/Under,22967577
2026-06-04,Parlay (correlated),70439430
2026-06-04,Parlay (independent),75206242
2026-06-04,Parlay (pending),285877
2026-06-04,Player Prop,3566360
2026-06-04,Spread,14788849
2026-06-05,Cricket,3773741
2026-06-05,Esports,6673056
2026-06-05,Futures/Award,36795371
2026-06-05,Game Prop,6368591
2026-06-05,Mention,797524
2026-06-05,Moneyline,256960958
2026-06-05,Motorsport,664648
2026-06-05,Other,9795282
2026-06-05,Over/Under,25040515
2026-06-05,Parlay (correlated),152977147
2026-06-05,Parlay (independent),106000377
2026-06-05,Parlay (pending),341701
2026-06-05,Player Prop,7139460
2026-06-05,Spread,26770127
2026-06-06,Cricket,1773533
2026-06-06,Esports,9998426
2026-06-06,Futures/Award,34565551
2026-06-06,Game Prop,9279421
2026-06-06,Mention,463248
2026-06-06,Moneyline,204911391
2026-06-06,Motorsport,2653994
2026-06-06,Other,4810176
2026-06-06,Over/Under,28703340
2026-06-06,Parlay (correlated),82437508
2026-06-06,Parlay (independent),125738081
2026-06-06,Parlay (pending),3468173
2026-06-06,Player Prop,4727586
2026-06-06,Spread,14645498
2026-06-07,Cricket,3500864
2026-06-07,Esports,10294250
2026-06-07,Futures/Award,66622872
2026-06-07,Game Prop,4908892
2026-06-07,Mention,288583
2026-06-07,Moneyline,173512504
2026-06-07,Motorsport,6902561
2026-06-07,Other,3642210
2026-06-07,Over/Under,25224006
2026-06-07,Parlay (correlated),74923537
2026-06-07,Parlay (independent),98940571
2026-06-07,Parlay (pending),357284
2026-06-07,Player Prop,3803643
2026-06-07,Spread,12939339
2026-06-08,Cricket,428616
2026-06-08,Esports,7421053
2026-06-08,Futures/Award,29006220
2026-06-08,Game Prop,6315861
2026-06-08,Mention,957098
2026-06-08,Moneyline,246993453
2026-06-08,Motorsport,276194
2026-06-08,Other,6435908
2026-06-08,Over/Under,20436601
2026-06-08,Parlay (correlated),150239766
2026-06-08,Parlay (independent),72640458
2026-06-08,Parlay (pending),691572
2026-06-08,Player Prop,5977786
2026-06-08,Spread,22464536
2026-06-09,Cricket,2703679
2026-06-09,Esports,5393813
2026-06-09,Futures/Award,28749867
2026-06-09,Game Prop,5046899
2026-06-09,Mention,209855
2026-06-09,Moneyline,223569582
2026-06-09,Motorsport,144357
2026-06-09,Other,5004575
2026-06-09,Over/Under,22316503
2026-06-09,Parlay (correlated),62203972
2026-06-09,Parlay (independent),152252623
2026-06-09,Parlay (pending),1802599
2026-06-09,Player Prop,4516327
2026-06-09,Spread,11874043
2026-06-10,Cricket,735105
2026-06-10,Esports,5416934
2026-06-10,Futures/Award,40668282
2026-06-10,Game Prop,6949279
2026-06-10,Mention,1006490
2026-06-10,Moneyline,346402765
2026-06-10,Motorsport,153221
2026-06-10,Other,11116406
2026-06-10,Over/Under,30750247
2026-06-10,Parlay (correlated),146237950
2026-06-10,Parlay (independent),118202234
2026-06-10,Parlay (pending),2406804
2026-06-10,Player Prop,8045852
2026-06-10,Spread,30307340
2026-06-11,Cricket,3017336
2026-06-11,Esports,8803083
2026-06-11,Futures/Award,63273657
2026-06-11,Game Prop,6390813
2026-06-11,Mention,313395
2026-06-11,Moneyline,263055061
2026-06-11,Motorsport,219927
2026-06-11,Other,19125464
2026-06-11,Over/Under,32190423
2026-06-11,Parlay (correlated),76360449
2026-06-11,Parlay (independent),138739308
2026-06-11,Parlay (pending),10931390
2026-06-11,Player Prop,3884671
2026-06-11,Spread,20169942
2026-06-12,Cricket,972587
2026-06-12,Esports,13266097
2026-06-12,Futures/Award,57498915
2026-06-12,Game Prop,8192401
2026-06-12,Mention,155411
2026-06-12,Moneyline,304328871
2026-06-12,Motorsport,436883
2026-06-12,Other,16817818
2026-06-12,Over/Under,30456916
2026-06-12,Parlay (correlated),88129712
2026-06-12,Parlay (independent),213557814
2026-06-12,Parlay (pending),15057131
2026-06-12,Player Prop,3540784
2026-06-12,Spread,20252505
2026-06-13,Cricket,3983893
2026-06-13,Esports,15450051
2026-06-13,Futures/Award,60091925
2026-06-13,Game Prop,13539029
2026-06-13,Mention,896769
2026-06-13,Moneyline,468623128
2026-06-13,Motorsport,1993408
2026-06-13,Other,21505006
2026-06-13,Over/Under,50848632
2026-06-13,Parlay (correlated),179160558
2026-06-13,Parlay (independent),205767239
2026-06-13,Parlay (pending),17085162
2026-06-13,Player Prop,7702067
2026-06-13,Spread,45401154
2026-06-14,Cricket,5297513
2026-06-14,Esports,13644365
2026-06-14,Futures/Award,57575296
2026-06-14,Game Prop,37487171
2026-06-14,Mention,190436
2026-06-14,Moneyline,442407671
2026-06-14,Motorsport,4590906
2026-06-14,Other,26541381
2026-06-14,Over/Under,56277103
2026-06-14,Parlay (correlated),95154793
2026-06-14,Parlay (independent),310217754
2026-06-14,Parlay (pending),52514
2026-06-14,Player Prop,3802122
2026-06-14,Spread,33881889
2026-06-15,Cricket,1533023
2026-06-15,Esports,9340862
2026-06-15,Futures/Award,52319751
2026-06-15,Game Prop,26607502
2026-06-15,Mention,4974
2026-06-15,Moneyline,412101290
2026-06-15,Motorsport,139110
2026-06-15,Other,25737328
2026-06-15,Over/Under,45823721
2026-06-15,Parlay (correlated),93058383
2026-06-15,Parlay (independent),225418411
2026-06-15,Parlay (pending),66608
2026-06-15,Player Prop,2770434
2026-06-15,Spread,33241995
2026-06-16,Cricket,300714
2026-06-16,Esports,5044361
2026-06-16,Futures/Award,45845956
2026-06-16,Game Prop,13464419
2026-06-16,Mention,67144
2026-06-16,Moneyline,322307520
2026-06-16,Motorsport,194006
2026-06-16,Other,42181749
2026-06-16,Over/Under,45774598
2026-06-16,Parlay (correlated),112902024
2026-06-16,Parlay (independent),253637342
2026-06-16,Parlay (pending),13708
2026-06-16,Player Prop,2995351
2026-06-16,Spread,32901678
2026-06-17,Cricket,2189880
2026-06-17,Esports,4804290
2026-06-17,Futures/Award,76324542
2026-06-17,Game Prop,18172083
2026-06-17,Mention,33041
2026-06-17,Moneyline,431002188
2026-06-17,Motorsport,227586
2026-06-17,Other,59654278
2026-06-17,Over/Under,71449375
2026-06-17,Parlay (correlated),164871654
2026-06-17,Parlay (independent),298288329
2026-06-17,Parlay (pending),184044
2026-06-17,Player Prop,3219605
2026-06-17,Spread,45818824
2026-06-18,Cricket,2709486
2026-06-18,Esports,8758389
2026-06-18,Futures/Award,91683943
2026-06-18,Game Prop,21995571
2026-06-18,Mention,1493
2026-06-18,Moneyline,357697583
2026-06-18,Motorsport,180113
2026-06-18,Other,66015715
2026-06-18,Over/Under,55632557
2026-06-18,Parlay (correlated),182184080
2026-06-18,Parlay (independent),275435724
2026-06-18,Parlay (pending),64437
2026-06-18,Player Prop,2734133
2026-06-18,Spread,31523036
2026-06-19,Cricket,8181635
2026-06-19,Esports,13676012
2026-06-19,Futures/Award,59774344
2026-06-19,Game Prop,14615501
2026-06-19,Mention,19929
2026-06-19,Moneyline,385195912
2026-06-19,Motorsport,1065175
2026-06-19,Other,51223949
2026-06-19,Over/Under,54572516
2026-06-19,Parlay (correlated),162953639
2026-06-19,Parlay (independent),314183516
2026-06-19,Parlay (pending),1120093
2026-06-19,Player Prop,4201217
2026-06-19,Spread,44612378
2026-06-20,Cricket,7510108
2026-06-20,Esports,10258767
2026-06-20,Futures/Award,59891293
2026-06-20,Game Prop,17972502
2026-06-20,Mention,40706
2026-06-20,Moneyline,501019570
2026-06-20,Motorsport,1886223
2026-06-20,Other,49306899
2026-06-20,Over/Under,62002325
2026-06-20,Parlay (correlated),167328106
2026-06-20,Parlay (independent),385330798
2026-06-20,Parlay (pending),415196
2026-06-20,Player Prop,4877548
2026-06-20,Spread,47827627
2026-06-21,Cricket,6306641
2026-06-21,Esports,7487278
2026-06-21,Futures/Award,86911445
2026-06-21,Game Prop,14047747
2026-06-21,Mention,88841
2026-06-21,Moneyline,422242500
2026-06-21,Motorsport,6451879
2026-06-21,Other,74896113
2026-06-21,Over/Under,82262578
2026-06-21,Parlay (correlated),180007542
2026-06-21,Parlay (independent),350586164
2026-06-21,Parlay (pending),431817
2026-06-21,Player Prop,4062864
2026-06-21,Spread,64541731
2026-06-22,Cricket,664639
2026-06-22,Esports,4420136
2026-06-22,Futures/Award,42285762
2026-06-22,Game Prop,13521745
2026-06-22,Mention,45291
2026-06-22,Moneyline,377906911
2026-06-22,Motorsport,136685
2026-06-22,Other,69274789
2026-06-22,Over/Under,58602253
2026-06-22,Parlay (correlated),128932996
2026-06-22,Parlay (independent),193104944
2026-06-22,Parlay (pending),164599369
2026-06-22,Player Prop,2831856
2026-06-22,Spread,52727800
2026-06-23,Cricket,350034
2026-06-23,Esports,5219055
2026-06-23,Futures/Award,37037748
2026-06-23,Game Prop,15848608
2026-06-23,Mention,90556
2026-06-23,Moneyline,467134150
2026-06-23,Motorsport,196639
2026-06-23,Other,94428466
2026-06-23,Over/Under,74194540
2026-06-23,Parlay (correlated),190404020
2026-06-23,Parlay (independent),357536837
2026-06-23,Parlay (pending),16912186
2026-06-23,Player Prop,3368180
2026-06-23,Spread,54871771
2026-06-24,Cricket,2174896
2026-06-24,Esports,5477612
2026-06-24,Futures/Award,43664219
2026-06-24,Game Prop,14281884
2026-06-24,Mention,4387
2026-06-24,Moneyline,540821016
2026-06-24,Motorsport,257215
2026-06-24,Other,66466482
2026-06-24,Over/Under,71146499
2026-06-24,Parlay (correlated),210314479
2026-06-24,Parlay (independent),354665883
2026-06-24,Parlay (pending),105933266
2026-06-24,Player Prop,3567447
2026-06-24,Spread,49510170
2026-06-25,Cricket,5677888
2026-06-25,Esports,4787999
2026-06-25,Futures/Award,53971364
2026-06-25,Game Prop,12347066
2026-06-25,Mention,2579
2026-06-25,Moneyline,512220171
2026-06-25,Motorsport,272158
2026-06-25,Other,66978780
2026-06-25,Over/Under,63969190
2026-06-25,Parlay (correlated),274711212
2026-06-25,Parlay (independent),483093585
2026-06-25,Parlay (pending),7761162
2026-06-25,Player Prop,2580803
2026-06-25,Spread,48083630
2026-06-26,Cricket,15877303
2026-06-26,Esports,6699470
2026-06-26,Futures/Award,57549493
2026-06-26,Game Prop,16009383
2026-06-26,Mention,53100
2026-06-26,Moneyline,388291462
2026-06-26,Motorsport,472474
2026-06-26,Other,67623198
2026-06-26,Over/Under,58649996
2026-06-26,Parlay (correlated),304575639
2026-06-26,Parlay (independent),419598410
2026-06-26,Parlay (pending),542
2026-06-26,Player Prop,3006093
2026-06-26,Spread,36157557
2026-06-27,Cricket,7931965
2026-06-27,Esports,7394071
2026-06-27,Futures/Award,51969087
2026-06-27,Game Prop,19736740
2026-06-27,Mention,72075
2026-06-27,Moneyline,464031993
2026-06-27,Motorsport,2731998
2026-06-27,Other,68614756
2026-06-27,Over/Under,74268194
2026-06-27,Parlay (correlated),254734251
2026-06-27,Parlay (independent),425738568
2026-06-27,Parlay (pending),3322
2026-06-27,Player Prop,3594981
2026-06-27,Spread,45742159
2026-06-28,Cricket,19053021
2026-06-28,Esports,8944664
2026-06-28,Futures/Award,79808064
2026-06-28,Game Prop,34996683
2026-06-28,Mention,333165
2026-06-28,Moneyline,178554362
2026-06-28,Motorsport,5142340
2026-06-28,Other,23311121
2026-06-28,Over/Under,33065681
2026-06-28,Parlay (correlated),104276982
2026-06-28,Parlay (independent),230384680
2026-06-28,Player Prop,3594728
2026-06-28,Spread,16258426
2026-06-29,Cricket,2383326
2026-06-29,Esports,5545366
2026-06-29,Futures/Award,64637213
2026-06-29,Game Prop,182980798
2026-06-29,Mention,70923
2026-06-29,Moneyline,245951831
2026-06-29,Motorsport,173151
2026-06-29,Other,85487768
2026-06-29,Over/Under,46841109
2026-06-29,Parlay (correlated),218470200
2026-06-29,Parlay (independent),336894055
2026-06-29,Player Prop,2350915
2026-06-29,Spread,23617401
2026-06-30,Cricket,393673
2026-06-30,Esports,5762131
2026-06-30,Futures/Award,82616770
2026-06-30,Game Prop,147694191
2026-06-30,Mention,28700
2026-06-30,Moneyline,276028620
2026-06-30,Motorsport,259012
2026-06-30,Other,110901387
2026-06-30,Over/Under,60457017
2026-06-30,Parlay (correlated),271238134
2026-06-30,Parlay (independent),300569481
2026-06-30,Player Prop,3188198
2026-06-30,Spread,32610191
2026-07-01,Cricket,7247927
2026-07-01,Esports,6657458
2026-07-01,Futures/Award,80698368
2026-07-01,Game Prop,213763124
2026-07-01,Mention,46077
2026-07-01,Moneyline,297014568
2026-07-01,Motorsport,199398
2026-07-01,Other,125332749
2026-07-01,Over/Under,71365612
2026-07-01,Parlay (correlated),312363231
2026-07-01,Parlay (independent),316115180
2026-07-01,Parlay (pending),3
2026-07-01,Player Prop,3686216
2026-07-01,Spread,37293518
2026-07-02,Cricket,2224473
2026-07-02,Esports,7006785
2026-07-02,Futures/Award,75191373
2026-07-02,Game Prop,153014292
2026-07-02,Mention,33359
2026-07-02,Moneyline,260806504
2026-07-02,Motorsport,283337
2026-07-02,Other,115526822
2026-07-02,Over/Under,65018334
2026-07-02,Parlay (correlated),294260063
2026-07-02,Parlay (independent),258755661
2026-07-02,Player Prop,3217766
2026-07-02,Spread,31822460
2026-07-03,Cricket,7114810
2026-07-03,Esports,12344011
2026-07-03,Futures/Award,73584267
2026-07-03,Game Prop,251100308
2026-07-03,Mention,45614
2026-07-03,Moneyline,260418693
2026-07-03,Motorsport,964311
2026-07-03,Other,154988822
2026-07-03,Over/Under,70980467
2026-07-03,Parlay (correlated),336168677
2026-07-03,Parlay (independent),312456275
2026-07-03,Player Prop,3009561
2026-07-03,Spread,35029682
2026-07-04,Cricket,17488759
2026-07-04,Esports,13968422
2026-07-04,Futures/Award,52210719
2026-07-04,Game Prop,149479729
2026-07-04,Mention,90318
2026-07-04,Moneyline,254179461
2026-07-04,Motorsport,1768184
2026-07-04,Other,104894452
2026-07-04,Over/Under,63374654
2026-07-04,Parlay (correlated),300122583
2026-07-04,Parlay (independent),344648627
2026-07-04,Player Prop,3782353
2026-07-04,Spread,34453553
2026-07-05,Cricket,12503766
2026-07-05,Esports,12230161
2026-07-05,Futures/Award,66741490
2026-07-05,Game Prop,312591119
2026-07-05,Mention,161393
2026-07-05,Moneyline,249966013
2026-07-05,Motorsport,6276525
2026-07-05,Other,148162336
2026-07-05,Over/Under,68417564
2026-07-05,Parlay (correlated),388887667
2026-07-05,Parlay (independent),309783582
2026-07-05,Player Prop,3354626
2026-07-05,Spread,30254214
2026-07-06,Cricket,3809822
2026-07-06,Esports,6485772
2026-07-06,Futures/Award,52337112
2026-07-06,Game Prop,213186995
2026-07-06,Mention,110393
2026-07-06,Moneyline,224645517
2026-07-06,Motorsport,127075
2026-07-06,Other,133739807
2026-07-06,Over/Under,54378586
2026-07-06,Parlay (correlated),391533754
2026-07-06,Parlay (independent),224017247
2026-07-06,Player Prop,3199920
2026-07-06,Spread,22964375
2026-07-07,Cricket,6386792
2026-07-07,Esports,7174212
2026-07-07,Futures/Award,57013434
2026-07-07,Game Prop,206351956
2026-07-07,Mention,111004
2026-07-07,Moneyline,291768782
2026-07-07,Motorsport,248569
2026-07-07,Other,133813527
2026-07-07,Over/Under,59205037
2026-07-07,Parlay (correlated),287025040
2026-07-07,Parlay (independent),259624955
2026-07-07,Player Prop,3540492
2026-07-07,Spread,29633008
2026-07-08,Cricket,6523078
2026-07-08,Esports,11736409
2026-07-08,Futures/Award,46304330
2026-07-08,Game Prop,18976076
2026-07-08,Mention,158698
2026-07-08,Moneyline,250087869
2026-07-08,Motorsport,195782
2026-07-08,Other,19298809
2026-07-08,Over/Under,31984752
2026-07-08,Parlay (correlated),171112242
2026-07-08,Parlay (independent),251002546
2026-07-08,Player Prop,4678492
2026-07-08,Spread,15672601
2026-07-09,Cricket,10766961
2026-07-09,Esports,10797694
2026-07-09,Futures/Award,55247774
2026-07-09,Game Prop,80653658
2026-07-09,Mention,112059
2026-07-09,Moneyline,244518018
2026-07-09,Motorsport,280547
2026-07-09,Other,90181242
2026-07-09,Over/Under,49932871
2026-07-09,Parlay (correlated),295859147
2026-07-09,Parlay (independent),246065983
2026-07-09,Player Prop,4375921
2026-07-09,Spread,22696896
2026-07-10,Cricket,15847178
2026-07-10,Esports,12833440
2026-07-10,Futures/Award,48798051
2026-07-10,Game Prop,89722662
2026-07-10,Mention,126122
2026-07-10,Moneyline,274854289
2026-07-10,Motorsport,149408
2026-07-10,Other,81994767
2026-07-10,Over/Under,43994530
2026-07-10,Parlay (correlated),236670663
2026-07-10,Parlay (independent),311259364
2026-07-10,Player Prop,3724149
2026-07-10,Spread,17895603
2026-07-11,Cricket,18282306
2026-07-11,Esports,12903489
2026-07-11,Futures/Award,49609341
2026-07-11,Game Prop,291154777
2026-07-11,Mention,25317
2026-07-11,Moneyline,418276887
2026-07-11,Motorsport,1032971
2026-07-11,Other,206633819
2026-07-11,Over/Under,56734343
2026-07-11,Parlay (correlated),374814329
2026-07-11,Parlay (independent),474804815
2026-07-11,Player Prop,3642348
2026-07-11,Spread,23541173
2026-07-12,Cricket,14386704
2026-07-12,Esports,13052198
2026-07-12,Futures/Award,43587823
2026-07-12,Game Prop,19810577
2026-07-12,Mention,139400
2026-07-12,Moneyline,241960158
2026-07-12,Motorsport,4777191
2026-07-12,Other,39181510
2026-07-12,Over/Under,29899049
2026-07-12,Parlay (correlated),107389796
2026-07-12,Parlay (independent),204695795
2026-07-12,Parlay (pending),5017
2026-07-12,Player Prop,3967574
2026-07-12,Spread,16394372
2026-07-13,Cricket,2239572
2026-07-13,Esports,3309661
2026-07-13,Futures/Award,77010488
2026-07-13,Game Prop,13586773
2026-07-13,Mention,331475
2026-07-13,Moneyline,249281705
2026-07-13,Motorsport,4141712
2026-07-13,Other,31297576
2026-07-13,Over/Under,10289094
2026-07-13,Parlay (correlated),104908967
2026-07-13,Parlay (independent),49768424
2026-07-13,Player Prop,338411
2026-07-13,Spread,7858296
2026-07-14,Cricket,377361
2026-07-14,Esports,4096833
2026-07-14,Futures/Award,54487099
2026-07-14,Game Prop,180588336
2026-07-14,Mention,547517
2026-07-14,Moneyline,301662034
2026-07-14,Motorsport,234559
2026-07-14,Other,105858035
2026-07-14,Over/Under,33043595
2026-07-14,Parlay (correlated),293825435
2026-07-14,Parlay (independent),76251732
2026-07-14,Player Prop,286589
2026-07-14,Spread,15769007
2026-07-15,Cricket,18352786
2026-07-15,Esports,8662802
2026-07-15,Futures/Award,97750198
2026-07-15,Game Prop,138406971
2026-07-15,Mention,89386
2026-07-15,Moneyline,284375981
2026-07-15,Motorsport,184558
2026-07-15,Other,121884077
2026-07-15,Over/Under,34017262
2026-07-15,Parlay (correlated),252946739
2026-07-15,Parlay (independent),68902551
2026-07-15,Player Prop,638319
2026-07-15,Spread,15611333
2026-07-16,Cricket,9538451
2026-07-16,Esports,12923484
2026-07-16,Futures/Award,79635462
2026-07-16,Game Prop,10006456
2026-07-16,Mention,164700
2026-07-16,Moneyline,270596862
2026-07-16,Motorsport,300827
2026-07-16,Other,38081263
2026-07-16,Over/Under,22218424
2026-07-16,Parlay (correlated),87550641
2026-07-16,Parlay (independent),85416251
2026-07-16,Player Prop,1196579
2026-07-16,Spread,10981163
2026-07-17,Cricket,10119421
2026-07-17,Esports,15521193
2026-07-17,Futures/Award,61769072
2026-07-17,Game Prop,13946395
2026-07-17,Mention,63277
2026-07-17,Moneyline,331262690
2026-07-17,Motorsport,502447
2026-07-17,Other,32081946
2026-07-17,Over/Under,35929467
2026-07-17,Parlay (correlated),163166492
2026-07-17,Parlay (independent),257543682
2026-07-17,Player Prop,3510695
2026-07-17,Spread,15352772
2026-07-18,Cricket,18236450
2026-07-18,Esports,14733353
2026-07-18,Futures/Award,78738077
2026-07-18,Game Prop,170137437
2026-07-18,Mention,131932
2026-07-18,Moneyline,370328101
2026-07-18,Motorsport,2031751
2026-07-18,Other,153489518
2026-07-18,Over/Under,64498641
2026-07-18,Parlay (correlated),373001118
2026-07-18,Parlay (independent),315712973
2026-07-18,Player Prop,4254942
2026-07-18,Spread,28139224
2026-07-19,Cricket,2955919
2026-07-19,Esports,10230279
2026-07-19,Futures/Award,331621197
2026-07-19,Game Prop,26224055
2026-07-19,Mention,295205
2026-07-19,Moneyline,314441279
2026-07-19,Motorsport,8180081
2026-07-19,Other,221265542
2026-07-19,Over/Under,51801835
2026-07-19,Parlay (correlated),431905975
2026-07-19,Parlay (independent),243683748
2026-07-19,Player Prop,3826494
2026-07-19,Spread,22030487
2026-07-20,Cricket,233769
2026-07-20,Esports,9217362
2026-07-20,Futures/Award,27979942
2026-07-20,Game Prop,9488592
2026-07-20,Mention,237409
2026-07-20,Moneyline,283863091
2026-07-20,Motorsport,744472
2026-07-20,Other,3263953
2026-07-20,Over/Under,24770253
2026-07-20,Parlay (correlated),68602343
2026-07-20,Parlay (independent),303877071
2026-07-20,Player Prop,5028764
2026-07-20,Spread,11826404
2026-07-21,Cricket,4346526
2026-07-21,Esports,10060661
2026-07-21,Futures/Award,27930685
2026-07-21,Game Prop,9455271
2026-07-21,Mention,212255
2026-07-21,Moneyline,342856379
2026-07-21,Motorsport,278885
2026-07-21,Other,8602932
2026-07-21,Over/Under,29612641
2026-07-21,Parlay (correlated),76008885
2026-07-21,Parlay (independent),308799154
2026-07-21,Parlay (pending),29064361
2026-07-21,Player Prop,3798762
2026-07-21,Spread,11492587
2026-07-22,Cricket,7413977
2026-07-22,Esports,9580737
2026-07-22,Futures/Award,44311733
2026-07-22,Game Prop,11202307
2026-07-22,Mention,196575
2026-07-22,Moneyline,377209507
2026-07-22,Motorsport,296901
2026-07-22,Other,10362093
2026-07-22,Over/Under,46174763
2026-07-22,Parlay (correlated),103929086
2026-07-22,Parlay (independent),261525268
2026-07-22,Parlay (pending),135277600
2026-07-22,Player Prop,4867664
2026-07-22,Spread,20328916
2026-07-23,Cricket,6599444
2026-07-23,Esports,7597650
2026-07-23,Futures/Award,24183301
2026-07-23,Game Prop,5487749
2026-07-23,Mention,13886
2026-07-23,Moneyline,128343335
2026-07-23,Motorsport,166417
2026-07-23,Other,13014866
2026-07-23,Over/Under,8900085
2026-07-23,Parlay (correlated),5574651
2026-07-23,Parlay (independent),16625250
2026-07-23,Parlay (pending),86227719
2026-07-23,Player Prop,1260207
2026-07-23,Spread,4211676
