market_key,taker_pnl_gross,taker_pnl_net,taker_fees,maker_pnl_net,maker_fees,notional_settled,contracts_settled,n_days
KXMENWORLDCUP-26,-53555325.17,-61711778.57,8156453.4,51503054.93,2052270.24,416478211.17,1522145776,96
KXPGATOUR-PGC26,-3582282.43,-4271890.22,689607.79,3407847.67,174434.76,48975775.43,329811408,33
KXPGATOUR-THOC26,-3102123.64,-3844028.36,741904.72,2914648.9,187474.73,55411170.64,318685662,29
KXNBA-26,5235433.9,2973499.46,2261934.44,-5803130.38,567696.48,90362019.1,248800688,60
KXNEXTTEAMNBA-26LJAM,119960.07,-1414802.01,1534762.08,-119960.07,0.0,59189668.93,228051596,103
KXWCADVANCE-26JUL05MEXENG,-29335641.39,-32519612.5,3183971.11,29335641.39,0.0,113566488.39,223027451,5
KXPGATOUR-ROC26,-551965.99,-911926.8,359960.82,461030.23,90935.75,27695275.99,189453535,8
KXNBAGAME-26JUN10SASNYK,21670396.88,19821229.01,1849167.87,-22134919.74,464522.86,71396660.12,171622268,12
KXWCADVANCE-26JUL14FRAESP,-5239095.0,-7369017.43,2129922.43,5239095.0,0.0,81598980.0,165729717,5
KXNBAGAME-26JUN13NYKSAS,22867816.75,20818731.24,2049085.51,-23382804.54,514987.79,67836122.25,155502355,6
KXWCADVANCE-26JUL11NORENG,-8297696.72,-10307415.77,2009719.05,8297696.72,0.0,73473204.72,154354715,6
KXPGATOUR-3MO26,-1503826.88,-1842327.02,338500.14,1418392.1,85434.78,27896496.88,147691422,8
KXWCADVANCE-26JUL18FRAENG,-91993.29,-1389784.29,1297791.0,91993.29,0.0,63250243.29,143710910,4
KXWCGAME-26JUN25TURUSA,-24862884.77,-26740471.45,1877586.68,24862884.77,0.0,65253939.77,135658875,35
KXWCADVANCE-26JUL03ARGCPV,-1678503.17,-2549253.83,870750.66,1678503.17,0.0,60364021.17,135104801,8
KXWCADVANCE-26JUL15ENGARG,18599936.25,16851312.58,1748623.67,-18599936.25,0.0,63447065.75,134175929,4
KXNBAGAME-26JUN08SASNYK,2531444.04,756059.52,1775384.52,-2977363.09,445919.05,60216633.96,128073174,10
KXWCADVANCE-26JUL06USABEL,-11503409.21,-13155202.26,1651793.05,11503409.21,0.0,62597742.21,125778506,6
KXUFCFIGHT-26JUL11MCGHOL,-22499369.88,-24061383.02,1562013.14,22499369.88,0.0,38425715.88,120580148,56
KXNBAWEST-26,7321946.07,5789490.49,1532455.58,-7706644.28,384698.21,52803370.93,117328324,46
KXWCSCORE-26JUL19ESPARG,-2858134.51,-3244599.51,386465.0,2858134.51,0.0,16828271.51,116618132,5
KXPGATOUR-TRAV26,-799124.22,-1268317.79,469193.58,680826.49,118297.74,22620314.22,112501378,8
KXNBAGAME-26JUN05NYKSAS,8178115.09,6658022.61,1520092.48,-8559905.26,381790.17,47262836.91,108495325,7
KXWCADVANCE-26JUL07ARGEGY,-4181421.97,-5314192.53,1132770.56,4181421.97,0.0,54702363.97,107904217,5
KXWCGAME-26JUN20GERCIV,2423994.09,1112130.28,1311863.81,-2423994.09,0.0,53231906.91,106233528,56
KXPGATOUR-JODC26,-321198.6,-591627.06,270428.46,252776.72,68421.88,16190469.6,102769272,8
KXWCADVANCE-26JUL11ARGSUI,3367157.85,2378430.53,988727.32,-3367157.85,0.0,54603180.15,99390606,5
KXWCGAME-26JUN21URUCPV,-1859882.59,-2802518.84,942636.25,1859882.59,0.0,39154980.59,98361096,40
KXWCGAME-26JUN25ECUGER,-12871776.69,-14082084.15,1210307.46,12871776.69,0.0,47837045.69,98130827,58
KXWCGAME-26JUN18MEXKOR,7620042.48,6501564.58,1118477.9,-7620042.48,0.0,36369965.52,92090412,53
KXPGATOUR-RBBCAN26,-949515.59,-1152216.6,202701.01,898263.58,51252.01,11901729.59,90661342,8
KXPGATOUR-CHSC26,-472134.57,-713772.37,241637.8,411054.15,61080.42,13667194.57,86478364,8
KXWCADVANCE-26JUL01BELSEN,1167595.25,311834.86,855760.39,-1167595.25,0.0,39941646.75,86154336,5
KXPGATOUR-THMTPBW26,-1189057.45,-1501349.28,312291.83,1110348.15,78709.3,15940910.45,85301114,8
KXPGATOUR-THCCBN26,-30251.0,-320071.23,289820.23,-42780.82,73031.82,13822007.0,83977705,8
KXPGATOUR-GESO26,-165749.43,-398233.91,232484.47,106829.15,58920.3,12040068.44,82336484,8
KXWCGAME-26JUN27COLPOR,-9827955.86,-10856162.05,1028206.19,9827955.86,0.0,34128988.86,79163258,62
KXWCADVANCE-26JUL07SUICOL,-6982574.81,-8117586.42,1135011.61,6982574.81,0.0,38129055.81,78681650,4
KXNBAGAME-26JUN03NYKSAS,4047665.9,2969810.96,1077854.94,-4318550.48,270884.58,36222482.1,77921425,5
KXWCADVANCE-26JUL02PORCRO,-163535.06,-1013362.35,849827.29,163535.06,0.0,34251722.06,77283396,6
KXUFCFIGHT-26JUN14TOPGAE,17132297.04,16314078.41,818218.63,-17132297.04,0.0,28895321.96,76542624,29
KXWCGAME-26JUN19TURPAR,-131710.6,-1150224.45,1018513.85,131710.6,0.0,33717067.6,76182430,29
KXWCGAME-26JUN23COLCOD,2254628.35,1508936.12,745692.23,-2254628.35,0.0,33264823.65,74360732,30
KXWCGAME-26JUN22JORDZA,-840423.91,-1646610.71,806186.8,840423.91,0.0,31749359.91,72588855,38
KXWCGAME-26JUN20ECUCUW,2155593.78,1622916.51,532677.27,-2155593.78,0.0,23812535.22,71926154,52
KXWCGAME-26JUN22NORSEN,9246524.16,8515702.76,730821.4,-9246524.16,0.0,31823751.84,71857162,47
KXWCGAME-26JUN26NORFRA,4449884.64,3843648.86,606235.78,-4449884.64,0.0,29385191.36,71814478,61
KXWCADVANCE-26JUN30MEXECU,4914545.03,4046805.65,867739.38,-4914545.03,0.0,37343499.97,71606804,5
KXWCGAME-26JUN24MARHTI,-1240504.46,-1881529.73,641025.27,1240504.46,0.0,26452446.46,71320525,46
KXWCADVANCE-26JUL06PORESP,-3519578.08,-4267877.29,748299.21,3519578.08,0.0,31742662.08,70420850,5
KXWCGAME-26JUN23ENGGHA,-6363872.15,-6989939.39,626067.24,6363872.15,0.0,31188644.15,70196317,60
KXWCADVANCE-26JUL10ESPBEL,-1049220.53,-1832544.6,783324.07,1049220.53,0.0,34738556.53,69602662,5
KXNBAGAME-26MAY19CLENYK,5051072.1,4319514.91,731557.19,-5234797.53,183725.43,30521901.9,69144143,3
KXWCADVANCE-26JUN29GERPAR,-2276854.04,-2989696.8,712842.76,2276854.04,0.0,32282380.04,69057591,4
KXWCADVANCE-26JUL04PARFRA,-1305021.18,-1635976.51,330955.33,1305021.18,0.0,29163151.18,68248577,5
KXWCADVANCE-26JUL09FRAMAR,-2592408.6,-3218065.4,625656.8,2592408.6,0.0,28288858.6,68043289,6
KXNBAGAME-26MAY18SASOKC,2559286.66,1572443.23,986843.43,-2807092.96,247806.3,32053671.34,66691469,3
KXWCGAME-26JUN25JPNSWE,-8389063.43,-9284096.59,895033.16,8389063.43,0.0,28831128.43,66603926,33
KXWCGAME-26JUN21NZLEGY,-1063455.31,-1831592.35,768137.04,1063455.31,0.0,25928058.31,66567591,37
KXWCGAME-26JUN24RSAKOR,1879157.25,1084966.29,794190.96,-1879157.25,0.0,27066822.75,65742800,46
KXWCGAME-26JUN24CZEMEX,11940875.6,11107656.11,833219.49,-11940875.6,0.0,31284165.4,63720794,30
KXWCGAME-26JUN13BRAMAR,-9779765.35,-10595832.58,816067.23,9779765.35,0.0,29426175.35,63078788,60
KXPGATOUR-TRC26,-1307005.42,-1574389.46,267384.04,1239581.97,67423.45,12407755.42,62169321,8
KXPGATOUR-RBH26,-1028827.77,-1327834.24,299006.47,953442.58,75385.19,12812645.77,62163068,5
KXMAYORLA-26,-4931507.31,-5473394.81,541887.5,4931507.31,0.0,22276408.31,61822804,55
KXNBASERIES-26PHIBOSR1,4864096.99,4032574.57,831522.42,-5072739.03,208642.04,26535454.01,61755365,17
KXNBAGAME-26MAY11OKCLAL,-2566858.35,-3223421.57,656563.22,2401969.39,164888.96,26499511.35,60920336,11
KXWCGAME-26JUN19BRAHTI,-1041584.89,-1269531.28,227946.39,1041584.89,0.0,17103862.89,60746501,57
KXWCGAME-26JUN12USAPAR,11450390.0,10772890.15,677499.85,-11450390.0,0.0,23052555.0,60259451,59
KXWCGAME-26JUN27DZAAUT,-4020693.55,-4536954.6,516261.05,4020693.55,0.0,22354299.55,59071839,43
KXWCGAME-26JUN21BELIRI,-4680888.97,-5354335.87,673446.9,4680888.97,0.0,27377430.97,59012837,43
KXWCGAME-26JUN11KORCZE,5057569.44,4325067.28,732502.16,-5057569.44,0.0,23892328.56,58249006,22
KXNBAGAME-26APR24LALHOU,8322359.16,7619631.72,702727.44,-8498793.34,176434.18,24697866.84,57994854,10
KXWCGAME-26JUN14NEDJPN,-7887416.51,-8578831.38,691414.87,7887416.51,0.0,25076212.51,57231813,61
KXNBAGAME-26MAY20SASOKC,-4567645.72,-5235270.25,667624.53,4399915.71,167730.01,24668184.72,56830951,5
KXWCGAME-26JUN22ARGAUT,7590885.36,6960262.55,630622.81,-7590885.36,0.0,30837192.64,56724411,51
KXWCADVANCE-26JUN29NEDMAR,-1788461.8,-2614612.51,826150.71,1788461.8,0.0,27716139.8,56308183,4
KXWCGAME-26JUN19USAAUS,6791004.14,6200483.81,590520.33,-6791004.14,0.0,25218476.86,56297260,53
KXNBAGAME-26MAY22OKCSAS,-1750526.71,-2479853.53,729326.82,1567411.29,183115.42,27247028.71,55957508,7
KXNBAGAME-26MAY07LALOKC,-1657644.97,-2053827.82,396182.85,1558075.42,99569.55,22359743.97,55246503,7
KXWCGAME-26JUN26EGYIRI,-5348790.17,-5934282.49,585492.32,5348790.17,0.0,23764443.17,54897438,52
KXNBAGAME-26MAY26SASOKC,-3764940.44,-4414799.96,649859.52,3601773.93,163166.51,26483405.44,54881696,7
KXWCSCORE-26JUL18FRAENG,-2359030.31,-2591708.2,232677.89,2359030.31,0.0,10464573.31,54805821,4
KXWCGAME-26JUN17UZBCOL,650080.18,265123.66,384956.52,-650080.18,0.0,19861057.82,53302688,63
KXNBAGAME-26MAY24OKCSAS,-3244885.36,-3794822.32,549936.96,3106815.81,138069.55,22368206.36,52588697,9
KXMVESPORTSMULTIGAMEEXTENDED-S20262A7FA0AF08C,-290409.47,-360310.14,69900.67,290409.47,0.0,4609814.47,52247817,14
KXWCGAME-26JUN23PANCRO,1307882.73,769972.06,537910.67,-1307882.73,0.0,24302600.27,52132403,39
KXWCADVANCE-26JUL01ENGCOD,-2579615.22,-3108390.05,528774.83,2579615.22,0.0,23770429.22,51980702,5
KXUFCFIGHT-26MAY09CHISTR,13078411.93,12505749.74,572662.19,-13078411.93,0.0,18948147.07,51740996,8
KXWCGAME-26JUN17ENGCRO,920659.14,380164.91,540494.23,-920659.14,0.0,20453823.86,51107157,64
KXWCADVANCE-26JUL03AUSEGY,2949150.18,2236180.09,712970.09,-2949150.18,0.0,26423318.82,50886579,7
KXWCGAME-26JUN14AUSTUR,-1902765.88,-2521989.17,619223.29,1902765.88,0.0,22772652.88,50637472,24
KXWCGAME-26JUN17PORCOD,-7745033.85,-8218670.23,473636.38,7745033.85,0.0,24212100.85,50478260,27
KXWCADVANCE-26JUL04CANMAR,228374.37,-354013.22,582387.59,-228374.37,0.0,24110161.63,49232201,5
KXWCSCORE-26JUL15ENGARG,2139317.08,1914880.07,224437.01,-2139317.08,0.0,9444721.92,48991202,4
KXWCGAME-26JUN26URUESP,4639335.91,4073110.39,566225.52,-4639335.91,0.0,22619278.09,48942673,51
KXWCGAME-26JUN15IRINZL,-2121874.86,-2759999.13,638124.27,2121874.86,0.0,20828053.86,48669635,53
KXWCGAME-26JUN15KSAURU,-152648.48,-702847.28,550198.8,152648.48,0.0,19789505.48,48165993,56
KXWCGAME-26JUN24SUICAN,1938837.8,1398877.28,539960.52,-1938837.8,0.0,20563907.2,47600653,44
KXWCADVANCE-26JUL01USABIH,-292350.2,-663493.26,371143.06,292350.2,0.0,22950104.2,47120075,6
KXMVESPORTSMULTIGAMEEXTENDED-S2026D31F793F2C2,-734006.36,-802782.1,68775.74,734006.36,0.0,3628406.36,47064587,9
KXWCGAME-26JUN19SCOMAR,4333695.57,3862821.52,470874.05,-4333695.57,0.0,20428854.43,47014303,45
KXNBAGAME-26APR26LALHOU,-7306719.64,-7873241.22,566521.58,7164548.5,142171.14,19190402.64,46366023,13
KXWCGAME-26JUN16FRASEN,1420533.46,964215.55,456317.91,-1420533.46,0.0,19084682.54,45581155,62
KXNBAGAME-26MAY23NYKCLE,2194286.0,1620375.77,573910.23,-2338282.19,143996.19,20562917.0,45309328,7
KXWCGAME-26JUN15BELEGY,-4616836.0,-5184943.27,568107.27,4616836.0,0.0,21450412.0,45049847,52
KXNBAGAME-26APR25DENMIN,1195118.47,603614.54,591503.93,-1343464.89,148346.42,21073897.53,44728285,11
KXWCSCORE-26JUL14FRAESP,-655022.38,-877329.53,222307.15,655022.38,0.0,8447739.38,44256046,5
KXNBAGAME-26MAY13CLEDET,-21589.13,-572079.36,550490.23,-116609.94,138199.07,21071950.13,43031354,5
KXWCGOALLEADER-26,-1469538.14,-1722644.74,253106.6,1469538.14,0.0,10629814.14,42802736,96
KXMLBHRDERBY-26,-768196.8,-1158877.92,390681.12,768196.8,0.0,12172711.8,42504335,4
KXNBAGAME-26APR26SASPOR,3106076.18,2599674.98,506401.2,-3233061.27,126985.09,19002442.82,42482203,11
KXNBAGAME-26MAY04MINSAS,5523353.45,5043118.57,480234.88,-5643961.4,120607.95,17414365.55,41390015,5
KXWCGAME-26JUL18FRAENG,-544138.69,-920657.67,376518.98,544138.69,0.0,17874287.69,41139037,4
KXWCADVANCE-26JUN29BRAJPN,1976095.44,1466586.04,509509.4,-1976095.44,0.0,20449223.56,40649584,4
KXWCGAME-26JUL05MEXENG,-1936038.25,-2426071.54,490033.29,1936038.25,0.0,19279411.25,40648465,5
KXWCGAME-26JUN13QATSUI,-3129222.32,-3322997.26,193774.94,3129222.32,0.0,14647232.32,40354749,59
KXNBAGAME-26MAY28OKCSAS,-1723285.73,-2206212.39,482926.66,1601949.91,121335.82,17618392.73,40344776,5
KXWCGAME-26JUN17AUTJOR,-675519.43,-1014459.7,338940.27,675519.43,0.0,15154244.43,40214273,55
KXWCGAME-26JUN14GERCUW,-724501.6,-819034.89,94533.29,724501.6,0.0,9554587.6,40014551,60
KXATPMATCH-26JUN01TIAARN,-697073.17,-1210359.15,513285.98,568322.33,128750.84,20216911.17,39804401,3
KXWCSCORE-26JUL11NORENG,-600463.5,-784873.25,184409.75,600463.5,0.0,8034887.5,39547895,3
KXWCGAME-26JUN16IRQNOR,-1028879.15,-1245145.97,216266.82,1028879.15,0.0,12275680.15,39481199,25
KXNBASERIES-26TORCLER1,-1717663.78,-2136330.33,418666.55,1612562.78,105101.0,16871111.78,39364132,19
KXNBAGAME-26APR29HOULAL,-2743248.81,-3207485.74,464236.93,2626730.69,116518.12,18919235.81,38588592,4
KXWCSCORE-26JUL05MEXENG,-353881.2,-572233.9,218352.7,353881.2,0.0,9374872.2,38559172,3
KXNHL-26,-572905.27,-884327.93,311422.66,494620.53,78284.74,12534174.27,38520818,61
KXIPL-26,-561578.56,-874313.17,312734.61,561578.56,0.0,16042389.56,38490812,47
KXNBAGAME-26MAY25NYKCLE,1883419.22,1483812.53,399606.69,-1983783.51,100364.29,17038533.78,38077973,9
KXNBAGAME-26MAY05LALOKC,-1759736.95,-2026757.08,267020.13,1692542.46,67194.49,14277701.95,38036978,4
KXWCGAME-26JUN23PORUZB,885263.56,745802.43,139461.13,-885263.56,0.0,16337571.44,37780605,53
KXWCGAME-26JUN16ARGDZA,3390462.42,3001969.62,388492.8,-3390462.42,0.0,18005036.58,37278250,59
KXWCGAME-26JUN27CROGHA,-161298.14,-539991.99,378693.85,161298.14,0.0,16339565.14,37190723,50
KXATP-26WIM,-54185.77,-386573.78,332388.01,54185.77,0.0,15902460.77,36945356,35
KXNBAGAME-26MAY09OKCLAL,-1735069.91,-2072574.14,337504.23,1650300.51,84769.4,15940208.91,36611478,8
KXNBAGAME-26MAY21CLENYK,-1667166.89,-2058342.93,391176.04,1568900.31,98266.58,16016991.89,36305849,5
KXNBAGAME-26MAY12MINSAS,-1552023.42,-1828855.89,276832.47,1482441.82,69581.6,15076430.42,35822372,6
KXNBAGAME-26MAY08SASMIN,-2132934.3,-2573985.72,441051.42,2022227.61,110706.69,16208744.3,35736107,9
KXNBAGAME-26APR23NYKATL,-2632288.96,-3148820.57,516531.61,2502726.83,129562.13,16987705.96,35708866,9
KXNBAGAME-26APR15GSWLAC,3401708.53,2961453.67,440254.86,-3512210.04,110501.51,15807029.47,35647325,2
KXNBAGAME-26APR21HOULAL,1831735.77,1325778.93,505956.84,-1958702.71,126966.94,16512887.23,35425512,8
KXWCGAME-26JUN20NEDSWE,2316390.33,2014649.9,301740.43,-2316390.33,0.0,13850340.67,35340629,28
KXWCADVANCE-26JUL03COLGHA,-352835.98,-638472.47,285636.49,352835.98,0.0,17642184.98,35166756,7
KXNBAGAME-26APR20MINDEN,1505068.44,1058316.37,446752.07,-1617211.72,112143.28,16344237.56,35122248,7
KXNBAGAME-26APR24SASPOR,1336993.08,879749.3,457243.78,-1451697.24,114704.16,15843923.92,35088768,11
KXMVESPORTSMULTIGAMEEXTENDED-S2026F84712B4878,-500388.04,-571932.42,71544.38,500388.04,0.0,3415520.04,34777054,9
KXWCGAME-26JUL10ESPBEL,-2614319.13,-3034859.31,420540.18,2614319.13,0.0,14420285.13,34695414,5
KXNBAGAME-26MAY01DETORL,1630011.12,1231737.47,398273.65,-1729944.61,99933.49,15969986.88,34677364,3
KXMVESPORTSMULTIGAMEEXTENDED-S2026C6D9D36AB23,-672766.94,-752053.81,79286.87,672766.94,0.0,1894983.94,34631140,16
KXWCGAME-26JUL03ARGCPV,-576991.27,-826567.95,249576.68,576991.27,0.0,14040494.27,34431248,8
KXWCGAME-26JUL19ESPARG,-1168954.61,-1571743.58,402788.97,1168954.61,0.0,12936451.61,34287216,5
KXWCSCORE-26JUL06USABEL,-1278871.39,-1457271.68,178400.29,1278871.39,0.0,7672015.39,34250746,3
KXNBAGAME-26APR27DETORL,-524387.93,-1009256.28,484868.35,402780.72,121607.21,15820512.93,34080819,7
KXWCGAME-26JUL07ARGEGY,-1384985.38,-1731215.59,346230.21,1384985.38,0.0,15778913.38,34058673,5
KXNBAGAME-26APR21PORSAS,2392236.47,2016141.77,376094.7,-2486661.7,94425.23,15668874.53,33704091,7
KXNBAGAME-26APR17GSWPHX,-2518485.0,-2919630.0,401145.0,2417787.39,100697.61,14421016.0,33015157,3
KXNBAGAME-26MAY01LALHOU,3528318.81,3151796.98,376521.83,-3622836.52,94517.71,14033535.19,32779748,3
KXNBAGAME-26MAY11DETCLE,-1868501.93,-2195326.45,326824.52,1786469.41,82032.52,14767227.93,32771267,8
KXWCGAME-26JUN26NZLBEL,-845029.12,-984404.86,139375.74,845029.12,0.0,8337071.12,32556874,47
KXWCGAME-26JUN27PANENG,-510295.82,-693195.6,182899.78,510295.82,0.0,11993124.82,32320824,60
KXWCGAME-26JUN13HTISCO,2360912.65,2003031.57,357881.08,-2360912.65,0.0,15209024.35,32245563,54
KXWCGAME-26JUN14CIVECU,-1905634.06,-2290764.52,385130.46,1905634.06,0.0,13257630.06,32201359,59
KXNBAGAME-26MAY09DETCLE,-705797.67,-1113214.67,407417.0,603593.11,102204.56,15986476.67,31939220,6
KXWCSCORE-26JUL11ARGSUI,-817164.83,-992874.04,175709.21,817164.83,0.0,6765864.83,31808016,3
KXWCGAME-26JUL11ARGSUI,683391.57,311015.38,372376.19,-683391.57,0.0,14601340.43,31340750,5
KXWCGAME-26JUN18CZERSA,1311318.1,952030.15,359287.95,-1311318.1,0.0,13735606.9,31258615,27
KXSENATEMID-26,-407845.5,-542409.63,134564.12,407845.5,0.0,10224873.5,31243173,113
KXWCADVANCE-26JUL02SUIDZA,895332.13,567552.31,327779.82,-895332.13,0.0,16591925.87,31183619,6
KXNBAGAME-26APR19ORLDET,-1321251.87,-1724781.19,403529.32,1220010.17,101241.7,15824555.87,31151923,2
KXWCGAME-26JUL02PORCRO,-463343.24,-802500.25,339157.01,463343.24,0.0,14193658.24,31058250,6
KXWCADVANCE-26JUN30CIVNOR,1027689.18,614423.9,413265.28,-1027689.18,0.0,16107580.82,30901825,5
KXNBAGAME-26MAY15SASMIN,-1335616.13,-1576430.03,240813.9,1275065.67,60550.46,11736360.13,30816996,6
KXWCGAME-26JUL14FRAESP,-840670.27,-1183161.54,342491.27,840670.27,0.0,14290239.27,30790704,5
KXNBASERIES-26ORLDETR1,-1999104.37,-2293131.57,294027.2,1925259.91,73844.46,12923961.37,30749874,17
KXUFCFIGHT-26JUN14PERGAN,-7522423.97,-7984419.32,461995.35,7522423.97,0.0,13751588.97,30711229,29
KXNBAGAME-26APR23DENMIN,-1236138.45,-1485394.04,249255.59,1173543.47,62594.98,12709309.45,30668698,10
KXWCSCORE-26JUL10ESPBEL,1328675.25,1152294.73,176380.52,-1328675.25,0.0,6574296.75,30363046,3
KXMVESPORTSMULTIGAMEEXTENDED-S20264A7581BA54D,-1095849.21,-1169592.41,73743.2,1095849.21,0.0,1294530.21,29566619,5
KXNBAGAME-26APR22PHXOKC,-1127647.9,-1266947.73,139299.83,1092555.84,35092.06,8825320.9,29543630,6
KXNBAGAME-26MAY06PHINYK,-1127649.66,-1481262.32,353612.66,1038859.44,88790.22,14255569.66,29536884,5
KXMVESPORTSMULTIGAMEEXTENDED-S20266B32BBFAC0F,704918.65,565984.75,138933.9,-704918.65,0.0,3937342.35,29407429,5
KXWCGAME-26JUN24SCOBRA,2139176.05,1920536.2,218639.85,-2139176.05,0.0,15128369.95,29329875,51
KXNBAGAME-26APR18HOULAL,757591.72,390019.44,367572.28,-849834.94,92243.22,14130498.28,29103062,4
KXWCGAME-26JUL15ENGARG,-182146.45,-502526.44,320379.99,182146.45,0.0,13484197.45,29080284,4
KXNBAGAME-26MAY15DETCLE,771023.89,415747.34,355276.55,-860193.2,89169.31,12739236.11,29033668,4
KXNBAGAME-26APR25DETORL,-1738699.6,-2084256.69,345557.09,1651983.54,86716.06,12807152.6,28934879,8
KXNBAGAME-26APR21PHIBOS,1263669.33,957519.02,306150.31,-1340538.52,76869.19,13030774.67,28880511,6
KXWCGAME-26JUN14SWETUN,3172136.08,2872906.31,299229.77,-3172136.08,0.0,12131160.92,28831028,24
KXNBAGAME-26APR26CLETOR,-255158.19,-612823.61,357665.42,165408.9,89749.29,13820078.19,28152677,12
KXIPLGAME-26MAY271000RRSRH,-1210461.84,-1492365.42,281903.58,1210461.84,0.0,13334193.84,28011505,4
KXNBAEAST-26,727729.94,501352.49,226377.45,-784570.98,56841.04,10996194.06,27897563,41
KXIPLGAME-26MAY07RCBLSG,-1183219.44,-1510054.13,326834.69,1183219.44,0.0,13937319.44,27657007,9
KXNBAGAME-26APR27MINDEN,-1732434.86,-1927595.89,195161.03,1683388.06,49046.8,9388375.86,27089765,8
KXWCGAME-26JUL01BELSEN,-2336139.61,-2586918.15,250778.54,2336139.61,0.0,12127056.61,26967420,5
KXWCGAME-26JUL06USABEL,-1304646.67,-1614869.09,310222.42,1304646.67,0.0,12464494.67,26966915,6
KXWCGAME-26JUN26SENIRQ,-418340.32,-508265.29,89924.97,418340.32,0.0,7347767.32,26708611,34
KXNBAGAME-26APR25NYKATL,1211560.18,943022.42,268537.76,-1278939.48,67379.3,12935767.82,26685655,11
KXNBAGAME-26APR26BOSPHI,-1629441.86,-1849388.17,219946.31,1574227.96,55213.9,11430640.86,26531181,11
KXIPLGAME-26APR26KKRLSG,-1002326.56,-1320563.76,318237.2,1002326.56,0.0,13621696.56,26468098,9
KXNBAGAME-26APR17CHAORL,-1825600.02,-2076632.04,251032.02,1762581.55,63018.47,11674452.02,26379365,2
KXWCGAME-26JUN18SUIBIH,-487017.02,-765418.59,278401.57,487017.02,0.0,10674361.02,26205699,25
KXNBAGAME-26MAY01CLETOR,-432670.83,-795241.73,362570.9,341649.67,91021.16,12732968.83,26188802,5
KXNBAGAME-26APR20ATLNYK,-1092521.04,-1337899.3,245378.26,1030874.01,61647.03,13076388.04,26108575,6
KXWCGAME-26JUN21ESPKSA,-254786.54,-348682.11,93895.57,254786.54,0.0,7753708.54,25921068,65
KXWCGAME-26JUN26CPVKSA,-1664470.53,-2016132.67,351662.14,1664470.53,0.0,11354723.53,25912819,33
KXNBAGAME-26MAY06MINSAS,-1593987.51,-1780103.92,186116.41,1547210.48,46777.03,8672613.51,25908561,7
KXWCGOAL-26JUL19ESPARG-ARGLMESSI10,-3367635.7,-3560618.52,192982.82,3367635.7,0.0,5687602.7,25547793,5
KXWCGAME-26JUN25PARAUS,-3281904.46,-3584843.67,302939.21,3281904.46,0.0,9667091.46,25503165,42
KXMVESPORTSMULTIGAMEEXTENDED-S202637CCD68A903,-411650.21,-451841.95,40191.74,411650.21,0.0,1831193.21,25354371,6
KXMVESPORTSMULTIGAMEEXTENDED-S2026FBF6690F81A,-717557.04,-780314.71,62757.68,717557.04,0.0,2411473.04,25322102,13
KXPGATOUR-ZUCONO26,370589.93,259843.7,110746.23,-398525.65,27935.72,6134584.07,25285537,7
KXIPLGAME-26APR29SRHMI,1825610.36,1499667.53,325942.83,-1825610.36,0.0,11298580.64,25200855,9
KXWCGAME-26JUL11NORENG,-288673.2,-601259.46,312586.26,288673.2,0.0,10889873.2,25068997,6
KXNBAGAME-26MAY07CLEDET,-561074.04,-861528.37,300454.33,485665.74,75408.3,12162831.04,24392634,4
KXNBAGAME-26APR30BOSPHI,557749.16,298928.95,258820.21,-622709.76,64960.6,11675351.84,24308868,3
KXNBAGAME-26APR28PORSAS,-763885.72,-887513.69,123627.97,732832.99,31052.73,8659393.72,24271064,5
KXNBAGAME-26APR29ORLDET,-1217877.24,-1411943.12,194065.88,1169103.98,48773.26,10540184.24,24256368,3
KXWCGAME-26JUN30MEXECU,2029273.26,1747506.36,281766.9,-2029273.26,0.0,10744969.74,24005080,5
KXWCGAME-26JUN11MEXRSA,1397925.53,1209132.06,188793.47,-1397925.53,0.0,9446866.47,23836776,58
KXWCGOAL-26JUL11ARGSUI-ARGLMESSI10,-5934337.0,-6227638.08,293301.08,5934337.0,0.0,9140116.0,23817811,4
KXIPLGAME-26MAY11DCPBKS,-555720.7,-826388.13,270667.43,555720.7,0.0,11650661.7,23653977,8
KXNBAGAME-26APR28ATLNYK,-1013811.87,-1172951.73,159139.86,973874.92,39936.95,11795456.87,23399333,4
KXATPMATCH-26MAY29FONDJO,-1523051.78,-1818088.62,295036.84,1449059.25,73992.53,12124056.78,23385665,3
KXWCGAME-26JUN29BRAJPN,1219885.07,948486.42,271398.65,-1219885.07,0.0,10750787.93,23237246,4
KXIPLGAME-26MAY03PBKSGT,-607292.45,-842040.86,234748.41,607292.45,0.0,11571294.45,23024383,9
KXPGATOUR-ISC26,-360994.69,-456359.9,95365.21,336782.68,24212.01,5282030.69,22799899,8
KXWCGAME-26JUN29GERPAR,-1707777.58,-1955119.88,247342.3,1707777.58,0.0,10670081.58,22742956,3
KXNBAGAME-26APR25OKCPHX,-890028.97,-1072034.53,182005.56,844322.85,45706.12,8696335.97,22576225,8
KXIPLGAME-26MAY01DCRR,2230109.68,1931588.37,298521.31,-2230109.68,0.0,10947664.32,22468144,9
KXNBAGAME-26APR29TORCLE,-1212872.81,-1452259.26,239386.45,1152784.4,60088.41,10174361.81,22235030,3
KXUFCFIGHT-26JUL11SAIPIM,6296609.56,5977238.37,319371.19,-6296609.56,0.0,9218922.44,22185090,13
KXNBAGAME-26MAY04PHINYK,-1509806.85,-1724650.58,214843.73,1455841.57,53965.28,10028731.85,21796244,3
KXNBAGAME-26MAY05CLEDET,-775343.71,-1027856.81,252513.1,711941.64,63402.07,10196294.71,21364322,2
KXIPLGAME-26MAY291000RRGT,1363279.23,1096430.06,266849.17,-1363279.23,0.0,10037699.77,21245895,3
KXKY4R-26,-1156040.73,-1324032.15,167991.42,1156040.73,0.0,7941589.73,21100749,35
KXIPLGAME-26MAY06PBKSSRH,-1223290.98,-1445485.44,222194.46,1223290.98,0.0,9249919.98,20969669,9
KXMLBGAME-26JUN072030SFCHC,-278107.09,-617240.8,339133.71,192988.77,85118.32,10352873.09,20881130,4
KXMVESPORTSMULTIGAMEEXTENDED-S202609506CD2247,-2170643.22,-2319288.82,148645.6,2170643.22,0.0,3395703.22,20847427,5
KXWCGAME-26JUN29NEDMAR,-1115096.94,-1342385.34,227288.4,1115096.94,0.0,9034557.94,20806314,4
KXUCLGAME-26MAY30PSGARS,-3714829.29,-4008068.3,293239.01,3641164.04,73665.25,8854685.29,20780306,24
KXIPLGAME-26MAY16GTKKR,-1218823.24,-1425919.43,207096.19,1218823.24,0.0,9303572.24,20728475,9
KXNBAGAME-26APR24BOSPHI,-1104831.61,-1343370.86,238539.25,1044920.37,59911.24,9143038.61,20695164,9
KXNBAGAME-26MAY10NYKPHI,1069442.18,886231.65,183210.53,-1115430.24,45988.06,10957084.82,20619892,9
KXNBAGAME-26APR22ORLDET,-1244580.02,-1435990.85,191410.83,1196502.78,48077.24,7266030.02,20550731,5
KXMVESPORTSMULTIGAMEEXTENDED-S2026014389D4A53,375683.28,352144.03,23539.25,-375683.28,0.0,678437.72,20477488,11
KXMLBGAME-26AUG061910CWSBOS,863819.56,560835.33,302984.23,-939979.44,76159.88,9920746.44,20468700,4
KXWCSCORE-26JUL03ARGCPV,-1261178.33,-1405162.94,143984.61,1261178.33,0.0,5061853.33,20244069,3
KXIPLGAME-26APR30RCBGT,-1055694.08,-1235319.9,179625.82,1055694.08,0.0,8549922.08,20211868,9
KXNBAGAME-26APR18MINDEN,-147572.44,-369768.78,222196.34,91778.72,55793.72,9419308.44,19973409,4
KXIPLGAME-26MAY221000RCBSRH,-343033.37,-554989.33,211955.96,343033.37,0.0,9217161.37,19973134,9
KXWCGAME-26JUL01ENGCOD,-1082376.9,-1295313.46,212936.56,1082376.9,0.0,9285578.9,19959754,5
KXIPLGAME-26MAY261000GTRCB,-1150113.78,-1360203.67,210089.89,1150113.78,0.0,8877518.78,19510910,5
KXWCGAME-26JUL05BRANOR,-911120.62,-1125943.81,214823.19,911120.62,0.0,8492337.62,19472712,6
KXWCGAME-26JUN25CUWCIV,-448016.96,-534922.71,86905.75,448016.96,0.0,5731680.96,19373708,39
KXATPMATCH-26MAY29RUUPAU,-468584.42,-753899.95,285315.53,397033.49,71550.93,10082130.42,19365144,3
KXIPLGAME-26MAY14MIPBKS,-83816.55,-370957.84,287141.29,83816.55,0.0,9462915.55,19352304,9
KXWCGAME-26JUL04CANMAR,1040008.75,803195.51,236813.24,-1040008.75,0.0,9037964.25,19334409,5
KXNBAGAME-26APR27OKCPHX,-427152.42,-573299.69,146147.27,390410.85,36741.57,8320876.42,19290266,8
KXUFCFIGHT-26JUN14HOKLEW,-2330473.17,-2532874.7,202401.53,2330473.17,0.0,6287065.17,19262849,28
KXPGAR1LEAD-THOC26,-480340.25,-532052.7,51712.44,480340.25,0.0,2092260.25,19226891,25
KXIPLGAME-26MAY201000MIKKR,-672642.1,-836070.38,163428.28,672642.1,0.0,8971644.1,18894563,9
KXATPMATCH-26JUN03AUGCOB,-975725.21,-1244848.56,269123.35,908277.34,67447.87,9637377.21,18842001,3
KXMLBGAME-26JUN082205MILATH,1204959.49,978395.17,226564.32,-1262027.31,57067.82,9060409.51,18796750,5
KXUFCMOV-26JUL11MCGHOL,-794060.44,-925051.46,130991.02,794060.44,0.0,3012253.44,18663554,4
KXNBASPREAD-26JUN13NYKSAS,-42205.98,-321257.4,279051.42,-27966.82,70172.8,9409014.98,18643539,4
KXIPLGAME-26APR25PBKSDC,1282979.59,1046857.88,236121.71,-1282979.59,0.0,8429750.41,18440591,9
KXPGAR1LEAD-PGC26,-325237.25,-353133.78,27896.53,325237.25,0.0,1329612.25,18204693,30
KXWCGAME-26JUL06PORESP,-214314.48,-426054.81,211740.33,214314.48,0.0,8231547.48,18136933,5
KXATPMATCH-26MAY31MENRUB,469454.69,201981.3,267473.39,-536489.45,67034.76,9245693.31,18130606,3
KXIPLGAME-26MAY211000CSKGT,-210854.31,-376427.38,165573.07,210854.31,0.0,9685210.31,18104063,9
KXWCGOAL-26JUL11NORENG-NOREHAALA9,-4150352.33,-4364840.42,214488.09,4150352.33,0.0,7047022.33,18073761,6
KXWCSCORE-26JUL02PORCRO,677252.56,565740.37,111512.19,-677252.56,0.0,4887556.44,17915832,3
KXIPLGAME-26MAY04LSGMI,1697605.19,1474055.38,223549.81,-1697605.19,0.0,8344041.81,17914634,9
KXWCGAME-26JUN28RSACAN,-336976.53,-545275.72,208299.19,336976.53,0.0,8109302.53,17893245,4
KXIPLGAME-26MAY191000LSGRR,981739.98,765420.28,216319.7,-981739.98,0.0,8429649.02,17793064,9
KXUCLGAME-26MAY06BMUPSG,-1859500.62,-2066523.64,207023.02,1807428.13,52072.49,6665745.62,17751740,17
KXATPMATCH-26JUN02MENFON,489869.85,240436.91,249432.94,-552423.99,62554.14,8844378.15,17729796,3
KXNBASPREAD-26JUN10SASNYK,-288650.35,-542652.75,254002.4,224732.86,63917.49,8719986.35,17725741,3
KXMLBGAME-26JUN281920NYYBOS,-986502.9,-1215918.73,229415.83,928777.04,57725.86,8512057.9,17662552,4
KXIPLGAME-26APR25SRHRR,1744426.4,1542697.79,201728.61,-1744426.4,0.0,7871735.6,17577171,8
KXIPLGAME-26MAY17RRDC,1049012.58,840689.78,208322.8,-1049012.58,0.0,9083940.42,17573121,9
KXIPLGAME-26MAY231000PBKSLSG,1282823.93,1061592.11,221231.82,-1282823.93,0.0,9131963.07,17425359,9
KXIPLGAME-26APR18CSKSRH,939012.04,716281.24,222730.8,-939012.04,0.0,8408776.96,17401499,4
KXWCGAME-26JUL07SUICOL,-555204.88,-778535.69,223330.81,555204.88,0.0,7878036.88,17381585,4
KXIPLGAME-26MAY240600RRMI,-104571.04,-327195.6,222624.56,104571.04,0.0,8912797.04,17369772,9
KXMVESPORTSMULTIGAMEEXTENDED-S202662D8992D288,-324157.49,-352789.05,28631.56,324157.49,0.0,949575.49,17268581,4
KXIPLGAME-26MAY15CSKLSG,-239510.62,-413147.05,173636.43,239510.62,0.0,8390552.62,17109191,8
KXNBASPREAD-26JUN05NYKSAS,-686971.29,-937783.49,250812.2,623934.24,63037.05,8517102.29,17108223,3
KXWCSCORE-26JUL01USABIH,638128.68,523953.03,114175.65,-638128.68,0.0,4530058.32,16837667,3
KXNHLGAME-26JUN04VGKCAR,723307.62,496020.67,227286.95,-780452.09,57144.47,8181291.38,16584252,6
KXIPLGAME-26MAY12SRHGT,-287401.83,-480153.66,192751.83,287401.83,0.0,7160601.83,16435014,9
KXMLBGAME-26JUL191920LADNYY,-1446850.37,-1683774.58,236924.21,1387242.06,59608.31,8326167.37,16277462,4
KXIPLGAME-26MAY18SRHCSK,889571.98,671601.12,217970.86,-889571.98,0.0,8317407.02,16220725,9
KXNBASPREAD-26MAY25NYKCLE,2724085.22,2491304.7,232780.52,-2782554.77,58469.55,7770095.78,16217905,3
KXIPLGAME-26APR22RRLSG,-380161.41,-580968.59,200807.18,380161.41,0.0,7720960.41,16153790,8
KXNBASPREAD-26JUN03NYKSAS,-877025.96,-1118852.59,241826.63,816237.45,60788.51,8023142.96,16119631,5
KXMLBGAME-26JUL062210COLLAD,-348438.26,-530237.85,181799.59,302669.76,45768.5,7944409.26,16062211,5
KXIPLGAME-26MAY09GTRR,-824831.86,-1006201.93,181370.07,824831.86,0.0,7786113.86,15943573,9
KXWCSCORE-26JUL07SUICOL,-419598.21,-491964.29,72366.08,419598.21,0.0,3193246.21,15897942,3
KXMVESPORTSMULTIGAMEEXTENDED-S2026769CE3FA3F9,-743082.26,-794296.93,51214.67,743082.26,0.0,878165.26,15870989,4
KXWCMATCHUP-26FIN,-574053.13,-698738.67,124685.55,574053.13,0.0,4426353.13,15735467,17
KXMVESPORTSMULTIGAMEEXTENDED-S202637D6E1B4F28,-625001.7,-667001.82,42000.12,625001.7,0.0,625001.7,15625010,1
KXNBASPREAD-26JUN08SASNYK,-136171.9,-364218.44,228046.54,78838.08,57333.82,7634181.9,15575700,4
KXIPLGAME-26MAY02MICSK,-636631.28,-815435.42,178804.14,636631.28,0.0,7783179.28,15411108,9
KXMLBGAME-26MAY251335TBBAL,-1343572.89,-1574603.83,231030.94,1285523.4,58049.49,7877345.89,15378773,4
KXATPMATCH-26MAY31RUUFON,-192206.32,-386036.67,193830.35,143571.73,48634.59,7481529.32,15366572,3
KXMLBGAME-26JUL272138HOULAA,1045969.46,900966.63,145002.83,-1082512.37,36542.91,6898690.54,15314085,5
KXWCTOTAL-26JUL15ENGARG,1209642.55,1032866.01,176776.54,-1209642.55,0.0,7834875.45,15283809,4
KXWCTOTAL-26JUL05MEXENG,961157.15,783169.99,177987.16,-961157.15,0.0,7877217.85,15203013,5
KXATPMATCH-26JUL10SINDJO,-322005.15,-413475.53,91470.38,298999.14,23006.01,5963386.15,15163227,4
KXIPLGAME-26APR24GTRCB,438199.46,277076.64,161122.82,-438199.46,0.0,7732819.54,15135802,8
KXUFCFIGHT-26MAY16ROUCAR,-1710171.58,-1863288.9,153117.32,1710171.58,0.0,4467801.58,15046150,19
KXMLBGAME-26JUL102215COLSF,-614871.39,-786714.0,171842.61,571597.97,43273.42,7614385.39,15017907,4
KXMVESPORTSMULTIGAMEEXTENDED-S20266A072A23628,-1238626.49,-1427223.62,188597.13,1238626.49,0.0,5000384.49,14989001,6
KXMVESPORTSMULTIGAMEEXTENDED-S202635B739525C5,-377131.28,-416247.25,39115.97,377131.28,0.0,1628503.28,14843885,6
KXNBATOTAL-26MAY17CLEDET,1800977.39,1598151.05,202826.34,-1851904.2,50926.81,7242206.61,14645436,3
KXNBAGAME-26APR30NYKATL,427492.44,302257.04,125235.4,-458948.55,31456.11,6204431.56,14625508,4
KXNHLGAME-26JUN11VGKCAR,-927560.46,-1097086.01,169525.55,884921.93,42638.53,6331515.46,14606084,7
KXNBAGAME-26APR23CLETOR,-707124.41,-907301.02,200176.61,656880.1,50244.31,6543479.41,14594463,9
KXIPLGAME-26MAY05CSKDC,-384634.85,-544730.72,160095.87,384634.85,0.0,7199580.85,14590179,9
KXMLBGAME-26JUL261920NYYPHI,-577430.34,-707094.5,129664.16,544777.88,32652.46,5896605.34,14496764,4
KXMVESPORTSMULTIGAMEEXTENDED-S2026FC1AADD5787,-782767.79,-926290.45,143522.66,782767.79,0.0,3372850.79,14467247,13
KXFOWOMEN-26,-323787.64,-443047.38,119259.74,293804.84,29982.8,6067664.64,14452434,53
KXNBASERIES-26HOULALR1,1272604.43,1118120.39,154484.04,-1311484.31,38879.88,7017194.57,14448193,18
KXWCTOTAL-26JUL19ESPARG,-2096443.37,-2264400.31,167956.94,2096443.37,0.0,7002741.37,14414247,5
KXODIMATCH-26JUL190600INDENG,-760504.15,-906679.14,146174.99,760504.15,0.0,6449250.15,14324620,4
KXNBASPREAD-26MAY19CLENYK,967286.21,763932.82,203353.39,-1018404.33,51118.12,7017322.79,14312517,3
KXWCGAME-26JUL03COLGHA,-200329.72,-317993.25,117663.53,200329.72,0.0,5723269.72,14284597,7
KXMLBGAME-26JUL241610COLMIL,-722250.31,-895264.04,173013.73,678716.16,43534.15,7775440.31,14262330,4
KXNHLGAME-26JUN09CARVGK,-421484.81,-628560.79,207075.98,369420.7,52064.11,6482679.81,14245796,11
KXWCGOAL-26JUL09FRAMAR-FRAKMBAPP10,1197898.16,1026219.41,171678.75,-1197898.16,0.0,5373029.84,14195700,5
KXNBASPREAD-26MAY28OKCSAS,1079728.2,873982.9,205745.3,-1131421.75,51693.55,6929042.8,14186397,3
KXMVESPORTSMULTIGAMEEXTENDED-S202690564B92392,-1239588.27,-1342216.89,102628.62,1239588.27,0.0,2787039.27,14126125,10
KXMVESPORTSMULTIGAMEEXTENDED-S20266988CF83C2D,-506049.91,-539241.69,33191.78,506049.91,0.0,614252.91,14048659,5
KXWCGAME-26JUN30CIVNOR,836186.94,663143.09,173043.85,-836186.94,0.0,6428600.06,14027018,5
KXWCFINISHINGORDER-26,-1561220.55,-1713415.51,152194.96,1561220.55,0.0,4943458.55,13972546,7
KXWCBTTS-26JUL19ESPARG,-4187476.95,-4403046.89,215569.94,4187476.95,0.0,7544040.95,13972495,5
KXATPMATCH-26MAY13JODDAR,-399295.53,-586268.0,186972.47,352390.81,46904.72,7054491.53,13953178,2
KXMLBGAME-26JUN071610LAALAD,-1177568.36,-1335229.05,157660.69,1137948.93,39619.43,6472402.36,13949206,4
KXIPLGAME-26MAY17RCBPBKS,-601016.25,-746862.49,145846.24,601016.25,0.0,7167780.25,13894744,9
KXWCSPREAD-26JUN19BRAHTI,411221.66,247768.98,163452.68,-411221.66,0.0,7008393.34,13844432,13
KXMVESPORTSMULTIGAMEEXTENDED-S202643DAF31BC92,-513663.7,-557584.28,43920.58,513663.7,0.0,1647728.7,13817966,6
KXWCGAME-26JUN30FRASWE,498104.5,395704.53,102399.97,-498104.5,0.0,7121562.5,13685973,5
KXIPLGAME-26MAY10LSGCSK,477248.22,335376.92,141871.3,-477248.22,0.0,6540543.78,13639030,9
KXNHLGAME-26JUN14CARVGK,-471136.71,-645955.37,174818.66,427190.91,43945.8,6821113.71,13638650,5
KXNBATOTAL-26MAY24OKCSAS,-2057555.03,-2251044.3,193489.27,2008950.55,48604.48,6997943.03,13613336,3
KXUFCFIGHT-26JUN14RUFCHA,-1573064.14,-1708636.27,135572.13,1573064.14,0.0,3848217.14,13489505,28
KXWCSPREAD-26JUN21TUNJPN,3631468.0,3454895.84,176572.16,-3631468.0,0.0,5924657.0,13400311,15
KXMLBGAME-26JUN092140CINSD,-115039.99,-316277.5,201237.51,64498.97,50541.02,6621060.99,13264784,5
KXNBASPREAD-26MAY26SASOKC,-684172.65,-875639.49,191466.84,636051.95,48120.7,6602625.65,13259017,3
KXMLBGAME-26JUN242145ATHSF,-327040.43,-530315.47,203275.04,276010.23,51030.2,6284962.43,13172545,4
KXATPMATCH-26JUL04TIABUB,-392995.06,-577370.32,184375.26,346723.91,46271.15,6620167.06,13139486,3
KXMLBGAME-26JUL271910CLECIN,-929497.29,-1110819.09,181321.8,883881.37,45615.92,6585288.29,13129693,5
KXUFCFIGHT-26JUL18DUUSM,-361946.31,-512291.4,150345.09,361946.31,0.0,6119370.31,13081365,7
KXUCLGAME-26APR15BMURMA,-701236.6,-846954.25,145717.65,664550.14,36686.46,5101901.6,12971893,1
KXATPMATCH-26MAY30FARTIA,1038005.74,875622.24,162383.5,-1078743.58,40737.84,6214874.26,12937016,3
KXMVESPORTSMULTIGAMEEXTENDED-S20268F6D424C167,-1523740.41,-1675800.47,152060.05,1523740.41,0.0,4618512.41,12917360,5
KXWCSCORE-26JUL04CANMAR,-809706.19,-903692.04,93985.85,809706.19,0.0,3806633.19,12893056,3
KXWTAMATCH-26JUN04SHNCHW,877165.34,681373.86,195791.48,-926225.75,49060.41,6525631.66,12876303,2
KXMLBGAME-26JUN012138COLLAA,-323022.71,-464460.45,141437.74,287457.59,35565.12,6351207.71,12873039,5
KXATPMATCH-26AUG01NORSHA,-307588.69,-490618.15,183029.46,261571.7,46016.99,6266645.69,12848601,2
KXWCSPREAD-26JUN22FRAIRQ,902645.89,736109.37,166536.52,-902645.89,0.0,6701058.11,12820055,16
KXIPLGAME-26APR23CSKMI,-710691.31,-867299.91,156608.6,710691.31,0.0,5768637.31,12784354,8
KXNBASPREAD-26MAY20SASOKC,-348959.1,-539488.49,190529.39,301069.93,47889.17,6340841.1,12777506,3
KXMVESPORTSMULTIGAMEEXTENDED-S202665A48B4FA67,-431412.93,-591759.29,160346.35,431412.93,0.0,4385615.93,12767062,4
KXMLBGAME-26JUL032145MILAZ,745908.44,574328.23,171580.21,-789071.22,43162.78,6371481.56,12748726,5
KXWCGAME-26JUL02SUIDZA,768614.58,637758.3,130856.28,-768614.58,0.0,6080890.42,12746210,6
KXMVESPORTSMULTIGAMEEXTENDED-S20265428A570682,-1664986.37,-1765309.12,100322.75,1664986.37,0.0,2880410.37,12716145,8
KXWCTOTAL-26JUL09FRAMAR,-376790.18,-530225.13,153434.95,376790.18,0.0,6537124.18,12626583,6
KXWCTOTAL-26JUL07ARGEGY,422300.41,289570.49,132729.92,-422300.41,0.0,6569241.59,12607446,5
KXIPLGAME-26MAY08KKRDC,-314668.77,-440496.55,125827.78,314668.77,0.0,6364853.77,12605223,8
KXWCGOAL-26JUL03ARGCPV-ARGLMESSI10,-677903.46,-841906.97,164003.51,677903.46,0.0,5896185.46,12604204,6
KXNBATOTAL-26MAY18SASOKC,678814.85,516124.31,162690.54,-719716.97,40902.12,6162571.15,12588160,3
KXIPLGAME-26APR19LSGPBKS,-240042.83,-345070.83,105028.0,240042.83,0.0,5445823.83,12527386,5
KXWCTOTAL-26JUL05BRANOR,-594002.72,-735182.97,141180.25,594002.72,0.0,7164347.72,12521018,6
KXNBASPREAD-26MAY22OKCSAS,-958980.14,-1144909.15,185929.01,912261.04,46719.1,6212643.14,12494749,3
KXWCTOTAL-26JUL04PARFRA,-1212971.01,-1364969.03,151998.02,1212971.01,0.0,7288509.01,12444528,5
KXUCLGAME-26APR29ATMARS,-1708918.8,-1872728.17,163809.37,1667706.34,41212.46,4923916.8,12381409,15
KXNBATOTAL-26MAY30SASOKC,479345.86,304452.91,174892.95,-523303.27,43957.41,6473018.14,12350958,3
KXWCSPREAD-26JUN22ARGAUT,2045049.75,1895592.61,149457.14,-2045049.75,0.0,5143264.25,12301479,15
KXWTA-26WIM,-1345571.27,-1469992.57,124421.3,1345571.27,0.0,5144228.27,12261309,34
KXUFCFIGHT-26MAY09VANTAI,1026355.92,872290.21,154065.71,-1026355.92,0.0,5399763.08,12253989,7
KXMLBGAME-26JUL292140BOSATH,1290299.17,1109781.06,180518.11,-1335655.59,45356.42,6173690.83,12187481,4
KXNBASPREAD-26MAY17CLEDET,-866647.09,-1042088.51,175441.42,822592.28,44054.81,6024388.09,12186693,3
KXIPLGAME-26APR19RRKKR,-220237.71,-381263.95,161026.24,220237.71,0.0,6016337.71,12150870,5
KXWCBTTS-26JUL15ENGARG,3136264.38,2949097.08,187167.3,-3136264.38,0.0,6016207.62,12130156,4
KXNBATOTAL-26MAY28OKCSAS,-1164425.48,-1332658.95,168233.47,1122148.91,42276.57,6183466.48,12086696,3
KXNBASERIES-26LALOKCR2,-296799.63,-335254.77,38455.14,287098.07,9701.56,3453609.63,11985372,11
KXWTAMATCH-26JUL09MUCGAU,-986665.28,-1176343.35,189678.07,939045.76,47619.52,5904253.28,11975945,3
KXMLBGAME-26JUN232140ATLSD,-261272.71,-442973.12,181700.41,215637.52,45635.19,5556012.71,11923192,5
KXUSAIRANAGREEMENT-27,-378681.26,-471071.81,92390.56,378681.26,0.0,5258792.26,11883003,108
KXMLBGAME-26JUN181840NYMPHI,-437696.92,-594530.06,156833.14,398328.64,39368.28,5962913.92,11844350,4
KXMLBGAME-26MAY101605PITSF,-812707.7,-981587.27,168879.57,770308.16,42399.54,6083664.7,11801701,4
KXMVESPORTSMULTIGAMEEXTENDED-S202696CA14F25F8,-502345.59,-573275.7,70930.12,502345.59,0.0,2280687.59,11773615,12
KXWCSPREAD-26JUL04PARFRA,-2320726.39,-2493324.83,172598.44,2320726.39,0.0,6381632.39,11745196,5
KXWCROUND-26FINAL,-218089.78,-342597.77,124507.99,218089.78,0.0,4616467.78,11708723,92
KXMLBGAME-26JUL311810PITCIN,-876969.48,-1034444.75,157475.27,837395.99,39573.49,5784194.48,11696854,4
KXMVESPORTSMULTIGAMEEXTENDED-S20265D48FDF588F,-413301.43,-447658.74,34357.31,413301.43,0.0,1028558.43,11606496,9
KXATPMATCH-26JUL05AUGDAV,509597.7,378763.44,130834.26,-542418.1,32820.4,5541164.3,11538484,3
KXNBASPREAD-26MAY21CLENYK,915853.93,748130.26,167723.67,-957995.56,42141.63,5686108.07,11529365,3
KXPGAR1LEAD-TRAV26,242348.09,203228.89,39119.2,-242348.09,0.0,1547360.91,11523832,4
KXIPLGAME-26APR20MIGT,510137.79,372659.49,137478.3,-510137.79,0.0,5791680.21,11506140,6
KXWCSCORE-26JUL01BELSEN,-448188.03,-523379.4,75191.37,448188.03,0.0,2876126.03,11495096,3
KXWCTOTAL-26JUL06USABEL,-301209.41,-435335.27,134125.86,301209.41,0.0,6162114.41,11455902,5
KXWNBAGAME-26JUL15GSIND,-403734.01,-543937.15,140203.14,403734.01,0.0,5480617.01,11449929,3
KXT20MATCH-26JUL152130NEWWAS,381498.53,283994.19,97504.34,-381498.53,0.0,5515326.47,11415523,4
KXUFCFIGHT-26JUN14OMAZAH,-394279.65,-510682.09,116402.44,394279.65,0.0,4719809.65,11399201,28
KXMLBGAME-26JUL271840PHIMIA,-894021.43,-1037950.66,143929.23,857800.2,36221.23,5619068.43,11357406,4
KXMVESPORTSMULTIGAMEEXTENDED-S2026AF27C2208E1,355412.56,342041.66,13370.88,-355412.56,0.0,676268.44,11348258,6
KXMLBGAME-26JUL012140LADATH,-1465532.07,-1604206.51,138674.44,1430638.82,34893.25,5899948.07,11336750,5
KXWCSPREAD-26JUN20GERCIV,-1654253.44,-1779267.37,125013.93,1654253.44,0.0,4808608.44,11334876,14
KXNBASPREAD-26MAY18SASOKC,461962.88,299787.46,162175.42,-502763.98,40801.1,5610372.12,11285193,3
KXUCLGAME-26MAY05ARSATM,-565329.05,-676753.87,111424.82,537272.31,28056.74,3806945.05,11280760,17
KXPGAR1LEAD-THCCBN26,-419732.15,-472977.97,53245.82,419732.15,0.0,2027345.15,11269605,5
KXATPMATCH-26MAY30BERCOM,-334456.41,-496800.17,162343.76,293718.91,40737.5,5291419.41,11207311,3
KXMVESPORTSMULTIGAMEEXTENDED-S2026E973D9532E2,1187620.1,1132428.52,55191.59,-1187620.1,0.0,1797350.9,11186948,6
KXMLBGAME-26JUN171510TBLAD,490192.16,335563.55,154628.61,-529021.37,38829.21,5464832.84,11185419,4
KXWCSPREAD-26JUN23PORUZB,1373357.31,1239501.1,133856.21,-1373357.31,0.0,5642504.69,11147809,19
KXWCGOAL-26JUL07ARGEGY-ARGLMESSI10,1368960.04,1228149.21,140810.83,-1368960.04,0.0,4995247.96,11138708,4
KXMLBGAME-26AUG051420LADCHC,-1585845.38,-1717127.9,131282.52,1552852.78,32992.6,5149092.38,11112190,4
KXWCTOTAL-26JUL11NORENG,-1037601.07,-1173530.1,135929.03,1037601.07,0.0,6167519.07,11087932,6
KXITFWMATCH-26JUL14BARREA,-207737.75,-357854.52,150116.77,207737.75,0.0,5477684.75,11087183,1
KXMLBGAME-26JUN111840LADPIT,745184.85,625971.09,119213.76,-775180.31,29995.46,5287939.15,11084920,4
KXMVESPORTSMULTIGAMEEXTENDED-S2026EBB0EDB9A11,-1743875.24,-1862803.73,118928.49,1743875.24,0.0,3182127.24,10984136,11
KXWCSPREAD-26JUN25TURUSA,-955273.97,-1073429.83,118155.86,955273.97,0.0,4838264.97,10978678,18
KXODIMATCH-26JUL160800INDENG,-552447.46,-682194.2,129746.74,552447.46,0.0,5279592.46,10929291,4
KXNBASPREAD-26MAY07LALOKC,389538.17,233501.93,156036.24,-428741.43,39203.26,5545976.83,10907406,3
KXMVESPORTSMULTIGAMEEXTENDED-S20265F0BA31F5D6,-563489.84,-604307.89,40818.05,563489.84,0.0,1184216.84,10892542,8
KXIPLGAME-26MAY03KKRSRH,-739792.65,-849165.36,109372.71,739792.65,0.0,5366630.65,10882938,9
KXMLBGAME-26JUL052130BOSLAA,384391.58,272267.36,112124.22,-412612.27,28220.69,5449564.42,10862413,5
KXNBATOTAL-26JUN03NYKSAS,-1487715.01,-1648668.81,160953.8,1447257.23,40457.78,5586004.01,10790231,5
KXMLBGAME-26MAY292210AZSEA,-396186.21,-541828.22,145642.01,359569.13,36617.08,5078316.21,10789668,5
KXWCMENTION-MENWORLDCUP,-333711.66,-428954.95,95243.29,333711.66,0.0,3701666.66,10779409,13
KXMLBGAME-26JUN011840DETTB,-1118786.38,-1230752.21,111965.83,1090630.46,28155.92,5330804.38,10690871,4
KXMLBGAME-26JUL251915LADNYM,770539.74,670019.88,100519.86,-795828.6,25288.86,5219670.26,10686946,4
KXNBASPREAD-26MAY23NYKCLE,445202.55,290981.91,154220.64,-483970.06,38767.51,5304527.45,10678571,3
KXMLBGAME-26JUL291940NYYCWS,-318593.58,-461914.29,143320.71,282552.93,36040.65,5158037.58,10677698,4
KXWCSPREAD-26JUL01USABIH,1648469.54,1503249.74,145219.8,-1648469.54,0.0,5067234.46,10654577,6
KXMLBGAME-26MAY281610ATLBOS,1045744.84,904243.12,141501.72,-1081281.53,35536.69,5247169.16,10652505,4
KXNBASPREAD-26MAY10SASMIN,-591904.66,-751640.87,159736.21,551782.87,40121.79,5404875.66,10650241,2
KXMLBGAME-26JUL311420NYYCHC,-1355040.81,-1502215.45,147174.64,1318076.82,36963.99,5478992.81,10589088,4
KXMLBGAME-26JUL261335ATLBAL,493907.06,359155.31,134751.75,-527803.44,33896.38,5489789.94,10587800,4
KXNBASERIES-26MINSASR2,-306953.59,-407834.15,100880.56,281578.44,25375.15,4398887.59,10545370,16
KXWCGOAL-26JUL18FRAENG-FRAKMBAPP10,3139225.26,3020503.69,118721.57,-3139225.26,0.0,3643999.74,10504752,4
KXWCSPREAD-26JUL05MEXENG,-344592.47,-417130.62,72538.15,344592.47,0.0,4525436.47,10485299,5
KXMLBGAME-26JUL101840MILPIT,-594331.94,-736143.49,141811.55,558653.05,35678.89,5187177.94,10479207,5
KXNBASPREAD-26APR19PORSAS,1356100.36,1199076.39,157023.97,-1395504.01,39403.65,5336993.64,10467325,2
KXMLBGAME-26MAY192140LADSD,965184.36,811826.41,153357.95,-1003713.34,38528.98,4902436.64,10453816,5
KXNHLGAME-26APR26EDMANA,912024.19,774900.25,137123.94,-946457.96,34433.77,4514856.81,10453011,11
KXWTAMATCH-26AUG01JOIGRU,-344674.34,-467946.54,123272.2,313696.48,30977.86,5273493.34,10445631,2
KXMLBGAME-26JUN082138HOULAA,946539.18,793491.06,153048.12,-984998.75,38459.57,5055175.82,10417582,5
KXMLBGAME-26MAY212138ATHLAA,1010563.62,857660.43,152903.19,-1048984.1,38420.48,4824906.38,10379430,5
KXMLBGAME-26MAY022138NYMLAA,-618545.53,-755340.2,136794.67,584193.27,34352.26,4791330.53,10364537,5
KXATPMATCH-26MAY30ARNCOL,-253817.44,-402794.26,148976.82,216455.32,37362.12,5267200.44,10321415,3
KXNBASPREAD-26MAY15SASMIN,526208.35,376971.27,149237.08,-563698.16,37489.81,5081091.65,10298065,4
KXWTA-26ROME,-355908.7,-501661.43,145752.73,355908.7,0.0,5133291.7,10295305,11
KXMVESPORTSMULTIGAMEEXTENDED-S2026198327759D9,833843.19,814251.97,19591.22,-833843.19,0.0,890700.81,10254550,6
KXNBATOTAL-26JUN13NYKSAS,-977610.88,-1114410.69,136799.81,943120.03,34490.85,5181486.88,10227925,4
KXMLBGAME-26MAY191610ATLMIA,1201700.95,1058387.24,143313.71,-1237688.96,35988.01,4904536.05,10196354,4
KXATPMATCH-26AUG03SHARUB,-236334.95,-356022.65,119687.7,206239.32,30095.63,5185631.95,10194087,3
KXNBASPREAD-26MAY11OKCLAL,-1273188.07,-1422446.01,149257.94,1235693.37,37494.7,5103042.07,10172104,3
KXMLBGAME-26MAY302210PHILAD,-574379.11,-714296.03,139916.92,539219.78,35159.33,4983319.11,10166763,5
KXMLBGAME-26JUL291545MILSF,-559170.39,-674173.46,115003.07,530263.05,28907.34,4297719.39,10157942,4
KXNBATOTAL-26MAY21CLENYK,-1101550.34,-1242219.6,140669.26,1066202.72,35347.62,5230663.34,10113211,3
KXWCTOTAL-26JUN18MEXKOR,-1453183.87,-1580628.97,127445.1,1453183.87,0.0,5278562.87,10110472,14
KXMLBGAME-26JUL302140BOSATH,1044809.32,902081.77,142727.55,-1080681.88,35872.56,5025900.68,10069842,5
KXCLUBFGAME-26JUL31BCBAR,-1509000.81,-1607401.77,98400.96,1509000.81,0.0,3926622.81,10066195,5
KXWCGOAL-26JUL15ENGARG-ENGJBELLI5,-1271706.52,-1352511.07,80804.55,1271706.52,0.0,2135252.52,10042133,4
KXIPLGAME-26APR16PBKSMI,374301.57,236512.72,137788.85,-374301.57,0.0,4891126.43,10040169,2
KXMLBGAME-26JUL061915NYMATL,-618308.12,-735500.02,117191.9,588781.24,29526.88,4728722.12,10026258,4
KXWCGOAL-26JUL15ENGARG-ARGLMESSI10,-1245040.24,-1328253.84,83213.6,1245040.24,0.0,2391213.24,10022371,4
KXWCTOTAL-26JUL03ARGCPV,-922466.41,-1041732.71,119266.3,922466.41,0.0,5421744.41,9972931,7
KXMVESPORTSMULTIGAMEEXTENDED-S2026F5F0491B4B5,-390244.96,-419259.21,29014.25,390244.96,0.0,759241.96,9955110,14
KXWTAMATCH-26AUG02PEGEAL,918605.35,793439.78,125165.57,-950044.44,31439.09,4771419.65,9912067,3
KXIPLGAME-26APR18DCRCB,-404039.73,-553080.69,149040.96,404039.73,0.0,5050687.73,9893112,4
KXMLBGAME-26MAY221420HOUCHC,-299295.38,-424813.16,125517.78,267763.08,31532.3,4899435.38,9890119,4
KXNBATOTAL-26MAY22OKCSAS,472984.61,334505.06,138479.55,-507779.97,34795.36,4960573.39,9881422,3
KXLAMAYORMATCHUP-26JUN,-1663688.17,-1753726.03,90037.86,1663688.17,0.0,3655244.17,9879950,55
KXNBASUMMERGAME-26JUL19GSWMEM,437634.01,319972.8,117661.21,-437634.01,0.0,4698447.99,9874550,1
KXMLBGAME-26JUL301910PITCIN,-1253700.59,-1408531.64,154831.05,1214832.69,38867.9,4822810.59,9856405,4
KXNBATOTAL-26MAY06MINSAS,-182700.79,-317571.24,134870.45,148845.98,33854.81,4828264.79,9852837,3
KXWCGOAL-26JUL14FRAESP-FRAKMBAPP10,-2584874.37,-2711050.28,126175.91,2584874.37,0.0,3721225.37,9846585,5
KXMLBGAME-26AUG061420TORCHC,-252870.5,-371883.74,119013.24,222943.0,29927.5,4598886.5,9826989,4
KXNBATOTAL-26MAY19CLENYK,428985.13,296701.87,132283.26,-462255.61,33270.48,4886161.87,9825183,3
KXWCTOTAL-26JUL01USABIH,-483243.07,-601422.73,118179.66,483243.07,0.0,5412845.07,9810408,6
KXMLBGAME-26JUL161910NYMPHI,-596274.21,-726439.54,130165.33,563524.6,32749.61,5084451.21,9792380,4
KXWCSPREAD-26JUN15ESPCPV,-2247001.73,-2385627.84,138626.11,2247001.73,0.0,4962652.73,9769416,12
KXWTA-26,751613.65,664783.57,86830.08,-751613.65,0.0,4393506.35,9761784,15
KXWCSPREAD-26JUN30MEXECU,1361234.02,1253697.06,107536.96,-1361234.02,0.0,3697073.98,9724405,5
KXMLBGAME-26JUN141607TBLAA,767729.16,646693.81,121035.35,-798117.75,30388.59,4721891.84,9718396,4
KXWCSPREAD-26JUN23ENGGHA,-2059692.33,-2186800.73,127108.4,2059692.33,0.0,5043837.33,9665790,19
KXEPLGAME-26MAY04EVEMCI,-1890841.4,-1990085.44,99244.04,1865864.97,24976.43,5063276.4,9645160,18
KXNHLGAME-26JUN02VGKCAR,-361740.18,-503629.08,141888.9,326063.9,35676.28,4781440.18,9640864,4
KXMLBGAME-26MAY302205NYYATH,-1305927.69,-1428881.9,122954.21,1275040.08,30887.61,4731916.69,9629512,4
KXATPMATCH-26JUL04BERFER,-335486.79,-449341.92,113855.13,306913.85,28572.94,5080621.79,9623341,3
KXWCTOTAL-26JUL01BELSEN,-232434.84,-346176.18,113741.34,232434.84,0.0,5312911.84,9573217,5
KXNBATOTAL-26MAY20SASOKC,842765.63,713597.86,129167.77,-875211.76,32446.13,4798387.37,9532193,3
KXWCSPREAD-26JUN22NORSEN,-684001.94,-790927.39,106925.45,684001.94,0.0,3876525.94,9523163,15
KXWCSPREAD-26JUN27JORARG,-870484.19,-993267.08,122782.89,870484.19,0.0,4930226.19,9516709,21
KXNBASPREAD-26MAY06MINSAS,-225514.9,-360060.53,134545.63,191724.33,33790.57,4712919.9,9485282,3
KXNBASPREAD-26APR26LALHOU,-891326.99,-1027297.31,135970.32,857187.35,34139.64,4754996.99,9446680,3
KXMLBGAME-26AUG051840WSHPHI,-421783.23,-546445.73,124662.5,390450.2,31333.03,4687362.23,9445516,4
KXNBATOTAL-26JUN10SASNYK,-343250.0,-472501.04,129251.04,310717.36,32532.64,4887004.0,9417019,3
KXMLBGAME-26JUL211840LADPHI,850985.23,720189.4,130795.83,-883912.53,32927.3,4237775.77,9415321,4
KXMVESPORTSMULTIGAMEEXTENDED-S20267EC42CBA08F,-1296515.62,-1418765.84,122250.22,1296515.62,0.0,3085487.62,9410529,5
KXMLBGAME-26JUL301910MIANYM,-587263.85,-719690.46,132426.61,554014.27,33249.58,4595840.85,9402493,4
KXMLBGAME-26AUG012138MILLAA,880547.11,748143.96,132403.15,-913787.65,33240.54,4822378.89,9397019,5
KXNBASPREAD-26MAY02PHIBOS,468468.37,330009.04,138459.33,-503261.26,34792.89,4589300.63,9389818,2
KXWCMOV-26JUL07SUICOL,-473628.72,-572039.22,98410.5,473628.72,0.0,2831187.72,9383129,4
KXMLBGAME-26JUN272138ATHLAA,-389546.77,-515494.92,125948.15,357903.03,31643.74,4662829.77,9354186,5
KXMVESPORTSMULTIGAMEEXTENDED-S20265EB52C2B48C,-840160.53,-907505.61,67345.08,840160.53,0.0,1891083.53,9339860,7
KXMLBGAME-26JUL272140BOSATH,624748.56,511324.66,113423.9,-653258.92,28510.36,4892863.44,9335569,5
KXATPMATCH-26JUL06DIMFER,-271282.13,-395919.68,124637.55,239960.84,31321.29,4812665.13,9323713,3
KXMVESPORTSMULTIGAMEEXTENDED-S2026AE1BB7B1DCA,-1115476.82,-1195602.62,80125.8,1115476.82,0.0,1721728.82,9284144,4
KXMLBGAME-26JUL301210TEXTB,676539.88,545845.91,130693.97,-709358.2,32818.32,4791185.12,9271434,4
KXMVESPORTSMULTIGAMEEXTENDED-S2026C5C59BA6E8F,-363786.38,-399049.09,35262.71,363786.38,0.0,1188746.38,9204703,6
KXMVESPORTSMULTIGAMEEXTENDED-S20269AF0298A411,1110732.31,1034844.27,75888.04,-1110732.31,0.0,2177983.69,9195969,6
KXWTAMATCH-26APR28SABBAP,-216475.69,-321908.36,105432.67,190001.15,26474.54,4583007.69,9185323,2
KXATPMATCH-26MAY29KHADEJ,-207874.23,-325041.08,117166.85,178472.32,29401.91,4658862.23,9158807,3
KXMVESPORTSMULTIGAMEEXTENDED-S20263D21A32410C,1004072.23,962081.07,41991.16,-1004072.23,0.0,1368152.77,9153120,10
KXUFCFIGHT-26JUN14LOPGAR,909684.28,787223.79,122460.49,-909684.28,0.0,3986712.72,9129048,28
KXT20MATCH-26JUL111330INDENG,-537073.01,-599688.48,62615.47,537073.01,0.0,2767643.01,9119814,3
KXMVESPORTSMULTIGAMEEXTENDED-S2026DF8C3B45902,298300.49,220901.38,77399.11,-298300.49,0.0,2256222.51,9095698,4
KXMLBGAME-26JUN181335TORBOS,324769.14,194344.51,130424.63,-357500.11,32730.97,4827104.86,9079932,4
KXMLBGAME-26MAY311920CHCSTL,-319650.74,-419068.36,99417.62,294659.61,24991.13,4462757.74,9049361,4
KXMLBGAME-26JUL182008SFSEA,-196024.13,-330678.05,134653.92,162199.06,33825.07,4391096.13,9039552,4
KXNASCARRACE-QUAS4AA26,335865.4,284886.31,50979.09,-335865.4,0.0,1779353.6,9004949,8
KXMLBGAME-26JUN101545WSHSF,1067538.43,979094.13,88444.3,-1089760.41,22221.98,3781504.57,8991341,4
KXWTAMATCH-26JUN29WILJOI,-378133.27,-492852.22,114718.95,349323.05,28810.22,4467134.27,8991254,5
KXMLBGAME-26JUL231715AZSTL,371236.14,266450.31,104785.83,-397590.29,26354.15,4131920.86,8980745,2
KXWCTOTAL-26JUN17ENGCRO,761904.84,650180.25,111724.59,-761904.84,0.0,4407121.16,8977103,13
KXATPMATCH-26JUL01NAKSTR,608337.66,487158.28,121179.38,-638764.66,30427.0,4304285.34,8958615,3
KXMLBGAME-26JUN192210BALLAD,627406.21,534023.22,93382.99,-650906.69,23500.48,4012680.79,8943964,5
KXWCSPREAD-26JUN19USAAUS,918683.45,809311.6,109371.85,-918683.45,0.0,4032116.55,8908595,14
KXNBATOTAL-26MAY23NYKCLE,721342.24,596161.85,125180.39,-752794.19,31451.95,4512220.76,8894301,3
KXATPMATCH-26JUL30HUMSHE,376950.54,259873.48,117077.06,-406367.49,29416.95,4182318.46,8877031,2
KXUFCFIGHT-26MAY16DIAPER,-1319627.01,-1447057.16,127430.15,1319627.01,0.0,3815232.01,8842419,18
KXMVESPORTSMULTIGAMEEXTENDED-S2026D15CE1094FF,-617907.11,-671792.42,53885.31,617907.11,0.0,1474941.11,8837179,6
KXMLBGAME-26JUL102210AZLAD,-555054.6,-652252.46,97197.86,530600.96,24453.64,4352760.6,8835496,5
KXWCSPREAD-26JUL02ESPAUT,1525508.59,1403500.16,122008.43,-1525508.59,0.0,4201589.41,8829130,5
KXLEAGUESCUPGAME-26AUG05LAFCCDG,-544677.88,-607435.64,62757.76,544677.88,0.0,1816832.88,8784955,7
KXMLBGAME-26JUN211920NYMPHI,421893.94,336925.26,84968.68,-443267.74,21373.8,4485872.06,8781539,4
KXMLBGAME-26JUL091840SEAMIA,-742566.45,-841615.82,99049.37,717654.23,24912.22,4270548.45,8760027,3
KXMLBGAME-26JUN202210BALLAD,-690717.77,-791751.62,101033.85,665286.39,25431.38,4276011.77,8759736,5
KXWCSPREAD-26JUN21URUCPV,-1087607.18,-1182977.11,95369.93,1087607.18,0.0,3760276.18,8748430,13
KXMVESPORTSMULTIGAMEEXTENDED-S2026EACD10CCB4F,-364850.79,-390234.41,25383.63,364850.79,0.0,498187.79,8736877,4
KXMLBGAME-26APR162040SEASD,496510.44,393787.67,102722.77,-522331.54,25821.1,3938648.56,8734391,2
KXWCSPREAD-26JUN23COLCOD,-1104491.2,-1212656.71,108165.51,1104491.2,0.0,3948567.2,8730687,17
KXMVESPORTSMULTIGAMEEXTENDED-S202687B4AC9A744,666750.49,638556.15,28194.33,-666750.49,0.0,683170.51,8728572,10
KXMLBGAME-26AUG012110BOSLAD,-273581.67,-396344.01,122762.34,242730.74,30850.93,4311452.67,8695590,4
KXWCTOTAL-26JUN29NEDMAR,-486707.75,-588877.1,102169.35,486707.75,0.0,4506296.75,8691808,4
KXMLBGAME-26JUN192140LAAATH,-271391.04,-361222.66,89831.62,248801.9,22589.14,4435061.04,8666548,5
KXMLBGAME-26JUL121610TORSD,-246186.61,-371054.56,124867.95,214813.45,31373.16,4446277.61,8663409,4
KXWNBAGAME-26MAY28INDGS,-311132.1,-424763.62,113631.52,311132.1,0.0,4234301.1,8663331,4
KXWCBTTS-26JUN18MEXKOR,-2408294.43,-2545135.48,136841.05,2408294.43,0.0,4587881.43,8661685,8
KXMLBGAME-26MAY141505STLATH,566524.81,457106.41,109418.4,-594007.25,27482.44,4150385.19,8630006,4
KXMLBGAME-26JUL142000ALNL,-380480.37,-482933.12,102452.75,354661.78,25818.59,4432420.37,8589735,4
KXWCTOTAL-26JUL06PORESP,-333232.83,-426938.46,93705.63,333232.83,0.0,4850931.83,8580601,5
KXMLBGAME-26MAY202138ATHLAA,1042438.75,920778.84,121659.91,-1073027.99,30589.24,4025766.25,8576581,5
KXATPMATCH-26AUG04COBHAN,-626948.85,-738811.16,111862.31,598863.32,28085.53,4403613.85,8565151,3
KXNHLGAME-26MAY10VGKANA,-202235.67,-317188.28,114952.61,173349.5,28886.17,4138254.67,8521322,9
KXNBATOTAL-26MAY26SASOKC,767939.43,653661.46,114277.97,-796683.07,28743.64,4282954.57,8510934,3
KXWCTOTAL-26JUL01ENGCOD,384544.92,284507.02,100037.9,-384544.92,0.0,4590757.08,8508517,5
KXWCTOTAL-26JUN19USAAUS,-409266.11,-521941.69,112675.58,409266.11,0.0,4309635.11,8503953,11
KXWCROUND-26QUAR,-459096.36,-576786.11,117689.75,459096.36,0.0,4087288.36,8500852,84
KXATPCHALLENGERMATCH-26JUL13KENSHE,-374193.17,-476576.18,102383.01,374193.17,0.0,4443155.17,8472485,1
KXATPMATCH-26JUN20ZVEFRI,-578376.27,-704163.44,125787.17,546779.83,31596.44,4232377.27,8471421,2
KXMLBGAME-26JUN092205MILATH,-715523.81,-842508.84,126985.03,683653.23,31870.58,4152546.81,8468540,5
KXMLBGAME-26JUL202140ATHAZ,-399403.83,-493122.44,93718.61,375835.16,23568.67,4315491.83,8465234,5
KXNHLGAME-26MAY25CARMTL,-643570.78,-777894.63,134323.85,609830.58,33740.2,3915684.78,8437243,7
KXNHLSERIES-26MTLBUFR2,-216636.54,-349376.5,132739.96,183290.37,33346.17,3928529.54,8423490,16
KXMVESPORTSMULTIGAMEEXTENDED-S2026D9B2F8544E5,1802133.47,1709427.88,92705.59,-1802133.47,0.0,2359403.53,8411772,5
KXNBATOTAL-26JUN05NYKSAS,-620155.46,-745805.63,125650.17,588548.0,31607.46,4384625.46,8406418,3
KXMLBGAME-26JUN292140LADATH,608391.79,514825.94,93565.85,-631926.19,23534.4,3791128.21,8401736,5
KXWCTOTAL-26JUN23ENGGHA,-916990.88,-1027258.25,110267.37,916990.88,0.0,4593143.88,8392561,14
KXWCTOTAL-26JUL04CANMAR,-531841.52,-623971.46,92129.94,531841.52,0.0,4664794.52,8382362,5
KXWCGOAL-26JUL04PARFRA-FRAKMBAPP10,420789.61,313874.05,106915.56,-420789.61,0.0,3985282.39,8372755,5
KXWCTOTAL-26JUN22ARGAUT,-833133.25,-930098.16,96964.91,833133.25,0.0,4366483.25,8372201,17
KXWCSPREAD-26JUN21ESPKSA,414203.69,317698.82,96504.87,-414203.69,0.0,4323484.31,8350420,12
KXMVESPORTSMULTIGAMEEXTENDED-S2026736973D26BD,-302692.4,-360107.29,57414.89,302692.4,0.0,1344435.4,8348986,13
KXMLBGAME-26JUN202110PITCOL,-605748.75,-708603.04,102854.29,579880.16,25868.59,3940432.75,8336479,4
KXMLBGAME-26JUN091835SEABAL,331420.76,215789.11,115631.65,-360507.41,29086.65,4158541.24,8326334,4
KXWCSPREAD-26JUN16ARGDZA,2169167.65,2068877.19,100290.46,-2169167.65,0.0,3584766.35,8323095,13
KXMLBGAME-26JUN181410CLEMIL,-396710.08,-497449.15,100739.07,371394.84,25315.24,4361677.08,8304688,4
KXMLBGAME-26JUL041335MINNYY,-257679.56,-345775.93,88096.37,235506.86,22172.7,4096459.56,8284732,4
KXWCSPREAD-26JUN24SCOBRA,1379956.44,1274808.28,105148.16,-1379956.44,0.0,3973936.56,8265319,14
KXMLBGAME-26JUL051920SDLAD,-497316.99,-594401.8,97084.81,472877.04,24439.95,4156828.99,8262863,4
KXWCTOTAL-26JUN23COLCOD,-364402.79,-470813.26,106410.47,364402.79,0.0,4421638.79,8247233,18
KXWCSPREAD-26JUN30FRASWE,1172662.44,1059074.14,113588.3,-1172662.44,0.0,3958188.56,8242803,4
KXWCSPREAD-26JUL07ARGEGY,-943042.19,-1020663.73,77621.54,943042.19,0.0,3590321.19,8219364,5
KXMLBGAME-26JUN262145LADSD,-635921.03,-736106.17,100185.14,610730.94,25190.09,3819730.03,8212211,5
KXMLBGAME-26JUL282210SEALAD,-543983.22,-648672.25,104689.03,517621.09,26362.13,3964832.22,8209300,5
KXWCSPREAD-26JUL03ARGCPV,-1454196.27,-1558585.57,104389.3,1454196.27,0.0,4400159.27,8207048,7
KXMLBGAME-26JUN221810NYYDET,-962800.75,-1065943.45,103142.7,936878.03,25922.72,4285906.75,8203879,4
KXMLBGAME-26APR162010COLHOU,-201377.98,-321481.37,120103.39,171194.66,30183.32,4060713.98,8199713,2
KXMLBGAME-26MAY211605NYMWSH,-203540.53,-319211.75,115671.22,174499.73,29040.8,3933819.53,8194932,4
KXWCSPREAD-26JUN17UZBCOL,981773.36,876044.32,105729.04,-981773.36,0.0,3671643.64,8177470,14
KXT20MATCH-26JUN260830INDIRL,485585.42,434041.98,51543.44,-485585.42,0.0,3410874.58,8174480,4
KXMLBGAME-26JUL021510MIACOL,-775965.36,-883057.56,107092.2,749058.49,26906.87,4111563.36,8167199,4
KXNBATOTAL-26MAY03TORCLE,441433.33,325692.93,115740.4,-470524.72,29091.39,4121991.67,8153403,3
KXWCBTTS-26JUL14FRAESP,-1872169.13,-1991507.3,119338.17,1872169.13,0.0,4703825.13,8138704,5
KXWCSPREAD-26JUN12USAPAR,1145950.27,1057680.25,88270.02,-1145950.27,0.0,3399919.73,8138162,9
KXWCTOTAL-26JUN21URUCPV,-251689.03,-354120.92,102431.89,251689.03,0.0,3964246.03,8137788,15
KXMLBGAME-26MAY311610AZSEA,-271946.52,-392453.08,120506.56,241681.6,30264.92,3856773.52,8129868,4
KXWC1HSCORE-26JUL05MEXENG,-377093.0,-423066.48,45973.48,377093.0,0.0,1782522.0,8113096,3
KXMLBGAME-26JUL051230NYMATL,-597575.88,-693017.79,95441.91,573572.41,24003.47,4050366.88,8111829,4
KXMLBGAME-26APR182138SDLAA,361609.73,261490.21,100119.52,-386770.54,25160.81,3782621.27,8108454,5
KXWCTOTAL-26JUN22FRAIRQ,-426738.82,-530447.93,103709.11,426738.82,0.0,4152120.82,8091003,16
KXMLBGAME-26JUL172138DETLAA,469454.37,363970.86,105483.51,-495974.14,26519.77,3863884.63,8067314,5
KXMLBGAME-26JUL292138HOULAA,1083832.43,979707.93,104124.5,-1109991.74,26159.31,3802659.57,8058667,5
KXMLBGAME-26APR201110DETBOS,-626245.3,-731595.3,105350.0,599773.78,26471.52,3686649.3,8052581,4
KXATPMATCH-26MAY27HURTIA,339247.57,233358.44,105889.13,-365844.48,26596.91,4001034.43,8043364,4
KXMLBGAME-26AUG042005LADCHC,-365793.72,-469130.36,103336.64,339811.27,25982.45,4041611.72,8034928,4
KXT20MATCH-26JUL162130WASSAN,-236796.67,-337191.2,100394.53,236796.67,0.0,3865887.67,8031026,2
KXMLBGAME-26AUG011915NYYCHC,-299066.56,-404617.54,105550.98,272545.04,26521.52,3497060.56,8024504,4
KXMLBGAME-26MAY271545AZSF,537565.35,424229.25,113336.1,-566015.76,28450.41,4068042.65,8004747,4
KXWCTOTAL-26JUL07SUICOL,-1015073.09,-1108917.08,93843.99,1015073.09,0.0,4323501.09,7985641,4
KXMLBGAME-26AUG061235LAABAL,-1204021.04,-1315843.2,111822.16,1175972.67,28048.37,4142887.04,7981009,4
KXWCSPREAD-26JUN26NORFRA,1352026.37,1251913.55,100112.82,-1352026.37,0.0,3478262.63,7980282,17
KXMLBGAME-26AUG052140DETSEA,317488.1,221007.3,96480.8,-341699.78,24211.68,3851049.9,7934214,5
KXMLBGAME-26JUN172140BALSEA,-307386.11,-404467.59,97081.48,282988.61,24397.5,3901259.11,7916038,5
KXMVESPORTSMULTIGAMEEXTENDED-S2026E357E4152B7,1261447.13,1174474.24,86972.88,-1261447.13,0.0,2286220.87,7893691,6
KXMLBGAME-26JUL171335TBBOSG1,-427145.03,-523554.79,96409.76,402924.71,24220.32,3850516.03,7880663,4
KXWCSPREAD-26JUN25TUNNED,-835852.05,-939395.99,103543.94,835852.05,0.0,4035939.05,7848712,13
KXWTAMATCH-26JUN04KOSAND,-284163.67,-369952.85,85789.18,262648.61,21515.06,3763006.67,7828910,3
KXNBASPREAD-26MAY06PHINYK,-305573.53,-419293.88,113720.35,277021.95,28551.58,3955035.53,7822086,2
KXMLBGAME-26JUL061410PHIKC,-1047533.9,-1120467.88,72933.98,1029190.84,18343.06,4210939.9,7815046,4
KXMLBGAME-26JUN102138HOULAA,-503238.76,-621583.87,118345.11,473510.73,29728.03,3607382.76,7814840,5
KXMLBGAME-26AUG012040SFSD,-290138.91,-394130.91,103992.0,264019.97,26118.94,3487971.91,7810157,4
KXNBASPREAD-26MAY13CLEDET,-802701.93,-919144.62,116442.69,773432.58,29269.35,3937958.93,7805230,2
KXNBATOTAL-26MAY11OKCLAL,737649.28,625693.79,111955.49,-765764.36,28115.08,3957915.72,7772358,3
KXWCTOTAL-26JUN23PORUZB,284528.81,188376.2,96152.61,-284528.81,0.0,4072375.19,7741984,15
KXATPMATCH-26JUL31TABSHE,722847.97,634735.18,88112.79,-744996.27,22148.3,3495160.03,7736822,2
KXWCTOTAL-26JUN21BELIRI,-639612.73,-739732.87,100120.14,639612.73,0.0,4115870.73,7732147,14
KXMVESPORTSMULTIGAMEEXTENDED-S20263DC00A675A8,451970.04,428557.39,23412.65,-451970.04,0.0,580345.96,7730846,8
KXWCTOTAL-26JUN25TURUSA,331778.46,242856.17,88922.29,-331778.46,0.0,4085851.54,7691836,19
KXMLBGAME-26JUN251845PHIWSH,368640.9,275145.62,93495.28,-392135.26,23494.36,3528149.1,7690187,4
KXWCSPREAD-26JUN17PORCOD,-1832918.19,-1936234.1,103315.91,1832918.19,0.0,3717942.19,7687724,13
KXMLBGAME-26JUL022210SDLAD,475102.76,396308.43,78794.33,-494958.0,19855.24,3293020.24,7659243,5
KXMLBGAME-26MAY291840ATLCIN,1097162.84,1006629.45,90533.39,-1119908.07,22745.23,4065316.16,7657635,4
KXMLBGAME-26MAY231915LADMIL,833082.74,732586.15,100496.59,-858321.56,25238.82,3641123.26,7654309,4
KXWCSPREAD-26JUN25ECUGER,-1151757.2,-1244189.11,92431.91,1151757.2,0.0,3073296.2,7647319,18
KXMLBGAME-26JUN222210ATLSD,-255177.18,-354593.76,99416.58,230198.85,24978.33,3411134.18,7638911,5
KXWCSPREAD-26JUL19ESPARG,-454771.76,-497546.81,42775.05,454771.76,0.0,2603452.76,7634304,5
KXWCTOTAL-26JUN16ARGDZA,608932.68,513062.31,95870.37,-608932.68,0.0,3656557.32,7629931,12
KXMLBGAME-26JUL271940NYYCWS,559227.01,471414.47,87812.54,-581327.27,22100.26,3176627.99,7621670,4
KXRT-SPI,-332127.23,-370069.98,37942.75,332127.23,0.0,1838785.23,7599785,110
KXMLBGAME-26JUL271435SEATEX,-292980.45,-377046.56,84066.11,271827.09,21153.36,3749350.45,7599036,4
KXWTAMATCH-26JUN03SABSHN,-380101.49,-440476.4,60374.91,364939.65,15161.84,3985611.49,7586191,3
KXMLBGAME-26JUL251805NYYPHI,-291518.66,-389923.81,98405.15,266792.25,24726.41,4015760.66,7577531,4
KXMLBGAME-26MAY142210SFLAD,-229283.3,-317861.41,88578.11,207008.55,22274.75,3370030.3,7574417,5
KXWTAMATCH-26MAY14SWISVI,-340349.1,-445968.19,105619.09,313846.9,26502.2,3866179.1,7567796,2
KXWCGOAL-26JUN23PORUZB-PORCRIS7,683360.16,580433.17,102926.99,-683360.16,0.0,3546452.84,7539909,3
KXNBATOTAL-26MAY15SASMIN,334601.95,236248.68,98353.27,-359309.6,24707.65,3717080.05,7526403,4
KXMLBGAME-26JUN131507NYYTOR,809031.29,700170.15,108861.14,-836357.93,27326.64,3596422.71,7525698,4
KXLIGAMXGAME-26JUL26NCXMON,-759805.82,-847094.21,87288.39,759805.82,0.0,3425915.82,7518096,11
KXMLBGAME-26APR231810NYYBOS,1154431.87,1047154.28,107277.59,-1181370.76,26938.89,3477387.13,7516996,4
KXMLBGAME-26JUL081545TORSF,395222.64,320936.91,74285.73,-413908.11,18685.47,3391163.36,7503710,4
KXATPMATCH-26JUN10LANFRI,515378.34,404548.24,110830.1,-543197.88,27819.54,3616643.66,7485544,3
KXEPLGAME-26MAY19BOUMCI,-1230375.38,-1321998.99,91623.61,1207328.92,23046.46,3732761.38,7461634,17
KXWCTOTAL-26JUN17GHAPAN,-847875.06,-930422.8,82547.74,847875.06,0.0,4089065.06,7460205,11
KXWCSPREAD-26JUN29GERPAR,-1409456.99,-1501728.13,92271.14,1409456.99,0.0,3548160.99,7415592,3
KXMLBGAME-26JUL221335PITNYY,-439558.49,-543984.65,104426.16,413280.15,26278.34,3917253.49,7415128,4
KXWCSCORE-26JUN29GERPAR,-313852.07,-357399.33,43547.26,313852.07,0.0,1467415.07,7413512,3
KXMVESPORTSMULTIGAMEEXTENDED-S2026D7247E89675,-1251781.11,-1336309.11,84528.0,1251781.11,0.0,2281302.11,7393311,4
KXNBASPREAD-26APR26SASPOR,1044805.61,938807.77,105997.84,-1071441.72,26636.11,3607166.39,7378119,2
KXNBASPREAD-26APR21HOULAL,-499189.63,-609507.12,110317.49,471492.04,27697.59,3633424.63,7371939,4
KXMLBGAME-26JUL171905LADNYY,323081.66,218211.22,104870.44,-349462.71,26381.05,3737088.34,7362084,4
KXMLBGAME-26JUL212040WSHCOL,-576803.76,-685078.62,108274.86,549577.82,27225.94,3652973.76,7347577,4
KXNBATOTAL-26MAY08SASMIN,387049.48,283951.2,103098.28,-412944.86,25895.38,3656649.52,7343340,3
KXMVESPORTSMULTIGAMEEXTENDED-S2026951046B2718,-289766.86,-322598.4,32831.54,289766.86,0.0,792645.86,7338954,13
KXMLBGAME-26JUN042140LADAZ,-370455.99,-478792.68,108336.69,343214.19,27241.8,3512804.99,7338710,5
KXNBASPREAD-26APR20MINDEN,-414471.17,-527834.17,113363.0,385999.22,28471.95,3626259.17,7336941,4
KXMLBGAME-26JUN012140NYMSEA,447734.22,333903.02,113831.2,-476318.87,28584.65,3594886.78,7336640,5
KXWNBAGAME-26JUN06INDNY,-965029.36,-1057561.05,92531.69,965029.36,0.0,3924952.36,7309595,3
KXNHLGAME-26APR22DALMIN,410687.5,295355.85,115331.65,-439694.89,29007.39,3392034.5,7301898,7
KXATPMATCH-26MAY28COMDAR,-635128.43,-738511.22,103382.79,609156.88,25971.55,3838237.43,7297604,3
KXNBATOTAL-26MAY15DETCLE,-221920.55,-326037.51,104116.96,195783.11,26137.44,3687628.55,7295818,2
KXMLBGAME-26APR161235WSHPIT,-251959.13,-359322.43,107363.3,224952.68,27006.45,3658057.13,7283720,2
KXNBASPREAD-26MAY10NYKPHI,557068.84,454854.81,102214.03,-582758.87,25690.03,3534385.16,7271403,2
KXMLBGAME-26AUG072140LADAZ,-305872.64,-407715.6,101842.96,280253.41,25619.23,3415337.64,7270092,5
KXWCTOTAL-26JUN21TUNJPN,477486.18,387767.96,89718.22,-477486.18,0.0,3478922.82,7262976,15
KXATPCHALLENGERMATCH-26JUL18LAJYUN,-434515.86,-524710.04,90194.18,434515.86,0.0,3896752.86,7245015,2
KXLALIGARELEGATION-26,-1165475.11,-1234860.24,69385.13,1165475.11,0.0,1207861.11,7218166,40
KXATPMATCH-26JUN13SHELEH,313692.25,205421.34,108270.91,-340872.6,27180.35,3607265.75,7216521,1
KXNBATOTAL-26MAY06PHINYK,-380693.1,-476667.44,95974.34,356587.9,24105.2,3589831.1,7214893,2
KXMLBGAME-26JUN241607BALLAA,-313349.15,-406437.59,93088.44,289953.6,23395.55,3426903.15,7195237,4
KXMLBGAME-26AUG011507STLTOR,-422481.9,-506234.1,83752.2,401426.44,21055.46,3433991.9,7171547,4
KXMLBGAME-26JUL121335NYYWSH,371052.22,274905.28,96146.94,-395237.59,24185.37,3516719.78,7158074,4
KXMLBGAME-26JUL221840LADPHI,655702.08,565331.79,90370.29,-678453.42,22751.34,3461637.92,7152681,4
KXMLBGAME-26JUN111905SEABAL,-452441.06,-538950.97,86509.91,430678.02,21763.04,3017614.06,7143113,4
KXWCTOTAL-26JUN22NORSEN,423289.69,334727.72,88561.97,-423289.69,0.0,3521635.31,7142509,16
KXWCGOAL-26JUN26NORFRA-FRAKMBAPP10,-1992464.74,-2085274.98,92810.24,1992464.74,0.0,2830524.74,7140655,3
KXMLBGAME-26JUL032210SDLAD,388188.3,305947.44,82240.86,-408896.08,20707.78,3417947.7,7137553,5
KXMLBGAME-26APR282210MIALAD,-985735.5,-1083184.58,97449.08,961257.51,24477.99,3436970.5,7130930,5
KXMLBGAME-26JUN181905CWSNYY,-285399.34,-383282.45,97883.11,260813.4,24585.94,3619529.34,7123413,4
KXMLBGAME-26JUL091910PHICIN,475967.78,377595.31,98372.47,-500720.65,24752.87,3568653.22,7122412,4
KXWTAMATCH-26JUN19SABBAR,672955.07,591076.42,81878.65,-693530.1,20575.03,3404467.93,7117033,2
KXATPMATCH-26JUL16DZUARN,-430713.51,-534162.96,103449.45,404675.43,26038.08,3528580.51,7109076,2
KXNBASPREAD-26APR17GSWPHX,-250336.5,-357079.44,106742.94,223536.27,26800.23,3578787.5,7096712,3
KXATPMATCH-26MAY27VANNAK,398451.96,306960.11,91491.85,-421421.79,22969.83,3532646.04,7093944,4
KXMVESPORTSMULTIGAMEEXTENDED-S2026844565D9200,-1763258.82,-1843781.83,80523.01,1763258.82,0.0,2224874.82,7093331,5
KXATPMATCH-26APR28TSIRUU,335220.45,238016.74,97203.71,-359634.71,24414.26,3508954.55,7087300,2
KXATPMATCH-26MAY14LANMED,335211.54,230841.82,104369.72,-361409.51,26197.97,3575416.46,7066037,2
KXMLBGAME-26MAY201510TEXCOL,477553.12,382366.74,95186.38,-501480.35,23927.23,3353084.88,7045203,4
KXMLBGAME-26JUN101840LADPIT,-724878.73,-800425.73,75547.0,705872.26,19006.47,3278444.73,7029233,4
KXMLBGAME-26MAY301915ATLCIN,1493355.92,1390337.49,103018.43,-1519216.89,25860.97,3626537.08,7028666,4
KXMLBGAME-26JUL302210SEALAD,485354.79,419790.73,65564.06,-501870.21,16515.42,3202714.21,7010332,5
KXNBASPREAD-26APR30DENMIN,-400715.56,-501978.58,101263.02,375271.74,25443.82,3393522.56,7008163,4
KXWCGOAL-26JUN23ENGGHA-ENGHKANE9,-2001010.12,-2095456.4,94446.28,2001010.12,0.0,3317667.12,6992216,3
KXMVESPORTSMULTIGAMEEXTENDED-S20266E872CF0074,-1361803.04,-1441834.17,80031.12,1361803.04,0.0,1848768.04,6980624,5
KXWCTOTAL-26JUN15ESPCPV,-659484.74,-750252.67,90767.93,659484.74,0.0,3689008.74,6971654,11
KXMLBGAME-26JUL281840PHIMIA,-262673.56,-362450.62,99777.06,237596.91,25076.65,3295381.56,6968548,4
KXWNBAGAME-26JUN21WSHMIN,690995.98,630287.8,60708.18,-690995.98,0.0,2821388.02,6961799,3
KXWCGOAL-26JUN30FRASWE-FRAKMBAPP10,1831308.76,1748890.87,82417.89,-1831308.76,0.0,2586951.24,6955559,3
KXNBATOTAL-26MAY07LALOKC,479243.93,380650.63,98593.3,-504002.93,24759.0,3491304.07,6948362,3
KXNBASPREAD-26MAY08NYKPHI,313901.59,211279.77,102621.82,-339668.69,25767.1,3503333.41,6935768,2
KXNBASPREAD-26MAY01LALHOU,285251.76,187104.45,98147.31,-309919.04,24667.28,3401920.24,6929447,3
KXNBASPREAD-26APR26BOSPHI,-255314.12,-356769.63,101455.51,229831.39,25482.73,3487701.12,6926603,2
KXMLBGAME-26MAY232205TEXLAA,-573081.05,-669180.29,96099.24,548944.3,24136.75,3510216.05,6922108,5
KXWCGOAL-26JUN27JORARG-ARGLMESSI10,657375.61,577227.27,80148.34,-657375.61,0.0,2710547.39,6918411,3
KXMLBGAME-26JUL231507TBTOR,-459991.15,-550305.98,90314.83,437280.4,22710.75,3742143.15,6916585,4
KXMLBGAME-26MAY201310BALTB,770102.64,674373.88,95728.76,-794125.63,24022.99,3426362.36,6910773,4
KXWCTOTAL-26JUN26URUESP,-440292.78,-526998.89,86706.11,440292.78,0.0,3761151.78,6896546,18
KXWCSPREAD-26JUN23PANCRO,-1102818.36,-1196180.46,93362.1,1102818.36,0.0,3296798.36,6893464,17
KXMLBGAME-26JUL261340LADNYM,-933369.21,-1014105.99,80736.78,913043.18,20326.03,3436315.21,6891091,4
KXMLBGAME-26JUL291310ATLNYM,-568645.76,-659229.54,90583.78,545879.62,22766.14,3287902.76,6868343,4
KXMLBGAME-26MAY112210SFLAD,-653827.54,-745960.55,92133.01,630666.86,23160.68,3555694.54,6867008,5
KXMLBGAME-26JUL282138HOULAA,533946.4,430629.31,103317.09,-559893.17,25946.77,3210303.6,6853797,5
KXLIGAMXGAME-26JUL18QUEAME,694294.22,610481.67,83812.55,-694294.22,0.0,3310112.78,6851358,12
KXWCGOAL-26JUL02PORCRO-PORCRIS7,1089053.14,1011656.18,77396.96,-1089053.14,0.0,2211973.86,6848148,4
KXMLBGAME-26JUL021915STLATL,-363036.05,-440931.53,77895.48,343452.16,19583.89,3121344.05,6843340,4
KXMLBGAME-26APR291510MIALAD,-322397.23,-414749.96,92352.73,299196.09,23201.14,3240181.23,6843206,4
KXWNBAGAME-26JUL22CHINY,374351.21,301192.17,73159.04,-374351.21,0.0,3104909.79,6834943,3
KXMLBGAME-26AUG032005LADCHC,-878207.3,-956328.19,78120.89,858526.46,19680.84,3204383.3,6827763,4
KXWCSPREAD-26JUN17ENGCRO,550040.04,480945.56,69094.48,-550040.04,0.0,2796636.96,6818114,14
KXUFCMOV-26MAY09CHISTR,-393441.11,-454526.41,61085.3,393441.11,0.0,1635965.11,6815210,3
KXATPMATCH-26MAY08PRIDJO,-441820.97,-529135.53,87314.56,419912.94,21908.03,3652065.97,6794166,2
KXWCBTTS-26JUL05BRANOR,621808.73,529453.08,92355.65,-621808.73,0.0,3716370.27,6786327,6
KXMLBGAME-26MAY251540NYYKC,475644.1,390297.42,85346.68,-497102.65,21458.55,3491094.9,6777622,4
KXNBATOTAL-26MAY11DETCLE,506006.54,413028.41,92978.13,-529361.71,23355.17,3287109.46,6775520,3
KXMLBGAME-26APR191920ATLPHI,310997.17,221009.75,89987.42,-333612.81,22615.64,3345927.83,6773560,4
KXMLBGAME-26JUL211910BALBOS,403205.94,327512.14,75693.8,-422255.49,19049.55,3413035.06,6772444,5
KXATPMATCH-26JUN29VIRSHE,-646332.2,-735825.31,89493.11,623861.76,22470.44,3547249.2,6765405,5
KXMVESPORTSMULTIGAMEEXTENDED-S20267DE5FF051C2,-917347.24,-985186.59,67839.35,917347.24,0.0,1435004.24,6763959,5
KXWNBAGAME-26JUN21NYLA,266709.3,197965.58,68743.72,-266709.3,0.0,3004319.7,6734319,3
KXMLBGAME-26JUL271840AZPIT,-375858.05,-475102.0,99243.95,350904.11,24953.94,3210560.05,6720407,4
KXEPLGAME-26MAY10WHUARS,748431.55,670787.94,77643.61,-767964.35,19532.8,3364324.45,6710086,18
KXWCGOAL-26JUL19ESPARG-ESPLYAMAL10,-962236.66,-1027401.46,65164.8,962236.66,0.0,2043937.66,6705801,5
KXWCTOTAL-26JUN12USAPAR,551951.35,472747.78,79203.57,-551951.35,0.0,3416871.65,6702641,9
KXWCSPREAD-26JUL06USABEL,267546.67,203741.95,63804.72,-267546.67,0.0,2698080.33,6695482,5
KXWCTOTAL-26JUN26NZLBEL,-794993.65,-871446.21,76452.56,794993.65,0.0,3555762.65,6682030,19
KXATPMATCH-26JUL08COBFER,269865.72,186098.1,83767.62,-290893.02,21027.3,3179187.28,6666902,3
KXMLBGAME-26JUL301915WSHATL,469358.8,378072.68,91286.12,-492298.51,22939.71,3163342.2,6663538,4
KXUFCFIGHT-26JUL11GREMCK,-492876.78,-561803.93,68927.15,492876.78,0.0,2242969.78,6649050,13
KXPGAR2LEAD-PGC26,-373159.48,-401209.35,28049.87,373159.48,0.0,962130.48,6646838,27
KXMLBGAME-26APR272210MIALAD,722959.63,638608.02,84351.61,-744153.85,21194.22,3057458.37,6640452,5
KXNBASPREAD-26APR29HOULAL,-563505.41,-660743.53,97238.12,539073.4,24432.01,3246175.41,6620034,4
KXMLBGAME-26JUN031540NYMSEA,-385972.84,-463080.69,77107.85,366593.29,19379.55,3244001.84,6598964,4
KXMLBGAME-26JUN291840PITPHI,315175.97,241929.8,73246.17,-333614.93,18438.96,2781026.03,6598688,3
KXMLBGAME-26JUN131410STLMIN,456625.8,377724.27,78901.53,-476449.69,19823.89,3157652.2,6597888,4
KXWCMOV-26JUN29GERPAR,-319889.89,-381287.73,61397.84,319889.89,0.0,2212604.89,6590367,3
KXWCSPREAD-26JUN20ECUCUW,-779054.26,-863718.45,84664.19,779054.26,0.0,3265738.26,6588114,15
KXNBASPREAD-26MAY04PHINYK,-369694.9,-462792.88,93097.98,346302.96,23391.94,3275017.9,6585315,3
KXLAMAYORADVANCE-26JUN02,-1004607.98,-1060621.21,56013.23,1004607.98,0.0,2243573.98,6585229,29
KXNHLGAME-26MAY16BUFMTL,300327.43,216217.92,84109.51,-321468.31,21140.88,2937941.57,6566504,4
KXNHLGAME-26MAY14VGKANA,-267372.25,-344971.86,77599.61,247868.22,19504.03,3146299.25,6562202,5
KXATPMATCH-26MAY08BASSHE,-527960.95,-620791.36,92830.41,504681.51,23279.44,3451252.95,6549490,3
KXWCGOAL-26JUN22FRAIRQ-FRAKMBAPP10,1343556.51,1259752.48,83804.03,-1343556.51,0.0,2813103.49,6547442,3
KXATPCHALLENGERMATCH-26JUL31MULPOL,-268959.28,-362157.13,93197.85,268959.28,0.0,3136281.28,6537824,2
KXWCGOAL-26JUL05MEXENG-ENGHKANE9,1376165.79,1307823.8,68341.99,-1376165.79,0.0,2017893.21,6536040,5
KXWCTOTAL-26JUN29BRAJPN,373933.72,297283.16,76650.56,-373933.72,0.0,3340025.28,6531766,4
KXMLBGAME-26MAY311340ATLCIN,-1077341.84,-1165893.66,88551.82,1055097.29,22244.55,3456793.84,6530144,4
KXEPLGAME-26APR19MCIARS,488805.04,403316.67,85488.37,-510314.99,21509.95,2647818.96,6528964,5
KXMLBGAME-26JUL272145MILSF,-647305.69,-729892.08,82586.39,626536.41,20769.28,3409210.69,6510717,5
KXWCSCORE-26JUN29BRAJPN,291162.0,259016.43,32145.57,-291162.0,0.0,1364460.0,6504396,3
KXMLBGAME-26JUN291835CWSBAL,342466.44,246750.78,95715.66,-366508.66,24042.22,3048754.56,6485022,3
KXMLBTOTAL-26JUL231715AZSTL,-950275.33,-1046322.94,96047.61,950275.33,0.0,3426339.33,6477837,2
KXMVESPORTSMULTIGAMEEXTENDED-S202617E418BA0E1,-569448.88,-606769.17,37320.29,569448.88,0.0,753399.88,6476515,7
KXMVESPORTSMULTIGAMEEXTENDED-S2026732107B7EB9,-1295223.48,-1381329.18,86105.7,1295223.48,0.0,2790902.48,6469304,4
KXMLBGAME-26JUL312138MILLAA,798453.28,727571.92,70881.36,-816267.4,17814.12,3394809.72,6464360,5
KXMLBGAME-26JUL061945MILSTL,641853.46,561123.88,80729.58,-662164.97,20311.51,2895821.54,6457709,4
KXWTAMATCH-26JUL27COCTAU,347518.62,263813.24,83705.38,-368564.41,21045.79,3246880.38,6456004,2
KXNBASPREAD-26APR25DENMIN,-411501.88,-504286.67,92784.79,388169.92,23331.96,3145737.88,6438508,2
KXATPMATCH-26MAY27FONPRI,267266.33,186854.83,80411.5,-287457.39,20191.06,3214142.67,6426706,4
KXWCTOTAL-26JUN19TURPAR,520227.93,440148.88,80079.05,-520227.93,0.0,3226633.07,6415803,14
KXMLBGAME-26JUL172010SDKC,-732146.22,-810048.12,77901.9,712543.13,19603.09,3418189.22,6395484,4
KXNBATOTAL-26MAY05LALOKC,-646740.48,-736476.42,89735.94,624202.13,22538.35,3203314.48,6377173,4
KXNBATOTAL-26MAY10SASMIN,325238.76,233659.17,91579.59,-348259.72,23020.96,3308536.24,6375400,2
KXNBASPREAD-26APR19ORLDET,-600490.62,-696068.23,95577.61,576488.1,24002.52,3217687.62,6355065,2
KXWCSPREAD-26JUN11MEXRSA,762216.18,680033.1,82183.08,-762216.18,0.0,3021955.82,6354721,8
KXATPMATCH-26MAY24FRIBAS,-239051.28,-322829.41,83778.13,218018.19,21033.09,3199247.28,6333719,4
KXWTAMATCH-26MAY13SVIRYB,-419555.61,-494296.46,74740.85,400788.48,18767.13,3361673.61,6328541,2
KXATPMATCH-26JUL16MOLDAV,-599254.39,-676816.66,77562.27,579776.15,19478.24,3503548.39,6325184,2
KXWCSCORE-26JUN30CIVNOR,441264.93,401763.75,39501.18,-441264.93,0.0,1491525.07,6312652,3
KXMLBGAME-26JUN041410SFMIL,-355985.28,-406716.97,50731.69,343209.96,12775.32,2631487.28,6309777,4
KXMLBGAME-26MAY161610MIATB,-394330.94,-475157.15,80826.21,374023.97,20306.97,3111646.94,6301120,4
KXMVESPORTSMULTIGAMEEXTENDED-S2026543E20D6389,-1474161.71,-1552408.33,78246.61,1474161.71,0.0,1647903.71,6289388,5
KXMLBGAME-26JUL112040TORSD,-297519.8,-376610.47,79090.67,277633.95,19885.85,2916662.8,6286981,4
KXWCTOTAL-26JUN16IRQNOR,413457.11,336690.36,76766.75,-413457.11,0.0,3075740.89,6265784,10
KXMLBGAME-26JUL181610PITCLE,-429225.45,-508987.76,79762.31,409177.41,20048.04,3018838.45,6263872,4
KXWCTOTAL-26JUN17PORCOD,-745904.13,-828476.92,82572.79,745904.13,0.0,3335400.13,6263238,13
KXNBATOTAL-26MAY04PHINYK,443332.77,361343.54,81989.23,-463938.1,20605.33,3068080.23,6247980,3
KXMLBGAME-26JUL241910LADNYM,857420.43,778936.41,78484.02,-877191.99,19771.56,3224214.57,6241659,4
KXMLBGAME-26MAY241610WSHATL,-613953.15,-704570.73,90617.58,591188.04,22765.11,3333021.15,6232319,4
KXWCSPREAD-26JUN16FRASEN,717115.37,654423.03,62692.34,-717115.37,0.0,2577338.63,6229144,13
KXWCTOTAL-26JUN27JORARG,363442.34,288818.78,74623.56,-363442.34,0.0,3308576.66,6218752,20
KXMLBGAME-26JUL282140BOSATH,-538275.62,-617601.05,79325.43,518350.36,19925.26,3148584.62,6201152,5
KXATPMATCH-26JUL27TIAATM,-330995.37,-407665.74,76670.37,311728.57,19266.8,3063829.37,6196624,2
KXATPMATCH-26APR28MENZVE,408843.97,334424.89,74419.08,-427543.3,18699.33,2877414.03,6194376,2
KXMLBGAME-26JUL211915SDATL,-658673.04,-729920.31,71247.27,640735.5,17937.54,3423458.04,6190929,4
KXMLBGAME-26JUL111410ATHCWS,346720.34,256702.31,90018.03,-369332.25,22611.91,3159895.66,6188240,4
KXMLBGAME-26JUN121915ATLNYM,-505260.78,-567906.18,62645.4,489501.05,15759.73,2927123.78,6177258,4
KXMLBGAME-26JUL291210PHIMIA,-370286.13,-437987.43,67701.3,353241.34,17044.79,3019870.13,6176573,4
KXMLBGAME-26MAY162138LADLAA,836142.81,761558.03,74584.78,-854882.19,18739.38,2980368.19,6172518,5
KXMLBGAME-26JUN231840NYYDET,355896.82,269387.52,86509.3,-377639.55,21742.73,2968317.18,6172118,4
KXWCSPREAD-26JUN17AUTJOR,426649.22,361528.55,65120.67,-426649.22,0.0,2618074.78,6159558,11
KXNBASPREAD-26APR24LALHOU,408917.59,318678.1,90239.49,-431624.37,22706.78,3024501.41,6159148,2
KXWCGOAL-26JUL06PORESP-PORCRIS7,-1223553.1,-1292804.17,69251.07,1223553.1,0.0,1842220.1,6156488,4
KXMLBGAME-26JUN251235SEAPIT,-397285.87,-471028.89,73743.02,378742.02,18543.85,3085093.87,6156379,4
KXATPCHALLENGERMATCH-26JUL17VUKGAL,346876.31,261817.32,85058.99,-346876.31,0.0,3213240.69,6154863,1
KXMLBGAME-26JUN111310STLNYM,-581164.32,-670827.35,89663.03,558644.9,22519.42,2985129.32,6152885,4
KXWNBAGAME-26JUN18ATLIND,-379566.93,-458459.97,78893.04,379566.93,0.0,2869612.93,6150771,3
KXNBATOTAL-26MAY02PHIBOS,341894.84,255711.97,86182.87,-363563.05,21668.21,3060588.16,6144268,2
KXNBATOTAL-26APR21HOULAL,-510984.22,-597836.86,86852.64,489175.03,21809.19,3085489.22,6142826,4
KXWCTOTAL-26JUN29GERPAR,-255315.72,-330107.92,74792.2,255315.72,0.0,3375473.72,6140766,3
KXMLBGAME-26MAY052140ATLSEA,1034254.72,942846.69,91408.03,-1057218.01,22963.29,2842263.28,6125143,5
KXATPMATCH-26JUL24RUBVAN,-384675.28,-456039.35,71364.07,366747.4,17927.88,3244410.28,6105028,2
KXMVESPORTSMULTIGAMEEXTENDED-S20268C5099BB1C1,-733196.88,-806590.45,73393.57,733196.88,0.0,1830500.88,6102547,5
KXWCSPREAD-26JUL09FRAMAR,705580.26,640557.35,65022.91,-705580.26,0.0,2739808.74,6099865,6
KXMLBGAME-26APR251415SEASTL,523320.4,441982.97,81337.43,-543764.08,20443.68,2767165.6,6098089,4
KXMLBGAME-26MAY161915NYYNYM,-870659.2,-951700.32,81041.12,850294.68,20364.52,2861083.2,6093204,4
KXWCTOTAL-26JUN25JPNSWE,-303462.81,-383241.17,79778.36,303462.81,0.0,3212352.81,6084351,17
KXMLBSPREAD-26JUL261920NYYPHI,486915.1,400243.91,86671.19,-486915.1,0.0,2916938.9,6070839,2
KXWCSPREAD-26JUL01ENGCOD,-685198.93,-747702.18,62503.25,685198.93,0.0,2887267.93,6070678,5
KXWCSPREAD-26JUN22JORDZA,-403753.03,-457082.66,53329.63,403753.03,0.0,2724080.03,6065320,15
KXATPMATCH-26JUL29ATMTAB,-237897.8,-322253.22,84355.42,216722.13,21175.67,3088630.8,6053462,3
KXMVESPORTSMULTIGAMEEXTENDED-S202696E09787781,770094.55,718543.78,51550.77,-770094.55,0.0,1426938.45,6052127,5
KXMVESPORTSMULTIGAMEEXTENDED-S202675E1A6F2A28,1486156.68,1440082.75,46073.93,-1486156.68,0.0,1084929.32,6051390,8
KXMLBGAME-26JUL302140SFSD,-255381.68,-316765.47,61383.79,239922.89,15458.79,2900050.68,6048170,5
KXWCTOTAL-26JUN27COLPOR,-278058.85,-348104.1,70045.25,278058.85,0.0,3137189.85,6046870,23
KXMLBGAME-26JUN141337NYYTOR,513576.1,423311.02,90265.08,-536241.32,22665.22,2977866.9,6045415,4
KXMLBSPREAD-26JUL242215LAASF,-314517.11,-365539.65,51022.54,314517.11,0.0,3263316.11,6044833,3
KXMVESPORTSMULTIGAMEEXTENDED-S2026F00A67BACE3,-420728.53,-449890.71,29162.18,420728.53,0.0,584801.53,6041948,5
KXNBASPREAD-26APR28PORSAS,525125.68,438799.87,86325.81,-546813.11,21687.43,2966864.32,6036966,4
KXWC1HSCORE-26JUL09FRAMAR,330005.98,295364.59,34641.39,-330005.98,0.0,1096110.02,6036759,3
KXWCSPREAD-26JUN24CZEMEX,1614734.91,1550468.17,64266.74,-1614734.91,0.0,2487979.09,6021746,17
KXNBASPREAD-26APR24SASPOR,312338.35,221379.65,90958.7,-335191.29,22852.94,2984079.65,5987799,3
KXMLBGAME-26JUL031605STLCHC,-284423.19,-341751.01,57327.82,269995.26,14427.93,2483663.19,5987205,4
KXWCSPREAD-26JUN21BELIRI,-983572.4,-1064272.72,80700.32,983572.4,0.0,2770748.4,5975634,16
KXNHLGAME-26APR19UTAVGK,393070.71,306966.85,86103.86,-414709.81,21639.1,2919517.29,5966819,4
KXMLBGAME-26JUL251905ATLBAL,-426902.65,-515600.97,88698.32,404607.84,22294.81,2787501.65,5964183,4
KXMLBGAME-26JUL291840TEXTB,461952.01,401960.15,59991.86,-477039.66,15087.65,2841845.99,5963014,4
KXMLBGAME-26MAY222140COLAZ,365332.77,289473.98,75858.79,-384398.38,19065.61,2839119.23,5959175,5
KXMLBGAME-26MAY292215PHILAD,331874.85,264803.02,67071.83,-348733.48,16858.63,2970800.15,5930015,5
KXMLBGAME-26JUL291945CHCSTL,-400589.28,-489590.24,89000.96,378223.53,22365.75,2840807.28,5911316,4
KXMLBGAME-26MAY231915STLCIN,-481993.35,-559339.38,77346.03,462525.11,19468.24,2838026.35,5900544,4
KXMLBGAME-26APR191510LADCOL,-1065628.63,-1127632.81,62004.18,1050030.45,15598.18,3229236.63,5876146,4
KXMVESPORTSMULTIGAMEEXTENDED-S2026BE188545071,251736.29,238157.76,13578.53,-251736.29,0.0,582821.71,5850592,6
KXMLBGAME-26APR222145LADSF,-1218739.75,-1296329.92,77590.17,1199251.79,19487.96,3040406.75,5850248,4
KXMLBGAME-26JUL291305TORWSH,263915.16,190084.91,73830.25,-282472.46,18557.3,3001625.84,5841963,4
KXWCSCORE-26JUN25TURUSA,-289298.79,-320325.27,31026.48,289298.79,0.0,1502565.79,5835474,4
KXWCGOAL-26JUN22ARGAUT-ARGLMESSI10,1824426.36,1755647.22,68779.14,-1824426.36,0.0,2167669.64,5833252,3
KXMLBGAME-26JUN091940ATLCWS,-724998.56,-811262.05,86263.49,703305.18,21693.38,2875200.56,5829947,4
KXNBASPREAD-26APR21PORSAS,301345.13,214243.28,87101.85,-323220.45,21875.32,2901061.87,5827858,2
KXMLBGAME-26MAY251840PHISD,-361528.67,-437199.59,75670.92,342517.99,19010.68,2872518.67,5825652,4
KXATPMATCH-26JUL02MENDIM,-409342.89,-493665.55,84322.66,388173.22,21169.67,3001702.89,5820275,3
KXT20MATCH-26JUL091230INDENG,-453706.61,-519758.56,66051.95,453706.61,0.0,2550682.61,5818127,3
KXNHLGAME-26MAY06ANAVGK,328938.99,250703.67,78235.32,-348585.75,19646.76,2897877.01,5808063,5
KXMLBTOTAL-26JUN281920NYYBOS,-536568.44,-617717.43,81148.99,536568.44,0.0,2852277.44,5805490,2
KXMVESPORTSMULTIGAMEEXTENDED-S2026C4232DCF278,-362348.85,-403034.83,40685.97,362348.85,0.0,1205023.85,5804100,9
KXATPMATCH-26MAY12RUBBAS,288696.83,220631.97,68064.86,-305783.77,17086.94,2573373.17,5795015,2
KXMLBGAME-26MAY201840CLEDET,295107.25,214534.4,80572.85,-315342.4,20235.15,2804914.75,5788423,4
KXMLBGAME-26MAY021335BALNYY,323247.22,260932.72,62314.5,-338906.48,15659.26,2711407.78,5787149,4
KXMLBGAME-26JUN122138TBLAA,-422790.19,-488682.95,65892.76,406220.63,16569.56,2854878.19,5785146,5
KXBOXING-26JUL26TSZYUSPENCE,-489127.9,-566250.98,77123.08,489127.9,0.0,2953140.9,5778913,5
KXMLBGAME-26MAY201905TORNYY,-436102.96,-508272.25,72169.29,417955.91,18147.05,2766383.96,5769704,5
KXATPMATCH-26JUL03JODMOC,-470750.51,-542502.71,71752.2,452743.81,18006.7,3067666.51,5768812,2
KXMLBGAME-26JUN071335PITATL,334408.77,252651.28,81757.49,-354959.69,20550.92,2864586.23,5768743,4
KXMLBGAME-26AUG021515MILLAA,-1027449.94,-1095560.8,68110.86,1010321.03,17128.91,2975005.94,5765696,4
KXWCBTTS-26JUN29NEDMAR,952794.23,867509.19,85285.04,-952794.23,0.0,3127454.77,5758626,4
KXMLBGAME-26MAY311605NYYATH,504720.86,444530.38,60190.48,-519845.26,15124.4,2513780.14,5741531,4
KXMLBGAME-26MAY171410CHCCWS,-504364.59,-586717.73,82353.14,483673.54,20691.05,2980366.59,5729857,4
KXNBASPREAD-26APR17CHAORL,-388868.84,-471489.15,82620.31,368108.31,20760.53,2709841.84,5725018,2
KXMVESPORTSMULTIGAMEEXTENDED-S202615B684350FB,2623192.33,2602937.14,20255.19,-2623192.33,0.0,1155634.67,5722507,3
KXT20MATCH-26JUL241330TREBIR,-280204.67,-331647.57,51442.9,280204.67,0.0,2427912.67,5721782,3
KXMLBGAME-26JUL221910BALBOS,-306981.5,-370820.41,63838.91,290918.47,16063.03,2858083.5,5718387,4
KXMLBGAME-26AUG021335PHIBAL,380695.88,309837.98,70857.9,-398495.02,17799.14,2661244.12,5714794,3
KXMLBGAME-26AUG011915AZCLE,308165.79,263228.0,44937.79,-319484.72,11318.93,2329825.21,5692663,4
KXWTAMATCH-26MAY30PARANI,-247476.2,-327272.45,79796.25,227460.6,20015.6,2991072.2,5688646,3
KXWC1H-26JUL01USABIH,259424.93,191807.82,67617.11,-259424.93,0.0,2641071.07,5675310,6
KXMLBGAME-26JUN241940LADMIN,507359.49,428576.31,78783.18,-527165.76,19806.27,2827732.51,5673867,4
KXMLBTOTAL-26JUN072030SFCHC,-261416.77,-343009.57,81592.8,261416.77,0.0,2927325.77,5664711,2
KXMLBGAME-26JUN201335CINNYY,-488942.75,-549744.03,60801.28,473650.05,15292.7,3025226.75,5655084,4
KXMLBGAME-26JUN262215ATLSF,348026.16,275786.38,72239.78,-366178.3,18152.14,2757650.84,5643090,4
KXWCSPREAD-26JUN18MEXKOR,-477479.6,-522402.32,44922.72,477479.6,0.0,1997177.6,5637978,14
KXWC1H-26JUL05MEXENG,-334991.7,-385727.73,50736.03,334991.7,0.0,2196699.7,5625794,5
KXMLBGAME-26JUL251610TORBOS,-484924.69,-544514.11,59589.42,469941.85,14982.84,2709382.69,5617781,4
KXMLBGAME-26APR272140CHCSD,292561.97,223159.26,69402.71,-310000.89,17438.92,2398753.03,5613759,5
KXMLBGAME-26JUN271610KCCWS,377919.21,294391.87,83527.34,-398883.73,20964.52,2714174.79,5613638,4
KXATPMATCH-26JUL03HURPAU,-527450.83,-594371.59,66920.76,510631.66,16819.17,2705142.83,5600233,3
KXLALIGAGAME-26MAY13ALABAR,-1006366.19,-1079045.93,72679.74,988095.47,18270.72,2625702.19,5594552,9
KXMLBTOTAL-26JUL062210COLLAD,346541.95,269280.25,77261.7,-346541.95,0.0,2632843.05,5582651,3
KXMLBGAME-26JUN192210BOSSEA,-433643.76,-507938.13,74294.37,414988.04,18655.72,2637320.76,5579533,4
KXWCGOAL-26JUL05MEXENG-MEXJQUINO33,1935146.27,1875682.65,59463.62,-1935146.27,0.0,1628911.73,5578854,5
KXMLBGAME-26APR161410TBCWS,490108.15,413788.12,76320.03,-509294.41,19186.26,2788682.85,5568085,2
KXATPMATCH-26JUN18HIJLEH,-433377.22,-507127.81,73750.59,414864.59,18512.63,2893112.22,5566890,2
KXMLBGAME-26APR151235AZBAL,432310.29,345341.11,86969.18,-454142.57,21832.28,2836924.71,5565047,1
KXMVESPORTSMULTIGAMEEXTENDED-S2026B41B65C0953,-320920.06,-342099.12,21179.06,320920.06,0.0,388839.06,5558320,5
KXMLBGAME-26MAY271845ATLBOS,-720360.82,-789498.99,69138.17,702995.1,17365.72,2852002.82,5553831,4
KXLIGAMXGAME-26JUL24ALAAME,-900304.76,-960463.82,60159.06,900304.76,0.0,2593517.76,5535120,11
KXMLBGAME-26MAY241920TEXLAA,-411091.11,-501883.12,90792.01,388314.53,22776.58,2690908.11,5534690,4
KXWCTOTAL-26JUN11KORCZE,330170.97,260505.99,69664.98,-330170.97,0.0,2845036.03,5517312,7
KXWCSPREAD-26JUL11ARGSUI,-685520.98,-746279.07,60758.09,685520.98,0.0,2324734.98,5510411,5
KXWCMENTION-26JUL06USABEL,-441704.94,-482009.43,40304.49,441704.94,0.0,1476220.94,5501385,3
KXMLBGAME-26MAY221905TBNYY,506283.94,433124.28,73159.66,-524672.66,18388.72,2564737.06,5500617,4
KXWCSCORE-26JUN20NEDSWE,-316586.92,-352046.73,35459.81,316586.92,0.0,1473772.92,5493272,3
KXMLBGAME-26JUN251910NYYBOS,-501691.34,-565103.38,63412.04,485739.86,15951.48,2701133.34,5490418,4
KXMLBGAME-26JUN191840CWSDET,-310706.95,-388742.86,78035.91,291093.96,19612.99,2728565.95,5490247,4
KXT20MATCH-26JUL101630SEANEW,-279186.34,-340323.64,61137.3,279186.34,0.0,2943657.34,5482964,6
KXLEAGUESCUPGAME-26AUG07VANJUA,676903.31,623625.17,53278.14,-676903.31,0.0,2170465.69,5480004,6
KXWCSCORE-26JUN22JORDZA,234430.48,199460.29,34970.19,-234430.48,0.0,1393207.52,5466830,4
KXATPMATCH-26MAY27COLSHE,-919853.89,-982163.17,62309.28,904204.9,15648.99,2641466.89,5461864,4
KXPLATNERDROPOUT,467330.77,436394.23,30936.52,-467330.77,0.0,1938552.22,5460725,38
KXATPMATCH-26MAY30CERSVA,420585.09,356003.24,64581.85,-436803.01,16217.92,2621852.91,5452400,3
KXNBATOTAL-26MAY09DETCLE,340604.21,263520.88,77083.33,-359961.74,19357.53,2735018.79,5451307,2
KXMLBGAME-26JUN011845MIAWSH,-412570.37,-488421.35,75850.98,393511.94,19058.43,2724653.37,5448383,4
KXWCGOAL-26JUN24SCOBRA-BRAVINI7,1241567.52,1176287.61,65279.91,-1241567.52,0.0,1958108.48,5443821,3
KXMVESPORTSMULTIGAMEEXTENDED-S2026B4127348E97,-313463.51,-334263.06,20799.54,313463.51,0.0,367626.51,5441967,4
KXMLBGAME-26JUN191420TORCHC,309267.26,251986.42,57280.84,-323658.34,14391.08,2708436.74,5430689,4
KXMLBGAME-26APR201940BALKC,258451.0,193372.4,65078.6,-274819.54,16368.54,2543322.0,5423773,4
KXMLBGAME-26MAY171340NYYNYM,-367700.26,-437514.98,69814.72,350149.94,17550.32,2633737.26,5420568,4
KXMLBGAME-26AUG031840WSHPHI,289907.14,226978.59,62928.55,-305764.8,15857.66,2559651.86,5417696,4
KXMLBGAME-26JUL111910CHCCIN,524465.9,456862.7,67603.2,-541457.88,16991.98,2666006.1,5411883,4
KXNBASPREAD-26APR27DETORL,-518452.81,-596966.07,78513.26,498722.7,19730.11,2620363.81,5410137,3
KXMVESPORTSMULTIGAMEEXTENDED-S20267C012E7C7DF,714813.92,656844.02,57969.9,-714813.92,0.0,2300768.08,5407238,5
KXMLBGAME-26JUL271910ATLNYM,-376144.06,-452257.29,76113.23,357017.96,19126.1,2617002.06,5397281,4
KXATPCHALLENGERMATCH-26JUL17RODCRA,402784.11,321931.18,80852.93,-402784.11,0.0,2708192.89,5395629,1
KXMLBGAME-26JUN061610TBMIA,-705782.83,-764898.6,59115.77,690919.86,14862.97,2471125.83,5394025,4
KXMLBGAME-26APR251915PHIATL,260109.76,186375.84,73733.92,-278640.47,18530.71,2509966.24,5393793,4
KXWNBAGAME-26AUG06LAMIN,506057.66,460059.08,45998.58,-506057.66,0.0,2366753.34,5384168,4
KXWCSPREAD-26JUN16IRQNOR,340073.61,270092.31,69981.3,-340073.61,0.0,2629440.39,5378213,13
KXWCTOTAL-26JUN14SWETUN,308546.69,243814.62,64732.07,-308546.69,0.0,2581179.31,5377059,10
KXMLBGAME-26MAY161310TORDET,-292261.1,-379750.94,87489.84,270291.42,21969.68,2717955.1,5374164,4
KXMLBGAME-26JUL182205WSHATH,-464412.0,-516247.53,51835.53,451387.16,13024.84,2415433.0,5371033,4
KXMVESPORTSMULTIGAMEEXTENDED-S202605C75CDAD9F,-407538.44,-447045.35,39506.91,407538.44,0.0,1347673.44,5369484,4
KXMLBGAME-26JUL011235CWSBAL,-291131.82,-361626.47,70494.65,273417.98,17713.84,2681209.82,5368289,4
KXMVESPORTSMULTIGAMEEXTENDED-S2026FCAC4C408FE,2305755.4,2246098.3,59657.1,-2305755.4,0.0,1347287.6,5360601,6
KXMLBGAME-26MAY221840STLCIN,599215.82,527180.33,72035.49,-617308.2,18092.38,2659599.18,5358239,5
KXMLBGAME-26JUL112110AZLAD,-317223.54,-370706.16,53482.62,303753.57,13469.97,2414587.54,5357030,5
KXWCGOAL-26JUL07SUICOL-COLLDIAZ14,-604297.01,-641006.45,36709.44,604297.01,0.0,984294.01,5354405,4
KXMVESPORTSMULTIGAMEEXTENDED-S2026613A766311B,250533.92,235657.16,14876.76,-250533.92,0.0,882861.08,5339607,2
KXWTAMATCH-26MAY09SABCIR,-741761.17,-805569.71,63808.54,725743.91,16017.26,3009235.17,5339352,2
KXNBASPREAD-26APR18HOULAL,-322188.42,-400414.0,78225.58,302523.13,19665.29,2687188.42,5338738,1
KXMLBGAME-26APR221910MINNYM,-324233.87,-395777.13,71543.26,306269.54,17964.33,2456717.87,5335643,4
KXATPMATCH-26MAY25KOPMOU,-384550.31,-461068.92,76518.61,365339.19,19211.12,2869863.31,5335456,5
KXMVESPORTSMULTIGAMEEXTENDED-S202699DB7C62B95,-364432.57,-402412.18,37979.61,364432.57,0.0,1139415.57,5328626,8
KXWCTOTAL-26JUN24MARHTI,-292568.97,-354320.31,61751.34,292568.97,0.0,2844809.97,5324502,14
KXWCSPREAD-26JUN13QATSUI,-939048.96,-1015867.62,76818.66,939048.96,0.0,2890847.96,5321135,9
KXMLBGAME-26MAY271835TBBAL,-842888.92,-901644.79,58755.87,828129.01,14759.91,2679645.92,5309576,4
KXWC3RDPLACE-26,-281204.7,-339622.94,58418.24,281204.7,0.0,2120281.7,5293665,47
KXMLBGAME-26JUN281605ATLSF,-323002.12,-381353.94,58351.82,308309.88,14692.24,2459049.12,5291718,4
KXWTAMATCH-26JUL15BONZID,-300065.25,-372437.06,72371.81,281859.92,18205.33,2617305.25,5291518,2
KXMLBGAME-26JUL091945MILSTL,305416.9,263888.58,41528.32,-315902.23,10485.33,2767830.1,5287102,4
KXMLBGAME-26APR212145LADSF,-864011.25,-934399.49,70388.24,846308.49,17702.76,2368494.25,5282446,5
KXWCTOTAL-26JUN19SCOMAR,-321888.85,-389907.76,68018.91,321888.85,0.0,2687934.85,5275226,12
KXMVECROSSCATEGORY-S20263996C2DA7E3,-352954.29,-405722.37,52768.08,352954.29,0.0,997014.29,5272201,13
KXMLBGAME-26JUN221910CHCNYM,394165.64,327165.94,66999.7,-411013.0,16847.36,2531485.36,5253989,6
KXMLBGAME-26MAY021915LADSTL,-506472.18,-563341.36,56869.18,492170.62,14301.56,2400906.18,5252995,4
KXNBATOTAL-26MAY09OKCLAL,572651.55,498557.43,74094.12,-591255.51,18603.96,2605179.45,5246767,2
KXMLBGAME-26JUL241840CHCPIT,370729.1,290230.44,80498.66,-390969.15,20240.05,2667657.9,5246214,4
KXWNBAGAME-26JUN23NYLV,-304062.79,-353283.48,49220.69,304062.79,0.0,2329128.79,5239805,4
KXMVESPORTSMULTIGAMEEXTENDED-S20269C30FA90AEC,818830.19,763291.75,55538.44,-818830.19,0.0,1751052.81,5237043,7
KXMLBGAME-26MAY211840ATLMIA,593308.42,533723.36,59585.06,-608299.79,14991.37,2710392.58,5234690,4
KXMVECROSSCATEGORY-S2026551DA32B05D,399592.91,365665.09,33927.83,-399592.91,0.0,859592.09,5223515,5
KXWCTOTAL-26JUN24CZEMEX,-360773.03,-420550.2,59777.17,360773.03,0.0,2798188.03,5213184,17
KXWTAMATCH-26APR17MUCGAU,-365308.61,-437569.51,72260.9,347145.52,18163.09,2665104.61,5212902,2
KXMLBGAME-26AUG071910LAAMIA,-1006177.71,-1077543.8,71366.09,988246.75,17930.96,2840350.71,5208453,4
KXMLBGAME-26APR291310LAACWS,-456050.29,-533966.17,77915.88,436492.07,19558.22,2606690.29,5204759,4
KXMLBGAME-26JUN161915SFATL,-513408.48,-587596.81,74188.33,494738.08,18670.4,2683833.48,5200001,5
KXWCSPREAD-26JUN14SWETUN,1231481.58,1169717.7,61763.88,-1231481.58,0.0,2218659.42,5199060,11
KXATPMATCH-26MAY09TIABUS,311946.32,241524.29,70422.03,-329614.71,17668.39,2622853.68,5183039,2
KXATPMATCH-26APR26FONJOD,-256190.75,-323547.72,67356.97,239288.31,16902.44,2495346.75,5174304,2
KXWC1H-26JUL04PARFRA,-938381.97,-1002168.29,63786.32,938381.97,0.0,2561266.97,5170003,5
KXMLBGAME-26MAY231610WSHATL,-562207.72,-632155.32,69947.6,544639.12,17568.6,2583527.72,5168914,4
KXWCBTTS-26JUL11NORENG,1255175.23,1179522.98,75652.25,-1255175.23,0.0,2943736.77,5163867,6
KXMLBGAME-26JUL191607DETLAA,-305769.02,-359916.19,54147.17,292135.55,13633.47,2557952.02,5160806,4
KXMLBGAME-26JUN042005ATHCHC,-397037.0,-455527.29,58490.29,382324.6,14712.4,2702666.0,5155719,4
KXMLBGAME-26JUN021840DETTB,-729747.74,-787704.07,57956.33,715181.95,14565.79,2622324.74,5154181,4
KXMLBGAME-26MAY111835NYYBAL,-905789.57,-970327.34,64537.77,889575.26,16214.31,2883140.57,5152646,4
KXMVESPORTSMULTIGAMEEXTENDED-S202602C0325C364,264158.96,243166.54,20992.43,-264158.96,0.0,693355.04,5141104,6
KXWC1HSCORE-26JUL18FRAENG,-314073.63,-345091.35,31017.72,314073.63,0.0,1272039.63,5138869,4
KXMLBGAME-26JUL242005SEATEX,-312850.54,-368800.58,55950.04,298771.17,14079.37,2434883.54,5133606,4
KXMLBGAME-26JUL041605DETTEX,-429190.71,-484898.08,55707.37,415179.45,14011.26,2647368.71,5128295,4
KXMLBGAME-26JUN152140LAAAZ,-291814.99,-355992.96,64177.97,275676.11,16138.88,2437131.99,5114165,4
KXMLBGAME-26MAY211310CLEDET,285926.8,221446.28,64480.52,-302127.1,16200.3,2506932.2,5107834,4
KXATPMATCH-26JUL31DENAK,-406059.0,-474306.52,68247.52,388921.57,17137.43,2572224.0,5090961,2
KXMLBGAME-26JUL251605AZWSH,407026.26,341230.22,65796.04,-423585.85,16559.59,2627014.74,5087297,4
KXLALIGAGAME-26MAY23VCFBAR,-962559.23,-1033534.92,70975.69,944729.33,17829.9,2462216.23,5086138,9
KXNBATOTAL-26APR27MINDEN,-314245.87,-387147.38,72901.51,295907.87,18338.0,2550915.87,5084708,3
KXMLBGAME-26JUN071335BOSNYY,465384.8,389262.12,76122.68,-484507.29,19122.49,2602165.2,5072948,4
KXWCGOAL-26JUN22NORSEN-NOREHAALA9,1337513.41,1274255.64,63257.77,-1337513.41,0.0,1915282.59,5069559,3
KXMLBGAME-26JUN121937NYYTOR,-353522.72,-404844.55,51321.83,340617.12,12905.6,2237775.72,5058322,4
KXWCTOTAL-26JUN13BRAMAR,-605291.33,-672733.74,67442.41,605291.33,0.0,2661575.33,5047031,9
KXWNBAGAME-26JUL02DALCONN,489091.36,424203.35,64888.01,-489091.36,0.0,2349047.64,5043229,3
KXMLBGAME-26MAY231507PITTOR,-580482.06,-639680.3,59198.24,565614.15,14867.91,2361346.06,5039824,4
KXMLBGAME-26JUL121340BOSNYM,417839.72,349298.54,68541.18,-435067.82,17228.1,2526073.28,5037946,4
KXFACUPGAME-26MAY16CFCMCI,707394.52,641773.18,65621.34,-707394.52,0.0,2305353.48,5032711,5
KXNHLGAME-26MAY01VGKUTA,-368693.47,-428865.02,60171.55,353569.59,15123.88,2294051.47,5032487,4
KXMLBGAME-26MAY182140LADSD,-643313.22,-712027.67,68714.45,626019.07,17294.15,2201543.22,5026314,5
KXWCTOTAL-26JUN25ECUGER,338310.29,276855.37,61454.92,-338310.29,0.0,2598804.71,5023242,18
KXATPMATCH-26JUL22JACBLO,280666.61,205429.38,75237.23,-299586.26,18919.65,2581501.39,5017304,2
KXT20MATCH-26JUL042130NEWLOS,335454.63,269049.78,66404.85,-335454.63,0.0,2375482.37,5012251,5
KXMLBGAME-26AUG011905PHIBAL,366384.97,301107.84,65277.13,-382789.27,16404.3,2346779.03,5002677,4
KXWCTOTAL-26JUN14CIVECU,-372522.64,-431251.42,58728.78,372522.64,0.0,2667940.64,4996709,11
KXWCSPREAD-26JUN20NEDSWE,512604.49,460782.95,51821.54,-512604.49,0.0,2193814.51,4995178,12
KXMVESPORTSMULTIGAMEEXTENDED-S202657742465AD4,482076.25,467989.46,14086.79,-482076.25,0.0,605893.75,4991027,6
KXMLBGAME-26APR231510SDCOL,288749.76,243240.86,45508.9,-300207.54,11457.78,2286338.24,4986939,4
KXMVECROSSCATEGORY-S2026EE1D67C198F,-436738.8,-502842.76,66103.96,436738.8,0.0,1567148.8,4983627,4
KXMLBGAME-26APR181605SFWSH,430174.56,361296.33,68878.23,-447494.24,17319.68,2479581.44,4977310,4
KXWTAMATCH-26APR27NOSGAU,-518564.03,-582500.22,63936.19,502506.74,16057.29,2567577.03,4967637,2
KXNBASPREAD-26APR25DETORL,-540321.85,-616039.5,75717.65,521299.26,19022.59,2451254.85,4965688,3
KXMLBGAME-26MAY211905TORNYY,-479297.07,-550697.58,71400.51,461350.14,17946.93,2473959.07,4964263,4
KXMVESPORTSMULTIGAMEEXTENDED-S2026C0027A2305F,-302100.53,-342223.31,40122.78,302100.53,0.0,1486354.53,4963764,7
KXMLBGAME-26JUN051840SEADET,-538946.76,-605060.58,66113.82,522327.92,16618.84,2524430.76,4961702,4
KXWNBAGAME-26JUL02ATLWSH,490186.8,433019.78,57167.02,-490186.8,0.0,2187075.2,4959649,3
KXMLBGAME-26MAY261845ATLBOS,591632.05,528214.34,63417.71,-607591.69,15959.64,2301272.95,4953303,4
KXATPCHALLENGERMATCH-26JUL19RODIVA,349367.63,272711.81,76655.82,-349367.63,0.0,2423783.37,4949457,1
KXMLBGAME-26MAY292040SFCOL,-476145.03,-533029.97,56884.94,461820.45,14324.58,2558900.03,4947248,4
KXATPMATCH-26JUN12BELFRI,531350.07,459286.56,72063.51,-549444.43,18094.36,2547806.93,4938420,2
KXMLBGAME-26APR182010LADCOL,-1091683.34,-1154911.78,63228.44,1075778.52,15904.82,2738854.34,4934124,4
KXMLBGAME-26MAY042140ATLSEA,-393645.18,-457240.86,63595.68,377653.64,15991.54,2227004.18,4931081,5
KXATPMATCH-26MAY12TIRMED,278111.69,224038.82,54072.87,-291682.2,13570.51,2384041.31,4920594,2
KXMLBGAME-26AUG031940PITMIL,-443804.65,-510407.09,66602.44,427052.61,16752.04,2314869.65,4919835,4
KXMLBGAME-26MAY171215MIATB,398957.54,336943.46,62014.08,-414535.99,15578.45,2373315.46,4915656,4
KXATPMATCH-26JUL27DAMSHE,294960.71,238536.47,56424.24,-309146.96,14186.25,2469338.29,4905589,3
KXWCSPREAD-26JUN26URUESP,-598882.77,-654725.29,55842.52,598882.77,0.0,2022542.77,4869137,19
KXNBATOTAL-26APR29HOULAL,-369911.7,-439255.52,69343.82,352470.09,17441.61,2489696.7,4860779,4
KXNBASPREAD-26APR28PHIBOS,-545029.37,-616605.96,71576.59,527065.77,17963.6,2438044.37,4857380,2
KXMLBGAME-26MAY071910TBBOS,268112.37,208101.42,60010.95,-283188.31,15075.94,2613282.63,4855022,4
KXATPMATCH-26JUL15BUBHAL,-363058.7,-431188.66,68129.96,345912.15,17146.55,2607058.7,4850109,4
KXWCGOAL-26JUN17PORCOD-PORCRIS7,-910688.1,-970529.73,59841.63,910688.1,0.0,1874302.1,4825595,3
KXMLBSPREAD-26AUG021920BOSLAD,-299271.78,-369252.63,69980.85,299271.78,0.0,2375128.78,4824282,2
KXWTAMATCH-26MAY22MBOCRI,268681.5,206483.2,62198.3,-284311.02,15629.52,2399361.5,4813855,2
KXNBASPREAD-26APR24BOSPHI,367121.36,292822.9,74298.46,-385772.93,18651.57,2445870.64,4813039,2
KXMLBGAME-26MAY091910NYYMIL,-553440.65,-625131.67,71691.02,535440.68,17999.97,2517316.65,4812040,4
KXNHLGAME-26MAY20VGKCOL,-334874.42,-391905.7,57031.28,320495.58,14378.84,2336180.42,4810217,6
KXMLBGAME-26JUL211905PITNYY,293216.07,236047.91,57168.16,-307606.42,14390.35,2375306.93,4796558,5
KXWTACHALLENGERMATCH-26JUL31SORBRO,-319245.53,-386468.1,67222.57,319245.53,0.0,2448023.53,4792764,2
KXMLBGAME-26JUN151845KCWSH,300412.17,239853.89,60558.28,-315632.42,15220.25,2383581.83,4790130,4
KXUFCMOV-26JUN14OMZAH,599411.07,553077.15,46333.92,-599411.07,0.0,1266477.93,4788109,7
KXMLBGAME-26AUG051910CWSBOS,871426.15,810652.29,60773.86,-886690.94,15264.79,2352884.85,4786957,4
KXWCSPREAD-26JUN19SCOMAR,-738905.76,-802262.36,63356.6,738905.76,0.0,2087346.76,4765896,14
KXMLBGAME-26JUN281340HOUDET,368718.77,315109.94,53608.83,-382208.01,13489.24,2327777.23,4764060,4
KXMLBGAME-26JUN101940TEXKC,425159.7,350869.16,74290.54,-443821.97,18662.27,2309268.3,4762957,4
KXATPCHALLENGERMATCH-26JUN16VILTOR,-288802.88,-353131.47,64328.59,288802.88,0.0,2530806.88,4753817,1
KXLALIGAGAME-26MAY02OSABAR,635385.42,578151.08,57234.34,-649780.99,14395.57,2448333.58,4736714,8
KXMLBGAME-26MAY271940NYYKC,740309.05,683853.27,56455.78,-754496.64,14187.59,2483413.95,4731638,3
KXMLBGAME-26MAY131835NYYBAL,-907441.65,-969702.88,62261.23,891806.44,15635.21,2435516.65,4722910,4
KXWTAMATCH-26JUL07PEGGAU,-345415.92,-411058.14,65642.22,328928.07,16487.85,2365112.92,4721870,3
KXNHLGAME-26MAY11COLMIN,271950.18,202690.83,69259.35,-289377.76,17427.58,2245852.82,4718402,2
KXUFCFIGHT-26JUL11KRYWHI,319114.46,257100.06,62014.4,-319114.46,0.0,2084002.54,4717860,13
KXWCGOAL-26JUL11NORENG-ENGHKANE9,-1132435.0,-1191557.0,59122.0,1132435.0,0.0,1887035.0,4716105,6
KXWTAMATCH-26JUL07OSAMUC,-364111.44,-431165.51,67054.07,347289.0,16822.44,2273779.44,4712885,3
KXLIGAMXGAME-26JUL31PUECDG,-367416.45,-426522.56,59106.11,367416.45,0.0,2049869.45,4711830,6
KXWTAMATCH-26JUN01KEYSHN,-347711.63,-407780.42,60068.79,332623.46,15088.17,2405698.63,4701408,3
KXMVESPORTSMULTIGAMEEXTENDED-S202693862915E4D,366057.96,345204.98,20852.98,-366057.96,0.0,561591.04,4694742,5
KXMLBGAME-26JUL311910CWSTB,-701140.36,-753212.88,52072.52,688047.42,13092.94,2305995.36,4690497,4
KXMLBGAME-26AUG052140SDAZ,-507638.89,-556108.3,48469.41,495456.9,12181.99,1905924.89,4686431,5
KXWCGOAL-26JUL05BRANOR-NOREHAALA9,1739996.32,1682159.01,57837.31,-1739996.32,0.0,1755590.68,4683981,6
KXMLBGAME-26JUN301835CWSBAL,381824.68,336407.54,45417.14,-393259.71,11435.03,2264795.32,4682957,4
KXMLBGAME-26MAY301610LAATB,-624418.85,-678886.58,54467.73,610732.36,13686.49,2503637.85,4680626,4
KXBTCD-26MAY2317,277608.85,232144.4,45464.45,-277608.85,0.0,1995004.15,4669566,2
KXITFMATCH-26JUN24HANBOU,275697.81,209379.99,66317.82,-275697.81,0.0,2132461.19,4657485,2
KXWNBAGAME-26AUG01LVCHI,-283307.85,-338943.6,55635.75,283307.85,0.0,2282880.85,4656735,4
KXMLBGAME-26JUN061410KCMIN,-434064.51,-503088.29,69023.78,416724.19,17340.32,2416202.51,4653225,4
KXEPLGAME-26MAY17AVLLFC,-310843.27,-365046.62,54203.35,297208.43,13634.84,1973455.27,4650821,14
KXWCSPREAD-26JUL10ESPBEL,-348630.23,-397657.8,49027.57,348630.23,0.0,2120389.23,4649772,5
KXMVESPORTSMULTIGAMEEXTENDED-S202624239F17F63,1409000.48,1390054.45,18946.03,-1409000.48,0.0,570809.52,4631209,6
KXMLBGAME-26APR261605SDAZ,-543147.68,-590048.46,46900.78,531357.77,11789.91,2170809.68,4630892,4
KXMLBGAME-26MAY061610ATLSEA,-611837.21,-671538.6,59701.39,596827.38,15009.83,2248018.21,4630715,4
KXMVESPORTSMULTIGAMEEXTENDED-S202631B6FFEDEE4,-506635.74,-547841.61,41205.87,506635.74,0.0,945781.74,4617183,5
KXMLBGAME-26JUN221940LADMIN,286610.62,226071.55,60539.07,-301831.5,15220.88,2257174.38,4602257,4
KXMLBGAME-26MAY231605CWSSF,-321493.98,-381864.49,60370.51,306337.26,15156.72,2120995.98,4590054,4
KXMVESPORTSMULTIGAMEEXTENDED-S2026E5747CA7CCB,282741.91,270846.82,11895.1,-282741.91,0.0,213291.09,4583171,5
KXMVESPORTSMULTIGAMEEXTENDED-S2026437B785A4DD,-358790.68,-380546.65,21755.97,358790.68,0.0,455292.68,4582151,4
KXMLBGAME-26JUN161845KCWSH,450112.45,392112.71,57999.74,-464702.72,14590.27,2427571.55,4578029,4
KXNBATOTAL-26MAY08NYKPHI,-339649.13,-405497.89,65848.76,323104.73,16544.4,2354365.13,4576391,2
KXMLBGAME-26MAY052040NYMCOL,-424284.41,-480760.35,56475.94,410097.05,14187.36,2325739.41,4574225,6
KXMLBTOTAL-26JUL102215COLSF,304580.51,239167.42,65413.09,-304580.51,0.0,2309859.49,4571655,3
KXLPGATOUR-U.SWOPBA26,250532.01,216874.12,33657.89,-250532.01,0.0,1196904.99,4569925,8
KXWCGOAL-26JUL18FRAENG-ENGJBELLI5,1327598.73,1295596.08,32002.65,-1327598.73,0.0,1508496.27,4567415,4
KXATPCHALLENGERMATCH-26MAY16VALMUN,-297347.83,-356743.0,59395.17,297347.83,0.0,2294561.83,4563769,1
KXMLBGAME-26JUL201840MINCLE,-292229.91,-340372.68,48142.77,280097.72,12132.19,2078330.91,4560615,3
KXMVESPORTSMULTIGAMEEXTENDED-S202666FEB74384C,-428758.12,-455468.0,26709.88,428758.12,0.0,587448.12,4558270,11
KXNHLGAME-26APR29PITPHI,462975.93,387667.6,75308.33,-481872.48,18896.55,2247462.07,4556221,2
KXMLBGAME-26JUL101910SEATB,605405.46,549858.72,55546.74,-619366.98,13961.52,2440123.54,4555531,4
KXMLBGAME-26JUL202040WSHCOL,414439.91,356801.53,57638.38,-428935.11,14495.2,2497887.09,4548980,4
KXATPMATCH-26JUN29RUBSAF,-547948.29,-619046.92,71098.63,530085.27,17863.02,2355365.29,4544242,4
KXBTCD-26JUL0200,352445.43,308062.34,44383.09,-352445.43,0.0,1881677.57,4544089,1
KXWCTEAMTOTAL-26JUL07ARGEGY,374558.24,324912.33,49645.91,-374558.24,0.0,2210150.76,4541849,4
KXATPMATCH-26APR27BLOAUG,-496338.36,-548024.19,51685.83,483352.34,12986.02,2322562.36,4537623,2
KXMLBGAME-26JUN081835SEABAL,293754.49,241340.3,52414.19,-306954.81,13200.32,2104639.51,4525462,4
KXMLBGAME-26MAY161510AZCOL,-404801.77,-467221.34,62419.57,389112.2,15689.57,2340448.77,4515047,4
KXWCSPREAD-26JUN15KSAURU,-403860.51,-446759.09,42898.58,403860.51,0.0,1958779.51,4512006,8
KXMLBGAME-26JUL021410CINMIL,-282639.38,-325168.65,42529.27,271925.69,10713.69,2303830.38,4504468,4
KXMLBGAME-26JUN291905DETNYY,-353833.97,-388739.13,34905.16,345037.71,8796.26,1850739.97,4496603,3
KXMLBGAME-26JUN091840NYYCLE,474014.97,407912.57,66102.4,-490630.14,16615.17,2206531.03,4485701,4
KXNBATOTAL-26MAY01LALHOU,-315649.7,-375853.08,60203.38,300510.12,15139.58,2263170.7,4484505,3
KXWC1H-26JUL06USABEL,-291830.59,-339308.83,47478.24,291830.59,0.0,1959672.59,4482440,5
KXMVESPORTSMULTIGAMEEXTENDED-S2026B89C105A464,1261965.13,1227122.24,34842.9,-1261965.13,0.0,750717.87,4477813,4
KXCLUBFGAME-26AUG01RMAFIO,-797485.19,-850609.16,53123.97,797485.19,0.0,2129951.19,4475107,1
KXWTAMATCH-26JUN24SWINAV,-616356.98,-679429.02,63072.04,600516.77,15840.21,2330641.98,4471673,2
KXWTAMATCH-26JUN07BOUFER,-307242.55,-369726.5,62483.95,291535.97,15706.58,2250457.55,4467782,4
KXMLBGAME-26MAY262140PHISD,-313874.36,-364042.61,50168.25,301246.98,12627.38,2094050.36,4464808,4
KXWCSPREAD-26JUL02SUIDZA,666389.17,614655.4,51733.77,-666389.17,0.0,1821370.83,4464801,6
KXMLBGAME-26MAY121907TBTOR,250407.39,191631.5,58775.89,-265172.29,14764.9,2287485.61,4462001,4
KXWC2H-26JUN30MEXECU,-661398.28,-720838.3,59440.02,661398.28,0.0,1984473.28,4460804,5
KXNBASPREAD-26APR21PHIBOS,-477747.55,-543747.96,66000.41,461170.6,16576.95,2294418.55,4433049,3
KXMLBGAME-26MAY061545SDSF,354915.98,294361.53,60554.45,-370116.7,15200.72,2171450.02,4428941,4
KXATPMATCH-26JUN26BERSAM,615769.28,559486.73,56282.55,-629904.81,14135.53,1901030.72,4421172,2
KXMLBGAME-26JUN071510MILCOL,378487.47,336225.86,42261.61,-389127.02,10639.55,1734861.53,4420748,4
KXNBASPREAD-26APR20ATLNYK,-254084.34,-320003.0,65918.66,237514.62,16569.72,2227839.34,4413910,3
KXNBASPREAD-26APR27OKCPHX,-286496.69,-350323.07,63826.38,270443.07,16053.62,2195089.69,4405028,4
KXMLBGAME-26JUN302140LADATH,531798.62,484678.75,47119.87,-543660.71,11862.09,2137476.38,4401647,5
KXMLBGAME-26MAY031245TORMIN,-480937.2,-537515.83,56578.63,466725.61,14211.59,2257258.2,4398721,4
KXMVESPORTSMULTIGAMEEXTENDED-S202662BE78C1E9B,-500093.69,-535004.73,34911.04,500093.69,0.0,1250608.69,4388927,5
KXMLBGAME-26APR271940LAACWS,-389520.23,-431722.58,42202.35,378903.4,10616.83,1929819.23,4387954,5
KXNBASPREAD-26APR25NYKATL,406976.95,343005.01,63971.94,-423054.78,16077.83,2144422.05,4387457,2
KXATPMATCH-26JUL06DECOB,286846.23,225419.26,61426.97,-302272.64,15426.41,2218680.77,4380259,3
KXMLBGAME-26JUL042008NYMATL,284975.72,245739.73,39235.99,-294862.29,9886.57,1958606.28,4360960,4
KXMLBGAME-26JUN242040ATLSD,-459300.37,-508153.17,48852.8,447007.91,12292.46,2204266.37,4359274,4
KXMLBGAME-26JUN012140LADAZ,-580952.06,-640162.44,59210.38,566054.57,14897.49,2265517.06,4356713,4
KXMLBGAME-26JUL081910KCNYM,-421572.88,-477911.55,56338.67,407404.42,14168.46,2000975.88,4354427,4
KXNBASPREAD-26APR23NYKATL,-282754.83,-345868.91,63114.08,266893.37,15861.46,2144460.83,4352461,3
KXWC1H-26JUL03ARGCPV,318579.39,277241.8,41337.59,-318579.39,0.0,1909615.61,4349690,7
KXMLBGAME-26JUN301915STLATL,-389929.35,-439454.84,49525.49,377479.99,12449.36,2196818.35,4348582,4
KXMLSGAME-26JUL25MTLMIA,862783.79,805310.91,57472.88,-862783.79,0.0,2173538.21,4342331,6
KXWCGOAL-26JUL11NORENG-ENGJBELLI5,2215325.34,2179154.02,36171.32,-2215325.34,0.0,1175736.66,4341672,6
KXMLBGAME-26AUG032005SFTEX,-799833.51,-850649.34,50815.83,787058.91,12774.6,2288578.51,4334272,3
KXNHLGAME-26MAY09COLMIN,-334816.83,-387363.63,52546.8,321600.71,13216.12,2125337.83,4331569,7
KXMLBSPREAD-26JUL062210COLLAD,-582934.92,-638200.12,55265.2,582934.92,0.0,2099981.92,4327556,3
KXEPLGAME-26MAY11TOTLEE,-264074.64,-316248.94,52174.3,250918.17,13156.47,1981320.64,4321417,17
KXMLBGAME-26JUN101835SEABAL,-422008.84,-477432.42,55423.58,408090.22,13918.62,1885161.84,4320439,4
KXATP-26HAMBUR,-261157.49,-318366.08,57208.59,261157.49,0.0,2170512.49,4317658,3
KXMLBGAME-26JUN271610PHINYM,-344831.78,-392394.35,47562.57,332867.91,11963.87,2027569.78,4315022,3
KXATPMATCH-26AUG04TIACIL,330606.14,282333.46,48272.68,-342741.57,12135.43,2064672.86,4312226,2
KXMLBGAME-26JUL111410LAAMIN,282365.0,233512.77,48852.23,-294673.2,12308.2,2397377.0,4307174,4
KXMLBGAME-26JUL251810CLETB,396019.21,343915.13,52104.08,-409111.79,13092.58,2090686.79,4305348,4
KXATPMATCH-26JUL18COLCER,-449615.99,-495592.73,45976.74,438046.41,11569.58,2312305.99,4300276,2
KXMLBGAME-26MAY031335BALNYY,244292.53,188312.97,55979.56,-258359.33,14066.8,2347142.47,4298670,4
KXWCTEAMTOTAL-26JUL05MEXENG,491707.9,440865.79,50842.11,-491707.9,0.0,2050808.1,4294771,5
KXMLBGAME-26MAY291910LAATB,424193.72,373088.21,51105.51,-437046.9,12853.18,2148726.28,4287747,4
KXWCGOAL-26JUL10ESPBEL-ESPLYAMAL10,-900857.45,-950907.15,50049.7,900857.45,0.0,1239685.45,4286511,4
KXMLBGAME-26APR231305ATLWSH,334579.95,275562.87,59017.08,-349406.99,14827.04,2067327.05,4283873,4
KXWCBTTS-26JUL02SUIDZA,-1072109.98,-1139307.12,67197.14,1072109.98,0.0,2302449.98,4269182,6
KXWTAMATCH-26MAY27PAOSIE,-299915.36,-348213.45,48298.09,287785.8,12129.56,2384591.36,4253064,3
KXWTAMATCH-26AUG06GIBALE,280852.26,224282.23,56570.03,-295058.87,14206.61,2214048.74,4252311,2
KXMLBGAME-26MAY012145KCSEA,-347410.45,-401992.38,54581.93,333698.27,13712.18,1976386.45,4250951,5
KXMLBGAME-26JUL191605WSHATH,241630.3,197767.73,43862.57,-252657.09,11026.79,2217119.7,4250405,4
KXLALIGAGAME-26APR22ELCATM,-558507.16,-605976.94,47469.78,546560.05,11947.11,1574110.16,4239883,8
KXMLBGAME-26MAY251335CHCPIT,-329245.06,-393100.16,63855.1,313217.04,16028.02,2174257.06,4235166,4
KXMLBGAME-26JUN192040PITCOL,-410480.85,-464235.34,53754.49,396957.44,13523.41,2158955.85,4226011,4
KXMLBGAME-26APR221410BALKC,449160.9,397082.28,52078.62,-462241.59,13080.69,2137478.1,4219466,4
KXATPCHALLENGERMATCH-26JUL21MARSWE,-265189.3,-321989.07,56799.77,265189.3,0.0,2172921.3,4218271,2
KXWCTEAMTOTAL-26JUL18FRAENG,413272.91,365682.73,47590.18,-413272.91,0.0,2108212.09,4203523,4
KXMLBGAME-26JUL221410NYMMIL,301942.1,260680.12,41261.98,-312353.22,10411.12,2062214.9,4198761,4
KXNHLGAME-26MAY21MTLCAR,-319819.27,-371751.71,51932.44,306748.81,13070.46,2073588.27,4191444,3
KXMLBGAME-26MAY091905CHCTEX,-710941.15,-769877.0,58935.85,696147.89,14793.26,2121804.15,4189836,4
KXWCBTTS-26JUL09FRAMAR,-1094161.66,-1156877.44,62715.78,1094161.66,0.0,2179064.66,4185965,6
KXMLBGAME-26MAY222138TEXLAA,-299535.49,-339029.56,39494.07,289589.36,9946.13,1898669.49,4180357,5
KXWTAMATCH-26MAY07SINKAL,337425.71,290728.68,46697.03,-349162.31,11736.6,1914456.29,4180219,2
KXMVESPORTSMULTIGAMEEXTENDED-S202698978B590ED,-478149.76,-514324.28,36174.52,478149.76,0.0,1135296.76,4178463,7
KXLIGAMXGAME-26JUL24TIJLEO,580358.9,525278.25,55080.65,-580358.9,0.0,1938637.1,4174518,11
KXATPMATCH-26JUN01AUGTAB,319102.88,272920.23,46182.65,-330694.69,11591.81,2441878.12,4173783,3
KXWTAMATCH-26JUL05BENGAU,366295.95,307949.55,58346.4,-380959.23,14663.28,1952371.05,4171743,3
KXMVESPORTSMULTIGAMEEXTENDED-S2026F96314EB738,-396727.43,-422163.11,25435.68,396727.43,0.0,460842.43,4164930,5
KXWCBTTS-26JUL06PORESP,-1257923.33,-1316652.14,58728.81,1257923.33,0.0,2443983.33,4160218,5
KXMLBGAME-26MAY161915BOSATL,-628508.81,-686724.41,58215.6,613883.15,14625.66,2157112.81,4159504,4
KXNHLWEST-26,-645542.25,-691467.59,45925.34,633985.69,11556.56,2023309.25,4156093,42
KXWTAMATCH-26JUN03KALCHW,-469507.41,-522242.01,52734.6,456279.18,13228.23,2062348.41,4155456,3
KXMLBGAME-26JUL282145MILSF,349164.31,312170.52,36993.79,-358480.09,9315.78,1911456.69,4154403,5
KXMLBGAME-26MAY131840WSHCIN,346475.81,292156.83,54318.98,-360135.14,13659.33,1920942.19,4139606,4
KXMLBGAME-26JUL051600MILAZ,247549.85,195062.33,52487.52,-260760.63,13210.78,2020372.15,4137770,4
KXMLBGAME-26APR152210NYMLAD,367830.49,316177.44,51653.05,-380810.84,12980.35,2182708.51,4129722,2
KXMLBGAME-26JUL241845AZWSH,362925.66,305230.45,57695.21,-377437.08,14511.42,2090330.34,4127509,3
KXNBATOTAL-26APR19PHXOKC,-341172.29,-397693.58,56521.29,326964.97,14207.32,2051424.29,4125792,2
KXMLBGAME-26JUL271845TORWSH,-381631.03,-441771.31,60140.28,366500.68,15130.35,2140264.03,4125266,4
KXMLBGAME-26JUN091840LADPIT,325914.28,270041.02,55873.26,-339978.62,14064.34,1819431.72,4119886,4
KXINTLFRIENDLYGAME-26JUN04ESPIRQ,272128.26,248477.69,23650.57,-272128.26,0.0,1540798.74,4119620,5
KXMLBGAME-26JUN171915SFATL,-373375.96,-418182.84,44806.88,362095.65,11280.31,2039927.96,4118678,4
KXMLBGAME-26JUN171415SDSTL,260085.23,210706.93,49378.3,-272492.45,12407.22,2179592.77,4117934,4
KXATPCHALLENGERMATCH-26JUL14CASSCH,-430089.03,-495190.1,65101.07,430089.03,0.0,2083332.03,4116021,1
KXINTLFRIENDLYGAME-26JUN04FRACIV,-334665.42,-373301.25,38635.83,334665.42,0.0,2114483.42,4113795,5
KXMLBTOTAL-26JUN182140LAAATH,270890.78,209423.8,61466.98,-270890.78,0.0,2124811.22,4113070,3
KXWTAMATCH-26JUN07PLIKES,303069.81,247974.26,55095.55,-316912.73,13842.92,2097702.19,4103759,3
KXATPMATCH-26APR24SHEPRI,-476960.29,-539577.92,62617.63,461233.88,15726.41,2038157.29,4101048,1
KXWCGOAL-26JUL06USABEL-USAFBALOG9,-794996.77,-841879.05,46882.28,794996.77,0.0,1315796.77,4099845,2
KXLALIGAGAME-26APR24RBBRMA,-1055584.58,-1102972.74,47388.16,1043659.25,11925.33,2027434.58,4099154,9
KXMVESPORTSMULTIGAMEEXTENDED-S202641664EEB327,-357966.47,-381030.23,23063.77,357966.47,0.0,542977.47,4092560,5
KXNBASPREAD-26APR26CLETOR,-467199.32,-528311.62,61112.3,451843.96,15355.36,2005918.32,4066915,3
KXWCSPREAD-26JUN15BELEGY,-439947.21,-476813.34,36866.13,439947.21,0.0,1884330.21,4062572,9
KXWCSPREAD-26JUN13BRAMAR,-376074.9,-410544.06,34469.16,376074.9,0.0,1656528.9,4060018,10
KXMLBGAME-26MAY292140NYYATH,376966.06,339389.84,37576.22,-386420.42,9454.36,2072911.94,4045207,5
KXWCTEAMTOTAL-26JUL04PARFRA,-577142.52,-630322.83,53180.31,577142.52,0.0,2160691.52,4044198,5
KXMLBGAME-26MAY101410NYYMIL,-504714.71,-570914.82,66200.11,488100.49,16614.22,1934707.71,4039650,4
KXMLBGAME-26AUG021340MIANYM,316046.8,265472.55,50574.25,-328761.24,12714.44,2035150.2,4030549,4
KXLIGAMXGAME-26MAY10PUMAME,-329850.66,-378658.55,48807.89,329850.66,0.0,1736027.66,4024360,4
KXMLBGAME-26MAY012040ATLCOL,383074.6,341893.57,41181.03,-393436.38,10361.78,1894728.4,4021041,4
KXNHLGAME-26MAY04ANAVGK,-306158.69,-354756.0,48597.31,293919.81,12238.88,1819367.69,4013725,3
KXMLBTOTAL-26JUN211920NYMPHI,313089.79,253325.83,59763.96,-313089.79,0.0,2024834.21,4000884,2
KXWCFIRSTGOAL-26JUL19ESPARG,-335142.1,-361972.17,26830.07,335142.1,0.0,764289.1,4000006,5
KXMLBGAME-26JUL062140AZSD,-294253.21,-328818.11,34564.9,285546.92,8706.29,1856095.21,3994897,4
KXWCSPREAD-26JUL04CANMAR,659960.12,621856.09,38104.03,-659960.12,0.0,1711523.88,3992780,5
KXWCGOAL-26JUL02ESPAUT-ESPLYAMAL10,-941979.13,-992191.88,50212.75,941979.13,0.0,1362800.13,3990537,5
KXMLBGAME-26JUN121940LADCWS,-516705.48,-561544.64,44839.16,505419.57,11285.91,1744125.48,3984004,4
KXMLBGAME-26JUN202210BOSSEA,-348090.06,-397808.72,49718.66,335597.03,12493.03,2095679.06,3982684,5
KXNBATOTAL-26APR15ORLPHI,-346299.26,-400916.68,54617.42,332565.12,13734.14,2000365.26,3981476,1
KXMLBGAME-26MAY122210SFLAD,242039.43,189696.94,52342.49,-255201.03,13161.6,1892746.57,3968723,4
KXMLBGAME-26JUL032015TBHOU,419120.68,362092.81,57027.87,-433449.44,14328.76,2080767.32,3968709,4
KXMLBGAME-26JUN101940ATLCWS,-523045.88,-574974.52,51928.64,509994.31,13051.57,1693869.88,3965780,4
KXUFCVICROUND-26JUN14TOPGAE,-458361.59,-493674.61,35313.02,458361.59,0.0,930864.59,3954640,8
KXMLBGAME-26JUL051600SFCOL,-446604.05,-494355.74,47751.69,434597.18,12006.87,2296196.05,3953630,3
KXMLBGAME-26JUN271310NYYBOS,-569658.78,-618859.14,49200.36,557281.32,12377.46,1948887.78,3948830,4
KXMLBGAME-26APR251805SDAZ,414138.52,365255.86,48882.66,-426428.62,12290.1,1980572.48,3945720,4
KXMLBGAME-26JUL021940TBKC,503529.07,458188.85,45340.22,-514930.51,11401.44,2045992.93,3944129,4
KXMLBGAME-26JUL201907TBTOR,295895.47,246021.74,49873.73,-308436.76,12541.29,1954061.53,3941392,3
KXMLBGAME-26JUL071835CHCBAL,260752.98,215945.89,44807.09,-272038.43,11285.45,2051280.02,3939329,4
KXWC2H-26JUL03ARGCPV,-594696.26,-640515.73,45819.47,594696.26,0.0,1912574.26,3934560,7
KXMLBGAME-26MAY031335HOUBOS,385193.31,327480.79,57712.52,-399684.49,14491.18,1858057.69,3924715,4
KXUCLGAME-26APR15ARSSPO,-611615.7,-660955.46,49339.76,599193.67,12422.03,1853116.7,3919843,1
KXMLBTOTAL-26JUN251545ATHSF,-538445.96,-593821.82,55375.86,538445.96,0.0,1927075.96,3912854,2
KXEPLGAME-26APR27MUNBRE,563395.35,521620.86,41774.49,-573914.18,10518.83,1996734.65,3899268,13
KXWCSOA-26JUL19ESPARG,-1206679.26,-1262890.91,56211.65,1206679.26,0.0,1867847.26,3891090,4
KXBTCD-26JUN1114,264854.04,220996.93,43857.11,-264854.04,0.0,1866951.96,3890038,1
KXATPMATCH-26JUL26SVRWAL,-272059.66,-322929.77,50870.11,259275.83,12783.83,2092761.66,3887832,4
KXMLBGAME-26JUN271910CHCMIL,-589290.94,-637363.69,48072.75,577206.61,12084.33,2067642.94,3881306,4
KXMLBGAME-26JUN141410LADCWS,-358769.33,-395958.16,37188.83,349400.68,9368.65,1967205.33,3875935,4
KXATPMATCH-26JUL15RUBPEL,236499.69,201875.81,34623.88,-245209.86,8710.17,2167338.31,3871520,3
KXWNBAGAME-26JUN15LVDAL,-370338.81,-407842.16,37503.35,370338.81,0.0,1705086.81,3864076,3
KXWCBTTS-26JUN30MEXECU,-621923.58,-680704.68,58781.1,621923.58,0.0,1903684.58,3857925,5
KXBUNDESLIGAGAME-26MAY02BMUFCH,-485497.19,-527664.5,42167.31,474875.3,10621.89,1727426.19,3851613,9
KXMVESPORTSMULTIGAMEEXTENDED-S20265C50137EE84,-368492.41,-405316.62,36824.21,368492.41,0.0,1046374.41,3850850,5
KXMLBGAME-26JUL101910CLEMIA,-341358.07,-390771.29,49413.22,328929.34,12428.73,1997679.07,3850067,3
KXMLBGAME-26MAY191840BALTB,253273.37,197706.93,55566.44,-267223.78,13950.41,1841993.63,3849570,4
KXWC2H-26JUL05MEXENG,-354520.83,-398616.14,44095.31,354520.83,0.0,1475951.83,3843415,5
KXMLSGAME-26AUG01MIACLB,-740287.04,-785223.54,44936.5,740287.04,0.0,2020803.04,3841077,7
KXWCTEAMTOTAL-26JUL03ARGCPV,-509223.24,-554961.08,45737.84,509223.24,0.0,2114382.24,3839297,7
KXMLBSPREAD-26JUN211920NYMPHI,817418.71,759668.96,57749.75,-817418.71,0.0,1811056.29,3831037,2
KXMLSGAME-26JUL25SJLAG,-312981.28,-362172.12,49190.84,312981.28,0.0,1730399.28,3829556,8
KXMLBGAME-26JUL012040MIACOL,-475108.38,-526486.28,51377.9,462187.83,12920.55,2004366.38,3829506,4
KXMLBGAME-26JUN221840KCTB,-371906.81,-426678.93,54772.12,358143.75,13763.06,2053563.81,3827207,4
KXMLBGAME-26MAY241335TBNYY,-346729.14,-409949.65,63220.51,330866.51,15862.63,1828702.14,3817720,4
KXWC2H-26JUL11ARGSUI,-409976.58,-453528.87,43552.29,409976.58,0.0,1594803.58,3817221,5
KXMVECROSSCATEGORY-S20262695E8B108C,-549922.75,-598665.97,48743.21,549922.75,0.0,1116668.75,3814908,6
KXMLBGAME-26MAY282005HOUTEX,265709.04,228701.31,37007.73,-275027.41,9318.37,1935711.96,3813709,4
KXMLBGAME-26JUL081945MILSTL,-422551.85,-460892.45,38340.6,412889.4,9662.45,1829056.85,3813500,4
KXWCBTTS-26JUL05MEXENG,1134706.93,1077150.95,57555.98,-1134706.93,0.0,1787911.07,3808041,5
KXATPMATCH-26AUG04KECRIN,370897.34,308863.92,62033.42,-386469.46,15572.12,1800152.66,3801780,2
KXMVESPORTSMULTIGAMEEXTENDED-S20265A8DCBA7A81,422232.29,386977.41,35254.88,-422232.29,0.0,1053198.71,3795307,4
KXATPMATCH-26APR24HUMATM,385146.78,347182.02,37964.76,-394688.32,9541.54,1414135.22,3794884,3
KXMLBGAME-26MAY181840BALTB,462802.82,425011.56,37791.26,-472309.56,9506.74,1691143.18,3794119,4
KXMLBGAME-26APR291340SEAMIN,288946.94,239470.5,49476.44,-301382.97,12436.03,1766977.06,3784967,4
KXATPMATCH-26MAY21RINBUB,351628.26,308986.03,42642.23,-362346.56,10718.3,1517186.74,3777798,2
KXMLBGAME-26MAY021410TORMIN,311553.96,261343.89,50210.07,-324164.07,12610.11,1743882.04,3774964,4
KXWCBTTS-26JUL07SUICOL,-1070506.09,-1128205.92,57699.83,1070506.09,0.0,1988885.09,3773580,4
KXMLBGAME-26APR231545LADSF,387164.66,342230.0,44934.66,-398455.8,11291.14,1816086.34,3764268,4
KXMVESPORTSMULTIGAMEEXTENDED-S2026CE84F385452,-379190.3,-406027.09,26836.79,379190.3,0.0,566952.3,3758733,4
KXMLBTOTAL-26JUL021510MIACOL,-293037.77,-347110.18,54072.41,293037.77,0.0,1836558.77,3754752,2
KXMVESPORTSMULTIGAMEEXTENDED-S2026BE9E56C976A,524401.88,475644.99,48756.89,-524401.88,0.0,1288155.12,3752637,4
KXWT20MATCH-26JUN200930BANPAK,-483318.79,-517739.74,34420.95,483318.79,0.0,2178690.79,3740898,7
KXMVESPORTSMULTIGAMEEXTENDED-S202621CA74B5C1B,-432542.76,-484747.91,52205.16,432542.76,0.0,1482251.76,3733318,6
KXWCBTTS-26JUL01BELSEN,488323.84,432747.96,55575.88,-488323.84,0.0,1995490.16,3726935,5
KXMLBGAME-26AUG032010TORHOU,-497147.37,-545686.22,48538.85,484933.48,12213.89,1934111.37,3723294,4
KXMVESPORTSMULTIGAMEEXTENDED-S2026CEE915B38FB,278029.86,258257.15,19772.71,-278029.86,0.0,665929.14,3720005,7
KXMLBGAME-26MAY031510ATLCOL,317471.52,273775.74,43695.78,-328464.62,10993.1,1887279.48,3719682,4
KXATPMATCH-26MAY19ALTSHE,-461708.8,-501321.48,39612.68,451741.49,9967.31,1924664.8,3703958,2
KXMLBGAME-26JUN091840BOSTB,395903.92,343814.15,52089.77,-408988.86,13084.94,1750711.08,3700354,4
KXMVESPORTSMULTIGAMEEXTENDED-S20268FDE226557B,604695.93,563571.9,41124.03,-604695.93,0.0,1414305.07,3680266,8
KXWNBAGAME-26AUG03LVATL,297974.15,260157.27,37816.88,-297974.15,0.0,1556856.85,3673551,4
KXNBATOTAL-26APR26CLETOR,-295516.09,-338679.56,43163.47,284634.87,10881.22,1803640.09,3657057,3
KXMLBGAME-26MAY201840ATLMIA,255072.67,211749.63,43323.04,-265966.36,10893.69,1722793.33,3653698,4
KXITFMATCH-26JUL30BONBAR,333344.15,302015.84,31328.31,-333344.15,0.0,1760028.85,3649480,1
KXATPMATCH-26JUN08CILSHA,233483.72,185608.6,47875.12,-245530.23,12046.51,1765419.28,3647832,2
KXMVESPORTSMULTIGAMEEXTENDED-S2026C22ADEA5419,-511500.66,-541576.91,30076.25,511500.66,0.0,675139.66,3623961,4
KXMLBGAME-26JUN301905DETNYY,-438940.0,-479501.69,40561.69,428739.3,10200.7,1515783.0,3620433,4
KXMLBGAME-26AUG041835LAABAL,375286.12,330673.38,44612.74,-386506.09,11219.97,1934586.88,3616723,4
KXBTC15M-26JUL300130,328610.86,289632.35,38978.51,-328610.86,0.0,1633403.14,3615489,1
KXWCGOAL-26JUN30CIVNOR-NOREHAALA9,664354.59,621502.33,42852.26,-664354.59,0.0,1354752.41,3604357,3
KXMVESPORTSMULTIGAMEEXTENDED-S2026673FD9AA9C8,-547230.86,-578576.98,31346.12,547230.86,0.0,649631.86,3597638,4
KXMLBGAME-26JUL081840ATHDET,358146.8,320905.98,37240.82,-367532.51,9385.71,1822917.2,3593771,4
KXMLBGAME-26JUN261910NYYBOS,-307118.52,-344006.77,36888.25,297845.28,9273.24,1817943.52,3591827,4
KXMLBGAME-26AUG011840PITCIN,262650.49,224057.27,38593.22,-272365.3,9714.81,1794971.51,3584898,4
KXMLBGAME-26JUL181507CWSTOR,-419805.69,-472527.04,52721.35,406565.19,13240.5,1860930.69,3580362,4
KXMVESPORTSMULTIGAMEEXTENDED-S2026B2FDA31C6AC,573465.56,565811.27,7654.29,-573465.56,0.0,194002.45,3577491,4
KXMVESPORTSMULTIGAMEEXTENDED-S202604C77AC2903,1279646.6,1233636.98,46009.62,-1279646.6,0.0,1026518.4,3576672,4
KXMVESPORTSMULTIGAMEEXTENDED-S2026268DD20D926,-649348.9,-686956.3,37607.4,649348.9,0.0,803761.9,3573460,5
KXMVESPORTSMULTIGAMEEXTENDED-S2026914D057974F,811577.78,805953.84,5623.94,-811577.78,0.0,448155.22,3570125,6
KXWC1H-26JUL02ESPAUT,304849.95,260012.04,44837.91,-304849.95,0.0,1574762.05,3567462,5
KXNHLTOTAL-26JUN14CARVGK,-451781.67,-504889.07,53107.4,451781.67,0.0,1886494.67,3566129,5
KXBOXING-26AUG01ROACHZEPEDA,-276335.33,-325818.03,49482.7,276335.33,0.0,1783940.33,3564834,7
KXMLBGAME-26MAY241335DETBAL,-336239.54,-381775.6,45536.06,324791.49,11448.05,1791533.54,3564466,4
KXATPMATCH-26JUL16FARRUU,296856.14,254492.01,42364.13,-307507.34,10651.2,1711598.86,3560619,2
KXATPMATCH-26APR24TIRPAU,-436857.68,-482469.3,45611.62,425395.29,11462.39,1706141.68,3543928,1
KXWCGOAL-26JUL14FRAESP-ESPLYAMAL10,-459644.19,-492081.57,32437.38,459644.19,0.0,923916.19,3538203,5
KXBUNDESLIGAGAME-26APR25M05BMU,527296.45,490747.57,36548.88,-536502.58,9206.13,1650441.55,3525366,9
KXMLBGAME-26JUL042140MILAZ,-443116.48,-489332.87,46216.39,431481.69,11634.79,1662809.48,3523331,4
KXMLBGAME-26MAY081810HOUCIN,-427494.4,-471504.66,44010.26,416433.6,11060.8,1888852.4,3522713,4
KXMLBGAME-26JUN141340ATLNYM,-411645.42,-453354.11,41708.69,401153.22,10492.2,1615543.42,3521649,4
KXMLBGAME-26JUN272105ATLSF,-326109.71,-360353.67,34243.96,317492.16,8617.55,1577575.71,3518113,4
KXMLBGAME-26AUG042140SDAZ,-382082.86,-419006.28,36923.42,372803.29,9279.57,1570296.86,3510282,4
KXWC1H-26JUN30MEXECU,404887.88,364381.87,40506.01,-404887.88,0.0,1344896.12,3506761,4
KXMVECROSSCATEGORY-S20269B36705CBFB,-320000.92,-345864.48,25863.56,320000.92,0.0,619421.92,3504451,9
KXMLBGAME-26JUL221907TBTOR,327964.96,280896.68,47068.28,-339799.86,11834.9,1780271.04,3496794,4
KXMLBGAME-26JUN161845TORBOS,244677.16,200807.23,43869.93,-255701.6,11024.44,1740153.84,3493161,3
KXMLBGAME-26JUN291940CINMIL,303985.97,254547.56,49438.41,-316420.15,12434.18,1693481.03,3490492,4
KXMLBGAME-26JUN301840TEXCLE,251299.89,201494.44,49805.45,-263813.91,12514.02,1790118.11,3488729,4
KXMLBTOTAL-26JUL311420NYYCHC,432993.05,382764.53,50228.52,-432993.05,0.0,1857032.95,3469561,2
KXMLBGAME-26MAY052010LADHOU,-499435.61,-538818.36,39382.75,489516.76,9918.85,1531859.61,3468414,4
KXWCTEAMTOTAL-26JUL11ARGSUI,-352545.73,-397315.92,44770.19,352545.73,0.0,1780196.73,3466886,5
KXWCTOTAL-26JUN25TUNNED,251022.34,207748.11,43274.23,-251022.34,0.0,1801132.66,3457040,17
KXMLBGAME-26JUN181435MINTEX,244637.24,211410.53,33226.71,-252990.79,8353.55,1706660.76,3454280,4
KXMLBGAME-26JUL291235AZPIT,269138.21,228761.68,40376.53,-279302.55,10164.34,1648444.79,3453991,4
KXWTAMATCH-26JUL27STOSTE,273405.14,225531.16,47873.98,-285430.04,12024.9,1718836.86,3452061,3
KXNHLGAME-26APR25PITPHI,-435920.37,-482788.14,46867.77,424128.56,11791.81,1579099.37,3443776,9
KXUECLGAME-26MAY27CRYRVC,398925.95,358328.34,40597.61,-398925.95,0.0,1510699.05,3442021,5
KXWCTOTAL-26JUN25PARAUS,-276504.75,-319453.82,42949.07,276504.75,0.0,1749049.75,3440078,16
KXBTC15M-26AUG062045,318399.56,278920.99,39478.57,-318399.56,0.0,1384306.44,3434797,1
KXMLBTOTAL-26JUL171905LADNYY,434552.82,385689.42,48863.4,-434552.82,0.0,1857771.18,3434618,2
KXWCGOAL-26JUL05MEXENG-MEXRJIMEN7,1160753.68,1124983.92,35769.76,-1160753.68,0.0,1019310.32,3434327,5
KXWCGOAL-26JUL09FRAMAR-FRAODEMBE10,800491.38,773785.09,26706.29,-800491.38,0.0,792765.62,3433367,5
KXMVESPORTSMULTIGAMEEXTENDED-S2026933D753D5B8,2246669.56,2232906.59,13762.97,-2246669.56,0.0,283354.44,3432155,3
KXNHLGAME-26MAY08VGKANA,-307130.09,-347038.9,39908.81,297096.02,10034.07,1598469.09,3427977,7
KXMLBGAME-26MAY252140SEAATH,-285379.84,-326063.71,40683.87,275156.59,10223.25,1767451.84,3425994,4
KXMLBSPREAD-26JUL231840KCDET,-411457.59,-460311.4,48853.81,411457.59,0.0,1696431.59,3415140,2
KXWCBTTS-26JUN19USAAUS,-638149.22,-689742.2,51592.98,638149.22,0.0,1732500.22,3413021,7
KXMLBGAME-26MAY181840ATLMIA,-712365.71,-759506.11,47140.4,700507.87,11857.84,1540983.71,3398577,4
KXMVESPORTSMULTIGAMEEXTENDED-S2026102D9041AF0,493914.26,483479.06,10435.2,-493914.26,0.0,400473.74,3396805,4
KXMVESPORTSMULTIGAMEEXTENDED-S2026D4657DAC210,-444927.52,-467944.87,23017.35,444927.52,0.0,852341.52,3394143,6
KXMLBGAME-26JUN021915TORATL,530697.43,481751.45,48945.98,-542995.79,12298.36,1652055.57,3390676,4
KXWCTCORNERS-26JUL19ESPARG,247482.37,212404.42,35077.95,-247482.37,0.0,1476254.63,3390248,4
KXMLBGAME-26MAY051905TEXNYY,261879.03,215352.47,46526.56,-273582.75,11703.72,1679777.97,3380404,4
KXMVECROSSCATEGORY-S2026CA54EF5365C,-512912.49,-555294.76,42382.26,512912.49,0.0,1177731.49,3376518,5
KXMLBGAME-26APR291435NYYTEX,-327395.1,-370355.65,42960.55,316603.58,10791.52,1605327.1,3371805,4
KXT20MATCH-26JUL032130TEXLOS,399396.22,357242.23,42153.99,-399396.22,0.0,1512190.78,3358161,8
KXWCBTTS-26JUL02PORCRO,801100.92,750368.94,50731.98,-801100.92,0.0,1788262.08,3354781,6
KXMLBGAME-26MAY061310TORTB,238750.67,194291.52,44459.15,-249919.19,11168.52,1754060.33,3352116,4
KXMVESPORTSMULTIGAMEEXTENDED-S20265665F8AAB54,1378742.62,1362878.57,15864.05,-1378742.62,0.0,835843.38,3336002,4
KXWTAMATCH-26MAY08MASFER,-482465.19,-523086.81,40621.62,472262.25,10202.94,1830203.19,3335332,2
KXMLBGAME-26AUG061915MIAATL,265098.09,233783.03,31315.06,-272991.81,7893.72,1570307.91,3332823,4
KXMLBGAME-26JUN221910MILCIN,419456.99,371298.31,48158.68,-431561.39,12104.4,1647095.01,3330724,4
KXMLBGAME-26MAY171607LADLAA,546372.18,507865.11,38507.07,-556052.07,9679.89,1727424.82,3327449,4
KXMLBGAME-26APR202040LADCOL,411185.53,372616.42,38569.11,-420886.91,9701.38,1918507.47,3327037,4
KXMLBGAME-26MAY301915CHCSTL,274217.83,229960.66,44257.17,-285345.59,11127.76,1640853.17,3324248,4
KXNHLGAME-26APR27PHIPIT,-453401.8,-500928.68,47526.88,441445.83,11955.97,1506351.8,3317716,1
KXWCBTTS-26JUL01USABIH,-685774.33,-736544.97,50770.64,685774.33,0.0,1739827.33,3306642,6
KXWT20MATCH-26JUN131330NZLWIN,278740.9,247063.29,31677.61,-278740.9,0.0,1492967.1,3303319,3
KXMLBGAME-26JUL111605MILPIT,-321719.05,-369039.63,47320.58,309817.64,11901.41,1711076.05,3298735,4
KXWCBTTS-26JUL04CANMAR,-827469.67,-878969.84,51500.17,827469.67,0.0,1680324.67,3287944,5
KXWCTEAMTOTAL-26JUL19ESPARG,-544961.93,-584145.74,39183.81,544961.93,0.0,1546182.93,3275939,5
KXMVESPORTSMULTIGAMEEXTENDED-S202603307A5535C,291740.68,278061.73,13678.95,-291740.68,0.0,362133.32,3272863,7
KXMLBGAME-26MAY221940LADMIL,-396822.38,-427983.11,31160.73,388965.16,7857.22,1421147.38,3272829,4
KXMLBTOTAL-26JUL191610SFSEA,-731917.17,-783574.85,51657.68,731917.17,0.0,1810885.17,3272063,2
KXMVESPORTSMULTIGAMEEXTENDED-S202629C184D5AB1,-527774.62,-560805.76,33031.13,527774.62,0.0,723482.63,3268067,16
KXWCBTTS-26JUN17GHAPAN,-626417.54,-674633.66,48216.12,626417.54,0.0,1695785.54,3263885,9
KXMLSGAME-26JUL31NYCTOR,-482424.18,-522566.52,40142.34,482424.18,0.0,1571819.18,3263013,6
KXMLBTOTAL-26JUL181610BALHOU,547838.52,501583.59,46254.93,-547838.52,0.0,1589936.48,3262244,2
KXMLBGAME-26JUL211940NYMMIL,-288375.72,-325487.43,37111.71,279022.37,9353.35,1678061.72,3258089,4
KXMLBGAME-26AUG071940MINMIL,-463948.59,-507089.1,43140.51,453075.75,10872.84,1632005.59,3256824,4
KXMLBGAME-26MAY241410LADMIL,447627.29,407498.8,40128.49,-457715.82,10088.53,1577350.71,3251718,4
KXMLBGAME-26JUN011940SFMIL,342502.1,303149.37,39352.73,-352405.1,9903.0,1471970.9,3250665,4
KXMLBGAME-26JUL261335TORBOS,399989.71,363244.46,36745.25,-409239.59,9249.88,1660549.29,3246417,4
KXMLBTOTAL-26JUN231607HOUTOR,-312850.03,-356852.19,44002.16,312850.03,0.0,1620090.03,3243984,2
KXWCSPREAD-26JUN18SUIBIH,305952.99,273762.45,32190.54,-305952.99,0.0,1464343.01,3237651,9
KXMLBGAME-26JUN141335SDBAL,234838.12,194731.77,40106.35,-244926.54,10088.42,1709174.88,3236387,4
KXMLBSPREAD-26JUL072210COLLAD,-589861.21,-635260.36,45399.15,589861.21,0.0,1649185.21,3236344,3
KXATPMATCH-26AUG01GIRLLA,308570.71,269329.26,39241.45,-318428.24,9857.53,1609939.29,3236307,2
KXMVESPORTSMULTIGAMEEXTENDED-S2026B6B9BCB6B49,-743107.82,-790107.21,46999.39,743107.82,0.0,1483382.82,3234461,5
KXMVESPORTSMULTIGAMEEXTENDED-S20268797D7BEC5C,320298.88,314841.64,5457.24,-320298.88,0.0,283121.12,3230527,5
KXMLBGAME-26APR221845ATLWSH,341098.73,302114.89,38983.84,-350900.52,9801.79,1626896.27,3220442,4
KXMLBGAME-26APR291915DETATL,234730.38,186369.17,48361.21,-246873.98,12143.6,1535254.62,3213737,4
KXMLBGAME-26APR251910NYYHOU,434037.01,391642.69,42394.32,-444696.62,10659.61,1595466.99,3212122,4
KXMLBGAME-26JUN302010MINHOU,278985.46,241594.62,37390.84,-288389.07,9403.61,1385522.54,3207450,4
KXMLBGAME-26MAY261835TBBAL,-522952.67,-564444.24,41491.57,512518.27,10434.4,1587710.67,3206335,4
KXMLBGAME-26JUL201940NYMMIL,322263.79,288733.53,33530.26,-330713.12,8449.33,1664540.21,3204884,4
KXWCSPREAD-26JUN13HTISCO,-462520.97,-505649.66,43128.69,462520.97,0.0,1466342.97,3202566,10
KXMLBSPREAD-26JUL022210SDLAD,401768.09,359002.34,42765.75,-401768.09,0.0,1511600.91,3198012,3
KXATPMATCH-26MAY19UGOTIA,-330511.94,-376174.91,45662.97,319037.24,11474.7,1609075.94,3187622,3
KXCLUBFGAME-26AUG02LFCLEE,-423749.33,-454143.42,30394.09,423749.33,0.0,1608014.33,3171677,2
KXMLBGAME-26JUN231940LADMIN,259984.41,225388.71,34595.7,-268709.01,8724.6,1618652.59,3171509,4
KXMLBGAME-26MAY182138ATHLAA,-279801.87,-324399.41,44597.54,268593.42,11208.45,1481648.87,3167417,5
KXWCTEAMTOTAL-26JUN30FRASWE,268996.27,233066.63,35929.64,-268996.27,0.0,1692004.73,3165873,4
KXATPMATCH-26MAY09AUGNAV,-314103.57,-361218.34,47114.77,302285.61,11817.96,1675458.57,3159769,2
KXMVESPORTSMULTIGAMEEXTENDED-S2026D3AE85AEC9D,193805.76,186262.88,7542.88,-193805.76,0.0,188830.24,3156647,5
KXLALIGAGAME-26MAY03ESPRMA,665233.08,621944.23,43288.85,-676113.37,10880.29,1519012.92,3152937,9
KXLEAGUESCUPGAME-26AUG04VANALA,409397.29,375786.21,33611.08,-409397.29,0.0,1244766.71,3144511,5
KXMVECROSSCATEGORY-S202618E09165DB0,-603170.91,-639498.89,36327.98,603170.91,0.0,859244.91,3142845,9
KXEPLGAME-26MAY24MCIAVL,417532.34,384980.26,32552.08,-425741.62,8209.28,1333359.66,3139087,18
KXATPMATCH-26AUG05MARARN,296373.17,245298.28,51074.89,-309197.38,12824.21,1485926.83,3136438,2
KXWCTEAMTOTAL-26JUL02ESPAUT,237045.93,198865.95,38179.98,-237045.93,0.0,1628621.07,3133618,5
KXWCGOAL-26JUL01USABIH-USACPULIS11,-762497.7,-801637.34,39139.64,762497.7,0.0,1115923.7,3132445,4
KXMLBGAME-26AUG051510TBCOL,293007.05,262049.74,30957.31,-300795.8,7788.75,1692896.95,3130618,4
KXWCBTTS-26JUL03COLGHA,-654347.55,-701557.77,47210.22,654347.55,0.0,1529208.55,3127736,7
KXATPMATCH-26APR16FONSHE,434032.94,392728.88,41304.06,-444412.96,10380.02,1480410.06,3124809,3
KXMLBGAME-26APR301940TORMIN,-355395.0,-392326.12,36931.12,346112.88,9282.12,1413582.0,3109907,4
KXWCTOTAL-26JUN27CODUZB,-307531.04,-342407.9,34876.86,307531.04,0.0,1674331.04,3105775,18
KXLALIGAGAME-26MAY12OSAATM,373881.83,345279.56,28602.27,-381091.51,7209.68,1401496.17,3100652,9
KXMLBGAME-26APR152140SEASD,252104.21,224466.12,27638.09,-259068.17,6963.96,1385946.79,3097459,2
KXMLBGAME-26MAY061905TEXNYY,-412945.45,-449506.17,36560.72,403754.96,9190.49,1554600.45,3085010,4
KXWCGOAL-26JUN29BRAJPN-BRAVINI7,-638239.6,-672958.42,34718.82,638239.6,0.0,1004764.6,3081300,3
KXMVESPORTSMULTIGAMEEXTENDED-S2026503C15F3209,-380933.52,-401322.24,20388.72,380933.52,0.0,494346.52,3079205,10
KXMLBGAME-26JUN261840HOUDET,-291478.49,-324981.59,33503.1,283050.68,8427.81,1278729.49,3068641,4
KXWCTEAMTOTAL-26JUN23PORUZB,339026.26,301011.74,38014.52,-339026.26,0.0,1621542.74,3068239,13
KXWCGOAL-26JUN30MEXECU-MEXJQUINO33,787878.47,758959.66,28918.81,-787878.47,0.0,742845.53,3065272,3
KXWCGOAL-26JUL01USABIH-USAFBALOG9,627069.02,587821.19,39247.83,-627069.02,0.0,1101253.98,3063024,4
KXMVESPORTSMULTIGAMEEXTENDED-S202691A8BDFB789,332075.57,328761.83,3313.74,-332075.57,0.0,111825.43,3061075,4
KXLOLGAME-26JUL072300T1G2,-396217.77,-435690.59,39472.82,396217.77,0.0,1604000.77,3060863,3
KXWCTEAMTOTAL-26JUL14FRAESP,-333053.06,-370855.22,37802.16,333053.06,0.0,1604428.06,3060523,5
KXMLBGAME-26MAY121835NYYBAL,359178.83,328061.1,31117.73,-367012.62,7833.79,1685488.17,3054623,4
KXATPMATCH-26MAY27UGORUB,239720.08,204738.58,34981.5,-248520.86,8800.78,1765125.92,3053016,3
KXWC2H-26JUL01USABIH,287204.96,250363.79,36841.17,-287204.96,0.0,1640600.04,3043987,6
KXWTAMATCH-26JUN29SIEBON,225573.9,187874.77,37699.13,-235044.82,9470.92,1377010.1,3033333,4
KXMVESPORTSMULTIGAMEEXTENDED-S2026CD6333CF286,636937.12,602505.88,34431.24,-636937.12,0.0,1202673.88,3031422,9
KXMLBGAME-26AUG051915MIAATL,526730.05,491291.86,35438.19,-535634.18,8904.13,1433970.95,3018824,4
KXMLBGAME-26JUL101910CHCCIN,-295082.2,-333258.01,38175.81,285476.78,9605.42,1571606.2,3018194,4
KXWCGOAL-26JUN26URUESP-ESPLYAMAL10,-532874.03,-562178.94,29304.91,532874.03,0.0,729269.03,3015438,3
KXMLBGAME-26JUL121340SEATB,-321924.64,-353378.74,31454.1,313997.6,7927.04,1627282.64,3015123,4
KXMLBTOTAL-26JUL212140ATHAZ,-275295.56,-315779.97,40484.41,275295.56,0.0,1476908.56,3005405,2
KXMVECROSSCATEGORY-S2026FC0B2D582DB,-507220.48,-548942.46,41721.98,507220.48,0.0,965753.48,3002667,5
KXWCGOAL-26JUL14FRAESP-FRAODEMBE10,-488601.99,-517836.28,29234.29,488601.99,0.0,805217.99,2999581,5
KXEPLGAME-26APR18CFCMUN,284936.44,246833.49,38102.95,-294542.35,9605.91,1233419.56,2997116,4
KXMLBGAME-26MAY082140NYMAZ,318581.99,274977.47,43604.52,-329530.04,10948.05,1543055.01,2990672,5
KXWCGOAL-26JUN27COLPOR-PORCRIS7,-636746.86,-671904.88,35158.02,636746.86,0.0,980317.86,2987015,3
KXMLBGAME-26APR272005NYYTEX,227954.16,199830.8,28123.36,-235044.09,7089.93,1329001.84,2981723,4
KXATPCHALLENGERMATCH-26JUL22BROZHA,-382098.49,-412907.52,30809.03,382098.49,0.0,1758675.49,2980509,1
KXATPMATCH-26JUN17MANFER,-331587.08,-374808.27,43221.19,320740.14,10846.94,1375816.08,2978050,2
KXWCGOAL-26JUL01ENGCOD-ENGHKANE9,1006649.85,970170.53,36479.32,-1006649.85,0.0,1199632.15,2973680,4
KXMLBSPREAD-26JUL241610COLMIL,-470636.36,-514193.3,43556.94,470636.36,0.0,1528733.36,2971795,2
KXMLBGAME-26JUN032140LADAZ,285764.98,260646.77,25118.21,-292098.06,6333.08,1330601.02,2961461,5
KXMLBGAME-26MAY012015LADSTL,-309161.41,-340409.1,31247.69,301293.77,7867.64,1317833.41,2947154,4
KXMVESPORTSMULTIGAMEEXTENDED-S2026B3D0A5F8F75,-352044.99,-382832.7,30787.71,352044.99,0.0,774795.99,2936072,5
KXMVESPORTSMULTIGAMEEXTENDED-S2026E5C8DF6E297,329065.56,319452.35,9613.21,-329065.56,0.0,286388.44,2921070,7
KXMVESPORTSMULTIGAMEEXTENDED-S20266BD26F0EF63,-543164.98,-577827.38,34662.4,543164.98,0.0,952589.98,2915651,6
KXBTCD-26JUN1512,233858.55,202776.11,31082.44,-233858.55,0.0,1315049.45,2912916,1
KXMLBGAME-26JUN031940SFMIL,-300820.95,-345577.58,44756.63,289572.11,11248.84,1501800.95,2910981,4
KXATPMATCH-26APR26PRIETC,247490.23,211834.79,35655.44,-256438.95,8948.72,1277051.77,2909499,2
KXINTLFRIENDLYGAME-26JUN02WALGHA,-293588.73,-327627.19,34038.46,293588.73,0.0,1425785.73,2899810,5
KXMVESPORTSMULTIGAMEEXTENDED-S20261D59CE96612,441172.69,413762.16,27410.53,-441172.69,0.0,704901.31,2899695,4
KXMLBGAME-26APR201845ATLWSH,595012.5,557508.94,37503.56,-604438.5,9426.0,1412234.5,2897893,4
KXMVESPORTSMULTIGAMEEXTENDED-S2026B1CF9566810,243562.27,231613.28,11948.99,-243562.27,0.0,332868.73,2893940,4
KXMLBGAME-26AUG041905STLNYY,266811.27,232893.44,33917.83,-275342.24,8530.97,1499390.73,2893671,3
KXMLBSPREAD-26JUL302210SEALAD,302984.79,262817.54,40167.25,-302984.79,0.0,1392755.21,2893152,3
KXMLBGAME-26JUN231910MILCIN,246488.63,210179.58,36309.05,-255618.06,9129.43,1485238.37,2890290,4
KXMLBGAME-26MAY061410LADHOU,251386.46,215178.85,36207.61,-260483.77,9097.31,1497444.54,2887523,4
KXWCGOAL-26JUN16ARGDZA-ARGLMESSI10,1336440.76,1304028.99,32411.77,-1336440.76,0.0,947777.24,2887289,3
KXMVESPORTSMULTIGAMEEXTENDED-S2026D6960E6C396,-453289.22,-481302.76,28013.54,453289.22,0.0,703647.22,2882006,8
KXWCBTTS-26JUN16FRASEN,563080.06,521717.71,41362.35,-563080.06,0.0,1497906.94,2880605,8
KXATPMATCH-26JUN12SHESHI,245779.64,201227.95,44551.69,-256977.92,11198.28,1492369.36,2879914,2
KXMLBGAME-26MAY111907TBTOR,276507.99,246058.26,30449.73,-284173.6,7665.61,1426762.01,2877669,4
KXWC1H-26JUN29GERPAR,-293693.33,-324230.76,30537.43,293693.33,0.0,1358403.33,2866510,3
KXMLBTOTAL-26JUL301415CHCSTL,344661.78,301787.62,42874.16,-344661.78,0.0,1510139.22,2862035,2
KXMLBGAME-26APR221845NYYBOS,298628.77,266025.71,32603.06,-306830.01,8201.24,1480660.23,2854066,4
KXWTAMATCH-26APR25POTOST,-409813.31,-447090.94,37277.63,400453.81,9359.5,1513630.31,2843074,3
KXMLBTOTAL-26JUL312210MINSEA,308446.37,265940.59,42505.78,-308446.37,0.0,1479943.63,2837411,3
KXUFCFIGHT-26APR18BURMAL,-341269.13,-378281.45,37012.32,341269.13,0.0,1147811.13,2836930,4
KXMLBGAME-26JUL261340SDMIA,293947.17,262682.64,31264.53,-301821.25,7874.08,1408778.83,2833152,4
KXATPMATCH-26JUN08HERLAN,246680.27,207098.9,39581.37,-256626.11,9945.84,1431566.73,2826460,2
KXMVECROSSCATEGORY-S202628AC8A52CF3,257750.0,249142.68,8607.32,-257750.0,0.0,184908.0,2823296,13
KXWCBTTS-26JUL07ARGEGY,490138.53,454873.14,35265.39,-490138.53,0.0,1249872.47,2815948,5
KXMLBGAME-26JUL211907TBTOR,270477.45,242072.35,28405.1,-277637.99,7160.54,1263453.55,2809831,4
KXMVESPORTSMULTIGAMEEXTENDED-S20262D932F446F2,982949.46,960473.63,22475.83,-982949.46,0.0,597206.54,2809627,8
KXWTACHALLENGERMATCH-26JUL17BRARIE,-322164.95,-352438.91,30273.96,322164.95,0.0,1650767.95,2807895,2
KXMLBGAME-26MAY151915BOSATL,322322.34,280640.11,41682.23,-332803.68,10481.34,1416487.66,2804925,4
KXMLBGAME-26JUN021940CWSMIN,-415933.41,-453070.85,37137.44,406600.96,9332.45,1420255.41,2802439,4
KXATP-26GENEVA,240811.93,201087.15,39724.78,-240811.93,0.0,1305375.07,2794944,2
KXMLBTOTAL-26MAY162138LADLAA,-472448.24,-512330.33,39882.09,472448.24,0.0,1301105.24,2772172,3
KXWTAMATCH-26APR26PEGKOS,-316786.93,-347007.07,30220.14,309198.05,7588.88,1227652.93,2763168,2
KXWCBTTS-26JUN17ENGCRO,843652.14,801726.17,41925.97,-843652.14,0.0,1274569.86,2755129,12
KXWTAMATCH-26AUG01DARSTE,286551.85,257361.37,29190.48,-293894.74,7342.89,1383722.15,2754036,1
KXMVESPORTSMULTIGAMEEXTENDED-S20263ED772AC222,636536.19,600901.8,35634.39,-636536.19,0.0,1032722.81,2744025,5
KXMVESPORTSMULTIGAMEEXTENDED-S20269FC2ABDD88A,197468.67,188031.44,9437.23,-197468.67,0.0,209113.33,2733696,7
KXMLBGAME-26JUN141340AZCIN,321688.13,283477.64,38210.49,-331291.98,9603.85,1368767.87,2731430,4
KXMLBGAME-26JUN131610TEXBOS,-294823.13,-331671.6,36848.47,285561.26,9261.87,1268964.13,2727791,4
KXMVESPORTSMULTIGAMEEXTENDED-S202671A9631518D,482657.53,467517.08,15140.45,-482657.53,0.0,346371.47,2716844,4
KXWC2H-26JUL06USABEL,308487.64,275891.54,32596.1,-308487.64,0.0,1360562.36,2715588,5
KXMLBGAME-26JUN261910PHINYM,225455.97,187009.48,38446.49,-235113.98,9658.01,1394781.03,2711753,3
KXUFCFIGHT-26MAY02DELPRA,257463.38,216838.88,40624.5,-257463.38,0.0,1308251.62,2707829,7
KXMLBSPREAD-26JUL231215SDATL,-415104.44,-454395.18,39290.74,415104.44,0.0,1499935.44,2706809,2
KXWTAMATCH-26JUN25MUCTAU,224406.96,193567.6,30839.36,-232157.42,7750.46,1269160.04,2699958,2
KXNBASERIESSCORE-26SASOKCWCF,261136.25,232017.48,29118.77,-261136.25,0.0,938852.75,2692645,15
KXMLBSPREAD-26JUL311420NYYCHC,-286414.95,-326008.81,39593.86,286414.95,0.0,1284058.95,2689136,2
KXWC1H-26JUN20GERCIV,-293765.26,-327616.41,33851.15,293765.26,0.0,1355373.26,2684395,8
KXMLBGAME-26AUG041915MIAATL,211489.6,186348.41,25141.19,-217831.13,6341.53,1344686.4,2682851,4
KXEPLGAME-26APR18TOTBRI,-340932.98,-373202.93,32269.95,332798.02,8134.96,1266013.98,2674011,4
KXNHLGAME-26APR21MTLTB,244732.4,203967.28,40765.12,-254987.79,10255.39,1285753.6,2668983,5
KXWC1HBTTS-26JUL19ESPARG,-333805.43,-358118.25,24312.82,333805.43,0.0,826340.43,2668656,5
KXMLBTOTAL-26AUG021610MINSEA,-367838.21,-406536.06,38697.85,367838.21,0.0,1349265.21,2657643,2
KXWCGOAL-26JUL03AUSEGY-EGYMSALAH11,-302670.32,-321848.23,19177.91,302670.32,0.0,533830.32,2653304,6
KXMLBSPREAD-26JUL191920LADNYY,-285719.31,-324037.89,38318.58,285719.31,0.0,1313872.31,2649204,2
KXWCTEAMTOTAL-26JUN23ENGGHA,-556096.12,-591496.49,35400.37,556096.12,0.0,1482019.12,2647884,12
KXWCTEAMTOTAL-26JUN21TUNJPN,410939.47,376855.35,34084.12,-410939.47,0.0,1306991.53,2637457,10
KXATPCHALLENGERMATCH-26JUL10ROYDAN,296541.75,263326.08,33215.67,-296541.75,0.0,1336777.25,2633420,1
KXATPCHALLENGERMATCH-26AUG03MILROC,334920.4,293121.83,41798.57,-334920.4,0.0,1294593.6,2631732,2
KXATPMATCH-26JUL25BUBHAL,-323230.45,-362129.4,38898.95,313457.37,9773.08,1272726.45,2630900,2
KXMLBGAME-26APR171840ATLPHI,246119.4,214846.28,31273.12,-253985.42,7866.02,1205118.6,2630213,3
KXWCBTTS-26JUN13BRAMAR,776086.36,734650.71,41435.65,-776086.36,0.0,1223276.64,2628863,9
KXEPLGAME-26MAY09MCIBRE,237662.68,210813.87,26848.81,-244420.88,6758.2,1376144.32,2615160,18
KXMVECROSSCATEGORY-S20263AB06A8E27D,-296422.71,-315804.27,19381.56,296422.71,0.0,425556.71,2605736,5
KXWC1H-26JUL11ARGSUI,288550.92,259447.4,29103.52,-288550.92,0.0,1083264.08,2604679,5
KXATPMATCH-26JUL22FELBUS,306416.04,275120.67,31295.37,-314287.41,7871.37,1385068.96,2604661,2
KXMLBTOTAL-26JUL051230NYMATL,-336740.87,-374123.38,37382.51,336740.87,0.0,1309937.87,2600552,2
KXATPMATCH-26JUL20DIACIN,292469.37,262947.32,29522.05,-299884.92,7415.55,1310151.63,2599027,2
KXWCTEAMTOTAL-26JUN15ESPCPV,-414863.98,-448728.84,33864.86,414863.98,0.0,1326851.98,2592051,6
KXMLBGAME-26AUG021605DETATH,265507.46,239644.1,25863.36,-272015.77,6508.31,1358497.54,2588603,3
KXWCGOAL-26JUL05BRANOR-BRAVINI7,-685319.03,-720282.34,34963.31,685319.03,0.0,1096894.03,2585651,6
KXITFMATCH-26JUL16FOMALK,302839.76,282489.49,20350.27,-302839.76,0.0,1111494.24,2584373,2
KXWTAMATCH-26JUN22SONDAR,278858.87,243615.27,35243.6,-287705.51,8846.64,1291797.13,2577032,3
KXODIMATCH-26JUN090100AUSBAN,-345267.3,-378112.37,32845.07,345267.3,0.0,1239045.3,2573104,3
KXMVESPORTSMULTIGAMEEXTENDED-S2026E34A35F6C70,604833.1,567334.23,37498.87,-604833.1,0.0,1209523.9,2566297,5
KXMLBSPREAD-26JUL082210COLLAD,-416193.22,-452249.88,36056.66,416193.22,0.0,1337396.22,2558855,3
KXMVESPORTSMULTIGAMEEXTENDED-S2026B5E43FCD2B6,396104.18,363084.74,33019.44,-396104.18,0.0,1021321.82,2554538,5
KXMLBGAME-26JUL011940TBKC,233127.93,203676.76,29451.17,-240544.25,7416.32,1359499.07,2554274,4
KXWCGOAL-26JUL15ENGARG-ENGHKANE9,-436945.65,-464830.06,27884.41,436945.65,0.0,834145.65,2546560,4
KXWCBTTS-26JUN29BRAJPN,759609.96,722016.9,37593.06,-759609.96,0.0,1286205.04,2544851,4
KXMLBGAME-26APR221310CINTB,-332717.49,-362025.19,29307.7,325353.78,7363.71,1080506.49,2531354,4
KXBTCD-26JUL0206,268204.24,238990.66,29213.58,-268204.24,0.0,1122918.76,2525433,1
KXWCBTTS-26JUN20NEDSWE,472774.53,434642.81,38131.72,-472774.53,0.0,1375485.47,2512474,9
KXMVECROSSCATEGORY-S20260E713B38A3C,-491650.95,-518165.58,26514.64,491650.95,0.0,607334.95,2511668,10
KXMLBSPREAD-26JUL012140LADATH,-402664.34,-440143.81,37479.47,402664.34,0.0,1236177.34,2510117,3
KXT20MATCH-26JUN192030WASSEA,311633.33,283985.95,27647.38,-311633.33,0.0,1053723.67,2505085,6
KXNHLGAME-26APR25CAROTT,266246.75,230750.84,35495.91,-275165.35,8918.6,1195633.25,2496926,9
KXEPLGAME-26MAY09SUNMUN,-405959.49,-441062.63,35103.14,397128.57,8830.92,1176657.49,2491262,17
KXWCTEAMTOTAL-26JUN29GERPAR,-349117.57,-379378.12,30260.55,349117.57,0.0,1358828.57,2490399,3
KXWCBTTS-26JUN16ARGDZA,-359347.24,-397655.32,38308.08,359347.24,0.0,1287736.24,2490266,8
KXMLBSPREAD-26JUL051920SDLAD,-298824.06,-334522.29,35698.23,298824.06,0.0,1241654.06,2486193,2
KXMLBGAME-26MAY031340SFTB,238558.49,198914.12,39644.37,-248508.09,9949.6,1219910.51,2482108,4
KXEPLGAME-26MAY09LFCCFC,-319443.66,-353888.21,34444.55,310776.29,8667.37,1221547.66,2481259,16
KXLIGAMXGAME-26JUL31JUAPUM,436034.39,411886.46,24147.93,-436034.39,0.0,1112242.61,2473773,7
KXWCBTTS-26JUN27COLPOR,-682684.94,-719188.26,36503.32,682684.94,0.0,1468551.94,2465319,17
KXMLBTOTAL-26JUL011840PITPHI,-303656.94,-337905.25,34248.31,303656.94,0.0,1205474.94,2464192,2
KXWC1HTOTAL-26JUN23PORUZB,301914.43,273030.64,28883.79,-301914.43,0.0,1192806.57,2462196,11
KXWCTEAMTOTAL-26JUN14GERCUW,253296.49,228077.92,25218.57,-253296.49,0.0,1359757.51,2456962,5
KXMLBTOTAL-26JUL091235ATLPIT,312328.71,277929.01,34399.7,-312328.71,0.0,1148673.29,2456892,2
KXMLBGAME-26MAY031415LADSTL,388227.02,356641.4,31585.62,-396167.7,7940.68,1297192.98,2455729,4
KXWCBTTS-26JUN30CIVNOR,479671.71,441838.11,37833.6,-479671.71,0.0,1276807.29,2454818,5
KXMLBGAME-26MAY101335TBBOS,257841.34,228052.03,29789.31,-265331.38,7490.04,1342574.66,2454733,4
KXWC1HSPREAD-26JUN22FRAIRQ,-369111.88,-404857.23,35745.35,369111.88,0.0,1166402.88,2449950,8
KXMLBGAME-26APR191335SFWSH,-387795.48,-420246.66,32451.18,379642.46,8153.02,1282249.48,2448003,4
KXMLBGAME-26APR191410STLHOU,219687.51,189568.82,30118.69,-227266.88,7579.37,1197321.49,2433748,4
KXMLBTOTAL-26AUG032005LADCHC,-317104.86,-352469.31,35364.45,317104.86,0.0,1301825.86,2433154,2
KXMVESPORTSMULTIGAMEEXTENDED-S20264747EC6E287,-466556.49,-492957.21,26400.72,466556.49,0.0,585768.49,2430494,7
KXMLBGAME-26MAY081940NYYMIL,-406912.33,-434918.14,28005.81,399866.22,7046.11,1118092.33,2427579,4
KXATPMATCH-26JUN21ARNSAM,392023.84,359658.37,32365.47,-400155.95,8132.11,1131957.16,2427404,2
KXWCGOAL-26JUL18FRAENG-FRAODEMBE10,769815.82,747511.36,22304.46,-769815.82,0.0,800445.18,2424731,4
KXATPMATCH-26JUN22COLCER,234529.79,200348.31,34181.48,-243114.2,8584.41,1097391.21,2423946,2
KXMVESPORTSMULTIGAMEEXTENDED-S202633E13FCD07B,203895.22,192004.88,11890.34,-203895.22,0.0,352024.78,2423179,4
KXMVECROSSCATEGORY-S20267FDBEA6513D,-620454.47,-654651.18,34196.71,620454.47,0.0,1128331.47,2422683,4
KXMLBGAME-26MAY152138LADLAA,217572.69,188137.06,29435.63,-224975.59,7402.9,1200159.31,2412813,5
KXMLBGAME-26APR211845ATLWSH,-451170.02,-482264.53,31094.51,443340.62,7829.4,1154542.02,2404989,4
KXMLBGAME-26MAY151915NYYNYM,263513.93,236447.37,27066.56,-270323.22,6809.29,1139203.07,2404571,4
KXMVESPORTSMULTIGAMEEXTENDED-S20262298F40AC9E,-326270.77,-346909.8,20639.03,326270.77,0.0,415852.77,2399412,5
KXWCGOAL-26JUL06PORESP-ESPLYAMAL10,-501185.59,-529551.13,28365.54,501185.59,0.0,721476.59,2392626,4
KXMVESPORTSMULTIGAMEEXTENDED-S202645663697041,-448676.19,-476473.78,27797.59,448676.19,0.0,692680.19,2380889,7
KXEPLGAME-26MAY24BRIMUN,733050.92,706880.27,26170.65,-739642.92,6592.0,1112440.08,2378418,18
KXMVESPORTSMULTIGAMEEXTENDED-S2026F95175E8823,562928.77,538431.96,24496.81,-562928.77,0.0,527762.23,2373713,5
KXMLBGAME-26APR261410NYYHOU,-421479.85,-449698.62,28218.77,414387.86,7091.99,931290.85,2371635,4
KXMVESPORTSMULTIGAMEEXTENDED-S2026876D400322B,215107.45,188200.59,26906.87,-215107.45,0.0,743329.55,2370865,3
KXWCGOAL-26JUN23COLCOD-COLLDIAZ14,-474184.85,-501351.63,27166.78,474184.85,0.0,736512.85,2364723,4
KXMVESPORTSMULTIGAMEEXTENDED-S20263E04D190C23,-374593.59,-404930.42,30336.84,374593.59,0.0,748823.59,2364499,16
KXWCTCORNERS-26JUL03ARGCPV,215570.69,187985.84,27584.85,-215570.69,0.0,1017802.31,2363191,5
KXMVESPORTSMULTIGAMEEXTENDED-S20260905EFE5661,-397924.87,-416314.71,18389.84,397924.87,0.0,538237.87,2359489,6
KXMLBTOTAL-26JUN202110PITCOL,304413.03,272469.77,31943.26,-304413.03,0.0,1202730.97,2359151,2
KXWCBTTS-26JUN24SUICAN,610478.15,573121.22,37356.93,-610478.15,0.0,1245109.85,2358661,10
KXMVESPORTSMULTIGAMEEXTENDED-S2026106D1A15030,-718090.87,-751949.33,33858.46,718090.87,0.0,1272635.87,2358613,3
KXMLBGAME-26APR181335KCNYY,239621.11,211965.25,27655.86,-246574.47,6953.36,1137062.89,2357112,4
KXMLBTOTAL-26JUL211840LADPHI,466114.19,432876.31,33237.88,-466114.19,0.0,1213010.81,2356536,2
KXMLBGAME-26JUN051915PITATL,276036.43,246072.54,29963.89,-283577.61,7541.18,1140541.57,2350654,4
KXMVESPORTSMULTIGAMEEXTENDED-S2026457F3635C8B,-396292.58,-423226.3,26933.72,396292.58,0.0,938585.58,2349848,6
KXMVESPORTSMULTIGAMEEXTENDED-S20268600AA57FC5,269578.92,240581.52,28997.4,-269578.92,0.0,794775.08,2348484,6
KXMVESPORTSMULTIGAMEEXTENDED-S2026E0C70D990C4,-380282.53,-400068.41,19785.88,380282.53,0.0,606865.53,2347380,5
KXWCGOAL-26JUN17ENGCRO-ENGHKANE9,425559.57,396802.63,28756.94,-425559.57,0.0,903815.43,2344732,3
KXWCTEAMTOTAL-26JUL04CANMAR,216378.05,189222.26,27155.79,-216378.05,0.0,1185120.95,2344246,5
KXATPMATCH-26JUL29CERBOY,237659.79,209528.53,28131.26,-244725.34,7065.55,1268347.21,2342464,2
KXATPCHALLENGERMATCH-26AUG05KWONILA,275899.83,250534.61,25365.22,-275899.83,0.0,1032628.17,2338681,1
KXCLUBFGAME-26AUG05MALPSG,-322255.6,-346501.23,24245.63,322255.6,0.0,906293.6,2334329,3
KXWCGOAL-26JUL03COLGHA-COLLDIAZ14,-528883.38,-559192.96,30309.58,528883.38,0.0,825393.38,2333013,5
KXATPCHALLENGERMATCH-26JUL31GOMFEL,222863.12,198787.92,24075.2,-222863.12,0.0,1173361.88,2332983,2
KXBTC15M-26JUL012330,297679.79,281868.57,15811.22,-297679.79,0.0,958968.21,2327504,1
KXWCBTTS-26JUN18SUIBIH,496832.6,464065.12,32767.48,-496832.6,0.0,1182390.4,2327159,7
KXMLBTOTAL-26AUG012110BOSLAD,286456.84,252134.94,34321.9,-286456.84,0.0,1258986.16,2325397,2
KXBTC15M-26JUL290030,266784.53,241445.72,25338.81,-266784.53,0.0,952331.47,2309900,1
KXWCGOALCOUNT-26LMESSI10,-310912.49,-330491.29,19578.8,310912.49,0.0,652659.49,2304117,32
KXMVESPORTSMULTIGAMEEXTENDED-S202699486D831A0,383664.36,356254.86,27409.51,-383664.36,0.0,797457.64,2304080,6
KXWC2H-26JUN22NORSEN,-492778.13,-516140.47,23362.34,492778.13,0.0,1139947.13,2300365,4
KXLALIGAGAME-26MAY17SEVRMA,549353.97,518643.95,30710.02,-557080.86,7726.89,1153264.03,2291686,8
KXATPMATCH-26JUN17HURALT,242673.34,217875.39,24797.95,-248908.95,6235.61,947261.66,2291013,2
KXMLBGAME-26AUG042010TORHOU,301000.68,271275.59,29725.09,-308470.85,7470.17,1199063.32,2277441,3
KXUELGAME-26MAY20SCFAVL,263397.84,239581.83,23816.01,-263397.84,0.0,1062039.16,2270661,9
KXMVESPORTSMULTIGAMEEXTENDED-S20266620D080E4F,540303.9,522444.2,17859.7,-540303.9,0.0,386245.1,2260858,8
KXATPCHALLENGERMATCH-26JUL16DELDAL,275957.97,248238.71,27719.26,-275957.97,0.0,1125253.03,2231484,2
KXMLBSPREAD-26JUN071610LAALAD,-345671.31,-375601.15,29929.84,345671.31,0.0,1164148.31,2223601,2
KXEPLGAME-26MAY17MUNNFO,216365.23,195882.57,20482.66,-221522.99,5157.76,1160405.77,2222057,17
KXMLBTOTAL-26JUL121415ATLSTL,315223.65,282611.86,32611.79,-315223.65,0.0,1180236.35,2217088,2
KXWCBTTS-26JUL06USABEL,468736.77,438560.18,30176.59,-468736.77,0.0,1249413.23,2209094,5
KXEPLGAME-26MAY17WOLFUL,-537599.54,-569581.47,31981.93,529578.83,8020.71,1121644.54,2198595,14
KXLALIGAGAME-26APR25ATMATH,322617.04,295290.06,27326.98,-329492.81,6875.77,967139.96,2196571,8
KXMVESPORTSMULTIGAMEEXTENDED-S20262CD6AFC7BEF,-317214.61,-347665.94,30451.34,317214.61,0.0,864638.61,2193509,5
KXATPCHALLENGERMATCH-26JUL10BASGIL,-452928.57,-478622.22,25693.65,452928.57,0.0,1373102.57,2193309,2
KXATPCHALLENGERMATCH-26JUN11CIGEST,207129.05,185722.06,21406.99,-207129.05,0.0,983647.95,2192220,1
KXATPMATCH-26MAY10KHAVAN,237169.67,211924.93,25244.74,-243511.57,6341.9,885445.33,2187512,2
KXBTC15M-26JUL072245,213965.0,192667.04,21297.96,-213965.0,0.0,1028231.0,2171596,1
KXMLBSPREAD-26JUN202210BALLAD,-438393.41,-470417.21,32023.8,438393.41,0.0,1109361.41,2171560,3
KXMLBGAME-26JUL051500PHIKC,-306794.39,-334432.29,27637.9,299837.14,6957.25,1110856.39,2170027,4
KXMLBGAME-26MAY171335BOSATL,246109.54,221807.77,24301.77,-252221.68,6112.14,1042670.46,2165010,4
KXWCBTTS-26JUL03AUSEGY,612641.8,578883.38,33758.42,-612641.8,0.0,1008608.2,2161707,7
KXMLBSPREAD-26JUN182140LAAATH,271219.62,240884.09,30335.53,-271219.62,0.0,1030438.38,2161494,3
KXMLBGAME-26APR212040SDCOL,349588.86,319903.39,29685.47,-357052.47,7463.61,1137709.14,2157241,4
KXMLBSPREAD-26JUL042210SDLAD,312513.6,281098.83,31414.77,-312513.6,0.0,1085722.4,2154072,3
KXGOVIANOMR-26,287862.97,267489.99,20372.98,-287862.97,0.0,860681.03,2149805,49
KXMLBGAME-26MAY081910TBBOS,-344818.04,-374628.58,29810.54,337329.7,7488.34,1089473.04,2147000,4
KXWCGOAL-26JUL19ESPARG-ESPMOYARZ10,-416645.63,-438712.11,22066.48,416645.63,0.0,557721.63,2130131,5
KXWTAMATCH-26JUL04MERRYB,-391991.86,-414368.28,22376.42,386360.7,5631.16,1194664.86,2129370,3
KXMLBGAME-26JUN031915TORATL,245947.49,219179.96,26767.53,-252685.52,6738.03,1067100.51,2128078,4
KXATPCHALLENGERMATCH-26AUG01MIYBIT,267175.92,244120.84,23055.08,-267175.92,0.0,928263.08,2126408,2
KXWCGOAL-26JUL11ARGSUI-ARGJALVAR19,850516.18,830353.27,20162.91,-850516.18,0.0,649202.82,2120005,4
KXWCGOAL-26JUN30MEXECU-MEXRJIMEN7,454380.87,435519.46,18861.41,-454380.87,0.0,545518.13,2115200,3
KXMLBTOTAL-26JUN061310SEADET,315395.73,283079.93,32315.8,-315395.73,0.0,1074537.27,2115188,2
KXODIMATCH-26JUL060330BANZIM,485212.58,468427.85,16784.73,-485212.58,0.0,835326.42,2115170,4
KXLIGUE1GAME-26MAY13RCLPSG,417615.65,389797.91,27817.74,-424614.3,6998.65,1022227.35,2113179,8
KXWC1H-26JUL03AUSEGY,213034.42,191196.8,21837.62,-213034.42,0.0,948327.58,2101426,7
KXMLSGAME-26JUL22LAFCRSL,206734.47,187834.05,18900.42,-206734.47,0.0,1053178.53,2098223,9
KXMVESPORTSMULTIGAMEEXTENDED-S20261E5E8376630,-468810.23,-491223.06,22412.82,468810.23,0.0,733621.23,2092031,7
KXMLBGAME-26APR181915ATLPHI,322853.62,294368.16,28485.46,-330021.78,7168.16,1045076.38,2088469,4
KXWCBTTS-26JUN26URUESP,-414220.96,-447140.3,32919.34,414220.96,0.0,1069326.96,2087083,12
KXMVESPORTSMULTIGAMEEXTENDED-S2026F634B2F48BA,523150.28,493893.56,29256.71,-523150.28,0.0,796130.72,2085239,4
KXMVESPORTSMULTIGAMEEXTENDED-S2026C8B9E26843C,444606.23,415445.19,29161.04,-444606.23,0.0,836879.77,2082195,5
KXMLBSPREAD-26JUL061410PHIKC,-424395.02,-455347.33,30952.31,424395.02,0.0,1084294.02,2081471,2
KXMVESPORTSMULTIGAMEEXTENDED-S202658CC7EB4AEB,654230.87,632189.05,22041.82,-654230.87,0.0,531099.13,2081285,7
KXMVESPORTSMULTIGAMEEXTENDED-S20264643E97AAA8,-366387.94,-393880.64,27492.7,366387.94,0.0,759550.94,2074120,6
KXWCBTTS-26JUN21BELIRI,-423282.24,-454206.36,30924.12,423282.24,0.0,1043603.24,2070197,7
KXWCBTTS-26JUN14NEDJPN,448723.94,419080.71,29643.23,-448723.94,0.0,975110.06,2068709,8
KXMVESPORTSMULTIGAMEEXTENDED-S20263D125BF3975,241105.09,214678.14,26426.95,-241105.09,0.0,622687.91,2052066,2
KXWCBTTS-26JUN26NORFRA,355306.65,325326.57,29980.08,-355306.65,0.0,1065083.35,2048465,17
KXWCSOA-26JUL14FRAESP,-599680.01,-629994.26,30314.25,599680.01,0.0,966397.01,2047284,4
KXWC1HTOTAL-26JUN23ENGGHA,-290759.41,-316413.71,25654.3,290759.41,0.0,1078649.41,2042265,7
KXWC2H-26JUN27JORARG,-436507.14,-462704.01,26196.87,436507.14,0.0,1165307.14,2035517,8
KXMLBSPREAD-26JUN041410SFMIL,-352510.64,-381147.23,28636.59,352510.64,0.0,1011826.64,2034991,2
KXMLBGAME-26JUL121410LAAMIN,255508.66,231610.52,23898.14,-261532.84,6024.18,1059899.34,2033591,4
KXMVESPORTSMULTIGAMEEXTENDED-S2026F89D042E167,-510935.23,-540765.33,29830.1,510935.23,0.0,839878.23,2030382,3
KXWCBTTS-26JUL11ARGSUI,414780.55,385710.14,29070.41,-414780.55,0.0,917550.45,2028791,5
KXMLBGAME-26APR191335KCNYY,385108.92,358439.23,26669.69,-391815.71,6706.79,1044973.08,2023577,4
KXMLBTOTAL-26JUL011507NYMTOR,-309414.34,-338886.79,29472.45,309414.34,0.0,1013435.34,2022652,2
KXWTAMATCH-26JUL16UDVKAW,322026.03,300933.21,21092.82,-327327.75,5301.72,920258.97,2014268,2
KXMVESPORTSMULTIGAMEEXTENDED-S2026AD39D3DABBB,-303072.75,-325047.04,21974.29,303072.75,0.0,651072.75,2003075,4
KXMLBGAME-26APR261605MIASF,424421.8,398591.98,25829.82,-430908.85,6487.05,831168.2,2000010,4
KXMLSGAME-26JUL22NSHMTL,240501.77,218323.23,22178.54,-240501.77,0.0,925296.23,1992319,7
KXMVESPORTSMULTIGAMEEXTENDED-S202650228852D4A,277260.3,261993.24,15267.06,-277260.3,0.0,472021.7,1988296,5
KXWCBTTS-26JUN14CIVECU,-506645.3,-536251.61,29606.31,506645.3,0.0,944370.3,1987909,8
KXWCCORNERS-26JUL05MEXENG,215697.39,192906.16,22791.23,-215697.39,0.0,977028.61,1983924,4
KXMVESPORTSMULTIGAMEEXTENDED-S20260ECBE1DD3BD,351623.33,338130.58,13492.75,-351623.33,0.0,308671.67,1975952,5
KXWC2H-26JUL02ESPAUT,225233.44,204000.95,21232.49,-225233.44,0.0,1041612.56,1975077,5
KXMLBSPREAD-26JUN041915TORATL,-559838.65,-589765.48,29926.83,559838.65,0.0,1035477.65,1973620,2
KXLOLGAME-26JUN140200GENT1,225413.02,199284.14,26128.88,-225413.02,0.0,866827.98,1966836,2
KXWC1HSPREAD-26JUN27JORARG,252680.22,231013.26,21666.96,-252680.22,0.0,827311.78,1963439,8
KXWCBTTS-26JUN22JORDZA,416327.46,385652.42,30675.04,-416327.46,0.0,912988.54,1953857,8
KXMVESPORTSMULTIGAMEEXTENDED-S20262C99B5856BB,415966.82,387048.86,28917.97,-415966.82,0.0,939824.18,1948787,4
KXMLBTOTAL-26AUG051510TBCOL,367423.58,339198.83,28224.75,-367423.58,0.0,1029544.42,1935832,2
KXMLBSPREAD-26AUG051510TBCOL,551591.17,521338.46,30252.71,-551591.17,0.0,1003861.83,1933231,2
KXMVESPORTSMULTIGAMEEXTENDED-S2026D662F994195,-326113.58,-345115.98,19002.4,326113.58,0.0,381394.58,1926752,5
KXWCBTTS-26JUN23COLCOD,-364516.74,-390353.41,25836.67,364516.74,0.0,872556.74,1923053,9
KXMVESPORTSMULTIGAMEEXTENDED-S2026379939C1713,256259.11,229698.06,26561.05,-256259.11,0.0,875413.89,1922486,5
KXWCBTTS-26JUN25JPNSWE,444817.92,416013.55,28804.37,-444817.92,0.0,1012801.08,1922460,12
KXMLBTOTAL-26AUG012138MILLAA,220095.1,194048.16,26046.94,-220095.1,0.0,1028507.9,1915574,3
KXMLBTOTAL-26JUL061845HOUWSH,366992.69,341761.65,25231.04,-366992.69,0.0,871600.31,1914877,2
KXMLBSPREAD-26JUL081545TORSF,281746.28,255339.17,26407.11,-281746.28,0.0,851454.72,1910803,2
KXMVESPORTSMULTIGAMEEXTENDED-S202693543911F91,675277.38,667026.69,8250.69,-675277.38,0.0,570590.62,1888397,2
KXMLBSPREAD-26JUL282210SEALAD,-320433.43,-348481.08,28047.65,320433.43,0.0,944112.43,1885604,3
KXMVESPORTSMULTIGAMEEXTENDED-S2026AA491B190F2,-341944.97,-366769.06,24824.09,341944.97,0.0,896570.97,1879446,4
KXMLBGAME-26AUG041910CWSBOS,241376.18,218377.56,22998.62,-247165.22,5789.04,781096.82,1877603,4
KXMVESPORTSMULTIGAMEEXTENDED-S2026ABB27D87C17,231711.13,217160.79,14550.34,-231711.13,0.0,427090.87,1868208,3
KXWC2HBTTS-26JUL19ESPARG,-351287.34,-375533.18,24245.84,351287.34,0.0,765649.34,1865216,5
KXWC1HTOTAL-26JUN19BRAHTI,208876.19,187600.42,21275.77,-208876.19,0.0,854044.81,1861751,8
KXWCBTTS-26JUN23PANCRO,-345371.16,-374354.18,28983.02,345371.16,0.0,966656.16,1861698,5
KXWCTEAMTOTAL-26JUN21BELIRI,-385580.15,-409018.35,23438.2,385580.15,0.0,1085111.15,1859364,10
KXMLBGAME-26APR281940LAACWS,-309845.07,-330428.96,20583.89,304667.03,5178.04,937326.07,1856187,4
KXMVESPORTSMULTIGAMEEXTENDED-S202634BB9ABFC54,273377.38,251591.18,21786.2,-273377.38,0.0,639132.62,1854780,5
KXATPMATCH-26MAY17CERDE,224466.75,205351.74,19115.01,-229278.04,4811.29,877573.25,1839506,3
KXWCGOAL-26JUL05MEXENG-ENGJBELLI5,670428.8,659716.21,10712.59,-670428.8,0.0,348215.2,1827583,5
KXMVESPORTSMULTIGAMEEXTENDED-S2026D7E17E3B751,486587.5,468092.91,18494.59,-486587.5,0.0,451235.5,1825245,9
KXMVECROSSCATEGORY-S2026150474F7DF7,303420.68,282773.68,20647.0,-303420.68,0.0,532827.32,1822038,6
KXBUNDESLIGAGAME-26MAY03BMGBVB,-325361.87,-350603.28,25241.41,319013.47,6348.4,901058.87,1821577,9
KXWCGOAL-26JUN16IRQNOR-NOREHAALA9,382311.8,361542.49,20769.31,-382311.8,0.0,655430.2,1815841,3
KXWCGOAL-26JUL10ESPBEL-ESPMOYARZ10,-502990.98,-528715.58,25724.6,502990.98,0.0,675681.98,1813640,4
KXMVECROSSCATEGORY-S2026F2968EA6DD2,579881.63,556737.56,23144.07,-579881.63,0.0,570938.37,1804971,5
KXATPMATCH-26APR15DEMED,-345641.71,-370778.64,25136.93,339331.48,6310.23,992744.71,1803276,1
KXBRASILEIROGAME-26JUL29VITPAL,209229.24,193818.89,15410.35,-209229.24,0.0,778113.76,1801758,4
KXMVESPORTSMULTIGAMEEXTENDED-S2026A9FB20A7D7E,622454.91,599503.9,22951.01,-622454.91,0.0,534182.09,1800944,4
KXMVESPORTSMULTIGAMEEXTENDED-S2026AD23E0BFDB9,689183.33,661556.38,27626.95,-689183.33,0.0,706586.67,1796672,5
KXMVECROSSCATEGORY-S20262CBC27CE024,278201.18,269879.91,8321.26,-278201.18,0.0,224936.82,1772029,10
KXWC1HBTTS-26JUL11NORENG,492985.4,476529.9,16455.5,-492985.4,0.0,692960.6,1771664,6
KXWC1HSPREAD-26JUN19BRAHTI,376508.38,355201.51,21306.87,-376508.38,0.0,782578.62,1763932,8
KXMLBTOTAL-26MAY282005HOUTEX,287968.8,262084.59,25884.21,-287968.8,0.0,904923.2,1758684,2
KXWC2H-26JUL02SUIDZA,247514.48,228879.4,18635.08,-247514.48,0.0,972399.52,1747874,6
KXMLBSPREAD-26AUG071910LAAMIA,-527995.65,-555586.74,27591.09,527995.65,0.0,760263.65,1743345,2
KXWCGOAL-26JUL06PORESP-ESPMOYARZ10,-458083.31,-481141.84,23058.53,458083.31,0.0,651871.31,1739766,4
KXMVECROSSCATEGORY-S202682D3C8E7883,-306962.85,-323346.23,16383.38,306962.85,0.0,449300.85,1736579,5
KXMLBTOTAL-26MAY292040SFCOL,-347333.83,-371589.65,24255.82,347333.83,0.0,825119.83,1735460,2
KXMVESPORTSMULTIGAMEEXTENDED-S2026AF795FCC8E4,249244.32,227561.45,21682.87,-249244.32,0.0,737536.68,1733893,5
KXMVESPORTSMULTIGAMEEXTENDED-S2026611FCB0F278,-544456.5,-571240.7,26784.19,544456.5,0.0,669487.5,1731933,5
KXWCBTTS-26JUN21NZLEGY,381484.5,356107.83,25376.67,-381484.5,0.0,770056.5,1718650,8
KXMLBSPREAD-26JUL032210SDLAD,-350124.82,-375832.17,25707.35,350124.82,0.0,846068.82,1714117,3
KXMVECROSSCATEGORY-S2026A79B16079F5,364986.87,343681.39,21305.48,-364986.87,0.0,515651.13,1711135,6
KXMVESPORTSMULTIGAMEEXTENDED-S2026F1CDFD88476,226352.88,202810.75,23542.13,-226352.88,0.0,778069.12,1705691,5
KXMLBGAME-26JUN301940TBKC,292777.3,272721.65,20055.65,-297825.01,5047.71,867741.7,1697480,4
KXWTAMATCH-26APR15MUCMER,209738.33,194630.89,15107.44,-213534.82,3796.49,770871.67,1695018,2
KXWCGOAL-26JUL04PARFRA-FRAODEMBE10,-440138.09,-462476.52,22338.43,440138.09,0.0,615097.09,1693843,5
KXMVESPORTSMULTIGAMEEXTENDED-S20262177C4FD6F3,543360.17,531046.62,12313.55,-543360.17,0.0,274828.83,1692531,4
KXWCBTTS-26JUL10ESPBEL,352008.35,326529.78,25478.57,-352008.35,0.0,859279.65,1690867,5
KXMVESPORTSMULTIGAMEEXTENDED-S2026DCF237DD7FD,583583.96,563923.38,19660.58,-583583.96,0.0,542777.04,1687928,3
KXWCBTTS-26JUN22NORSEN,277721.39,251565.35,26156.04,-277721.39,0.0,869964.61,1686931,13
KXMVESPORTSMULTIGAMEEXTENDED-S20267318DD7FDF9,638501.2,633605.98,4895.22,-638501.2,0.0,114753.8,1683929,4
KXWCAST-26JUL19ESPARG-ARGLMESSI10,-314913.83,-334347.72,19433.89,314913.83,0.0,521625.83,1683546,4
KXMVECROSSCATEGORY-S2026713A1B5F6DF,359614.86,347452.49,12162.37,-359614.86,0.0,282334.14,1683228,6
KXMLBGAME-26MAY221940SEAKC,219040.09,195771.93,23268.16,-224886.85,5846.76,881160.91,1681948,4
KXMLSGAME-26MAY13CINMIA,284256.82,262342.95,21913.87,-284256.82,0.0,769432.18,1674775,7
KXWCTEAMTOTAL-26JUN19SCOMAR,-294391.51,-317129.53,22738.02,294391.51,0.0,871057.51,1667674,8
KXMVESPORTSMULTIGAMEEXTENDED-S2026BC404A4BA4B,-417236.84,-431952.41,14715.57,417236.84,0.0,697513.84,1659482,6
KXMVECROSSCATEGORY-S20267ADE4392384,874770.48,854428.21,20342.27,-874770.48,0.0,424141.52,1658913,8
KXWTAMATCH-26MAY06TAGSAK,211605.89,193138.15,18467.74,-216247.03,4641.14,751760.11,1645892,2
KXWC1HSPREAD-26JUN23PORUZB,251789.63,232903.6,18886.03,-251789.63,0.0,689899.37,1641220,9
KXMVECROSSCATEGORY-S202653F9874EE9B,328488.42,307810.38,20678.04,-328488.42,0.0,866313.58,1632650,5
KXWC2HBTTS-26JUL05MEXENG,442107.15,423419.34,18687.81,-442107.15,0.0,521725.85,1631142,5
KXWTAMATCH-26JUN23ZHETAU,235031.3,212421.22,22610.08,-240707.69,5676.39,752096.7,1629622,3
KXMVESPORTSMULTIGAMEEXTENDED-S202686BC1E20403,424492.01,406007.32,18484.69,-424492.01,0.0,435591.99,1629339,5
KXMVESPORTSMULTIGAMEEXTENDED-S202602343E8CD42,-386234.02,-408370.04,22136.03,386234.02,0.0,946020.02,1628086,5
KXLIGUE1GAME-26MAY17PARPSG,-405576.47,-425563.65,19987.18,400538.52,5037.95,909647.47,1618092,9
KXWCSOA-26JUL05MEXENG,471216.75,451899.85,19316.9,-471216.75,0.0,576573.25,1608019,5
KXMVESPORTSMULTIGAMEEXTENDED-S202620510020350,-363885.38,-386777.4,22892.02,363885.38,0.0,650132.38,1607205,4
KXATPCHALLENGERMATCH-26JUN10SAIVAN,-297379.95,-322955.4,25575.45,297379.95,0.0,843978.95,1594793,2
KXMVESPORTSMULTIGAMEEXTENDED-S202684C79DE680F,585283.26,567296.27,17986.99,-585283.26,0.0,435305.74,1593737,3
KXUFCFIGHT-26JUL25WALPET,266977.95,244616.27,22361.68,-266977.95,0.0,836423.05,1590154,7
KXWTAMATCH-26JUL02MERTIM,236360.0,217308.26,19051.74,-241143.16,4783.16,882584.0,1588705,3
KXMVESPORTSMULTIGAMEEXTENDED-S20264DE1E7CD5AD,-326282.52,-346885.61,20603.09,326282.52,0.0,705254.52,1584465,4
KXMVESPORTSMULTIGAMEEXTENDED-S2026ED14C782592,-393671.28,-415375.64,21704.36,393671.28,0.0,534309.28,1584253,7
KXATPCHALLENGERMATCH-26JUL20PALLEO,258128.9,235999.7,22129.2,-258128.9,0.0,729630.1,1577434,2
KXMLBSPREAD-26JUL251605AZWSH,341867.8,319329.16,22538.64,-341867.8,0.0,723012.2,1572364,2
KXWCBTTS-26JUN15BELEGY,346872.63,323805.13,23067.5,-346872.63,0.0,707411.37,1566085,7
KXMVECROSSCATEGORY-S20265C632EE45DA,394221.21,374201.03,20020.17,-394221.21,0.0,529234.79,1556077,7
KXLALIGAGAME-26MAY02VCFATM,379282.1,362713.52,16568.58,-383461.46,4179.36,574703.9,1531705,9
KXWC2H-26JUN24SCOBRA,313350.83,293922.84,19427.99,-313350.83,0.0,823330.17,1531626,5
KXWCGOAL-26JUL10ESPBEL-BELCDEKE17,407635.85,398999.94,8635.91,-407635.85,0.0,302867.15,1531366,4
KXMLBSPREAD-26JUN192210BALLAD,-372918.84,-395704.14,22785.3,372918.84,0.0,743220.84,1526467,3
KXWCGOAL-26JUN17UZBCOL-COLLDIAZ14,329663.15,311963.34,17699.81,-329663.15,0.0,513144.85,1522685,3
KXMVESPORTSMULTIGAMEEXTENDED-S202646ED055A2D2,371565.75,355649.55,15916.2,-371565.75,0.0,387243.25,1520152,7
KXMLBSPREAD-26JUL112110AZLAD,-313035.0,-335342.41,22307.41,313035.0,0.0,774792.0,1517581,2
KXWCGOAL-26JUL06USABEL-BELRLUKAK9,520050.53,506530.66,13519.87,-520050.53,0.0,475133.47,1513460,5
KXMVESPORTSMULTIGAMEEXTENDED-S2026034DB924BB2,-331907.63,-350618.11,18710.47,331907.63,0.0,406740.63,1512316,5
KXMVESPORTSMULTIGAMEEXTENDED-S20264DE60534C16,413272.59,395477.87,17794.72,-413272.59,0.0,425322.41,1510325,4
KXMVESPORTSMULTIGAMEEXTENDED-S202610DEC649083,468444.34,451068.98,17375.36,-468444.34,0.0,395765.66,1508540,9
KXMVESPORTSMULTIGAMEEXTENDED-S20264FF257E7639,320076.66,318349.88,1726.78,-320076.66,0.0,172950.34,1504622,5
KXMVECROSSCATEGORY-S2026F263E3B9761,242478.59,222143.27,20335.32,-242478.59,0.0,491104.41,1503303,4
KXMVESPORTSMULTIGAMEEXTENDED-S2026163F05046A1,313706.6,304086.84,9619.76,-313706.6,0.0,318960.4,1499935,3
KXWCSOA-26JUL11ARGSUI,261920.04,246303.32,15616.72,-261920.04,0.0,634050.96,1486575,4
KXWC1HSPREAD-26JUN21ESPKSA,317275.66,300385.16,16890.5,-317275.66,0.0,558241.34,1482955,9
KXMVECROSSCATEGORY-S2026666407A9464,535775.34,520176.47,15598.87,-535775.34,0.0,340327.66,1477294,8
KXWCBTTS-26JUN17AUTJOR,333246.5,310829.34,22417.16,-333246.5,0.0,653511.5,1475571,7
KXWCSOA-26JUL10ESPBEL,-370746.2,-391569.54,20823.34,370746.2,0.0,669297.2,1472946,4
KXBUNDESLIGAGAME-26APR19BMUVFB,222126.66,205813.06,16313.6,-226233.44,4106.78,841020.34,1468850,5
KXMLBSPREAD-26MAY191610ATLMIA,227807.2,206639.05,21168.15,-227807.2,0.0,690724.8,1466145,2
KXMLBTOTAL-26JUL312040KCCOL,219899.18,198871.58,21027.6,-219899.18,0.0,819898.82,1465856,2
KXMVECROSSCATEGORY-S202673543559706,420540.18,400253.85,20286.33,-420540.18,0.0,726587.82,1463951,7
KXMLBSPREAD-26JUN052210LAALAD,-332737.56,-352528.84,19791.28,332737.56,0.0,682194.56,1457605,3
KXMLBSPREAD-26MAY162138LADLAA,226344.85,205944.85,20400.0,-226344.85,0.0,709830.15,1456321,3
KXWCCORNERS-26JUN29NEDMAR,204285.86,185303.06,18982.8,-204285.86,0.0,701872.14,1456147,2
KXMLBTOTAL-26JUN232145ATHSF,231326.01,210014.9,21311.11,-231326.01,0.0,755230.99,1454460,3
KXMLBSPREAD-26MAY281610ATLBOS,253177.98,233240.24,19937.74,-253177.98,0.0,677954.02,1453209,2
KXMVESPORTSMULTIGAMEEXTENDED-S2026A314964D2C1,609277.68,593341.05,15936.63,-609277.68,0.0,376063.32,1450945,3
KXWCGOAL-26JUL02SUIDZA-SUIBEMBOL7,236425.94,222712.83,13713.11,-236425.94,0.0,381498.06,1444588,4
KXMVESPORTSMULTIGAMEEXTENDED-S2026573E542111E,243712.06,229771.86,13940.2,-243712.06,0.0,400812.94,1439944,5
KXMVESPORTSMULTIGAMEEXTENDED-S2026A991A5FBE8E,262616.45,246502.82,16113.63,-262616.45,0.0,497739.55,1438534,4
KXMLBTOTAL-26JUL311907STLTOR,222087.53,202093.26,19994.27,-222087.53,0.0,745793.47,1438378,2
KXWC1HSPREAD-26JUN21TUNJPN,261521.24,246803.45,14717.79,-261521.24,0.0,559413.76,1437793,7
KXWCSOA-26JUL18FRAENG,206854.46,190931.08,15923.38,-206854.46,0.0,727612.54,1428977,3
KXWC2H-26JUN22ARGAUT,257061.82,237992.52,19069.3,-257061.82,0.0,648287.18,1424311,6
KXMLBSPREAD-26AUG051910CWSBOS,289513.63,269798.55,19715.08,-289513.63,0.0,707714.37,1411586,2
KXMVESPORTSMULTIGAMEEXTENDED-S2026152F23D61F1,-317235.45,-337010.89,19775.44,317235.45,0.0,596882.45,1408934,5
KXMLBRFI-26JUL261920NYYPHI,-398677.37,-421684.27,23006.9,398677.37,0.0,739715.37,1393031,3
KXMLBSPREAD-26JUN201335CINNYY,-313831.38,-334650.42,20819.04,313831.38,0.0,715011.38,1391040,2
KXMVECROSSCATEGORY-S2026E9C1E062164,332277.63,313502.67,18774.97,-332277.63,0.0,639366.37,1384744,7
KXMVESPORTSMULTIGAMEEXTENDED-S2026A9715395A0E,380696.92,361706.63,18990.29,-380696.92,0.0,531409.08,1383651,5
KXWCTCORNERS-26JUN21URUCPV,253051.48,236495.39,16556.09,-253051.48,0.0,568533.52,1379809,4
KXMVESPORTSMULTIGAMEEXTENDED-S2026EEFF07FDA02,254328.01,245478.74,8849.27,-254328.01,0.0,262521.99,1377739,5
KXMLBGAME-26MAY151910MIATB,225035.22,208738.45,16296.77,-229133.08,4097.86,670877.78,1370619,4
KXMVECROSSCATEGORY-S2026972F271D67E,-375785.29,-396668.43,20883.14,375785.29,0.0,595751.29,1367495,5
KXMVESPORTSMULTIGAMEEXTENDED-S2026B53A18C75DA,-327643.71,-347347.85,19704.14,327643.71,0.0,617265.71,1364427,5
KXMVESPORTSMULTIGAMEEXTENDED-S2026B7F55C83EE7,-401267.44,-417012.29,15744.85,401267.44,0.0,464161.44,1361312,3
KXMVESPORTSMULTIGAMEEXTENDED-S2026FD2E9B6527F,428894.75,417811.49,11083.26,-428894.75,0.0,261831.25,1343271,5
KXMLBGAME-26APR242010NYYHOU,222662.04,206567.41,16094.63,-226711.33,4049.29,729399.96,1343025,3
KXMVESPORTSMULTIGAMEEXTENDED-S2026FF4484E1E8D,218236.31,204082.08,14154.22,-218236.31,0.0,409160.69,1326442,3
KXMLBSPREAD-26JUL182207DETLAA,244822.45,226311.8,18510.65,-244822.45,0.0,642867.55,1320753,3
KXUCLADVANCE-26JUL29LPOAGF,268780.7,255759.91,13020.79,-268780.7,0.0,553555.3,1318853,3
KXMVESPORTSMULTIGAMEEXTENDED-S2026C9C930047CF,412575.72,395218.78,17356.94,-412575.72,0.0,459486.28,1318290,9
KXMLBSPREAD-26JUL292138HOULAA,252614.88,233409.9,19204.98,-252614.88,0.0,642883.12,1317958,3
KXMVESPORTSMULTIGAMEEXTENDED-S2026CAC73D1F048,-487494.11,-506429.86,18935.75,487494.11,0.0,640916.11,1314704,4
KXMVESPORTSMULTIGAMEEXTENDED-S2026B633CFBC135,362156.3,342996.27,19160.04,-362156.3,0.0,572753.7,1311997,6
KXMLBSPREAD-26MAY291840ATLCIN,311726.26,291707.62,20018.64,-311726.26,0.0,650233.74,1308790,2
KXWTAMATCH-26JUN08KASMON,210552.14,192453.31,18098.83,-215107.45,4555.31,586801.86,1301840,2
KXWC1HBTTS-26JUL05MEXENG,470413.01,460301.65,10111.36,-470413.01,0.0,435527.99,1296925,5
KXMLBSPREAD-26APR282210MIALAD,-344936.05,-364597.81,19661.76,344936.05,0.0,656971.05,1284573,3
KXATPMATCH-26MAY09PELFIL,284333.56,269847.64,14485.92,-287967.33,3633.77,609888.44,1276743,2
KXATPCHALLENGERMATCH-26JUL03MELPAC,-366310.82,-385781.25,19470.43,366310.82,0.0,673996.82,1275579,2
KXMVECROSSCATEGORY-S202646F0276BAC7,-308640.67,-325440.43,16799.76,308640.67,0.0,364177.67,1266647,5
KXWCBTTS-26JUL03ARGCPV,338001.46,324019.59,13981.87,-338001.46,0.0,482521.54,1265024,7
KXMVESPORTSMULTIGAMEEXTENDED-S20267A7B3A473F6,338323.21,319042.86,19280.34,-338323.21,0.0,511956.79,1264544,4
KXMLBSPREAD-26MAY301610LAATB,-320678.93,-339711.21,19032.28,320678.93,0.0,609123.93,1264262,2
KXMVECROSSCATEGORY-S2026D58D6DBB6F1,-374561.89,-390483.06,15921.17,374561.89,0.0,473087.89,1261581,2
KXMVESPORTSMULTIGAMEEXTENDED-S20267F7C1C53E21,360528.46,351207.74,9320.72,-360528.46,0.0,244549.54,1259173,5
KXMLBSPREAD-26JUL261410COLMIL,303872.07,285203.03,18669.04,-303872.07,0.0,698208.93,1250580,2
KXMVESPORTSMULTIGAMEEXTENDED-S202629315A5969F,254537.02,240016.13,14520.89,-254537.02,0.0,403609.98,1249330,5
KXMVESPORTSMULTIGAMEEXTENDED-S2026E3FBF3399E3,-320442.12,-338305.24,17863.12,320442.12,0.0,444438.12,1245799,8
KXMLBSPREAD-26JUL042008NYMATL,296817.18,279843.45,16973.73,-296817.18,0.0,560847.82,1245280,2
KXITFMATCH-26AUG05ANNKIM,268111.83,256232.7,11879.13,-268111.83,0.0,457053.17,1244916,2
KXMVESPORTSMULTIGAMEEXTENDED-S202633BE40D220D,270685.86,260833.73,9852.11,-270685.86,0.0,249342.14,1243744,5
KXMLBSPREAD-26MAY021335BALNYY,286288.31,267312.2,18976.11,-286288.31,0.0,605747.69,1241963,2
KXWC2HBTTS-26JUL07ARGEGY,419758.64,406134.4,13624.24,-419758.64,0.0,427229.36,1232654,4
KXMVESPORTSMULTIGAMEEXTENDED-S2026E1C23EB08CB,358933.89,342913.96,16019.93,-358933.89,0.0,446484.11,1230319,4
KXMVESPORTSMULTIGAMEEXTENDED-S2026947CC00BC10,-320769.5,-335074.17,14304.68,320769.5,0.0,614239.5,1229771,5
KXWC1HBTTS-26JUL10ESPBEL,253555.95,244076.79,9479.16,-253555.95,0.0,460770.05,1227273,5
KXMLBSPREAD-26MAY311610PHILAD,269982.28,252614.06,17368.22,-269982.28,0.0,575057.72,1222742,2
KXMVESPORTSMULTIGAMEEXTENDED-S2026C230E1BF955,-351133.89,-365868.71,14734.82,351133.89,0.0,373547.89,1222732,3
KXWC1HBTTS-26JUL06USABEL,336068.31,322187.13,13881.18,-336068.31,0.0,438288.69,1210895,5
KXMVESPORTSMULTIGAMEEXTENDED-S202621DC5058B7F,556144.59,547698.45,8446.14,-556144.59,0.0,152460.41,1202411,3
KXMLBSPREAD-26JUN302140LADATH,261315.43,243857.27,17458.16,-261315.43,0.0,600501.57,1199995,3
KXMVESPORTSMULTIGAMEEXTENDED-S2026A2A9B6C9972,348286.36,336155.48,12130.88,-348286.36,0.0,292647.64,1196257,6
KXMVESPORTSMULTIGAMEEXTENDED-S202698053B05291,207526.05,194166.89,13359.16,-207526.05,0.0,405237.95,1195774,4
KXMVESPORTSMULTIGAMEEXTENDED-S202676C24314B20,260169.55,248273.31,11896.24,-260169.55,0.0,309127.45,1194641,5
KXMLBSPREAD-26MAY311605NYYATH,232985.13,216262.57,16722.56,-232985.13,0.0,577221.87,1191636,2
KXWC2H-26JUN25TUNNED,-436771.49,-450763.79,13992.3,436771.49,0.0,728608.49,1170787,5
KXMLBSPREAD-26JUN191905CINNYY,274254.66,256961.55,17293.11,-274254.66,0.0,610404.34,1165685,2
KXMVESPORTSMULTIGAMEEXTENDED-S2026C4E3B9AF6C5,-311919.35,-328257.24,16337.89,311919.35,0.0,474663.35,1160394,5
KXMLBRFI-26JUL311420NYYCHC,287118.22,268644.16,18474.06,-287118.22,0.0,557477.78,1159721,4
KXWCGOAL-26JUL01BELSEN-SENISARR7,394937.28,386632.39,8304.89,-394937.28,0.0,241651.72,1155207,3
KXMVESPORTSMULTIGAMEEXTENDED-S202650AB67F5952,309376.95,297380.21,11996.74,-309376.95,0.0,333260.05,1153870,3
KXWC2HBTTS-26JUL15ENGARG,293255.05,279055.42,14199.63,-293255.05,0.0,436498.95,1146507,4
KXMVESPORTSMULTIGAMEEXTENDED-S20266BEB993D223,247794.78,232618.82,15175.96,-247794.78,0.0,403428.22,1144995,6
KXWCGOAL-26JUL02ESPAUT-ESPMOYARZ10,398935.27,387262.86,11672.41,-398935.27,0.0,389742.73,1142665,5
KXWC2HBTTS-26JUL18FRAENG,222795.87,205718.33,17077.54,-222795.87,0.0,533006.13,1132333,4
KXMVESPORTSMULTIGAMEEXTENDED-S2026CB70C0D26B1,202523.08,187775.59,14747.49,-202523.08,0.0,418069.92,1127094,5
KXMVECROSSCATEGORY-S20267989898BEEC,249341.97,233245.46,16096.51,-249341.97,0.0,415179.03,1122700,4
KXMVESPORTSMULTIGAMEEXTENDED-S2026D2C929D1E18,304826.43,289346.02,15480.41,-304826.43,0.0,423040.57,1122410,5
KXMLBSPREAD-26MAY071235TEXNYY,271854.46,255866.97,15987.49,-271854.46,0.0,514082.54,1122296,2
KXMLBSPREAD-26JUN021940SFMIL,330685.42,313738.07,16947.35,-330685.42,0.0,542882.58,1120918,2
KXMLSGAME-26APR22RSLMIA,232154.24,217190.09,14964.15,-232154.24,0.0,462385.76,1114891,8
KXMVECROSSCATEGORY-S20261E797F60661,215608.46,201947.21,13661.25,-215608.46,0.0,383421.54,1103432,3
KXMVESPORTSMULTIGAMEEXTENDED-S2026A869DC687E7,-300856.72,-316818.85,15962.13,300856.72,0.0,385150.72,1100489,4
KXMVESPORTSMULTIGAMEEXTENDED-S202657D16A6566F,256584.7,251792.68,4792.02,-256584.7,0.0,184329.3,1096711,6
KXMVECROSSCATEGORY-S2026E00AD7B815A,-339307.6,-353882.71,14575.11,339307.6,0.0,386870.6,1094917,5
KXMLBSPREAD-26JUL312138MILLAA,236185.12,220401.97,15783.15,-236185.12,0.0,543105.88,1092620,3
KXWCSOA-26JUL06PORESP,-328011.32,-344580.61,16569.29,328011.32,0.0,472374.32,1090125,4
KXMVESPORTSMULTIGAMEEXTENDED-S20267F68E49E925,221567.45,209015.02,12552.44,-221567.45,0.0,359173.55,1089882,4
KXMLBSPREAD-26MAY271940NYYKC,283748.08,268052.42,15695.66,-283748.08,0.0,500584.92,1083685,2
KXMVECROSSCATEGORY-S20264FE1B359F4C,291551.97,277146.57,14405.4,-291551.97,0.0,318156.03,1083221,4
KXMVESPORTSMULTIGAMEEXTENDED-S2026DB78ECC3AF7,284068.82,271128.64,12940.18,-284068.82,0.0,313499.18,1082966,3
KXMVESPORTSMULTIGAMEEXTENDED-S2026AAB8F2B5BF9,323309.79,314992.5,8317.28,-323309.79,0.0,175730.21,1077508,3
KXMVESPORTSMULTIGAMEEXTENDED-S2026205C698F9EB,313805.53,303196.5,10609.02,-313805.53,0.0,294902.47,1075033,6
KXMVESPORTSMULTIGAMEEXTENDED-S20268FA168D84B3,310237.72,295529.52,14708.2,-310237.72,0.0,407335.28,1070936,5
KXWTACHALLENGERMATCH-26JUN05LAZSEM,297761.32,283478.95,14282.37,-297761.32,0.0,450949.68,1065068,2
KXMLBSPREAD-26JUL091840ATHDET,233988.65,218520.42,15468.23,-233988.65,0.0,485150.35,1064870,2
KXMLBSPREAD-26APR152210NYMLAD,250839.22,234397.62,16441.6,-250839.22,0.0,520992.78,1063825,2
KXMVECROSSCATEGORY-S202630CFB7B7DD6,219011.78,202804.76,16207.01,-219011.78,0.0,506188.22,1062963,4
KXMVESPORTSMULTIGAMEEXTENDED-S20264EE575E1E4B,415715.61,401550.0,14165.61,-415715.61,0.0,399433.39,1046564,6
KXMLBSPREAD-26MAY301915ATLCIN,268323.03,252406.2,15916.83,-268323.03,0.0,494245.97,1046197,2
KXMVESPORTSMULTIGAMEEXTENDED-S2026E83AAE7035A,364505.87,354331.14,10174.72,-364505.87,0.0,244087.13,1042748,4
KXWCBTTS-26JUN26EGYIRI,325321.55,309560.11,15761.44,-325321.55,0.0,476922.45,1034957,12
KXWCGOAL-26JUN27JORARG-ARGJALVAR19,-304854.96,-319011.23,14156.27,304854.96,0.0,410800.96,1030513,3
KXITFMATCH-26MAY10KOMCHO,208366.71,197655.49,10711.22,-208366.71,0.0,405589.29,1023365,2
KXWC1HSPREAD-26JUN30MEXECU,333392.42,327438.62,5953.8,-333392.42,0.0,329428.58,1013862,4
KXMVESPORTSMULTIGAMEEXTENDED-S202628679FD009D,217490.8,205420.8,12070.0,-217490.8,0.0,305467.2,1013245,5
KXMVESPORTSMULTIGAMEEXTENDED-S2026F75D8828F4B,-304217.88,-318349.97,14132.09,304217.88,0.0,352719.88,1007308,5
KXMVESPORTSMULTIGAMEEXTENDED-S202657FAE466275,261053.18,245257.7,15795.47,-261053.18,0.0,493487.82,1006153,5
KXMVECROSSCATEGORY-S2026525181D1B0A,219162.82,208034.31,11128.51,-219162.82,0.0,351902.18,1005529,5
KXMLBRFI-26JUL231840KCDET,225057.79,209290.69,15767.1,-225057.79,0.0,500873.21,1004472,2
KXMVECROSSCATEGORY-S202608BC682F646,216929.86,202899.93,14029.93,-216929.86,0.0,389194.14,996572,5
KXMVECROSSCATEGORY-S20268EB7E34BB53,195036.33,185215.84,9820.49,-195036.33,0.0,238838.67,993738,8
KXMLBRFI-26AUG061610DETSEA,-368749.97,-385609.85,16859.88,368749.97,0.0,522736.97,990765,3
KXMLBSPREAD-26JUN201915NYMPHI,203836.26,191069.87,12766.39,-203836.26,0.0,411760.74,981896,2
KXUCLBTTS-26MAY30PSGARS,249418.98,234829.46,14589.52,-249418.98,0.0,494095.02,981879,24
KXMLBRFI-26JUL261215CLETB,237899.22,222626.52,15272.7,-237899.22,0.0,521855.78,976410,3
KXMVESPORTSMULTIGAMEEXTENDED-S20263A428978127,196878.3,188807.29,8071.01,-196878.3,0.0,195289.7,972909,3
KXWCGOAL-26JUL14FRAESP-ESPMOYARZ10,196255.5,188898.83,7356.67,-196255.5,0.0,231993.5,972323,5
KXWCGOAL-26JUN16FRASEN-FRAKMBAPP10,292777.73,281518.04,11259.69,-292777.73,0.0,356066.27,969365,3
KXWCGOAL-26JUL15ENGARG-ARGEFERNA8,428224.05,424218.88,4005.17,-428224.05,0.0,192090.95,965018,4
KXMVESPORTSMULTIGAMEEXTENDED-S2026E278BD6027B,230736.56,218749.82,11986.74,-230736.56,0.0,310052.44,962752,4
KXMLBSPREAD-26JUL201940NYMMIL,254788.27,241026.86,13761.41,-254788.27,0.0,477890.73,961660,2
KXMVESPORTSMULTIGAMEEXTENDED-S202608C383F051F,285435.5,279091.02,6344.48,-285435.5,0.0,152660.5,949673,4
KXMVESPORTSMULTIGAMEEXTENDED-S2026F8C7FE890E2,231954.12,225129.8,6824.32,-231954.12,0.0,204867.88,942113,5
KXWCGOAL-26JUL19ESPARG-ESPFTORRE7,243722.99,237151.26,6571.73,-243722.99,0.0,287689.01,929932,5
KXMLBSPREAD-26MAY171607LADLAA,249810.98,236487.0,13323.98,-249810.98,0.0,457424.02,928258,2
KXWCGOAL-26JUL18FRAENG-ENGBSAKA7,306295.26,301945.73,4349.53,-306295.26,0.0,148935.74,919340,1
KXMLBRFI-26AUG031905STLNYY,-395298.75,-410949.19,15650.44,395298.75,0.0,477292.75,915476,2
KXATPMATCH-26JUL18LUZTSE,213044.02,201891.7,11152.32,-215845.46,2801.44,420104.98,911686,1
KXMVECROSSCATEGORY-S2026133F05761D4,487904.99,484820.78,3084.22,-487904.99,0.0,131707.01,902947,3
KXMVESPORTSMULTIGAMEEXTENDED-S2026EE674CB317A,260188.94,246830.49,13358.45,-260188.94,0.0,472435.06,891434,5
KXMVESPORTSMULTIGAMEEXTENDED-S2026E92A3FA079D,195902.17,192297.8,3604.37,-195902.17,0.0,107962.83,888394,8
KXWCGOAL-26JUN29NEDMAR-NEDCGAKPO18,234689.73,228170.35,6519.38,-234689.73,0.0,204638.27,888115,3
KXMLBSPREAD-26AUG041835LAABAL,223035.93,209923.99,13111.94,-223035.93,0.0,419892.07,887624,2
KXMVECROSSCATEGORY-S2026C76F00A1A14,273104.5,259586.78,13517.71,-273104.5,0.0,426560.5,887543,5
KXMLBSPREAD-26JUL181605NYMPHI,214465.71,201309.97,13155.74,-214465.71,0.0,426920.29,886721,2
KXMVESPORTSMULTIGAMEEXTENDED-S2026352296F935B,243463.87,232459.13,11004.74,-243463.87,0.0,304164.13,870568,3
KXMVESPORTSMULTIGAMEEXTENDED-S20269818EA2EDA2,203658.24,194641.55,9016.69,-203658.24,0.0,203565.76,870471,3
KXMVECROSSCATEGORY-S202640E2A7ED64F,304096.41,293871.7,10224.71,-304096.41,0.0,230489.59,857957,7
KXMVESPORTSMULTIGAMEEXTENDED-S2026AD1CAE9046C,207325.81,198300.25,9025.56,-207325.81,0.0,215418.19,853452,4
KXMVECROSSCATEGORY-S2026B0242459F77,270924.93,260368.09,10556.84,-270924.93,0.0,251878.07,852958,4
KXMVESPORTSMULTIGAMEEXTENDED-S20264E56C3250C9,276693.93,266946.86,9747.07,-276693.93,0.0,253587.07,849577,4
KXMVESPORTSMULTIGAMEEXTENDED-S20268168F1B9883,301280.34,289542.09,11738.25,-301280.34,0.0,269684.66,846551,2
KXMVECROSSCATEGORY-S2026BA724121566,268620.77,257136.36,11484.4,-268620.77,0.0,303992.23,844691,6
KXMLBSPREAD-26MAY281410MINCWS,203902.68,192027.7,11874.98,-203902.68,0.0,409953.32,840410,2
KXWCBTTS-26JUN15IRINZL,217819.23,205637.86,12181.37,-217819.23,0.0,373903.77,839416,8
KXWCBTTS-26JUN16IRQNOR,234106.47,222160.59,11945.88,-234106.47,0.0,344603.53,829256,5
KXMVESPORTSMULTIGAMEEXTENDED-S202619DA9FF3BE9,328456.66,315405.06,13051.6,-328456.66,0.0,324774.34,819258,1
KXMVESPORTSMULTIGAMEEXTENDED-S2026534038C035A,234660.5,223171.48,11489.02,-234660.5,0.0,275942.5,818093,1
KXMVESPORTSMULTIGAMEEXTENDED-S20261A36FAF2C8C,205409.52,194886.06,10523.46,-205409.52,0.0,292397.48,814886,3
KXMVESPORTSMULTIGAMEEXTENDED-S20269E6114323A8,220075.44,212063.21,8012.22,-220075.44,0.0,182817.56,813087,3
KXMLBSPREAD-26AUG042010TORHOU,353737.62,341816.98,11920.64,-353737.62,0.0,347530.38,808264,2
KXWCGOAL-26JUN26NORFRA-FRAODEMBE10,195192.45,189633.2,5559.25,-195192.45,0.0,176395.55,805559,3
KXMVESPORTSMULTIGAMEEXTENDED-S20261AD24622D34,392435.48,386833.48,5602.0,-392435.48,0.0,153854.52,795448,3
KXWCGOAL-26JUL11ARGSUI-ARGLMARTI10,224385.12,217308.64,7076.48,-224385.12,0.0,301006.88,794416,4
KXWCBTTS-26JUN11KORCZE,225909.72,213644.12,12265.6,-225909.72,0.0,391906.28,790475,7
KXUSTURNOUT-VIRGINIAREDISTRICTING26,333108.66,330199.32,2909.34,-333108.66,0.0,234935.34,785108,30
KXMLBRFI-26JUL061840NYYTB,229984.2,217582.66,12401.54,-229984.2,0.0,408865.8,777153,2
KXWCFIRSTGOAL-26JUL09FRAMAR,200899.52,193982.74,6916.78,-200899.52,0.0,177077.48,776327,1
KXMVESPORTSMULTIGAMEEXTENDED-S20266642FCE66A4,220297.32,209758.36,10538.96,-220297.32,0.0,271428.68,763555,3
KXMVECROSSCATEGORY-S202627620843A0A,-344147.91,-353263.56,9115.66,344147.91,0.0,426855.91,762743,6
KXMVECROSSCATEGORY-S2026CB0EF519AEC,291768.44,280743.38,11025.07,-291768.44,0.0,286254.56,762672,11
KXWCGOAL-26JUL06USABEL-BELCDEKE17,192363.54,189358.35,3005.19,-192363.54,0.0,174753.46,758779,4
KXMLBSPREAD-26JUL211905PITNYY,195768.98,185765.32,10003.66,-195768.98,0.0,304260.02,758147,3
KXMVESPORTSMULTIGAMEEXTENDED-S2026502577FD9D9,230109.31,221561.58,8547.74,-230109.31,0.0,189345.69,754959,8
KXMVESPORTSMULTIGAMEEXTENDED-S202633CF8D40881,282625.17,274165.39,8459.78,-282625.17,0.0,192634.83,752370,3
KXWCPREPACK-26JUL09FRAMAR,331524.81,323674.46,7850.35,-331524.81,0.0,204680.19,751175,1
KXMLBSPREAD-26MAY201840ATLMIA,217440.12,206293.4,11146.72,-217440.12,0.0,355963.88,746822,2
KXMLBRFI-26AUG061310NYMCLE,-331313.13,-343275.72,11962.59,331313.13,0.0,433837.13,746473,2
KXMLBRFI-26JUL201907TBTOR,260358.47,248575.97,11782.5,-260358.47,0.0,417906.53,745688,2
KXWC1HBTTS-26JUN26NORFRA,241517.75,234048.39,7469.36,-241517.75,0.0,257123.25,730424,14
KXMVESPORTSMULTIGAMEEXTENDED-S2026BE4E6F3C658,271621.63,260888.69,10732.94,-271621.63,0.0,295096.37,723185,4
KXMVESPORTSMULTIGAMEEXTENDED-S2026EF6FE2ECD7B,199599.83,197564.22,2035.61,-199599.83,0.0,51053.17,722777,3
KXMVESPORTSMULTIGAMEEXTENDED-S2026ACC76329F28,265701.41,258978.73,6722.68,-265701.41,0.0,131043.59,717319,3
KXMVESPORTSMULTIGAMEEXTENDED-S2026D25EB547235,344316.7,343797.1,519.6,-344316.7,0.0,35091.3,714333,3
KXMVESPORTSMULTIGAMEEXTENDED-S2026B8F821BFA40,316996.14,310556.51,6439.63,-316996.14,0.0,141062.86,710785,3
KXMLBSPREAD-26JUN121940PHIMIL,212934.72,202218.61,10716.11,-212934.72,0.0,353649.28,709921,2
KXMLBRFI-26AUG041940PITMIL,227358.41,216022.31,11336.1,-227358.41,0.0,381158.59,707130,2
KXMVESPORTSMULTIGAMEEXTENDED-S2026F18E8C73A7E,215598.12,208002.79,7595.33,-215598.12,0.0,174207.88,703757,4
KXWCGOAL-26JUL18FRAENG-ENGDRICE41,211395.05,209946.56,1448.49,-211395.05,0.0,70268.95,699457,4
KXMVESPORTSMULTIGAMEEXTENDED-S202665575D6B61F,209410.4,200230.47,9179.92,-209410.4,0.0,228768.6,689936,6
KXNEWSNATIONMENTION-26APR23,223059.78,222135.37,924.41,-223059.78,0.0,34711.22,684084,2
KXMVECROSSCATEGORY-S2026B6616E185FC,230831.22,219720.34,11110.88,-230831.22,0.0,348267.78,679529,5
KXMVESPORTSMULTIGAMEEXTENDED-S2026EB361A43405,211097.24,202428.18,8669.06,-211097.24,0.0,260011.76,679324,3
KXMVESPORTSMULTIGAMEEXTENDED-S2026D68A3CE0E6A,250548.96,246891.64,3657.32,-250548.96,0.0,93810.04,678932,3
KXMVECROSSCATEGORY-S202696C1966FCEF,211907.12,201952.19,9954.93,-211907.12,0.0,254183.88,678289,5
KXMLBRFI-26AUG071840TORPHI,201307.07,189580.54,11726.53,-201307.07,0.0,360816.93,675371,3
KXMLBSPREAD-26MAY181840BALTB,215727.67,206589.83,9137.84,-215727.67,0.0,282840.33,668685,2
KXMVECROSSCATEGORY-S202678FD90B25E9,229148.53,220194.05,8954.48,-229148.53,0.0,214704.47,663177,8
KXMVESPORTSMULTIGAMEEXTENDED-S2026BFE5483DCE0,219218.78,212141.61,7077.17,-219218.78,0.0,155379.22,652957,5
KXMVECROSSCATEGORY-S2026ED2EF70B40E,298958.78,288629.73,10329.05,-298958.78,0.0,259342.22,647555,5
KXLEAGUESCUPGAME-26AUG06CRAPHI,260638.67,250145.08,10493.59,-260638.67,0.0,277077.33,633865,6
KXMVECROSSCATEGORY-S2026D8C3EB443C1,204884.42,194850.46,10033.96,-204884.42,0.0,329039.58,627538,4
KXMVESPORTSMULTIGAMEEXTENDED-S20267F03B4177EB,350256.89,345418.35,4838.54,-350256.89,0.0,95747.11,625478,2
KXMLBSPREAD-26JUN281340AZTB,210177.49,200848.25,9329.24,-210177.49,0.0,306569.51,624033,2
KXMVECROSSCATEGORY-S202654D89203C34,251617.93,244127.31,7490.62,-251617.93,0.0,167612.07,619167,5
KXMVESPORTSMULTIGAMEEXTENDED-S20266A9E65EA8BA,194371.93,187614.03,6757.9,-194371.93,0.0,162762.07,615263,3
KXMVESPORTSMULTIGAMEEXTENDED-S2026A13C7C4AE86,208203.76,198681.42,9522.34,-208203.76,0.0,256971.24,606915,4
KXMVECROSSCATEGORY-S202608B9DC8F933,243725.66,240903.98,2821.68,-243725.66,0.0,74188.34,606455,6
KXWCFIRSTGOAL-26JUL03ARGCPV,202834.97,195903.77,6931.2,-202834.97,0.0,176751.03,603100,1
KXMVESPORTSMULTIGAMEEXTENDED-S2026A93201392D7,223001.29,218587.39,4413.9,-223001.29,0.0,149776.71,602176,4
KXMVESPORTSMULTIGAMEEXTENDED-S202611B434A537E,364646.84,362994.48,1652.36,-364646.84,0.0,41864.16,591064,7
KXMVESPORTSMULTIGAMEEXTENDED-S2026AB3D175EAF5,268359.68,264707.74,3651.93,-268359.68,0.0,108081.32,588017,3
KXWCGOAL-26JUN21TUNJPN-JPNAUEDA9,262187.16,256776.93,5410.23,-262187.16,0.0,159150.84,567387,3
KXMVESPORTSMULTIGAMEEXTENDED-S2026333306AD006,215536.98,210392.85,5144.13,-215536.98,0.0,128617.02,563744,4
KXMVESPORTSMULTIGAMEEXTENDED-S2026A604CD1B2F8,280771.42,274205.92,6565.51,-280771.42,0.0,149649.58,561766,4
KXMVECROSSCATEGORY-S2026A4DEC7872BA,237054.59,230317.74,6736.85,-237054.59,0.0,174453.41,560341,1
KXMVECROSSCATEGORY-S20261BD0DCAC823,223917.39,218311.68,5605.71,-223917.39,0.0,115044.61,551098,7
KXMVESPORTSMULTIGAMEEXTENDED-S2026640CBD325D6,240183.95,234640.73,5543.21,-240183.95,0.0,122532.06,550757,7
KXMVESPORTSMULTIGAMEEXTENDED-S2026CD3C2AC2742,319120.8,316535.44,2585.37,-319120.8,0.0,88136.2,546654,3
KXMVECROSSCATEGORY-S2026AFA138C914F,198407.79,190069.04,8338.75,-198407.79,0.0,225763.21,546003,6
KXWCAST-26JUL15ENGARG-ARGLMESSI10,327024.18,322602.1,4422.08,-327024.18,0.0,145518.82,530779,4
KXMVESPORTSMULTIGAMEEXTENDED-S2026F325F1072C9,214827.39,209521.51,5305.88,-214827.39,0.0,123986.61,529642,3
KXMLBSPREAD-26APR191335KCNYY,196210.56,188695.88,7514.68,-196210.56,0.0,224193.44,528159,2
KXMVESPORTSMULTIGAMEEXTENDED-S20260D451AA3E17,210766.87,205222.26,5544.61,-210766.87,0.0,128114.13,526003,4
KXWC1HBTTS-26JUN17ENGCRO,220723.34,215727.16,4996.18,-220723.34,0.0,161196.66,524292,7
KXMVESPORTSMULTIGAMEEXTENDED-S202666CC66F62CD,208763.89,201671.8,7092.09,-208763.89,0.0,173594.11,517990,8
KXMVESPORTSMULTIGAMEEXTENDED-S2026F40CBF0E42C,230476.82,228453.89,2022.93,-230476.82,0.0,128691.18,514834,2
KXMVESPORTSMULTIGAMEEXTENDED-S2026D50924AB39B,239109.34,237095.19,2014.15,-239109.34,0.0,35479.66,510905,7
KXNBAPTS-26JUN13NYKSAS-SASDHARPER2,199571.1,193565.44,6005.66,-199571.1,0.0,197521.9,472810,3
KXMVESPORTSMULTIGAMEEXTENDED-S202667891713007,209970.76,204149.4,5821.36,-209970.76,0.0,127197.24,436532,2
KXWCGOAL-26JUN17ENGCRO-ENGJBELLI5,208559.71,204671.38,3888.33,-208559.71,0.0,104338.29,433166,3
KXMVESPORTSMULTIGAMEEXTENDED-S2026608186C83F4,302035.52,297895.68,4139.84,-302035.52,0.0,85485.48,417264,2
KXMVESPORTSMULTIGAMEEXTENDED-S20262870968E1A0,214875.29,211491.44,3383.85,-214875.29,0.0,67618.71,388253,3
KXMVECROSSCATEGORY-S20267BE1C9AE4FB,270047.28,267118.85,2928.43,-270047.28,0.0,57394.72,340828,1
KXMVECROSSCATEGORY-S2026EFC3472C484,222702.78,221324.43,1378.35,-222702.78,0.0,25862.22,337965,3
KXMVESPORTSMULTIGAMEEXTENDED-S2026A8BFA51EDF2,201955.13,197236.59,4718.54,-201955.13,0.0,99552.87,312874,4
KXMVECROSSCATEGORY-S2026ADA080D5853,297852.22,297566.9,285.32,-297852.22,0.0,4132.78,301985,1
