report_ticker,pnl_gross,pnl_net,fees_taker,fees_maker,contracts_settled,n_days
KXMVESPORTSMULTIGAMEEXTENDED,-183366330.03,-274791559.39,91425229.36,0.0,28477694979,113
KXBTC15M,-20948888.62,-104313632.73,83364744.11,0.0,7819568584,113
KXMVECROSSCATEGORY,-49135587.28,-83317216.27,34181629.01,0.0,6039942465,113
KXMLBGAME,-20155019.81,-92867928.18,72712908.37,18425694.34,5969922242,113
KXWCGAME,-38200055.88,-83149914.62,44949858.74,0.0,4440159654,96
KXBTCD,-13359208.43,-52750365.0,39391156.57,0.0,3707244759,113
KXNBAGAME,38153746.71,1339368.1,36814378.61,9243965.25,3225626120,60
KXATPMATCH,-7113275.96,-39213998.67,32100722.71,8309060.79,2819830125,113
KXWCADVANCE,-47220103.32,-75270691.34,28050588.02,0.0,2501713228,25
KXATPCHALLENGERMATCH,-8589429.13,-35879971.34,27290542.21,0.0,2424950998,113
KXPGATOUR,-14416625.54,-20365947.58,5949322.03,1515432.2,2166017791,113
KXITFWMATCH,-12621908.62,-33590293.12,20968384.5,0.0,2013188920,113
KXITFMATCH,-2568693.97,-23040434.95,20471740.98,0.0,1914795791,113
KXWTAMATCH,-11769524.06,-30234625.8,18465101.74,4840765.9,1646044786,113
KXMENWORLDCUP,-53555325.17,-61711778.57,8156453.4,2052270.24,1522145776,96
KXMLBTOTAL,-3866439.56,-24611150.71,20744711.15,0.0,1458724232,113
KXWCSCORE,-8750090.83,-14384207.95,5634117.12,0.0,1019097204,40
KXIPLGAME,1242923.06,-8752694.45,9995617.51,0.0,870823319,45
KXMLBSPREAD,-6513261.08,-17730192.8,11216931.72,0.0,822441770,113
KXWCTOTAL,-11849265.37,-20955407.18,9106141.81,0.0,758460355,46
KXWNBAGAME,-2591322.51,-10299801.19,7708478.68,0.0,723448636,97
KXNBASPREAD,-2113777.37,-12471896.65,10358119.28,2602684.34,708439154,60
KXUFCFIGHT,-1089011.91,-8990308.28,7901296.37,0.0,664739614,109
KXWCSPREAD,-3985515.8,-10893365.49,6907849.69,0.0,625816027,46
KXWCGOAL,-12008478.9,-17666570.59,5658091.69,0.0,575693395,40
KXNBATOTAL,-58813.07,-7569294.86,7510481.79,1887907.68,543078455,60
KXWTACHALLENGERMATCH,-2333732.31,-7688575.41,5354843.1,0.0,499527185,90
KXNHLGAME,-2375999.41,-8004605.96,5628606.55,1415356.82,422994201,61
KXETH15M,-1560671.47,-5545346.27,3984674.79,0.0,405832932,113
KXT20MATCH,-50549.72,-4191902.79,4141353.07,0.0,387065952,111
KXCS2GAME,-1129008.65,-4606079.86,3477071.21,0.0,276004507,113
KXNBA,5235433.9,2973499.46,2261934.44,567696.48,248800688,60
KXNEXTTEAMNBA,-95724.41,-1725584.9,1629860.49,0.0,245133769,103
KXMLBRFI,-4521301.41,-8350237.16,3828935.75,0.0,243168035,113
KXNBASERIES,2094090.27,-385240.01,2479330.28,622673.28,227626213,33
KXWCBTTS,-1242397.46,-4542316.84,3299919.38,0.0,225938997,46
KXNBASUMMERGAME,122750.3,-2149589.84,2272340.14,0.0,207685505,19
KXWCTEAMTOTAL,-1653200.93,-4144339.67,2491138.74,0.0,205365923,41
KXWC1H,-1537109.2,-3763669.85,2226560.65,0.0,202609620,45
KXPGAR1LEAD,-2122499.97,-2553361.2,430861.24,0.0,173207219,101
KXLOLGAME,-1609428.15,-3539978.43,1930550.28,0.0,173201652,111
KXMLBHR,-1989679.88,-3248139.74,1258459.86,0.0,169342458,111
KXWNBATOTAL,-1648378.7,-3783097.03,2134718.33,0.0,160080598,94
KXWCMOV,-2729845.39,-3975431.87,1245586.48,0.0,159991050,25
KXWC1HTOTAL,-1872644.73,-3505065.14,1632420.41,0.0,153679713,45
KXMLSGAME,-544497.5,-2143865.86,1599368.36,0.0,150535488,66
KXWCMENTION,-2036220.6,-3025854.82,989634.22,0.0,149773664,42
KXLIGAMXGAME,-1973293.86,-3591725.49,1618431.63,0.0,146924728,62
KXEPLGAME,-1825986.52,-3361871.16,1535884.64,386834.48,144328156,40
KXHYPE15M,-1125791.04,-2436255.23,1310464.19,0.0,142063354,113
KXINTLFRIENDLYGAME,-694376.88,-1880909.66,1186532.78,0.0,142003807,29
KXWC1HSCORE,-635512.33,-1486602.59,851090.26,0.0,141176632,34
KXSOL15M,-781822.39,-1912372.88,1130550.5,0.0,126735822,113
KXWNBASPREAD,-1300168.98,-3034702.01,1734533.03,0.0,124790294,95
KXXRP15M,-892004.1,-1974411.11,1082407.03,0.0,122463090,113
KXUFCMOV,-763809.7,-1792562.72,1028753.02,0.0,121221710,45
KXUCLGAME,-9310810.65,-10649741.24,1338930.59,338056.28,118752480,73
KXNBAWEST,7321946.07,5789490.49,1532455.58,384698.21,117328324,46
KXWCCORNERS,-889635.21,-2407090.03,1517454.82,0.0,115783323,41
KXATPSETWINNER,-1897157.91,-3235271.08,1338113.17,0.0,114724806,113
KXWC2H,-2481001.46,-3656794.39,1175792.93,0.0,111302079,34
KXMLBF5,-2048294.0,-3497040.82,1448746.82,0.0,107099977,113
KXFEDDECISION,280342.91,-243192.26,523535.17,131271.15,107073296,106
KXODIMATCH,-1352198.17,-2387314.54,1035116.37,0.0,106396803,61
KXLALIGAGAME,-1021521.09,-2160888.67,1139367.58,287107.27,104193330,40
KXMLBF5TOTAL,-1872820.94,-3251453.39,1378632.45,0.0,102984177,111
KXVALORANTGAME,-552243.5,-1831936.88,1279693.38,0.0,102607869,113
KXDOGE15M,-872937.87,-1732756.04,859818.18,0.0,96967855,113
KXWT20MATCH,-1149657.95,-1955490.15,805832.2,0.0,90920987,67
KXNHLTOTAL,-46252.86,-1289308.98,1243056.12,0.0,90138340,61
KXCLUBFGAME,-2582484.0,-3470204.94,887720.94,0.0,89466305,16
KXWCTCORNERS,-1278673.12,-2360432.56,1081759.44,0.0,88476361,41
KXNASCARRACE,37267.43,-384995.09,422262.52,0.0,86108551,101
KXETHD,-585417.13,-1187612.81,602195.68,0.0,82879877,113
KXMLBKS,-71818.47,-1111410.64,1039592.17,0.0,80433234,111
KXBTC,4521.5,-752349.98,756871.48,0.0,77582745,113
KXWC1HSPREAD,-938092.03,-1560697.84,622605.81,0.0,75513589,46
KXCS2MAP,-223930.89,-1112993.43,889062.54,0.0,73772246,113
KXBNB15M,-555307.22,-1174030.57,618723.36,0.0,73460661,113
KXLOLMAP,-211444.44,-1071950.53,860506.09,0.0,71285287,111
KXINXU,17390.42,-347746.7,365137.12,0.0,71116781,111
KXTRUMPMENTION,-467471.01,-928688.53,461217.52,0.0,70829611,103
KXWTASETWINNER,-590085.81,-1365163.61,775077.8,0.0,68732550,98
KXNBAPTS,-2218084.74,-3095501.65,877416.91,0.0,67534742,60
KXATP,-330917.79,-951163.44,620245.65,0.0,63821587,72
KXFOMEN,219453.04,-247039.01,466492.05,117120.54,62938785,54
KXNPBGAME,-112653.55,-864628.06,751974.51,0.0,62693585,110
KXMAYORLA,-4931507.31,-5473394.81,541887.5,0.0,61822804,55
KXWCFTTS,-336792.88,-846120.67,509327.79,0.0,58708284,40
KXWTI,-480068.43,-1055212.56,575144.13,0.0,56251137,111
KXECULPGAME,-459376.95,-1000290.33,540913.38,0.0,56172350,80
KXHIGHLAX,-427747.32,-695633.43,267886.11,0.0,54962705,111
KXMLBTEAMTOTAL,-1367442.16,-2066840.41,699398.25,0.0,53525160,111
KXSERIEAGAME,-1545464.05,-2064766.48,519302.43,130958.95,51732374,40
KXWCSOA,-3784109.95,-4465626.54,681516.59,0.0,51570520,40
KXBOXING,-1422114.2,-1892093.66,469979.46,0.0,49739995,109
KXWC1HBTTS,-768740.94,-1217865.05,449124.11,0.0,49124203,45
KXNHLSPREAD,-762695.0,-1386907.66,624212.66,0.0,46029613,61
KXPGAR2LEAD,-435563.06,-675499.73,239936.67,0.0,45590284,94
KXARGPREMDIVGAME,-297021.46,-754966.97,457945.51,0.0,45535251,53
KXNBA1HWINNER,-485816.91,-984496.66,498679.75,0.0,45037256,60
KXNBA1HSPREAD,-802942.47,-1412974.17,610031.7,0.0,44169565,59
KXNBASUMMERTOTAL,-822784.34,-1406978.1,584193.76,0.0,43866936,16
KXBRASILEIROGAME,-940108.89,-1370533.64,430424.75,0.0,42967693,70
KXTRUMPSAY,-448057.12,-560780.32,112723.2,0.0,42942006,113
KXWCGOALLEADER,-1469538.14,-1722644.74,253106.6,0.0,42802736,96
KXUECLGAME,221999.53,-146763.01,368762.54,0.0,42665949,36
KXMLBHRDERBY,-768196.8,-1158877.92,390681.12,0.0,42504335,4
KXNBA1HTOTAL,-273572.47,-809923.09,536350.62,0.0,41344822,59
KXBUNDESLIGAGAME,-334033.71,-730993.15,396959.44,100068.4,41227436,40
KXNCAABBGAME,-250621.15,-731471.17,480850.02,0.0,41213529,64
KXWC2HTOTAL,-303633.85,-704719.67,401085.82,0.0,41196035,34
KXWTA,-1480913.56,-1949344.81,468431.25,0.0,40807869,66
KXRT,-680722.45,-886427.6,205705.15,0.0,39737322,111
KXHUNDREDMATCH,-171783.96,-591826.47,420042.51,0.0,39486623,13
KXNHL,-572905.27,-884327.93,311422.66,78284.74,38520818,61
KXIPL,-561578.56,-874313.17,312734.61,0.0,38490812,47
KXKBOGAME,-442685.49,-933869.22,491183.73,0.0,38051890,109
KXVALORANTMAP,-290892.2,-749401.85,458509.65,0.0,37149361,113
KXPGATOP20,617484.98,204571.45,412913.53,0.0,34931249,110
KXWCROUND,-638935.07,-1044703.27,405768.2,0.0,33694066,92
KXDOTA2GAME,-348008.2,-712094.05,364085.85,0.0,32693808,102
KXMLBHIT,-142201.94,-472186.88,329984.94,0.0,31735436,111
KXMLSTOTAL,-257869.37,-655172.76,397303.39,0.0,31450626,63
KXUCL,502735.11,4075.78,498659.33,125286.42,31316233,46
KXSENATEMID,-408358.29,-542964.43,134606.13,0.0,31021205,113
KXLIGUE1GAME,-468906.62,-789576.54,320669.92,80945.31,30952116,38
KXWCFIRSTGOAL,-434908.73,-668749.15,233840.42,0.0,30594132,38
KXNBATEAMTOTAL,-481383.99,-867084.28,385700.29,0.0,29257208,59
KXPGAR3LEAD,-123885.63,-316760.57,192874.94,0.0,28881099,103
KXMLBF5SPREAD,-334715.27,-641403.3,306688.03,0.0,28449121,111
KXNBAEAST,727729.94,501352.49,226377.45,56841.04,27897563,41
KXCONMEBOLSUDGAME,-134494.44,-367919.0,233424.56,0.0,26920428,38
KXNBASUMMERSPREAD,-501407.77,-855047.42,353639.65,0.0,26682583,16
KXWCAST,-838060.54,-1064112.59,226052.05,0.0,26426134,40
KXNBASERIESSCORE,439906.18,179375.41,260530.77,0.0,26196723,61
KXNASDAQ100U,34357.17,-118826.38,153183.55,0.0,25962083,111
KXHIGHNY,-259633.05,-440668.39,181035.34,0.0,25718539,111
KXHORMUZNORM,161945.57,-50527.82,212473.4,0.0,25478552,112
KXWC2HBTTS,43980.8,-258748.85,302729.65,0.0,25395664,34
KXBRASILEIROBGAME,-399780.39,-627665.68,227885.29,0.0,25125684,29
KXSOLD,-243975.85,-386065.49,142089.64,0.0,24781459,113
KXCONMEBOLLIBGAME,-283084.03,-499420.06,216336.03,0.0,24558914,35
KXF1RACE,-122424.73,-312576.78,190152.05,48480.88,23935121,83
KXWC2HSPREAD,-404726.3,-610076.17,205349.87,0.0,23316853,34
KXITFDOUBLES,-259047.59,-498191.45,239143.86,0.0,23308850,26
KXCLUBFTOTAL,-249207.78,-490406.32,241198.54,0.0,23282798,16
KXEPLTOTAL,-617940.57,-925240.35,307299.78,0.0,23200001,40
KXNBAFINMVP,130753.96,-55053.0,185806.96,0.0,23109252,61
KXINTLFRIENDLYTOTAL,5919.53,-254469.62,260389.15,0.0,22246427,11
KXNFLDRAFTPICK,-371354.19,-527357.27,156003.08,0.0,22220940,10
KXMLBHRR,-350910.92,-650113.25,299202.33,0.0,21976831,111
KXITFWDOUBLES,-119010.34,-319130.03,200119.69,0.0,21891529,26
KXHIGHMIA,-151267.37,-258128.72,106861.35,0.0,21501693,111
KXJLEAGUEGAME,191035.35,-19473.48,210508.83,0.0,21438289,48
KXNWSLGAME,-198978.74,-396799.79,197821.05,0.0,21288855,68
KXKY4R,-1156040.73,-1324032.15,167991.42,0.0,21100749,35
KXPGATOP10,-277141.39,-490316.12,213174.73,0.0,21057128,110
KXUCLTOTAL,-549965.41,-802618.01,252652.6,0.0,20864617,65
KXCHNSLGAME,-189107.95,-383251.83,194143.88,0.0,20380178,80
KXNHLSERIES,-427745.59,-722447.15,294701.56,74130.13,20336476,34
KXLIUSAELIMINATION,-353579.14,-403059.16,49480.02,0.0,20202144,31
KXUELGAME,261031.55,64466.68,196564.87,0.0,19661721,46
KXCODGAME,-158791.6,-384751.43,225959.83,0.0,19400307,76
KXATPEXACTMATCH,-279041.48,-487942.12,208900.64,0.0,19341369,91
KXTRUMPMENTIONB,-259094.32,-349265.77,90171.45,0.0,18992286,43
KXUFCVICROUND,-546111.09,-683406.65,137295.56,0.0,18991251,43
KXLIGAMXTOTAL,-67370.32,-289311.17,221940.85,0.0,18904986,52
KXUSLGAME,-297977.33,-473502.47,175525.14,0.0,18687168,92
KXALLSVENSKANGAME,-37669.95,-201745.13,164075.18,0.0,18493267,76
KXLALIGATOTAL,164789.19,-67996.3,232785.49,0.0,18192069,40
KXNBAMENTION,-298921.11,-435210.64,136289.53,0.0,18158713,60
KXPGATOP5,-319082.46,-488310.99,169228.53,0.0,17871243,110
KXPERLIGA1GAME,-180844.18,-331465.58,150621.4,0.0,17752799,56
KXHIGHCHI,-7848.93,-121855.93,114007.0,0.0,17471657,111
KXURYPDGAME,-158115.21,-331007.69,172892.48,0.0,17210550,73
KXDIMAYORGAME,-21791.98,-180592.36,158800.38,0.0,17190184,55
KXLIUSAELIMINATIONW,-211908.69,-284579.1,72670.41,0.0,17148881,42
KXWCAWARD,-442370.11,-540981.62,98611.51,0.0,16603358,65
KXGOVCA,-8564.34,-61753.28,53188.94,0.0,16471377,56
KXAAAGASW,-179656.4,-264593.63,84937.23,0.0,16420954,110
KXMLBTB,-394220.85,-606883.85,212663.0,0.0,16392541,111
KXWCSTAGEOFELIM,-501254.88,-656580.58,155325.7,0.0,16355003,73
KXWCMATCHUP,-544134.5,-673857.82,129723.33,0.0,16206283,17
KXSURVIVOR,-146611.56,-185716.34,39104.78,0.0,16193073,36
KXTESTMATCH,-233135.04,-388607.16,155472.12,0.0,16033594,59
KXLIUSACOUPLE,-233635.79,-295127.33,61491.54,0.0,15846107,45
KXPSLGAME,142225.6,-19235.98,161461.58,0.0,15810295,19
KXATPGTOTAL,-102094.55,-313714.01,211619.46,0.0,15614803,91
KXWCMOF,-423427.06,-575337.38,151910.32,0.0,15545009,24
KXCBAGAME,-116332.13,-263772.97,147440.84,0.0,14884822,49
KXELITESERIENGAME,-108887.15,-238093.44,129206.29,0.0,14782643,66
KXWHUNDREDMATCH,12146.15,-173515.41,185661.56,0.0,14722511,13
KXVOTEPRIMARY,-206612.42,-262833.66,56221.24,0.0,14695667,99
KXWCGROUPWIN,397319.63,241959.04,155360.59,0.0,14636720,74
KXLALIGA2GAME,122018.13,-2938.22,124956.35,0.0,14541301,59
KXLPGATOUR,16640.56,-88201.8,104842.37,0.0,14499336,92
KXFOWOMEN,-323787.64,-443047.38,119259.74,29982.8,14452434,53
KXAAAGASD,-116991.68,-222053.25,105061.57,0.0,14435751,110
KXLOVEISLMENTION,-182140.43,-217731.1,35590.67,0.0,14293202,42
KXWCFINISHINGORDER,-1561220.55,-1713415.51,152194.96,0.0,13972546,7
KXBRENTD,36539.92,-110102.96,146642.88,0.0,13506352,108
KXEGYPLGAME,50552.02,-74445.66,124997.68,0.0,13313630,42
KXUFCDISTANCE,-33307.28,-203980.3,170673.02,0.0,13311643,44
KXATPGSPREAD,-254401.39,-440748.53,186347.14,0.0,13188385,91
KXAPFDDHGAME,-67908.42,-202483.51,134575.09,0.0,13155789,45
KXTRUMPUFC,-285336.83,-311627.53,26290.7,0.0,13116419,65
KXSAUDIPLGAME,-119099.66,-235035.7,115936.04,0.0,13084404,33
KXNCAABASEBALL,-27898.31,-125836.85,97938.54,0.0,13077418,69
KXJBLEAGUEGAME,-131744.54,-272947.96,141203.42,0.0,12924216,33
KXEUROLEAGUEGAME,-85149.31,-205005.26,119855.95,0.0,12603941,35
KXFIBAGAME,-155857.61,-255868.99,100011.38,0.0,12550416,12
KXNBA3PT,-635594.61,-788178.06,152583.45,0.0,12369267,60
KXNBAMVP,-131152.81,-145092.41,13939.6,3600.64,12198230,33
KXUSAIRANAGREEMENT,-378681.26,-471071.81,92390.56,0.0,11883003,108
KXKLEAGUEGAME,-237567.26,-364429.26,126862.0,0.0,11740458,55
KXBBLGAME,-89044.72,-211324.95,122280.23,0.0,11667886,62
KXWCMESSIMBAPPE,-94711.56,-164054.62,69343.06,0.0,11555248,33
KXNHLGOAL,-69466.32,-168822.82,99356.5,0.0,11539055,51
KXUECLTOTAL,-60131.35,-182255.89,122124.54,0.0,11441536,26
KXACBGAME,-31601.1,-150076.7,118475.6,0.0,11352987,55
KXARGPREMDIVTOTAL,-90706.92,-205865.74,115158.82,0.0,11300146,26
KXUCLADVANCE,-477151.69,-581174.13,104022.44,0.0,11135604,12
KXDPWORLDTOUR,-194022.77,-251437.24,57414.46,0.0,11072375,60
KXLIGAPORTUGALGAME,-121486.5,-211030.68,89544.18,0.0,11042517,38
KXWNBA1HSPREAD,-247590.93,-380747.04,133156.11,0.0,10947431,79
KXNBA2HWINNER,-5819.59,-119117.81,113298.22,0.0,10896595,60
KXPLATNERDROPOUT,267184.01,175921.8,91262.2,0.0,10880001,38
KXCAGOVPRIMARY1ST,-60488.19,-86534.19,26046.0,0.0,10774308,87
KXWNBA1HWINNER,-235332.09,-351831.01,116498.92,0.0,10732638,80
KXWTIW,-117265.96,-188467.82,71201.86,0.0,10686298,102
KXPGAROUNDSCORE,-253816.03,-412658.79,158842.76,0.0,10655663,64
KXWNBA1HTOTAL,-134110.36,-265139.63,131029.27,0.0,10605516,80
KXCHLLDPGAME,-157008.31,-261524.67,104516.36,0.0,10544018,49
KXSPACEXCOUNT,-115916.82,-142975.45,27058.63,0.0,10529806,109
KXPRIMARYMOV,-79148.19,-121158.72,42010.53,0.0,10239892,101
KXMOVVAREDISTRICT,168061.67,145200.81,22860.86,0.0,10117345,31
KXNBAREB,-246120.34,-377962.09,131841.75,0.0,10059013,60
KXAAAGASM,44156.19,-14634.79,58790.98,15077.4,9986041,107
KXPGAH2H,-122952.89,-255792.18,132839.29,0.0,9916023,75
KXLAMAYORMATCHUP,-1663688.17,-1753726.03,90037.86,0.0,9879950,55
KXCONCACAFCCUPGAME,-152886.1,-262834.28,109948.18,0.0,9720165,25
KXNHLFIRSTGOAL,-107393.86,-140656.22,33262.36,0.0,9709327,48
KXTRUMPATTEND,-228436.65,-259396.82,30960.18,0.0,9679464,95
KXDOTA2MAP,-180529.9,-302227.73,121697.83,0.0,9595895,95
KXSERIEATOTAL,-28433.69,-152031.82,123598.13,0.0,9497304,40
KXTOPALBUMRECORD,-173834.05,-194285.74,20451.69,0.0,9422567,77
KXWNBAPTS,52305.5,-64701.94,117007.44,0.0,9326838,83
KXRANKLISTSONGSPOTUSA,-29610.78,-72476.86,42866.08,0.0,9280876,109
KXETH,-54060.69,-146834.73,92774.04,0.0,9237291,113
KXVANCEMENTION,-106756.39,-141848.33,35091.94,0.0,9137483,42
KXISLGAME,-82005.12,-170180.18,88175.06,0.0,9082348,67
KXZEC15M,-119426.08,-180721.23,61295.15,0.0,9069398,37
KXBTCMAXMON,-222903.63,-298327.29,75423.66,0.0,9029162,108
KXINDYCARRACE,-160943.92,-206629.01,45685.09,0.0,8920494,33
KXR6GAME,-77010.82,-178036.63,101025.81,0.0,8879817,77
KXEFLCHAMPIONSHIPGAME,-167694.54,-253937.75,86243.21,0.0,8857990,31
KXFED,-160937.83,-180652.66,19714.83,5008.19,8833303,106
KXMLBMENTION,-84240.14,-134592.06,50351.92,0.0,8805860,109
KXTEMPNYCH,150421.38,102268.59,48152.79,0.0,8767131,103
KXCOPADOBRASILGAME,-162946.91,-243265.07,80318.16,0.0,8649425,17
KXWCSTART,59036.5,33101.4,25935.1,0.0,8498776,19
KXGOLDD,-33871.62,-110286.08,76414.46,0.0,8485838,108
KXEPLSPREAD,-220723.69,-312199.22,91475.53,0.0,8388512,40
KXSUPERLIGGAME,-121684.21,-194043.38,72359.17,0.0,8386501,29
KXFACUPGAME,870751.09,767631.92,103119.17,0.0,8382446,11
KXHIGHAUS,11861.57,-46965.6,58827.17,0.0,8367397,111
KXNBACOY,-228124.65,-247659.88,19535.23,4931.47,8342173,42
KXHIGHTPHX,-22890.37,-72515.76,49625.39,0.0,8289866,111
KXHIGHTSFO,-63861.8,-121168.37,57306.57,0.0,8283318,111
KXLLM1,-68637.73,-93042.4,24404.67,6414.07,8178651,111
KXPERUPRES,-248429.9,-307988.51,59558.61,0.0,8095082,80
KXNEAR15M,-45042.41,-97951.26,52908.84,0.0,8076889,37
KXECULPTOTAL,9008.59,-77461.06,86469.65,0.0,8074731,19
KXINTLFRIENDLYSPREAD,-188714.85,-282490.3,93775.45,0.0,8006755,11
KXLOLTOTALMAPS,-19493.02,-118047.09,98554.07,0.0,7950121,111
KXGOVCAPRIMARY,195196.92,141528.2,53668.72,0.0,7932177,56
KXEKSTRAKLASAGAME,-34598.83,-102314.45,67715.62,0.0,7927730,45
KXMLSSPREAD,-24376.79,-100920.21,76543.42,0.0,7859771,63
KXBSLGAME,-58450.1,-147064.66,88614.56,0.0,7855002,53
KXLIGAMXSPREAD,-245322.6,-319743.59,74420.99,0.0,7820223,52
KXHIGHTATL,33910.49,-13801.06,47711.55,0.0,7795151,111
KXBRASILEIROTOTAL,43415.4,-45074.69,88490.09,0.0,7791001,55
KXHIGHTSEA,-64686.83,-119855.32,55168.49,0.0,7706597,111
KXWCCONTINENT,-192279.7,-261699.87,69420.17,0.0,7626318,84
KXUCLSPREAD,-246835.45,-314323.42,67487.97,0.0,7581593,64
KXHIGHTBOS,69875.63,22297.42,47578.21,0.0,7488426,111
KXGOLDH,98229.54,19228.0,79001.54,0.0,7449906,22
KXTEAMSINNBAF,155110.83,94888.63,60222.2,0.0,7265045,46
KXLALIGARELEGATION,-1165475.11,-1234860.24,69385.13,0.0,7218166,40
KXFEATUREDRAKE,-231251.0,-285577.16,54326.16,0.0,7141803,31
KXCFLGAME,-21004.19,-106072.11,85067.92,0.0,7086566,55
KXBERNIEMENTION,-64889.84,-107038.46,42148.62,0.0,7045412,39
KXNBA2HSPREAD,-436796.7,-531461.8,94665.1,0.0,7018611,56
KXLNBELITEGAME,-130125.28,-200378.98,70253.7,0.0,6989464,52
KXWCGROUPQUAL,62998.13,-3282.42,66280.55,0.0,6972990,75
KXUFCROUNDS,-60771.61,-126558.01,65786.4,0.0,6968360,44
KXTRUMPPHOTO,-153992.51,-179806.85,25814.34,0.0,6932547,104
KXHIGHTDAL,-19928.18,-64835.03,44906.85,0.0,6912564,111
KXLIVTOUR,17692.27,-29261.16,46953.43,0.0,6855454,36
KXASEANGAME,-34621.07,-85404.49,50783.42,0.0,6844260,14
KXNBAAST,-317403.21,-406155.35,88752.14,0.0,6816761,60
KXUFLGAME,-59685.5,-142095.45,82409.95,0.0,6712995,57
KXTEMPLAXH,142628.7,106675.32,35953.38,0.0,6686430,27
KXBUNDESLIGA2GAME,-43772.79,-95002.39,51229.6,0.0,6655564,25
KXHIGHDEN,24462.13,-23772.15,48234.28,0.0,6586391,111
KXLAMAYORADVANCE,-1004607.98,-1060621.21,56013.23,0.0,6585229,29
KXTOPMODEL,-116416.5,-138101.14,21684.64,0.0,6574510,111
KXNBADRAFTPICK,-36639.05,-86200.02,49560.97,0.0,6440862,71
KXSCOTTISHPREMGAME,-21524.99,-77871.69,56346.7,0.0,6410258,30
KXWORLDCUPHALFTIME,-145549.21,-182165.37,36616.16,0.0,6409781,82
KXFEDCHAIRCONFIRM,-24102.62,-27837.47,3734.85,0.0,6375055,29
KXCLUBFSPREAD,-170181.51,-226696.51,56515.0,0.0,6343037,16
KXUFCMOF,20680.05,-42022.3,62702.35,0.0,6291592,43
KXLOVEISLANDUSARANK,-163394.86,-197966.57,34571.71,0.0,6231145,45
KXPGAMAKECUT,23012.23,-48771.1,71783.33,0.0,6220517,89
KXGOVTSHUTLENGTH,-94533.24,-130107.58,35574.34,0.0,6131995,17
KXLALIGASPREAD,-78680.46,-140950.94,62270.48,0.0,6119292,39
KXMETGALA,-79956.66,-107025.25,27068.59,0.0,6080595,21
KXDENSUPERLIGAGAME,-5395.23,-59284.09,53888.86,0.0,6058664,38
KXMAMDANIMENTION,9618.86,-15084.8,24703.66,0.0,6049667,94
KXUECLADVANCE,-151495.14,-189937.38,38442.24,0.0,6029724,13
KXWTIH,97233.91,32514.26,64719.65,0.0,6018251,21
KXFIGHTMENTION,-158456.5,-202250.91,43794.41,0.0,6008039,53
KXSENATETXR,-35751.11,-72271.71,36520.6,0.0,5963990,42
KXBRASILEIROCGAME,-48367.12,-103819.12,55452.0,0.0,5932428,20
KXINX,-72700.0,-102677.12,29977.12,0.0,5874613,109
KXCZEFLGAME,115511.15,69537.93,45973.22,0.0,5782672,32
KXPGA3BALL,-94541.32,-172629.82,78088.5,0.0,5718325,51
KXNATGASD,139751.84,82151.08,57600.76,0.0,5716356,108
KXLPLMATCH,-81822.93,-146323.28,64500.35,0.0,5708441,13
KXTRUMPSAYMONTH,-29668.68,-41064.05,11395.37,0.0,5687767,98
KXXRPD,-128263.78,-162950.36,34686.58,0.0,5679921,113
KXBUNDESLIGATOTAL,65390.03,-8925.41,74315.44,0.0,5645965,36
KXNBAOVERTIME,-167533.2,-196572.46,29039.26,0.0,5644178,58
KXSILVERD,26367.75,-24158.51,50526.26,0.0,5535118,108
KXCODMAP,58.05,-60880.44,60938.49,0.0,5531795,69
KXMLBF3,-76187.94,-134622.21,58434.27,0.0,5432917,35
KXHIGHTLV,-23883.74,-59432.0,35548.26,0.0,5332457,111
KXBRENTW,-230741.92,-282916.12,52174.2,0.0,5302978,108
KXALLSVENSKANTOTAL,-34270.07,-91530.18,57260.11,0.0,5302335,19
KXWC3RDPLACE,-281204.7,-339622.94,58418.24,0.0,5293665,47
KXHIGHPHIL,-1407.55,-37010.67,35603.12,0.0,5253187,111
KXNATHANSHDOU,-79583.51,-129551.17,49967.66,0.0,5198054,7
KXTEMPCHIH,84481.34,65573.18,18908.16,0.0,5068908,28
KXSILVERH,75432.69,31654.49,43778.2,0.0,5058562,22
KXNETFLIXRANKSHOW,-116449.14,-136793.09,20343.95,0.0,5004159,104
KXNATHANSHD,-94361.37,-106303.83,11942.46,0.0,4954522,7
KXKFTOUR,-174835.83,-209450.27,34614.43,0.0,4857910,69
KXLNBPGAME,-125458.18,-174223.64,48765.46,0.0,4847574,10
KXVIRGINIAREDISTRICTING,-38056.82,-51044.89,12988.07,0.0,4840979,7
KXEREDIVISIEGAME,70899.11,31969.66,38929.45,0.0,4839431,33
KXNBADRAFT1,-33484.03,-63872.09,30388.06,0.0,4807562,70
KXEUROVISION,63751.26,33106.95,30644.31,0.0,4733923,32
KXUELTOTAL,-42351.64,-100503.86,58152.22,0.0,4725728,30
KXHIGHTHOU,-7527.39,-36815.22,29287.83,0.0,4721172,111
KXWCADS,-10273.05,-54246.15,43973.1,0.0,4694438,27
KXF1POLE,-130949.64,-168245.97,37296.33,0.0,4690181,50
KXFEDMENTION,-85223.33,-119956.65,34733.32,0.0,4679016,61
KXHIGHTMIN,24514.82,-8452.29,32967.11,0.0,4658097,111
KXALEAGUEGAME,38151.18,-12520.5,50671.68,0.0,4632178,27
KXNBA3D,-190606.49,-207045.11,16438.62,0.0,4594245,60
KXHNLGAME,24569.64,-12702.95,37272.59,0.0,4570681,37
KXCRICKETODIMATCH,-219867.82,-267662.04,47794.22,0.0,4568863,9
KXHIGHTDC,14212.59,-14810.3,29022.89,0.0,4564355,111
KXBTCMINMON,-62395.21,-97670.97,35275.76,0.0,4506125,108
KXUCLBTTS,198847.91,135948.94,62898.97,0.0,4481148,61
KXNFLDRAFTTOP,-10089.63,-50641.42,40551.79,0.0,4444191,9
KXTEMPAUSH,122277.33,102474.73,19802.6,0.0,4438531,27
KXFIFAWGAME,-51437.08,-83694.8,32257.72,0.0,4433181,7
KXNBATEAMANNOUNCE,105832.73,69204.11,36628.62,0.0,4430007,18
KXCS2,-6984.46,-54994.38,48009.93,0.0,4376910,78
KXATHLETEMENTION,-16297.92,-29197.49,12899.57,0.0,4307653,37
KXSERIEBGAME,17361.38,-18432.5,35793.88,0.0,4299569,33
KXNASDAQ100,-19651.26,-39314.51,19663.25,0.0,4257343,110
KXMEDNOMJUL,53026.9,30689.45,22337.45,0.0,4232366,26
KXLOWTNYC,-11496.07,-32193.27,20697.2,0.0,4221373,111
KXMVENBASINGLEGAME,-97116.73,-148388.4,51271.67,0.0,4207278,53
KXIPOSPACEX,-125866.16,-146395.83,20529.67,0.0,4189920,59
KXUAEPLGAME,-97533.67,-140069.89,42536.22,0.0,4189523,24
KXNHLWEST,-645542.25,-691467.59,45925.34,11556.56,4156093,42
KXHEARINGMENTION,-53957.34,-73023.13,19065.79,0.0,4133395,61
KXALIENS,-58455.91,-63425.3,4969.39,0.0,4068231,78
KXKBOTOTAL,-68348.18,-121585.68,53237.5,0.0,4063356,75
KXWCTOTALGOAL,35979.75,12422.56,23557.19,0.0,4025965,52
KXWCPREPACK,124362.31,103378.45,20983.86,0.0,3999915,5
KXDHSFUND,-88733.33,-118312.68,29579.35,0.0,3988658,16
KXBBSERIEAGAME,-74947.59,-110162.64,35215.05,0.0,3946541,39
KXHIGHTOKC,26541.32,-2891.23,29432.55,0.0,3945697,111
KXCS2TOTALMAPS,58494.6,11834.83,46659.77,0.0,3943260,113
KXTXRSENRUNOFFMOV,-52072.7,-73485.74,21413.04,0.0,3940333,59
KXBTCMAX100,-59706.17,-71429.93,11723.76,0.0,3882741,78
KXAFLGAME,-68435.57,-108318.53,39882.96,0.0,3876336,110
KXSLGREECEGAME,-91508.54,-124133.18,32624.64,0.0,3869355,27
KXLAMAYOR1R,-103237.39,-124882.96,21645.57,0.0,3835505,62
KXNBAWFINMVP,30503.68,3630.33,26873.35,0.0,3827836,46
KXNBA2D,-213339.86,-250842.19,37502.33,0.0,3752881,60
KXALBUMEQUIV,-58291.12,-91504.45,33213.33,0.0,3748312,103
KXLIGUE1TOTAL,-35365.84,-81323.93,45958.09,0.0,3725855,35
KXBRASILEIROBTOTAL,47411.25,7530.9,39880.35,0.0,3716401,13
KXLOWTCHI,-6156.51,-26507.69,20351.18,0.0,3714880,111
KXSENATEMED,-52942.69,-62340.62,9397.93,0.0,3632448,56
KXNBAROY,-19257.28,-60078.23,40820.95,10264.44,3620682,13
KXDIMAYORTOTAL,-58926.38,-95776.83,36850.45,0.0,3603087,15
KXTRUMPNBAFINALS,-79025.58,-95498.78,16473.2,0.0,3598409,14
KXWCFURTHESTADVANCING,-135693.14,-169689.93,33996.79,0.0,3586924,59
KXWCFIRSTSONG,-85651.03,-102259.12,16608.09,0.0,3581997,33
KXAPFDDHTOTAL,-81810.15,-117072.76,35262.61,0.0,3567197,14
KXRAINNYC,-38912.53,-43897.07,4984.54,0.0,3542104,92
KXNZNBLGAME,-22796.76,-61246.51,38449.75,0.0,3540599,90
KXNHLEAST,-18119.57,-54773.15,36653.58,9230.25,3491899,45
KXPREMIERLEAGUE,145649.27,101235.97,44413.3,0.0,3449929,35
KXNETFLIXRANKMOVIE,-28869.25,-43411.88,14542.63,0.0,3440230,104
KXMLBOUTS,-17672.88,-67461.12,49788.24,0.0,3437370,43
KXMLSBTTS,-99676.08,-146473.75,46797.67,0.0,3384953,62
KXPOLITICSMENTION,8113.66,-4042.0,12155.66,0.0,3376694,48
KXWCGOALCOUNT,-305897.51,-337759.26,31861.75,0.0,3372639,35
KXMLBHRDERBYMATCHUP,-108805.75,-124437.05,15631.3,0.0,3366400,4
KXMI13D,-39137.93,-66409.64,27271.71,0.0,3339715,85
KXBELGIANPLGAME,-1601.44,-31591.44,29990.0,0.0,3330212,39
KXHORMUZWEEKLY,-30831.94,-57949.94,27118.0,0.0,3330035,87
KXCOLOMBIAPRES,-96647.27,-122634.11,25986.84,0.0,3310769,71
KXPERLIGA1TOTAL,1653.96,-34538.58,36192.54,0.0,3310132,18
KXWORLDNEWSMENTION,-50747.74,-72636.17,21888.43,0.0,3300976,28
KXWTADOUBLES,-54928.55,-84567.88,29639.33,0.0,3300928,28
KXCPIYOY,-106184.83,-133268.51,27083.68,6892.84,3291152,91
KXDFBPOKALGAME,149168.98,114975.26,34193.72,0.0,3283992,10
KXFOXNEWSMENTION,-30287.11,-41614.83,11327.72,0.0,3262109,40
KXSWIFTKELCEWEDDINGLOCATION,-144230.33,-176154.57,31924.24,0.0,3205062,80
KXTEMPDCH,82311.28,71629.28,10682.0,0.0,3200726,27
KXPERSONMENTION,-40577.37,-52417.63,11840.26,0.0,3196879,62
KXTOPBBSPOTSDRA,-96549.02,-110226.76,13677.74,0.0,3177698,64
KXNBA2HTOTAL,9256.55,-35032.0,44288.55,0.0,3174759,55
KXWT20WORLDCUP,-76574.83,-106706.97,30132.14,0.0,3150971,52
KXCONMEBOLSUDTOTAL,-43503.8,-79099.61,35595.81,0.0,3149866,9
KXHIGHTSATX,3365.2,-19368.75,22733.95,0.0,3128918,111
KXATPDOUBLES,10429.21,-19965.88,30395.09,0.0,3103173,29
KXLAGODAYS,-58270.97,-65456.46,7185.49,0.0,3093010,109
KXWCATTEND,-32210.37,-54038.91,21828.54,0.0,3086837,10
KXSNLMENTION,-31713.6,-40727.81,9014.21,0.0,3068687,15
KXUCL1H,-99066.17,-134227.52,35161.35,0.0,3054882,56
KXTRUTHSOCIAL,14620.62,-3255.91,17876.53,0.0,3047455,110
KXKBLGAME,-32435.63,-65336.17,32900.54,0.0,3042527,23
KXSCOCUPGAME,-20306.77,-35222.09,14915.32,0.0,3014217,6
KXAPRPOTUS,14226.74,-4861.36,19088.1,0.0,2999581,108
KXWNBA1QTOTAL,-43781.72,-74380.13,30598.41,0.0,2994812,35
KXFEDCHAIRCONFIRMED,-5982.39,-12899.64,6917.25,0.0,2972265,29
KXLEAVESTARMER,141412.51,112105.81,29306.7,0.0,2949365,69
KXLIGAMXSCORE,-74710.27,-95541.96,20831.69,0.0,2929868,18
KXGABBARDOUT,-52981.64,-62617.88,9636.24,0.0,2926132,66
KXSWISSLEAGUEGAME,39072.95,13544.81,25528.14,0.0,2911439,27
KXNBA1QWINNER,97121.03,61322.3,35798.73,0.0,2901448,8
KXLOWTDEN,-11966.09,-26161.22,14195.13,0.0,2883046,111
KXHIGHTNOLA,28712.63,11432.19,17280.44,0.0,2882733,111
KXAFCCLGAME,-66940.81,-94292.24,27351.43,0.0,2867534,10
KXGOVSCNOMR,66324.34,45009.28,21315.07,0.0,2858177,70
KXFINALSATTEND,-38714.63,-54195.12,15480.49,0.0,2836378,13
KXABAGAME,-39242.91,-64747.04,25504.13,0.0,2798988,45
KXLIGAEXPGAME,-94925.2,-119125.11,24199.91,0.0,2769271,10
KXCAPRIMARY,71303.95,59688.7,11615.25,0.0,2764095,87
KXRANKLIST1SONG,13612.72,3536.0,10076.72,0.0,2754350,102
KXNBA1QSPREAD,403885.68,366969.46,36916.22,0.0,2747568,8
KXGBLGAME,-46235.57,-72292.71,26057.14,0.0,2733811,38
KXCOPADELREYGAME,-275206.41,-297333.59,22127.18,0.0,2731494,4
KXSECPRESSMENTION,-70599.1,-89641.17,19042.07,0.0,2719534,22
KXWNBAREB,-14191.61,-44712.85,30521.24,0.0,2706507,84
KXLATENIGHTMENTION,58965.64,49336.7,9628.94,0.0,2701804,34
KXLOWTMIA,18777.65,4625.72,14151.93,0.0,2699245,111
KXBRENTMON,137374.88,101984.15,35390.73,0.0,2695386,105
KXUECLSPREAD,-25190.57,-43683.09,18492.52,0.0,2679499,27
KXELITESERIENTOTAL,-24643.93,-55771.61,31127.68,0.0,2669556,17
KXCANDACEMENTION,-71454.28,-84539.09,13084.81,0.0,2669157,26
KXNPBTOTAL,-122695.26,-159328.94,36633.68,0.0,2618014,17
KXIPLTEAMTOTAL,-56801.11,-70422.56,13621.45,0.0,2613768,41
KXWCTEAMFIRSTGOAL,-31180.62,-46085.59,14904.97,0.0,2609085,34
KXCRICKETTESTMATCH,-81255.89,-111591.13,30335.24,0.0,2601074,18
KXCOPADOBRASILTOTAL,-44403.36,-72871.35,28467.99,0.0,2554309,14
KXWNBA2QTOTAL,-43978.23,-69853.97,25875.74,0.0,2551692,35
KXLMBGAME,-1922.54,-23966.74,22044.2,0.0,2531333,35
KXNWSLTOTAL,-11429.1,-40044.35,28615.25,0.0,2524848,17
KXARGNACBGAME,31994.12,7545.91,24448.21,0.0,2504266,11
KXKASHOUT,-76546.29,-102836.16,26289.87,0.0,2497882,108
KXF1RACEPODIUM,51680.86,25225.85,26455.01,6858.71,2483406,83
KXKBOSPREAD,-33675.39,-64798.06,31122.67,0.0,2424833,74
KXNFLDRAFTTEAM,-61653.53,-80673.6,19020.07,0.0,2415801,11
KXSERIEASPREAD,-33325.47,-56018.59,22693.12,0.0,2354300,40
KXEPL1H,-39224.13,-68558.99,29334.86,0.0,2347241,37
KXCOPPAITALIAGAME,37480.27,14911.35,22568.92,0.0,2342781,9
KXBBCHARTDRAKE,-30284.71,-39264.6,8979.89,0.0,2323622,16
KXEPLBTTS,75853.3,41665.87,34187.43,0.0,2310017,39
KXVTBGAME,-75355.58,-94939.89,19584.31,0.0,2305440,48
KXBOLPDIVGAME,13474.07,-6679.44,20153.51,0.0,2298492,47
KXSAUDIPLTOTAL,-97670.95,-124677.35,27006.4,0.0,2295399,29
KXCAGOVPRIMARYTOP3,-6899.32,-9935.76,3036.44,0.0,2267846,34
KXBSNGAME,-3007.67,-26697.21,23689.54,0.0,2255730,68
KXKINGMENTION,-17902.76,-33018.64,15115.88,0.0,2250299,11
KXGOLDCARDS,-82058.85,-92981.71,10922.86,0.0,2248723,17
KXLOWTAUS,37443.44,25585.35,11858.09,0.0,2245675,111
KXAHLGAME,-35322.39,-57443.29,22120.9,0.0,2240762,64
KXLIGAMX1H,-23045.05,-48023.53,24978.48,0.0,2230576,18
KXMLBHRDERBYSEMI,-35625.54,-64705.91,29080.37,0.0,2212940,4
KXGOVGANOMD,-43259.91,-51378.63,8118.72,0.0,2208779,35
KXWNBA3QTOTAL,-50059.1,-71336.34,21277.24,0.0,2198626,38
KXHEGSETHMENTION,-26865.66,-36904.78,10039.12,0.0,2190097,19
KXCOPPERD,23144.07,4614.75,18529.32,0.0,2187016,107
KXMLS1HTOTAL,47575.04,21755.5,25819.54,0.0,2154077,16
KXWNBAMENTION,30102.24,16916.01,13186.23,0.0,2153681,22
KXEWSLGAME,-81644.68,-96730.12,15085.44,0.0,2150216,24
KXGOVIANOMR,287862.97,267489.99,20372.98,0.0,2149805,49
KXNETFLIXRANKMOVIERUNNERUP,63488.56,50817.62,12670.94,0.0,2126850,104
KXNETANYAHUMENTION,-104650.13,-113415.74,8765.61,0.0,2122665,15
KXCONMEBOLSUDADVANCE,-70831.08,-88911.76,18080.68,0.0,2113764,4
KXMLBHRDERBYOU,-59620.39,-85685.52,26065.13,0.0,2110570,2
KXGOVGANOMR,-61373.75,-82503.04,21129.29,0.0,2103876,63
KXSENATELAR,26036.47,13001.5,13034.97,0.0,2076927,74
KXLIGAMX1HTOTAL,-32890.51,-56459.8,23569.29,0.0,2051170,16
KXCPI,28889.24,10214.91,18674.33,4830.02,2045839,91
KXWODIMATCH,-38595.99,-58185.66,19589.67,0.0,2042539,18
KXNASCARTOP10,-61272.54,-86663.25,25390.71,0.0,2025744,101
KXLOWTLAX,-7982.05,-19525.65,11543.6,0.0,2023780,111
KXTRUMPOUT27,-31041.23,-36533.36,5492.12,0.0,2016324,102
KXCANPLGAME,22328.25,6015.74,16312.51,0.0,2005700,54
KXNHLSERIESSCORE,-47401.0,-67741.83,20340.83,0.0,1990971,61
KXCRYPTOSTRUCTURE,-43283.83,-51421.74,8137.9,0.0,1989546,108
KXCHNSLTOTAL,12742.35,-8009.29,20751.64,0.0,1969359,16
KXGOVSDNOMR,-15787.07,-34178.67,18391.61,0.0,1961062,105
KXCHAMPTOUR,-13378.17,-30470.01,17091.84,0.0,1960070,63
KXOWGAME,-16538.1,-37308.34,20770.24,0.0,1956208,68
KXURYPDTOTAL,-15979.42,-36168.24,20188.82,0.0,1953953,19
KXBUNDESLIGASPREAD,-75436.82,-97044.78,21607.96,0.0,1950590,36
KXNBASERIESGAMES,111196.24,86982.67,24213.57,0.0,1947500,60
KXECULPSPREAD,-2907.39,-19995.18,17087.79,0.0,1934343,19
KXMLBHRDERBYFORECAST,-19195.95,-26406.76,7210.81,0.0,1914974,1
KXSURVIVORELIMINATION,11468.35,2893.22,8575.13,0.0,1905034,29
KXSENATEALR,-12599.73,-29346.97,16747.24,0.0,1903648,63
KXCAGOVMATCHUP,52563.41,36584.38,15979.03,0.0,1903154,56
KXNBAPTSLEADER,-16650.92,-29545.05,12894.13,0.0,1901134,55
KXGOVOHNOMR,-5305.92,-6151.53,845.61,0.0,1897945,21
KXRUBIOMENTION,-24491.83,-33292.71,8800.88,0.0,1891980,13
KXBRASILEIROSPREAD,35340.16,20108.7,15231.46,0.0,1889435,53
KXMLBASGMVP,-4595.23,-12968.78,8373.55,0.0,1873333,3
KXWCGROUPWINNER,-81287.29,-94674.09,13386.8,0.0,1863209,67
KXMLBHRDERBY500,-233730.38,-252189.81,18459.43,0.0,1862031,4
KXWCTEAMLEADGOAL,-27103.41,-33198.68,6095.27,0.0,1832047,45
KXVENFUTVEGAME,-12779.43,-26170.29,13390.86,0.0,1826945,39
KXSPACEXSTARSHIP,-25905.11,-39105.68,13200.57,0.0,1823706,98
KXNHLPTS,-54265.86,-77384.87,23119.01,0.0,1823677,49
KXWTESTMATCH,-26720.12,-37352.62,10632.5,0.0,1816575,12
KXMLS1H,12867.43,-7920.2,20787.63,0.0,1814971,16
KXGOLDW,-28684.25,-44485.46,15801.21,0.0,1813178,108
KXLALIGA1H,-46326.22,-67770.17,21443.95,0.0,1812161,38
KXGOVCAPRIMARYPARTY,63958.03,49941.29,14016.74,0.0,1807868,56
KXNBA3QSPREAD,-115075.69,-130230.06,15154.37,0.0,1785918,8
KXBIGBROTHERELIMINATION,-10010.66,-20656.83,10646.17,0.0,1772862,24
KXPAYROLLS,-2495.08,-24068.48,21573.4,5457.12,1768245,79
KXNBASERIESSPREAD,48736.97,25986.57,22750.4,0.0,1760937,60
KXEVENTOCCURCLTR,-99019.56,-119944.86,20925.3,0.0,1755732,29
KXMLSSCORE,-25456.67,-37071.59,11614.92,0.0,1755387,18
KXARGPREMDIVSPREAD,-39613.3,-51494.02,11880.72,0.0,1754412,25
KXSOLE,-5824.55,-19651.83,13827.28,0.0,1751250,113
KXPGAHOLESCORE,-67137.01,-81480.56,14343.55,0.0,1750414,34
KXLASTWORDCOUNT,-12220.23,-17738.55,5518.32,0.0,1742907,30
KXWCTEAMH2H,-113536.53,-131985.1,18448.57,0.0,1742007,37
KXLIGAMXBTTS,-709.4,-25259.91,24550.51,0.0,1716041,18
KXEKSTRAKLASATOTAL,-33574.43,-51144.4,17569.97,0.0,1710438,10
KXPSAKIMENTION,36304.07,31500.97,4803.1,0.0,1704980,25
KXLOWTPHX,18958.88,9816.1,9142.78,0.0,1699185,111
KXATTENDUFC250,-65950.39,-78807.04,12856.65,0.0,1687906,20
KXFABLERESTORE,-5924.79,-22703.22,16778.43,0.0,1678956,19
KXSENATEREC,12539.3,1302.67,11236.63,0.0,1666047,38
KXLASTWORDMENTION,-23527.07,-29791.43,6264.36,0.0,1653502,42
KXRAIN,-6675.0,-15795.06,9120.06,0.0,1645638,19
KXEOWEEK,46882.22,40092.69,6789.53,0.0,1639414,107
KXSENATEGAR,-17167.53,-25166.75,7999.22,0.0,1631845,63
KXSONGCHARTDRA,-35498.41,-39218.61,3720.2,0.0,1630573,49
KXUCLWGAME,15861.34,2269.32,13592.02,0.0,1623127,20
KXWNBA1QSPREAD,-30696.5,-46018.39,15321.89,0.0,1618141,38
KXWCPRICE,28855.79,17711.93,11143.86,0.0,1617238,39
KXNCAABBTOTAL,-88883.69,-110361.41,21477.72,0.0,1614402,15
KXNFLDRAFTOU,-26888.96,-45837.8,18948.84,0.0,1612776,6
KXCOPRIMARY,41339.8,28667.63,12672.17,0.0,1610211,73
KXTOPMONTHLY,-21116.36,-30546.53,9430.17,0.0,1606109,108
KXQUADRUPLEDOUBLE,-27223.45,-29850.96,2627.51,0.0,1588405,61
KXBTCMAX150,-7775.87,-9295.19,1519.32,386.02,1588212,72
KXNBADRAFTTOP,-45272.9,-60311.29,15038.39,0.0,1587856,70
KXWCGROUPORDER,19093.46,6421.53,12671.93,0.0,1587076,32
KXLALIGABTTS,13462.01,-9538.19,23000.2,0.0,1580575,37
KXWCSTAGE,45549.47,28899.96,16649.51,0.0,1579522,68
KXCZEFLTOTAL,-32254.94,-49647.93,17392.99,0.0,1573352,7
KXUCL1HTOTAL,-57734.07,-75307.84,17573.77,0.0,1572825,37
KXLIUSAWINNERS,-7699.26,-17006.02,9306.76,0.0,1568161,45
KXTONYAWARDS,36830.57,22184.68,14645.89,0.0,1567304,34
KXNBBGAME,10275.13,-3745.04,14020.17,0.0,1561282,14
KXCOUNTYCHAMPMATCH,-69507.43,-82329.2,12821.77,0.0,1557272,23
KXPRIMARYTURNOUT,-6422.47,-17226.77,10804.3,0.0,1547067,92
KXLOWTOKC,-1780.23,-9684.0,7903.77,0.0,1545709,111
KXWNBA1QWINNER,-17259.77,-33663.89,16404.12,0.0,1543352,36
KXCLUBFBTTS,-77635.45,-96901.2,19265.75,0.0,1536599,16
KXMLBASGHR,-131814.8,-140595.55,8780.75,0.0,1534050,2
KXNASCARTOP3,30715.9,15301.07,15414.83,0.0,1529921,100
KXLEAGUESCUPGAME,110376.1,90570.25,19805.85,0.0,1522362,8
KXGOVMINOMR,25742.68,17862.82,7879.85,0.0,1521288,112
KXNBAPLAYOFFWINS,11741.41,-1771.76,13513.17,0.0,1511255,61
KXNBA2QWINNER,-38100.94,-52337.28,14236.34,0.0,1501958,7
KXKLEAGUETOTAL,9815.52,-7228.12,17043.64,0.0,1500972,16
KXLOWTPHIL,11058.58,2929.0,8129.58,0.0,1489736,111
KXNETFLIXRANKSHOWRUNNERUP,-9622.56,-16981.93,7359.37,0.0,1487758,104
KXMADDOWMENTION,-18843.08,-26684.31,7841.23,0.0,1485210,36
KXMLBF7,-35981.08,-48849.38,12868.3,0.0,1483890,34
KXCONNSMYTHE,-69671.78,-81464.33,11792.55,2988.56,1483707,61
KXNBA3QWINNER,-48620.01,-61713.59,13093.58,0.0,1482092,7
KXNFLDRAFT1,-14431.92,-15482.82,1050.9,0.0,1481708,9
KXLOWTDAL,31352.05,23270.7,8081.35,0.0,1471921,111
KXNCAAMLAXGAME,-18324.74,-33837.36,15512.62,0.0,1464201,37
KXMO01D,-45589.11,-64414.29,18825.18,0.0,1459390,103
KXLOWTATL,41578.22,34426.09,7152.13,0.0,1458399,111
KXTRUEV,30860.15,25724.02,5136.13,0.0,1449021,50
KXEFLL1GAME,12344.01,254.56,12089.45,0.0,1448836,28
KXTRUMPMENTIONDURATION,26720.11,16054.35,10665.76,0.0,1442172,21
KXSURVIVORMENTION,34513.73,23880.79,10632.94,0.0,1439011,35
KXPRIMARYPLACE,-163120.1,-175108.82,11988.72,0.0,1426898,83
KXUELADVANCE,-3365.74,-15982.38,12616.64,0.0,1426594,13
KXXRP,-7923.46,-16988.37,9064.91,0.0,1424327,113
KXNEXTODNI,-19991.87,-24265.91,4274.05,0.0,1424142,69
KXGOVCONOMR,-65453.18,-74544.48,9091.3,0.0,1419520,81
KXTRUMPWORLDCUP,-20286.38,-24374.8,4088.42,0.0,1419022,40
KXWNBA3PT,1407.32,-14365.59,15772.91,0.0,1412350,83
KXNCAASBGAME,-32268.17,-51719.38,19451.21,0.0,1394290,8
KXWTIMINM,-28476.08,-35254.31,6778.23,0.0,1393682,48
KXMLBHRDERBYDISTANCE,18044.69,2097.4,15947.29,0.0,1385298,4
KXMRBEASTMENTION,-74911.21,-85834.27,10923.06,0.0,1383076,87
KXUSLTOTAL,4020.4,-9972.23,13992.63,0.0,1373377,19
KXFEATURE,32678.93,26043.98,6634.95,0.0,1371347,84
KXNBA2QSPREAD,-50611.88,-64118.02,13506.14,0.0,1366510,8
KXESPYS,22905.06,16657.28,6247.78,0.0,1365535,17
KXIIHFGAME,-18549.15,-29876.2,11327.05,0.0,1359978,17
KXMEDIACOVERMADDEN,-32382.61,-38458.0,6075.39,0.0,1340968,50
KXNEXTTEAMNFL,-3604.48,-9063.01,5458.53,0.0,1335529,50
KXALLSVENSKANSPREAD,30715.17,19792.8,10922.37,0.0,1332715,17
KXLOWTMIN,21425.22,13591.8,7833.42,0.0,1323979,111
KXFISAEXTEND,15710.57,4750.37,10960.2,0.0,1321299,82
KXRUGBYNRLMATCH,-26741.52,-38393.21,11651.69,0.0,1317520,109
KXMARRIAGESWIFTKELCE,-33747.24,-39526.96,5779.72,0.0,1310671,83
KXNCAALAXFINAL,-15525.76,-27747.83,12222.07,0.0,1295078,41
KXCHLLDPTOTAL,-45906.79,-59192.11,13285.32,0.0,1289454,13
KXARGNACBTOTAL,825.28,-11682.23,12507.51,0.0,1285804,13
KXMJSCHEDULE,-60249.27,-69387.75,9138.48,0.0,1284305,72
KXNBASUMMER1HTOTAL,-22098.34,-36375.52,14277.18,0.0,1284126,7
KXMAKERFIELDBY,6366.9,380.22,5986.68,0.0,1283879,36
KXCAVA,-9104.48,-16517.38,7412.9,0.0,1280180,32
KXNHLMENTION,-23772.19,-30219.34,6447.15,0.0,1272315,44
KXTOPSONG,11382.66,3377.17,8005.49,0.0,1271805,103
KXCLAUDE,53522.39,42375.58,11146.81,0.0,1271040,105
KXTORNADO,-17107.62,-22423.16,5315.54,0.0,1267394,77
KXLOWTDC,23119.4,16275.82,6843.58,0.0,1262959,111
KXBRASILEIRO1HTOTAL,43639.33,30096.25,13543.08,0.0,1254019,14
KXMUSKNW,-14501.56,-22787.95,8286.39,0.0,1254013,98
KXWCGROUPWINELIM,-100115.38,-112291.34,12175.96,0.0,1253277,28
KXNBABLK,-71973.63,-87825.57,15851.94,0.0,1242531,60
KXUECL1HTOTAL,-5919.3,-19604.2,13684.9,0.0,1241688,9
KXTEAMSINSC,-92269.77,-104641.82,12372.05,0.0,1241534,45
KXTHAIL1GAME,21391.49,10537.78,10853.71,0.0,1239236,16
KXUEL,-22760.02,-32455.9,9695.88,0.0,1234986,36
KXPGATOP40,-7161.4,-23477.27,16315.87,0.0,1234129,19
KXNY13D,47597.68,32794.21,14803.47,0.0,1225546,61
KXWNBA4QTOTAL,10814.86,-603.31,11418.17,0.0,1223424,38
KXGTAPREORDERS,-47321.57,-54618.79,7297.22,0.0,1216817,10
KXTSLA,63367.96,47707.49,15660.47,0.0,1214985,79
KXTRUMPCHINA,-18578.04,-25564.6,6986.56,0.0,1207859,29
KXWCGSGOALS,-50741.62,-57784.08,7042.46,0.0,1207548,24
KXLOWTHOU,17660.19,11812.3,5847.89,0.0,1202331,111
KXNPBSPREAD,8791.79,-7381.71,16173.5,0.0,1199619,17
KXPGAPLAYERCAT,-10645.63,-19440.58,8794.95,0.0,1196291,21
KXNBASTL,-27341.75,-39571.21,12229.46,0.0,1195920,60
KX14AMENDCASE,-33273.15,-39116.18,5843.03,0.0,1194211,77
KXNBADRAFTTEAM,19989.63,9307.67,10681.96,0.0,1193950,46
KXMLBEXTRAS,-38848.19,-45879.47,7031.28,0.0,1193011,83
KXCFLSPREAD,-24395.62,-39429.28,15033.66,0.0,1192864,37
KXMLBHRDERBYLONGEST,1446.75,-8376.74,9823.49,0.0,1188646,4
KXMOVIEDELAYODYSSEY,-12476.44,-14118.99,1642.55,0.0,1187449,93
KXPGAR2TOP5,155563.95,149349.27,6214.68,0.0,1182742,10
KXPLKGAME,-23640.98,-35000.64,11359.66,0.0,1167185,18
KXR6MAP,5865.14,-6429.22,12294.36,0.0,1164928,36
KXTRUMPSAYCOMPANY,-9220.37,-16724.54,7504.17,0.0,1163978,32
KXLOWTSEA,26419.36,20471.59,5947.77,0.0,1159808,111
KXNETFLIXTOPVIEWSTV,12140.18,7740.09,4400.09,0.0,1159646,102
KXLIGUE1SPREAD,-9543.01,-21543.4,12000.39,0.0,1157964,35
KXHOCHULMENTION,8102.31,3119.59,4982.72,0.0,1156979,48
KXCARDPRESENCEUFCWH,-25450.19,-28434.17,2983.98,0.0,1153615,62
KXUELSPREAD,64937.07,53507.55,11429.52,0.0,1144833,39
KXNBAFINALSPRICE,15408.88,8742.65,6666.23,0.0,1141550,12
KXINXMAXMM,-4211.08,-6981.38,2770.3,0.0,1139563,46
KXSCOTTISHPREMTOTAL,-26665.81,-39485.75,12819.94,0.0,1132005,7
KXGTAPRICE,-23573.17,-32230.28,8657.11,0.0,1128860,71
KXNBA2KCOVER,-51025.46,-58520.08,7494.62,0.0,1125854,96
KXWNBA3PTCONTEST,-1835.89,-13972.92,12137.03,0.0,1125723,4
KXARGPREMDIVBTTS,-82007.62,-97649.26,15641.64,0.0,1123741,22
KXNBA4QWINNER,-56426.76,-66131.89,9705.13,0.0,1123097,7
KXCOUPEDEFRANCEGAME,6064.32,-3307.87,9372.19,0.0,1122110,9
KXMLBHRDERBYR1LEAD,-129259.62,-138504.19,9244.57,0.0,1121657,2
KXCODTOTALMAPS,-21926.58,-35579.99,13653.41,0.0,1107407,52
KXHOOD,-18000.48,-23896.21,5895.73,0.0,1107321,84
KXSILVERW,-20590.82,-29066.58,8475.76,0.0,1102273,108
KXSNLHOST,-13911.04,-15302.17,1391.13,0.0,1097844,34
KXALEAGUETOTAL,-44443.78,-58739.97,14296.19,0.0,1093389,19
KXRANKLISTSONGSPOTGLOBAL,-3592.64,-10326.9,6734.26,0.0,1092681,99
KXEPLRELEGATION,-30122.53,-40866.45,10743.92,0.0,1090776,40
KXUECLBTTS,-76144.86,-90505.87,14361.01,0.0,1086827,24
KXMLBRBI,-19231.15,-30469.15,11238.0,0.0,1086194,41
KXWNBAAST,-20856.6,-36268.64,15412.04,0.0,1061169,84
KXTECHRANKLISTAICODE,85738.89,83422.84,2316.05,0.0,1058921,111
KXXRPMAXMON,-37175.98,-43617.52,6441.54,0.0,1050966,108
KXUELBTTS,-244828.14,-261292.89,16464.75,0.0,1050958,24
KXTRUMPSAYNICKNAME,-14810.99,-18119.74,3308.75,0.0,1049590,103
KXPGAHOLEINONE,-11762.51,-21422.06,9659.55,0.0,1043655,109
KXNY12D,22271.58,11657.46,10614.12,0.0,1042163,70
KXNBA1QTOTAL,-37977.34,-50060.91,12083.57,0.0,1040219,8
KXLOWTNOLA,18828.1,13874.8,4953.3,0.0,1037893,111
KXNCAABBSPREAD,-29477.98,-43162.48,13684.5,0.0,1032769,15
KXCBDECISIONJAPAN,-13920.24,-15634.95,1714.71,0.0,1032611,103
KXLOWTSATX,19300.95,13506.74,5794.21,0.0,1018328,111
KXETHMAXMON,-26872.4,-34456.79,7584.39,0.0,1014558,106
KXLOWTLV,10956.69,6652.58,4304.11,0.0,1013277,111
KXEUROVISIONRANK,38288.07,27402.81,10885.26,0.0,1007499,9
KXSENATECOD,-21147.22,-25337.84,4190.61,0.0,1003930,65
KXRECNCH,24647.35,17050.68,7596.67,0.0,1000420,70
KXNEXTUKPM,15366.27,11301.73,4064.54,0.0,997410,96
KXDRAKEMENTION,8440.77,1216.29,7224.48,0.0,997105,24
KXBESSENTMTPMENTION,-13991.87,-19051.62,5059.75,0.0,995807,19
KXARTISTSTREAMSY,17158.66,15350.63,1808.03,0.0,994473,70
KXDENSUPERLIGATOTAL,64340.48,53325.99,11014.49,0.0,992444,8
KXPUREALBUMS,3699.39,-4735.85,8435.24,0.0,991816,103
KXWNBA3QWINNER,-28346.38,-37624.28,9277.9,0.0,986921,38
KXNATHANSHDRECORD,-65117.47,-70911.89,5794.42,0.0,985196,6
KXALBUMSALES,44499.96,35899.22,8600.74,0.0,984672,65
KXLIUKELIMINATION,34743.76,32277.35,2466.41,0.0,981104,39
KXTACAPORTGAME,-28497.85,-38425.2,9927.35,0.0,976901,9
KXWNBA3QSPREAD,-23943.29,-32409.72,8466.43,0.0,974002,36
KXSERIEA1H,-31592.69,-43017.65,11424.96,0.0,971743,34
KXWCSCOREET,-1150.31,-7629.38,6479.07,0.0,970868,1
KXMELANIAMENTION,2672.2,-749.54,3421.74,0.0,968823,7
KXHYPED,9757.12,1363.48,8393.64,0.0,966493,113
KXWTAEXACTMATCH,-17066.88,-27841.42,10774.54,0.0,963732,5
KXINXDUD,-3923.5,-12950.42,9026.92,0.0,963565,58
KXUCLMOV,-40074.18,-50016.08,9941.9,0.0,962070,2
KXMUSKOAI,-12146.9,-26703.59,14556.69,0.0,961678,34
KXWCTEAMTOTALGOALS,-75877.53,-85146.06,9268.53,0.0,960966,42
KXWCSQUAD,18195.53,10679.47,7516.06,0.0,960406,64
KXCOD,-6577.55,-16133.83,9556.28,0.0,957872,19
KXLOWTSFO,6050.54,509.1,5541.44,0.0,951478,111
KXDOGE,-4631.67,-11238.74,6607.07,0.0,949645,113
KXMTPMENTION,-56013.19,-62139.69,6126.5,0.0,942928,22
KXECONSTATCPIYOY,16482.5,7855.85,8626.65,0.0,940131,91
KXUSLCUPGAME,12567.79,3754.68,8813.11,0.0,938290,18
KXBBCHARTPOSITIONSONG,2148.78,634.19,1514.59,0.0,925217,91
KXECULPBTTS,2661.69,-9937.21,12598.9,0.0,923076,16
KXCOLOMBIAPRESR1,22094.98,13586.58,8508.4,0.0,921638,48
KXWCDELAY,-11746.75,-14075.67,2328.92,0.0,921063,22
KXEFLCHAMPIONSHIPTOTAL,-18066.1,-28648.98,10582.88,0.0,915790,20
KXFEDHIKE,-18337.45,-19666.32,1328.87,0.0,914238,75
KXPGAR1TOP10,-52429.83,-61156.42,8726.59,0.0,911996,63
KXLOWTBOS,13133.7,9301.71,3831.99,0.0,911792,111
KXNETFLIXTOPVIEWSMOVIE,5162.9,1844.08,3318.82,0.0,911051,104
KXLIGAMXTEAMTOTAL,-35705.47,-46709.72,11004.25,0.0,910871,18
KXDOGED,-6093.15,-12212.79,6119.64,0.0,907470,113
KXCFLTOTAL,-61504.58,-72642.04,11137.46,0.0,904364,30
KXNASCARTOP5,-56741.71,-67718.08,10976.37,0.0,900789,99
KXWNBAASGMVP,-6712.56,-13446.43,6733.87,0.0,900156,4
KXT20TEAMTOTAL,-36190.89,-43114.57,6923.68,0.0,896206,18
KXTARIFFCHECKS,-9852.15,-10905.16,1052.99,0.0,887354,108
KXGOVCONOMD,22151.85,11336.52,10815.33,0.0,886436,77
KXNY7D,-21814.54,-29447.78,7633.25,0.0,883818,63
KXLIGAMX,-27389.86,-38277.45,10887.59,0.0,882900,41
KXCYCLING,-6149.23,-8933.37,2784.14,0.0,872825,50
KXGOVMENOMD,-25701.47,-33839.86,8138.39,0.0,870838,64
KXTRUMPIRAN,-6207.29,-6999.56,792.27,0.0,870585,105
KXWCGROUPBOTTOM,19447.1,11270.77,8176.33,0.0,869951,32
KXELECTIONBILL,-10841.22,-11900.28,1059.06,0.0,869668,105
KXMMAFIGHT,-2389.25,-6836.83,4447.58,0.0,857384,3
KXGPT,-1030.24,-7917.66,6887.42,0.0,851530,88
KXNCAABBREG,1325.41,-7871.95,9197.36,0.0,849731,14
KXWCFIFATOP10,65952.86,55898.78,10054.08,0.0,849493,40
KXLOL,-46733.57,-54336.57,7603.0,0.0,846968,28
KXTEAMSINUCL,-31720.75,-42273.45,10552.7,0.0,844585,22
KXEREDIVISIETOTAL,-12984.67,-22038.84,9054.17,0.0,839955,21
KXSENATESCR,-9067.84,-10638.2,1570.36,0.0,839710,56
KXNEXTTEAMMLB,3779.25,-1054.81,4834.06,0.0,839338,69
KXARGLNBGAME,20911.56,13744.37,7167.19,0.0,838396,51
KXMLBHRDERBYFIN,52337.47,41191.89,11145.58,0.0,837785,2
KXRAINSEAM,-6879.61,-10663.65,3784.04,0.0,837380,108
KXTRUMPACT,30535.72,26325.9,4209.82,0.0,835872,108
KXF1RACESPRINT,990.18,-5545.89,6536.07,0.0,833859,19
KXBRASILEIROB1HTOTAL,-2465.63,-11365.19,8899.56,0.0,825318,9
KXBOXINGMOV,-43550.02,-51909.46,8359.44,0.0,824043,7
KXSPOTIFYALBUMRELEASEDATEDRAKE,-7608.03,-12778.34,5170.31,0.0,822689,31
KXNBATOPPICK,-20996.21,-24176.56,3180.35,0.0,821733,26
KXNEXTNBACOACH,13808.44,10213.92,3594.52,0.0,820850,70
KXHYPE,-74437.64,-80081.65,5644.01,0.0,816056,113
KXMLBSB,-13521.94,-18421.68,4899.74,0.0,815884,42
KXTRUMPTIME,2350.08,-1064.6,3414.68,0.0,815372,109
KXLIGAEXPTOTAL,-8001.3,-16307.08,8305.78,0.0,811555,7
KXWNBA2QWINNER,-8061.09,-15901.92,7840.83,0.0,809963,36
KXTRAVISKELCEWEDDING,-21135.46,-26969.15,5833.69,0.0,809568,80
KXCYCLINGSTAGE,-10524.53,-16659.21,6134.68,0.0,808734,24
KXSERIEABTTS,-24189.23,-35836.67,11647.44,0.0,808580,32
KXSTARMERMENTIONB,-9565.37,-13495.02,3929.65,0.0,804647,36
KXBRASILEIROBSPREAD,-24891.98,-31130.56,6238.58,0.0,804065,13
KXMLBASGAME,-33730.27,-46037.6,12307.33,0.0,804016,28
KXSHIBA,-9499.75,-10687.37,1187.62,0.0,803998,107
KXNBAMIMP,-14314.75,-15683.58,1368.83,0.0,802111,10
KXPLLGAME,-30870.07,-41444.82,10574.75,0.0,790532,51
KXMUSKWEALTH,8776.62,3875.04,4901.58,0.0,789017,68
KXWC1STTIMEWIN,-34631.02,-41462.3,6831.28,0.0,786795,62
KXUSTURNOUT,333108.66,330199.32,2909.34,0.0,785108,30
KXNEWSNATIONMENTION,223090.88,221846.61,1244.27,0.0,783592,4
KXMIPRIMARY,88940.55,81681.76,7258.79,0.0,782639,78
KXSPOTIFYNUM1USA,13801.88,11582.87,2219.01,0.0,777379,57
KXTAYLORSWIFTWEDDINGATTEND,-20297.18,-25596.05,5298.87,0.0,774820,83
KXEARNINGSMENTIONTSLA,-9502.26,-15329.97,5827.71,0.0,772900,23
KXELITESERIENSPREAD,7727.28,315.59,7411.69,0.0,771323,18
KXSPOTIFYW,42936.78,40085.57,2851.21,0.0,768077,66
KXNFLDRAFTCAT,7381.23,252.87,7128.36,0.0,764790,5
KXMLBHRDERBYTOT,96558.34,88776.45,7781.89,0.0,764430,1
KXNHLHART,-90146.07,-97717.37,7571.3,0.0,763673,58
KXAPFDDHSPREAD,40595.5,35796.49,4799.01,0.0,763274,12
KXTAYLORSWIFTWEDDING,-8468.83,-13735.28,5266.45,0.0,760611,82
KXWCGSUNDEFEATED,-54796.29,-64336.24,9539.95,0.0,758077,20
KXNBASUMMER1HWINNER,-60040.11,-67742.29,7702.18,0.0,758019,7
KXVBAGAME,-5141.24,-11604.95,6463.71,0.0,757678,57
KXCONMEBOLSUD1HTOTAL,-1942.96,-9723.62,7780.66,0.0,754401,6
KXPLATNERREPLACE,3914.12,2671.89,1242.23,0.0,747716,19
KXMOVNJ11SPECIAL,-3525.78,-5984.31,2458.53,0.0,742087,29
KXMLBNEXTTEAM,-9058.04,-13967.61,4909.57,0.0,740852,6
KXUSOPENCUPGAME,-21262.82,-29112.22,7849.4,0.0,739576,5
KXAOCMENTION,22702.32,19783.01,2919.31,0.0,738222,7
KXNBASERIESROADWIN,21333.73,14969.82,6363.91,0.0,736685,37
KXWCGOALIEGOAL,-16470.06,-18443.73,1973.67,0.0,734979,41
KXLIUKELIMINATIONW,30254.03,26237.83,4016.2,0.0,730827,51
KXCARNEYMENTION,6154.82,3371.15,2783.67,0.0,729337,20
KXNBAPLAYOFF,-30135.32,-39760.48,9625.16,0.0,728160,4
KXPERFORMROLEJEANGREY,-20981.56,-24462.82,3481.26,0.0,727570,108
KXDEBATEMENTION,10779.07,7119.12,3659.95,0.0,727153,10
KXHURCAT,-3314.59,-4341.76,1027.17,0.0,726886,13
KXGOLD15M,-31418.86,-39329.48,7910.62,0.0,726715,4
KXMLSTEAMTOTAL,-32954.45,-41321.77,8367.32,0.0,722175,18
KXPERLIGA1SPREAD,-14037.83,-20755.93,6718.1,0.0,720626,16
KXSAUDIPLSPREAD,-12037.55,-18599.13,6561.58,0.0,720231,29
KXAMERICANIDOL,-4773.51,-9723.01,4949.5,0.0,718677,27
KXWT20TEAMTOTAL,-39427.67,-44587.55,5159.88,0.0,718311,19
KXNETFLIXRANKMOVIEGLOBAL,-10339.11,-12536.25,2197.14,0.0,716097,101
KXCONMEBOLSUDSPREAD,-7751.86,-15199.55,7447.69,0.0,710555,9
KXNCAASOFTBALL,-10129.52,-18858.65,8729.13,0.0,707976,9
KXNY10D,-8738.19,-10074.11,1335.93,0.0,705212,67
KXCOPADOBRASILSPREAD,6078.27,-26.22,6104.49,0.0,704310,15
KXMOSTSTREAMEDICE,14162.03,11713.01,2449.02,0.0,703866,8
KXBRASILEIROBTTS,10418.32,454.94,9963.38,0.0,703760,15
KXNHLDRAFTPICK,-2794.59,-9242.53,6447.94,0.0,702655,53
KXNBAEFINMVP,10248.33,6018.85,4229.48,0.0,695090,41
KXRTX5090WS,-12440.53,-14321.22,1880.69,0.0,688721,43
KXRAINHOUM,1320.52,-3472.62,4793.14,0.0,686682,108
KXNBA3QTOTAL,-52340.52,-60386.26,8045.74,0.0,684088,8
KXMLSASTADVANCE,-8101.91,-12601.15,4499.24,0.0,683104,2
KXUECL1H,-13017.65,-20459.86,7442.21,0.0,681885,16
KXWNBA2QSPREAD,-25424.55,-31058.62,5634.07,0.0,680645,35
KXUCLGOAL,8198.59,1726.36,6472.23,0.0,678591,7
KXGDP,-14088.68,-21470.41,7381.73,1906.78,677866,107
KXDFBPOKALTOTAL,4450.82,-4342.43,8793.25,0.0,674504,6
KXVENEZUELALEADER2,-8528.75,-11063.99,2535.24,0.0,669918,48
KXFACUPTOTAL,-39672.95,-48637.75,8964.8,0.0,668950,7
KXMAXSHIPSHORMUZ,4480.99,-1216.83,5697.82,0.0,666125,50
KXNBASUMMER1HSPREAD,-52364.57,-59055.03,6690.46,0.0,664336,7
KXASEANTOTAL,-8999.67,-17233.16,8233.49,0.0,657898,3
KXMOVIELENGTH,-7454.62,-9068.87,1614.25,0.0,657520,72
KXBILGAME,-20408.15,-28344.84,7936.69,0.0,656145,19
KXUBERTRIPS,1510.78,-1230.91,2741.69,0.0,645556,101
KXALBUMDEBUT,-10620.13,-11979.65,1359.52,0.0,644014,89
KXWNBA4QWINNER,-15750.55,-22435.72,6685.17,0.0,643985,38
KXEXPELSWALWELLVOTES,-8313.62,-9198.77,885.15,0.0,642837,44
KXH200Q,3282.93,1168.01,2114.92,0.0,641610,31
KXFIBACHAMPLEAGUEGAME,-20390.87,-26035.82,5644.95,0.0,640951,4
KXOBAMAMENTION,-20120.66,-23004.76,2884.1,0.0,640391,6
KXBRASILEIRO1H,2669.56,-3926.15,6595.71,0.0,639492,13
KXNATHANSWINNERWO,7100.57,2336.4,4764.17,0.0,632050,7
KXRLGAME,-9783.14,-12890.49,3107.35,0.0,631592,8
KXLAUNCHCOUNTM,-154988.02,-159885.18,4897.16,0.0,630704,32
KXVOTEHUBTRUMPUPDOWN,5555.57,-517.91,6073.48,0.0,629995,51
KXLEAVEPOWELL,-3843.85,-4227.41,383.56,0.0,628210,16
KXWCTEAMGOALS,16751.93,13687.72,3064.21,0.0,626487,34
KXDIMAYORSPREAD,2415.53,-2472.5,4888.03,0.0,624364,15
KXWCNOEURSA,-30548.63,-33789.61,3240.98,0.0,622113,40
KXU3,3388.14,-1057.99,4446.13,1144.71,620873,79
KXWCFINALSONGS,-41117.33,-45844.66,4727.33,0.0,616889,8
KXCOPPERW,-1459.77,-7710.55,6250.78,0.0,616054,102
KXLEAVEWALZ,-5365.46,-6352.33,986.88,0.0,609903,77
KXSNPMAJORITY,-5134.4,-5705.01,570.61,0.0,609775,30
KXBUNDESLIGA1H,-11547.36,-18591.58,7044.22,0.0,597468,27
KXF1FASTLAP,-2633.95,-8036.47,5402.52,0.0,594117,82
KXRAINMIAM,1594.95,-2937.17,4532.12,0.0,593977,108
KXNATGASW,-12439.96,-16399.73,3959.77,0.0,588117,108
KXPGAWINNINGSCORE,-16148.15,-22290.49,6142.34,0.0,587867,20
KXAISPIKE,-8463.37,-9921.68,1458.31,0.0,587412,78
KXETHMINMON,-11862.48,-16239.82,4377.34,0.0,585816,108
KXBTCMINY,15227.33,7119.86,8107.47,0.0,577142,52
KXIPLPLAYOFF,-26876.24,-31571.36,4695.12,0.0,576014,28
KXTXSENCOMBO,-23339.0,-28273.7,4934.7,0.0,574818,42
KXNBARETURN,11072.84,7228.37,3844.47,0.0,568884,44
KXTEAMSINNBAWF,-3614.37,-7219.56,3605.19,0.0,565338,33
KXBRASILEIROCTOTAL,33045.88,27298.88,5747.0,0.0,561559,5
KXHOLIDAYTMAX,5700.41,3328.45,2371.96,0.0,561418,11
KXIPOANTHROPIC,-17164.24,-18595.83,1431.59,0.0,554881,63
KXLAUNCHES,-114917.99,-118396.8,3478.81,0.0,551508,26
KXPA3D,44727.16,38135.97,6591.19,0.0,550537,35
KXNBADRAFTOU,-5630.5,-11921.13,6290.63,0.0,546620,6
KXCONMEBOLSUD1H,11455.71,5847.72,5607.99,0.0,546438,8
KXEARNINGSMENTIONAAPL,-8205.71,-11925.92,3720.21,0.0,545984,30
KXXRPMINMON,-24638.64,-28347.16,3708.52,0.0,545968,108
KXNFLDRAFT1ST,-7704.61,-8452.91,748.3,0.0,544930,9
KXBRASILEIROSCORE,-6137.15,-9612.32,3475.17,0.0,542434,15
KXF1TOP5,10564.31,6655.63,3908.68,0.0,539048,81
KXRAINCHIM,2874.6,-666.83,3541.43,0.0,533848,107
KXTRUMPENDORSEMENTS,15396.55,12155.64,3240.91,0.0,532725,104
KXRAINDALM,15029.46,12455.57,2573.89,0.0,528367,108
KXINXMAXY,-482.79,-1757.65,1274.86,0.0,527355,49
KXUCLCORNERS,-14712.84,-21707.71,6994.87,0.0,524549,13
KXFOMCDISSENTCOUNT,12047.8,6732.24,5315.56,0.0,523484,103
KXRAINDENM,-6155.26,-10373.62,4218.36,0.0,522748,108
KXWNBA2HTOTAL,-10213.84,-14952.19,4738.35,0.0,522525,37
KXTOP10BBSPOTS,-9686.0,-11746.21,2060.21,0.0,520158,48
KXNBATOP5ROTY,4686.56,4313.84,372.72,0.0,519875,16
KXLAMAYORPRIMARYEXACT,-38759.8,-41820.29,3060.49,0.0,519402,24
KXTRUMPADMINLEAVE,5164.89,2498.08,2666.81,0.0,517092,66
KXCCAPRICE,-220724.33,-228834.71,8110.38,0.0,514938,26
KXLIGUE11H,6249.14,312.9,5936.24,0.0,514568,28
KXCHNSLSPREAD,-39664.72,-43471.3,3806.58,0.0,508750,16
KXFACUP,12707.57,6231.63,6475.94,0.0,507945,32
KXPGAR1TOP5,-8860.46,-12128.91,3268.45,0.0,505913,63
KXNBASUMMERMVP,79261.43,75427.44,3833.99,0.0,505234,14
KXF1TOP10,-25003.51,-29332.05,4328.54,0.0,504913,81
KXNHLOVERTIME,-10542.06,-16222.25,5680.19,0.0,504480,48
KXPGAPLAYOFF,-25445.28,-31464.33,6019.05,0.0,503601,105
KXARTISTSTREAMSU,-10760.04,-13195.92,2435.88,0.0,502991,81
KXHEGSETHOUT,-11511.0,-13885.72,2374.72,0.0,501721,108
KXLEAVITTSMFMENTION,-4392.64,-6662.39,2269.75,0.0,501678,1
KXEARNINGSMENTIONGOOGL,-2397.03,-7013.76,4616.73,0.0,499954,20
KXNETFLIXRANKSHOWGLOBAL,-972.17,-3896.11,2923.94,0.0,498239,98
KXGAPRIMARY,191.2,-4122.5,4313.7,0.0,496206,63
KXNBA2QTOTAL,7651.37,2078.89,5572.48,0.0,495781,8
KXTRUMPMEET,12376.25,7892.5,4483.75,0.0,493943,111
KXNBAUNBEATEN,267.76,-1395.31,1663.07,0.0,492841,13
KXPGAMAJORWIN,-14488.56,-17992.21,3503.65,0.0,492129,96
KXUFCDELAY,-12184.14,-15646.83,3462.69,0.0,490310,7
KXNBA4QSPREAD,-3547.23,-8834.59,5287.36,0.0,489079,8
KXBRASILEIROB1H,-3789.22,-7884.27,4095.05,0.0,479322,12
KXNHLAST,-12474.84,-17728.29,5253.45,0.0,479286,49
KXVAPRIMARY,24103.64,21931.59,2172.05,0.0,477695,71
KXCHESSNORWAY,-45466.18,-50277.54,4811.36,0.0,473210,53
KXMLBTRADE,8436.92,4845.75,3591.17,0.0,469795,98
KXLYFT,-4708.93,-6479.09,1770.16,0.0,469562,23
KXMLBHRDERBYVELO,-23224.23,-25080.49,1856.26,0.0,469278,1
KXCABOUT,14326.93,11322.41,3004.52,0.0,469016,38
KXGTATRAILER,-14894.06,-20556.73,5662.67,0.0,466093,108
KXALLSVENSKANBTTS,-56951.65,-63542.56,6590.91,0.0,465007,14
KXRAINLAXM,-4568.56,-5352.78,784.22,0.0,463433,108
KXVISITIRAN,-4589.66,-5522.51,932.86,0.0,462887,78
KXBBCHARTPOSITIONALBUM,10334.36,9408.08,926.28,0.0,462517,56
KXTOPCHEF,-7209.33,-8542.03,1332.7,0.0,462139,56
KXSOLMAXMON,-25058.06,-28662.74,3604.68,0.0,458995,108
KXSPOTIFYD,7609.25,4319.31,3289.94,0.0,458801,78
KXNBANEXTTEAMOUTLET,-13574.75,-17869.58,4294.83,0.0,457299,4
KXWTIMIN,1704.83,-1412.04,3116.87,0.0,456904,76
KXNBA30COMEBACK,-6916.29,-7679.77,763.48,0.0,456892,36
KXRAINSFOM,-7341.28,-8811.89,1470.61,0.0,455972,106
KXTALARICOMENTION,-18379.22,-19633.13,1253.91,0.0,455632,4
KXMIDTERMMOV,9135.63,6010.53,3125.1,0.0,454624,50
KXNBA1STTEAM,1593.5,-1939.63,3533.13,0.0,453348,40
KXBUNDESLIGABTTS,11917.04,5908.42,6008.62,0.0,449432,27
KXWCMESSIRONALDO,-12994.15,-15618.87,2624.72,0.0,448450,72
KXSPBGAME,13436.15,8900.92,4535.23,0.0,448087,20
KXRAINNYCM,-6355.9,-9906.62,3550.72,0.0,447434,108
KXNE2D,-34737.2,-38080.26,3343.06,0.0,444710,29
KXSCOCUPTOTAL,5059.2,869.92,4189.28,0.0,444292,5
KXHFHOUSING,18724.21,16170.05,2554.18,0.0,444141,88
KXEARNINGSMENTIONPLTR,465.46,-3991.47,4456.93,0.0,443883,22
KXEARNINGSMENTIONINTC,4122.95,738.81,3384.14,0.0,443773,25
KXBNB,19335.85,17043.71,2292.14,0.0,443733,113
KXWCKOPENALTIES,-14903.08,-17113.8,2210.72,0.0,441840,37
KXWCVIEWERSHIP,-11750.73,-14684.07,2933.34,0.0,440367,39
KXFNSMENTION,7459.67,5182.49,2277.18,0.0,439474,13
KXCONMEBOLSUDBTTS,-29174.26,-35187.15,6012.89,0.0,439267,8
KXWCGBOOTGOALS,10292.43,8803.73,1488.7,0.0,432646,25
KXDIAZOUT,-25337.94,-28661.14,3323.2,0.0,432372,105
KXKBORFI,-9924.96,-14999.25,5074.29,0.0,430043,72
KXLOVEISLANDUKRANK,10865.79,8006.25,2859.54,0.0,429311,55
KXFACUPSPREAD,-57672.45,-62715.61,5043.16,0.0,427407,9
KXWARSHMENTION,43159.76,40706.98,2452.78,0.0,426573,11
KXPM,1247.73,-1040.76,2288.49,0.0,423488,8
KXDPWORLDTOURR1LEAD,-8012.47,-8772.33,759.86,0.0,420767,28
KXLIGAMX1HSPREAD,-16754.93,-20220.07,3465.14,0.0,420632,18
KXLIUKWINNERS,8331.68,5123.9,3207.78,0.0,420069,62
KXWSOPENTRANTS,-17433.47,-20378.24,2944.77,0.0,412394,86
KXMLBASGHIT,-37819.22,-42792.11,4972.89,0.0,411948,2
KXCODEAI,19784.52,16145.27,3639.25,0.0,411363,61
KXUECLSCORE,2481.06,258.45,2222.61,0.0,410223,9
KXHNLTOTAL,-5257.82,-9631.24,4373.42,0.0,408706,6
KXEARNINGSMENTIONMCD,-40041.58,-43644.69,3603.11,0.0,408648,11
KXMAMDANIEO,14853.62,12577.17,2276.45,0.0,407111,93
KXCPICORE,-51405.11,-55446.39,4041.28,0.0,406267,84
KXWCPLAYERGOALS,-3629.61,-4935.42,1305.81,0.0,405099,47
KXCANPLTOTAL,9832.54,6035.59,3796.95,0.0,404777,13
KXUSGASCPI,12778.28,10172.53,2605.75,0.0,403876,76
KXSPACEXSECTOR,12338.85,9774.17,2564.68,0.0,398525,20
KXALITOANNOUNCERETIRE,-6660.99,-8191.3,1530.31,0.0,398159,23
KXEARNINGSMENTIONAMZN,5202.34,2172.31,3030.03,0.0,396518,24
KXWNBA2HSPREAD,-15609.95,-19165.26,3555.31,0.0,394718,37
KXSWISSLEAGUETOTAL,12283.0,7414.38,4868.62,0.0,393118,6
KXSAVEAMERICACLOTURE,1329.13,719.91,609.22,0.0,392399,17
KXWNBADELAY,-5067.79,-5746.8,679.01,0.0,392327,25
KXSOLMINMON,-17654.3,-20877.86,3223.56,0.0,389475,108
KXUCL1HBTTS,-56951.13,-61643.11,4691.98,0.0,389464,39
KXCZEFLSPREAD,16623.69,12923.74,3699.95,0.0,388284,6
KXFEDCOMBO,28526.94,24940.52,3586.42,0.0,387265,88
KXMLBDRAFTPICK,3101.82,-664.41,3766.23,0.0,386969,60
KXUCLFINALIST,-13847.3,-19374.36,5527.06,0.0,386424,22
KXIPOOPENAI,-7537.69,-8338.46,800.77,0.0,385854,77
KXGOVORNOMR,-3566.45,-5457.37,1890.92,0.0,385137,36
KXUEFAMENTION,-11911.99,-13632.8,1720.81,0.0,384747,12
KXLEAVEPOWELLGOV,6598.73,2294.09,4304.63,0.0,383212,103
KXIMPEACH,44.05,-226.04,270.09,0.0,380801,45
KXBLANCHEJUDICIARY,22248.61,18058.92,4189.69,0.0,380069,39
KXNASDAQ100MAXY,-268.1,-1483.85,1215.75,0.0,378685,55
KXNETFLIXRANKMOVIEGLOBAL2,-3444.57,-5707.39,2262.82,0.0,378072,93
KXNFLDRAFTWR,516.24,-4081.07,4597.31,0.0,377691,9
KXWCGOALEVERYGAME,-27787.99,-32141.74,4353.75,0.0,377236,36
KXSEOULMAYOR,13703.18,10262.79,3440.39,0.0,376963,48
KXUEL1H,-8699.83,-13386.81,4686.98,0.0,376507,19
KXBBSERIEBGAME,13507.86,9284.79,4223.07,0.0,373403,13
KXNWSLSPREAD,-19017.04,-22315.02,3297.98,0.0,367724,15
KXTX33D,-1361.63,-3291.41,1929.78,0.0,367542,42
KXWCRECORD,-8403.61,-9793.23,1389.62,0.0,366781,25
KXUST2AD,6949.9,5444.64,1505.26,0.0,365487,27
KXJOBLESSCLAIMS,-7634.93,-12430.04,4795.11,0.0,364959,105
KXRAMANPRATTDIFF,4371.74,2747.52,1624.22,0.0,364897,17
KXPCECORE,-12348.87,-15310.11,2961.24,0.0,364543,103
KXWWDCMENTION,-18162.11,-20932.03,2769.92,0.0,361232,12
KXTEAMSINNBAEF,-24065.39,-28380.46,4315.07,0.0,361008,33
KXEARNINGSMENTIONNFLX,1274.26,-2121.04,3395.3,0.0,360946,18
KXEVENTTIMES,1496.98,-345.81,1842.79,0.0,357974,40
KXPBAGAME,-3150.49,-7253.23,4102.74,0.0,356412,14
KXNBALOTTERY,-17852.8,-20050.4,2197.6,0.0,356067,10
KXHANTACOUNTRY,4881.94,828.07,4053.87,0.0,355368,25
KXSPACEXBANKPUBLIC,-4808.16,-5729.0,920.84,0.0,354134,36
KXUST10AD,5781.1,4153.86,1627.24,0.0,353817,28
KXNFLDRAFTQB,-3092.86,-5859.44,2766.58,0.0,352656,10
KXB200Q,2322.79,494.14,1828.65,0.0,351747,35
KXUECL,33466.9,28662.31,4804.59,0.0,350139,43
KXBRASILEIROBBTTS,-426.6,-5144.74,4718.14,0.0,349203,10
KXWCAWARDCOMBO,-23446.4,-25668.98,2222.58,0.0,346958,27
KXGTA6,-2511.83,-2857.99,346.16,0.0,346347,93
KXUFCOCCUR,-7438.37,-8935.66,1497.29,0.0,345079,56
KXMETAHEADCOUNT,-1103.39,-4019.05,2915.66,0.0,344327,15
KXHILTONMENTION,370.33,-1114.36,1484.69,0.0,344104,10
KXDFBPOKALSPREAD,66664.61,62007.0,4657.61,0.0,342754,7
KXNEXTHUNGARYPM,-503.88,-619.77,115.89,0.0,342560,25
KXATTENDTRUMPCHINA,50340.73,47951.46,2389.27,0.0,341756,8
KXBALOGUNPLAY,-2477.98,-2946.62,468.64,0.0,337737,1
KXVISITNYC,-3694.46,-4938.24,1243.78,0.0,336848,48
KXBRASILEIROTEAMTOTAL,-9016.8,-12595.16,3578.36,0.0,336458,15
KXNFLTEAM1POS,-13537.98,-16151.53,2613.55,0.0,336451,10
KXPGACUTLINE,-2390.51,-5364.14,2973.63,0.0,334837,8
KXALLINMENTION,-5048.13,-5910.17,862.04,0.0,332224,7
KXWCHATTRICK,20311.64,18840.15,1471.49,0.0,329407,46
KXNEWSOMMENTION,-2336.05,-3295.3,959.25,0.0,328939,5
KXUCLTCORNERS,-32712.17,-37333.17,4621.0,0.0,328489,13
KXUECLTEAMTOTAL,-1410.56,-4630.83,3220.27,0.0,323841,8
KXWNBA2HWINNER,3093.8,306.23,2787.57,0.0,323839,37
KXBNBD,5860.2,3519.88,2340.32,0.0,323611,112
KXEUROCUPGAME,-3038.58,-5796.72,2758.14,0.0,323194,5
KXUEL1HTOTAL,-20970.19,-24962.41,3992.22,0.0,321939,4
KXHMONTHRANGE,-8409.53,-9872.35,1462.82,0.0,321522,92
KXEUROVISIONTELEV,-22695.17,-25448.54,2753.37,0.0,318922,29
KXNBASUMMER,286.11,-1642.39,1928.5,0.0,318683,14
KXKXSPOTIFYNUM1GLB,-4066.52,-5733.19,1666.67,0.0,318550,54
KXSPOTIFYGLOBALD,12429.74,10767.49,1662.25,0.0,318178,74
KXEREDIVISIESPREAD,1188.55,-1096.16,2284.71,0.0,317148,17
KXNBAPLAYOFFPTS,8035.86,5839.38,2196.48,0.0,315776,58
KXUCLWTOTAL,-1024.89,-4927.02,3902.13,0.0,314276,3
KXEPL1HTOTAL,-23318.98,-26081.26,2762.28,0.0,311153,7
KXHARTMENTION,-1759.95,-2732.6,972.65,0.0,310939,2
KXB200WS,24839.11,23383.56,1455.55,0.0,309697,44
KXTRUMPNUMSTATES,-705.06,-3377.2,2672.14,0.0,309120,91
KXWNBA4QSPREAD,-13960.38,-16505.9,2545.52,0.0,309075,38
KXNBANEXTTEAMCONF,-1846.44,-3595.84,1749.4,0.0,307626,13
KXUST5AD,9018.06,7754.64,1263.42,0.0,307118,28
KXNBASERIESPTSLEADER,-6944.58,-10040.09,3095.51,0.0,306709,33
KXNFLDRAFTMATCHUP,8542.6,4509.57,4033.03,0.0,306344,10
KXALBUMTRACKS,-17873.31,-20593.24,2719.93,0.0,305675,24
KXATPMENTION,27555.31,26083.61,1471.7,0.0,305100,11
KXCAGOV2ND,-2820.19,-4266.33,1446.14,0.0,304003,72
KXMOPRIMARY,219.39,-1362.21,1581.6,0.0,303560,67
KXNASDAQDUD,-919.83,-3387.77,2467.94,0.0,303159,54
KXEARNINGSMENTIONSBUX,4830.76,2448.32,2382.44,0.0,303088,25
KXLIUSABOMBSHELL,-6877.22,-8065.01,1187.79,0.0,302072,9
KXPGAR2TOP10,-3163.56,-5639.13,2475.57,0.0,301323,47
KXSCOTTISHPREMSPREAD,-5945.35,-9059.65,3114.3,0.0,300488,7
KXECONSTATCPI,-128.66,-2736.12,2607.46,0.0,300378,91
KXUST30AD,14850.66,13828.01,1022.65,0.0,299446,28
KXART,22741.92,19767.22,2974.7,0.0,299209,68
KXKHLGAME,-6241.66,-8615.95,2374.29,0.0,297859,31
KXARTISTSTREAMS,685.25,-764.63,1449.88,0.0,297752,84
KXNFLDRAFTOL,-7163.59,-10466.6,3303.01,0.0,296552,9
KXSURVIVORRANK,-3099.42,-3450.3,350.88,0.0,296510,3
KXNCAABBCONF,2579.36,1068.36,1511.0,0.0,296234,8
KXEKSTRAKLASASPREAD,5702.81,4068.6,1634.21,0.0,293556,9
KXRAINAUSM,2990.25,858.2,2132.05,0.0,293488,107
KXUST7AD,8333.63,7339.67,993.96,0.0,290066,28
KXURYPDSPREAD,-4304.99,-6501.03,2196.04,0.0,288891,17
KXEARNINGSMENTIONUAL,-2046.24,-4832.43,2786.19,0.0,288661,24
KXWCGAMEGOALS,-3186.41,-4207.18,1020.77,0.0,287380,40
KXLIUKCOUPLE,2724.11,403.84,2320.27,0.0,287374,58
KXLIGUE1BTTS,-10683.39,-14674.57,3991.18,0.0,286787,26
KXFIRSTHURRICANE,9624.09,8304.34,1319.75,0.0,285755,61
KXRANKLISTSONGTOP10,2219.25,1476.33,742.92,0.0,283986,88
KXLPGAR1LEAD,-3661.38,-5008.41,1347.03,0.0,283176,20
KXCLAYTONCONF,6978.16,5180.36,1797.8,0.0,282391,47
KXPOWELLMENTION,9240.5,7775.71,1464.79,0.0,281821,7
KXPERUPRES2ND,-1605.18,-4233.45,2628.27,0.0,280839,31
KXCPICOREYOY,4404.62,1865.35,2539.27,0.0,280348,87
KXNBANEXTCONTRACT,7328.79,5969.46,1359.33,0.0,280282,4
KXTXPRIMARY,-4825.91,-6087.09,1261.18,0.0,279784,54
KXF1SPRINTPOLE,9032.38,6606.46,2425.92,0.0,279021,9
KXARREST,12736.73,10622.56,2114.17,0.0,277865,13
KXAZPRIMARY,6624.99,5054.01,1570.98,0.0,277036,48
KXEPLMENTION,-5592.03,-7173.25,1581.22,0.0,275363,8
KXMLBASGKS,6485.96,5060.41,1425.55,0.0,275288,1
KXAZ5R,-2325.4,-4587.84,2262.44,0.0,274974,74
KXCANNESPALMEDOR,-4462.78,-6095.85,1633.07,0.0,272932,36
KXGOVOKNOMR,-2472.29,-3569.44,1097.15,0.0,272826,61
KXUCLRO4,-20023.27,-22681.57,2658.3,0.0,272232,1
KXKLEAGUESPREAD,-5034.13,-7139.7,2105.57,0.0,271931,16
KXOKPRIMARY,8073.27,6053.7,2019.57,0.0,271890,43
KXVENFUTVETOTAL,3373.07,755.76,2617.31,0.0,271401,7
KXPGAR3TOP10,-15779.24,-17643.7,1864.46,0.0,271390,45
KXEPLTOP4,-1277.12,-4330.87,3053.75,776.04,270947,40
KXTHEWEEKNIGHTMENTION,-2181.62,-2733.83,552.21,0.0,270941,4
KXTRYFIREPOWELL,-6896.59,-8068.79,1172.2,0.0,269878,42
KXDASHORDERS,4608.11,2858.35,1749.76,0.0,268668,23
KXSENATEKYR,-357.6,-1159.01,801.41,0.0,267783,34
KXLEADERSOUT,18394.81,16259.06,2135.75,0.0,267285,73
KXEARNINGSMENTIONCVNA,10175.39,9066.46,1108.93,0.0,267098,22
KXPLATNEROFFICIALWITHDRAW,13158.13,11704.87,1453.26,0.0,265066,2
KXIPLFINALS,-11384.83,-12691.85,1307.02,0.0,263766,14
KXUAL,3896.74,2992.69,904.05,0.0,263677,90
KXFLOYDTYSONFIGHT,-5521.29,-5948.98,427.69,0.0,263237,16
KXEARNINGSMENTIONNVDA,-14978.93,-16941.2,1962.27,0.0,263174,10
KXASEANSPREAD,19546.89,16524.78,3022.11,0.0,263024,3
KXFTNMENTION,1611.44,228.73,1382.71,0.0,262558,14
KXLIVR1LEAD,-8680.56,-9504.82,824.26,0.0,262274,18
KXATPADVANCE,-15133.74,-17372.42,2238.68,0.0,261391,22
KXNCAABBPLAYOFFS,2320.69,-398.45,2719.14,0.0,260846,48
KXAGNOMTXR,-3473.34,-5533.91,2060.57,0.0,260841,42
KXRACE,-8296.34,-9992.38,1696.04,0.0,260765,71
KXKASHANNOUNCEOUT,55.75,-2806.36,2862.11,0.0,259887,104
KXHORMUZTRAFFICW,22415.16,19837.6,2577.56,0.0,259658,7
KXEARNINGSMENTIONDPZ,2546.57,784.06,1762.51,0.0,259629,24
KXAAPLCEOCHANGE,-5683.32,-6461.8,778.48,0.0,259184,72
KXABNB,-7037.94,-8434.84,1396.9,0.0,259178,23
KXIPLSIX,-19623.76,-22159.86,2536.1,0.0,258530,45
KXPERLIGA1BTTS,5980.22,2471.66,3508.56,0.0,258340,12
KXLIVOCCUR,-6202.71,-8038.08,1835.37,0.0,255967,70
KXEFLCHAMPIONSHIPSPREAD,1683.61,47.45,1636.16,0.0,255943,22
KXNASCARTOP20,-880.25,-2796.74,1916.49,0.0,254229,84
KXMADMEN,3601.01,1581.29,2019.72,0.0,252764,14
KXMLBALLSTAR,9245.97,8344.86,901.11,0.0,252256,39
KXHOMANMENTION,18110.76,16337.14,1773.62,0.0,252108,4
KXLIUSACASAAMOR,-2167.04,-2694.75,527.71,0.0,251868,25
KXTBTGAME,2042.91,-1461.82,3504.73,0.0,249869,12
KXWCGROUPGOALS,206.59,-1507.22,1713.81,0.0,247290,43
KXUSIRANMOU,5977.49,4499.41,1478.08,0.0,247243,4
KXMETA,3560.05,1275.87,2284.18,0.0,247030,63
KXPGALOWSCORE,-7985.0,-9160.71,1175.71,0.0,245403,30
KXALITOOUT,-7617.89,-8529.68,911.78,0.0,244428,58
KXIPLFOUR,-5178.35,-7138.52,1960.17,0.0,244053,45
KXTSAW,-1769.85,-3180.01,1410.16,0.0,243562,110
KXWCGOALIEPEN,-9301.21,-10187.23,886.02,0.0,243418,39
KXHOUSENJ11SPECIAL,-133.97,-188.56,54.59,0.0,243032,2
KXNASCARH2H,-1328.23,-4561.24,3233.01,0.0,241790,36
KXNASCARPOLE,-4739.19,-6155.2,1416.01,0.0,239119,22
KXLIGAMX1HBTTS,-5344.84,-7896.76,2551.92,0.0,238617,17
KXEARNINGSMENTIONPEP,-4370.99,-5905.25,1534.26,0.0,236122,13
KXEARNINGSMENTIONSPOT,-1118.32,-1773.86,655.54,0.0,235840,12
KXNEXTSCSENATOR,3073.83,2286.06,787.77,0.0,235399,3
KXWCGOLDENBOOTCLEAT,-2442.42,-3720.34,1277.92,0.0,235394,41
KXH200WS,14647.33,13015.23,1632.1,0.0,234562,45
KXPSASQUASH,3905.49,2317.35,1588.14,0.0,233351,32
KXRAINHOLIDAY,543.49,-601.36,1144.85,0.0,232728,11
KXEMMYNOMS,12012.33,9923.2,2089.13,0.0,232669,34
KXEARNINGSMENTIONPGR,-1438.45,-3475.46,2037.01,0.0,232473,56
KXPOKEMON,13546.58,10450.37,3096.21,0.0,232442,86
KXMLBALLSTARHR,-16536.27,-18837.31,2301.04,0.0,231912,2
KXSPECIALREPORTMENTION,-2073.86,-2419.46,345.6,0.0,231741,2
KXFEDCHAIRCOUNT,201.23,-970.72,1171.95,0.0,230547,28
KXAZ01D,5312.71,3375.33,1937.36,0.0,230299,65
KXTBPNMENTION,-1686.83,-2156.18,469.35,0.0,230196,5
KXDROZMENTION,-172.71,-1813.86,1641.15,0.0,230143,2
KXH200MS,2401.06,1719.2,681.86,0.0,229982,45
KXAPFDDHBTTS,12105.16,9101.99,3003.17,0.0,229976,12
KXELITESERIENBTTS,8794.37,5525.31,3269.06,0.0,229178,14
KXWCTEAMSINGAME,-12997.91,-14006.7,1008.79,0.0,227811,21
KXHANNITYMENTION,-8084.75,-9458.1,1373.35,0.0,226321,11
KXA100WS,-943.86,-1640.57,696.71,0.0,225560,33
KXLIIGAGAME,-6636.43,-8988.91,2352.48,0.0,224892,28
KXLIGAMXFTTS,-5095.57,-6675.72,1580.15,0.0,223729,18
KXHMONTH,-3969.38,-4901.57,932.19,0.0,223456,87
KXDHSCOMPONENT,10069.7,8593.21,1476.49,0.0,223400,17
KXMLS1HSPREAD,8977.33,7223.74,1753.59,0.0,222814,14
KXCOPADOBRASIL1HTOTAL,-22326.78,-24998.33,2671.55,0.0,222752,5
KXWNBAOT,-13755.52,-14807.73,1052.21,0.0,222252,61
KXPGAROUNDLOW,12499.69,10446.15,2053.54,0.0,222189,17
KXWTIMAX,16935.16,15844.63,1090.53,0.0,220675,22
KXGOLDMON,-7561.82,-10043.27,2481.45,0.0,220674,105
KXEARNINGSMENTIONHOOD,9759.36,7719.45,2039.91,0.0,219971,26
KXMOTOGPRACE,12940.37,11421.01,1519.36,0.0,219224,27
KXEARNINGSMENTIONMETA,-7696.0,-10013.69,2317.69,0.0,219029,27
KXUSFLYCAN,8951.35,7523.33,1428.02,0.0,218313,77
KXKLEAGUEBTTS,19077.32,15907.15,3170.17,0.0,218147,14
KXPLTR,-6822.64,-7922.89,1100.25,0.0,215795,73
KXMUSKTRILLION,-3069.11,-4329.04,1259.93,0.0,215251,60
KXSPOTIFYMAU,-6747.93,-8135.22,1387.29,0.0,214840,14
KXMLBDRAFTTOP,4953.65,3711.18,1242.47,0.0,214046,48
KXKLEAGUE1HTOTAL,6718.81,4289.57,2429.24,0.0,213304,15
KXMLBHRDERBYQUAL,8166.99,6822.95,1344.04,0.0,213270,38
KXGREENLAND,-315.23,-315.23,0.0,0.0,212753,70
KXNETFLIXRANKSHOWGLOBAL2,9861.47,8658.16,1203.31,0.0,212534,95
KXDOGEMAXMON,-1168.0,-2280.33,1112.33,0.0,211903,108
KXLARSENR1,-3136.32,-3928.65,792.33,0.0,211833,32
KXLUTNICKFTNMENTION,-4168.57,-4773.87,605.3,0.0,211783,7
KXSILVER15M,4514.05,2334.25,2179.8,0.0,209980,4
KXTXRUNOFFENDORSE,2479.32,774.96,1704.36,0.0,209912,42
KX60MINMENTION,-5912.33,-6580.9,668.57,0.0,208356,4
KXWTI15M,-2189.2,-4560.45,2371.25,0.0,208207,4
KXEARNINGSMENTIONTGT,1736.49,995.06,741.43,0.0,207244,8
KXWCUSAOPPONENT,-4470.17,-6034.15,1563.98,0.0,207229,13
KXEARNINGSMENTIONRDDT,4090.12,1838.91,2251.21,0.0,206608,25
KXEUROVISIONSECONDSFINAL,4369.26,2120.77,2248.49,0.0,206106,7
KXNWSLBTTS,-12025.86,-14754.02,2728.16,0.0,205963,13
KXMLSASTGAME,8816.48,6882.34,1934.14,0.0,205907,2
KXEARNINGSMENTIONUBER,-4500.19,-6614.58,2114.39,0.0,204946,24
KXTSWIFTTOYSTORY,660.39,-293.67,954.06,0.0,203364,33
KXEARNINGSMENTIONWING,-6442.09,-8494.81,2052.72,0.0,203186,23
KXVOTEBUDGETRESS,2304.2,2064.98,239.22,0.0,202659,5
KXCOST,-1482.01,-2801.22,1319.21,0.0,202586,44
KXEARNINGSMENTIONRACE,1952.71,503.09,1449.62,0.0,201781,17
KXSC01R,-2860.82,-4389.66,1528.84,0.0,201493,67
KXWAPRIMARY,5604.19,4542.42,1061.77,0.0,201257,74
KXGTA6ONTIME,-2265.52,-2424.15,158.63,0.0,200974,42
KXCTPRIMARY,5546.18,4887.04,659.14,0.0,200120,14
KXEUROVISIONJURY,3269.54,1343.84,1925.7,0.0,198969,22
KXEFLCUPTOTAL,-10228.34,-12224.97,1996.63,0.0,197047,6
KXKLEAGUE1H,-484.31,-2393.46,1909.15,0.0,196504,12
KXDARTSMATCH,1967.83,637.49,1330.34,0.0,194831,25
KXWCWINNERTRAIL,27261.5,24362.09,2899.41,0.0,194628,43
KXBILLS,-40.47,-450.54,410.05,0.0,194394,61
KXFEAR,5260.37,3927.41,1332.96,0.0,194326,33
KXWHCDATTEND,1200.62,389.22,811.4,0.0,194012,87
KXINDYCARTOP3,-3468.43,-5488.81,2020.38,0.0,193257,24
KXCHLLDPSPREAD,5288.83,3669.91,1618.92,0.0,193104,9
KXOHPRIMARY,6027.54,5566.28,461.26,0.0,192908,22
KXDXYDUD,366.61,-451.97,818.58,0.0,192862,31
KXNHLSERIESSPREAD,9788.49,7007.32,2781.17,0.0,192664,60
KXMAMDANIENDORSE,-1069.32,-2625.7,1556.38,0.0,192641,9
KXDJI,17790.86,16416.93,1373.93,0.0,192537,21
KXIPOSTARLINK,-2805.74,-3116.51,310.77,0.0,191698,53
KXSILVERMON,-10330.85,-12399.62,2068.77,0.0,191007,103
KXLEAVEHOUSE,-4936.33,-6285.84,1349.51,0.0,190475,76
KXCHOPPEDCASTAWAYS,20687.3,19615.74,1071.56,0.0,189864,66
KXBILLSCOUNT,8383.75,7253.72,1130.03,0.0,188966,101
KXNYPRIMARY,-1487.57,-2361.89,874.32,0.0,187898,48
KXTRUMPBIBIMEET,-3292.64,-4727.28,1434.64,0.0,187807,16
KXCOPADELREYADVANCE,-29467.84,-31897.71,2429.87,0.0,186642,2
KXCHNSLBTTS,4458.5,1901.97,2556.53,0.0,186631,12
KXLALIGA,-2451.69,-2879.6,427.91,113.57,186191,26
KXWCIRAN,469.02,-424.89,893.91,0.0,185114,62
KXUFCWHITEHOUSE,-2222.95,-2719.64,496.69,0.0,185089,61
KXUCL1HSPREAD,-3582.88,-4631.34,1048.46,0.0,184943,26
KXEARNINGSMENTIONVZ,3481.02,1789.17,1691.85,0.0,184414,19
KXCRITICALITY,-6454.64,-8255.6,1800.96,0.0,184158,108
KXCOLOMBIAPRES1R,-6272.39,-7425.46,1153.07,0.0,183976,40
KXMLSASTTOTAL,-7467.15,-9663.32,2196.17,0.0,183732,2
KXRFKMENTION,-7958.42,-9335.6,1377.18,0.0,183258,4
KXWNBACCUP,-1229.0,-3318.72,2089.72,0.0,182935,64
KXSPOTIFYARTISTD,8256.34,7136.87,1119.47,0.0,182814,74
KXDIMAYORBTTS,10488.33,8129.72,2358.61,0.0,181868,11
KXGOVKSNOMR,-1973.02,-3152.06,1179.04,0.0,181192,98
KXUSDJPY,5861.22,4791.57,1069.65,0.0,180947,109
KXINPRIMARY,2370.72,1933.45,437.27,0.0,180703,22
KXEARNINGSMENTIONALK,270.37,-1261.26,1531.63,0.0,179666,12
KXNPBRFI,204.81,-1750.96,1955.77,0.0,179587,17
KXRTX5090MS,2012.92,1473.99,538.93,0.0,178631,45
KXLPBGAME,6501.46,4660.35,1841.11,0.0,178457,10
KXEARNINGSMENTIONMU,-10178.78,-11999.54,1820.76,0.0,177866,3
KXEUROVISIONFIRSTSFINAL,2424.48,750.24,1674.24,0.0,177851,5
KXEARNINGSMENTIONGEV,2121.27,855.21,1266.06,0.0,177356,30
KXCMG,3455.3,1971.64,1483.66,0.0,177279,61
KXUSL1HTOTAL,-7364.35,-9042.33,1677.98,0.0,177178,9
KXBILLBOARDRUNNERUPSONG,2650.18,1642.45,1007.73,0.0,176779,96
KXEARNINGSMENTIONBAC,1786.18,673.27,1112.91,0.0,176718,16
KXEARNINGSMENTIONPYPL,-3039.62,-4762.03,1722.41,0.0,176440,18
KXHOUSINGSTART,-12478.64,-14311.08,1832.44,0.0,175728,89
KXUSLSPREAD,-9925.61,-11055.08,1129.47,0.0,174981,16
KXNVPRIMARY,2949.21,1694.97,1254.25,0.0,174492,52
KXFEDDISSENT,6455.15,5632.17,822.98,0.0,173812,94
KXNBAATTEND,-4525.85,-5448.22,922.37,0.0,173628,42
KXUCLWADVANCE,-13140.0,-15027.38,1887.38,0.0,172909,5
KXMTCH,-1974.25,-2956.78,982.53,0.0,172629,44
KXEARNINGSMENTIONDIS,7512.97,5822.66,1690.31,0.0,172535,26
KXCBDECISIONEU,-2761.72,-3310.3,548.58,0.0,171563,95
KXTRUFTSA,-10783.78,-12158.66,1374.88,0.0,170201,50
KXUAPFILES,5771.43,4502.57,1268.86,0.0,169940,44
KXVALORANT,-1374.18,-2926.25,1552.07,0.0,169404,19
KXMDPRIMARY,-115.28,-914.7,799.43,0.0,169011,67
KXBETHELSEAT,11826.12,9857.65,1968.47,0.0,167960,10
KXNEWTARIFFS,302.83,-1527.5,1830.33,0.0,167853,56
KXEARNINGSMENTIONALLY,2301.03,905.0,1396.03,0.0,167754,7
KXARGNACBSPREAD,4467.53,3466.31,1001.22,0.0,167560,11
KXSCHW,6704.83,6248.47,456.36,0.0,166692,27
KX1ALBUM,1416.51,638.39,778.12,0.0,165426,102
KXDOGEMAX1,-1035.61,-1178.2,142.59,0.0,164803,43
KXEARNINGSMENTIONLLY,-28.27,-1308.01,1279.74,0.0,163626,30
KXEARNINGSMENTIONAXP,3938.44,2906.07,1032.37,0.0,163185,10
KXCOLOMBIAN2RMOV,-6652.97,-7740.54,1087.57,0.0,163183,33
KXTRUMPCOUNTRIES,2831.65,2201.27,630.38,0.0,162385,75
KXGOVPANOMR,-485.39,-555.7,70.31,0.0,162245,24
KXGOLFTOURN,-4096.35,-5306.62,1210.27,0.0,162235,6
KXNBASWEEP,-3098.74,-4577.48,1478.74,0.0,161630,28
KXF1TOPCONSTRUCTOR,-3934.42,-5315.15,1380.73,0.0,160825,71
KXSPOTIFYARTISTW,13797.28,12695.83,1101.45,0.0,160020,60
KXSENATEVAR,2364.63,1967.52,397.11,0.0,160008,87
KXNEXTCHANCELLOR,6081.2,5021.96,1059.24,0.0,159767,29
KXEURUSD,7238.72,6367.28,871.44,0.0,159290,109
KXLCPIMAXYOY,4445.55,3341.76,1103.79,0.0,159113,57
KXUSL1H,-2353.02,-3201.33,848.31,0.0,159096,12
KXNBAPLAYOFF3D,-9216.6,-10284.99,1068.39,0.0,159021,58
KXNASCARFASTLAP,-2607.26,-3418.98,811.72,0.0,158751,86
KXB200MON,12530.94,11816.65,714.29,0.0,158722,52
KXEARNINGSMENTIONYUM,4344.1,2678.83,1665.27,0.0,157101,11
KXEARNINGSMENTIONMSFT,6936.02,5649.08,1286.94,0.0,157093,22
KXBALLERLEAGUEGAME,-4423.66,-5423.98,1000.32,0.0,156910,19
KXINXHUD,8613.22,6925.08,1688.14,0.0,156107,24
KXEARNINGSMENTIONCMG,301.88,-1118.84,1420.72,0.0,155938,23
KXSHIBAD,3380.04,3022.63,357.41,0.0,155888,95
KXNJPRIMARY,5522.57,4387.97,1134.6,0.0,155792,55
KXLAXTEWAARATON,-1333.48,-2966.33,1632.85,0.0,155748,44
KXICEERO,7791.82,6758.62,1033.21,0.0,155126,57
KXNY17D,-1033.26,-2373.88,1340.62,0.0,154484,65
KXNBA2NDTEAM,1388.7,568.55,820.15,0.0,154246,40
KXALEAGUESPREAD,-1546.47,-2646.7,1100.23,0.0,153909,19
KXCS2QUALIFIERS,939.83,-61.56,1001.39,0.0,153737,20
KXSENATEALD,-15633.42,-16648.39,1014.97,0.0,152790,58
KXROLEATEVENTLOLLA,-955.25,-1399.88,444.63,0.0,152666,110
KXAWARDMENTION,-1494.9,-2360.47,865.57,0.0,152543,1
KXCHINAAI,2240.39,1622.47,617.92,0.0,152495,15
KXDENSUPERLIGASPREAD,-4447.79,-5394.48,946.69,0.0,152360,8
KXWNBANEXTTEAM,6827.53,6273.49,554.04,0.0,152215,5
KXTRUMPVH,2352.47,860.9,1491.57,0.0,151168,57
KXCA11PRIMARY,-2529.78,-4097.66,1567.88,0.0,150923,50
KXALBUMLENGTH,-8490.65,-9302.87,812.22,0.0,149833,71
KXSENATEWVR,-352.54,-430.95,78.41,0.0,148848,18
KXNBA4QTOTAL,215.05,-1712.28,1927.33,0.0,148731,8
KXEARNINGSMENTIONKR,-733.57,-1423.85,690.28,0.0,148704,4
KXLIGAEXPSPREAD,4760.98,3943.3,817.68,0.0,148520,7
KXTITLEDTUESTOP,3123.25,2119.93,1003.32,0.0,148457,64
KXURYPDBTTS,-11213.9,-13247.55,2033.65,0.0,148457,17
KXICEMANALBUMS,-4359.86,-5032.58,672.72,0.0,148227,10
KXNFLMENTION,-11103.96,-12027.71,923.75,0.0,146944,2
KXBRASILEIROC1HTOTAL,-565.87,-1866.57,1300.7,0.0,146851,3
KXBA,4359.9,3647.24,712.66,0.0,146205,77
KXUE,-289.52,-1589.96,1300.44,0.0,146089,108
KXEARNINGSMENTIONAAL,-285.45,-1448.38,1162.93,0.0,146064,8
KXCOPADOBRASIL1H,2041.77,740.15,1301.62,0.0,144580,5
KXSENATENJR,-5249.78,-6387.73,1137.95,0.0,144309,37
KXNEWGLENN,185.19,-776.49,961.68,0.0,142397,46
KXMATHAI,3450.18,2380.49,1069.69,0.0,142294,52
KXNBAGAME7,886.66,-698.73,1585.39,0.0,142209,58
KXNLGAME,-25633.72,-26937.04,1303.32,0.0,141956,13
KXSP500ADDQ,-3358.17,-4021.8,663.63,0.0,141814,75
KXLASEN1R,-1442.08,-1728.1,286.02,0.0,141772,16
KXFRONTIER,8201.4,6413.31,1788.09,0.0,141532,107
KXNBAPIADVANCE,-12589.45,-14184.09,1594.64,0.0,141321,26
KXFIELDS,-3316.56,-4586.28,1269.71,0.0,141165,97
KXLEAGUESCUPTOTAL,23296.68,21470.42,1826.26,0.0,140936,4
KXUFLTOTAL,4464.15,2875.4,1588.75,0.0,140933,23
KXRDDT,2582.82,1633.53,949.29,0.0,140280,66
KXSUSPENDGASTAX,97.95,-1356.54,1454.49,0.0,140210,46
KXTOPALBUM,-797.83,-1139.61,341.78,0.0,139947,79
KXMANAGERSOUT,12233.62,11203.37,1030.25,0.0,139513,96
KXEARNINGSMENTIONSNAP,3514.62,2480.53,1034.09,0.0,138550,11
KXEARNINGSMENTIONGRAB,5994.84,4452.09,1542.75,0.0,138414,11
KXUTPRIMARY,3330.73,2532.52,798.21,0.0,137668,48
KXEARNINGSMENTIONDAL,-443.53,-1417.81,974.28,0.0,136533,12
KXSPOTIFY2D,2796.04,1861.57,934.47,0.0,136161,72
KXNASCARTOPTEAM,4676.72,3549.59,1127.13,0.0,135913,53
KXNBASIXTH,-9006.39,-10022.46,1016.07,0.0,135480,8
KXMAKARYOUT,7104.53,5927.43,1177.1,0.0,135213,8
KXMI11D,-746.56,-1592.0,845.44,0.0,135160,52
KXWATSONRNC,6729.94,5083.35,1646.59,0.0,135105,75
KXCPINDEX,2854.86,1882.74,972.12,0.0,134931,9
KXCANPLSPREAD,-1301.59,-1838.47,536.88,0.0,134848,11
KXEARNINGSMENTIONBA,-5825.68,-7262.94,1437.26,0.0,134334,16
KXPRIMARYCOUNTY,3301.49,2619.99,681.5,0.0,134238,44
KXTOPDRAKEALBUM,-1081.79,-1222.45,140.66,0.0,133520,9
KXINSOSNOMR,-5440.35,-6560.49,1120.15,0.0,133456,67
KXKHANNAMENTION,-890.23,-1152.0,261.77,0.0,133433,4
KXINDYCARTOP10,-4854.05,-6050.01,1195.96,0.0,133320,24
KXSTEAMPRICE,257.87,-730.04,987.91,0.0,132702,69
KXUSNFP,2639.34,1636.73,1002.61,0.0,132177,27
KXSPRLVL,-1479.64,-2100.63,620.99,0.0,132076,28
KXAMA,6145.42,5123.78,1021.64,0.0,131726,36
KXWCBRACE,-18402.2,-19706.17,1303.97,0.0,131720,4
KXGOVMINOMD,-969.67,-1121.72,152.06,0.0,131499,74
KXNBASERIES3PMLEADER,-7264.37,-8245.73,981.36,0.0,131485,14
KXWCATTENDSWIFT,-6264.33,-7239.85,975.52,0.0,130573,39
KXOH9R,-2138.37,-2515.7,377.33,0.0,130514,22
KXEFLPROMO,-1424.34,-2355.75,931.41,0.0,130004,39
KXMLSFTTS,738.61,106.42,632.19,0.0,129808,16
KXGOLFMAJORS,-8387.46,-9467.9,1080.44,0.0,129075,95
KXBRASILEIROC1H,-13617.19,-14653.72,1036.53,0.0,128337,3
KXH100MON,5382.27,4534.63,847.64,0.0,128042,73
KXBRASILEIROCSPREAD,13412.38,12096.94,1315.44,0.0,127508,5
KXNCLH,14030.68,12910.77,1119.91,0.0,127504,50
KXGOVNMNOMR,-307.18,-1518.24,1211.06,0.0,127207,45
KXLARSENMOV,1130.43,955.66,174.77,0.0,127080,37
KXMCD,3391.78,2548.55,843.23,0.0,126989,66
KXKSPRIMARY,6965.37,6265.2,700.17,0.0,126898,53
KXEARNINGSMENTIONF,5640.69,4273.42,1367.27,0.0,126376,6
KXAIPAUSE,11178.56,9435.31,1743.25,0.0,126373,95
KXVOTEFEDCHAIR,4905.16,4327.42,577.74,0.0,125890,29
KXCOMPANYACTIONMERGER,-3341.22,-3656.85,315.63,0.0,125554,69
KXEPLTEAMTOTAL,-6272.9,-7919.88,1646.98,0.0,125294,7
KXPARDONSTRUMP,7250.31,6559.33,690.98,0.0,125287,97
KXH100WS,5460.99,4857.62,603.37,0.0,125043,33
KXEPLGOAL,-10440.27,-11922.97,1482.7,0.0,124783,19
KXWCPLAY,-4438.27,-5878.68,1440.41,0.0,124437,2
KXMEDIARELEASEADDTRAILER,456.81,-961.14,1417.95,0.0,124385,97
KXUELTEAMTOTAL,-11972.66,-13585.39,1612.73,0.0,124134,9
KXBDS3PTOU,-7625.52,-9127.89,1502.37,0.0,124048,4
KXMLS1HBTTS,3459.5,2067.91,1391.59,0.0,124022,16
KXPGAMAJORTOP10,-8533.09,-9526.67,993.58,0.0,124007,69
KXGRANDSLAM,-13340.09,-14825.96,1485.87,0.0,123446,74
KXWCFASTESTGOAL,-2260.92,-2760.93,500.01,0.0,123312,39
KXUECLFTTS,-1087.97,-1461.77,373.8,0.0,122920,7
KXECONSTATU3,-3878.42,-5165.98,1287.56,0.0,121662,72
KXNCAAMBNEXTCOACH,3879.11,3107.15,771.96,0.0,121620,19
KXSTEYERMENTION,-198.91,-477.98,279.07,0.0,121457,5
KXEARNINGSMENTIONJPM,4313.92,3459.69,854.23,0.0,121396,15
KXCYCLINGTEAM,-2867.5,-4004.03,1136.53,0.0,121133,24
KXGOVERNORMENTION,-172.99,-803.79,630.8,0.0,120980,6
KXRIVN,-17236.41,-18070.92,834.51,0.0,120291,66
KXEARNINGSMENTIONMS,1181.63,341.01,840.62,0.0,119640,16
KXCA04PRIMARY,-1374.51,-2007.91,633.4,0.0,119446,36
KXLIRRSTRIKE,1902.44,973.33,929.11,0.0,119442,2
KXCBDECISIONBRAZIL,947.81,174.11,773.7,0.0,119345,80
KXDCMAYORD,-1638.34,-2526.72,888.38,0.0,118963,63
KXLIGAMXADVANCE,4625.17,3583.13,1042.04,0.0,118878,5
KXMEAD,4824.01,4217.62,606.39,0.0,118640,44
KXMAR,-759.08,-1250.19,491.11,0.0,118337,54
KXEARNINGSMENTIONCBRL,-1334.49,-1831.5,497.01,0.0,118147,2
KXSCOTTISHPREMBTTS,-1251.46,-2913.4,1661.94,0.0,117619,4
KXBOYCOTTWC,-1412.87,-1604.84,191.98,0.0,117034,57
KXFIBAECUPGAME,-7523.16,-8718.05,1194.89,0.0,116771,3
KXNBAFTM,-8024.67,-9285.56,1260.89,0.0,116724,16
KXNBAPTSALLGAMES,-6242.85,-7589.8,1346.95,0.0,116354,14
KXHBIDENMENTION,1320.95,666.41,654.54,0.0,116053,2
KXMOVWISUPREMECOURT,-181.44,-230.26,48.82,0.0,115626,26
KXGOVMENOMR,867.75,249.3,618.44,0.0,115572,64
KXNHLNORRIS,-2839.62,-3519.6,679.98,0.0,115234,50
KXJOHNSONMENTION,-525.11,-919.47,394.36,0.0,115024,4
KXNDQHUD,4530.05,3322.15,1207.9,0.0,114655,25
KXNEXTLEVELCHEF,-2411.19,-2894.93,483.74,0.0,114282,38
KXPRIMARYMATCHUP,-785.46,-1293.46,508.0,0.0,114115,4
KXZELENSKYPUTIN,-1236.93,-1586.58,349.66,0.0,113676,71
KXDPWORLDTOURMAKECUT,16543.21,16024.32,518.89,0.0,113327,27
KXSHAKETRUMPXI,-1938.57,-2773.5,834.93,0.0,113316,2
KXROADOUTCOME,295.65,14.89,280.76,0.0,113219,7
KXGENERICBALLOTVOTEHUB,2213.33,738.56,1474.77,0.0,113115,93
KXCBDECISIONMEXICO,-1963.44,-2656.55,693.11,0.0,113030,62
KXUCLFIRSTGOAL,-4449.04,-5262.25,813.21,0.0,113028,6
KXHOLIDAYTMIN,-657.7,-957.8,300.1,0.0,112917,11
KXTITLEDTUESDAY,-7667.86,-8411.12,743.26,0.0,112210,71
KXEARNINGSMENTIONNKE,-97.92,-901.78,803.86,0.0,112166,6
KXVISITVENEZUELA,-259.5,-398.36,138.86,0.0,112127,17
KXBALGAME,-3709.43,-4409.25,699.82,0.0,111594,16
KXGOVAZNOMR,-610.98,-680.65,69.65,0.0,111345,50
KXUELSCORE,-4737.0,-5485.09,748.09,0.0,110882,10
KXLEAGUESCUPSPREAD,13627.15,12225.65,1401.5,0.0,110822,4
KXALBUMRELEASEDATEUZI,11047.14,10188.85,858.29,0.0,110680,80
KXDJTATTACKNETANYAHU,-14684.82,-16076.06,1391.24,0.0,110660,14
KXARSENALCUPS,-6168.42,-7572.94,1404.52,0.0,110457,45
KXNBACLUTCH,-317.3,-545.28,227.98,0.0,110288,7
KXDASH,1000.16,433.06,567.1,0.0,109655,71
KXNASCARCHALLENGE,1262.7,321.45,941.25,0.0,109343,41
KXFEDLEADJUNE,170.43,-217.48,387.91,0.0,109263,47
KXCOPADELREY,-141.06,-1262.54,1121.48,0.0,109244,4
KXNBAUPSET,1044.09,2.01,1042.08,0.0,109132,33
KXPLNT,-1384.65,-1613.04,228.39,0.0,108970,21
KXFISALENGTH,8783.42,7715.09,1068.33,0.0,108412,8
KXCOPADOBRASILBTTS,-10487.28,-11860.43,1373.15,0.0,108355,6
KXCA40PRIMARYADVANCE,3781.52,2929.77,851.75,0.0,108302,55
KXCAGOVPRIMARYEXACT,2681.28,2270.57,410.7,0.0,108260,23
KXLUV,4352.49,3723.59,628.9,0.0,107925,96
KXSENATEWVD,3103.66,2509.88,593.78,0.0,107657,27
KXEARNINGSMENTIONORCL,-1172.44,-1844.0,671.56,0.0,107479,8
KXDOGEMINMON,-574.3,-997.97,423.67,0.0,106934,107
KXPULTEDNI,2625.83,1347.71,1278.12,0.0,106924,17
KXKYPRIMARY,1402.26,746.04,656.22,0.0,106771,34
KXNBAFINBLOWOUT,1756.92,692.52,1064.4,0.0,106489,19
KXCOPADOBRASILADVANCE,-846.14,-1441.01,594.87,0.0,106472,4
KXASEANBTTS,-19603.58,-21306.73,1703.15,0.0,106228,3
KXPGAR1TOP20,-2839.27,-3927.7,1088.43,0.0,105630,10
KXHYPEMAXMON,1219.66,312.75,906.91,0.0,105297,92
KXNBAPICKTRADE,-1479.59,-1970.25,490.66,0.0,105287,10
KXKXSENATEIAD,3105.65,2419.72,685.93,0.0,105275,48
KXB200MS,2448.08,2056.63,391.45,0.0,105046,45
KXEARNINGSMENTIONCOST,1765.48,1152.6,612.88,0.0,104756,3
KXWCGOALCOMBO,-2919.22,-3187.09,267.87,0.0,103975,41
KXNBA3PTALLGAMES,3690.8,2453.27,1237.53,0.0,103784,14
KXCBDECISIONENGLAND,-253.72,-537.04,283.32,0.0,103145,94
KXMESENOUTCOME,-3703.28,-4006.42,303.14,0.0,103090,19
KXIPO,-158.92,-368.14,209.22,57.81,101277,92
KXBRASILEIRO1HSPREAD,4956.34,4242.01,714.33,0.0,100951,11
KXWNBA3PTROUND,-1823.99,-3144.44,1320.45,0.0,100298,3
KXBRITAINSGOTTALENT,1181.8,574.59,607.21,0.0,100053,13
KXMCGREGORFIGHTNEXT,-834.94,-1273.88,438.94,0.0,100043,87
KXEARNINGSMENTIONLYFT,-5291.18,-6096.31,805.13,0.0,98940,18
KXCOPPAITALIAADVANCE,10239.24,8956.33,1282.91,0.0,98869,3
KXSCPRIMARY,1558.81,883.69,675.12,0.0,98730,48
KXJENSENMENTION,1057.3,631.74,425.56,0.0,98400,4
KXEARNINGSMENTIONHPE,367.51,-382.13,749.64,0.0,98387,7
KXNBADRAFTMATCHUP,-2047.35,-3150.38,1103.03,0.0,98258,33
KXWCWINGROUP,8182.45,7165.31,1017.14,0.0,98177,38
KXNBADRAFTCAT,-4165.24,-5089.87,924.63,0.0,98118,60
KXUFLSPREAD,-5954.07,-6989.34,1035.27,0.0,98093,28
KXAZ01R,1350.46,762.12,588.34,0.0,97794,72
KXNY8D,-1126.4,-1534.59,408.19,0.0,97402,34
KXAQICITY,3318.17,2600.32,717.85,0.0,97123,3
KXPERUPRESMATCHUP,-1666.87,-2486.0,819.13,0.0,97114,30
KXLEADERUCLGOALS,-2072.98,-2580.97,507.99,0.0,97106,44
KXEKSTRAKLASABTTS,-6004.12,-7298.29,1294.17,0.0,96726,9
KXNYCMAYORDEBATEMENTION,-3032.94,-3395.2,362.26,0.0,96547,3
KXFETTERMANSWITCH,-226.95,-599.73,372.78,0.0,96149,33
KXNYTHEAD,-293.22,-788.74,495.52,0.0,95839,100
KXTAIWANLVL4,905.5,761.68,143.82,0.0,95808,62
KXDNCAUTOPSY,-14339.02,-15461.31,1122.29,0.0,95094,17
KXSHIRLEYMENTION,-2209.92,-2468.98,259.06,0.0,94552,2
KXNBASERIESOT,-5518.77,-5921.42,402.65,0.0,94290,14
KXSWATCHLOW,2072.62,1805.29,267.33,0.0,94023,6
KXAGANNOUNCE,5044.86,4131.46,913.4,0.0,93947,55
KXRECBILL,4115.64,3183.73,931.91,0.0,93926,44
KXLIGAEXP1HTOTAL,1591.27,767.43,823.84,0.0,93894,7
KXCBDECISIONCANADA,-83.67,-299.63,215.96,0.0,93866,72
KXTRUMPKENNEDYNAME,1975.33,1384.47,590.86,0.0,93058,13
KXGOVKSNOMD,-622.94,-1342.43,719.49,0.0,92467,84
KXLASENMATCHUP,473.06,-152.74,625.8,0.0,92458,26
KXNFLDRAFTLB,207.31,-512.46,719.77,0.0,92457,10
KXNHL30COMEBACK,-1231.32,-1399.8,168.48,0.0,92338,31
KXEARNINGSMENTIONSTZ,1191.16,778.84,412.32,0.0,92325,7
KXEARNINGSMENTIONKO,-593.02,-954.38,361.36,0.0,91836,12
KXKNESSET,3910.92,3012.93,897.99,0.0,91314,65
KXF,949.48,726.09,223.39,0.0,91236,66
KXECONSTATCPICORE,3457.53,2347.28,1110.25,0.0,91233,77
KXEARNINGSMENTIONADBE,-901.36,-1438.6,537.24,0.0,91200,3
KXMT01D,812.27,106.89,705.38,0.0,90680,45
KXUECL1HSPREAD,-2942.52,-3624.3,681.78,0.0,90538,8
KXJETFUEL,13954.69,12966.73,987.96,0.0,90384,72
KXTNOTED,-5535.99,-6529.39,993.4,0.0,90308,67
KXSENATEMIR,-78.44,-96.27,17.82,0.0,89943,47
KXUCLMOF,19028.15,18143.66,884.49,0.0,89911,2
KXACTBLUETOP,4070.52,3414.0,656.52,0.0,89414,18
KXEARNINGSMENTIONWMT,-533.92,-1105.06,571.14,0.0,89412,7
KXEARNINGSMENTIONCCL,-1138.49,-1645.32,506.83,0.0,88515,6
KXUSPPIYOY,12073.3,11002.79,1070.51,0.0,88473,68
KXFEDGOVMENTION,3879.85,3283.29,596.56,0.0,88436,2
KXBTC60VS100,807.63,344.5,463.13,0.0,88264,10
KXHYPEMINMON,4743.71,4080.18,663.53,0.0,88142,96
KXEARNINGSMENTIONJNJ,1356.98,700.36,656.62,0.0,87830,15
KXLIGAEXP1H,-1798.66,-2417.47,618.81,0.0,87795,6
KXHNLSPREAD,-3943.77,-4766.15,822.38,0.0,87712,6
KXEARNINGSMENTIONCAR,12920.27,12571.44,348.83,0.0,87468,7
KXIBOV,2875.02,2592.66,282.36,0.0,87374,27
KXNFLDRAFTTEAMPOS,1547.2,656.52,890.68,0.0,87284,3
KXCHESSTOURNAMENT,6962.49,6434.1,528.39,0.0,87146,39
KXEARNINGSMENTIONLEVI,1723.68,1168.15,555.53,0.0,87024,3
KXNCAABBHR,487.96,289.07,198.89,0.0,87004,11
KXNHLSERIESGAMES,-2533.99,-3670.8,1136.81,0.0,86839,59
KXPERUPRESMOV,-158.89,-700.02,541.13,0.0,86728,34
KXTRUMPTOPIC,-3137.86,-3803.34,665.48,0.0,86670,4
KXRTX5090Q,2174.94,1701.46,473.48,0.0,86389,34
KXEARNINGSMENTIONFDX,-1699.84,-2342.11,642.27,0.0,86269,7
KXSTARWARS,-1382.77,-1532.84,150.07,0.0,86142,37
KXEARNINGSMENTIONPG,-7563.85,-8466.77,902.92,0.0,86134,10
KXATPGRANDSLAM,6962.69,6333.32,629.37,0.0,86129,82
KXGUTFELDMENTION,-2422.45,-2634.06,211.61,0.0,86108,2
KXTEAMSINNCAABBWS,-638.69,-1165.49,526.8,0.0,86100,9
KXMLBPITCHEROTM,393.92,-494.11,888.03,0.0,85993,95
KXPLAYTOGETHERJBJT,2321.51,1463.36,858.15,0.0,85680,68
KXSBUX,4738.99,4037.01,701.98,0.0,85674,63
KXCHINAANNOUNCE,255.46,-716.34,971.8,0.0,85606,6
KXSCRSENSRUN,10097.7,9229.33,868.37,0.0,85251,8
KXH100MS,252.08,159.08,93.0,0.0,85213,27
KXVANCEPAKISTAN,-1142.79,-1693.78,550.99,0.0,85033,38
KXSAMSUNGSTRIKE,-1741.04,-2313.43,572.39,0.0,84856,24
KXMLBPLAYEROTM,-787.21,-1657.62,870.41,0.0,84823,102
KXGOOG,7002.07,6285.81,716.26,0.0,84676,30
KXTARIFFRATEPRC,-2914.87,-3615.91,701.04,0.0,84211,76
KXCPICOREHEAD,-622.2,-700.26,78.06,0.0,84085,20
KXNATGASMON,-2843.13,-3650.98,807.85,0.0,84056,101
KXPBR,-2900.87,-3219.08,318.21,0.0,84027,12
KXTX18D,-67.5,-431.85,364.35,0.0,83777,41
KXCVNA,5194.83,4525.46,669.37,0.0,83747,70
KXRBWSTRIKE,4931.55,4534.23,397.32,0.0,83333,16
KXRBLX,5296.34,4569.3,727.04,0.0,83282,84
KXSENATEKSD,-1115.67,-1481.82,366.16,0.0,83147,102
KXWCOCUSA,485.62,185.36,300.26,0.0,83051,4
KXSCOCUPSPREAD,6850.93,6245.86,605.07,0.0,82899,6
KXTRUMPSAYTRUMP,-4154.91,-4599.13,444.22,0.0,82485,78
KXCBDECISIONRUSSIA,-3172.2,-3992.17,819.97,0.0,82442,95
KXBRASILEIRO1HBTTS,-6880.4,-7682.49,802.09,0.0,82420,14
KXTRUFEGGS,9069.23,8408.46,660.77,0.0,82368,39
KXTRILLIONAIRE,120.36,-91.15,211.51,0.0,82007,60
KXARGNACBBTTS,4615.64,3741.82,873.82,0.0,81849,8
KXEARNINGSMENTIONHIMS,-2765.04,-3204.32,439.28,0.0,81590,5
KXYOU,1295.86,688.99,606.87,0.0,81385,53
KXWTATOURNWIN,-3208.03,-3562.78,354.75,0.0,81359,19
KXISMPMI,3393.14,2469.55,923.59,0.0,81327,95
KXCHESSFIDERATINGTOP,9458.09,8787.9,670.19,0.0,81269,60
KXWCLONGESTPEN,-1723.47,-1988.27,264.8,0.0,81087,30
KXWNBASSTARS,3716.14,3095.4,620.74,0.0,80545,1
KXSONGRELEASEDATEAG,-1511.83,-2056.33,544.5,0.0,80477,43
KXSNAP,5049.53,4517.75,531.78,0.0,80373,67
KXEFLCUPADVANCE,2746.4,1757.94,988.46,0.0,79679,4
KXCOPPERMON,-5149.72,-6017.78,868.06,0.0,79673,94
KXSONGRELEASEDATE,3022.79,2614.25,408.54,0.0,79585,65
KXG7LEADEROUT,1276.22,949.97,326.25,0.0,79327,92
KXPRIMESPEND,1063.56,393.35,670.21,0.0,79313,10
KXMANCHESTERMAYOR,769.71,556.13,213.58,0.0,79165,41
KXEARNINGSMENTIONTFC,-1381.99,-1953.04,571.05,0.0,78921,3
KXCOINBASE,-622.97,-1145.69,522.72,0.0,78844,38
KXF1DELAY,-1115.48,-1579.77,464.29,0.0,78815,2
KXTRUMPMEETING,3783.43,3384.14,399.29,0.0,78780,89
KXRTX5090MON,2866.94,2586.66,280.28,0.0,78452,61
KXYTVIEWSHIGH,3623.47,3297.4,326.07,0.0,78417,7
KXCHLLDPBTTS,-1787.34,-2803.21,1015.87,0.0,78401,7
KXGEMINI,-112.15,-928.87,816.72,0.0,78018,34
KXWCMBAPPEGOALLEADER,9941.03,9529.12,411.91,0.0,78010,21
KXMO,5870.83,5386.72,484.11,0.0,77883,78
KXUSISMSERV,6725.12,6128.94,596.18,0.0,77791,18
KXALBUMRELEASEDATEARIANA,405.37,243.87,161.5,0.0,77749,71
KXATPGRANDSLAMFIELD,-2883.92,-3550.42,666.5,0.0,76308,52
KXEARNINGSMENTIONAVAV,-3465.1,-4140.09,674.99,0.0,76062,5
KXNBAH2HBENCHPTS,-5375.92,-6490.53,1114.61,0.0,75970,15
KXWH,1416.92,1088.13,328.79,0.0,75876,70
KXEBOLACOUNTRY,12.0,-624.62,636.62,0.0,75742,44
KXKNVBCUPGAME,983.7,703.55,280.15,0.0,75678,4
KXTRUMPENDORSE,5274.27,4455.45,818.82,0.0,75586,64
KXNHLADAMS,6951.27,6254.12,697.15,0.0,75436,50
KXNCAAMLAXF4,1130.38,564.14,566.24,0.0,75235,16
KXGOVNMNOMD,-333.36,-522.4,189.04,0.0,75076,46
KXWARRENSEAT,-3847.5,-4547.42,699.92,0.0,74967,9
KXMTN,728.13,157.85,570.28,0.0,74643,52
KXCORNW,4238.34,3514.33,724.01,0.0,74543,17
KXUSDIRR,1477.78,1025.21,452.57,0.0,74498,41
KXAGNOMAZR,-6380.7,-6948.12,567.42,0.0,74348,66
KXNFLDRAFTEDGE,6466.0,5491.73,974.27,0.0,74197,9
KXBDS3PT,-10695.0,-11602.27,907.27,0.0,74077,4
KXVOTECOUNTSURVIVOR,-1092.85,-1555.4,462.55,0.0,73985,8
KXLEMANS24H,-840.53,-1424.55,584.02,0.0,73962,7
KXNE2R,-68.21,-90.98,22.77,0.0,73948,12
KXEARNINGSMENTIONMTN,1156.33,568.4,587.93,0.0,73857,5
KXFEDTWEETS,2119.77,1695.9,423.87,0.0,73724,45
KXEFLCUPGAME,3095.24,2307.99,787.25,0.0,73663,4
KXNBASERIESREBLEADER,-3784.08,-4661.91,877.83,0.0,73214,14
KXNFLDRAFTTE,-1624.31,-2185.17,560.86,0.0,72860,10
KXULTA,-1406.36,-1779.09,372.73,0.0,72804,8
KXEARNINGSMENTIONURBN,-704.58,-944.7,240.12,0.0,72706,9
KXJAMESBEARD,-100.34,-390.16,289.82,0.0,72670,20
KXDENSUPERLIGABTTS,793.03,-222.12,1015.15,0.0,72400,5
KXECONSTATCORECPIYOY,-1230.76,-1908.83,678.07,0.0,72386,85
KXCOPPAITALIATOTAL,-7706.12,-8670.77,964.65,0.0,72284,3
KXROCKETLEAGUE,-2629.86,-3089.65,459.79,0.0,71973,29
KXCREDITC,-881.68,-1146.83,265.15,0.0,71893,44
KXEARNINGSMENTIONC,4419.49,3855.85,563.64,0.0,71381,15
KXNFLDRAFTRB,-8553.47,-9116.65,563.18,0.0,71153,11
KXLEAGUESCUPSCORE,-245.39,-585.5,340.11,0.0,71065,4
KXDJTWHDINNER,-888.69,-1046.49,157.8,0.0,71058,10
KXBILBASKETBALL,7288.44,6375.42,913.02,0.0,71056,6
KXME02D,1036.59,486.2,550.4,0.0,71027,52
KXFDX,-3127.86,-3714.37,586.51,0.0,70823,65
KXARTISTVS,-813.61,-1245.67,432.06,0.0,70592,43
KXGOVMDNOMR,-214.84,-706.28,491.43,0.0,70393,57
KXLCATTLEW,553.85,-41.03,594.88,0.0,70026,17
KXBIG3GAME,4592.79,4113.91,478.88,0.0,69993,15
KXRANKLISTSPOTIFYGTOP3,380.91,306.3,74.61,0.0,69945,14
KXMADWOMEN,-3963.17,-4737.77,774.6,0.0,69859,13
KXCZEFLBTTS,4503.79,3628.9,874.89,0.0,69676,5
KXDPZ,1325.21,937.14,388.07,0.0,69488,12
KXHIMS,-692.54,-1139.85,447.31,0.0,69233,24
KXMARRIAGEBEAST,2140.66,1798.09,342.57,0.0,69016,94
KXYUM,1970.05,1811.95,158.1,0.0,68879,3
KXIIHF,-5057.78,-5760.63,702.85,0.0,68771,17
KXCALIEUTENANTGOV,-2107.97,-2258.67,150.7,0.0,68634,38
KXAMSAVO,-325.58,-757.1,431.52,0.0,68608,43
KXUSRETAIL,-1224.03,-2137.44,913.41,0.0,68473,78
KXBBMENTION,-3653.78,-4001.14,347.36,0.0,68398,4
KXNFLDRAFTDB,-12112.03,-12911.89,799.86,0.0,68372,9
KXEARNINGSMENTIONABNB,-14.79,-549.95,535.16,0.0,68354,18
KXBRASILEIROB1HSPREAD,2038.28,1651.49,386.79,0.0,68220,9
KXVENFUTVESPREAD,247.64,-295.06,542.7,0.0,68185,7
KXEFLCHAMPIONSHIPADVANCE,4656.25,3727.96,928.29,0.0,67886,3
KXWING,4489.91,4099.55,390.36,0.0,67867,10
KXWTAROE,322.41,76.8,245.61,0.0,67697,8
KXDELGAME,-1955.96,-2301.91,345.95,0.0,67366,16
KXTRUMPAPPROVALBELOW,3492.82,2853.22,639.6,0.0,67319,95
KXWHITEPARTY,962.82,626.09,336.73,0.0,67282,9
KXCYCLINGJERSEY,-3970.92,-4718.19,747.27,0.0,67219,21
KXLEAGUESCUPTEAMTOTAL,4325.72,3398.7,927.02,0.0,67210,4
KXGOVSCNOMD,-1604.35,-1964.83,360.48,0.0,67204,44
KXEARNINGSMENTIONDELL,1880.37,1421.54,458.83,0.0,67052,3
KXNYCMDEBMENTION,-3120.56,-3440.32,319.76,0.0,67003,2
KXMLC,-563.8,-1217.05,653.25,0.0,66818,31
KXEARNINGSMENTIONON,1680.47,1350.96,329.51,0.0,66725,8
KXB200MAX,823.94,698.83,125.11,0.0,66530,29
KXLTGOVGANOMD,2175.45,1602.92,572.53,0.0,66464,49
KXEARNINGSMENTIONLULU,-2830.65,-3122.92,292.27,0.0,66202,9
KXARENASCORE,4661.89,4121.73,540.16,0.0,66038,24
KXEARNINGSMENTIONLMT,2567.54,1978.03,589.51,0.0,66037,2
KXHBUDGETRES,6056.09,5455.19,600.9,0.0,65777,46
KXSOYBEANW,-1377.14,-1970.49,593.35,0.0,65623,17
KXHORMUZPEAK,2193.04,1552.89,640.15,0.0,65517,9
KXBURNHAMPM,3291.93,2661.64,630.29,0.0,65361,29
KXFRGDPYOYP,1083.3,966.46,116.84,0.0,65337,38
KXEARNINGSMENTIONOKLO,321.47,103.78,217.69,0.0,64888,2
KXUSAEXPANDTERRITORY,-452.45,-539.48,87.02,0.0,64860,66
KXEARNINGSMENTIONCRCL,-2244.68,-2476.26,231.58,0.0,64791,5
KXTRUFBPPI,19905.93,19314.49,591.44,0.0,64776,10
KXDFBPOKAL,4364.68,3706.31,658.37,0.0,64666,26
KXEARTHQUAKE,-363.08,-895.92,532.84,0.0,64653,20
KXSOCCERPLAYMESSI,-1478.12,-1643.7,165.58,0.0,64643,49
KXPERSONPUBLIC,11642.09,10949.94,692.15,0.0,64628,69
KXUSDURABLE,27235.57,26501.69,733.88,0.0,64600,10
KXSCOTTISHPREM1HTOTAL,-756.64,-1440.55,683.91,0.0,64425,5
KXCAGOV3RD,1636.87,1098.14,538.73,0.0,64179,61
KXPAPRIMARY,46.33,-132.37,178.7,0.0,64100,29
KXEARNINGSMENTIONV,-1625.72,-1922.78,297.06,0.0,63807,12
KXSENATEKYD,-940.37,-1114.32,173.95,0.0,63741,32
KXTACAPORTTOTAL,-490.36,-1164.26,673.9,0.0,63640,3
KXELHGAME,-2590.03,-3166.49,576.46,0.0,63620,12
KXCBDECISIONKOREA,1371.75,987.17,384.58,0.0,63581,76
KXPGAR3TOP5,-7064.6,-7756.21,691.61,0.0,63528,13
KXLIGAEXPBTTS,-2807.03,-3496.38,689.35,0.0,63510,7
KXNEXTMANAGERLALIGA,823.71,430.61,393.1,0.0,63466,31
KXEARNINGSMENTIONVSCO,1418.41,819.01,599.4,0.0,63389,8
KXLUTNICKOUT,-4253.64,-4793.46,539.82,0.0,63280,63
KXRUPAULDRAGRACE,1746.35,1255.82,490.53,0.0,63240,7
KXTISZASEATS,6025.26,5466.36,558.9,0.0,63183,4
KXTRUMPUAP,109.44,-220.75,330.19,0.0,62858,76
KXPGAUSO,1445.31,1202.35,242.96,0.0,62833,31
KXFACUPADVANCE,1928.33,1162.45,765.88,0.0,62821,4
KXNHLVEZINA,-484.27,-716.07,231.8,0.0,62595,52
KXTOST,1820.08,1533.88,286.2,0.0,62495,42
KXJOINCLUB,1560.37,1138.42,421.95,0.0,62440,80
KXEARNINGSMENTIONGS,2616.46,2077.01,539.45,0.0,62380,15
KXDECPIPREL,1383.88,1022.89,360.99,0.0,62240,38
KXPERUPRES1R,-398.17,-448.27,50.1,0.0,62031,29
KXUECL1HBTTS,1705.37,1261.38,443.99,0.0,61581,9
KXUST10A,644.66,122.51,522.15,0.0,61495,27
KXSTARMERCABLEAVE,3916.03,3496.35,419.68,0.0,61414,40
KXDUBLINBY,-227.67,-361.76,134.09,0.0,61349,4
KXEARNINGSMENTIONHD,-3636.73,-4226.81,590.08,0.0,61341,8
KXAIREVIEW,939.85,186.56,753.29,0.0,61144,27
KXMEDIACOVEREAFC,1141.8,1008.28,133.52,0.0,61077,2
KXWRESTLINGMATCH,-2027.82,-2295.4,267.58,0.0,60897,5
KXSHLGAME,-8115.57,-8744.37,628.8,0.0,60763,14
KXUSLBTTS,-2907.21,-3684.92,777.71,0.0,60507,12
KXBRAZILINF,1351.44,838.46,512.98,0.0,60437,70
KXSC01D,312.43,-2.96,315.38,0.0,60393,32
KXETHMINY,-2847.53,-3786.07,938.54,0.0,60236,48
KXTRUMPAPOLOGY,-960.96,-1178.71,217.75,0.0,60230,28
KXPA07D,-1507.02,-1871.17,364.15,0.0,59868,34
KXWCTEAM1STGOAL,-1305.13,-1431.82,126.69,0.0,59724,24
KXWEEKSNUM1,1012.11,771.14,240.97,0.0,59706,63
KXSUMMERHOUSECAST,6693.73,6164.4,529.33,0.0,59693,63
KXEARNINGSMENTIONWFC,1238.69,740.51,498.18,0.0,59517,15
KXSWISSLEAGUESPREAD,11069.51,10512.86,556.65,0.0,59515,5
KXEZGDPQOQF,817.09,717.29,99.8,0.0,59324,18
KXWTAADVANCE,-1382.39,-1623.55,241.16,0.0,59297,20
KXPGAEAGLE,-757.26,-1024.66,267.4,0.0,59086,7
KXTRADEDEALCUBA,-5864.33,-6563.62,699.29,0.0,59063,102
KXLITHIUMW,8646.58,8087.63,558.95,0.0,58705,17
KXLIVTOP10,-1186.96,-1804.94,617.98,0.0,58480,28
KXCA22PRIMARY,576.85,186.02,390.82,0.0,58472,46
KXDJIA,-181.62,-429.11,247.49,0.0,58463,43
KXESGDPYOYF,-186.21,-299.86,113.65,0.0,58331,41
KXTRUMPDELETE,5014.59,4661.07,353.52,0.0,58313,90
KXWCOCMEX,782.44,693.26,89.18,0.0,57972,3
KXFARRERBYELECTION,6738.76,6356.15,382.61,0.0,57805,27
KXYTVIEWSW,3532.92,3292.17,240.75,0.0,57783,6
KXSENATECOR,-207.13,-231.9,24.78,0.0,57686,42
KXLTGOVGANOMR,1052.31,322.88,729.43,0.0,57575,52
KXTOL,1891.96,1555.4,336.56,0.0,57111,8
KXPOWELLPROTEMP,-5602.84,-5941.55,338.71,0.0,56820,7
KXNFLDRAFTCOMPARE,-384.44,-565.15,180.71,0.0,56574,5
KXUSPPI,-8511.5,-8907.44,395.94,0.0,56214,7
KXSPOTIFYALBUMW,564.11,381.2,182.91,0.0,56079,41
KXMARATHON,3174.03,2729.16,444.87,0.0,56022,5
KXBNBMINMON,5720.2,5382.1,338.1,0.0,55715,59
KXPGABOGEYFREE,916.63,477.64,438.99,0.0,55551,11
KXORPRIMARY,577.81,450.78,127.03,0.0,55263,24
KXEGGS,-3586.01,-3991.48,405.47,104.87,55240,82
KXAMZN,-4330.28,-4754.99,424.71,0.0,55120,37
KXNCAABBGS,2891.31,2434.78,456.53,0.0,54957,66
KXKOSPI,1740.17,1646.59,93.58,0.0,54692,10
KXCOPPAITALIASPREAD,14810.8,14111.48,699.32,0.0,54476,5
KXEARNINGSMENTIONCAVA,-6.23,-429.41,423.18,0.0,54360,7
KXWCOLIMPICO,-1599.32,-1739.28,139.96,0.0,54181,34
KXSKEXPYOY,1901.47,1429.12,472.35,0.0,53929,51
KXINTC,-723.76,-1004.8,281.04,0.0,53845,24
KXWNBAGAMESPLAYED,-652.35,-707.68,55.33,0.0,53705,25
KXNBASERIESCOMEBACK,-2733.01,-3378.61,645.6,0.0,53420,14
KXKIMMELAPOLOGY,-1777.37,-1985.93,208.56,0.0,53023,4
KXEARNINGSMENTIONULTA,433.46,22.67,410.79,0.0,52878,8
KXDFBPOKALADVANCE,1262.2,587.51,674.69,0.0,52493,2
KXUFLCHAMP,-3281.94,-3886.68,604.74,0.0,52277,51
KXSQUASHMATCH,2716.66,2501.28,215.38,0.0,52261,18
KXCEBLGAME,551.34,207.16,344.18,0.0,52001,8
KXTRUMPSLAUGHTERVOTE,-185.84,-295.98,110.15,0.0,51939,61
KXSULYOKOUT,3573.11,2946.7,626.41,0.0,51845,52
KXNFLTRADE,-2695.92,-3036.42,340.5,0.0,51794,31
KXTRUMPSUPREMELEADER,-286.05,-365.64,79.59,0.0,51696,25
KXLPGAR2LEAD,-2065.82,-2255.89,190.07,0.0,51684,18
KXARMENIAPARLI,-1817.85,-2008.2,190.34,0.0,51461,35
KXPREMDARTS,-802.75,-1208.06,405.31,0.0,51254,44
KXEPLCORNERS,8283.94,7603.49,680.45,0.0,51141,7
KXNYCRENTFREEZE,-2491.26,-2927.42,436.15,0.0,51138,69
KXCOMPANYACTIONLAYOFF,205.29,-101.05,306.34,0.0,50902,71
KXEARNINGSMENTIONSNOW,-570.47,-794.09,223.62,0.0,50584,2
KXJUDGECOUNT,5683.03,5322.71,360.32,0.0,50522,47
KXBTC75VS100,-654.42,-1027.06,372.64,0.0,50505,12
KXDEREMEROUT,4209.7,3914.08,295.62,0.0,50274,7
KXUST30A,1129.18,721.22,407.96,0.0,50151,26
KXEARNINGSMENTIONCRWD,-1747.27,-2092.34,345.07,0.0,50042,9
KXEARNINGSMENTIONGIS,1034.33,738.8,295.53,0.0,49962,3
KXNHSALES,854.32,202.17,652.15,0.0,49869,91
KXTRUFCCI,33068.28,32405.67,662.61,0.0,49751,7
KXGOLFMAJOR,-2787.43,-3156.09,368.66,0.0,49722,78
KXEBAY,3450.82,2973.98,476.84,0.0,49692,71
KXNCAABBFINAL,-675.91,-1124.15,448.24,0.0,49533,9
KXUSDBRLMAXM,162.02,-17.23,179.25,0.0,49421,42
KXZECMAXMON,2591.81,2416.35,175.46,0.0,49402,17
KXUT1D,529.49,229.96,299.53,0.0,49274,61
KXEZGDPYOYF,2403.82,2320.72,83.1,0.0,49191,21
KXVENFUTVEBTTS,-1594.48,-2264.11,669.63,0.0,49185,6
KXCOFFEEW,-4390.45,-4795.45,405.0,0.0,49029,17
KXALBUMRELEASE,3874.56,3577.43,297.13,0.0,48837,95
KXEPLTOP6,1072.25,660.22,412.03,0.0,48820,40
KXKLAR,-1459.41,-1739.16,279.75,0.0,48819,3
KXMAJORPROTEST,309.06,-65.61,374.67,0.0,48591,88
KXATPACES,-1678.62,-1872.72,194.1,0.0,48582,8
KXEURUSDAW,30.76,-314.38,345.14,0.0,48550,5
KXSCOTTISHPREM1H,-1925.56,-2320.56,395.0,0.0,48316,5
KXWCSONG,-2299.98,-2504.06,204.08,0.0,48290,38
KXGOLFNEXTWIN,-1390.33,-1705.43,315.1,0.0,48148,55
KXDIMONMENTION,1336.03,1066.32,269.71,0.0,48135,1
KXADP,2619.2,2038.63,580.57,0.0,48037,89
KXLBPGAME,196.12,-281.83,477.95,0.0,47863,10
KXTHEBEAT,220.02,3.92,216.1,0.0,47821,2
KXCONMEBOLSUD1HSPREAD,-2475.95,-2823.35,347.4,0.0,47765,6
KXWCHOSTWIN,-4258.8,-4545.13,286.33,0.0,47346,5
KXUSADATACENTERS,3693.18,3295.03,398.15,0.0,47334,32
KXMILLSPLATNER,4955.99,4532.26,423.73,0.0,47187,48
KXCA11PERSON,-4046.98,-4591.01,544.03,0.0,47131,42
KXSHOP,-342.17,-661.72,319.55,0.0,47014,32
KXHANTACOUNT,-2469.44,-3000.88,531.44,0.0,47011,20
KXEARNINGSMENTIONM,-104.32,-349.92,245.6,0.0,46851,8
KXBOXINGDISTANCE,-3795.08,-4161.04,365.96,0.0,46846,2
KXRUGBYESLMATCH,211.0,-21.98,232.98,0.0,46807,58
KXHD,-45.65,-383.36,337.71,0.0,46713,8
KXUST30,765.04,493.93,271.11,0.0,46270,30
KXBET,290.85,17.06,273.79,0.0,46229,24
KXTBCRUNCHWRAP,2353.8,1795.86,557.94,0.0,46101,25
KXANIMEAOTY,-146.75,-552.65,405.9,0.0,45951,39
KXPRATTCONCEDE,-2103.71,-2590.34,486.63,0.0,45936,27
KXNYSECONDHOMETAX,1833.34,1565.51,267.83,0.0,45878,33
KXWCOCCAN,1037.48,918.82,118.66,0.0,45814,4
KXINSURRECTION,-115.83,-155.94,40.11,0.0,45795,14
KXGARSENMATCHUP,1823.08,1628.85,194.23,0.0,45742,2
KXMLBSTATCOUNT,901.67,539.97,361.7,0.0,45682,95
KXNBA3RDTEAM,-1417.24,-1615.48,198.24,0.0,45627,40
KXROLEATMETGALA,-3263.56,-3641.23,377.67,0.0,45564,19
KXCONMEBOLSUD1HBTTS,665.07,220.58,444.49,0.0,45399,9
KXBRASILEIROB1HBTTS,-212.98,-631.11,418.13,0.0,45260,11
KXWALESPARLIAMENT,500.56,236.69,263.87,0.0,45209,20
KXBILLBOARDRUNNERUPALBUM,3168.8,2959.59,209.21,0.0,44728,74
KXNFLLASTPICKPOS,119.85,-135.83,255.68,0.0,44445,3
KXEARNINGSMENTIONDE,-1510.46,-1900.42,389.96,0.0,44420,7
KXBRASILEIROCBTTS,10154.65,9617.08,537.57,0.0,44374,4
KXATP1RANK,434.42,299.57,134.85,0.0,44224,56
KXSUGARW,4054.66,3667.42,387.24,0.0,44205,17
KXVRASCOTUSVOTE,4292.13,3978.23,313.9,0.0,44143,13
KXDEFAPPROP,507.53,273.89,233.64,0.0,43958,73
KXFEDERALCHARGE,3717.14,3387.09,330.05,0.0,43920,24
KXMAKERFIELDMOV,698.98,459.3,239.68,0.0,43910,21
KXEUROLEAGUE,5527.67,5018.2,509.47,0.0,43786,24
KXWCEVERYTEAMGOAL,3801.89,3260.58,541.31,0.0,43601,24
KXPGA5BALL,-1853.84,-2392.6,538.76,0.0,43567,5
KXGOVNYNOMD,-181.05,-213.54,32.49,0.0,43551,59
KXEARNINGSMENTIONANF,-488.94,-715.47,226.53,0.0,43448,2
KXVOTERECNCS,459.18,-4.83,464.01,0.0,43407,26
KXROKU,-1460.15,-1675.91,215.76,0.0,43373,8
KXSWISS10MILLION,-2045.07,-2454.65,409.58,0.0,43321,34
KXCCL,2118.96,1919.07,199.89,0.0,43278,54
KXNEXTMANAGERMANU,160.77,-196.29,357.06,0.0,43239,38
KXTNOTEW,1543.99,1157.71,386.28,0.0,43213,55
KXPRESSBRIEFINGCOUNT,1620.07,1280.41,339.66,0.0,43160,83
KXMELI,788.1,422.28,365.82,0.0,43134,43
KXTRUMPVSLAUGHTER,-946.96,-1181.67,234.71,0.0,43047,70
KXNEXTMANAGEREPL,413.77,157.25,256.52,0.0,42930,43
KXSAILGPRACE,-992.26,-1249.79,257.53,0.0,42854,38
KXCHESSMATCH,1728.25,1407.71,320.54,0.0,42723,6
KXNBASERIESASTLEADER,523.72,74.86,448.86,0.0,42648,14
KXACQANNOUNCESPACEX,-383.76,-730.55,346.79,0.0,42611,55
KXUCLWSPREAD,-3623.72,-3978.41,354.69,0.0,42535,3
KXWCGOALSALLOWED,2956.88,2686.44,270.44,0.0,42520,16
KXTABLETENNISMATCH,8348.08,7884.73,463.35,0.0,42471,3
KXEARNINGSMENTIONCHWY,-1147.65,-1361.65,214.0,0.0,42460,8
KXUST30AM,-1120.96,-1522.69,401.73,0.0,42446,25
KXPGAWINNERREGION,-94.6,-572.87,478.27,0.0,42286,19
KXSONGRELEASEDATEPC,3664.47,3291.4,373.07,0.0,41821,40
KXBRASILEIROFTTS,469.57,136.25,333.32,0.0,41622,12
KXRECNCHVOTE,1468.87,1317.19,151.68,0.0,41559,13
KXUSTYLD,3908.13,3539.5,368.63,0.0,41409,39
KXCOPPAITALIA,1164.04,787.87,376.17,0.0,41373,25
KXALPRIMARY,694.11,480.59,213.52,0.0,41347,44
KXNBA1STTEAMDEF,-8.4,-305.22,296.82,0.0,41024,37
KXEARNINGSMENTIONAVGO,520.97,270.37,250.6,0.0,41015,9
KXSENATEIAR,-182.97,-246.37,63.4,0.0,40932,34
KXDISAPPROVETARIFF,-509.53,-577.36,67.84,0.0,40673,30
KXPERUPRES1RMOV,166.82,-161.3,328.12,0.0,40636,28
KXTRUMPPASSPORT,-2772.9,-3200.78,427.88,0.0,40565,49
KXUSDEBTMON,-2273.22,-2562.45,289.23,0.0,40401,15
KXGOVNVNOMD,-12.94,-41.43,28.49,0.0,40135,28
KXCHIPBURRITO,1931.99,1718.11,213.88,0.0,40093,33
KXFALLOUTRELEASE,-549.62,-606.32,56.7,0.0,40090,73
KXEARNINGSMENTIONBB,-766.09,-888.75,122.66,0.0,39943,2
KXEARTHQUAKEM,-2222.75,-2440.45,217.7,0.0,39908,8
KXSCOTPARLIAMENT,15.82,-14.34,30.16,0.0,39763,25
KXSENATECONFIRM,-3026.67,-3292.21,265.54,0.0,39732,16
KXCRUDEEXPORTBAN,1601.92,1423.27,178.65,0.0,39554,35
KXFTSE,1266.63,1165.28,101.35,0.0,39399,19
KXSENATELAD,209.96,94.05,115.91,0.0,39397,64
KXCO8D,-572.89,-853.73,280.84,0.0,39360,59
KXCHAICUTS,3457.31,2931.55,525.76,0.0,39357,41
KXAGCONF,-258.8,-439.07,180.28,0.0,39281,67
KXLIVR2LEAD,-564.01,-757.49,193.48,0.0,39228,5
KXNFLSUPDRAFTPICK,2054.35,1757.29,297.06,0.0,39218,37
KXH200MON,4087.53,3742.76,344.77,0.0,39073,61
KX1SONG,502.96,187.36,315.6,0.0,38919,57
KXUST30M,-5952.58,-6240.04,287.46,0.0,38891,27
KXSERIEA1HTOTAL,-670.68,-1151.04,480.36,0.0,38855,5
KXIMFTWEETS,2884.05,2602.06,281.99,0.0,38672,32
KXSENATEOHSR,-239.73,-259.47,19.74,0.0,38399,16
KXUST2,4482.24,4178.89,303.35,0.0,38397,20
KXSIMIAMI,2153.8,1868.41,285.39,0.0,38192,6
KXGOVOHNOMD,202.67,183.63,19.04,0.0,38017,13
KXBDSFTCHALLENGE,1022.79,494.41,528.38,0.0,37953,20
KXNFLDRAFTDT,-2498.31,-2772.31,274.0,0.0,37718,9
KXFEATUREZLARSSON,3823.43,3513.54,309.89,0.0,37682,17
KXF1SPRINTTOP5,585.84,310.07,275.77,0.0,37651,17
KXCOCOAW,3026.44,2680.45,345.99,0.0,37484,16
KXGRAB,732.04,599.82,132.22,0.0,37483,29
KXELECTIRAN,-338.95,-338.95,0.0,0.0,37377,65
KXHIGHINFLATION,927.33,669.82,257.51,0.0,37272,44
KXALBUMSTREAMSU,2018.25,1694.45,323.8,0.0,37033,58
KXROLEINPRODUCTIONDOOMSDAY,-417.5,-519.97,102.47,0.0,36963,70
KXPLATNERENDORSE,-459.63,-826.49,366.86,0.0,36924,25
KXLPGAR3LEAD,-2210.76,-2379.26,168.5,0.0,36905,20
KXEPL1HSPREAD,-8152.03,-8591.64,439.61,0.0,36726,8
KXEARNINGSMENTIONKLAR,-1662.85,-1769.59,106.74,0.0,36238,3
KXHEGSETHANNOUNCEOUT,-448.53,-667.61,219.07,0.0,36184,91
KXLIPATURNERLOCATION,-7223.52,-7450.83,227.31,0.0,36168,27
KXUCLSOA,-5305.4,-5819.98,514.58,0.0,36090,2
KXMEDIARELEASEICEMAN,1008.35,754.83,253.52,0.0,36019,31
KXMLSASTSPREAD,-3035.68,-3510.39,474.71,0.0,35951,1
KXBUILDPERMS,2321.2,2033.61,287.59,0.0,35917,74
KXA100MON,1726.47,1426.82,299.65,0.0,35898,47
KXEARNINGSMENTIONMRVL,223.39,-7.71,231.1,0.0,35898,2
KXPOWERKWH,3054.26,2747.16,307.1,0.0,35885,35
KXTRUMPENDORSESC,626.97,456.48,170.49,0.0,35816,14
KXWNBAWINS,-1728.64,-1981.06,252.42,0.0,35534,65
KXHOILW,1412.56,1050.05,362.51,0.0,35422,17
KXTRUMPCRYPTOCONF,-1347.99,-1643.52,295.53,0.0,35203,12
KXNBAPOLOSE,-1371.75,-1649.23,277.48,0.0,34912,11
KXGASOSR,591.82,411.45,180.37,0.0,34822,48
KXGAPRIMARY1R,5350.26,4980.0,370.26,0.0,34802,21
KXLIVTOP5,2635.22,2279.45,355.77,0.0,34778,28
KXLEAGUESCUP1H,5481.08,4957.86,523.22,0.0,34676,3
KXNEPRIMARY,1816.2,1646.78,169.42,0.0,34615,16
KXWCGOALSTREAK,586.09,275.39,310.7,0.0,34559,20
KXEFFTARIFF,2455.11,2133.75,321.36,0.0,34552,65
KXWCREGIONKO,108.49,-140.01,248.5,0.0,34444,26
KXCOMPANYACTIONEA,2361.12,2079.39,281.73,0.0,34393,56
KXFESTIVALEVENTPACHNYC,1441.04,1018.11,422.93,0.0,34213,48
KXA100MS,1079.66,973.76,105.9,0.0,34193,31
KXCA01S,-316.8,-449.39,132.59,0.0,34143,43
KXMOSTSTREAMED,1406.15,1320.9,85.25,0.0,34056,9
KXCOLOMBIA1R2,-4448.71,-4804.69,355.98,0.0,33960,29
KXWVPRIMARY,-845.61,-1005.88,160.27,0.0,33857,19
KXARMOMINF,-591.87,-950.61,358.74,0.0,33439,68
KXWHVISIT,2689.95,2427.59,262.36,0.0,33436,58
KXTOURNAMENTOFCHAMPIONS,-1046.35,-1165.4,119.05,0.0,33429,6
KXNHLDRAFTTOP,-1300.5,-1563.63,263.13,0.0,33360,25
KXCLAUDE5,357.28,235.06,122.22,0.0,33303,46
KXSUMOWIN,1711.69,1483.05,228.64,0.0,33265,21
KXROASTSUBJECT,-550.03,-637.49,87.46,0.0,33224,26
KXWCHOSTKO,1815.18,1561.12,254.06,0.0,33126,37
KX10Y3M,2269.22,2150.94,118.28,0.0,33100,8
KXSWISSLEAGUEBTTS,-2514.22,-2969.41,455.19,0.0,32982,3
KXIAPRIMARY,269.05,135.08,133.97,0.0,32934,36
KXABERDEENSOUTHBY,-528.81,-609.68,80.87,0.0,32865,13
KXUNMENTION,-2659.65,-2873.84,214.19,0.0,32811,2
KXNEWROLECEOAPPLE,3478.08,3313.79,164.29,0.0,32730,5
KXDROPOUTPRIMARY,6226.55,5948.03,278.52,0.0,32700,42
KXJOINTRUMPADMIN,324.93,216.25,108.69,0.0,32577,53
KXHSI,-11570.69,-11672.91,102.22,0.0,32571,15
KXEARNINGSMENTIONRIVN,272.17,55.15,217.02,0.0,32569,8
KXUST10,313.7,105.29,208.41,0.0,32518,24
KXBNBMAXMON,1345.6,1030.09,315.51,0.0,32484,94
KXMEDIACOVERSI,629.64,469.49,160.15,0.0,32168,27
KXHORMUZMAX,-2971.25,-3194.78,223.53,0.0,32157,12
KXCBDECISIONAUSTRALIA,-585.08,-709.65,124.57,0.0,32140,48
KXLOSEPRIMARYSENATER,-736.37,-897.37,161.0,0.0,32012,40
KXNIKKEI,890.8,828.98,61.82,0.0,31908,11
KXEARNINGSMENTIONBULL,-57.46,-304.15,246.69,0.0,31860,9
KXPANAMATRAFFIC,3526.62,3225.92,300.7,0.0,31726,59
KXHAITITPS,1219.41,906.08,313.33,0.0,31587,11
KXH200MAX,620.91,451.06,169.85,0.0,31554,42
KXH100Q,1338.61,1207.17,131.44,0.0,31538,23
KXSENATENED,-212.67,-319.75,107.08,0.0,31465,15
KXNY15D,-346.36,-401.31,54.95,0.0,31394,35
KXNJ07D,-168.96,-262.24,93.28,0.0,31286,44
KXDPWORLDTOURR2LEAD,1670.83,1582.28,88.55,0.0,31269,9
KXNBASERIESGCOMEBACK,7240.13,7075.86,164.27,0.0,31249,13
KXSPOT,-1835.1,-2123.22,288.12,0.0,31099,72
KXCBDISRAEL,994.51,744.7,249.81,0.0,31077,52
KXLACASADELOSFAMOSOS,-655.78,-821.08,165.3,0.0,31073,26
KXMLBDEBUT,2101.57,1967.77,133.8,0.0,31001,51
KXWEFTWEETS,1734.16,1536.83,197.33,0.0,30991,30
KXAAAGASMAXFL,-327.6,-408.32,80.72,0.0,30892,28
KXCACPIYOY,-650.46,-937.98,287.52,0.0,30872,38
KXSPORTSEMMY,-1470.7,-1710.09,239.39,0.0,30861,27
KXSERIEA,-403.74,-434.25,30.51,8.15,30839,20
KXSENATESDR,431.37,376.97,54.4,0.0,30713,22
KXWTIMAXM,-544.77,-720.11,175.34,0.0,30671,8
KXZETA,1791.61,1632.41,159.2,0.0,30624,10
KXAPCALLLAMAYOR,806.77,711.84,94.93,0.0,30534,7
KXEARNINGSMENTIONRY,-242.59,-379.77,137.18,0.0,30485,3
KXMD06D,-2199.66,-2448.14,248.48,0.0,30331,45
KXDCDELD,7.79,-72.45,80.24,0.0,30301,35
KXDEBUTSONG,3399.91,3145.78,254.13,0.0,30229,23
KXAGNOMMID,-6663.11,-6872.88,209.77,0.0,29764,5
KXCLAYTONDNI,1455.92,1329.36,126.56,0.0,29740,5
KXH100W,3763.12,3376.47,386.65,0.0,29725,88
KXBULL,1575.74,1250.9,324.84,0.0,29716,9
KXNDALR,-299.32,-324.74,25.42,0.0,29638,33
KXKLEAGUE1HBTTS,2294.81,2025.97,268.84,0.0,29543,11
KXMEASLES,-251.33,-286.08,34.75,0.0,29532,26
KXAIRFARECPI,-1715.88,-2028.52,312.64,0.0,29531,60
KXURBN,1839.71,1533.13,306.58,0.0,29522,9
KXUSEDCARCPI,1465.55,1226.75,238.8,0.0,29487,60
KXCANNESBESTACTOR,957.83,764.55,193.28,0.0,29442,26
KXTRUMPENDORSELOSS,-214.28,-277.08,62.8,0.0,29122,23
KXMANAGEROUTDATE,-49.58,-132.9,83.32,0.0,29089,18
KXTRUMPSTATES,2046.48,1787.39,259.09,0.0,29006,71
KXFDAAPPROVE,4775.22,4455.6,319.62,0.0,28868,50
KXEPLFIRSTGOAL,-1077.45,-1328.74,251.29,0.0,28852,19
KXCANNESBESTDIRECTOR,-317.87,-474.63,156.76,0.0,28823,18
KXEPLTCORNERS,-4179.48,-4612.81,433.33,0.0,28755,6
KXGABBARDANNOUNCEOUT,5338.76,5101.88,236.88,0.0,28690,38
KXJPMCEOCHANGE,-2113.79,-2156.48,42.69,0.0,28656,35
KXCABLEAVE,6571.33,6268.25,303.08,0.0,28594,53
KXNICKELW,-1286.35,-1507.72,221.37,0.0,28581,15
KXGOVCTNOMR,239.87,46.27,193.6,0.0,28555,41
KXEARNINGSMENTIONTOL,389.28,271.11,118.17,0.0,28522,8
KXUCLW,-1571.71,-1784.35,212.64,0.0,28511,39
KXRECCOUNT,91.44,-1.56,93.0,0.0,28451,27
KXSHELTERCPI,2268.71,1988.27,280.44,0.0,28435,53
KXLTGOVOKNOMR,737.38,614.65,122.73,0.0,28424,29
KXAUWPCC,1094.41,907.4,187.01,0.0,28419,30
KXLOW,290.1,66.99,223.11,0.0,28388,10
KXFUTU,81.96,-75.36,157.32,0.0,28289,9
KXSOCCERPLAYCRON,-239.68,-268.97,29.29,0.0,28249,29
KXALBUMRELEASEDATE,-328.0,-540.14,212.14,0.0,28196,31
KXNBASERIESROADWINS,-1548.42,-1833.26,284.84,0.0,28172,11
KXZECMINMON,2158.97,1986.59,172.38,0.0,28101,59
KXTXSENOUTCOME,-1618.39,-1795.36,176.97,0.0,28074,24
KXCAINSCOM,965.5,726.65,238.85,0.0,28069,13
KXEARNINGSMENTIONLOW,-235.82,-412.59,176.77,0.0,27989,8
KXNEXTMANAGER,-272.13,-301.65,29.52,0.0,27724,20
KXEPL1HBTTS,-3286.51,-3531.86,245.35,0.0,27595,8
KXMEPRIMARY,-303.25,-422.96,119.71,0.0,27502,22
KXRAINSTPM,-2193.12,-2438.12,245.0,0.0,27478,25
KXTGT,4249.78,4032.61,217.17,0.0,27420,8
KXSCRGOVADVANCE,303.15,246.51,56.64,0.0,27410,3
KXSENATEMER,-102.78,-122.19,19.41,0.0,27360,34
KXSCOTUSVRARELEASE,-1301.65,-1609.01,307.36,0.0,27358,15
KX1STHOMEGAME,1850.26,1697.09,153.17,0.0,27292,20
KXCANNESGRANDPRIX,918.65,747.06,171.59,0.0,27166,26
KXLAMAYOROUTPERFORM,2009.73,1857.5,152.23,0.0,27160,22
KXREHEARBIRTHRIGHT,-438.36,-509.03,70.67,0.0,27136,18
KXSTARSHIPFL,280.43,220.74,59.69,0.0,27082,25
KXRUGBYFRA14MATCH,983.56,816.54,167.02,0.0,27075,30
KXCPICOMBO,-585.04,-697.07,112.03,0.0,26980,14
KXAGENCIES,-919.49,-1043.28,123.79,0.0,26933,34
KXDNIANNOUNCE,4795.16,4544.81,250.35,0.0,26898,15
KXCAGOVOUTPERFORM,3159.35,2918.22,241.13,0.0,26897,18
KXSENATEMTD,3208.23,2994.54,213.69,0.0,26871,42
KXLOSEPRIMARYHOUSED,287.3,215.34,71.97,0.0,26703,51
KXCO03R,-216.95,-281.84,64.89,0.0,26671,30
KXLEAGUESCUP1HTOTAL,5449.93,5103.01,346.92,0.0,26670,3
KXNBATRADE,628.5,536.12,92.38,0.0,26626,19
KXPGAC,4060.92,3927.55,133.37,0.0,26524,10
KXUST2A,1216.67,959.15,257.52,0.0,26520,26
KXTRUMPMAMDANI,-934.15,-1291.65,357.5,0.0,26457,7
KXCHRISTAYLORCOUNTIES,70.25,51.67,18.58,0.0,26409,15
KXCANPLBTTS,964.71,744.33,220.38,0.0,26301,11
KXWTIWHEN,1689.05,1433.35,255.7,0.0,26285,29
KXUST7AM,1402.81,1107.57,295.24,0.0,26251,24
KXEARNINGSMENTIONNBIS,349.74,176.36,173.38,0.0,26173,3
KXPGASTROKEMARGIN,-1743.13,-1972.71,229.58,0.0,26144,18
KXNBAH2HPRA,-10710.06,-11101.79,391.73,0.0,26079,7
KXOTDBASKETBALL,1888.99,1619.99,269.0,0.0,26045,17
KXGOVALNOMD,66.47,26.55,39.92,0.0,25948,31
KXUST7A,1902.88,1668.48,234.4,0.0,25813,20
KXNBASERIESPTS,1368.94,1086.22,282.72,0.0,25811,15
KXPORTERMENTION,-987.32,-1177.44,190.12,0.0,25799,5
KXSOTHLEAVE,-414.6,-505.83,91.23,0.0,25796,49
KXMLBRETURN,2054.12,1898.38,155.74,0.0,25509,35
KXMORTGAGERATE,1436.18,1245.5,190.68,0.0,25505,56
KXMALTAPARLI,689.51,584.07,105.44,0.0,25463,16
KXNETANYAHUOUT,-388.01,-438.29,50.28,0.0,25356,34
KXHNLBTTS,-3929.5,-4294.99,365.49,0.0,25347,5
KXCAGOVCOUNTY,2615.59,2389.12,226.47,0.0,25306,23
KXRNCCASH,77.18,-46.89,124.07,0.0,25249,17
KXSAOTOMEPRES,353.74,200.19,153.55,0.0,25128,15
KXBIGBROTHERBRAZIL,204.73,147.04,57.69,0.0,25087,8
KXDEREMERANNOUNCEOUT,2367.13,2267.19,99.94,0.0,25075,5
KXNBALOTTERYODDS,1103.96,887.88,216.08,0.0,25018,15
KXUCLAST,-6592.77,-6855.73,262.96,0.0,25010,2
KXIMPEACHCABINET,-8.45,-33.43,24.99,0.0,24861,48
KXNGDPQ,1558.38,1286.59,271.79,0.0,24757,48
KXNIFTY,476.15,433.2,42.95,0.0,24694,10
KXJEFFRIESMENTION,518.72,413.42,105.3,0.0,24683,2
KXNBAAPOLOGY,-468.36,-635.34,166.98,0.0,24575,2
KXUSPSPEND,1161.61,854.91,306.7,0.0,24537,20
KXEHSALES,1232.4,919.44,312.96,0.0,24374,67
KXCANNESBESTACTRESS,1223.3,1061.03,162.27,0.0,24270,23
KXIDPRIMARY,-343.16,-385.04,41.88,0.0,24254,21
KXNFLRETIRE,-711.65,-809.0,97.35,0.0,24251,5
KXUST10AM,739.77,484.95,254.82,0.0,24072,25
KXNYPRIMARYCOMBO,762.96,709.85,53.11,0.0,24023,1
KXWISUPRTURNOUT,-67.37,-89.29,21.92,0.0,23996,23
KXSENATENER,-12.2,-16.75,4.55,0.0,23890,8
KXHUNGARYTURNOUT,-778.27,-943.86,165.59,0.0,23882,4
KXPGAUNDERPAR,3535.04,3323.64,211.4,0.0,23840,6
KXBUNDESLIGARELEGATION,-1188.49,-1311.68,123.19,0.0,23827,32
KXMTPRIMARY,-601.38,-696.48,95.1,0.0,23802,26
KXSCHUMERMENTION,1956.52,1806.51,150.01,0.0,23780,1
KXENDORSEAOC,1265.43,1106.57,158.86,0.0,23757,27
KXDJTATTACKWARSH,2288.04,2047.05,240.99,0.0,23663,36
KXCHATRIEUSA,3003.06,2722.22,280.84,0.0,23640,14
KXCYTISINICLINE,489.89,403.0,86.89,0.0,23617,14
KXFRCPIPREL,1094.16,967.23,126.93,0.0,23567,30
KXCORNMON,3450.53,3187.57,262.96,0.0,23485,16
KXDAILYSHOW,1113.22,1002.0,111.22,0.0,23442,34
KXHUNGARYMOV,-171.35,-204.0,32.65,0.0,23257,4
KXWHEATW,-822.58,-1050.73,228.15,0.0,23166,15
KXF1H2H,1220.29,948.01,272.28,0.0,23110,11
KXACMAFAOTY,2468.65,2266.33,202.32,0.0,23051,26
KXEZCPIYOYF,456.23,348.29,107.94,0.0,23041,29
KXANIMEBA,-1051.97,-1292.16,240.19,0.0,22828,37
KXDENMARKPM,400.26,176.71,223.55,0.0,22778,30
KXLEAVEHOUSECOMBO,2793.95,2461.76,332.19,0.0,22696,44
KXPLATNERTWEET,2049.04,1865.26,183.78,0.0,22553,3
KXWTASERENA,121.81,-1.1,122.91,0.0,22409,40
KXLIGUE11HTOTAL,-2912.54,-3218.76,306.22,0.0,22359,6
KXCHESSFIDERATING,-1286.32,-1416.11,129.79,0.0,22228,28
KXFDVMEGAETH,1928.75,1683.03,245.72,0.0,22120,17
KXSATRADEBAL,-1403.69,-1655.14,251.45,0.0,22111,32
KXMEXCUBOIL,-1751.33,-1968.28,216.95,0.0,22100,86
KXLIGUE1,-326.72,-363.28,36.56,9.88,22051,28
KXMLBSERIES,2965.37,2629.83,335.54,85.5,22030,4
KXSPXFOMC,3133.35,2895.42,237.93,0.0,21990,34
KXRTX5090W,2405.75,2154.03,251.72,0.0,21962,75
KXSENATESCD,-1.57,-9.82,8.25,0.0,21955,24
KXKASHATLANTIC,3201.3,2953.21,248.09,0.0,21953,3
KXUST5AM,1659.06,1423.01,236.05,0.0,21816,24
KXMILLSDROPOUT,2250.52,2093.52,157.0,0.0,21810,14
KXRANKLIST1ALBUM,381.58,350.8,30.78,0.0,21790,16
KXNBAROOKIE2NDTEAM,494.86,458.06,36.8,0.0,21699,1
KXTACAPORTSPREAD,-1442.84,-1578.3,135.46,0.0,21695,5
KXH200W,3899.39,3693.69,205.7,0.0,21691,77
KXNYCORP,-607.67,-803.55,195.88,0.0,21578,16
KXBIDENTAPES,2883.19,2562.23,320.96,0.0,21564,35
KXLEAVEMILLS,-326.57,-543.8,217.23,0.0,21558,29
KXSTOCKBANHOUSE,1276.94,1102.33,174.61,0.0,21546,45
KXA100W,2631.04,2363.55,267.49,0.0,21455,65
KXB200W,4147.96,3864.56,283.4,0.0,21439,65
KXFIFAUSPULL,-213.39,-228.27,14.88,0.0,21345,8
KXFRGDPQOQP,908.22,839.62,68.6,0.0,21338,43
KXCBDECISIONINDIA,2106.56,1921.47,185.09,0.0,21294,49
KXNHL2OT,-1244.38,-1363.34,118.96,0.0,21216,5
KXSUEPOWELL,-293.63,-334.53,40.9,0.0,21208,25
KXWNBAALLSTARS,355.32,263.17,92.15,0.0,21176,40
KXLEAGUESCUPBTTS,3060.37,2775.83,284.54,0.0,21171,3
KXAGNOMTXD,-111.96,-132.69,20.73,0.0,21000,21
KXRMAPLAYTOGETHER,-1213.35,-1343.31,129.96,0.0,20855,25
KXBIANCOMENTION,-262.98,-396.13,133.15,0.0,20852,5
KXNY4R,607.74,562.93,44.81,0.0,20846,37
KXUST2AM,948.97,720.73,228.24,0.0,20760,24
KXF1SPRINTTOP10,1521.41,1385.57,135.84,0.0,20751,16
KXIPLORANGECAP,-959.96,-1149.84,189.88,0.0,20657,6
KXFREYMENTION,-1229.99,-1320.8,90.81,0.0,20582,2
KXITCPIPREL,1672.05,1532.52,139.53,0.0,20427,27
KXMOSTSTREAMEDMAID,448.17,395.78,52.39,0.0,20340,8
KXBADWUR,-151.52,-166.04,14.52,0.0,20297,11
KXROCKTHEBLOCK,1934.53,1841.51,93.02,0.0,20290,16
KXOMEGA,1189.08,857.76,331.32,0.0,20228,44
KXSERIEATOP4,2291.83,2085.29,206.54,0.0,20188,37
KXNHLPACIFIC,-171.25,-209.87,38.62,0.0,20142,2
KXUKRETAIL,2525.32,2290.1,235.22,0.0,20089,60
KXNBADPOY,-200.4,-214.57,14.17,0.0,20040,6
KXUST5A,1069.73,854.88,214.85,0.0,20000,20
KXWC3RDPLACEQUAL,-4431.64,-4641.5,209.86,0.0,19933,12
KXWNBA3PTCONTESTOU,-1608.26,-1778.62,170.36,0.0,19871,1
KXAZTREASR,1985.41,1769.27,216.14,0.0,19854,13
KXHURCTOTMAJ,-292.11,-317.27,25.16,0.0,19796,17
KXEARNINGSMENTIONSHOP,1010.36,842.04,168.32,0.0,19790,9
KXACQANNOUNCECAESARS,7.15,-223.39,230.54,0.0,19770,33
KXSCOTUSMARIJUANAGUN,-571.63,-754.43,182.79,0.0,19714,58
KXCAGOVLAMAYOR,-20.94,-78.72,57.78,0.0,19650,8
KXCHTRADEBAL,1398.03,1260.37,137.66,0.0,19638,21
KXEARNINGSMENTIONCRM,255.86,79.83,176.03,0.0,19553,2
KXNASCARCUPSERIES,-393.62,-423.58,29.96,0.0,19541,18
KXSNOWFLAKE,-975.58,-1206.15,230.57,0.0,19497,14
KXLALIGA1HTOTAL,-2033.77,-2293.29,259.52,0.0,19485,4
KXFRAGRANCE,654.26,504.44,149.82,0.0,19452,33
KXLIGAEXP1HBTTS,-13.75,-81.74,67.99,0.0,19356,8
KXAGNOMGAR,2809.77,2600.81,208.96,0.0,19342,25
KXALBUMRELEASEDATEBEY,-128.08,-319.62,191.54,0.0,19318,41
KXSWENCOUNTERS,785.85,704.32,81.53,0.0,19316,50
KXAPCALLCAGOV,452.44,421.78,30.66,0.0,19301,2
KXSP500REMOVEQ,133.23,31.83,101.4,0.0,19259,57
KXTAXWAIVE,1.21,-12.02,13.23,0.0,19230,28
KXACMAMAOTY,4721.19,4556.23,164.96,0.0,19112,26
KXFABLEDISABLED,-21.45,-54.33,32.88,0.0,19103,20
KXWALLERMENTION,-123.68,-179.1,55.42,0.0,19094,2
KXOWGRRANK,614.96,544.44,70.52,0.0,19071,58
KXSENATEOKR,-93.53,-108.42,14.89,0.0,18930,21
KXUSDM,797.18,732.04,65.14,0.0,18768,25
KXAGNOMROK,266.25,166.49,99.76,0.0,18700,38
KXNHLCALDER,-576.29,-618.96,42.67,0.0,18686,25
KXCOACHOUTNBADATE,2093.98,1944.16,149.82,0.0,18614,38
KXWNBA40PTS,4173.14,3965.68,207.46,0.0,18605,72
KXNETANYAHUPARDON,411.07,300.54,110.53,0.0,18489,52
KXDOTPLOT,1334.63,1187.2,147.43,0.0,18485,27
KXACMAVMOTY,1149.72,1071.8,77.92,0.0,18465,9
KXTRANSGENDERSPORTSBAN,-706.28,-786.69,80.41,0.0,18458,61
KXNGASMIN,1215.49,1119.24,96.25,0.0,18340,19
KXBULGARIAPARLI,-119.04,-130.74,11.7,0.0,18331,8
KXSUGARMON,3095.16,2918.86,176.3,0.0,18324,15
KXTRUMPZELENSKYBILAT,1230.41,1064.49,165.92,0.0,18317,3
KXDNCCASH,-880.45,-1085.46,205.01,0.0,18316,15
KXWA4PRIMARY,-1168.6,-1318.65,150.06,0.0,18304,70
KXUKCPIYOY,-3839.09,-4059.19,220.1,0.0,18279,30
KXMARTINDNCOUT,60.69,-86.53,147.22,0.0,18179,41
KXSQ832,-48.11,-148.38,100.27,0.0,18172,18
KXWCCLUBGOALS,886.74,793.8,92.94,0.0,18159,28
KXNJGOLFVISITCOUNT,504.27,421.31,82.96,0.0,18143,29
KXITGDPYOYA,1021.89,950.92,70.97,0.0,18070,45
KXDPWORLDTOURR3LEAD,-2178.55,-2242.26,63.71,0.0,17957,8
KXHOUSERACE,109.91,87.65,22.26,0.0,17936,22
KXSBUDGETRES,1630.54,1520.61,109.93,0.0,17844,18
KXCOFFEEMON,-849.48,-1016.4,166.92,0.0,17835,16
KXCHESSPOLAND,818.99,701.31,117.68,0.0,17781,13
KXCAC40,795.22,744.99,50.23,0.0,17765,12
KXCOPADOBRASIL1HBTTS,-2152.61,-2319.25,166.64,0.0,17733,6
KXRUCRUDEX,1181.58,997.71,183.87,0.0,17680,18
KXCLAYTONCOUNT,297.39,120.62,176.77,0.0,17535,24
KXWILDSHT,4299.23,4120.56,178.67,0.0,17516,15
KXTRUFDEAD,-503.25,-544.33,41.08,0.0,17473,18
KXUEL1HBTTS,-2760.9,-2966.77,205.87,0.0,17367,8
KXSUPERLIG,-701.14,-757.69,56.55,0.0,17334,26
KXNATIONALIZESPACEX,-183.9,-209.06,25.16,0.0,17288,30
KXEFLCUPSCORE,-461.04,-568.01,106.97,0.0,17254,5
KXSLOVENIAPM,462.68,347.54,115.14,0.0,17245,37
KXBGTRANK,-2401.11,-2558.55,157.44,0.0,17206,13
KXSDRGOVADVANCE,-150.06,-181.8,31.74,0.0,17192,2
KXRUT,172.46,83.57,88.89,0.0,16981,30
KXKOSOVOPARLI,534.62,499.3,35.32,0.0,16811,20
KXWNBACCUPMVP,-1496.43,-1587.7,91.27,0.0,16810,48
KXH200CHINA,663.72,481.21,182.51,0.0,16763,31
KXITGDPQOQA,412.3,344.91,67.39,0.0,16750,43
KXCHAMPTOURR1LEAD,905.25,831.18,74.07,0.0,16739,7
KXKLEAGUE1HSPREAD,-190.77,-305.51,114.74,0.0,16715,12
KXMLSJOIN,1554.62,1370.71,183.91,0.0,16639,49
KX20SONG,1481.59,1399.93,81.66,0.0,16632,35
KXSTZ,-1739.08,-1899.07,159.99,0.0,16583,6
KXLIUKBOMBSHELL,527.13,470.82,56.31,0.0,16363,7
KXWHCA2,-179.11,-307.26,128.15,0.0,16331,30
KXTFWORLDRECORD,4059.08,3874.32,184.76,0.0,16275,2
KXEFLCUPBTTS,-2504.81,-2750.08,245.27,0.0,16250,4
KXGOVNYNOMR,-310.26,-349.0,38.74,0.0,16228,42
KXDARLINEENDORSE,1528.09,1378.29,149.8,0.0,16220,6
KXBALDONILIVELY,257.0,135.63,121.37,0.0,16135,23
KXPRICEINCREASEAPPLEMUSIC,-595.0,-743.32,148.32,0.0,16120,88
KXCBATOTAL,-49.34,-250.61,201.27,0.0,15981,1
KXWHITMERENDORSE,2167.23,2002.33,164.9,0.0,15970,4
KXSDPRIMARY,601.8,548.15,53.65,0.0,15961,15
KXNOTE10,2652.26,2451.09,201.17,0.0,15955,45
KXAIPACLOSEPRIMARY,1421.19,1289.4,131.79,0.0,15944,34
KXNATLGUARDDC,3051.51,2823.46,228.05,0.0,15933,9
KXBUNDESLIGA1HTOTAL,288.53,104.77,183.76,0.0,15907,2
KXUEL1HSPREAD,-1718.9,-1840.25,121.35,0.0,15899,4
KXGREENMAYOR,1035.87,936.92,98.95,0.0,15898,14
KXSLOVAKREF,-202.56,-236.26,33.7,0.0,15883,12
KXYTVIEWS,1333.99,1211.08,122.91,0.0,15849,7
KXEPLTOP2,-269.15,-288.17,19.02,0.0,15816,30
KXPORTERDROPOUT,-1692.3,-1883.05,190.75,0.0,15789,34
KXVOTESAVEAMERICA,490.4,391.59,98.81,0.0,15726,41
KXSAMOMINF,-851.89,-1045.81,193.92,0.0,15656,35
KXCALCFO,588.69,546.82,41.87,0.0,15561,18
KXTRUMPNOMNUM,1890.98,1788.77,102.21,0.0,15517,11
KXLABORSECCONF,-68.05,-258.55,190.5,0.0,15477,50
KXANTIWEPTAX,959.03,801.29,157.74,0.0,15459,15
KXTUDOR,-283.05,-525.58,242.53,0.0,15448,38
KXBERNIEENDORSE,468.18,399.45,68.72,0.0,15436,39
KXDEGDPYOYF,1048.16,993.9,54.26,0.0,15392,45
KXDIESELD,1370.67,1218.1,152.57,0.0,15371,2
KXCANNESJURYPRIZE,-808.32,-897.35,89.03,0.0,15356,23
KXCANHOUSTART,2245.3,2110.58,134.72,0.0,15142,7
KXDOJPOWELL,-73.64,-122.04,48.4,0.0,15000,14
KXROFLUMILAST,405.28,336.1,69.18,0.0,14959,18
KXNBAHOMECLINCH,-1558.52,-1743.96,185.44,0.0,14895,11
KXJPMOMINF,228.67,87.29,141.38,0.0,14872,30
KXLCATTLEMON,723.99,578.28,145.71,0.0,14819,15
KXTSX,81.28,-53.09,134.37,0.0,14804,18
KXBURNHAMJUL,1470.25,1372.85,97.4,0.0,14703,21
KXGROK,-9.03,-127.84,118.81,0.0,14703,59
KXNEWARKMAYOR,73.95,65.36,8.59,0.0,14682,16
KXANIMEBF,866.14,674.5,191.64,0.0,14659,33
KXCOPADOBRASIL1HSPREAD,-720.08,-792.48,72.4,0.0,14637,5
KXSONGRELEASE,722.94,667.29,55.65,0.0,14608,49
KXLOSEPRIMARYHOUSER,-42.6,-51.02,8.42,0.0,14540,19
KXCBDSA,-2737.47,-2899.97,162.5,0.0,14531,40
KXLUTNICKANNOUNCEOUT,389.55,265.16,124.38,0.0,14218,61
KXIPHONERELEASE,-179.47,-197.48,18.01,0.0,14178,32
KXCOCOAMON,3733.78,3624.76,109.02,0.0,14134,16
KXUST5,-964.54,-1063.42,98.88,0.0,14128,16
KXBEZELRSUB41D,-84.55,-315.82,231.27,0.0,14030,38
KXBARRELS,292.97,131.0,161.97,0.0,13980,50
KXUST10M,-624.63,-781.47,156.84,0.0,13959,24
KXESPYSWEEP,412.04,294.07,117.97,0.0,13858,3
KXNBAROOKIE1STTEAM,188.12,174.94,13.18,0.0,13837,1
KXLALIGA1HBTTS,-863.33,-1026.64,163.31,0.0,13829,5
KXSLGREECE,43.49,24.68,18.81,0.0,13715,15
KXWCCONCEDE1ST,138.9,122.0,16.9,0.0,13533,1
KXTRUMPSUE,-273.59,-295.12,21.53,0.0,13516,17
KXA100Q,-1071.76,-1135.02,63.26,0.0,13453,25
KXLEAVECHERFILUS,838.37,746.23,92.14,0.0,13100,7
KXELECTVENEZUELA,22.43,18.43,4.0,0.0,13080,12
KXGOVALNOMR,-155.37,-175.64,20.27,0.0,13063,23
KXNEWSOMENDORSE,220.14,133.82,86.32,0.0,12937,32
KXSCOCUPBTTS,-955.56,-1079.08,123.52,0.0,12842,4
KXTECHLAYOFF,-2234.04,-2440.41,206.37,0.0,12809,57
KXEFLCUPSPREAD,2583.11,2497.39,85.72,0.0,12805,3
KXANIMEBCS,280.33,121.88,158.45,0.0,12803,37
KXPGA1STTIMEWIN,-63.79,-195.46,131.67,0.0,12788,11
KXSCOTUSLAST,149.83,66.9,82.93,0.0,12773,13
KXUST5M,-1097.83,-1230.41,132.58,0.0,12745,23
KXROLEX,2233.82,2041.78,192.04,0.0,12712,46
KXCDCCONF,48.1,-89.79,137.89,0.0,12696,48
KXDATABRICKS,118.62,106.96,11.66,0.0,12690,5
KXFAOFPI,139.19,31.23,107.96,0.0,12639,26
KXSAGDPQOQ,-1901.77,-2077.0,175.23,0.0,12628,15
KXCHCPIYOY,791.02,686.15,104.87,0.0,12617,12
KX3MTBILL,383.87,303.22,80.65,0.0,12531,22
KXMCDONALDCONF,1738.74,1649.95,88.79,0.0,12487,11
KXGOPSENATEPRIMARYCOMBO,1010.76,882.36,128.39,0.0,12484,63
KXGALLEGOOUT,-213.98,-251.37,37.39,0.0,12482,26
KXLIGAPORTUGAL,-120.13,-160.01,39.88,0.0,12451,12
KXCBASPREAD,-818.78,-958.3,139.52,0.0,12432,1
KXCHIPYOY,-397.3,-424.48,27.18,0.0,12399,4
KXUKGDPMOM,810.15,668.09,142.06,0.0,12381,28
KXGEDATOLISIB,582.45,510.8,71.65,0.0,12354,29
KXMOVILSENATED,-8.78,-12.49,3.71,0.0,12269,3
KXTOPBUSINESS,894.0,845.03,48.97,0.0,12259,22
KXNEXTUKFOREIGNSEC,526.99,408.45,118.54,0.0,12229,11
KXMONSANTODURNELL,624.86,475.89,148.97,0.0,12209,38
KXIPLPURPLECAP,-782.81,-857.27,74.46,0.0,12190,3
KXDEIFO,1300.67,1178.07,122.6,0.0,12162,32
KXNBA2NDTEAMDEF,-875.78,-1008.27,132.49,0.0,12042,37
KXTRUFGAS,482.32,370.76,111.56,0.0,12032,17
KXSENATEORR,505.58,398.09,107.49,0.0,11985,27
KXARBROATHBY,171.77,151.1,20.67,0.0,11949,12
KXNEWDEAL,87.66,-20.97,108.63,0.0,11933,57
KXALBUMRELEASEDATETRIPPIE,739.26,606.86,132.4,0.0,11925,56
KXTVSEASONRELEASEOUTBANKS,143.37,95.51,47.86,0.0,11920,71
KXSENATEVAD,264.11,241.44,22.67,0.0,11798,9
KXLABORANNOUNCE,2035.46,1877.79,157.67,0.0,11777,22
KXSDRGOVOUTRIGHT,0.52,-11.04,11.56,0.0,11741,2
KXACQANNOUNCEANNUAL,947.22,838.02,109.2,0.0,11712,31
KXSOYBEANMON,976.94,830.26,146.68,0.0,11677,16
KXNBASERIESTOTALPTS,275.82,162.89,112.93,0.0,11523,12
KXCAIVEYPMI,4156.51,4018.23,138.28,0.0,11500,10
KXFIFAUSPULLGAME,-145.89,-170.88,24.99,0.0,11480,38
KXTVSHOW,-9.59,-149.06,139.47,0.0,11466,10
KXMETGALAFITS,-746.2,-854.27,108.07,0.0,11434,15
KXGAMERELEASE,5.85,-12.36,18.21,0.0,11413,30
KXMOVGA14SWISCOTUS,-60.99,-70.16,9.17,0.0,11383,13
KXHOUSECA40,1411.53,1321.39,90.13,0.0,11373,22
KXAZSOSR,-163.5,-207.08,43.58,0.0,11341,8
KXRTX5090MAX,44.67,13.33,31.34,0.0,11244,15
KXESGDPQOQF,40.55,5.9,34.65,0.0,11188,21
KXAGNOMCOD,362.04,303.88,58.16,0.0,11075,4
KXATF,20.98,16.5,4.48,0.0,11070,6
KXSECSTATEVISIT,-163.53,-283.01,119.48,0.0,10933,16
KXLOB,3123.67,2979.68,143.99,0.0,10855,11
KXNBASUMMERPTS,-100.19,-108.69,8.5,0.0,10842,1
KXWHEATMON,-13.41,-123.62,110.21,0.0,10810,16
KXMACHADOVENEZUELA,-607.8,-725.89,118.09,0.0,10777,32
KXDEGDPQOQF,796.86,745.07,51.79,0.0,10774,49
KXDATACENTERMORATORIUM,1761.11,1607.79,153.32,0.0,10754,36
KXSUMMERHOUSEDRAMA,595.12,505.92,89.2,0.0,10741,28
KXMEDATACENTER,-392.42,-519.58,127.16,0.0,10525,15
KXFOLLOWERCOUNTISHOWSPEED,1962.27,1839.88,122.39,0.0,10502,32
KXGOLFTENNISMAJORS,5.91,-67.27,73.18,0.0,10486,51
KXFSLR,2058.4,1942.21,116.19,0.0,10434,8
KXHOILMON,51.8,-73.65,125.45,0.0,10379,16
KXNWEST,140.84,108.51,32.33,0.0,10373,7
KXPGAWIN,-1050.77,-1148.55,97.78,0.0,10366,6
KXANIMEBVAPA,325.37,279.51,45.86,0.0,10353,19
KXLEAGUESCUP1HSPREAD,4786.43,4654.88,131.55,0.0,10344,2
KXKSAMEND,-159.21,-261.02,101.81,0.0,10343,18
KXMLBWINS,1666.28,1573.12,93.16,0.0,10280,36
KXCOUPEDEFRANCE,-548.17,-628.17,80.0,0.0,10139,2
KXCOACHOUTMLB,489.81,444.3,45.51,0.0,10049,24
KXEUROLEAGUETOTAL,-523.09,-621.3,98.21,0.0,10032,2
KXUELMOV,945.42,849.07,96.35,0.0,9938,2
KXINXVSNDQ100,-1127.48,-1242.61,115.13,0.0,9922,8
KXMNDAYCARECHARGE,1515.65,1394.23,121.42,0.0,9878,32
KXDXYFOMC,681.91,561.1,120.81,0.0,9820,25
KXCDUCSULEAD,844.68,781.62,63.06,0.0,9780,7
KXTACAPORTADVANCE,-824.42,-898.02,73.6,0.0,9752,3
KXUCLWBTTS,215.41,89.11,126.3,0.0,9744,3
KXRUGBYMLRMATCH,-211.29,-245.41,34.12,0.0,9641,13
KXWOLFORDLOPEZ,390.71,335.03,55.68,0.0,9597,10
KXUSTM,182.53,82.95,99.58,0.0,9578,20
KXCCDELINQ,2773.96,2623.82,150.14,0.0,9554,11
KXIRANCRUDE,1904.26,1771.64,132.62,0.0,9553,27
KXCHNBSPMI,-95.05,-175.3,80.25,0.0,9524,15
KXF1SPRINTFASTLAP,487.61,414.62,72.99,0.0,9514,14
KXCAPEVERDEPARLI,965.73,845.22,120.51,0.0,9443,13
KXGOVNENOMR,-593.19,-613.92,20.73,0.0,9423,10
KXCHCUTS,652.42,534.36,118.06,0.0,9381,35
KXMOAMD4,443.23,376.57,66.66,0.0,9262,17
KXUSL1HBTTS,-591.58,-656.27,64.69,0.0,9179,12
KXEMMYLSERIES,-505.33,-588.1,82.77,0.0,9161,38
KXNICKELMON,219.85,201.1,18.75,0.0,9126,11
KXYTUBESUBSBEAST,234.68,198.21,36.47,0.0,9117,33
KXELECTIONEMERGENCY,-281.91,-303.02,21.1,0.0,9115,41
KXPRADHAMOUT,2086.37,1977.3,109.07,0.0,9115,5
KXACMANFAOTY,547.74,510.8,36.94,0.0,9109,17
KXTRUFPDEBT,-223.84,-264.21,40.37,0.0,9078,29
KXTRUMPDOLLAR,1066.09,942.42,123.67,0.0,9061,50
KXROBOTAXIAREA,569.12,483.96,85.16,0.0,9017,20
KXPOTUSTWEETS,24.45,-34.03,58.48,0.0,8961,22
KXAGNOMSCR,1736.01,1658.29,77.72,0.0,8938,12
KXNBADRAFTCOMP,-249.13,-286.71,37.58,0.0,8923,42
KXMANCHESTERMOV,862.01,763.67,98.34,0.0,8827,16
KXZELENSKYYOUT,-150.66,-169.56,18.91,0.0,8807,42
KXLEADPOLL,-97.61,-161.04,63.43,0.0,8797,19
KXANIMEBMC,-269.1,-319.26,50.16,0.0,8734,27
KXKXMOVIEDELAYBATMANPT2,692.12,644.5,47.62,0.0,8728,22
KXMOSTSTREAMEDHAB,111.93,72.61,39.32,0.0,8719,7
KXMEDIARELEASESPIDERMAN,406.9,327.99,78.91,0.0,8666,60
KXAAAGASMAX,70.1,12.3,57.8,0.0,8662,18
KXFOLLOWERCOUNTCLAV,281.58,256.46,25.12,0.0,8618,24
KXELNINO,1929.26,1832.22,97.04,0.0,8615,12
KXUSDQ,951.78,853.59,98.19,0.0,8603,27
KXCOUPEDEFRANCEADVANCE,563.43,519.06,44.37,0.0,8580,3
KXSCHUMEROUT,-108.68,-121.68,12.99,0.0,8561,36
KXPPLMATCH,1665.74,1644.76,20.98,0.0,8518,5
KXEFLCUP1H,669.62,596.64,72.98,0.0,8482,4
KXHOUSEEXPEL,494.38,428.49,65.89,0.0,8439,14
KXCHGDPYOY,478.42,375.79,102.63,0.0,8394,50
KXUSMICHCSP,1026.14,912.39,113.75,0.0,8378,22
KXTRUMPTALKSCOTUS,420.5,316.5,104.0,0.0,8335,19
KXBEEFTARIFF,936.23,825.23,111.0,0.0,8326,27
KXYTMONTHLY,375.78,347.3,28.48,0.0,8315,8
KXSENATEORD,-6.69,-9.84,3.15,0.0,8313,21
KXJPYINT,1186.99,1089.53,97.46,0.0,8247,12
KXEFLCUPTEAMTOTAL,-1171.17,-1251.37,80.2,0.0,8237,3
KXFDAANNOUNCE,-122.49,-169.52,47.03,0.0,8233,36
KXBEZELRSUB41LV,1623.93,1489.68,134.25,0.0,8217,47
KXVA2D,-27.73,-35.84,8.1,0.0,8176,36
KXTVSEASONANNOUNCE,250.96,222.35,28.61,0.0,8159,9
KXENDORSEPRATT,539.37,469.42,69.95,0.0,8034,20
KXBANNONMENTION,424.63,316.09,108.54,0.0,8033,1
KXIPODISCORD,38.04,5.96,32.08,0.0,8021,39
KXNBA3PEAT,402.31,352.91,49.4,0.0,8001,5
KXBRAZILGDP,307.69,232.43,75.26,0.0,7983,31
KXINFANTINOMENTION,314.57,290.96,23.61,0.0,7914,1
KXITTFMENMATCH,-2580.65,-2589.07,8.42,0.0,7895,2
KXINXMAXM,180.8,142.72,38.08,0.0,7883,2
KXBABYNAMEBOY,141.14,120.42,20.72,0.0,7881,14
KXFOMCGUIDE,-411.23,-454.44,43.21,0.0,7862,28
KXCBPAIRPORT,857.28,791.8,65.48,0.0,7861,13
KXJPCONCONF,540.15,434.36,105.79,0.0,7831,29
KXMLSASTBTTS,247.99,187.52,60.47,0.0,7820,1
KXAAAGASMIN,1337.44,1253.87,83.57,0.0,7794,41
KXANTHROPICRESCIND,357.2,274.56,82.64,0.0,7738,33
KXTRUFCPI,159.3,128.22,31.08,0.0,7737,15
KXNBAMATCHUP,458.84,424.85,33.99,0.0,7650,2
KXMLBFTGAME,875.79,816.29,59.5,0.0,7638,4
KXCARTIER,782.51,680.21,102.3,0.0,7609,27
KXEMMYTVMOVIE,720.27,646.21,74.06,0.0,7588,18
KXWEPFUNDEND,1825.95,1729.97,95.98,0.0,7587,11
KXFESTIVALEVENTCOACH,-265.27,-297.25,31.98,0.0,7567,4
KXACMANMAOTY,720.07,668.47,51.6,0.0,7534,14
KXPPPKSO,985.98,872.56,113.42,0.0,7529,8
KXMIFEPRISTONEMAIL,223.69,180.74,42.95,0.0,7478,10
KXTRUMPMOJTABA,13.93,-2.4,16.33,0.0,7467,12
KXSERIEA1HBTTS,-363.67,-438.88,75.21,0.0,7416,4
KXNASDAQ100MINY,-2.51,-9.2,6.69,0.0,7339,5
KXTRUFAIDP,162.15,148.53,13.62,0.0,7311,23
KXSENATEOKD,-282.13,-312.91,30.78,0.0,7299,21
KXMLBNEXTHR,-152.47,-174.26,21.79,0.0,7289,4
KXNOTE10M,156.89,89.47,67.42,0.0,7223,15
KXACQUANNOUNCEDH,723.52,679.08,44.44,0.0,7162,3
KXCFACHICKSAND,14.72,-62.51,77.23,0.0,7097,15
KXEPSTEIN,-272.03,-302.2,30.17,0.0,7069,73
KXDAEGUMAYOR,-97.78,-132.58,34.8,0.0,7029,11
KX10SONG,38.6,20.05,18.55,0.0,7020,21
KXMANCHESTER2ND,715.46,661.31,54.15,0.0,7016,16
KXBEZELROL,-58.8,-149.07,90.27,0.0,7004,2
KXPOPCHICKSAND,-222.88,-324.67,101.79,0.0,6991,12
KXATPSETSWEEP,-295.82,-339.22,43.4,0.0,6967,7
KXALBUMVS,380.04,348.51,31.53,0.0,6931,23
KXEUROVISIONPARTICIPANTS,-168.93,-189.71,20.78,0.0,6915,28
KXEUROVISIONISRAELBAN,-167.53,-189.85,22.32,0.0,6913,24
KXSBUXSAR,80.45,53.82,26.63,0.0,6863,12
KXEMMYLIMITEDACTO,-181.37,-242.92,61.55,0.0,6859,35
KXACMASWOTY,335.86,290.03,45.83,0.0,6850,11
KXWTAGRANDSLAM,1159.8,1116.67,43.13,0.0,6803,9
KXGASOSD,3367.87,3270.02,97.85,0.0,6759,8
KXTARIFFRATEEU,-185.57,-240.77,55.21,0.0,6727,36
KXCBRATEHIKE,362.74,333.75,28.99,0.0,6692,15
KXACMAEOTY,217.97,185.98,31.99,0.0,6665,18
KXMLBSISTREAK,453.39,420.2,33.19,0.0,6665,4
KXMEDIAGUESTFALLON,1451.24,1371.45,79.79,0.0,6626,56
KXSAMSON,697.54,635.67,61.87,0.0,6620,20
KXCCCHGOFF,842.28,744.22,98.06,0.0,6615,11
KXDENSUPERLIGA,-65.73,-70.34,4.61,0.0,6593,8
KXNRSCFEC,581.12,536.28,44.84,0.0,6551,13
KXTOUR,-531.71,-604.93,73.22,0.0,6529,38
KXANIMEBR,283.81,247.8,36.01,0.0,6513,28
KXMOAMD5,994.57,937.18,57.39,0.0,6475,7
KXEFLCUP1HTOTAL,399.83,335.68,64.15,0.0,6440,4
KXWCGROUPPTS,78.14,27.82,50.32,0.0,6416,15
KXFARMBILL,1328.18,1265.69,62.49,0.0,6409,29
KXNHLPRICE,295.32,255.92,39.4,0.0,6398,2
KXMOCTRUMP25,-88.47,-116.98,28.51,0.0,6353,15
KXFIFATRAVEL,-74.11,-101.15,27.04,0.0,6321,33
KXMUSKNASA,-154.58,-175.56,20.99,0.0,6272,41
KXTRUMPCOLLINS,-30.62,-112.07,81.45,0.0,6262,11
KXBUNDESLIGATOP4,175.22,122.86,52.36,0.0,6189,27
KXUSPINCOME,-250.48,-312.32,61.84,0.0,6181,14
KXWENBACONATOR,82.33,49.21,33.12,0.0,6142,23
KXGA13S,81.89,69.1,12.79,0.0,6104,12
KXSENATEOHSD,-7.41,-9.23,1.82,0.0,6080,13
KXGOVNENOMD,672.51,633.44,39.07,0.0,6079,9
KXATPRETURN,-92.08,-104.58,12.5,0.0,6014,18
KXAAAGASMAXNY,-34.69,-55.11,20.42,0.0,5958,23
KXTALLSHIPRACE,89.26,15.89,73.37,0.0,5872,19
KXAGICO,-53.49,-68.55,15.06,0.0,5834,50
KXROLLINGSTONECOVER,846.16,793.32,52.84,0.0,5817,14
KXUELFTTS,-5.83,-50.67,44.84,0.0,5793,4
KXEURUSDW,2758.22,2686.74,71.48,0.0,5765,15
KXPSL,1067.4,994.28,73.12,0.0,5757,15
KXLALIGATOP4,-134.51,-143.66,9.15,0.0,5722,19
KXLEAVETISCH,-50.11,-71.45,21.34,0.0,5703,14
KXJOINREFORM,89.07,80.56,8.51,0.0,5640,18
KXACMAMEOTY,220.04,160.07,59.97,0.0,5627,9
KXBONDITESTIFY,-182.85,-205.78,22.93,0.0,5620,15
KXLIGUE1TOP4,73.27,57.41,15.86,0.0,5620,19
KXIA03D,-10.67,-14.13,3.46,0.0,5618,10
KXIPOSKIMS,29.85,24.39,5.46,0.0,5603,6
KXDETRADEBAL,22.2,-15.63,37.83,0.0,5577,11
KXPSAVERT,1441.41,1363.55,77.86,0.0,5515,5
KXZELENSKYNETANYAHU,1.59,-33.59,35.18,0.0,5486,2
KXANIMEBC,384.28,320.06,64.22,0.0,5457,33
KXEURUSDQ,-188.05,-241.82,53.77,0.0,5454,36
KXUSHOME,453.69,383.2,70.49,0.0,5436,11
KXEMMYLSACTO,77.84,33.21,44.63,0.0,5320,15
KXPERUINVALIDATE,308.7,283.36,25.34,0.0,5287,13
KXPSKY,135.64,93.5,42.14,0.0,5225,16
KXCHRETAIL,-257.09,-275.45,18.36,0.0,5142,4
KXLEAGUESCUP1HBTTS,2836.85,2771.3,65.55,0.0,5129,5
KXDDCOLDBREW,634.81,586.24,48.57,0.0,5120,16
KXNBAH2HPTS,-1165.83,-1246.3,80.47,0.0,5082,4
KXBOLIBRARYOPEN,-34.52,-44.21,9.69,0.0,5026,23
KXNBASERIESPTSSPREAD,-151.57,-216.7,65.13,0.0,5022,13
KXAGNOMGAD,-6.47,-16.82,10.35,0.0,5019,12
KXUKUNRATE,273.0,201.35,71.65,0.0,5017,19
KXUSDJPYW,1087.75,1022.31,65.44,0.0,5004,11
KXLIVR3LEAD,-546.04,-582.82,36.78,0.0,5003,6
KXOR120,352.82,331.3,21.52,0.0,4996,4
KXIPOCANVA,47.51,43.76,3.75,0.0,4911,3
KXDEZEW,575.12,512.52,62.6,0.0,4876,20
KXSOCCERTRANSFER,792.07,755.47,36.6,0.0,4861,19
KXPLAYWC,166.27,142.69,23.58,0.0,4860,23
KXLITHIUMMON,401.11,379.46,21.65,0.0,4845,12
KXARGPREMDIVADVANCE,-556.63,-606.95,50.32,0.0,4735,6
KXSCOTUSVRA2,-195.63,-217.84,22.21,0.0,4735,12
KXSTOPTRADE,-364.64,-399.95,35.31,0.0,4693,43
KXFTCNEXT,-3.79,-40.89,37.11,0.0,4638,41
KXPERUCONGRESS,20.62,16.97,3.65,0.0,4602,14
KXICEDIRECTOR,1172.63,1124.84,47.79,0.0,4589,9
KXGA14R,-25.01,-29.17,4.16,0.0,4573,11
KXANIMEBNS,459.77,417.47,42.3,0.0,4563,36
KXEDMHOME,2596.96,2545.64,51.32,0.0,4560,1
KXBRITISHOPENSQUASH,-120.46,-148.41,27.95,0.0,4530,10
KXIPOFANNIE,-109.2,-118.31,9.11,0.0,4521,22
KXNHLSERIESTOTALGOAL,40.6,33.31,7.29,0.0,4515,10
KXANIMEBAC,260.45,209.41,51.04,0.0,4478,37
KXCOMPANYLAYOFF,795.71,751.2,44.51,0.0,4474,16
KXAUNABCONF,106.94,43.75,63.19,0.0,4390,20
KXFIG,289.72,244.26,45.46,0.0,4373,17
KXBRASILEIROC1HSPREAD,-336.33,-361.91,25.58,0.0,4372,3
KXIASENATE,254.6,221.61,32.99,0.0,4352,14
KXMLABELSHARE,499.73,458.7,41.03,0.0,4318,3
KXEFLCHAMPIONSHIP,-42.51,-45.66,3.15,0.0,4295,8
KXANIMEBOA,118.76,80.02,38.74,0.0,4268,34
KXME,167.29,155.59,11.7,0.0,4261,5
KXTARIFFRATEINDIA,-176.38,-213.19,36.82,0.0,4258,30
KXMCMORROWDROPOUT,1495.1,1455.75,39.35,0.0,4221,4
KXNZDUSD,90.8,52.22,38.58,0.0,4189,2
KXEKSTRAKLASA,155.9,142.88,13.02,0.0,4181,4
KXLEAGUESCUPFTTS,-143.46,-155.26,11.8,0.0,4173,3
KXGOVIANOMD,7.64,5.92,1.72,0.0,4169,10
KXTRUMPPARDON,938.65,897.28,41.37,0.0,4145,2
KXBRASILEIROC1HBTTS,339.7,307.08,32.62,0.0,4116,7
KXUSDJPYQ,-0.61,-39.39,38.78,0.0,4083,22
KXLAMAYOR1ROUND,14.04,10.31,3.73,0.0,3958,7
KXGBPUSDAW,49.75,14.52,35.23,0.0,3948,2
KXLIGUE1RELEGATION,-109.83,-115.63,5.8,0.0,3881,12
KXBRAZILU,-142.03,-154.42,12.39,0.0,3880,17
KXSENATEIDR,-13.95,-16.72,2.77,0.0,3879,15
KXACMAASWOTY,523.6,496.75,26.85,0.0,3829,13
KXGOPPOLICYCHAIR,91.66,83.05,8.61,0.0,3813,2
KXEUROLEAGUESPREAD,257.88,227.54,30.34,0.0,3791,2
KXWNBAH2HPTS,208.78,195.28,13.5,0.0,3780,1
KXTNCBASKETBALL,-0.29,-19.92,19.63,0.0,3736,6
KXUSL1HSPREAD,-579.66,-595.5,15.84,0.0,3723,7
KXUSDCHFAW,553.5,524.4,29.1,0.0,3689,2
KXEMMYLSACTR,-381.58,-418.82,37.24,0.0,3608,24
KXNHLROSS,-8.24,-13.65,5.41,0.0,3600,2
KXSENATEMTR,72.77,64.89,7.88,0.0,3580,21
KXAAAGASMAXTX,63.82,38.13,25.69,0.0,3566,17
KXLEAVECONGRESS,155.08,123.69,31.39,0.0,3558,33
KXACMAGOTY,19.14,-21.14,40.28,0.0,3557,14
KXGA14SMOV,-1.49,-2.15,0.66,0.0,3546,2
KXAVGMEASLESDJT,-35.36,-37.84,2.48,0.0,3536,5
KXCITYCHAMPS,92.89,81.99,10.9,0.0,3529,2
KXAUDUSDAW,-259.08,-294.95,35.87,0.0,3518,2
KXSARETAIL,42.2,0.71,41.49,0.0,3512,26
KXLIGAEXP1HSPREAD,-291.29,-313.82,22.53,0.0,3487,6
KXWNBAH2HPRA,47.51,36.37,11.14,0.0,3465,1
KXTARIFFRATECAN,111.29,83.45,27.83,0.0,3449,35
KXPERMIT,1100.89,1052.58,48.31,0.0,3439,10
KXNEXTTEAMNHL,29.9,25.42,4.48,0.0,3434,3
KXDPWTH2H,-158.35,-171.6,13.25,0.0,3421,3
KXSTATEMENTCOUNTEARLE,132.0,94.86,37.14,0.0,3413,10
KXBKNUGGETS,-413.19,-459.93,46.74,0.0,3410,13
KXANIMEBVAPE,-338.28,-373.04,34.76,0.0,3347,17
KXSCOTTISHPREM1HBTTS,-364.45,-393.71,29.26,0.0,3319,4
KXFEDREFORM,736.01,696.04,39.97,0.0,3266,10
KXNATLEMERGENCY,-178.66,-198.66,20.0,0.0,3227,14
KXSERIEA1HSPREAD,-155.12,-166.17,11.05,0.0,3206,6
KXANIMEBOS,492.85,465.34,27.51,0.0,3203,22
KXIA02R,2.3,-2.46,4.76,0.0,3201,14
KXBEZELD,-28.21,-38.37,10.16,0.0,3146,1
KXLOSEREELECTIONRSEN,65.44,60.8,4.64,0.0,3119,7
KXKNVBCUPADVANCE,137.95,129.19,8.76,0.0,3105,1
KXOVERWATCH,104.15,79.39,24.76,0.0,3083,16
KXBOLOJANOUT,318.76,289.86,28.9,0.0,3052,8
KXCAFRAUD,-99.12,-116.78,17.66,0.0,3049,23
KXCHEXPORTS,824.55,809.31,15.24,0.0,3039,1
KXWAYMO,17.12,14.02,3.1,0.0,3035,6
KXHURRICANENAMES,338.36,319.43,18.93,0.0,3034,11
KXBEZELOMOON,889.12,845.05,44.07,0.0,2999,28
KXANIMEBSA,207.65,176.29,31.36,0.0,2978,34
KXLIGUE11HBTTS,-454.28,-493.41,39.13,0.0,2974,3
KXATACICEPT,-13.55,-24.77,11.22,0.0,2966,12
KXNHLPLAYOFFGOALS,-348.72,-367.37,18.65,0.0,2938,23
KXANIMEBIA,195.31,174.33,20.98,0.0,2929,31
KXACMANDGOTY,-474.98,-505.91,30.93,0.0,2915,9
KXACMASOTY,61.23,45.27,15.96,0.0,2904,25
KXBELGIANPL,35.4,29.45,5.95,0.0,2901,9
KXTOPSHOW,-341.58,-360.87,19.29,0.0,2891,4
KXEMMYDSACTO,-42.78,-59.64,16.86,0.0,2883,10
KXEMMYDSERIES,-153.34,-165.41,12.07,3.25,2843,21
KXJPCPIYOY,-368.81,-393.06,24.25,0.0,2805,6
KXCCACLEAR,224.53,209.65,14.88,0.0,2775,11
KXIPOANDURIL,-32.86,-36.2,3.34,0.0,2734,15
KXBUNDESLIGA,-27.6,-29.53,1.93,0.51,2689,2
KXBABYNAMEGIRL,-13.5,-19.27,5.77,0.0,2664,8
KXWNBAROOKAS,158.48,141.36,17.12,0.0,2639,20
KXTRUFBFST,-359.84,-375.84,16.0,0.0,2616,12
KXPGAALBATROSS,-201.85,-213.4,11.55,0.0,2606,12
KXGBPQ,598.61,566.44,32.17,0.0,2602,8
KXDROUGHTLEVEL,-214.8,-231.08,16.28,0.0,2596,12
KXBEZELRDJ41WIM,124.69,87.49,37.2,0.0,2569,23
KXBEZELTBBGMT,196.72,157.75,38.97,0.0,2536,23
KXTVSEASONRELEASETHELASTOFUS,-25.09,-27.37,2.28,0.0,2534,13
KXNBAPLAYERDEAL,-148.6,-173.03,24.43,0.0,2445,37
KXSTRIPEIPO,-67.96,-74.01,6.05,0.0,2432,22
KXDWTSCAST,1032.03,1000.69,31.34,0.0,2419,3
KXTEMPHELP,621.66,593.45,28.21,0.0,2394,26
KXFIDESZKDNPSEATS,-19.72,-21.59,1.87,0.0,2366,4
KXAUTRADEBAL,-262.93,-300.35,37.42,0.0,2308,10
KXWCLOCATION,19.19,13.47,5.72,0.0,2290,8
KXAAAGASMAXCA,6.99,-14.71,21.7,0.0,2256,8
KXNEXTMANAGERSERIEA,43.56,38.87,4.69,0.0,2248,12
KXH100MAX,120.31,87.01,33.3,0.0,2245,6
KXMLBSTAT,627.04,608.34,18.7,0.0,2194,5
KXSCOTTISHPREM1HSPREAD,-279.11,-296.61,17.5,0.0,2169,5
KXLALIGA1HSPREAD,-227.11,-240.93,13.82,0.0,2164,6
KXROCKANDROLLHALLOFFAME,-27.32,-29.44,2.12,0.0,2130,1
KXNHLRICHARD,-34.69,-37.23,2.54,0.0,2115,1
KXUSDX,-20.42,-43.6,23.18,0.0,2101,16
KXNBAH2H3PT,621.08,586.67,34.41,0.0,2100,2
KXNELKRTS,-53.45,-78.28,24.83,0.0,2093,15
KXSIOUXFALLSMAYOR,154.15,139.31,14.84,0.0,2068,7
KXANIMEBCD,290.24,265.23,25.01,0.0,2059,26
KXACMASINGOTY,129.4,117.99,11.41,0.0,2036,8
KXTUBESUBSTBPN,30.49,28.18,2.31,0.0,2027,2
KXATPS1GWINNER,30.54,28.6,1.94,0.0,2026,2
KX2YFOMC,99.44,76.84,22.6,0.0,2008,17
KXFERT,182.32,171.18,11.14,0.0,1972,2
KXCHIMPORTS,-84.08,-98.79,14.71,0.0,1966,1
KXANIMEBDIR,-44.77,-61.53,16.76,0.0,1937,14
KXF1SPRINTTOPCONSTRUCTOR,-450.9,-474.86,23.96,0.0,1930,9
KXNASCARTRUCKSERIES,-25.74,-27.59,1.85,0.0,1926,4
KXUSDINRAW,310.2,284.62,25.58,0.0,1919,3
KXSERIEARELEGATION,4.26,1.01,3.25,0.0,1906,15
KXNHLSERIESOT,-12.07,-15.69,3.62,0.0,1905,9
KXPREMCHAMP,86.87,73.7,13.17,0.0,1878,28
KXACMADOTY,138.77,124.39,14.38,0.0,1823,7
KXBRINFHIGH,30.69,28.16,2.53,0.0,1823,5
KXUSDCADAW,379.28,359.09,20.19,0.0,1813,2
KXITTFWOMEN,-53.75,-57.77,4.02,0.0,1812,11
KXANIMEBVAPJ,165.37,151.14,14.23,0.0,1803,20
KXITTFMEN,-128.79,-131.85,3.06,0.0,1789,9
KXMLBPLAYEROTW,45.76,26.88,18.88,0.0,1787,9
KXUSDMXNAW,320.37,298.09,22.28,0.0,1768,2
KXVISITGREENLAND,-12.59,-15.93,3.34,0.0,1765,17
KXPAYROLLSREV,-119.97,-140.85,20.88,0.0,1740,4
KXEFFR,-14.29,-20.62,6.33,0.0,1699,17
KXJCOLECBA,-133.71,-142.8,9.09,0.0,1696,11
KXALBUMRELEASEDATEJB,11.09,5.38,5.71,0.0,1693,12
KXVOTEMILLSEXPEL,-164.46,-182.49,18.03,0.0,1659,18
KXA100MAX,128.42,118.03,10.39,0.0,1578,5
KXOBAMAENDORSE,473.91,457.08,16.83,0.0,1542,5
KXANIMEBAS,182.43,165.08,17.35,0.0,1530,25
KXSECQUARTERLY,11.97,10.59,1.38,0.0,1523,10
KXUSDNOKAW,173.84,149.68,24.16,0.0,1522,2
KXZIDESAMTINIB,129.09,116.98,12.11,0.0,1509,3
KXHOSTRNCCONV,32.83,23.44,9.39,0.0,1507,10
KXSUBWAY,28.04,25.77,2.27,0.0,1492,6
KXTOPALBUMRECORDOR,20.29,16.98,3.31,0.0,1462,6
KXANIMEBBAC,-534.89,-551.7,16.81,0.0,1407,14
KXWCFREEKICKGOAL,-64.51,-76.3,11.79,0.0,1396,8
KXDEGFK,-16.26,-28.95,12.69,0.0,1359,12
KXTOBACCPI,-57.01,-66.38,9.37,0.0,1329,16
KXIMOCOUNTRY,137.22,128.01,9.21,0.0,1322,8
KXTRYFIRECOOK,66.4,61.53,4.87,0.0,1300,7
KXUSDSEKAW,316.56,298.71,17.85,0.0,1291,2
KXIPODEEL,-35.1,-40.13,5.03,0.0,1285,10
KXSBLGAME,-133.94,-144.33,10.39,0.0,1285,3
KXSNAPELECTIONRS,106.23,88.03,18.2,0.0,1272,8
KXMILANFW,16.73,8.4,8.33,0.0,1220,12
KXLALIGA2PROMO,17.46,16.25,1.21,0.0,1186,2
KXPERUIMPEACH,10.55,9.66,0.89,0.0,1175,2
KXCOACHOUTMLBDATE,-3.93,-4.98,1.05,0.0,1173,15
KXVETOOVERRIDE,-18.17,-21.58,3.41,0.0,1146,7
KXEMMYCSERIES,-89.15,-95.07,5.92,1.56,1145,9
KXLEAVEGROUPKATSEYE,-27.21,-33.24,6.03,0.0,1118,10
KXAMBMALAY,-19.12,-20.49,1.37,0.0,1101,4
KXALBUMRELEASEDATETRAVIS,141.03,132.3,8.73,0.0,1073,10
KXTRUMPPRIMARYCOMBO,-351.65,-364.31,12.66,0.0,1049,5
KXUSMCA,-63.95,-68.01,4.06,0.0,1036,7
KXEMMYDSACTR,-40.33,-43.37,3.04,0.0,1027,11
KXHERMESBIRKIN,33.14,29.03,4.11,0.0,1018,4
KXNIKKEIPOS,424.98,409.34,15.64,0.0,1009,5
KXANIMEBD,-222.22,-234.94,12.72,0.0,1008,21
KXANIMEMPAACC,93.91,82.31,11.6,0.0,993,21
KXTRUFCMC,474.96,464.66,10.3,0.0,982,9
KXANIMEVAPI,-108.55,-117.86,9.31,0.0,973,14
KXMEDIARELEASEPRISONBREAK,-47.08,-58.9,11.82,0.0,955,37
KXANIMEBES,39.58,28.26,11.32,0.0,952,16
KXMEDIAGUESTTBPN,227.33,215.72,11.61,0.0,845,3
KXANIMEBVAPF,257.91,247.75,10.16,0.0,839,13
KXUSDJPYAW,8.05,6.42,1.63,0.0,839,2
KXTARIFFBILL,6.19,4.29,1.9,0.0,800,14
KXTRUMPAGCOUNT,-9.85,-10.62,0.77,0.0,800,5
KXALBUMRELEASEDATEDUALIPA,-87.35,-92.92,5.57,0.0,795,8
KXARGPREMDIV,-19.36,-21.23,1.87,0.0,786,6
KXBUNDESLIGA1HBTTS,370.54,363.73,6.81,0.0,748,2
KXUSDBRLAW,77.54,71.49,6.05,0.0,733,2
KXJPTRADEBAL,-28.37,-37.74,9.37,0.0,731,9
KXEMMYDACTR,-45.23,-47.77,2.54,0.67,728,4
KXBALLERLEAGUE,-15.07,-17.32,2.25,0.0,725,1
KXUSGBEEF,239.46,228.23,11.23,0.0,724,18
KXANIMEBS,-205.58,-212.39,6.81,0.0,715,21
KXJOINMUSKINSTA,21.67,18.57,3.1,0.0,674,15
KXANIMEBVAPB,141.7,135.3,6.4,0.0,666,9
KXLIVH2H,-73.11,-77.56,4.45,0.0,652,5
KXLIGUE11HSPREAD,-264.97,-267.27,2.3,0.0,647,3
KXEMMYLIMITEDACTR,-24.64,-26.74,2.1,0.0,646,2
KXRUTPOS,207.91,199.03,8.88,0.0,630,6
KXATPS4GWINNER,6.75,6.28,0.47,0.0,627,1
KXMOVIL9DNOM,-23.28,-25.36,2.08,0.0,626,3
KXGAVOTECHARGE,-44.46,-48.28,3.82,0.0,621,13
KXBRIANCONF,22.88,21.23,1.65,0.0,609,2
KXIPOWHOOP,-20.34,-22.28,1.94,0.0,602,10
KXCANRECESSION,449.0,441.11,7.89,0.0,600,1
KXBTCVSETH,41.07,36.49,4.58,0.0,579,6
KXNBASPORTSMANSHIP,-6.0,-6.94,0.94,0.0,544,3
KXAPFDDH,3.2,-3.76,6.96,0.0,542,6
KXANIMEVAPL,-21.29,-26.8,5.51,0.0,538,13
KXANIMEBVAPG,-109.73,-115.84,6.11,0.0,534,7
KXEMMYCACTO,-6.04,-7.02,0.98,0.33,512,7
KXIPOBEASTINDUSTRIES,2.44,1.95,0.49,0.0,498,6
KXZECMINY,21.9,14.18,7.72,0.0,468,3
KXFRA14CHAMP,23.06,21.14,1.92,0.0,467,8
KXKXROLEATEVENTGOVBALL,-4.96,-5.81,0.85,0.0,464,9
KXEFLCUP1HBTTS,-53.18,-58.49,5.31,0.0,462,3
KXDJIAPOS,173.72,166.22,7.5,0.0,458,6
KXWITKOFFRUSSIA,25.33,22.89,2.44,0.0,451,10
KXSTATELAW,147.7,140.78,6.92,0.0,445,1
KXFCCBIG4,-28.58,-30.46,1.88,0.0,426,5
KXEMMYCSACTO,-9.46,-10.25,0.79,0.0,424,4
KXLAIOUT,-12.12,-13.09,0.98,0.0,424,12
KXINXWUD,-29.71,-33.84,4.13,0.0,394,1
KXUSDMEXMAX,-11.11,-13.4,2.29,0.0,387,13
KXFREDDIE,-17.77,-19.18,1.41,0.0,371,9
KXCONGRESSTESTIFY,11.1,10.32,0.78,0.0,362,3
KXCOLOMBIASENATE,0.02,-0.05,0.07,0.0,361,2
KXFISHMEAL,221.38,218.79,2.59,0.0,358,5
KXMICHELINSEA,-9.66,-10.36,0.7,0.0,358,3
KXSURFCOMPETITION,-44.27,-45.35,1.08,0.0,350,4
KXR6,-69.34,-70.75,1.41,0.0,345,11
KXKOSPIPOS,-186.69,-191.19,4.5,0.0,325,6
KXCAC40POS,124.27,118.98,5.29,0.0,320,3
KXIBOVPOS,33.1,28.32,4.78,0.0,313,7
KXTRUFHOUCPI,-32.2,-32.84,0.64,0.0,307,4
KXMARRIAGESTYLESKRAVITZ,-9.77,-10.82,1.05,0.0,306,22
KXTOPMOVIE,40.17,37.5,2.67,0.0,299,4
KXNMPRIMARY,-5.01,-5.57,0.56,0.0,286,5
KXEACNOM,-1.79,-3.5,1.71,0.0,258,9
KXICECONF,13.05,12.15,0.9,0.0,258,2
KXSPOTSTREAMSUSA,-56.61,-60.17,3.56,0.0,257,1
KXBIRTHTOURISMVOTE,49.65,45.87,3.78,0.0,253,6
KXZECMAXY,1.52,1.3,0.22,0.0,252,2
KXEMMYCSACTR,-14.06,-15.0,0.94,0.0,251,1
KXATPS2GWINNER,2.39,2.22,0.17,0.0,239,2
KXBTCVSHYPE,-35.45,-39.03,3.58,0.0,234,4
KXANIMEBVAPC,-3.81,-5.61,1.8,0.0,232,8
KXGTEDEPLOYMEGAETHDAY1,16.09,14.15,1.94,0.0,227,13
KXEREDIVISIE,2.21,2.05,0.16,0.0,221,2
KXANIMEVAPH,-11.58,-13.19,1.61,0.0,219,6
KXPPIVSCPI,-1.41,-1.62,0.21,0.0,189,3
KXSPOTSTREAMGLOBAL,128.55,127.98,0.57,0.0,169,1
KXBTCVSSOL,-21.21,-22.18,0.97,0.0,165,5
KXTHAIL1,-1.59,-1.71,0.12,0.0,159,2
KXMURKOWSKIENDORSE,0.42,-0.39,0.81,0.0,147,8
KXIPORAMP,-1.97,-2.25,0.28,0.0,135,7
KXFTSEPOS,-27.95,-29.53,1.58,0.0,107,2
KXAPCALLMID,43.57,41.82,1.75,0.0,97,1
KXNASDAQWUD,-4.7,-5.02,0.32,0.0,94,1
KXIPOGLEAN,-3.21,-3.46,0.25,0.0,87,6
KXIPORIPPLING,-1.73,-1.87,0.14,0.0,76,3
KXINDIAVJAPAN,11.35,10.52,0.83,0.0,74,5
KXDEMSCHUMER,-0.65,-0.8,0.15,0.0,67,4
KXIPOCLUELY,-0.97,-1.1,0.13,0.0,67,6
KXNIFTYPOS,16.21,15.36,0.85,0.0,61,2
KXHURRICANE,4.05,3.69,0.36,0.0,49,5
KXLEAVEGONZALES,-0.48,-0.53,0.05,0.0,48,1
KXACAHSAFSA,0.76,0.6,0.16,0.0,41,7
KXHSIPOS,9.0,8.4,0.6,0.0,41,3
KXIPOAPPSFLYER,-1.27,-1.38,0.11,0.0,31,3
KXCOLOMBIACHAMBER,-2.52,-2.69,0.17,0.0,29,1
KXEMMYCACTR,-1.1,-1.19,0.09,0.03,24,2
KXNGUARDAIR,-0.83,-0.96,0.13,0.0,22,6
KXBUNDESLIGA1HSPREAD,-3.88,-4.07,0.19,0.0,21,2
KXIPOOLIPOP,-0.94,-1.02,0.08,0.0,20,2
KXVPBREAKS,-0.36,-0.4,0.04,0.0,18,2
KXCLIMBING,0.25,0.02,0.23,0.0,15,3
KXGPUSDW,1.2,1.12,0.08,0.0,13,1
KXUSDBRLMAX,-2.86,-3.02,0.16,0.0,12,2
KX30YUSTW,0.1,0.09,0.01,0.0,10,1
KXEFLCUP1HSPREAD,-2.79,-2.93,0.14,0.0,9,1
KXATPS3GWINNER,2.0,1.88,0.12,0.0,8,1
KXKEEFXPERRYCOLLAB,-0.27,-0.32,0.05,0.0,5,1
KXNEWTAYLOR,0.98,0.94,0.04,0.0,2,1
KXF1OCCUR,-0.01,-0.02,0.01,0.0,1,1
KXFAROEPM,-0.04,-0.05,0.01,0.0,1,1
