date,contracts_settled,contracts_total,pnl_gross,fees_taker,pnl_net,pct_settled
2021-06-30,5,5,-3.8,0.07,-3.87,100
2021-07-01,2529,2529,-444.1,39.54,-483.64,100
2021-07-02,1342,1342,399.77,16.32,383.45,100
2021-07-04,181,181,-51.45,2.62,-54.07,100
2021-07-05,941,941,27.15,7.34,19.81,100
2021-07-06,717,717,-9.16,7.69,-16.85,100
2021-07-07,1402,1402,370.95,16.69,354.26,100
2021-07-08,14750,14750,1549.81,113.62,1436.19,100
2021-07-09,6510,6510,164.16,38.12,126.04,100
2021-07-10,5671,5671,126.3,11.43,114.87,100
2021-07-11,1602,1602,-844.31,22.3,-866.61,100
2021-07-12,3823,3823,658.74,27.47,631.27,100
2021-07-13,12325,12325,312.16,76.22,235.94,100
2021-07-14,3303,3303,-459.36,32.21,-491.57,100
2021-07-15,7496,7496,261.05,71.7,189.35,100
2021-07-16,6346,6346,457.82,74.9,382.92,100
2021-07-17,9361,9361,580.07,62.68,517.39,100
2021-07-18,7507,7507,200.38,59.12,141.26,100
2021-07-19,13332,13332,1485.69,113.64,1372.05,100
2021-07-20,24303,24303,807.7,191.36,616.34,100
2021-07-21,11003,11003,-93.7,96.84,-190.54,100
2021-07-22,21820,21820,-548.85,162.87,-711.72,100
2021-07-23,10619,10619,-1196.75,129.94,-1326.69,100
2021-07-24,29530,29530,3237.94,221.36,3016.58,100
2021-07-25,10396,10396,249.97,66.36,183.61,100
2021-07-26,21404,21404,1451.51,196.3,1255.21,100
2021-07-27,21242,21242,870.43,153.67,716.76,100
2021-07-28,12998,12998,470.97,102.26,368.71,100
2021-07-29,27129,27129,-523.69,268.61,-792.3,100
2021-07-30,30172,30172,654.62,259.93,394.69,100
2021-07-31,28025,28025,1520.41,218.25,1302.16,100
2021-08-01,33086,33086,1565.44,364.63,1200.81,100
2021-08-02,25664,25664,4996.23,223.73,4772.5,100
2021-08-03,48918,48918,104.78,475.98,-371.2,100
2021-08-04,87876,87876,2346.73,747.5,1599.23,100
2021-08-05,80019,80019,-9114.8,711.86,-9826.66,100
2021-08-06,90554,90554,458.1,661.12,-203.02,100
2021-08-07,50105,50105,2374.05,419.8,1954.25,100
2021-08-08,33774,33774,1333.52,331.03,1002.49,100
2021-08-09,86624,86624,5034.28,715.58,4318.7,100
2021-08-10,79820,79820,6520.33,798.9,5721.43,100
2021-08-11,87803,87803,4754.41,761.74,3992.67,100
2021-08-12,61470,61470,3894.55,588.88,3305.67,100
2021-08-13,91131,91131,191.26,914.95,-723.69,100
2021-08-14,31871,31871,-477.31,312.25,-789.56,100
2021-08-15,67325,67325,-286.49,306.48,-592.97,100
2021-08-16,31181,31181,1851.24,278.01,1573.23,100
2021-08-17,79460,79460,3448.2,505.72,2942.48,100
2021-08-18,51525,51525,531.03,562.11,-31.08,100
2021-08-19,60582,60582,2749.25,548.48,2200.77,100
2021-08-20,74500,74500,-217.37,798.42,-1015.79,100
2021-08-21,60178,60178,5958.41,545.78,5412.63,100
2021-08-22,104766,104766,2369.06,975.58,1393.48,100
2021-08-23,42422,42422,-1267.47,297.56,-1565.03,100
2021-08-24,76878,76878,-4201.01,822,-5023.01,100
2021-08-25,72343,72343,217.5,628.89,-411.39,100
2021-08-26,66374,66374,2086.53,501.69,1584.84,100
2021-08-27,102320,102320,4310.07,770.38,3539.69,100
2021-08-28,53494,53494,-2104.92,365.58,-2470.5,100
2021-08-29,73089,73089,107.25,504.09,-396.84,100
2021-08-30,53405,53405,-1039.52,610.64,-1650.16,100
2021-08-31,65926,65926,-765.95,604.93,-1370.88,100
2021-09-01,127954,127954,-12658.52,828.03,-13486.55,100
2021-09-02,29666,29666,1451.74,282.98,1168.76,100
2021-09-03,65368,65368,5216.34,616.13,4600.21,100
2021-09-04,61099,61099,223.28,635.11,-411.83,100
2021-09-05,38107,38107,2906.74,246.39,2660.35,100
2021-09-06,35063,35063,-164.59,191.43,-356.02,100
2021-09-07,34211,34211,505.43,300.88,204.55,100
2021-09-08,54694,54694,2601.25,588.94,2012.31,100
2021-09-09,45528,45528,284.21,404.98,-120.77,100
2021-09-10,53404,53404,3599.23,532.27,3066.96,100
2021-09-11,27444,27444,-24.72,213.39,-238.11,100
2021-09-12,27722,27722,1035.14,296.42,738.72,100
2021-09-13,51982,51982,992.09,516.61,475.48,100
2021-09-14,68389,68389,5684.58,549.07,5135.51,100
2021-09-15,69756,69756,2536.84,558.45,1978.39,100
2021-09-16,8585,8585,-76.9,78.78,-155.68,100
2021-09-17,41810,41810,187.92,273.75,-85.83,100
2021-09-18,6005,6005,-161.52,27.51,-189.03,100
2021-09-19,4608,4608,299.11,40.12,258.99,100
2021-09-20,6972,6972,-462.4,67.57,-529.97,100
2021-09-21,58298,58298,7366.08,496.83,6869.25,100
2021-09-22,48047,48047,4687.59,412.56,4275.03,100
2021-09-23,45841,45841,937.21,346.41,590.8,100
2021-09-24,58428,58428,3151.47,474.44,2677.03,100
2021-09-25,42734,42734,2503.59,306.37,2197.22,100
2021-09-26,33907,33907,758.17,350.72,407.45,100
2021-09-27,52048,52048,3713.24,385.18,3328.06,100
2021-09-28,111686,111686,5984.83,1041.84,4942.99,100
2021-09-29,76867,76867,4239.84,532.72,3707.12,100
2021-09-30,100176,100176,-1547.67,725.55,-2273.22,100
2021-10-01,52851,52851,2760.81,532.62,2228.19,100
2021-10-02,30442,30442,2061.06,265.94,1795.12,100
2021-10-03,20849,20849,1566.76,195.38,1371.38,100
2021-10-04,53031,53031,-4903.34,537.46,-5440.8,100
2021-10-05,55383,55383,2393.72,629.15,1764.57,100
2021-10-06,95917,95917,6796.25,868.42,5927.83,100
2021-10-07,59074,59074,3028.86,533.01,2495.85,100
2021-10-08,54022,54022,4401.43,491.86,3909.57,100
2021-10-09,15109,15109,-36.87,133.94,-170.81,100
2021-10-10,17787,17787,73.98,149.12,-75.14,100
2021-10-11,29645,29645,2892.02,288.22,2603.8,100
2021-10-12,45745,45745,-369.59,365.81,-735.4,100
2021-10-13,68811,68811,9162.9,675.41,8487.49,100
2021-10-14,50654,50654,506.23,436.6,69.63,100
2021-10-15,31330,31330,2082.18,240.78,1841.4,100
2021-10-16,20857,20857,-1720.41,161.18,-1881.59,100
2021-10-17,14908,14908,447.54,102.84,344.7,100
2021-10-18,34119,34119,1036.69,379.78,656.91,100
2021-10-19,49869,49869,3162.47,602.13,2560.34,100
2021-10-20,79908,79908,7163.32,816.06,6347.26,100
2021-10-21,63806,63806,3951.83,686.06,3265.77,100
2021-10-22,41461,41461,701.61,369.73,331.88,100
2021-10-23,20566,20566,1749.72,153.09,1596.63,100
2021-10-24,18948,18948,643.21,172.3,470.91,100
2021-10-25,53338,53338,-191.79,459.2,-650.99,100
2021-10-26,58467,58467,1029.77,520.22,509.55,100
2021-10-27,67767,67767,4179.86,682.39,3497.47,100
2021-10-28,95657,95657,201.51,977.68,-776.17,100
2021-10-29,57114,57114,3753.46,462.06,3291.4,100
2021-10-30,45770,45770,1622.12,370.12,1252,100
2021-10-31,27240,27240,1281.85,197.59,1084.26,100
2021-11-01,74103,74103,4121.07,763.99,3357.08,100
2021-11-02,87079,87079,-327.63,857.1,-1184.73,100
2021-11-03,160846,160846,1085.01,1734,-648.99,100
2021-11-04,106359,106359,5428.47,1129.21,4299.26,100
2021-11-05,207166,207166,8268.27,2337.54,5930.73,100
2021-11-06,78642,78642,-3144.01,766.43,-3910.44,100
2021-11-07,38527,38527,2602.3,381.18,2221.12,100
2021-11-08,108273,108273,6349.73,874.03,5475.7,100
2021-11-09,71663,71663,1218.57,705.08,513.49,100
2021-11-10,69621,69621,2559.65,563.95,1995.7,100
2021-11-11,57140,57140,1213.87,595.16,618.71,100
2021-11-12,39870,39870,3579.79,321.06,3258.73,100
2021-11-13,30902,30902,3793.91,302.39,3491.52,100
2021-11-14,45029,45029,2321.53,432.54,1888.99,100
2021-11-15,55386,55386,-536.36,625.81,-1162.17,100
2021-11-16,69894,69894,-725.28,813.87,-1539.15,100
2021-11-17,73349,73349,6240.97,831.09,5409.88,100
2021-11-18,106026,106026,4902.47,733.08,4169.39,100
2021-11-19,70979,70979,2127.38,552.76,1574.62,100
2021-11-20,29439,29439,-581.84,295.58,-877.42,100
2021-11-21,22131,22131,1913.03,228.36,1684.67,100
2021-11-22,71977,71977,322.61,502.63,-180.02,100
2021-11-23,75437,75437,3504.33,734.84,2769.49,100
2021-11-24,64683,64683,-1070.88,469.81,-1540.69,100
2021-11-25,44731,44731,2017.97,470.63,1547.34,100
2021-11-26,64710,64710,2279.97,797.08,1482.89,100
2021-11-27,40880,40880,5503.44,408.17,5095.27,100
2021-11-28,31863,31863,626.98,282.33,344.65,100
2021-11-29,80264,80264,-2077.99,728.48,-2806.47,100
2021-11-30,110298,110298,-2281.2,999.46,-3280.66,100
2021-12-01,90155,90155,-288.08,963.54,-1251.62,100
2021-12-02,124916,124916,5924.13,1157.14,4766.99,100
2021-12-03,71003,71003,1990.6,627.13,1363.47,100
2021-12-04,39035,39035,-1223.9,337.27,-1561.17,100
2021-12-05,37119,37119,255.27,387.45,-132.18,100
2021-12-06,67318,67318,-899.33,680.78,-1580.11,100
2021-12-07,100953,100953,-4349.43,1063.46,-5412.89,100
2021-12-08,59577,59577,2077.06,679.39,1397.67,100
2021-12-09,111103,111103,9865.53,1213.62,8651.91,100
2021-12-10,99448,99448,4605.56,802.9,3802.66,100
2021-12-11,46303,46303,-48.24,476.72,-524.96,100
2021-12-12,40849,40849,1615.67,387.3,1228.37,100
2021-12-13,97793,97793,1719.43,972.89,746.54,100
2021-12-14,244595,244595,3496.55,2147.64,1348.91,100
2021-12-15,153930,153930,5485.85,1413.59,4072.26,100
2021-12-16,108344,108344,6531.28,831.07,5700.21,100
2021-12-17,104264,104264,2244.75,1089.79,1154.96,100
2021-12-18,39194,39194,1801.94,362.98,1438.96,100
2021-12-19,57304,57304,-2299.15,514.69,-2813.84,100
2021-12-20,160962,160962,16345.51,1494.98,14850.53,100
2021-12-21,125343,125343,4170.25,1061.3,3108.95,100
2021-12-22,116197,116197,5179.01,924.56,4254.45,100
2021-12-23,70350,70350,131.13,697.39,-566.26,100
2021-12-24,90499,90499,-4563.66,892.96,-5456.62,100
2021-12-25,36799,36799,-427.67,331.13,-758.8,100
2021-12-26,26915,26915,1245.67,213.1,1032.57,100
2021-12-27,58479,58479,-1264.47,535.49,-1799.96,100
2021-12-28,205326,205326,-7107.37,1888.49,-8995.86,100
2021-12-29,135613,135613,5500.12,990.83,4509.29,100
2021-12-30,70391,70391,-301.59,656.14,-957.73,100
2021-12-31,94052,94052,-3285.68,818.72,-4104.4,100
2022-01-01,43452,43452,-1041.09,386.12,-1427.21,100
2022-01-02,39249,39249,3796.62,415.62,3381,100
2022-01-03,106359,106359,-629.32,1016.33,-1645.65,100
2022-01-04,206436,206436,-3086.65,1494.27,-4580.92,100
2022-01-05,163458,163458,5300.33,1473.75,3826.58,100
2022-01-06,78687,78687,2320.97,756.98,1563.99,100
2022-01-07,180867,180867,41.54,1556.29,-1514.75,100
2022-01-08,65586,65586,1769.41,517.12,1252.29,100
2022-01-09,61070,61070,-212.21,455.98,-668.19,100
2022-01-10,183543,183543,-3424.66,1690.67,-5115.33,100
2022-01-11,245892,245892,-8059.97,1885.41,-9945.38,100
2022-01-12,109310,109310,-4577.73,1137.88,-5715.61,100
2022-01-13,181734,181734,-8362.02,1741.71,-10103.73,100
2022-01-14,141327,141327,-633.35,1043.47,-1676.82,100
2022-01-15,105482,105482,-3293.99,548.57,-3842.56,100
2022-01-16,62070,62070,2868.91,469.15,2399.76,100
2022-01-17,96211,96211,6943.48,1012.58,5930.9,100
2022-01-18,149350,149350,10802.43,1256.61,9545.82,100
2022-01-19,93038,93038,5215.36,811.18,4404.18,100
2022-01-20,102328,102328,6295.28,782.23,5513.05,100
2022-01-21,64192,64192,4090.72,508.63,3582.09,100
2022-01-22,57001,57001,1793.14,456.22,1336.92,100
2022-01-23,43375,43375,2810.06,323.55,2486.51,100
2022-01-24,71091,71091,4117.09,664.14,3452.95,100
2022-01-25,70281,70281,-852.44,534.99,-1387.43,100
2022-01-26,126389,126389,5583.33,1091.36,4491.97,100
2022-01-27,73760,73760,6097.48,706.61,5390.87,100
2022-01-28,90883,90883,3262.33,758.6,2503.73,100
2022-01-29,61605,61605,3389.89,381.56,3008.33,100
2022-01-30,32429,32429,644.75,270.42,374.33,100
2022-01-31,86074,86074,4125.04,537.27,3587.77,100
2022-02-01,78201,78201,-1579.42,799.79,-2379.21,100
2022-02-02,79924,79924,2259.39,705.36,1554.03,100
2022-02-03,97452,97452,3531.59,875.79,2655.8,100
2022-02-04,108460,108460,-1969.9,1052.1,-3022,100
2022-02-05,40032,40032,1884.55,409.06,1475.49,100
2022-02-06,56890,56890,2344.03,490.21,1853.82,100
2022-02-07,73321,73321,3430.86,679.11,2751.75,100
2022-02-08,138532,138532,2524.13,1121.59,1402.54,100
2022-02-09,87110,87110,-626.25,781.69,-1407.94,100
2022-02-10,164614,164614,-232.1,1832.56,-2064.66,100
2022-02-11,117004,117004,8823.94,1141.23,7682.71,100
2022-02-12,46122,46122,1905.41,485.57,1419.84,100
2022-02-13,65466,65466,4914.33,643.94,4270.39,100
2022-02-14,74741,74741,-1854.01,710.04,-2564.05,100
2022-02-15,141937,141937,2905,969.48,1935.52,100
2022-02-16,107639,107639,5301.54,1052.01,4249.53,100
2022-02-17,105045,105045,5134.73,765.79,4368.94,100
2022-02-18,73951,73951,-1420.33,768.23,-2188.56,100
2022-02-19,25177,25177,447.64,232.27,215.37,100
2022-02-20,34664,34664,-2074.15,323.04,-2397.19,100
2022-02-21,50725,50725,-1849.43,525.22,-2374.65,100
2022-02-22,100565,100565,5728.87,826.89,4901.98,100
2022-02-23,108611,108611,-1481.95,1087.97,-2569.92,100
2022-02-24,124120,124120,1776.16,1056.08,720.08,100
2022-02-25,137864,137864,3218.09,764.66,2453.43,100
2022-02-26,27660,27660,1366.78,246.28,1120.5,100
2022-02-27,53974,53974,14145.4,555.04,13590.36,100
2022-02-28,74825,74825,6584.33,636.14,5948.19,100
2022-03-01,105911,105911,8757.92,953.99,7803.93,100
2022-03-02,119039,119039,5319.53,872.82,4446.71,100
2022-03-03,69112,69112,3490.49,573.08,2917.41,100
2022-03-04,67991,67991,3326.18,623.15,2703.03,100
2022-03-05,25574,25574,2144.21,265.28,1878.93,100
2022-03-06,33050,33050,2654.46,329.76,2324.7,100
2022-03-07,79146,79146,-3910.68,735.02,-4645.7,100
2022-03-08,126696,126696,1222.62,1192.72,29.9,100
2022-03-09,123614,123614,21033.25,1265.39,19767.86,100
2022-03-10,121011,121011,806,1183.93,-377.93,100
2022-03-11,73628,73628,6135.37,818.16,5317.21,100
2022-03-12,31934,31934,1301.18,323.81,977.37,100
2022-03-13,50171,50171,7831.15,538.76,7292.39,100
2022-03-14,108989,108989,8652.76,1060.72,7592.04,100
2022-03-15,81331,81331,3402.48,703.04,2699.44,100
2022-03-16,111388,111388,6906.37,947.82,5958.55,100
2022-03-17,77387,77387,-6.18,807.7,-813.88,100
2022-03-18,71571,71571,2382.1,808.45,1573.65,100
2022-03-19,41162,41162,-3506.97,352.16,-3859.13,100
2022-03-20,75930,75930,12757.48,630.08,12127.4,100
2022-03-21,91825,91825,9962.83,979.48,8983.35,100
2022-03-22,105660,105660,10452.89,1216.84,9236.05,100
2022-03-23,74456,74456,173.07,763.07,-590,100
2022-03-24,62813,63922,3122.58,696.87,2425.71,98.27
2022-03-25,117780,117921,3765.81,908.64,2857.17,99.88
2022-03-26,23244,26301,1461.75,270.2,1191.55,88.38
2022-03-27,128697,128697,306.25,968.79,-662.54,100
2022-03-28,85505,85505,3482.48,892.12,2590.36,100
2022-03-29,65826,65826,-1343.68,671.03,-2014.71,100
2022-03-30,56493,56493,-3687.69,581.49,-4269.18,100
2022-03-31,69176,69176,985.15,762.17,222.98,100
2022-04-01,77086,77086,-2081.63,661.7,-2743.33,100
2022-04-02,31047,31047,363.41,223.13,140.28,100
2022-04-03,159122,159122,17548.92,1226.29,16322.63,100
2022-04-04,59198,59198,542.53,581,-38.47,100
2022-04-05,91845,91845,-2865.45,846.49,-3711.94,100
2022-04-06,90483,90483,1443.68,725.76,717.92,100
2022-04-07,51785,51785,2312.26,468.24,1844.02,100
2022-04-08,39737,39737,3158.01,311.72,2846.29,100
2022-04-09,24136,24136,986.32,239.07,747.25,100
2022-04-10,27645,27645,-316.78,264.98,-581.76,100
2022-04-11,81946,81946,5683.21,930.76,4752.45,100
2022-04-12,124756,124756,-3052.89,975.49,-4028.38,100
2022-04-13,117686,117686,-1114.69,934.35,-2049.04,100
2022-04-14,66920,66920,3982.8,710.34,3272.46,100
2022-04-15,49967,49967,5655.27,544.94,5110.33,100
2022-04-16,24853,24853,-717.59,167.15,-884.74,100
2022-04-17,18045,18045,79.43,171.69,-92.26,100
2022-04-18,120543,120543,1899.09,880.88,1018.21,100
2022-04-19,106842,106842,-2394.95,999.56,-3394.51,100
2022-04-20,89173,89173,6607.76,864.96,5742.8,100
2022-04-21,87554,87554,2339.08,800.2,1538.88,100
2022-04-22,91048,91048,5668.87,652.34,5016.53,100
2022-04-23,45073,45073,4736.62,371.05,4365.57,100
2022-04-24,48182,48182,1846.66,380.97,1465.69,100
2022-04-25,129105,129105,793.54,698.91,94.63,100
2022-04-26,140114,140114,-3004.09,1002.23,-4006.32,100
2022-04-27,176242,176242,21631.95,1362.4,20269.55,100
2022-04-28,331904,331904,10356.27,2051.34,8304.93,100
2022-04-29,367035,367035,-1349.87,2675.36,-4025.23,100
2022-04-30,60634,60634,3612.59,513.31,3099.28,100
2022-05-01,73689,73689,2805.88,452.33,2353.55,100
2022-05-02,329185,329185,20595.62,1978.81,18616.81,100
2022-05-03,421719,421719,20026.8,2753.87,17272.93,100
2022-05-04,558283,558283,-5395.31,3258.78,-8654.09,100
2022-05-05,530362,530362,27894.58,2455.13,25439.45,100
2022-05-06,438913,438913,5341.42,3771.17,1570.25,100
2022-05-07,59888,59888,1423.26,513.16,910.1,100
2022-05-08,88312,88312,-1727.14,707.22,-2434.36,100
2022-05-09,342013,342013,4108.79,2422.58,1686.21,100
2022-05-10,449034,449034,4313.32,3018.92,1294.4,100
2022-05-11,553457,553457,13876.62,3738.09,10138.53,100
2022-05-12,366060,366060,3226.18,2519.31,706.87,100
2022-05-13,235664,235664,7587.68,1763.14,5824.54,100
2022-05-14,35167,35167,2644.72,315.23,2329.49,100
2022-05-15,51045,51045,2641.95,488.55,2153.4,100
2022-05-16,270107,270107,7642.29,2083.62,5558.67,100
2022-05-17,276392,276392,9064.71,2383.82,6680.89,100
2022-05-18,311154,311154,14390.09,2367.14,12022.95,100
2022-05-19,414810,414810,1819.38,3403.44,-1584.06,100
2022-05-20,235539,235539,14747.73,2197.65,12550.08,100
2022-05-21,56126,56126,958.71,373.02,585.69,100
2022-05-22,91319,91319,-1290.92,654.41,-1945.33,100
2022-05-23,297257,297257,5784.4,2113.99,3670.41,100
2022-05-24,326492,326492,8225.68,2735.69,5489.99,100
2022-05-25,328680,328680,9917.78,2635.47,7282.31,100
2022-05-26,226775,226775,-2828.14,1643.85,-4471.99,100
2022-05-27,213984,213984,-1468.22,1890.69,-3358.91,100
2022-05-28,35152,35152,1267.16,327.17,939.99,100
2022-05-29,74279,74279,1346.52,393.69,952.83,100
2022-05-30,52234,52234,2229.66,424.85,1804.81,100
2022-05-31,291010,291010,5786.71,2056.29,3730.42,100
2022-06-01,329806,329806,2936.73,2688.17,248.56,100
2022-06-02,329836,329836,10640.83,2642.81,7998.02,100
2022-06-03,311595,311595,3868.89,2161.24,1707.65,100
2022-06-04,53745,53745,-3069.71,430.34,-3500.05,100
2022-06-05,60467,60467,-1214.18,428.54,-1642.72,100
2022-06-06,354671,354671,9104.7,2403.86,6700.84,100
2022-06-07,401599,401599,5992.48,2908.85,3083.63,100
2022-06-08,349034,349034,2589.9,2542.25,47.65,100
2022-06-09,387970,387970,15441.58,3425.36,12016.22,100
2022-06-10,562616,562616,28140.79,5130.57,23010.22,100
2022-06-11,68409,68409,1015.46,620.58,394.88,100
2022-06-12,238423,238423,-2143.55,1259.43,-3402.98,100
2022-06-13,511244,511244,35651.69,4950.01,30701.68,100
2022-06-14,536208,536208,7906.01,4655.6,3250.41,100
2022-06-15,537681,537681,-6467.93,4301.09,-10769.02,100
2022-06-16,311671,311671,4272.78,2815.59,1457.19,100
2022-06-17,479062,479062,12040.26,4438.84,7601.42,100
2022-06-18,131475,131475,-2892.44,878.8,-3771.24,100
2022-06-19,131326,131326,-2311.92,784.83,-3096.75,100
2022-06-20,145097,145097,-120.9,1122.13,-1243.03,100
2022-06-21,276000,276000,6178.51,2563.5,3615.01,100
2022-06-22,408961,408961,-2303.7,3629.31,-5933.01,100
2022-06-23,363898,363898,6819.34,3349.51,3469.83,100
2022-06-24,215763,215763,-5351.03,1948.02,-7299.05,100
2022-06-25,42168,42168,-244.78,308.65,-553.43,100
2022-06-26,106583,106583,-2178.99,847.97,-3026.96,100
2022-06-27,323909,323909,13494.09,2692.6,10801.49,100
2022-06-28,355335,355335,-12133.78,2945.15,-15078.93,100
2022-06-29,393273,393273,586.93,3057.8,-2470.87,100
2022-06-30,639364,639364,6682.01,5849.26,832.75,100
2022-07-01,445290,445290,-11102.67,3826.16,-14928.83,100
2022-07-02,85120,85120,-3950.09,622.04,-4572.13,100
2022-07-03,93136,93136,-4268.1,637.09,-4905.19,100
2022-07-04,54976,54976,182.25,470,-287.75,100
2022-07-05,406291,406291,4522.73,3349.1,1173.63,100
2022-07-06,325699,325699,8125.79,2958.48,5167.31,100
2022-07-07,217075,217075,12120.73,2160.17,9960.56,100
2022-07-08,378244,378244,7441.99,3424.93,4017.06,100
2022-07-09,99919,99919,8344.52,773.64,7570.88,100
2022-07-10,73054,73054,4478.31,608.9,3869.41,100
2022-07-11,316567,316567,16406.92,2607.07,13799.85,100
2022-07-12,458376,458376,8147.03,3872.75,4274.28,100
2022-07-13,800671,800671,-922.05,7216.26,-8138.31,100
2022-07-14,461409,461409,23437.82,4158.56,19279.26,100
2022-07-15,266221,266221,-2772.72,2443.67,-5216.39,100
2022-07-16,67221,67221,756.88,526.69,230.19,100
2022-07-17,64802,64802,31.43,589.28,-557.85,100
2022-07-18,247439,247439,4787.42,2152.99,2634.43,100
2022-07-19,303993,303993,19643.62,2726.6,16917.02,100
2022-07-20,317374,317374,6985.88,2601.97,4383.91,100
2022-07-21,216961,216961,4459.16,1823.77,2635.39,100
2022-07-22,331593,331593,-2695.75,3032.47,-5728.22,100
2022-07-23,61183,61183,7842.2,525.62,7316.58,100
2022-07-24,74577,74577,-2320.21,600.91,-2921.12,100
2022-07-25,239580,239580,1702.57,2177.32,-474.75,100
2022-07-26,322934,322934,10169.27,2587.73,7581.54,100
2022-07-27,431688,431688,12839.36,3585.71,9253.65,100
2022-07-28,405373,405373,-7522.1,3687.13,-11209.23,100
2022-07-29,520863,520863,11439.9,3240.38,8199.52,100
2022-07-30,51929,51929,3335.34,512.36,2822.98,100
2022-07-31,45511,45511,-2004.15,304.97,-2309.12,100
2022-08-01,280872,280872,-1297.85,2196.12,-3493.97,100
2022-08-02,344941,344941,-5116.71,3060.4,-8177.11,100
2022-08-03,293164,293164,8206.81,2569.79,5637.02,100
2022-08-04,312822,312822,4318.2,2763.98,1554.22,100
2022-08-05,369546,369546,9975.97,3233.31,6742.66,100
2022-08-06,69901,69901,5951.27,582.14,5369.13,100
2022-08-07,96739,96739,-4658.02,693.84,-5351.86,100
2022-08-08,492767,492767,9106.83,4166.47,4940.36,100
2022-08-09,438859,438859,-136.63,3129.37,-3266,100
2022-08-10,521248,521248,22718.53,3991.18,18727.35,100
2022-08-11,456807,456807,5359.67,3921.56,1438.11,100
2022-08-12,352904,352904,6898.12,2886.83,4011.29,100
2022-08-13,93344,93344,-375.66,701.25,-1076.91,100
2022-08-14,65804,65804,-48.43,473.73,-522.16,100
2022-08-15,565301,565301,13551.58,4609.69,8941.89,100
2022-08-16,453023,453023,6236.46,3830.85,2405.61,100
2022-08-17,423897,423897,-8803.33,3774.72,-12578.05,100
2022-08-18,382683,382683,19837.08,3031.33,16805.75,100
2022-08-19,341576,341576,2642,2326.25,315.75,100
2022-08-20,44171,44171,-1887.85,299.19,-2187.04,100
2022-08-21,115294,115294,3020.24,755.19,2265.05,100
2022-08-22,319416,319416,10893.99,2701.76,8192.23,100
2022-08-23,464073,464073,1049.06,3762.08,-2713.02,100
2022-08-24,476607,476607,-20491.47,4725.35,-25216.82,100
2022-08-25,461814,461814,-758.83,4068.21,-4827.04,100
2022-08-26,643451,643451,13214.13,6103.91,7110.22,100
2022-08-27,107143,107143,-1322.76,570.27,-1893.03,100
2022-08-28,91826,91826,2333.2,554.76,1778.44,100
2022-08-29,429083,429083,1838.36,4023.64,-2185.28,100
2022-08-30,462472,462472,3393.87,3793.69,-399.82,100
2022-08-31,305605,305605,3893.47,2844.88,1048.59,100
2022-09-01,312484,312484,7329.83,2957.94,4371.89,100
2022-09-02,404458,404458,5941.46,4056.16,1885.3,100
2022-09-03,55547,55547,-3116.47,347.43,-3463.9,100
2022-09-04,49572,49572,-2101.48,341.29,-2442.77,100
2022-09-05,74205,74205,3228.31,447.92,2780.39,100
2022-09-06,540683,540683,9954.63,5010.42,4944.21,100
2022-09-07,422537,422537,15202.07,4108.73,11093.34,100
2022-09-08,386711,386711,-822.17,3681.93,-4504.1,100
2022-09-09,266370,266370,-590.7,2265.97,-2856.67,100
2022-09-10,92108,92108,-1271.15,569.05,-1840.2,100
2022-09-11,76060,76060,-225.56,522.95,-748.51,100
2022-09-12,371977,371977,-1181.94,3226.48,-4408.42,100
2022-09-13,746002,746002,6636.75,5399.34,1237.41,100
2022-09-14,378648,378648,13743.74,3393.32,10350.42,100
2022-09-15,327837,327837,8399.61,2997.7,5401.91,100
2022-09-16,347298,347298,-1848.99,3255.91,-5104.9,100
2022-09-17,71840,71840,1341.54,499.22,842.32,100
2022-09-18,69894,69894,2549.6,509,2040.6,100
2022-09-19,271643,271643,3143.21,2182.75,960.46,100
2022-09-20,427338,427338,3855.85,3525.81,330.04,100
2022-09-21,388227,388227,5713.74,3279.53,2434.21,100
2022-09-22,350284,350284,6555.89,2943.33,3612.56,100
2022-09-23,363727,363727,-4205.93,3171.99,-7377.92,100
2022-09-24,102728,102728,-274.7,776.98,-1051.68,100
2022-09-25,62053,62053,-58.16,463.83,-521.99,100
2022-09-26,291186,291186,4960.69,2571.7,2388.99,100
2022-09-27,413862,413862,1072.52,3653.13,-2580.61,100
2022-09-28,377582,377582,8699,3540.6,5158.4,100
2022-09-29,345175,345175,5318.01,3198.03,2119.98,100
2022-09-30,290317,290317,12291.28,2559.26,9732.02,100
2022-10-01,49875,49875,1790.29,354.78,1435.51,100
2022-10-02,99108,99108,2349.26,618.2,1731.06,100
2022-10-03,317636,317636,13933.34,2923.21,11010.13,100
2022-10-04,334541,334541,4325.66,2833.96,1491.7,100
2022-10-05,326528,326528,4356.45,2701.11,1655.34,100
2022-10-06,351859,351859,7447.67,3412.71,4034.96,100
2022-10-07,305481,305481,2096.48,2318.7,-222.22,100
2022-10-08,64371,64371,1674.9,419.26,1255.64,100
2022-10-09,72713,72713,56.71,640.14,-583.43,100
2022-10-10,292418,292418,4431.12,2754.91,1676.21,100
2022-10-11,300165,300165,3097.54,2548.37,549.17,100
2022-10-12,411296,411296,25466,3450.66,22015.34,100
2022-10-13,546459,546459,-18990.9,4357.9,-23348.8,100
2022-10-14,269982,269982,645.77,2243.13,-1597.36,100
2022-10-15,55908,55908,755.84,408.26,347.58,100
2022-10-16,83231,83231,1120.25,598.77,521.48,100
2022-10-17,303348,303348,-1834.5,2627.06,-4461.56,100
2022-10-18,351141,351141,2487.32,2960.46,-473.14,100
2022-10-19,296455,296455,2906.34,2532.37,373.97,100
2022-10-20,371295,371295,-1489.62,3224.32,-4713.94,100
2022-10-21,376659,376659,4297.78,3311.91,985.87,100
2022-10-22,50612,50612,-70.24,335.63,-405.87,100
2022-10-23,78291,78291,1737.86,527.68,1210.18,100
2022-10-24,328705,328705,1268.51,2657.69,-1389.18,100
2022-10-25,285553,285553,-2945.61,2474.45,-5420.06,100
2022-10-26,348902,348902,-1295.18,3160.91,-4456.09,100
2022-10-27,407670,407670,-3477.92,3507.24,-6985.16,100
2022-10-28,252049,252049,9933.69,2088.65,7845.04,100
2022-10-29,51516,51516,-425.92,303.15,-729.07,100
2022-10-30,61474,61474,-4828.56,484.75,-5313.31,100
2022-10-31,383960,383960,-22961.97,3277.89,-26239.86,100
2022-11-01,282559,282559,-83.54,2669.27,-2752.81,100
2022-11-02,453219,453219,-1171.34,3994.95,-5166.29,100
2022-11-03,285781,285781,140.46,2659.21,-2518.75,100
2022-11-04,348856,348856,-12488.4,3013.74,-15502.14,100
2022-11-05,95871,95871,-10937.93,667.3,-11605.23,100
2022-11-06,88269,89766,-1414.58,507.33,-1921.91,98.33
2022-11-07,337670,337670,-592.79,2871.24,-3464.03,100
2022-11-08,277319,277319,826.45,2648.49,-1822.04,100
2022-11-09,265149,265149,2611.83,2762.45,-150.62,100
2022-11-10,327696,327696,14062.83,2627.3,11435.53,100
2022-11-11,265097,265097,-724.82,2082.84,-2807.66,100
2022-11-12,55948,55948,3600.66,391.38,3209.28,100
2022-11-13,60123,60123,50.53,353.2,-302.67,100
2022-11-14,331937,331937,-945.46,3372.73,-4318.19,100
2022-11-15,438042,438042,6686.84,4186.18,2500.66,100
2022-11-16,239626,239626,-1534.61,1995.52,-3530.13,100
2022-11-17,251874,251874,5359.61,2313.53,3046.08,100
2022-11-18,280945,280945,1995.92,2658.37,-662.45,100
2022-11-19,33440,33440,165.98,324.56,-158.58,100
2022-11-20,90406,90406,-694.81,752.39,-1447.2,100
2022-11-21,241447,241447,17252.98,2650.21,14602.77,100
2022-11-22,302516,302516,1337.59,2782.29,-1444.7,100
2022-11-23,267404,267404,4258.52,2391.39,1867.13,100
2022-11-24,95171,95171,6112.52,785.01,5327.51,100
2022-11-25,135617,135617,6035.34,1066.28,4969.06,100
2022-11-26,37037,37037,3557.57,340.52,3217.05,100
2022-11-27,93697,93697,-4611.91,559.36,-5171.27,100
2022-11-28,235898,235898,8598.79,2326.92,6271.87,100
2022-11-29,336251,336251,13190.86,3347.51,9843.35,100
2022-11-30,380260,380260,14557.05,3447.76,11109.29,100
2022-12-01,196090,196090,8467.44,1500.22,6967.22,100
2022-12-02,304785,304785,-2445.31,2648.7,-5094.01,100
2022-12-03,64962,64962,1018.94,470.04,548.9,100
2022-12-04,46007,46007,-3050.52,358.66,-3409.18,100
2022-12-05,232003,232003,221.79,2272.87,-2051.08,100
2022-12-06,241130,241130,3799.56,2233.38,1566.18,100
2022-12-07,299782,299782,-2624.75,2591.59,-5216.34,100
2022-12-08,293287,293287,-2504.08,2732.99,-5237.07,100
2022-12-09,298171,298171,10976.77,2784.1,8192.67,100
2022-12-10,47282,47282,103.6,261.99,-158.39,100
2022-12-11,69376,69376,-8161.65,749.54,-8911.19,100
2022-12-12,337977,337977,2008.79,3292.96,-1284.17,100
2022-12-13,546431,546431,9110.92,4141.97,4968.95,100
2022-12-14,301862,301862,-1701.98,2617.39,-4319.37,100
2022-12-15,303512,303512,13310.04,3186.4,10123.64,100
2022-12-16,247754,247754,5096.56,2467.07,2629.49,100
2022-12-17,36810,36810,-561.08,249.78,-810.86,100
2022-12-18,33729,33729,907.17,238.42,668.75,100
2022-12-19,245764,245764,2416.48,2390.62,25.86,100
2022-12-20,294739,294739,-3561.63,2366.28,-5927.91,100
2022-12-21,208774,208774,-1486.64,1709.96,-3196.6,100
2022-12-22,270908,270908,10590.2,2722.79,7867.41,100
2022-12-23,226559,226559,-1039.84,2138.29,-3178.13,100
2022-12-24,36934,36934,-2635.91,190.04,-2825.95,100
2022-12-25,28334,28334,1707.82,215.48,1492.34,100
2022-12-26,43109,43109,3703.82,286.54,3417.28,100
2022-12-27,167708,167708,-4531.12,1339.57,-5870.69,100
2022-12-28,249334,249334,6149.77,2689.39,3460.38,100
2022-12-29,180368,180368,3455.15,1893.41,1561.74,100
2022-12-30,218026,218026,2620.48,1946.12,674.36,100
2022-12-31,26659,26659,-515.28,213.57,-728.85,100
2023-01-01,24975,24975,624.01,202.57,421.44,100
2023-01-02,65490,65490,965.65,368.76,596.89,100
2023-01-03,215278,215278,2886.44,2152.53,733.91,100
2023-01-04,228202,228202,4698.78,2058.81,2639.97,100
2023-01-05,216076,216076,-340.36,2091.4,-2431.76,100
2023-01-06,294632,294632,2383.56,2414.63,-31.07,100
2023-01-07,42102,42102,-1041.21,269.13,-1310.34,100
2023-01-08,52469,52469,1.18,450.88,-449.7,100
2023-01-09,215884,215884,3500.5,2171.54,1328.96,100
2023-01-10,201848,201848,-4801.48,1951.98,-6753.46,100
2023-01-11,209839,209839,-5893.81,2023.52,-7917.33,100
2023-01-12,283688,283688,6881.5,2442.46,4439.04,100
2023-01-13,179879,179879,610.81,1685,-1074.19,100
2023-01-14,18444,18444,975.78,124.07,851.71,100
2023-01-15,16033,16033,156.06,98.14,57.92,100
2023-01-16,51963,51963,-1694.6,353.28,-2047.88,100
2023-01-17,75230,75230,-1391.67,636.06,-2027.73,100
2023-01-18,215767,215767,4503.71,2099.7,2404.01,100
2023-01-19,179084,179084,8543.69,1872.39,6671.3,100
2023-01-20,193611,193611,16906.86,1696.57,15210.29,100
2023-01-21,29928,29928,1487.37,161.47,1325.9,100
2023-01-22,51279,51279,1025.07,318.64,706.43,100
2023-01-23,176290,176290,-4112.77,1654.24,-5767.01,100
2023-01-24,168124,168124,1787.02,1755.42,31.6,100
2023-01-25,314035,314035,22210.9,2427.59,19783.31,100
2023-01-26,231494,231494,11035.53,2137.75,8897.78,100
2023-01-27,226366,226366,-159.96,1854.48,-2014.44,100
2023-01-28,32412,32412,-733.81,229.65,-963.46,100
2023-01-29,43368,43368,4070.95,320.59,3750.36,100
2023-01-30,194006,194006,1761.03,1702.87,58.16,100
2023-01-31,199409,199409,-2316.48,1845.65,-4162.13,100
2023-02-01,252158,252158,-368.72,1355.63,-1724.35,100
2023-02-02,362031,362031,-243.82,3552.88,-3796.7,100
2023-02-03,332884,332884,17708.88,2982.72,14726.16,100
2023-02-04,37835,37835,119.27,194.57,-75.3,100
2023-02-05,66941,66941,-2349.14,383.57,-2732.71,100
2023-02-06,183061,183061,1867.21,1687.68,179.53,100
2023-02-07,223330,223330,4810.34,2190.05,2620.29,100
2023-02-08,196400,196400,2716.87,1611.39,1105.48,100
2023-02-09,171214,171214,2536.9,1541.55,995.35,100
2023-02-10,195871,195871,2557.93,1752.89,805.04,100
2023-02-11,34116,34116,798.18,349.89,448.29,100
2023-02-12,31486,31486,-110.03,243.9,-353.93,100
2023-02-13,188148,188148,-5542.51,1786.16,-7328.67,100
2023-02-14,370916,370916,-7704.12,3264.42,-10968.54,100
2023-02-15,261781,261781,4030.93,2186.93,1844,100
2023-02-16,236476,236476,5794.6,1925.81,3868.79,100
2023-02-17,139360,139360,3364.58,1137.75,2226.83,100
2023-02-18,17382,17382,2502.25,186.61,2315.64,100
2023-02-19,38942,38942,-925.97,291.54,-1217.51,100
2023-02-20,67234,67234,1270.78,473.94,796.84,100
2023-02-21,155642,155642,5684.07,1505.67,4178.4,100
2023-02-22,185609,185609,2327.91,1597.07,730.84,100
2023-02-23,162990,162990,-877.56,1536.26,-2413.82,100
2023-02-24,227135,227135,-4302.95,1883.67,-6186.62,100
2023-02-25,31769,31769,2211.69,205.27,2006.42,100
2023-02-26,76642,76642,7148.03,476.58,6671.45,100
2023-02-27,274386,274386,-3786.73,2770.21,-6556.94,100
2023-02-28,351936,351936,17024.18,3230.35,13793.83,100
2023-03-01,376412,376412,16060.32,4313.9,11746.42,100
2023-03-02,261060,261060,9660.27,2733.26,6927.01,100
2023-03-03,226819,226819,3976.6,2187.26,1789.34,100
2023-03-04,43733,43733,763.59,274.04,489.55,100
2023-03-05,37272,37272,-646.83,348.92,-995.75,100
2023-03-06,296060,296060,639.45,3561.79,-2922.34,100
2023-03-07,423763,423763,-6429.36,4340.38,-10769.74,100
2023-03-08,412755,412755,-4475.84,4624.49,-9100.33,100
2023-03-09,668775,668775,16032.82,7586.41,8446.41,100
2023-03-10,559788,559788,5352.27,5513.16,-160.89,100
2023-03-11,56412,56412,-253.81,449.24,-703.05,100
2023-03-12,193569,193569,2119.37,1299.84,819.53,100
2023-03-13,706186,706186,9539.29,7581.46,1957.83,100
2023-03-14,527391,527391,16827.04,5556.04,11271,100
2023-03-15,697112,697112,-8742.09,7483.47,-16225.56,100
2023-03-16,466932,466932,3002.23,5001.21,-1998.98,100
2023-03-17,378653,378653,-6302.58,3895.67,-10198.25,100
2023-03-18,49308,49308,-1190.89,391.25,-1582.14,100
2023-03-19,85752,85752,-5718.05,700.41,-6418.46,100
2023-03-20,330767,330767,9084.98,3445.09,5639.89,100
2023-03-21,425694,425694,5494.23,3923.18,1571.05,100
2023-03-22,500425,500425,-5587.93,4649.24,-10237.17,100
2023-03-23,531574,531574,-10221.14,5467.58,-15688.72,100
2023-03-24,377951,377951,-11806.22,3224.06,-15030.28,100
2023-03-25,29147,29147,351.51,187.63,163.88,100
2023-03-26,57163,57163,3316.19,370.5,2945.69,100
2023-03-27,383753,383753,12014.97,3648.7,8366.27,100
2023-03-28,291679,291679,5048.01,2752.62,2295.39,100
2023-03-29,375726,375726,-2819.45,3183.44,-6002.89,100
2023-03-30,360923,360923,-1389.18,3893.2,-5282.38,100
2023-03-31,373903,373903,-170.13,2877.38,-3047.51,100
2023-04-01,63079,63079,-2219.95,427.29,-2647.24,100
2023-04-02,34378,34378,208.24,256.94,-48.7,100
2023-04-03,338310,338310,12140.23,3330.06,8810.17,100
2023-04-04,480984,480984,10166.04,5362.65,4803.39,100
2023-04-05,564018,564018,-460.16,5060.26,-5520.42,100
2023-04-06,544373,544373,12787.89,4962.26,7825.63,100
2023-04-07,429490,429490,-7210.76,1289.79,-8500.55,100
2023-04-08,237256,237256,-6403.17,489.45,-6892.62,100
2023-04-09,395507,395507,-10590.29,761.78,-11352.07,100
2023-04-10,588974,588974,13831.34,4715.57,9115.77,100
2023-04-11,391039,391039,7189.46,3395.05,3794.41,100
2023-04-12,588052,588052,-3206.97,4892.67,-8099.64,100
2023-04-13,387253,387253,-7031.67,3622.07,-10653.74,100
2023-04-14,526810,526810,-3917.04,3624,-7541.04,100
2023-04-15,93606,93606,2921.93,303.15,2618.78,100
2023-04-16,70229,70229,1988.01,497.35,1490.66,100
2023-04-17,381047,381047,9301.95,2683.68,6618.27,100
2023-04-18,493561,493561,-4817.08,3844.95,-8662.03,100
2023-04-19,601627,601627,1342.48,3676.2,-2333.72,100
2023-04-20,544058,544058,-2302.39,3537.16,-5839.55,100
2023-04-21,392772,392772,-1816.56,2139.32,-3955.88,100
2023-04-22,148345,148345,260.8,449.9,-189.1,100
2023-04-23,187207,187207,-8460.25,789.64,-9249.89,100
2023-04-24,465816,465816,-1137.82,2769.57,-3907.39,100
2023-04-25,652108,652108,-12383.45,4639.27,-17022.72,100
2023-04-26,501308,501308,-760.48,4045.44,-4805.92,100
2023-04-27,538365,538365,7642.37,3363.01,4279.36,100
2023-04-28,425229,425229,-7162.08,2856.04,-10018.12,100
2023-04-29,240813,240813,-4090.35,679.84,-4770.19,100
2023-04-30,190857,190857,-5312.84,645.2,-5958.04,100
2023-05-01,498535,498535,7867.62,3133.13,4734.49,100
2023-05-02,978372,978372,-5604.78,5494.46,-11099.24,100
2023-05-03,1198725,1198725,5917.27,7822.29,-1905.02,100
2023-05-04,785221,785221,-4536.61,5607.35,-10143.96,100
2023-05-05,660159,660159,7137.85,3617.62,3520.23,100
2023-05-06,87023,87023,-972.16,271.49,-1243.65,100
2023-05-07,118785,118785,109.66,546.55,-436.89,100
2023-05-08,391339,391339,1946.47,2972.71,-1026.24,100
2023-05-09,406381,406381,2986.37,3586.62,-600.25,100
2023-05-10,546328,546328,875.7,4322.57,-3446.87,100
2023-05-11,363049,363049,6671.44,2832,3839.44,100
2023-05-12,336623,336623,2076.57,2792.29,-715.72,100
2023-05-13,59951,59951,664.56,188.06,476.5,100
2023-05-14,78256,78256,-1727.13,410.36,-2137.49,100
2023-05-15,489226,489226,867.93,4262.04,-3394.11,100
2023-05-16,659543,659543,-2598.61,5192.64,-7791.25,100
2023-05-17,740884,740884,-9330.66,6256.31,-15586.97,100
2023-05-18,872986,872986,10074.99,7159.23,2915.76,100
2023-05-19,810313,810313,-10789.19,6035.31,-16824.5,100
2023-05-20,213064,213064,-9263.3,910.55,-10173.85,100
2023-05-21,244428,244428,-8122.74,1270.85,-9393.59,100
2023-05-22,861540,861540,-8246.87,5837.5,-14084.37,100
2023-05-23,1053122,1053122,-11363.94,8485.6,-19849.54,100
2023-05-24,1170285,1170285,7249.39,9656.01,-2406.62,100
2023-05-25,1334612,1334612,-5753.57,12113.27,-17866.84,100
2023-05-26,912250,912250,4539.68,7316.1,-2776.42,100
2023-05-27,270029,270029,-5814.9,1202.27,-7017.17,100
2023-05-28,307424,307424,-5694.05,891.9,-6585.95,100
2023-05-29,329105,329105,-9368.9,875.13,-10244.03,100
2023-05-30,1045289,1045289,-11056.59,7304.28,-18360.87,100
2023-05-31,1153571,1153571,-4412.6,7707.43,-12120.03,100
2023-06-01,1098139,1098139,-26474.74,8122.41,-34597.15,100
2023-06-02,1053247,1053247,28660.07,6559,22101.07,100
2023-06-03,133831,133831,1315.21,439.58,875.63,100
2023-06-04,178910,178910,-2709.97,810.34,-3520.31,100
2023-06-05,924428,924428,-21514.99,7015.86,-28530.85,100
2023-06-06,803788,803788,-1564.12,6576.18,-8140.3,100
2023-06-07,883181,883181,-4345.57,7542.06,-11887.63,100
2023-06-08,725001,725001,3483.97,5565.59,-2081.62,100
2023-06-09,670020,670020,6401.2,5809.37,591.83,100
2023-06-10,181781,181781,-41.39,591.25,-632.64,100
2023-06-11,191155,191155,-2866.24,801.83,-3668.07,100
2023-06-12,622837,622837,-11554.15,4500.97,-16055.12,100
2023-06-13,1214558,1214558,241.36,7983.57,-7742.21,100
2023-06-14,1265029,1265029,7076.77,8118.54,-1041.77,100
2023-06-15,821042,821042,2124.81,6217.62,-4092.81,100
2023-06-16,719336,719336,-13269.32,5584.91,-18854.23,100
2023-06-17,173896,173896,-4175.52,611.28,-4786.8,100
2023-06-18,276197,276197,-5577.02,1067.61,-6644.63,100
2023-06-19,224352,224352,-2790.92,986.48,-3777.4,100
2023-06-20,716990,716990,661.58,5863.21,-5201.63,100
2023-06-21,1172532,1172532,807.69,9264.49,-8456.8,100
2023-06-22,888110,888110,-6013.88,6596.7,-12610.58,100
2023-06-23,802807,802807,6024.79,6560.17,-535.38,100
2023-06-24,193684,193684,-5450.73,424.66,-5875.39,100
2023-06-25,173106,173106,-7092.09,483.67,-7575.76,100
2023-06-26,1200289,1200289,9581.99,9050.22,531.77,100
2023-06-27,1109973,1109973,11415.89,8798.15,2617.74,100
2023-06-28,967779,967779,-13684.03,7700.81,-21384.84,100
2023-06-29,1073951,1073951,-4830.17,9153.58,-13983.75,100
2023-06-30,735343,735343,12421.03,5087.77,7333.26,100
2023-07-01,176869,176869,-1103.55,524.17,-1627.72,100
2023-07-02,138248,138248,4375.59,837.66,3537.93,100
2023-07-03,684585,684585,-10003.04,5797.57,-15800.61,100
2023-07-04,233391,233391,-7726.68,768.38,-8495.06,100
2023-07-05,821355,821355,-735.05,6239.04,-6974.09,100
2023-07-06,1052637,1052637,-4508.22,7749.27,-12257.49,100
2023-07-07,946164,946164,13148.9,7687.65,5461.25,100
2023-07-08,217385,217385,-5767.73,625.14,-6392.87,100
2023-07-09,194318,194318,-3481.45,821.38,-4302.83,100
2023-07-10,864197,864197,-6337.58,6222.68,-12560.26,100
2023-07-11,632668,632668,-4238.05,4982.16,-9220.21,100
2023-07-12,993666,993666,1913.69,8434.31,-6520.62,100
2023-07-13,717809,717809,14270.7,5306.83,8963.87,100
2023-07-14,673284,673284,1103.65,5260.67,-4157.02,100
2023-07-15,177969,177969,-9867.74,866.26,-10734,100
2023-07-16,155972,155972,10597.86,927.63,9670.23,100
2023-07-17,681003,681003,6626.26,5275.65,1350.61,100
2023-07-18,750881,750881,-2124.07,4877.88,-7001.95,100
2023-07-19,878867,878867,-14928.42,7056.82,-21985.24,100
2023-07-20,862132,862132,-5313.91,7079.86,-12393.77,100
2023-07-21,757768,757768,1572.94,4953.74,-3380.8,100
2023-07-22,122612,122612,3530.11,418.1,3112.01,100
2023-07-23,298877,298877,-4804.65,700.83,-5505.48,100
2023-07-24,803302,803302,1982.03,6022.15,-4040.12,100
2023-07-25,744761,744761,5852.01,5716.14,135.87,100
2023-07-26,760643,760643,-11487.54,6307.93,-17795.47,100
2023-07-27,968368,968368,11011.42,8330.58,2680.84,100
2023-07-28,721506,721506,-1724.19,4776.38,-6500.57,100
2023-07-29,180477,180477,-2653.99,453.9,-3107.89,100
2023-07-30,156308,156308,-3478.05,787.19,-4265.24,100
2023-07-31,567129,567129,8110.22,4155.23,3954.99,100
2023-08-01,566613,566613,-7608.42,3514.65,-11123.07,100
2023-08-02,825201,825201,-7219.66,5447.86,-12667.52,100
2023-08-03,527053,527053,8340.59,4902.07,3438.52,100
2023-08-04,1031873,1031873,17340.8,8326.84,9013.96,100
2023-08-05,218609,218609,-2448.02,1000.26,-3448.28,100
2023-08-06,138477,138477,841.56,801.8,39.76,100
2023-08-07,911863,911863,-4935.2,4857.92,-9793.12,100
2023-08-08,738513,738513,5067.39,5099.98,-32.59,100
2023-08-09,995781,995781,9012.61,6535.82,2476.79,100
2023-08-10,740216,740216,-2803.43,6049,-8852.43,100
2023-08-11,660275,660275,-173.31,4230.98,-4404.29,100
2023-08-12,166987,166987,-2882.4,684.82,-3567.22,100
2023-08-13,226952,226952,-7923.88,765.61,-8689.49,100
2023-08-14,534098,534098,-4299.1,3626.06,-7925.16,100
2023-08-15,624062,624062,8222.74,4662.58,3560.16,100
2023-08-16,716295,716295,1439.07,5779.04,-4339.97,100
2023-08-17,582665,582665,-15103.77,4449.39,-19553.16,100
2023-08-18,614589,614589,1151.1,3940.84,-2789.74,100
2023-08-19,96706,96706,1795.34,374.56,1420.78,100
2023-08-20,129770,129770,-4354.88,560.12,-4915,100
2023-08-21,498217,498217,3806.98,3622.68,184.3,100
2023-08-22,502229,502229,3936.5,3779.9,156.6,100
2023-08-23,520574,520574,261.26,3814.87,-3553.61,100
2023-08-24,668445,668445,5488.24,4654.68,833.56,100
2023-08-25,781209,781209,-1250.2,5739.7,-6989.9,100
2023-08-26,115005,115005,-856.07,434.62,-1290.69,100
2023-08-27,165492,165492,442.51,680.06,-237.55,100
2023-08-28,445055,445055,-968.09,2824.23,-3792.32,100
2023-08-29,497862,497862,9950.2,3468.57,6481.63,100
2023-08-30,644293,644293,4920.46,3948.02,972.44,100
2023-08-31,576698,576698,-3500.9,3498.09,-6998.99,100
2023-09-01,626537,626537,18087.83,3346.77,14741.06,100
2023-09-02,258987,258987,15728.97,639.4,15089.57,100
2023-09-03,317327,317327,5468.75,728.35,4740.4,100
2023-09-04,208081,208081,8237.09,700.06,7537.03,100
2023-09-05,510130,510130,7425.87,2895.14,4530.73,100
2023-09-06,1058324,1058324,-7288.85,4805.26,-12094.11,100
2023-09-07,784634,784634,24758.31,4161.39,20596.92,100
2023-09-08,506253,506253,22335.37,3112.29,19223.08,100
2023-09-09,262783,262783,7732.76,617.29,7115.47,100
2023-09-10,145688,145688,11435,623.97,10811.03,100
2023-09-11,482490,482490,59701.57,2927.43,56774.14,100
2023-09-12,666238,666238,1310.7,5049.3,-3738.6,100
2023-09-13,822671,822671,5365.27,6301.83,-936.56,100
2023-09-14,775063,775063,-3575.78,6218.94,-9794.72,100
2023-09-15,527810,527810,-15856.69,4115.61,-19972.3,100
2023-09-16,340477,340477,21975.83,762.47,21213.36,100
2023-09-17,162245,162245,-2036.33,497.17,-2533.5,100
2023-09-18,559102,559102,1830.25,3867.86,-2037.61,100
2023-09-19,542847,542847,-1449.71,3374.41,-4824.12,100
2023-09-20,856663,856663,-16681.89,5746.18,-22428.07,100
2023-09-21,620809,620809,191.74,4227.35,-4035.61,100
2023-09-22,584188,584188,5904.1,4122.58,1781.52,100
2023-09-23,211227,211227,7137.3,728.68,6408.62,100
2023-09-24,405808,405808,27352.16,1913.63,25438.53,100
2023-09-25,957297,957297,78106.31,5731.39,72374.92,100
2023-09-26,607254,607254,17359.56,4395.36,12964.2,100
2023-09-27,802223,802223,18793.5,5805.48,12988.02,100
2023-09-28,737259,737259,26321.74,5564.27,20757.47,100
2023-09-29,1064468,1064468,-1720.56,6508.45,-8229.01,100
2023-09-30,453677,453677,40242.82,1911.31,38331.51,100
2023-10-01,241366,241366,6453.13,1280.62,5172.51,100
2023-10-02,1236217,1236217,23207.46,8089.37,15118.09,100
2023-10-03,948144,948144,3725.65,5721.98,-1996.33,100
2023-10-04,1303726,1303726,-11027.42,6867.69,-17895.11,100
2023-10-05,809131,809131,-7109.72,4926.37,-12036.09,100
2023-10-06,981594,981594,-3480.44,6321.36,-9801.8,100
2023-10-07,598324,598324,-18059.35,1345.02,-19404.37,100
2023-10-08,496486,496486,-10509.82,1447.3,-11957.12,100
2023-10-09,921768,921768,30372.29,5563.95,24808.34,100
2023-10-10,741780,741780,22801.67,4681.34,18120.33,100
2023-10-11,1244400,1244400,3077.66,7119.69,-4042.03,100
2023-10-12,831688,831688,-24681.79,5752.91,-30434.7,100
2023-10-13,964284,964284,-54476.24,7255.44,-61731.68,100
2023-10-14,549754,549754,-17591.79,1596.36,-19188.15,100
2023-10-15,337535,337535,-9917.7,1207.23,-11124.93,100
2023-10-16,791952,791952,13712.86,6220.93,7491.93,100
2023-10-17,1123003,1123003,-26698.27,8074.91,-34773.18,100
2023-10-18,807126,807126,-9040.71,6793.14,-15833.85,100
2023-10-19,949119,949119,-3523.17,7563.39,-11086.56,100
2023-10-20,1126480,1126480,-24467.13,6406.72,-30873.85,100
2023-10-21,1109601,1109601,-43086.21,3110.14,-46196.35,100
2023-10-22,375016,375016,-17277.65,1323.15,-18600.8,100
2023-10-23,876730,876731,2563.87,5482.9,-2919.03,100
2023-10-24,1421925,1421925,-30307.46,7159.72,-37467.18,100
2023-10-25,1248776,1248776,-19429.04,7085.39,-26514.43,100
2023-10-26,848462,848462,-10289.43,6926.36,-17215.79,100
2023-10-27,902644,902644,1991.49,6889.49,-4898,100
2023-10-28,298764,298765,-3464.75,1026.99,-4491.74,100
2023-10-29,218789,218789,-6142.7,798.22,-6940.92,100
2023-10-30,857738,857738,-25703.35,5566.76,-31270.11,100
2023-10-31,913336,913421,-7644.47,7122.27,-14766.74,99.99
2023-11-01,1088636,1088636,-18150.67,5873.53,-24024.2,100
2023-11-02,725503,725503,-7964.3,4779.75,-12744.05,100
2023-11-03,1151417,1151417,-12497.7,6291.21,-18788.91,100
2023-11-04,428648,428648,-16698.85,1045.64,-17744.49,100
2023-11-05,560188,563184,-17366.27,1200.77,-18567.04,99.47
2023-11-06,1071594,1071594,-19371,4972.44,-24343.44,100
2023-11-07,1038895,1038905,-25195.61,5127.06,-30322.67,100
2023-11-08,798560,798560,-11545.92,4471.77,-16017.69,100
2023-11-09,1147837,1147839,2770.2,9121.82,-6351.62,100
2023-11-10,827045,827061,23135.94,5253.54,17882.4,100
2023-11-11,314661,314677,-3301.04,1029.45,-4330.49,99.99
2023-11-12,258798,258876,8815.18,928.64,7886.54,99.97
2023-11-13,580352,580352,-6537.49,4196.37,-10733.86,100
2023-11-14,1161990,1161990,6140.23,5878.69,261.54,100
2023-11-15,628873,628873,-4439.08,4248.03,-8687.11,100
2023-11-16,767670,767681,-6314.44,6100.24,-12414.68,100
2023-11-17,666131,666131,10055.25,4888.02,5167.23,100
2023-11-18,433660,433660,10226.35,874.14,9352.21,100
2023-11-19,327123,327123,837.68,856.66,-18.98,100
2023-11-20,644697,644697,-5603.12,4446.1,-10049.22,100
2023-11-21,680117,680117,-28641.64,5048.52,-33690.16,100
2023-11-22,814914,814914,-8540.38,6000.85,-14541.23,100
2023-11-23,156782,156786,-4820.98,868.23,-5689.21,100
2023-11-24,220446,220446,9373.12,1297.64,8075.48,100
2023-11-25,73234,73234,-3355.56,270.49,-3626.05,100
2023-11-26,100465,100465,35.24,438.5,-403.26,100
2023-11-27,654523,654523,10292.66,4938.57,5354.09,100
2023-11-28,822323,822323,44605.72,6014.74,38590.98,100
2023-11-29,826818,826896,8136.85,5007.37,3129.48,99.99
2023-11-30,1095167,1095175,4472.41,5824.23,-1351.82,100
2023-12-01,765493,765509,-5028.94,6377.09,-11406.03,100
2023-12-02,74707,74707,747.52,423.18,324.34,100
2023-12-03,94456,94456,-736.32,617.6,-1353.92,100
2023-12-04,646961,646972,874.93,4753.12,-3878.19,100
2023-12-05,750547,750547,-6718.43,6414.14,-13132.57,100
2023-12-06,843028,843028,-12014.73,7318.02,-19332.75,100
2023-12-07,523096,523096,1246.5,4198.89,-2952.39,100
2023-12-08,772620,772620,16699.81,6886.66,9813.15,100
2023-12-09,148696,148696,1978.17,709.41,1268.76,100
2023-12-10,87984,87993,1401.75,911.32,490.43,99.99
2023-12-11,591985,592003,-1058.73,5354.41,-6413.14,100
2023-12-12,570841,570841,2.48,5118.57,-5116.09,100
2023-12-13,1033954,1034006,18273.36,7812.8,10460.56,99.99
2023-12-14,802356,802389,-3413.37,6167.99,-9581.36,100
2023-12-15,786362,786362,8644.47,6977.6,1666.87,100
2023-12-16,179367,179367,-2643.67,1222.73,-3866.4,100
2023-12-17,154251,154252,3469.99,732.73,2737.26,100
2023-12-18,467625,467625,-829.92,4037.02,-4866.94,100
2023-12-19,502167,502167,20038.04,4740.74,15297.3,100
2023-12-20,793553,793555,-15528.14,8077.39,-23605.53,100
2023-12-21,588818,588818,3639.08,5715.18,-2076.1,100
2023-12-22,580610,580610,3310.04,4605.12,-1295.08,100
2023-12-23,44714,44714,-711.7,334.97,-1046.67,100
2023-12-24,35308,35309,1447.98,431.49,1016.49,100
2023-12-25,116024,116024,-8235.95,707.85,-8943.8,100
2023-12-26,384381,384381,-11607.31,3398.36,-15005.67,100
2023-12-27,470464,470483,349.64,4324.86,-3975.22,100
2023-12-28,369114,370680,6812.74,2590.59,4222.15,99.58
2023-12-29,563773,564901,-7055.53,4603.36,-11658.89,99.8
2023-12-30,287681,288225,3458.7,990.14,2468.56,99.81
2023-12-31,164544,164731,1278.95,552.82,726.13,99.89
2024-01-01,152083,152546,-5576.23,827.27,-6403.5,99.7
2024-01-02,817062,821074,64.98,6397.8,-6332.82,99.51
2024-01-03,947237,947517,19097.79,9040.17,10057.62,99.97
2024-01-04,522935,523084,-13609.8,4238.22,-17848.02,99.97
2024-01-05,846927,847568,-12942.84,8606.15,-21548.99,99.92
2024-01-06,92759,92759,-6688.52,436.53,-7125.05,100
2024-01-07,98760,100286,4841.63,963.22,3878.41,98.48
2024-01-08,520817,520901,49266.34,4057,45209.34,99.98
2024-01-09,694363,694363,-2844.16,7355.63,-10199.79,100
2024-01-10,780539,780563,-3650.09,6653.05,-10303.14,100
2024-01-11,1084765,1085022,-7740.35,9768.82,-17509.17,99.98
2024-01-12,838851,838863,-5677.38,8694.41,-14371.79,100
2024-01-13,81259,81787,-1806.12,569.01,-2375.13,99.35
2024-01-14,126138,126418,7227.18,845.22,6381.96,99.78
2024-01-15,256083,256083,7738.52,1414.64,6323.88,100
2024-01-16,870752,870795,6812.02,9257.4,-2445.38,100
2024-01-17,680209,680209,-9380.54,5789.31,-15169.85,100
2024-01-18,634390,634430,30831.94,5581.36,25250.58,99.99
2024-01-19,547552,547552,7467.5,4672.52,2794.98,100
2024-01-20,274386,274386,3237.96,1163.46,2074.5,100
2024-01-21,131165,131165,-4051.16,578.34,-4629.5,100
2024-01-22,777673,777673,-18481.3,5104.92,-23586.22,100
2024-01-23,622651,622652,-10669.98,3483.54,-14153.52,100
2024-01-24,723477,723477,6571.24,3906.52,2664.72,100
2024-01-25,769130,769130,-11828.73,4797.9,-16626.63,100
2024-01-26,610268,610268,6384.06,3832.1,2551.96,100
2024-01-27,100404,100404,5650.48,667.7,4982.78,100
2024-01-28,93350,93350,-2653.62,617.13,-3270.75,100
2024-01-29,661083,661083,2581.7,4558.17,-1976.47,100
2024-01-30,653195,653195,8544.91,4514.62,4030.29,100
2024-01-31,1392531,1392543,-45057.86,8881.67,-53939.53,100
2024-02-01,998001,998126,-15116.41,5946.77,-21063.18,99.99
2024-02-02,1137465,1137505,4991.66,6118.33,-1126.67,100
2024-02-03,74618,74618,-1300.76,676.58,-1977.34,100
2024-02-04,277016,277016,2750.06,2187.19,562.87,100
2024-02-05,682205,682354,1930.41,4226.91,-2296.5,99.98
2024-02-06,716619,716724,-2103.78,4017.84,-6121.62,99.99
2024-02-07,589130,589130,7411.85,3331.03,4080.82,100
2024-02-08,662460,662497,1004.62,3808.48,-2803.86,99.99
2024-02-09,512594,512595,-9165.97,3059.57,-12225.54,100
2024-02-10,165239,165306,-13407.71,1112.28,-14519.99,99.96
2024-02-11,97262,97345,3602.37,705.95,2896.42,99.91
2024-02-12,763124,763124,1046.47,4393.2,-3346.73,100
2024-02-13,1350709,1350974,34333.73,7728.27,26605.46,99.98
2024-02-14,977448,977679,14622.57,4146.37,10476.2,99.98
2024-02-15,660585,661061,-4917.58,3607.6,-8525.18,99.93
2024-02-16,993565,993581,40.22,5372.43,-5332.21,100
2024-02-17,122383,122403,-9375.65,693.81,-10069.46,99.98
2024-02-18,121118,121118,3257.46,856.23,2401.23,100
2024-02-19,156486,156507,-698.8,897.24,-1596.04,99.99
2024-02-20,823434,823597,4007.95,4556.38,-548.43,99.98
2024-02-21,828668,828668,6831.39,3996.44,2834.95,100
2024-02-22,824423,824423,5946.22,4529.38,1416.84,100
2024-02-23,936158,936238,4470.25,5206.79,-736.54,99.99
2024-02-24,155313,155313,-6590.38,1448.48,-8038.86,100
2024-02-25,119030,119218,-2411.56,1175,-3586.56,99.84
2024-02-26,644364,644500,9862.14,4050.8,5811.34,99.98
2024-02-27,735460,735480,-10228.6,4367.79,-14596.39,100
2024-02-28,854389,854499,36.37,4736.07,-4699.7,99.99
2024-02-29,964590,964603,8553.55,5145.5,3408.05,100
2024-03-01,803750,803751,18141.99,4612.06,13529.93,100
2024-03-02,90884,90896,6559.98,958.9,5601.08,99.99
2024-03-03,135681,135778,8373.64,1017.88,7355.76,99.93
2024-03-04,1049118,1049118,16167.09,6438.91,9728.18,100
2024-03-05,1354832,1355268,11900.41,7121.51,4778.9,99.97
2024-03-06,1714705,1714705,-17800.36,8606.94,-26407.3,100
2024-03-07,1078320,1078341,-22728.13,5874.54,-28602.67,100
2024-03-08,1763142,1763284,14383.95,8986.96,5396.99,99.99
2024-03-09,230988,230988,-19669.24,1879.01,-21548.25,100
2024-03-10,361142,361160,15515.46,2740.25,12775.21,100
2024-03-11,1671044,1671216,-5237.28,8113.58,-13350.86,99.99
2024-03-12,952973,952973,7184.59,5646.99,1537.6,100
2024-03-13,1213862,1214124,18970.95,5304.5,13666.45,99.98
2024-03-14,796735,796826,26914.76,4134.71,22780.05,99.99
2024-03-15,1392839,1392889,-3997.2,6640.07,-10637.27,100
2024-03-16,163316,163318,-6635.49,808.97,-7444.46,100
2024-03-17,645288,645294,-1279.16,2944.22,-4223.38,100
2024-03-18,1853717,1854192,5515.53,8637.45,-3121.92,99.97
2024-03-19,1569251,1569282,-28994.12,8712.16,-37706.28,100
2024-03-20,1430507,1430508,-22984.34,9285.53,-32269.87,100
2024-03-21,1363733,1363749,-4187.97,9308.65,-13496.62,100
2024-03-22,1424828,1424829,8280.12,7749.06,531.06,100
2024-03-23,220113,220665,3132.58,1384.71,1747.87,99.75
2024-03-24,274524,274606,18719.47,1965.97,16753.5,99.97
2024-03-25,1266438,1266590,20324.12,6954.97,13369.15,99.99
2024-03-26,1254288,1254398,4011.18,6210.24,-2199.06,99.99
2024-03-27,1420383,1420878,-21834.45,7722.95,-29557.4,99.97
2024-03-28,1097401,1097816,11488.35,6032.67,5455.68,99.96
2024-03-29,277050,277051,-1809.11,1690.4,-3499.51,100
2024-03-30,607044,607133,840.99,2572.66,-1731.67,99.99
2024-03-31,757410,757609,-341.99,3476.37,-3818.36,99.97
2024-04-01,1640142,1641073,249.16,7002.47,-6753.31,99.94
2024-04-02,829685,829717,7869.46,5876.73,1992.73,100
2024-04-03,1680121,1680445,-18086.56,8849.19,-26935.75,99.98
2024-04-04,2587980,2587982,27304.21,14732.26,12571.95,100
2024-04-05,1626838,1629270,33090.18,9114.71,23975.47,99.85
2024-04-06,272156,272208,4903.27,1152.18,3751.09,99.98
2024-04-07,831508,831536,-4810.97,3869.59,-8680.56,100
2024-04-08,1252142,1252164,-652.48,4905.59,-5558.07,100
2024-04-09,1270541,1270611,24967.73,6487.6,18480.13,99.99
2024-04-10,1581459,1581541,-27240.45,8655.02,-35895.47,99.99
2024-04-11,1053524,1053842,18212.91,5590.38,12622.53,99.97
2024-04-12,1050649,1050793,-30957.58,5924.12,-36881.7,99.99
2024-04-13,114398,114451,-4582.91,739.76,-5322.67,99.95
2024-04-14,421689,421699,62.51,2066.27,-2003.76,100
2024-04-15,1519328,1519369,9115.6,6911.91,2203.69,100
2024-04-16,1179019,1179174,5724.37,5849.39,-125.02,99.99
2024-04-17,1111696,1111731,10661.43,5367.09,5294.34,100
2024-04-18,1059580,1060126,-35234.41,5487.33,-40721.74,99.95
2024-04-19,1140284,1141241,-29197.67,5375.41,-34573.08,99.92
2024-04-20,163040,163090,2620.72,1202.88,1417.84,99.97
2024-04-21,1590214,1590415,-2945.74,5688.89,-8634.63,99.99
2024-04-22,1499028,1499082,-15579.93,7592.43,-23172.36,100
2024-04-23,962007,962949,-17253.52,5291.15,-22544.67,99.9
2024-04-24,793432,793709,-20559.14,4936.45,-25495.59,99.97
2024-04-25,876013,876099,-8999.75,5026.75,-14026.5,99.99
2024-04-26,917627,918112,-4724.3,4636.63,-9360.93,99.95
2024-04-27,740306,740581,-12658.16,3341.42,-15999.58,99.96
2024-04-28,346859,347184,-2945.91,1841.04,-4786.95,99.91
2024-04-29,1245667,1245742,-10458.47,6272.33,-16730.8,99.99
2024-04-30,1471611,1471676,-21122.63,7382.14,-28504.77,100
2024-05-01,826188,826970,11718.81,4992.35,6726.46,99.91
2024-05-02,882592,882702,-11802.18,4924.18,-16726.36,99.99
2024-05-03,1365102,1365291,-3684.04,8203.54,-11887.58,99.99
2024-05-04,433184,434036,306.5,2066.11,-1759.61,99.8
2024-05-05,643824,643911,-2721.41,3054,-5775.41,99.99
2024-05-06,1387823,1388141,-10994.56,5575.97,-16570.53,99.98
2024-05-07,873999,874583,10515.94,4684.04,5831.9,99.93
2024-05-08,826488,827475,-22003.69,4634.29,-26637.98,99.88
2024-05-09,929423,929476,2885.11,4767.24,-1882.13,99.99
2024-05-10,1137014,1137585,-16984.92,6972.09,-23957.01,99.95
2024-05-11,237404,237457,-3292.49,1325,-4617.49,99.98
2024-05-12,172876,172891,-1445.23,1053.59,-2498.82,99.99
2024-05-13,1081760,1082652,-2917.36,6592.52,-9509.88,99.92
2024-05-14,2371958,2372101,4793.46,11771.85,-6978.39,99.99
2024-05-15,2449554,2449766,27779.01,10767.08,17011.93,99.99
2024-05-16,1120829,1120942,9962.46,6359.25,3603.21,99.99
2024-05-17,1117042,1117679,-9973.8,6601.46,-16575.26,99.94
2024-05-18,345754,345962,-2615.88,1929.1,-4544.98,99.94
2024-05-19,957213,957213,522.56,4290.69,-3768.13,100
2024-05-20,1060387,1060575,6774.87,5803.24,971.63,99.98
2024-05-21,1329243,1329460,13456.71,6856.31,6600.4,99.98
2024-05-22,1037727,1037766,40526.32,5961.12,34565.2,100
2024-05-23,856545,856561,17044.85,4771.62,12273.23,100
2024-05-24,973747,974446,4634.53,5247.71,-613.18,99.93
2024-05-25,259648,259654,-2221.66,1411.81,-3633.47,100
2024-05-26,482838,482838,-1949.43,2225.95,-4175.38,100
2024-05-27,135002,135052,5883.65,1052.51,4831.14,99.96
2024-05-28,765920,766369,76677.29,6264.83,70412.46,99.94
2024-05-29,1286788,1287020,-3117.32,6504.96,-9622.28,99.98
2024-05-30,1634718,1634872,-964.27,7408.8,-8373.07,99.99
2024-05-31,1094497,1095225,-38416.03,6014.51,-44430.54,99.93
2024-06-01,166389,166405,-1573.56,1143.34,-2716.9,99.99
2024-06-02,1117630,1117839,879.64,4638.15,-3758.51,99.98
2024-06-03,833622,833720,6566.05,5399.52,1166.53,99.99
2024-06-04,1469306,1469439,31042.55,9427.86,21614.69,99.99
2024-06-05,1393009,1393032,59462.12,7657.18,51804.94,100
2024-06-06,959447,960256,19215.03,6696.57,12518.46,99.92
2024-06-07,1257623,1257816,-17744.01,7900,-25644.01,99.98
2024-06-08,250124,250167,3666,948.95,2717.05,99.98
2024-06-09,897373,897555,-2317.69,3684.03,-6001.72,99.98
2024-06-10,1114845,1115077,6931.27,5936.79,994.48,99.98
2024-06-11,1206705,1206823,92466.32,6448.37,86017.95,99.99
2024-06-12,2368802,2369609,19276.17,13604.72,5671.45,99.97
2024-06-13,1077714,1080433,21632.63,6947.22,14685.41,99.75
2024-06-14,1006436,1006679,6665.13,5990.74,674.39,99.98
2024-06-15,604786,604832,7588.42,2707.74,4880.68,99.99
2024-06-16,1664845,1665419,-7719.92,6390.92,-14110.84,99.97
2024-06-17,980211,980381,-1729.3,5170.17,-6899.47,99.98
2024-06-18,953952,954082,-7846.09,5099.16,-12945.25,99.99
2024-06-19,377876,377988,-479.91,2284.93,-2764.84,99.97
2024-06-20,1445376,1445414,-18835.65,6855.89,-25691.54,100
2024-06-21,706751,706751,-1551.06,4262.32,-5813.38,100
2024-06-22,165612,165614,6655.85,1000.45,5655.4,100
2024-06-23,900555,900876,-2623.11,3385.98,-6009.09,99.96
2024-06-24,722317,722812,-9027.54,4494.65,-13522.19,99.93
2024-06-25,940538,940603,6555.82,4048.78,2507.04,99.99
2024-06-26,935606,935962,-15019.48,6396.96,-21416.44,99.96
2024-06-27,1791839,1792251,-40053.57,12218.09,-52271.66,99.98
2024-06-28,1426407,1426586,-37.61,8790.74,-8828.35,99.99
2024-06-29,585399,585843,818.05,3058.35,-2240.3,99.92
2024-06-30,1278860,1278961,448.53,5666.67,-5218.14,99.99
2024-07-01,1425672,1425699,47212.38,7516.44,39695.94,100
2024-07-02,1004878,1005411,6408.2,6677.77,-269.57,99.95
2024-07-03,897624,897980,-25199.52,5597.56,-30797.08,99.96
2024-07-04,369664,370379,-2127.27,1897.63,-4024.9,99.81
2024-07-05,1190935,1191128,-10718.52,6554.7,-17273.22,99.98
2024-07-06,311960,311974,-11063.04,1952.61,-13015.65,100
2024-07-07,1509044,1509055,-10279.28,5024.56,-15303.84,100
2024-07-08,722915,723019,-12924.72,4748.93,-17673.65,99.99
2024-07-09,850591,850693,2960.98,5802.81,-2841.83,99.99
2024-07-10,778255,778340,45959.46,4761.54,41197.92,99.99
2024-07-11,1411983,1412884,10327.26,10850.74,-523.48,99.94
2024-07-12,1513793,1513805,-47896.46,12628.13,-60524.59,100
2024-07-13,160827,161058,-13872.73,1396.98,-15269.71,99.86
2024-07-14,1173137,1173172,-5067.06,3507.94,-8575,100
2024-07-15,1509672,1509847,6725.15,9373.67,-2648.52,99.99
2024-07-16,988830,989157,1208.31,5942.02,-4733.71,99.97
2024-07-17,1050119,1050526,-5561,5616.79,-11177.79,99.96
2024-07-18,976137,977011,8699.44,5006.54,3692.9,99.91
2024-07-19,838655,838926,-1088.39,5480.54,-6568.93,99.97
2024-07-20,102587,102601,-3002.61,913.65,-3916.26,99.99
2024-07-21,707740,708121,-5863.26,3212.23,-9075.49,99.95
2024-07-22,1311115,1312584,-33010.11,6869.7,-39879.81,99.89
2024-07-23,1250115,1250340,-6485.04,7830.84,-14315.88,99.98
2024-07-24,925531,925751,-14033.61,5064.98,-19098.59,99.98
2024-07-25,1201940,1202065,-2580.03,7631.7,-10211.73,99.99
2024-07-26,1075119,1075159,8999.22,6740.82,2258.4,100
2024-07-27,151197,151700,1506.83,1101.14,405.69,99.67
2024-07-28,142600,143652,-8490.69,1119.54,-9610.23,99.27
2024-07-29,742812,743178,19489.25,5638.03,13851.22,99.95
2024-07-30,1200977,1201029,42306.14,7091.04,35215.1,100
2024-07-31,1445509,1445539,4038.28,8482.13,-4443.85,100
2024-08-01,1578881,1579212,-19975.41,9090.61,-29066.02,99.98
2024-08-02,1667880,1667897,14031.88,11851.37,2180.51,100
2024-08-03,235097,235713,1858.21,1843.82,14.39,99.74
2024-08-04,258992,261346,-402.09,1379.09,-1781.18,99.1
2024-08-05,1404606,1404874,-2782.28,8827.12,-11609.4,99.98
2024-08-06,1147003,1147337,-33020.52,6875.86,-39896.38,99.97
2024-08-07,1003791,1004835,1159.2,6255.12,-5095.92,99.9
2024-08-08,1154716,1154993,-6693.3,8531.7,-15225,99.98
2024-08-09,990170,990262,-37355.48,6787.27,-44142.75,99.99
2024-08-10,125557,125568,-4169.33,1135.37,-5304.7,99.99
2024-08-11,97422,97439,2555.68,890.75,1664.93,99.98
2024-08-12,801366,801489,-11663.42,6498.5,-18161.92,99.98
2024-08-13,1249285,1249472,-18130.71,9340.44,-27471.15,99.99
2024-08-14,1489426,1489468,-37173.34,10236.89,-47410.23,100
2024-08-15,1298237,1299607,-11453.76,9324.73,-20778.49,99.89
2024-08-16,744626,744976,17506.88,5205.86,12301.02,99.95
2024-08-17,170923,171043,-1859.05,1226.5,-3085.55,99.93
2024-08-18,120616,120659,618.9,971.89,-352.99,99.96
2024-08-19,992926,993327,47549.7,6338.09,41211.61,99.96
2024-08-20,683583,684194,15032.78,4223.67,10809.11,99.91
2024-08-21,867395,867852,6305.25,5413.15,892.1,99.95
2024-08-22,823077,825055,-68381.94,4596.42,-72978.36,99.76
2024-08-23,1007272,1007588,-22631.19,5861.25,-28492.44,99.97
2024-08-24,132531,132591,3206.82,1062.83,2143.99,99.95
2024-08-25,112104,112316,-3361.22,1072.98,-4434.2,99.81
2024-08-26,684425,684864,-3443.5,4057.35,-7500.85,99.94
2024-08-27,774331,774467,25016.81,5200.57,19816.24,99.98
2024-08-28,824437,824776,43074.97,5731.59,37343.38,99.96
2024-08-29,998380,998426,-38099.68,6423.16,-44522.84,100
2024-08-30,609881,609934,-266.37,4373.07,-4639.44,99.99
2024-08-31,104855,105027,-2827.28,978.19,-3805.47,99.84
2024-09-01,89249,89283,9617.05,908.66,8708.39,99.96
2024-09-02,86892,86948,943.79,892.3,51.49,99.94
2024-09-03,847211,847252,24671.5,5562.01,19109.49,100
2024-09-04,962454,962511,-13832.6,6647.38,-20479.98,99.99
2024-09-05,740989,741070,-31111.76,5055.05,-36166.81,99.99
2024-09-06,1416432,1416522,-64986.43,11101.02,-76087.45,99.99
2024-09-07,118027,118187,-2287.37,1133.9,-3421.27,99.86
2024-09-08,186561,186653,13588.54,1939.27,11649.27,99.95
2024-09-09,741429,741554,20128.03,4665.73,15462.3,99.98
2024-09-10,960554,961223,-7968.4,5482.26,-13450.66,99.93
2024-09-11,1185245,1185375,-55850.66,7549.03,-63399.69,99.99
2024-09-12,1468963,1470288,51165.41,11339.28,39826.13,99.91
2024-09-13,1144501,1144607,-38212.52,10598.59,-48811.11,99.99
2024-09-14,241312,241362,-16807.83,1483.26,-18291.09,99.98
2024-09-15,140661,142067,7952.27,1435.75,6516.52,99.01
2024-09-16,841806,842469,-2990.09,8388.37,-11378.46,99.92
2024-09-17,1005261,1005439,-50312.58,7270.21,-57582.79,99.98
2024-09-18,1958426,1958545,-60041.29,14552.16,-74593.45,99.99
2024-09-19,798064,798990,-3979.13,6528.44,-10507.57,99.88
2024-09-20,808491,808630,4366.86,6063.95,-1697.09,99.98
2024-09-21,208888,209125,-17.83,2084.86,-2102.69,99.89
2024-09-22,136951,137001,5323.2,1291.36,4031.84,99.96
2024-09-23,504498,504805,14596.63,3804.04,10792.59,99.94
2024-09-24,711929,712251,-37309.99,5357.37,-42667.36,99.95
2024-09-25,928990,929070,2463.31,6678.46,-4215.15,99.99
2024-09-26,899509,900161,11582.07,5493.14,6088.93,99.93
2024-09-27,1102777,1102952,43167.64,8287.72,34879.92,99.98
2024-09-28,86061,86189,-6010.24,846.72,-6856.96,99.85
2024-09-29,76525,76535,-7994.6,706.4,-8701,99.99
2024-09-30,1073333,1073650,-13384.32,7469.88,-20854.2,99.97
2024-10-01,926970,927381,-7629.81,5409.09,-13038.9,99.96
2024-10-02,1043913,1044141,-7900.51,6526.86,-14427.37,99.98
2024-10-03,703550,704463,-32118.69,5149.73,-37268.42,99.87
2024-10-04,1196367,1197001,-113686.46,5881.65,-119568.11,99.95
2024-10-05,167028,167357,-14844.73,977.77,-15822.5,99.8
2024-10-06,176326,176389,-6391.17,996.46,-7387.63,99.96
2024-10-07,1506493,1506645,-58538.77,8857.18,-67395.95,99.99
2024-10-08,1748151,1749549,112834.98,9135.28,103699.7,99.92
2024-10-09,2487134,2487557,-218946.2,11002.6,-229948.8,99.98
2024-10-10,2923219,2923658,341645.87,11828.4,329817.47,99.98
2024-10-11,3112986,3114107,236973.66,16383.93,220589.73,99.96
2024-10-12,987864,988474,-11530.17,7819.91,-19350.08,99.94
2024-10-13,969422,970148,8334.16,5444.87,2889.29,99.93
2024-10-14,1884398,1885287,290343.74,14478.89,275864.85,99.95
2024-10-15,9759957,9760859,-332062.05,34144,-366206.05,99.99
2024-10-16,7838511,7839381,-133968.35,31671,-165639.35,99.99
2024-10-17,10775385,10775917,396181.41,48143.44,348037.97,100
2024-10-18,10599038,10599783,-157557.35,37292.54,-194849.89,99.99
2024-10-19,3424390,3424683,-160020.7,14716.86,-174737.56,99.99
2024-10-20,3150947,3151586,95852.1,11264.8,84587.3,99.98
2024-10-21,16273272,16274855,879324.17,65478.87,813845.3,99.99
2024-10-22,15606997,15608692,465200.78,90126.01,375074.77,99.99
2024-10-23,16135155,16136595,-874092.51,85785.4,-959877.91,99.99
2024-10-24,20009270,20010343,1237835.63,88318.23,1149517.4,99.99
2024-10-25,18524745,18525931,318955.8,87621.54,231334.26,99.99
2024-10-26,6875511,6876900,307040.82,39321.99,267718.83,99.98
2024-10-27,7543480,7543596,118404.74,26127.71,92277.03,100
2024-10-28,11639449,11639837,350865.35,52748.87,298116.48,100
2024-10-29,26241860,26243329,1289690.1,97828.05,1191862.05,99.99
2024-10-30,25932433,25932899,-1679774.55,149466.29,-1829240.84,100
2024-10-31,43787441,49903529,472567.79,185362.68,287205.11,87.74
2024-11-01,49312903,49313189,-3797318.92,251876.9,-4049195.82,100
2024-11-02,40586613,40587253,-1469191.27,202353.48,-1671544.75,100
2024-11-03,33351409,34644392,171285.31,162301.83,8983.48,96.27
2024-11-04,107001040,107003957,-2360403.88,487485.1,-2847888.98,100
2024-11-05,245467810,245472270,-3889243.62,1028320.29,-4917563.91,100
2024-11-06,209560856,209645373,-2678744.9,595135.64,-3273880.54,99.96
2024-11-07,76576286,76663470,-1311311.7,307193.59,-1618505.29,99.89
2024-11-08,45989103,46065082,-1015757.12,268067.82,-1283824.94,99.84
2024-11-09,34187560,34221398,-668399.63,170318.25,-838717.88,99.9
2024-11-10,30851527,30888754,-474936.75,166259.89,-641196.64,99.88
2024-11-11,37771122,37801010,-169058.14,207233.5,-376291.64,99.92
2024-11-12,38430977,38474934,-231528.71,241327.36,-472856.07,99.89
2024-11-13,42115845,42171295,-691669.87,229089.63,-920759.5,99.87
2024-11-14,31579152,31626159,-742381.01,199812.67,-942193.68,99.85
2024-11-15,25060435,25105863,192902.33,127988.01,64914.32,99.82
2024-11-16,9653341,9686192,302259.48,66608.09,235651.39,99.66
2024-11-17,16109254,16205540,-489822.55,116267.19,-606089.74,99.41
2024-11-18,28916977,28954908,-781890.45,168735.58,-950626.03,99.87
2024-11-19,25654979,25690936,-18570.59,147479.8,-166050.39,99.86
2024-11-20,17038704,17087322,14727.08,125887.89,-111160.81,99.72
2024-11-21,23736827,23792440,-69752.93,156737.16,-226490.09,99.77
2024-11-22,17541388,17618395,-71685.3,141258.55,-212943.85,99.56
2024-11-23,7423981,7460422,-250328.18,53349.64,-303677.82,99.51
2024-11-24,6528366,6592328,-198546.44,44694.51,-243240.95,99.03
2024-11-25,13701665,13729065,-448690.69,110696.65,-559387.34,99.8
2024-11-26,25087146,25107543,205723.83,124915.14,80808.69,99.92
2024-11-27,10257969,10290713,81394.87,70411,10983.87,99.68
2024-11-28,5324834,5338509,-91590.09,30113.18,-121703.27,99.74
2024-11-29,6804666,6821611,112793.17,57719.33,55073.84,99.75
2024-11-30,6639525,6673264,144721.83,56657.13,88064.7,99.49
2024-12-01,5365681,5386133,-77327.17,39057.05,-116384.22,99.62
2024-12-02,9013485,9036703,-24124.35,77172.66,-101297.01,99.74
2024-12-03,18424144,18497743,7885.59,90818.48,-82932.89,99.6
2024-12-04,12535414,12581071,63470.21,94983.17,-31512.96,99.64
2024-12-05,19133370,19158728,180904.18,75878.06,105026.12,99.87
2024-12-06,10576246,10608311,338461.38,84743.64,253717.74,99.7
2024-12-07,4808119,4823453,-53057.21,39500.65,-92557.86,99.68
2024-12-08,4370574,4383246,-9394.85,28788.92,-38183.77,99.71
2024-12-09,9755900,9775870,-38166.2,83394.73,-121560.93,99.8
2024-12-10,7813588,7832756,-63891.28,56611.11,-120502.39,99.76
2024-12-11,9922930,10023586,21339.62,61358.48,-40018.86,99
2024-12-12,7827470,7990508,-89885.21,61760.43,-151645.64,97.96
2024-12-13,7484367,7518166,-147242.65,56510.72,-203753.37,99.55
2024-12-14,4583614,4621443,-75610.98,35124.29,-110735.27,99.18
2024-12-15,4529793,4536646,-96386.15,33989.28,-130375.43,99.85
2024-12-16,6324916,6361350,-70303.48,47789.09,-118092.57,99.43
2024-12-17,9566026,9583720,-14500.59,52010.48,-66511.07,99.82
2024-12-18,9267013,9288060,-110062.1,58243.12,-168305.22,99.77
2024-12-19,7450960,7460600,-150770.65,58391.95,-209162.6,99.87
2024-12-20,8546005,8568868,-161635.95,72112.94,-233748.89,99.73
2024-12-21,4101222,4112168,-49533.43,25439.88,-74973.31,99.73
2024-12-22,3568826,3624049,-91389.5,23519.66,-114909.16,98.48
2024-12-23,5678876,5708821,-94700.58,33080.41,-127780.99,99.48
2024-12-24,3704349,3736499,-42852,28235.59,-71087.59,99.14
2024-12-25,3415749,3456143,214226.74,21284.52,192942.22,98.83
2024-12-26,4033009,4055746,-7703.41,31737.29,-39440.7,99.44
2024-12-27,4537674,4551912,-104849.84,32711.53,-137561.37,99.69
2024-12-28,2909902,2920304,-83419.54,20381.65,-103801.19,99.64
2024-12-29,3628975,3640372,-9201.33,23253.37,-32454.7,99.69
2024-12-30,4460931,4473170,-84775,31082.4,-115857.4,99.73
2024-12-31,7800838,7818218,-6007.33,30137.45,-36144.78,99.78
2025-01-01,3313580,3345610,-25488.54,23600.88,-49089.42,99.04
2025-01-02,4272786,4286823,-37161.38,32115.49,-69276.87,99.67
2025-01-03,6618712,6651940,120285.68,48882.41,71403.27,99.5
2025-01-04,3057743,3066040,22812.24,23742.83,-930.59,99.73
2025-01-05,4301872,4330924,-48305.33,32485.26,-80790.59,99.33
2025-01-06,7051517,7104317,28360.58,43390.22,-15029.64,99.26
2025-01-07,5201570,5332330,13187.21,41098,-27910.79,97.55
2025-01-08,4821479,4872863,60115.68,36867.71,23247.97,98.95
2025-01-09,3943491,4035366,-28367.3,28981.79,-57349.09,97.72
2025-01-10,4784346,4830804,-118250.18,34085.17,-152335.35,99.04
2025-01-11,2603630,2647656,-2851.55,16417.39,-19268.94,98.34
2025-01-12,2659079,2680637,-30052.73,16795.61,-46848.34,99.2
2025-01-13,4263521,4304212,-118362.33,35010.73,-153373.06,99.05
2025-01-14,4776095,5014075,-36124.82,36211.48,-72336.3,95.25
2025-01-15,5145690,5182384,-77214.67,40925.38,-118140.05,99.29
2025-01-16,5641489,5688829,-9268.59,43547.24,-52815.83,99.17
2025-01-17,6293913,6337451,-199070.75,48904.18,-247974.93,99.31
2025-01-18,4901888,4930801,-136104.01,33144.85,-169248.86,99.41
2025-01-19,5106176,5158983,-195258.42,46118.63,-241377.05,98.98
2025-01-20,17683967,17809082,-549323.24,132415.66,-681738.9,99.3
2025-01-21,7990581,8079006,-217015.33,55968.5,-272983.83,98.91
2025-01-22,7681313,7713320,-137871.55,59119.29,-196990.84,99.59
2025-01-23,7533907,7598851,-220515.64,60832.67,-281348.31,99.15
2025-01-24,7054872,7117791,-167481.03,56641.78,-224122.81,99.12
2025-01-25,3683028,3719597,49348.83,35414.39,13934.44,99.02
2025-01-26,6675452,6719832,-91554.07,69167.94,-160722.01,99.34
2025-01-27,4861662,4882214,-7782.08,46188.24,-53970.32,99.58
2025-01-28,4596325,4661607,50258.37,41861.25,8397.12,98.6
2025-01-29,5775594,5810800,-44384.38,51342.32,-95726.7,99.39
2025-01-30,5821818,5939526,-11845.94,58469.05,-70314.99,98.02
2025-01-31,5063023,5084114,45088.99,48269.11,-3180.12,99.59
2025-02-01,4143922,4172923,-93214.94,34426.98,-127641.92,99.31
2025-02-02,6104957,6145710,79377.94,52233.38,27144.56,99.34
2025-02-03,7439951,7513738,-46860.8,68843.08,-115703.88,99.02
2025-02-04,7244865,7321735,-104076.37,52453.76,-156530.13,98.95
2025-02-05,5038096,5127936,-83079.23,48154.37,-131233.6,98.25
2025-02-06,6202652,6294666,-203531.88,57379.75,-260911.63,98.54
2025-02-07,6159932,6247983,-140907.43,60255.71,-201163.14,98.59
2025-02-08,4709808,4769115,-258113.8,53794.8,-311908.6,98.76
2025-02-09,30642305,30694235,-350507.92,267960.89,-618468.81,99.83
2025-02-10,6500602,6565176,-45405.09,50737.37,-96142.46,99.02
2025-02-11,5962249,5997381,-199398.84,53020.42,-252419.26,99.41
2025-02-12,7267325,7338860,-193700.33,60616.72,-254317.05,99.03
2025-02-13,7036252,7166553,-167255.8,56938.53,-224194.33,98.18
2025-02-14,5594220,5769450,-114238.99,48854.21,-163093.2,96.96
2025-02-15,3910449,3931024,-8731.77,32814.75,-41546.52,99.48
2025-02-16,4747165,4789523,-39181.64,41701.27,-80882.91,99.12
2025-02-17,4635146,4663684,-124039.8,41527.96,-165567.76,99.39
2025-02-18,6304671,6327038,-118360.23,59576.18,-177936.41,99.65
2025-02-19,5571287,5592045,-152259.49,52213.33,-204472.82,99.63
2025-02-20,7214748,7271500,-184691.59,63949.71,-248641.3,99.22
2025-02-21,5882724,5932220,-108374.47,52984.24,-161358.71,99.17
2025-02-22,3810727,3857947,2835.74,29621.36,-26785.62,98.78
2025-02-23,4041951,4090966,-116916.17,35416.36,-152332.53,98.8
2025-02-24,5470528,5533704,-17589.96,46638.21,-64228.17,98.86
2025-02-25,5481595,5542623,50571.64,46303.58,4268.06,98.9
2025-02-26,6026392,6068885,-137979.87,52193.4,-190173.27,99.3
2025-02-27,6397905,6449315,-17229.75,53307.78,-70537.53,99.2
2025-02-28,5315058,5357747,-76735.64,46076.55,-122812.19,99.2
2025-03-01,3201001,3225339,-65039.19,30791.06,-95830.25,99.25
2025-03-02,6873894,6902658,-200129.97,59551.94,-259681.91,99.58
2025-03-03,5977978,6020413,-89207.17,55943.79,-145150.96,99.3
2025-03-04,12681907,12768784,-244670.05,97325.56,-341995.61,99.32
2025-03-05,7220919,7278980,-68998.37,65151.45,-134149.82,99.2
2025-03-06,5182132,5217130,-50338.15,51286.58,-101624.73,99.33
2025-03-07,5277154,5337855,-96479.39,49454.7,-145934.09,98.86
2025-03-08,3028733,3049560,-184716.55,28738.46,-213455.01,99.32
2025-03-09,2984391,2938051,-89747.57,27369.71,-117117.28,101.58
2025-03-10,4788217,4827262,-82177.92,46005.52,-128183.44,99.19
2025-03-11,5480217,5587371,-37563.85,55034.9,-92598.75,98.08
2025-03-12,4385146,4462948,-35976.92,40130.72,-76107.64,98.26
2025-03-13,5255537,5325806,8117.54,44957.98,-36840.44,98.68
2025-03-14,5333602,5410790,-61371.18,43508.46,-104879.64,98.57
2025-03-15,3484655,3519592,-99574.77,32138.64,-131713.41,99.01
2025-03-16,3550278,3589750,-69039.95,30471.43,-99511.38,98.9
2025-03-17,4942099,5012065,-59673.03,38365.15,-98038.18,98.6
2025-03-18,7289241,7321727,88395.15,71843.62,16551.53,99.56
2025-03-19,13486380,13526536,96053.06,113801.2,-17748.14,99.7
2025-03-20,37526033,37615974,282717.83,366582.69,-83864.86,99.76
2025-03-21,49886688,49934117,-459282.53,541868.26,-1001150.79,99.91
2025-03-22,51928193,51966770,-332418.89,584787.59,-917206.48,99.93
2025-03-23,55626521,55664767,500213.73,649755.18,-149541.45,99.93
2025-03-24,17421656,17503770,380110.43,170041.43,210069,99.53
2025-03-25,6205411,6230148,41437.82,63522.79,-22084.97,99.6
2025-03-26,6742647,6775409,115899.27,67626.95,48272.32,99.52
2025-03-27,32404393,32538304,-315226.89,349947.83,-665174.72,99.59
2025-03-28,44794868,44840203,-101883.28,515980.11,-617863.39,99.9
2025-03-29,51556609,51579234,-388968.68,580700.72,-969669.4,99.96
2025-03-30,35712193,35764698,-207749.3,356438.98,-564188.28,99.85
2025-03-31,19309197,19422798,-316653.26,173414.1,-490067.36,99.42
2025-04-01,11660776,11720263,-194466.56,101620.22,-296086.78,99.49
2025-04-02,8336568,8467194,-345211.04,85320.77,-430531.81,98.46
2025-04-03,7264593,7348721,-129847.38,76542.94,-206390.32,98.86
2025-04-04,21092752,21247754,-280215.14,228852.53,-509067.67,99.27
2025-04-05,47491090,47504185,-2041402.19,588192.31,-2629594.5,99.97
2025-04-06,16100159,16191041,146302.74,184022.56,-37719.82,99.44
2025-04-07,34525592,34749516,409252.55,493135.89,-83883.34,99.36
2025-04-08,5344292,5435689,-38879.71,44868.36,-83748.07,98.32
2025-04-09,16378032,16485826,611113.63,111262.89,499850.74,99.35
2025-04-10,24645703,24773660,-54131.48,176195.6,-230327.08,99.48
2025-04-11,18751759,18887592,-489785.62,140618.16,-630403.78,99.28
2025-04-12,21075815,21133089,-102414.24,196975,-299389.24,99.73
2025-04-13,32415530,32774503,-301258.35,317002.94,-618261.29,98.9
2025-04-14,5502262,5725074,23422.95,48988.06,-25565.11,96.11
2025-04-15,7340067,7384971,-111042.91,66898.31,-177941.22,99.39
2025-04-16,8796372,8943655,-53223.32,79063.55,-132286.87,98.35
2025-04-17,7303791,7389069,19896.71,56513.28,-36616.57,98.85
2025-04-18,6190793,6235959,-88310.22,54812.45,-143122.67,99.28
2025-04-19,10970548,11081660,-456621.16,124993.13,-581614.29,99
2025-04-20,8714884,8732254,-72535.24,86098.84,-158634.08,99.8
2025-04-21,11446946,11580442,-435982.43,124304.24,-560286.67,98.85
2025-04-22,13865326,13895075,-522013.54,134960.91,-656974.45,99.79
2025-04-23,12731214,12788938,-176438.33,108626.92,-285065.25,99.55
2025-04-24,11815921,12037279,-264145.21,119231.56,-383376.77,98.16
2025-04-25,12127215,12167235,-422811.47,127259.35,-550070.82,99.67
2025-04-26,8483250,8518923,-2837.11,93334.38,-96171.49,99.58
2025-04-27,9925433,9941373,-179396.95,109813,-289209.95,99.84
2025-04-28,21892556,21955567,-239511.1,178463.48,-417974.58,99.71
2025-04-29,19301424,19343039,49820.97,162135.03,-112314.06,99.78
2025-04-30,15849989,15953042,-113474.8,137907.71,-251382.51,99.35
2025-05-01,15988567,16097044,-149716.64,148013.61,-297730.25,99.33
2025-05-02,17654681,17745323,267454.41,150914.27,116540.14,99.49
2025-05-03,14375562,14447784,67108.43,143794.71,-76686.28,99.5
2025-05-04,17952116,18058896,222068.96,196747.81,25321.15,99.41
2025-05-05,17429721,17511425,143717.41,152847.63,-9130.22,99.53
2025-05-06,23354318,23399204,437626.34,219269.83,218356.51,99.81
2025-05-07,24377017,24458812,288888.27,211071.46,77816.81,99.67
2025-05-08,14489644,14554159,-138712.99,141304.08,-280017.07,99.56
2025-05-09,13802101,13999636,17689.86,148910.65,-131220.79,98.59
2025-05-10,14533109,14602125,-253285.22,169770.05,-423055.27,99.53
2025-05-11,13890321,13935831,114474.79,161626.12,-47151.33,99.67
2025-05-12,19788104,19856691,246135.64,201667.67,44467.97,99.65
2025-05-13,26269588,26368034,-24523.31,267757.26,-292280.57,99.63
2025-05-14,25690874,25930445,-321153.97,216227.66,-537381.63,99.08
2025-05-15,25003463,25071172,-41304.99,183077.33,-224382.32,99.73
2025-05-16,21499326,21537215,14536.02,184003.68,-169467.66,99.82
2025-05-17,16211741,16296623,-142847.53,149201.66,-292049.19,99.48
2025-05-18,26798142,26837373,-169391.3,264130.76,-433522.06,99.85
2025-05-19,11266401,11369539,-186269.71,124089.84,-310359.55,99.09
2025-05-20,21619624,21683218,-87394.27,240681.75,-328076.02,99.71
2025-05-21,27230602,27303615,-86358.91,309466.92,-395825.83,99.73
2025-05-22,22284593,22338073,-440111.14,226932.75,-667043.89,99.76
2025-05-23,25549803,25598000,-155156.47,307417.75,-462574.22,99.81
2025-05-24,20817705,20855429,-412635.54,238412.4,-651047.94,99.82
2025-05-25,32683215,32847286,-338836.47,376889.83,-715726.3,99.5
2025-05-26,25493008,25525448,-1431292.55,314519.73,-1745812.28,99.87
2025-05-27,27582030,27662154,-128067.61,310995.85,-439063.46,99.71
2025-05-28,25735844,25779393,-685976.96,250429.13,-936406.09,99.83
2025-05-29,29453190,29526461,-1012979.1,309625.95,-1322605.05,99.75
2025-05-30,13845659,13912732,281961.53,146178,135783.53,99.52
2025-05-31,29072701,29261758,-63402.18,309698.11,-373100.29,99.35
2025-06-01,11712745,11907434,-26383.07,108785.5,-135168.57,98.36
2025-06-02,11738601,11897050,-30021.11,108658.25,-138679.36,98.67
2025-06-03,13657336,13738836,18445.48,128641.09,-110195.61,99.41
2025-06-04,25384080,25436226,243685.91,295575.44,-51889.53,99.79
2025-06-05,42697006,42788869,1002457.19,406285.8,596171.39,99.79
2025-06-06,37340044,37412106,169185.26,428652.09,-259466.83,99.81
2025-06-07,23321354,23570051,-869018.83,281289.96,-1150308.79,98.94
2025-06-08,49775932,49823164,-985216.11,517102.5,-1502318.61,99.91
2025-06-09,18831379,19033987,-128631.62,207392.01,-336023.63,98.94
2025-06-10,16062591,16187112,-299891.01,163408.65,-463299.66,99.23
2025-06-11,38817528,39016207,-125324.37,454763.93,-580088.3,99.49
2025-06-12,43858631,43943727,-1104415.76,389045.57,-1493461.33,99.81
2025-06-13,52642660,52707719,-1664165.86,626385.26,-2290551.12,99.88
2025-06-14,30698312,30774139,-884346.37,303872.37,-1188218.74,99.75
2025-06-15,29578383,29617964,-1311371.19,298877.33,-1610248.52,99.87
2025-06-16,34937669,34995127,-1433760.39,329332.27,-1763092.66,99.84
2025-06-17,24223799,24280770,137840.74,261225.85,-123385.11,99.77
2025-06-18,16422596,16690566,123847.55,144034.43,-20186.88,98.39
2025-06-19,41835720,41965785,-854880.81,453537.53,-1308418.34,99.69
2025-06-20,18361753,18463749,-655005.37,201127.54,-856132.91,99.45
2025-06-21,13941350,13970293,-499966.98,166169.11,-666136.09,99.79
2025-06-22,49889097,50003400,-1252085.76,501360.1,-1753445.86,99.77
2025-06-23,13877006,14083306,-196656.17,145982.89,-342639.06,98.54
2025-06-24,20982014,21424267,-135826.61,191521.5,-327348.11,97.94
2025-06-25,15685243,16137855,-308502.58,143516.15,-452018.73,97.2
2025-06-26,13750388,13925536,-177405.95,125392.59,-302798.54,98.74
2025-06-27,15406238,15661699,-104412.6,156208.06,-260620.66,98.37
2025-06-28,20610360,21106591,-404381.84,212336.05,-616717.89,97.65
2025-06-29,14087308,14226148,-34959.79,138413.04,-173372.83,99.02
2025-06-30,16551154,16990703,-312676.85,155962,-468638.85,97.41
2025-07-01,17877496,18264431,67484.55,168081.3,-100596.75,97.88
2025-07-02,16333708,16621469,-293566.84,163353.74,-456920.58,98.27
2025-07-03,22551570,22638731,94265.22,193323.21,-99057.99,99.61
2025-07-04,21402413,21563199,46360.66,187926.62,-141565.96,99.25
2025-07-05,16081878,16158111,306650.42,166654.87,139995.55,99.53
2025-07-06,25435730,25597209,89604.89,261114.24,-171509.35,99.37
2025-07-07,29333145,29628378,-90865.34,320418.69,-411284.03,99
2025-07-08,28566764,28742361,-88106.81,292181.77,-380288.58,99.39
2025-07-09,34477792,34806547,-628826.77,338157.54,-966984.31,99.06
2025-07-10,30400724,30575785,-552421.79,340976.73,-893398.52,99.43
2025-07-11,32544689,32672753,-400047.18,324328.28,-724375.46,99.61
2025-07-12,17939382,18075646,-472203.8,207992.48,-680196.28,99.25
2025-07-13,35195469,35382042,-1276095.49,416845.86,-1692941.35,99.47
2025-07-14,25323392,25628255,-430705.55,252841.43,-683546.98,98.81
2025-07-15,22966192,23182009,289870.53,232534.24,57336.29,99.07
2025-07-16,20474513,20613795,177556.81,169510.26,8046.55,99.32
2025-07-17,20257793,20553146,241370.73,164559.8,76810.93,98.56
2025-07-18,23736670,23909539,39641.68,240994.27,-201352.59,99.28
2025-07-19,31639584,31791831,-1201443.79,353593.14,-1555036.93,99.52
2025-07-20,25048279,25238644,53299.51,239214.02,-185914.51,99.25
2025-07-21,15177829,17510940,-37229.58,149280.6,-186510.18,86.68
2025-07-22,18251734,18574930,61877.47,168569.65,-106692.18,98.26
2025-07-23,22992112,23307662,-360320.77,174456.25,-534777.02,98.65
2025-07-24,22023767,22269814,-450176.54,162973.01,-613149.55,98.9
2025-07-25,23849925,24118090,-322367.74,190619.81,-512987.55,98.89
2025-07-26,22501261,22591163,9333.24,214882.17,-205548.93,99.6
2025-07-27,28075973,28470030,124077.6,260207.94,-136130.34,98.62
2025-07-28,19266901,19478984,11452.86,188527.19,-177074.33,98.91
2025-07-29,22070783,22275034,-178697.6,188008.45,-366706.05,99.08
2025-07-30,20580299,21120418,-429980,182664.08,-612644.08,97.44
2025-07-31,18753053,18966386,-490702.03,167195.36,-657897.39,98.88
2025-08-01,24822723,25113234,348928.93,244516.2,104412.73,98.84
2025-08-02,19735966,19869967,573759.71,216736.12,357023.59,99.33
2025-08-03,16068979,16204734,-333471.83,162279.68,-495751.51,99.16
2025-08-04,13777076,13996381,-329391.54,140314.43,-469705.97,98.43
2025-08-05,16937802,17183898,-143144.68,168796.9,-311941.58,98.57
2025-08-06,16665669,16853590,-229413.77,167673.74,-397087.51,98.88
2025-08-07,20503629,21170448,-293379,195322.19,-488701.19,96.85
2025-08-08,22945694,23845368,-375478.74,236356.87,-611835.61,96.23
2025-08-09,22687294,23010408,-214353.04,251098.56,-465451.6,98.6
2025-08-10,34003157,34965589,-2325903.71,402432.6,-2728336.31,97.25
2025-08-11,16468191,16911975,43957.05,174123.28,-130166.23,97.38
2025-08-12,18412778,19381070,-28645.32,180152.56,-208797.88,95
2025-08-13,21746540,22258031,35207.24,216190.31,-180983.07,97.7
2025-08-14,25392600,25737195,-12037,240765.79,-252802.79,98.66
2025-08-15,26542313,26842655,-535242.34,292958.66,-828201,98.88
2025-08-16,32040458,32209979,182846.3,382366.55,-199520.25,99.47
2025-08-17,34610902,35341997,-49827.09,368991.47,-418818.56,97.93
2025-08-18,17022436,17515673,-393282.99,186206.68,-579489.67,97.18
2025-08-19,17619326,18228093,-246010.67,193366.08,-439376.75,96.66
2025-08-20,19589386,21518756,-699346.95,199915.24,-899262.19,91.03
2025-08-21,23287911,23537064,-345790.68,232939.76,-578730.44,98.94
2025-08-22,31961726,32217324,-499945.25,327374.34,-827319.59,99.21
2025-08-23,39947940,40323441,-578387.2,455282.71,-1033669.91,99.07
2025-08-24,33261396,33614639,167261.26,332261.44,-165000.18,98.95
2025-08-25,25217066,25923942,-472398.29,255386.48,-727784.77,97.27
2025-08-26,21771568,22074711,-307721.49,225855.37,-533576.86,98.63
2025-08-27,22721096,23356063,-157615.68,234754.58,-392370.26,97.28
2025-08-28,36422336,36556234,-816332.33,379608.8,-1195941.13,99.63
2025-08-29,41634637,42428332,-243013.33,450644.83,-693658.16,98.13
2025-08-30,87058024,87244547,-1445390.94,935276.3,-2380667.24,99.79
2025-08-31,58689614,58940177,-835749.84,673150.29,-1508900.13,99.57
2025-09-01,38528477,38836744,-374725.11,431030.31,-805755.42,99.21
2025-09-02,29542020,31095750,162051.46,302076.8,-140025.34,95
2025-09-03,49665048,49882469,-1166668.92,540223.66,-1706892.58,99.56
2025-09-04,52073667,52435015,-475914.23,624017.11,-1099931.34,99.31
2025-09-05,84892495,85129506,-1931583.73,879783.55,-2811367.28,99.72
2025-09-06,107532980,107726607,-609729.47,1214044.02,-1823773.49,99.82
2025-09-07,195962242,196134790,-1805621.98,2496040.86,-4301662.84,99.91
2025-09-08,60049542,60569973,1298493.22,671780.05,626713.17,99.14
2025-09-09,27590823,27759392,89003.28,287972.31,-198969.03,99.39
2025-09-10,24867455,25190344,-510286.96,255614.15,-765901.11,98.72
2025-09-11,51993259,52179163,59504.12,565327.45,-505823.33,99.64
2025-09-12,54106062,54268779,-104951.24,621637.81,-726589.05,99.7
2025-09-13,158025328,159177991,-2759758.05,1975651.49,-4735409.54,99.28
2025-09-14,182630224,182851616,1118097.06,2288997.32,-1170900.26,99.88
2025-09-15,81927099,82172820,1672810.27,1036981.31,635828.96,99.7
2025-09-16,52844886,53062562,119159.97,437546.81,-318386.84,99.59
2025-09-17,58053494,58252816,229986.89,500993.53,-271006.64,99.66
2025-09-18,71377583,71634742,1414416.46,689370.5,725045.96,99.64
2025-09-19,64790132,65104398,-813878.37,790254.74,-1604133.11,99.52
2025-09-20,181755761,182092117,-866045.42,2078383.95,-2944429.37,99.82
2025-09-21,215600600,215839670,-5800382.12,2650844.8,-8451226.92,99.89
2025-09-22,72247010,72739107,-977868.54,936776.6,-1914645.14,99.32
2025-09-23,32770435,33235432,-323592.15,362673.99,-686266.14,98.6
2025-09-24,33939673,34308884,35449.94,382282.71,-346832.77,98.92
2025-09-25,69991443,70445553,1886921.89,817155.94,1069765.95,99.36
2025-09-26,102704690,105522447,-4054473.28,1376913.47,-5431386.75,97.33
2025-09-27,259929399,260688428,-3210773.39,3303240.29,-6514013.68,99.71
2025-09-28,218722195,277753304,-3353344.84,2721903.22,-6075248.06,78.75
2025-09-29,78896586,89832516,-1746755.98,865286.48,-2612042.46,87.83
2025-09-30,67216856,67700108,-664006.73,767048.87,-1431055.6,99.29
2025-10-01,76762479,77328266,411187.29,906200.95,-495013.66,99.27
2025-10-02,122102307,122623287,-64857.95,1607091.02,-1671948.97,99.58
2025-10-03,60131137,60557815,-157016.63,626395.55,-783412.18,99.3
2025-10-04,240884435,241389395,-1605111.09,2802702.38,-4407813.47,99.79
2025-10-05,296393594,296898477,-96424.12,3723343.67,-3819767.79,99.83
2025-10-06,107753532,108320791,-830207.61,1375661.23,-2205868.84,99.48
2025-10-07,69085310,69584650,-687060.11,791058.59,-1478118.7,99.28
2025-10-08,91178200,91978998,-2120527.53,1083198.26,-3203725.79,99.13
2025-10-09,113044929,113608021,-4076152.28,1371472.15,-5447624.43,99.5
2025-10-10,84262795,84884637,212650.25,1050824.78,-838174.53,99.27
2025-10-11,218937036,219595129,-3353001.04,2571720.07,-5924721.11,99.7
2025-10-12,220747235,221073694,-7998544.95,2746842.13,-10745387.08,99.85
2025-10-13,125078727,125615988,-5773880.96,1562915.02,-7336795.98,99.57
2025-10-14,58633563,59306528,386772.46,684110.02,-297337.56,98.87
2025-10-15,65200593,65806370,-681308.21,746355.45,-1427663.66,99.08
2025-10-16,110352639,110974311,733313.48,1326279.35,-592965.87,99.44
2025-10-17,107050014,108444407,-2889066.15,1280445.3,-4169511.45,98.71
2025-10-18,228345365,229541645,608240.23,2689130.13,-2080889.9,99.48
2025-10-19,250055508,250699565,-200155.95,2947456.11,-3147612.06,99.74
2025-10-20,124308034,125262478,-2531232.56,1290639.95,-3821872.51,99.24
2025-10-21,93228121,94778529,337309.77,1106201.47,-768891.7,98.36
2025-10-22,108384363,109399536,-13928.03,1255990.61,-1269918.64,99.07
2025-10-23,108423526,110434927,-184559.94,1193765.08,-1378325.02,98.18
2025-10-24,141268155,142415646,-6822642.68,1732179.68,-8554822.36,99.19
2025-10-25,251444494,254944797,2231298.82,2827034.47,-595735.65,98.63
2025-10-26,243330900,244043673,-1684447.35,2778955.36,-4463402.71,99.71
2025-10-27,119994439,121033948,2581887.4,1350256.96,1231630.44,99.14
2025-10-28,135515667,136852964,-302490.49,1526218.59,-1828709.08,99.02
2025-10-29,143270027,145592319,454551.14,1531093.07,-1076541.93,98.4
2025-10-30,126127936,127238055,-2368963.56,1340755.31,-3709718.87,99.13
2025-10-31,126525434,127625174,-961604.24,1478071.15,-2439675.39,99.14
2025-11-01,295222219,296113889,-2557936.75,3410928.55,-5968865.3,99.7
2025-11-02,305526748,306420729,-252654.67,3437302.64,-3689957.31,99.71
2025-11-03,155258396,156658270,-6039739.74,1615117.78,-7654857.52,99.11
2025-11-04,175429025,177314786,-2088462.72,1538487,-3626949.72,98.94
2025-11-05,124884699,126328176,-4151652.54,1388563.43,-5540215.97,98.86
2025-11-06,128260147,130643898,634474.14,1311517.43,-677043.29,98.18
2025-11-07,122576147,123947052,-788818.93,1358410.6,-2147229.53,98.89
2025-11-08,269430648,270275737,-511550.89,2994945.06,-3506495.95,99.69
2025-11-09,318644134,319565615,-4607838.6,3541382.22,-8149220.82,99.71
2025-11-10,136697000,137626533,1695299.17,1461938.91,233360.26,99.32
2025-11-11,124401051,125437807,-306105.5,1347847.6,-1653953.1,99.17
2025-11-12,135614836,136691531,-5216.84,1369358.81,-1374575.65,99.21
2025-11-13,124864367,126020557,-206254.78,1135411.52,-1341666.3,99.08
2025-11-14,129537669,130680195,-1633195.29,1519075.48,-3152270.77,99.13
2025-11-15,267940191,268830311,1188669,2997703.91,-1809034.91,99.67
2025-11-16,314009391,314873954,-3275732.59,3783974.95,-7059707.54,99.73
2025-11-17,114115526,115167911,3159688.46,1229304.35,1930384.11,99.09
2025-11-18,107278623,108502114,-1051181.33,1171990.53,-2223171.86,98.87
2025-11-19,111691884,112581328,-300650.79,1179847.68,-1480498.47,99.21
2025-11-20,140020679,140907350,-6221987.33,1632228.11,-7854215.44,99.37
2025-11-21,129722272,130809747,-107500.86,1470940.58,-1578441.44,99.17
2025-11-22,251535280,252384216,-3968162.91,2770615.57,-6738778.48,99.66
2025-11-23,283379146,284342678,-1565904.39,3172625.92,-4738530.31,99.66
2025-11-24,121969921,123031025,-1331757.68,1276811.44,-2608569.12,99.14
2025-11-25,115996124,117140441,-2563598.63,1254323.45,-3817922.08,99.02
2025-11-26,145375163,146688707,-2629852.16,1620177.18,-4250029.34,99.1
2025-11-27,272598399,273561855,1707106.2,3205523.16,-1498416.96,99.65
2025-11-28,260731800,261440798,72118.26,3034470.76,-2962352.5,99.73
2025-11-29,290028639,290535585,2900417.13,3224464.94,-324047.81,99.83
2025-11-30,304690395,305449659,675736.08,3400775.34,-2725039.26,99.75
2025-12-01,145730317,146732891,-2694571.61,1468902.12,-4163473.73,99.32
2025-12-02,125424086,127057772,-430444.39,1282469.47,-1712913.86,98.71
2025-12-03,147177540,148510119,959533.38,1464593.89,-505060.51,99.1
2025-12-04,154483881,155660758,-3751585.22,1572743.87,-5324329.09,99.24
2025-12-05,137805846,139103549,-2559632.91,1363957.42,-3923590.33,99.07
2025-12-06,247289108,249804148,-6442505.59,2850556.18,-9293061.77,98.99
2025-12-07,327781586,328682321,-757062.31,3575863.61,-4332925.92,99.73
2025-12-08,143709871,144783518,-2395324.17,1720558.36,-4115882.53,99.26
2025-12-09,126015904,126939967,-646046.44,1261121.46,-1907167.9,99.27
2025-12-10,132791923,134580183,-2811543.56,1234289.78,-4045833.34,98.67
2025-12-11,155719378,156962099,-1737768.97,1541078.42,-3278847.39,99.21
2025-12-12,131444985,132635486,-880348.2,1428760.68,-2309108.88,99.1
2025-12-13,208464358,210999346,2269426.3,2271181.54,-1755.24,98.8
2025-12-14,329934623,331142646,-2793206.03,3548679.7,-6341885.73,99.64
2025-12-15,139000892,140254010,-351777.26,1524903.57,-1876680.83,99.11
2025-12-16,131158372,132458104,-2611843.93,1371392.34,-3983236.27,99.02
2025-12-17,136583713,138231647,-916208.76,1381244.22,-2297452.98,98.81
2025-12-18,209937590,210893762,280356.94,2326674.43,-2046317.49,99.55
2025-12-19,274920958,275966317,-7088347.33,2619934.31,-9708281.64,99.62
2025-12-20,335553392,336559676,-2738422.82,3571816.07,-6310238.89,99.7
2025-12-21,380362265,381710154,10298301.67,3905992.63,6392309.04,99.65
2025-12-22,181084859,182608756,165772.88,1708123.82,-1542350.94,99.17
2025-12-23,199106313,202399081,-3932025.41,2062248.38,-5994273.79,98.37
2025-12-24,111675366,112872436,129797.94,1093051.72,-963253.78,98.94
2025-12-25,311333919,312991063,-7723709.85,3277391.7,-11001101.55,99.47
2025-12-26,208422265,209724589,-1237830.75,2355390.03,-3593220.78,99.38
2025-12-27,325395699,326481119,-1144723.59,3541536.97,-4686260.56,99.67
2025-12-28,359386445,360670106,-2062011.85,3665548.98,-5727560.83,99.64
2025-12-29,234556204,236034354,-6766507.87,2408126.5,-9174634.37,99.37
2025-12-30,191652452,193359609,-3934735.12,2184589.57,-6119324.69,99.12
2025-12-31,294712518,297241507,-5298783.57,3512370.63,-8811154.2,99.15
2026-01-01,288396726,291154838,-8905337.69,3302300.53,-12207638.22,99.05
2026-01-02,244709906,247068578,506704.48,2495854.71,-1989150.23,99.05
2026-01-03,307584537,311143382,-4600100.19,3197844.65,-7797944.84,98.86
2026-01-04,398671446,402663538,-861030.38,4070830.03,-4931860.41,99.01
2026-01-05,176239978,179991188,-541742.84,1915961.54,-2457704.38,97.92
2026-01-06,196425410,200201770,-243352.51,2076838.03,-2320190.54,98.11
2026-01-07,232055902,235967866,706772.35,2474763.46,-1767991.11,98.34
2026-01-08,221074086,226646902,-4358247.83,2482716.88,-6840964.71,97.54
2026-01-09,244127316,247827446,-691223.06,2455232.52,-3146455.58,98.51
2026-01-10,452374177,455448380,10876302.49,4649236.63,6227065.86,99.33
2026-01-11,462171244,465923005,5157960.51,4943366.33,214594.18,99.19
2026-01-12,256685534,259843851,-2139810.58,2601268.22,-4741078.8,98.78
2026-01-13,232806830,237027506,-4537478.92,2359264.49,-6896743.41,98.22
2026-01-14,244900680,249009738,-1500535.65,2439099.14,-3939634.79,98.35
2026-01-15,230895600,234245358,-3525329.73,2381890.36,-5907220.09,98.57
2026-01-16,212065585,215440892,-3496723.07,2127359.31,-5624082.38,98.43
2026-01-17,532052250,535511995,-14414906.99,5351688.48,-19766595.47,99.35
2026-01-18,419394387,421981576,-9004481.05,4224456.12,-13228937.17,99.39
2026-01-19,305556478,308184033,-3467304.37,3292258.09,-6759562.46,99.15
2026-01-20,234775428,238047888,-726927.35,2383275.31,-3110202.66,98.63
2026-01-21,242519067,247538936,403511.3,2325745.18,-1922233.88,97.97
2026-01-22,253960614,257665730,-1636865.33,2547023.26,-4183888.59,98.56
2026-01-23,263971084,267109236,285218.85,2653661.22,-2368442.37,98.83
2026-01-24,392581375,396308504,1727816.11,4049315.93,-2321499.82,99.06
2026-01-25,537518758,543062476,5557140.97,5430121.24,127019.73,98.98
2026-01-26,249659387,254177103,-987469.07,2382764.8,-3370233.87,98.22
2026-01-27,294895563,298444787,-3114796.64,2954762.6,-6069559.24,98.81
2026-01-28,305737332,311016519,-5527151,2965324.62,-8492475.62,98.3
2026-01-29,288883941,293343945,-1611370.87,2722388.1,-4333758.97,98.48
2026-01-30,319583444,323594320,611410.08,3095661.15,-2484251.07,98.76
2026-01-31,394660865,398682989,-6618300.35,4112162.72,-10730463.07,98.99
2026-02-01,311165505,315841786,-5387716.35,3115812.97,-8503529.32,98.52
2026-02-02,236708576,240723068,-1880727.64,2331188.94,-4211916.58,98.33
2026-02-03,276017417,280114384,1537609.17,2520097.65,-982488.48,98.54
2026-02-04,307494720,312444210,-872094.74,3043112.87,-3915207.61,98.42
2026-02-05,303261669,307966939,-4171097.06,2947474.39,-7118571.45,98.47
2026-02-06,302152696,307117032,-5685482.73,3042499.83,-8727982.56,98.38
2026-02-07,470504153,476842602,-2000375.91,4690167.6,-6690543.51,98.67
2026-02-08,847844929,871469221,-27101886.49,7456145.76,-34558032.25,97.29
2026-02-09,311335870,320486553,-5554867.54,3084767.63,-8639635.17,97.14
2026-02-10,338420137,345187028,-8232125.44,3265955.37,-11498080.81,98.04
2026-02-11,364325899,370295955,1665388.44,3577248.54,-1911860.1,98.39
2026-02-12,314943842,320459929,-4074222.24,3094643.95,-7168866.19,98.28
2026-02-13,291432146,298180630,-2341807.75,2761273.85,-5103081.6,97.74
2026-02-14,418603716,424509718,-2218645.95,4214666.07,-6433312.02,98.61
2026-02-15,342382570,349040246,-3330233.67,3405709.73,-6735943.4,98.09
2026-02-16,267326673,275708396,-3223431.87,2770146.61,-5993578.48,96.96
2026-02-17,312688846,319466073,-1918757.74,3190943.56,-5109701.3,97.88
2026-02-18,357039878,364797606,-3826346.07,3545078.54,-7371424.61,97.87
2026-02-19,350207061,359377233,-569749.89,3393312.62,-3963062.51,97.45
2026-02-20,344446751,353118247,1229197.82,3506707.43,-2277509.61,97.54
2026-02-21,483526239,491443837,-3693621.54,5118982.57,-8812604.11,98.39
2026-02-22,421225633,428054756,-2527430.16,4374781.6,-6902211.76,98.4
2026-02-23,260238915,280102245,-2803295.58,2579363.87,-5382659.45,92.91
2026-02-24,375622119,402817536,-4279368.22,3576773.71,-7856141.93,93.25
2026-02-25,378951485,390506629,-3728514.19,3792563.35,-7521077.54,97.04
2026-02-26,366935467,374918213,-551768.27,3589545.14,-4141313.41,97.87
2026-02-27,333958278,344795406,-1096402.3,3565926.88,-4662329.18,96.86
2026-02-28,479198612,510583026,-1575949.42,4955204.54,-6531153.96,93.85
2026-03-01,418624577,425659451,-3357794.45,4116493.04,-7474287.49,98.35
2026-03-02,289192015,299823562,-416669.21,3013251.13,-3429920.34,96.45
2026-03-03,356664252,375045659,-1694657.16,3497170.25,-5191827.41,95.1
2026-03-04,393730371,410262265,-2708188.94,3942483.22,-6650672.16,95.97
2026-03-05,377645374,388059902,-3095338.78,3755105.02,-6850443.8,97.32
2026-03-06,393525992,404012278,1694180.1,4006798.8,-2312618.7,97.4
2026-03-07,511354937,519788695,-3400030.38,5353697.41,-8753727.79,98.38
2026-03-08,436855925,461062528,-5388924.86,4320582.15,-9709507.01,94.75
2026-03-09,303372160,312485215,-4197143.46,3102039.91,-7299183.37,97.08
2026-03-10,385829981,398739518,-3506312.28,3781134.27,-7287446.55,96.76
2026-03-11,411237397,421965422,-6358020.49,4133462.6,-10491483.09,97.46
2026-03-12,405406239,417668847,-867109.96,3893786.74,-4760896.7,97.06
2026-03-13,428292268,440654654,352551.92,4181284.69,-3828732.77,97.19
2026-03-14,474669167,485526515,-5785854.48,4824402.66,-10610257.14,97.76
2026-03-15,442262608,458812752,-3263538.37,4469652.41,-7733190.78,96.39
2026-03-16,278387635,300150273,3014356.93,2639170.74,375186.19,92.75
2026-03-17,358487869,383114764,1335174.55,3287319.68,-1952145.13,93.57
2026-03-18,349684851,374054908,-960295.19,3234642.63,-4194937.82,93.48
2026-03-19,497332997,645756376,-4914501.22,4266721.1,-9181222.32,77.02
2026-03-20,517892450,579801486,298916.62,4871931.6,-4573014.98,89.32
2026-03-21,515430069,568677971,1996714.5,5003057.75,-3006343.25,90.64
2026-03-22,499738262,544711596,-8711731.73,5198677.3,-13910409.03,91.74
2026-03-23,297760190,388331158,-6985568.14,2968938.53,-9954506.67,76.68
2026-03-24,248725672,294369950,-254200.45,2394029.62,-2648230.07,84.49
2026-03-25,290763502,333937537,-1856817.45,2756622.78,-4613440.23,87.07
2026-03-26,353081874,406408470,-5199255.9,3483130.27,-8682386.17,86.88
2026-03-27,386535655,449404961,-267972.08,3853145.8,-4121117.88,86.01
2026-03-28,427143868,468407187,3176760.94,4331792.03,-1155031.09,91.19
2026-03-29,392420666,434403572,-436049.44,3753680.86,-4189730.3,90.34
2026-03-30,311686006,355380891,-5209904.17,2841033.63,-8050937.8,87.7
2026-03-31,323050818,369741763,-1867732.58,3054186.16,-4921918.74,87.37
2026-04-01,356382578,402232310,-4017447.08,3355564.6,-7373011.68,88.6
2026-04-02,322212855,368501331,-1104256.23,3056648.6,-4160904.83,87.44
2026-04-03,377910277,415890092,-32667.63,3675542.69,-3708210.32,90.87
2026-04-04,481248862,527991281,-8320155.88,5149637.69,-13469793.57,91.15
2026-04-05,408464790,464769573,-2904548.46,3974563.21,-6879111.67,87.89
2026-04-06,332313085,448608352,259482.95,3305652.59,-3046169.64,74.08
2026-04-07,331869883,473779160,5244280.07,2888537.32,2355742.75,70.05
2026-04-08,336312866,525506576,412707.22,3007929.03,-2595221.81,64
2026-04-09,332785828,478014543,3408737.36,3016062.8,392674.56,69.62
2026-04-10,409325606,528574763,-5916906.72,3720070.79,-9636977.51,77.44
2026-04-11,332683415,531282506,-6494089.17,2950858.95,-9444948.12,62.62
2026-04-12,375539287,552523376,-4295360.07,3422674.79,-7718034.86,67.97
2026-04-13,276068702,335581178,803876.13,2536024.99,-1732148.86,82.27
2026-04-14,356003699,429908781,-5931141.58,3472347.71,-9403489.29,82.81
2026-04-15,306674476,417492130,1698809.06,3042704.09,-1343895.03,73.46
2026-04-16,308078328,379725836,-1204423.99,3001695.64,-4206119.63,81.13
2026-04-17,363466599,444780264,-7559717.19,3469631.47,-11029348.66,81.72
2026-04-18,419673744,538222894,-1565955.69,4053722.14,-5619677.83,77.97
2026-04-19,411635300,510563029,-4150313.15,3775232.18,-7925545.33,80.62
2026-04-20,372985508,415945554,-807235.4,3522362.53,-4329597.93,89.67
2026-04-21,492181424,545891371,-1187661.76,4555013.14,-5742674.9,90.16
2026-04-22,475298576,526257066,-4415380.5,4254544.95,-8669925.45,90.32
2026-04-23,471211814,532563569,-5820223.99,4331442.99,-10151666.98,88.48
2026-04-24,476937351,523568565,9292212.26,4374764.42,4917447.84,91.09
2026-04-25,654098660,700609593,3964920.71,6048425.66,-2083504.95,93.36
2026-04-26,618290503,661008884,-13208330.72,5930277.53,-19138608.25,93.54
2026-04-27,273545902,468207565,-3023835.02,2072548.29,-5096383.31,58.42
2026-04-28,452456853,583630439,-7615635.17,3741971.89,-11357607.06,77.52
2026-04-29,441596799,539232388,-8578291.94,3993988.17,-12572280.11,81.89
2026-04-30,447161365,530452964,-3684567.18,4210943.72,-7895510.9,84.3
2026-05-01,519476021,568020339,5095984.78,4792223.14,303761.64,91.45
2026-05-02,501497823,544601997,5264830.66,4692496.59,572334.07,92.09
2026-05-03,494259792,572652179,-1458549.57,4381110.07,-5839659.64,86.31
2026-05-04,464901366,516745429,-521410.34,4110209.1,-4631619.44,89.97
2026-05-05,485781369,536789929,-6810651,4116831.48,-10927482.48,90.5
2026-05-06,499910593,549887077,-7045666.08,4447422.16,-11493088.24,90.91
2026-05-07,515221762,555885411,-1414672.72,4323245.12,-5737917.84,92.68
2026-05-08,517663059,565239410,-4023245.57,4448476.92,-8471722.49,91.58
2026-05-09,685300921,720380664,3834590.2,6042562.66,-2207972.46,95.13
2026-05-10,649090750,687100092,-4604407.48,5811510.84,-10415918.32,94.47
2026-05-11,499466196,514407267,-9804436.8,4211449.98,-14015886.78,97.1
2026-05-12,514326175,529044395,-975162.99,4526188.57,-5501351.56,97.22
2026-05-13,501108575,516809514,-6438984.36,4432561.03,-10871545.39,96.96
2026-05-14,475787693,494532663,-1872604.24,3976375.45,-5848979.69,96.21
2026-05-15,566202485,582614243,-672440.57,4558873.55,-5231314.12,97.18
2026-05-16,569835204,584981665,-9278075.39,4607472.82,-13885548.21,97.41
2026-05-17,578646439,604357093,-539721.54,4805411.11,-5345132.65,95.75
2026-05-18,190339446,241750050,-403320.07,1723919.92,-2127239.99,78.73
