date,is_sports,pnl_gross,fees_taker,pnl_net,contracts_settled
2021-06-30,FALSE,-3.8,0.07,-3.87,5
2021-07-01,FALSE,-444.1,39.54,-483.64,2529
2021-07-02,FALSE,399.77,16.32,383.45,1342
2021-07-04,FALSE,-51.45,2.62,-54.07,181
2021-07-05,FALSE,27.15,7.34,19.81,941
2021-07-06,FALSE,-9.16,7.69,-16.85,717
2021-07-07,FALSE,370.95,16.69,354.26,1402
2021-07-08,FALSE,1549.81,113.62,1436.19,14750
2021-07-09,FALSE,164.16,38.12,126.04,6510
2021-07-10,FALSE,126.3,11.43,114.87,5671
2021-07-11,FALSE,-844.31,22.3,-866.61,1602
2021-07-12,FALSE,658.74,27.47,631.27,3823
2021-07-13,FALSE,312.16,76.22,235.94,12325
2021-07-14,FALSE,-459.36,32.21,-491.57,3303
2021-07-15,FALSE,261.05,71.7,189.35,7496
2021-07-16,FALSE,457.82,74.9,382.92,6346
2021-07-17,FALSE,580.07,62.68,517.39,9361
2021-07-18,FALSE,200.38,59.12,141.26,7507
2021-07-19,FALSE,1485.69,113.64,1372.05,13332
2021-07-20,FALSE,807.7,191.36,616.34,24303
2021-07-21,FALSE,-93.7,96.84,-190.54,11003
2021-07-22,FALSE,-548.85,162.87,-711.72,21820
2021-07-23,FALSE,-1196.75,129.94,-1326.69,10619
2021-07-24,FALSE,3237.94,221.36,3016.58,29530
2021-07-25,FALSE,249.97,66.36,183.61,10396
2021-07-26,FALSE,1451.51,196.3,1255.21,21404
2021-07-27,FALSE,870.43,153.67,716.76,21242
2021-07-28,FALSE,470.97,102.26,368.71,12998
2021-07-29,FALSE,-523.69,268.61,-792.3,27129
2021-07-30,FALSE,654.62,259.93,394.69,30172
2021-07-31,FALSE,1520.41,218.25,1302.16,28025
2021-08-01,FALSE,1565.44,364.63,1200.81,33086
2021-08-02,FALSE,4996.23,223.73,4772.5,25664
2021-08-03,FALSE,104.78,475.98,-371.2,48918
2021-08-04,FALSE,2346.73,747.5,1599.23,87876
2021-08-05,FALSE,-9114.8,711.86,-9826.66,80019
2021-08-06,FALSE,458.1,661.12,-203.02,90554
2021-08-07,FALSE,2374.05,419.8,1954.25,50105
2021-08-08,FALSE,1333.52,331.03,1002.49,33774
2021-08-09,FALSE,5034.28,715.58,4318.7,86624
2021-08-10,FALSE,6520.33,798.9,5721.43,79820
2021-08-11,FALSE,4754.41,761.74,3992.67,87803
2021-08-12,FALSE,3894.55,588.88,3305.67,61470
2021-08-13,FALSE,191.26,914.95,-723.69,91131
2021-08-14,FALSE,-477.31,312.25,-789.56,31871
2021-08-15,FALSE,-286.49,306.48,-592.97,67325
2021-08-16,FALSE,1851.24,278.01,1573.23,31181
2021-08-17,FALSE,3448.2,505.72,2942.48,79460
2021-08-18,FALSE,531.03,562.11,-31.08,51525
2021-08-19,FALSE,2749.25,548.48,2200.77,60582
2021-08-20,FALSE,-217.37,798.42,-1015.79,74500
2021-08-21,FALSE,5958.41,545.78,5412.63,60178
2021-08-22,FALSE,2369.06,975.58,1393.48,104766
2021-08-23,FALSE,-1267.47,297.56,-1565.03,42422
2021-08-24,FALSE,-4201.01,822,-5023.01,76878
2021-08-25,FALSE,217.5,628.89,-411.39,72343
2021-08-26,FALSE,2086.53,501.69,1584.84,66374
2021-08-27,FALSE,4310.07,770.38,3539.69,102320
2021-08-28,FALSE,-2104.92,365.58,-2470.5,53494
2021-08-29,FALSE,107.25,504.09,-396.84,73089
2021-08-30,FALSE,-1039.52,610.64,-1650.16,53405
2021-08-31,FALSE,-765.95,604.93,-1370.88,65926
2021-09-01,FALSE,-12658.52,828.03,-13486.55,127954
2021-09-02,FALSE,1451.74,282.98,1168.76,29666
2021-09-03,FALSE,5216.34,616.13,4600.21,65368
2021-09-04,FALSE,223.28,635.11,-411.83,61099
2021-09-05,FALSE,2906.74,246.39,2660.35,38107
2021-09-06,FALSE,-164.59,191.43,-356.02,35063
2021-09-07,FALSE,505.43,300.88,204.55,34211
2021-09-08,FALSE,2601.25,588.94,2012.31,54694
2021-09-09,FALSE,284.21,404.98,-120.77,45528
2021-09-10,FALSE,3599.23,532.27,3066.96,53404
2021-09-11,FALSE,-24.72,213.39,-238.11,27444
2021-09-12,FALSE,1035.14,296.42,738.72,27722
2021-09-13,FALSE,992.09,516.61,475.48,51982
2021-09-14,FALSE,5684.58,549.07,5135.51,68389
2021-09-15,FALSE,2536.84,558.45,1978.39,69756
2021-09-16,FALSE,-76.9,78.78,-155.68,8585
2021-09-17,FALSE,187.92,273.75,-85.83,41810
2021-09-18,FALSE,-161.52,27.51,-189.03,6005
2021-09-19,FALSE,299.11,40.12,258.99,4608
2021-09-20,FALSE,-462.4,67.57,-529.97,6972
2021-09-21,FALSE,7366.08,496.83,6869.25,58298
2021-09-22,FALSE,4687.59,412.56,4275.03,48047
2021-09-23,FALSE,937.21,346.41,590.8,45841
2021-09-24,FALSE,3151.47,474.44,2677.03,58428
2021-09-25,FALSE,2503.59,306.37,2197.22,42734
2021-09-26,FALSE,758.17,350.72,407.45,33907
2021-09-27,FALSE,3713.24,385.18,3328.06,52048
2021-09-28,FALSE,5984.83,1041.84,4942.99,111686
2021-09-29,FALSE,4239.84,532.72,3707.12,76867
2021-09-30,FALSE,-1899.54,701.35,-2600.89,98692
2021-09-30,TRUE,351.87,24.2,327.67,1484
2021-10-01,FALSE,2756.91,532.42,2224.49,52838
2021-10-01,TRUE,3.9,0.2,3.7,13
2021-10-02,FALSE,2061.06,265.94,1795.12,30442
2021-10-03,FALSE,1515.46,192.86,1322.6,20678
2021-10-03,TRUE,51.3,2.52,48.78,171
2021-10-04,FALSE,-5177.91,522.01,-5699.92,51561
2021-10-04,TRUE,274.57,15.45,259.12,1470
2021-10-05,FALSE,2423.82,618.17,1805.65,52898
2021-10-05,TRUE,-30.1,10.98,-41.08,2485
2021-10-06,FALSE,6798.2,868.26,5929.94,95863
2021-10-06,TRUE,-1.95,0.16,-2.11,54
2021-10-07,FALSE,2861.06,518.88,2342.18,58174
2021-10-07,TRUE,167.8,14.13,153.67,900
2021-10-08,FALSE,4538.01,470.28,4067.73,52721
2021-10-08,TRUE,-136.58,21.58,-158.16,1301
2021-10-09,FALSE,-32.59,133.64,-166.23,15092
2021-10-09,TRUE,-4.28,0.3,-4.58,17
2021-10-10,FALSE,68.57,148.86,-80.29,17772
2021-10-10,TRUE,5.41,0.26,5.15,15
2021-10-11,FALSE,2899.26,281.78,2617.48,29243
2021-10-11,TRUE,-7.24,6.44,-13.68,402
2021-10-12,FALSE,-657.96,351.18,-1009.14,44692
2021-10-12,TRUE,288.37,14.63,273.74,1053
2021-10-13,FALSE,9161.23,674.9,8486.33,68776
2021-10-13,TRUE,1.67,0.51,1.16,35
2021-10-14,FALSE,506.23,436.6,69.63,50654
2021-10-15,FALSE,2312.69,232.56,2080.13,30864
2021-10-15,TRUE,-230.51,8.22,-238.73,466
2021-10-16,FALSE,-1706.41,160.74,-1867.15,20832
2021-10-16,TRUE,-14,0.44,-14.44,25
2021-10-17,FALSE,584.71,91.68,493.03,14255
2021-10-17,TRUE,-137.17,11.16,-148.33,653
2021-10-18,FALSE,1301.27,373.19,928.08,33670
2021-10-18,TRUE,-264.58,6.59,-271.17,449
2021-10-19,FALSE,2755.3,587.94,2167.36,49011
2021-10-19,TRUE,407.17,14.19,392.98,858
2021-10-20,FALSE,7255.46,809.7,6445.76,79545
2021-10-20,TRUE,-92.14,6.36,-98.5,363
2021-10-21,FALSE,3956.44,685.69,3270.75,63785
2021-10-21,TRUE,-4.61,0.37,-4.98,21
2021-10-22,FALSE,539.77,362.08,177.69,40966
2021-10-22,TRUE,161.84,7.65,154.19,495
2021-10-23,FALSE,1749.23,152.84,1596.39,20550
2021-10-23,TRUE,0.49,0.25,0.24,16
2021-10-24,FALSE,538.82,166.55,372.27,18463
2021-10-24,TRUE,104.39,5.75,98.64,485
2021-10-25,FALSE,-257.43,454.62,-712.05,52813
2021-10-25,TRUE,65.64,4.58,61.06,525
2021-10-26,FALSE,985.2,517.37,467.83,58010
2021-10-26,TRUE,44.57,2.85,41.72,457
2021-10-27,FALSE,4191.12,680.65,3510.47,67550
2021-10-27,TRUE,-11.26,1.74,-13,217
2021-10-28,FALSE,194.46,977.22,-782.76,95594
2021-10-28,TRUE,7.05,0.46,6.59,63
2021-10-29,FALSE,3652.96,455.79,3197.17,56207
2021-10-29,TRUE,100.5,6.27,94.23,907
2021-10-30,FALSE,1622.12,370.12,1252,45770
2021-10-31,FALSE,1281.85,197.59,1084.26,27240
2021-11-01,FALSE,4427.99,746.26,3681.73,71665
2021-11-01,TRUE,-306.92,17.73,-324.65,2438
2021-11-02,FALSE,-2556.43,827.02,-3383.45,83689
2021-11-02,TRUE,2228.8,30.08,2198.72,3390
2021-11-03,FALSE,-978.8,1668.39,-2647.19,156415
2021-11-03,TRUE,2063.81,65.61,1998.2,4431
2021-11-04,FALSE,4570.92,1104.9,3466.02,104836
2021-11-04,TRUE,857.55,24.31,833.24,1523
2021-11-05,FALSE,6946.7,2296.39,4650.31,204597
2021-11-05,TRUE,1321.57,41.15,1280.42,2569
2021-11-06,FALSE,-2707.28,741.82,-3449.1,76155
2021-11-06,TRUE,-436.73,24.61,-461.34,2487
2021-11-07,FALSE,1711.59,323.92,1387.67,34875
2021-11-07,TRUE,890.71,57.26,833.45,3652
2021-11-08,FALSE,4794.94,783.59,4011.35,99629
2021-11-08,TRUE,1554.79,90.44,1464.35,8644
2021-11-09,FALSE,940.55,692.21,248.34,70718
2021-11-09,TRUE,278.02,12.87,265.15,945
2021-11-10,FALSE,2492.94,560.44,1932.5,69298
2021-11-10,TRUE,66.71,3.51,63.2,323
2021-11-11,FALSE,1363.37,574.33,789.04,55372
2021-11-11,TRUE,-149.5,20.83,-170.33,1768
2021-11-12,FALSE,1819.47,235.87,1583.6,32367
2021-11-12,TRUE,1760.32,85.19,1675.13,7503
2021-11-13,FALSE,3502.18,286.25,3215.93,29523
2021-11-13,TRUE,291.73,16.14,275.59,1379
2021-11-14,FALSE,2224.29,425.72,1798.57,44325
2021-11-14,TRUE,97.24,6.82,90.42,704
2021-11-15,FALSE,-128.56,598.24,-726.8,52824
2021-11-15,TRUE,-407.8,27.57,-435.37,2562
2021-11-16,FALSE,-837.72,804.64,-1642.36,68874
2021-11-16,TRUE,112.44,9.23,103.21,1020
2021-11-17,FALSE,6248.73,825.32,5423.41,72557
2021-11-17,TRUE,-7.76,5.77,-13.53,792
2021-11-18,FALSE,4731.11,720.81,4010.3,104207
2021-11-18,TRUE,171.36,12.27,159.09,1819
2021-11-19,FALSE,2114.03,551.86,1562.17,70744
2021-11-19,TRUE,13.35,0.9,12.45,235
2021-11-20,FALSE,-582.59,290.16,-872.75,27624
2021-11-20,TRUE,0.75,5.42,-4.67,1815
2021-11-21,FALSE,1929.95,225.41,1704.54,21855
2021-11-21,TRUE,-16.92,2.95,-19.87,276
2021-11-22,FALSE,227.87,485.69,-257.82,68811
2021-11-22,TRUE,94.74,16.94,77.8,3166
2021-11-23,FALSE,3261.35,720.08,2541.27,73795
2021-11-23,TRUE,242.98,14.76,228.22,1642
2021-11-24,FALSE,-1141.88,465.52,-1607.4,64173
2021-11-24,TRUE,71,4.29,66.71,510
2021-11-25,FALSE,2027.69,469.99,1557.7,44655
2021-11-25,TRUE,-9.72,0.64,-10.36,76
2021-11-26,FALSE,2263.59,796.25,1467.34,64653
2021-11-26,TRUE,16.38,0.83,15.55,57
2021-11-27,FALSE,5503.44,408.17,5095.27,40880
2021-11-28,FALSE,538.37,276.97,261.4,31190
2021-11-28,TRUE,88.61,5.36,83.25,673
2021-11-29,FALSE,-1665.62,684.04,-2349.66,74348
2021-11-29,TRUE,-412.37,44.44,-456.81,5916
2021-11-30,FALSE,-2160.71,971.85,-3132.56,107065
2021-11-30,TRUE,-120.49,27.61,-148.1,3233
2021-12-01,FALSE,-342.94,956.12,-1299.06,89367
2021-12-01,TRUE,54.86,7.42,47.44,788
2021-12-02,FALSE,5937.02,1146.67,4790.35,123305
2021-12-02,TRUE,-12.89,10.47,-23.36,1611
2021-12-03,FALSE,1985.81,626.03,1359.78,70837
2021-12-03,TRUE,4.79,1.1,3.69,166
2021-12-04,FALSE,-1231.05,336.72,-1567.77,38941
2021-12-04,TRUE,7.15,0.55,6.6,94
2021-12-05,FALSE,196.61,384.37,-187.76,36741
2021-12-05,TRUE,58.66,3.08,55.58,378
2021-12-06,FALSE,-942.66,676.19,-1618.85,66450
2021-12-06,TRUE,43.33,4.59,38.74,868
2021-12-07,FALSE,-4391.71,1061.14,-5452.85,100759
2021-12-07,TRUE,42.28,2.32,39.96,194
2021-12-08,FALSE,2064.2,678.16,1386.04,59290
2021-12-08,TRUE,12.86,1.23,11.63,287
2021-12-09,FALSE,9868.59,1213.39,8655.2,111043
2021-12-09,TRUE,-3.06,0.23,-3.29,60
2021-12-10,FALSE,4604.56,802.83,3801.73,99348
2021-12-10,TRUE,1,0.07,0.93,100
2021-12-11,FALSE,-42.16,476.07,-518.23,46171
2021-12-11,TRUE,-6.08,0.65,-6.73,132
2021-12-12,FALSE,1610.63,386.95,1223.68,40345
2021-12-12,TRUE,5.04,0.35,4.69,504
2021-12-13,FALSE,1773.47,968.64,804.83,96767
2021-12-13,TRUE,-54.04,4.25,-58.29,1026
2021-12-14,FALSE,3514.73,2145.84,1368.89,244230
2021-12-14,TRUE,-18.18,1.8,-19.98,365
2021-12-15,FALSE,5433.69,1409.04,4024.65,152874
2021-12-15,TRUE,52.16,4.55,47.61,1056
2021-12-16,FALSE,6416.91,824.59,5592.32,107787
2021-12-16,TRUE,114.37,6.48,107.89,557
2021-12-17,FALSE,2228.04,1087.73,1140.31,103641
2021-12-17,TRUE,16.71,2.06,14.65,623
2021-12-18,FALSE,1801.94,362.98,1438.96,39194
2021-12-19,FALSE,-2322.04,513.15,-2835.19,56626
2021-12-19,TRUE,22.89,1.54,21.35,678
2021-12-20,FALSE,16357.41,1493.19,14864.22,159922
2021-12-20,TRUE,-11.9,1.79,-13.69,1040
2021-12-21,FALSE,4172.48,1060.91,3111.57,125171
2021-12-21,TRUE,-2.23,0.39,-2.62,172
2021-12-22,FALSE,5163.36,923.5,4239.86,116076
2021-12-22,TRUE,15.65,1.06,14.59,121
2021-12-23,FALSE,130.89,697.14,-566.25,70143
2021-12-23,TRUE,0.24,0.25,-0.01,207
2021-12-24,FALSE,-4563.66,892.96,-5456.62,90499
2021-12-25,FALSE,-427.67,331.13,-758.8,36799
2021-12-26,FALSE,1245.67,213.1,1032.57,26915
2021-12-27,FALSE,-1264.47,535.49,-1799.96,58479
2021-12-28,FALSE,-7071.53,1886.49,-8958.02,205155
2021-12-28,TRUE,-35.84,2,-37.84,171
2021-12-29,FALSE,5499.68,990.75,4508.93,135577
2021-12-29,TRUE,0.44,0.08,0.36,36
2021-12-30,FALSE,-299.33,655.98,-955.31,70278
2021-12-30,TRUE,-2.26,0.16,-2.42,113
2021-12-31,FALSE,-3286.82,818.65,-4105.47,94046
2021-12-31,TRUE,1.14,0.07,1.07,6
2022-01-01,FALSE,-1042.23,386.05,-1428.28,43446
2022-01-01,TRUE,1.14,0.07,1.07,6
2022-01-02,FALSE,3796.62,415.62,3381,39249
2022-01-03,FALSE,-652.01,1015.03,-1667.04,106238
2022-01-03,TRUE,22.69,1.3,21.39,121
2022-01-04,FALSE,-3086.65,1494.27,-4580.92,206436
2022-01-05,FALSE,5304.93,1473.49,3831.44,163435
2022-01-05,TRUE,-4.6,0.26,-4.86,23
2022-01-06,FALSE,2322.09,756.83,1565.26,78674
2022-01-06,TRUE,-1.12,0.15,-1.27,13
2022-01-07,FALSE,41.54,1556.29,-1514.75,180867
2022-01-08,FALSE,1769.41,517.12,1252.29,65586
2022-01-09,FALSE,-212.21,455.98,-668.19,61070
2022-01-10,FALSE,-3449.96,1689.17,-5139.13,183387
2022-01-10,TRUE,25.3,1.5,23.8,156
2022-01-11,FALSE,-8059.97,1885.41,-9945.38,245892
2022-01-12,FALSE,-4577.73,1137.88,-5715.61,109310
2022-01-13,FALSE,-8362.02,1741.71,-10103.73,181734
2022-01-14,FALSE,-633.35,1043.47,-1676.82,141327
2022-01-15,FALSE,-3293.99,548.57,-3842.56,105482
2022-01-16,FALSE,2868.91,469.15,2399.76,62070
2022-01-17,FALSE,6943.48,1012.58,5930.9,96211
2022-01-18,FALSE,10781.58,1255.36,9526.22,149211
2022-01-18,TRUE,20.85,1.25,19.6,139
2022-01-19,FALSE,5262.9,804.5,4458.4,92322
2022-01-19,TRUE,-47.54,6.68,-54.22,716
2022-01-20,FALSE,6297.96,776.83,5521.13,101760
2022-01-20,TRUE,-2.68,5.4,-8.08,568
2022-01-21,FALSE,4090.72,508.63,3582.09,64192
2022-01-22,FALSE,1787.3,455.87,1331.43,56967
2022-01-22,TRUE,5.84,0.35,5.49,34
2022-01-23,FALSE,2810.06,323.55,2486.51,43375
2022-01-24,FALSE,4117.09,664.14,3452.95,71091
2022-01-25,FALSE,-874.83,533.64,-1408.47,70131
2022-01-25,TRUE,22.39,1.35,21.04,150
2022-01-26,FALSE,5571.29,1090.63,4480.66,126303
2022-01-26,TRUE,12.04,0.73,11.31,86
2022-01-27,FALSE,6097.48,706.61,5390.87,73760
2022-01-28,FALSE,3262.33,758.6,2503.73,90883
2022-01-29,FALSE,3386.55,380.4,3006.15,61472
2022-01-29,TRUE,3.34,1.16,2.18,133
2022-01-30,FALSE,644.75,270.42,374.33,32429
2022-01-31,FALSE,4115.29,536.67,3578.62,85999
2022-01-31,TRUE,9.75,0.6,9.15,75
2022-02-01,FALSE,-1585.06,798.4,-2383.46,78029
2022-02-01,TRUE,5.64,1.39,4.25,172
2022-02-02,FALSE,2259.39,705.36,1554.03,79924
2022-02-03,FALSE,3531.59,875.79,2655.8,97452
2022-02-04,FALSE,-1991.07,1050.66,-3041.73,108259
2022-02-04,TRUE,21.17,1.44,19.73,201
2022-02-05,FALSE,1884.55,409.06,1475.49,40032
2022-02-06,FALSE,2337.54,489.8,1847.74,56828
2022-02-06,TRUE,6.49,0.41,6.08,62
2022-02-07,FALSE,3430.86,679.11,2751.75,73321
2022-02-08,FALSE,2512.82,1120.86,1391.96,138421
2022-02-08,TRUE,11.31,0.73,10.58,111
2022-02-09,FALSE,-636.56,775.24,-1411.8,86265
2022-02-09,TRUE,10.31,6.45,3.86,845
2022-02-10,FALSE,-228.85,1832.36,-2061.21,164589
2022-02-10,TRUE,-3.25,0.2,-3.45,25
2022-02-11,FALSE,8801.76,1138.76,7663,116612
2022-02-11,TRUE,22.18,2.47,19.71,392
2022-02-12,FALSE,1889.25,484.52,1404.73,45920
2022-02-12,TRUE,16.16,1.05,15.11,202
2022-02-13,FALSE,4914.33,643.94,4270.39,65466
2022-02-14,FALSE,-1875.79,708.61,-2584.4,74418
2022-02-14,TRUE,21.78,1.43,20.35,323
2022-02-15,FALSE,2905,969.48,1935.52,141937
2022-02-16,FALSE,5301.54,1052.01,4249.53,107639
2022-02-17,FALSE,5134.73,765.79,4368.94,105045
2022-02-18,FALSE,-1429.95,767.58,-2197.53,73789
2022-02-18,TRUE,9.62,0.65,8.97,162
2022-02-19,FALSE,432.09,231.23,200.86,24866
2022-02-19,TRUE,15.55,1.04,14.51,311
2022-02-20,FALSE,-2074.15,323.04,-2397.19,34664
2022-02-21,FALSE,-1862.87,524.31,-2387.18,50389
2022-02-21,TRUE,13.44,0.91,12.53,336
2022-02-22,FALSE,5740.24,826.12,4914.12,100344
2022-02-22,TRUE,-11.37,0.77,-12.14,221
2022-02-23,FALSE,-1459.32,1086.36,-2545.68,108229
2022-02-23,TRUE,-22.63,1.61,-24.24,382
2022-02-24,FALSE,1776.16,1056.08,720.08,124120
2022-02-25,FALSE,3226.61,764.09,2462.52,137739
2022-02-25,TRUE,-8.52,0.57,-9.09,125
2022-02-26,FALSE,1347.64,244.99,1102.65,27195
2022-02-26,TRUE,19.14,1.29,17.85,465
2022-02-27,FALSE,14145.4,555.04,13590.36,53974
2022-02-28,FALSE,6570.38,635.19,5935.19,74360
2022-02-28,TRUE,13.95,0.95,13,465
2022-03-01,FALSE,8757.16,953.93,7803.23,105861
2022-03-01,TRUE,0.76,0.06,0.7,50
2022-03-02,FALSE,5325.75,871.52,4454.23,118522
2022-03-02,TRUE,-6.22,1.3,-7.52,517
2022-03-03,FALSE,3486.61,572.79,2913.82,68812
2022-03-03,TRUE,3.88,0.29,3.59,300
2022-03-04,FALSE,3326.18,623.15,2703.03,67991
2022-03-05,FALSE,2144.21,265.28,1878.93,25574
2022-03-06,FALSE,2653.86,329.7,2324.16,32990
2022-03-06,TRUE,0.6,0.06,0.54,60
2022-03-07,FALSE,-3910.68,735.02,-4645.7,79146
2022-03-08,FALSE,1222.62,1192.72,29.9,126696
2022-03-09,FALSE,21033.25,1265.39,19767.86,123614
2022-03-10,FALSE,806,1183.93,-377.93,121011
2022-03-11,FALSE,6140.47,817.8,5322.67,73457
2022-03-11,TRUE,-5.1,0.36,-5.46,171
2022-03-12,FALSE,1301.18,323.81,977.37,31934
2022-03-13,FALSE,7834.9,538.49,7296.41,50021
2022-03-13,TRUE,-3.75,0.27,-4.02,150
2022-03-14,FALSE,8652.76,1060.72,7592.04,108989
2022-03-15,FALSE,3402.48,703.04,2699.44,81331
2022-03-16,FALSE,6906.37,947.82,5958.55,111388
2022-03-17,FALSE,-6.18,807.7,-813.88,77387
2022-03-18,FALSE,2382.1,808.45,1573.65,71571
2022-03-19,FALSE,-3506.97,352.16,-3859.13,41162
2022-03-20,FALSE,12757.48,630.08,12127.4,75930
2022-03-21,FALSE,9962.83,979.48,8983.35,91825
2022-03-22,FALSE,10452.89,1216.84,9236.05,105660
2022-03-23,FALSE,173.07,763.07,-590,74456
2022-03-24,FALSE,3122.58,696.87,2425.71,62813
2022-03-25,FALSE,3765.81,908.64,2857.17,117780
2022-03-26,FALSE,1461.75,270.2,1191.55,23244
2022-03-27,FALSE,306.25,968.79,-662.54,128697
2022-03-28,FALSE,3482.48,892.12,2590.36,85505
2022-03-29,FALSE,-1343.68,671.03,-2014.71,65826
2022-03-30,FALSE,-3687.69,581.49,-4269.18,56493
2022-03-31,FALSE,985.15,762.17,222.98,69176
2022-04-01,FALSE,-2081.63,661.7,-2743.33,77086
2022-04-02,FALSE,363.41,223.13,140.28,31047
2022-04-03,FALSE,17548.92,1226.29,16322.63,159122
2022-04-04,FALSE,542.53,581,-38.47,59198
2022-04-05,FALSE,-2865.45,846.49,-3711.94,91845
2022-04-06,FALSE,1443.68,725.76,717.92,90483
2022-04-07,FALSE,2312.26,468.24,1844.02,51785
2022-04-08,FALSE,3158.01,311.72,2846.29,39737
2022-04-09,FALSE,986.32,239.07,747.25,24136
2022-04-10,FALSE,-316.78,264.98,-581.76,27645
2022-04-11,FALSE,5683.21,930.76,4752.45,81946
2022-04-12,FALSE,-3052.89,975.49,-4028.38,124756
2022-04-13,FALSE,-1114.69,934.35,-2049.04,117686
2022-04-14,FALSE,3982.8,710.34,3272.46,66920
2022-04-15,FALSE,5655.27,544.94,5110.33,49967
2022-04-16,FALSE,-717.59,167.15,-884.74,24853
2022-04-17,FALSE,79.43,171.69,-92.26,18045
2022-04-18,FALSE,1899.09,880.88,1018.21,120543
2022-04-19,FALSE,-2394.95,999.56,-3394.51,106842
2022-04-20,FALSE,6607.76,864.96,5742.8,89173
2022-04-21,FALSE,2339.08,800.2,1538.88,87554
2022-04-22,FALSE,5668.87,652.34,5016.53,91048
2022-04-23,FALSE,4736.62,371.05,4365.57,45073
2022-04-24,FALSE,1846.66,380.97,1465.69,48182
2022-04-25,FALSE,793.54,698.91,94.63,129105
2022-04-26,FALSE,-3004.09,1002.23,-4006.32,140114
2022-04-27,FALSE,21631.95,1362.4,20269.55,176242
2022-04-28,FALSE,10356.27,2051.34,8304.93,331904
2022-04-29,FALSE,-1349.87,2675.36,-4025.23,367035
2022-04-30,FALSE,3612.59,513.31,3099.28,60634
2022-05-01,FALSE,2805.88,452.33,2353.55,73689
2022-05-02,FALSE,20595.62,1978.81,18616.81,329185
2022-05-03,FALSE,20026.8,2753.87,17272.93,421719
2022-05-04,FALSE,-5395.31,3258.78,-8654.09,558283
2022-05-05,FALSE,27894.58,2455.13,25439.45,530362
2022-05-06,FALSE,5341.42,3771.17,1570.25,438913
2022-05-07,FALSE,1423.26,513.16,910.1,59888
2022-05-08,FALSE,-1727.14,707.22,-2434.36,88312
2022-05-09,FALSE,4108.79,2422.58,1686.21,342013
2022-05-10,FALSE,4313.32,3018.92,1294.4,449034
2022-05-11,FALSE,13876.62,3738.09,10138.53,553457
2022-05-12,FALSE,3226.18,2519.31,706.87,366060
2022-05-13,FALSE,7587.68,1763.14,5824.54,235664
2022-05-14,FALSE,2644.72,315.23,2329.49,35167
2022-05-15,FALSE,2641.95,488.55,2153.4,51045
2022-05-16,FALSE,7642.29,2083.62,5558.67,270107
2022-05-17,FALSE,9064.71,2383.82,6680.89,276392
2022-05-18,FALSE,14390.09,2367.14,12022.95,311154
2022-05-19,FALSE,1819.38,3403.44,-1584.06,414810
2022-05-20,FALSE,14747.73,2197.65,12550.08,235539
2022-05-21,FALSE,958.71,373.02,585.69,56126
2022-05-22,FALSE,-1290.92,654.41,-1945.33,91319
2022-05-23,FALSE,5784.4,2113.99,3670.41,297257
2022-05-24,FALSE,8225.68,2735.69,5489.99,326492
2022-05-25,FALSE,9917.78,2635.47,7282.31,328680
2022-05-26,FALSE,-2828.14,1643.85,-4471.99,226775
2022-05-27,FALSE,-1468.22,1890.69,-3358.91,213984
2022-05-28,FALSE,1267.16,327.17,939.99,35152
2022-05-29,FALSE,1346.52,393.69,952.83,74279
2022-05-30,FALSE,2229.66,424.85,1804.81,52234
2022-05-31,FALSE,5786.71,2056.29,3730.42,291010
2022-06-01,FALSE,2936.73,2688.17,248.56,329806
2022-06-02,FALSE,10640.83,2642.81,7998.02,329836
2022-06-03,FALSE,3868.89,2161.24,1707.65,311595
2022-06-04,FALSE,-3069.71,430.34,-3500.05,53745
2022-06-05,FALSE,-1214.18,428.54,-1642.72,60467
2022-06-06,FALSE,9104.7,2403.86,6700.84,354671
2022-06-07,FALSE,5992.48,2908.85,3083.63,401599
2022-06-08,FALSE,2589.9,2542.25,47.65,349034
2022-06-09,FALSE,15441.58,3425.36,12016.22,387970
2022-06-10,FALSE,28140.79,5130.57,23010.22,562616
2022-06-11,FALSE,1015.46,620.58,394.88,68409
2022-06-12,FALSE,-2143.55,1259.43,-3402.98,238423
2022-06-13,FALSE,35651.69,4950.01,30701.68,511244
2022-06-14,FALSE,7906.01,4655.6,3250.41,536208
2022-06-15,FALSE,-6467.93,4301.09,-10769.02,537681
2022-06-16,FALSE,4272.78,2815.59,1457.19,311671
2022-06-17,FALSE,12040.26,4438.84,7601.42,479062
2022-06-18,FALSE,-2892.44,878.8,-3771.24,131475
2022-06-19,FALSE,-2311.92,784.83,-3096.75,131326
2022-06-20,FALSE,-120.9,1122.13,-1243.03,145097
2022-06-21,FALSE,6178.51,2563.5,3615.01,276000
2022-06-22,FALSE,-2303.7,3629.31,-5933.01,408961
2022-06-23,FALSE,6819.34,3349.51,3469.83,363898
2022-06-24,FALSE,-5351.03,1948.02,-7299.05,215763
2022-06-25,FALSE,-244.78,308.65,-553.43,42168
2022-06-26,FALSE,-2178.99,847.97,-3026.96,106583
2022-06-27,FALSE,13494.09,2692.6,10801.49,323909
2022-06-28,FALSE,-12133.78,2945.15,-15078.93,355335
2022-06-29,FALSE,586.93,3057.8,-2470.87,393273
2022-06-30,FALSE,6682.01,5849.26,832.75,639364
2022-07-01,FALSE,-11102.67,3826.16,-14928.83,445290
2022-07-02,FALSE,-3950.09,622.04,-4572.13,85120
2022-07-03,FALSE,-4268.1,637.09,-4905.19,93136
2022-07-04,FALSE,182.25,470,-287.75,54976
2022-07-05,FALSE,4522.73,3349.1,1173.63,406291
2022-07-06,FALSE,8125.79,2958.48,5167.31,325699
2022-07-07,FALSE,12120.73,2160.17,9960.56,217075
2022-07-08,FALSE,7441.99,3424.93,4017.06,378244
2022-07-09,FALSE,8344.52,773.64,7570.88,99919
2022-07-10,FALSE,4478.31,608.9,3869.41,73054
2022-07-11,FALSE,16406.92,2607.07,13799.85,316567
2022-07-12,FALSE,8147.03,3872.75,4274.28,458376
2022-07-13,FALSE,-922.05,7216.26,-8138.31,800671
2022-07-14,FALSE,23437.82,4158.56,19279.26,461409
2022-07-15,FALSE,-2772.72,2443.67,-5216.39,266221
2022-07-16,FALSE,756.88,526.69,230.19,67221
2022-07-17,FALSE,31.43,589.28,-557.85,64802
2022-07-18,FALSE,4787.42,2152.99,2634.43,247439
2022-07-19,FALSE,19643.62,2726.6,16917.02,303993
2022-07-20,FALSE,6985.88,2601.97,4383.91,317374
2022-07-21,FALSE,4459.16,1823.77,2635.39,216961
2022-07-22,FALSE,-2695.75,3032.47,-5728.22,331593
2022-07-23,FALSE,7842.2,525.62,7316.58,61183
2022-07-24,FALSE,-2320.21,600.91,-2921.12,74577
2022-07-25,FALSE,1702.57,2177.32,-474.75,239580
2022-07-26,FALSE,10169.27,2587.73,7581.54,322934
2022-07-27,FALSE,12839.36,3585.71,9253.65,431688
2022-07-28,FALSE,-7522.1,3687.13,-11209.23,405373
2022-07-29,FALSE,11439.9,3240.38,8199.52,520863
2022-07-30,FALSE,3335.34,512.36,2822.98,51929
2022-07-31,FALSE,-2004.15,304.97,-2309.12,45511
2022-08-01,FALSE,-1297.85,2196.12,-3493.97,280872
2022-08-02,FALSE,-5116.71,3060.4,-8177.11,344941
2022-08-03,FALSE,8206.81,2569.79,5637.02,293164
2022-08-04,FALSE,4318.2,2763.98,1554.22,312822
2022-08-05,FALSE,9975.97,3233.31,6742.66,369546
2022-08-06,FALSE,5951.27,582.14,5369.13,69901
2022-08-07,FALSE,-4658.02,693.84,-5351.86,96739
2022-08-08,FALSE,9106.83,4166.47,4940.36,492767
2022-08-09,FALSE,-136.63,3129.37,-3266,438859
2022-08-10,FALSE,22718.53,3991.18,18727.35,521248
2022-08-11,FALSE,5359.67,3921.56,1438.11,456807
2022-08-12,FALSE,6898.12,2886.83,4011.29,352904
2022-08-13,FALSE,-375.66,701.25,-1076.91,93344
2022-08-14,FALSE,-48.43,473.73,-522.16,65804
2022-08-15,FALSE,13551.58,4609.69,8941.89,565301
2022-08-16,FALSE,6236.46,3830.85,2405.61,453023
2022-08-17,FALSE,-8803.33,3774.72,-12578.05,423897
2022-08-18,FALSE,19837.08,3031.33,16805.75,382683
2022-08-19,FALSE,2642,2326.25,315.75,341576
2022-08-20,FALSE,-1887.85,299.19,-2187.04,44171
2022-08-21,FALSE,3020.24,755.19,2265.05,115294
2022-08-22,FALSE,10893.99,2701.76,8192.23,319416
2022-08-23,FALSE,1049.06,3762.08,-2713.02,464073
2022-08-24,FALSE,-20491.47,4725.35,-25216.82,476607
2022-08-25,FALSE,-758.83,4068.21,-4827.04,461814
2022-08-26,FALSE,13214.13,6103.91,7110.22,643451
2022-08-27,FALSE,-1322.76,570.27,-1893.03,107143
2022-08-28,FALSE,2333.2,554.76,1778.44,91826
2022-08-29,FALSE,1838.36,4023.64,-2185.28,429083
2022-08-30,FALSE,3393.87,3793.69,-399.82,462472
2022-08-31,FALSE,3893.47,2844.88,1048.59,305605
2022-09-01,FALSE,7329.83,2957.94,4371.89,312484
2022-09-02,FALSE,5941.46,4056.16,1885.3,404458
2022-09-03,FALSE,-3116.47,347.43,-3463.9,55547
2022-09-04,FALSE,-2101.48,341.29,-2442.77,49572
2022-09-05,FALSE,3228.31,447.92,2780.39,74205
2022-09-06,FALSE,9954.63,5010.42,4944.21,540683
2022-09-07,FALSE,15202.07,4108.73,11093.34,422537
2022-09-08,FALSE,-822.17,3681.93,-4504.1,386711
2022-09-09,FALSE,-590.7,2265.97,-2856.67,266370
2022-09-10,FALSE,-1271.15,569.05,-1840.2,92108
2022-09-11,FALSE,-225.56,522.95,-748.51,76060
2022-09-12,FALSE,-1181.94,3226.48,-4408.42,371977
2022-09-13,FALSE,6636.75,5399.34,1237.41,746002
2022-09-14,FALSE,13743.74,3393.32,10350.42,378648
2022-09-15,FALSE,8399.61,2997.7,5401.91,327837
2022-09-16,FALSE,-1848.99,3255.91,-5104.9,347298
2022-09-17,FALSE,1341.54,499.22,842.32,71840
2022-09-18,FALSE,2549.6,509,2040.6,69894
2022-09-19,FALSE,3143.21,2182.75,960.46,271643
2022-09-20,FALSE,3855.85,3525.81,330.04,427338
2022-09-21,FALSE,5713.74,3279.53,2434.21,388227
2022-09-22,FALSE,6555.89,2943.33,3612.56,350284
2022-09-23,FALSE,-4205.93,3171.99,-7377.92,363727
2022-09-24,FALSE,-274.7,776.98,-1051.68,102728
2022-09-25,FALSE,-58.16,463.83,-521.99,62053
2022-09-26,FALSE,4960.69,2571.7,2388.99,291186
2022-09-27,FALSE,1072.52,3653.13,-2580.61,413862
2022-09-28,FALSE,8699,3540.6,5158.4,377582
2022-09-29,FALSE,5318.01,3198.03,2119.98,345175
2022-09-30,FALSE,12291.28,2559.26,9732.02,290317
2022-10-01,FALSE,1790.29,354.78,1435.51,49875
2022-10-02,FALSE,2349.26,618.2,1731.06,99108
2022-10-03,FALSE,13933.34,2923.21,11010.13,317636
2022-10-04,FALSE,4325.66,2833.96,1491.7,334541
2022-10-05,FALSE,4356.45,2701.11,1655.34,326528
2022-10-06,FALSE,7447.67,3412.71,4034.96,351859
2022-10-07,FALSE,2096.48,2318.7,-222.22,305481
2022-10-08,FALSE,1674.9,419.26,1255.64,64371
2022-10-09,FALSE,56.71,640.14,-583.43,72713
2022-10-10,FALSE,4431.12,2754.91,1676.21,292418
2022-10-11,FALSE,3097.54,2548.37,549.17,300165
2022-10-12,FALSE,25466,3450.66,22015.34,411296
2022-10-13,FALSE,-18990.9,4357.9,-23348.8,546459
2022-10-14,FALSE,645.77,2243.13,-1597.36,269982
2022-10-15,FALSE,755.84,408.26,347.58,55908
2022-10-16,FALSE,1120.25,598.77,521.48,83231
2022-10-17,FALSE,-1834.5,2627.06,-4461.56,303348
2022-10-18,FALSE,2487.32,2960.46,-473.14,351141
2022-10-19,FALSE,2906.34,2532.37,373.97,296455
2022-10-20,FALSE,-1489.62,3224.32,-4713.94,371295
2022-10-21,FALSE,4297.78,3311.91,985.87,376659
2022-10-22,FALSE,-70.24,335.63,-405.87,50612
2022-10-23,FALSE,1737.86,527.68,1210.18,78291
2022-10-24,FALSE,1268.51,2657.69,-1389.18,328705
2022-10-25,FALSE,-2945.61,2474.45,-5420.06,285553
2022-10-26,FALSE,-1295.18,3160.91,-4456.09,348902
2022-10-27,FALSE,-3477.92,3507.24,-6985.16,407670
2022-10-28,FALSE,9933.69,2088.65,7845.04,252049
2022-10-29,FALSE,-425.92,303.15,-729.07,51516
2022-10-30,FALSE,-4828.56,484.75,-5313.31,61474
2022-10-31,FALSE,-22961.97,3277.89,-26239.86,383960
2022-11-01,FALSE,-83.54,2669.27,-2752.81,282559
2022-11-02,FALSE,-1171.34,3994.95,-5166.29,453219
2022-11-03,FALSE,140.46,2659.21,-2518.75,285781
2022-11-04,FALSE,-12488.4,3013.74,-15502.14,348856
2022-11-05,FALSE,-10937.93,667.3,-11605.23,95871
2022-11-06,FALSE,-1414.58,507.33,-1921.91,88269
2022-11-07,FALSE,-592.79,2871.24,-3464.03,337670
2022-11-08,FALSE,826.45,2648.49,-1822.04,277319
2022-11-09,FALSE,2611.83,2762.45,-150.62,265149
2022-11-10,FALSE,14062.83,2627.3,11435.53,327696
2022-11-11,FALSE,-724.82,2082.84,-2807.66,265097
2022-11-12,FALSE,3600.66,391.38,3209.28,55948
2022-11-13,FALSE,50.53,353.2,-302.67,60123
2022-11-14,FALSE,-945.46,3372.73,-4318.19,331937
2022-11-15,FALSE,6686.84,4186.18,2500.66,438042
2022-11-16,FALSE,-1534.61,1995.52,-3530.13,239626
2022-11-17,FALSE,5359.61,2313.53,3046.08,251874
2022-11-18,FALSE,1995.92,2658.37,-662.45,280945
2022-11-19,FALSE,165.98,324.56,-158.58,33440
2022-11-20,FALSE,-694.81,752.39,-1447.2,90406
2022-11-21,FALSE,17252.98,2650.21,14602.77,241447
2022-11-22,FALSE,1337.59,2782.29,-1444.7,302516
2022-11-23,FALSE,4258.52,2391.39,1867.13,267404
2022-11-24,FALSE,6112.52,785.01,5327.51,95171
2022-11-25,FALSE,6035.34,1066.28,4969.06,135617
2022-11-26,FALSE,3557.57,340.52,3217.05,37037
2022-11-27,FALSE,-4611.91,559.36,-5171.27,93697
2022-11-28,FALSE,8598.79,2326.92,6271.87,235898
2022-11-29,FALSE,13190.86,3347.51,9843.35,336251
2022-11-30,FALSE,14557.05,3447.76,11109.29,380260
2022-12-01,FALSE,8467.44,1500.22,6967.22,196090
2022-12-02,FALSE,-2445.31,2648.7,-5094.01,304785
2022-12-03,FALSE,1018.94,470.04,548.9,64962
2022-12-04,FALSE,-3050.52,358.66,-3409.18,46007
2022-12-05,FALSE,221.79,2272.87,-2051.08,232003
2022-12-06,FALSE,3799.56,2233.38,1566.18,241130
2022-12-07,FALSE,-2624.75,2591.59,-5216.34,299782
2022-12-08,FALSE,-2504.08,2732.99,-5237.07,293287
2022-12-09,FALSE,10976.77,2784.1,8192.67,298171
2022-12-10,FALSE,103.6,261.99,-158.39,47282
2022-12-11,FALSE,-8161.65,749.54,-8911.19,69376
2022-12-12,FALSE,2008.79,3292.96,-1284.17,337977
2022-12-13,FALSE,9110.92,4141.97,4968.95,546431
2022-12-14,FALSE,-1701.98,2617.39,-4319.37,301862
2022-12-15,FALSE,13310.04,3186.4,10123.64,303512
2022-12-16,FALSE,5096.56,2467.07,2629.49,247754
2022-12-17,FALSE,-561.08,249.78,-810.86,36810
2022-12-18,FALSE,907.17,238.42,668.75,33729
2022-12-19,FALSE,2416.48,2390.62,25.86,245764
2022-12-20,FALSE,-3561.63,2366.28,-5927.91,294739
2022-12-21,FALSE,-1486.64,1709.96,-3196.6,208774
2022-12-22,FALSE,10590.2,2722.79,7867.41,270908
2022-12-23,FALSE,-1039.84,2138.29,-3178.13,226559
2022-12-24,FALSE,-2635.91,190.04,-2825.95,36934
2022-12-25,FALSE,1707.82,215.48,1492.34,28334
2022-12-26,FALSE,3703.82,286.54,3417.28,43109
2022-12-27,FALSE,-4531.12,1339.57,-5870.69,167708
2022-12-28,FALSE,6149.77,2689.39,3460.38,249334
2022-12-29,FALSE,3455.15,1893.41,1561.74,180368
2022-12-30,FALSE,2620.48,1946.12,674.36,218026
2022-12-31,FALSE,-515.28,213.57,-728.85,26659
2023-01-01,FALSE,624.01,202.57,421.44,24975
2023-01-02,FALSE,965.65,368.76,596.89,65490
2023-01-03,FALSE,2886.44,2152.53,733.91,215278
2023-01-04,FALSE,4698.78,2058.81,2639.97,228202
2023-01-05,FALSE,-340.36,2091.4,-2431.76,216076
2023-01-06,FALSE,2383.56,2414.63,-31.07,294632
2023-01-07,FALSE,-1041.21,269.13,-1310.34,42102
2023-01-08,FALSE,1.18,450.88,-449.7,52469
2023-01-09,FALSE,3500.5,2171.54,1328.96,215884
2023-01-10,FALSE,-4801.48,1951.98,-6753.46,201848
2023-01-11,FALSE,-5893.81,2023.52,-7917.33,209839
2023-01-12,FALSE,6881.5,2442.46,4439.04,283688
2023-01-13,FALSE,610.81,1685,-1074.19,179879
2023-01-14,FALSE,975.78,124.07,851.71,18444
2023-01-15,FALSE,156.06,98.14,57.92,16033
2023-01-16,FALSE,-1694.6,353.28,-2047.88,51963
2023-01-17,FALSE,-1391.67,636.06,-2027.73,75230
2023-01-18,FALSE,4503.71,2099.7,2404.01,215767
2023-01-19,FALSE,8543.69,1872.39,6671.3,179084
2023-01-20,FALSE,16906.86,1696.57,15210.29,193611
2023-01-21,FALSE,1487.37,161.47,1325.9,29928
2023-01-22,FALSE,1025.07,318.64,706.43,51279
2023-01-23,FALSE,-4112.77,1654.24,-5767.01,176290
2023-01-24,FALSE,1787.02,1755.42,31.6,168124
2023-01-25,FALSE,22210.9,2427.59,19783.31,314035
2023-01-26,FALSE,11035.53,2137.75,8897.78,231494
2023-01-27,FALSE,-159.96,1854.48,-2014.44,226366
2023-01-28,FALSE,-733.81,229.65,-963.46,32412
2023-01-29,FALSE,4070.95,320.59,3750.36,43368
2023-01-30,FALSE,1761.03,1702.87,58.16,194006
2023-01-31,FALSE,-2316.48,1845.65,-4162.13,199409
2023-02-01,FALSE,-368.72,1355.63,-1724.35,252158
2023-02-02,FALSE,-243.82,3552.88,-3796.7,362031
2023-02-03,FALSE,17708.88,2982.72,14726.16,332884
2023-02-04,FALSE,119.27,194.57,-75.3,37835
2023-02-05,FALSE,-2349.14,383.57,-2732.71,66941
2023-02-06,FALSE,1867.21,1687.68,179.53,183061
2023-02-07,FALSE,4810.34,2190.05,2620.29,223330
2023-02-08,FALSE,2716.87,1611.39,1105.48,196400
2023-02-09,FALSE,2536.9,1541.55,995.35,171214
2023-02-10,FALSE,2557.93,1752.89,805.04,195871
2023-02-11,FALSE,798.18,349.89,448.29,34116
2023-02-12,FALSE,-110.03,243.9,-353.93,31486
2023-02-13,FALSE,-5542.51,1786.16,-7328.67,188148
2023-02-14,FALSE,-7704.12,3264.42,-10968.54,370916
2023-02-15,FALSE,4030.93,2186.93,1844,261781
2023-02-16,FALSE,5794.6,1925.81,3868.79,236476
2023-02-17,FALSE,3364.58,1137.75,2226.83,139360
2023-02-18,FALSE,2502.25,186.61,2315.64,17382
2023-02-19,FALSE,-925.97,291.54,-1217.51,38942
2023-02-20,FALSE,1270.78,473.94,796.84,67234
2023-02-21,FALSE,5684.07,1505.67,4178.4,155642
2023-02-22,FALSE,2327.91,1597.07,730.84,185609
2023-02-23,FALSE,-877.56,1536.26,-2413.82,162990
2023-02-24,FALSE,-4302.95,1883.67,-6186.62,227135
2023-02-25,FALSE,2211.69,205.27,2006.42,31769
2023-02-26,FALSE,7148.03,476.58,6671.45,76642
2023-02-27,FALSE,-3786.73,2770.21,-6556.94,274386
2023-02-28,FALSE,17024.18,3230.35,13793.83,351936
2023-03-01,FALSE,16060.32,4313.9,11746.42,376412
2023-03-02,FALSE,9660.27,2733.26,6927.01,261060
2023-03-03,FALSE,3976.6,2187.26,1789.34,226819
2023-03-04,FALSE,763.59,274.04,489.55,43733
2023-03-05,FALSE,-646.83,348.92,-995.75,37272
2023-03-06,FALSE,639.45,3561.79,-2922.34,296060
2023-03-07,FALSE,-6429.36,4340.38,-10769.74,423763
2023-03-08,FALSE,-4475.84,4624.49,-9100.33,412755
2023-03-09,FALSE,16032.82,7586.41,8446.41,668775
2023-03-10,FALSE,5352.27,5513.16,-160.89,559788
2023-03-11,FALSE,-253.81,449.24,-703.05,56412
2023-03-12,FALSE,2119.37,1299.84,819.53,193569
2023-03-13,FALSE,9539.29,7581.46,1957.83,706186
2023-03-14,FALSE,16827.04,5556.04,11271,527391
2023-03-15,FALSE,-8742.09,7483.47,-16225.56,697112
2023-03-16,FALSE,3002.23,5001.21,-1998.98,466932
2023-03-17,FALSE,-6302.58,3895.67,-10198.25,378653
2023-03-18,FALSE,-1190.89,391.25,-1582.14,49308
2023-03-19,FALSE,-5718.05,700.41,-6418.46,85752
2023-03-20,FALSE,9084.98,3445.09,5639.89,330767
2023-03-21,FALSE,5494.23,3923.18,1571.05,425694
2023-03-22,FALSE,-5587.93,4649.24,-10237.17,500425
2023-03-23,FALSE,-10221.14,5467.58,-15688.72,531574
2023-03-24,FALSE,-11806.22,3224.06,-15030.28,377951
2023-03-25,FALSE,351.51,187.63,163.88,29147
2023-03-26,FALSE,3316.19,370.5,2945.69,57163
2023-03-27,FALSE,12014.97,3648.7,8366.27,383753
2023-03-28,FALSE,5048.01,2752.62,2295.39,291679
2023-03-29,FALSE,-2819.45,3183.44,-6002.89,375726
2023-03-30,FALSE,-1389.18,3893.2,-5282.38,360923
2023-03-31,FALSE,-170.13,2877.38,-3047.51,373903
2023-04-01,FALSE,-2219.95,427.29,-2647.24,63079
2023-04-02,FALSE,208.24,256.94,-48.7,34378
2023-04-03,FALSE,12140.23,3330.06,8810.17,338310
2023-04-04,FALSE,10166.04,5362.65,4803.39,480984
2023-04-05,FALSE,-460.16,5060.26,-5520.42,564018
2023-04-06,FALSE,12787.89,4962.26,7825.63,544373
2023-04-07,FALSE,-7210.76,1289.79,-8500.55,429490
2023-04-08,FALSE,-6403.17,489.45,-6892.62,237256
2023-04-09,FALSE,-10590.29,761.78,-11352.07,395507
2023-04-10,FALSE,13831.34,4715.57,9115.77,588974
2023-04-11,FALSE,7189.46,3395.05,3794.41,391039
2023-04-12,FALSE,-3206.97,4892.67,-8099.64,588052
2023-04-13,FALSE,-7031.67,3622.07,-10653.74,387253
2023-04-14,FALSE,-3917.04,3624,-7541.04,526810
2023-04-15,FALSE,2921.93,303.15,2618.78,93606
2023-04-16,FALSE,1988.01,497.35,1490.66,70229
2023-04-17,FALSE,9301.95,2683.68,6618.27,381047
2023-04-18,FALSE,-4817.08,3844.95,-8662.03,493561
2023-04-19,FALSE,1342.48,3676.2,-2333.72,601627
2023-04-20,FALSE,-2302.39,3537.16,-5839.55,544058
2023-04-21,FALSE,-1816.56,2139.32,-3955.88,392772
2023-04-22,FALSE,260.8,449.9,-189.1,148345
2023-04-23,FALSE,-8460.25,789.64,-9249.89,187207
2023-04-24,FALSE,-1137.82,2769.57,-3907.39,465816
2023-04-25,FALSE,-12383.45,4639.27,-17022.72,652108
2023-04-26,FALSE,-760.48,4045.44,-4805.92,501308
2023-04-27,FALSE,7642.37,3363.01,4279.36,538365
2023-04-28,FALSE,-7162.08,2856.04,-10018.12,425229
2023-04-29,FALSE,-4090.35,679.84,-4770.19,240813
2023-04-30,FALSE,-5312.84,645.2,-5958.04,190857
2023-05-01,FALSE,7867.62,3133.13,4734.49,498535
2023-05-02,FALSE,-5604.78,5494.46,-11099.24,978372
2023-05-03,FALSE,5917.27,7822.29,-1905.02,1198725
2023-05-04,FALSE,-4536.61,5607.35,-10143.96,785221
2023-05-05,FALSE,7137.85,3617.62,3520.23,660159
2023-05-06,FALSE,-972.16,271.49,-1243.65,87023
2023-05-07,FALSE,109.66,546.55,-436.89,118785
2023-05-08,FALSE,1946.47,2972.71,-1026.24,391339
2023-05-09,FALSE,2986.37,3586.62,-600.25,406381
2023-05-10,FALSE,875.7,4322.57,-3446.87,546328
2023-05-11,FALSE,6671.44,2832,3839.44,363049
2023-05-12,FALSE,2076.57,2792.29,-715.72,336623
2023-05-13,FALSE,664.56,188.06,476.5,59951
2023-05-14,FALSE,-1727.13,410.36,-2137.49,78256
2023-05-15,FALSE,867.93,4262.04,-3394.11,489226
2023-05-16,FALSE,-2598.61,5192.64,-7791.25,659543
2023-05-17,FALSE,-9330.66,6256.31,-15586.97,740884
2023-05-18,FALSE,10074.99,7159.23,2915.76,872986
2023-05-19,FALSE,-10789.19,6035.31,-16824.5,810313
2023-05-20,FALSE,-9263.3,910.55,-10173.85,213064
2023-05-21,FALSE,-8122.74,1270.85,-9393.59,244428
2023-05-22,FALSE,-8246.87,5837.5,-14084.37,861540
2023-05-23,FALSE,-11363.94,8485.6,-19849.54,1053122
2023-05-24,FALSE,7249.39,9656.01,-2406.62,1170285
2023-05-25,FALSE,-5753.57,12113.27,-17866.84,1334612
2023-05-26,FALSE,4539.68,7316.1,-2776.42,912250
2023-05-27,FALSE,-5814.9,1202.27,-7017.17,270029
2023-05-28,FALSE,-5694.05,891.9,-6585.95,307424
2023-05-29,FALSE,-9368.9,875.13,-10244.03,329105
2023-05-30,FALSE,-11056.59,7304.28,-18360.87,1045289
2023-05-31,FALSE,-4412.6,7707.43,-12120.03,1153571
2023-06-01,FALSE,-26474.74,8122.41,-34597.15,1098139
2023-06-02,FALSE,28660.07,6559,22101.07,1053247
2023-06-03,FALSE,1315.21,439.58,875.63,133831
2023-06-04,FALSE,-2709.97,810.34,-3520.31,178910
2023-06-05,FALSE,-21514.99,7015.86,-28530.85,924428
2023-06-06,FALSE,-1564.12,6576.18,-8140.3,803788
2023-06-07,FALSE,-4345.57,7542.06,-11887.63,883181
2023-06-08,FALSE,3483.97,5565.59,-2081.62,725001
2023-06-09,FALSE,6401.2,5809.37,591.83,670020
2023-06-10,FALSE,-41.39,591.25,-632.64,181781
2023-06-11,FALSE,-2866.24,801.83,-3668.07,191155
2023-06-12,FALSE,-11554.15,4500.97,-16055.12,622837
2023-06-13,FALSE,241.36,7983.57,-7742.21,1214558
2023-06-14,FALSE,7076.77,8118.54,-1041.77,1265029
2023-06-15,FALSE,2124.81,6217.62,-4092.81,821042
2023-06-16,FALSE,-13269.32,5584.91,-18854.23,719336
2023-06-17,FALSE,-4175.52,611.28,-4786.8,173896
2023-06-18,FALSE,-5577.02,1067.61,-6644.63,276197
2023-06-19,FALSE,-2790.92,986.48,-3777.4,224352
2023-06-20,FALSE,658.33,5863.01,-5204.68,716965
2023-06-20,TRUE,3.25,0.2,3.05,25
2023-06-21,FALSE,807.69,9264.49,-8456.8,1172532
2023-06-22,FALSE,-6013.88,6596.7,-12610.58,888110
2023-06-23,FALSE,6024.79,6560.17,-535.38,802807
2023-06-24,FALSE,-5450.73,424.66,-5875.39,193684
2023-06-25,FALSE,-7092.09,483.67,-7575.76,173106
2023-06-26,FALSE,9581.99,9050.22,531.77,1200289
2023-06-27,FALSE,11415.89,8798.15,2617.74,1109973
2023-06-28,FALSE,-13684.03,7700.81,-21384.84,967779
2023-06-29,FALSE,-4813.57,9152.61,-13966.18,1073851
2023-06-29,TRUE,-16.6,0.97,-17.57,100
2023-06-30,FALSE,12419.63,5087.68,7331.95,735333
2023-06-30,TRUE,1.4,0.09,1.31,10
2023-07-01,FALSE,-1103.68,524.16,-1627.84,176868
2023-07-01,TRUE,0.13,0.01,0.12,1
2023-07-02,FALSE,4375.59,837.66,3537.93,138248
2023-07-03,FALSE,-10010.19,5797.13,-15807.32,684530
2023-07-03,TRUE,7.15,0.44,6.71,55
2023-07-04,FALSE,-7716.48,767.78,-8484.26,233331
2023-07-04,TRUE,-10.2,0.6,-10.8,60
2023-07-05,FALSE,-735.05,6239.04,-6974.09,821355
2023-07-06,FALSE,-4454.92,7746.19,-12201.11,1052337
2023-07-06,TRUE,-53.3,3.08,-56.38,300
2023-07-07,FALSE,13148.9,7687.65,5461.25,946164
2023-07-08,FALSE,-5767.73,625.14,-6392.87,217385
2023-07-09,FALSE,-3467.25,820.58,-4287.83,194247
2023-07-09,TRUE,-14.2,0.8,-15,71
2023-07-10,FALSE,-6297.78,6220.51,-12518.29,864017
2023-07-10,TRUE,-39.8,2.17,-41.97,180
2023-07-11,FALSE,-4238.05,4982.16,-9220.21,632668
2023-07-12,FALSE,1913.69,8434.31,-6520.62,993666
2023-07-13,FALSE,14270.7,5306.83,8963.87,717809
2023-07-14,FALSE,1103.65,5260.67,-4157.02,673284
2023-07-15,FALSE,-9867.93,866.24,-10734.17,177968
2023-07-15,TRUE,0.19,0.02,0.17,1
2023-07-16,FALSE,10597.86,927.63,9670.23,155972
2023-07-17,FALSE,6623.98,5275.52,1348.46,680991
2023-07-17,TRUE,2.28,0.13,2.15,12
2023-07-18,FALSE,-2124.07,4877.88,-7001.95,750881
2023-07-19,FALSE,-14928.42,7056.82,-21985.24,878867
2023-07-20,FALSE,-5313.91,7079.86,-12393.77,862132
2023-07-21,FALSE,1572.94,4953.74,-3380.8,757768
2023-07-22,FALSE,3530.11,418.1,3112.01,122612
2023-07-23,FALSE,-4804.65,700.83,-5505.48,298877
2023-07-24,FALSE,1982.03,6022.15,-4040.12,803302
2023-07-25,FALSE,5852.01,5716.14,135.87,744761
2023-07-26,FALSE,-11486.62,6307.88,-17794.5,760639
2023-07-26,TRUE,-0.92,0.05,-0.97,4
2023-07-27,FALSE,11032.95,8329.44,2703.51,968283
2023-07-27,TRUE,-21.53,1.14,-22.67,85
2023-07-28,FALSE,-1724.19,4776.38,-6500.57,721506
2023-07-29,FALSE,-2659.05,453.62,-3112.67,180454
2023-07-29,TRUE,5.06,0.28,4.78,23
2023-07-30,FALSE,-3478.05,787.19,-4265.24,156308
2023-07-31,FALSE,8105.39,4154.96,3950.43,567106
2023-07-31,TRUE,4.83,0.27,4.56,23
2023-08-01,FALSE,-7608.42,3514.65,-11123.07,566613
2023-08-02,FALSE,-7223.23,5447.31,-12670.54,825161
2023-08-02,TRUE,3.57,0.55,3.02,40
2023-08-03,FALSE,8340.59,4902.07,3438.52,527053
2023-08-04,FALSE,17340.8,8326.84,9013.96,1031873
2023-08-05,FALSE,-2448.02,1000.26,-3448.28,218609
2023-08-06,FALSE,841.56,801.8,39.76,138477
2023-08-07,FALSE,-4940.2,4857.65,-9797.85,911843
2023-08-07,TRUE,5,0.27,4.73,20
2023-08-08,FALSE,5062.69,5099.72,-37.03,738493
2023-08-08,TRUE,4.7,0.26,4.44,20
2023-08-09,FALSE,9012.61,6535.82,2476.79,995781
2023-08-10,FALSE,-2803.43,6049,-8852.43,740216
2023-08-11,FALSE,-173.31,4230.98,-4404.29,660275
2023-08-12,FALSE,-2882.4,684.82,-3567.22,166987
2023-08-13,FALSE,-7924.14,765.31,-8689.45,226929
2023-08-13,TRUE,0.26,0.3,-0.04,23
2023-08-14,FALSE,-4306.1,3625.7,-7931.8,534073
2023-08-14,TRUE,7,0.36,6.64,25
2023-08-15,FALSE,8222.74,4662.58,3560.16,624062
2023-08-16,FALSE,1439.07,5779.04,-4339.97,716295
2023-08-17,FALSE,-15104.29,4449.36,-19553.65,582663
2023-08-17,TRUE,0.52,0.03,0.49,2
2023-08-18,FALSE,1151.1,3940.84,-2789.74,614589
2023-08-19,FALSE,1811.74,373.78,1437.96,96656
2023-08-19,TRUE,-16.4,0.78,-17.18,50
2023-08-20,FALSE,-4354.88,560.12,-4915,129770
2023-08-21,FALSE,3771.14,3620.84,150.3,498083
2023-08-21,TRUE,35.84,1.84,34,134
2023-08-22,FALSE,3936.84,3779.88,156.96,502228
2023-08-22,TRUE,-0.34,0.02,-0.36,1
2023-08-23,FALSE,261.26,3814.87,-3553.61,520574
2023-08-24,FALSE,5488.24,4654.68,833.56,668445
2023-08-25,FALSE,-1256.7,5739.36,-6996.06,781184
2023-08-25,TRUE,6.5,0.34,6.16,25
2023-08-26,FALSE,-856.07,434.62,-1290.69,115005
2023-08-27,FALSE,442.51,680.06,-237.55,165492
2023-08-28,FALSE,-980.05,2823.61,-3803.66,445009
2023-08-28,TRUE,11.96,0.62,11.34,46
2023-08-29,FALSE,9950.2,3468.57,6481.63,497862
2023-08-30,FALSE,4920.46,3948.02,972.44,644293
2023-08-31,FALSE,-3500.9,3498.09,-6998.99,576698
2023-09-01,FALSE,18087.83,3346.77,14741.06,626537
2023-09-02,FALSE,15728.97,639.4,15089.57,258987
2023-09-03,FALSE,5468.75,728.35,4740.4,317327
2023-09-04,FALSE,8236.31,700.01,7536.3,208078
2023-09-04,TRUE,0.78,0.05,0.73,3
2023-09-05,FALSE,7424.57,2895.07,4529.5,510125
2023-09-05,TRUE,1.3,0.07,1.23,5
2023-09-06,FALSE,-7288.85,4805.26,-12094.11,1058324
2023-09-07,FALSE,24752.85,4161.1,20591.75,784613
2023-09-07,TRUE,5.46,0.29,5.17,21
2023-09-08,FALSE,22335.37,3112.29,19223.08,506253
2023-09-09,FALSE,7737.86,617.05,7120.81,262768
2023-09-09,TRUE,-5.1,0.24,-5.34,15
2023-09-10,FALSE,11435,623.97,10811.03,145688
2023-09-11,FALSE,59701.57,2927.43,56774.14,482490
2023-09-12,FALSE,1310.7,5049.3,-3738.6,666238
2023-09-13,FALSE,5370.03,6301.61,-931.58,822657
2023-09-13,TRUE,-4.76,0.22,-4.98,14
2023-09-14,FALSE,-3615.72,6216.81,-9832.53,774896
2023-09-14,TRUE,39.94,2.13,37.81,167
2023-09-15,FALSE,-15836.29,4114.66,-19950.95,527750
2023-09-15,TRUE,-20.4,0.95,-21.35,60
2023-09-16,FALSE,21975.83,762.47,21213.36,340477
2023-09-17,FALSE,-2036.33,497.17,-2533.5,162245
2023-09-18,FALSE,1830.25,3867.86,-2037.61,559102
2023-09-19,FALSE,-1449.71,3374.41,-4824.12,542847
2023-09-20,FALSE,-16691.19,5745.73,-22436.92,856633
2023-09-20,TRUE,9.3,0.45,8.85,30
2023-09-21,FALSE,191.74,4227.35,-4035.61,620809
2023-09-22,FALSE,5885.5,4121.68,1763.82,584128
2023-09-22,TRUE,18.6,0.9,17.7,60
2023-09-23,FALSE,7124.14,728.01,6396.13,211180
2023-09-23,TRUE,13.16,0.67,12.49,47
2023-09-24,FALSE,27352.16,1913.63,25438.53,405808
2023-09-25,FALSE,78063.01,5728.76,72334.25,957112
2023-09-25,TRUE,43.3,2.63,40.67,185
2023-09-26,FALSE,17356.05,4395.18,12960.87,607241
2023-09-26,TRUE,3.51,0.18,3.33,13
2023-09-27,FALSE,18783.49,5804.16,12979.33,802132
2023-09-27,TRUE,10.01,1.32,8.69,91
2023-09-28,FALSE,26321.62,5564.26,20757.36,737258
2023-09-28,TRUE,0.12,0.01,0.11,1
2023-09-29,FALSE,-1734.17,6507.6,-8241.77,1064366
2023-09-29,TRUE,13.61,0.85,12.76,102
2023-09-30,FALSE,40242.17,1911.27,38330.9,453672
2023-09-30,TRUE,0.65,0.04,0.61,5
2023-10-01,FALSE,6442.85,1279.98,5162.87,241282
2023-10-01,TRUE,10.28,0.64,9.64,84
2023-10-02,FALSE,23207.46,8089.37,15118.09,1236217
2023-10-03,FALSE,3725.65,5721.98,-1996.33,948144
2023-10-04,FALSE,-11034.59,6867.25,-17901.84,1303671
2023-10-04,TRUE,7.17,0.44,6.73,55
2023-10-05,FALSE,-7124.24,4925.46,-12049.7,809010
2023-10-05,TRUE,14.52,0.91,13.61,121
2023-10-06,FALSE,-3487.64,6320.9,-9808.54,981534
2023-10-06,TRUE,7.2,0.46,6.74,60
2023-10-07,FALSE,-18059.35,1345.02,-19404.37,598324
2023-10-08,FALSE,-10509.82,1447.3,-11957.12,496486
2023-10-09,FALSE,30372.29,5563.95,24808.34,921768
2023-10-10,FALSE,22801.67,4681.34,18120.33,741780
2023-10-11,FALSE,3077.66,7119.69,-4042.03,1244400
2023-10-12,FALSE,-24681.79,5752.91,-30434.7,831688
2023-10-13,FALSE,-54476.24,7255.44,-61731.68,964284
2023-10-14,FALSE,-17595,1596.16,-19191.16,549731
2023-10-14,TRUE,3.21,0.2,3.01,23
2023-10-15,FALSE,-9917.7,1207.23,-11124.93,337535
2023-10-16,FALSE,13712.86,6220.93,7491.93,791952
2023-10-17,FALSE,-26701.07,8074.74,-34775.81,1122983
2023-10-17,TRUE,2.8,0.17,2.63,20
2023-10-18,FALSE,-9040.71,6793.14,-15833.85,807126
2023-10-19,FALSE,-3515.69,7562.98,-11078.67,949085
2023-10-19,TRUE,-7.48,0.41,-7.89,34
2023-10-20,FALSE,-24467.13,6406.72,-30873.85,1126480
2023-10-21,FALSE,-43086.21,3110.14,-46196.35,1109601
2023-10-22,FALSE,-17277.65,1323.15,-18600.8,375016
2023-10-23,FALSE,2563.87,5482.9,-2919.03,876730
2023-10-24,FALSE,-30161.96,7155.02,-37316.98,1421655
2023-10-24,TRUE,-145.5,4.7,-150.2,270
2023-10-25,FALSE,-19429.04,7085.39,-26514.43,1248776
2023-10-26,FALSE,-10342.39,6921.75,-17264.14,848118
2023-10-26,TRUE,52.96,4.61,48.35,344
2023-10-27,FALSE,1991.49,6889.49,-4898,902644
2023-10-28,FALSE,-3464.75,1026.99,-4491.74,298764
2023-10-29,FALSE,-6126.5,797.76,-6924.26,218762
2023-10-29,TRUE,-16.2,0.46,-16.66,27
2023-10-30,FALSE,-25703.35,5566.76,-31270.11,857738
2023-10-31,FALSE,-7644.47,7122.27,-14766.74,913336
2023-11-01,FALSE,-18150.67,5873.53,-24024.2,1088636
2023-11-02,FALSE,-7965.8,4779.69,-12745.49,725500
2023-11-02,TRUE,1.5,0.06,1.44,3
2023-11-03,FALSE,-12497.7,6291.21,-18788.91,1151417
2023-11-04,FALSE,-16698.85,1045.64,-17744.49,428648
2023-11-05,FALSE,-17316.58,1199.42,-18516,560107
2023-11-05,TRUE,-49.69,1.35,-51.04,81
2023-11-06,FALSE,-19370.38,4972.42,-24342.8,1071593
2023-11-06,TRUE,-0.62,0.02,-0.64,1
2023-11-07,FALSE,-25192.97,5126.91,-30319.88,1038883
2023-11-07,TRUE,-2.64,0.15,-2.79,12
2023-11-08,FALSE,-11545.92,4471.77,-16017.69,798560
2023-11-09,FALSE,2716.08,9120.04,-6403.96,1147735
2023-11-09,TRUE,54.12,1.78,52.34,102
2023-11-10,FALSE,23136.82,5253.49,17883.33,827041
2023-11-10,TRUE,-0.88,0.05,-0.93,4
2023-11-11,FALSE,-3301.04,1029.45,-4330.49,314661
2023-11-12,FALSE,8815.18,928.64,7886.54,258798
2023-11-13,FALSE,-6537.49,4196.37,-10733.86,580352
2023-11-14,FALSE,6181.05,5874.65,306.4,1161711
2023-11-14,TRUE,-40.82,4.04,-44.86,279
2023-11-15,FALSE,-4391.99,4246.12,-8638.11,628687
2023-11-15,TRUE,-47.09,1.91,-49,186
2023-11-16,FALSE,-6331.99,6099.37,-12431.36,767149
2023-11-16,TRUE,17.55,0.87,16.68,521
2023-11-17,FALSE,10006.31,4886.47,5119.84,666042
2023-11-17,TRUE,48.94,1.55,47.39,89
2023-11-18,FALSE,10226.35,874.14,9352.21,433660
2023-11-19,FALSE,837.68,856.66,-18.98,327123
2023-11-20,FALSE,-5603.12,4446.1,-10049.22,644697
2023-11-21,FALSE,-28641.64,5048.52,-33690.16,680117
2023-11-22,FALSE,-8540.38,6000.85,-14541.23,814914
2023-11-23,FALSE,-4820.98,868.23,-5689.21,156782
2023-11-24,FALSE,9373.12,1297.64,8075.48,220446
2023-11-25,FALSE,-3355.56,270.49,-3626.05,73234
2023-11-26,FALSE,42.91,438.27,-395.36,100452
2023-11-26,TRUE,-7.67,0.23,-7.9,13
2023-11-27,FALSE,10292.66,4938.57,5354.09,654523
2023-11-28,FALSE,44605.72,6014.74,38590.98,822323
2023-11-29,FALSE,8136.85,5007.37,3129.48,826818
2023-11-30,FALSE,4509.59,5823.16,-1313.57,1095104
2023-11-30,TRUE,-37.18,1.07,-38.25,63
2023-12-01,FALSE,-5028.94,6377.09,-11406.03,765493
2023-12-02,FALSE,747.52,423.18,324.34,74707
2023-12-03,FALSE,-726.72,617.33,-1344.05,94440
2023-12-03,TRUE,-9.6,0.27,-9.87,16
2023-12-04,FALSE,894.13,4752.58,-3858.45,646929
2023-12-04,TRUE,-19.2,0.54,-19.74,32
2023-12-05,FALSE,-6712.13,6413.97,-13126.1,750537
2023-12-05,TRUE,-6.3,0.17,-6.47,10
2023-12-06,FALSE,-12014.73,7318.02,-19332.75,843028
2023-12-07,FALSE,1246.5,4198.89,-2952.39,523096
2023-12-08,FALSE,16699.81,6886.66,9813.15,772620
2023-12-09,FALSE,2018.43,708.31,1310.12,148630
2023-12-09,TRUE,-40.26,1.1,-41.36,66
2023-12-10,FALSE,1408.46,911.13,497.33,87973
2023-12-10,TRUE,-6.71,0.19,-6.9,11
2023-12-11,FALSE,-999.94,5346.54,-6346.48,591524
2023-12-11,TRUE,-58.79,7.87,-66.66,461
2023-12-12,FALSE,-9.1,5118.19,-5127.29,570820
2023-12-12,TRUE,11.58,0.38,11.2,21
2023-12-13,FALSE,18272.26,7812.76,10459.5,1033952
2023-12-13,TRUE,1.1,0.04,1.06,2
2023-12-14,FALSE,-3413.37,6167.99,-9581.36,802356
2023-12-15,FALSE,8066.87,6960.31,1106.56,785342
2023-12-15,TRUE,577.6,17.29,560.31,1020
2023-12-16,FALSE,-2643.67,1222.73,-3866.4,179367
2023-12-17,FALSE,3502.85,731.84,2771.01,154198
2023-12-17,TRUE,-32.86,0.89,-33.75,53
2023-12-18,FALSE,-829.92,4037.02,-4866.94,467625
2023-12-19,FALSE,20039.9,4740.69,15299.21,502164
2023-12-19,TRUE,-1.86,0.05,-1.91,3
2023-12-20,FALSE,-15528.14,8077.39,-23605.53,793553
2023-12-21,FALSE,3639.08,5715.18,-2076.1,588818
2023-12-22,FALSE,3310.04,4605.12,-1295.08,580610
2023-12-23,FALSE,-711.7,334.97,-1046.67,44714
2023-12-24,FALSE,1447.38,431.47,1015.91,35307
2023-12-24,TRUE,0.6,0.02,0.58,1
2023-12-25,FALSE,-8235.95,707.85,-8943.8,116024
2023-12-26,FALSE,-11607.31,3398.36,-15005.67,384381
2023-12-27,FALSE,1305.55,4303.34,-2997.79,469053
2023-12-27,TRUE,-955.91,21.52,-977.43,1411
2023-12-28,FALSE,6813.45,2590.57,4222.88,369113
2023-12-28,TRUE,-0.71,0.02,-0.73,1
2023-12-29,FALSE,-7055.53,4603.36,-11658.89,563773
2023-12-30,FALSE,3458.7,990.14,2468.56,287681
2023-12-31,FALSE,1278.95,552.82,726.13,164544
2024-01-01,FALSE,-5576.23,827.27,-6403.5,152083
2024-01-02,FALSE,-782.26,6374.21,-7156.47,815656
2024-01-02,TRUE,847.24,23.59,823.65,1406
2024-01-03,FALSE,19100.84,9040.08,10060.76,947232
2024-01-03,TRUE,-3.05,0.09,-3.14,5
2024-01-04,FALSE,-14410.1,4159.64,-18569.74,518370
2024-01-04,TRUE,800.3,78.58,721.72,4565
2024-01-05,FALSE,-13496.34,8573.43,-22069.77,845017
2024-01-05,TRUE,553.5,32.72,520.78,1910
2024-01-06,FALSE,-6629.52,434.83,-7064.35,92659
2024-01-06,TRUE,-59,1.7,-60.7,100
2024-01-07,FALSE,5580.73,927.88,4652.85,96595
2024-01-07,TRUE,-739.1,35.34,-774.44,2165
2024-01-08,FALSE,48801.09,4043.24,44757.85,520003
2024-01-08,TRUE,465.25,13.76,451.49,814
2024-01-09,FALSE,-3047.31,7320.27,-10367.58,692153
2024-01-09,TRUE,203.15,35.36,167.79,2210
2024-01-10,FALSE,-3749.29,6650.41,-10399.7,780379
2024-01-10,TRUE,99.2,2.64,96.56,160
2024-01-11,FALSE,-8036.35,9760.6,-17796.95,1084275
2024-01-11,TRUE,296,8.22,287.78,490
2024-01-12,FALSE,-6007.78,8684.92,-14692.7,838291
2024-01-12,TRUE,330.4,9.49,320.91,560
2024-01-13,FALSE,-2096.12,560.48,-2656.6,80759
2024-01-13,TRUE,290,8.53,281.47,500
2024-01-14,FALSE,6943.08,836.51,6106.57,125628
2024-01-14,TRUE,284.1,8.71,275.39,510
2024-01-15,FALSE,7515.87,1403.93,6111.94,255458
2024-01-15,TRUE,222.65,10.71,211.94,625
2024-01-16,FALSE,7073.77,9250.63,-2176.86,870337
2024-01-16,TRUE,-261.75,6.77,-268.52,415
2024-01-17,FALSE,-9835.44,5776.25,-15611.69,679439
2024-01-17,TRUE,454.9,13.06,441.84,770
2024-01-18,FALSE,30822.94,5581.1,25241.84,634375
2024-01-18,TRUE,9,0.26,8.74,15
2024-01-19,FALSE,7470.7,4672.09,2798.61,547527
2024-01-19,TRUE,-3.2,0.43,-3.63,25
2024-01-20,FALSE,3046.8,1157.97,1888.83,274062
2024-01-20,TRUE,191.16,5.49,185.67,324
2024-01-21,FALSE,-4051.16,578.34,-4629.5,131165
2024-01-22,FALSE,-18481.3,5104.92,-23586.22,777673
2024-01-23,FALSE,-10681.38,3483.19,-14164.57,622631
2024-01-23,TRUE,11.4,0.35,11.05,20
2024-01-24,FALSE,6571.24,3906.52,2664.72,723477
2024-01-25,FALSE,-12092.16,4789.36,-16881.52,768633
2024-01-25,TRUE,263.43,8.54,254.89,497
2024-01-26,FALSE,5917.8,3818.04,2099.76,609450
2024-01-26,TRUE,466.26,14.06,452.2,818
2024-01-27,FALSE,5650.48,667.7,4982.78,100404
2024-01-28,FALSE,-2647.82,616.95,-3264.77,93340
2024-01-28,TRUE,-5.8,0.18,-5.98,10
2024-01-29,FALSE,2431.25,4549.78,-2118.53,660588
2024-01-29,TRUE,150.45,8.39,142.06,495
2024-01-30,FALSE,8544.91,4514.62,4030.29,653195
2024-01-31,FALSE,-45057.86,8881.67,-53939.53,1392531
2024-02-01,FALSE,-15411.41,5938.29,-21349.7,997501
2024-02-01,TRUE,295,8.48,286.52,500
2024-02-02,FALSE,4915.55,6116.13,-1200.58,1137336
2024-02-02,TRUE,76.11,2.2,73.91,129
2024-02-03,FALSE,-1459.17,669.33,-2128.5,74189
2024-02-03,TRUE,158.41,7.25,151.16,429
2024-02-04,FALSE,2729.5,2186.58,542.92,276981
2024-02-04,TRUE,20.56,0.61,19.95,35
2024-02-05,FALSE,1915.37,4225.78,-2310.41,682139
2024-02-05,TRUE,15.04,1.13,13.91,66
2024-02-06,FALSE,-2103.78,4017.84,-6121.62,716619
2024-02-07,FALSE,7411.85,3331.03,4080.82,589130
2024-02-08,FALSE,999.77,3808.33,-2808.56,662452
2024-02-08,TRUE,4.85,0.15,4.7,8
2024-02-09,FALSE,-9410.89,3052.52,-12463.41,512179
2024-02-09,TRUE,244.92,7.05,237.87,415
2024-02-10,FALSE,-13407.71,1112.28,-14519.99,165239
2024-02-11,FALSE,3562.89,704.78,2858.11,97194
2024-02-11,TRUE,39.48,1.17,38.31,68
2024-02-12,FALSE,1046.47,4393.2,-3346.73,763124
2024-02-13,FALSE,34333.73,7728.27,26605.46,1350709
2024-02-14,FALSE,14622.57,4146.37,10476.2,977448
2024-02-15,FALSE,-4917.58,3607.6,-8525.18,660585
2024-02-16,FALSE,40.22,5372.43,-5332.21,993565
2024-02-17,FALSE,-9375.65,693.81,-10069.46,122383
2024-02-18,FALSE,3257.46,856.23,2401.23,121118
2024-02-19,FALSE,-698.8,897.24,-1596.04,156486
2024-02-20,FALSE,4007.95,4556.38,-548.43,823434
2024-02-21,FALSE,6546.39,3987.86,2558.53,828168
2024-02-21,TRUE,285,8.58,276.42,500
2024-02-22,FALSE,6325.78,4511.75,1814.03,823377
2024-02-22,TRUE,-379.56,17.63,-397.19,1046
2024-02-23,FALSE,4562.99,5204.01,-641.02,935997
2024-02-23,TRUE,-92.74,2.78,-95.52,161
2024-02-24,FALSE,-6618.18,1447.73,-8065.91,155268
2024-02-24,TRUE,27.8,0.75,27.05,45
2024-02-25,FALSE,-2689.06,1166.11,-3855.17,118511
2024-02-25,TRUE,277.5,8.89,268.61,519
2024-02-26,FALSE,9702.9,4046.32,5656.58,644098
2024-02-26,TRUE,159.24,4.48,154.76,266
2024-02-27,FALSE,-9934.7,4357.15,-14291.85,734801
2024-02-27,TRUE,-293.9,10.64,-304.54,659
2024-02-28,FALSE,-82.22,4731.55,-4813.77,854120
2024-02-28,TRUE,118.59,4.52,114.07,269
2024-02-29,FALSE,8556.96,5143.84,3413.12,964485
2024-02-29,TRUE,-3.41,1.66,-5.07,105
2024-03-01,FALSE,17809.78,4598.92,13210.86,802919
2024-03-01,TRUE,332.21,13.14,319.07,831
2024-03-02,FALSE,6612.14,953.74,5658.4,90574
2024-03-02,TRUE,-52.16,5.16,-57.32,310
2024-03-03,FALSE,7975.48,995.25,6980.23,134325
2024-03-03,TRUE,398.16,22.63,375.53,1356
2024-03-04,FALSE,16221.75,6422.65,9799.1,1048127
2024-03-04,TRUE,-54.66,16.26,-70.92,991
2024-03-05,FALSE,12018.42,7111.1,4907.32,1354215
2024-03-05,TRUE,-118.01,10.41,-128.42,617
2024-03-06,FALSE,-18125.17,8591.71,-26716.88,1713822
2024-03-06,TRUE,324.81,15.23,309.58,883
2024-03-07,FALSE,-22757,5872.31,-28629.31,1078188
2024-03-07,TRUE,28.87,2.23,26.64,132
2024-03-08,FALSE,14265.05,8981.44,5283.61,1762786
2024-03-08,TRUE,118.9,5.52,113.38,356
2024-03-09,FALSE,-19698.71,1877.41,-21576.12,230875
2024-03-09,TRUE,29.47,1.6,27.87,113
2024-03-10,FALSE,15512.51,2740.05,12772.46,361128
2024-03-10,TRUE,2.95,0.2,2.75,14
2024-03-11,FALSE,-4409.36,8046.38,-12455.74,1666762
2024-03-11,TRUE,-827.92,67.2,-895.12,4282
2024-03-12,FALSE,7194.96,5637.73,1557.23,952357
2024-03-12,TRUE,-10.37,9.26,-19.63,616
2024-03-13,FALSE,18943.65,5300.41,13643.24,1213602
2024-03-13,TRUE,27.3,4.09,23.21,260
2024-03-14,FALSE,26832.97,4125.16,22707.81,796060
2024-03-14,TRUE,81.79,9.55,72.24,675
2024-03-15,FALSE,-4064.45,6634.95,-10699.4,1392462
2024-03-15,TRUE,67.25,5.12,62.13,377
2024-03-16,FALSE,-6670.03,807.02,-7477.05,163168
2024-03-16,TRUE,34.54,1.95,32.59,148
2024-03-17,FALSE,-1295.03,2943.51,-4238.54,645238
2024-03-17,TRUE,15.87,0.71,15.16,50
2024-03-18,FALSE,5439.21,8632.79,-3193.58,1853281
2024-03-18,TRUE,76.32,4.66,71.66,436
2024-03-19,FALSE,-28904.16,8701.82,-37605.98,1568200
2024-03-19,TRUE,-89.96,10.34,-100.3,1051
2024-03-20,FALSE,-23156.2,9275.42,-32431.62,1429748
2024-03-20,TRUE,171.86,10.11,161.75,759
2024-03-21,FALSE,-4331.55,9299.5,-13631.05,1362676
2024-03-21,TRUE,143.58,9.15,134.43,1057
2024-03-22,FALSE,8260.15,7747.61,512.54,1424444
2024-03-22,TRUE,19.97,1.45,18.52,384
2024-03-23,FALSE,3107.75,1382.67,1725.08,219490
2024-03-23,TRUE,24.83,2.04,22.79,623
2024-03-24,FALSE,18719.83,1965.94,16753.89,274518
2024-03-24,TRUE,-0.36,0.03,-0.39,6
2024-03-25,FALSE,20326.62,6954.17,13372.45,1266201
2024-03-25,TRUE,-2.5,0.8,-3.3,237
2024-03-26,FALSE,4013.08,6210.11,-2197.03,1254263
2024-03-26,TRUE,-1.9,0.13,-2.03,25
2024-03-27,FALSE,-21840.45,7722.54,-29562.99,1420233
2024-03-27,TRUE,6,0.41,5.59,150
2024-03-28,FALSE,11484.87,6032.32,5452.55,1097237
2024-03-28,TRUE,3.48,0.35,3.13,164
2024-03-29,FALSE,-1811.11,1690.26,-3501.37,276850
2024-03-29,TRUE,2,0.14,1.86,200
2024-03-30,FALSE,840.99,2572.66,-1731.67,607044
2024-03-31,FALSE,-314.39,3475.59,-3789.98,757364
2024-03-31,TRUE,-27.6,0.78,-28.38,46
2024-04-01,FALSE,159.46,6999.7,-6840.24,1639982
2024-04-01,TRUE,89.7,2.77,86.93,160
2024-04-02,FALSE,7869.46,5876.73,1992.73,829685
2024-04-03,FALSE,-18086.56,8849.19,-26935.75,1680121
2024-04-04,FALSE,27304.21,14732.26,12571.95,2587980
2024-04-05,FALSE,33090.18,9114.71,23975.47,1626838
2024-04-06,FALSE,4903.27,1152.18,3751.09,272156
2024-04-07,FALSE,-4810.97,3869.59,-8680.56,831508
2024-04-08,FALSE,-652.48,4905.59,-5558.07,1252142
2024-04-09,FALSE,24956.18,6487.23,18468.95,1270520
2024-04-09,TRUE,11.55,0.37,11.18,21
2024-04-10,FALSE,-27240.45,8655.02,-35895.47,1581459
2024-04-11,FALSE,18207.96,5590.22,12617.74,1053515
2024-04-11,TRUE,4.95,0.16,4.79,9
2024-04-12,FALSE,-30957.58,5924.12,-36881.7,1050649
2024-04-13,FALSE,-4582.91,739.76,-5322.67,114398
2024-04-14,FALSE,62.51,2066.27,-2003.76,421689
2024-04-15,FALSE,9115.6,6911.91,2203.69,1519328
2024-04-16,FALSE,5724.37,5849.39,-125.02,1179019
2024-04-17,FALSE,11344.83,5347.66,5997.17,1110546
2024-04-17,TRUE,-683.4,19.43,-702.83,1150
2024-04-18,FALSE,-35345.61,5484.09,-40829.7,1059390
2024-04-18,TRUE,111.2,3.24,107.96,190
2024-04-19,FALSE,-29197.67,5375.41,-34573.08,1140284
2024-04-20,FALSE,2620.72,1202.88,1417.84,163040
2024-04-21,FALSE,-4546.72,5633.5,-10180.22,1587002
2024-04-21,TRUE,1600.98,55.39,1545.59,3212
2024-04-22,FALSE,-15579.93,7592.43,-23172.36,1499028
2024-04-23,FALSE,-17253.52,5291.15,-22544.67,962007
2024-04-24,FALSE,-19666.48,4911.25,-24577.73,791936
2024-04-24,TRUE,-892.66,25.2,-917.86,1496
2024-04-25,FALSE,-9011.4,5026.37,-14037.77,875992
2024-04-25,TRUE,11.65,0.38,11.27,21
2024-04-26,FALSE,-4735.1,4636.01,-9371.11,917567
2024-04-26,TRUE,10.8,0.62,10.18,60
2024-04-27,FALSE,-12670.46,3340.67,-16011.13,740222
2024-04-27,TRUE,12.3,0.75,11.55,84
2024-04-28,FALSE,-2947.03,1840.97,-4788,346852
2024-04-28,TRUE,1.12,0.07,1.05,7
2024-04-29,FALSE,-10460.23,6272.22,-16732.45,1245656
2024-04-29,TRUE,1.76,0.11,1.65,11
2024-04-30,FALSE,-21136.49,7381.3,-28517.79,1471512
2024-04-30,TRUE,13.86,0.84,13.02,99
2024-05-01,FALSE,11601.03,4984.58,6616.45,825186
2024-05-01,TRUE,117.78,7.77,110.01,1002
2024-05-02,FALSE,-11802.18,4924.18,-16726.36,882592
2024-05-03,FALSE,-3684.04,8203.54,-11887.58,1365102
2024-05-04,FALSE,306.5,2066.11,-1759.61,433184
2024-05-05,FALSE,-2721.41,3054,-5775.41,643824
2024-05-06,FALSE,-10994.56,5575.97,-16570.53,1387823
2024-05-07,FALSE,10549.83,4683.12,5866.71,873944
2024-05-07,TRUE,-33.89,0.92,-34.81,55
2024-05-08,FALSE,-22003.69,4634.29,-26637.98,826488
2024-05-09,FALSE,2885.11,4767.24,-1882.13,929423
2024-05-10,FALSE,-16984.92,6972.09,-23957.01,1137014
2024-05-11,FALSE,-3293.06,1324.98,-4618.04,237403
2024-05-11,TRUE,0.57,0.02,0.55,1
2024-05-12,FALSE,-1445.23,1053.59,-2498.82,172876
2024-05-13,FALSE,-2917.36,6592.52,-9509.88,1081760
2024-05-14,FALSE,4793.46,11771.85,-6978.39,2371958
2024-05-15,FALSE,27779.01,10767.08,17011.93,2449554
2024-05-16,FALSE,8487.01,6306.41,2180.6,1114367
2024-05-16,TRUE,1475.45,52.84,1422.61,6462
2024-05-17,FALSE,-9973.8,6601.46,-16575.26,1117042
2024-05-18,FALSE,-2615.88,1929.1,-4544.98,345754
2024-05-19,FALSE,522.56,4290.69,-3768.13,957213
2024-05-20,FALSE,6774.87,5803.24,971.63,1060387
2024-05-21,FALSE,13456.71,6856.31,6600.4,1329243
2024-05-22,FALSE,40526.32,5961.12,34565.2,1037727
2024-05-23,FALSE,17044.85,4771.62,12273.23,856545
2024-05-24,FALSE,4634.53,5247.71,-613.18,973747
2024-05-25,FALSE,-2221.66,1411.81,-3633.47,259648
2024-05-26,FALSE,-1942.93,2225.53,-4168.46,482778
2024-05-26,TRUE,-6.5,0.42,-6.92,60
2024-05-27,FALSE,5880.15,1052.28,4827.87,134952
2024-05-27,TRUE,3.5,0.23,3.27,50
2024-05-28,FALSE,76677.29,6264.83,70412.46,765920
2024-05-29,FALSE,-3117.32,6504.96,-9622.28,1286788
2024-05-30,FALSE,-964.27,7408.8,-8373.07,1634718
2024-05-31,FALSE,-38416.03,6014.51,-44430.54,1094497
2024-06-01,FALSE,-1573.56,1143.34,-2716.9,166389
2024-06-02,FALSE,879.64,4638.15,-3758.51,1117630
2024-06-03,FALSE,6566.05,5399.52,1166.53,833622
2024-06-04,FALSE,31042.55,9427.86,21614.69,1469306
2024-06-05,FALSE,59462.12,7657.18,51804.94,1393009
2024-06-06,FALSE,19215.03,6696.57,12518.46,959447
2024-06-07,FALSE,-17744.01,7900,-25644.01,1257623
2024-06-08,FALSE,3666,948.95,2717.05,250124
2024-06-09,FALSE,-2317.69,3684.03,-6001.72,897373
2024-06-10,FALSE,6931.27,5936.79,994.48,1114845
2024-06-11,FALSE,92466.32,6448.37,86017.95,1206705
2024-06-12,FALSE,19276.17,13604.72,5671.45,2368802
2024-06-13,FALSE,21632.63,6947.22,14685.41,1077714
2024-06-14,FALSE,6665.06,5990.73,674.33,1006435
2024-06-14,TRUE,0.07,0.01,0.06,1
2024-06-15,FALSE,7588.42,2707.74,4880.68,604786
2024-06-16,FALSE,-7719.92,6390.92,-14110.84,1664845
2024-06-17,FALSE,-1729.3,5170.17,-6899.47,980211
2024-06-18,FALSE,-7845.76,5099.13,-12944.89,953949
2024-06-18,TRUE,-0.33,0.03,-0.36,3
2024-06-19,FALSE,-479.91,2284.93,-2764.84,377876
2024-06-20,FALSE,-18802.8,6853.8,-25656.6,1445057
2024-06-20,TRUE,-32.85,2.09,-34.94,319
2024-06-21,FALSE,-1551.41,4262.29,-5813.7,706746
2024-06-21,TRUE,0.35,0.03,0.32,5
2024-06-22,FALSE,6655.85,1000.45,5655.4,165612
2024-06-23,FALSE,-2623.11,3385.98,-6009.09,900555
2024-06-24,FALSE,-9027.54,4494.65,-13522.19,722317
2024-06-25,FALSE,6555.82,4048.78,2507.04,940538
2024-06-26,FALSE,-15024.81,6396.6,-21421.41,935518
2024-06-26,TRUE,5.33,0.36,4.97,88
2024-06-27,FALSE,-40034.85,12216.91,-52251.76,1791667
2024-06-27,TRUE,-18.72,1.18,-19.9,172
2024-06-28,FALSE,-15.61,8789.36,-8804.97,1426207
2024-06-28,TRUE,-22,1.38,-23.38,200
2024-06-29,FALSE,818.05,3058.35,-2240.3,585399
2024-06-30,FALSE,448.53,5666.67,-5218.14,1278860
2024-07-01,FALSE,47211.78,7516.4,39695.38,1425662
2024-07-01,TRUE,0.6,0.04,0.56,10
2024-07-02,FALSE,6408.2,6677.77,-269.57,1004878
2024-07-03,FALSE,-25199.52,5597.56,-30797.08,897624
2024-07-04,FALSE,-2127.27,1897.63,-4024.9,369664
2024-07-05,FALSE,-10718.82,6554.68,-17273.5,1190930
2024-07-05,TRUE,0.3,0.02,0.28,5
2024-07-06,FALSE,-11063.64,1952.57,-13016.21,311950
2024-07-06,TRUE,0.6,0.04,0.56,10
2024-07-07,FALSE,-10278.18,5024.49,-15302.67,1509034
2024-07-07,TRUE,-1.1,0.07,-1.17,10
2024-07-08,FALSE,-12924.72,4748.93,-17673.65,722915
2024-07-09,FALSE,2960.98,5802.81,-2841.83,850591
2024-07-10,FALSE,45960.37,4761.44,41198.93,778239
2024-07-10,TRUE,-0.91,0.1,-1.01,16
2024-07-11,FALSE,10330.01,10850.56,-520.55,1411958
2024-07-11,TRUE,-2.75,0.18,-2.93,25
2024-07-12,FALSE,-47896.46,12628.13,-60524.59,1513793
2024-07-13,FALSE,-13873.33,1396.94,-15270.27,160817
2024-07-13,TRUE,0.6,0.04,0.56,10
2024-07-14,FALSE,-5067.06,3507.94,-8575,1173137
2024-07-15,FALSE,6725.15,9373.67,-2648.52,1509672
2024-07-16,FALSE,1208.25,5942.01,-4733.76,988829
2024-07-16,TRUE,0.06,0.01,0.05,1
2024-07-17,FALSE,-5561,5616.79,-11177.79,1050119
2024-07-18,FALSE,8699.44,5006.54,3692.9,976137
2024-07-19,FALSE,-1088.39,5480.54,-6568.93,838655
2024-07-20,FALSE,-3002.61,913.65,-3916.26,102587
2024-07-21,FALSE,-5863.26,3212.23,-9075.49,707740
2024-07-22,FALSE,-33010.11,6869.7,-39879.81,1311115
2024-07-23,FALSE,-6475.68,7830.24,-14305.92,1250034
2024-07-23,TRUE,-9.36,0.6,-9.96,81
2024-07-24,FALSE,-14033.61,5064.98,-19098.59,925531
2024-07-25,FALSE,-2580.03,7631.7,-10211.73,1201940
2024-07-26,FALSE,8999.22,6740.82,2258.4,1075119
2024-07-27,FALSE,1506.83,1101.14,405.69,151197
2024-07-28,FALSE,-8490.69,1119.54,-9610.23,142600
2024-07-29,FALSE,19489.25,5638.03,13851.22,742812
2024-07-30,FALSE,42306.14,7091.04,35215.1,1200977
2024-07-31,FALSE,4038.28,8482.13,-4443.85,1445509
2024-08-01,FALSE,-19975.41,9090.61,-29066.02,1578881
2024-08-02,FALSE,14031.88,11851.37,2180.51,1667880
2024-08-03,FALSE,1858.21,1843.82,14.39,235097
2024-08-04,FALSE,-402.09,1379.09,-1781.18,258992
2024-08-05,FALSE,-2782.28,8827.12,-11609.4,1404606
2024-08-06,FALSE,-33020.52,6875.86,-39896.38,1147003
2024-08-07,FALSE,1159.2,6255.12,-5095.92,1003791
2024-08-08,FALSE,-6693.3,8531.7,-15225,1154716
2024-08-09,FALSE,-37355.48,6787.27,-44142.75,990170
2024-08-10,FALSE,-4169.33,1135.37,-5304.7,125557
2024-08-11,FALSE,2555.68,890.75,1664.93,97422
2024-08-12,FALSE,-11662.72,6498.45,-18161.17,801356
2024-08-12,TRUE,-0.7,0.05,-0.75,10
2024-08-13,FALSE,-18130.01,9340.39,-27470.4,1249275
2024-08-13,TRUE,-0.7,0.05,-0.75,10
2024-08-14,FALSE,-37184.82,10235.91,-47420.73,1489217
2024-08-14,TRUE,11.48,0.98,10.5,209
2024-08-15,FALSE,-11453.76,9324.73,-20778.49,1298237
2024-08-16,FALSE,17506.88,5205.86,12301.02,744626
2024-08-17,FALSE,-1859.05,1226.5,-3085.55,170923
2024-08-18,FALSE,618.9,971.89,-352.99,120616
2024-08-19,FALSE,47549.7,6338.09,41211.61,992926
2024-08-20,FALSE,15032.78,4223.67,10809.11,683583
2024-08-21,FALSE,6319.1,5412.25,906.85,867240
2024-08-21,TRUE,-13.85,0.9,-14.75,155
2024-08-22,FALSE,-68381.94,4596.42,-72978.36,823077
2024-08-23,FALSE,-22631.19,5861.25,-28492.44,1007272
2024-08-24,FALSE,3205.35,1062.73,2142.62,132510
2024-08-24,TRUE,1.47,0.1,1.37,21
2024-08-25,FALSE,-3361.22,1072.98,-4434.2,112104
2024-08-26,FALSE,-3443.5,4057.35,-7500.85,684425
2024-08-27,FALSE,25007.08,5199.93,19807.15,774192
2024-08-27,TRUE,9.73,0.64,9.09,139
2024-08-28,FALSE,43068.53,5731.13,37337.4,824329
2024-08-28,TRUE,6.44,0.46,5.98,108
2024-08-29,FALSE,-38099.59,6423.15,-44522.74,998379
2024-08-29,TRUE,-0.09,0.01,-0.1,1
2024-08-30,FALSE,-266.34,4373.05,-4639.39,609879
2024-08-30,TRUE,-0.03,0.02,-0.05,2
2024-08-31,FALSE,-2827.28,978.19,-3805.47,104855
2024-09-01,FALSE,9615.61,908.55,8707.06,89225
2024-09-01,TRUE,1.44,0.11,1.33,24
2024-09-02,FALSE,952.73,891.71,61.02,86791
2024-09-02,TRUE,-8.94,0.59,-9.53,101
2024-09-03,FALSE,24671.5,5562.01,19109.49,847211
2024-09-04,FALSE,-13831.7,6647.31,-20479.01,962444
2024-09-04,TRUE,-0.9,0.07,-0.97,10
2024-09-05,FALSE,-31102.4,5054.44,-36156.84,740899
2024-09-05,TRUE,-9.36,0.61,-9.97,90
2024-09-06,FALSE,-64986.43,11101.02,-76087.45,1416432
2024-09-07,FALSE,-2287.37,1133.9,-3421.27,118027
2024-09-08,FALSE,13588.54,1939.27,11649.27,186561
2024-09-09,FALSE,20127.43,4665.69,15461.74,741419
2024-09-09,TRUE,0.6,0.04,0.56,10
2024-09-10,FALSE,-7968.4,5482.26,-13450.66,960554
2024-09-11,FALSE,-55850.66,7549.03,-63399.69,1185245
2024-09-12,FALSE,51184.19,11338.03,39846.16,1468650
2024-09-12,TRUE,-18.78,1.25,-20.03,313
2024-09-13,FALSE,-38209.52,10598.39,-48807.91,1144451
2024-09-13,TRUE,-3,0.2,-3.2,50
2024-09-14,FALSE,-16807.83,1483.26,-18291.09,241312
2024-09-15,FALSE,7952.27,1435.75,6516.52,140661
2024-09-16,FALSE,-2990.09,8388.37,-11378.46,841806
2024-09-17,FALSE,-50311.62,7270.14,-57581.76,1005237
2024-09-17,TRUE,-0.96,0.07,-1.03,24
2024-09-18,FALSE,-60041.29,14552.16,-74593.45,1958426
2024-09-19,FALSE,-3979.13,6528.44,-10507.57,798064
2024-09-20,FALSE,4366.86,6063.95,-1697.09,808491
2024-09-21,FALSE,-17.83,2084.86,-2102.69,208888
2024-09-22,FALSE,5323.2,1291.36,4031.84,136951
2024-09-23,FALSE,14596.63,3804.04,10792.59,504498
2024-09-24,FALSE,-37309.99,5357.37,-42667.36,711929
2024-09-25,FALSE,2463.31,6678.46,-4215.15,928990
2024-09-26,FALSE,11582.07,5493.14,6088.93,899509
2024-09-27,FALSE,43167.64,8287.72,34879.92,1102777
2024-09-28,FALSE,-6008.4,846.59,-6854.99,86015
2024-09-28,TRUE,-1.84,0.13,-1.97,46
2024-09-29,FALSE,-7994.6,706.4,-8701,76525
2024-09-30,FALSE,-13384.2,7469.87,-20854.07,1073330
2024-09-30,TRUE,-0.12,0.01,-0.13,3
2024-10-01,FALSE,-7547.94,5403.56,-12951.5,925410
2024-10-01,TRUE,-81.87,5.53,-87.4,1560
2024-10-02,FALSE,-7858.79,6524.12,-14382.91,1043448
2024-10-02,TRUE,-41.72,2.74,-44.46,465
2024-10-03,FALSE,-32097.09,5148.35,-37245.44,703334
2024-10-03,TRUE,-21.6,1.38,-22.98,216
2024-10-04,FALSE,-113540,5872.49,-119412.49,1195060
2024-10-04,TRUE,-146.46,9.16,-155.62,1307
2024-10-05,FALSE,-14844.73,977.77,-15822.5,167028
2024-10-06,FALSE,-6391.17,996.46,-7387.63,176326
2024-10-07,FALSE,-58540.53,8855.54,-67396.07,1506221
2024-10-07,TRUE,1.76,1.64,0.12,272
2024-10-08,FALSE,112846.46,9133.39,103713.07,1747861
2024-10-08,TRUE,-11.48,1.89,-13.37,290
2024-10-09,FALSE,-218999.22,10996.49,-229995.71,2486177
2024-10-09,TRUE,53.02,6.11,46.91,957
2024-10-10,FALSE,341658.87,11827.6,329831.27,2923119
2024-10-10,TRUE,-13,0.8,-13.8,100
2024-10-11,FALSE,236973.46,16383.91,220589.55,3112984
2024-10-11,TRUE,0.2,0.02,0.18,2
2024-10-12,FALSE,-11547.37,7818.81,-19366.18,987692
2024-10-12,TRUE,17.2,1.1,16.1,172
2024-10-13,FALSE,8343.32,5443.71,2899.61,969278
2024-10-13,TRUE,-9.16,1.16,-10.32,144
2024-10-14,FALSE,290350.74,14478.46,275872.28,1884348
2024-10-14,TRUE,-7,0.43,-7.43,50
2024-10-15,FALSE,-332054.15,34143.37,-366197.52,9759877
2024-10-15,TRUE,-7.9,0.63,-8.53,80
2024-10-16,FALSE,-133968.35,31671,-165639.35,7838511
2024-10-17,FALSE,396182.32,48143.38,348038.94,10775378
2024-10-17,TRUE,-0.91,0.06,-0.97,7
2024-10-18,FALSE,-157522.52,37288.95,-194811.47,10598611
2024-10-18,TRUE,-34.83,3.59,-38.42,427
2024-10-19,FALSE,-160021.87,14716.78,-174738.65,3424381
2024-10-19,TRUE,1.17,0.08,1.09,9
2024-10-20,FALSE,95837.78,11263.91,84573.87,3150836
2024-10-20,TRUE,14.32,0.89,13.43,111
2024-10-21,FALSE,879322.85,65478.78,813844.07,16273261
2024-10-21,TRUE,1.32,0.09,1.23,11
2024-10-22,FALSE,465199.1,90125.89,375073.21,15606983
2024-10-22,TRUE,1.68,0.12,1.56,14
2024-10-23,FALSE,-874104.51,85784.66,-959889.17,16135055
2024-10-23,TRUE,12,0.74,11.26,100
2024-10-24,FALSE,1237835.79,88318.22,1149517.57,20009269
2024-10-24,TRUE,-0.16,0.01,-0.17,1
2024-10-25,FALSE,318923.4,87619.54,231303.86,18524475
2024-10-25,TRUE,32.4,2,30.4,270
2024-10-26,FALSE,307040.82,39321.99,267718.83,6875511
2024-10-27,FALSE,118404.74,26127.71,92277.03,7543480
2024-10-28,FALSE,350865.35,52748.87,298116.48,11639449
2024-10-29,FALSE,1289690.1,97828.05,1191862.05,26241860
2024-10-30,FALSE,-1679771.41,149466.09,-1829237.5,25932412
2024-10-30,TRUE,-3.14,0.2,-3.34,21
2024-10-31,FALSE,472567.79,185362.68,287205.11,43787441
2024-11-01,FALSE,-3797318.92,251876.9,-4049195.82,49312903
2024-11-02,FALSE,-1469191.27,202353.48,-1671544.75,40586613
2024-11-03,FALSE,171282.56,162301.65,8980.91,33351387
2024-11-03,TRUE,2.75,0.18,2.57,22
2024-11-04,FALSE,-2360370.2,487483.04,-2847853.24,107000799
2024-11-04,TRUE,-33.68,2.06,-35.74,241
2024-11-05,FALSE,-3889248.78,1028319.97,-4917568.75,245467767
2024-11-05,TRUE,5.16,0.32,4.84,43
2024-11-06,FALSE,-2678879.79,595126.89,-3274006.68,209559326
2024-11-06,TRUE,134.89,8.75,126.14,1530
2024-11-07,FALSE,-1311309.35,307193.43,-1618502.78,76576239
2024-11-07,TRUE,-2.35,0.16,-2.51,47
2024-11-08,FALSE,-1015780.27,268066.2,-1283846.47,45988853
2024-11-08,TRUE,23.15,1.62,21.53,250
2024-11-09,FALSE,-668399.63,170318.25,-838717.88,34187560
2024-11-10,FALSE,-474936.75,166259.89,-641196.64,30851527
2024-11-11,FALSE,-169086.93,207231.6,-376318.53,37770615
2024-11-11,TRUE,28.79,1.9,26.89,507
2024-11-12,FALSE,-231528.71,241327.36,-472856.07,38430977
2024-11-13,FALSE,-691669.87,229089.63,-920759.5,42115845
2024-11-14,FALSE,-742381.01,199812.67,-942193.68,31579152
2024-11-15,FALSE,192899,127987.77,64911.23,25060102
2024-11-15,TRUE,3.33,0.24,3.09,333
2024-11-16,FALSE,302259.18,66608.07,235651.11,9653338
2024-11-16,TRUE,0.3,0.02,0.28,3
2024-11-17,FALSE,-489822.55,116267.19,-606089.74,16109254
2024-11-18,FALSE,-781890.45,168735.58,-950626.03,28916977
2024-11-19,FALSE,-18570.59,147479.8,-166050.39,25654979
2024-11-20,FALSE,14727.08,125887.89,-111160.81,17038704
2024-11-21,FALSE,-69752.93,156737.16,-226490.09,23736827
2024-11-22,FALSE,-71685.65,141258.52,-212944.17,17541358
2024-11-22,TRUE,0.35,0.03,0.32,30
2024-11-23,FALSE,-250328.18,53349.64,-303677.82,7423981
2024-11-24,FALSE,-198546.44,44694.51,-243240.95,6528366
2024-11-25,FALSE,-448690.69,110696.65,-559387.34,13701665
2024-11-26,FALSE,205723.83,124915.14,80808.69,25087146
2024-11-27,FALSE,81394.87,70411,10983.87,10257969
2024-11-28,FALSE,-91590.09,30113.18,-121703.27,5324834
2024-11-29,FALSE,112793.17,57719.33,55073.84,6804666
2024-11-30,FALSE,144721.83,56657.13,88064.7,6639525
2024-12-01,FALSE,-77327.17,39057.05,-116384.22,5365681
2024-12-02,FALSE,-24124.35,77172.66,-101297.01,9013485
2024-12-03,FALSE,7664.77,90806.57,-83141.8,18423318
2024-12-03,TRUE,220.82,11.91,208.91,826
2024-12-04,FALSE,61609.67,94938.25,-33328.58,12530697
2024-12-04,TRUE,1860.54,44.92,1815.62,4717
2024-12-05,FALSE,179838.39,75816.09,104022.3,19127990
2024-12-05,TRUE,1063.42,62.12,1001.3,5391
2024-12-06,FALSE,338561.82,84736.25,253825.57,10575248
2024-12-06,TRUE,-100.44,7.39,-107.83,998
2024-12-07,FALSE,-53204.7,39492.28,-92696.98,4807386
2024-12-07,TRUE,147.49,8.37,139.12,733
2024-12-08,FALSE,-9987.62,28758.57,-38746.19,4367277
2024-12-08,TRUE,592.77,30.35,562.42,3297
2024-12-09,FALSE,-37922.94,83389.16,-121312.1,9755261
2024-12-09,TRUE,-308.54,9.12,-317.66,927
2024-12-10,FALSE,-64189.65,56449.56,-120639.21,7796504
2024-12-10,TRUE,293.67,161.81,131.86,17104
2024-12-11,FALSE,21193.6,61304.64,-40111.04,9912912
2024-12-11,TRUE,146.02,53.84,92.18,10018
2024-12-12,FALSE,-90477.96,61720.43,-152198.39,7821347
2024-12-12,TRUE,592.75,40,552.75,6123
2024-12-13,FALSE,-148250.07,56487.25,-204737.32,7481609
2024-12-13,TRUE,1007.42,23.47,983.95,2758
2024-12-14,FALSE,-74800.3,35099.31,-109899.61,4580693
2024-12-14,TRUE,-810.68,24.98,-835.66,2921
2024-12-15,FALSE,-96083.04,33966.46,-130049.5,4526668
2024-12-15,TRUE,-303.11,22.82,-325.93,3125
2024-12-16,FALSE,-70301.2,47778.81,-118080.01,6323460
2024-12-16,TRUE,-2.28,10.28,-12.56,1456
2024-12-17,FALSE,-14041.48,51943.32,-65984.8,9560541
2024-12-17,TRUE,-464.63,67.46,-532.09,5509
2024-12-18,FALSE,-110109.02,58233,-168342.02,9265828
2024-12-18,TRUE,46.92,10.12,36.8,1185
2024-12-19,FALSE,-150608.85,58367.18,-208976.03,7447837
2024-12-19,TRUE,-161.8,24.77,-186.57,3123
2024-12-20,FALSE,-161716.31,72094.11,-233810.42,8544492
2024-12-20,TRUE,80.36,18.83,61.53,1513
2024-12-21,FALSE,-49930.4,25395.25,-75325.65,4097851
2024-12-21,TRUE,396.97,44.63,352.34,3371
2024-12-22,FALSE,-91412.2,23516.77,-114928.97,3567553
2024-12-22,TRUE,22.7,2.89,19.81,1273
2024-12-23,FALSE,-95223.11,33059.12,-128282.23,5677167
2024-12-23,TRUE,522.53,21.29,501.24,1709
2024-12-24,FALSE,-43269.74,28261.04,-71530.78,3706247
2024-12-24,TRUE,30.56,9.09,21.47,579
2024-12-25,FALSE,214022.38,21301.39,192720.99,3416485
2024-12-25,TRUE,-408.49,15.99,-424.48,1161
2024-12-26,FALSE,-7678.91,31717.35,-39396.26,4031453
2024-12-26,TRUE,-24.5,19.94,-44.44,1556
2024-12-27,FALSE,-104613.23,32688.63,-137301.86,4535992
2024-12-27,TRUE,-236.61,22.9,-259.51,1682
2024-12-28,FALSE,-83451.18,20344.11,-103795.29,2904657
2024-12-28,TRUE,31.64,37.54,-5.9,5245
2024-12-29,FALSE,-9070.09,23228.16,-32298.25,3625201
2024-12-29,TRUE,-131.24,25.21,-156.45,3774
2024-12-30,FALSE,-84300.55,31048.69,-115349.24,4458138
2024-12-30,TRUE,-474.45,33.71,-508.16,2793
2024-12-31,FALSE,-6497.32,30107.38,-36604.7,7798581
2024-12-31,TRUE,489.99,30.07,459.92,2257
2025-01-01,FALSE,-25700.63,23579.54,-49280.17,3311288
2025-01-01,TRUE,212.09,21.34,190.75,2292
2025-01-02,FALSE,-37276.83,32109.84,-69386.67,4272425
2025-01-02,TRUE,115.45,5.65,109.8,361
2025-01-03,FALSE,120307.75,48857.52,71450.23,6615158
2025-01-03,TRUE,-22.07,24.89,-46.96,3554
2025-01-04,FALSE,23984.16,23681.24,302.92,3052219
2025-01-04,TRUE,-1171.92,61.59,-1233.51,5524
2025-01-05,FALSE,-47842.06,32366.65,-80208.71,4287544
2025-01-05,TRUE,-463.27,118.61,-581.88,14328
2025-01-06,FALSE,28991.02,43284.16,-14293.14,7041295
2025-01-06,TRUE,-630.44,106.06,-736.5,10222
2025-01-07,FALSE,13381.76,40907.73,-27525.97,5181532
2025-01-07,TRUE,-194.55,190.27,-384.82,20038
2025-01-08,FALSE,62112.4,36722.98,25389.42,4805845
2025-01-08,TRUE,-2090.7,148.22,-2238.92,16012
2025-01-09,FALSE,-26846.03,28791.37,-55637.4,3921629
2025-01-09,TRUE,-1521.27,190.42,-1711.69,21862
2025-01-10,FALSE,-119933.88,33849.15,-153783.03,4761569
2025-01-10,TRUE,1683.7,236.02,1447.68,22777
2025-01-11,FALSE,-2499.66,16143.53,-18643.19,2574664
2025-01-11,TRUE,-351.89,273.86,-625.75,28966
2025-01-12,FALSE,-29742.6,16533.39,-46275.99,2614832
2025-01-12,TRUE,-310.13,262.22,-572.35,44247
2025-01-13,FALSE,-115260.52,34410.79,-149671.31,4214511
2025-01-13,TRUE,-3101.81,599.94,-3701.75,49010
2025-01-14,FALSE,-35284.57,35763.61,-71048.18,4734129
2025-01-14,TRUE,-840.25,447.87,-1288.12,41966
2025-01-15,FALSE,-73827.82,40505.03,-114332.85,5110907
2025-01-15,TRUE,-3386.85,420.35,-3807.2,34783
2025-01-16,FALSE,-7252.73,43183.29,-50436.02,5612801
2025-01-16,TRUE,-2015.86,363.95,-2379.81,28688
2025-01-17,FALSE,-199252.58,48735.55,-247988.13,6278702
2025-01-17,TRUE,-1381.91,203.77,-1585.68,17514
2025-01-18,FALSE,-133595.77,32871.16,-166466.93,4875498
2025-01-18,TRUE,-2507.4,282.75,-2790.15,26938
2025-01-19,FALSE,-198249.93,45817.17,-244067.1,5081889
2025-01-19,TRUE,4107.63,338.3,3769.33,26400
2025-01-20,FALSE,-553320.74,131737.56,-685058.3,17599098
2025-01-20,TRUE,3986.3,678.45,3307.85,84889
2025-01-21,FALSE,-219740.02,55588.16,-275328.18,7950333
2025-01-21,TRUE,2724.69,380.34,2344.35,40248
2025-01-22,FALSE,-143345.27,58655.77,-202001.04,7617114
2025-01-22,TRUE,5473.72,463.52,5010.2,64199
2025-01-23,FALSE,-180332.96,53123.71,-233456.67,6726470
2025-01-23,TRUE,-40182.68,7708.96,-47891.64,807437
2025-01-24,FALSE,-137601.21,48624.92,-186226.13,6360155
2025-01-24,TRUE,-29870.22,8017.21,-37887.43,694737
2025-01-25,FALSE,47526.32,28930.72,18595.6,3203892
2025-01-25,TRUE,1715.63,6486.95,-4771.32,479325
2025-01-26,FALSE,-78289.24,23472.09,-101761.33,2793138
2025-01-26,TRUE,-13265.39,45695.87,-58961.26,3882315
2025-01-27,FALSE,-86869.17,39718.14,-126587.31,4423992
2025-01-27,TRUE,79087.09,6470.1,72616.99,437670
2025-01-28,FALSE,6282.64,37179.82,-30897.18,4254413
2025-01-28,TRUE,43975.73,4681.43,39294.3,341912
2025-01-29,FALSE,-8047.72,47674.58,-55722.3,5502965
2025-01-29,TRUE,-36337.23,3667.76,-40004.99,272630
2025-01-30,FALSE,-2601.66,56879.76,-59481.42,5711129
2025-01-30,TRUE,-9246.56,1589.36,-10835.92,110693
2025-01-31,FALSE,52242.01,46713.95,5528.06,4938351
2025-01-31,TRUE,-7153.02,1555.16,-8708.18,124672
2025-02-01,FALSE,-37326.92,30187.4,-67514.32,3861885
2025-02-01,TRUE,-55966.11,4241.94,-60208.05,282174
2025-02-02,FALSE,62037.23,49254.22,12783.01,5771325
2025-02-02,TRUE,17593.27,2987.71,14605.56,334132
2025-02-03,FALSE,-17716.86,63823.75,-81540.61,7002978
2025-02-03,TRUE,-29149.34,5019.49,-34168.83,436982
2025-02-04,FALSE,-96034.61,47599.57,-143634.18,6844144
2025-02-04,TRUE,-8041.76,4854.19,-12895.95,400721
2025-02-05,FALSE,-75464.59,42298.6,-117763.19,4567111
2025-02-05,TRUE,-7608.26,5855.97,-13464.23,470996
2025-02-06,FALSE,-141056.51,47735.07,-188791.58,5514786
2025-02-06,TRUE,-62582.6,9647.32,-72229.92,688031
2025-02-07,FALSE,-94706.5,44925.1,-139631.6,5200492
2025-02-07,TRUE,-46200.93,15330.61,-61531.54,959440
2025-02-08,FALSE,-55662.79,31255.23,-86918.02,3311378
2025-02-08,TRUE,-202451.01,22539.57,-224990.58,1398430
2025-02-09,FALSE,-343781.62,81214.62,-424996.24,8984140
2025-02-09,TRUE,-6574.9,186751.75,-193326.65,21658482
2025-02-10,FALSE,-33222.82,48887.14,-82109.96,6176597
2025-02-10,TRUE,-12182.27,1850.23,-14032.5,324005
2025-02-11,FALSE,-189716.04,51192.77,-240908.81,5651127
2025-02-11,TRUE,-9682.8,1827.65,-11510.45,311122
2025-02-12,FALSE,-185337.17,58529.26,-243866.43,6925994
2025-02-12,TRUE,-8363.16,2087.46,-10450.62,341331
2025-02-13,FALSE,-164870.97,54102.1,-218973.07,6521561
2025-02-13,TRUE,-2387.43,2836.5,-5223.93,514695
2025-02-14,FALSE,-93920.5,45238.86,-139159.36,5134902
2025-02-14,TRUE,-20204.49,3618.79,-23823.28,459518
2025-02-15,FALSE,3453.66,27758.29,-24304.63,3283101
2025-02-15,TRUE,-12185.38,5056.54,-17241.92,627354
2025-02-16,FALSE,-10422.06,29642.46,-40064.52,3439774
2025-02-16,TRUE,-28771.97,12059.22,-40831.19,1307414
2025-02-17,FALSE,-123042.27,38933.92,-161976.19,4340799
2025-02-17,TRUE,-962.33,2595.15,-3557.48,294411
2025-02-18,FALSE,-94523.47,55793.17,-150316.64,5840145
2025-02-18,TRUE,-23740.51,3786.06,-27526.57,464701
2025-02-19,FALSE,-123309.93,47049.82,-170359.75,4965265
2025-02-19,TRUE,-28949.56,5163.51,-34113.07,606022
2025-02-20,FALSE,-115271.17,49658.84,-164930.01,6109543
2025-02-20,TRUE,-69096.1,14302.25,-83398.35,1105888
2025-02-21,FALSE,-94882.58,48865.39,-143747.97,5309413
2025-02-21,TRUE,-13491.89,4118.85,-17610.74,573311
2025-02-22,FALSE,14202.75,24493.37,-10290.62,3232778
2025-02-22,TRUE,-11367.01,5127.99,-16495,577949
2025-02-23,FALSE,-101731.16,30848.9,-132580.06,3509760
2025-02-23,TRUE,-15185.01,4567.46,-19752.47,532191
2025-02-24,FALSE,-19435.56,44622.54,-64058.1,5061990
2025-02-24,TRUE,1845.6,2015.67,-170.07,408538
2025-02-25,FALSE,73131.88,43907.62,29224.26,5053306
2025-02-25,TRUE,-22560.24,2395.96,-24956.2,428289
2025-02-26,FALSE,-115048.91,50124.07,-165172.98,5644234
2025-02-26,TRUE,-22931.11,2069.34,-25000.45,382159
2025-02-27,FALSE,-7990.55,51384.44,-59374.99,5982817
2025-02-27,TRUE,-9239.2,1923.34,-11162.54,415088
2025-02-28,FALSE,-64545.79,42372.87,-106918.66,4753315
2025-02-28,TRUE,-12189.85,3703.68,-15893.53,561743
2025-03-01,FALSE,-56884.79,28040.51,-84925.3,2762632
2025-03-01,TRUE,-8154.4,2750.55,-10904.95,438369
2025-03-02,FALSE,-207062.71,55563.33,-262626.04,6359972
2025-03-02,TRUE,6932.74,3988.61,2944.13,513922
2025-03-03,FALSE,-85777.23,53743.97,-139521.2,5644917
2025-03-03,TRUE,-3412.34,2200.38,-5612.72,333093
2025-03-04,FALSE,-236991.21,94872.74,-331863.95,12329671
2025-03-04,TRUE,-7678.84,2452.82,-10131.66,352236
2025-03-05,FALSE,2732.39,57247.73,-54515.34,5872193
2025-03-05,TRUE,-72572.69,7967.71,-80540.4,1353356
2025-03-06,FALSE,-15128.91,47611.94,-62740.85,4621717
2025-03-06,TRUE,-35533.84,3682.54,-39216.38,560912
2025-03-07,FALSE,-64360.61,45994.34,-110354.95,4781276
2025-03-07,TRUE,-32483.2,3476.13,-35959.33,496824
2025-03-08,FALSE,-59490.44,19612.45,-79102.89,2209355
2025-03-08,TRUE,-125225.96,9126.04,-134352,819381
2025-03-09,FALSE,-53045.17,21400.67,-74445.84,2317729
2025-03-09,TRUE,-36786.79,5971.01,-42757.8,666788
2025-03-10,FALSE,-75040.85,44430.98,-119471.83,4479271
2025-03-10,TRUE,-7137.13,1574.55,-8711.68,308947
2025-03-11,FALSE,-49961.83,50590.16,-100551.99,4873384
2025-03-11,TRUE,12566.5,4448.92,8117.58,607093
2025-03-12,FALSE,-42281.67,33276.66,-75558.33,3434915
2025-03-12,TRUE,6298.39,6854.24,-555.85,950243
2025-03-13,FALSE,-3563.53,35655.25,-39218.78,4037579
2025-03-13,TRUE,11721.47,9304.4,2417.07,1218055
2025-03-14,FALSE,-49810.21,35470.17,-85280.38,4269328
2025-03-14,TRUE,-11684.05,8041.05,-19725.1,1064455
2025-03-15,FALSE,-60338.18,18953.51,-79291.69,2029596
2025-03-15,TRUE,-39236.89,13185.15,-52422.04,1455061
2025-03-16,FALSE,-82357.2,19021.98,-101379.18,2141182
2025-03-16,TRUE,13317.25,11449.45,1867.8,1409096
2025-03-17,FALSE,-69012.3,24442,-93454.3,2857682
2025-03-17,TRUE,9339.27,13923.15,-4583.88,2084417
2025-03-18,FALSE,-3869.1,27430.92,-31300.02,2952992
2025-03-18,TRUE,92055.65,44416.99,47638.66,4336544
2025-03-19,FALSE,-22651.86,36373.26,-59025.12,3991986
2025-03-19,TRUE,118704.92,77427.94,41276.98,9494394
2025-03-20,FALSE,-50915.76,27587.01,-78502.77,3212677
2025-03-20,TRUE,333633.7,338995.69,-5361.99,34313357
2025-03-21,FALSE,-34295.77,25393.14,-59688.91,2989498
2025-03-21,TRUE,-424991.16,516475.16,-941466.32,46897195
2025-03-22,FALSE,-48300.59,12550.55,-60851.14,1407098
2025-03-22,TRUE,-284118.3,572237.04,-856355.34,50521095
2025-03-23,FALSE,-53090.09,15171.4,-68261.49,1525456
2025-03-23,TRUE,553293.77,634584.02,-81290.25,54101080
2025-03-24,FALSE,-9757.31,20118.84,-29876.15,2189450
2025-03-24,TRUE,389867.74,149922.59,239945.15,15232206
2025-03-25,FALSE,-1944.64,23016.7,-24961.34,2566707
2025-03-25,TRUE,43361.48,40506.85,2854.63,3638747
2025-03-26,FALSE,13943.76,25853.5,-11909.74,2985766
2025-03-26,TRUE,101955.51,41773.45,60182.06,3756881
2025-03-27,FALSE,-41778.11,29760.57,-71538.68,3242834
2025-03-27,TRUE,-273448.78,320187.26,-593636.04,29161559
2025-03-28,FALSE,-115748.19,29862.99,-145611.18,3348976
2025-03-28,TRUE,14882.08,486161.67,-471279.59,41448607
2025-03-29,FALSE,-39898.45,16483.07,-56381.52,1650023
2025-03-29,TRUE,-349081.75,564217.93,-913299.68,49906604
2025-03-30,FALSE,8103.77,20147.04,-12043.27,1882234
2025-03-30,TRUE,-215423.3,336316.38,-551739.68,33831537
2025-03-31,FALSE,-55734.7,43268.31,-99003.01,4600346
2025-03-31,TRUE,-260567.3,130202.83,-390770.13,14717807
2025-04-01,FALSE,-126644.48,65438.12,-192082.6,8916313
2025-04-01,TRUE,-67856.71,36184.35,-104041.06,2744883
2025-04-02,FALSE,-86269.1,56889.91,-143159.01,6119282
2025-04-02,TRUE,-258938.92,28431.09,-287370.01,2217391
2025-04-03,FALSE,-76533.43,45897.77,-122431.2,4831534
2025-04-03,TRUE,-53313.33,30645.19,-83958.52,2433060
2025-04-04,FALSE,-28255.97,38435.35,-66691.32,4002418
2025-04-04,TRUE,-251836.48,190419.52,-442256,17090502
2025-04-05,FALSE,22473.9,15199.86,7274.04,1620920
2025-04-05,TRUE,-2063863.12,572992.84,-2636855.96,45870193
2025-04-06,FALSE,-119512.77,26425.5,-145938.27,2784560
2025-04-06,TRUE,265815.51,157597.06,108218.45,13315599
2025-04-07,FALSE,-57021.85,33585.81,-90607.66,3455023
2025-04-07,TRUE,466274.48,459550.09,6724.39,31070571
2025-04-08,FALSE,-33980.7,39052.23,-73032.93,4138316
2025-04-08,TRUE,-4889.71,5816.38,-10706.09,1205991
2025-04-09,FALSE,153764.04,75650.92,78113.12,8449783
2025-04-09,TRUE,457606.12,35622.53,421983.59,7929121
2025-04-10,FALSE,109701.25,72019.67,37681.58,7517347
2025-04-10,TRUE,-163832.73,104175.93,-268008.66,17128356
2025-04-11,FALSE,-131420.78,53954.62,-185375.4,5776908
2025-04-11,TRUE,-358350.2,86663.94,-445014.14,12974875
2025-04-12,FALSE,25616.57,21252.07,4364.5,2152676
2025-04-12,TRUE,-128030.81,175722.93,-303753.74,18923139
2025-04-13,FALSE,-61097.03,23937.15,-85034.18,2541116
2025-04-13,TRUE,-240161.32,293065.79,-533227.11,29874414
2025-04-14,FALSE,42446.91,46727.57,-4280.66,5155095
2025-04-14,TRUE,-19333.94,2272.92,-21606.86,349125
2025-04-15,FALSE,-110940.36,54744.43,-165684.79,5812561
2025-04-15,TRUE,-102.55,12153.88,-12256.43,1527506
2025-04-16,FALSE,19550.83,53610.51,-34059.68,6332719
2025-04-16,TRUE,-72660.27,25456.31,-98116.58,2463866
2025-04-17,FALSE,4791.62,48203.65,-43412.03,5729774
2025-04-17,TRUE,15340.57,8315.88,7024.69,1574396
2025-04-18,FALSE,-80181.8,24287.33,-104469.13,3020617
2025-04-18,TRUE,-7986.21,30529.01,-38515.22,3170409
2025-04-19,FALSE,-113171.62,17245.82,-130417.44,1992878
2025-04-19,TRUE,-343449.54,107747.31,-451196.85,8977670
2025-04-20,FALSE,-77234.92,19411.42,-96646.34,2211505
2025-04-20,TRUE,4699.68,66687.42,-61987.74,6503379
2025-04-21,FALSE,-127307.95,55647.49,-182955.44,6162127
2025-04-21,TRUE,-308138.46,68688.89,-376827.35,5288588
2025-04-22,FALSE,-30303.59,54798.64,-85102.23,6859129
2025-04-22,TRUE,-491713.06,80164.83,-571877.89,7006518
2025-04-23,FALSE,27713.66,54108.87,-26395.21,7355583
2025-04-23,TRUE,-204079.49,54521.67,-258601.16,5375881
2025-04-24,FALSE,-25083.87,43608.96,-68692.83,5667399
2025-04-24,TRUE,-239559.53,75654.61,-315214.14,6151633
2025-04-25,FALSE,-100366.74,45843.29,-146210.03,5444387
2025-04-25,TRUE,-322444.73,81416.06,-403860.79,6682828
2025-04-26,FALSE,-18075.43,16500.22,-34575.65,1954270
2025-04-26,TRUE,15238.2,76834.17,-61595.97,6528981
2025-04-27,FALSE,-38080.23,21629.36,-59709.59,2467886
2025-04-27,TRUE,-141316.72,88183.64,-229500.36,7457547
2025-04-28,FALSE,-125074.42,101122.73,-226197.15,14475017
2025-04-28,TRUE,-114413.69,77341.46,-191755.15,7417588
2025-04-29,FALSE,67329.38,66177.92,1151.46,10501880
2025-04-29,TRUE,-17506.22,95957.16,-113463.38,8799547
2025-04-30,FALSE,-97508.48,51807.94,-149316.42,7130787
2025-04-30,TRUE,-15973.76,86100.3,-102074.06,8719524
2025-05-01,FALSE,-18792.63,49712.24,-68504.87,6635928
2025-05-01,TRUE,-129768.93,98336.05,-228104.98,9354676
2025-05-02,FALSE,-101013.55,45130.75,-146144.3,8531911
2025-05-02,TRUE,368180.53,105805.34,262375.19,9126215
2025-05-03,FALSE,-58313.2,17822.49,-76135.69,3033355
2025-05-03,TRUE,124651.11,125998.28,-1347.17,11343969
2025-05-04,FALSE,-16059.32,21392.27,-37451.59,3326099
2025-05-04,TRUE,238183.72,175358.58,62825.14,14626269
2025-05-05,FALSE,-107228.31,41974.11,-149202.42,7001723
2025-05-05,TRUE,251293.39,111035.37,140258.02,10449025
2025-05-06,FALSE,-123675.54,44370.81,-168046.35,8226528
2025-05-06,TRUE,561318.15,174904.69,386413.46,15128392
2025-05-07,FALSE,-190746.15,60969.61,-251715.76,10626023
2025-05-07,TRUE,479686.85,150110.36,329576.49,13753877
2025-05-08,FALSE,-77655.96,56502.89,-134158.85,6937791
2025-05-08,TRUE,-61087.09,84802.62,-145889.71,7551952
2025-05-09,FALSE,-1035.17,42814.48,-43849.65,5032282
2025-05-09,TRUE,18819.81,106109.65,-87289.84,8774706
2025-05-10,FALSE,56702.44,21499.23,35203.21,2281084
2025-05-10,TRUE,-309899.57,148275.09,-458174.66,12252546
2025-05-11,FALSE,-31415.24,17684.68,-49099.92,1839855
2025-05-11,TRUE,145890.03,143941.44,1948.59,12050466
2025-05-12,FALSE,7422.24,53486.64,-46064.4,6208073
2025-05-12,TRUE,238694.44,148181.79,90512.65,13580075
2025-05-13,FALSE,47192.27,54071.61,-6879.34,6299475
2025-05-13,TRUE,-71729.23,213686.66,-285415.89,19970820
2025-05-14,FALSE,-97562.64,47647.52,-145210.16,5484944
2025-05-14,TRUE,-223591.33,168580.14,-392171.47,20205930
2025-05-15,FALSE,-45879.1,50553.39,-96432.49,6072852
2025-05-15,TRUE,4584.11,132524.64,-127940.53,18931611
2025-05-16,FALSE,-10118.99,37628.9,-47747.89,4347409
2025-05-16,TRUE,24624.25,146376.43,-121752.18,17152046
2025-05-17,FALSE,-85932.57,18380.85,-104313.42,2439005
2025-05-17,TRUE,-56914.96,130820.81,-187735.77,13772736
2025-05-18,FALSE,-43794.1,34647.85,-78441.95,4491323
2025-05-18,TRUE,-125610.15,229483.83,-355093.98,22307874
2025-05-19,FALSE,-191383.3,47093.94,-238477.24,5445116
2025-05-19,TRUE,5113.19,76995.93,-71882.74,5821305
2025-05-20,FALSE,61334.91,51427.35,9907.56,6204624
2025-05-20,TRUE,-148658.18,189255.85,-337914.03,15415100
2025-05-21,FALSE,17488.92,43822.36,-26333.44,5999669
2025-05-21,TRUE,-103861.87,265645.52,-369507.39,21231424
2025-05-22,FALSE,-47927.97,35530.5,-83458.47,4658933
2025-05-22,TRUE,-392183.17,191402.25,-583585.42,17625660
2025-05-23,FALSE,-34806.17,33533.07,-68339.24,4298576
2025-05-23,TRUE,-120350.3,273884.68,-394234.98,21251227
2025-05-24,FALSE,-42887.73,16884.28,-59772.01,1939925
2025-05-24,TRUE,-369747.81,221528.12,-591275.93,18877780
2025-05-25,FALSE,-5781.49,12331.83,-18113.32,1484810
2025-05-25,TRUE,-333055.06,364558.01,-697613.07,31198409
2025-05-26,FALSE,-42944.47,15502.5,-58446.97,1862390
2025-05-26,TRUE,-1388369.68,299018.65,-1687388.33,23631172
2025-05-27,FALSE,-82777.86,34037.85,-116815.71,4567216
2025-05-27,TRUE,-45742.76,276989.03,-322731.79,23018130
2025-05-28,FALSE,-10706.13,39015.8,-49721.93,5181719
2025-05-28,TRUE,-675270.83,211413.33,-886684.16,20554125
2025-05-29,FALSE,-207319.06,40604.32,-247923.38,5290610
2025-05-29,TRUE,-805660.04,269021.63,-1074681.67,24162580
2025-05-30,FALSE,-28274.76,38900.3,-67175.06,5076282
2025-05-30,TRUE,310731.3,107291.55,203439.75,8770263
2025-05-31,FALSE,-9897.76,17478.63,-27376.39,1902654
2025-05-31,TRUE,-53531.78,292223.17,-345754.95,27170283
2025-06-01,FALSE,62241.9,27768.63,34473.27,3850315
2025-06-01,TRUE,-88624.97,81016.87,-169641.84,7862430
2025-06-02,FALSE,-7630.56,38770.83,-46401.39,5233690
2025-06-02,TRUE,-22400.17,69888.07,-92288.24,6505111
2025-06-03,FALSE,-60076.95,38602.55,-98679.5,5640665
2025-06-03,TRUE,78464.83,90039.67,-11574.84,8016751
2025-06-04,FALSE,-116733.73,37884.19,-154617.92,5646182
2025-06-04,TRUE,360427.87,257691.48,102736.39,19737915
2025-06-05,FALSE,103134.41,47180.75,55953.66,5939187
2025-06-05,TRUE,899051.11,359110.13,539940.98,36758189
2025-06-06,FALSE,8390.74,43882.11,-35491.37,5955363
2025-06-06,TRUE,160794.64,384769.99,-223975.35,31384693
2025-06-07,FALSE,-45294,14683.53,-59977.53,1850647
2025-06-07,TRUE,-823729.43,266606.68,-1090336.11,21470727
2025-06-08,FALSE,-19835.65,14828.26,-34663.91,1744092
2025-06-08,TRUE,-965380.46,502274.24,-1467654.7,48031840
2025-06-09,FALSE,50433.81,39411.58,11022.23,4666785
2025-06-09,TRUE,-179065.43,167980.43,-347045.86,14164594
2025-06-10,FALSE,52962.19,47416.47,5545.72,5390620
2025-06-10,TRUE,-352853.2,115992.18,-468845.38,10671971
2025-06-11,FALSE,141945.84,44020.35,97925.49,5326824
2025-06-11,TRUE,-267283.13,410743.8,-678026.93,33490721
2025-06-12,FALSE,-190359.84,54868,-245227.84,6336141
2025-06-12,TRUE,-914061.92,334177.97,-1248239.89,37522590
2025-06-13,FALSE,-102249.75,42191.37,-144441.12,4567520
2025-06-13,TRUE,-1561970.87,584194.89,-2146165.76,48075214
2025-06-14,FALSE,-50584.26,19616.97,-70201.23,2141894
2025-06-14,TRUE,-833762.11,284255.4,-1118017.51,28556418
2025-06-15,FALSE,-69472.67,20189.97,-89662.64,2199378
2025-06-15,TRUE,-1241898.52,278687.36,-1520585.88,27379005
2025-06-16,FALSE,-233349.74,42052.12,-275401.86,5438242
2025-06-16,TRUE,-1200244.52,287284.48,-1487529,29499691
2025-06-17,FALSE,-248339.67,51356.93,-299696.6,6716835
2025-06-17,TRUE,386104.41,209870.2,176234.21,17507064
2025-06-18,FALSE,-17331.97,45013.81,-62345.78,7789218
2025-06-18,TRUE,141246.53,99022.41,42224.12,8633486
2025-06-19,FALSE,40171.7,29376.78,10794.92,3135052
2025-06-19,TRUE,-894905.48,424164.78,-1319070.26,38700909
2025-06-20,FALSE,-63996.62,46831.8,-110828.42,5684023
2025-06-20,TRUE,-591009.65,154295.81,-745305.46,12677740
2025-06-21,FALSE,-84877.76,25327.97,-110205.73,2794593
2025-06-21,TRUE,-415074.4,140841.96,-555916.36,11147703
2025-06-22,FALSE,-91800.98,30635.25,-122436.23,3349810
2025-06-22,TRUE,-1160166.02,470727.58,-1630893.6,46539481
2025-06-23,FALSE,-79972.06,91192.41,-171164.47,8717259
2025-06-23,TRUE,-116690.56,54790.62,-171481.18,5159756
2025-06-24,FALSE,-250605.49,126934.84,-377540.33,14649047
2025-06-24,TRUE,114643.42,64588.86,50054.56,6333143
2025-06-25,FALSE,-185005.31,68795.73,-253801.04,8644489
2025-06-25,TRUE,-123424.71,74722.47,-198147.18,7040875
2025-06-26,FALSE,-73947.35,55101.19,-129048.54,6715706
2025-06-26,TRUE,-103414.33,70293.55,-173707.88,7034804
2025-06-27,FALSE,-2176.62,54304.28,-56480.9,6506783
2025-06-27,TRUE,-102245.43,101904.05,-204149.48,8899470
2025-06-28,FALSE,-41298.04,22403.54,-63701.58,2959523
2025-06-28,TRUE,-363083.8,189932.51,-553016.31,17650837
2025-06-29,FALSE,-59504.22,25160.6,-84664.82,2864933
2025-06-29,TRUE,25373.27,113267.56,-87894.29,11223518
2025-06-30,FALSE,-104406.73,49122.38,-153529.11,5299634
2025-06-30,TRUE,-208521.75,106852.6,-315374.35,11252473
2025-07-01,FALSE,-100113.27,56700.38,-156813.65,6090431
2025-07-01,TRUE,167602.04,111381.19,56220.85,11787097
2025-07-02,FALSE,-177158.36,54794.68,-231953.04,5737910
2025-07-02,TRUE,-116392.37,108560.77,-224953.14,10595919
2025-07-03,FALSE,-5075.15,66408.32,-71483.47,9216580
2025-07-03,TRUE,99308.31,126916,-27607.69,13335056
2025-07-04,FALSE,-130008,28559.21,-158567.21,3060771
2025-07-04,TRUE,176375.66,159369.7,17005.96,18341772
2025-07-05,FALSE,-38214.08,26116.59,-64330.67,3010421
2025-07-05,TRUE,345026.17,140546.06,204480.11,13071972
2025-07-06,FALSE,-186320.07,32722.17,-219042.24,3665843
2025-07-06,TRUE,275922.99,228392.38,47530.61,21769904
2025-07-07,FALSE,-49240.84,46439.9,-95680.74,4996799
2025-07-07,TRUE,-42127.04,273998.04,-316125.08,24337617
2025-07-08,FALSE,10586.02,48624.87,-38038.85,5203706
2025-07-08,TRUE,-94160.87,243685.13,-337846,23372245
2025-07-09,FALSE,9793.77,53783.6,-43989.83,5935595
2025-07-09,TRUE,-639122.25,284397.95,-923520.2,28543771
2025-07-10,FALSE,-21509.27,51916.01,-73425.28,5761365
2025-07-10,TRUE,-530856.36,289064.29,-819920.65,24639878
2025-07-11,FALSE,-143022.5,55926.76,-198949.26,5834430
2025-07-11,TRUE,-256976.65,268403.69,-525380.34,26710392
2025-07-12,FALSE,-33065.88,24117.24,-57183.12,2548855
2025-07-12,TRUE,-439137.92,183875.24,-623013.16,15390527
2025-07-13,FALSE,-131539.42,36874.16,-168413.58,4007253
2025-07-13,TRUE,-1144556.07,379971.7,-1524527.77,31188216
2025-07-14,FALSE,-75768.06,61533.99,-137302.05,6160236
2025-07-14,TRUE,-354995.21,191309.16,-546304.37,19163256
2025-07-15,FALSE,-62175.6,62666.92,-124842.52,6959247
2025-07-15,TRUE,352804.21,169914.28,182889.93,16010200
2025-07-16,FALSE,-165431.53,69402.84,-234834.37,8420116
2025-07-16,TRUE,343208.37,100123.09,243085.28,12055371
2025-07-17,FALSE,-57601.06,62890.27,-120491.33,6647239
2025-07-17,TRUE,298970.89,101669.57,197301.32,13610568
2025-07-18,FALSE,-47448.87,73109.81,-120558.68,7255447
2025-07-18,TRUE,87085.72,167885.33,-80799.61,16481497
2025-07-19,FALSE,-107703.61,27390.62,-135094.23,3357097
2025-07-19,TRUE,-1093740.18,326202.52,-1419942.7,28282487
2025-07-20,FALSE,-92684.7,29936.07,-122620.77,4727073
2025-07-20,TRUE,145987.51,209278.03,-63290.52,20321211
2025-07-21,FALSE,-174340.27,59092.14,-233432.41,7625947
2025-07-21,TRUE,137116.26,90189.24,46927.02,7551929
2025-07-22,FALSE,79690.19,63969.64,15720.55,9105279
2025-07-22,TRUE,-17821.36,104600.19,-122421.55,9146467
2025-07-23,FALSE,-11958.84,57476.31,-69435.15,7794825
2025-07-23,TRUE,-348367.22,116980.95,-465348.17,15197458
2025-07-24,FALSE,-136170.23,49103.64,-185273.87,7166124
2025-07-24,TRUE,-313990.19,113870.98,-427861.17,14857747
2025-07-25,FALSE,-101370.42,59449.2,-160819.62,9160410
2025-07-25,TRUE,-221048.66,131172.29,-352220.95,14689792
2025-07-26,FALSE,-106358.45,24600.2,-130958.65,3144863
2025-07-26,TRUE,115648.64,190282.93,-74634.29,19356461
2025-07-27,FALSE,-74269.25,24530.35,-98799.6,3312416
2025-07-27,TRUE,198283.86,235679.3,-37395.44,24763705
2025-07-28,FALSE,-120371.36,56731.06,-177102.42,8219834
2025-07-28,TRUE,131821.46,131796.33,25.13,11047112
2025-07-29,FALSE,-80999.21,62158.28,-143157.49,10820845
2025-07-29,TRUE,-98090.26,125864.41,-223954.67,11250834
2025-07-30,FALSE,-276530.78,70911.32,-347442.1,10085349
2025-07-30,TRUE,-153449.43,111752.78,-265202.21,10494951
2025-07-31,FALSE,-202446.3,69154.1,-271600.4,7159833
2025-07-31,TRUE,-288263.1,98041.75,-386304.85,11593306
2025-08-01,FALSE,-47999.58,111819.28,-159818.86,11555246
2025-08-01,TRUE,396697.79,132706.57,263991.22,13268108
2025-08-02,FALSE,-80042.67,32711.33,-112754,3267342
2025-08-02,TRUE,653649.63,184031.36,469618.27,16469055
2025-08-03,FALSE,-107808.06,33900.14,-141708.2,3314116
2025-08-03,TRUE,-225758.32,128385.23,-354143.55,12755208
2025-08-04,FALSE,-88282,73851.59,-162133.59,7408344
2025-08-04,TRUE,-241965.44,66519.09,-308484.53,6380055
2025-08-05,FALSE,38363.41,69957.59,-31594.18,7055323
2025-08-05,TRUE,-181698.53,98852.35,-280550.88,9884836
2025-08-06,FALSE,-92540.9,66078.38,-158619.28,7027455
2025-08-06,TRUE,-137226.2,101615.57,-238841.77,9640960
2025-08-07,FALSE,-52265.31,73136.53,-125401.84,8012009
2025-08-07,TRUE,-241199.7,122220.8,-363420.5,12502810
2025-08-08,FALSE,-134105.98,71498.21,-205604.19,7541578
2025-08-08,TRUE,-239888.72,164936.25,-404824.97,15413306
2025-08-09,FALSE,-152275.73,35329.63,-187605.36,3716811
2025-08-09,TRUE,-62970.07,215827.58,-278797.65,18979575
2025-08-10,FALSE,-73607.63,42255.01,-115862.64,4294668
2025-08-10,TRUE,-2250172.41,360279.84,-2610452.25,29716826
2025-08-11,FALSE,25979.83,77927.59,-51947.76,7626103
2025-08-11,TRUE,1730.03,98187.01,-96456.98,9114149
2025-08-12,FALSE,-104185.51,83674.7,-187860.21,8845923
2025-08-12,TRUE,50413.11,98729.06,-48315.95,9939862
2025-08-13,FALSE,-132310.68,92262.46,-224573.14,9582653
2025-08-13,TRUE,168390.61,125484.93,42905.68,12378070
2025-08-14,FALSE,-269259.97,119673.07,-388933.04,12143431
2025-08-14,TRUE,254940.46,121629.56,133310.9,13311498
2025-08-15,FALSE,-275122.4,98948.79,-374071.19,10171074
2025-08-15,TRUE,-252035.52,194883.83,-446919.35,16480128
2025-08-16,FALSE,-120035.78,34501.43,-154537.21,3947747
2025-08-16,TRUE,298945.19,348156.03,-49210.84,28129540
2025-08-17,FALSE,22728.36,39320.96,-16592.6,3984912
2025-08-17,TRUE,-73777.42,330394.43,-404171.85,30713373
2025-08-18,FALSE,-199826.5,72190.23,-272016.73,7340774
2025-08-18,TRUE,-219308.77,116072.87,-335381.64,9899495
2025-08-19,FALSE,-76375.76,74560.58,-150936.34,7513499
2025-08-19,TRUE,-193129.91,120901.58,-314031.49,10399985
2025-08-20,FALSE,-244873.36,76144.74,-321018.1,8478095
2025-08-20,TRUE,-449166.18,125502.65,-574668.83,11284120
2025-08-21,FALSE,-319017.32,80780.43,-399797.75,7969336
2025-08-21,TRUE,-27512.23,152742.39,-180254.62,15388881
2025-08-22,FALSE,-43944.63,109432.56,-153377.19,11723729
2025-08-22,TRUE,-459821.56,218440.09,-678261.65,20301902
2025-08-23,FALSE,-61035.6,30877.36,-91912.96,3325466
2025-08-23,TRUE,-517817.27,425469.05,-943286.32,36801262
2025-08-24,FALSE,9295.54,38373.33,-29077.79,3906794
2025-08-24,TRUE,156698.79,294373.19,-137674.4,29412846
2025-08-25,FALSE,-263201.95,85699.89,-348901.84,8340391
2025-08-25,TRUE,-206825.37,170523.53,-377348.9,16954763
2025-08-26,FALSE,-120070.97,63542.97,-183613.94,6435679
2025-08-26,TRUE,-189073.98,162547.79,-351621.77,15373398
2025-08-27,FALSE,-93614.17,47923.7,-141537.87,5248200
2025-08-27,TRUE,-78958.1,187329.09,-266287.19,17518821
2025-08-28,FALSE,-120822.21,53578.24,-174400.45,5597892
2025-08-28,TRUE,-696966.23,326277.64,-1023243.87,30854849
2025-08-29,FALSE,121463.64,69465.92,51997.72,7266827
2025-08-29,TRUE,-365120.82,381422.33,-746543.15,34402655
2025-08-30,FALSE,-20019.03,24805,-44824.03,2801649
2025-08-30,TRUE,-1427453.78,910711.96,-2338165.74,84291962
2025-08-31,FALSE,-26289.89,27809.38,-54099.27,2937021
2025-08-31,TRUE,-836298.12,647202.01,-1483500.13,55913088
2025-09-01,FALSE,-93593.26,39112.08,-132705.34,3967037
2025-09-01,TRUE,-285624.34,392436.29,-678060.63,34603005
2025-09-02,FALSE,18917.96,66618.18,-47700.22,7171827
2025-09-02,TRUE,137725.58,235943.5,-98217.92,22412210
2025-09-03,FALSE,-80900.29,90880.49,-171780.78,9473224
2025-09-03,TRUE,-1085243.61,449539.9,-1534783.51,40209554
2025-09-04,FALSE,27788.94,72384.63,-44595.69,7979843
2025-09-04,TRUE,-504012.66,551813.24,-1055825.9,44108403
2025-09-05,FALSE,-192500.24,102256.62,-294756.86,12263276
2025-09-05,TRUE,-1739698.89,777697.61,-2517396.5,72651133
2025-09-06,FALSE,-55859.03,32658.81,-88517.84,3741877
2025-09-06,TRUE,-553605.88,1181534.01,-1735139.89,103802909
2025-09-07,FALSE,-453912.86,90383.79,-544296.65,8332043
2025-09-07,TRUE,-1352563.88,2405814.85,-3758378.73,187643341
2025-09-08,FALSE,-319728.03,76399.95,-396127.98,8597930
2025-09-08,TRUE,1620467.16,595669.46,1024797.7,51480445
2025-09-09,FALSE,-54695.09,99982.88,-154677.97,11319533
2025-09-09,TRUE,142538.23,188137.67,-45599.44,16290759
2025-09-10,FALSE,-62284.66,94021.17,-156305.83,11118164
2025-09-10,TRUE,-456828.99,162069.34,-618898.33,13807310
2025-09-11,FALSE,4287.12,93188.07,-88900.95,11353482
2025-09-11,TRUE,86961.03,473054.85,-386093.82,40703616
2025-09-12,FALSE,-65090.95,80614.34,-145705.29,9943633
2025-09-12,TRUE,-43162.3,541170.48,-584332.78,44181869
2025-09-13,FALSE,-96215.01,36386.69,-132601.7,5273969
2025-09-13,TRUE,-2652489.37,1940070.03,-4592559.4,152812593
2025-09-14,FALSE,-295764.2,68293.04,-364057.24,8369723
2025-09-14,TRUE,1413633.66,2221082.28,-807448.62,174304013
2025-09-15,FALSE,-132962.87,89615.77,-222578.64,13293778
2025-09-15,TRUE,1807338.65,947513.81,859824.84,68650554
2025-09-16,FALSE,-395233.12,123168.82,-518401.94,22533713
2025-09-16,TRUE,511657.67,314618.61,197039.06,30332580
2025-09-17,FALSE,-463511.8,168185.16,-631696.96,29653800
2025-09-17,TRUE,692927.36,332906.8,360020.56,28409941
2025-09-18,FALSE,58143.94,72543.79,-14399.85,8378438
2025-09-18,TRUE,1354118.01,616997.78,737120.23,63016779
2025-09-19,FALSE,-50241.32,75184.17,-125425.49,8350478
2025-09-19,TRUE,-773485.83,715450,-1488935.83,56473669
2025-09-20,FALSE,-21063.53,29323.33,-50386.86,3331016
2025-09-20,TRUE,-830240.61,2050085.41,-2880326.02,178530097
2025-09-21,FALSE,-52832.93,36641.25,-89474.18,4179580
2025-09-21,TRUE,-5772688.46,2615264.43,-8387952.89,211492892
2025-09-22,FALSE,-183121.03,80906.45,-264027.48,8818279
2025-09-22,TRUE,-783886.84,856726.63,-1640613.47,63499973
2025-09-23,FALSE,-353151.93,94686.01,-447837.94,11220203
2025-09-23,TRUE,22072.33,268307.45,-246235.12,21583357
2025-09-24,FALSE,-137227.8,86373.23,-223601.03,10684955
2025-09-24,TRUE,169726.21,296042.31,-126316.1,23275938
2025-09-25,FALSE,-251721.1,106863.46,-358584.56,11449636
2025-09-25,TRUE,2136672.53,710465.14,1426207.39,58569475
2025-09-26,FALSE,-42863.16,84161.9,-127025.06,9127534
2025-09-26,TRUE,-4011096,1292804.31,-5303900.31,93581836
2025-09-27,FALSE,-99597.28,37996.15,-137593.43,4383767
2025-09-27,TRUE,-3074799.57,3266992.44,-6341792.01,255674084
2025-09-28,FALSE,-374368.92,70996.57,-445365.49,8068406
2025-09-28,TRUE,-2976666.98,2651301.59,-5627968.57,210681821
2025-09-29,FALSE,-110375.21,94339.93,-204715.14,9674489
2025-09-29,TRUE,-1640870.25,771273.34,-2412143.59,69251059
2025-09-30,FALSE,-279646.39,114927.64,-394574.03,15109539
2025-09-30,TRUE,-385464.55,652308.9,-1037773.45,52126038
2025-10-01,FALSE,-163686.1,116269.61,-279955.71,13666032
2025-10-01,TRUE,575829.82,790079.77,-214249.95,63118581
2025-10-02,FALSE,-329.37,116054.96,-116384.33,11801751
2025-10-02,TRUE,-63449.8,1491327.3,-1554777.1,110323765
2025-10-03,FALSE,-116823.27,130315.47,-247138.74,14055268
2025-10-03,TRUE,-40402.43,496268.19,-536670.62,46090878
2025-10-04,FALSE,-182574.8,49537.69,-232112.49,6709553
2025-10-04,TRUE,-1425115,2753458.45,-4178573.45,234200135
2025-10-05,FALSE,-254596.21,53943.62,-308539.83,6133966
2025-10-05,TRUE,147182.37,3670050.32,-3522867.95,290340305
2025-10-06,FALSE,-200588.2,119941.74,-320529.94,12581832
2025-10-06,TRUE,-636628.66,1256145.33,-1892773.99,95219530
2025-10-07,FALSE,-133473.19,132389.8,-265862.99,14700088
2025-10-07,TRUE,-557712.14,659012.02,-1216724.16,54429202
2025-10-08,FALSE,-49417.64,111608.04,-161025.68,13137847
2025-10-08,TRUE,-2073412.17,971878.37,-3045290.54,78069796
2025-10-09,FALSE,-168444.63,128952.42,-297397.05,16251205
2025-10-09,TRUE,-3904403.24,1242818.07,-5147221.31,96828143
2025-10-10,FALSE,-304076.18,149168.18,-453244.36,17311973
2025-10-10,TRUE,516848,901797.88,-384949.88,66963863
2025-10-11,FALSE,-180789.06,37072.77,-217861.83,4974723
2025-10-11,TRUE,-3174143.48,2534801.52,-5708945,213976864
2025-10-12,FALSE,-237360.06,50446.64,-287806.7,6401009
2025-10-12,TRUE,-7760577.99,2696467.89,-10457045.88,214355336
2025-10-13,FALSE,2761.3,87885.34,-85124.04,11213584
2025-10-13,TRUE,-5775665.09,1475126.4,-7250791.49,113872737
2025-10-14,FALSE,-51650.55,107333.82,-158984.37,12873404
2025-10-14,TRUE,437589.26,576910.45,-139321.19,45773560
2025-10-15,FALSE,-211818.44,117225.6,-329044.04,13305159
2025-10-15,TRUE,-470481.25,629209.95,-1099691.2,51903958
2025-10-16,FALSE,-168429.62,118307.72,-286737.34,15112680
2025-10-16,TRUE,901039.58,1208062.18,-307022.6,95248227
2025-10-17,FALSE,-117882.25,121112.95,-238995.2,13893928
2025-10-17,TRUE,-2770958.02,1159499.44,-3930457.46,93169431
2025-10-18,FALSE,-49803.38,46230.26,-96033.64,6614217
2025-10-18,TRUE,663461.9,2643332.77,-1979870.87,221765223
2025-10-19,FALSE,-75299.94,57310.85,-132610.79,8154524
2025-10-19,TRUE,-119780.36,2890675.05,-3010455.41,241953125
2025-10-20,FALSE,-120848.95,118595.21,-239444.16,17114412
2025-10-20,TRUE,-2417088.94,1172615.4,-3589704.34,107282016
2025-10-21,FALSE,-174774.42,121793.09,-296567.51,14441651
2025-10-21,TRUE,510838.29,984894.3,-474056.01,78844650
2025-10-22,FALSE,-29290.85,114714.24,-144005.09,14706726
2025-10-22,TRUE,13159.08,1141627.04,-1128467.96,93730041
2025-10-23,FALSE,-216198.7,117406.8,-333605.5,15102339
2025-10-23,TRUE,31181.37,1076490.79,-1045309.42,93336400
2025-10-24,FALSE,-337645.6,110201.14,-447846.74,14660003
2025-10-24,TRUE,-6487435.24,1622170.9,-8109606.14,126626517
2025-10-25,FALSE,-321525.12,55492.89,-377018.01,9237319
2025-10-25,TRUE,2550616.3,2772549.34,-221933.04,242388246
2025-10-26,FALSE,-174103.26,69856.12,-243959.38,11204378
2025-10-26,TRUE,-1507955.47,2710604.19,-4218559.66,232252437
2025-10-27,FALSE,-369494.04,113127.22,-482621.26,15983659
2025-10-27,TRUE,2949268.83,1237458.67,1711810.16,104051930
2025-10-28,FALSE,-302121.86,162833.31,-464955.17,26272808
2025-10-28,TRUE,-3029,1363737.16,-1366766.16,109324807
2025-10-29,FALSE,-289572.98,189148.77,-478721.75,30170776
2025-10-29,TRUE,741346.83,1342493.84,-601147.01,113169559
2025-10-30,FALSE,-37145.05,163862.28,-201007.33,23619050
2025-10-30,TRUE,-2331025.65,1177047.59,-3508073.24,102526494
2025-10-31,FALSE,-528117.94,141561.69,-669679.63,18597214
2025-10-31,TRUE,-433333.22,1337122.48,-1770455.7,108003897
2025-11-01,FALSE,-343626.91,65874.38,-409501.29,9229736
2025-11-01,TRUE,-2214607.15,3345361.46,-5559968.61,286036849
2025-11-02,FALSE,-148146.7,81803.97,-229950.67,10923108
2025-11-02,TRUE,-110046.39,3355910.22,-3465956.61,294677902
2025-11-03,FALSE,-803689.86,241900.55,-1045590.41,34540321
2025-11-03,TRUE,-5238570.76,1373540.96,-6612111.72,120797486
2025-11-04,FALSE,-759946.2,473052.7,-1232998.9,84641370
2025-11-04,TRUE,-1326465.35,1065685.88,-2392151.23,90835610
2025-11-05,FALSE,-778925.83,150179.59,-929105.42,20365279
2025-11-05,TRUE,-3372146.84,1238534.47,-4610681.31,104535678
2025-11-06,FALSE,-97269.45,150416.84,-247686.29,19164794
2025-11-06,TRUE,731614.81,1161219.39,-429604.58,109107921
2025-11-07,FALSE,-377949.94,160280.3,-538230.24,19091393
2025-11-07,TRUE,-414006.98,1198343.04,-1612350.02,103503366
2025-11-08,FALSE,-230935.69,55932.48,-286868.17,7489438
2025-11-08,TRUE,-283009.71,2939270.19,-3222279.9,261981590
2025-11-09,FALSE,-467993.03,129393.71,-597386.74,18549667
2025-11-09,TRUE,-4142781.89,3412700.94,-7555482.83,300155970
2025-11-10,FALSE,-524258.11,167978.97,-692237.08,24252364
2025-11-10,TRUE,2220721.87,1294421,926300.87,112494442
2025-11-11,FALSE,-609974.28,140399.11,-750373.39,19851081
2025-11-11,TRUE,301161.94,1207690.46,-906528.52,104582305
2025-11-12,FALSE,-465709.72,176266.49,-641976.21,28754848
2025-11-12,TRUE,458776.82,1193236.6,-734459.78,106873391
2025-11-13,FALSE,-402858.57,172177.25,-575035.82,24072593
2025-11-13,TRUE,196073.5,963403.6,-767330.1,100812222
2025-11-14,FALSE,-143047.99,135597.83,-278645.82,14911082
2025-11-14,TRUE,-1489050.04,1383606.4,-2872656.44,114636238
2025-11-15,FALSE,-151966.46,52460.57,-204427.03,7340431
2025-11-15,TRUE,1343276.48,2945386.64,-1602110.16,260609673
2025-11-16,FALSE,-151745.75,60572.8,-212318.55,8916808
2025-11-16,TRUE,-3123172.36,3723499.54,-6846671.9,305101991
2025-11-17,FALSE,-88350.58,132399.76,-220750.34,16222676
2025-11-17,TRUE,3250133.96,1097123.06,2153010.9,97910523
2025-11-18,FALSE,259386.71,152550.73,106835.98,19842802
2025-11-18,TRUE,-1310754.27,1019530.72,-2330284.99,87443959
2025-11-19,FALSE,-322066.16,154193.74,-476259.9,16527244
2025-11-19,TRUE,22880.23,1025765.25,-1002885.02,95176024
2025-11-20,FALSE,-246542.67,150429.57,-396972.24,16670203
2025-11-20,TRUE,-5976022.31,1481862.82,-7457885.13,123361296
2025-11-21,FALSE,-277890.04,143592.29,-421482.33,16154856
2025-11-21,TRUE,168914.81,1327548.18,-1158633.37,113601014
2025-11-22,FALSE,-89874.43,48605.62,-138480.05,6793943
2025-11-22,TRUE,-3874853.25,2722405.02,-6597258.27,244791131
2025-11-23,FALSE,-66625.25,54998.53,-121623.78,7408853
2025-11-23,TRUE,-1494647,3118048.59,-4612695.59,276008528
2025-11-24,FALSE,-110310.08,110594.35,-220904.43,13440975
2025-11-24,TRUE,-1220454.16,1166474.56,-2386928.72,108559159
2025-11-25,FALSE,-489611.62,158145.12,-647756.74,18650043
2025-11-25,TRUE,-2074737.52,1096322.34,-3171059.86,97375957
2025-11-26,FALSE,-137795.94,103387.02,-241182.96,13350409
2025-11-26,TRUE,-2484375.87,1517642.47,-4002018.34,132095138
2025-11-27,FALSE,-200624.88,60503,-261127.88,9166932
2025-11-27,TRUE,1908164.58,3146153.09,-1237988.51,263517975
2025-11-28,FALSE,-243886.38,80926.98,-324813.36,10820717
2025-11-28,TRUE,328633.82,2954297.97,-2625664.15,249969272
2025-11-29,FALSE,-141540.29,46481.84,-188022.13,7318728
2025-11-29,TRUE,3041058.83,3178143.52,-137084.69,282725907
2025-11-30,FALSE,-311643.27,65294.2,-376937.47,10065865
2025-11-30,TRUE,985524.94,3335816.7,-2350291.76,294677311
2025-12-01,FALSE,-144253.75,135952.63,-280206.38,17361683
2025-12-01,TRUE,-2549101.94,1333115.55,-3882217.49,128388030
2025-12-02,FALSE,-262969.61,161729.93,-424699.54,23414468
2025-12-02,TRUE,-168915.66,1120943.46,-1289859.12,102033831
2025-12-03,FALSE,-12260.23,153668.82,-165929.05,22817427
2025-12-03,TRUE,977328.39,1311352.27,-334023.88,124417559
2025-12-04,FALSE,-124870.7,123788.65,-248659.35,19476201
2025-12-04,TRUE,-3628592.43,1449084.09,-5077676.52,135030575
2025-12-05,FALSE,8216.2,104693.51,-96477.31,14568300
2025-12-05,TRUE,-2569709.7,1259427.56,-3829137.26,123267508
2025-12-06,FALSE,-134658.81,55488,-190146.81,8470038
2025-12-06,TRUE,-6311693.51,2795711.72,-9107405.23,239006244
2025-12-07,FALSE,-133656.16,62635.74,-196291.9,9378327
2025-12-07,TRUE,-624185.4,3513595.21,-4137780.61,318443945
2025-12-08,FALSE,-287761.89,132072.62,-419834.51,18456067
2025-12-08,TRUE,-2103898.78,1589028.84,-3692927.62,125325830
2025-12-09,FALSE,-124635.77,153664.64,-278300.41,23258095
2025-12-09,TRUE,-526687.65,1107847.29,-1634534.94,102797590
2025-12-10,FALSE,-208443.91,218103.37,-426547.28,37995610
2025-12-10,TRUE,-2602597.92,1016364.72,-3618962.64,94814392
2025-12-11,FALSE,-295351.15,150364.38,-445715.53,21278493
2025-12-11,TRUE,-1453981.7,1391317.19,-2845298.89,134488619
2025-12-12,FALSE,-60110.8,133294.74,-193405.54,17155469
2025-12-12,TRUE,-818563.67,1295907.15,-2114470.82,114353617
2025-12-13,FALSE,-6805.57,50497.34,-57302.91,8501671
2025-12-13,TRUE,2270774.19,2221125.66,49648.53,200012295
2025-12-14,FALSE,-67368.35,61245.91,-128614.26,8703786
2025-12-14,TRUE,-2732290.67,3488105.23,-6220395.9,321309540
2025-12-15,FALSE,-200082.11,148975.11,-349057.22,18300164
2025-12-15,TRUE,-152003.26,1376241.99,-1528245.25,120749827
2025-12-16,FALSE,-332245.95,152430.73,-484676.68,19974766
2025-12-16,TRUE,-2274373.45,1219452.12,-3493825.57,111227816
2025-12-17,FALSE,-172125.64,188328.06,-360453.7,24533726
2025-12-17,TRUE,-763227.36,1194114.7,-1957342.06,112290451
2025-12-18,FALSE,-265207,176144.37,-441351.37,21711602
2025-12-18,TRUE,546137.67,2150878.37,-1604740.7,188254358
2025-12-19,FALSE,-442226.92,172126.8,-614353.72,23083177
2025-12-19,TRUE,-6644433.5,2448077.71,-9092511.21,251871184
2025-12-20,FALSE,-208296.87,58188.28,-266485.15,10488101
2025-12-20,TRUE,-2532931.06,3514032.58,-6046963.64,325135271
2025-12-21,FALSE,-55412.27,71608.42,-127020.69,10176519
2025-12-21,TRUE,10351613.09,3834840.89,6516772.2,370241103
2025-12-22,FALSE,-255845.63,135799.6,-391645.23,17699876
2025-12-22,TRUE,412887.74,1572734.24,-1159846.5,163462119
2025-12-23,FALSE,98555.84,125448.49,-26892.65,17773854
2025-12-23,TRUE,-4032621.96,1937071.28,-5969693.24,181363282
2025-12-24,FALSE,-63915,117779.42,-181694.42,16865282
2025-12-24,TRUE,181262.2,975867.87,-794605.67,94873102
2025-12-25,FALSE,22634.61,87389.89,-64755.28,14320057
2025-12-25,TRUE,-7759214.46,3190658.26,-10949872.72,297072725
2025-12-26,FALSE,-113022.83,95291.31,-208314.14,14812785
2025-12-26,TRUE,-1119870.16,2260936.46,-3380806.62,193683429
2025-12-27,FALSE,-101297.13,61445.92,-162743.05,11401287
2025-12-27,TRUE,-1051098.16,3480923.51,-4532021.67,314089268
2025-12-28,FALSE,-137385.09,72209.3,-209594.39,12578058
2025-12-28,TRUE,-1917061.58,3594032.16,-5511093.74,346882021
2025-12-29,FALSE,-149884.7,117171.13,-267055.83,18085482
2025-12-29,TRUE,-6615592.32,2292444.26,-8908036.58,216623534
2025-12-30,FALSE,-121378.56,117097.9,-238476.46,18158998
2025-12-30,TRUE,-3740567.01,2072753.06,-5813320.07,173939062
2025-12-31,FALSE,-175196.44,110386.39,-285582.83,17138203
2025-12-31,TRUE,-5126960.79,3402490.84,-8529451.63,277663560
2026-01-01,FALSE,-26743.48,83984.36,-110727.84,12899794
2026-01-01,TRUE,-8881176.06,3218776.78,-12099952.84,275551360
2026-01-02,FALSE,45913.92,151026.38,-105112.46,23297426
2026-01-02,TRUE,457727.56,2345275.18,-1887547.62,221465414
2026-01-03,FALSE,284983.59,109679.68,175303.91,17898393
2026-01-03,TRUE,-4884728.62,3088644.16,-7973372.78,289739051
2026-01-04,FALSE,-137849.58,97175.01,-235024.59,18784910
2026-01-04,TRUE,-711795.97,3975083.22,-4686879.19,380017834
2026-01-05,FALSE,-73124.66,172134.57,-245259.23,21641300
2026-01-05,TRUE,-468313.1,1744964.17,-2213277.27,154711758
2026-01-06,FALSE,-181042.94,180191.92,-361234.86,21894201
2026-01-06,TRUE,-64555.45,1896882.6,-1961438.05,174566782
2026-01-07,FALSE,-179088.92,170656.37,-349745.29,22763049
2026-01-07,TRUE,890896.84,2304803.5,-1413906.66,209363765
2026-01-08,FALSE,-354541.13,173626.05,-528167.18,23971086
2026-01-08,TRUE,-4015499.83,2310136.85,-6325636.68,197214160
2026-01-09,FALSE,-288672.83,198305.63,-486978.46,25754490
2026-01-09,TRUE,-404832.66,2257096.81,-2661929.47,218398236
2026-01-10,FALSE,-321178.58,83148.58,-404327.16,14356016
2026-01-10,TRUE,11194387.73,4566329.99,6628057.74,438055110
2026-01-11,FALSE,-548597.38,128593.12,-677190.5,20701363
2026-01-11,TRUE,5703741.66,4814985.35,888756.31,441507631
2026-01-12,FALSE,-313995.51,197703.45,-511698.96,25385368
2026-01-12,TRUE,-1828384.78,2403825.6,-4232210.38,231349030
2026-01-13,FALSE,-424787.71,235926.25,-660713.96,29242333
2026-01-13,TRUE,-4116103.3,2123644.69,-6239747.99,203616376
2026-01-14,FALSE,-313533.63,259006.74,-572540.37,31235050
2026-01-14,TRUE,-1196890.4,2180714.54,-3377604.94,213726009
2026-01-15,FALSE,-369635.13,200332.89,-569968.02,25747587
2026-01-15,TRUE,-3158401.11,2182133.79,-5340534.9,205215984
2026-01-16,FALSE,-85509.7,217303.16,-302812.86,29151584
2026-01-16,TRUE,-3437165.81,1911922.86,-5349088.67,183098847
2026-01-17,FALSE,-234227.41,104161.69,-338389.1,18103877
2026-01-17,TRUE,-14184242.82,5248745.11,-19432987.93,514079658
2026-01-18,FALSE,-164539.28,125700.21,-290239.49,21393858
2026-01-18,TRUE,-8842659.06,4099280.83,-12941939.89,398086021
2026-01-19,FALSE,-350186.38,139635.28,-489821.66,20969909
2026-01-19,TRUE,-3117470.95,3153164.73,-6270635.68,284668579
2026-01-20,FALSE,-154384.95,263206.27,-417591.22,34540817
2026-01-20,TRUE,-566361.04,2120867.84,-2687228.88,200330149
2026-01-21,FALSE,48055.94,272747.02,-224691.08,36547118
2026-01-21,TRUE,353348.01,2053356.73,-1700008.72,206034480
2026-01-22,FALSE,-187818.89,255709.53,-443528.42,33960362
2026-01-22,TRUE,-1451577.41,2292027.42,-3743604.83,220120786
2026-01-23,FALSE,-125390.89,252436.04,-377826.93,32169615
2026-01-23,TRUE,408798.73,2401544.06,-1992745.33,231867455
2026-01-24,FALSE,-112869.53,172447.43,-285316.96,20972606
2026-01-24,TRUE,1839019.67,3877353.09,-2038333.42,371736324
2026-01-25,FALSE,-429475.3,190934.21,-620409.51,26132272
2026-01-25,TRUE,5964121.81,5241037.08,723084.73,511787189
2026-01-26,FALSE,-363528.99,257321.6,-620850.59,35105829
2026-01-26,TRUE,-630104.31,2126382.33,-2756486.64,214746466
2026-01-27,FALSE,-437161.12,317743.05,-754904.17,40587080
2026-01-27,TRUE,-2680111.96,2637642.34,-5317754.3,254447834
2026-01-28,FALSE,-628605.34,335470.1,-964075.44,43533079
2026-01-28,TRUE,-4904166.59,2631022.05,-7535188.64,262509609
2026-01-29,FALSE,-729819.79,562041.94,-1291861.73,68656677
2026-01-29,TRUE,-886729.36,2160948.38,-3047677.74,220355098
2026-01-30,FALSE,-817905.56,526537.28,-1344442.84,76688572
2026-01-30,TRUE,1425124.81,2569718.44,-1144593.63,242995624
2026-01-31,FALSE,-740472.52,289101.25,-1029573.77,45643910
2026-01-31,TRUE,-5879496.34,3823579.48,-9703075.82,349130227
2026-02-01,FALSE,-889355.1,322685.62,-1212040.72,46858474
2026-02-01,TRUE,-4498408.78,2794004.95,-7292413.73,264466363
2026-02-02,FALSE,-909937.39,337318.52,-1247255.91,50571120
2026-02-02,TRUE,-968273.2,1994707.78,-2962980.98,186289650
2026-02-03,FALSE,-995155.73,370876.17,-1366031.9,63734999
2026-02-03,TRUE,2530344.7,2150016.15,380328.55,212389642
2026-02-04,FALSE,-602672.51,372437.92,-975110.43,46985115
2026-02-04,TRUE,-271700.41,2671243.97,-2942944.38,260662971
2026-02-05,FALSE,-648727.55,422187.02,-1070914.57,50539404
2026-02-05,TRUE,-3524460.39,2526071.48,-6050531.87,252843878
2026-02-06,FALSE,-783856.81,527458.15,-1311314.96,63687404
2026-02-06,TRUE,-4903973.3,2515605.52,-7419578.82,238585047
2026-02-07,FALSE,-1536703.43,525056.24,-2061759.67,70279133
2026-02-07,TRUE,-466585.41,4165855.71,-4632441.12,400371181
2026-02-08,FALSE,-7301133.18,1565823.75,-8866956.93,211410976
2026-02-08,TRUE,-19808015.68,5891708.56,-25699724.24,636635968
2026-02-09,FALSE,-677096.35,391814.83,-1068911.18,54703764
2026-02-09,TRUE,-4883909.83,2693975.6,-7577885.43,256794797
2026-02-10,FALSE,-826234.98,392860.98,-1219095.96,51123768
2026-02-10,TRUE,-7413509.63,2874251.14,-10287760.77,287485213
2026-02-11,FALSE,-498888.85,400256.83,-899145.68,48185740
2026-02-11,TRUE,2153909.45,3178018.7,-1024109.25,316305194
2026-02-12,FALSE,-763427.37,402724.84,-1166152.21,52295902
2026-02-12,TRUE,-3332714.16,2693977.42,-6026691.58,262936796
2026-02-13,FALSE,-709868.93,476959.1,-1186828.03,65540691
2026-02-13,TRUE,-1633514.17,2285588.79,-3919102.96,226096314
2026-02-14,FALSE,-401478.77,322577.86,-724056.63,45013891
2026-02-14,TRUE,-1803306.98,3893860.07,-5697167.05,373819853
2026-02-15,FALSE,-261429.52,349217.64,-610647.16,42320854
2026-02-15,TRUE,-3071378.98,3057373.7,-6128752.68,300284169
2026-02-16,FALSE,-231010.23,389363.41,-620373.64,45935265
2026-02-16,TRUE,-2992577.97,2381573.47,-5374151.44,221552962
2026-02-17,FALSE,-293800.7,408439.27,-702239.97,49430698
2026-02-17,TRUE,-1627888.68,2783539.19,-4411427.87,263421929
2026-02-18,FALSE,-626655.15,438160.34,-1064815.49,53018642
2026-02-18,TRUE,-3212575.39,3109317.49,-6321892.88,304335935
2026-02-19,FALSE,-495687.48,401547.54,-897235.02,45205531
2026-02-19,TRUE,-91457.76,2993226.75,-3084684.51,305248379
2026-02-20,FALSE,-104904.37,459257.42,-564161.79,54219940
2026-02-20,TRUE,1331096.77,3048831.6,-1717734.83,290461162
2026-02-21,FALSE,-226218.84,317095.92,-543314.76,36367877
2026-02-21,TRUE,-3465293.17,4803627.12,-8268920.29,447460860
2026-02-22,FALSE,-214663.55,360251.33,-574914.88,43237139
2026-02-22,TRUE,-2314818.29,4016303.06,-6331121.35,378251040
2026-02-23,FALSE,-564122.55,462114.4,-1026236.95,52781579
2026-02-23,TRUE,-2241944.83,2118561.05,-4360505.88,207679183
2026-02-24,FALSE,-2251276.17,741616.06,-2992892.23,90343402
2026-02-24,TRUE,-2033222.22,2836149.87,-4869372.09,285527775
2026-02-25,FALSE,-62514.2,524667.33,-587181.53,63228674
2026-02-25,TRUE,-3678863.06,3271366.54,-6950229.6,316743799
2026-02-26,FALSE,-645545.37,432713.02,-1078258.39,50091760
2026-02-26,TRUE,90236.99,3158914.06,-3068677.07,317398011
2026-02-27,FALSE,-452945.25,460668.41,-913613.66,50996992
2026-02-27,TRUE,-651869.99,3107012.27,-3758882.26,283533515
2026-02-28,FALSE,-228705.48,427016.74,-655722.22,48941097
2026-02-28,TRUE,-1358014.95,4530360.43,-5888375.38,431051537
2026-03-01,FALSE,-185086.95,424653.48,-609740.43,48326504
2026-03-01,TRUE,-3165807.35,3693500.2,-6859307.55,370703214
2026-03-02,FALSE,-584134,551116.67,-1135250.67,59129301
2026-03-02,TRUE,160484.17,2463391.08,-2302906.91,230415162
2026-03-03,FALSE,-167356.15,535790.83,-703146.98,64624487
2026-03-03,TRUE,-1526909.14,2962559.88,-4489469.02,292305720
2026-03-04,FALSE,-131092.7,563338.48,-694431.18,74899959
2026-03-04,TRUE,-2569132.83,3381868.9,-5951001.73,319341258
2026-03-05,FALSE,-594608.73,469143.93,-1063752.66,52039098
2026-03-05,TRUE,-2512269.26,3287727.09,-5799996.35,326213903
2026-03-06,FALSE,-616470.81,466006.79,-1082477.6,52744810
2026-03-06,TRUE,2302029.61,3542339.35,-1240309.74,341118852
2026-03-07,FALSE,-389145.21,364010.32,-753155.53,41841029
2026-03-07,TRUE,-3017572.93,4990823.69,-8008396.62,469876130
2026-03-08,FALSE,-221169.74,354108.8,-575278.54,44385662
2026-03-08,TRUE,-5167374.03,3967794.65,-9135168.68,392738400
2026-03-09,FALSE,-398617.02,430878.31,-829495.33,49727825
2026-03-09,TRUE,-3803454.12,2672402.91,-6475857.03,253894890
2026-03-10,FALSE,-452434.76,465262.49,-917697.25,53724536
2026-03-10,TRUE,-3059802.26,3317626.36,-6377428.62,332383146
2026-03-11,FALSE,-547539.15,438085.75,-985624.9,50229088
2026-03-11,TRUE,-5818974.03,3697004.97,-9515979,361352990
2026-03-12,FALSE,-326823.56,342471.96,-669295.52,40865219
2026-03-12,TRUE,-558197.05,3553003.63,-4111200.68,364819199
2026-03-13,FALSE,-278969.28,476556.67,-755525.95,52759361
2026-03-13,TRUE,632152.32,3706631.45,-3074479.13,375837351
2026-03-14,FALSE,-199527.07,321663.4,-521190.47,37499176
2026-03-14,TRUE,-5620016.44,4507129.11,-10127145.55,437664450
2026-03-15,FALSE,-191007.98,799683.96,-990691.94,97637901
2026-03-15,TRUE,-3079079.53,3671511.25,-6750590.78,344953819
2026-03-16,FALSE,-262986.79,508330.87,-771317.66,55374107
2026-03-16,TRUE,3269067.47,2132514.63,1136552.84,223281358
2026-03-17,FALSE,-400005.3,457823.17,-857828.47,50933191
2026-03-17,TRUE,1725933.49,2830453.75,-1104520.26,307757613
2026-03-18,FALSE,-753975.44,552219.54,-1306194.98,61406739
2026-03-18,TRUE,-209661.05,2683920.63,-2893581.68,288622583
2026-03-19,FALSE,-348900.7,211576.39,-560477.09,25651636
2026-03-19,TRUE,-4572628.06,4056241.25,-8628869.31,471991392
2026-03-20,FALSE,32414.58,261673.38,-229258.8,26686204
2026-03-20,TRUE,259392.18,4611364.26,-4351972.08,491469668
2026-03-21,FALSE,88042.07,282818.42,-194776.35,28620855
2026-03-21,TRUE,1902463.25,4721153.7,-2818690.45,486994957
2026-03-22,FALSE,-111353.47,272446.84,-383800.31,28478301
2026-03-22,TRUE,-8615720.64,4928025.09,-13543745.73,471571624
2026-03-23,FALSE,-65861.93,276632.45,-342494.38,29536791
2026-03-23,TRUE,-6927346.02,2693283.9,-9620629.92,268433646
2026-03-24,FALSE,40128.38,293834.63,-253706.25,31354145
2026-03-24,TRUE,-302933.84,2101462.16,-2404396,217655374
2026-03-25,FALSE,-205623.71,305093.27,-510716.98,32712543
2026-03-25,TRUE,-1657924.29,2452766.33,-4110690.62,258282740
2026-03-26,FALSE,-53910.89,288728.44,-342639.33,28686744
2026-03-26,TRUE,-5160238.09,3195614.38,-8355852.47,324976006
2026-03-27,FALSE,-90186.05,342278.5,-432464.55,34937244
2026-03-27,TRUE,-187638.07,3512449.6,-3700087.67,352321771
2026-03-28,FALSE,573330.09,328020.42,245309.67,32009944
2026-03-28,TRUE,2599100.18,4004973.56,-1405873.38,395408308
2026-03-29,FALSE,-74596.97,229169.05,-303766.02,27873246
2026-03-29,TRUE,-372549,3525769.81,-3898318.81,364798905
2026-03-30,FALSE,-93892.77,257567.88,-351460.65,28493537
2026-03-30,TRUE,-5118169.16,2584793.52,-7702962.68,283456965
2026-03-31,FALSE,-93971.15,252116.33,-346087.48,27125384
2026-03-31,TRUE,-1774044.55,2803008.03,-4577052.58,296072665
2026-04-01,FALSE,-528920.74,386053.56,-914974.3,44619428
2026-04-01,TRUE,-3514619.11,2972235.21,-6486854.32,312502423
2026-04-02,FALSE,123828.45,283372.63,-159544.18,28153050
2026-04-02,TRUE,-1241493.78,2774885.68,-4016379.46,294415711
2026-04-03,FALSE,-198712.84,332280.97,-530993.81,31901341
2026-04-03,TRUE,157614.83,3344949.37,-3187334.54,346303245
2026-04-04,FALSE,-92928.22,286812.15,-379740.37,27781953
2026-04-04,TRUE,-8233581.8,4864913.98,-13098495.78,453827737
2026-04-05,FALSE,-91735.91,222095.18,-313831.09,23746940
2026-04-05,TRUE,-2826712.59,3753645.71,-6580358.3,384915654
2026-04-06,FALSE,-219218.58,274367.04,-493585.62,31291929
2026-04-06,TRUE,472167.23,3032731.92,-2560564.69,301246006
2026-04-07,FALSE,-59001.29,264090.88,-323092.17,28464247
2026-04-07,TRUE,5281236.74,2628877.53,2652359.21,303903619
2026-04-08,FALSE,-83262.75,287096.43,-370359.18,30626780
2026-04-08,TRUE,469955.93,2723529.61,-2253573.68,306310475
2026-04-09,FALSE,-153827.63,251507.34,-405334.97,27580571
2026-04-09,TRUE,3554128.18,2767638.38,786489.8,305738549
2026-04-10,FALSE,-120163.34,304849.14,-425012.48,31464323
2026-04-10,TRUE,-5819586.54,3418541.2,-9238127.74,378547534
2026-04-11,FALSE,-218885.9,285606.32,-504492.22,30217607
2026-04-11,TRUE,-6329341.28,2670930.23,-9000271.51,303210571
2026-04-12,FALSE,-284740.57,273857.7,-558598.27,30364445
2026-04-12,TRUE,-4005268.24,3154176.23,-7159444.47,345794539
2026-04-13,FALSE,-249275.28,339633.77,-588909.05,36222329
2026-04-13,TRUE,1047160.08,2201363.3,-1154203.22,240494443
2026-04-14,FALSE,-218131.85,328506.78,-546638.63,35560154
2026-04-14,TRUE,-5740535.24,3146398.78,-8886934.02,320906688
2026-04-15,FALSE,-182053.52,292383.51,-474437.03,33074507
2026-04-15,TRUE,1855761.1,2753702.67,-897941.57,274097432
2026-04-16,FALSE,-118496.91,348254.39,-466751.3,38974155
2026-04-16,TRUE,-1107451.44,2656746.42,-3764197.86,269635818
2026-04-17,FALSE,-21293.06,393011.63,-414304.69,41644515
2026-04-17,TRUE,-7548225.05,3080693.3,-10628918.35,322547508
2026-04-18,FALSE,-159693.99,337916.67,-497610.66,35938770
2026-04-18,TRUE,-1387050.09,3719811.14,-5106861.23,384231086
2026-04-19,FALSE,-213022.28,334710.92,-547733.2,35637678
2026-04-19,TRUE,-3965015.33,3447725.81,-7412741.14,376696464
2026-04-20,FALSE,-117625.64,323678.79,-441304.43,35394808
2026-04-20,TRUE,-733221.94,3203566.67,-3936788.61,338107483
2026-04-21,FALSE,-98749.81,401965.69,-500715.5,46308638
2026-04-21,TRUE,-1107853.1,4158471.88,-5266324.98,446412536
2026-04-22,FALSE,221475.09,485714.46,-264239.37,51192727
2026-04-22,TRUE,-4657258.18,3776700.53,-8433958.71,425128915
2026-04-23,FALSE,130873.97,383068.53,-252194.56,42776767
2026-04-23,TRUE,-5963527.36,3952302.21,-9915829.57,428940630
2026-04-24,FALSE,-243467.43,475273.46,-718740.89,47359358
2026-04-24,TRUE,9540966.66,3903097.49,5637869.17,430075538
2026-04-25,FALSE,-52054.53,371811.86,-423866.39,37680692
2026-04-25,TRUE,4074952.69,5682360.79,-1607408.1,617114516
2026-04-26,FALSE,-112291.49,407880.09,-520171.58,43918827
2026-04-26,TRUE,-13122277.04,5526363.03,-18648640.07,575024991
2026-04-27,FALSE,-16690.72,359654.11,-376344.83,37301804
2026-04-27,TRUE,-3025291.37,1716831.58,-4742122.95,236837973
2026-04-28,FALSE,-268284.86,440065.33,-708350.19,45927884
2026-04-28,TRUE,-7351529.66,3305133.07,-10656662.73,406985350
2026-04-29,FALSE,-201384.32,523684.23,-725068.55,54492008
2026-04-29,TRUE,-8376262.45,3474586.95,-11850849.4,387982837
2026-04-30,FALSE,-179174.63,427646.57,-606821.2,47005940
2026-04-30,TRUE,-3514069.88,3789270.79,-7303340.67,401226425
2026-05-01,FALSE,-330075.51,567258.09,-897333.6,57288291
2026-05-01,TRUE,5388900.03,4229267.35,1159632.68,462982074
2026-05-02,FALSE,-442635.27,429606.22,-872241.49,44905601
2026-05-02,TRUE,5687629.76,4268217.88,1419411.88,457270073
2026-05-03,FALSE,-356130.84,422467.27,-778598.11,44939052
2026-05-03,TRUE,-1118414.68,3962823.5,-5081238.18,450036299
2026-05-04,FALSE,-326835.31,416636.64,-743471.95,46317299
2026-05-04,TRUE,-186124.91,3701965.86,-3888090.77,419619421
2026-05-05,FALSE,-332536.61,552359.39,-884896,57711356
2026-05-05,TRUE,-6532573.68,3570589.38,-10103163.06,428992124
2026-05-06,FALSE,-691095.4,562763.27,-1253858.67,60305776
2026-05-06,TRUE,-6452968.33,3894157.89,-10347126.22,441210688
2026-05-07,FALSE,-223252.97,557348.08,-780601.05,57379215
2026-05-07,TRUE,-1202315.33,3772530.8,-4974846.13,458900509
2026-05-08,FALSE,-393303.32,539450.49,-932753.81,57065620
2026-05-08,TRUE,-3617410.25,3915053.62,-7532463.87,461416490
2026-05-09,FALSE,-42964.49,378694.21,-421658.7,38173728
2026-05-09,TRUE,3882719.76,5670464.47,-1787744.71,648003033
2026-05-10,FALSE,-291522.96,473174.16,-764697.12,53155436
2026-05-10,TRUE,-4306151.28,5345428.98,-9651580.26,596806382
2026-05-11,FALSE,-254857.11,758170.93,-1013028.04,79947207
2026-05-11,TRUE,-9525024.12,3458846.83,-12983870.95,420391257
2026-05-12,FALSE,-398947.58,720847.19,-1119794.77,74063488
2026-05-12,TRUE,-553956.95,3812222.24,-4366179.19,441260599
2026-05-13,FALSE,-726311.81,692713.84,-1419025.65,74877251
2026-05-13,TRUE,-5791101.29,3759084.36,-9550185.65,428509730
2026-05-14,FALSE,-503859.79,824917.93,-1328777.72,84215681
2026-05-14,TRUE,-1435437.92,3163784.65,-4599222.57,393723356
2026-05-15,FALSE,-865318.34,929214.06,-1794532.4,92011234
2026-05-15,TRUE,121081.95,3643481.17,-3522399.22,476585218
2026-05-16,FALSE,-296441.95,773012.19,-1069454.14,77375224
2026-05-16,TRUE,-8817751.55,3866789.29,-12684540.84,496118927
2026-05-17,FALSE,-569076.59,759614.66,-1328691.25,75055651
2026-05-17,TRUE,1002602.76,4147593.73,-3144990.97,513964640
2026-05-18,FALSE,-340791.14,820082.76,-1160873.9,80740610
2026-05-18,TRUE,1390260.75,3770219.23,-2379958.48,394426574
2026-05-19,FALSE,-324720.45,865107.07,-1189827.52,96812623
2026-05-19,TRUE,11942876.72,4030605.48,7912271.24,433259618
2026-05-20,FALSE,-85568.65,827949.49,-913518.14,85172227
2026-05-20,TRUE,-2368096.27,4367896.51,-6735992.78,471384546
