platform,date,segment_type,segment,size_bucket,bucket_order,trade_count,contracts,max_trade_size,avg_trade_size
ForecastEx,2026-04-10,All,All,1-9,1,3957,14139,9,3.57316148597422
ForecastEx,2026-04-10,All,All,10-99,2,15295,534655,99,34.9561948349134
ForecastEx,2026-04-10,All,All,100-999,3,1737,336583,996,193.772596430628
ForecastEx,2026-04-10,All,All,1k-9k,4,76,124836,7192,1642.57894736842
ForecastEx,2026-04-10,All,All,10k-49k,5,1,12532,12532,12532
ForecastEx,2026-04-11,All,All,1-9,1,5005,18052,9,3.60679320679321
ForecastEx,2026-04-11,All,All,10-99,2,11682,499376,99,42.7474747474747
ForecastEx,2026-04-11,All,All,100-999,3,1283,302033,999,235.411535463757
ForecastEx,2026-04-11,All,All,1k-9k,4,77,110352,8000,1433.14285714286
ForecastEx,2026-04-12,All,All,1-9,1,4280,15968,9,3.73084112149533
ForecastEx,2026-04-12,All,All,10-99,2,10926,568190,99,52.0034779425224
ForecastEx,2026-04-12,All,All,100-999,3,1185,257733,995,217.496202531646
ForecastEx,2026-04-12,All,All,1k-9k,4,37,70832,9600,1914.37837837838
ForecastEx,2026-04-13,All,All,1-9,1,3817,14370,9,3.76473670421797
ForecastEx,2026-04-13,All,All,10-99,2,10527,432764,99,41.1099078559894
ForecastEx,2026-04-13,All,All,100-999,3,1616,310851,962,192.358292079208
ForecastEx,2026-04-13,All,All,1k-9k,4,35,47345,4400,1352.71428571429
ForecastEx,2026-04-14,All,All,1-9,1,4563,17463,9,3.82708744247206
ForecastEx,2026-04-14,All,All,10-99,2,14025,603318,99,43.0173262032086
ForecastEx,2026-04-14,All,All,100-999,3,1922,383476,995,199.519250780437
ForecastEx,2026-04-14,All,All,1k-9k,4,71,129677,5000,1826.43661971831
ForecastEx,2026-04-15,All,All,1-9,1,6907,24564,9,3.55639206601998
ForecastEx,2026-04-15,All,All,10-99,2,14433,680176,99,47.1264463382526
ForecastEx,2026-04-15,All,All,100-999,3,2676,461760,997,172.556053811659
ForecastEx,2026-04-15,All,All,1k-9k,4,68,115206,6141,1694.20588235294
ForecastEx,2026-04-15,All,All,10k-49k,5,1,19328,19328,19328
ForecastEx,2026-04-16,All,All,1-9,1,5070,19542,9,3.85443786982249
ForecastEx,2026-04-16,All,All,10-99,2,17957,815342,99,45.4052458651222
ForecastEx,2026-04-16,All,All,100-999,3,2200,435514,999,197.960909090909
ForecastEx,2026-04-16,All,All,1k-9k,4,88,173274,5000,1969.02272727273
ForecastEx,2026-04-16,All,All,10k-49k,5,5,143983,46200,28796.6
ForecastEx,2026-04-16,All,All,50k-99k,6,3,244319,98993,81439.6666666667
ForecastEx,2026-04-17,All,All,1-9,1,6968,19759,9,2.83567738231917
ForecastEx,2026-04-17,All,All,10-99,2,11568,494471,99,42.7447268326418
ForecastEx,2026-04-17,All,All,100-999,3,4560,776189,999,170.216885964912
ForecastEx,2026-04-17,All,All,1k-9k,4,113,186097,8333,1646.87610619469
ForecastEx,2026-04-18,All,All,1-9,1,5998,16249,9,2.70906968989663
ForecastEx,2026-04-18,All,All,10-99,2,10380,406028,99,39.1163776493256
ForecastEx,2026-04-18,All,All,100-999,3,1852,470482,999,254.039956803456
ForecastEx,2026-04-18,All,All,1k-9k,4,166,303347,7446,1827.39156626506
ForecastEx,2026-04-18,All,All,10k-49k,5,7,142682,37682,20383.1428571429
ForecastEx,2026-04-19,All,All,1-9,1,5164,13295,9,2.57455460883036
ForecastEx,2026-04-19,All,All,10-99,2,8950,338180,99,37.7854748603352
ForecastEx,2026-04-19,All,All,100-999,3,1381,307046,999,222.335988414193
ForecastEx,2026-04-19,All,All,1k-9k,4,70,137918,5000,1970.25714285714
ForecastEx,2026-04-19,All,All,10k-49k,5,1,12500,12500,12500
ForecastEx,2026-04-20,All,All,1-9,1,9137,21000,9,2.29834737878954
ForecastEx,2026-04-20,All,All,10-99,2,14431,506714,99,35.1128819901601
ForecastEx,2026-04-20,All,All,100-999,3,2019,448012,999,221.897969291729
ForecastEx,2026-04-20,All,All,1k-9k,4,105,192310,9979,1831.52380952381
ForecastEx,2026-04-20,All,All,10k-49k,5,1,36781,36781,36781
ForecastEx,2026-04-21,All,All,1-9,1,5935,19849,9,3.34439764111205
ForecastEx,2026-04-21,All,All,10-99,2,21763,622633,99,28.6097045444102
ForecastEx,2026-04-21,All,All,100-999,3,1936,366299,999,189.20402892562
ForecastEx,2026-04-21,All,All,1k-9k,4,60,101116,7515,1685.26666666667
ForecastEx,2026-04-22,All,All,1-9,1,5756,22885,9,3.97585128561501
ForecastEx,2026-04-22,All,All,10-99,2,16485,589025,99,35.7309675462542
ForecastEx,2026-04-22,All,All,100-999,3,2919,503997,988,172.660842754368
ForecastEx,2026-04-22,All,All,1k-9k,4,87,135743,5000,1560.26436781609
ForecastEx,2026-04-23,All,All,1-9,1,3741,14584,9,3.89842288158246
ForecastEx,2026-04-23,All,All,10-99,2,14474,446263,99,30.8320436645019
ForecastEx,2026-04-23,All,All,100-999,3,2222,439892,998,197.971197119712
ForecastEx,2026-04-23,All,All,1k-9k,4,70,132875,5000,1898.21428571429
ForecastEx,2026-04-24,All,All,1-9,1,4911,19544,9,3.97963754836082
ForecastEx,2026-04-24,All,All,10-99,2,20510,557107,99,27.1627011214042
ForecastEx,2026-04-24,All,All,100-999,3,1756,369389,999,210.358200455581
ForecastEx,2026-04-24,All,All,1k-9k,4,64,104063,5555,1625.984375
ForecastEx,2026-04-24,All,All,10k-49k,5,1,24826,24826,24826
ForecastEx,2026-04-25,All,All,1-9,1,3065,10975,9,3.58075040783034
ForecastEx,2026-04-25,All,All,10-99,2,10989,335151,99,30.4987714987715
ForecastEx,2026-04-25,All,All,100-999,3,1326,321392,986,242.377073906486
ForecastEx,2026-04-25,All,All,1k-9k,4,44,69751,5000,1585.25
ForecastEx,2026-04-26,All,All,1-9,1,3620,12355,9,3.41298342541436
ForecastEx,2026-04-26,All,All,10-99,2,9022,333950,99,37.0150742629129
ForecastEx,2026-04-26,All,All,100-999,3,1131,238178,999,210.590627763042
ForecastEx,2026-04-26,All,All,1k-9k,4,47,58276,2722,1239.91489361702
ForecastEx,2026-04-26,All,All,10k-49k,5,1,10000,10000,10000
ForecastEx,2026-04-27,All,All,1-9,1,4837,16296,9,3.36903039073806
ForecastEx,2026-04-27,All,All,10-99,2,10519,383366,99,36.4450993440441
ForecastEx,2026-04-27,All,All,100-999,3,1344,270622,999,201.355654761905
ForecastEx,2026-04-27,All,All,1k-9k,4,52,106000,9840,2038.46153846154
ForecastEx,2026-04-28,All,All,1-9,1,4681,13228,9,2.82589190343944
ForecastEx,2026-04-28,All,All,10-99,2,10713,399413,99,37.2830206291422
ForecastEx,2026-04-28,All,All,100-999,3,1947,364534,999,187.228556753981
ForecastEx,2026-04-28,All,All,1k-9k,4,44,65946,5000,1498.77272727273
ForecastEx,2026-04-28,All,All,50k-99k,6,1,70000,70000,70000
ForecastEx,2026-04-29,All,All,1-9,1,4681,14818,9,3.16556291390729
ForecastEx,2026-04-29,All,All,10-99,2,11577,415762,99,35.9127580547638
ForecastEx,2026-04-29,All,All,100-999,3,1629,344037,999,211.195211786372
ForecastEx,2026-04-29,All,All,1k-9k,4,138,229394,7000,1662.27536231884
ForecastEx,2026-04-29,All,All,10k-49k,5,2,29116,19116,14558
ForecastEx,2026-04-29,All,All,100k+,7,1,1e+05,1e+05,1e+05
ForecastEx,2026-04-30,All,All,1-9,1,4872,15428,9,3.16666666666667
ForecastEx,2026-04-30,All,All,10-99,2,12634,399913,99,31.6537122051607
ForecastEx,2026-04-30,All,All,100-999,3,1558,338832,993,217.478818998716
ForecastEx,2026-04-30,All,All,1k-9k,4,104,148629,5000,1429.125
ForecastEx,2026-04-30,All,All,10k-49k,5,1,20096,20096,20096
ForecastEx,2026-04-30,All,All,50k-99k,6,1,75000,75000,75000
ForecastEx,2026-05-01,All,All,1-9,1,5174,15910,9,3.07499033629687
ForecastEx,2026-05-01,All,All,10-99,2,11683,410933,99,35.1735855516563
ForecastEx,2026-05-01,All,All,100-999,3,1642,368163,999,224.216199756395
ForecastEx,2026-05-01,All,All,1k-9k,4,73,125375,9000,1717.46575342466
ForecastEx,2026-05-01,All,All,10k-49k,5,1,10800,10800,10800
ForecastEx,2026-05-01,All,All,100k+,7,1,1e+05,1e+05,1e+05
ForecastEx,2026-05-02,All,All,1-9,1,3950,11252,9,2.84860759493671
ForecastEx,2026-05-02,All,All,10-99,2,5808,198903,99,34.2463842975207
ForecastEx,2026-05-02,All,All,100-999,3,1411,375902,993,266.408221119773
ForecastEx,2026-05-02,All,All,1k-9k,4,34,60033,6225,1765.67647058824
ForecastEx,2026-05-03,All,All,1-9,1,4456,13141,9,2.94905745062837
ForecastEx,2026-05-03,All,All,10-99,2,9703,331234,99,34.1372771307843
ForecastEx,2026-05-03,All,All,100-999,3,1152,264246,991,229.380208333333
ForecastEx,2026-05-03,All,All,1k-9k,4,50,74591,6100,1491.82
ForecastEx,2026-05-03,All,All,10k-49k,5,1,18947,18947,18947
ForecastEx,2026-05-04,All,All,1-9,1,3801,12967,9,3.41147066561431
ForecastEx,2026-05-04,All,All,10-99,2,8940,297963,99,33.3291946308725
ForecastEx,2026-05-04,All,All,100-999,3,1694,367812,999,217.126328217237
ForecastEx,2026-05-04,All,All,1k-9k,4,90,137767,5000,1530.74444444444
ForecastEx,2026-05-05,All,All,1-9,1,3126,12440,9,3.97952655150352
ForecastEx,2026-05-05,All,All,10-99,2,10317,332633,99,32.2412523020258
ForecastEx,2026-05-05,All,All,100-999,3,1528,329293,984,215.505890052356
ForecastEx,2026-05-05,All,All,1k-9k,4,99,179800,5037,1816.16161616162
ForecastEx,2026-05-05,All,All,10k-49k,5,2,40143,25000,20071.5
ForecastEx,2026-05-05,All,All,50k-99k,6,1,50000,50000,50000
ForecastEx,2026-05-06,All,All,1-9,1,3903,16128,9,4.13220599538816
ForecastEx,2026-05-06,All,All,10-99,2,11561,403912,99,34.9374621572528
ForecastEx,2026-05-06,All,All,100-999,3,1471,298922,987,203.210061182869
ForecastEx,2026-05-06,All,All,1k-9k,4,100,142874,8030,1428.74
ForecastEx,2026-05-06,All,All,10k-49k,5,6,60000,10000,10000
ForecastEx,2026-05-07,All,All,1-9,1,3613,14194,9,3.92859119845004
ForecastEx,2026-05-07,All,All,10-99,2,10991,365740,99,33.2763169866254
ForecastEx,2026-05-07,All,All,100-999,3,1820,371850,995,204.313186813187
ForecastEx,2026-05-07,All,All,1k-9k,4,63,105742,8000,1678.44444444444
ForecastEx,2026-05-07,All,All,10k-49k,5,2,38005,20000,19002.5
ForecastEx,2026-05-08,All,All,1-9,1,3501,14535,9,4.15167095115681
ForecastEx,2026-05-08,All,All,10-99,2,10580,374678,99,35.4137996219282
ForecastEx,2026-05-08,All,All,100-999,3,2025,484695,985,239.355555555556
ForecastEx,2026-05-08,All,All,1k-9k,4,73,125322,6000,1716.7397260274
ForecastEx,2026-05-08,All,All,10k-49k,5,1,28801,28801,28801
Kalshi,2026-04-10,All,All,1-9,1,956271,3374211,9,3.52850917783766
Kalshi,2026-04-10,All,All,10-99,2,1416090,50614556,99,35.7424711706177
Kalshi,2026-04-10,All,All,100-999,3,677608,185679521,999,274.022031912256
Kalshi,2026-04-10,All,All,1k-9k,4,94751,217928975,9999,2300.01767791369
Kalshi,2026-04-10,All,All,10k-49k,5,3887,60123437,49964,15467.8253151531
Kalshi,2026-04-10,All,All,50k-99k,6,102,6453114,99985,63265.8235294118
Kalshi,2026-04-10,All,All,100k+,7,28,4400949,560692,157176.75
Kalshi,2026-04-10,Category,Climate and Weather,1-9,1,56380,170359,9,3.02162114224902
Kalshi,2026-04-10,Category,Climate and Weather,10-99,2,28375,775490,99,27.3300440528634
Kalshi,2026-04-10,Category,Climate and Weather,100-999,3,4506,1006143,999,223.289613848202
Kalshi,2026-04-10,Category,Climate and Weather,1k-9k,4,134,295515,9388,2205.33582089552
Kalshi,2026-04-10,Category,Climate and Weather,10k-49k,5,2,25000,15000,12500
Kalshi,2026-04-10,Category,Commodities,1-9,1,9563,35450,9,3.70699571264248
Kalshi,2026-04-10,Category,Commodities,10-99,2,10818,339667,99,31.3983176187835
Kalshi,2026-04-10,Category,Commodities,100-999,3,2630,605850,998,230.361216730038
Kalshi,2026-04-10,Category,Commodities,1k-9k,4,101,179296,8365,1775.20792079208
Kalshi,2026-04-10,Category,Commodities,10k-49k,5,1,10450,10450,10450
Kalshi,2026-04-10,Category,Companies,1-9,1,1928,6104,9,3.16597510373444
Kalshi,2026-04-10,Category,Companies,10-99,2,884,27772,99,31.4162895927602
Kalshi,2026-04-10,Category,Companies,100-999,3,255,65749,982,257.839215686275
Kalshi,2026-04-10,Category,Companies,1k-9k,4,14,24593,3524,1756.64285714286
Kalshi,2026-04-10,Category,Crypto,1-9,1,415271,1279865,9,3.08199946540934
Kalshi,2026-04-10,Category,Crypto,10-99,2,400310,12752162,99,31.8557168194649
Kalshi,2026-04-10,Category,Crypto,100-999,3,122012,28300083,999,231.94507917254
Kalshi,2026-04-10,Category,Crypto,1k-9k,4,3359,5288492,9663,1574.42453111045
Kalshi,2026-04-10,Category,Crypto,10k-49k,5,10,172043,35802,17204.3
Kalshi,2026-04-10,Category,Economics,1-9,1,6413,21394,9,3.33603617651645
Kalshi,2026-04-10,Category,Economics,10-99,2,5664,166550,99,29.4050141242938
Kalshi,2026-04-10,Category,Economics,100-999,3,2113,635268,999,300.647420728822
Kalshi,2026-04-10,Category,Economics,1k-9k,4,320,783491,9990,2448.409375
Kalshi,2026-04-10,Category,Economics,10k-49k,5,21,376887,49875,17947
Kalshi,2026-04-10,Category,Economics,50k-99k,6,6,430242,93902,71707
Kalshi,2026-04-10,Category,Economics,100k+,7,1,1e+05,1e+05,1e+05
Kalshi,2026-04-10,Category,Elections,1-9,1,4077,17289,9,4.24061810154525
Kalshi,2026-04-10,Category,Elections,10-99,2,6269,213055,99,33.9854841282501
Kalshi,2026-04-10,Category,Elections,100-999,3,3643,1057824,999,290.371671699149
Kalshi,2026-04-10,Category,Elections,1k-9k,4,790,1804111,9999,2283.68481012658
Kalshi,2026-04-10,Category,Elections,10k-49k,5,41,638010,45059,15561.2195121951
Kalshi,2026-04-10,Category,Elections,50k-99k,6,1,69701,69701,69701
Kalshi,2026-04-10,Category,Elections,100k+,7,2,434791,334791,217395.5
Kalshi,2026-04-10,Category,Entertainment,1-9,1,5475,20601,9,3.7627397260274
Kalshi,2026-04-10,Category,Entertainment,10-99,2,5191,179520,99,34.5829319976883
Kalshi,2026-04-10,Category,Entertainment,100-999,3,1877,511067,999,272.27863612147
Kalshi,2026-04-10,Category,Entertainment,1k-9k,4,201,549040,9376,2731.54228855721
Kalshi,2026-04-10,Category,Entertainment,10k-49k,5,4,59834,21131,14958.5
Kalshi,2026-04-10,Category,Financials,1-9,1,9006,20171,9,2.23972906950922
Kalshi,2026-04-10,Category,Financials,10-99,2,3522,100994,99,28.6751845542306
Kalshi,2026-04-10,Category,Financials,100-999,3,872,202260,999,231.949541284404
Kalshi,2026-04-10,Category,Financials,1k-9k,4,49,126113,9980,2573.73469387755
Kalshi,2026-04-10,Category,Financials,10k-49k,5,3,60000,20000,20000
Kalshi,2026-04-10,Category,Health,1-9,1,68,244,9,3.58823529411765
Kalshi,2026-04-10,Category,Health,10-99,2,55,1748,97,31.7818181818182
Kalshi,2026-04-10,Category,Health,100-999,3,13,3512,993,270.153846153846
Kalshi,2026-04-10,Category,Mentions,1-9,1,22462,80027,9,3.56277268275309
Kalshi,2026-04-10,Category,Mentions,10-99,2,19886,611687,99,30.759680177009
Kalshi,2026-04-10,Category,Mentions,100-999,3,3814,870386,987,228.208180388044
Kalshi,2026-04-10,Category,Mentions,1k-9k,4,156,324437,9351,2079.72435897436
Kalshi,2026-04-10,Category,Mentions,10k-49k,5,1,11689,11689,11689
Kalshi,2026-04-10,Category,Politics,1-9,1,8899,33851,9,3.80391055174739
Kalshi,2026-04-10,Category,Politics,10-99,2,8038,248743,99,30.945882060214
Kalshi,2026-04-10,Category,Politics,100-999,3,2587,672863,996,260.093931194434
Kalshi,2026-04-10,Category,Politics,1k-9k,4,261,515471,9602,1974.9846743295
Kalshi,2026-04-10,Category,Politics,10k-49k,5,4,86993,32631,21748.25
Kalshi,2026-04-10,Category,Science and Technology,1-9,1,1578,5804,9,3.67807351077313
Kalshi,2026-04-10,Category,Science and Technology,10-99,2,1336,43318,99,32.4236526946108
Kalshi,2026-04-10,Category,Science and Technology,100-999,3,430,119218,993,277.251162790698
Kalshi,2026-04-10,Category,Science and Technology,1k-9k,4,43,101433,9351,2358.90697674419
Kalshi,2026-04-10,Category,Social,1-9,1,63,209,9,3.31746031746032
Kalshi,2026-04-10,Category,Social,10-99,2,26,927,66,35.6538461538462
Kalshi,2026-04-10,Category,Social,100-999,3,23,4887,400,212.478260869565
Kalshi,2026-04-10,Category,Social,1k-9k,4,1,1280,1280,1280
Kalshi,2026-04-10,Category,Sports,1-9,1,414900,1682137,9,4.05431911303929
Kalshi,2026-04-10,Category,Sports,10-99,2,925488,35146718,99,37.9764167660737
Kalshi,2026-04-10,Category,Sports,100-999,3,532779,151611571,999,284.567467936987
Kalshi,2026-04-10,Category,Sports,1k-9k,4,89319,207929904,9999,2327.94706613375
Kalshi,2026-04-10,Category,Sports,10k-49k,5,3800,58682531,49964,15442.7713157895
Kalshi,2026-04-10,Category,Sports,50k-99k,6,95,5953171,99985,62664.9578947369
Kalshi,2026-04-10,Category,Sports,100k+,7,25,3866158,560692,154646.32
Kalshi,2026-04-10,Category,Unknown,1-9,1,86,307,9,3.56976744186047
Kalshi,2026-04-10,Category,Unknown,10-99,2,112,3287,84,29.3482142857143
Kalshi,2026-04-10,Category,Unknown,100-999,3,31,7023,909,226.548387096774
Kalshi,2026-04-10,Category,Unknown,1k-9k,4,2,4728,2765,2364
Kalshi,2026-04-10,Category,World,1-9,1,102,399,9,3.91176470588235
Kalshi,2026-04-10,Category,World,10-99,2,116,2918,98,25.1551724137931
Kalshi,2026-04-10,Category,World,100-999,3,23,5817,584,252.913043478261
Kalshi,2026-04-10,Category,World,1k-9k,4,1,1071,1071,1071
Kalshi,2026-04-10,Sports split,Non-sports,1-9,1,550181,1729387,9,3.1433055667135
Kalshi,2026-04-10,Sports split,Non-sports,10-99,2,502713,15856784,99,31.5424188353991
Kalshi,2026-04-10,Sports split,Non-sports,100-999,3,147403,34699089,999,235.402868326968
Kalshi,2026-04-10,Sports split,Non-sports,1k-9k,4,5540,10175695,9999,1836.76805054152
Kalshi,2026-04-10,Sports split,Non-sports,10k-49k,5,87,1440906,49875,16562.1379310345
Kalshi,2026-04-10,Sports split,Non-sports,50k-99k,6,7,499943,93902,71420.4285714286
Kalshi,2026-04-10,Sports split,Non-sports,100k+,7,3,534791,334791,178263.666666667
Kalshi,2026-04-10,Sports split,Sports,1-9,1,406090,1644824,9,4.0503927700756
Kalshi,2026-04-10,Sports split,Sports,10-99,2,913377,34757772,99,38.0541353679806
Kalshi,2026-04-10,Sports split,Sports,100-999,3,530205,150980432,999,284.758597146387
Kalshi,2026-04-10,Sports split,Sports,1k-9k,4,89211,207753280,9999,2328.785463676
Kalshi,2026-04-10,Sports split,Sports,10k-49k,5,3800,58682531,49964,15442.7713157895
Kalshi,2026-04-10,Sports split,Sports,50k-99k,6,95,5953171,99985,62664.9578947369
Kalshi,2026-04-10,Sports split,Sports,100k+,7,25,3866158,560692,154646.32
Kalshi,2026-04-11,All,All,1-9,1,1067515,3868947,9,3.62425539687967
Kalshi,2026-04-11,All,All,10-99,2,1599808,57812517,99,36.1371595841501
Kalshi,2026-04-11,All,All,100-999,3,730092,199248387,999,272.90860192962
Kalshi,2026-04-11,All,All,1k-9k,4,90769,202958993,9999,2235.99459066421
Kalshi,2026-04-11,All,All,10k-49k,5,3167,52145202,49980,16465.1727186612
Kalshi,2026-04-11,All,All,50k-99k,6,140,9213935,99966,65813.8214285714
Kalshi,2026-04-11,All,All,100k+,7,32,6034525,5e+05,188578.90625
Kalshi,2026-04-11,Category,Climate and Weather,1-9,1,56299,186461,9,3.31197712215137
Kalshi,2026-04-11,Category,Climate and Weather,10-99,2,24474,668604,99,27.3189507232165
Kalshi,2026-04-11,Category,Climate and Weather,100-999,3,3906,827394,999,211.826420890937
Kalshi,2026-04-11,Category,Climate and Weather,1k-9k,4,94,227099,9852,2415.94680851064
Kalshi,2026-04-11,Category,Climate and Weather,10k-49k,5,1,11970,11970,11970
Kalshi,2026-04-11,Category,Commodities,1-9,1,3135,11711,9,3.73556618819777
Kalshi,2026-04-11,Category,Commodities,10-99,2,3530,115833,99,32.81388101983
Kalshi,2026-04-11,Category,Commodities,100-999,3,666,155834,985,233.984984984985
Kalshi,2026-04-11,Category,Commodities,1k-9k,4,1,1899,1899,1899
Kalshi,2026-04-11,Category,Companies,1-9,1,1918,5642,9,2.94160583941606
Kalshi,2026-04-11,Category,Companies,10-99,2,846,24950,99,29.4917257683215
Kalshi,2026-04-11,Category,Companies,100-999,3,174,36453,587,209.5
Kalshi,2026-04-11,Category,Companies,1k-9k,4,7,15928,5944,2275.42857142857
Kalshi,2026-04-11,Category,Crypto,1-9,1,413980,1229232,9,2.9693028648727
Kalshi,2026-04-11,Category,Crypto,10-99,2,329231,10706469,99,32.5196260376453
Kalshi,2026-04-11,Category,Crypto,100-999,3,111280,25946397,999,233.163164989216
Kalshi,2026-04-11,Category,Crypto,1k-9k,4,2645,4147753,9340,1568.14858223062
Kalshi,2026-04-11,Category,Crypto,10k-49k,5,5,57578,13822,11515.6
Kalshi,2026-04-11,Category,Economics,1-9,1,4332,14062,9,3.2460757156048
Kalshi,2026-04-11,Category,Economics,10-99,2,2934,94044,99,32.0531697341513
Kalshi,2026-04-11,Category,Economics,100-999,3,1246,383498,999,307.783306581059
Kalshi,2026-04-11,Category,Economics,1k-9k,4,244,614911,9999,2520.12704918033
Kalshi,2026-04-11,Category,Economics,10k-49k,5,22,340249,42675,15465.8636363636
Kalshi,2026-04-11,Category,Elections,1-9,1,4304,17971,9,4.17541821561338
Kalshi,2026-04-11,Category,Elections,10-99,2,6368,218538,99,34.3181532663317
Kalshi,2026-04-11,Category,Elections,100-999,3,3480,1024625,999,294.432471264368
Kalshi,2026-04-11,Category,Elections,1k-9k,4,1172,3215060,9998,2743.2252559727
Kalshi,2026-04-11,Category,Elections,10k-49k,5,362,6881634,49950,19010.0386740332
Kalshi,2026-04-11,Category,Elections,50k-99k,6,21,1478869,96302,70422.3333333333
Kalshi,2026-04-11,Category,Elections,100k+,7,3,399674,184421,133224.666666667
Kalshi,2026-04-11,Category,Entertainment,1-9,1,4998,16949,9,3.39115646258503
Kalshi,2026-04-11,Category,Entertainment,10-99,2,4207,142636,99,33.9044449726646
Kalshi,2026-04-11,Category,Entertainment,100-999,3,1367,402042,997,294.105340160936
Kalshi,2026-04-11,Category,Entertainment,1k-9k,4,137,309469,7847,2258.89781021898
Kalshi,2026-04-11,Category,Entertainment,10k-49k,5,4,59595,18104,14898.75
Kalshi,2026-04-11,Category,Financials,1-9,1,1464,3530,9,2.41120218579235
Kalshi,2026-04-11,Category,Financials,10-99,2,767,25710,99,33.5202086049544
Kalshi,2026-04-11,Category,Financials,100-999,3,239,58526,999,244.878661087866
Kalshi,2026-04-11,Category,Financials,1k-9k,4,17,25344,4000,1490.82352941176
Kalshi,2026-04-11,Category,Health,1-9,1,20,68,7,3.4
Kalshi,2026-04-11,Category,Health,10-99,2,20,590,69,29.5
Kalshi,2026-04-11,Category,Health,100-999,3,4,1044,500,261
Kalshi,2026-04-11,Category,Mentions,1-9,1,21126,78143,9,3.69890182713244
Kalshi,2026-04-11,Category,Mentions,10-99,2,20243,642350,99,31.7319567257818
Kalshi,2026-04-11,Category,Mentions,100-999,3,4026,993104,985,246.67262791853
Kalshi,2026-04-11,Category,Mentions,1k-9k,4,221,509755,9999,2306.58371040724
Kalshi,2026-04-11,Category,Mentions,10k-49k,5,7,107811,30861,15401.5714285714
Kalshi,2026-04-11,Category,Politics,1-9,1,6725,24088,9,3.58185873605948
Kalshi,2026-04-11,Category,Politics,10-99,2,6288,200787,99,31.9317748091603
Kalshi,2026-04-11,Category,Politics,100-999,3,2180,593230,999,272.123853211009
Kalshi,2026-04-11,Category,Politics,1k-9k,4,192,361409,9910,1882.33854166667
Kalshi,2026-04-11,Category,Politics,10k-49k,5,4,52616,16510,13154
Kalshi,2026-04-11,Category,Science and Technology,1-9,1,995,3540,9,3.55778894472362
Kalshi,2026-04-11,Category,Science and Technology,10-99,2,1034,36078,99,34.8916827852998
Kalshi,2026-04-11,Category,Science and Technology,100-999,3,373,110168,972,295.356568364611
Kalshi,2026-04-11,Category,Science and Technology,1k-9k,4,45,97228,9027,2160.62222222222
Kalshi,2026-04-11,Category,Science and Technology,10k-49k,5,4,64450,17066,16112.5
Kalshi,2026-04-11,Category,Social,1-9,1,43,163,8,3.7906976744186
Kalshi,2026-04-11,Category,Social,10-99,2,31,987,86,31.8387096774194
Kalshi,2026-04-11,Category,Social,100-999,3,6,904,290,150.666666666667
Kalshi,2026-04-11,Category,Sports,1-9,1,548015,2276674,9,4.1544008831875
Kalshi,2026-04-11,Category,Sports,10-99,2,1199657,44929442,99,37.4519066699898
Kalshi,2026-04-11,Category,Sports,100-999,3,601109,168705296,999,280.656746114265
Kalshi,2026-04-11,Category,Sports,1k-9k,4,85990,193428043,9999,2249.42485172694
Kalshi,2026-04-11,Category,Sports,10k-49k,5,2758,44569299,49980,16160.00688905
Kalshi,2026-04-11,Category,Sports,50k-99k,6,119,7735066,99966,65000.5546218487
Kalshi,2026-04-11,Category,Sports,100k+,7,29,5634851,5e+05,194305.206896552
Kalshi,2026-04-11,Category,Unknown,1-9,1,91,466,9,5.12087912087912
Kalshi,2026-04-11,Category,Unknown,10-99,2,134,4305,92,32.1268656716418
Kalshi,2026-04-11,Category,Unknown,100-999,3,21,4646,600,221.238095238095
Kalshi,2026-04-11,Category,Unknown,1k-9k,4,4,5095,1668,1273.75
Kalshi,2026-04-11,Category,World,1-9,1,70,247,9,3.52857142857143
Kalshi,2026-04-11,Category,World,10-99,2,44,1194,95,27.1363636363636
Kalshi,2026-04-11,Category,World,100-999,3,15,5226,963,348.4
Kalshi,2026-04-11,Sports split,Non-sports,1-9,1,533867,1646026,9,3.08321360938211
Kalshi,2026-04-11,Sports split,Non-sports,10-99,2,419039,13486519,99,32.1844004973284
Kalshi,2026-04-11,Sports split,Non-sports,100-999,3,133188,31629703,999,237.481627473947
Kalshi,2026-04-11,Sports split,Non-sports,1k-9k,4,5008,9911379,9999,1979.10922523962
Kalshi,2026-04-11,Sports split,Non-sports,10k-49k,5,409,7575903,49950,18522.9902200489
Kalshi,2026-04-11,Sports split,Non-sports,50k-99k,6,21,1478869,96302,70422.3333333333
Kalshi,2026-04-11,Sports split,Non-sports,100k+,7,3,399674,184421,133224.666666667
Kalshi,2026-04-11,Sports split,Sports,1-9,1,533648,2222921,9,4.16551921866099
Kalshi,2026-04-11,Sports split,Sports,10-99,2,1180769,44325998,99,37.5399404964053
Kalshi,2026-04-11,Sports split,Sports,100-999,3,596904,167618684,999,280.813470842883
Kalshi,2026-04-11,Sports split,Sports,1k-9k,4,85761,193047614,9999,2250.99537085622
Kalshi,2026-04-11,Sports split,Sports,10k-49k,5,2758,44569299,49980,16160.00688905
Kalshi,2026-04-11,Sports split,Sports,50k-99k,6,119,7735066,99966,65000.5546218487
Kalshi,2026-04-11,Sports split,Sports,100k+,7,29,5634851,5e+05,194305.206896552
Kalshi,2026-04-12,All,All,1-9,1,1003544,3628447,9,3.61563319595354
Kalshi,2026-04-12,All,All,10-99,2,1508964,54126994,99,35.8703017434478
Kalshi,2026-04-12,All,All,100-999,3,702320,196059252,999,279.159431598132
Kalshi,2026-04-12,All,All,1k-9k,4,99447,226613072,9999,2278.73210856034
Kalshi,2026-04-12,All,All,10k-49k,5,3606,60004322,49967,16640.133666112
Kalshi,2026-04-12,All,All,50k-99k,6,125,8044091,99999,64352.728
Kalshi,2026-04-12,All,All,100k+,7,29,4047198,221973,139558.551724138
Kalshi,2026-04-12,Category,Climate and Weather,1-9,1,57406,194696,9,3.39156185764554
Kalshi,2026-04-12,Category,Climate and Weather,10-99,2,24826,689970,99,27.79223394828
Kalshi,2026-04-12,Category,Climate and Weather,100-999,3,3831,836070,997,218.238057948316
Kalshi,2026-04-12,Category,Climate and Weather,1k-9k,4,89,189166,9949,2125.4606741573
Kalshi,2026-04-12,Category,Climate and Weather,10k-49k,5,4,54699,19887,13674.75
Kalshi,2026-04-12,Category,Commodities,1-9,1,8408,31165,9,3.70658896289248
Kalshi,2026-04-12,Category,Commodities,10-99,2,8762,284081,99,32.4219356311344
Kalshi,2026-04-12,Category,Commodities,100-999,3,1541,339210,999,220.123296560675
Kalshi,2026-04-12,Category,Commodities,1k-9k,4,26,42726,5351,1643.30769230769
Kalshi,2026-04-12,Category,Companies,1-9,1,2463,7426,9,3.01502233049127
Kalshi,2026-04-12,Category,Companies,10-99,2,802,22195,99,27.6745635910224
Kalshi,2026-04-12,Category,Companies,100-999,3,149,37245,954,249.96644295302
Kalshi,2026-04-12,Category,Companies,1k-9k,4,3,3000,1000,1000
Kalshi,2026-04-12,Category,Crypto,1-9,1,400464,1220828,9,3.04853370090695
Kalshi,2026-04-12,Category,Crypto,10-99,2,309960,9503721,99,30.6611207897793
Kalshi,2026-04-12,Category,Crypto,100-999,3,86611,21837557,999,252.133758991352
Kalshi,2026-04-12,Category,Crypto,1k-9k,4,2448,3761440,9921,1536.53594771242
Kalshi,2026-04-12,Category,Crypto,10k-49k,5,7,80686,16943,11526.5714285714
Kalshi,2026-04-12,Category,Economics,1-9,1,5997,22697,9,3.78472569618142
Kalshi,2026-04-12,Category,Economics,10-99,2,6602,219319,99,33.220084822781
Kalshi,2026-04-12,Category,Economics,100-999,3,2430,719040,999,295.901234567901
Kalshi,2026-04-12,Category,Economics,1k-9k,4,370,869498,9890,2349.99459459459
Kalshi,2026-04-12,Category,Economics,10k-49k,5,29,457631,49642,15780.3793103448
Kalshi,2026-04-12,Category,Elections,1-9,1,6868,27645,9,4.02518928363425
Kalshi,2026-04-12,Category,Elections,10-99,2,10853,390466,99,35.9777020178752
Kalshi,2026-04-12,Category,Elections,100-999,3,6394,1721203,999,269.190334688771
Kalshi,2026-04-12,Category,Elections,1k-9k,4,1295,2880224,9876,2224.1111969112
Kalshi,2026-04-12,Category,Elections,10k-49k,5,99,1834948,47133,18534.8282828283
Kalshi,2026-04-12,Category,Elections,50k-99k,6,1,50000,50000,50000
Kalshi,2026-04-12,Category,Elections,100k+,7,2,230000,130000,115000
Kalshi,2026-04-12,Category,Entertainment,1-9,1,6136,22673,9,3.69507822685789
Kalshi,2026-04-12,Category,Entertainment,10-99,2,5276,187069,99,35.4565959059894
Kalshi,2026-04-12,Category,Entertainment,100-999,3,1555,424130,999,272.752411575563
Kalshi,2026-04-12,Category,Entertainment,1k-9k,4,141,325380,9986,2307.65957446809
Kalshi,2026-04-12,Category,Entertainment,10k-49k,5,5,64007,19998,12801.4
Kalshi,2026-04-12,Category,Financials,1-9,1,2692,7524,9,2.79494799405646
Kalshi,2026-04-12,Category,Financials,10-99,2,1682,56339,99,33.4952437574316
Kalshi,2026-04-12,Category,Financials,100-999,3,362,77586,967,214.325966850829
Kalshi,2026-04-12,Category,Financials,1k-9k,4,16,29195,3781,1824.6875
Kalshi,2026-04-12,Category,Health,1-9,1,14,24,5,1.71428571428571
Kalshi,2026-04-12,Category,Health,10-99,2,15,237,29,15.8
Kalshi,2026-04-12,Category,Health,100-999,3,5,1239,514,247.8
Kalshi,2026-04-12,Category,Health,1k-9k,4,1,1000,1000,1000
Kalshi,2026-04-12,Category,Mentions,1-9,1,28980,110691,9,3.8195652173913
Kalshi,2026-04-12,Category,Mentions,10-99,2,35648,1202479,99,33.7320186265709
Kalshi,2026-04-12,Category,Mentions,100-999,3,8538,2129574,999,249.423049894589
Kalshi,2026-04-12,Category,Mentions,1k-9k,4,501,1254272,9999,2503.5369261477
Kalshi,2026-04-12,Category,Mentions,10k-49k,5,10,165559,40945,16555.9
Kalshi,2026-04-12,Category,Mentions,50k-99k,6,1,77438,77438,77438
Kalshi,2026-04-12,Category,Politics,1-9,1,6863,24770,9,3.60920880081597
Kalshi,2026-04-12,Category,Politics,10-99,2,6174,192563,99,31.1893424036281
Kalshi,2026-04-12,Category,Politics,100-999,3,1691,441433,999,261.048492016558
Kalshi,2026-04-12,Category,Politics,1k-9k,4,150,316153,9337,2107.68666666667
Kalshi,2026-04-12,Category,Politics,10k-49k,5,4,56772,26772,14193
Kalshi,2026-04-12,Category,Science and Technology,1-9,1,1200,4336,9,3.61333333333333
Kalshi,2026-04-12,Category,Science and Technology,10-99,2,1006,31415,96,31.227634194831
Kalshi,2026-04-12,Category,Science and Technology,100-999,3,336,87382,995,260.065476190476
Kalshi,2026-04-12,Category,Science and Technology,1k-9k,4,32,55213,5000,1725.40625
Kalshi,2026-04-12,Category,Science and Technology,10k-49k,5,1,16500,16500,16500
Kalshi,2026-04-12,Category,Social,1-9,1,75,174,8,2.32
Kalshi,2026-04-12,Category,Social,10-99,2,18,447,95,24.8333333333333
Kalshi,2026-04-12,Category,Social,100-999,3,3,900,400,300
Kalshi,2026-04-12,Category,Sports,1-9,1,475783,1953182,9,4.10519501537466
Kalshi,2026-04-12,Category,Sports,10-99,2,1097185,41342003,99,37.680065804764
Kalshi,2026-04-12,Category,Sports,100-999,3,588839,167396240,999,284.281849537819
Kalshi,2026-04-12,Category,Sports,1k-9k,4,94375,216885805,9999,2298.12773509934
Kalshi,2026-04-12,Category,Sports,10k-49k,5,3447,57273520,49967,16615.4685233536
Kalshi,2026-04-12,Category,Sports,50k-99k,6,123,7916653,99999,64363.0325203252
Kalshi,2026-04-12,Category,Sports,100k+,7,27,3817198,221973,141377.703703704
Kalshi,2026-04-12,Category,Unknown,1-9,1,107,322,9,3.00934579439252
Kalshi,2026-04-12,Category,Unknown,10-99,2,87,2844,97,32.6896551724138
Kalshi,2026-04-12,Category,Unknown,100-999,3,14,3008,500,214.857142857143
Kalshi,2026-04-12,Category,World,1-9,1,88,294,9,3.34090909090909
Kalshi,2026-04-12,Category,World,10-99,2,68,1846,97,27.1470588235294
Kalshi,2026-04-12,Category,World,100-999,3,21,7435,592,354.047619047619
Kalshi,2026-04-12,Sports split,Non-sports,1-9,1,536738,1712674,9,3.19089388118598
Kalshi,2026-04-12,Sports split,Non-sports,10-99,2,424410,13186373,99,31.0698923211046
Kalshi,2026-04-12,Sports split,Non-sports,100-999,3,116187,29364728,999,252.736777780647
Kalshi,2026-04-12,Sports split,Non-sports,1k-9k,4,5202,9940144,9999,1910.83121876201
Kalshi,2026-04-12,Sports split,Non-sports,10k-49k,5,164,2808849,49642,17127.1280487805
Kalshi,2026-04-12,Sports split,Non-sports,50k-99k,6,2,127438,77438,63719
Kalshi,2026-04-12,Sports split,Non-sports,100k+,7,2,230000,130000,115000
Kalshi,2026-04-12,Sports split,Sports,1-9,1,466806,1915773,9,4.10400251924782
Kalshi,2026-04-12,Sports split,Sports,10-99,2,1084554,40940621,99,37.7488082658863
Kalshi,2026-04-12,Sports split,Sports,100-999,3,586133,166694524,999,284.397097587066
Kalshi,2026-04-12,Sports split,Sports,1k-9k,4,94245,216672928,9999,2299.03897288981
Kalshi,2026-04-12,Sports split,Sports,10k-49k,5,3442,57195473,49967,16616.9299825683
Kalshi,2026-04-12,Sports split,Sports,50k-99k,6,123,7916653,99999,64363.0325203252
Kalshi,2026-04-12,Sports split,Sports,100k+,7,27,3817198,221973,141377.703703704
Kalshi,2026-04-13,All,All,1-9,1,889866,3217296,9,3.61548367956524
Kalshi,2026-04-13,All,All,10-99,2,1264813,43223675,99,34.1739648469774
Kalshi,2026-04-13,All,All,100-999,3,504074,133680221,999,265.199595694283
Kalshi,2026-04-13,All,All,1k-9k,4,57648,126441211,9999,2193.3321364141
Kalshi,2026-04-13,All,All,10k-49k,5,1476,23697251,49990,16055.048102981
Kalshi,2026-04-13,All,All,50k-99k,6,49,3160789,99999,64505.8979591837
Kalshi,2026-04-13,All,All,100k+,7,8,2160735,775406,270091.875
Kalshi,2026-04-13,Category,Climate and Weather,1-9,1,66301,227252,9,3.42758027782386
Kalshi,2026-04-13,Category,Climate and Weather,10-99,2,31968,890564,99,27.857982982983
Kalshi,2026-04-13,Category,Climate and Weather,100-999,3,4372,971606,999,222.233760292772
Kalshi,2026-04-13,Category,Climate and Weather,1k-9k,4,184,416091,9999,2261.36413043478
Kalshi,2026-04-13,Category,Climate and Weather,10k-49k,5,17,369729,49990,21748.7647058824
Kalshi,2026-04-13,Category,Climate and Weather,50k-99k,6,5,378169,99999,75633.8
Kalshi,2026-04-13,Category,Commodities,1-9,1,14728,54186,9,3.67911461162412
Kalshi,2026-04-13,Category,Commodities,10-99,2,16974,542298,99,31.9487451396253
Kalshi,2026-04-13,Category,Commodities,100-999,3,3478,809131,999,232.642610695802
Kalshi,2026-04-13,Category,Commodities,1k-9k,4,146,264237,9578,1809.84246575342
Kalshi,2026-04-13,Category,Commodities,10k-49k,5,2,59206,47508,29603
Kalshi,2026-04-13,Category,Companies,1-9,1,1205,4896,9,4.06307053941909
Kalshi,2026-04-13,Category,Companies,10-99,2,1100,34069,99,30.9718181818182
Kalshi,2026-04-13,Category,Companies,100-999,3,263,63232,800,240.425855513308
Kalshi,2026-04-13,Category,Companies,1k-9k,4,15,40906,9525,2727.06666666667
Kalshi,2026-04-13,Category,Crypto,1-9,1,408501,1354262,9,3.31519873880358
Kalshi,2026-04-13,Category,Crypto,10-99,2,408911,12201629,99,29.8393268950945
Kalshi,2026-04-13,Category,Crypto,100-999,3,124103,30601079,999,246.578076275352
Kalshi,2026-04-13,Category,Crypto,1k-9k,4,4296,7036320,9390,1637.87709497207
Kalshi,2026-04-13,Category,Crypto,10k-49k,5,10,140836,22000,14083.6
Kalshi,2026-04-13,Category,Economics,1-9,1,7315,25161,9,3.43964456596036
Kalshi,2026-04-13,Category,Economics,10-99,2,5400,164905,99,30.537962962963
Kalshi,2026-04-13,Category,Economics,100-999,3,1587,440803,998,277.758664146188
Kalshi,2026-04-13,Category,Economics,1k-9k,4,178,420082,9538,2360.01123595506
Kalshi,2026-04-13,Category,Economics,10k-49k,5,22,341146,33332,15506.6363636364
Kalshi,2026-04-13,Category,Economics,50k-99k,6,1,50000,50000,50000
Kalshi,2026-04-13,Category,Elections,1-9,1,5375,21624,9,4.02306976744186
Kalshi,2026-04-13,Category,Elections,10-99,2,7574,251905,99,33.2591761288619
Kalshi,2026-04-13,Category,Elections,100-999,3,4010,1154030,999,287.788029925187
Kalshi,2026-04-13,Category,Elections,1k-9k,4,760,1776177,9962,2337.075
Kalshi,2026-04-13,Category,Elections,10k-49k,5,47,751716,47200,15993.9574468085
Kalshi,2026-04-13,Category,Elections,50k-99k,6,3,177005,64846,59001.6666666667
Kalshi,2026-04-13,Category,Entertainment,1-9,1,5031,19767,9,3.92903995229577
Kalshi,2026-04-13,Category,Entertainment,10-99,2,5993,225766,99,37.6716168863674
Kalshi,2026-04-13,Category,Entertainment,100-999,3,2370,705781,997,297.797890295359
Kalshi,2026-04-13,Category,Entertainment,1k-9k,4,186,479240,9674,2576.55913978495
Kalshi,2026-04-13,Category,Entertainment,10k-49k,5,4,43764,12729,10941
Kalshi,2026-04-13,Category,Financials,1-9,1,7022,18040,9,2.5690686414127
Kalshi,2026-04-13,Category,Financials,10-99,2,5512,155841,99,28.2730406386067
Kalshi,2026-04-13,Category,Financials,100-999,3,1159,316423,999,273.013805004314
Kalshi,2026-04-13,Category,Financials,1k-9k,4,104,226319,7565,2176.14423076923
Kalshi,2026-04-13,Category,Financials,10k-49k,5,3,40069,19989,13356.3333333333
Kalshi,2026-04-13,Category,Financials,50k-99k,6,1,88764,88764,88764
Kalshi,2026-04-13,Category,Health,1-9,1,27,111,9,4.11111111111111
Kalshi,2026-04-13,Category,Health,10-99,2,19,535,75,28.1578947368421
Kalshi,2026-04-13,Category,Health,100-999,3,1,200,200,200
Kalshi,2026-04-13,Category,Mentions,1-9,1,25519,93389,9,3.65958697441122
Kalshi,2026-04-13,Category,Mentions,10-99,2,23499,752478,99,32.0217030511937
Kalshi,2026-04-13,Category,Mentions,100-999,3,5475,1240632,999,226.599452054795
Kalshi,2026-04-13,Category,Mentions,1k-9k,4,257,599033,9351,2330.86770428016
Kalshi,2026-04-13,Category,Mentions,10k-49k,5,7,142758,35354,20394
Kalshi,2026-04-13,Category,Politics,1-9,1,7872,30295,9,3.84845020325203
Kalshi,2026-04-13,Category,Politics,10-99,2,8486,265155,99,31.2461701626208
Kalshi,2026-04-13,Category,Politics,100-999,3,2973,771718,999,259.575512949882
Kalshi,2026-04-13,Category,Politics,1k-9k,4,304,632497,9878,2080.58223684211
Kalshi,2026-04-13,Category,Politics,10k-49k,5,5,65554,20792,13110.8
Kalshi,2026-04-13,Category,Science and Technology,1-9,1,1070,3988,9,3.72710280373832
Kalshi,2026-04-13,Category,Science and Technology,10-99,2,923,28801,98,31.2036836403034
Kalshi,2026-04-13,Category,Science and Technology,100-999,3,307,81958,983,266.964169381107
Kalshi,2026-04-13,Category,Science and Technology,1k-9k,4,25,51937,9907,2077.48
Kalshi,2026-04-13,Category,Social,1-9,1,57,197,9,3.45614035087719
Kalshi,2026-04-13,Category,Social,10-99,2,26,633,89,24.3461538461539
Kalshi,2026-04-13,Category,Social,100-999,3,2,632,408,316
Kalshi,2026-04-13,Category,Sports,1-9,1,339674,1363463,9,4.01403404440728
Kalshi,2026-04-13,Category,Sports,10-99,2,748042,27696660,99,37.0255413466089
Kalshi,2026-04-13,Category,Sports,100-999,3,353852,96487278,999,272.676932728938
Kalshi,2026-04-13,Category,Sports,1k-9k,4,51191,114495760,9999,2236.63847160634
Kalshi,2026-04-13,Category,Sports,10k-49k,5,1359,21742473,49986,15998.876379691
Kalshi,2026-04-13,Category,Sports,50k-99k,6,39,2466851,99990,63252.5897435898
Kalshi,2026-04-13,Category,Sports,100k+,7,8,2160735,775406,270091.875
Kalshi,2026-04-13,Category,Unknown,1-9,1,55,232,9,4.21818181818182
Kalshi,2026-04-13,Category,Unknown,10-99,2,225,7859,98,34.9288888888889
Kalshi,2026-04-13,Category,Unknown,100-999,3,68,20374,915,299.617647058824
Kalshi,2026-04-13,Category,World,1-9,1,114,433,9,3.79824561403509
Kalshi,2026-04-13,Category,World,10-99,2,161,4577,98,28.4285714285714
Kalshi,2026-04-13,Category,World,100-999,3,54,15344,736,284.148148148148
Kalshi,2026-04-13,Category,World,1k-9k,4,2,2612,1465,1306
Kalshi,2026-04-13,Sports split,Non-sports,1-9,1,552897,1866318,9,3.37552564039957
Kalshi,2026-04-13,Sports split,Non-sports,10-99,2,523767,15748203,99,30.0671920911398
Kalshi,2026-04-13,Sports split,Non-sports,100-999,3,152214,37753589,999,248.029675325529
Kalshi,2026-04-13,Sports split,Non-sports,1k-9k,4,6619,12219019,9999,1846.05212267714
Kalshi,2026-04-13,Sports split,Non-sports,10k-49k,5,117,1954778,49990,16707.5042735043
Kalshi,2026-04-13,Sports split,Non-sports,50k-99k,6,10,693938,99999,69393.8
Kalshi,2026-04-13,Sports split,Sports,1-9,1,336969,1350978,9,4.00920559457992
Kalshi,2026-04-13,Sports split,Sports,10-99,2,741046,27475472,99,37.0766079298721
Kalshi,2026-04-13,Sports split,Sports,100-999,3,351860,95926632,999,272.627272210538
Kalshi,2026-04-13,Sports split,Sports,1k-9k,4,51029,114222192,9999,2238.37802034137
Kalshi,2026-04-13,Sports split,Sports,10k-49k,5,1359,21742473,49986,15998.876379691
Kalshi,2026-04-13,Sports split,Sports,50k-99k,6,39,2466851,99990,63252.5897435898
Kalshi,2026-04-13,Sports split,Sports,100k+,7,8,2160735,775406,270091.875
Kalshi,2026-04-14,All,All,1-9,1,851408,3172692,9,3.72640614135644
Kalshi,2026-04-14,All,All,10-99,2,1393133,47745212,99,34.2718261644796
Kalshi,2026-04-14,All,All,100-999,3,592768,164158054,999,276.934743440942
Kalshi,2026-04-14,All,All,1k-9k,4,75831,170742160,9999,2251.61424747135
Kalshi,2026-04-14,All,All,10k-49k,5,2285,39091215,49980,17107.7527352298
Kalshi,2026-04-14,All,All,50k-99k,6,59,3713860,99998,62946.779661017
Kalshi,2026-04-14,All,All,100k+,7,11,1285588,150740,116871.636363636
Kalshi,2026-04-14,Category,Climate and Weather,1-9,1,63643,215831,9,3.39127633832472
Kalshi,2026-04-14,Category,Climate and Weather,10-99,2,31043,860976,99,27.7349482975228
Kalshi,2026-04-14,Category,Climate and Weather,100-999,3,4379,977685,998,223.266727563371
Kalshi,2026-04-14,Category,Climate and Weather,1k-9k,4,182,420115,9351,2308.32417582418
Kalshi,2026-04-14,Category,Climate and Weather,10k-49k,5,1,11295,11295,11295
Kalshi,2026-04-14,Category,Commodities,1-9,1,14113,50578,9,3.58378799688231
Kalshi,2026-04-14,Category,Commodities,10-99,2,15899,482763,99,30.3643625385244
Kalshi,2026-04-14,Category,Commodities,100-999,3,3428,804565,999,234.703908984831
Kalshi,2026-04-14,Category,Commodities,1k-9k,4,95,152406,5033,1604.27368421053
Kalshi,2026-04-14,Category,Companies,1-9,1,1342,5563,9,4.14530551415797
Kalshi,2026-04-14,Category,Companies,10-99,2,1171,35996,99,30.7395388556789
Kalshi,2026-04-14,Category,Companies,100-999,3,364,98740,994,271.263736263736
Kalshi,2026-04-14,Category,Companies,1k-9k,4,14,20397,3702,1456.92857142857
Kalshi,2026-04-14,Category,Crypto,1-9,1,331280,1146996,9,3.46231586573292
Kalshi,2026-04-14,Category,Crypto,10-99,2,379883,11023297,99,29.0176106853952
Kalshi,2026-04-14,Category,Crypto,100-999,3,108330,28919783,999,266.96005723253
Kalshi,2026-04-14,Category,Crypto,1k-9k,4,4365,7279765,9977,1667.75830469645
Kalshi,2026-04-14,Category,Crypto,10k-49k,5,14,182197,18757,13014.0714285714
Kalshi,2026-04-14,Category,Economics,1-9,1,5862,17570,9,2.99727055612419
Kalshi,2026-04-14,Category,Economics,10-99,2,4327,130974,99,30.2690085509591
Kalshi,2026-04-14,Category,Economics,100-999,3,1302,373335,999,286.739631336406
Kalshi,2026-04-14,Category,Economics,1k-9k,4,128,302049,9636,2359.7578125
Kalshi,2026-04-14,Category,Economics,10k-49k,5,14,305697,49980,21835.5
Kalshi,2026-04-14,Category,Economics,50k-99k,6,1,66538,66538,66538
Kalshi,2026-04-14,Category,Economics,100k+,7,1,1e+05,1e+05,1e+05
Kalshi,2026-04-14,Category,Elections,1-9,1,5133,18516,9,3.6072472238457
Kalshi,2026-04-14,Category,Elections,10-99,2,6148,213752,99,34.7677293428757
Kalshi,2026-04-14,Category,Elections,100-999,3,3162,912250,999,288.504111321948
Kalshi,2026-04-14,Category,Elections,1k-9k,4,666,1470688,9862,2208.24024024024
Kalshi,2026-04-14,Category,Elections,10k-49k,5,43,733082,49978,17048.4186046512
Kalshi,2026-04-14,Category,Elections,50k-99k,6,6,471377,96973,78562.8333333333
Kalshi,2026-04-14,Category,Entertainment,1-9,1,5305,18516,9,3.49029217719133
Kalshi,2026-04-14,Category,Entertainment,10-99,2,4466,151877,99,34.0073891625616
Kalshi,2026-04-14,Category,Entertainment,100-999,3,1579,412116,990,260.998100063331
Kalshi,2026-04-14,Category,Entertainment,1k-9k,4,129,317852,9571,2463.96899224806
Kalshi,2026-04-14,Category,Entertainment,10k-49k,5,1,10000,10000,10000
Kalshi,2026-04-14,Category,Financials,1-9,1,6065,17059,9,2.81269579554823
Kalshi,2026-04-14,Category,Financials,10-99,2,5413,155927,99,28.8060225383336
Kalshi,2026-04-14,Category,Financials,100-999,3,1457,377380,999,259.01166781057
Kalshi,2026-04-14,Category,Financials,1k-9k,4,118,211924,9737,1795.96610169492
Kalshi,2026-04-14,Category,Financials,10k-49k,5,5,91196,33996,18239.2
Kalshi,2026-04-14,Category,Health,1-9,1,40,132,9,3.3
Kalshi,2026-04-14,Category,Health,10-99,2,34,761,75,22.3823529411765
Kalshi,2026-04-14,Category,Health,100-999,3,10,2380,500,238
Kalshi,2026-04-14,Category,Mentions,1-9,1,30220,110242,9,3.64798146922568
Kalshi,2026-04-14,Category,Mentions,10-99,2,27311,842124,99,30.8346087656988
Kalshi,2026-04-14,Category,Mentions,100-999,3,5153,1165653,996,226.208616339996
Kalshi,2026-04-14,Category,Mentions,1k-9k,4,190,471087,9351,2479.4052631579
Kalshi,2026-04-14,Category,Mentions,10k-49k,5,3,41889,20000,13963
Kalshi,2026-04-14,Category,Politics,1-9,1,10211,35566,9,3.48310645382431
Kalshi,2026-04-14,Category,Politics,10-99,2,10108,320039,99,31.6619509299565
Kalshi,2026-04-14,Category,Politics,100-999,3,3840,1071876,999,279.134375
Kalshi,2026-04-14,Category,Politics,1k-9k,4,568,1207725,9853,2126.2764084507
Kalshi,2026-04-14,Category,Politics,10k-49k,5,21,382849,43795,18230.9047619048
Kalshi,2026-04-14,Category,Politics,50k-99k,6,1,55555,55555,55555
Kalshi,2026-04-14,Category,Science and Technology,1-9,1,1099,4185,9,3.80800727934486
Kalshi,2026-04-14,Category,Science and Technology,10-99,2,1082,36311,99,33.5591497227357
Kalshi,2026-04-14,Category,Science and Technology,100-999,3,365,101095,943,276.972602739726
Kalshi,2026-04-14,Category,Science and Technology,1k-9k,4,46,73666,4744,1601.4347826087
Kalshi,2026-04-14,Category,Social,1-9,1,62,211,9,3.40322580645161
Kalshi,2026-04-14,Category,Social,10-99,2,30,751,80,25.0333333333333
Kalshi,2026-04-14,Category,Social,100-999,3,4,1178,498,294.5
Kalshi,2026-04-14,Category,Sports,1-9,1,376854,1531085,9,4.06280681643289
Kalshi,2026-04-14,Category,Sports,10-99,2,906029,33483697,99,36.9565400224496
Kalshi,2026-04-14,Category,Sports,100-999,3,459315,128921087,999,280.681203531346
Kalshi,2026-04-14,Category,Sports,1k-9k,4,69328,158810258,9999,2290.70877567505
Kalshi,2026-04-14,Category,Sports,10k-49k,5,2183,37333010,49969,17101.6994961063
Kalshi,2026-04-14,Category,Sports,50k-99k,6,51,3120390,99998,61184.1176470588
Kalshi,2026-04-14,Category,Sports,100k+,7,10,1185588,150740,118558.8
Kalshi,2026-04-14,Category,Unknown,1-9,1,69,258,9,3.73913043478261
Kalshi,2026-04-14,Category,Unknown,10-99,2,84,2364,86,28.1428571428571
Kalshi,2026-04-14,Category,Unknown,100-999,3,37,9205,500,248.783783783784
Kalshi,2026-04-14,Category,World,1-9,1,110,384,9,3.49090909090909
Kalshi,2026-04-14,Category,World,10-99,2,105,3603,99,34.3142857142857
Kalshi,2026-04-14,Category,World,100-999,3,43,9726,573,226.186046511628
Kalshi,2026-04-14,Category,World,1k-9k,4,2,4228,3000,2114
Kalshi,2026-04-14,Sports split,Non-sports,1-9,1,482416,1678358,9,3.47906785844582
Kalshi,2026-04-14,Sports split,Non-sports,10-99,2,510420,15108929,99,29.6009737079268
Kalshi,2026-04-14,Sports split,Non-sports,100-999,3,142430,37516836,999,263.405434248403
Kalshi,2026-04-14,Sports split,Non-sports,1k-9k,4,7042,12773411,9977,1813.88966202783
Kalshi,2026-04-14,Sports split,Non-sports,10k-49k,5,103,1780932,49980,17290.6019417476
Kalshi,2026-04-14,Sports split,Non-sports,50k-99k,6,8,593470,96973,74183.75
Kalshi,2026-04-14,Sports split,Non-sports,100k+,7,1,1e+05,1e+05,1e+05
Kalshi,2026-04-14,Sports split,Sports,1-9,1,368992,1494334,9,4.04977343682248
Kalshi,2026-04-14,Sports split,Sports,10-99,2,882713,32636283,99,36.9727000735233
Kalshi,2026-04-14,Sports split,Sports,100-999,3,450338,126641218,999,281.213706149603
Kalshi,2026-04-14,Sports split,Sports,1k-9k,4,68789,157968749,9999,2296.42455915917
Kalshi,2026-04-14,Sports split,Sports,10k-49k,5,2182,37310283,49969,17099.1214482126
Kalshi,2026-04-14,Sports split,Sports,50k-99k,6,51,3120390,99998,61184.1176470588
Kalshi,2026-04-14,Sports split,Sports,100k+,7,10,1185588,150740,118558.8
Kalshi,2026-04-15,All,All,1-9,1,833171,3112109,9,3.73525842834184
Kalshi,2026-04-15,All,All,10-99,2,1347271,45431592,99,33.7211978881754
Kalshi,2026-04-15,All,All,100-999,3,573918,160642388,999,279.904773852711
Kalshi,2026-04-15,All,All,1k-9k,4,73758,165662278,9999,2246.02453971095
Kalshi,2026-04-15,All,All,10k-49k,5,2126,35974512,49833,16921.219190969
Kalshi,2026-04-15,All,All,50k-99k,6,84,4942874,99821,58843.7380952381
Kalshi,2026-04-15,All,All,100k+,7,11,1726377,462962,156943.363636364
Kalshi,2026-04-15,Category,Climate and Weather,1-9,1,63310,219245,9,3.46303901437372
Kalshi,2026-04-15,Category,Climate and Weather,10-99,2,31061,815638,99,26.2592318341328
Kalshi,2026-04-15,Category,Climate and Weather,100-999,3,3979,867880,997,218.115104297562
Kalshi,2026-04-15,Category,Climate and Weather,1k-9k,4,122,244321,5466,2002.63114754098
Kalshi,2026-04-15,Category,Climate and Weather,10k-49k,5,1,23997,23997,23997
Kalshi,2026-04-15,Category,Commodities,1-9,1,14438,51522,9,3.56849979221499
Kalshi,2026-04-15,Category,Commodities,10-99,2,15378,458694,99,29.8279360124854
Kalshi,2026-04-15,Category,Commodities,100-999,3,2584,556785,997,215.47407120743
Kalshi,2026-04-15,Category,Commodities,1k-9k,4,62,111478,4849,1798.03225806452
Kalshi,2026-04-15,Category,Companies,1-9,1,4888,13076,9,2.67512274959083
Kalshi,2026-04-15,Category,Companies,10-99,2,1426,45158,99,31.6676016830295
Kalshi,2026-04-15,Category,Companies,100-999,3,666,190817,989,286.512012012012
Kalshi,2026-04-15,Category,Companies,1k-9k,4,86,146184,5994,1699.81395348837
Kalshi,2026-04-15,Category,Crypto,1-9,1,334014,1134977,9,3.39799229972396
Kalshi,2026-04-15,Category,Crypto,10-99,2,363078,10202100,99,28.0989208930313
Kalshi,2026-04-15,Category,Crypto,100-999,3,98329,26542911,999,269.939804126962
Kalshi,2026-04-15,Category,Crypto,1k-9k,4,3548,5622826,9337,1584.78748590755
Kalshi,2026-04-15,Category,Crypto,10k-49k,5,8,114934,19881,14366.75
Kalshi,2026-04-15,Category,Economics,1-9,1,4757,14867,9,3.12528904771915
Kalshi,2026-04-15,Category,Economics,10-99,2,3840,124804,99,32.5010416666667
Kalshi,2026-04-15,Category,Economics,100-999,3,1447,413180,999,285.542501727713
Kalshi,2026-04-15,Category,Economics,1k-9k,4,231,558298,9999,2416.87445887446
Kalshi,2026-04-15,Category,Economics,10k-49k,5,7,131307,30000,18758.1428571429
Kalshi,2026-04-15,Category,Elections,1-9,1,4601,16561,9,3.59943490545534
Kalshi,2026-04-15,Category,Elections,10-99,2,6362,211732,99,33.2807293303993
Kalshi,2026-04-15,Category,Elections,100-999,3,3296,896458,999,271.983616504854
Kalshi,2026-04-15,Category,Elections,1k-9k,4,743,1805626,9914,2430.18304172275
Kalshi,2026-04-15,Category,Elections,10k-49k,5,27,424050,36359,15705.5555555556
Kalshi,2026-04-15,Category,Elections,50k-99k,6,1,50310,50310,50310
Kalshi,2026-04-15,Category,Entertainment,1-9,1,4992,18157,9,3.63721955128205
Kalshi,2026-04-15,Category,Entertainment,10-99,2,4943,176906,99,35.7891968440219
Kalshi,2026-04-15,Category,Entertainment,100-999,3,1659,454769,996,274.122362869198
Kalshi,2026-04-15,Category,Entertainment,1k-9k,4,119,273187,9773,2295.68907563025
Kalshi,2026-04-15,Category,Entertainment,10k-49k,5,5,67874,20000,13574.8
Kalshi,2026-04-15,Category,Financials,1-9,1,4749,15021,9,3.16298168035376
Kalshi,2026-04-15,Category,Financials,10-99,2,4662,138692,99,29.7494637494638
Kalshi,2026-04-15,Category,Financials,100-999,3,1357,344551,992,253.906411201179
Kalshi,2026-04-15,Category,Financials,1k-9k,4,139,260450,9981,1873.74100719424
Kalshi,2026-04-15,Category,Financials,10k-49k,5,8,151000,37000,18875
Kalshi,2026-04-15,Category,Health,1-9,1,71,163,9,2.29577464788732
Kalshi,2026-04-15,Category,Health,10-99,2,36,1005,64,27.9166666666667
Kalshi,2026-04-15,Category,Health,100-999,3,6,1308,500,218
Kalshi,2026-04-15,Category,Health,1k-9k,4,1,1352,1352,1352
Kalshi,2026-04-15,Category,Mentions,1-9,1,31265,112744,9,3.60607708300016
Kalshi,2026-04-15,Category,Mentions,10-99,2,29205,900260,99,30.8255435713063
Kalshi,2026-04-15,Category,Mentions,100-999,3,6116,1365523,999,223.270601700458
Kalshi,2026-04-15,Category,Mentions,1k-9k,4,300,719212,9351,2397.37333333333
Kalshi,2026-04-15,Category,Mentions,10k-49k,5,14,185477,23233,13248.3571428571
Kalshi,2026-04-15,Category,Politics,1-9,1,14385,54863,9,3.81390337156761
Kalshi,2026-04-15,Category,Politics,10-99,2,17049,554400,99,32.5180362484603
Kalshi,2026-04-15,Category,Politics,100-999,3,5319,1238938,999,232.926865952247
Kalshi,2026-04-15,Category,Politics,1k-9k,4,348,747311,9351,2147.44540229885
Kalshi,2026-04-15,Category,Politics,10k-49k,5,12,200907,29501,16742.25
Kalshi,2026-04-15,Category,Politics,50k-99k,6,2,120000,60000,60000
Kalshi,2026-04-15,Category,Science and Technology,1-9,1,1019,3978,9,3.90382728164868
Kalshi,2026-04-15,Category,Science and Technology,10-99,2,1150,37050,99,32.2173913043478
Kalshi,2026-04-15,Category,Science and Technology,100-999,3,420,125155,999,297.988095238095
Kalshi,2026-04-15,Category,Science and Technology,1k-9k,4,27,57546,5126,2131.33333333333
Kalshi,2026-04-15,Category,Social,1-9,1,44,161,9,3.65909090909091
Kalshi,2026-04-15,Category,Social,10-99,2,19,570,86,30
Kalshi,2026-04-15,Category,Social,100-999,3,2,249,132,124.5
Kalshi,2026-04-15,Category,Sports,1-9,1,350446,1455831,9,4.15422347522871
Kalshi,2026-04-15,Category,Sports,10-99,2,868244,31731451,99,36.5466977024892
Kalshi,2026-04-15,Category,Sports,100-999,3,448242,127505687,999,284.457250770789
Kalshi,2026-04-15,Category,Sports,1k-9k,4,67972,154987633,9999,2280.16879009004
Kalshi,2026-04-15,Category,Sports,10k-49k,5,2042,34647086,49833,16967.2311459354
Kalshi,2026-04-15,Category,Sports,50k-99k,6,81,4772564,99821,58920.5432098766
Kalshi,2026-04-15,Category,Sports,100k+,7,11,1726377,462962,156943.363636364
Kalshi,2026-04-15,Category,Unknown,1-9,1,142,713,9,5.02112676056338
Kalshi,2026-04-15,Category,Unknown,10-99,2,757,31459,99,41.557463672391
Kalshi,2026-04-15,Category,Unknown,100-999,3,476,133594,989,280.659663865546
Kalshi,2026-04-15,Category,Unknown,1k-9k,4,57,123137,9074,2160.29824561404
Kalshi,2026-04-15,Category,Unknown,10k-49k,5,2,27880,14814,13940
Kalshi,2026-04-15,Category,World,1-9,1,50,230,9,4.6
Kalshi,2026-04-15,Category,World,10-99,2,61,1673,93,27.4262295081967
Kalshi,2026-04-15,Category,World,100-999,3,20,4583,420,229.15
Kalshi,2026-04-15,Category,World,1k-9k,4,3,3717,1500,1239
Kalshi,2026-04-15,Sports split,Non-sports,1-9,1,492217,1701251,9,3.45630280953319
Kalshi,2026-04-15,Sports split,Non-sports,10-99,2,508778,14750147,99,28.9913223449127
Kalshi,2026-04-15,Sports split,Non-sports,100-999,3,136259,35785731,999,262.630218921319
Kalshi,2026-04-15,Sports split,Non-sports,1k-9k,4,6387,11581216,9999,1813.24816032566
Kalshi,2026-04-15,Sports split,Non-sports,10k-49k,5,82,1299546,37000,15848.1219512195
Kalshi,2026-04-15,Sports split,Non-sports,50k-99k,6,3,170310,60000,56770
Kalshi,2026-04-15,Sports split,Sports,1-9,1,340954,1410858,9,4.13797169119588
Kalshi,2026-04-15,Sports split,Sports,10-99,2,838493,30681445,99,36.5911760742189
Kalshi,2026-04-15,Sports split,Sports,100-999,3,437659,124856657,999,285.282964591154
Kalshi,2026-04-15,Sports split,Sports,1k-9k,4,67371,154081062,9999,2287.0532128067
Kalshi,2026-04-15,Sports split,Sports,10k-49k,5,2044,34674966,49833,16964.2690802348
Kalshi,2026-04-15,Sports split,Sports,50k-99k,6,81,4772564,99821,58920.5432098766
Kalshi,2026-04-15,Sports split,Sports,100k+,7,11,1726377,462962,156943.363636364
Kalshi,2026-04-16,All,All,1-9,1,796241,2994958,9,3.76137124312865
Kalshi,2026-04-16,All,All,10-99,2,1279306,43792398,99,34.2313707588333
Kalshi,2026-04-16,All,All,100-999,3,546665,153293744,999,280.416240293416
Kalshi,2026-04-16,All,All,1k-9k,4,68860,152107491,9999,2208.93829509149
Kalshi,2026-04-16,All,All,10k-49k,5,1552,25337499,49958,16325.7081185567
Kalshi,2026-04-16,All,All,50k-99k,6,26,1637712,99109,62988.9230769231
Kalshi,2026-04-16,All,All,100k+,7,5,562034,150000,112406.8
Kalshi,2026-04-16,Category,Climate and Weather,1-9,1,63369,205671,9,3.24560905174454
Kalshi,2026-04-16,Category,Climate and Weather,10-99,2,27640,751947,99,27.2050289435601
Kalshi,2026-04-16,Category,Climate and Weather,100-999,3,4374,967953,999,221.296982167353
Kalshi,2026-04-16,Category,Climate and Weather,1k-9k,4,141,334609,8760,2373.11347517731
Kalshi,2026-04-16,Category,Commodities,1-9,1,13964,52870,9,3.78616442280149
Kalshi,2026-04-16,Category,Commodities,10-99,2,17039,523175,99,30.704560126768
Kalshi,2026-04-16,Category,Commodities,100-999,3,3916,850516,999,217.189989785495
Kalshi,2026-04-16,Category,Commodities,1k-9k,4,125,253458,7500,2027.664
Kalshi,2026-04-16,Category,Companies,1-9,1,1116,4519,9,4.04928315412186
Kalshi,2026-04-16,Category,Companies,10-99,2,1425,47829,99,33.5642105263158
Kalshi,2026-04-16,Category,Companies,100-999,3,652,186175,999,285.544478527607
Kalshi,2026-04-16,Category,Companies,1k-9k,4,114,247357,8077,2169.79824561404
Kalshi,2026-04-16,Category,Crypto,1-9,1,315377,1088578,9,3.45167212574157
Kalshi,2026-04-16,Category,Crypto,10-99,2,369753,11066416,99,29.9292122038226
Kalshi,2026-04-16,Category,Crypto,100-999,3,110870,28435338,999,256.474591864346
Kalshi,2026-04-16,Category,Crypto,1k-9k,4,3566,5870274,9999,1646.17891194616
Kalshi,2026-04-16,Category,Crypto,10k-49k,5,10,163403,27939,16340.3
Kalshi,2026-04-16,Category,Economics,1-9,1,4423,15002,9,3.39181550983495
Kalshi,2026-04-16,Category,Economics,10-99,2,3812,126885,99,33.2856768100735
Kalshi,2026-04-16,Category,Economics,100-999,3,1446,409470,999,283.174273858921
Kalshi,2026-04-16,Category,Economics,1k-9k,4,192,445883,9424,2322.30729166667
Kalshi,2026-04-16,Category,Economics,10k-49k,5,9,208909,47994,23212.1111111111
Kalshi,2026-04-16,Category,Economics,50k-99k,6,1,72356,72356,72356
Kalshi,2026-04-16,Category,Elections,1-9,1,3813,16308,9,4.27694728560189
Kalshi,2026-04-16,Category,Elections,10-99,2,5536,190905,99,34.4842846820809
Kalshi,2026-04-16,Category,Elections,100-999,3,3243,910910,999,280.884983040395
Kalshi,2026-04-16,Category,Elections,1k-9k,4,599,1387319,9942,2316.05843071786
Kalshi,2026-04-16,Category,Elections,10k-49k,5,15,271668,35817,18111.2
Kalshi,2026-04-16,Category,Elections,50k-99k,6,2,149547,90000,74773.5
Kalshi,2026-04-16,Category,Elections,100k+,7,1,111500,111500,111500
Kalshi,2026-04-16,Category,Entertainment,1-9,1,6836,22724,9,3.32416617905208
Kalshi,2026-04-16,Category,Entertainment,10-99,2,5838,198426,99,33.9886947584789
Kalshi,2026-04-16,Category,Entertainment,100-999,3,1885,511702,997,271.459946949602
Kalshi,2026-04-16,Category,Entertainment,1k-9k,4,148,348653,9894,2355.76351351351
Kalshi,2026-04-16,Category,Entertainment,10k-49k,5,3,37385,17385,12461.6666666667
Kalshi,2026-04-16,Category,Financials,1-9,1,6768,17740,9,2.62115839243499
Kalshi,2026-04-16,Category,Financials,10-99,2,4982,156004,99,31.313528703332
Kalshi,2026-04-16,Category,Financials,100-999,3,1808,497691,990,275.27157079646
Kalshi,2026-04-16,Category,Financials,1k-9k,4,162,333309,8929,2057.46296296296
Kalshi,2026-04-16,Category,Financials,10k-49k,5,9,135732,21959,15081.3333333333
Kalshi,2026-04-16,Category,Financials,50k-99k,6,1,50000,50000,50000
Kalshi,2026-04-16,Category,Health,1-9,1,35,104,9,2.97142857142857
Kalshi,2026-04-16,Category,Health,10-99,2,28,752,67,26.8571428571429
Kalshi,2026-04-16,Category,Health,100-999,3,8,3264,875,408
Kalshi,2026-04-16,Category,Health,1k-9k,4,1,1148,1148,1148
Kalshi,2026-04-16,Category,Mentions,1-9,1,28971,107773,9,3.72003037520279
Kalshi,2026-04-16,Category,Mentions,10-99,2,32489,1094022,99,33.673612607344
Kalshi,2026-04-16,Category,Mentions,100-999,3,9841,2152130,999,218.690173762829
Kalshi,2026-04-16,Category,Mentions,1k-9k,4,328,805816,9999,2456.75609756098
Kalshi,2026-04-16,Category,Mentions,10k-49k,5,6,98440,25000,16406.6666666667
Kalshi,2026-04-16,Category,Politics,1-9,1,6944,25309,9,3.64472926267281
Kalshi,2026-04-16,Category,Politics,10-99,2,7468,241863,99,32.3865827530798
Kalshi,2026-04-16,Category,Politics,100-999,3,3078,828905,999,269.299870045484
Kalshi,2026-04-16,Category,Politics,1k-9k,4,280,549791,7833,1963.53928571429
Kalshi,2026-04-16,Category,Politics,10k-49k,5,1,12193,12193,12193
Kalshi,2026-04-16,Category,Science and Technology,1-9,1,1083,4141,9,3.82363804247461
Kalshi,2026-04-16,Category,Science and Technology,10-99,2,1487,50687,99,34.0867518493611
Kalshi,2026-04-16,Category,Science and Technology,100-999,3,596,176635,995,296.36744966443
Kalshi,2026-04-16,Category,Science and Technology,1k-9k,4,65,138290,9323,2127.53846153846
Kalshi,2026-04-16,Category,Science and Technology,10k-49k,5,1,10000,10000,10000
Kalshi,2026-04-16,Category,Social,1-9,1,29,74,6,2.55172413793103
Kalshi,2026-04-16,Category,Social,10-99,2,13,308,50,23.6923076923077
Kalshi,2026-04-16,Category,Social,100-999,3,5,1534,400,306.8
Kalshi,2026-04-16,Category,Sports,1-9,1,343418,1433726,9,4.17487143947027
Kalshi,2026-04-16,Category,Sports,10-99,2,801663,29339210,99,36.5979345435676
Kalshi,2026-04-16,Category,Sports,100-999,3,404906,117352795,999,289.827256202674
Kalshi,2026-04-16,Category,Sports,1k-9k,4,63139,141391584,9999,2239.37002486577
Kalshi,2026-04-16,Category,Sports,10k-49k,5,1498,24399769,49958,16288.2303070761
Kalshi,2026-04-16,Category,Sports,50k-99k,6,22,1365809,99109,62082.2272727273
Kalshi,2026-04-16,Category,Sports,100k+,7,4,450534,150000,112633.5
Kalshi,2026-04-16,Category,Unknown,1-9,1,63,302,9,4.79365079365079
Kalshi,2026-04-16,Category,Unknown,10-99,2,91,2811,90,30.8901098901099
Kalshi,2026-04-16,Category,Unknown,100-999,3,27,6558,984,242.888888888889
Kalshi,2026-04-16,Category,World,1-9,1,32,117,9,3.65625
Kalshi,2026-04-16,Category,World,10-99,2,42,1158,77,27.5714285714286
Kalshi,2026-04-16,Category,World,100-999,3,10,2168,500,216.8
Kalshi,2026-04-16,Sports split,Non-sports,1-9,1,467091,1624314,9,3.47751080624546
Kalshi,2026-04-16,Sports split,Non-sports,10-99,2,513551,15688765,99,30.5495754073111
Kalshi,2026-04-16,Sports split,Non-sports,100-999,3,153136,38747989,999,253.029914585728
Kalshi,2026-04-16,Sports split,Non-sports,1k-9k,4,6411,11946156,9999,1863.38418343472
Kalshi,2026-04-16,Sports split,Non-sports,10k-49k,5,60,1040699,47994,17344.9833333333
Kalshi,2026-04-16,Sports split,Non-sports,50k-99k,6,4,271903,90000,67975.75
Kalshi,2026-04-16,Sports split,Non-sports,100k+,7,1,111500,111500,111500
Kalshi,2026-04-16,Sports split,Sports,1-9,1,329150,1370644,9,4.16419261734771
Kalshi,2026-04-16,Sports split,Sports,10-99,2,765755,28103633,99,36.7005543548524
Kalshi,2026-04-16,Sports split,Sports,100-999,3,393529,114545755,999,291.073224590818
Kalshi,2026-04-16,Sports split,Sports,1k-9k,4,62449,140161335,9999,2244.41280084549
Kalshi,2026-04-16,Sports split,Sports,10k-49k,5,1492,24296800,49958,16284.7184986595
Kalshi,2026-04-16,Sports split,Sports,50k-99k,6,22,1365809,99109,62082.2272727273
Kalshi,2026-04-16,Sports split,Sports,100k+,7,4,450534,150000,112633.5
Kalshi,2026-04-17,All,All,1-9,1,831279,3085196,9,3.71138450508193
Kalshi,2026-04-17,All,All,10-99,2,1358017,47634585,99,35.0765748882378
Kalshi,2026-04-17,All,All,100-999,3,623254,174708431,999,280.316582003485
Kalshi,2026-04-17,All,All,1k-9k,4,77039,176164031,9999,2286.68636664547
Kalshi,2026-04-17,All,All,10k-49k,5,2193,36304759,49924,16554.8376652987
Kalshi,2026-04-17,All,All,50k-99k,6,78,4641858,98000,59511
Kalshi,2026-04-17,All,All,100k+,7,16,2241404,3e+05,140087.75
Kalshi,2026-04-17,Category,Climate and Weather,1-9,1,53521,185572,9,3.46727452775546
Kalshi,2026-04-17,Category,Climate and Weather,10-99,2,26872,754262,99,28.0686960404882
Kalshi,2026-04-17,Category,Climate and Weather,100-999,3,4451,996266,999,223.829701190744
Kalshi,2026-04-17,Category,Climate and Weather,1k-9k,4,204,495941,9351,2431.08333333333
Kalshi,2026-04-17,Category,Climate and Weather,10k-49k,5,5,73562,22222,14712.4
Kalshi,2026-04-17,Category,Commodities,1-9,1,10579,37944,9,3.5867284242367
Kalshi,2026-04-17,Category,Commodities,10-99,2,13924,464556,99,33.3636885952313
Kalshi,2026-04-17,Category,Commodities,100-999,3,3710,871814,999,234.990296495957
Kalshi,2026-04-17,Category,Commodities,1k-9k,4,146,271021,7687,1856.30821917808
Kalshi,2026-04-17,Category,Commodities,10k-49k,5,1,10500,10500,10500
Kalshi,2026-04-17,Category,Companies,1-9,1,890,3440,9,3.86516853932584
Kalshi,2026-04-17,Category,Companies,10-99,2,1058,34716,99,32.8128544423441
Kalshi,2026-04-17,Category,Companies,100-999,3,626,190388,993,304.134185303514
Kalshi,2026-04-17,Category,Companies,1k-9k,4,135,270445,7846,2003.2962962963
Kalshi,2026-04-17,Category,Crypto,1-9,1,378216,1267411,9,3.35102428242063
Kalshi,2026-04-17,Category,Crypto,10-99,2,435550,13685172,99,31.4204385260016
Kalshi,2026-04-17,Category,Crypto,100-999,3,137764,34856073,999,253.012927905694
Kalshi,2026-04-17,Category,Crypto,1k-9k,4,4823,7543319,9550,1564.03047895501
Kalshi,2026-04-17,Category,Crypto,10k-49k,5,20,315670,41358,15783.5
Kalshi,2026-04-17,Category,Crypto,100k+,7,1,120000,120000,120000
Kalshi,2026-04-17,Category,Economics,1-9,1,5222,16735,9,3.2047108387591
Kalshi,2026-04-17,Category,Economics,10-99,2,3935,125998,99,32.0198221092757
Kalshi,2026-04-17,Category,Economics,100-999,3,1798,522707,999,290.715795328142
Kalshi,2026-04-17,Category,Economics,1k-9k,4,304,625749,9351,2058.38486842105
Kalshi,2026-04-17,Category,Economics,10k-49k,5,9,177975,49532,19775
Kalshi,2026-04-17,Category,Economics,50k-99k,6,1,50000,50000,50000
Kalshi,2026-04-17,Category,Elections,1-9,1,3505,13806,9,3.93894436519258
Kalshi,2026-04-17,Category,Elections,10-99,2,4859,163517,99,33.6523976126775
Kalshi,2026-04-17,Category,Elections,100-999,3,2784,808465,999,290.39691091954
Kalshi,2026-04-17,Category,Elections,1k-9k,4,580,1428086,9978,2462.21724137931
Kalshi,2026-04-17,Category,Elections,10k-49k,5,41,749582,42445,18282.4878048781
Kalshi,2026-04-17,Category,Elections,50k-99k,6,1,60000,60000,60000
Kalshi,2026-04-17,Category,Entertainment,1-9,1,5312,18929,9,3.56344126506024
Kalshi,2026-04-17,Category,Entertainment,10-99,2,4939,167369,99,33.8872241344402
Kalshi,2026-04-17,Category,Entertainment,100-999,3,1706,465842,994,273.060961313013
Kalshi,2026-04-17,Category,Entertainment,1k-9k,4,139,363650,9999,2616.18705035971
Kalshi,2026-04-17,Category,Entertainment,10k-49k,5,16,218574,33966,13660.875
Kalshi,2026-04-17,Category,Financials,1-9,1,4995,15911,9,3.18538538538539
Kalshi,2026-04-17,Category,Financials,10-99,2,5327,171253,99,32.1481133846443
Kalshi,2026-04-17,Category,Financials,100-999,3,2071,551270,999,266.185417672622
Kalshi,2026-04-17,Category,Financials,1k-9k,4,204,403044,9891,1975.70588235294
Kalshi,2026-04-17,Category,Financials,10k-49k,5,9,181051,39959,20116.7777777778
Kalshi,2026-04-17,Category,Health,1-9,1,74,235,9,3.17567567567568
Kalshi,2026-04-17,Category,Health,10-99,2,66,2091,99,31.6818181818182
Kalshi,2026-04-17,Category,Health,100-999,3,19,4433,998,233.315789473684
Kalshi,2026-04-17,Category,Health,1k-9k,4,2,5082,3556,2541
Kalshi,2026-04-17,Category,Mentions,1-9,1,21716,82905,9,3.81769202431387
Kalshi,2026-04-17,Category,Mentions,10-99,2,27320,933074,99,34.153513909224
Kalshi,2026-04-17,Category,Mentions,100-999,3,7118,1659745,999,233.175751615622
Kalshi,2026-04-17,Category,Mentions,1k-9k,4,389,1023926,9999,2632.20051413882
Kalshi,2026-04-17,Category,Mentions,10k-49k,5,9,135498,32488,15055.3333333333
Kalshi,2026-04-17,Category,Politics,1-9,1,7817,27381,9,3.50275041576052
Kalshi,2026-04-17,Category,Politics,10-99,2,9051,298308,99,32.9585681140206
Kalshi,2026-04-17,Category,Politics,100-999,3,4158,1122437,999,269.946368446368
Kalshi,2026-04-17,Category,Politics,1k-9k,4,465,934141,9919,2008.90537634409
Kalshi,2026-04-17,Category,Politics,10k-49k,5,8,119794,31799,14974.25
Kalshi,2026-04-17,Category,Science and Technology,1-9,1,1077,4148,9,3.85143918291551
Kalshi,2026-04-17,Category,Science and Technology,10-99,2,1345,48236,99,35.8631970260223
Kalshi,2026-04-17,Category,Science and Technology,100-999,3,792,244534,998,308.755050505051
Kalshi,2026-04-17,Category,Science and Technology,1k-9k,4,105,217009,8254,2066.75238095238
Kalshi,2026-04-17,Category,Science and Technology,10k-49k,5,2,21124,11124,10562
Kalshi,2026-04-17,Category,Social,1-9,1,38,134,9,3.52631578947368
Kalshi,2026-04-17,Category,Social,10-99,2,20,457,85,22.85
Kalshi,2026-04-17,Category,Social,100-999,3,9,1890,400,210
Kalshi,2026-04-17,Category,Sports,1-9,1,338239,1410339,9,4.1696522281582
Kalshi,2026-04-17,Category,Sports,10-99,2,823615,30781066,99,37.3731245788384
Kalshi,2026-04-17,Category,Sports,100-999,3,456165,132393056,999,290.230631460108
Kalshi,2026-04-17,Category,Sports,1k-9k,4,69539,162577563,9999,2337.93357684177
Kalshi,2026-04-17,Category,Sports,10k-49k,5,2073,34301429,49924,16546.7578388809
Kalshi,2026-04-17,Category,Sports,50k-99k,6,76,4531858,98000,59629.7105263158
Kalshi,2026-04-17,Category,Sports,100k+,7,15,2121404,3e+05,141426.933333333
Kalshi,2026-04-17,Category,Unknown,1-9,1,60,236,9,3.93333333333333
Kalshi,2026-04-17,Category,Unknown,10-99,2,115,3914,95,34.0347826086957
Kalshi,2026-04-17,Category,Unknown,100-999,3,69,16875,997,244.565217391304
Kalshi,2026-04-17,Category,Unknown,1k-9k,4,4,5055,1800,1263.75
Kalshi,2026-04-17,Category,World,1-9,1,18,70,9,3.88888888888889
Kalshi,2026-04-17,Category,World,10-99,2,21,596,93,28.3809523809524
Kalshi,2026-04-17,Category,World,100-999,3,14,2636,500,188.285714285714
Kalshi,2026-04-17,Sports split,Non-sports,1-9,1,499356,1702372,9,3.409134965836
Kalshi,2026-04-17,Sports split,Non-sports,10-99,2,546628,17263614,99,31.582015557198
Kalshi,2026-04-17,Sports split,Non-sports,100-999,3,170394,43132563,999,253.134282897285
Kalshi,2026-04-17,Sports split,Non-sports,1k-9k,4,7622,13759733,9999,1805.26541590134
Kalshi,2026-04-17,Sports split,Non-sports,10k-49k,5,122,2029904,49532,16638.5573770492
Kalshi,2026-04-17,Sports split,Non-sports,50k-99k,6,2,110000,60000,55000
Kalshi,2026-04-17,Sports split,Non-sports,100k+,7,1,120000,120000,120000
Kalshi,2026-04-17,Sports split,Sports,1-9,1,331923,1382824,9,4.16609876386993
Kalshi,2026-04-17,Sports split,Sports,10-99,2,811389,30370971,99,37.4308389687314
Kalshi,2026-04-17,Sports split,Sports,100-999,3,452860,131575868,999,290.544247670362
Kalshi,2026-04-17,Sports split,Sports,1k-9k,4,69417,162404298,9999,2339.54647996888
Kalshi,2026-04-17,Sports split,Sports,10k-49k,5,2071,34274855,49924,16549.9058425881
Kalshi,2026-04-17,Sports split,Sports,50k-99k,6,76,4531858,98000,59629.7105263158
Kalshi,2026-04-17,Sports split,Sports,100k+,7,15,2121404,3e+05,141426.933333333
Kalshi,2026-04-18,All,All,1-9,1,973044,3509742,9,3.60697152441205
Kalshi,2026-04-18,All,All,10-99,2,1608330,56273301,99,34.9886534479864
Kalshi,2026-04-18,All,All,100-999,3,718220,203482359,999,283.314804655955
Kalshi,2026-04-18,All,All,1k-9k,4,93545,214327656,9999,2291.17169276819
Kalshi,2026-04-18,All,All,10k-49k,5,2926,49639246,49869,16964.8824333561
Kalshi,2026-04-18,All,All,50k-99k,6,97,5983138,99999,61681.8350515464
Kalshi,2026-04-18,All,All,100k+,7,37,5007452,487343,135336.540540541
Kalshi,2026-04-18,Category,Climate and Weather,1-9,1,43139,142481,9,3.30283502167412
Kalshi,2026-04-18,Category,Climate and Weather,10-99,2,23480,683120,99,29.0936967632027
Kalshi,2026-04-18,Category,Climate and Weather,100-999,3,3988,909888,999,228.156469408225
Kalshi,2026-04-18,Category,Climate and Weather,1k-9k,4,188,444850,9351,2366.22340425532
Kalshi,2026-04-18,Category,Climate and Weather,10k-49k,5,4,88262,46759,22065.5
Kalshi,2026-04-18,Category,Climate and Weather,50k-99k,6,3,210791,99999,70263.6666666667
Kalshi,2026-04-18,Category,Commodities,1-9,1,6573,19519,9,2.96957249353416
Kalshi,2026-04-18,Category,Commodities,10-99,2,4849,153193,99,31.5926995256754
Kalshi,2026-04-18,Category,Commodities,100-999,3,889,194499,988,218.784026996625
Kalshi,2026-04-18,Category,Commodities,1k-9k,4,14,18541,2544,1324.35714285714
Kalshi,2026-04-18,Category,Companies,1-9,1,871,3613,9,4.14810562571757
Kalshi,2026-04-18,Category,Companies,10-99,2,857,28009,99,32.6826137689615
Kalshi,2026-04-18,Category,Companies,100-999,3,520,164133,982,315.640384615385
Kalshi,2026-04-18,Category,Companies,1k-9k,4,124,227686,5587,1836.17741935484
Kalshi,2026-04-18,Category,Crypto,1-9,1,381224,1164436,9,3.05446666526766
Kalshi,2026-04-18,Category,Crypto,10-99,2,354676,10469044,99,29.5172044344698
Kalshi,2026-04-18,Category,Crypto,100-999,3,96387,26061579,999,270.384792555013
Kalshi,2026-04-18,Category,Crypto,1k-9k,4,3527,5592867,9858,1585.72923164162
Kalshi,2026-04-18,Category,Crypto,10k-49k,5,7,71532,10989,10218.8571428571
Kalshi,2026-04-18,Category,Economics,1-9,1,5612,17491,9,3.11671418389166
Kalshi,2026-04-18,Category,Economics,10-99,2,3257,102096,99,31.3466380104391
Kalshi,2026-04-18,Category,Economics,100-999,3,1024,291932,987,285.08984375
Kalshi,2026-04-18,Category,Economics,1k-9k,4,134,334643,9596,2497.33582089552
Kalshi,2026-04-18,Category,Economics,10k-49k,5,11,179586,27684,16326
Kalshi,2026-04-18,Category,Economics,50k-99k,6,1,50000,50000,50000
Kalshi,2026-04-18,Category,Economics,100k+,7,1,1e+05,1e+05,1e+05
Kalshi,2026-04-18,Category,Elections,1-9,1,2869,11189,9,3.8999651446497
Kalshi,2026-04-18,Category,Elections,10-99,2,3484,119068,99,34.1756601607348
Kalshi,2026-04-18,Category,Elections,100-999,3,1963,568032,999,289.369332654101
Kalshi,2026-04-18,Category,Elections,1k-9k,4,426,1006404,9813,2362.45070422535
Kalshi,2026-04-18,Category,Elections,10k-49k,5,27,436117,35499,16152.4814814815
Kalshi,2026-04-18,Category,Elections,50k-99k,6,4,255172,79110,63793
Kalshi,2026-04-18,Category,Elections,100k+,7,2,622743,487343,311371.5
Kalshi,2026-04-18,Category,Entertainment,1-9,1,3370,13103,9,3.88813056379822
Kalshi,2026-04-18,Category,Entertainment,10-99,2,3294,116795,99,35.4568913175471
Kalshi,2026-04-18,Category,Entertainment,100-999,3,1334,387801,999,290.705397301349
Kalshi,2026-04-18,Category,Entertainment,1k-9k,4,135,275916,8400,2043.82222222222
Kalshi,2026-04-18,Category,Financials,1-9,1,1025,2884,9,2.81365853658537
Kalshi,2026-04-18,Category,Financials,10-99,2,781,25264,99,32.348271446863
Kalshi,2026-04-18,Category,Financials,100-999,3,304,72013,999,236.884868421053
Kalshi,2026-04-18,Category,Financials,1k-9k,4,24,52750,9925,2197.91666666667
Kalshi,2026-04-18,Category,Financials,10k-49k,5,3,39620,17729,13206.6666666667
Kalshi,2026-04-18,Category,Health,1-9,1,34,122,9,3.58823529411765
Kalshi,2026-04-18,Category,Health,10-99,2,32,823,97,25.71875
Kalshi,2026-04-18,Category,Health,100-999,3,11,2335,490,212.272727272727
Kalshi,2026-04-18,Category,Mentions,1-9,1,13820,56122,9,4.06092619392185
Kalshi,2026-04-18,Category,Mentions,10-99,2,13846,420845,99,30.394698829987
Kalshi,2026-04-18,Category,Mentions,100-999,3,3164,716270,991,226.381163084703
Kalshi,2026-04-18,Category,Mentions,1k-9k,4,130,277089,9351,2131.45384615385
Kalshi,2026-04-18,Category,Mentions,10k-49k,5,7,87939,19154,12562.7142857143
Kalshi,2026-04-18,Category,Politics,1-9,1,6896,25400,9,3.68329466357309
Kalshi,2026-04-18,Category,Politics,10-99,2,7366,233451,99,31.693049144719
Kalshi,2026-04-18,Category,Politics,100-999,3,2367,596429,999,251.976763836079
Kalshi,2026-04-18,Category,Politics,1k-9k,4,217,440790,9994,2031.29032258065
Kalshi,2026-04-18,Category,Politics,10k-49k,5,2,27801,17801,13900.5
Kalshi,2026-04-18,Category,Science and Technology,1-9,1,1103,4367,9,3.95920217588395
Kalshi,2026-04-18,Category,Science and Technology,10-99,2,1303,43597,99,33.4589409056025
Kalshi,2026-04-18,Category,Science and Technology,100-999,3,561,166495,992,296.782531194296
Kalshi,2026-04-18,Category,Science and Technology,1k-9k,4,91,169723,7757,1865.08791208791
Kalshi,2026-04-18,Category,Science and Technology,10k-49k,5,7,105770,26656,15110
Kalshi,2026-04-18,Category,Social,1-9,1,30,112,9,3.73333333333333
Kalshi,2026-04-18,Category,Social,10-99,2,23,658,97,28.6086956521739
Kalshi,2026-04-18,Category,Social,100-999,3,10,3059,500,305.9
Kalshi,2026-04-18,Category,Sports,1-9,1,506371,2048525,9,4.04550221082961
Kalshi,2026-04-18,Category,Sports,10-99,2,1190975,43874524,99,36.8391645500535
Kalshi,2026-04-18,Category,Sports,100-999,3,605647,173336158,999,286.199977874901
Kalshi,2026-04-18,Category,Sports,1k-9k,4,88532,205482156,9999,2320.99304206389
Kalshi,2026-04-18,Category,Sports,10k-49k,5,2858,48602619,49869,17005.8149055283
Kalshi,2026-04-18,Category,Sports,50k-99k,6,89,5467175,98363,61428.9325842697
Kalshi,2026-04-18,Category,Sports,100k+,7,34,4284709,369298,126020.852941176
Kalshi,2026-04-18,Category,Transportation,1-9,1,1,1,1,1
Kalshi,2026-04-18,Category,Unknown,1-9,1,79,293,9,3.70886075949367
Kalshi,2026-04-18,Category,Unknown,10-99,2,84,2356,80,28.0476190476191
Kalshi,2026-04-18,Category,Unknown,100-999,3,38,8371,650,220.289473684211
Kalshi,2026-04-18,Category,Unknown,1k-9k,4,3,4241,1712,1413.66666666667
Kalshi,2026-04-18,Category,World,1-9,1,27,84,9,3.11111111111111
Kalshi,2026-04-18,Category,World,10-99,2,23,458,62,19.9130434782609
Kalshi,2026-04-18,Category,World,100-999,3,13,3365,500,258.846153846154
Kalshi,2026-04-18,Sports split,Non-sports,1-9,1,476313,1499201,9,3.14751224509934
Kalshi,2026-04-18,Sports split,Non-sports,10-99,2,434102,12934133,99,29.7951472234636
Kalshi,2026-04-18,Sports split,Non-sports,100-999,3,116539,31110293,999,266.951775800376
Kalshi,2026-04-18,Sports split,Non-sports,1k-9k,4,5177,9140408,9994,1765.5800656751
Kalshi,2026-04-18,Sports split,Non-sports,10k-49k,5,65,1002381,46759,15421.2461538462
Kalshi,2026-04-18,Sports split,Non-sports,50k-99k,6,8,515963,99999,64495.375
Kalshi,2026-04-18,Sports split,Non-sports,100k+,7,3,722743,487343,240914.333333333
Kalshi,2026-04-18,Sports split,Sports,1-9,1,496731,2010541,9,4.04754484821765
Kalshi,2026-04-18,Sports split,Sports,10-99,2,1174228,43339168,99,36.9086480649414
Kalshi,2026-04-18,Sports split,Sports,100-999,3,601681,172372066,999,286.484143591039
Kalshi,2026-04-18,Sports split,Sports,1k-9k,4,88368,205187248,9999,2321.96324461343
Kalshi,2026-04-18,Sports split,Sports,10k-49k,5,2861,48636865,49869,16999.9528137015
Kalshi,2026-04-18,Sports split,Sports,50k-99k,6,89,5467175,98363,61428.9325842697
Kalshi,2026-04-18,Sports split,Sports,100k+,7,34,4284709,369298,126020.852941176
Kalshi,2026-04-19,All,All,1-9,1,934700,3320133,9,3.55208409115224
Kalshi,2026-04-19,All,All,10-99,2,1485843,51861036,99,34.9034426921283
Kalshi,2026-04-19,All,All,100-999,3,672652,189869807,999,282.27048607601
Kalshi,2026-04-19,All,All,1k-9k,4,88982,204981706,9999,2303.63113888202
Kalshi,2026-04-19,All,All,10k-49k,5,3085,51223201,49980,16603.9549432739
Kalshi,2026-04-19,All,All,50k-99k,6,105,6336433,96913,60346.980952381
Kalshi,2026-04-19,All,All,100k+,7,18,2970713,602679,165039.611111111
Kalshi,2026-04-19,Category,Climate and Weather,1-9,1,49159,145633,9,2.96248906609166
Kalshi,2026-04-19,Category,Climate and Weather,10-99,2,27299,746799,99,27.3562767866955
Kalshi,2026-04-19,Category,Climate and Weather,100-999,3,5086,970912,999,190.898938261895
Kalshi,2026-04-19,Category,Climate and Weather,1k-9k,4,138,314034,9999,2275.60869565217
Kalshi,2026-04-19,Category,Climate and Weather,10k-49k,5,2,20000,10000,10000
Kalshi,2026-04-19,Category,Commodities,1-9,1,8428,27784,9,3.29663028001898
Kalshi,2026-04-19,Category,Commodities,10-99,2,6413,202764,99,31.6176516450959
Kalshi,2026-04-19,Category,Commodities,100-999,3,1241,281508,999,226.83964544722
Kalshi,2026-04-19,Category,Commodities,1k-9k,4,46,92717,8799,2015.58695652174
Kalshi,2026-04-19,Category,Companies,1-9,1,810,3158,9,3.89876543209877
Kalshi,2026-04-19,Category,Companies,10-99,2,791,26273,99,33.2149178255373
Kalshi,2026-04-19,Category,Companies,100-999,3,370,104538,999,282.535135135135
Kalshi,2026-04-19,Category,Companies,1k-9k,4,68,144706,5000,2128.02941176471
Kalshi,2026-04-19,Category,Crypto,1-9,1,391302,1226995,9,3.13567270292511
Kalshi,2026-04-19,Category,Crypto,10-99,2,359879,10758215,99,29.893978253802
Kalshi,2026-04-19,Category,Crypto,100-999,3,98006,26267312,999,268.017386690611
Kalshi,2026-04-19,Category,Crypto,1k-9k,4,3865,5416110,9351,1401.32212160414
Kalshi,2026-04-19,Category,Crypto,10k-49k,5,2,28345,16666,14172.5
Kalshi,2026-04-19,Category,Economics,1-9,1,3730,13591,9,3.64369973190349
Kalshi,2026-04-19,Category,Economics,10-99,2,3727,130020,99,34.8859672658975
Kalshi,2026-04-19,Category,Economics,100-999,3,1700,443520,999,260.894117647059
Kalshi,2026-04-19,Category,Economics,1k-9k,4,193,450120,9900,2332.22797927461
Kalshi,2026-04-19,Category,Economics,10k-49k,5,14,276400,35963,19742.8571428571
Kalshi,2026-04-19,Category,Elections,1-9,1,2945,11319,9,3.84346349745331
Kalshi,2026-04-19,Category,Elections,10-99,2,4015,137382,99,34.2171855541719
Kalshi,2026-04-19,Category,Elections,100-999,3,2003,553441,998,276.306040938592
Kalshi,2026-04-19,Category,Elections,1k-9k,4,359,874809,9842,2436.7938718663
Kalshi,2026-04-19,Category,Elections,10k-49k,5,17,296297,40000,17429.2352941176
Kalshi,2026-04-19,Category,Entertainment,1-9,1,3903,14651,9,3.75377914424801
Kalshi,2026-04-19,Category,Entertainment,10-99,2,3664,127220,99,34.721615720524
Kalshi,2026-04-19,Category,Entertainment,100-999,3,1217,358364,999,294.465078060805
Kalshi,2026-04-19,Category,Entertainment,1k-9k,4,127,288022,9584,2267.88976377953
Kalshi,2026-04-19,Category,Entertainment,10k-49k,5,1,20294,20294,20294
Kalshi,2026-04-19,Category,Financials,1-9,1,1368,4012,9,2.9327485380117
Kalshi,2026-04-19,Category,Financials,10-99,2,1010,34675,99,34.3316831683168
Kalshi,2026-04-19,Category,Financials,100-999,3,337,81773,999,242.649851632048
Kalshi,2026-04-19,Category,Financials,1k-9k,4,18,36214,5900,2011.88888888889
Kalshi,2026-04-19,Category,Health,1-9,1,34,131,9,3.85294117647059
Kalshi,2026-04-19,Category,Health,10-99,2,34,985,76,28.9705882352941
Kalshi,2026-04-19,Category,Health,100-999,3,6,1036,270,172.666666666667
Kalshi,2026-04-19,Category,Mentions,1-9,1,15256,58864,9,3.85841636077609
Kalshi,2026-04-19,Category,Mentions,10-99,2,19447,653666,99,33.6126909034813
Kalshi,2026-04-19,Category,Mentions,100-999,3,4704,1128856,999,239.977891156463
Kalshi,2026-04-19,Category,Mentions,1k-9k,4,330,932556,9999,2825.92727272727
Kalshi,2026-04-19,Category,Mentions,10k-49k,5,10,178658,31945,17865.8
Kalshi,2026-04-19,Category,Politics,1-9,1,6163,22688,9,3.68132403050462
Kalshi,2026-04-19,Category,Politics,10-99,2,6070,191005,99,31.4670510708402
Kalshi,2026-04-19,Category,Politics,100-999,3,1987,544497,999,274.02969300453
Kalshi,2026-04-19,Category,Politics,1k-9k,4,172,345308,8895,2007.60465116279
Kalshi,2026-04-19,Category,Politics,10k-49k,5,2,62943,44131,31471.5
Kalshi,2026-04-19,Category,Science and Technology,1-9,1,1852,6967,9,3.76187904967603
Kalshi,2026-04-19,Category,Science and Technology,10-99,2,1807,58875,99,32.5816270060874
Kalshi,2026-04-19,Category,Science and Technology,100-999,3,696,166975,999,239.906609195402
Kalshi,2026-04-19,Category,Science and Technology,1k-9k,4,66,110714,8461,1677.48484848485
Kalshi,2026-04-19,Category,Science and Technology,10k-49k,5,1,47364,47364,47364
Kalshi,2026-04-19,Category,Social,1-9,1,59,154,9,2.61016949152542
Kalshi,2026-04-19,Category,Social,10-99,2,17,501,98,29.4705882352941
Kalshi,2026-04-19,Category,Social,100-999,3,2,490,356,245
Kalshi,2026-04-19,Category,Sports,1-9,1,449576,1783689,9,3.96749159207787
Kalshi,2026-04-19,Category,Sports,10-99,2,1051472,38786697,99,36.8879979685622
Kalshi,2026-04-19,Category,Sports,100-999,3,555252,158955134,999,286.275662221838
Kalshi,2026-04-19,Category,Sports,1k-9k,4,83599,195975396,9999,2344.23134248017
Kalshi,2026-04-19,Category,Sports,10k-49k,5,3036,50292900,49980,16565.5138339921
Kalshi,2026-04-19,Category,Sports,50k-99k,6,105,6336433,96913,60346.980952381
Kalshi,2026-04-19,Category,Sports,100k+,7,18,2970713,602679,165039.611111111
Kalshi,2026-04-19,Category,Unknown,1-9,1,97,433,9,4.4639175257732
Kalshi,2026-04-19,Category,Unknown,10-99,2,174,5298,98,30.448275862069
Kalshi,2026-04-19,Category,Unknown,100-999,3,43,11101,984,258.162790697674
Kalshi,2026-04-19,Category,Unknown,1k-9k,4,1,1000,1000,1000
Kalshi,2026-04-19,Category,World,1-9,1,18,64,9,3.55555555555556
Kalshi,2026-04-19,Category,World,10-99,2,24,661,94,27.5416666666667
Kalshi,2026-04-19,Category,World,100-999,3,2,350,250,175
Kalshi,2026-04-19,Sports split,Non-sports,1-9,1,495963,1582472,9,3.19070575829245
Kalshi,2026-04-19,Sports split,Non-sports,10-99,2,453785,13704746,99,30.2009674184911
Kalshi,2026-04-19,Sports split,Non-sports,100-999,3,121869,31995591,999,262.540851241907
Kalshi,2026-04-19,Sports split,Non-sports,1k-9k,4,5561,9338314,9999,1679.25085416292
Kalshi,2026-04-19,Sports split,Non-sports,10k-49k,5,49,930301,47364,18985.7346938776
Kalshi,2026-04-19,Sports split,Sports,1-9,1,438737,1737661,9,3.96059826274055
Kalshi,2026-04-19,Sports split,Sports,10-99,2,1032058,38156290,99,36.9710713932744
Kalshi,2026-04-19,Sports split,Sports,100-999,3,550783,157874216,999,286.635963709846
Kalshi,2026-04-19,Sports split,Sports,1k-9k,4,83421,195643392,9999,2345.25349732082
Kalshi,2026-04-19,Sports split,Sports,10k-49k,5,3036,50292900,49980,16565.5138339921
Kalshi,2026-04-19,Sports split,Sports,50k-99k,6,105,6336433,96913,60346.980952381
Kalshi,2026-04-19,Sports split,Sports,100k+,7,18,2970713,602679,165039.611111111
Kalshi,2026-04-20,All,All,1-9,1,896980,3147080,9,3.50852861825236
Kalshi,2026-04-20,All,All,10-99,2,1328150,44797594,99,33.7293182245981
Kalshi,2026-04-20,All,All,100-999,3,575596,164201599,999,285.272307312768
Kalshi,2026-04-20,All,All,1k-9k,4,71235,159926051,9999,2245.0487962378
Kalshi,2026-04-20,All,All,10k-49k,5,2332,38463914,49983,16493.9596912521
Kalshi,2026-04-20,All,All,50k-99k,6,80,4754316,90000,59428.95
Kalshi,2026-04-20,All,All,100k+,7,6,655000,150000,109166.666666667
Kalshi,2026-04-20,Category,Climate and Weather,1-9,1,57778,167516,9,2.89930423344526
Kalshi,2026-04-20,Category,Climate and Weather,10-99,2,30520,850865,99,27.8789318479685
Kalshi,2026-04-20,Category,Climate and Weather,100-999,3,6227,1248717,999,200.532680263369
Kalshi,2026-04-20,Category,Climate and Weather,1k-9k,4,267,699342,9996,2619.25842696629
Kalshi,2026-04-20,Category,Climate and Weather,10k-49k,5,27,502412,44444,18607.8518518519
Kalshi,2026-04-20,Category,Commodities,1-9,1,15964,56798,9,3.55788023051867
Kalshi,2026-04-20,Category,Commodities,10-99,2,16755,506638,99,30.2380185019397
Kalshi,2026-04-20,Category,Commodities,100-999,3,3039,709851,999,233.580454096742
Kalshi,2026-04-20,Category,Commodities,1k-9k,4,132,236516,6273,1791.78787878788
Kalshi,2026-04-20,Category,Commodities,10k-49k,5,1,15555,15555,15555
Kalshi,2026-04-20,Category,Companies,1-9,1,1393,5413,9,3.88585786073223
Kalshi,2026-04-20,Category,Companies,10-99,2,1589,53048,99,33.3845185651353
Kalshi,2026-04-20,Category,Companies,100-999,3,680,207536,989,305.2
Kalshi,2026-04-20,Category,Companies,1k-9k,4,70,129797,5912,1854.24285714286
Kalshi,2026-04-20,Category,Crypto,1-9,1,404718,1242857,9,3.07092098695882
Kalshi,2026-04-20,Category,Crypto,10-99,2,379716,11039923,99,29.0741580549674
Kalshi,2026-04-20,Category,Crypto,100-999,3,103372,28012070,999,270.983148241303
Kalshi,2026-04-20,Category,Crypto,1k-9k,4,3427,5662488,9597,1652.31631164284
Kalshi,2026-04-20,Category,Crypto,10k-49k,5,6,70083,14366,11680.5
Kalshi,2026-04-20,Category,Economics,1-9,1,7057,19798,9,2.80544140569647
Kalshi,2026-04-20,Category,Economics,10-99,2,3615,108801,99,30.0970954356847
Kalshi,2026-04-20,Category,Economics,100-999,3,1358,363798,998,267.892488954345
Kalshi,2026-04-20,Category,Economics,1k-9k,4,123,257696,9358,2095.08943089431
Kalshi,2026-04-20,Category,Economics,10k-49k,5,11,209684,30279,19062.1818181818
Kalshi,2026-04-20,Category,Economics,50k-99k,6,2,138423,87954,69211.5
Kalshi,2026-04-20,Category,Elections,1-9,1,3946,15638,9,3.96300050684237
Kalshi,2026-04-20,Category,Elections,10-99,2,5216,179013,99,34.319976993865
Kalshi,2026-04-20,Category,Elections,100-999,3,2994,872402,999,291.383433533734
Kalshi,2026-04-20,Category,Elections,1k-9k,4,587,1308365,9905,2228.90119250426
Kalshi,2026-04-20,Category,Elections,10k-49k,5,27,430600,45538,15948.1481481481
Kalshi,2026-04-20,Category,Elections,50k-99k,6,3,200874,87874,66958
Kalshi,2026-04-20,Category,Entertainment,1-9,1,7296,25848,9,3.54276315789474
Kalshi,2026-04-20,Category,Entertainment,10-99,2,7811,262457,99,33.6009473818973
Kalshi,2026-04-20,Category,Entertainment,100-999,3,2390,650982,987,272.377405857741
Kalshi,2026-04-20,Category,Entertainment,1k-9k,4,159,348320,9351,2190.69182389937
Kalshi,2026-04-20,Category,Entertainment,10k-49k,5,2,20000,10000,10000
Kalshi,2026-04-20,Category,Financials,1-9,1,4420,12704,9,2.87420814479638
Kalshi,2026-04-20,Category,Financials,10-99,2,3723,118274,99,31.7684662906258
Kalshi,2026-04-20,Category,Financials,100-999,3,1350,367754,999,272.41037037037
Kalshi,2026-04-20,Category,Financials,1k-9k,4,111,239705,9898,2159.5045045045
Kalshi,2026-04-20,Category,Financials,10k-49k,5,9,135668,20000,15074.2222222222
Kalshi,2026-04-20,Category,Financials,50k-99k,6,2,150000,80000,75000
Kalshi,2026-04-20,Category,Health,1-9,1,55,215,9,3.90909090909091
Kalshi,2026-04-20,Category,Health,10-99,2,54,1644,82,30.4444444444444
Kalshi,2026-04-20,Category,Health,100-999,3,15,3412,498,227.466666666667
Kalshi,2026-04-20,Category,Mentions,1-9,1,22358,84759,9,3.79099203864389
Kalshi,2026-04-20,Category,Mentions,10-99,2,20037,601522,99,30.0205619603733
Kalshi,2026-04-20,Category,Mentions,100-999,3,3655,874772,999,239.335704514364
Kalshi,2026-04-20,Category,Mentions,1k-9k,4,155,344721,9351,2224.0064516129
Kalshi,2026-04-20,Category,Mentions,10k-49k,5,3,37119,14027,12373
Kalshi,2026-04-20,Category,Politics,1-9,1,9781,35625,9,3.64226561701258
Kalshi,2026-04-20,Category,Politics,10-99,2,9712,306658,99,31.5751647446458
Kalshi,2026-04-20,Category,Politics,100-999,3,3588,955073,999,266.185340022297
Kalshi,2026-04-20,Category,Politics,1k-9k,4,413,880481,8644,2131.91525423729
Kalshi,2026-04-20,Category,Politics,10k-49k,5,10,152832,25000,15283.2
Kalshi,2026-04-20,Category,Science and Technology,1-9,1,1999,6906,9,3.45472736368184
Kalshi,2026-04-20,Category,Science and Technology,10-99,2,1853,59170,99,31.9320021586616
Kalshi,2026-04-20,Category,Science and Technology,100-999,3,992,298586,996,300.993951612903
Kalshi,2026-04-20,Category,Science and Technology,1k-9k,4,114,219001,9446,1921.06140350877
Kalshi,2026-04-20,Category,Science and Technology,10k-49k,5,2,23431,13431,11715.5
Kalshi,2026-04-20,Category,Social,1-9,1,20,73,9,3.65
Kalshi,2026-04-20,Category,Social,10-99,2,19,459,76,24.1578947368421
Kalshi,2026-04-20,Category,Social,100-999,3,5,736,259,147.2
Kalshi,2026-04-20,Category,Sports,1-9,1,360060,1472426,9,4.0893906571127
Kalshi,2026-04-20,Category,Sports,10-99,2,847349,30703157,99,36.2343697815186
Kalshi,2026-04-20,Category,Sports,100-999,3,445862,129621654,999,290.721465386151
Kalshi,2026-04-20,Category,Sports,1k-9k,4,65674,149593665,9999,2277.82174071931
Kalshi,2026-04-20,Category,Sports,10k-49k,5,2234,36866530,49983,16502.4753804834
Kalshi,2026-04-20,Category,Sports,50k-99k,6,73,4265019,90000,58424.9178082192
Kalshi,2026-04-20,Category,Sports,100k+,7,6,655000,150000,109166.666666667
Kalshi,2026-04-20,Category,Unknown,1-9,1,105,380,9,3.61904761904762
Kalshi,2026-04-20,Category,Unknown,10-99,2,143,4603,96,32.1888111888112
Kalshi,2026-04-20,Category,Unknown,100-999,3,58,12176,719,209.931034482759
Kalshi,2026-04-20,Category,Unknown,1k-9k,4,3,5954,2570,1984.66666666667
Kalshi,2026-04-20,Category,World,1-9,1,30,124,9,4.13333333333333
Kalshi,2026-04-20,Category,World,10-99,2,38,1362,96,35.8421052631579
Kalshi,2026-04-20,Category,World,100-999,3,11,2080,416,189.090909090909
Kalshi,2026-04-20,Sports split,Non-sports,1-9,1,537843,1678286,9,3.12040130670103
Kalshi,2026-04-20,Sports split,Non-sports,10-99,2,485244,14230811,99,29.3271240860268
Kalshi,2026-04-20,Sports split,Non-sports,100-999,3,130880,34872829,999,266.448876833741
Kalshi,2026-04-20,Sports split,Non-sports,1k-9k,4,5599,10398638,9996,1857.23129130202
Kalshi,2026-04-20,Sports split,Non-sports,10k-49k,5,98,1597384,45538,16299.8367346939
Kalshi,2026-04-20,Sports split,Non-sports,50k-99k,6,7,489297,87954,69899.5714285714
Kalshi,2026-04-20,Sports split,Sports,1-9,1,359137,1468794,9,4.08978746272314
Kalshi,2026-04-20,Sports split,Sports,10-99,2,842906,30566783,99,36.2635726878205
Kalshi,2026-04-20,Sports split,Sports,100-999,3,444716,129328770,999,290.812046339686
Kalshi,2026-04-20,Sports split,Sports,1k-9k,4,65636,149527413,9999,2278.13110183436
Kalshi,2026-04-20,Sports split,Sports,10k-49k,5,2234,36866530,49983,16502.4753804834
Kalshi,2026-04-20,Sports split,Sports,50k-99k,6,73,4265019,90000,58424.9178082192
Kalshi,2026-04-20,Sports split,Sports,100k+,7,6,655000,150000,109166.666666667
Kalshi,2026-04-21,All,All,1-9,1,961987,3477908,9,3.6153378372057
Kalshi,2026-04-21,All,All,10-99,2,1532479,52789779,99,34.447309881571
Kalshi,2026-04-21,All,All,100-999,3,687345,199052415,999,289.596076206272
Kalshi,2026-04-21,All,All,1k-9k,4,95901,221400459,9999,2308.63556167298
Kalshi,2026-04-21,All,All,10k-49k,5,3587,59357767,49974,16548.0253693895
Kalshi,2026-04-21,All,All,50k-99k,6,118,7339019,98770,62195.0762711864
Kalshi,2026-04-21,All,All,100k+,7,18,2474024,3e+05,137445.777777778
Kalshi,2026-04-21,Category,Climate and Weather,1-9,1,51832,158094,9,3.05012347584504
Kalshi,2026-04-21,Category,Climate and Weather,10-99,2,27597,826193,99,29.9377830923651
Kalshi,2026-04-21,Category,Climate and Weather,100-999,3,3908,882911,999,225.924002047083
Kalshi,2026-04-21,Category,Climate and Weather,1k-9k,4,100,226282,9351,2262.82
Kalshi,2026-04-21,Category,Climate and Weather,10k-49k,5,3,57957,26844,19319
Kalshi,2026-04-21,Category,Commodities,1-9,1,18655,61644,9,3.30442240686143
Kalshi,2026-04-21,Category,Commodities,10-99,2,16050,485466,99,30.2471028037383
Kalshi,2026-04-21,Category,Commodities,100-999,3,3271,783901,993,239.651788443901
Kalshi,2026-04-21,Category,Commodities,1k-9k,4,241,458592,9999,1902.87136929461
Kalshi,2026-04-21,Category,Commodities,10k-49k,5,4,65344,23052,16336
Kalshi,2026-04-21,Category,Companies,1-9,1,1111,4205,9,3.78487848784879
Kalshi,2026-04-21,Category,Companies,10-99,2,1202,40566,99,33.7487520798669
Kalshi,2026-04-21,Category,Companies,100-999,3,495,127827,875,258.236363636364
Kalshi,2026-04-21,Category,Companies,1k-9k,4,28,45526,4685,1625.92857142857
Kalshi,2026-04-21,Category,Crypto,1-9,1,387273,1235708,9,3.19079305812695
Kalshi,2026-04-21,Category,Crypto,10-99,2,394375,11453047,99,29.0410066561014
Kalshi,2026-04-21,Category,Crypto,100-999,3,112919,30553927,999,270.582692018172
Kalshi,2026-04-21,Category,Crypto,1k-9k,4,3901,6398426,9664,1640.20148679826
Kalshi,2026-04-21,Category,Crypto,10k-49k,5,8,93109,15575,11638.625
Kalshi,2026-04-21,Category,Economics,1-9,1,6039,17080,9,2.82828282828283
Kalshi,2026-04-21,Category,Economics,10-99,2,4886,133268,99,27.2754809660254
Kalshi,2026-04-21,Category,Economics,100-999,3,1330,382374,999,287.499248120301
Kalshi,2026-04-21,Category,Economics,1k-9k,4,213,469181,9629,2202.72769953052
Kalshi,2026-04-21,Category,Economics,10k-49k,5,11,263393,46650,23944.8181818182
Kalshi,2026-04-21,Category,Economics,50k-99k,6,2,117000,67000,58500
Kalshi,2026-04-21,Category,Elections,1-9,1,6591,24364,9,3.69655590957366
Kalshi,2026-04-21,Category,Elections,10-99,2,9903,360350,99,36.3879632434616
Kalshi,2026-04-21,Category,Elections,100-999,3,6462,1917054,999,296.66573816156
Kalshi,2026-04-21,Category,Elections,1k-9k,4,1529,4085122,9999,2671.76062786135
Kalshi,2026-04-21,Category,Elections,10k-49k,5,155,2615774,48855,16875.9612903226
Kalshi,2026-04-21,Category,Elections,50k-99k,6,9,590451,85872,65605.6666666667
Kalshi,2026-04-21,Category,Entertainment,1-9,1,6832,24570,9,3.59631147540984
Kalshi,2026-04-21,Category,Entertainment,10-99,2,7169,233994,99,32.6396987027479
Kalshi,2026-04-21,Category,Entertainment,100-999,3,2419,630235,999,260.53534518396
Kalshi,2026-04-21,Category,Entertainment,1k-9k,4,199,427821,9351,2149.85427135678
Kalshi,2026-04-21,Category,Entertainment,10k-49k,5,5,62730,18703,12546
Kalshi,2026-04-21,Category,Financials,1-9,1,4905,14764,9,3.00998980632008
Kalshi,2026-04-21,Category,Financials,10-99,2,5160,163283,99,31.643992248062
Kalshi,2026-04-21,Category,Financials,100-999,3,2327,660295,999,283.753760206274
Kalshi,2026-04-21,Category,Financials,1k-9k,4,224,536859,9989,2396.69196428571
Kalshi,2026-04-21,Category,Financials,10k-49k,5,7,138979,34000,19854.1428571429
Kalshi,2026-04-21,Category,Health,1-9,1,101,365,9,3.61386138613861
Kalshi,2026-04-21,Category,Health,10-99,2,72,2107,99,29.2638888888889
Kalshi,2026-04-21,Category,Health,100-999,3,15,4389,800,292.6
Kalshi,2026-04-21,Category,Mentions,1-9,1,34163,127628,9,3.73585457951585
Kalshi,2026-04-21,Category,Mentions,10-99,2,36108,1152086,99,31.9066688822422
Kalshi,2026-04-21,Category,Mentions,100-999,3,7954,1917424,999,241.064118682424
Kalshi,2026-04-21,Category,Mentions,1k-9k,4,445,1140322,9844,2562.52134831461
Kalshi,2026-04-21,Category,Mentions,10k-49k,5,38,740787,49499,19494.3947368421
Kalshi,2026-04-21,Category,Mentions,50k-99k,6,2,187038,93519,93519
Kalshi,2026-04-21,Category,Politics,1-9,1,8486,31109,9,3.66592033938251
Kalshi,2026-04-21,Category,Politics,10-99,2,8587,288132,99,33.5544427623151
Kalshi,2026-04-21,Category,Politics,100-999,3,3958,1098259,999,277.478271854472
Kalshi,2026-04-21,Category,Politics,1k-9k,4,462,988539,9543,2139.69480519481
Kalshi,2026-04-21,Category,Politics,10k-49k,5,18,293619,29134,16312.1666666667
Kalshi,2026-04-21,Category,Science and Technology,1-9,1,1765,6366,9,3.60679886685552
Kalshi,2026-04-21,Category,Science and Technology,10-99,2,1849,59971,99,32.4342888047593
Kalshi,2026-04-21,Category,Science and Technology,100-999,3,892,250805,999,281.171524663677
Kalshi,2026-04-21,Category,Science and Technology,1k-9k,4,93,213564,9952,2296.38709677419
Kalshi,2026-04-21,Category,Science and Technology,10k-49k,5,1,10000,10000,10000
Kalshi,2026-04-21,Category,Science and Technology,50k-99k,6,1,50000,50000,50000
Kalshi,2026-04-21,Category,Social,1-9,1,26,88,9,3.38461538461538
Kalshi,2026-04-21,Category,Social,10-99,2,16,488,58,30.5
Kalshi,2026-04-21,Category,Social,100-999,3,7,1598,400,228.285714285714
Kalshi,2026-04-21,Category,Sports,1-9,1,434076,1771392,9,4.0808337710447
Kalshi,2026-04-21,Category,Sports,10-99,2,1019237,37581950,99,36.8726311937263
Kalshi,2026-04-21,Category,Sports,100-999,3,541291,159814985,999,295.24781494612
Kalshi,2026-04-21,Category,Sports,1k-9k,4,88463,206406028,9999,2333.24698461504
Kalshi,2026-04-21,Category,Sports,10k-49k,5,3337,55016075,49974,16486.6871441414
Kalshi,2026-04-21,Category,Sports,50k-99k,6,104,6394530,98770,61485.8653846154
Kalshi,2026-04-21,Category,Sports,100k+,7,18,2474024,3e+05,137445.777777778
Kalshi,2026-04-21,Category,Unknown,1-9,1,85,351,9,4.12941176470588
Kalshi,2026-04-21,Category,Unknown,10-99,2,204,6601,93,32.3578431372549
Kalshi,2026-04-21,Category,Unknown,100-999,3,70,19368,950,276.685714285714
Kalshi,2026-04-21,Category,Unknown,1k-9k,4,3,4197,1666,1399
Kalshi,2026-04-21,Category,World,1-9,1,47,180,9,3.82978723404255
Kalshi,2026-04-21,Category,World,10-99,2,64,2277,99,35.578125
Kalshi,2026-04-21,Category,World,100-999,3,27,7063,800,261.592592592593
Kalshi,2026-04-21,Sports split,Non-sports,1-9,1,533563,1733478,9,3.24887220440698
Kalshi,2026-04-21,Sports split,Non-sports,10-99,2,525338,15596824,99,29.6891220509463
Kalshi,2026-04-21,Sports split,Non-sports,100-999,3,148704,39884110,999,268.211413277383
Kalshi,2026-04-21,Sports split,Non-sports,1k-9k,4,7535,15181508,9999,2014.79867285999
Kalshi,2026-04-21,Sports split,Non-sports,10k-49k,5,251,4351692,49499,17337.4183266932
Kalshi,2026-04-21,Sports split,Non-sports,50k-99k,6,14,944489,93519,67463.5
Kalshi,2026-04-21,Sports split,Sports,1-9,1,428424,1744430,9,4.07173734431311
Kalshi,2026-04-21,Sports split,Sports,10-99,2,1007141,37192955,99,36.9292432737819
Kalshi,2026-04-21,Sports split,Sports,100-999,3,538641,159168305,999,295.499794854086
Kalshi,2026-04-21,Sports split,Sports,1k-9k,4,88366,206218951,9999,2333.69113686259
Kalshi,2026-04-21,Sports split,Sports,10k-49k,5,3336,55006075,49974,16488.6315947242
Kalshi,2026-04-21,Sports split,Sports,50k-99k,6,104,6394530,98770,61485.8653846154
Kalshi,2026-04-21,Sports split,Sports,100k+,7,18,2474024,3e+05,137445.777777778
Kalshi,2026-04-22,All,All,1-9,1,1045886,3718216,9,3.55508726572495
Kalshi,2026-04-22,All,All,10-99,2,1561851,53092676,99,33.9934321519787
Kalshi,2026-04-22,All,All,100-999,3,670652,195089235,999,290.894882890083
Kalshi,2026-04-22,All,All,1k-9k,4,92389,213153580,9999,2307.13158492894
Kalshi,2026-04-22,All,All,10k-49k,5,3106,51846844,49739,16692.4803605924
Kalshi,2026-04-22,All,All,50k-99k,6,99,5871155,99928,59304.595959596
Kalshi,2026-04-22,All,All,100k+,7,21,3485360,448014,165969.523809524
Kalshi,2026-04-22,Category,Climate and Weather,1-9,1,59044,182689,9,3.09411625228643
Kalshi,2026-04-22,Category,Climate and Weather,10-99,2,33106,1024555,99,30.947713405425
Kalshi,2026-04-22,Category,Climate and Weather,100-999,3,5127,1189168,998,231.942266432612
Kalshi,2026-04-22,Category,Climate and Weather,1k-9k,4,137,243721,5000,1778.98540145985
Kalshi,2026-04-22,Category,Climate and Weather,10k-49k,5,4,52134,16666,13033.5
Kalshi,2026-04-22,Category,Commodities,1-9,1,15542,54967,9,3.53667481662592
Kalshi,2026-04-22,Category,Commodities,10-99,2,13203,400696,99,30.3488601075513
Kalshi,2026-04-22,Category,Commodities,100-999,3,2104,460456,999,218.847908745247
Kalshi,2026-04-22,Category,Commodities,1k-9k,4,82,149839,4822,1827.30487804878
Kalshi,2026-04-22,Category,Commodities,10k-49k,5,1,14532,14532,14532
Kalshi,2026-04-22,Category,Companies,1-9,1,1216,4607,9,3.78865131578947
Kalshi,2026-04-22,Category,Companies,10-99,2,1298,43434,99,33.462249614792
Kalshi,2026-04-22,Category,Companies,100-999,3,488,137231,999,281.211065573771
Kalshi,2026-04-22,Category,Companies,1k-9k,4,38,92403,9352,2431.65789473684
Kalshi,2026-04-22,Category,Crypto,1-9,1,470060,1444655,9,3.07334170105944
Kalshi,2026-04-22,Category,Crypto,10-99,2,422048,11849997,99,28.0773679771021
Kalshi,2026-04-22,Category,Crypto,100-999,3,111417,31554308,999,283.209097354982
Kalshi,2026-04-22,Category,Crypto,1k-9k,4,4709,7584100,9999,1610.55425780421
Kalshi,2026-04-22,Category,Crypto,10k-49k,5,5,85535,29999,17107
Kalshi,2026-04-22,Category,Economics,1-9,1,5273,14821,9,2.81073392755547
Kalshi,2026-04-22,Category,Economics,10-99,2,3049,96430,99,31.6267628730731
Kalshi,2026-04-22,Category,Economics,100-999,3,1261,361081,999,286.344964314036
Kalshi,2026-04-22,Category,Economics,1k-9k,4,168,377747,9375,2248.49404761905
Kalshi,2026-04-22,Category,Economics,10k-49k,5,10,154572,30000,15457.2
Kalshi,2026-04-22,Category,Economics,50k-99k,6,1,92584,92584,92584
Kalshi,2026-04-22,Category,Elections,1-9,1,3235,12620,9,3.90108191653787
Kalshi,2026-04-22,Category,Elections,10-99,2,4898,179306,99,36.6080032666394
Kalshi,2026-04-22,Category,Elections,100-999,3,3196,933770,999,292.168335419274
Kalshi,2026-04-22,Category,Elections,1k-9k,4,691,1790183,9999,2590.71345875543
Kalshi,2026-04-22,Category,Elections,10k-49k,5,45,871270,48350,19361.5555555556
Kalshi,2026-04-22,Category,Elections,50k-99k,6,4,292473,99928,73118.25
Kalshi,2026-04-22,Category,Elections,100k+,7,4,665783,297500,166445.75
Kalshi,2026-04-22,Category,Entertainment,1-9,1,6114,22468,9,3.67484461890743
Kalshi,2026-04-22,Category,Entertainment,10-99,2,6261,209891,99,33.5235585369749
Kalshi,2026-04-22,Category,Entertainment,100-999,3,2215,565086,999,255.117832957111
Kalshi,2026-04-22,Category,Entertainment,1k-9k,4,183,417995,9513,2284.12568306011
Kalshi,2026-04-22,Category,Entertainment,10k-49k,5,18,213086,20000,11838.1111111111
Kalshi,2026-04-22,Category,Financials,1-9,1,3456,10655,9,3.08304398148148
Kalshi,2026-04-22,Category,Financials,10-99,2,3425,108461,99,31.6674452554745
Kalshi,2026-04-22,Category,Financials,100-999,3,1516,420330,999,277.26253298153
Kalshi,2026-04-22,Category,Financials,1k-9k,4,157,306921,8812,1954.91082802548
Kalshi,2026-04-22,Category,Financials,10k-49k,5,4,70000,20000,17500
Kalshi,2026-04-22,Category,Health,1-9,1,59,218,9,3.69491525423729
Kalshi,2026-04-22,Category,Health,10-99,2,47,1253,90,26.6595744680851
Kalshi,2026-04-22,Category,Health,100-999,3,26,8409,532,323.423076923077
Kalshi,2026-04-22,Category,Health,1k-9k,4,3,6286,2500,2095.33333333333
Kalshi,2026-04-22,Category,Mentions,1-9,1,29079,108949,9,3.7466556621617
Kalshi,2026-04-22,Category,Mentions,10-99,2,28354,918583,99,32.3969457572124
Kalshi,2026-04-22,Category,Mentions,100-999,3,6430,1587018,999,246.814618973561
Kalshi,2026-04-22,Category,Mentions,1k-9k,4,299,662346,9926,2215.20401337793
Kalshi,2026-04-22,Category,Mentions,10k-49k,5,6,117892,33050,19648.6666666667
Kalshi,2026-04-22,Category,Politics,1-9,1,7218,26112,9,3.61762261014131
Kalshi,2026-04-22,Category,Politics,10-99,2,7850,268153,99,34.1596178343949
Kalshi,2026-04-22,Category,Politics,100-999,3,3469,965757,999,278.396367829346
Kalshi,2026-04-22,Category,Politics,1k-9k,4,355,760261,9352,2141.58028169014
Kalshi,2026-04-22,Category,Politics,10k-49k,5,7,138398,25000,19771.1428571429
Kalshi,2026-04-22,Category,Science and Technology,1-9,1,2482,9189,9,3.70225624496374
Kalshi,2026-04-22,Category,Science and Technology,10-99,2,2857,90930,99,31.8270913545677
Kalshi,2026-04-22,Category,Science and Technology,100-999,3,1278,360651,997,282.199530516432
Kalshi,2026-04-22,Category,Science and Technology,1k-9k,4,121,245449,5281,2028.50413223141
Kalshi,2026-04-22,Category,Science and Technology,10k-49k,5,1,29000,29000,29000
Kalshi,2026-04-22,Category,Social,1-9,1,47,175,9,3.72340425531915
Kalshi,2026-04-22,Category,Social,10-99,2,29,977,91,33.6896551724138
Kalshi,2026-04-22,Category,Social,100-999,3,9,1565,356,173.888888888889
Kalshi,2026-04-22,Category,Sports,1-9,1,442925,1825456,9,4.1213659197381
Kalshi,2026-04-22,Category,Sports,10-99,2,1035195,37891135,99,36.6028960727206
Kalshi,2026-04-22,Category,Sports,100-999,3,531959,156507510,999,294.209722929775
Kalshi,2026-04-22,Category,Sports,1k-9k,4,85441,200501796,9999,2346.66958485973
Kalshi,2026-04-22,Category,Sports,10k-49k,5,3002,50057973,49739,16674.8744170553
Kalshi,2026-04-22,Category,Sports,50k-99k,6,94,5486098,93624,58362.7446808511
Kalshi,2026-04-22,Category,Sports,100k+,7,17,2819577,448014,165857.470588235
Kalshi,2026-04-22,Category,Unknown,1-9,1,105,474,9,4.51428571428571
Kalshi,2026-04-22,Category,Unknown,10-99,2,211,8326,99,39.4597156398104
Kalshi,2026-04-22,Category,Unknown,100-999,3,141,32851,990,232.985815602837
Kalshi,2026-04-22,Category,Unknown,1k-9k,4,5,14533,4646,2906.6
Kalshi,2026-04-22,Category,Unknown,10k-49k,5,3,42452,14164,14150.6666666667
Kalshi,2026-04-22,Category,World,1-9,1,31,161,9,5.19354838709677
Kalshi,2026-04-22,Category,World,10-99,2,20,549,68,27.45
Kalshi,2026-04-22,Category,World,100-999,3,16,4044,500,252.75
Kalshi,2026-04-22,Sports split,Non-sports,1-9,1,608160,1916038,9,3.15054919757958
Kalshi,2026-04-22,Sports split,Non-sports,10-99,2,537981,15582286,99,28.9643797829291
Kalshi,2026-04-22,Sports split,Non-sports,100-999,3,141682,39367242,999,277.856340254937
Kalshi,2026-04-22,Sports split,Non-sports,1k-9k,4,7107,12937053,9999,1820.32545377797
Kalshi,2026-04-22,Sports split,Non-sports,10k-49k,5,102,1766281,48350,17316.4803921569
Kalshi,2026-04-22,Sports split,Non-sports,50k-99k,6,5,385057,99928,77011.4
Kalshi,2026-04-22,Sports split,Non-sports,100k+,7,4,665783,297500,166445.75
Kalshi,2026-04-22,Sports split,Sports,1-9,1,437726,1802178,9,4.11713720455262
Kalshi,2026-04-22,Sports split,Sports,10-99,2,1023870,37510390,99,36.6358912752596
Kalshi,2026-04-22,Sports split,Sports,100-999,3,528970,155721993,999,294.387192090289
Kalshi,2026-04-22,Sports split,Sports,1k-9k,4,85282,200216527,9999,2347.69971389039
Kalshi,2026-04-22,Sports split,Sports,10k-49k,5,3004,50080563,49739,16671.2926098535
Kalshi,2026-04-22,Sports split,Sports,50k-99k,6,94,5486098,93624,58362.7446808511
Kalshi,2026-04-22,Sports split,Sports,100k+,7,17,2819577,448014,165857.470588235
Kalshi,2026-04-23,All,All,1-9,1,1034532,3669345,9,3.54686466924174
Kalshi,2026-04-23,All,All,10-99,2,1577694,54078331,99,34.2768185719157
Kalshi,2026-04-23,All,All,100-999,3,670331,195875367,999,292.206935081326
Kalshi,2026-04-23,All,All,1k-9k,4,93860,215997137,9999,2301.26930534839
Kalshi,2026-04-23,All,All,10k-49k,5,3220,52850476,49959,16413.1913043478
Kalshi,2026-04-23,All,All,50k-99k,6,98,5879815,93457,59998.112244898
Kalshi,2026-04-23,All,All,100k+,7,23,4213098,333333,183178.173913044
Kalshi,2026-04-23,Category,Climate and Weather,1-9,1,51017,165253,9,3.23917517690182
Kalshi,2026-04-23,Category,Climate and Weather,10-99,2,27503,842726,99,30.6412391375486
Kalshi,2026-04-23,Category,Climate and Weather,100-999,3,4709,1144326,999,243.008282013166
Kalshi,2026-04-23,Category,Climate and Weather,1k-9k,4,165,378964,9352,2296.75151515152
Kalshi,2026-04-23,Category,Climate and Weather,10k-49k,5,2,20101,10101,10050.5
Kalshi,2026-04-23,Category,Commodities,1-9,1,25646,83525,9,3.25684317242455
Kalshi,2026-04-23,Category,Commodities,10-99,2,18347,568167,99,30.9678421540306
Kalshi,2026-04-23,Category,Commodities,100-999,3,3270,679524,998,207.805504587156
Kalshi,2026-04-23,Category,Commodities,1k-9k,4,138,225631,9531,1635.00724637681
Kalshi,2026-04-23,Category,Companies,1-9,1,1209,4604,9,3.808105872622
Kalshi,2026-04-23,Category,Companies,10-99,2,1291,40671,99,31.5034856700232
Kalshi,2026-04-23,Category,Companies,100-999,3,365,89303,999,244.665753424658
Kalshi,2026-04-23,Category,Companies,1k-9k,4,20,33517,3143,1675.85
Kalshi,2026-04-23,Category,Crypto,1-9,1,418690,1228654,9,2.93451957295374
Kalshi,2026-04-23,Category,Crypto,10-99,2,379932,10757659,99,28.3146957876673
Kalshi,2026-04-23,Category,Crypto,100-999,3,92692,26138272,999,281.990592499892
Kalshi,2026-04-23,Category,Crypto,1k-9k,4,4532,7041148,9658,1553.65136804943
Kalshi,2026-04-23,Category,Crypto,10k-49k,5,8,105355,20000,13169.375
Kalshi,2026-04-23,Category,Economics,1-9,1,3859,12836,9,3.32625032391811
Kalshi,2026-04-23,Category,Economics,10-99,2,3510,120128,99,34.2245014245014
Kalshi,2026-04-23,Category,Economics,100-999,3,1344,395753,999,294.459077380952
Kalshi,2026-04-23,Category,Economics,1k-9k,4,222,539885,9975,2431.91441441441
Kalshi,2026-04-23,Category,Economics,10k-49k,5,12,167739,26000,13978.25
Kalshi,2026-04-23,Category,Economics,100k+,7,3,556809,2e+05,185603
Kalshi,2026-04-23,Category,Elections,1-9,1,3599,13800,9,3.83439844401223
Kalshi,2026-04-23,Category,Elections,10-99,2,4913,177656,99,36.1603907999186
Kalshi,2026-04-23,Category,Elections,100-999,3,2899,867445,999,299.222145567437
Kalshi,2026-04-23,Category,Elections,1k-9k,4,620,1545395,9970,2492.57258064516
Kalshi,2026-04-23,Category,Elections,10k-49k,5,31,532115,35081,17165
Kalshi,2026-04-23,Category,Elections,50k-99k,6,1,50000,50000,50000
Kalshi,2026-04-23,Category,Entertainment,1-9,1,6581,24206,9,3.67816441270324
Kalshi,2026-04-23,Category,Entertainment,10-99,2,6519,214516,99,32.9062739684001
Kalshi,2026-04-23,Category,Entertainment,100-999,3,2056,549573,998,267.302042801556
Kalshi,2026-04-23,Category,Entertainment,1k-9k,4,180,348763,9165,1937.57222222222
Kalshi,2026-04-23,Category,Entertainment,10k-49k,5,3,38135,14787,12711.6666666667
Kalshi,2026-04-23,Category,Entertainment,50k-99k,6,1,54610,54610,54610
Kalshi,2026-04-23,Category,Financials,1-9,1,4426,12387,9,2.79868956168098
Kalshi,2026-04-23,Category,Financials,10-99,2,4114,137185,99,33.3458920758386
Kalshi,2026-04-23,Category,Financials,100-999,3,1712,502719,999,293.644275700935
Kalshi,2026-04-23,Category,Financials,1k-9k,4,180,328929,9891,1827.38333333333
Kalshi,2026-04-23,Category,Financials,10k-49k,5,7,111898,39839,15985.4285714286
Kalshi,2026-04-23,Category,Financials,100k+,7,1,1e+05,1e+05,1e+05
Kalshi,2026-04-23,Category,Health,1-9,1,55,234,9,4.25454545454546
Kalshi,2026-04-23,Category,Health,10-99,2,57,1914,87,33.5789473684211
Kalshi,2026-04-23,Category,Health,100-999,3,11,2592,500,235.636363636364
Kalshi,2026-04-23,Category,Health,1k-9k,4,1,1207,1207,1207
Kalshi,2026-04-23,Category,Mentions,1-9,1,33522,120692,9,3.60038183879243
Kalshi,2026-04-23,Category,Mentions,10-99,2,33238,1049670,99,31.5804200012034
Kalshi,2026-04-23,Category,Mentions,100-999,3,6739,1652299,999,245.184597121235
Kalshi,2026-04-23,Category,Mentions,1k-9k,4,365,915870,9517,2509.23287671233
Kalshi,2026-04-23,Category,Mentions,10k-49k,5,18,372033,47750,20668.5
Kalshi,2026-04-23,Category,Mentions,50k-99k,6,7,436420,80000,62345.7142857143
Kalshi,2026-04-23,Category,Politics,1-9,1,8894,32489,9,3.65291207555656
Kalshi,2026-04-23,Category,Politics,10-99,2,10292,352613,99,34.260882238632
Kalshi,2026-04-23,Category,Politics,100-999,3,4092,1148625,999,280.700146627566
Kalshi,2026-04-23,Category,Politics,1k-9k,4,467,1019387,9691,2182.84154175589
Kalshi,2026-04-23,Category,Politics,10k-49k,5,12,241093,44447,20091.0833333333
Kalshi,2026-04-23,Category,Science and Technology,1-9,1,2795,9855,9,3.52593917710197
Kalshi,2026-04-23,Category,Science and Technology,10-99,2,3058,112059,99,36.6445389143231
Kalshi,2026-04-23,Category,Science and Technology,100-999,3,1621,451456,999,278.504626773597
Kalshi,2026-04-23,Category,Science and Technology,1k-9k,4,207,385213,9495,1860.93236714976
Kalshi,2026-04-23,Category,Science and Technology,10k-49k,5,4,70043,40043,17510.75
Kalshi,2026-04-23,Category,Social,1-9,1,35,146,9,4.17142857142857
Kalshi,2026-04-23,Category,Social,10-99,2,21,543,72,25.8571428571429
Kalshi,2026-04-23,Category,Social,100-999,3,4,484,147,121
Kalshi,2026-04-23,Category,Sports,1-9,1,474106,1960293,9,4.13471459968868
Kalshi,2026-04-23,Category,Sports,10-99,2,1084701,39696329,99,36.5965634769397
Kalshi,2026-04-23,Category,Sports,100-999,3,548737,162234283,999,295.650344336176
Kalshi,2026-04-23,Category,Sports,1k-9k,4,86761,203228422,9999,2342.39372529132
Kalshi,2026-04-23,Category,Sports,10k-49k,5,3123,51191964,49959,16391.9193083574
Kalshi,2026-04-23,Category,Sports,50k-99k,6,89,5338785,93457,59986.3483146068
Kalshi,2026-04-23,Category,Sports,100k+,7,19,3556289,333333,187173.105263158
Kalshi,2026-04-23,Category,Unknown,1-9,1,64,239,9,3.734375
Kalshi,2026-04-23,Category,Unknown,10-99,2,168,5528,96,32.9047619047619
Kalshi,2026-04-23,Category,Unknown,100-999,3,70,15742,949,224.885714285714
Kalshi,2026-04-23,Category,Unknown,1k-9k,4,2,4806,3378,2403
Kalshi,2026-04-23,Category,World,1-9,1,34,132,9,3.88235294117647
Kalshi,2026-04-23,Category,World,10-99,2,30,967,94,32.2333333333333
Kalshi,2026-04-23,Category,World,100-999,3,10,2971,842,297.1
Kalshi,2026-04-23,Sports split,Non-sports,1-9,1,563639,1727111,9,3.06421486093049
Kalshi,2026-04-23,Sports split,Non-sports,10-99,2,503698,14758434,99,29.300163987151
Kalshi,2026-04-23,Sports split,Non-sports,100-999,3,124892,34472505,999,276.018520001281
Kalshi,2026-04-23,Sports split,Non-sports,1k-9k,4,7237,13019320,9975,1798.99405831146
Kalshi,2026-04-23,Sports split,Non-sports,10k-49k,5,97,1658512,47750,17098.0618556701
Kalshi,2026-04-23,Sports split,Non-sports,50k-99k,6,9,541030,80000,60114.4444444445
Kalshi,2026-04-23,Sports split,Non-sports,100k+,7,4,656809,2e+05,164202.25
Kalshi,2026-04-23,Sports split,Sports,1-9,1,470893,1942234,9,4.12457607142175
Kalshi,2026-04-23,Sports split,Sports,10-99,2,1073996,39319897,99,36.6108411949393
Kalshi,2026-04-23,Sports split,Sports,100-999,3,545439,161402862,999,295.913680539895
Kalshi,2026-04-23,Sports split,Sports,1k-9k,4,86623,202977817,9999,2343.23236322917
Kalshi,2026-04-23,Sports split,Sports,10k-49k,5,3123,51191964,49959,16391.9193083574
Kalshi,2026-04-23,Sports split,Sports,50k-99k,6,89,5338785,93457,59986.3483146068
Kalshi,2026-04-23,Sports split,Sports,100k+,7,19,3556289,333333,187173.105263158
Kalshi,2026-04-24,All,All,1-9,1,1040452,3563100,9,3.42456932179476
Kalshi,2026-04-24,All,All,10-99,2,1484983,51872294,99,34.9312375966594
Kalshi,2026-04-24,All,All,100-999,3,642890,186562389,999,290.193328563207
Kalshi,2026-04-24,All,All,1k-9k,4,91537,209427809,9999,2287.9033505577
Kalshi,2026-04-24,All,All,10k-49k,5,3384,56819182,49988,16790.5384160757
Kalshi,2026-04-24,All,All,50k-99k,6,127,7935487,99999,62484.1496062992
Kalshi,2026-04-24,All,All,100k+,7,33,7388304,630983,223888
Kalshi,2026-04-24,Category,Climate and Weather,1-9,1,62818,215289,9,3.42718647521411
Kalshi,2026-04-24,Category,Climate and Weather,10-99,2,31383,959496,99,30.5737501194914
Kalshi,2026-04-24,Category,Climate and Weather,100-999,3,4873,1164206,999,238.909501333881
Kalshi,2026-04-24,Category,Climate and Weather,1k-9k,4,185,460571,9352,2489.57297297297
Kalshi,2026-04-24,Category,Climate and Weather,10k-49k,5,2,26896,13560,13448
Kalshi,2026-04-24,Category,Commodities,1-9,1,11322,43348,9,3.82865218159336
Kalshi,2026-04-24,Category,Commodities,10-99,2,14318,448205,99,31.3036038552871
Kalshi,2026-04-24,Category,Commodities,100-999,3,2904,667634,995,229.901515151515
Kalshi,2026-04-24,Category,Commodities,1k-9k,4,119,189474,6782,1592.21848739496
Kalshi,2026-04-24,Category,Companies,1-9,1,1297,5414,9,4.17424826522745
Kalshi,2026-04-24,Category,Companies,10-99,2,1309,42545,99,32.501909854851
Kalshi,2026-04-24,Category,Companies,100-999,3,431,107040,889,248.352668213457
Kalshi,2026-04-24,Category,Companies,1k-9k,4,14,26494,5463,1892.42857142857
Kalshi,2026-04-24,Category,Crypto,1-9,1,451088,1307439,9,2.89841228319086
Kalshi,2026-04-24,Category,Crypto,10-99,2,370750,11462510,99,30.9170869858395
Kalshi,2026-04-24,Category,Crypto,100-999,3,102865,28254948,999,274.679900840908
Kalshi,2026-04-24,Category,Crypto,1k-9k,4,4970,7306441,9821,1470.10885311871
Kalshi,2026-04-24,Category,Crypto,10k-49k,5,5,61982,18000,12396.4
Kalshi,2026-04-24,Category,Economics,1-9,1,4117,14290,9,3.4709740102016
Kalshi,2026-04-24,Category,Economics,10-99,2,3644,129076,99,35.4215148188804
Kalshi,2026-04-24,Category,Economics,100-999,3,1294,391106,998,302.245749613601
Kalshi,2026-04-24,Category,Economics,1k-9k,4,195,457340,9764,2345.33333333333
Kalshi,2026-04-24,Category,Economics,10k-49k,5,12,212327,46759,17693.9166666667
Kalshi,2026-04-24,Category,Elections,1-9,1,2952,11365,9,3.84993224932249
Kalshi,2026-04-24,Category,Elections,10-99,2,4339,154794,99,35.6750403318737
Kalshi,2026-04-24,Category,Elections,100-999,3,2517,731431,999,290.596344854986
Kalshi,2026-04-24,Category,Elections,1k-9k,4,531,1350146,9923,2542.64783427495
Kalshi,2026-04-24,Category,Elections,10k-49k,5,32,527500,48996,16484.375
Kalshi,2026-04-24,Category,Elections,50k-99k,6,3,185696,79197,61898.6666666667
Kalshi,2026-04-24,Category,Entertainment,1-9,1,8486,30093,9,3.54619373085081
Kalshi,2026-04-24,Category,Entertainment,10-99,2,7617,254265,99,33.3812524615991
Kalshi,2026-04-24,Category,Entertainment,100-999,3,2466,639680,998,259.399837793998
Kalshi,2026-04-24,Category,Entertainment,1k-9k,4,204,430630,9993,2110.93137254902
Kalshi,2026-04-24,Category,Entertainment,10k-49k,5,4,43319,13319,10829.75
Kalshi,2026-04-24,Category,Financials,1-9,1,3903,11411,9,2.92364847553164
Kalshi,2026-04-24,Category,Financials,10-99,2,4366,112266,99,25.7136967475951
Kalshi,2026-04-24,Category,Financials,100-999,3,1011,287924,999,284.791295746785
Kalshi,2026-04-24,Category,Financials,1k-9k,4,161,311005,9940,1931.70807453416
Kalshi,2026-04-24,Category,Financials,10k-49k,5,2,49999,29999,24999.5
Kalshi,2026-04-24,Category,Health,1-9,1,39,126,9,3.23076923076923
Kalshi,2026-04-24,Category,Health,10-99,2,36,1099,84,30.5277777777778
Kalshi,2026-04-24,Category,Health,100-999,3,11,3748,500,340.727272727273
Kalshi,2026-04-24,Category,Mentions,1-9,1,24322,85325,9,3.50814077789656
Kalshi,2026-04-24,Category,Mentions,10-99,2,19784,615902,99,31.1313182369592
Kalshi,2026-04-24,Category,Mentions,100-999,3,3840,989561,999,257.698177083333
Kalshi,2026-04-24,Category,Mentions,1k-9k,4,231,579164,9626,2507.20346320346
Kalshi,2026-04-24,Category,Mentions,10k-49k,5,12,207432,38947,17286
Kalshi,2026-04-24,Category,Politics,1-9,1,9760,35277,9,3.61444672131148
Kalshi,2026-04-24,Category,Politics,10-99,2,10497,348464,99,33.1965323425741
Kalshi,2026-04-24,Category,Politics,100-999,3,3895,1129584,999,290.008729139923
Kalshi,2026-04-24,Category,Politics,1k-9k,4,520,1160945,9751,2232.58653846154
Kalshi,2026-04-24,Category,Politics,10k-49k,5,14,244211,41059,17443.6428571429
Kalshi,2026-04-24,Category,Politics,50k-99k,6,3,158941,58941,52980.3333333333
Kalshi,2026-04-24,Category,Politics,100k+,7,1,150000,150000,150000
Kalshi,2026-04-24,Category,Science and Technology,1-9,1,2393,8558,9,3.5762641036356
Kalshi,2026-04-24,Category,Science and Technology,10-99,2,2283,77531,99,33.9601401664477
Kalshi,2026-04-24,Category,Science and Technology,100-999,3,933,249906,992,267.852090032154
Kalshi,2026-04-24,Category,Science and Technology,1k-9k,4,95,189553,8889,1995.29473684211
Kalshi,2026-04-24,Category,Science and Technology,10k-49k,5,1,11100,11100,11100
Kalshi,2026-04-24,Category,Social,1-9,1,33,118,9,3.57575757575758
Kalshi,2026-04-24,Category,Social,10-99,2,31,867,94,27.9677419354839
Kalshi,2026-04-24,Category,Social,100-999,3,2,268,155,134
Kalshi,2026-04-24,Category,Sports,1-9,1,457745,1794417,9,3.92012364963025
Kalshi,2026-04-24,Category,Sports,10-99,2,1014329,37254462,99,36.7281838535623
Kalshi,2026-04-24,Category,Sports,100-999,3,515725,151916543,999,294.56889427505
Kalshi,2026-04-24,Category,Sports,1k-9k,4,84309,196960313,9999,2336.17185591099
Kalshi,2026-04-24,Category,Sports,10k-49k,5,3300,55434416,49988,16798.3078787879
Kalshi,2026-04-24,Category,Sports,50k-99k,6,121,7590850,99999,62734.2975206612
Kalshi,2026-04-24,Category,Sports,100k+,7,32,7238304,630983,226197
Kalshi,2026-04-24,Category,Unknown,1-9,1,100,419,9,4.19
Kalshi,2026-04-24,Category,Unknown,10-99,2,263,9562,98,36.3574144486692
Kalshi,2026-04-24,Category,Unknown,100-999,3,101,23651,991,234.168316831683
Kalshi,2026-04-24,Category,Unknown,1k-9k,4,3,5733,2392,1911
Kalshi,2026-04-24,Category,World,1-9,1,77,211,9,2.74025974025974
Kalshi,2026-04-24,Category,World,10-99,2,34,1250,93,36.7647058823529
Kalshi,2026-04-24,Category,World,100-999,3,22,5159,800,234.5
Kalshi,2026-04-24,Sports split,Non-sports,1-9,1,588261,1797392,9,3.05543287758325
Kalshi,2026-04-24,Sports split,Non-sports,10-99,2,488563,15244123,99,31.2019596244497
Kalshi,2026-04-24,Sports split,Non-sports,100-999,3,132809,36043383,999,271.392623993856
Kalshi,2026-04-24,Sports split,Non-sports,1k-9k,4,7492,12882027,9993,1719.43766684463
Kalshi,2026-04-24,Sports split,Non-sports,10k-49k,5,87,1413084,48996,16242.3448275862
Kalshi,2026-04-24,Sports split,Non-sports,50k-99k,6,6,344637,79197,57439.5
Kalshi,2026-04-24,Sports split,Non-sports,100k+,7,1,150000,150000,150000
Kalshi,2026-04-24,Sports split,Sports,1-9,1,452191,1765708,9,3.90478359808134
Kalshi,2026-04-24,Sports split,Sports,10-99,2,996420,36628171,99,36.7597709801088
Kalshi,2026-04-24,Sports split,Sports,100-999,3,510081,150519006,999,295.088438894999
Kalshi,2026-04-24,Sports split,Sports,1k-9k,4,84045,196545782,9999,2338.57792849069
Kalshi,2026-04-24,Sports split,Sports,10k-49k,5,3297,55406098,49988,16805.0039429785
Kalshi,2026-04-24,Sports split,Sports,50k-99k,6,121,7590850,99999,62734.2975206612
Kalshi,2026-04-24,Sports split,Sports,100k+,7,32,7238304,630983,226197
Kalshi,2026-04-25,All,All,1-9,1,1028601,3810393,9,3.70444224728539
Kalshi,2026-04-25,All,All,10-99,2,1778414,64270059,99,36.1389749518391
Kalshi,2026-04-25,All,All,100-999,3,862964,246376370,999,285.50017150194
Kalshi,2026-04-25,All,All,1k-9k,4,124942,287719763,9999,2302.82661554962
Kalshi,2026-04-25,All,All,10k-49k,5,4885,79261075,49933,16225.3991811668
Kalshi,2026-04-25,All,All,50k-99k,6,139,8371091,99781,60223.6762589928
Kalshi,2026-04-25,All,All,100k+,7,48,10800842,8e+05,225017.541666667
Kalshi,2026-04-25,Category,Climate and Weather,1-9,1,56673,195508,9,3.44975561554885
Kalshi,2026-04-25,Category,Climate and Weather,10-99,2,24648,726523,99,29.47594125284
Kalshi,2026-04-25,Category,Climate and Weather,100-999,3,3271,737800,999,225.557933353714
Kalshi,2026-04-25,Category,Climate and Weather,1k-9k,4,126,291616,9352,2314.4126984127
Kalshi,2026-04-25,Category,Climate and Weather,10k-49k,5,4,96631,33406,24157.75
Kalshi,2026-04-25,Category,Commodities,1-9,1,3121,11564,9,3.70522268503685
Kalshi,2026-04-25,Category,Commodities,10-99,2,3455,110221,99,31.9018813314038
Kalshi,2026-04-25,Category,Commodities,100-999,3,734,163006,997,222.079019073569
Kalshi,2026-04-25,Category,Commodities,1k-9k,4,19,29827,2500,1569.84210526316
Kalshi,2026-04-25,Category,Companies,1-9,1,1510,6141,9,4.06688741721854
Kalshi,2026-04-25,Category,Companies,10-99,2,1216,38202,99,31.4161184210526
Kalshi,2026-04-25,Category,Companies,100-999,3,373,92903,991,249.069705093834
Kalshi,2026-04-25,Category,Companies,1k-9k,4,13,15636,1647,1202.76923076923
Kalshi,2026-04-25,Category,Crypto,1-9,1,366743,1140190,9,3.10896186157609
Kalshi,2026-04-25,Category,Crypto,10-99,2,302369,9147159,99,30.2516428602138
Kalshi,2026-04-25,Category,Crypto,100-999,3,85715,22394478,999,261.266732777227
Kalshi,2026-04-25,Category,Crypto,1k-9k,4,5988,8339518,9300,1392.70507682031
Kalshi,2026-04-25,Category,Crypto,10k-49k,5,7,128198,37426,18314
Kalshi,2026-04-25,Category,Economics,1-9,1,3206,10545,9,3.28914535246413
Kalshi,2026-04-25,Category,Economics,10-99,2,2369,87289,99,36.846348670325
Kalshi,2026-04-25,Category,Economics,100-999,3,903,285778,997,316.476190476191
Kalshi,2026-04-25,Category,Economics,1k-9k,4,133,394708,9352,2967.72932330827
Kalshi,2026-04-25,Category,Economics,10k-49k,5,5,116630,46759,23326
Kalshi,2026-04-25,Category,Elections,1-9,1,2494,9869,9,3.95709703287891
Kalshi,2026-04-25,Category,Elections,10-99,2,3595,126644,99,35.2278164116829
Kalshi,2026-04-25,Category,Elections,100-999,3,1825,525065,999,287.706849315069
Kalshi,2026-04-25,Category,Elections,1k-9k,4,361,841208,9726,2330.21606648199
Kalshi,2026-04-25,Category,Elections,10k-49k,5,20,276353,37491,13817.65
Kalshi,2026-04-25,Category,Entertainment,1-9,1,5928,21360,9,3.60323886639676
Kalshi,2026-04-25,Category,Entertainment,10-99,2,5643,193574,99,34.3033847244374
Kalshi,2026-04-25,Category,Entertainment,100-999,3,1869,529057,998,283.069555912253
Kalshi,2026-04-25,Category,Entertainment,1k-9k,4,235,463113,7542,1970.69361702128
Kalshi,2026-04-25,Category,Entertainment,10k-49k,5,1,33012,33012,33012
Kalshi,2026-04-25,Category,Financials,1-9,1,725,2434,9,3.35724137931034
Kalshi,2026-04-25,Category,Financials,10-99,2,622,19234,99,30.9228295819936
Kalshi,2026-04-25,Category,Financials,100-999,3,182,48649,972,267.302197802198
Kalshi,2026-04-25,Category,Financials,1k-9k,4,15,24135,3958,1609
Kalshi,2026-04-25,Category,Health,1-9,1,67,241,9,3.59701492537313
Kalshi,2026-04-25,Category,Health,10-99,2,68,1991,87,29.2794117647059
Kalshi,2026-04-25,Category,Health,100-999,3,13,3770,500,290
Kalshi,2026-04-25,Category,Mentions,1-9,1,28006,100629,9,3.59312290223524
Kalshi,2026-04-25,Category,Mentions,10-99,2,24926,798916,99,32.0515124769317
Kalshi,2026-04-25,Category,Mentions,100-999,3,6339,1505200,999,237.450702003471
Kalshi,2026-04-25,Category,Mentions,1k-9k,4,275,630048,9998,2291.08363636364
Kalshi,2026-04-25,Category,Mentions,10k-49k,5,14,238502,34344,17035.8571428571
Kalshi,2026-04-25,Category,Mentions,50k-99k,6,1,50000,50000,50000
Kalshi,2026-04-25,Category,Politics,1-9,1,9919,37689,9,3.79967738683335
Kalshi,2026-04-25,Category,Politics,10-99,2,11171,373733,99,33.4556440784173
Kalshi,2026-04-25,Category,Politics,100-999,3,3845,1085837,999,282.402340702211
Kalshi,2026-04-25,Category,Politics,1k-9k,4,425,939995,9352,2211.75294117647
Kalshi,2026-04-25,Category,Politics,10k-49k,5,11,209142,32768,19012.9090909091
Kalshi,2026-04-25,Category,Science and Technology,1-9,1,2414,8871,9,3.67481358740679
Kalshi,2026-04-25,Category,Science and Technology,10-99,2,2211,69045,99,31.2279511533243
Kalshi,2026-04-25,Category,Science and Technology,100-999,3,739,206805,997,279.844384303112
Kalshi,2026-04-25,Category,Science and Technology,1k-9k,4,66,127074,7576,1925.36363636364
Kalshi,2026-04-25,Category,Social,1-9,1,51,227,9,4.45098039215686
Kalshi,2026-04-25,Category,Social,10-99,2,30,793,75,26.4333333333333
Kalshi,2026-04-25,Category,Social,100-999,3,6,1197,400,199.5
Kalshi,2026-04-25,Category,Sports,1-9,1,547636,2264675,9,4.13536546173005
Kalshi,2026-04-25,Category,Sports,10-99,2,1395800,52566576,99,37.6605358933945
Kalshi,2026-04-25,Category,Sports,100-999,3,757029,218766877,999,288.980840892489
Kalshi,2026-04-25,Category,Sports,1k-9k,4,117281,275616047,9999,2350.04857564311
Kalshi,2026-04-25,Category,Sports,10k-49k,5,4823,78162607,49933,16206.2216462783
Kalshi,2026-04-25,Category,Sports,50k-99k,6,138,8321091,99781,60297.7608695652
Kalshi,2026-04-25,Category,Sports,100k+,7,48,10800842,8e+05,225017.541666667
Kalshi,2026-04-25,Category,Unknown,1-9,1,88,364,9,4.13636363636364
Kalshi,2026-04-25,Category,Unknown,10-99,2,276,9701,99,35.1485507246377
Kalshi,2026-04-25,Category,Unknown,100-999,3,116,28834,729,248.568965517241
Kalshi,2026-04-25,Category,Unknown,1k-9k,4,5,6838,1838,1367.6
Kalshi,2026-04-25,Category,World,1-9,1,20,86,9,4.3
Kalshi,2026-04-25,Category,World,10-99,2,15,458,98,30.5333333333333
Kalshi,2026-04-25,Category,World,100-999,3,5,1114,300,222.8
Kalshi,2026-04-25,Sports split,Non-sports,1-9,1,486579,1572266,9,3.23126563209674
Kalshi,2026-04-25,Sports split,Non-sports,10-99,2,399312,12279262,99,30.7510468004969
Kalshi,2026-04-25,Sports split,Non-sports,100-999,3,109870,28564518,999,259.984690998453
Kalshi,2026-04-25,Sports split,Non-sports,1k-9k,4,7825,12380510,9998,1582.17380191693
Kalshi,2026-04-25,Sports split,Non-sports,10k-49k,5,62,1098468,46759,17717.2258064516
Kalshi,2026-04-25,Sports split,Non-sports,50k-99k,6,1,50000,50000,50000
Kalshi,2026-04-25,Sports split,Sports,1-9,1,542022,2238127,9,4.12921800222131
Kalshi,2026-04-25,Sports split,Sports,10-99,2,1379102,51990797,99,37.6990222623127
Kalshi,2026-04-25,Sports split,Sports,100-999,3,753094,217811852,999,289.222662775165
Kalshi,2026-04-25,Sports split,Sports,1k-9k,4,117117,275339253,9999,2350.9759727452
Kalshi,2026-04-25,Sports split,Sports,10k-49k,5,4823,78162607,49933,16206.2216462783
Kalshi,2026-04-25,Sports split,Sports,50k-99k,6,138,8321091,99781,60297.7608695652
Kalshi,2026-04-25,Sports split,Sports,100k+,7,48,10800842,8e+05,225017.541666667
Kalshi,2026-04-26,All,All,1-9,1,1003604,3585608,9,3.57273187432493
Kalshi,2026-04-26,All,All,10-99,2,1614635,58275294,99,36.0919303743571
Kalshi,2026-04-26,All,All,100-999,3,798661,230371931,999,288.447703093052
Kalshi,2026-04-26,All,All,1k-9k,4,115768,269130619,9999,2324.74102515376
Kalshi,2026-04-26,All,All,10k-49k,5,4650,79589172,49999,17115.9509677419
Kalshi,2026-04-26,All,All,50k-99k,6,155,9218308,98000,59472.9548387097
Kalshi,2026-04-26,All,All,100k+,7,50,10837952,777777,216759.04
Kalshi,2026-04-26,Category,Climate and Weather,1-9,1,50975,181235,9,3.5553702795488
Kalshi,2026-04-26,Category,Climate and Weather,10-99,2,26037,805135,99,30.9227253523832
Kalshi,2026-04-26,Category,Climate and Weather,100-999,3,4088,929572,999,227.390410958904
Kalshi,2026-04-26,Category,Climate and Weather,1k-9k,4,127,281661,9352,2217.8031496063
Kalshi,2026-04-26,Category,Climate and Weather,10k-49k,5,3,65528,37408,21842.6666666667
Kalshi,2026-04-26,Category,Climate and Weather,50k-99k,6,1,60787,60787,60787
Kalshi,2026-04-26,Category,Commodities,1-9,1,4178,14270,9,3.4155098133078
Kalshi,2026-04-26,Category,Commodities,10-99,2,3930,119326,99,30.3628498727735
Kalshi,2026-04-26,Category,Commodities,100-999,3,715,164742,999,230.408391608392
Kalshi,2026-04-26,Category,Commodities,1k-9k,4,34,77131,5433,2268.55882352941
Kalshi,2026-04-26,Category,Companies,1-9,1,1267,4949,9,3.9060773480663
Kalshi,2026-04-26,Category,Companies,10-99,2,1263,39996,99,31.667458432304
Kalshi,2026-04-26,Category,Companies,100-999,3,375,94233,997,251.288
Kalshi,2026-04-26,Category,Companies,1k-9k,4,18,29028,7428,1612.66666666667
Kalshi,2026-04-26,Category,Crypto,1-9,1,422415,1303662,9,3.08621142715102
Kalshi,2026-04-26,Category,Crypto,10-99,2,318176,10011136,99,31.4641456300915
Kalshi,2026-04-26,Category,Crypto,100-999,3,111668,30805370,999,275.865691155926
Kalshi,2026-04-26,Category,Crypto,1k-9k,4,6315,8890571,9986,1407.84972288203
Kalshi,2026-04-26,Category,Crypto,50k-99k,6,1,50000,50000,50000
Kalshi,2026-04-26,Category,Economics,1-9,1,3172,10774,9,3.39659520807062
Kalshi,2026-04-26,Category,Economics,10-99,2,2740,100997,99,36.8602189781022
Kalshi,2026-04-26,Category,Economics,100-999,3,927,272776,999,294.256742179072
Kalshi,2026-04-26,Category,Economics,1k-9k,4,161,343655,9352,2134.50310559006
Kalshi,2026-04-26,Category,Economics,10k-49k,5,6,82690,23731,13781.6666666667
Kalshi,2026-04-26,Category,Elections,1-9,1,2287,8063,9,3.52557936160909
Kalshi,2026-04-26,Category,Elections,10-99,2,2755,93539,99,33.9524500907441
Kalshi,2026-04-26,Category,Elections,100-999,3,1511,420323,998,278.175380542687
Kalshi,2026-04-26,Category,Elections,1k-9k,4,264,689068,9999,2610.10606060606
Kalshi,2026-04-26,Category,Elections,10k-49k,5,15,305028,46067,20335.2
Kalshi,2026-04-26,Category,Entertainment,1-9,1,6387,20835,9,3.26209488022546
Kalshi,2026-04-26,Category,Entertainment,10-99,2,6262,216838,99,34.6275950175663
Kalshi,2026-04-26,Category,Entertainment,100-999,3,1935,550403,999,284.445994832041
Kalshi,2026-04-26,Category,Entertainment,1k-9k,4,182,420069,9912,2308.07142857143
Kalshi,2026-04-26,Category,Entertainment,10k-49k,5,1,10000,10000,10000
Kalshi,2026-04-26,Category,Financials,1-9,1,1068,3229,9,3.02340823970037
Kalshi,2026-04-26,Category,Financials,10-99,2,760,25089,99,33.0118421052632
Kalshi,2026-04-26,Category,Financials,100-999,3,291,105558,976,362.742268041237
Kalshi,2026-04-26,Category,Financials,1k-9k,4,38,66810,7995,1758.15789473684
Kalshi,2026-04-26,Category,Health,1-9,1,75,192,9,2.56
Kalshi,2026-04-26,Category,Health,10-99,2,43,1166,85,27.1162790697674
Kalshi,2026-04-26,Category,Health,100-999,3,21,7228,971,344.190476190476
Kalshi,2026-04-26,Category,Health,1k-9k,4,4,4878,1456,1219.5
Kalshi,2026-04-26,Category,Mentions,1-9,1,25095,95413,9,3.8020721259215
Kalshi,2026-04-26,Category,Mentions,10-99,2,26733,924397,99,34.5788725545206
Kalshi,2026-04-26,Category,Mentions,100-999,3,6324,1779303,999,281.357210626186
Kalshi,2026-04-26,Category,Mentions,1k-9k,4,574,1546840,9999,2694.84320557491
Kalshi,2026-04-26,Category,Mentions,10k-49k,5,19,285799,46760,15042.0526315789
Kalshi,2026-04-26,Category,Mentions,50k-99k,6,4,255407,85757,63851.75
Kalshi,2026-04-26,Category,Politics,1-9,1,8476,32683,9,3.85594620103823
Kalshi,2026-04-26,Category,Politics,10-99,2,8990,291447,99,32.419021134594
Kalshi,2026-04-26,Category,Politics,100-999,3,2998,809317,999,269.952301534356
Kalshi,2026-04-26,Category,Politics,1k-9k,4,358,862790,9813,2410.02793296089
Kalshi,2026-04-26,Category,Politics,10k-49k,5,14,235075,40000,16791.0714285714
Kalshi,2026-04-26,Category,Science and Technology,1-9,1,1673,5875,9,3.51165570830843
Kalshi,2026-04-26,Category,Science and Technology,10-99,2,1674,52011,99,31.0698924731183
Kalshi,2026-04-26,Category,Science and Technology,100-999,3,560,138054,999,246.525
Kalshi,2026-04-26,Category,Science and Technology,1k-9k,4,47,68965,4285,1467.34042553192
Kalshi,2026-04-26,Category,Social,1-9,1,58,161,9,2.77586206896552
Kalshi,2026-04-26,Category,Social,10-99,2,36,1098,96,30.5
Kalshi,2026-04-26,Category,Social,100-999,3,10,2245,424,224.5
Kalshi,2026-04-26,Category,Sports,1-9,1,476358,1903703,9,3.99637037690141
Kalshi,2026-04-26,Category,Sports,10-99,2,1214870,45580326,99,37.518685949937
Kalshi,2026-04-26,Category,Sports,100-999,3,667106,194252572,999,291.186965789545
Kalshi,2026-04-26,Category,Sports,1k-9k,4,107639,255828758,9999,2376.72923382789
Kalshi,2026-04-26,Category,Sports,10k-49k,5,4592,78605052,49999,17117.824912892
Kalshi,2026-04-26,Category,Sports,50k-99k,6,149,8852114,98000,59410.1610738255
Kalshi,2026-04-26,Category,Sports,100k+,7,50,10837952,777777,216759.04
Kalshi,2026-04-26,Category,Unknown,1-9,1,106,512,9,4.83018867924528
Kalshi,2026-04-26,Category,Unknown,10-99,2,351,12240,96,34.8717948717949
Kalshi,2026-04-26,Category,Unknown,100-999,3,117,36317,931,310.401709401709
Kalshi,2026-04-26,Category,Unknown,1k-9k,4,7,20395,6896,2913.57142857143
Kalshi,2026-04-26,Category,World,1-9,1,14,52,9,3.71428571428571
Kalshi,2026-04-26,Category,World,10-99,2,15,553,94,36.8666666666667
Kalshi,2026-04-26,Category,World,100-999,3,15,3918,500,261.2
Kalshi,2026-04-26,Sports split,Non-sports,1-9,1,534117,1711226,9,3.20384110597491
Kalshi,2026-04-26,Sports split,Non-sports,10-99,2,416488,13266984,99,31.8544207756286
Kalshi,2026-04-26,Sports split,Non-sports,100-999,3,135667,37105324,999,273.50294471021
Kalshi,2026-04-26,Sports split,Non-sports,1k-9k,4,8265,13512287,9999,1634.88045977012
Kalshi,2026-04-26,Sports split,Non-sports,10k-49k,5,59,998502,46760,16923.7627118644
Kalshi,2026-04-26,Sports split,Non-sports,50k-99k,6,6,366194,85757,61032.3333333333
Kalshi,2026-04-26,Sports split,Sports,1-9,1,469487,1874382,9,3.99240447552328
Kalshi,2026-04-26,Sports split,Sports,10-99,2,1198147,45008310,99,37.5649315150812
Kalshi,2026-04-26,Sports split,Sports,100-999,3,662994,193266607,999,291.505816040567
Kalshi,2026-04-26,Sports split,Sports,1k-9k,4,107503,255618332,9999,2377.77859222533
Kalshi,2026-04-26,Sports split,Sports,10k-49k,5,4591,78590670,49999,17118.42082335
Kalshi,2026-04-26,Sports split,Sports,50k-99k,6,149,8852114,98000,59410.1610738255
Kalshi,2026-04-26,Sports split,Sports,100k+,7,50,10837952,777777,216759.04
Kalshi,2026-04-27,All,All,1-9,1,901041,3215347,9,3.56848023563856
Kalshi,2026-04-27,All,All,10-99,2,1311468,45921512,99,35.0153507367317
Kalshi,2026-04-27,All,All,100-999,3,587333,168872427,999,287.524159207809
Kalshi,2026-04-27,All,All,1k-9k,4,83085,188435925,9999,2267.98970933382
Kalshi,2026-04-27,All,All,10k-49k,5,3032,48579033,49980,16022.1085092348
Kalshi,2026-04-27,All,All,50k-99k,6,90,5630183,97081,62557.5888888889
Kalshi,2026-04-27,All,All,100k+,7,45,7553138,676000,167847.511111111
Kalshi,2026-04-27,Category,Climate and Weather,1-9,1,52168,188970,9,3.62233553136022
Kalshi,2026-04-27,Category,Climate and Weather,10-99,2,26675,813883,99,30.5110777881912
Kalshi,2026-04-27,Category,Climate and Weather,100-999,3,4119,901331,988,218.822772517601
Kalshi,2026-04-27,Category,Climate and Weather,1k-9k,4,113,233565,9352,2066.94690265487
Kalshi,2026-04-27,Category,Climate and Weather,10k-49k,5,2,40677,22348,20338.5
Kalshi,2026-04-27,Category,Commodities,1-9,1,13790,49706,9,3.60449601160261
Kalshi,2026-04-27,Category,Commodities,10-99,2,12984,396276,99,30.5203327171904
Kalshi,2026-04-27,Category,Commodities,100-999,3,2176,447152,993,205.492647058824
Kalshi,2026-04-27,Category,Commodities,1k-9k,4,92,185678,9352,2018.23913043478
Kalshi,2026-04-27,Category,Companies,1-9,1,2015,7718,9,3.8302729528536
Kalshi,2026-04-27,Category,Companies,10-99,2,1808,54896,99,30.3628318584071
Kalshi,2026-04-27,Category,Companies,100-999,3,512,127484,999,248.9921875
Kalshi,2026-04-27,Category,Companies,1k-9k,4,28,49085,7673,1753.03571428571
Kalshi,2026-04-27,Category,Crypto,1-9,1,426343,1344275,9,3.15303640496033
Kalshi,2026-04-27,Category,Crypto,10-99,2,356437,11070503,99,31.0587929984822
Kalshi,2026-04-27,Category,Crypto,100-999,3,102549,28942756,999,282.233429872549
Kalshi,2026-04-27,Category,Crypto,1k-9k,4,5915,8231093,9925,1391.56263736264
Kalshi,2026-04-27,Category,Crypto,10k-49k,5,7,98662,18000,14094.5714285714
Kalshi,2026-04-27,Category,Economics,1-9,1,5189,18649,9,3.5939487377144
Kalshi,2026-04-27,Category,Economics,10-99,2,4563,152401,99,33.399298706991
Kalshi,2026-04-27,Category,Economics,100-999,3,1957,588085,999,300.503321410322
Kalshi,2026-04-27,Category,Economics,1k-9k,4,416,948355,9982,2279.69951923077
Kalshi,2026-04-27,Category,Economics,10k-49k,5,7,116113,25000,16587.5714285714
Kalshi,2026-04-27,Category,Elections,1-9,1,2737,10403,9,3.80087687248813
Kalshi,2026-04-27,Category,Elections,10-99,2,3331,113069,99,33.944461122786
Kalshi,2026-04-27,Category,Elections,100-999,3,1993,571391,999,286.698946312092
Kalshi,2026-04-27,Category,Elections,1k-9k,4,347,843271,9799,2430.17579250721
Kalshi,2026-04-27,Category,Elections,10k-49k,5,30,559147,46759,18638.2333333333
Kalshi,2026-04-27,Category,Elections,50k-99k,6,1,71952,71952,71952
Kalshi,2026-04-27,Category,Elections,100k+,7,2,239789,131256,119894.5
Kalshi,2026-04-27,Category,Entertainment,1-9,1,9614,32051,9,3.33378406490535
Kalshi,2026-04-27,Category,Entertainment,10-99,2,9318,319166,99,34.2526293195965
Kalshi,2026-04-27,Category,Entertainment,100-999,3,3222,763565,999,236.984792054624
Kalshi,2026-04-27,Category,Entertainment,1k-9k,4,202,459451,9995,2274.5099009901
Kalshi,2026-04-27,Category,Entertainment,10k-49k,5,3,34100,13986,11366.6666666667
Kalshi,2026-04-27,Category,Financials,1-9,1,5082,12938,9,2.54584809130264
Kalshi,2026-04-27,Category,Financials,10-99,2,3227,97831,99,30.3163929346142
Kalshi,2026-04-27,Category,Financials,100-999,3,968,289920,999,299.504132231405
Kalshi,2026-04-27,Category,Financials,1k-9k,4,135,253880,7807,1880.59259259259
Kalshi,2026-04-27,Category,Financials,10k-49k,5,3,45000,20000,15000
Kalshi,2026-04-27,Category,Financials,100k+,7,1,1e+05,1e+05,1e+05
Kalshi,2026-04-27,Category,Health,1-9,1,65,208,9,3.2
Kalshi,2026-04-27,Category,Health,10-99,2,31,1200,82,38.7096774193548
Kalshi,2026-04-27,Category,Health,100-999,3,10,2498,500,249.8
Kalshi,2026-04-27,Category,Health,1k-9k,4,1,3346,3346,3346
Kalshi,2026-04-27,Category,Mentions,1-9,1,21523,77880,9,3.6184546763927
Kalshi,2026-04-27,Category,Mentions,10-99,2,17804,561170,99,31.5193215007863
Kalshi,2026-04-27,Category,Mentions,100-999,3,3981,1075445,999,270.144436071339
Kalshi,2026-04-27,Category,Mentions,1k-9k,4,272,679074,9999,2496.59558823529
Kalshi,2026-04-27,Category,Mentions,10k-49k,5,8,140032,45831,17504
Kalshi,2026-04-27,Category,Politics,1-9,1,13423,51516,9,3.83789018848246
Kalshi,2026-04-27,Category,Politics,10-99,2,16541,551671,99,33.3517320597304
Kalshi,2026-04-27,Category,Politics,100-999,3,4855,1257425,999,258.99588053553
Kalshi,2026-04-27,Category,Politics,1k-9k,4,439,956921,9352,2179.77448747153
Kalshi,2026-04-27,Category,Politics,10k-49k,5,5,124954,49876,24990.8
Kalshi,2026-04-27,Category,Science and Technology,1-9,1,1354,4925,9,3.63737075332349
Kalshi,2026-04-27,Category,Science and Technology,10-99,2,1467,48485,99,33.0504430811179
Kalshi,2026-04-27,Category,Science and Technology,100-999,3,785,228318,999,290.850955414013
Kalshi,2026-04-27,Category,Science and Technology,1k-9k,4,112,272316,9863,2431.39285714286
Kalshi,2026-04-27,Category,Science and Technology,10k-49k,5,2,26452,16452,13226
Kalshi,2026-04-27,Category,Social,1-9,1,69,276,9,4
Kalshi,2026-04-27,Category,Social,10-99,2,66,2606,99,39.4848484848485
Kalshi,2026-04-27,Category,Social,100-999,3,22,4129,468,187.681818181818
Kalshi,2026-04-27,Category,Sports,1-9,1,347586,1415459,9,4.07225549935843
Kalshi,2026-04-27,Category,Sports,10-99,2,857035,31732101,99,37.0254435349782
Kalshi,2026-04-27,Category,Sports,100-999,3,460114,133655984,999,290.484497320229
Kalshi,2026-04-27,Category,Sports,1k-9k,4,75011,175311408,9999,2337.14265907667
Kalshi,2026-04-27,Category,Sports,10k-49k,5,2965,47393896,49980,15984.4505902192
Kalshi,2026-04-27,Category,Sports,50k-99k,6,89,5558231,97081,62452.0337078652
Kalshi,2026-04-27,Category,Sports,100k+,7,42,7213349,676000,171746.404761905
Kalshi,2026-04-27,Category,Unknown,1-9,1,65,292,9,4.49230769230769
Kalshi,2026-04-27,Category,Unknown,10-99,2,158,5450,98,34.4936708860759
Kalshi,2026-04-27,Category,Unknown,100-999,3,56,12504,865,223.285714285714
Kalshi,2026-04-27,Category,Unknown,1k-9k,4,2,8482,7462,4241
Kalshi,2026-04-27,Category,World,1-9,1,18,81,9,4.5
Kalshi,2026-04-27,Category,World,10-99,2,23,804,97,34.9565217391304
Kalshi,2026-04-27,Category,World,100-999,3,14,4440,500,317.142857142857
Kalshi,2026-04-27,Sports split,Non-sports,1-9,1,559714,1829388,9,3.26843352140558
Kalshi,2026-04-27,Sports split,Non-sports,10-99,2,470450,14718830,99,31.2867042193644
Kalshi,2026-04-27,Sports split,Non-sports,100-999,3,131103,36174469,999,275.924036826007
Kalshi,2026-04-27,Sports split,Non-sports,1k-9k,4,8214,13330195,9999,1622.86279522766
Kalshi,2026-04-27,Sports split,Non-sports,10k-49k,5,68,1205615,49876,17729.6323529412
Kalshi,2026-04-27,Sports split,Non-sports,50k-99k,6,1,71952,71952,71952
Kalshi,2026-04-27,Sports split,Non-sports,100k+,7,3,339789,131256,113263
Kalshi,2026-04-27,Sports split,Sports,1-9,1,341327,1385959,9,4.06050209916004
Kalshi,2026-04-27,Sports split,Sports,10-99,2,841018,31202682,99,37.1010870159735
Kalshi,2026-04-27,Sports split,Sports,100-999,3,456230,132697958,999,290.857589373781
Kalshi,2026-04-27,Sports split,Sports,1k-9k,4,74871,175105730,9999,2338.76574374591
Kalshi,2026-04-27,Sports split,Sports,10k-49k,5,2964,47373418,49980,15982.9345479082
Kalshi,2026-04-27,Sports split,Sports,50k-99k,6,89,5558231,97081,62452.0337078652
Kalshi,2026-04-27,Sports split,Sports,100k+,7,42,7213349,676000,171746.404761905
Kalshi,2026-04-28,All,All,1-9,1,955758,3491640,9,3.65326787743341
Kalshi,2026-04-28,All,All,10-99,2,1513983,53728702,99,35.4883126164561
Kalshi,2026-04-28,All,All,100-999,3,698773,201296513,999,288.071395145491
Kalshi,2026-04-28,All,All,1k-9k,4,101693,234630939,9999,2307.24768666477
Kalshi,2026-04-28,All,All,10k-49k,5,4267,69955737,49988,16394.5950316382
Kalshi,2026-04-28,All,All,50k-99k,6,155,10043227,99999,64795.0129032258
Kalshi,2026-04-28,All,All,100k+,7,57,10483681,513362,183924.228070175
Kalshi,2026-04-28,Category,Climate and Weather,1-9,1,54566,187254,9,3.4316973939816
Kalshi,2026-04-28,Category,Climate and Weather,10-99,2,26686,816787,99,30.6073221914112
Kalshi,2026-04-28,Category,Climate and Weather,100-999,3,4395,992077,999,225.728555176337
Kalshi,2026-04-28,Category,Climate and Weather,1k-9k,4,145,387744,9352,2674.09655172414
Kalshi,2026-04-28,Category,Climate and Weather,10k-49k,5,13,259866,37309,19989.6923076923
Kalshi,2026-04-28,Category,Commodities,1-9,1,10191,37667,9,3.6961044058483
Kalshi,2026-04-28,Category,Commodities,10-99,2,11301,350044,99,30.9746040173436
Kalshi,2026-04-28,Category,Commodities,100-999,3,2430,500627,996,206.019341563786
Kalshi,2026-04-28,Category,Commodities,1k-9k,4,79,122105,4000,1545.63291139241
Kalshi,2026-04-28,Category,Companies,1-9,1,1942,7596,9,3.91143151390319
Kalshi,2026-04-28,Category,Companies,10-99,2,1868,67458,99,36.1124197002141
Kalshi,2026-04-28,Category,Companies,100-999,3,777,262517,996,337.859716859717
Kalshi,2026-04-28,Category,Companies,1k-9k,4,76,202225,9352,2660.8552631579
Kalshi,2026-04-28,Category,Companies,10k-49k,5,2,29639,19639,14819.5
Kalshi,2026-04-28,Category,Companies,100k+,7,1,168888,168888,168888
Kalshi,2026-04-28,Category,Crypto,1-9,1,396003,1291912,9,3.26237932540915
Kalshi,2026-04-28,Category,Crypto,10-99,2,365179,11321031,99,31.0013199006515
Kalshi,2026-04-28,Category,Crypto,100-999,3,97536,27336940,999,280.275385498688
Kalshi,2026-04-28,Category,Crypto,1k-9k,4,5584,7764969,9964,1390.57467765043
Kalshi,2026-04-28,Category,Crypto,10k-49k,5,13,197431,18000,15187
Kalshi,2026-04-28,Category,Economics,1-9,1,5677,18800,9,3.31160824379073
Kalshi,2026-04-28,Category,Economics,10-99,2,4706,147660,99,31.3769655758606
Kalshi,2026-04-28,Category,Economics,100-999,3,1629,509761,999,312.928790669122
Kalshi,2026-04-28,Category,Economics,1k-9k,4,297,790791,9352,2662.59595959596
Kalshi,2026-04-28,Category,Economics,10k-49k,5,13,221089,35000,17006.8461538462
Kalshi,2026-04-28,Category,Economics,50k-99k,6,5,330976,93519,66195.2
Kalshi,2026-04-28,Category,Elections,1-9,1,2616,10343,9,3.95374617737003
Kalshi,2026-04-28,Category,Elections,10-99,2,3705,125411,99,33.8491228070175
Kalshi,2026-04-28,Category,Elections,100-999,3,2020,598664,999,296.368316831683
Kalshi,2026-04-28,Category,Elections,1k-9k,4,422,985061,9870,2334.26777251185
Kalshi,2026-04-28,Category,Elections,10k-49k,5,25,478180,49975,19127.2
Kalshi,2026-04-28,Category,Entertainment,1-9,1,6826,24643,9,3.61016700849692
Kalshi,2026-04-28,Category,Entertainment,10-99,2,7016,239018,99,34.0675598631699
Kalshi,2026-04-28,Category,Entertainment,100-999,3,2665,680316,997,255.278048780488
Kalshi,2026-04-28,Category,Entertainment,1k-9k,4,183,398287,9370,2176.43169398907
Kalshi,2026-04-28,Category,Entertainment,10k-49k,5,1,10000,10000,10000
Kalshi,2026-04-28,Category,Financials,1-9,1,5391,13322,9,2.47115562975329
Kalshi,2026-04-28,Category,Financials,10-99,2,3772,103740,99,27.5026511134677
Kalshi,2026-04-28,Category,Financials,100-999,3,1030,265907,999,258.16213592233
Kalshi,2026-04-28,Category,Financials,1k-9k,4,127,258753,7868,2037.42519685039
Kalshi,2026-04-28,Category,Financials,10k-49k,5,4,67664,20000,16916
Kalshi,2026-04-28,Category,Health,1-9,1,27,96,9,3.55555555555556
Kalshi,2026-04-28,Category,Health,10-99,2,18,566,78,31.4444444444444
Kalshi,2026-04-28,Category,Health,100-999,3,2,509,256,254.5
Kalshi,2026-04-28,Category,Mentions,1-9,1,34361,130206,9,3.7893542097145
Kalshi,2026-04-28,Category,Mentions,10-99,2,35143,1212586,99,34.5043394132544
Kalshi,2026-04-28,Category,Mentions,100-999,3,9326,2419555,999,259.441882907999
Kalshi,2026-04-28,Category,Mentions,1k-9k,4,519,1233809,9999,2377.28131021195
Kalshi,2026-04-28,Category,Mentions,10k-49k,5,15,381098,49950,25406.5333333333
Kalshi,2026-04-28,Category,Mentions,50k-99k,6,4,303741,78676,75935.25
Kalshi,2026-04-28,Category,Politics,1-9,1,8279,31591,9,3.81579900954222
Kalshi,2026-04-28,Category,Politics,10-99,2,9436,304842,99,32.3062738448495
Kalshi,2026-04-28,Category,Politics,100-999,3,3623,1005452,999,277.519182997516
Kalshi,2026-04-28,Category,Politics,1k-9k,4,480,1096887,9944,2285.18125
Kalshi,2026-04-28,Category,Politics,10k-49k,5,39,542468,29117,13909.4358974359
Kalshi,2026-04-28,Category,Politics,50k-99k,6,2,156699,90650,78349.5
Kalshi,2026-04-28,Category,Science and Technology,1-9,1,1019,3850,9,3.77821393523062
Kalshi,2026-04-28,Category,Science and Technology,10-99,2,1041,35321,99,33.9298751200769
Kalshi,2026-04-28,Category,Science and Technology,100-999,3,393,109021,995,277.407124681934
Kalshi,2026-04-28,Category,Science and Technology,1k-9k,4,48,96461,8200,2009.60416666667
Kalshi,2026-04-28,Category,Science and Technology,10k-49k,5,1,10000,10000,10000
Kalshi,2026-04-28,Category,Social,1-9,1,93,323,9,3.47311827956989
Kalshi,2026-04-28,Category,Social,10-99,2,102,3651,99,35.7941176470588
Kalshi,2026-04-28,Category,Social,100-999,3,33,7282,500,220.666666666667
Kalshi,2026-04-28,Category,Social,1k-9k,4,6,14276,5000,2379.33333333333
Kalshi,2026-04-28,Category,Sports,1-9,1,428632,1733479,9,4.04421275126449
Kalshi,2026-04-28,Category,Sports,10-99,2,1043790,38993228,99,37.3573496584562
Kalshi,2026-04-28,Category,Sports,100-999,3,572837,166589463,999,290.814774534466
Kalshi,2026-04-28,Category,Sports,1k-9k,4,93723,221269709,9999,2360.89016570106
Kalshi,2026-04-28,Category,Sports,10k-49k,5,4140,67744621,49988,16363.4350241546
Kalshi,2026-04-28,Category,Sports,50k-99k,6,144,9251811,99999,64248.6875
Kalshi,2026-04-28,Category,Sports,100k+,7,56,10314793,513362,184192.732142857
Kalshi,2026-04-28,Category,Unknown,1-9,1,85,380,9,4.47058823529412
Kalshi,2026-04-28,Category,Unknown,10-99,2,172,5699,99,33.1337209302326
Kalshi,2026-04-28,Category,Unknown,100-999,3,54,13060,709,241.851851851852
Kalshi,2026-04-28,Category,Unknown,1k-9k,4,3,8862,5791,2954
Kalshi,2026-04-28,Category,Unknown,10k-49k,5,1,13681,13681,13681
Kalshi,2026-04-28,Category,World,1-9,1,50,178,9,3.56
Kalshi,2026-04-28,Category,World,10-99,2,48,1660,98,34.5833333333333
Kalshi,2026-04-28,Category,World,100-999,3,23,5362,555,233.130434782609
Kalshi,2026-04-28,Category,World,1k-9k,4,1,1000,1000,1000
Kalshi,2026-04-28,Sports split,Non-sports,1-9,1,541210,1821325,9,3.36528334657527
Kalshi,2026-04-28,Sports split,Non-sports,10-99,2,504243,15914357,99,31.5608883018703
Kalshi,2026-04-28,Sports split,Non-sports,100-999,3,136803,37314706,999,272.762337083251
Kalshi,2026-04-28,Sports split,Non-sports,1k-9k,4,8507,14258545,9999,1676.09556835547
Kalshi,2026-04-28,Sports split,Non-sports,10k-49k,5,127,2220410,49975,17483.5433070866
Kalshi,2026-04-28,Sports split,Non-sports,50k-99k,6,11,791416,93519,71946.9090909091
Kalshi,2026-04-28,Sports split,Non-sports,100k+,7,1,168888,168888,168888
Kalshi,2026-04-28,Sports split,Sports,1-9,1,414548,1670315,9,4.02924389937957
Kalshi,2026-04-28,Sports split,Sports,10-99,2,1009740,37814345,99,37.4495860320479
Kalshi,2026-04-28,Sports split,Sports,100-999,3,561970,163981807,999,291.798151146858
Kalshi,2026-04-28,Sports split,Sports,1k-9k,4,93186,220372394,9999,2364.8659026034
Kalshi,2026-04-28,Sports split,Sports,10k-49k,5,4140,67735327,49988,16361.1900966184
Kalshi,2026-04-28,Sports split,Sports,50k-99k,6,144,9251811,99999,64248.6875
Kalshi,2026-04-28,Sports split,Sports,100k+,7,56,10314793,513362,184192.732142857
Kalshi,2026-04-29,All,All,1-9,1,1037981,3750133,9,3.61291102630973
Kalshi,2026-04-29,All,All,10-99,2,1566613,55331310,99,35.3190673127314
Kalshi,2026-04-29,All,All,100-999,3,702968,196987779,999,280.222967475049
Kalshi,2026-04-29,All,All,1k-9k,4,93503,212983338,9999,2277.82357785312
Kalshi,2026-04-29,All,All,10k-49k,5,3585,58717370,49594,16378.6248256625
Kalshi,2026-04-29,All,All,50k-99k,6,104,6645058,99999,63894.7884615385
Kalshi,2026-04-29,All,All,100k+,7,36,4817400,3e+05,133816.666666667
Kalshi,2026-04-29,Category,Climate and Weather,1-9,1,59996,208191,9,3.47008133875592
Kalshi,2026-04-29,Category,Climate and Weather,10-99,2,28474,895486,99,31.4492519491466
Kalshi,2026-04-29,Category,Climate and Weather,100-999,3,5232,1195455,999,228.489105504587
Kalshi,2026-04-29,Category,Climate and Weather,1k-9k,4,248,646016,9594,2604.90322580645
Kalshi,2026-04-29,Category,Climate and Weather,10k-49k,5,3,62520,30298,20840
Kalshi,2026-04-29,Category,Commodities,1-9,1,18578,66454,9,3.57702659059102
Kalshi,2026-04-29,Category,Commodities,10-99,2,20720,644353,99,31.0981177606178
Kalshi,2026-04-29,Category,Commodities,100-999,3,4412,923177,996,209.242293744334
Kalshi,2026-04-29,Category,Commodities,1k-9k,4,138,251894,9963,1825.31884057971
Kalshi,2026-04-29,Category,Companies,1-9,1,2023,8025,9,3.96688086999506
Kalshi,2026-04-29,Category,Companies,10-99,2,1956,65635,99,33.5557259713701
Kalshi,2026-04-29,Category,Companies,100-999,3,665,219379,977,329.893233082707
Kalshi,2026-04-29,Category,Companies,1k-9k,4,76,203132,9582,2672.78947368421
Kalshi,2026-04-29,Category,Crypto,1-9,1,460507,1504039,9,3.26605024462169
Kalshi,2026-04-29,Category,Crypto,10-99,2,402938,13074334,99,32.4475080533482
Kalshi,2026-04-29,Category,Crypto,100-999,3,120022,29771269,999,248.048432787322
Kalshi,2026-04-29,Category,Crypto,1k-9k,4,5548,7743467,9615,1395.72224224946
Kalshi,2026-04-29,Category,Crypto,10k-49k,5,7,98461,22461,14065.8571428571
Kalshi,2026-04-29,Category,Economics,1-9,1,7122,22978,9,3.22634091547318
Kalshi,2026-04-29,Category,Economics,10-99,2,5862,196467,99,33.5153531218014
Kalshi,2026-04-29,Category,Economics,100-999,3,2637,792090,999,300.37542662116
Kalshi,2026-04-29,Category,Economics,1k-9k,4,539,1398087,9988,2593.853432282
Kalshi,2026-04-29,Category,Economics,10k-49k,5,29,449414,46760,15497.0344827586
Kalshi,2026-04-29,Category,Economics,50k-99k,6,1,50000,50000,50000
Kalshi,2026-04-29,Category,Economics,100k+,7,2,210706,110706,105353
Kalshi,2026-04-29,Category,Elections,1-9,1,3479,13883,9,3.99051451566542
Kalshi,2026-04-29,Category,Elections,10-99,2,5016,171985,99,34.2872807017544
Kalshi,2026-04-29,Category,Elections,100-999,3,3263,921291,999,282.344774747165
Kalshi,2026-04-29,Category,Elections,1k-9k,4,611,1531429,9999,2506.43044189853
Kalshi,2026-04-29,Category,Elections,10k-49k,5,50,740315,38000,14806.3
Kalshi,2026-04-29,Category,Elections,50k-99k,6,2,143264,93264,71632
Kalshi,2026-04-29,Category,Entertainment,1-9,1,9278,30921,9,3.33272256951929
Kalshi,2026-04-29,Category,Entertainment,10-99,2,9000,315418,99,35.0464444444444
Kalshi,2026-04-29,Category,Entertainment,100-999,3,3962,1034687,999,261.152700656234
Kalshi,2026-04-29,Category,Entertainment,1k-9k,4,313,735512,9531,2349.8785942492
Kalshi,2026-04-29,Category,Entertainment,10k-49k,5,7,103577,23967,14796.7142857143
Kalshi,2026-04-29,Category,Entertainment,50k-99k,6,1,99440,99440,99440
Kalshi,2026-04-29,Category,Financials,1-9,1,5958,16116,9,2.70493454179255
Kalshi,2026-04-29,Category,Financials,10-99,2,4151,114352,99,27.5480607082631
Kalshi,2026-04-29,Category,Financials,100-999,3,1134,307967,999,271.575837742504
Kalshi,2026-04-29,Category,Financials,1k-9k,4,162,387475,8816,2391.82098765432
Kalshi,2026-04-29,Category,Financials,10k-49k,5,6,119967,20000,19994.5
Kalshi,2026-04-29,Category,Health,1-9,1,35,147,9,4.2
Kalshi,2026-04-29,Category,Health,10-99,2,23,560,69,24.3478260869565
Kalshi,2026-04-29,Category,Health,100-999,3,7,2019,873,288.428571428571
Kalshi,2026-04-29,Category,Health,1k-9k,4,1,1500,1500,1500
Kalshi,2026-04-29,Category,Mentions,1-9,1,44835,163751,9,3.65230288836846
Kalshi,2026-04-29,Category,Mentions,10-99,2,40251,1346663,99,33.4566346177735
Kalshi,2026-04-29,Category,Mentions,100-999,3,10237,2513558,999,245.536582983296
Kalshi,2026-04-29,Category,Mentions,1k-9k,4,512,1114992,9870,2177.71875
Kalshi,2026-04-29,Category,Mentions,10k-49k,5,21,346118,44545,16481.8095238095
Kalshi,2026-04-29,Category,Politics,1-9,1,10533,38832,9,3.68669894616918
Kalshi,2026-04-29,Category,Politics,10-99,2,12431,408380,99,32.8517416137077
Kalshi,2026-04-29,Category,Politics,100-999,3,5472,1492083,999,272.675986842105
Kalshi,2026-04-29,Category,Politics,1k-9k,4,716,1639832,9968,2290.26815642458
Kalshi,2026-04-29,Category,Politics,10k-49k,5,35,539160,34900,15404.5714285714
Kalshi,2026-04-29,Category,Politics,50k-99k,6,2,1e+05,50000,50000
Kalshi,2026-04-29,Category,Science and Technology,1-9,1,1091,4162,9,3.81484876260312
Kalshi,2026-04-29,Category,Science and Technology,10-99,2,1083,39180,99,36.1772853185596
Kalshi,2026-04-29,Category,Science and Technology,100-999,3,464,141034,999,303.952586206897
Kalshi,2026-04-29,Category,Science and Technology,1k-9k,4,58,115850,7668,1997.41379310345
Kalshi,2026-04-29,Category,Science and Technology,10k-49k,5,2,28704,18704,14352
Kalshi,2026-04-29,Category,Social,1-9,1,67,240,9,3.58208955223881
Kalshi,2026-04-29,Category,Social,10-99,2,77,2752,96,35.7402597402597
Kalshi,2026-04-29,Category,Social,100-999,3,38,9967,598,262.289473684211
Kalshi,2026-04-29,Category,Social,1k-9k,4,3,7300,5000,2433.33333333333
Kalshi,2026-04-29,Category,Sports,1-9,1,414350,1671845,9,4.03486183178472
Kalshi,2026-04-29,Category,Sports,10-99,2,1034380,38047237,99,36.7826495098513
Kalshi,2026-04-29,Category,Sports,100-999,3,545329,157641847,999,289.076588628149
Kalshi,2026-04-29,Category,Sports,1k-9k,4,84578,197206852,9999,2331.65660100735
Kalshi,2026-04-29,Category,Sports,10k-49k,5,3425,56229134,49594,16417.2654014599
Kalshi,2026-04-29,Category,Sports,50k-99k,6,98,6252354,99999,63799.5306122449
Kalshi,2026-04-29,Category,Sports,100k+,7,34,4606694,3e+05,135491
Kalshi,2026-04-29,Category,Unknown,1-9,1,107,456,9,4.26168224299065
Kalshi,2026-04-29,Category,Unknown,10-99,2,217,6988,97,32.2027649769585
Kalshi,2026-04-29,Category,Unknown,100-999,3,74,18145,924,245.202702702703
Kalshi,2026-04-29,Category,World,1-9,1,22,93,9,4.22727272727273
Kalshi,2026-04-29,Category,World,10-99,2,34,1520,99,44.7058823529412
Kalshi,2026-04-29,Category,World,100-999,3,20,3811,461,190.55
Kalshi,2026-04-29,Sports split,Non-sports,1-9,1,638302,2144162,9,3.35916541073034
Kalshi,2026-04-29,Sports split,Non-sports,10-99,2,574184,18708878,99,32.5834192523651
Kalshi,2026-04-29,Sports split,Non-sports,100-999,3,170923,42541331,999,248.891787530057
Kalshi,2026-04-29,Sports split,Non-sports,1k-9k,4,9511,16739222,9999,1759.9854904847
Kalshi,2026-04-29,Sports split,Non-sports,10k-49k,5,170,2630957,46760,15476.2176470588
Kalshi,2026-04-29,Sports split,Non-sports,50k-99k,6,6,392704,99440,65450.6666666667
Kalshi,2026-04-29,Sports split,Non-sports,100k+,7,2,210706,110706,105353
Kalshi,2026-04-29,Sports split,Sports,1-9,1,399679,1605971,9,4.01815206703379
Kalshi,2026-04-29,Sports split,Sports,10-99,2,992429,36622432,99,36.9018156462578
Kalshi,2026-04-29,Sports split,Sports,100-999,3,532045,154446448,999,290.288317717486
Kalshi,2026-04-29,Sports split,Sports,1k-9k,4,83992,196244116,9999,2336.46199638061
Kalshi,2026-04-29,Sports split,Sports,10k-49k,5,3415,56086413,49594,16423.5469985359
Kalshi,2026-04-29,Sports split,Sports,50k-99k,6,98,6252354,99999,63799.5306122449
Kalshi,2026-04-29,Sports split,Sports,100k+,7,34,4606694,3e+05,135491
Kalshi,2026-04-30,All,All,1-9,1,897741,3269370,9,3.64177418654155
Kalshi,2026-04-30,All,All,10-99,2,1393363,49430917,99,35.4759793391959
Kalshi,2026-04-30,All,All,100-999,3,662008,190454731,999,287.692491631521
Kalshi,2026-04-30,All,All,1k-9k,4,94547,214610830,9999,2269.88513649296
Kalshi,2026-04-30,All,All,10k-49k,5,3594,60031666,49959,16703.3016138008
Kalshi,2026-04-30,All,All,50k-99k,6,121,7091686,98914,58608.9752066116
Kalshi,2026-04-30,All,All,100k+,7,39,5563764,431176,142660.615384615
Kalshi,2026-04-30,Category,Climate and Weather,1-9,1,48862,170280,9,3.4849167041873
Kalshi,2026-04-30,Category,Climate and Weather,10-99,2,26379,828606,99,31.4115773911066
Kalshi,2026-04-30,Category,Climate and Weather,100-999,3,4707,1114470,999,236.768642447419
Kalshi,2026-04-30,Category,Climate and Weather,1k-9k,4,221,617804,9800,2795.49321266968
Kalshi,2026-04-30,Category,Climate and Weather,10k-49k,5,12,264312,45804,22026
Kalshi,2026-04-30,Category,Commodities,1-9,1,13329,53492,9,4.0132042913947
Kalshi,2026-04-30,Category,Commodities,10-99,2,17272,530617,99,30.7212251042149
Kalshi,2026-04-30,Category,Commodities,100-999,3,3170,675983,999,213.243848580442
Kalshi,2026-04-30,Category,Commodities,1k-9k,4,111,210535,9714,1896.71171171171
Kalshi,2026-04-30,Category,Commodities,10k-49k,5,3,36588,14248,12196
Kalshi,2026-04-30,Category,Companies,1-9,1,1341,5229,9,3.8993288590604
Kalshi,2026-04-30,Category,Companies,10-99,2,2025,105653,99,52.1743209876543
Kalshi,2026-04-30,Category,Companies,100-999,3,1245,518558,982,416.512449799197
Kalshi,2026-04-30,Category,Companies,1k-9k,4,209,551649,9352,2639.46889952153
Kalshi,2026-04-30,Category,Companies,10k-49k,5,3,55644,20668,18548
Kalshi,2026-04-30,Category,Crypto,1-9,1,394181,1297875,9,3.29258640066365
Kalshi,2026-04-30,Category,Crypto,10-99,2,340937,11108358,99,32.5818494325931
Kalshi,2026-04-30,Category,Crypto,100-999,3,88209,24806313,999,281.222018161412
Kalshi,2026-04-30,Category,Crypto,1k-9k,4,4542,6298427,9047,1386.70783795685
Kalshi,2026-04-30,Category,Crypto,10k-49k,5,12,231216,30000,19268
Kalshi,2026-04-30,Category,Crypto,50k-99k,6,2,100870,50870,50435
Kalshi,2026-04-30,Category,Crypto,100k+,7,1,1e+05,1e+05,1e+05
Kalshi,2026-04-30,Category,Economics,1-9,1,6200,18300,9,2.95161290322581
Kalshi,2026-04-30,Category,Economics,10-99,2,4105,130241,99,31.7274056029233
Kalshi,2026-04-30,Category,Economics,100-999,3,1753,486972,999,277.793496862521
Kalshi,2026-04-30,Category,Economics,1k-9k,4,248,518083,9964,2089.04435483871
Kalshi,2026-04-30,Category,Economics,10k-49k,5,15,262227,31168,17481.8
Kalshi,2026-04-30,Category,Economics,50k-99k,6,1,50000,50000,50000
Kalshi,2026-04-30,Category,Economics,100k+,7,1,108265,108265,108265
Kalshi,2026-04-30,Category,Elections,1-9,1,3700,14655,9,3.96081081081081
Kalshi,2026-04-30,Category,Elections,10-99,2,5191,181387,99,34.9425929493354
Kalshi,2026-04-30,Category,Elections,100-999,3,3428,945956,999,275.949824970828
Kalshi,2026-04-30,Category,Elections,1k-9k,4,575,1530277,9615,2661.35130434783
Kalshi,2026-04-30,Category,Elections,10k-49k,5,61,1086779,46137,17816.0491803279
Kalshi,2026-04-30,Category,Elections,50k-99k,6,4,230116,73003,57529
Kalshi,2026-04-30,Category,Elections,100k+,7,2,249279,130000,124639.5
Kalshi,2026-04-30,Category,Entertainment,1-9,1,9142,31588,9,3.45526143075913
Kalshi,2026-04-30,Category,Entertainment,10-99,2,7917,278148,99,35.1330049261084
Kalshi,2026-04-30,Category,Entertainment,100-999,3,3587,981149,995,273.529132980206
Kalshi,2026-04-30,Category,Entertainment,1k-9k,4,449,1023975,9479,2280.56792873051
Kalshi,2026-04-30,Category,Entertainment,10k-49k,5,16,171271,16366,10704.4375
Kalshi,2026-04-30,Category,Financials,1-9,1,5046,13976,9,2.76971858898137
Kalshi,2026-04-30,Category,Financials,10-99,2,3565,117656,99,33.0030855539972
Kalshi,2026-04-30,Category,Financials,100-999,3,1855,503151,998,271.240431266846
Kalshi,2026-04-30,Category,Financials,1k-9k,4,143,269618,8744,1885.44055944056
Kalshi,2026-04-30,Category,Financials,10k-49k,5,1,20000,20000,20000
Kalshi,2026-04-30,Category,Health,1-9,1,13,43,7,3.30769230769231
Kalshi,2026-04-30,Category,Health,10-99,2,23,738,73,32.0869565217391
Kalshi,2026-04-30,Category,Health,100-999,3,4,590,263,147.5
Kalshi,2026-04-30,Category,Mentions,1-9,1,23945,87193,9,3.64138651075381
Kalshi,2026-04-30,Category,Mentions,10-99,2,23556,848177,99,36.0068347767023
Kalshi,2026-04-30,Category,Mentions,100-999,3,5972,1778452,999,297.798392498326
Kalshi,2026-04-30,Category,Mentions,1k-9k,4,451,1000607,9999,2218.64079822616
Kalshi,2026-04-30,Category,Mentions,10k-49k,5,11,193469,29484,17588.0909090909
Kalshi,2026-04-30,Category,Politics,1-9,1,11615,43109,9,3.71149375807146
Kalshi,2026-04-30,Category,Politics,10-99,2,14304,485198,99,33.9204418344519
Kalshi,2026-04-30,Category,Politics,100-999,3,7755,2306233,999,297.386589297228
Kalshi,2026-04-30,Category,Politics,1k-9k,4,1428,3353364,9977,2348.29411764706
Kalshi,2026-04-30,Category,Politics,10k-49k,5,69,1211363,49959,17555.9855072464
Kalshi,2026-04-30,Category,Politics,50k-99k,6,7,460718,95000,65816.8571428572
Kalshi,2026-04-30,Category,Politics,100k+,7,2,637335,431176,318667.5
Kalshi,2026-04-30,Category,Science and Technology,1-9,1,1305,4511,9,3.45670498084291
Kalshi,2026-04-30,Category,Science and Technology,10-99,2,1426,49946,99,35.0252454417952
Kalshi,2026-04-30,Category,Science and Technology,100-999,3,612,161236,993,263.457516339869
Kalshi,2026-04-30,Category,Science and Technology,1k-9k,4,56,115438,7479,2061.39285714286
Kalshi,2026-04-30,Category,Social,1-9,1,72,263,9,3.65277777777778
Kalshi,2026-04-30,Category,Social,10-99,2,32,873,74,27.28125
Kalshi,2026-04-30,Category,Social,100-999,3,23,6214,547,270.173913043478
Kalshi,2026-04-30,Category,Social,1k-9k,4,1,2000,2000,2000
Kalshi,2026-04-30,Category,Sports,1-9,1,378890,1528479,9,4.03409696745757
Kalshi,2026-04-30,Category,Sports,10-99,2,946404,34757875,99,36.726255383536
Kalshi,2026-04-30,Category,Sports,100-999,3,539605,156150593,999,289.379440516674
Kalshi,2026-04-30,Category,Sports,1k-9k,4,86108,199104251,9999,2312.26193849584
Kalshi,2026-04-30,Category,Sports,10k-49k,5,3391,56498797,49812,16661.3969330581
Kalshi,2026-04-30,Category,Sports,50k-99k,6,107,6249982,98914,58411.046728972
Kalshi,2026-04-30,Category,Sports,100k+,7,33,4468885,250000,135420.757575758
Kalshi,2026-04-30,Category,Unknown,1-9,1,69,272,9,3.94202898550725
Kalshi,2026-04-30,Category,Unknown,10-99,2,198,6701,98,33.8434343434344
Kalshi,2026-04-30,Category,Unknown,100-999,3,73,16371,705,224.260273972603
Kalshi,2026-04-30,Category,Unknown,1k-9k,4,5,14802,6666,2960.4
Kalshi,2026-04-30,Category,World,1-9,1,31,105,9,3.38709677419355
Kalshi,2026-04-30,Category,World,10-99,2,29,743,90,25.6206896551724
Kalshi,2026-04-30,Category,World,100-999,3,10,2490,565,249
Kalshi,2026-04-30,Sports split,Non-sports,1-9,1,526954,1773927,9,3.36637922854746
Kalshi,2026-04-30,Sports split,Non-sports,10-99,2,468770,15434785,99,32.9261364848433
Kalshi,2026-04-30,Sports split,Non-sports,100-999,3,130632,36411465,999,278.733120521771
Kalshi,2026-04-30,Sports split,Non-sports,1k-9k,4,8899,16287876,9999,1830.30407911001
Kalshi,2026-04-30,Sports split,Non-sports,10k-49k,5,212,3703810,49959,17470.8018867925
Kalshi,2026-04-30,Sports split,Non-sports,50k-99k,6,14,841704,95000,60121.7142857143
Kalshi,2026-04-30,Sports split,Non-sports,100k+,7,6,1094879,431176,182479.833333333
Kalshi,2026-04-30,Sports split,Sports,1-9,1,370787,1495443,9,4.0331591992168
Kalshi,2026-04-30,Sports split,Sports,10-99,2,924593,33996132,99,36.7687533866253
Kalshi,2026-04-30,Sports split,Sports,100-999,3,531376,154043266,999,289.895038541447
Kalshi,2026-04-30,Sports split,Sports,1k-9k,4,85648,198322954,9999,2315.55849523632
Kalshi,2026-04-30,Sports split,Sports,10k-49k,5,3382,56327856,49812,16655.191011236
Kalshi,2026-04-30,Sports split,Sports,50k-99k,6,107,6249982,98914,58411.046728972
Kalshi,2026-04-30,Sports split,Sports,100k+,7,33,4468885,250000,135420.757575758
Kalshi,2026-05-01,All,All,1-9,1,975532,3601193,9,3.691517038908
Kalshi,2026-05-01,All,All,10-99,2,1618661,58302778,99,36.0191405118181
Kalshi,2026-05-01,All,All,100-999,3,727428,208267091,999,286.306123767576
Kalshi,2026-05-01,All,All,1k-9k,4,99940,224074750,9999,2242.09275565339
Kalshi,2026-05-01,All,All,10k-49k,5,3582,62832990,49895,17541.3149078727
Kalshi,2026-05-01,All,All,50k-99k,6,120,7591415,98473,63261.7916666667
Kalshi,2026-05-01,All,All,100k+,7,21,3350122,376748,159529.619047619
Kalshi,2026-05-01,Category,Climate and Weather,1-9,1,52193,171922,9,3.29396662387677
Kalshi,2026-05-01,Category,Climate and Weather,10-99,2,26672,817105,99,30.6353104379124
Kalshi,2026-05-01,Category,Climate and Weather,100-999,3,4339,1018416,997,234.712145655681
Kalshi,2026-05-01,Category,Climate and Weather,1k-9k,4,171,390804,9999,2285.40350877193
Kalshi,2026-05-01,Category,Climate and Weather,10k-49k,5,21,390469,40000,18593.7619047619
Kalshi,2026-05-01,Category,Climate and Weather,50k-99k,6,1,70000,70000,70000
Kalshi,2026-05-01,Category,Commodities,1-9,1,11947,45917,9,3.84339164643844
Kalshi,2026-05-01,Category,Commodities,10-99,2,15997,504862,99,31.5597924610865
Kalshi,2026-05-01,Category,Commodities,100-999,3,3125,652279,999,208.72928
Kalshi,2026-05-01,Category,Commodities,1k-9k,4,89,136720,4000,1536.1797752809
Kalshi,2026-05-01,Category,Companies,1-9,1,1671,6823,9,4.08318372232196
Kalshi,2026-05-01,Category,Companies,10-99,2,1895,60270,99,31.8047493403694
Kalshi,2026-05-01,Category,Companies,100-999,3,544,130824,992,240.485294117647
Kalshi,2026-05-01,Category,Companies,1k-9k,4,30,67402,9352,2246.73333333333
Kalshi,2026-05-01,Category,Crypto,1-9,1,403180,1375422,9,3.41143409891364
Kalshi,2026-05-01,Category,Crypto,10-99,2,413547,14525836,99,35.124994257001
Kalshi,2026-05-01,Category,Crypto,100-999,3,115981,31634722,999,272.757796535639
Kalshi,2026-05-01,Category,Crypto,1k-9k,4,4876,6694598,9814,1372.96923707957
Kalshi,2026-05-01,Category,Crypto,10k-49k,5,25,289999,20188,11599.96
Kalshi,2026-05-01,Category,Crypto,100k+,7,1,171597,171597,171597
Kalshi,2026-05-01,Category,Economics,1-9,1,8540,24795,9,2.90339578454333
Kalshi,2026-05-01,Category,Economics,10-99,2,4817,143721,99,29.836205106913
Kalshi,2026-05-01,Category,Economics,100-999,3,1605,443648,998,276.416199376947
Kalshi,2026-05-01,Category,Economics,1k-9k,4,208,446386,9943,2146.08653846154
Kalshi,2026-05-01,Category,Economics,10k-49k,5,8,150242,34259,18780.25
Kalshi,2026-05-01,Category,Economics,50k-99k,6,1,50000,50000,50000
Kalshi,2026-05-01,Category,Elections,1-9,1,3566,13952,9,3.9125070106562
Kalshi,2026-05-01,Category,Elections,10-99,2,4707,169771,99,36.0677714042915
Kalshi,2026-05-01,Category,Elections,100-999,3,3011,845697,999,280.869146462969
Kalshi,2026-05-01,Category,Elections,1k-9k,4,603,1495425,9965,2479.97512437811
Kalshi,2026-05-01,Category,Elections,10k-49k,5,50,1104360,49837,22087.2
Kalshi,2026-05-01,Category,Elections,50k-99k,6,8,595433,95982,74429.125
Kalshi,2026-05-01,Category,Elections,100k+,7,4,536986,186986,134246.5
Kalshi,2026-05-01,Category,Entertainment,1-9,1,9037,34244,9,3.78931061192874
Kalshi,2026-05-01,Category,Entertainment,10-99,2,8480,282645,99,33.3307783018868
Kalshi,2026-05-01,Category,Entertainment,100-999,3,3180,863677,999,271.596540880503
Kalshi,2026-05-01,Category,Entertainment,1k-9k,4,230,513371,9975,2232.04782608696
Kalshi,2026-05-01,Category,Entertainment,10k-49k,5,12,164146,30000,13678.8333333333
Kalshi,2026-05-01,Category,Financials,1-9,1,5368,13413,9,2.49869597615499
Kalshi,2026-05-01,Category,Financials,10-99,2,3662,113062,99,30.8743855816494
Kalshi,2026-05-01,Category,Financials,100-999,3,1430,407513,999,284.974125874126
Kalshi,2026-05-01,Category,Financials,1k-9k,4,190,364861,7479,1920.32105263158
Kalshi,2026-05-01,Category,Financials,10k-49k,5,3,78026,38492,26008.6666666667
Kalshi,2026-05-01,Category,Health,1-9,1,32,103,8,3.21875
Kalshi,2026-05-01,Category,Health,10-99,2,23,1089,85,47.3478260869565
Kalshi,2026-05-01,Category,Health,100-999,3,4,653,245,163.25
Kalshi,2026-05-01,Category,Mentions,1-9,1,37654,127263,9,3.37980028682212
Kalshi,2026-05-01,Category,Mentions,10-99,2,31528,1038594,99,32.9419563562548
Kalshi,2026-05-01,Category,Mentions,100-999,3,6739,1568014,999,232.677548597715
Kalshi,2026-05-01,Category,Mentions,1k-9k,4,404,953961,9798,2361.2896039604
Kalshi,2026-05-01,Category,Mentions,10k-49k,5,21,448107,40000,21338.4285714286
Kalshi,2026-05-01,Category,Mentions,50k-99k,6,1,78788,78788,78788
Kalshi,2026-05-01,Category,Politics,1-9,1,7825,28732,9,3.67182108626198
Kalshi,2026-05-01,Category,Politics,10-99,2,7683,251949,99,32.7930495900039
Kalshi,2026-05-01,Category,Politics,100-999,3,3236,907008,999,280.286773794808
Kalshi,2026-05-01,Category,Politics,1k-9k,4,413,972913,9645,2355.7215496368
Kalshi,2026-05-01,Category,Politics,10k-49k,5,32,639982,47729,19999.4375
Kalshi,2026-05-01,Category,Politics,50k-99k,6,1,65325,65325,65325
Kalshi,2026-05-01,Category,Science and Technology,1-9,1,1183,4413,9,3.73034657650042
Kalshi,2026-05-01,Category,Science and Technology,10-99,2,1135,40172,99,35.3938325991189
Kalshi,2026-05-01,Category,Science and Technology,100-999,3,503,137296,994,272.954274353877
Kalshi,2026-05-01,Category,Science and Technology,1k-9k,4,69,151142,9036,2190.46376811594
Kalshi,2026-05-01,Category,Social,1-9,1,80,325,9,4.0625
Kalshi,2026-05-01,Category,Social,10-99,2,29,714,94,24.6206896551724
Kalshi,2026-05-01,Category,Social,100-999,3,9,1554,381,172.666666666667
Kalshi,2026-05-01,Category,Sports,1-9,1,433101,1753195,9,4.0480049688179
Kalshi,2026-05-01,Category,Sports,10-99,2,1098112,40341111,99,36.736790964856
Kalshi,2026-05-01,Category,Sports,100-999,3,583640,169634612,999,290.649393461723
Kalshi,2026-05-01,Category,Sports,1k-9k,4,92652,211878496,9999,2286.82053274619
Kalshi,2026-05-01,Category,Sports,10k-49k,5,3409,59553487,49895,17469.4887063655
Kalshi,2026-05-01,Category,Sports,50k-99k,6,108,6731869,98473,62332.1203703704
Kalshi,2026-05-01,Category,Sports,100k+,7,16,2641539,376748,165096.1875
Kalshi,2026-05-01,Category,Unknown,1-9,1,105,461,9,4.39047619047619
Kalshi,2026-05-01,Category,Unknown,10-99,2,329,10512,98,31.951367781155
Kalshi,2026-05-01,Category,Unknown,100-999,3,75,19715,967,262.866666666667
Kalshi,2026-05-01,Category,Unknown,1k-9k,4,5,8671,2475,1734.2
Kalshi,2026-05-01,Category,Unknown,10k-49k,5,1,14172,14172,14172
Kalshi,2026-05-01,Category,World,1-9,1,50,213,9,4.26
Kalshi,2026-05-01,Category,World,10-99,2,45,1365,98,30.3333333333333
Kalshi,2026-05-01,Category,World,100-999,3,7,1463,460,209
Kalshi,2026-05-01,Sports split,Non-sports,1-9,1,556603,1905207,9,3.42291902846373
Kalshi,2026-05-01,Sports split,Non-sports,10-99,2,550717,18952807,99,34.4147847260934
Kalshi,2026-05-01,Sports split,Non-sports,100-999,3,151100,40478667,999,267.893229649239
Kalshi,2026-05-01,Sports split,Non-sports,1k-9k,4,7665,12801651,9999,1670.14363992172
Kalshi,2026-05-01,Sports split,Non-sports,10k-49k,5,177,3334988,49837,18841.7401129944
Kalshi,2026-05-01,Sports split,Non-sports,50k-99k,6,12,859546,95982,71628.8333333333
Kalshi,2026-05-01,Sports split,Non-sports,100k+,7,5,708583,186986,141716.6
Kalshi,2026-05-01,Sports split,Sports,1-9,1,418929,1695986,9,4.04838528724438
Kalshi,2026-05-01,Sports split,Sports,10-99,2,1067944,39349971,99,36.8464741596938
Kalshi,2026-05-01,Sports split,Sports,100-999,3,576328,167788424,999,291.133562832276
Kalshi,2026-05-01,Sports split,Sports,1k-9k,4,92275,211273099,9999,2289.60280682742
Kalshi,2026-05-01,Sports split,Sports,10k-49k,5,3405,59498002,49895,17473.715712188
Kalshi,2026-05-01,Sports split,Sports,50k-99k,6,108,6731869,98473,62332.1203703704
Kalshi,2026-05-01,Sports split,Sports,100k+,7,16,2641539,376748,165096.1875
Kalshi,2026-05-02,All,All,1-9,1,987619,3699764,9,3.74614502151133
Kalshi,2026-05-02,All,All,10-99,2,1665607,59923180,99,35.9767820380198
Kalshi,2026-05-02,All,All,100-999,3,724699,204756773,999,282.540438168122
Kalshi,2026-05-02,All,All,1k-9k,4,96611,214142367,9999,2216.54228814524
Kalshi,2026-05-02,All,All,10k-49k,5,3000,50698942,49999,16899.6473333333
Kalshi,2026-05-02,All,All,50k-99k,6,108,6853716,99123,63460.3333333333
Kalshi,2026-05-02,All,All,100k+,7,27,4527255,4e+05,167676.111111111
Kalshi,2026-05-02,Category,Climate and Weather,1-9,1,55449,181366,9,3.27086151238075
Kalshi,2026-05-02,Category,Climate and Weather,10-99,2,25460,799422,99,31.3991358994501
Kalshi,2026-05-02,Category,Climate and Weather,100-999,3,4001,1030656,999,257.599600099975
Kalshi,2026-05-02,Category,Climate and Weather,1k-9k,4,208,469124,9352,2255.40384615385
Kalshi,2026-05-02,Category,Climate and Weather,10k-49k,5,6,115253,46760,19208.8333333333
Kalshi,2026-05-02,Category,Commodities,1-9,1,2184,8111,9,3.71382783882784
Kalshi,2026-05-02,Category,Commodities,10-99,2,2836,93196,99,32.8617771509168
Kalshi,2026-05-02,Category,Commodities,100-999,3,426,93661,975,219.861502347418
Kalshi,2026-05-02,Category,Commodities,1k-9k,4,6,10929,3464,1821.5
Kalshi,2026-05-02,Category,Companies,1-9,1,1563,5862,9,3.75047984644914
Kalshi,2026-05-02,Category,Companies,10-99,2,1686,52813,99,31.3244365361803
Kalshi,2026-05-02,Category,Companies,100-999,3,427,115236,990,269.873536299766
Kalshi,2026-05-02,Category,Companies,1k-9k,4,22,39327,4861,1787.59090909091
Kalshi,2026-05-02,Category,Crypto,1-9,1,371277,1250569,9,3.36829106031346
Kalshi,2026-05-02,Category,Crypto,10-99,2,334951,11483707,99,34.2847371705115
Kalshi,2026-05-02,Category,Crypto,100-999,3,104783,26255398,999,250.569252645944
Kalshi,2026-05-02,Category,Crypto,1k-9k,4,4807,6418273,9997,1335.19305179946
Kalshi,2026-05-02,Category,Crypto,10k-49k,5,6,60309,10309,10051.5
Kalshi,2026-05-02,Category,Economics,1-9,1,5799,18215,9,3.14105880324194
Kalshi,2026-05-02,Category,Economics,10-99,2,3498,113454,99,32.4339622641509
Kalshi,2026-05-02,Category,Economics,100-999,3,1081,287785,995,266.221091581869
Kalshi,2026-05-02,Category,Economics,1k-9k,4,150,312998,8691,2086.65333333333
Kalshi,2026-05-02,Category,Economics,10k-49k,5,6,88962,20000,14827
Kalshi,2026-05-02,Category,Elections,1-9,1,3093,11206,9,3.6230197219528
Kalshi,2026-05-02,Category,Elections,10-99,2,3627,127423,99,35.1317893575958
Kalshi,2026-05-02,Category,Elections,100-999,3,2088,594108,999,284.534482758621
Kalshi,2026-05-02,Category,Elections,1k-9k,4,383,918203,9999,2397.39686684073
Kalshi,2026-05-02,Category,Elections,10k-49k,5,19,283379,32089,14914.6842105263
Kalshi,2026-05-02,Category,Elections,50k-99k,6,3,212025,91923,70675
Kalshi,2026-05-02,Category,Entertainment,1-9,1,8905,30730,9,3.45087029758563
Kalshi,2026-05-02,Category,Entertainment,10-99,2,7043,227602,99,32.3160584977992
Kalshi,2026-05-02,Category,Entertainment,100-999,3,2342,639878,998,273.218616567037
Kalshi,2026-05-02,Category,Entertainment,1k-9k,4,166,319372,9351,1923.92771084337
Kalshi,2026-05-02,Category,Entertainment,10k-49k,5,3,43912,21755,14637.3333333333
Kalshi,2026-05-02,Category,Financials,1-9,1,597,2005,9,3.35845896147404
Kalshi,2026-05-02,Category,Financials,10-99,2,510,16293,99,31.9470588235294
Kalshi,2026-05-02,Category,Financials,100-999,3,147,43352,999,294.91156462585
Kalshi,2026-05-02,Category,Financials,1k-9k,4,18,38804,6917,2155.77777777778
Kalshi,2026-05-02,Category,Health,1-9,1,41,161,8,3.92682926829268
Kalshi,2026-05-02,Category,Health,10-99,2,26,911,86,35.0384615384615
Kalshi,2026-05-02,Category,Health,100-999,3,13,4086,882,314.307692307692
Kalshi,2026-05-02,Category,Health,1k-9k,4,1,1000,1000,1000
Kalshi,2026-05-02,Category,Mentions,1-9,1,20722,76922,9,3.71209342727536
Kalshi,2026-05-02,Category,Mentions,10-99,2,16935,516496,99,30.4987304399173
Kalshi,2026-05-02,Category,Mentions,100-999,3,3036,789809,999,260.147891963109
Kalshi,2026-05-02,Category,Mentions,1k-9k,4,198,457425,9999,2310.22727272727
Kalshi,2026-05-02,Category,Mentions,10k-49k,5,6,108627,32661,18104.5
Kalshi,2026-05-02,Category,Politics,1-9,1,5865,20999,9,3.58039215686275
Kalshi,2026-05-02,Category,Politics,10-99,2,6307,218171,99,34.5918820358332
Kalshi,2026-05-02,Category,Politics,100-999,3,2593,711210,999,274.280755881219
Kalshi,2026-05-02,Category,Politics,1k-9k,4,281,674836,9878,2401.55160142349
Kalshi,2026-05-02,Category,Politics,10k-49k,5,13,222648,33500,17126.7692307692
Kalshi,2026-05-02,Category,Politics,50k-99k,6,1,92455,92455,92455
Kalshi,2026-05-02,Category,Science and Technology,1-9,1,1197,4399,9,3.6750208855472
Kalshi,2026-05-02,Category,Science and Technology,10-99,2,1319,46177,99,35.0090978013647
Kalshi,2026-05-02,Category,Science and Technology,100-999,3,439,123896,935,282.223234624146
Kalshi,2026-05-02,Category,Science and Technology,1k-9k,4,37,75452,9352,2039.24324324324
Kalshi,2026-05-02,Category,Science and Technology,10k-49k,5,1,10000,10000,10000
Kalshi,2026-05-02,Category,Social,1-9,1,106,388,9,3.66037735849057
Kalshi,2026-05-02,Category,Social,10-99,2,50,1389,92,27.78
Kalshi,2026-05-02,Category,Social,100-999,3,17,4072,500,239.529411764706
Kalshi,2026-05-02,Category,Sports,1-9,1,510659,2088220,9,4.08926504771286
Kalshi,2026-05-02,Category,Sports,10-99,2,1261232,46223280,99,36.6493079782308
Kalshi,2026-05-02,Category,Sports,100-999,3,603271,174057234,999,288.522461712895
Kalshi,2026-05-02,Category,Sports,1k-9k,4,90334,204406624,9999,2262.78725618261
Kalshi,2026-05-02,Category,Sports,10k-49k,5,2940,49765852,49999,16927.1605442177
Kalshi,2026-05-02,Category,Sports,50k-99k,6,104,6549236,99123,62973.4230769231
Kalshi,2026-05-02,Category,Sports,100k+,7,27,4527255,4e+05,167676.111111111
Kalshi,2026-05-02,Category,Unknown,1-9,1,68,208,9,3.05882352941176
Kalshi,2026-05-02,Category,Unknown,10-99,2,82,1872,91,22.8292682926829
Kalshi,2026-05-02,Category,Unknown,100-999,3,24,4572,303,190.5
Kalshi,2026-05-02,Category,World,1-9,1,94,403,9,4.28723404255319
Kalshi,2026-05-02,Category,World,10-99,2,45,974,95,21.6444444444444
Kalshi,2026-05-02,Category,World,100-999,3,11,1820,353,165.454545454545
Kalshi,2026-05-02,Sports split,Non-sports,1-9,1,493233,1674753,9,3.39546015777533
Kalshi,2026-05-02,Sports split,Non-sports,10-99,2,433626,14620587,99,33.7170441809301
Kalshi,2026-05-02,Sports split,Non-sports,100-999,3,127492,32133023,999,252.039524048568
Kalshi,2026-05-02,Sports split,Non-sports,1k-9k,4,6422,9981753,9999,1554.30597944566
Kalshi,2026-05-02,Sports split,Non-sports,10k-49k,5,61,937412,46760,15367.4098360656
Kalshi,2026-05-02,Sports split,Non-sports,50k-99k,6,4,304480,92455,76120
Kalshi,2026-05-02,Sports split,Sports,1-9,1,494386,2025011,9,4.09601202299418
Kalshi,2026-05-02,Sports split,Sports,10-99,2,1231981,45302593,99,36.7721523302713
Kalshi,2026-05-02,Sports split,Sports,100-999,3,597207,172623750,999,289.051786064129
Kalshi,2026-05-02,Sports split,Sports,1k-9k,4,90189,204160614,9999,2263.69750191265
Kalshi,2026-05-02,Sports split,Sports,10k-49k,5,2939,49761530,49999,16931.4494726097
Kalshi,2026-05-02,Sports split,Sports,50k-99k,6,104,6549236,99123,62973.4230769231
Kalshi,2026-05-02,Sports split,Sports,100k+,7,27,4527255,4e+05,167676.111111111
Kalshi,2026-05-03,All,All,1-9,1,1002925,3743828,9,3.73290924047162
Kalshi,2026-05-03,All,All,10-99,2,1596048,57592937,99,36.0847148707307
Kalshi,2026-05-03,All,All,100-999,3,731660,207216206,999,283.213796025476
Kalshi,2026-05-03,All,All,1k-9k,4,99636,228291639,9999,2291.25656389257
Kalshi,2026-05-03,All,All,10k-49k,5,3824,64409021,49971,16843.3632322176
Kalshi,2026-05-03,All,All,50k-99k,6,110,6947996,98000,63163.6
Kalshi,2026-05-03,All,All,100k+,7,27,4450552,4e+05,164835.259259259
Kalshi,2026-05-03,Category,Climate and Weather,1-9,1,56771,198183,9,3.4909196596854
Kalshi,2026-05-03,Category,Climate and Weather,10-99,2,23251,687609,99,29.5733086748957
Kalshi,2026-05-03,Category,Climate and Weather,100-999,3,2817,718833,984,255.176783812567
Kalshi,2026-05-03,Category,Climate and Weather,1k-9k,4,106,213800,9352,2016.98113207547
Kalshi,2026-05-03,Category,Commodities,1-9,1,4599,16928,9,3.68080017395086
Kalshi,2026-05-03,Category,Commodities,10-99,2,4914,164892,99,33.5555555555556
Kalshi,2026-05-03,Category,Commodities,100-999,3,847,175921,986,207.69893742621
Kalshi,2026-05-03,Category,Commodities,1k-9k,4,18,23627,2159,1312.61111111111
Kalshi,2026-05-03,Category,Companies,1-9,1,1698,5473,9,3.22320376914016
Kalshi,2026-05-03,Category,Companies,10-99,2,1251,38078,99,30.4380495603517
Kalshi,2026-05-03,Category,Companies,100-999,3,346,88555,950,255.939306358382
Kalshi,2026-05-03,Category,Companies,1k-9k,4,16,26219,3545,1638.6875
Kalshi,2026-05-03,Category,Crypto,1-9,1,381399,1273060,9,3.33786926551984
Kalshi,2026-05-03,Category,Crypto,10-99,2,350022,11930506,99,34.0850175131849
Kalshi,2026-05-03,Category,Crypto,100-999,3,115293,28430069,999,246.589723573851
Kalshi,2026-05-03,Category,Crypto,1k-9k,4,4690,6492822,9999,1384.39701492537
Kalshi,2026-05-03,Category,Crypto,10k-49k,5,16,319431,37960,19964.4375
Kalshi,2026-05-03,Category,Economics,1-9,1,7080,21755,9,3.07274011299435
Kalshi,2026-05-03,Category,Economics,10-99,2,4218,135660,99,32.1621621621622
Kalshi,2026-05-03,Category,Economics,100-999,3,1370,377690,999,275.686131386861
Kalshi,2026-05-03,Category,Economics,1k-9k,4,226,488157,9999,2159.98672566372
Kalshi,2026-05-03,Category,Economics,10k-49k,5,5,90948,44109,18189.6
Kalshi,2026-05-03,Category,Elections,1-9,1,2917,10693,9,3.66575248543024
Kalshi,2026-05-03,Category,Elections,10-99,2,3706,130792,99,35.291958985429
Kalshi,2026-05-03,Category,Elections,100-999,3,2094,604640,999,288.748806112703
Kalshi,2026-05-03,Category,Elections,1k-9k,4,345,905686,9965,2625.1768115942
Kalshi,2026-05-03,Category,Elections,10k-49k,5,24,377262,47403,15719.25
Kalshi,2026-05-03,Category,Elections,50k-99k,6,1,50000,50000,50000
Kalshi,2026-05-03,Category,Entertainment,1-9,1,10359,35314,9,3.40901631431605
Kalshi,2026-05-03,Category,Entertainment,10-99,2,7992,273540,99,34.2267267267267
Kalshi,2026-05-03,Category,Entertainment,100-999,3,2652,709339,995,267.47322775264
Kalshi,2026-05-03,Category,Entertainment,1k-9k,4,174,410718,9352,2360.44827586207
Kalshi,2026-05-03,Category,Entertainment,10k-49k,5,4,54734,24734,13683.5
Kalshi,2026-05-03,Category,Financials,1-9,1,814,2913,9,3.57862407862408
Kalshi,2026-05-03,Category,Financials,10-99,2,745,26718,99,35.8630872483221
Kalshi,2026-05-03,Category,Financials,100-999,3,231,69882,973,302.519480519481
Kalshi,2026-05-03,Category,Financials,1k-9k,4,17,32109,7449,1888.76470588235
Kalshi,2026-05-03,Category,Health,1-9,1,32,132,9,4.125
Kalshi,2026-05-03,Category,Health,10-99,2,33,1326,99,40.1818181818182
Kalshi,2026-05-03,Category,Health,100-999,3,10,3142,769,314.2
Kalshi,2026-05-03,Category,Mentions,1-9,1,20296,77187,9,3.80306464327946
Kalshi,2026-05-03,Category,Mentions,10-99,2,19375,687442,99,35.4808774193548
Kalshi,2026-05-03,Category,Mentions,100-999,3,4758,1374290,999,288.837746952501
Kalshi,2026-05-03,Category,Mentions,1k-9k,4,388,908826,9524,2342.33505154639
Kalshi,2026-05-03,Category,Mentions,10k-49k,5,3,58056,28056,19352
Kalshi,2026-05-03,Category,Politics,1-9,1,5525,19743,9,3.57339366515837
Kalshi,2026-05-03,Category,Politics,10-99,2,5518,176641,99,32.0117796303008
Kalshi,2026-05-03,Category,Politics,100-999,3,2006,560834,999,279.578265204387
Kalshi,2026-05-03,Category,Politics,1k-9k,4,235,562332,9982,2392.90212765957
Kalshi,2026-05-03,Category,Politics,10k-49k,5,13,260894,43193,20068.7692307692
Kalshi,2026-05-03,Category,Science and Technology,1-9,1,1006,3446,9,3.42544731610338
Kalshi,2026-05-03,Category,Science and Technology,10-99,2,1012,34653,99,34.2420948616601
Kalshi,2026-05-03,Category,Science and Technology,100-999,3,406,112250,945,276.477832512315
Kalshi,2026-05-03,Category,Science and Technology,1k-9k,4,49,108143,9372,2207
Kalshi,2026-05-03,Category,Science and Technology,10k-49k,5,3,60996,27292,20332
Kalshi,2026-05-03,Category,Science and Technology,50k-99k,6,1,93601,93601,93601
Kalshi,2026-05-03,Category,Social,1-9,1,83,300,9,3.6144578313253
Kalshi,2026-05-03,Category,Social,10-99,2,32,950,95,29.6875
Kalshi,2026-05-03,Category,Social,100-999,3,6,900,300,150
Kalshi,2026-05-03,Category,Sports,1-9,1,510160,2077925,9,4.07308491453662
Kalshi,2026-05-03,Category,Sports,10-99,2,1173836,43300074,99,36.8876691462862
Kalshi,2026-05-03,Category,Sports,100-999,3,598775,173979924,999,290.559766189303
Kalshi,2026-05-03,Category,Sports,1k-9k,4,93372,218119200,9999,2336.0236473461
Kalshi,2026-05-03,Category,Sports,10k-49k,5,3756,63186700,49971,16822.8700745474
Kalshi,2026-05-03,Category,Sports,50k-99k,6,108,6804395,98000,63003.6574074074
Kalshi,2026-05-03,Category,Sports,100k+,7,27,4450552,4e+05,164835.259259259
Kalshi,2026-05-03,Category,Unknown,1-9,1,88,329,9,3.73863636363636
Kalshi,2026-05-03,Category,Unknown,10-99,2,99,2936,94,29.6565656565657
Kalshi,2026-05-03,Category,Unknown,100-999,3,39,8005,324,205.25641025641
Kalshi,2026-05-03,Category,World,1-9,1,98,447,9,4.56122448979592
Kalshi,2026-05-03,Category,World,10-99,2,44,1120,60,25.4545454545455
Kalshi,2026-05-03,Category,World,100-999,3,10,1932,445,193.2
Kalshi,2026-05-03,Sports split,Non-sports,1-9,1,505016,1713857,9,3.39366871544664
Kalshi,2026-05-03,Sports split,Non-sports,10-99,2,444667,14989328,99,33.7091081640868
Kalshi,2026-05-03,Sports split,Non-sports,100-999,3,137774,34442095,999,249.989802139736
Kalshi,2026-05-03,Sports split,Non-sports,1k-9k,4,6461,10486245,9999,1623.00650054171
Kalshi,2026-05-03,Sports split,Non-sports,10k-49k,5,69,1235454,47403,17905.1304347826
Kalshi,2026-05-03,Sports split,Non-sports,50k-99k,6,2,143601,93601,71800.5
Kalshi,2026-05-03,Sports split,Sports,1-9,1,497909,2029971,9,4.07699198046229
Kalshi,2026-05-03,Sports split,Sports,10-99,2,1151381,42603609,99,37.0021817278555
Kalshi,2026-05-03,Sports split,Sports,100-999,3,593886,172774111,999,290.921340122515
Kalshi,2026-05-03,Sports split,Sports,1k-9k,4,93175,217805394,9999,2337.59478400859
Kalshi,2026-05-03,Sports split,Sports,10k-49k,5,3755,63173567,49971,16823.8527296937
Kalshi,2026-05-03,Sports split,Sports,50k-99k,6,108,6804395,98000,63003.6574074074
Kalshi,2026-05-03,Sports split,Sports,100k+,7,27,4450552,4e+05,164835.259259259
Kalshi,2026-05-04,All,All,1-9,1,998711,3765633,9,3.77049316569058
Kalshi,2026-05-04,All,All,10-99,2,1462233,52526231,99,35.9219296787858
Kalshi,2026-05-04,All,All,100-999,3,672381,191001993,999,284.068099782713
Kalshi,2026-05-04,All,All,1k-9k,4,91688,206362140,9999,2250.69954628741
Kalshi,2026-05-04,All,All,10k-49k,5,3053,52526451,49999,17204.8643956764
Kalshi,2026-05-04,All,All,50k-99k,6,109,7281847,99999,66805.9357798165
Kalshi,2026-05-04,All,All,100k+,7,26,3281134,3e+05,126197.461538462
Kalshi,2026-05-04,Category,Climate and Weather,1-9,1,60286,211642,9,3.51063265103009
Kalshi,2026-05-04,Category,Climate and Weather,10-99,2,25734,777283,99,30.2045154270615
Kalshi,2026-05-04,Category,Climate and Weather,100-999,3,3607,889225,999,246.527585250901
Kalshi,2026-05-04,Category,Climate and Weather,1k-9k,4,132,292492,9687,2215.84848484849
Kalshi,2026-05-04,Category,Climate and Weather,10k-49k,5,8,209072,41000,26134
Kalshi,2026-05-04,Category,Commodities,1-9,1,21134,85854,9,4.06236396328192
Kalshi,2026-05-04,Category,Commodities,10-99,2,23065,795508,99,34.4898330804249
Kalshi,2026-05-04,Category,Commodities,100-999,3,4411,975119,999,221.065291317162
Kalshi,2026-05-04,Category,Commodities,1k-9k,4,153,306141,8000,2000.92156862745
Kalshi,2026-05-04,Category,Companies,1-9,1,2037,6932,9,3.40304369170349
Kalshi,2026-05-04,Category,Companies,10-99,2,1833,58067,99,31.6786688488816
Kalshi,2026-05-04,Category,Companies,100-999,3,590,170080,979,288.271186440678
Kalshi,2026-05-04,Category,Companies,1k-9k,4,29,57768,7008,1992
Kalshi,2026-05-04,Category,Crypto,1-9,1,444152,1599838,9,3.60200561969776
Kalshi,2026-05-04,Category,Crypto,10-99,2,436809,14528914,99,33.2614804182148
Kalshi,2026-05-04,Category,Crypto,100-999,3,137089,34007148,999,248.066205165987
Kalshi,2026-05-04,Category,Crypto,1k-9k,4,4986,7127997,9986,1429.60228640193
Kalshi,2026-05-04,Category,Crypto,10k-49k,5,6,72373,16708,12062.1666666667
Kalshi,2026-05-04,Category,Economics,1-9,1,5861,17559,9,2.99590513564238
Kalshi,2026-05-04,Category,Economics,10-99,2,3393,108963,99,32.1140583554377
Kalshi,2026-05-04,Category,Economics,100-999,3,1180,306047,990,259.36186440678
Kalshi,2026-05-04,Category,Economics,1k-9k,4,146,320390,9592,2194.45205479452
Kalshi,2026-05-04,Category,Economics,10k-49k,5,3,45288,19998,15096
Kalshi,2026-05-04,Category,Elections,1-9,1,4342,15330,9,3.53063104560111
Kalshi,2026-05-04,Category,Elections,10-99,2,4977,174150,99,34.9909584086799
Kalshi,2026-05-04,Category,Elections,100-999,3,3074,891483,999,290.007482108003
Kalshi,2026-05-04,Category,Elections,1k-9k,4,638,1555145,9994,2437.53134796238
Kalshi,2026-05-04,Category,Elections,10k-49k,5,25,451508,44040,18060.32
Kalshi,2026-05-04,Category,Elections,50k-99k,6,1,50000,50000,50000
Kalshi,2026-05-04,Category,Elections,100k+,7,1,1e+05,1e+05,1e+05
Kalshi,2026-05-04,Category,Entertainment,1-9,1,17638,69026,9,3.91348225422384
Kalshi,2026-05-04,Category,Entertainment,10-99,2,21502,802220,99,37.3090875267417
Kalshi,2026-05-04,Category,Entertainment,100-999,3,9807,2596921,999,264.802793922708
Kalshi,2026-05-04,Category,Entertainment,1k-9k,4,770,1715698,9999,2228.17922077922
Kalshi,2026-05-04,Category,Entertainment,10k-49k,5,32,646091,45000,20190.34375
Kalshi,2026-05-04,Category,Entertainment,50k-99k,6,6,383109,99999,63851.5
Kalshi,2026-05-04,Category,Financials,1-9,1,6075,18830,9,3.09958847736626
Kalshi,2026-05-04,Category,Financials,10-99,2,3794,109646,99,28.8998418555614
Kalshi,2026-05-04,Category,Financials,100-999,3,1470,419464,999,285.349659863946
Kalshi,2026-05-04,Category,Financials,1k-9k,4,132,274909,9855,2082.64393939394
Kalshi,2026-05-04,Category,Financials,10k-49k,5,4,53358,19940,13339.5
Kalshi,2026-05-04,Category,Health,1-9,1,59,187,9,3.16949152542373
Kalshi,2026-05-04,Category,Health,10-99,2,39,1240,87,31.7948717948718
Kalshi,2026-05-04,Category,Health,100-999,3,13,3046,500,234.307692307692
Kalshi,2026-05-04,Category,Health,1k-9k,4,1,1096,1096,1096
Kalshi,2026-05-04,Category,Mentions,1-9,1,25191,93816,9,3.72418720971776
Kalshi,2026-05-04,Category,Mentions,10-99,2,20781,661813,99,31.8470237235937
Kalshi,2026-05-04,Category,Mentions,100-999,3,4419,1030377,999,233.169721656483
Kalshi,2026-05-04,Category,Mentions,1k-9k,4,232,576501,9535,2484.91810344828
Kalshi,2026-05-04,Category,Mentions,10k-49k,5,11,178729,38805,16248.0909090909
Kalshi,2026-05-04,Category,Politics,1-9,1,5778,21216,9,3.67185877466251
Kalshi,2026-05-04,Category,Politics,10-99,2,5995,193608,99,32.2949124270225
Kalshi,2026-05-04,Category,Politics,100-999,3,2365,656525,999,277.600422832981
Kalshi,2026-05-04,Category,Politics,1k-9k,4,231,535285,9850,2317.25108225108
Kalshi,2026-05-04,Category,Politics,10k-49k,5,9,132901,23370,14766.7777777778
Kalshi,2026-05-04,Category,Science and Technology,1-9,1,944,3622,9,3.83686440677966
Kalshi,2026-05-04,Category,Science and Technology,10-99,2,896,29529,99,32.9564732142857
Kalshi,2026-05-04,Category,Science and Technology,100-999,3,395,114173,997,289.045569620253
Kalshi,2026-05-04,Category,Science and Technology,1k-9k,4,42,80240,5294,1910.47619047619
Kalshi,2026-05-04,Category,Social,1-9,1,333,1305,9,3.91891891891892
Kalshi,2026-05-04,Category,Social,10-99,2,153,3296,99,21.5424836601307
Kalshi,2026-05-04,Category,Social,100-999,3,13,3002,901,230.923076923077
Kalshi,2026-05-04,Category,Sports,1-9,1,404661,1619544,9,4.00222408386279
Kalshi,2026-05-04,Category,Sports,10-99,2,912838,34268169,99,37.5402524872979
Kalshi,2026-05-04,Category,Sports,100-999,3,503786,148901211,999,295.56440830035
Kalshi,2026-05-04,Category,Sports,1k-9k,4,84192,193510526,9999,2298.44315374382
Kalshi,2026-05-04,Category,Sports,10k-49k,5,2955,50737131,49999,17169.9258883249
Kalshi,2026-05-04,Category,Sports,50k-99k,6,102,6848738,99999,67144.4901960784
Kalshi,2026-05-04,Category,Sports,100k+,7,25,3181134,3e+05,127245.36
Kalshi,2026-05-04,Category,Unknown,1-9,1,167,748,9,4.47904191616767
Kalshi,2026-05-04,Category,Unknown,10-99,2,386,12665,98,32.8108808290155
Kalshi,2026-05-04,Category,Unknown,100-999,3,153,36126,961,236.117647058824
Kalshi,2026-05-04,Category,Unknown,1k-9k,4,4,7952,2530,1988
Kalshi,2026-05-04,Category,World,1-9,1,53,184,9,3.47169811320755
Kalshi,2026-05-04,Category,World,10-99,2,38,1160,89,30.5263157894737
Kalshi,2026-05-04,Category,World,100-999,3,9,2046,800,227.333333333333
Kalshi,2026-05-04,Sports split,Non-sports,1-9,1,599592,2168000,9,3.61579207194225
Kalshi,2026-05-04,Sports split,Non-sports,10-99,2,563348,18718816,99,33.2278023530748
Kalshi,2026-05-04,Sports split,Non-sports,100-999,3,172782,43168522,999,249.843861050341
Kalshi,2026-05-04,Sports split,Non-sports,1k-9k,4,7688,13175876,9999,1713.82362122789
Kalshi,2026-05-04,Sports split,Non-sports,10k-49k,5,99,1801320,45000,18195.1515151515
Kalshi,2026-05-04,Sports split,Non-sports,50k-99k,6,7,433109,99999,61872.7142857143
Kalshi,2026-05-04,Sports split,Non-sports,100k+,7,1,1e+05,1e+05,1e+05
Kalshi,2026-05-04,Sports split,Sports,1-9,1,399119,1597633,9,4.00289888479376
Kalshi,2026-05-04,Sports split,Sports,10-99,2,898885,33807415,99,37.61038953815
Kalshi,2026-05-04,Sports split,Sports,100-999,3,499599,147833471,999,295.904257214286
Kalshi,2026-05-04,Sports split,Sports,1k-9k,4,84000,193186264,9999,2299.83647619048
Kalshi,2026-05-04,Sports split,Sports,10k-49k,5,2954,50725131,49999,17171.6760324983
Kalshi,2026-05-04,Sports split,Sports,50k-99k,6,102,6848738,99999,67144.4901960784
Kalshi,2026-05-04,Sports split,Sports,100k+,7,25,3181134,3e+05,127245.36
Kalshi,2026-05-05,All,All,1-9,1,1063249,3976871,9,3.74030071977495
Kalshi,2026-05-05,All,All,10-99,2,1579793,55369737,99,35.0487291689481
Kalshi,2026-05-05,All,All,100-999,3,703614,196624202,999,279.448962072955
Kalshi,2026-05-05,All,All,1k-9k,4,95237,214713452,9999,2254.51717294749
Kalshi,2026-05-05,All,All,10k-49k,5,3318,57088378,49438,17205.6594333936
Kalshi,2026-05-05,All,All,50k-99k,6,95,5776316,93632,60803.3263157895
Kalshi,2026-05-05,All,All,100k+,7,24,3240973,333333,135040.541666667
Kalshi,2026-05-05,Category,Climate and Weather,1-9,1,57793,202997,9,3.51248421089059
Kalshi,2026-05-05,Category,Climate and Weather,10-99,2,27165,855874,99,31.5064973311246
Kalshi,2026-05-05,Category,Climate and Weather,100-999,3,4499,1121416,999,249.258946432541
Kalshi,2026-05-05,Category,Climate and Weather,1k-9k,4,216,471140,9352,2181.2037037037
Kalshi,2026-05-05,Category,Climate and Weather,10k-49k,5,2,61696,46760,30848
Kalshi,2026-05-05,Category,Commodities,1-9,1,17017,67786,9,3.98342833636951
Kalshi,2026-05-05,Category,Commodities,10-99,2,19512,639501,99,32.77475399754
Kalshi,2026-05-05,Category,Commodities,100-999,3,3405,731499,991,214.830837004405
Kalshi,2026-05-05,Category,Commodities,1k-9k,4,131,258083,5290,1970.09923664122
Kalshi,2026-05-05,Category,Companies,1-9,1,2110,7924,9,3.75545023696682
Kalshi,2026-05-05,Category,Companies,10-99,2,2068,67041,99,32.4182785299807
Kalshi,2026-05-05,Category,Companies,100-999,3,729,208348,995,285.799725651578
Kalshi,2026-05-05,Category,Companies,1k-9k,4,39,72194,9352,1851.12820512821
Kalshi,2026-05-05,Category,Companies,10k-49k,5,1,18704,18704,18704
Kalshi,2026-05-05,Category,Crypto,1-9,1,453566,1631012,9,3.59597500694497
Kalshi,2026-05-05,Category,Crypto,10-99,2,481047,15041231,99,31.2676952563887
Kalshi,2026-05-05,Category,Crypto,100-999,3,142459,34932949,999,245.214054570087
Kalshi,2026-05-05,Category,Crypto,1k-9k,4,5021,7232160,9903,1440.38239394543
Kalshi,2026-05-05,Category,Crypto,10k-49k,5,15,206470,42059,13764.6666666667
Kalshi,2026-05-05,Category,Economics,1-9,1,6291,19297,9,3.06739786997298
Kalshi,2026-05-05,Category,Economics,10-99,2,4139,132785,99,32.0814206330031
Kalshi,2026-05-05,Category,Economics,100-999,3,1373,330191,999,240.488710852149
Kalshi,2026-05-05,Category,Economics,1k-9k,4,151,300993,9000,1993.33112582781
Kalshi,2026-05-05,Category,Economics,10k-49k,5,7,101129,26224,14447
Kalshi,2026-05-05,Category,Elections,1-9,1,5463,20468,9,3.74665934468241
Kalshi,2026-05-05,Category,Elections,10-99,2,7366,250739,99,34.0400488732012
Kalshi,2026-05-05,Category,Elections,100-999,3,4410,1288172,999,292.102494331066
Kalshi,2026-05-05,Category,Elections,1k-9k,4,931,2200706,9986,2363.80880773362
Kalshi,2026-05-05,Category,Elections,10k-49k,5,85,1575449,48694,18534.6941176471
Kalshi,2026-05-05,Category,Elections,50k-99k,6,7,407259,90000,58179.8571428572
Kalshi,2026-05-05,Category,Elections,100k+,7,2,210000,110000,105000
Kalshi,2026-05-05,Category,Entertainment,1-9,1,6345,21911,9,3.45327029156816
Kalshi,2026-05-05,Category,Entertainment,10-99,2,5994,205591,99,34.2994661327995
Kalshi,2026-05-05,Category,Entertainment,100-999,3,2468,672530,996,272.5
Kalshi,2026-05-05,Category,Entertainment,1k-9k,4,358,889713,9980,2485.23184357542
Kalshi,2026-05-05,Category,Entertainment,10k-49k,5,16,225030,20000,14064.375
Kalshi,2026-05-05,Category,Financials,1-9,1,4875,11821,9,2.42482051282051
Kalshi,2026-05-05,Category,Financials,10-99,2,2997,99178,99,33.0924257590924
Kalshi,2026-05-05,Category,Financials,100-999,3,1102,335060,999,304.047186932849
Kalshi,2026-05-05,Category,Financials,1k-9k,4,168,333748,9839,1986.59523809524
Kalshi,2026-05-05,Category,Financials,10k-49k,5,7,117020,25486,16717.1428571429
Kalshi,2026-05-05,Category,Health,1-9,1,12,47,9,3.91666666666667
Kalshi,2026-05-05,Category,Health,10-99,2,34,1029,96,30.2647058823529
Kalshi,2026-05-05,Category,Health,100-999,3,20,6318,929,315.9
Kalshi,2026-05-05,Category,Health,1k-9k,4,5,11895,5822,2379
Kalshi,2026-05-05,Category,Mentions,1-9,1,33705,127052,9,3.76952974336152
Kalshi,2026-05-05,Category,Mentions,10-99,2,30282,977629,99,32.2841622085728
Kalshi,2026-05-05,Category,Mentions,100-999,3,6367,1341215,999,210.651013035967
Kalshi,2026-05-05,Category,Mentions,1k-9k,4,318,703170,9992,2211.22641509434
Kalshi,2026-05-05,Category,Mentions,10k-49k,5,11,155985,34781,14180.4545454545
Kalshi,2026-05-05,Category,Politics,1-9,1,5506,19869,9,3.60860879041046
Kalshi,2026-05-05,Category,Politics,10-99,2,5896,189020,99,32.0590230664858
Kalshi,2026-05-05,Category,Politics,100-999,3,2324,630857,996,271.453098106713
Kalshi,2026-05-05,Category,Politics,1k-9k,4,292,598272,9642,2048.87671232877
Kalshi,2026-05-05,Category,Politics,10k-49k,5,11,156563,19996,14233
Kalshi,2026-05-05,Category,Science and Technology,1-9,1,1332,4299,9,3.22747747747748
Kalshi,2026-05-05,Category,Science and Technology,10-99,2,1110,37529,99,33.8099099099099
Kalshi,2026-05-05,Category,Science and Technology,100-999,3,585,165887,999,283.567521367521
Kalshi,2026-05-05,Category,Science and Technology,1k-9k,4,153,359028,9978,2346.58823529412
Kalshi,2026-05-05,Category,Science and Technology,10k-49k,5,5,53812,12345,10762.4
Kalshi,2026-05-05,Category,Social,1-9,1,52,179,9,3.44230769230769
Kalshi,2026-05-05,Category,Social,10-99,2,28,942,79,33.6428571428572
Kalshi,2026-05-05,Category,Social,100-999,3,13,3833,600,294.846153846154
Kalshi,2026-05-05,Category,Sports,1-9,1,469022,1841568,9,3.92640004093625
Kalshi,2026-05-05,Category,Sports,10-99,2,991894,36862082,99,37.1633279362513
Kalshi,2026-05-05,Category,Sports,100-999,3,533767,154829247,999,290.068975789062
Kalshi,2026-05-05,Category,Sports,1k-9k,4,87449,201274395,9999,2301.62031584123
Kalshi,2026-05-05,Category,Sports,10k-49k,5,3158,54416520,49438,17231.3236225459
Kalshi,2026-05-05,Category,Sports,50k-99k,6,88,5369057,93632,61012.0113636364
Kalshi,2026-05-05,Category,Sports,100k+,7,22,3030973,333333,137771.5
Kalshi,2026-05-05,Category,Unknown,1-9,1,122,513,9,4.20491803278689
Kalshi,2026-05-05,Category,Unknown,10-99,2,232,8645,99,37.2629310344828
Kalshi,2026-05-05,Category,Unknown,100-999,3,84,24104,918,286.952380952381
Kalshi,2026-05-05,Category,Unknown,1k-9k,4,5,7955,2232,1591
Kalshi,2026-05-05,Category,World,1-9,1,38,128,9,3.36842105263158
Kalshi,2026-05-05,Category,World,10-99,2,29,921,97,31.7586206896552
Kalshi,2026-05-05,Category,World,100-999,3,9,2576,650,286.222222222222
Kalshi,2026-05-05,Sports split,Non-sports,1-9,1,616399,2230703,9,3.61892702616325
Kalshi,2026-05-05,Sports split,Non-sports,10-99,2,634180,20052932,99,31.6202529250371
Kalshi,2026-05-05,Sports split,Non-sports,100-999,3,182946,45000331,999,245.976031178599
Kalshi,2026-05-05,Sports split,Non-sports,1k-9k,4,8493,14638247,9992,1723.56611326975
Kalshi,2026-05-05,Sports split,Non-sports,10k-49k,5,165,2747169,48694,16649.5090909091
Kalshi,2026-05-05,Sports split,Non-sports,50k-99k,6,7,407259,90000,58179.8571428572
Kalshi,2026-05-05,Sports split,Non-sports,100k+,7,2,210000,110000,105000
Kalshi,2026-05-05,Sports split,Sports,1-9,1,446850,1746168,9,3.90772742531051
Kalshi,2026-05-05,Sports split,Sports,10-99,2,945613,35316805,99,37.3480535906338
Kalshi,2026-05-05,Sports split,Sports,100-999,3,520668,151623871,999,291.210274109413
Kalshi,2026-05-05,Sports split,Sports,1k-9k,4,86744,200075205,9999,2306.50194826155
Kalshi,2026-05-05,Sports split,Sports,10k-49k,5,3153,54341209,49438,17234.7633999366
Kalshi,2026-05-05,Sports split,Sports,50k-99k,6,88,5369057,93632,61012.0113636364
Kalshi,2026-05-05,Sports split,Sports,100k+,7,22,3030973,333333,137771.5
Kalshi,2026-05-06,All,All,1-9,1,980458,3663048,9,3.73605804634161
Kalshi,2026-05-06,All,All,10-99,2,1547500,54907161,99,35.4812025848142
Kalshi,2026-05-06,All,All,100-999,3,675914,194026691,999,287.058251493533
Kalshi,2026-05-06,All,All,1k-9k,4,97879,223578334,9999,2284.23189856864
Kalshi,2026-05-06,All,All,10k-49k,5,3550,60512071,49984,17045.6538028169
Kalshi,2026-05-06,All,All,50k-99k,6,141,9314343,99999,66059.170212766
Kalshi,2026-05-06,All,All,100k+,7,22,3885429,5e+05,176610.409090909
Kalshi,2026-05-06,Category,Climate and Weather,1-9,1,59036,200795,9,3.40122975811369
Kalshi,2026-05-06,Category,Climate and Weather,10-99,2,26390,834578,99,31.6247821144373
Kalshi,2026-05-06,Category,Climate and Weather,100-999,3,4301,983705,966,228.715415019763
Kalshi,2026-05-06,Category,Climate and Weather,1k-9k,4,150,263391,9352,1755.94
Kalshi,2026-05-06,Category,Commodities,1-9,1,20309,79547,9,3.9168349007829
Kalshi,2026-05-06,Category,Commodities,10-99,2,24142,806253,99,33.3962803413139
Kalshi,2026-05-06,Category,Commodities,100-999,3,3806,849461,999,223.189963215975
Kalshi,2026-05-06,Category,Commodities,1k-9k,4,197,400228,7000,2031.61421319797
Kalshi,2026-05-06,Category,Companies,1-9,1,1871,6898,9,3.68679850347408
Kalshi,2026-05-06,Category,Companies,10-99,2,1867,65552,99,35.1108730583824
Kalshi,2026-05-06,Category,Companies,100-999,3,842,262634,999,311.916864608076
Kalshi,2026-05-06,Category,Companies,1k-9k,4,47,116711,9721,2483.21276595745
Kalshi,2026-05-06,Category,Companies,10k-49k,5,1,10309,10309,10309
Kalshi,2026-05-06,Category,Crypto,1-9,1,419544,1475777,9,3.51757384207616
Kalshi,2026-05-06,Category,Crypto,10-99,2,432339,13566271,99,31.3787814654704
Kalshi,2026-05-06,Category,Crypto,100-999,3,117572,32016977,999,272.318043411697
Kalshi,2026-05-06,Category,Crypto,1k-9k,4,5749,8854545,9942,1540.18872847452
Kalshi,2026-05-06,Category,Crypto,10k-49k,5,8,134346,37213,16793.25
Kalshi,2026-05-06,Category,Economics,1-9,1,6622,22132,9,3.3421926910299
Kalshi,2026-05-06,Category,Economics,10-99,2,4937,157483,99,31.8985213692526
Kalshi,2026-05-06,Category,Economics,100-999,3,1755,413338,999,235.520227920228
Kalshi,2026-05-06,Category,Economics,1k-9k,4,137,265179,8888,1935.61313868613
Kalshi,2026-05-06,Category,Economics,10k-49k,5,4,57015,18888,14253.75
Kalshi,2026-05-06,Category,Elections,1-9,1,5127,18588,9,3.6255119953189
Kalshi,2026-05-06,Category,Elections,10-99,2,6744,239789,99,35.5559015421115
Kalshi,2026-05-06,Category,Elections,100-999,3,4667,1277446,999,273.718877223056
Kalshi,2026-05-06,Category,Elections,1k-9k,4,697,1750829,9950,2511.94978479197
Kalshi,2026-05-06,Category,Elections,10k-49k,5,60,1167285,45822,19454.75
Kalshi,2026-05-06,Category,Elections,50k-99k,6,10,769391,99265,76939.1
Kalshi,2026-05-06,Category,Elections,100k+,7,5,5e+05,1e+05,1e+05
Kalshi,2026-05-06,Category,Entertainment,1-9,1,11119,40600,9,3.65140750067452
Kalshi,2026-05-06,Category,Entertainment,10-99,2,12358,427608,99,34.601715487943
Kalshi,2026-05-06,Category,Entertainment,100-999,3,4362,1131085,996,259.30421824851
Kalshi,2026-05-06,Category,Entertainment,1k-9k,4,335,811661,9879,2422.86865671642
Kalshi,2026-05-06,Category,Entertainment,10k-49k,5,18,283072,49191,15726.2222222222
Kalshi,2026-05-06,Category,Financials,1-9,1,4011,11346,9,2.82872101720269
Kalshi,2026-05-06,Category,Financials,10-99,2,3653,116388,99,31.8609362168081
Kalshi,2026-05-06,Category,Financials,100-999,3,1380,386976,999,280.417391304348
Kalshi,2026-05-06,Category,Financials,1k-9k,4,308,599089,8674,1945.09415584416
Kalshi,2026-05-06,Category,Financials,10k-49k,5,1,20000,20000,20000
Kalshi,2026-05-06,Category,Health,1-9,1,21,80,8,3.80952380952381
Kalshi,2026-05-06,Category,Health,10-99,2,28,812,79,29
Kalshi,2026-05-06,Category,Health,100-999,3,5,888,318,177.6
Kalshi,2026-05-06,Category,Mentions,1-9,1,25076,92710,9,3.69716063167969
Kalshi,2026-05-06,Category,Mentions,10-99,2,18851,595013,99,31.564001909713
Kalshi,2026-05-06,Category,Mentions,100-999,3,3802,876137,999,230.441083640189
Kalshi,2026-05-06,Category,Mentions,1k-9k,4,187,436713,9985,2335.36363636364
Kalshi,2026-05-06,Category,Mentions,10k-49k,5,10,352000,39451,35200
Kalshi,2026-05-06,Category,Politics,1-9,1,7227,26361,9,3.64757160647572
Kalshi,2026-05-06,Category,Politics,10-99,2,8021,257667,99,32.1240493704027
Kalshi,2026-05-06,Category,Politics,100-999,3,3359,896400,999,266.865138434058
Kalshi,2026-05-06,Category,Politics,1k-9k,4,326,744479,9974,2283.67791411043
Kalshi,2026-05-06,Category,Politics,10k-49k,5,11,225480,30067,20498.1818181818
Kalshi,2026-05-06,Category,Politics,50k-99k,6,2,1e+05,50000,50000
Kalshi,2026-05-06,Category,Science and Technology,1-9,1,1489,5380,9,3.61316319677636
Kalshi,2026-05-06,Category,Science and Technology,10-99,2,1507,50715,99,33.6529528865295
Kalshi,2026-05-06,Category,Science and Technology,100-999,3,772,219940,982,284.896373056995
Kalshi,2026-05-06,Category,Science and Technology,1k-9k,4,87,162602,6187,1868.98850574713
Kalshi,2026-05-06,Category,Science and Technology,10k-49k,5,1,17596,17596,17596
Kalshi,2026-05-06,Category,Social,1-9,1,37,120,8,3.24324324324324
Kalshi,2026-05-06,Category,Social,10-99,2,26,838,97,32.2307692307692
Kalshi,2026-05-06,Category,Social,100-999,3,4,498,194,124.5
Kalshi,2026-05-06,Category,Sports,1-9,1,418573,1681265,9,4.01665898182635
Kalshi,2026-05-06,Category,Sports,10-99,2,1005967,37764073,99,37.5400713939921
Kalshi,2026-05-06,Category,Sports,100-999,3,528960,154626403,999,292.321542271627
Kalshi,2026-05-06,Category,Sports,1k-9k,4,89645,209143743,9999,2333.02184170896
Kalshi,2026-05-06,Category,Sports,10k-49k,5,3436,58244968,49984,16951.3876600699
Kalshi,2026-05-06,Category,Sports,50k-99k,6,129,8444952,99999,65464.7441860465
Kalshi,2026-05-06,Category,Sports,100k+,7,17,3385429,5e+05,199142.882352941
Kalshi,2026-05-06,Category,Unknown,1-9,1,333,1189,9,3.57057057057057
Kalshi,2026-05-06,Category,Unknown,10-99,2,625,22947,99,36.7152
Kalshi,2026-05-06,Category,Unknown,100-999,3,314,82240,986,261.910828025478
Kalshi,2026-05-06,Category,Unknown,1k-9k,4,14,29164,7111,2083.14285714286
Kalshi,2026-05-06,Category,World,1-9,1,63,260,9,4.12698412698413
Kalshi,2026-05-06,Category,World,10-99,2,45,1174,99,26.0888888888889
Kalshi,2026-05-06,Category,World,100-999,3,13,2563,500,197.153846153846
Kalshi,2026-05-06,Sports split,Non-sports,1-9,1,579069,2053443,9,3.54611108520746
Kalshi,2026-05-06,Sports split,Non-sports,10-99,2,585939,18674825,99,31.8716197419868
Kalshi,2026-05-06,Sports split,Non-sports,100-999,3,161651,42967962,999,265.806966860706
Kalshi,2026-05-06,Sports split,Non-sports,1k-9k,4,8890,15528249,9985,1746.70967379078
Kalshi,2026-05-06,Sports split,Non-sports,10k-49k,5,116,2292205,49191,19760.3879310345
Kalshi,2026-05-06,Sports split,Non-sports,50k-99k,6,12,869391,99265,72449.25
Kalshi,2026-05-06,Sports split,Non-sports,100k+,7,5,5e+05,1e+05,1e+05
Kalshi,2026-05-06,Sports split,Sports,1-9,1,401389,1609605,9,4.01008747125606
Kalshi,2026-05-06,Sports split,Sports,10-99,2,961561,36232336,99,37.680746203309
Kalshi,2026-05-06,Sports split,Sports,100-999,3,514263,151058729,999,293.738279829581
Kalshi,2026-05-06,Sports split,Sports,1k-9k,4,88989,208050085,9999,2337.9303621796
Kalshi,2026-05-06,Sports split,Sports,10k-49k,5,3434,58219866,49984,16953.9504950495
Kalshi,2026-05-06,Sports split,Sports,50k-99k,6,129,8444952,99999,65464.7441860465
Kalshi,2026-05-06,Sports split,Sports,100k+,7,17,3385429,5e+05,199142.882352941
Kalshi,2026-05-07,All,All,1-9,1,882335,3214317,9,3.6429666736557
Kalshi,2026-05-07,All,All,10-99,2,1412357,51524838,99,36.4814547596677
Kalshi,2026-05-07,All,All,100-999,3,649807,188698678,999,290.391882512808
Kalshi,2026-05-07,All,All,1k-9k,4,98783,231902977,9999,2347.60006276384
Kalshi,2026-05-07,All,All,10k-49k,5,3906,66403594,49993,17000.4080901178
Kalshi,2026-05-07,All,All,50k-99k,6,123,7717160,98286,62741.1382113821
Kalshi,2026-05-07,All,All,100k+,7,40,6423847,496738,160596.175
Kalshi,2026-05-07,Category,Climate and Weather,1-9,1,54055,180689,9,3.34268800295995
Kalshi,2026-05-07,Category,Climate and Weather,10-99,2,23603,793492,99,33.6182688641274
Kalshi,2026-05-07,Category,Climate and Weather,100-999,3,4057,927937,999,228.724919891546
Kalshi,2026-05-07,Category,Climate and Weather,1k-9k,4,174,420357,9352,2415.84482758621
Kalshi,2026-05-07,Category,Climate and Weather,10k-49k,5,6,126593,49993,21098.8333333333
Kalshi,2026-05-07,Category,Commodities,1-9,1,20667,81693,9,3.95282334155901
Kalshi,2026-05-07,Category,Commodities,10-99,2,27603,901305,99,32.6524290837952
Kalshi,2026-05-07,Category,Commodities,100-999,3,3675,848836,999,230.975782312925
Kalshi,2026-05-07,Category,Commodities,1k-9k,4,114,214337,5415,1880.14912280702
Kalshi,2026-05-07,Category,Companies,1-9,1,2293,9195,9,4.01003052769298
Kalshi,2026-05-07,Category,Companies,10-99,2,2211,87665,99,39.6494798733605
Kalshi,2026-05-07,Category,Companies,100-999,3,976,329042,998,337.133196721312
Kalshi,2026-05-07,Category,Companies,1k-9k,4,110,237124,9352,2155.67272727273
Kalshi,2026-05-07,Category,Companies,10k-49k,5,1,14206,14206,14206
Kalshi,2026-05-07,Category,Crypto,1-9,1,364280,1190265,9,3.26744537169211
Kalshi,2026-05-07,Category,Crypto,10-99,2,389122,12651765,99,32.5136204069675
Kalshi,2026-05-07,Category,Crypto,100-999,3,109224,29520642,999,270.276148099319
Kalshi,2026-05-07,Category,Crypto,1k-9k,4,5038,7631622,9942,1514.81183009131
Kalshi,2026-05-07,Category,Crypto,10k-49k,5,15,188873,24691,12591.5333333333
Kalshi,2026-05-07,Category,Economics,1-9,1,6829,22150,9,3.2435202811539
Kalshi,2026-05-07,Category,Economics,10-99,2,4554,143688,99,31.5520421607378
Kalshi,2026-05-07,Category,Economics,100-999,3,1591,385128,999,242.066624764299
Kalshi,2026-05-07,Category,Economics,1k-9k,4,178,400746,9995,2251.38202247191
Kalshi,2026-05-07,Category,Economics,10k-49k,5,7,104319,22396,14902.7142857143
Kalshi,2026-05-07,Category,Elections,1-9,1,5046,18462,9,3.65873959571938
Kalshi,2026-05-07,Category,Elections,10-99,2,8016,281942,99,35.1724051896208
Kalshi,2026-05-07,Category,Elections,100-999,3,5341,1457024,999,272.799850215316
Kalshi,2026-05-07,Category,Elections,1k-9k,4,697,1495569,9861,2145.7230989957
Kalshi,2026-05-07,Category,Elections,10k-49k,5,28,509087,45818,18181.6785714286
Kalshi,2026-05-07,Category,Elections,50k-99k,6,1,63196,63196,63196
Kalshi,2026-05-07,Category,Entertainment,1-9,1,7815,28897,9,3.69763275751759
Kalshi,2026-05-07,Category,Entertainment,10-99,2,7376,246706,99,33.447125813449
Kalshi,2026-05-07,Category,Entertainment,100-999,3,2850,732637,999,257.065614035088
Kalshi,2026-05-07,Category,Entertainment,1k-9k,4,206,420698,9943,2042.22330097087
Kalshi,2026-05-07,Category,Entertainment,10k-49k,5,5,70000,20000,14000
Kalshi,2026-05-07,Category,Financials,1-9,1,4285,11901,9,2.77736289381564
Kalshi,2026-05-07,Category,Financials,10-99,2,3898,127289,99,32.6549512570549
Kalshi,2026-05-07,Category,Financials,100-999,3,1369,355124,999,259.403944485026
Kalshi,2026-05-07,Category,Financials,1k-9k,4,228,518848,9866,2275.64912280702
Kalshi,2026-05-07,Category,Financials,10k-49k,5,15,219295,25444,14619.6666666667
Kalshi,2026-05-07,Category,Health,1-9,1,47,151,9,3.21276595744681
Kalshi,2026-05-07,Category,Health,10-99,2,78,2248,93,28.8205128205128
Kalshi,2026-05-07,Category,Health,100-999,3,26,8401,605,323.115384615385
Kalshi,2026-05-07,Category,Health,1k-9k,4,2,2600,1500,1300
Kalshi,2026-05-07,Category,Mentions,1-9,1,27496,101151,9,3.67875327320338
Kalshi,2026-05-07,Category,Mentions,10-99,2,22595,748209,99,33.1139190086302
Kalshi,2026-05-07,Category,Mentions,100-999,3,5611,1228389,999,218.925147032615
Kalshi,2026-05-07,Category,Mentions,1k-9k,4,258,570831,9445,2212.52325581395
Kalshi,2026-05-07,Category,Mentions,10k-49k,5,6,70129,15909,11688.1666666667
Kalshi,2026-05-07,Category,Politics,1-9,1,6589,24785,9,3.76157231749886
Kalshi,2026-05-07,Category,Politics,10-99,2,7315,234324,99,32.0333561175666
Kalshi,2026-05-07,Category,Politics,100-999,3,2806,745791,999,265.784390591589
Kalshi,2026-05-07,Category,Politics,1k-9k,4,315,656949,9926,2085.55238095238
Kalshi,2026-05-07,Category,Politics,10k-49k,5,6,108368,49989,18061.3333333333
Kalshi,2026-05-07,Category,Science and Technology,1-9,1,2115,8024,9,3.79385342789598
Kalshi,2026-05-07,Category,Science and Technology,10-99,2,2513,89339,99,35.5507361719061
Kalshi,2026-05-07,Category,Science and Technology,100-999,3,1047,285116,996,272.317096466094
Kalshi,2026-05-07,Category,Science and Technology,1k-9k,4,193,338361,6315,1753.16580310881
Kalshi,2026-05-07,Category,Social,1-9,1,35,124,8,3.54285714285714
Kalshi,2026-05-07,Category,Social,10-99,2,26,930,88,35.7692307692308
Kalshi,2026-05-07,Category,Social,100-999,3,13,2534,400,194.923076923077
Kalshi,2026-05-07,Category,Sports,1-9,1,380354,1535154,9,4.03611898389395
Kalshi,2026-05-07,Category,Sports,10-99,2,912552,35181448,99,38.5528145245422
Kalshi,2026-05-07,Category,Sports,100-999,3,510750,151753195,999,297.11834557024
Kalshi,2026-05-07,Category,Sports,1k-9k,4,91239,218933067,9999,2399.5557491862
Kalshi,2026-05-07,Category,Sports,10k-49k,5,3816,64978783,49992,17027.982966457
Kalshi,2026-05-07,Category,Sports,50k-99k,6,122,7653964,98286,62737.4098360656
Kalshi,2026-05-07,Category,Sports,100k+,7,40,6423847,496738,160596.175
Kalshi,2026-05-07,Category,Unknown,1-9,1,379,1514,9,3.99472295514512
Kalshi,2026-05-07,Category,Unknown,10-99,2,852,33237,99,39.0105633802817
Kalshi,2026-05-07,Category,Unknown,100-999,3,459,116219,919,253.200435729848
Kalshi,2026-05-07,Category,Unknown,1k-9k,4,30,60424,8032,2014.13333333333
Kalshi,2026-05-07,Category,Unknown,10k-49k,5,1,13941,13941,13941
Kalshi,2026-05-07,Category,World,1-9,1,50,162,9,3.24
Kalshi,2026-05-07,Category,World,10-99,2,43,1251,84,29.093023255814
Kalshi,2026-05-07,Category,World,100-999,3,12,2663,763,221.916666666667
Kalshi,2026-05-07,Category,World,1k-9k,4,1,1444,1444,1444
Kalshi,2026-05-07,Sports split,Non-sports,1-9,1,513652,1733184,9,3.37423781081355
Kalshi,2026-05-07,Sports split,Non-sports,10-99,2,529276,17367780,99,32.8142216915182
Kalshi,2026-05-07,Sports split,Non-sports,100-999,3,148532,39419888,999,265.396601405758
Kalshi,2026-05-07,Sports split,Non-sports,1k-9k,4,8081,13864757,9995,1715.7229303304
Kalshi,2026-05-07,Sports split,Non-sports,10k-49k,5,89,1415287,49993,15902.1011235955
Kalshi,2026-05-07,Sports split,Non-sports,50k-99k,6,1,63196,63196,63196
Kalshi,2026-05-07,Sports split,Sports,1-9,1,368683,1481133,9,4.01736179861833
Kalshi,2026-05-07,Sports split,Sports,10-99,2,883081,34157058,99,38.6794167239472
Kalshi,2026-05-07,Sports split,Sports,100-999,3,501275,149278790,999,297.79819460376
Kalshi,2026-05-07,Sports split,Sports,1k-9k,4,90702,218038220,9999,2403.89649621839
Kalshi,2026-05-07,Sports split,Sports,10k-49k,5,3817,64988307,49992,17026.0170290804
Kalshi,2026-05-07,Sports split,Sports,50k-99k,6,122,7653964,98286,62737.4098360656
Kalshi,2026-05-07,Sports split,Sports,100k+,7,40,6423847,496738,160596.175
Kalshi,2026-05-08,All,All,1-9,1,942381,3449419,9,3.66032316016558
Kalshi,2026-05-08,All,All,10-99,2,1464018,52772933,99,36.0466421860933
Kalshi,2026-05-08,All,All,100-999,3,652412,192519716,999,295.089170646769
Kalshi,2026-05-08,All,All,1k-9k,4,105194,244869112,9999,2327.78591934901
Kalshi,2026-05-08,All,All,10k-49k,5,3579,59169715,49983,16532.4713607153
Kalshi,2026-05-08,All,All,50k-99k,6,116,7136179,97500,61518.7844827586
Kalshi,2026-05-08,All,All,100k+,7,30,5322336,5e+05,177411.2
Kalshi,2026-05-08,Category,Climate and Weather,1-9,1,54700,190977,9,3.49135283363803
Kalshi,2026-05-08,Category,Climate and Weather,10-99,2,28119,935786,99,33.2794907358014
Kalshi,2026-05-08,Category,Climate and Weather,100-999,3,4548,1074923,999,236.350703605981
Kalshi,2026-05-08,Category,Climate and Weather,1k-9k,4,191,383723,9352,2009.02094240838
Kalshi,2026-05-08,Category,Climate and Weather,10k-49k,5,4,63936,24425,15984
Kalshi,2026-05-08,Category,Commodities,1-9,1,10954,43432,9,3.96494431257988
Kalshi,2026-05-08,Category,Commodities,10-99,2,15306,505457,99,33.0234548543055
Kalshi,2026-05-08,Category,Commodities,100-999,3,2587,626030,996,241.990722844994
Kalshi,2026-05-08,Category,Commodities,1k-9k,4,147,267280,5000,1818.23129251701
Kalshi,2026-05-08,Category,Companies,1-9,1,1496,5360,9,3.58288770053476
Kalshi,2026-05-08,Category,Companies,10-99,2,1292,41631,99,32.2221362229102
Kalshi,2026-05-08,Category,Companies,100-999,3,475,130253,998,274.216842105263
Kalshi,2026-05-08,Category,Companies,1k-9k,4,33,45419,5000,1376.33333333333
Kalshi,2026-05-08,Category,Crypto,1-9,1,421341,1352157,9,3.20917499127785
Kalshi,2026-05-08,Category,Crypto,10-99,2,428467,13881753,99,32.3986514714085
Kalshi,2026-05-08,Category,Crypto,100-999,3,111584,31705589,999,284.140996917121
Kalshi,2026-05-08,Category,Crypto,1k-9k,4,5491,8189650,9779,1491.46785649244
Kalshi,2026-05-08,Category,Crypto,10k-49k,5,11,139411,18000,12673.7272727273
Kalshi,2026-05-08,Category,Economics,1-9,1,6717,24630,9,3.66681554265297
Kalshi,2026-05-08,Category,Economics,10-99,2,4725,150348,99,31.8196825396825
Kalshi,2026-05-08,Category,Economics,100-999,3,1913,475800,999,248.719289074752
Kalshi,2026-05-08,Category,Economics,1k-9k,4,326,676361,9924,2074.72699386503
Kalshi,2026-05-08,Category,Economics,10k-49k,5,16,246752,31163,15422
Kalshi,2026-05-08,Category,Economics,50k-99k,6,1,50000,50000,50000
Kalshi,2026-05-08,Category,Elections,1-9,1,5494,20770,9,3.78048780487805
Kalshi,2026-05-08,Category,Elections,10-99,2,8526,294603,99,34.5534834623505
Kalshi,2026-05-08,Category,Elections,100-999,3,5821,1731502,999,297.457825115959
Kalshi,2026-05-08,Category,Elections,1k-9k,4,1164,2842778,9999,2442.24914089347
Kalshi,2026-05-08,Category,Elections,10k-49k,5,67,1065892,37659,15908.8358208955
Kalshi,2026-05-08,Category,Elections,50k-99k,6,5,290854,74075,58170.8
Kalshi,2026-05-08,Category,Elections,100k+,7,1,123449,123449,123449
Kalshi,2026-05-08,Category,Entertainment,1-9,1,9061,33324,9,3.67773976382298
Kalshi,2026-05-08,Category,Entertainment,10-99,2,7361,240182,99,32.6289906262736
Kalshi,2026-05-08,Category,Entertainment,100-999,3,2363,623726,986,263.955141768938
Kalshi,2026-05-08,Category,Entertainment,1k-9k,4,225,454087,9352,2018.16444444444
Kalshi,2026-05-08,Category,Entertainment,10k-49k,5,4,80593,27297,20148.25
Kalshi,2026-05-08,Category,Financials,1-9,1,3709,11895,9,3.20706389862497
Kalshi,2026-05-08,Category,Financials,10-99,2,3610,114650,99,31.7590027700831
Kalshi,2026-05-08,Category,Financials,100-999,3,1149,300332,999,261.385552654482
Kalshi,2026-05-08,Category,Financials,1k-9k,4,235,489680,8000,2083.74468085106
Kalshi,2026-05-08,Category,Financials,10k-49k,5,5,73076,20000,14615.2
Kalshi,2026-05-08,Category,Health,1-9,1,54,193,9,3.57407407407407
Kalshi,2026-05-08,Category,Health,10-99,2,56,1653,85,29.5178571428571
Kalshi,2026-05-08,Category,Health,100-999,3,20,9406,951,470.3
Kalshi,2026-05-08,Category,Health,1k-9k,4,4,5345,2000,1336.25
Kalshi,2026-05-08,Category,Mentions,1-9,1,22595,87135,9,3.85638415578668
Kalshi,2026-05-08,Category,Mentions,10-99,2,18302,573168,99,31.3172330892799
Kalshi,2026-05-08,Category,Mentions,100-999,3,3108,769481,999,247.580759330759
Kalshi,2026-05-08,Category,Mentions,1k-9k,4,142,350248,9352,2466.53521126761
Kalshi,2026-05-08,Category,Mentions,10k-49k,5,3,55000,30000,18333.3333333333
Kalshi,2026-05-08,Category,Politics,1-9,1,6906,24728,9,3.58065450333044
Kalshi,2026-05-08,Category,Politics,10-99,2,6999,229077,99,32.7299614230604
Kalshi,2026-05-08,Category,Politics,100-999,3,2746,729503,999,265.660233066278
Kalshi,2026-05-08,Category,Politics,1k-9k,4,336,695629,9536,2070.3244047619
Kalshi,2026-05-08,Category,Politics,10k-49k,5,8,133132,31619,16641.5
Kalshi,2026-05-08,Category,Science and Technology,1-9,1,2460,10133,9,4.11910569105691
Kalshi,2026-05-08,Category,Science and Technology,10-99,2,3184,120615,99,37.8815954773869
Kalshi,2026-05-08,Category,Science and Technology,100-999,3,1715,480158,999,279.975510204082
Kalshi,2026-05-08,Category,Science and Technology,1k-9k,4,366,675851,9042,1846.58743169399
Kalshi,2026-05-08,Category,Science and Technology,10k-49k,5,6,103665,25000,17277.5
Kalshi,2026-05-08,Category,Social,1-9,1,23,96,9,4.17391304347826
Kalshi,2026-05-08,Category,Social,10-99,2,15,363,71,24.2
Kalshi,2026-05-08,Category,Social,100-999,3,2,1000,500,500
Kalshi,2026-05-08,Category,Sports,1-9,1,396546,1643199,9,4.14377903194081
Kalshi,2026-05-08,Category,Sports,10-99,2,937384,35659904,99,38.0419379891272
Kalshi,2026-05-08,Category,Sports,100-999,3,514100,153785523,999,299.135426959736
Kalshi,2026-05-08,Category,Sports,1k-9k,4,96522,229762828,9999,2380.41926192992
Kalshi,2026-05-08,Category,Sports,10k-49k,5,3455,57208258,49983,16558.106512301
Kalshi,2026-05-08,Category,Sports,50k-99k,6,110,6795325,97500,61775.6818181818
Kalshi,2026-05-08,Category,Sports,100k+,7,29,5198887,5e+05,179271.965517241
Kalshi,2026-05-08,Category,Unknown,1-9,1,243,1122,9,4.61728395061728
Kalshi,2026-05-08,Category,Unknown,10-99,2,588,21479,99,36.5289115646259
Kalshi,2026-05-08,Category,Unknown,100-999,3,263,72231,943,274.642585551331
Kalshi,2026-05-08,Category,Unknown,1k-9k,4,11,29233,7407,2657.54545454545
Kalshi,2026-05-08,Category,World,1-9,1,82,268,9,3.26829268292683
Kalshi,2026-05-08,Category,World,10-99,2,84,2264,96,26.952380952381
Kalshi,2026-05-08,Category,World,100-999,3,18,4259,571,236.611111111111
Kalshi,2026-05-08,Category,World,1k-9k,4,1,1000,1000,1000
Kalshi,2026-05-08,Sports split,Non-sports,1-9,1,551560,1832646,9,3.32265936616143
Kalshi,2026-05-08,Sports split,Non-sports,10-99,2,544289,17704935,99,32.5285556018953
Kalshi,2026-05-08,Sports split,Non-sports,100-999,3,143060,39894054,999,278.86239340137
Kalshi,2026-05-08,Sports split,Non-sports,1k-9k,4,8884,15440260,9999,1737.98514182801
Kalshi,2026-05-08,Sports split,Non-sports,10k-49k,5,125,1975976,37659,15807.808
Kalshi,2026-05-08,Sports split,Non-sports,50k-99k,6,6,340854,74075,56809
Kalshi,2026-05-08,Sports split,Non-sports,100k+,7,1,123449,123449,123449
Kalshi,2026-05-08,Sports split,Sports,1-9,1,390821,1616773,9,4.13686316753706
Kalshi,2026-05-08,Sports split,Sports,10-99,2,919729,35067998,99,38.12862049582
Kalshi,2026-05-08,Sports split,Sports,100-999,3,509352,152625662,999,299.646731533399
Kalshi,2026-05-08,Sports split,Sports,1k-9k,4,96310,229428852,9999,2382.19138199564
Kalshi,2026-05-08,Sports split,Sports,10k-49k,5,3454,57193739,49983,16558.6968731905
Kalshi,2026-05-08,Sports split,Sports,50k-99k,6,110,6795325,97500,61775.6818181818
Kalshi,2026-05-08,Sports split,Sports,100k+,7,29,5198887,5e+05,179271.965517241
Kalshi,2026-05-09,All,All,1-9,1,688072,2584605,9,3.75630021276843
Kalshi,2026-05-09,All,All,10-99,2,1175708,43584729,99,37.0710491040292
Kalshi,2026-05-09,All,All,100-999,3,545253,158173234,999,290.091451124524
Kalshi,2026-05-09,All,All,1k-9k,4,88035,202401439,9999,2299.10193672971
Kalshi,2026-05-09,All,All,10k-49k,5,2896,49551241,49907,17110.2351519337
Kalshi,2026-05-09,All,All,50k-99k,6,84,5459599,98000,64995.2261904762
Kalshi,2026-05-09,All,All,100k+,7,11,1317868,184944,119806.181818182
Kalshi,2026-05-09,Category,Climate and Weather,1-9,1,51066,182206,9,3.56804919124271
Kalshi,2026-05-09,Category,Climate and Weather,10-99,2,22528,713342,99,31.6646839488636
Kalshi,2026-05-09,Category,Climate and Weather,100-999,3,3497,761374,999,217.722047469259
Kalshi,2026-05-09,Category,Climate and Weather,1k-9k,4,99,177266,4676,1790.56565656566
Kalshi,2026-05-09,Category,Climate and Weather,10k-49k,5,1,13151,13151,13151
Kalshi,2026-05-09,Category,Commodities,1-9,1,1115,4110,9,3.68609865470852
Kalshi,2026-05-09,Category,Commodities,10-99,2,1199,37853,98,31.5704753961635
Kalshi,2026-05-09,Category,Commodities,100-999,3,136,24592,635,180.823529411765
Kalshi,2026-05-09,Category,Commodities,1k-9k,4,1,1388,1388,1388
Kalshi,2026-05-09,Category,Companies,1-9,1,1006,3475,9,3.45427435387674
Kalshi,2026-05-09,Category,Companies,10-99,2,854,27055,99,31.6803278688525
Kalshi,2026-05-09,Category,Companies,100-999,3,273,70252,955,257.333333333333
Kalshi,2026-05-09,Category,Companies,1k-9k,4,8,15003,5514,1875.375
Kalshi,2026-05-09,Category,Crypto,1-9,1,261083,822570,9,3.15060727814526
Kalshi,2026-05-09,Category,Crypto,10-99,2,271677,9616684,99,35.3974904022056
Kalshi,2026-05-09,Category,Crypto,100-999,3,73260,20138674,999,274.893174993175
Kalshi,2026-05-09,Category,Crypto,1k-9k,4,4536,6672781,9900,1471.07164902998
Kalshi,2026-05-09,Category,Crypto,10k-49k,5,3,42500,20000,14166.6666666667
Kalshi,2026-05-09,Category,Economics,1-9,1,3111,10624,9,3.41497910639666
Kalshi,2026-05-09,Category,Economics,10-99,2,2552,81461,99,31.9204545454546
Kalshi,2026-05-09,Category,Economics,100-999,3,1079,261803,984,242.63484708063
Kalshi,2026-05-09,Category,Economics,1k-9k,4,145,297979,8299,2055.0275862069
Kalshi,2026-05-09,Category,Economics,10k-49k,5,7,103162,25602,14737.4285714286
Kalshi,2026-05-09,Category,Elections,1-9,1,3484,12994,9,3.72962112514351
Kalshi,2026-05-09,Category,Elections,10-99,2,4561,164812,99,36.1350581012936
Kalshi,2026-05-09,Category,Elections,100-999,3,2662,753313,999,282.987603305785
Kalshi,2026-05-09,Category,Elections,1k-9k,4,492,1097345,9800,2230.37601626016
Kalshi,2026-05-09,Category,Elections,10k-49k,5,23,430053,49114,18697.9565217391
Kalshi,2026-05-09,Category,Elections,50k-99k,6,1,50000,50000,50000
Kalshi,2026-05-09,Category,Elections,100k+,7,1,1e+05,1e+05,1e+05
Kalshi,2026-05-09,Category,Entertainment,1-9,1,6232,22994,9,3.68966623876765
Kalshi,2026-05-09,Category,Entertainment,10-99,2,4391,143187,99,32.609200637668
Kalshi,2026-05-09,Category,Entertainment,100-999,3,1542,415658,998,269.557717250324
Kalshi,2026-05-09,Category,Entertainment,1k-9k,4,119,210224,9352,1766.58823529412
Kalshi,2026-05-09,Category,Entertainment,10k-49k,5,5,62342,20000,12468.4
Kalshi,2026-05-09,Category,Financials,1-9,1,310,1144,9,3.69032258064516
Kalshi,2026-05-09,Category,Financials,10-99,2,313,10841,99,34.6357827476038
Kalshi,2026-05-09,Category,Financials,100-999,3,105,25159,999,239.609523809524
Kalshi,2026-05-09,Category,Financials,1k-9k,4,13,33714,5000,2593.38461538462
Kalshi,2026-05-09,Category,Health,1-9,1,27,104,9,3.85185185185185
Kalshi,2026-05-09,Category,Health,10-99,2,22,836,96,38
Kalshi,2026-05-09,Category,Health,100-999,3,9,2866,500,318.444444444445
Kalshi,2026-05-09,Category,Health,1k-9k,4,2,4213,2213,2106.5
Kalshi,2026-05-09,Category,Mentions,1-9,1,7557,27598,9,3.65197829826651
Kalshi,2026-05-09,Category,Mentions,10-99,2,5028,153532,99,30.5354017501989
Kalshi,2026-05-09,Category,Mentions,100-999,3,998,241734,999,242.218436873748
Kalshi,2026-05-09,Category,Mentions,1k-9k,4,50,130822,9352,2616.44
Kalshi,2026-05-09,Category,Mentions,10k-49k,5,1,10755,10755,10755
Kalshi,2026-05-09,Category,Politics,1-9,1,3846,14173,9,3.6851274050962
Kalshi,2026-05-09,Category,Politics,10-99,2,4109,134918,99,32.8347529812607
Kalshi,2026-05-09,Category,Politics,100-999,3,1527,408709,999,267.654878847413
Kalshi,2026-05-09,Category,Politics,1k-9k,4,185,407118,9876,2200.63783783784
Kalshi,2026-05-09,Category,Politics,10k-49k,5,9,143259,27210,15917.6666666667
Kalshi,2026-05-09,Category,Science and Technology,1-9,1,1214,4958,9,4.0840197693575
Kalshi,2026-05-09,Category,Science and Technology,10-99,2,1649,59261,99,35.9375379017586
Kalshi,2026-05-09,Category,Science and Technology,100-999,3,646,182557,999,282.595975232198
Kalshi,2026-05-09,Category,Science and Technology,1k-9k,4,77,168699,9406,2190.8961038961
Kalshi,2026-05-09,Category,Science and Technology,10k-49k,5,5,70116,20428,14023.2
Kalshi,2026-05-09,Category,Social,1-9,1,19,56,7,2.94736842105263
Kalshi,2026-05-09,Category,Social,10-99,2,5,184,76,36.8
Kalshi,2026-05-09,Category,Social,100-999,3,1,500,500,500
Kalshi,2026-05-09,Category,Sports,1-9,1,347802,1476721,9,4.24586690128291
Kalshi,2026-05-09,Category,Sports,10-99,2,856482,32429026,99,37.8630560829066
Kalshi,2026-05-09,Category,Sports,100-999,3,459376,134844589,999,293.538602364947
Kalshi,2026-05-09,Category,Sports,1k-9k,4,82298,193151993,9999,2346.98283068847
Kalshi,2026-05-09,Category,Sports,10k-49k,5,2842,48675903,49907,17127.3409570725
Kalshi,2026-05-09,Category,Sports,50k-99k,6,83,5409599,98000,65175.8915662651
Kalshi,2026-05-09,Category,Sports,100k+,7,10,1217868,184944,121786.8
Kalshi,2026-05-09,Category,Unknown,1-9,1,144,635,9,4.40972222222222
Kalshi,2026-05-09,Category,Unknown,10-99,2,296,10528,99,35.5675675675676
Kalshi,2026-05-09,Category,Unknown,100-999,3,128,38552,721,301.1875
Kalshi,2026-05-09,Category,Unknown,1k-9k,4,8,30894,8658,3861.75
Kalshi,2026-05-09,Category,World,1-9,1,56,243,9,4.33928571428571
Kalshi,2026-05-09,Category,World,10-99,2,42,1209,97,28.7857142857143
Kalshi,2026-05-09,Category,World,100-999,3,14,2902,333,207.285714285714
Kalshi,2026-05-09,Category,World,1k-9k,4,2,2000,1000,1000
Kalshi,2026-05-09,Sports split,Non-sports,1-9,1,348965,1144876,9,3.28077600905535
Kalshi,2026-05-09,Sports split,Non-sports,10-99,2,336871,11749487,99,34.8782976272817
Kalshi,2026-05-09,Sports split,Non-sports,100-999,3,90169,24343196,999,269.973006243831
Kalshi,2026-05-09,Sports split,Non-sports,1k-9k,4,5975,9638051,9900,1613.06292887029
Kalshi,2026-05-09,Sports split,Non-sports,10k-49k,5,54,875338,49114,16209.962962963
Kalshi,2026-05-09,Sports split,Non-sports,50k-99k,6,1,50000,50000,50000
Kalshi,2026-05-09,Sports split,Non-sports,100k+,7,1,1e+05,1e+05,1e+05
Kalshi,2026-05-09,Sports split,Sports,1-9,1,339107,1439729,9,4.24564812876172
Kalshi,2026-05-09,Sports split,Sports,10-99,2,838837,31835242,99,37.9516425717988
Kalshi,2026-05-09,Sports split,Sports,100-999,3,455084,133830038,999,294.077660387972
Kalshi,2026-05-09,Sports split,Sports,1k-9k,4,82060,192763388,9999,2349.0542042408
Kalshi,2026-05-09,Sports split,Sports,10k-49k,5,2842,48675903,49907,17127.3409570725
Kalshi,2026-05-09,Sports split,Sports,50k-99k,6,83,5409599,98000,65175.8915662651
Kalshi,2026-05-09,Sports split,Sports,100k+,7,10,1217868,184944,121786.8
Polymarket US,2026-04-10,All,All,1-9,1,30982,129907,9,4.1929830224001
Polymarket US,2026-04-10,All,All,10-99,2,66097,2365968,99,35.7953916214049
Polymarket US,2026-04-10,All,All,100-999,3,32993,9293220,999,281.672475979753
Polymarket US,2026-04-10,All,All,1k-9k,4,5604,15739593,9997,2808.63543897216
Polymarket US,2026-04-10,All,All,10k-49k,5,496,10212064,49996,20588.8387096774
Polymarket US,2026-04-10,All,All,50k-99k,6,97,6328998,99997,65247.4020618557
Polymarket US,2026-04-10,All,All,100k+,7,253,53880132,1489508,212964.948616601
Polymarket US,2026-04-11,All,All,1-9,1,34752,135541,9,3.90023595764273
Polymarket US,2026-04-11,All,All,10-99,2,74082,2795371,99,37.733471018601
Polymarket US,2026-04-11,All,All,100-999,3,41388,11661668,999,281.764472794047
Polymarket US,2026-04-11,All,All,1k-9k,4,5968,14010794,9998,2347.65315013405
Polymarket US,2026-04-11,All,All,10k-49k,5,526,10823937,49999,20577.8269961977
Polymarket US,2026-04-11,All,All,50k-99k,6,76,4836384,99616,63636.6315789474
Polymarket US,2026-04-11,All,All,100k+,7,80,14954898,1489993,186936.225
Polymarket US,2026-04-12,All,All,1-9,1,42040,166456,9,3.95946717411989
Polymarket US,2026-04-12,All,All,10-99,2,89521,3335823,99,37.2630220842037
Polymarket US,2026-04-12,All,All,100-999,3,41435,11026439,999,266.114130565947
Polymarket US,2026-04-12,All,All,1k-9k,4,5351,13468090,9987,2516.92954587928
Polymarket US,2026-04-12,All,All,10k-49k,5,410,8802910,49995,21470.512195122
Polymarket US,2026-04-12,All,All,50k-99k,6,78,4964892,96963,63652.4615384615
Polymarket US,2026-04-12,All,All,100k+,7,77,29439228,8e+06,382327.636363636
Polymarket US,2026-04-13,All,All,1-9,1,28232,110822,9,3.92540379710966
Polymarket US,2026-04-13,All,All,10-99,2,64958,2450580,99,37.7256073154962
Polymarket US,2026-04-13,All,All,100-999,3,34033,9224764,999,271.053506890371
Polymarket US,2026-04-13,All,All,1k-9k,4,4674,10960832,9995,2345.06461275139
Polymarket US,2026-04-13,All,All,10k-49k,5,232,4253643,48726,18334.6681034483
Polymarket US,2026-04-13,All,All,50k-99k,6,20,1308753,98470,65437.65
Polymarket US,2026-04-13,All,All,100k+,7,11,1290165,250000,117287.727272727
Polymarket US,2026-04-14,All,All,1-9,1,30930,113317,9,3.66365987714193
Polymarket US,2026-04-14,All,All,10-99,2,56954,2207170,99,38.7535555009306
Polymarket US,2026-04-14,All,All,100-999,3,28489,7761162,999,272.426620801011
Polymarket US,2026-04-14,All,All,1k-9k,4,4095,7922861,9897,1934.76459096459
Polymarket US,2026-04-14,All,All,10k-49k,5,123,1927881,49889,15673.8292682927
Polymarket US,2026-04-14,All,All,50k-99k,6,4,265942,88381,66485.5
Polymarket US,2026-04-15,All,All,1-9,1,33006,131070,9,3.97109616433376
Polymarket US,2026-04-15,All,All,10-99,2,67854,2656946,99,39.1568072626522
Polymarket US,2026-04-15,All,All,100-999,3,34768,9985374,999,287.200126553152
Polymarket US,2026-04-15,All,All,1k-9k,4,5240,11893914,9998,2269.83091603053
Polymarket US,2026-04-15,All,All,10k-49k,5,216,3701272,49968,17135.5185185185
Polymarket US,2026-04-15,All,All,50k-99k,6,7,422062,95162,60294.5714285714
Polymarket US,2026-04-15,All,All,100k+,7,1,1e+05,1e+05,1e+05
Polymarket US,2026-04-16,All,All,1-9,1,40425,157012,9,3.88403215831787
Polymarket US,2026-04-16,All,All,10-99,2,71988,2627315,99,36.4965688725899
Polymarket US,2026-04-16,All,All,100-999,3,34244,9425523,999,275.245970096951
Polymarket US,2026-04-16,All,All,1k-9k,4,4558,9923158,9998,2177.08600263273
Polymarket US,2026-04-16,All,All,10k-49k,5,270,4804576,49998,17794.7259259259
Polymarket US,2026-04-16,All,All,50k-99k,6,9,589996,99998,65555.1111111111
Polymarket US,2026-04-16,All,All,100k+,7,42,7617400,2e+05,181366.666666667
Polymarket US,2026-04-17,All,All,1-9,1,35980,135830,9,3.7751528627015
Polymarket US,2026-04-17,All,All,10-99,2,68348,2418952,99,35.3917012933809
Polymarket US,2026-04-17,All,All,100-999,3,29223,7832943,999,268.040344933785
Polymarket US,2026-04-17,All,All,1k-9k,4,3295,7674171,9944,2329.03520485584
Polymarket US,2026-04-17,All,All,10k-49k,5,191,3522114,47500,18440.387434555
Polymarket US,2026-04-17,All,All,50k-99k,6,18,1059564,94985,58864.6666666667
Polymarket US,2026-04-17,All,All,100k+,7,7,1405614,389885,200802
Polymarket US,2026-04-18,All,All,1-9,1,37388,149192,9,3.99037124210977
Polymarket US,2026-04-18,All,All,10-99,2,80708,2731129,99,33.8396317589334
Polymarket US,2026-04-18,All,All,100-999,3,39280,10799059,999,274.925127291242
Polymarket US,2026-04-18,All,All,1k-9k,4,4689,11033884,9996,2353.14224781403
Polymarket US,2026-04-18,All,All,10k-49k,5,277,5026311,49998,18145.5270758123
Polymarket US,2026-04-18,All,All,50k-99k,6,13,808270,93897,62174.6153846154
Polymarket US,2026-04-18,All,All,100k+,7,18,4751383,1325176,263965.722222222
Polymarket US,2026-04-19,All,All,1-9,1,48902,187804,9,3.84041552492741
Polymarket US,2026-04-19,All,All,10-99,2,81374,2810834,99,34.5421633445572
Polymarket US,2026-04-19,All,All,100-999,3,41343,11358412,999,274.736037539608
Polymarket US,2026-04-19,All,All,1k-9k,4,5718,13539047,9997,2367.79415879678
Polymarket US,2026-04-19,All,All,10k-49k,5,267,4676707,47500,17515.7565543071
Polymarket US,2026-04-19,All,All,50k-99k,6,7,440954,93244,62993.4285714286
Polymarket US,2026-04-19,All,All,100k+,7,4,702264,204986,175566
Polymarket US,2026-04-20,All,All,1-9,1,42913,153385,9,3.57432479668166
Polymarket US,2026-04-20,All,All,10-99,2,74815,2505389,99,33.4877898817082
Polymarket US,2026-04-20,All,All,100-999,3,37618,9560122,999,254.136902546653
Polymarket US,2026-04-20,All,All,1k-9k,4,3712,8299103,9981,2235.74973060345
Polymarket US,2026-04-20,All,All,10k-49k,5,130,2466717,49000,18974.7461538462
Polymarket US,2026-04-20,All,All,50k-99k,6,2,163124,89000,81562
Polymarket US,2026-04-20,All,All,100k+,7,2,359399,189554,179699.5
Polymarket US,2026-04-21,All,All,1-9,1,52285,193014,9,3.69157502151669
Polymarket US,2026-04-21,All,All,10-99,2,92862,3329383,99,35.8530184574961
Polymarket US,2026-04-21,All,All,100-999,3,45080,11008974,999,244.209716060337
Polymarket US,2026-04-21,All,All,1k-9k,4,4267,9737141,9988,2281.96414342629
Polymarket US,2026-04-21,All,All,10k-49k,5,145,2786063,47766,19214.2275862069
Polymarket US,2026-04-21,All,All,50k-99k,6,2,1e+05,50000,50000
Polymarket US,2026-04-21,All,All,100k+,7,1,138840,138840,138840
Polymarket US,2026-04-22,All,All,1-9,1,72634,256904,9,3.53696615909904
Polymarket US,2026-04-22,All,All,10-99,2,108403,3742653,99,34.5253636891968
Polymarket US,2026-04-22,All,All,100-999,3,45299,12404193,999,273.829289829798
Polymarket US,2026-04-22,All,All,1k-9k,4,5792,14017332,9998,2420.11947513812
Polymarket US,2026-04-22,All,All,10k-49k,5,270,4950336,47312,18334.5777777778
Polymarket US,2026-04-22,All,All,50k-99k,6,13,789307,99000,60715.9230769231
Polymarket US,2026-04-22,All,All,100k+,7,8,1037889,250000,129736.125
Polymarket US,2026-04-23,All,All,1-9,1,46641,176436,9,3.78285199716987
Polymarket US,2026-04-23,All,All,10-99,2,91566,3345234,99,36.5335823340541
Polymarket US,2026-04-23,All,All,100-999,3,40153,10962206,999,273.010883371106
Polymarket US,2026-04-23,All,All,1k-9k,4,4805,11248000,9994,2340.89490114464
Polymarket US,2026-04-23,All,All,10k-49k,5,250,4639421,49862,18557.684
Polymarket US,2026-04-23,All,All,50k-99k,6,22,1308299,99000,59468.1363636364
Polymarket US,2026-04-23,All,All,100k+,7,5,899310,412397,179862
Polymarket US,2026-04-24,All,All,1-9,1,40136,165500,9,4.12348016743074
Polymarket US,2026-04-24,All,All,10-99,2,87600,3418989,99,39.0295547945206
Polymarket US,2026-04-24,All,All,100-999,3,38576,10279843,999,266.482864993779
Polymarket US,2026-04-24,All,All,1k-9k,4,4338,10524011,9994,2426.00530198248
Polymarket US,2026-04-24,All,All,10k-49k,5,258,4897690,49445,18983.2945736434
Polymarket US,2026-04-24,All,All,50k-99k,6,15,982230,95022,65482
Polymarket US,2026-04-24,All,All,100k+,7,10,1888116,423607,188811.6
Polymarket US,2026-04-25,All,All,1-9,1,64695,248008,9,3.83349563335652
Polymarket US,2026-04-25,All,All,10-99,2,107050,4065977,99,37.982036431574
Polymarket US,2026-04-25,All,All,100-999,3,47017,13621227,999,289.708552225791
Polymarket US,2026-04-25,All,All,1k-9k,4,7327,17189037,9999,2345.98566944179
Polymarket US,2026-04-25,All,All,10k-49k,5,425,8318211,49776,19572.2611764706
Polymarket US,2026-04-25,All,All,50k-99k,6,18,1095680,94989,60871.1111111111
Polymarket US,2026-04-25,All,All,100k+,7,4,499000,150000,124750
Polymarket US,2026-04-26,All,All,1-9,1,59799,246384,9,4.12020267897456
Polymarket US,2026-04-26,All,All,10-99,2,111529,4347806,99,38.9836365429619
Polymarket US,2026-04-26,All,All,100-999,3,53671,14766134,999,275.123139125412
Polymarket US,2026-04-26,All,All,1k-9k,4,8552,20330240,9999,2377.24976613658
Polymarket US,2026-04-26,All,All,10k-49k,5,630,11323652,49970,17974.0507936508
Polymarket US,2026-04-26,All,All,50k-99k,6,27,1860880,99981,68921.4814814815
Polymarket US,2026-04-26,All,All,100k+,7,9,1172262,235000,130251.333333333
Polymarket US,2026-04-27,All,All,1-9,1,43280,167556,9,3.87144177449168
Polymarket US,2026-04-27,All,All,10-99,2,77497,2801047,99,36.1439410557828
Polymarket US,2026-04-27,All,All,100-999,3,33742,9356434,999,277.293402880683
Polymarket US,2026-04-27,All,All,1k-9k,4,4694,11402232,9974,2429.1077971879
Polymarket US,2026-04-27,All,All,10k-49k,5,272,5410179,49542,19890.3639705882
Polymarket US,2026-04-27,All,All,50k-99k,6,15,956696,94839,63779.7333333333
Polymarket US,2026-04-27,All,All,100k+,7,3,752170,476170,250723.333333333
Polymarket US,2026-04-28,All,All,1-9,1,52155,206295,9,3.95542134023584
Polymarket US,2026-04-28,All,All,10-99,2,105865,3944279,99,37.2576300004723
Polymarket US,2026-04-28,All,All,100-999,3,48720,13651311,999,280.199322660099
Polymarket US,2026-04-28,All,All,1k-9k,4,5948,14291282,9996,2402.70376597176
Polymarket US,2026-04-28,All,All,10k-49k,5,417,7619078,49000,18271.170263789
Polymarket US,2026-04-28,All,All,50k-99k,6,19,1292835,92000,68043.9473684211
Polymarket US,2026-04-28,All,All,100k+,7,7,2944233,1200000,420604.714285714
Polymarket US,2026-04-29,All,All,1-9,1,57433,223393,9,3.88962791426532
Polymarket US,2026-04-29,All,All,10-99,2,97686,3912096,99,40.0476629199681
Polymarket US,2026-04-29,All,All,100-999,3,49912,13832406,999,277.135879147299
Polymarket US,2026-04-29,All,All,1k-9k,4,6338,15212474,9999,2400.20100978227
Polymarket US,2026-04-29,All,All,10k-49k,5,412,7336895,49993,17807.9975728155
Polymarket US,2026-04-29,All,All,50k-99k,6,27,1704563,97148,63131.962962963
Polymarket US,2026-04-29,All,All,100k+,7,10,1579496,250000,157949.6
Polymarket US,2026-04-30,All,All,1-9,1,49797,183792,9,3.69082474847882
Polymarket US,2026-04-30,All,All,10-99,2,85083,3348259,99,39.3528554470341
Polymarket US,2026-04-30,All,All,100-999,3,46356,12991207,999,280.248662524808
Polymarket US,2026-04-30,All,All,1k-9k,4,7296,18164965,9999,2489.71559758772
Polymarket US,2026-04-30,All,All,10k-49k,5,604,12000416,49995,19868.238410596
Polymarket US,2026-04-30,All,All,50k-99k,6,32,2100705,99846,65647.03125
Polymarket US,2026-04-30,All,All,100k+,7,15,3150525,612110,210035
Polymarket US,2026-05-01,All,All,1-9,1,39417,149132,9,3.7834436918081
Polymarket US,2026-05-01,All,All,10-99,2,74225,2951543,99,39.7648097002358
Polymarket US,2026-05-01,All,All,100-999,3,41525,11927591,999,287.238795906081
Polymarket US,2026-05-01,All,All,1k-9k,4,5755,14863862,9998,2582.77358818419
Polymarket US,2026-05-01,All,All,10k-49k,5,409,7307647,49999,17867.1075794621
Polymarket US,2026-05-01,All,All,50k-99k,6,26,1605381,97000,61745.4230769231
Polymarket US,2026-05-01,All,All,100k+,7,17,2765496,432752,162676.235294118
Polymarket US,2026-05-02,All,All,1-9,1,61214,205386,9,3.35521285980331
Polymarket US,2026-05-02,All,All,10-99,2,96694,3703722,99,38.3035348625561
Polymarket US,2026-05-02,All,All,100-999,3,52071,14760520,999,283.469109485126
Polymarket US,2026-05-02,All,All,1k-9k,4,8059,19572219,9999,2428.61632956943
Polymarket US,2026-05-02,All,All,10k-49k,5,465,9546153,49404,20529.3612903226
Polymarket US,2026-05-02,All,All,50k-99k,6,14,887033,87795,63359.5
Polymarket US,2026-05-02,All,All,100k+,7,10,1295223,186506,129522.3
Polymarket US,2026-05-03,All,All,1-9,1,47177,175561,9,3.72132606990695
Polymarket US,2026-05-03,All,All,10-99,2,82832,3164478,99,38.2035686691134
Polymarket US,2026-05-03,All,All,100-999,3,46514,12790831,999,274.988842069055
Polymarket US,2026-05-03,All,All,1k-9k,4,7641,17209280,9994,2252.22876586834
Polymarket US,2026-05-03,All,All,10k-49k,5,353,6811996,49731,19297.4390934844
Polymarket US,2026-05-03,All,All,50k-99k,6,18,1099874,90000,61104.1111111111
Polymarket US,2026-05-03,All,All,100k+,7,1,104936,104936,104936
Polymarket US,2026-05-04,All,All,1-9,1,41521,147168,9,3.54442330387033
Polymarket US,2026-05-04,All,All,10-99,2,65168,2560065,99,39.2840811441198
Polymarket US,2026-05-04,All,All,100-999,3,35491,10203806,999,287.504043278578
Polymarket US,2026-05-04,All,All,1k-9k,4,5455,12261402,9991,2247.73638863428
Polymarket US,2026-05-04,All,All,10k-49k,5,309,5691372,48349,18418.6796116505
Polymarket US,2026-05-04,All,All,50k-99k,6,15,1062245,89662,70816.3333333333
Polymarket US,2026-05-04,All,All,100k+,7,5,2175452,1200000,435090.4
Polymarket US,2026-05-05,All,All,1-9,1,56182,220886,9,3.93161510804172
Polymarket US,2026-05-05,All,All,10-99,2,87506,3329082,99,38.0440426942153
Polymarket US,2026-05-05,All,All,100-999,3,57430,14074119,999,245.065627720703
Polymarket US,2026-05-05,All,All,1k-9k,4,6230,14165966,9994,2273.83081861958
Polymarket US,2026-05-05,All,All,10k-49k,5,288,5536641,48960,19224.4479166667
Polymarket US,2026-05-05,All,All,50k-99k,6,18,1147852,98860,63769.5555555556
Polymarket US,2026-05-05,All,All,100k+,7,5,613000,170000,122600
Polymarket US,2026-05-06,All,All,1-9,1,54272,213795,9,3.93932414504717
Polymarket US,2026-05-06,All,All,10-99,2,93838,3625609,99,38.6368955007566
Polymarket US,2026-05-06,All,All,100-999,3,51554,14463015,999,280.541083136129
Polymarket US,2026-05-06,All,All,1k-9k,4,7029,16779652,9990,2387.20330061175
Polymarket US,2026-05-06,All,All,10k-49k,5,401,8073016,49886,20132.2094763092
Polymarket US,2026-05-06,All,All,50k-99k,6,16,928085,99994,58005.3125
Polymarket US,2026-05-06,All,All,100k+,7,11,3476036,1200000,316003.272727273
Polymarket US,2026-05-07,All,All,1-9,1,42230,176964,9,4.19048070092351
Polymarket US,2026-05-07,All,All,10-99,2,78911,3010584,99,38.1516391884528
Polymarket US,2026-05-07,All,All,100-999,3,44550,13261894,999,297.685611672278
Polymarket US,2026-05-07,All,All,1k-9k,4,7224,17313712,9986,2396.69324473976
Polymarket US,2026-05-07,All,All,10k-49k,5,606,11616464,49000,19169.0825082508
Polymarket US,2026-05-07,All,All,50k-99k,6,15,892510,83809,59500.6666666667
Polymarket US,2026-05-07,All,All,100k+,7,12,1982950,594904,165245.833333333
Polymarket US,2026-05-08,All,All,1-9,1,42133,178555,9,4.23788954026535
Polymarket US,2026-05-08,All,All,10-99,2,99781,3972264,99,39.8098235134946
Polymarket US,2026-05-08,All,All,100-999,3,51960,14938722,999,287.504272517321
Polymarket US,2026-05-08,All,All,1k-9k,4,7774,19550150,9999,2514.81219449447
Polymarket US,2026-05-08,All,All,10k-49k,5,498,9736640,49993,19551.4859437751
Polymarket US,2026-05-08,All,All,50k-99k,6,37,2226084,94690,60164.4324324324
Polymarket US,2026-05-08,All,All,100k+,7,15,2518333,782430,167888.866666667
