date,symbol,category,market_type,status,open_interest,trade_volume,high_price,low_price,last_price
2026-07-17,UDXMLBGAMEWIN_LADNYY26JUL171905_LAD,Baseball,Moneyline,Finalized,0,390.4,0.97,0,0.97
2026-07-17,UDXMLBGAMEWIN_LADNYY26JUL171905_NYY,Baseball,Moneyline,Finalized,0,344.8,0.71,0,0.03
2026-07-17,UDXMLBTOTAL_LADNYY26JUL171905_8.5,Baseball,Total,Finalized,0,179,0.46,0,0.46
2026-07-17,UDXMLBSPREAD_LADNYY26JUL171905_LAD1.5,Baseball,Spread,Finalized,0,93.36,0.45,0,0.45
2026-07-17,UDXMLBTOTAL_LADNYY26JUL171905_6.5,Baseball,Total,Finalized,0,2.23,0.57,0,0.57
2026-07-17,UDXMLBTOTAL_LADNYY26JUL171905_9.5,Baseball,Total,Finalized,0,2.13,0.45,0,0.45
2026-07-20,UDXMLBGAMEWIN_LADPHI26JUL201910_LAD,Baseball,Moneyline,Finalized,0,2969.57,0.46,0,0.04
2026-07-20,UDXMLBGAMEWIN_PITNYY26JUL201905_PIT,Baseball,Moneyline,Finalized,0,1856.91,0.61,0,0.07
2026-07-20,UDXMLBGAMEWIN_NYMMIL26JUL201940_MIL,Baseball,Moneyline,Finalized,0,1295.74,0.67,0,0.67
2026-07-20,UDXMLBGAMEWIN_CWSTEX26JUL202005_CWS,Baseball,Moneyline,Finalized,0,1133,0.87,0,0.87
2026-07-20,UDXMLBGAMEWIN_LADPHI26JUL201910_PHI,Baseball,Moneyline,Finalized,0,1111.4,0.89,0,0.83
2026-07-20,UDXMLBTOTAL_SFKAN26JUL201940_10.5,Baseball,Total,Finalized,0,1104,0.48,0,0.48
2026-07-20,UDXMLBGAMEWIN_CINSEA26JUL202140_SEA,Baseball,Moneyline,Finalized,1083.16,1083.16,0.93,0,0.93
2026-07-20,UDXMLBGAMEWIN_STLLAA26JUL202210_STL,Baseball,Moneyline,Finalized,1035.26,1077.12,0.79,0,0.75
2026-07-20,UDXMLBGAMEWIN_PITNYY26JUL201905_NYY,Baseball,Moneyline,Finalized,0,1005.72,0.93,0,0.93
2026-07-20,UDXMLBTOTAL_STLLAA26JUL202210_8.5,Baseball,Total,Finalized,362,891,0.56,0,0.44
2026-07-20,UDXMLBTOTAL_DETCHC26JUL202005_11.5,Baseball,Total,Finalized,33,829,0.66,0,0.27
2026-07-20,UDXMLBGAMEWIN_DETCHC26JUL202005_CHC,Baseball,Moneyline,Finalized,664.98,800.98,0.65,0,0.37
2026-07-20,UDXMLBGAMEWIN_OAKARI26JUL202140_ARI,Baseball,Moneyline,Finalized,716.67,762.67,0.58,0,0.28
2026-07-20,UDXMLBGAMEWIN_BALBOS26JUL201910_BOS,Baseball,Moneyline,Finalized,0,744.64,0.88,0,0.88
2026-07-20,UDXMLBGAMEWIN_TBTOR26JUL201907_TB,Baseball,Moneyline,Finalized,0,595.13,0.98,0,0.98
2026-07-20,UDXMLBGAMEWIN_WASCOL26JUL202040_WAS,Baseball,Moneyline,Finalized,0,594.61,0.98,0,0.98
2026-07-20,UDXMLBSPREAD_NYMMIL26JUL201940_MIL1.5,Baseball,Spread,Finalized,0,583,0.66,0,0.66
2026-07-20,UDXMLBGAMEWIN_SDATL26JUL201915_SD,Baseball,Moneyline,Finalized,0,571,0.46,0,0.41
2026-07-20,UDXMLBGAMEWIN_DETCHC26JUL202005_DET,Baseball,Moneyline,Finalized,535.08,535.08,0.96,0,0.96
2026-07-20,UDXMLBGAMEWIN_CWSTEX26JUL202005_TEX,Baseball,Moneyline,Finalized,0,521.12,0.62,0,0.1
2026-07-20,UDXMLBGAMEWIN_MINCLE26JUL201840_MIN,Baseball,Moneyline,Finalized,0,515.02,0.55,0,0.55
2026-07-20,UDXMLBTOTAL_SFKAN26JUL201940_6.5,Baseball,Total,Finalized,0,504,0.62,0,0.62
2026-07-20,UDXMLBGAMEWIN_TBTOR26JUL201907_TOR,Baseball,Moneyline,Finalized,0,497,0.6,0,0.08
2026-07-20,UDXMLBGAMEWIN_MINCLE26JUL201840_CLE,Baseball,Moneyline,Finalized,0,432.15,0.98,0,0.98
2026-07-20,UDXMLBTOTAL_SDATL26JUL201915_9.5,Baseball,Total,Finalized,0,412,0.47,0,0.22
2026-07-20,UDXMLBTOTAL_SDATL26JUL201915_7.5,Baseball,Total,Finalized,0,405,0.65,0,0.65
2026-07-20,UDXMLBTOTAL_OAKARI26JUL202140_5.5,Baseball,Total,Finalized,396,396,0.55,0,0.55
2026-07-20,UDXMLBGAMEWIN_SDATL26JUL201915_ATL,Baseball,Moneyline,Finalized,0,316.73,0.56,0,0.56
2026-07-20,UDXMLBGAMEWIN_MIAHOU26JUL202010_MIA,Baseball,Moneyline,Finalized,0,257.55,0.47,0,0.18
2026-07-20,UDXMLBTOTAL_WASCOL26JUL202040_11.5,Baseball,Total,Finalized,0,245,0.53,0,0.44
2026-07-20,UDXMLBGAMEWIN_SFKAN26JUL201940_SF,Baseball,Moneyline,Finalized,0,240,0.49,0,0.47
2026-07-20,UDXMLBTOTAL_LADPHI26JUL201910_8.5,Baseball,Total,Finalized,0,226.66,0.51,0,0.51
2026-07-20,UDXMLBSPREAD_STLLAA26JUL202210_LAA1.5,Baseball,Spread,Finalized,226,226,0.34,0,0.34
2026-07-20,UDXMLBTOTAL_TBTOR26JUL201907_7.5,Baseball,Total,Finalized,0,226,0.49,0,0.48
2026-07-20,UDXMLBSPREAD_MINCLE26JUL201840_MIN1.5,Baseball,Spread,Finalized,0,212.17,0.42,0,0.16
2026-07-20,UDXMLBGAMEWIN_BALBOS26JUL201910_BAL,Baseball,Moneyline,Finalized,0,202.74,0.43,0,0.13
2026-07-20,UDXMLBTOTAL_LADPHI26JUL201910_9.5,Baseball,Total,Finalized,0,201,0.48,0,0.48
2026-07-20,UDXMLBSPREAD_BALBOS26JUL201910_BAL1.5,Baseball,Spread,Finalized,0,158,0.31,0,0.31
2026-07-20,UDXMLBTOTAL_PITNYY26JUL201905_7.5,Baseball,Total,Finalized,0,157.47,0.53,0,0.53
2026-07-20,UDXMLBGAMEWIN_WASCOL26JUL202040_COL,Baseball,Moneyline,Finalized,0,150.51,0.5,0,0.33
2026-07-20,UDXMLBSPREAD_OAKARI26JUL202140_OAK1.5,Baseball,Spread,Finalized,0,140,0.31,0,0.21
2026-07-20,UDXMLBSPREAD_TBTOR26JUL201907_TOR1.5,Baseball,Spread,Finalized,0,139,0.42,0,0.42
2026-07-20,UDXMLBSPREAD_LADPHI26JUL201910_PHI1.5,Baseball,Spread,Finalized,0,137,0.4,0,0.39
2026-07-20,UDXMLBSPREAD_MIAHOU26JUL202010_HOU3.5,Baseball,Spread,Finalized,0,130,0.76,0,0.76
2026-07-20,UDXMLBGAMEWIN_OAKARI26JUL202140_OAK,Baseball,Moneyline,Finalized,118,118,0.51,0,0.4
2026-07-20,UDXMLBTOTAL_OAKARI26JUL202140_6.5,Baseball,Total,Finalized,118,118,0.51,0,0.51
2026-07-20,UDXMLBSPREAD_LADPHI26JUL201910_LAD1.5,Baseball,Spread,Finalized,0,112,0.34,0,0.34
2026-07-20,UDXMLBSPREAD_STLLAA26JUL202210_STL1.5,Baseball,Spread,Finalized,94,105,0.39,0,0.37
2026-07-20,UDXMLBTOTAL_DETCHC26JUL202005_14.5,Baseball,Total,Finalized,98,98,0.51,0,0.51
2026-07-20,UDXMLBGAMEWIN_SFKAN26JUL201940_KAN,Baseball,Moneyline,Finalized,0,96.04,0.54,0,0.54
2026-07-20,UDXMLBTOTAL_MINCLE26JUL201840_11.5,Baseball,Total,Finalized,0,91,0.85,0,0.85
2026-07-20,UDXMLBTOTAL_MINCLE26JUL201840_7.5,Baseball,Total,Finalized,0,85,0.51,0,0.51
2026-07-20,UDXMLBTOTAL_STLLAA26JUL202210_6.5,Baseball,Total,Finalized,82,82,0.64,0,0.64
2026-07-20,UDXMLBSPREAD_WASCOL26JUL202040_WAS2.5,Baseball,Spread,Finalized,0,78,0.36,0,0.19
2026-07-20,UDXMLBGAMEWIN_MIAHOU26JUL202010_HOU,Baseball,Moneyline,Finalized,0,76.16,0.97,0,0.97
2026-07-20,UDXMLBGAMEWIN_NYMMIL26JUL201940_NYM,Baseball,Moneyline,Finalized,0,70.81,0.35,0,0.34
2026-07-20,UDXMLBTOTAL_OAKARI26JUL202140_9.5,Baseball,Total,Finalized,62,70,0.49,0,0.28
2026-07-20,UDXMLBTOTAL_PITNYY26JUL201905_8.5,Baseball,Total,Finalized,0,67,0.42,0,0.42
2026-07-20,UDXMLBTOTAL_NYMMIL26JUL201940_9.5,Baseball,Total,Finalized,0,65,0.44,0,0.44
2026-07-20,UDXMLBTOTAL_BALBOS26JUL201910_8.5,Baseball,Total,Finalized,0,64,0.53,0,0.53
2026-07-20,UDXMLBSPREAD_BALBOS26JUL201910_BOS1.5,Baseball,Spread,Finalized,0,63.36,0.43,0,0.43
2026-07-20,UDXMLBSPREAD_SDATL26JUL201915_ATL1.5,Baseball,Spread,Finalized,0,62,0.39,0,0.39
2026-07-20,UDXMLBSPREAD_WASCOL26JUL202040_COL1.5,Baseball,Spread,Finalized,0,62,0.3,0,0.3
2026-07-20,UDXMLBSPREAD_CINSEA26JUL202140_SEA1.5,Baseball,Spread,Finalized,46,46,0.98,0,0.36
2026-07-20,UDXMLBGAMEWIN_CINSEA26JUL202140_CIN,Baseball,Moneyline,Finalized,44,44,0.43,0,0.43
2026-07-20,UDXMLBTOTAL_CWSTEX26JUL202005_8.5,Baseball,Total,Finalized,0,41,0.54,0,0.54
2026-07-20,UDXMLBTOTAL_MINCLE26JUL201840_6.5,Baseball,Total,Finalized,0,41,0.63,0,0.63
2026-07-20,UDXMLBGAMEWIN_STLLAA26JUL202210_LAA,Baseball,Moneyline,Finalized,34,34,0.51,0,0.5
2026-07-20,UDXMLBTOTAL_MIAHOU26JUL202010_13.5,Baseball,Total,Finalized,0,32,0.59,0,0.59
2026-07-20,UDXMLBSPREAD_NYMMIL26JUL201940_MIL2.5,Baseball,Spread,Finalized,0,30.04,0.38,0,0.38
2026-07-20,UDXMLBTOTAL_MIAHOU26JUL202010_7.5,Baseball,Total,Finalized,0,30,0.47,0,0.47
2026-07-20,UDXMLBSPREAD_CWSTEX26JUL202005_TEX1.5,Baseball,Spread,Finalized,0,23,0.41,0,0.41
2026-07-20,UDXMLBSPREAD_PITNYY26JUL201905_PIT1.5,Baseball,Spread,Finalized,0,21,0.36,0,0.36
2026-07-20,UDXMLBSPREAD_CWSTEX26JUL202005_CWS2.5,Baseball,Spread,Finalized,0,16,0.6,0,0.6
2026-07-20,UDXMLBSPREAD_WASCOL26JUL202040_COL2.5,Baseball,Spread,Finalized,0,15,0.23,0,0.23
2026-07-20,UDXMLBTOTAL_STLLAA26JUL202210_7.5,Baseball,Total,Finalized,13,13,0.63,0,0.52
2026-07-20,UDXMLBTOTAL_MIAHOU26JUL202010_8.5,Baseball,Total,Finalized,0,11.79,0.54,0,0.54
2026-07-20,UDXMLBSPREAD_OAKARI26JUL202140_ARI1.5,Baseball,Spread,Finalized,7.19,7.19,0.4,0,0.4
2026-07-20,UDXMLBSPREAD_NYMMIL26JUL201940_NYM1.5,Baseball,Spread,Finalized,0,7,0.23,0,0.23
2026-07-20,UDXMLBTOTAL_NYMMIL26JUL201940_8.5,Baseball,Total,Finalized,0,7,0.41,0,0.41
2026-07-20,UDXMLBSPREAD_SFKAN26JUL201940_KAN1.5,Baseball,Spread,Finalized,0,3.34,0.43,0,0.43
2026-07-20,UDXMLBTOTAL_MINCLE26JUL201840_8.5,Baseball,Total,Finalized,0,2.08,0.54,0,0.54
2026-07-20,UDXMLBSPREAD_DETCHC26JUL202005_DET1.5,Baseball,Spread,Finalized,2,2,0.69,0,0.38
2026-07-21,UDXMLBGAMEWIN_CINSEA26JUL212140_SEA,Baseball,Moneyline,Finalized,1679.57,5689.57,0.53,0,0.29
2026-07-21,UDXMLBGAMEWIN_WASCOL26JUL212040_WAS,Baseball,Moneyline,Finalized,0,4267.39,0.63,0,0.17
2026-07-21,UDXMLBGAMEWIN_NYMMIL26JUL211940_MIL,Baseball,Moneyline,Finalized,0,3422.82,0.59,0,0.15
2026-07-21,UDXMLBGAMEWIN_LADPHI26JUL211840_PHI,Baseball,Moneyline,Finalized,0,2915.82,0.53,0,0.46
2026-07-21,UDXMLBGAMEWIN_MIAHOU26JUL212010_MIA,Baseball,Moneyline,Finalized,0,2515,0.47,0,0.03
2026-07-21,UDXMLBGAMEWIN_LADPHI26JUL211840_LAD,Baseball,Moneyline,Finalized,0,2268.14,0.77,0,0.77
2026-07-21,UDXMLBGAMEWIN_TBTOR26JUL211907_TB,Baseball,Moneyline,Finalized,0,1753,0.97,0,0.97
2026-07-21,UDXMLBGAMEWIN_STLLAA26JUL212138_LAA,Baseball,Moneyline,Finalized,294.89,1736.89,0.94,0,0.94
2026-07-21,UDXMLBGAMEWIN_CINSEA26JUL212140_CIN,Baseball,Moneyline,Finalized,1071.23,1487.23,0.92,0,0.81
2026-07-21,UDXMLBSPREAD_WASCOL26JUL212040_COL1.5,Baseball,Spread,Finalized,0,1481,0.41,0,0.09
2026-07-21,UDXMLBGAMEWIN_NYMMIL26JUL211940_NYM,Baseball,Moneyline,Finalized,0,1380,0.88,0,0.88
2026-07-21,UDXMLBGAMEWIN_MINCLE26JUL211840_CLE,Baseball,Moneyline,Finalized,0,1293.53,0.92,0,0.92
2026-07-21,UDXMLBSPREAD_NYMMIL26JUL211940_MIL1.5,Baseball,Spread,Finalized,0,1120,0.4,0,0.38
2026-07-21,UDXMLBGAMEWIN_MINCLE26JUL211840_MIN,Baseball,Moneyline,Finalized,0,1106,0.55,0,0.04
2026-07-21,UDXMLBGAMEWIN_SFKAN26JUL211940_SF,Baseball,Moneyline,Finalized,0,1057.26,0.52,0,0.15
2026-07-21,UDXMLBGAMEWIN_WASCOL26JUL212040_COL,Baseball,Moneyline,Finalized,0,1043,0.87,0,0.87
2026-07-21,UDXMLBGAMEWIN_SDATL26JUL211915_SD,Baseball,Moneyline,Finalized,0,821.7,0.98,0,0.98
2026-07-21,UDXMLBGAMEWIN_STLLAA26JUL212138_STL,Baseball,Moneyline,Finalized,508.93,784.93,0.49,0,0.06
2026-07-21,UDXMLBTOTAL_WASCOL26JUL212040_13.5,Baseball,Total,Finalized,0,753,0.83,0,0.83
2026-07-21,UDXMLBGAMEWIN_OAKARI26JUL212140_ARI,Baseball,Moneyline,Finalized,71,751,0.92,0,0.92
2026-07-21,UDXMLBTOTAL_CINSEA26JUL212140_5.5,Baseball,Total,Finalized,629,742,0.57,0,0.57
2026-07-21,UDXMLBSPREAD_OAKARI26JUL212140_ARI1.5,Baseball,Spread,Finalized,530,720,0.84,0,0.84
2026-07-21,UDXMLBTOTAL_OAKARI26JUL212140_8.5,Baseball,Total,Finalized,707,707,0.55,0,0.46
2026-07-21,UDXMLBGAMEWIN_MIAHOU26JUL212010_HOU,Baseball,Moneyline,Finalized,0,650.79,0.88,0,0.88
2026-07-21,UDXMLBSPREAD_CINSEA26JUL212140_CIN2.5,Baseball,Spread,Finalized,513,613,0.62,0,0.62
2026-07-21,UDXMLBTOTAL_MINCLE26JUL211840_7.5,Baseball,Total,Finalized,0,602,0.62,0,0.48
2026-07-21,UDXMLBGAMEWIN_SDATL26JUL211915_ATL,Baseball,Moneyline,Finalized,0,598.67,0.74,0,0.03
2026-07-21,UDXMLBTOTAL_DETCHC26JUL212005_11.5,Baseball,Total,Finalized,0,597,0.48,0,0.32
2026-07-21,UDXMLBTOTAL_MINCLE26JUL211840_8.5,Baseball,Total,Finalized,0,572.08,0.54,0,0.34
2026-07-21,UDXMLBTOTAL_DETCHC26JUL212005_12.5,Baseball,Total,Finalized,0,559,0.43,0,0.43
2026-07-21,UDXMLBTOTAL_CWSTEX26JUL212005_8.5,Baseball,Total,Finalized,0,535,0.81,0,0.81
2026-07-21,UDXMLBTOTAL_OAKARI26JUL212140_6.5,Baseball,Total,Finalized,519,519,0.56,0,0.56
2026-07-21,UDXMLBTOTAL_LADPHI26JUL211840_8.5,Baseball,Total,Finalized,0,518.58,0.55,0,0.09
2026-07-21,UDXMLBTOTAL_MIAHOU26JUL212010_8.5,Baseball,Total,Finalized,0,517,0.62,0,0.23
2026-07-21,UDXMLBTOTAL_LADPHI26JUL211840_5.5,Baseball,Total,Finalized,0,451,0.61,0,0.52
2026-07-21,UDXMLBGAMEWIN_OAKARI26JUL212140_OAK,Baseball,Moneyline,Finalized,374.13,448.13,0.45,0,0.04
2026-07-21,UDXMLBSPREAD_STLLAA26JUL212138_LAA3.5,Baseball,Spread,Finalized,132,430,0.78,0,0.78
2026-07-21,UDXMLBTOTAL_MIAHOU26JUL212010_7.5,Baseball,Total,Finalized,0,339,0.53,0,0.42
2026-07-21,UDXMLBTOTAL_CINSEA26JUL212140_4.5,Baseball,Total,Finalized,25.8,311.8,0.75,0,0.69
2026-07-21,UDXMLBTOTAL_LADPHI26JUL211840_4.5,Baseball,Total,Finalized,0,309,0.58,0,0.58
2026-07-21,UDXMLBTOTAL_DETCHC26JUL212005_10.5,Baseball,Total,Finalized,0,289,0.63,0,0.63
2026-07-21,UDXMLBTOTAL_WASCOL26JUL212040_16.5,Baseball,Total,Finalized,0,285,0.69,0,0.41
2026-07-21,UDXMLBTOTAL_NYMMIL26JUL211940_9.5,Baseball,Total,Finalized,0,259,0.42,0,0.07
2026-07-21,UDXMLBTOTAL_OAKARI26JUL212140_9.5,Baseball,Total,Finalized,77.2,257.2,0.53,0,0.32
2026-07-21,UDXMLBTOTAL_SDATL26JUL211915_11.5,Baseball,Total,Finalized,0,236,0.48,0,0.33
2026-07-21,UDXMLBTOTAL_NYMMIL26JUL211940_7.5,Baseball,Total,Finalized,0,235,0.61,0,0.16
2026-07-21,UDXMLBTOTAL_CINSEA26JUL212140_8.5,Baseball,Total,Finalized,221,221,0.48,0,0.48
2026-07-21,UDXMLBTOTAL_CINSEA26JUL212140_6.5,Baseball,Total,Finalized,127,217,0.49,0,0.44
2026-07-21,UDXMLBTOTAL_MINCLE26JUL211840_6.5,Baseball,Total,Finalized,0,212,0.81,0,0.81
2026-07-21,UDXMLBGAMEWIN_CWSTEX26JUL212005_CWS,Baseball,Moneyline,Finalized,0,196.04,0.49,0,0.49
2026-07-21,UDXMLBTOTAL_MIAHOU26JUL212010_10.5,Baseball,Total,Finalized,0,186,0.48,0,0.48
2026-07-21,UDXMLBTOTAL_SDATL26JUL211915_10.5,Baseball,Total,Finalized,0,180,0.53,0,0.44
2026-07-21,UDXMLBTOTAL_CINSEA26JUL212140_7.5,Baseball,Total,Finalized,123.82,170.82,0.51,0,0.41
2026-07-21,UDXMLBTOTAL_NYMMIL26JUL211940_8.5,Baseball,Total,Finalized,0,170,0.53,0,0.52
2026-07-21,UDXMLBGAMEWIN_DETCHC26JUL212005_DET,Baseball,Moneyline,Finalized,0,169.27,0.48,0,0.06
2026-07-21,UDXMLBGAMEWIN_TBTOR26JUL211907_TOR,Baseball,Moneyline,Finalized,0,148.75,0.5,0,0.23
2026-07-21,UDXMLBTOTAL_OAKARI26JUL212140_5.5,Baseball,Total,Finalized,121,146,0.61,0,0.61
2026-07-21,UDXMLBSPREAD_TBTOR26JUL211907_TB1.5,Baseball,Spread,Finalized,0,140.88,0.38,0,0.38
2026-07-21,UDXMLBSPREAD_MINCLE26JUL211840_MIN1.5,Baseball,Spread,Finalized,0,139,0.23,0,0.23
2026-07-21,UDXMLBSPREAD_OAKARI26JUL212140_ARI2.5,Baseball,Spread,Finalized,25,127,0.61,0,0.61
2026-07-21,UDXMLBTOTAL_NYMMIL26JUL211940_6.5,Baseball,Total,Finalized,0,124,0.72,0,0.52
2026-07-21,UDXMLBTOTAL_NYMMIL26JUL211940_4.5,Baseball,Total,Finalized,0,118,0.42,0,0.4
2026-07-21,UDXMLBTOTAL_SDATL26JUL211915_9.5,Baseball,Total,Finalized,0,118,0.55,0,0.55
2026-07-21,UDXMLBTOTAL_TBTOR26JUL211907_11.5,Baseball,Total,Finalized,0,111,0.57,0,0.57
2026-07-21,UDXMLBSPREAD_SDATL26JUL211915_SD3.5,Baseball,Spread,Finalized,0,110,0.89,0,0.89
2026-07-21,UDXMLBTOTAL_MIAHOU26JUL212010_9.5,Baseball,Total,Finalized,0,110,0.56,0,0.56
2026-07-21,UDXMLBGAMEWIN_DETCHC26JUL212005_CHC,Baseball,Moneyline,Finalized,0,109.29,0.98,0,0.98
2026-07-21,UDXMLBGAMEWIN_BALBOS26JUL211910_BAL,Baseball,Moneyline,Finalized,109,109,0.48,0,0.44
2026-07-21,UDXMLBTOTAL_TBTOR26JUL211907_7.5,Baseball,Total,Finalized,0,106,0.51,0,0.51
2026-07-21,UDXMLBTOTAL_LADPHI26JUL211840_3.5,Baseball,Total,Finalized,0,105,0.3,0,0.3
2026-07-21,UDXMLBTOTAL_WASCOL26JUL212040_15.5,Baseball,Total,Finalized,0,100,0.38,0,0.23
2026-07-21,UDXMLBSPREAD_CINSEA26JUL212140_CIN1.5,Baseball,Spread,Finalized,96.3,96.3,0.7,0,0.44
2026-07-21,UDXMLBTOTAL_MINCLE26JUL211840_10.5,Baseball,Total,Finalized,0,96,0.31,0,0.26
2026-07-21,UDXMLBSPREAD_NYMMIL26JUL211940_NYM1.5,Baseball,Spread,Finalized,0,90,0.92,0,0.92
2026-07-21,UDXMLBTOTAL_NYMMIL26JUL211940_10.5,Baseball,Total,Finalized,0,87,0.35,0,0.35
2026-07-21,UDXMLBTOTAL_LADPHI26JUL211840_9.5,Baseball,Total,Finalized,0,82,0.41,0,0.04
2026-07-21,UDXMLBTOTAL_CWSTEX26JUL212005_12.5,Baseball,Total,Finalized,0,76,0.58,0,0.49
2026-07-21,UDXMLBSPREAD_LADPHI26JUL211840_LAD2.5,Baseball,Spread,Finalized,0,65,0.26,0,0.26
2026-07-21,UDXMLBSPREAD_OAKARI26JUL212140_ARI3.5,Baseball,Spread,Finalized,64,64,0.55,0,0.55
2026-07-21,UDXMLBTOTAL_LADPHI26JUL211840_6.5,Baseball,Total,Finalized,0,63,0.51,0,0.51
2026-07-21,UDXMLBSPREAD_SDATL26JUL211915_ATL1.5,Baseball,Spread,Finalized,0,58,0.4,0,0.03
2026-07-21,UDXMLBSPREAD_WASCOL26JUL212040_WAS1.5,Baseball,Spread,Finalized,0,58,0.53,0,0.22
2026-07-21,UDXMLBSPREAD_STLLAA26JUL212138_STL1.5,Baseball,Spread,Finalized,56.04,56.04,0.38,0,0.37
2026-07-21,UDXMLBTOTAL_STLLAA26JUL212138_8.5,Baseball,Total,Finalized,19,53,0.88,0,0.51
2026-07-21,UDXMLBSPREAD_CWSTEX26JUL212005_TEX1.5,Baseball,Spread,Finalized,0,51.3,0.96,0,0.96
2026-07-21,UDXMLBTOTAL_TBTOR26JUL211907_10.5,Baseball,Total,Finalized,0,48,0.67,0,0.53
2026-07-21,UDXMLBSPREAD_MIAHOU26JUL212010_MIA1.5,Baseball,Spread,Finalized,0,46.05,0.14,0,0.14
2026-07-21,UDXMLBSPREAD_SDATL26JUL211915_SD1.5,Baseball,Spread,Finalized,0,44,0.87,0,0.87
2026-07-21,UDXMLBGAMEWIN_BALBOS26JUL211910_BOS,Baseball,Moneyline,Finalized,35.57,35.57,0.57,0,0.52
2026-07-21,UDXMLBTOTAL_NYMMIL26JUL211940_11.5,Baseball,Total,Finalized,0,35,0.27,0,0.27
2026-07-21,UDXMLBSPREAD_LADPHI26JUL211840_LAD1.5,Baseball,Spread,Finalized,0,29.59,0.37,0,0.3
2026-07-21,UDXMLBGAMEWIN_PITNYY26JUL211905_PIT,Baseball,Moneyline,Finalized,28,28,0.45,0,0.45
2026-07-21,UDXMLBSPREAD_LADPHI26JUL211840_PHI1.5,Baseball,Spread,Finalized,0,28,0.45,0,0.45
2026-07-21,UDXMLBTOTAL_CWSTEX26JUL212005_3.5,Baseball,Total,Finalized,0,28,0.9,0,0.9
2026-07-21,UDXMLBTOTAL_OAKARI26JUL212140_10.5,Baseball,Total,Finalized,27,27,0.5,0,0.5
2026-07-21,UDXMLBTOTAL_STLLAA26JUL212138_12.5,Baseball,Total,Finalized,27,27,0.54,0,0.54
2026-07-21,UDXMLBTOTAL_NYMMIL26JUL211940_12.5,Baseball,Total,Finalized,0,22,0.21,0,0.21
2026-07-21,UDXMLBTOTAL_CWSTEX26JUL212005_10.5,Baseball,Total,Finalized,0,20,0.55,0,0.55
2026-07-21,UDXMLBGAMEWIN_SFKAN26JUL211940_KAN,Baseball,Moneyline,Finalized,0,19,0.86,0,0.86
2026-07-21,UDXMLBTOTAL_STLLAA26JUL212138_7.5,Baseball,Total,Finalized,18,18,0.48,0,0.48
2026-07-21,UDXMLBTOTAL_DETCHC26JUL212005_7.5,Baseball,Total,Finalized,0,14,0.53,0,0.52
2026-07-21,UDXMLBSPREAD_DETCHC26JUL212005_DET1.5,Baseball,Spread,Finalized,0,5.3,0.36,0,0.36
2026-07-21,UDXMLBSPREAD_BALBOS26JUL211910_BAL1.5,Baseball,Spread,Finalized,5.17,5.17,0.37,0,0.37
2026-07-21,UDXMLBTOTAL_SDATL26JUL211915_5.5,Baseball,Total,Finalized,0,3,0.81,0,0.81
2026-07-21,UDXMLBSPREAD_MINCLE26JUL211840_CLE1.5,Baseball,Spread,Finalized,0,2,0.41,0,0.41
2026-07-21,UDXMLBGAMEWIN_PITNYY26JUL211905_NYY,Baseball,Moneyline,Finalized,1.73,1.73,0.56,0,0.56
2026-07-21,UDXMLBTOTAL_BALBOS26JUL211910_8.5,Baseball,Total,Finalized,1,1,0.52,0,0.52
2026-07-21,UDXMLBTOTAL_WASCOL26JUL212040_10.5,Baseball,Total,Finalized,0,1,0.7,0,0.7
2026-07-22,UDXMLBGAMEWIN_MIAHOU26JUL222010_MIA,Baseball,Moneyline,Finalized,0,7725,0.57,0,0.04
2026-07-22,UDXMLBGAMEWIN_LADPHI26JUL221840_LAD,Baseball,Moneyline,Finalized,0,3369.06,0.88,0,0.88
2026-07-22,UDXMLBGAMEWIN_CWSTEX26JUL222005_CWS,Baseball,Moneyline,Finalized,0,3292.43,0.9,0,0.88
2026-07-22,UDXMLBGAMEWIN_SDATL26JUL221915_SD,Baseball,Moneyline,Finalized,0,2559.97,0.54,0,0.04
2026-07-22,UDXMLBGAMEWIN_MIAHOU26JUL222010_HOU,Baseball,Moneyline,Finalized,0,2471.68,0.98,0,0.98
2026-07-22,UDXMLBGAMEWIN_OAKARI26JUL221540_ARI,Baseball,Moneyline,Finalized,0,1914,0.92,0,0.92
2026-07-22,UDXMLBGAMEWIN_BALBOS26JUL221910_BOS,Baseball,Moneyline,Finalized,0,1900,0.57,0,0.03
2026-07-22,UDXMLBTOTAL_LADPHI26JUL221840_9.5,Baseball,Total,Finalized,0,1441.07,0.68,0,0.68
2026-07-22,UDXMLBGAMEWIN_STLLAA26JUL221607_LAA,Baseball,Moneyline,Finalized,0,1386,0.58,0,0.27
2026-07-22,UDXMLBGAMEWIN_STLLAA26JUL221607_STL,Baseball,Moneyline,Finalized,0,1365.16,0.85,0,0.85
2026-07-22,UDXMLBGAMEWIN_SDATL26JUL221915_ATL,Baseball,Moneyline,Finalized,0,1266,0.98,0,0.97
2026-07-22,UDXMLBGAMEWIN_CWSTEX26JUL222005_TEX,Baseball,Moneyline,Finalized,0,1250.94,0.48,0,0.02
2026-07-22,UDXMLBGAMEWIN_DETCHC26JUL222010_CHC,Baseball,Moneyline,Finalized,0,1224.73,0.61,0,0.06
2026-07-22,UDXMLBTOTAL_MIAHOU26JUL222010_6.5,Baseball,Total,Finalized,0,1221,0.58,0,0.38
2026-07-22,UDXMLBTOTAL_STLLAA26JUL221607_6.5,Baseball,Total,Finalized,0,1210,0.45,0,0.14
2026-07-22,UDXMLBGAMEWIN_DETCHC26JUL222010_DET,Baseball,Moneyline,Finalized,0,1154,0.9,0,0.9
2026-07-22,UDXMLBGAMEWIN_LADPHI26JUL221840_PHI,Baseball,Moneyline,Finalized,0,1137.06,0.66,0,0.07
2026-07-22,UDXMLBTOTAL_MINCLE26JUL221840_9.5,Baseball,Total,Finalized,0,1050,0.49,0,0.49
2026-07-22,UDXMLBGAMEWIN_CINSEA26JUL221540_CIN,Baseball,Moneyline,Finalized,0,931,0.89,0,0.89
2026-07-22,UDXMLBTOTAL_BALBOS26JUL221910_9.5,Baseball,Total,Finalized,0,894,0.59,0,0.59
2026-07-22,UDXMLBGAMEWIN_MINCLE26JUL221840_MIN,Baseball,Moneyline,Finalized,0,890,0.94,0,0.94
2026-07-22,UDXMLBTOTAL_WASCOL26JUL221510_8.5,Baseball,Total,Finalized,0,849,0.59,0,0.29
2026-07-22,UDXMLBGAMEWIN_MINCLE26JUL221840_CLE,Baseball,Moneyline,Finalized,0,791.7,0.81,0,0.12
2026-07-22,UDXMLBGAMEWIN_TBTOR26JUL221907_TB,Baseball,Moneyline,Finalized,0,789,0.92,0,0.92
2026-07-22,UDXMLBTOTAL_LADPHI26JUL221840_8.5,Baseball,Total,Finalized,0,732,0.88,0,0.88
2026-07-22,UDXMLBTOTAL_STLLAA26JUL221607_3.5,Baseball,Total,Finalized,0,680,0.57,0,0.13
2026-07-22,UDXMLBTOTAL_CWSTEX26JUL222005_7.5,Baseball,Total,Finalized,0,634,0.53,0,0.09
2026-07-22,UDXMLBTOTAL_MINCLE26JUL221840_12.5,Baseball,Total,Finalized,0,586,0.86,0,0.75
2026-07-22,UDXMLBGAMEWIN_TBTOR26JUL221907_TOR,Baseball,Moneyline,Finalized,0,532,0.64,0,0.21
2026-07-22,UDXMLBTOTAL_CWSTEX26JUL222005_6.5,Baseball,Total,Finalized,0,518,0.52,0,0.2
2026-07-22,UDXMLBTOTAL_OAKARI26JUL221540_7.5,Baseball,Total,Finalized,0,505,0.46,0,0.46
2026-07-22,UDXMLBTOTAL_CINSEA26JUL221540_8.5,Baseball,Total,Finalized,0,467,0.76,0,0.41
2026-07-22,UDXMLBSPREAD_TBTOR26JUL221907_TB1.5,Baseball,Spread,Finalized,0,459,0.8,0,0.8
2026-07-22,UDXMLBSPREAD_BALBOS26JUL221910_BAL3.5,Baseball,Spread,Finalized,0,450,0.66,0,0.66
2026-07-22,UDXMLBSPREAD_LADPHI26JUL221840_LAD1.5,Baseball,Spread,Finalized,0,429,0.97,0,0.97
2026-07-22,UDXMLBSPREAD_OAKARI26JUL221540_ARI1.5,Baseball,Spread,Finalized,0,418,0.45,0,0.45
2026-07-22,UDXMLBTOTAL_TBTOR26JUL221907_6.5,Baseball,Total,Finalized,0,412,0.68,0,0.23
2026-07-22,UDXMLBTOTAL_BALBOS26JUL221910_7.5,Baseball,Total,Finalized,0,410,0.42,0,0.42
2026-07-22,UDXMLBSPREAD_CWSTEX26JUL222005_CWS1.5,Baseball,Spread,Finalized,0,352,0.82,0,0.82
2026-07-22,UDXMLBTOTAL_TBTOR26JUL221907_7.5,Baseball,Total,Finalized,0,295,0.52,0,0.45
2026-07-22,UDXMLBSPREAD_STLLAA26JUL221607_STL1.5,Baseball,Spread,Finalized,0,274,0.3,0,0.3
2026-07-22,UDXMLBTOTAL_LADPHI26JUL221840_5.5,Baseball,Total,Finalized,0,261,0.8,0,0.8
2026-07-22,UDXMLBTOTAL_LADPHI26JUL221840_10.5,Baseball,Total,Finalized,0,257,0.49,0,0.48
2026-07-22,UDXMLBSPREAD_WASCOL26JUL221510_WAS1.5,Baseball,Spread,Finalized,0,255,0.43,0,0.43
2026-07-22,UDXMLBSPREAD_CINSEA26JUL221540_CIN1.5,Baseball,Spread,Finalized,0,241,0.75,0,0.75
2026-07-22,UDXMLBTOTAL_LADPHI26JUL221840_12.5,Baseball,Total,Finalized,0,238,0.63,0,0.58
2026-07-22,UDXMLBGAMEWIN_CINSEA26JUL221540_SEA,Baseball,Moneyline,Finalized,0,229,0.81,0,0.09
2026-07-22,UDXMLBTOTAL_BALBOS26JUL221910_8.5,Baseball,Total,Finalized,0,228,0.55,0,0.55
2026-07-22,UDXMLBGAMEWIN_WASCOL26JUL221510_WAS,Baseball,Moneyline,Finalized,0,218,0.73,0,0.65
2026-07-22,UDXMLBTOTAL_MIAHOU26JUL222010_8.5,Baseball,Total,Finalized,0,216.76,0.57,0,0.5
2026-07-22,UDXMLBTOTAL_WASCOL26JUL221510_9.5,Baseball,Total,Finalized,0,214,0.57,0,0.52
2026-07-22,UDXMLBGAMEWIN_PITNYY26JUL221335_NYY,Baseball,Moneyline,Finalized,0,201.45,0.63,0,0.63
2026-07-22,UDXMLBTOTAL_WASCOL26JUL221510_5.5,Baseball,Total,Finalized,0,196,0.61,0,0.61
2026-07-22,UDXMLBTOTAL_WASCOL26JUL221510_6.5,Baseball,Total,Finalized,0,195,0.62,0,0.37
2026-07-22,UDXMLBTOTAL_CINSEA26JUL221540_6.5,Baseball,Total,Finalized,0,177,0.72,0,0.72
2026-07-22,UDXMLBSPREAD_MIAHOU26JUL222010_MIA2.5,Baseball,Spread,Finalized,0,158,0.13,0,0.11
2026-07-22,UDXMLBSPREAD_DETCHC26JUL222010_CHC1.5,Baseball,Spread,Finalized,0,153,0.43,0,0.43
2026-07-22,UDXMLBTOTAL_MINCLE26JUL221840_8.5,Baseball,Total,Finalized,0,146,0.51,0,0.51
2026-07-22,UDXMLBTOTAL_TBTOR26JUL221907_5.5,Baseball,Total,Finalized,0,145,0.42,0,0.42
2026-07-22,UDXMLBSPREAD_LADPHI26JUL221840_LAD2.5,Baseball,Spread,Finalized,0,126,0.48,0,0.4
2026-07-22,UDXMLBSPREAD_CWSTEX26JUL222005_CWS2.5,Baseball,Spread,Finalized,0,112.38,0.34,0,0.32
2026-07-22,UDXMLBSPREAD_SDATL26JUL221915_ATL1.5,Baseball,Spread,Finalized,0,112,0.48,0,0.48
2026-07-22,UDXMLBGAMEWIN_OAKARI26JUL221540_OAK,Baseball,Moneyline,Finalized,0,108.16,0.36,0,0.32
2026-07-22,UDXMLBTOTAL_DETCHC26JUL222010_8.5,Baseball,Total,Finalized,0,108,0.53,0,0.53
2026-07-22,UDXMLBSPREAD_NYMMIL26JUL221410_MIL1.5,Baseball,Spread,Finalized,0,97.27,0.85,0,0.03
2026-07-22,UDXMLBTOTAL_LADPHI26JUL221840_13.5,Baseball,Total,Finalized,0,93,0.47,0,0.14
2026-07-22,UDXMLBTOTAL_NYMMIL26JUL221410_7.5,Baseball,Total,Finalized,0,93,0.43,0,0.37
2026-07-22,UDXMLBTOTAL_MIAHOU26JUL222010_7.5,Baseball,Total,Finalized,0,88,0.45,0,0.03
2026-07-22,UDXMLBTOTAL_SDATL26JUL221915_4.5,Baseball,Total,Finalized,0,87,0.53,0,0.48
2026-07-22,UDXMLBTOTAL_CWSTEX26JUL222005_10.5,Baseball,Total,Finalized,0,85,0.55,0,0.55
2026-07-22,UDXMLBSPREAD_PITNYY26JUL221335_NYY1.5,Baseball,Spread,Finalized,0,72,0.45,0,0.45
2026-07-22,UDXMLBSPREAD_BALBOS26JUL221910_BAL1.5,Baseball,Spread,Finalized,0,67,0.35,0,0.35
2026-07-22,UDXMLBSPREAD_MIAHOU26JUL222010_HOU1.5,Baseball,Spread,Finalized,0,65,0.47,0,0.47
2026-07-22,UDXMLBTOTAL_MIAHOU26JUL222010_5.5,Baseball,Total,Finalized,0,62,0.61,0,0.59
2026-07-22,UDXMLBSPREAD_MINCLE26JUL221840_CLE1.5,Baseball,Spread,Finalized,0,61,0.39,0,0.39
2026-07-22,UDXMLBSPREAD_LADPHI26JUL221840_PHI1.5,Baseball,Spread,Finalized,0,60,0.47,0,0.35
2026-07-22,UDXMLBTOTAL_DETCHC26JUL222010_9.5,Baseball,Total,Finalized,0,60,0.51,0,0.36
2026-07-22,UDXMLBTOTAL_DETCHC26JUL222010_7.5,Baseball,Total,Finalized,0,57,0.54,0,0.14
2026-07-22,UDXMLBTOTAL_OAKARI26JUL221540_6.5,Baseball,Total,Finalized,0,51,0.53,0,0.53
2026-07-22,UDXMLBTOTAL_STLLAA26JUL221607_4.5,Baseball,Total,Finalized,0,45,0.48,0,0.07
2026-07-22,UDXMLBTOTAL_NYMMIL26JUL221410_6.5,Baseball,Total,Finalized,0,41.25,0.51,0,0.18
2026-07-22,UDXMLBTOTAL_CINSEA26JUL221540_7.5,Baseball,Total,Finalized,0,40,0.52,0,0.52
2026-07-22,UDXMLBTOTAL_LADPHI26JUL221840_11.5,Baseball,Total,Finalized,0,39,0.26,0,0.26
2026-07-22,UDXMLBTOTAL_CWSTEX26JUL222005_8.5,Baseball,Total,Finalized,0,37,0.53,0,0.5
2026-07-22,UDXMLBTOTAL_CINSEA26JUL221540_9.5,Baseball,Total,Finalized,0,36,0.34,0,0.34
2026-07-22,UDXMLBGAMEWIN_BALBOS26JUL221910_BAL,Baseball,Moneyline,Finalized,0,30,0.51,0,0.51
2026-07-22,UDXMLBTOTAL_STLLAA26JUL221607_8.5,Baseball,Total,Finalized,0,30,0.41,0,0.41
2026-07-22,UDXMLBTOTAL_SDATL26JUL221915_7.5,Baseball,Total,Finalized,0,26,0.45,0,0.14
2026-07-22,UDXMLBSPREAD_BALBOS26JUL221910_BOS1.5,Baseball,Spread,Finalized,0,25,0.38,0,0.38
2026-07-22,UDXMLBTOTAL_CINSEA26JUL221540_10.5,Baseball,Total,Finalized,0,21,0.27,0,0.27
2026-07-22,UDXMLBTOTAL_NYMMIL26JUL221410_8.5,Baseball,Total,Finalized,0,21,0.34,0,0.34
2026-07-22,UDXMLBGAMEWIN_NYMMIL26JUL221410_MIL,Baseball,Moneyline,Finalized,0,20,0.94,0,0.93
2026-07-22,UDXMLBTOTAL_DETCHC26JUL222010_6.5,Baseball,Total,Finalized,0,19,0.51,0,0.51
2026-07-22,UDXMLBTOTAL_CWSTEX26JUL222005_9.5,Baseball,Total,Finalized,0,18,0.4,0,0.29
2026-07-22,UDXMLBGAMEWIN_WASCOL26JUL221510_COL,Baseball,Moneyline,Finalized,0,16,0.49,0,0.49
2026-07-22,UDXMLBGAMEWIN_NYMMIL26JUL221410_NYM,Baseball,Moneyline,Finalized,0,11,0.08,0,0.08
2026-07-22,UDXMLBTOTAL_MIAHOU26JUL222010_9.5,Baseball,Total,Finalized,0,10,0.35,0,0.17
2026-07-22,UDXMLBTOTAL_SDATL26JUL221915_8.5,Baseball,Total,Finalized,0,9,0.52,0,0.52
2026-07-22,UDXMLBSPREAD_MINCLE26JUL221840_MIN3.5,Baseball,Spread,Finalized,0,6,0.85,0,0.85
2026-07-22,UDXMLBTOTAL_BALBOS26JUL221910_6.5,Baseball,Total,Finalized,0,2,0.32,0,0.32
2026-07-23,UDXMLBGAMEWIN_KANDET26JUL231840_KAN,Baseball,Moneyline,Finalized,0,23553.89,0.8,0,0.27
2026-07-23,UDXMLBGAMEWIN_MINCLE26JUL231310_MIN,Baseball,Moneyline,Finalized,0,19103,0.96,0,0.93
2026-07-23,UDXMLBGAMEWIN_TBTOR26JUL231507_TB,Baseball,Moneyline,Finalized,0,17557.16,0.53,0,0.07
2026-07-23,UDXMLBTOTAL_KANDET26JUL231840_8.5,Baseball,Total,Finalized,0,16490,0.5,0,0.29
2026-07-23,UDXMLBGAMEWIN_KANDET26JUL231840_DET,Baseball,Moneyline,Finalized,0,15606.83,0.88,0,0.73
2026-07-23,UDXMLBGAMEWIN_SDATL26JUL231215_ATL,Baseball,Moneyline,Finalized,0,13063,0.96,0,0.9
2026-07-23,UDXMLBGAMEWIN_SDATL26JUL231215_SD,Baseball,Moneyline,Finalized,0,12725.71,0.64,0,0.08
2026-07-23,UDXMLBGAMEWIN_MINCLE26JUL231310_CLE,Baseball,Moneyline,Finalized,0,11232.67,0.84,0,0.08
2026-07-23,UDXMLBTOTAL_KANDET26JUL231840_5.5,Baseball,Total,Finalized,0,9288,0.77,0,0.63
2026-07-23,UDXMLBTOTAL_KANDET26JUL231840_4.5,Baseball,Total,Finalized,0,7585,0.79,0,0.44
2026-07-23,UDXMLBSPREAD_KANDET26JUL231840_DET1.5,Baseball,Spread,Finalized,0,7437,0.58,0,0.25
2026-07-23,UDXMLBGAMEWIN_TBTOR26JUL231507_TOR,Baseball,Moneyline,Finalized,0,6309.97,0.95,0,0.95
2026-07-23,UDXMLBTOTAL_KANDET26JUL231840_7.5,Baseball,Total,Finalized,0,5379,0.6,0,0.36
2026-07-23,UDXMLBSPREAD_SDATL26JUL231215_ATL1.5,Baseball,Spread,Finalized,0,4588,0.76,0,0.25
2026-07-23,UDXMLBTOTAL_ARISTL26JUL231715_2.5,Baseball,Total,Finalized,0,4090,0.98,0,0.96
2026-07-23,UDXMLBTOTAL_SDATL26JUL231215_8.5,Baseball,Total,Finalized,0,3406,0.94,0,0.74
2026-07-23,UDXMLBTOTAL_TBTOR26JUL231507_8.5,Baseball,Total,Finalized,0,3307,0.53,0,0.06
2026-07-23,UDXMLBSPREAD_KANDET26JUL231840_KAN1.5,Baseball,Spread,Finalized,0,2810,0.6,0,0.11
2026-07-23,UDXMLBTOTAL_SDATL26JUL231215_10.5,Baseball,Total,Finalized,0,2627,0.75,0,0.33
2026-07-23,UDXMLBSPREAD_SDATL26JUL231215_ATL2.5,Baseball,Spread,Finalized,0,2519,0.71,0,0.69
2026-07-23,UDXMLBTOTAL_MINCLE26JUL231310_3.5,Baseball,Total,Finalized,0,2427,0.61,0,0.38
2026-07-23,UDXMLBTOTAL_MINCLE26JUL231310_7.5,Baseball,Total,Finalized,0,1891,0.48,0,0.1
2026-07-23,UDXMLBTOTAL_KANDET26JUL231840_6.5,Baseball,Total,Finalized,0,1670,0.68,0,0.51
2026-07-23,UDXMLBSPREAD_TBTOR26JUL231507_TOR1.5,Baseball,Spread,Finalized,0,1601,0.76,0,0.76
2026-07-23,UDXMLBTOTAL_TBTOR26JUL231507_7.5,Baseball,Total,Finalized,0,1493,0.59,0,0.04
2026-07-23,UDXMLBTOTAL_TBTOR26JUL231507_5.5,Baseball,Total,Finalized,0,1475,0.54,0,0.15
2026-07-23,UDXMLBTOTAL_KANDET26JUL231840_2.5,Baseball,Total,Finalized,0,1407,0.83,0,0.7
2026-07-23,UDXMLBTOTAL_KANDET26JUL231840_3.5,Baseball,Total,Finalized,0,1395,0.91,0,0.55
2026-07-23,UDXMLBTOTAL_SDATL26JUL231215_11.5,Baseball,Total,Finalized,0,1361,0.55,0,0.19
2026-07-23,UDXMLBTOTAL_MINCLE26JUL231310_2.5,Baseball,Total,Finalized,0,1303,0.75,0,0.52
2026-07-23,UDXMLBTOTAL_TBTOR26JUL231507_4.5,Baseball,Total,Finalized,0,1300,0.79,0,0.08
2026-07-23,UDXMLBTOTAL_SDATL26JUL231215_9.5,Baseball,Total,Finalized,0,1283,0.81,0,0.58
2026-07-23,UDXMLBSPREAD_MINCLE26JUL231310_CLE1.5,Baseball,Spread,Finalized,0,1111,0.45,0,0.13
2026-07-23,UDXMLBTOTAL_TBTOR26JUL231507_6.5,Baseball,Total,Finalized,0,1043,0.74,0,0.24
2026-07-23,UDXMLBSPREAD_TBTOR26JUL231507_TB1.5,Baseball,Spread,Finalized,0,950,0.42,0,0.03
2026-07-23,UDXMLBTOTAL_MINCLE26JUL231310_4.5,Baseball,Total,Finalized,0,900,0.59,0,0.26
2026-07-23,UDXMLBTOTAL_MINCLE26JUL231310_5.5,Baseball,Total,Finalized,0,853,0.54,0,0.25
2026-07-23,UDXMLBTOTAL_SDATL26JUL231215_7.5,Baseball,Total,Finalized,0,820,0.84,0,0.84
2026-07-23,UDXMLBSPREAD_SDATL26JUL231215_ATL3.5,Baseball,Spread,Finalized,0,738.83,0.32,0,0.23
2026-07-23,UDXMLBTOTAL_SDATL26JUL231215_12.5,Baseball,Total,Finalized,0,694,0.52,0,0.11
2026-07-23,UDXMLBSPREAD_MINCLE26JUL231310_MIN1.5,Baseball,Spread,Finalized,0,580.25,0.74,0,0.74
2026-07-23,UDXMLBSPREAD_KANDET26JUL231840_DET2.5,Baseball,Spread,Finalized,0,562,0.41,0,0.08
2026-07-23,UDXMLBTOTAL_TBTOR26JUL231507_3.5,Baseball,Total,Finalized,0,536,0.79,0,0.79
2026-07-23,UDXMLBTOTAL_MINCLE26JUL231310_1.5,Baseball,Total,Finalized,0,519,0.8,0,0.54
2026-07-23,UDXMLBSPREAD_SDATL26JUL231215_SD1.5,Baseball,Spread,Finalized,0,420,0.54,0,0.3
2026-07-23,UDXMLBSPREAD_SDATL26JUL231215_SD2.5,Baseball,Spread,Finalized,0,410,0.27,0,0.27
2026-07-23,UDXMLBTOTAL_MINCLE26JUL231310_6.5,Baseball,Total,Finalized,0,384,0.5,0,0.2
2026-07-23,UDXMLBTOTAL_TBTOR26JUL231507_9.5,Baseball,Total,Finalized,0,344,0.4,0,0.4
2026-07-23,UDXMLBSPREAD_KANDET26JUL231840_KAN3.5,Baseball,Spread,Finalized,0,339,0.1,0,0.03
2026-07-23,UDXMLBTOTAL_KANDET26JUL231840_12.5,Baseball,Total,Finalized,0,249,0.16,0,0.16
2026-07-23,UDXMLBTOTAL_TBTOR26JUL231507_10.5,Baseball,Total,Finalized,0,220,0.22,0,0.06
2026-07-23,UDXMLBTOTAL_KANDET26JUL231840_10.5,Baseball,Total,Finalized,0,202,0.06,0,0.06
2026-07-23,UDXMLBTOTAL_SDATL26JUL231215_6.5,Baseball,Total,Finalized,0,149,0.92,0,0.92
2026-07-23,UDXMLBTOTAL_KANDET26JUL231840_9.5,Baseball,Total,Finalized,0,146.52,0.48,0,0.11
2026-07-23,UDXMLBSPREAD_KANDET26JUL231840_DET3.5,Baseball,Spread,Finalized,0,143,0.3,0,0.15
2026-07-23,UDXMLBSPREAD_KANDET26JUL231840_KAN2.5,Baseball,Spread,Finalized,0,139,0.37,0,0.37
2026-07-23,UDXMLBSPREAD_TBTOR26JUL231507_TOR2.5,Baseball,Spread,Finalized,0,125,0.23,0,0.21
2026-07-23,UDXMLBSPREAD_TBTOR26JUL231507_TB3.5,Baseball,Spread,Finalized,0,113,0.22,0,0.22
2026-07-23,UDXMLBTOTAL_KANDET26JUL231840_11.5,Baseball,Total,Finalized,0,82,0.22,0,0.22
2026-07-23,UDXMLBSPREAD_MINCLE26JUL231310_CLE2.5,Baseball,Spread,Finalized,0,64.22,0.27,0,0.27
2026-07-23,UDXMLBTOTAL_MINCLE26JUL231310_8.5,Baseball,Total,Finalized,0,35,0.38,0,0.38
2026-07-23,UDXMLBTOTAL_SDATL26JUL231215_2.5,Baseball,Total,Finalized,0,28,0.97,0,0.97
2026-07-23,UDXMLBTOTAL_TBTOR26JUL231507_12.5,Baseball,Total,Finalized,0,23,0.2,0,0.2
2026-07-23,UDXMLBSPREAD_MINCLE26JUL231310_MIN2.5,Baseball,Spread,Finalized,0,3,0.21,0,0.21
2026-07-24,UDXMLBGAMEWIN_COLMIL26JUL241610_MIL,Baseball,Moneyline,Finalized,0,71545.29,0.72,0,0.05
2026-07-24,UDXMLBGAMEWIN_LADNYM26JUL241910_LAD,Baseball,Moneyline,Finalized,0,60715.24,0.98,0,0.97
2026-07-24,UDXMLBGAMEWIN_ATLBAL26JUL241905_ATL,Baseball,Moneyline,Finalized,0,40596.39,0.98,0,0.95
2026-07-24,UDXMLBGAMEWIN_COLMIL26JUL241610_COL,Baseball,Moneyline,Finalized,0,39451.55,0.97,0,0.94
2026-07-24,UDXMLBGAMEWIN_CHCPIT26JUL241840_CHC,Baseball,Moneyline,Finalized,0,37437.12,0.95,0,0.95
2026-07-24,UDXMLBSPREAD_COLMIL26JUL241610_MIL1.5,Baseball,Spread,Finalized,0,25111,0.57,0,0.03
2026-07-24,UDXMLBTOTAL_CINSTL26JUL242015_8.5,Baseball,Total,Finalized,0,24593,0.45,0,0.18
2026-07-24,UDXMLBGAMEWIN_NYYPHI26JUL241845_NYY,Baseball,Moneyline,Finalized,0,24007.51,0.92,0,0.92
2026-07-24,UDXMLBGAMEWIN_CINSTL26JUL242015_CIN,Baseball,Moneyline,Finalized,0,21091.41,0.98,0,0.98
2026-07-24,UDXMLBGAMEWIN_NYYPHI26JUL241845_PHI,Baseball,Moneyline,Finalized,0,20656.33,0.61,0,0.03
2026-07-24,UDXMLBGAMEWIN_HOUCWS26JUL241940_HOU,Baseball,Moneyline,Finalized,0,18907.91,0.98,0,0.98
2026-07-24,UDXMLBTOTAL_COLMIL26JUL241610_8.5,Baseball,Total,Finalized,0,18263,0.75,0,0.16
2026-07-24,UDXMLBGAMEWIN_HOUCWS26JUL241940_CWS,Baseball,Moneyline,Finalized,0,17385.77,0.96,0,0.02
2026-07-24,UDXMLBGAMEWIN_TORBOS26JUL241915_TOR,Baseball,Moneyline,Finalized,0,17168.65,0.5,0,0.04
2026-07-24,UDXMLBGAMEWIN_SEATEX26JUL242005_SEA,Baseball,Moneyline,Finalized,0,16936,0.54,0,0.04
2026-07-24,UDXMLBGAMEWIN_TORBOS26JUL241915_BOS,Baseball,Moneyline,Finalized,0,16101.85,0.97,0,0.92
2026-07-24,UDXMLBGAMEWIN_CINSTL26JUL242015_STL,Baseball,Moneyline,Finalized,0,15857.64,0.8,0,0.04
2026-07-24,UDXMLBGAMEWIN_ARIWAS26JUL241845_ARI,Baseball,Moneyline,Finalized,0,15715.58,0.95,0,0.95
2026-07-24,UDXMLBGAMEWIN_CHCPIT26JUL241840_PIT,Baseball,Moneyline,Finalized,0,15267,0.78,0,0.18
2026-07-24,UDXMLBTOTAL_COLMIL26JUL241610_10.5,Baseball,Total,Finalized,0,14635,0.56,0,0.15
2026-07-24,UDXMLBGAMEWIN_SDMIA26JUL241910_SD,Baseball,Moneyline,Finalized,0,14145.16,0.97,0,0.97
2026-07-24,UDXMLBGAMEWIN_ATLBAL26JUL241905_BAL,Baseball,Moneyline,Finalized,0,12401,0.83,0,0.05
2026-07-24,UDXMLBGAMEWIN_OAKMIN26JUL242010_MIN,Baseball,Moneyline,Finalized,0,12068,0.59,0,0.1
2026-07-24,UDXMLBGAMEWIN_SDMIA26JUL241910_MIA,Baseball,Moneyline,Finalized,0,11527,0.59,0,0.02
2026-07-24,UDXMLBGAMEWIN_OAKMIN26JUL242010_OAK,Baseball,Moneyline,Finalized,0,11434.94,0.95,0,0.95
2026-07-24,UDXMLBGAMEWIN_KANDET26JUL241840_KAN,Baseball,Moneyline,Finalized,0,10801.39,0.3,0,0.08
2026-07-24,UDXMLBTOTAL_CINSTL26JUL242015_7.5,Baseball,Total,Finalized,0,10405,0.56,0,0.08
2026-07-24,UDXMLBGAMEWIN_KANDET26JUL241840_DET,Baseball,Moneyline,Finalized,0,9314.05,0.97,0,0.97
2026-07-24,UDXMLBGAMEWIN_LADNYM26JUL241910_NYM,Baseball,Moneyline,Finalized,0,9055.68,0.58,0,0.02
2026-07-24,UDXMLBTOTAL_COLMIL26JUL241610_7.5,Baseball,Total,Finalized,0,8588,0.89,0,0.4
2026-07-24,UDXMLBGAMEWIN_ARIWAS26JUL241845_WAS,Baseball,Moneyline,Finalized,0,8456,0.61,0,0.04
2026-07-24,UDXMLBTOTAL_CLETB26JUL241910_8.5,Baseball,Total,Finalized,0,8442,0.74,0,0.73
2026-07-24,UDXMLBSPREAD_COLMIL26JUL241610_COL1.5,Baseball,Spread,Finalized,0,7821,0.91,0,0.91
2026-07-24,UDXMLBGAMEWIN_SEATEX26JUL242005_TEX,Baseball,Moneyline,Finalized,0,7572.43,0.98,0,0.97
2026-07-24,UDXMLBTOTAL_SEATEX26JUL242005_8.5,Baseball,Total,Finalized,0,7044,0.92,0,0.15
2026-07-24,UDXMLBSPREAD_LADNYM26JUL241910_LAD1.5,Baseball,Spread,Finalized,0,6857,0.94,0,0.94
2026-07-24,UDXMLBSPREAD_COLMIL26JUL241610_COL2.5,Baseball,Spread,Finalized,0,6662.69,0.76,0,0.64
2026-07-24,UDXMLBGAMEWIN_CLETB26JUL241910_TB,Baseball,Moneyline,Finalized,0,6036.73,0.98,0,0.98
2026-07-24,UDXMLBTOTAL_ARIWAS26JUL241845_8.5,Baseball,Total,Finalized,0,5928,0.66,0,0.08
2026-07-24,UDXMLBTOTAL_CINSTL26JUL242015_6.5,Baseball,Total,Finalized,0,5919,0.68,0,0.05
2026-07-24,UDXMLBTOTAL_COLMIL26JUL241610_9.5,Baseball,Total,Finalized,0,5824.59,0.56,0,0.07
2026-07-24,UDXMLBGAMEWIN_CLETB26JUL241910_CLE,Baseball,Moneyline,Finalized,0,5769.39,0.47,0,0.02
2026-07-24,UDXMLBTOTAL_ARIWAS26JUL241845_9.5,Baseball,Total,Finalized,0,5487,0.53,0,0.2
2026-07-24,UDXMLBTOTAL_OAKMIN26JUL242010_9.5,Baseball,Total,Finalized,0,5333,0.53,0,0.15
2026-07-24,UDXMLBTOTAL_CHCPIT26JUL241840_4.5,Baseball,Total,Finalized,0,4993,0.69,0,0.65
2026-07-24,UDXMLBTOTAL_LADNYM26JUL241910_6.5,Baseball,Total,Finalized,0,4979,0.74,0,0.09
2026-07-24,UDXMLBTOTAL_ATLBAL26JUL241905_7.5,Baseball,Total,Finalized,0,4576,0.7,0,0.59
2026-07-24,UDXMLBTOTAL_LADNYM26JUL241910_9.5,Baseball,Total,Finalized,0,4557.52,0.46,0,0.04
2026-07-24,UDXMLBTOTAL_COLMIL26JUL241610_11.5,Baseball,Total,Finalized,0,4327,0.47,0,0.07
2026-07-24,UDXMLBTOTAL_CHCPIT26JUL241840_8.5,Baseball,Total,Finalized,0,4174,0.46,0,0.13
2026-07-24,UDXMLBTOTAL_KANDET26JUL241840_3.5,Baseball,Total,Finalized,0,4102,0.94,0,0.22
2026-07-24,UDXMLBTOTAL_NYYPHI26JUL241845_2.5,Baseball,Total,Finalized,0,3988,0.92,0,0.23
2026-07-24,UDXMLBTOTAL_CINSTL26JUL242015_5.5,Baseball,Total,Finalized,0,3628,0.84,0,0.84
2026-07-24,UDXMLBTOTAL_CHCPIT26JUL241840_7.5,Baseball,Total,Finalized,0,3310,0.55,0,0.17
2026-07-24,UDXMLBTOTAL_LADNYM26JUL241910_5.5,Baseball,Total,Finalized,0,3298.03,0.61,0,0.49
2026-07-24,UDXMLBTOTAL_SDMIA26JUL241910_6.5,Baseball,Total,Finalized,0,3132,0.63,0,0.07
2026-07-24,UDXMLBTOTAL_NYYPHI26JUL241845_7.5,Baseball,Total,Finalized,0,3095,0.51,0,0.15
2026-07-24,UDXMLBSPREAD_SEATEX26JUL242005_TEX2.5,Baseball,Spread,Finalized,0,3038,0.27,0,0.02
2026-07-24,UDXMLBSPREAD_CHCPIT26JUL241840_CHC1.5,Baseball,Spread,Finalized,0,2997.93,0.57,0,0.44
2026-07-24,UDXMLBSPREAD_CHCPIT26JUL241840_PIT1.5,Baseball,Spread,Finalized,0,2795,0.54,0,0.07
2026-07-24,UDXMLBTOTAL_SEATEX26JUL242005_7.5,Baseball,Total,Finalized,0,2791,0.63,0,0.63
2026-07-24,UDXMLBTOTAL_TORBOS26JUL241915_10.5,Baseball,Total,Finalized,0,2776,0.58,0,0.25
2026-07-24,UDXMLBSPREAD_SEATEX26JUL242005_TEX1.5,Baseball,Spread,Finalized,0,2770,0.83,0,0.07
2026-07-24,UDXMLBSPREAD_KANDET26JUL241840_DET1.5,Baseball,Spread,Finalized,0,2698,0.73,0,0.38
2026-07-24,UDXMLBTOTAL_KANDET26JUL241840_7.5,Baseball,Total,Finalized,0,2659,0.6,0,0.07
2026-07-24,UDXMLBTOTAL_ATLBAL26JUL241905_8.5,Baseball,Total,Finalized,0,2630,0.53,0,0.45
2026-07-24,UDXMLBTOTAL_ATLBAL26JUL241905_11.5,Baseball,Total,Finalized,0,2622,0.38,0,0.1
2026-07-24,UDXMLBTOTAL_ATLBAL26JUL241905_9.5,Baseball,Total,Finalized,0,2566,0.55,0,0.21
2026-07-24,UDXMLBTOTAL_OAKMIN26JUL242010_6.5,Baseball,Total,Finalized,0,2538,0.56,0,0.09
2026-07-24,UDXMLBTOTAL_CHCPIT26JUL241840_3.5,Baseball,Total,Finalized,0,2522,0.82,0,0.82
2026-07-24,UDXMLBSPREAD_NYYPHI26JUL241845_PHI1.5,Baseball,Spread,Finalized,0,2481,0.4,0,0.19
2026-07-24,UDXMLBTOTAL_KANDET26JUL241840_4.5,Baseball,Total,Finalized,0,2480,0.61,0,0.22
2026-07-24,UDXMLBSPREAD_NYYPHI26JUL241845_NYY1.5,Baseball,Spread,Finalized,0,2378,0.52,0,0.23
2026-07-24,UDXMLBTOTAL_NYYPHI26JUL241845_4.5,Baseball,Total,Finalized,0,2249,0.8,0,0.19
2026-07-24,UDXMLBTOTAL_CHCPIT26JUL241840_6.5,Baseball,Total,Finalized,0,2177,0.67,0,0.14
2026-07-24,UDXMLBTOTAL_CHCPIT26JUL241840_5.5,Baseball,Total,Finalized,0,2136,0.74,0,0.38
2026-07-24,UDXMLBTOTAL_OAKMIN26JUL242010_3.5,Baseball,Total,Finalized,0,2089,0.53,0,0.13
2026-07-24,UDXMLBTOTAL_NYYPHI26JUL241845_5.5,Baseball,Total,Finalized,0,2049,0.7,0,0.15
2026-07-24,UDXMLBTOTAL_KANDET26JUL241840_2.5,Baseball,Total,Finalized,0,1895,0.96,0,0.96
2026-07-24,UDXMLBTOTAL_CINSTL26JUL242015_10.5,Baseball,Total,Finalized,0,1792,0.28,0,0.27
2026-07-24,UDXMLBTOTAL_ARIWAS26JUL241845_6.5,Baseball,Total,Finalized,0,1784,0.76,0,0.07
2026-07-24,UDXMLBTOTAL_HOUCWS26JUL241940_8.5,Baseball,Total,Finalized,0,1731,0.8,0,0.8
2026-07-24,UDXMLBSPREAD_TORBOS26JUL241915_BOS1.5,Baseball,Spread,Finalized,0,1682,0.82,0,0.74
2026-07-24,UDXMLBTOTAL_CINSTL26JUL242015_11.5,Baseball,Total,Finalized,0,1669,0.2,0,0.2
2026-07-24,UDXMLBTOTAL_CLETB26JUL241910_9.5,Baseball,Total,Finalized,0,1653,0.48,0,0.4
2026-07-24,UDXMLBTOTAL_CLETB26JUL241910_7.5,Baseball,Total,Finalized,0,1625,0.6,0,0.6
2026-07-24,UDXMLBTOTAL_OAKMIN26JUL242010_4.5,Baseball,Total,Finalized,0,1610,0.91,0,0.1
2026-07-24,UDXMLBTOTAL_KANDET26JUL241840_6.5,Baseball,Total,Finalized,0,1561,0.7,0,0.27
2026-07-24,UDXMLBSPREAD_COLMIL26JUL241610_MIL2.5,Baseball,Spread,Finalized,0,1554,0.44,0,0.12
2026-07-24,UDXMLBSPREAD_KANDET26JUL241840_KAN1.5,Baseball,Spread,Finalized,0,1528,0.2,0,0.07
2026-07-24,UDXMLBTOTAL_ATLBAL26JUL241905_10.5,Baseball,Total,Finalized,0,1504,0.74,0,0.54
2026-07-24,UDXMLBSPREAD_ATLBAL26JUL241905_BAL1.5,Baseball,Spread,Finalized,0,1503,0.45,0,0.08
2026-07-24,UDXMLBSPREAD_ARIWAS26JUL241845_ARI1.5,Baseball,Spread,Finalized,0,1359,0.58,0,0.28
2026-07-24,UDXMLBTOTAL_TORBOS26JUL241915_7.5,Baseball,Total,Finalized,0,1342,0.78,0,0.68
2026-07-24,UDXMLBSPREAD_OAKMIN26JUL242010_OAK1.5,Baseball,Spread,Finalized,0,1331,0.86,0,0.79
2026-07-24,UDXMLBTOTAL_LADNYM26JUL241910_7.5,Baseball,Total,Finalized,0,1314,0.61,0,0.15
2026-07-24,UDXMLBSPREAD_KANDET26JUL241840_DET2.5,Baseball,Spread,Finalized,0,1275,0.66,0,0.13
2026-07-24,UDXMLBTOTAL_TORBOS26JUL241915_9.5,Baseball,Total,Finalized,0,1212,0.44,0,0.42
2026-07-24,UDXMLBSPREAD_OAKMIN26JUL242010_MIN1.5,Baseball,Spread,Finalized,0,1156,0.41,0,0.05
2026-07-24,UDXMLBSPREAD_CLETB26JUL241910_TB1.5,Baseball,Spread,Finalized,0,1153,0.98,0,0.98
2026-07-24,UDXMLBTOTAL_NYYPHI26JUL241845_3.5,Baseball,Total,Finalized,0,1152,0.88,0,0.32
2026-07-24,UDXMLBTOTAL_SEATEX26JUL242005_9.5,Baseball,Total,Finalized,0,1151,0.78,0,0.04
2026-07-24,UDXMLBSPREAD_COLMIL26JUL241610_MIL3.5,Baseball,Spread,Finalized,0,1107,0.34,0,0.17
2026-07-24,UDXMLBSPREAD_HOUCWS26JUL241940_HOU3.5,Baseball,Spread,Finalized,0,1078,0.8,0,0.76
2026-07-24,UDXMLBTOTAL_OAKMIN26JUL242010_5.5,Baseball,Total,Finalized,0,1066,0.64,0,0.09
2026-07-24,UDXMLBTOTAL_KANDET26JUL241840_8.5,Baseball,Total,Finalized,0,1041,0.51,0,0.03
2026-07-24,UDXMLBSPREAD_CHCPIT26JUL241840_CHC3.5,Baseball,Spread,Finalized,0,1023,0.19,0,0.17
2026-07-24,UDXMLBSPREAD_SDMIA26JUL241910_SD1.5,Baseball,Spread,Finalized,0,994,0.82,0,0.82
2026-07-24,UDXMLBTOTAL_TORBOS26JUL241915_8.5,Baseball,Total,Finalized,0,968,0.55,0,0.54
2026-07-24,UDXMLBTOTAL_LADNYM26JUL241910_8.5,Baseball,Total,Finalized,0,952,0.57,0,0.11
2026-07-24,UDXMLBTOTAL_NYYPHI26JUL241845_6.5,Baseball,Total,Finalized,0,901,0.61,0,0.1
2026-07-24,UDXMLBTOTAL_HOUCWS26JUL241940_9.5,Baseball,Total,Finalized,0,894,0.91,0,0.91
2026-07-24,UDXMLBTOTAL_SDMIA26JUL241910_8.5,Baseball,Total,Finalized,0,884,0.55,0,0.27
2026-07-24,UDXMLBSPREAD_CINSTL26JUL242015_CIN1.5,Baseball,Spread,Finalized,0,874,0.81,0,0.78
2026-07-24,UDXMLBSPREAD_CLETB26JUL241910_TB3.5,Baseball,Spread,Finalized,0,856,0.96,0,0.96
2026-07-24,UDXMLBTOTAL_KANDET26JUL241840_5.5,Baseball,Total,Finalized,0,833,0.74,0,0.08
2026-07-24,UDXMLBSPREAD_CINSTL26JUL242015_STL1.5,Baseball,Spread,Finalized,0,827.58,0.41,0,0.04
2026-07-24,UDXMLBSPREAD_SEATEX26JUL242005_SEA1.5,Baseball,Spread,Finalized,0,750,0.39,0,0.3
2026-07-24,UDXMLBTOTAL_CLETB26JUL241910_6.5,Baseball,Total,Finalized,0,738,0.93,0,0.86
2026-07-24,UDXMLBSPREAD_SDMIA26JUL241910_MIA1.5,Baseball,Spread,Finalized,0,671,0.45,0,0.12
2026-07-24,UDXMLBTOTAL_ARIWAS26JUL241845_13.5,Baseball,Total,Finalized,0,661,0.21,0,0.21
2026-07-24,UDXMLBSPREAD_HOUCWS26JUL241940_CWS1.5,Baseball,Spread,Finalized,0,660,0.42,0,0.16
2026-07-24,UDXMLBSPREAD_ATLBAL26JUL241905_ATL1.5,Baseball,Spread,Finalized,0,649,0.9,0,0.9
2026-07-24,UDXMLBTOTAL_SDMIA26JUL241910_9.5,Baseball,Total,Finalized,0,620,0.44,0,0.1
2026-07-24,UDXMLBSPREAD_HOUCWS26JUL241940_CWS3.5,Baseball,Spread,Finalized,0,606,0.59,0,0.59
2026-07-24,UDXMLBTOTAL_CINSTL26JUL242015_4.5,Baseball,Total,Finalized,0,594,0.73,0,0.73
2026-07-24,UDXMLBTOTAL_HOUCWS26JUL241940_11.5,Baseball,Total,Finalized,0,578,0.91,0,0.91
2026-07-24,UDXMLBSPREAD_ATLBAL26JUL241905_ATL3.5,Baseball,Spread,Finalized,0,574,0.51,0,0.48
2026-07-24,UDXMLBTOTAL_SDMIA26JUL241910_7.5,Baseball,Total,Finalized,0,571,0.5,0,0.43
2026-07-24,UDXMLBTOTAL_ARIWAS26JUL241845_7.5,Baseball,Total,Finalized,0,564,0.68,0,0.36
2026-07-24,UDXMLBTOTAL_LADNYM26JUL241910_4.5,Baseball,Total,Finalized,0,551,0.91,0,0.5
2026-07-24,UDXMLBSPREAD_HOUCWS26JUL241940_CWS2.5,Baseball,Spread,Finalized,0,501,0.64,0,0.21
2026-07-24,UDXMLBSPREAD_LADNYM26JUL241910_NYM1.5,Baseball,Spread,Finalized,0,482,0.41,0,0.41
2026-07-24,UDXMLBTOTAL_COLMIL26JUL241610_12.5,Baseball,Total,Finalized,0,480,0.38,0,0.18
2026-07-24,UDXMLBSPREAD_LADNYM26JUL241910_LAD2.5,Baseball,Spread,Finalized,0,478,0.73,0,0.23
2026-07-24,UDXMLBTOTAL_NYYPHI26JUL241845_8.5,Baseball,Total,Finalized,0,470,0.42,0,0.19
2026-07-24,UDXMLBTOTAL_CHCPIT26JUL241840_2.5,Baseball,Total,Finalized,0,468,0.92,0,0.74
2026-07-24,UDXMLBTOTAL_KANDET26JUL241840_9.5,Baseball,Total,Finalized,0,464,0.29,0,0.14
2026-07-24,UDXMLBSPREAD_HOUCWS26JUL241940_HOU1.5,Baseball,Spread,Finalized,0,462,0.96,0,0.96
2026-07-24,UDXMLBTOTAL_TORBOS26JUL241915_11.5,Baseball,Total,Finalized,0,461,0.45,0,0.42
2026-07-24,UDXMLBTOTAL_SEATEX26JUL242005_11.5,Baseball,Total,Finalized,0,439,0.55,0,0.06
2026-07-24,UDXMLBTOTAL_CLETB26JUL241910_10.5,Baseball,Total,Finalized,0,434,0.53,0,0.3
2026-07-24,UDXMLBTOTAL_TORBOS26JUL241915_5.5,Baseball,Total,Finalized,0,410,0.68,0,0.54
2026-07-24,UDXMLBSPREAD_COLMIL26JUL241610_COL3.5,Baseball,Spread,Finalized,0,408,0.3,0,0.29
2026-07-24,UDXMLBSPREAD_ATLBAL26JUL241905_BAL2.5,Baseball,Spread,Finalized,0,399,0.48,0,0.48
2026-07-24,UDXMLBTOTAL_CINSTL26JUL242015_9.5,Baseball,Total,Finalized,0,353,0.35,0,0.17
2026-07-24,UDXMLBSPREAD_HOUCWS26JUL241940_HOU2.5,Baseball,Spread,Finalized,0,337,0.86,0,0.82
2026-07-24,UDXMLBTOTAL_ARIWAS26JUL241845_5.5,Baseball,Total,Finalized,0,335,0.85,0,0.26
2026-07-24,UDXMLBSPREAD_KANDET26JUL241840_DET3.5,Baseball,Spread,Finalized,0,332,0.52,0,0.39
2026-07-24,UDXMLBTOTAL_SEATEX26JUL242005_10.5,Baseball,Total,Finalized,0,315,0.46,0,0.06
2026-07-24,UDXMLBTOTAL_CHCPIT26JUL241840_9.5,Baseball,Total,Finalized,0,305,0.35,0,0.06
2026-07-24,UDXMLBTOTAL_TORBOS26JUL241915_4.5,Baseball,Total,Finalized,0,296,0.76,0,0.76
2026-07-24,UDXMLBTOTAL_TORBOS26JUL241915_6.5,Baseball,Total,Finalized,0,280,0.72,0,0.41
2026-07-24,UDXMLBSPREAD_ARIWAS26JUL241845_ARI2.5,Baseball,Spread,Finalized,0,279,0.48,0,0.48
2026-07-24,UDXMLBTOTAL_LADNYM26JUL241910_11.5,Baseball,Total,Finalized,0,236,0.2,0,0.2
2026-07-24,UDXMLBTOTAL_COLMIL26JUL241610_6.5,Baseball,Total,Finalized,0,235,0.93,0,0.93
2026-07-24,UDXMLBTOTAL_CINSTL26JUL242015_2.5,Baseball,Total,Finalized,0,234,0.92,0,0.92
2026-07-24,UDXMLBSPREAD_KANDET26JUL241840_KAN3.5,Baseball,Spread,Finalized,0,216,0.08,0,0.08
2026-07-24,UDXMLBTOTAL_ATLBAL26JUL241905_6.5,Baseball,Total,Finalized,0,212,0.89,0,0.52
2026-07-24,UDXMLBTOTAL_OAKMIN26JUL242010_7.5,Baseball,Total,Finalized,0,195,0.69,0,0.12
2026-07-24,UDXMLBTOTAL_LADNYM26JUL241910_3.5,Baseball,Total,Finalized,0,190,0.84,0,0.84
2026-07-24,UDXMLBSPREAD_CINSTL26JUL242015_CIN2.5,Baseball,Spread,Finalized,0,175,0.31,0,0.31
2026-07-24,UDXMLBTOTAL_HOUCWS26JUL241940_6.5,Baseball,Total,Finalized,0,171,0.71,0,0.55
2026-07-24,UDXMLBTOTAL_SEATEX26JUL242005_6.5,Baseball,Total,Finalized,0,170,0.77,0,0.5
2026-07-24,UDXMLBSPREAD_CLETB26JUL241910_CLE1.5,Baseball,Spread,Finalized,0,148,0.32,0,0.29
2026-07-24,UDXMLBSPREAD_OAKMIN26JUL242010_MIN2.5,Baseball,Spread,Finalized,0,146,0.28,0,0.28
2026-07-24,UDXMLBTOTAL_ATLBAL26JUL241905_12.5,Baseball,Total,Finalized,0,132,0.23,0,0.23
2026-07-24,UDXMLBTOTAL_CINSTL26JUL242015_3.5,Baseball,Total,Finalized,0,116,0.73,0,0.73
2026-07-24,UDXMLBTOTAL_SDMIA26JUL241910_10.5,Baseball,Total,Finalized,0,109,0.35,0,0.26
2026-07-24,UDXMLBTOTAL_HOUCWS26JUL241940_7.5,Baseball,Total,Finalized,0,107,0.53,0,0.53
2026-07-24,UDXMLBTOTAL_KANDET26JUL241840_11.5,Baseball,Total,Finalized,0,102,0.28,0,0.28
2026-07-24,UDXMLBTOTAL_ARIWAS26JUL241845_10.5,Baseball,Total,Finalized,0,98,0.39,0,0.39
2026-07-24,UDXMLBTOTAL_SEATEX26JUL242005_4.5,Baseball,Total,Finalized,0,95,0.91,0,0.91
2026-07-24,UDXMLBSPREAD_ARIWAS26JUL241845_WAS1.5,Baseball,Spread,Finalized,0,84,0.45,0,0.29
2026-07-24,UDXMLBSPREAD_OAKMIN26JUL242010_OAK2.5,Baseball,Spread,Finalized,0,62,0.48,0,0.48
2026-07-24,UDXMLBSPREAD_OAKMIN26JUL242010_OAK3.5,Baseball,Spread,Finalized,0,59,0.16,0,0.16
2026-07-24,UDXMLBSPREAD_TORBOS26JUL241915_BOS3.5,Baseball,Spread,Finalized,0,59,0.65,0,0.65
2026-07-24,UDXMLBTOTAL_HOUCWS26JUL241940_12.5,Baseball,Total,Finalized,0,59,0.88,0,0.88
2026-07-24,UDXMLBTOTAL_KANDET26JUL241840_10.5,Baseball,Total,Finalized,0,58,0.24,0,0.24
2026-07-24,UDXMLBSPREAD_CHCPIT26JUL241840_PIT2.5,Baseball,Spread,Finalized,0,57,0.23,0,0.23
2026-07-24,UDXMLBSPREAD_TORBOS26JUL241915_BOS2.5,Baseball,Spread,Finalized,0,55,0.58,0,0.38
2026-07-24,UDXMLBSPREAD_ARIWAS26JUL241845_WAS3.5,Baseball,Spread,Finalized,0,52,0.09,0,0.09
2026-07-24,UDXMLBSPREAD_NYYPHI26JUL241845_PHI3.5,Baseball,Spread,Finalized,0,48,0.19,0,0.19
2026-07-24,UDXMLBTOTAL_CLETB26JUL241910_5.5,Baseball,Total,Finalized,0,44,0.68,0,0.68
2026-07-24,UDXMLBTOTAL_HOUCWS26JUL241940_10.5,Baseball,Total,Finalized,0,44,0.58,0,0.58
2026-07-24,UDXMLBTOTAL_CLETB26JUL241910_11.5,Baseball,Total,Finalized,0,41,0.47,0,0.12
2026-07-24,UDXMLBTOTAL_COLMIL26JUL241610_5.5,Baseball,Total,Finalized,0,36,0.79,0,0.79
2026-07-24,UDXMLBTOTAL_CHCPIT26JUL241840_12.5,Baseball,Total,Finalized,0,35,0.16,0,0.16
2026-07-24,UDXMLBTOTAL_CLETB26JUL241910_3.5,Baseball,Total,Finalized,0,30,0.86,0,0.86
2026-07-24,UDXMLBTOTAL_OAKMIN26JUL242010_8.5,Baseball,Total,Finalized,0,29,0.35,0,0.05
2026-07-24,UDXMLBSPREAD_SDMIA26JUL241910_SD3.5,Baseball,Spread,Finalized,0,25,0.19,0,0.19
2026-07-24,UDXMLBSPREAD_NYYPHI26JUL241845_NYY3.5,Baseball,Spread,Finalized,0,24,0.18,0,0.18
2026-07-24,UDXMLBTOTAL_OAKMIN26JUL242010_12.5,Baseball,Total,Finalized,0,21,0.03,0,0.03
2026-07-24,UDXMLBTOTAL_NYYPHI26JUL241845_12.5,Baseball,Total,Finalized,0,17,0.13,0,0.13
2026-07-24,UDXMLBTOTAL_KANDET26JUL241840_12.5,Baseball,Total,Finalized,0,15,0.13,0,0.13
2026-07-24,UDXMLBSPREAD_SDMIA26JUL241910_SD2.5,Baseball,Spread,Finalized,0,14,0.26,0,0.26
2026-07-24,UDXMLBTOTAL_NYYPHI26JUL241845_9.5,Baseball,Total,Finalized,0,12,0.31,0,0.31
2026-07-24,UDXMLBSPREAD_LADNYM26JUL241910_LAD3.5,Baseball,Spread,Finalized,0,10,0.26,0,0.26
2026-07-24,UDXMLBTOTAL_ARIWAS26JUL241845_11.5,Baseball,Total,Finalized,0,8.43,0.34,0,0.34
2026-07-24,UDXMLBTOTAL_CHCPIT26JUL241840_10.5,Baseball,Total,Finalized,0,6,0.29,0,0.06
2026-07-24,UDXMLBTOTAL_SDMIA26JUL241910_13.5,Baseball,Total,Finalized,0,6,0.18,0,0.18
2026-07-24,UDXMLBTOTAL_LADNYM26JUL241910_10.5,Baseball,Total,Finalized,0,5,0.38,0,0.38
2026-07-24,UDXMLBSPREAD_OAKMIN26JUL242010_MIN3.5,Baseball,Spread,Finalized,0,3,0.06,0,0.06
2026-07-24,UDXMLBSPREAD_CLETB26JUL241910_TB2.5,Baseball,Spread,Finalized,0,2,0.43,0,0.43
2026-07-27,UDXMLBGAMEWIN_PHIMIA26JUL271840_PHI,Baseball,Moneyline,Finalized,0,98514.19,0.95,0,0.21
2026-07-27,UDXMLBGAMEWIN_ARIPIT26JUL271840_ARI,Baseball,Moneyline,Finalized,0,69008,0.84,0,0.22
2026-07-27,UDXMLBGAMEWIN_NYYCWS26JUL271940_NYY,Baseball,Moneyline,Finalized,0,68603.67,0.98,0,0.97
2026-07-27,UDXMLBGAMEWIN_SEATEX26JUL271435_SEA,Baseball,Moneyline,Finalized,0,61037.65,0.56,0,0.02
2026-07-27,UDXMLBGAMEWIN_BOSOAK26JUL272140_BOS,Baseball,Moneyline,Finalized,40991,54181,0.95,0,0.95
2026-07-27,UDXMLBGAMEWIN_ATLNYM26JUL271910_ATL,Baseball,Moneyline,Finalized,0,52344,0.6,0,0.02
2026-07-27,UDXMLBTOTAL_TORWAS26JUL271845_9.5,Baseball,Total,Finalized,0,50357,0.63,0,0.04
2026-07-27,UDXMLBGAMEWIN_TORWAS26JUL271845_WAS,Baseball,Moneyline,Finalized,0,38746.59,0.7,0,0.09
2026-07-27,UDXMLBGAMEWIN_HOULAA26JUL272138_HOU,Baseball,Moneyline,Finalized,27930,38486,0.52,0,0.07
2026-07-27,UDXMLBGAMEWIN_ARIPIT26JUL271840_PIT,Baseball,Moneyline,Finalized,0,30925.82,0.92,0,0.78
2026-07-27,UDXMLBGAMEWIN_SEATEX26JUL271435_TEX,Baseball,Moneyline,Finalized,0,29373.12,0.98,0,0.98
2026-07-27,UDXMLBGAMEWIN_NYYCWS26JUL271940_CWS,Baseball,Moneyline,Finalized,0,26695.23,0.84,0,0.02
2026-07-27,UDXMLBGAMEWIN_BOSOAK26JUL272140_OAK,Baseball,Moneyline,Finalized,10638.69,24776.69,0.59,0,0.05
2026-07-27,UDXMLBGAMEWIN_PHIMIA26JUL271840_MIA,Baseball,Moneyline,Finalized,0,23734,0.92,0,0.78
2026-07-27,UDXMLBGAMEWIN_CHCSTL26JUL271945_CHC,Baseball,Moneyline,Finalized,16203.82,22883.82,0.94,0,0.94
2026-07-27,UDXMLBTOTAL_SEATEX26JUL271435_12.5,Baseball,Total,Finalized,0,21087.79,0.72,0,0.03
2026-07-27,UDXMLBGAMEWIN_BALDET26JUL271840_BAL,Baseball,Moneyline,Finalized,0,20505,0.97,0,0.97
2026-07-27,UDXMLBGAMEWIN_BALDET26JUL271840_DET,Baseball,Moneyline,Finalized,0,19582,0.57,0,0.03
2026-07-27,UDXMLBSPREAD_PHIMIA26JUL271840_PHI1.5,Baseball,Spread,Finalized,0,17673,0.85,0,0.03
2026-07-27,UDXMLBGAMEWIN_CHCSTL26JUL271945_STL,Baseball,Moneyline,Finalized,12709.04,15533.04,0.49,0,0.05
2026-07-27,UDXMLBTOTAL_BOSOAK26JUL272140_9.5,Baseball,Total,Finalized,5299,15473.86,0.55,0,0.1
2026-07-27,UDXMLBTOTAL_SEATEX26JUL271435_10.5,Baseball,Total,Finalized,0,15108,0.93,0,0.14
2026-07-27,UDXMLBTOTAL_SEATEX26JUL271435_9.5,Baseball,Total,Finalized,0,14602.47,0.95,0,0.59
2026-07-27,UDXMLBGAMEWIN_TORWAS26JUL271845_TOR,Baseball,Moneyline,Finalized,0,14180,0.93,0,0.89
2026-07-27,UDXMLBSPREAD_SEATEX26JUL271435_TEX3.5,Baseball,Spread,Finalized,0,12400,0.94,0,0.89
2026-07-27,UDXMLBTOTAL_ARIPIT26JUL271840_9.5,Baseball,Total,Finalized,0,11681,0.52,0,0.02
2026-07-27,UDXMLBTOTAL_CHCSTL26JUL271945_9.5,Baseball,Total,Finalized,3171,11485.72,0.73,0,0.31
2026-07-27,UDXMLBTOTAL_SEATEX26JUL271435_11.5,Baseball,Total,Finalized,0,11381.64,0.83,0,0.15
2026-07-27,UDXMLBSPREAD_BOSOAK26JUL272140_BOS1.5,Baseball,Spread,Finalized,7547,11034,0.83,0,0.83
2026-07-27,UDXMLBTOTAL_SEATEX26JUL271435_8.5,Baseball,Total,Finalized,0,10554,0.95,0,0.95
2026-07-27,UDXMLBTOTAL_HOULAA26JUL272138_8.5,Baseball,Total,Finalized,6541,10483.97,0.67,0,0.24
2026-07-27,UDXMLBGAMEWIN_HOULAA26JUL272138_LAA,Baseball,Moneyline,Finalized,8842.2,10302.2,0.93,0,0.92
2026-07-27,UDXMLBGAMEWIN_CLECIN26JUL271910_CIN,Baseball,Moneyline,Finalized,6517,8535,0.6,0,0.58
2026-07-27,UDXMLBTOTAL_ARIPIT26JUL271840_5.5,Baseball,Total,Finalized,0,8442,0.68,0,0.28
2026-07-27,UDXMLBGAMEWIN_ATLNYM26JUL271910_NYM,Baseball,Moneyline,Finalized,0,8395,0.98,0,0.98
2026-07-27,UDXMLBTOTAL_TORWAS26JUL271845_8.5,Baseball,Total,Finalized,0,8340,0.66,0,0.04
2026-07-27,UDXMLBSPREAD_SEATEX26JUL271435_SEA1.5,Baseball,Spread,Finalized,0,7883,0.42,0,0.02
2026-07-27,UDXMLBTOTAL_NYYCWS26JUL271940_9.5,Baseball,Total,Finalized,0,7450.82,0.84,0,0.81
2026-07-27,UDXMLBTOTAL_SEATEX26JUL271435_7.5,Baseball,Total,Finalized,0,6686,0.95,0,0.95
2026-07-27,UDXMLBSPREAD_PHIMIA26JUL271840_MIA2.5,Baseball,Spread,Finalized,0,6610,0.6,0,0.03
2026-07-27,UDXMLBSPREAD_BOSOAK26JUL272140_BOS2.5,Baseball,Spread,Finalized,4671,6604,0.68,0,0.27
2026-07-27,UDXMLBSPREAD_NYYCWS26JUL271940_NYY1.5,Baseball,Spread,Finalized,0,6406.54,0.98,0,0.98
2026-07-27,UDXMLBTOTAL_TORWAS26JUL271845_10.5,Baseball,Total,Finalized,0,6261,0.54,0,0.05
2026-07-27,UDXMLBTOTAL_CHCSTL26JUL271945_8.5,Baseball,Total,Finalized,1989,5882,0.85,0,0.42
2026-07-27,UDXMLBTOTAL_ARIPIT26JUL271840_6.5,Baseball,Total,Finalized,0,5842,0.77,0,0.23
2026-07-27,UDXMLBTOTAL_NYYCWS26JUL271940_11.5,Baseball,Total,Finalized,0,5837,0.7,0,0.44
2026-07-27,UDXMLBTOTAL_PHIMIA26JUL271840_7.5,Baseball,Total,Finalized,0,5698,0.97,0,0.93
2026-07-27,UDXMLBSPREAD_TORWAS26JUL271845_WAS1.5,Baseball,Spread,Finalized,0,5413,0.54,0,0.06
2026-07-27,UDXMLBTOTAL_HOULAA26JUL272138_9.5,Baseball,Total,Finalized,1811,5266,0.57,0,0.2
2026-07-27,UDXMLBTOTAL_BOSOAK26JUL272140_8.5,Baseball,Total,Finalized,4167,5227,0.68,0,0.15
2026-07-27,UDXMLBTOTAL_NYYCWS26JUL271940_10.5,Baseball,Total,Finalized,0,4560,0.92,0,0.87
2026-07-27,UDXMLBTOTAL_ATLNYM26JUL271910_8.5,Baseball,Total,Finalized,0,4455.58,0.9,0,0.9
2026-07-27,UDXMLBTOTAL_BOSOAK26JUL272140_7.5,Baseball,Total,Finalized,1867,4430,0.85,0,0.18
2026-07-27,UDXMLBTOTAL_BALDET26JUL271840_8.5,Baseball,Total,Finalized,0,4407.89,0.89,0,0.89
2026-07-27,UDXMLBTOTAL_ARIPIT26JUL271840_7.5,Baseball,Total,Finalized,0,4379,0.68,0,0.06
2026-07-27,UDXMLBTOTAL_BOSOAK26JUL272140_6.5,Baseball,Total,Finalized,1614,4377,0.84,0,0.36
2026-07-27,UDXMLBTOTAL_ARIPIT26JUL271840_4.5,Baseball,Total,Finalized,0,4266,0.8,0,0.46
2026-07-27,UDXMLBTOTAL_PHIMIA26JUL271840_11.5,Baseball,Total,Finalized,0,4092,0.92,0,0.91
2026-07-27,UDXMLBSPREAD_ATLNYM26JUL271910_ATL1.5,Baseball,Spread,Finalized,0,4067,0.47,0,0.07
2026-07-27,UDXMLBSPREAD_HOULAA26JUL272138_LAA2.5,Baseball,Spread,Finalized,2476,4023,0.68,0,0.64
2026-07-27,UDXMLBGAMEWIN_CLECIN26JUL271910_CLE,Baseball,Moneyline,Finalized,3836.34,3836.34,0.41,0,0.41
2026-07-27,UDXMLBTOTAL_BOSOAK26JUL272140_5.5,Baseball,Total,Finalized,0,3763,0.93,0,0.92
2026-07-27,UDXMLBTOTAL_NYYCWS26JUL271940_12.5,Baseball,Total,Finalized,0,3612,0.57,0,0.38
2026-07-27,UDXMLBSPREAD_PHIMIA26JUL271840_MIA1.5,Baseball,Spread,Finalized,0,3529,0.67,0,0.09
2026-07-27,UDXMLBTOTAL_BALDET26JUL271840_10.5,Baseball,Total,Finalized,0,3453,0.92,0,0.92
2026-07-27,UDXMLBTOTAL_PHIMIA26JUL271840_10.5,Baseball,Total,Finalized,0,3357,0.84,0,0.62
2026-07-27,UDXMLBTOTAL_ARIPIT26JUL271840_8.5,Baseball,Total,Finalized,0,3353,0.61,0,0.06
2026-07-27,UDXMLBTOTAL_NYYCWS26JUL271940_8.5,Baseball,Total,Finalized,0,3277.64,0.91,0,0.9
2026-07-27,UDXMLBSPREAD_NYYCWS26JUL271940_CWS1.5,Baseball,Spread,Finalized,0,3014,0.69,0,0.11
2026-07-27,UDXMLBTOTAL_ATLNYM26JUL271910_9.5,Baseball,Total,Finalized,0,2894,0.71,0,0.71
2026-07-27,UDXMLBTOTAL_HOULAA26JUL272138_7.5,Baseball,Total,Finalized,1741,2825,0.77,0,0.39
2026-07-27,UDXMLBTOTAL_BALDET26JUL271840_9.5,Baseball,Total,Finalized,0,2728,0.87,0,0.87
2026-07-27,UDXMLBTOTAL_TORWAS26JUL271845_7.5,Baseball,Total,Finalized,0,2656,0.8,0,0.05
2026-07-27,UDXMLBSPREAD_SEATEX26JUL271435_TEX2.5,Baseball,Spread,Finalized,0,2627,0.94,0,0.93
2026-07-27,UDXMLBTOTAL_CLECIN26JUL271910_8.5,Baseball,Total,Finalized,2375.04,2626.04,0.55,0,0.54
2026-07-27,UDXMLBSPREAD_HOULAA26JUL272138_HOU1.5,Baseball,Spread,Finalized,1614.04,2571.04,0.39,0,0.14
2026-07-27,UDXMLBTOTAL_TORWAS26JUL271845_6.5,Baseball,Total,Finalized,0,2554,0.87,0,0.33
2026-07-27,UDXMLBSPREAD_SEATEX26JUL271435_TEX1.5,Baseball,Spread,Finalized,0,2456,0.95,0,0.94
2026-07-27,UDXMLBTOTAL_BALDET26JUL271840_12.5,Baseball,Total,Finalized,0,2425,0.92,0,0.91
2026-07-27,UDXMLBTOTAL_CHCSTL26JUL271945_10.5,Baseball,Total,Finalized,1119,2367,0.6,0,0.17
2026-07-27,UDXMLBSPREAD_CHCSTL26JUL271945_CHC1.5,Baseball,Spread,Finalized,1567.16,2337.16,0.83,0,0.67
2026-07-27,UDXMLBSPREAD_CLECIN26JUL271910_CIN1.5,Baseball,Spread,Finalized,1898,2294,0.43,0,0.42
2026-07-27,UDXMLBTOTAL_BALDET26JUL271840_11.5,Baseball,Total,Finalized,0,2285,0.95,0,0.93
2026-07-27,UDXMLBTOTAL_BOSOAK26JUL272140_10.5,Baseball,Total,Finalized,145,2272,0.47,0,0.16
2026-07-27,UDXMLBSPREAD_ARIPIT26JUL271840_ARI1.5,Baseball,Spread,Finalized,0,2256,0.71,0,0.1
2026-07-27,UDXMLBTOTAL_PHIMIA26JUL271840_9.5,Baseball,Total,Finalized,0,2237,0.89,0,0.87
2026-07-27,UDXMLBSPREAD_CHCSTL26JUL271945_CHC2.5,Baseball,Spread,Finalized,501,2103,0.74,0,0.21
2026-07-27,UDXMLBSPREAD_BOSOAK26JUL272140_OAK1.5,Baseball,Spread,Finalized,1629,2043,0.38,0,0.05
2026-07-27,UDXMLBTOTAL_CHCSTL26JUL271945_3.5,Baseball,Total,Finalized,0,2012,0.93,0,0.93
2026-07-27,UDXMLBTOTAL_PHIMIA26JUL271840_2.5,Baseball,Total,Finalized,0,2004,0.95,0,0.95
2026-07-27,UDXMLBSPREAD_ARIPIT26JUL271840_PIT1.5,Baseball,Spread,Finalized,0,1865,0.39,0,0.09
2026-07-27,UDXMLBSPREAD_ATLNYM26JUL271910_NYM1.5,Baseball,Spread,Finalized,0,1821,0.97,0,0.97
2026-07-27,UDXMLBSPREAD_TORWAS26JUL271845_TOR1.5,Baseball,Spread,Finalized,0,1820,0.53,0,0.08
2026-07-27,UDXMLBTOTAL_ATLNYM26JUL271910_12.5,Baseball,Total,Finalized,0,1660,0.75,0,0.45
2026-07-27,UDXMLBSPREAD_HOULAA26JUL272138_LAA1.5,Baseball,Spread,Finalized,1357,1591,0.83,0,0.56
2026-07-27,UDXMLBTOTAL_SEATEX26JUL271435_4.5,Baseball,Total,Finalized,0,1486,0.84,0,0.84
2026-07-27,UDXMLBSPREAD_NYYCWS26JUL271940_NYY3.5,Baseball,Spread,Finalized,0,1408,0.95,0,0.8
2026-07-27,UDXMLBTOTAL_ARIPIT26JUL271840_3.5,Baseball,Total,Finalized,0,1393,0.91,0,0.54
2026-07-27,UDXMLBSPREAD_HOULAA26JUL272138_LAA3.5,Baseball,Spread,Finalized,784,1339,0.58,0,0.49
2026-07-27,UDXMLBTOTAL_BOSOAK26JUL272140_13.5,Baseball,Total,Finalized,855,1290,0.22,0,0.11
2026-07-27,UDXMLBSPREAD_BALDET26JUL271840_BAL1.5,Baseball,Spread,Finalized,0,1263,0.84,0,0.84
2026-07-27,UDXMLBSPREAD_CHCSTL26JUL271945_CHC3.5,Baseball,Spread,Finalized,587,1256,0.6,0,0.17
2026-07-27,UDXMLBTOTAL_HOULAA26JUL272138_10.5,Baseball,Total,Finalized,759,1251,0.49,0,0.12
2026-07-27,UDXMLBTOTAL_TORWAS26JUL271845_5.5,Baseball,Total,Finalized,0,1223,0.91,0,0.44
2026-07-27,UDXMLBSPREAD_BALDET26JUL271840_BAL2.5,Baseball,Spread,Finalized,0,1213,0.77,0,0.77
2026-07-27,UDXMLBTOTAL_NYYCWS26JUL271940_7.5,Baseball,Total,Finalized,0,1174,0.63,0,0.61
2026-07-27,UDXMLBSPREAD_NYYCWS26JUL271940_CWS3.5,Baseball,Spread,Finalized,0,1060,0.28,0,0.08
2026-07-27,UDXMLBSPREAD_ARIPIT26JUL271840_ARI3.5,Baseball,Spread,Finalized,0,1050,0.28,0,0.04
2026-07-27,UDXMLBTOTAL_TORWAS26JUL271845_13.5,Baseball,Total,Finalized,0,1015,0.25,0,0.12
2026-07-27,UDXMLBSPREAD_BALDET26JUL271840_BAL3.5,Baseball,Spread,Finalized,0,986,0.55,0,0.24
2026-07-27,UDXMLBTOTAL_TORWAS26JUL271845_11.5,Baseball,Total,Finalized,0,976,0.38,0,0.03
2026-07-27,UDXMLBTOTAL_HOULAA26JUL272138_12.5,Baseball,Total,Finalized,493,934,0.29,0,0.21
2026-07-27,UDXMLBTOTAL_CHCSTL26JUL271945_13.5,Baseball,Total,Finalized,871,871,0.22,0,0.22
2026-07-27,UDXMLBSPREAD_SEATEX26JUL271435_SEA2.5,Baseball,Spread,Finalized,0,868,0.32,0,0.08
2026-07-27,UDXMLBSPREAD_NYYCWS26JUL271940_CWS2.5,Baseball,Spread,Finalized,0,853,0.55,0,0.1
2026-07-27,UDXMLBSPREAD_PHIMIA26JUL271840_PHI3.5,Baseball,Spread,Finalized,0,846,0.48,0,0.05
2026-07-27,UDXMLBTOTAL_SEATEX26JUL271435_6.5,Baseball,Total,Finalized,0,698,0.67,0,0.67
2026-07-27,UDXMLBSPREAD_NYYCWS26JUL271940_NYY2.5,Baseball,Spread,Finalized,0,688,0.96,0,0.86
2026-07-27,UDXMLBTOTAL_BALDET26JUL271840_7.5,Baseball,Total,Finalized,0,688,0.95,0,0.95
2026-07-27,UDXMLBTOTAL_ARIPIT26JUL271840_12.5,Baseball,Total,Finalized,0,625,0.29,0,0.29
2026-07-27,UDXMLBTOTAL_HOULAA26JUL272138_2.5,Baseball,Total,Finalized,0,610,0.98,0,0.98
2026-07-27,UDXMLBTOTAL_BOSOAK26JUL272140_4.5,Baseball,Total,Finalized,0,583,0.64,0,0.62
2026-07-27,UDXMLBTOTAL_TORWAS26JUL271845_14.5,Baseball,Total,Finalized,0,570,0.2,0,0.2
2026-07-27,UDXMLBSPREAD_PHIMIA26JUL271840_PHI2.5,Baseball,Spread,Finalized,0,563,0.39,0,0.16
2026-07-27,UDXMLBTOTAL_ATLNYM26JUL271910_10.5,Baseball,Total,Finalized,0,531,0.56,0,0.56
2026-07-27,UDXMLBTOTAL_SEATEX26JUL271435_5.5,Baseball,Total,Finalized,0,500,0.75,0,0.73
2026-07-27,UDXMLBTOTAL_HOULAA26JUL272138_6.5,Baseball,Total,Finalized,238,491,0.84,0,0.5
2026-07-27,UDXMLBSPREAD_ATLNYM26JUL271910_ATL3.5,Baseball,Spread,Finalized,0,465,0.21,0,0.2
2026-07-27,UDXMLBTOTAL_ARIPIT26JUL271840_10.5,Baseball,Total,Finalized,0,465,0.42,0,0.1
2026-07-27,UDXMLBSPREAD_HOULAA26JUL272138_HOU2.5,Baseball,Spread,Finalized,411,411,0.3,0,0.12
2026-07-27,UDXMLBTOTAL_ATLNYM26JUL271910_7.5,Baseball,Total,Finalized,0,408,0.78,0,0.69
2026-07-27,UDXMLBTOTAL_PHIMIA26JUL271840_6.5,Baseball,Total,Finalized,0,405,0.63,0,0.63
2026-07-27,UDXMLBTOTAL_PHIMIA26JUL271840_4.5,Baseball,Total,Finalized,0,395,0.94,0,0.94
2026-07-27,UDXMLBTOTAL_PHIMIA26JUL271840_8.5,Baseball,Total,Finalized,0,363.46,0.94,0,0.82
2026-07-27,UDXMLBTOTAL_BOSOAK26JUL272140_3.5,Baseball,Total,Finalized,0,349,0.73,0,0.72
2026-07-27,UDXMLBTOTAL_BOSOAK26JUL272140_11.5,Baseball,Total,Finalized,303,333,0.31,0,0.18
2026-07-27,UDXMLBTOTAL_CLECIN26JUL271910_9.5,Baseball,Total,Finalized,320,320,0.43,0,0.43
2026-07-27,UDXMLBSPREAD_CHCSTL26JUL271945_STL1.5,Baseball,Spread,Finalized,22,320,0.32,0,0.11
2026-07-27,UDXMLBTOTAL_ATLNYM26JUL271910_11.5,Baseball,Total,Finalized,0,315,0.43,0,0.37
2026-07-27,UDXMLBTOTAL_CHCSTL26JUL271945_11.5,Baseball,Total,Finalized,198,314,0.46,0,0.41
2026-07-27,UDXMLBSPREAD_TORWAS26JUL271845_WAS2.5,Baseball,Spread,Finalized,0,310,0.4,0,0.09
2026-07-27,UDXMLBTOTAL_CHCSTL26JUL271945_7.5,Baseball,Total,Finalized,0,282,0.77,0,0.77
2026-07-27,UDXMLBSPREAD_BOSOAK26JUL272140_BOS3.5,Baseball,Spread,Finalized,161,247,0.51,0,0.44
2026-07-27,UDXMLBTOTAL_HOULAA26JUL272138_4.5,Baseball,Total,Finalized,0,246,0.98,0,0.98
2026-07-27,UDXMLBSPREAD_TORWAS26JUL271845_WAS3.5,Baseball,Spread,Finalized,0,239,0.22,0,0.22
2026-07-27,UDXMLBTOTAL_ARIPIT26JUL271840_2.5,Baseball,Total,Finalized,0,212,0.82,0,0.82
2026-07-27,UDXMLBSPREAD_ATLNYM26JUL271910_NYM2.5,Baseball,Spread,Finalized,0,204,0.92,0,0.92
2026-07-27,UDXMLBSPREAD_PHIMIA26JUL271840_MIA3.5,Baseball,Spread,Finalized,0,202,0.36,0,0.36
2026-07-27,UDXMLBSPREAD_BALDET26JUL271840_DET1.5,Baseball,Spread,Finalized,0,201,0.36,0,0.35
2026-07-27,UDXMLBTOTAL_CHCSTL26JUL271945_6.5,Baseball,Total,Finalized,0,195,0.9,0,0.9
2026-07-27,UDXMLBGAMEWIN_CLECIN26JUL281910_CIN,Baseball,Moneyline,Finalized,82,182,0.48,0,0.48
2026-07-27,UDXMLBGAMEWIN_PHIMIA26JUL281840_PHI,Baseball,Moneyline,Finalized,167,167,0.5,0,0.5
2026-07-27,UDXMLBSPREAD_CHCSTL26JUL271945_STL2.5,Baseball,Spread,Finalized,0,164,0.23,0,0.21
2026-07-27,UDXMLBTOTAL_ARIPIT26JUL271840_11.5,Baseball,Total,Finalized,0,162,0.32,0,0.32
2026-07-27,UDXMLBGAMEWIN_BALDET26JUL281840_DET,Baseball,Moneyline,Finalized,150,150,0.57,0,0.57
2026-07-27,UDXMLBGAMEWIN_ATLNYM26JUL281910_ATL,Baseball,Moneyline,Finalized,145,145,0.6,0,0.6
2026-07-27,UDXMLBTOTAL_CLECIN26JUL271910_7.5,Baseball,Total,Finalized,136,136,0.59,0,0.59
2026-07-27,UDXMLBTOTAL_HOULAA26JUL272138_11.5,Baseball,Total,Finalized,129,129,0.32,0,0.32
2026-07-27,UDXMLBSPREAD_ARIPIT26JUL271840_PIT2.5,Baseball,Spread,Finalized,0,123,0.26,0,0.26
2026-07-27,UDXMLBTOTAL_HOULAA26JUL272138_5.5,Baseball,Total,Finalized,117,117,0.78,0,0.75
2026-07-27,UDXMLBGAMEWIN_KANMIN26JUL281940_MIN,Baseball,Moneyline,Finalized,100,100,0.59,0,0.59
2026-07-27,UDXMLBGAMEWIN_TEXTB26JUL281840_TEX,Baseball,Moneyline,Finalized,100,100,0.41,0,0.39
2026-07-27,UDXMLBTOTAL_PHIMIA26JUL271840_5.5,Baseball,Total,Finalized,0,94,0.87,0,0.87
2026-07-27,UDXMLBTOTAL_CLECIN26JUL271910_3.5,Baseball,Total,Finalized,84,84,0.93,0,0.93
2026-07-27,UDXMLBTOTAL_NYYCWS26JUL271940_2.5,Baseball,Total,Finalized,0,82,0.97,0,0.97
2026-07-27,UDXMLBSPREAD_SEATEX26JUL271435_SEA3.5,Baseball,Spread,Finalized,0,76,0.22,0,0.22
2026-07-27,UDXMLBTOTAL_NYYCWS26JUL271940_6.5,Baseball,Total,Finalized,0,70,0.85,0,0.85
2026-07-27,UDXMLBGAMEWIN_SEALAD26JUL282210_SEA,Baseball,Moneyline,Finalized,69,69,0.36,0,0.36
2026-07-27,UDXMLBGAMEWIN_TEXTB26JUL281840_TB,Baseball,Moneyline,Finalized,68,68,0.63,0,0.63
2026-07-27,UDXMLBTOTAL_TORWAS26JUL271845_12.5,Baseball,Total,Finalized,0,62,0.3,0,0.04
2026-07-27,UDXMLBTOTAL_CLECIN26JUL271910_6.5,Baseball,Total,Finalized,61,61,0.72,0,0.72
2026-07-27,UDXMLBSPREAD_ARIPIT26JUL271840_ARI2.5,Baseball,Spread,Finalized,0,61,0.44,0,0.44
2026-07-27,UDXMLBTOTAL_ATLNYM26JUL271910_5.5,Baseball,Total,Finalized,0,55,0.8,0,0.8
2026-07-27,UDXMLBTOTAL_ATLNYM26JUL271910_6.5,Baseball,Total,Finalized,0,53,0.72,0,0.72
2026-07-27,UDXMLBGAMEWIN_COLSD26JUL282140_SD,Baseball,Moneyline,Finalized,52,52,0.64,0,0.63
2026-07-27,UDXMLBTOTAL_SEATEX26JUL271435_3.5,Baseball,Total,Finalized,0,49,0.95,0,0.95
2026-07-27,UDXMLBGAMEWIN_SEALAD26JUL282210_LAD,Baseball,Moneyline,Finalized,47,47,0.66,0,0.65
2026-07-27,UDXMLBGAMEWIN_PHIMIA26JUL281840_MIA,Baseball,Moneyline,Finalized,46,46,0.51,0,0.51
2026-07-27,UDXMLBSPREAD_BOSOAK26JUL272140_OAK3.5,Baseball,Spread,Finalized,42,42,0.11,0,0.11
2026-07-27,UDXMLBTOTAL_TORWAS26JUL271845_4.5,Baseball,Total,Finalized,0,38,0.82,0,0.82
2026-07-27,UDXMLBGAMEWIN_TORWAS26JUL281845_WAS,Baseball,Moneyline,Finalized,33,33,0.57,0,0.57
2026-07-27,UDXMLBGAMEWIN_ARIPIT26JUL281840_PIT,Baseball,Moneyline,Finalized,31,31,0.52,0,0.52
2026-07-27,UDXMLBTOTAL_BALDET26JUL271840_5.5,Baseball,Total,Finalized,0,28,0.77,0,0.77
2026-07-27,UDXMLBTOTAL_CHCSTL26JUL271945_4.5,Baseball,Total,Finalized,0,27,0.89,0,0.89
2026-07-27,UDXMLBGAMEWIN_KANMIN26JUL281940_KAN,Baseball,Moneyline,Finalized,22,22,0.42,0,0.42
2026-07-27,UDXMLBSPREAD_BOSOAK26JUL272140_OAK2.5,Baseball,Spread,Finalized,13,13,0.14,0,0.14
2026-07-27,UDXMLBTOTAL_CLECIN26JUL271910_5.5,Baseball,Total,Finalized,11,11,0.78,0,0.78
2026-07-27,UDXMLBGAMEWIN_ATLNYM26JUL281910_NYM,Baseball,Moneyline,Finalized,10,10,0.41,0,0.41
2026-07-27,UDXMLBGAMEWIN_CLECIN26JUL281910_CLE,Baseball,Moneyline,Finalized,9,9,0.53,0,0.53
2026-07-27,UDXMLBSPREAD_CLECIN26JUL271910_CLE1.5,Baseball,Spread,Finalized,9,9,0.3,0,0.3
2026-07-27,UDXMLBGAMEWIN_BALDET26JUL281840_BAL,Baseball,Moneyline,Finalized,7,7,0.45,0,0.45
2026-07-27,UDXMLBGAMEWIN_ARIPIT26JUL281840_ARI,Baseball,Moneyline,Finalized,5,5,0.49,0,0.49
2026-07-27,UDXMLBSPREAD_ATLNYM26JUL281910_ATL1.5,Baseball,Spread,Finalized,4,4,0.45,0,0.45
2026-07-27,UDXMLBTOTAL_BALDET26JUL271840_2.5,Baseball,Total,Finalized,0,4,0.97,0,0.97
2026-07-27,UDXMLBGAMEWIN_TORWAS26JUL281845_TOR,Baseball,Moneyline,Finalized,2,2,0.44,0,0.44
2026-07-28,UDXMLBGAMEWIN_CLECIN26JUL271910_CIN,Baseball,Moneyline,Finalized,0,67069.09,0.69,0,0.09
2026-07-28,UDXMLBGAMEWIN_PHIMIA26JUL281840_PHI,Baseball,Moneyline,Finalized,0,56318.11,0.5,0,0.04
2026-07-28,UDXMLBGAMEWIN_HOULAA26JUL282138_HOU,Baseball,Moneyline,Finalized,45457.47,56129.47,0.67,0,0.51
2026-07-28,UDXMLBGAMEWIN_CLECIN26JUL271910_CLE,Baseball,Moneyline,Finalized,0,46537.95,0.96,0,0.89
2026-07-28,UDXMLBGAMEWIN_BOSOAK26JUL282140_BOS,Baseball,Moneyline,Finalized,34550,44074,0.62,0,0.08
2026-07-28,UDXMLBGAMEWIN_HOULAA26JUL272138_HOU,Baseball,Moneyline,Finalized,0,43950,0.97,0,0.93
2026-07-28,UDXMLBGAMEWIN_ARIPIT26JUL281840_ARI,Baseball,Moneyline,Finalized,0,41239.66,0.98,0,0.89
2026-07-28,UDXMLBTOTAL_TEXTB26JUL281840_8.5,Baseball,Total,Finalized,0,39295,0.48,0,0.02
2026-07-28,UDXMLBGAMEWIN_ARIPIT26JUL281840_PIT,Baseball,Moneyline,Finalized,0,38747.51,0.8,0,0.12
2026-07-28,UDXWNBAGAMEWIN_TORMIN2026JUL28_TOR,Basketball (pro),Moneyline,Finalized,0,37266,0.18,0,0.02
2026-07-28,UDXMLBGAMEWIN_KANMIN26JUL281940_MIN,Baseball,Moneyline,Finalized,0,34172,0.78,0,0.18
2026-07-28,UDXMLBGAMEWIN_SEALAD26JUL282210_LAD,Baseball,Moneyline,Finalized,25235.44,28186.44,0.8,0,0.66
2026-07-28,UDXMLBGAMEWIN_COLSD26JUL282140_SD,Baseball,Moneyline,Finalized,23195.89,26567.89,0.85,0,0.3
2026-07-28,UDXMLBGAMEWIN_TEXTB26JUL281840_TB,Baseball,Moneyline,Finalized,0,26353,0.63,0,0.03
2026-07-28,UDXMLBTOTAL_CLECIN26JUL271910_12.5,Baseball,Total,Finalized,0,22989,0.82,0,0.14
2026-07-28,UDXMLBGAMEWIN_NYYCWS26JUL281940_NYY,Baseball,Moneyline,Finalized,0,22904,0.97,0,0.97
2026-07-28,UDXMLBGAMEWIN_HOULAA26JUL272138_LAA,Baseball,Moneyline,Finalized,0,22551,0.94,0,0.06
2026-07-28,UDXMLBGAMEWIN_SEALAD26JUL282210_SEA,Baseball,Moneyline,Finalized,17011.78,21822.78,0.59,0,0.35
2026-07-28,UDXMLBGAMEWIN_TEXTB26JUL281840_TEX,Baseball,Moneyline,Finalized,0,21036,0.98,0,0.98
2026-07-28,UDXMLBGAMEWIN_HOULAA26JUL282138_LAA,Baseball,Moneyline,Finalized,16362.87,20220.87,0.57,0,0.51
2026-07-28,UDXMLBGAMEWIN_COLSD26JUL282140_COL,Baseball,Moneyline,Finalized,15527.78,20209.78,0.75,0,0.72
2026-07-28,UDXWNBAGAMEWIN_INDSEA2026JUL28_SEA,Basketball (pro),Moneyline,Finalized,15916,19330,0.27,0,0.03
2026-07-28,UDXWNBAGAMEWIN_NYLA2026JUL28_NY,Basketball (pro),Moneyline,Finalized,11746.85,19070.85,0.98,0,0.93
2026-07-28,UDXMLBSPREAD_SEALAD26JUL282210_LAD1.5,Baseball,Spread,Finalized,13418,18123,0.59,0,0.25
2026-07-28,UDXWNBAGAMEWIN_CONNWSH2026JUL28_WSH,Basketball (pro),Moneyline,Finalized,0,17228.77,0.98,0,0.98
2026-07-28,UDXMLBTOTAL_CLECIN26JUL271910_9.5,Baseball,Total,Finalized,0,16574,0.95,0,0.95
2026-07-28,UDXWNBAGAMEWIN_NYLA2026JUL28_LA,Basketball (pro),Moneyline,Finalized,12489.95,16115.95,0.67,0,0.07
2026-07-28,UDXMLBSPREAD_CLECIN26JUL271910_CIN1.5,Baseball,Spread,Finalized,0,15730,0.45,0,0.04
2026-07-28,UDXMLBGAMEWIN_KANMIN26JUL281940_KAN,Baseball,Moneyline,Finalized,0,14913.91,0.85,0,0.84
2026-07-28,UDXMLBGAMEWIN_PHIMIA26JUL281840_MIA,Baseball,Moneyline,Finalized,0,13818.47,0.96,0,0.96
2026-07-28,UDXMLBTOTAL_CLECIN26JUL271910_11.5,Baseball,Total,Finalized,0,13754,0.89,0,0.09
2026-07-28,UDXMLBGAMEWIN_TORWAS26JUL281845_TOR,Baseball,Moneyline,Finalized,0,13301.22,0.45,0,0.05
2026-07-28,UDXMLBGAMEWIN_BALDET26JUL281840_BAL,Baseball,Moneyline,Finalized,0,13166,0.44,0,0.02
2026-07-28,UDXMLBTOTAL_ARIPIT26JUL281840_9.5,Baseball,Total,Finalized,0,12402.06,0.75,0,0.53
2026-07-28,UDXMLBGAMEWIN_BALDET26JUL281840_DET,Baseball,Moneyline,Finalized,0,12349,0.98,0,0.98
2026-07-28,UDXMLBGAMEWIN_NYYCWS26JUL281940_CWS,Baseball,Moneyline,Finalized,0,12193,0.53,0,0.04
2026-07-28,UDXMLBSPREAD_CLECIN26JUL271910_CLE1.5,Baseball,Spread,Finalized,0,12190,0.75,0,0.04
2026-07-28,UDXWNBAGAMEWIN_CONNWSH2026JUL28_CONN,Basketball (pro),Moneyline,Finalized,0,11772.58,0.49,0,0.03
2026-07-28,UDXWNBATOTAL_INDSEA2026JUL28_194.5,Basketball (pro),Total,Finalized,6369,11724,0.82,0,0.79
2026-07-28,UDXMLBTOTAL_KANMIN26JUL281940_6.5,Baseball,Total,Finalized,0,10818,0.57,0,0.1
2026-07-28,UDXMLBTOTAL_SEALAD26JUL282210_9.5,Baseball,Total,Finalized,0,10579,0.94,0,0.9
2026-07-28,UDXWNBATOTAL_NYLA2026JUL28_194.5,Basketball (pro),Total,Finalized,4561,10500,0.98,0,0.97
2026-07-28,UDXMLBGAMEWIN_BOSOAK26JUL282140_OAK,Baseball,Moneyline,Finalized,7068.46,10460.18,0.93,0,0.92
2026-07-28,UDXMLBTOTAL_PHIMIA26JUL281840_8.5,Baseball,Total,Finalized,0,10372.23,0.52,0,0.05
2026-07-28,UDXMLBGAMEWIN_CLECIN26JUL281910_CIN,Baseball,Moneyline,Finalized,0,10336,0.94,0,0.92
2026-07-28,UDXMLBSPREAD_COLSD26JUL282140_SD1.5,Baseball,Spread,Finalized,7159,9975,0.67,0,0.09
2026-07-28,UDXMLBGAMEWIN_TORWAS26JUL281845_WAS,Baseball,Moneyline,Finalized,0,9933,0.97,0,0.96
2026-07-28,UDXMLBSPREAD_TEXTB26JUL281840_TB1.5,Baseball,Spread,Finalized,0,9689,0.47,0,0.07
2026-07-28,UDXMLBTOTAL_HOULAA26JUL272138_6.5,Baseball,Total,Finalized,0,9271,0.82,0,0.81
2026-07-28,UDXWNBAGAMEWIN_INDSEA2026JUL28_IND,Basketball (pro),Moneyline,Finalized,8743,9213,0.98,0,0.98
2026-07-28,UDXWNBASPREAD_INDSEA2026JUL28_IND12.5,Basketball (pro),Spread,Finalized,545,8913,0.71,0,0.06
2026-07-28,UDXMLBTOTAL_HOULAA26JUL282138_8.5,Baseball,Total,Finalized,4525,8845,0.57,0,0.27
2026-07-28,UDXMLBGAMEWIN_CLECIN26JUL281910_CLE,Baseball,Moneyline,Finalized,0,8494.81,0.58,0,0.07
2026-07-28,UDXMLBTOTAL_HOULAA26JUL272138_10.5,Baseball,Total,Finalized,0,8469,0.48,0,0.16
2026-07-28,UDXMLBTOTAL_ARIPIT26JUL281840_13.5,Baseball,Total,Finalized,0,8153,0.69,0,0.55
2026-07-28,UDXWNBASPREAD_TORMIN2026JUL28_MIN15.5,Basketball (pro),Spread,Finalized,0,7888.47,0.69,0,0.31
2026-07-28,UDXMLBTOTAL_KANMIN26JUL281940_5.5,Baseball,Total,Finalized,0,7616,0.73,0,0.12
2026-07-28,UDXMLBGAMEWIN_CHCSTL26JUL281945_CHC,Baseball,Moneyline,Finalized,0,7563,0.98,0,0.98
2026-07-28,UDXMLBTOTAL_TEXTB26JUL281840_7.5,Baseball,Total,Finalized,0,7309,0.57,0,0.05
2026-07-28,UDXWNBATOTAL_CONNWSH2026JUL28_161.5,Basketball (pro),Total,Finalized,0,7256,0.95,0,0.95
2026-07-28,UDXMLBGAMEWIN_CHCSTL26JUL281945_STL,Baseball,Moneyline,Finalized,0,6815,0.53,0,0.02
2026-07-28,UDXMLBSPREAD_BOSOAK26JUL282140_BOS1.5,Baseball,Spread,Finalized,3652,6803,0.54,0,0.08
2026-07-28,UDXMLBTOTAL_BOSOAK26JUL282140_8.5,Baseball,Total,Finalized,2216,6752,0.62,0,0.07
2026-07-28,UDXWNBASPREAD_INDSEA2026JUL28_IND9.5,Basketball (pro),Spread,Finalized,2539.89,6746.89,0.82,0,0.56
2026-07-28,UDXMLBTOTAL_SEALAD26JUL282210_13.5,Baseball,Total,Finalized,3367,6539,0.64,0,0.33
2026-07-28,UDXMLBTOTAL_CLECIN26JUL271910_8.5,Baseball,Total,Finalized,0,6136,0.95,0,0.95
2026-07-28,UDXMLBSPREAD_CLECIN26JUL271910_CLE2.5,Baseball,Spread,Finalized,0,6079,0.63,0,0.12
2026-07-28,UDXMLBSPREAD_HOULAA26JUL272138_HOU1.5,Baseball,Spread,Finalized,0,6059,0.9,0,0.84
2026-07-28,UDXMLBSPREAD_CLECIN26JUL271910_CLE3.5,Baseball,Spread,Finalized,0,6042,0.56,0,0.03
2026-07-28,UDXMLBSPREAD_KANMIN26JUL281940_MIN1.5,Baseball,Spread,Finalized,0,5871,0.51,0,0.03
2026-07-28,UDXMLBTOTAL_BOSOAK26JUL282140_4.5,Baseball,Total,Finalized,4159.13,5499.13,0.7,0,0.48
2026-07-28,UDXWNBATOTAL_TORMIN2026JUL28_195.5,Basketball (pro),Total,Finalized,0,5314,0.72,0,0.48
2026-07-28,UDXMLBTOTAL_HOULAA26JUL282138_7.5,Baseball,Total,Finalized,4125,5208,0.58,0,0.4
2026-07-28,UDXMLBGAMEWIN_BOSOAK26JUL272140_BOS,Baseball,Moneyline,Finalized,0,5050,0.96,0,0.95
2026-07-28,UDXMLBTOTAL_CHCSTL26JUL281945_10.5,Baseball,Total,Finalized,0,4987,0.81,0,0.55
2026-07-28,UDXMLBTOTAL_COLSD26JUL282140_8.5,Baseball,Total,Finalized,2485,4970,0.9,0,0.85
2026-07-28,UDXMLBTOTAL_COLSD26JUL282140_10.5,Baseball,Total,Finalized,3957,4889,0.88,0,0.8
2026-07-28,UDXMLBTOTAL_HOULAA26JUL272138_9.5,Baseball,Total,Finalized,0,4863,0.55,0,0.43
2026-07-28,UDXMLBSPREAD_HOULAA26JUL272138_LAA1.5,Baseball,Spread,Finalized,0,4854,0.81,0,0.02
2026-07-28,UDXMLBSPREAD_HOULAA26JUL282138_HOU1.5,Baseball,Spread,Finalized,4007,4787,0.49,0,0.3
2026-07-28,UDXMLBTOTAL_CLECIN26JUL271910_10.5,Baseball,Total,Finalized,0,4652,0.93,0,0.93
2026-07-28,UDXWNBASPREAD_NYLA2026JUL28_NY6.5,Basketball (pro),Spread,Finalized,3087,4535.68,0.61,0,0.4
2026-07-28,UDXMLBSPREAD_BALDET26JUL281840_DET1.5,Baseball,Spread,Finalized,0,4504,0.97,0,0.97
2026-07-28,UDXMLBTOTAL_BOSOAK26JUL282140_6.5,Baseball,Total,Finalized,3729,4317,0.67,0,0.19
2026-07-28,UDXMLBTOTAL_KANMIN26JUL281940_4.5,Baseball,Total,Finalized,0,4240,0.72,0,0.34
2026-07-28,UDXMLBSPREAD_ARIPIT26JUL281840_ARI1.5,Baseball,Spread,Finalized,0,4097,0.88,0,0.05
2026-07-28,UDXMLBTOTAL_PHIMIA26JUL281840_7.5,Baseball,Total,Finalized,0,4060,0.56,0,0.14
2026-07-28,UDXWNBASPREAD_TORMIN2026JUL28_MIN18.5,Basketball (pro),Spread,Finalized,0,4011,0.53,0,0.03
2026-07-28,UDXMLBTOTAL_HOULAA26JUL272138_7.5,Baseball,Total,Finalized,0,3927,0.63,0,0.3
2026-07-28,UDXMLBTOTAL_CHCSTL26JUL281945_12.5,Baseball,Total,Finalized,0,3913,0.61,0,0.12
2026-07-28,UDXWNBATOTAL_INDSEA2026JUL28_191.5,Basketball (pro),Total,Finalized,2686,3707,0.86,0,0.86
2026-07-28,UDXMLBGAMEWIN_ATLNYM26JUL281910_ATL,Baseball,Moneyline,Finalized,3802,3657,0.61,0,0.61
2026-07-28,UDXMLBTOTAL_COLSD26JUL282140_11.5,Baseball,Total,Finalized,1768,3630,0.72,0,0.55
2026-07-28,UDXWNBATOTAL_INDSEA2026JUL28_188.5,Basketball (pro),Total,Finalized,1144,3594,0.95,0,0.95
2026-07-28,UDXMLBTOTAL_BALDET26JUL281840_11.5,Baseball,Total,Finalized,0,3594,0.68,0,0.68
2026-07-28,UDXMLBTOTAL_KANMIN26JUL281940_9.5,Baseball,Total,Finalized,0,3562,0.45,0,0.03
2026-07-28,UDXMLBTOTAL_HOULAA26JUL272138_8.5,Baseball,Total,Finalized,0,3545.97,0.79,0,0.29
2026-07-28,UDXMLBSPREAD_PHIMIA26JUL281840_MIA1.5,Baseball,Spread,Finalized,0,3536,0.56,0,0.11
2026-07-28,UDXMLBTOTAL_HOULAA26JUL282138_9.5,Baseball,Total,Finalized,670,3480,0.43,0,0.16
2026-07-28,UDXWNBATOTAL_CONNWSH2026JUL28_164.5,Basketball (pro),Total,Finalized,0,3433,0.96,0,0.96
2026-07-28,UDXMLBTOTAL_PHIMIA26JUL281840_10.5,Baseball,Total,Finalized,0,3271,0.31,0,0.21
2026-07-28,UDXMLBTOTAL_BALDET26JUL281840_9.5,Baseball,Total,Finalized,0,3135,0.89,0,0.89
2026-07-28,UDXMLBTOTAL_TORWAS26JUL281845_14.5,Baseball,Total,Finalized,0,3111,0.62,0,0.09
2026-07-28,UDXWNBATOTAL_TORMIN2026JUL28_192.5,Basketball (pro),Total,Finalized,0,3110,0.91,0,0.88
2026-07-28,UDXMLBSPREAD_NYYCWS26JUL281940_NYY1.5,Baseball,Spread,Finalized,0,3091,0.91,0,0.07
2026-07-28,UDXWNBATOTAL_CONNWSH2026JUL28_167.5,Basketball (pro),Total,Finalized,0,3049,0.96,0,0.93
2026-07-28,UDXMLBSPREAD_COLSD26JUL282140_COL1.5,Baseball,Spread,Finalized,1213,2999.59,0.5,0,0.46
2026-07-28,UDXMLBTOTAL_TEXTB26JUL281840_5.5,Baseball,Total,Finalized,0,2964,0.75,0,0.2
2026-07-28,UDXWNBASPREAD_CONNWSH2026JUL28_WSH10.5,Basketball (pro),Spread,Finalized,0,2913,0.85,0,0.77
2026-07-28,UDXMLBTOTAL_PHIMIA26JUL281840_5.5,Baseball,Total,Finalized,0,2895,0.76,0,0.04
2026-07-28,UDXMLBTOTAL_SEALAD26JUL282210_8.5,Baseball,Total,Finalized,0,2835,0.96,0,0.96
2026-07-28,UDXMLBTOTAL_PHIMIA26JUL281840_2.5,Baseball,Total,Finalized,0,2794,0.72,0,0.09
2026-07-28,UDXWNBASPREAD_CONNWSH2026JUL28_WSH7.5,Basketball (pro),Spread,Finalized,0,2790,0.94,0,0.85
2026-07-28,UDXMLBTOTAL_NYYCWS26JUL281940_7.5,Baseball,Total,Finalized,0,2737,0.69,0,0.09
2026-07-28,UDXMLBTOTAL_SEALAD26JUL282210_12.5,Baseball,Total,Finalized,2109,2666,0.68,0,0.53
2026-07-28,UDXMLBTOTAL_TORWAS26JUL281845_8.5,Baseball,Total,Finalized,0,2653,0.8,0,0.77
2026-07-28,UDXMLBTOTAL_NYYCWS26JUL281940_8.5,Baseball,Total,Finalized,0,2567,0.62,0,0.1
2026-07-28,UDXMLBTOTAL_CHCSTL26JUL281945_13.5,Baseball,Total,Finalized,0,2498,0.57,0,0.23
2026-07-28,UDXMLBTOTAL_NYYCWS26JUL281940_6.5,Baseball,Total,Finalized,0,2484,0.64,0,0.07
2026-07-28,UDXWNBASPREAD_NYLA2026JUL28_NY1.5,Basketball (pro),Spread,Finalized,1207,2468,0.92,0,0.92
2026-07-28,UDXMLBTOTAL_PHIMIA26JUL281840_6.5,Baseball,Total,Finalized,0,2420,0.67,0,0.24
2026-07-28,UDXMLBGAMEWIN_BOSOAK26JUL272140_OAK,Baseball,Moneyline,Finalized,0,2363,0.14,0,0.05
2026-07-28,UDXMLBTOTAL_KANMIN26JUL281940_8.5,Baseball,Total,Finalized,0,2358,0.56,0,0.04
2026-07-28,UDXMLBTOTAL_TORWAS26JUL281845_10.5,Baseball,Total,Finalized,0,2328,0.56,0,0.54
2026-07-28,UDXMLBTOTAL_ARIPIT26JUL281840_8.5,Baseball,Total,Finalized,0,2318,0.73,0,0.59
2026-07-28,UDXMLBTOTAL_CHCSTL26JUL281945_8.5,Baseball,Total,Finalized,0,2310.26,0.96,0,0.96
2026-07-28,UDXMLBTOTAL_PHIMIA26JUL281840_3.5,Baseball,Total,Finalized,0,2290,0.91,0,0.11
2026-07-28,UDXMLBTOTAL_TEXTB26JUL281840_9.5,Baseball,Total,Finalized,0,2274,0.36,0,0.36
2026-07-28,UDXMLBSPREAD_SEALAD26JUL282210_LAD2.5,Baseball,Spread,Finalized,575,2216,0.52,0,0.23
2026-07-28,UDXWNBATOTAL_INDSEA2026JUL28_185.5,Basketball (pro),Total,Finalized,1268,2143,0.94,0,0.94
2026-07-28,UDXMLBTOTAL_BOSOAK26JUL282140_5.5,Baseball,Total,Finalized,1849,2139,0.86,0,0.39
2026-07-28,UDXMLBSPREAD_KANMIN26JUL281940_KAN1.5,Baseball,Spread,Finalized,0,2063,0.45,0,0.03
2026-07-28,UDXMLBSPREAD_ARIPIT26JUL281840_PIT1.5,Baseball,Spread,Finalized,0,2061,0.35,0,0.09
2026-07-28,UDXMLBTOTAL_TORWAS26JUL281845_12.5,Baseball,Total,Finalized,0,2005,0.63,0,0.4
2026-07-28,UDXMLBTOTAL_HOULAA26JUL282138_6.5,Baseball,Total,Finalized,1993.7,2003.7,0.71,0,0.48
2026-07-28,UDXWNBASPREAD_NYLA2026JUL28_LA3.5,Basketball (pro),Spread,Finalized,1340,1991,0.56,0,0.05
2026-07-28,UDXWNBASPREAD_TORMIN2026JUL28_MIN21.5,Basketball (pro),Spread,Finalized,0,1977,0.5,0,0.08
2026-07-28,UDXMLBTOTAL_CLECIN26JUL281910_5.5,Baseball,Total,Finalized,0,1971,0.61,0,0.05
2026-07-28,UDXMLBTOTAL_ARIPIT26JUL281840_10.5,Baseball,Total,Finalized,0,1958,0.57,0,0.26
2026-07-28,UDXMLBSPREAD_TORWAS26JUL281845_WAS2.5,Baseball,Spread,Finalized,0,1918,0.87,0,0.21
2026-07-28,UDXMLBTOTAL_CLECIN26JUL281910_8.5,Baseball,Total,Finalized,0,1911,0.55,0,0.02
2026-07-28,UDXMLBTOTAL_CHCSTL26JUL281945_9.5,Baseball,Total,Finalized,0,1904,0.93,0,0.7
2026-07-28,UDXMLBTOTAL_CHCSTL26JUL281945_11.5,Baseball,Total,Finalized,0,1828,0.73,0,0.52
2026-07-28,UDXMLBSPREAD_COLSD26JUL282140_SD2.5,Baseball,Spread,Finalized,557,1817,0.48,0,0.12
2026-07-28,UDXWNBASPREAD_CONNWSH2026JUL28_WSH16.5,Basketball (pro),Spread,Finalized,0,1804,0.46,0,0.02
2026-07-28,UDXWNBASPREAD_NYLA2026JUL28_NY3.5,Basketball (pro),Spread,Finalized,777,1800,0.94,0,0.61
2026-07-28,UDXWNBATOTAL_NYLA2026JUL28_182.5,Basketball (pro),Total,Finalized,769,1766,0.95,0,0.94
2026-07-28,UDXMLBSPREAD_TEXTB26JUL281840_TEX1.5,Baseball,Spread,Finalized,0,1753,0.57,0,0.57
2026-07-28,UDXMLBTOTAL_NYYCWS26JUL281940_9.5,Baseball,Total,Finalized,0,1733,0.53,0,0.04
2026-07-28,UDXMLBTOTAL_PHIMIA26JUL281840_4.5,Baseball,Total,Finalized,0,1716,0.65,0,0.32
2026-07-28,UDXMLBSPREAD_BALDET26JUL281840_DET2.5,Baseball,Spread,Finalized,0,1685,0.94,0,0.94
2026-07-28,UDXWNBASPREAD_NYLA2026JUL28_NY9.5,Basketball (pro),Spread,Finalized,435,1665,0.62,0,0.14
2026-07-28,UDXMLBSPREAD_ARIPIT26JUL281840_ARI3.5,Baseball,Spread,Finalized,0,1633,0.86,0,0.05
2026-07-28,UDXMLBSPREAD_SEALAD26JUL282210_SEA1.5,Baseball,Spread,Finalized,845,1627,0.43,0,0.23
2026-07-28,UDXWNBASPREAD_INDSEA2026JUL28_IND18.5,Basketball (pro),Spread,Finalized,1043,1626,0.53,0,0.08
2026-07-28,UDXMLBTOTAL_CLECIN26JUL281910_7.5,Baseball,Total,Finalized,0,1574,0.54,0,0.06
2026-07-28,UDXMLBSPREAD_TORWAS26JUL281845_WAS1.5,Baseball,Spread,Finalized,0,1506.79,0.88,0,0.85
2026-07-28,UDXMLBSPREAD_TORWAS26JUL281845_WAS4.5,Baseball,Spread,Finalized,0,1491,0.65,0,0.65
2026-07-28,UDXMLBTOTAL_TORWAS26JUL281845_9.5,Baseball,Total,Finalized,0,1488,0.5,0,0.5
2026-07-28,UDXMLBTOTAL_BOSOAK26JUL282140_10.5,Baseball,Total,Finalized,1039,1463,0.52,0,0.02
2026-07-28,UDXMLBSPREAD_HOULAA26JUL272138_LAA2.5,Baseball,Spread,Finalized,0,1450,0.24,0,0.02
2026-07-28,UDXMLBTOTAL_KANMIN26JUL281940_7.5,Baseball,Total,Finalized,0,1416,0.41,0,0.05
2026-07-28,UDXWNBASPREAD_CONNWSH2026JUL28_WSH13.5,Basketball (pro),Spread,Finalized,0,1386.18,0.62,0,0.12
2026-07-28,UDXMLBSPREAD_ARIPIT26JUL281840_ARI2.5,Baseball,Spread,Finalized,0,1344,0.63,0,0.1
2026-07-28,UDXMLBTOTAL_TORWAS26JUL281845_13.5,Baseball,Total,Finalized,0,1343,0.68,0,0.49
2026-07-28,UDXWNBASPREAD_CONNWSH2026JUL28_WSH1.5,Basketball (pro),Spread,Finalized,0,1312,0.67,0,0.5
2026-07-28,UDXMLBSPREAD_BOSOAK26JUL282140_OAK2.5,Baseball,Spread,Finalized,1264,1302,0.63,0,0.53
2026-07-28,UDXMLBTOTAL_CLECIN26JUL281910_3.5,Baseball,Total,Finalized,0,1300,0.71,0,0.09
2026-07-28,UDXMLBSPREAD_BOSOAK26JUL282140_OAK1.5,Baseball,Spread,Finalized,905,1287,0.76,0,0.75
2026-07-28,UDXMLBTOTAL_BALDET26JUL281840_12.5,Baseball,Total,Finalized,0,1284,0.61,0,0.61
2026-07-28,UDXMLBTOTAL_SEALAD26JUL282210_11.5,Baseball,Total,Finalized,406,1276,0.79,0,0.7
2026-07-28,UDXMLBTOTAL_TEXTB26JUL281840_12.5,Baseball,Total,Finalized,0,1254,0.18,0,0.18
2026-07-28,UDXMLBTOTAL_BOSOAK26JUL282140_9.5,Baseball,Total,Finalized,342,1249,0.55,0,0.07
2026-07-28,UDXMLBTOTAL_COLSD26JUL282140_6.5,Baseball,Total,Finalized,0,1240,0.93,0,0.93
2026-07-28,UDXMLBTOTAL_TEXTB26JUL281840_10.5,Baseball,Total,Finalized,0,1202,0.28,0,0.06
2026-07-28,UDXMLBSPREAD_CLECIN26JUL271910_CIN3.5,Baseball,Spread,Finalized,0,1199,0.25,0,0.18
2026-07-28,UDXMLBTOTAL_BALDET26JUL281840_14.5,Baseball,Total,Finalized,0,1190,0.17,0,0.17
2026-07-28,UDXMLBTOTAL_TEXTB26JUL281840_2.5,Baseball,Total,Finalized,0,1184,0.96,0,0.87
2026-07-28,UDXWNBASPREAD_INDSEA2026JUL28_IND6.5,Basketball (pro),Spread,Finalized,526,1171,0.93,0,0.93
2026-07-28,UDXMLBSPREAD_CHCSTL26JUL281945_CHC1.5,Baseball,Spread,Finalized,0,1144,0.97,0,0.97
2026-07-28,UDXMLBTOTAL_BOSOAK26JUL272140_6.5,Baseball,Total,Finalized,0,1143,0.37,0,0.13
2026-07-28,UDXMLBTOTAL_CLECIN26JUL271910_5.5,Baseball,Total,Finalized,0,1138,0.96,0,0.95
2026-07-28,UDXMLBTOTAL_TORWAS26JUL281845_11.5,Baseball,Total,Finalized,0,1126,0.92,0,0.61
2026-07-28,UDXMLBTOTAL_NYYCWS26JUL281940_5.5,Baseball,Total,Finalized,0,1115,0.66,0,0.06
2026-07-28,UDXWNBATOTAL_TORMIN2026JUL28_186.5,Basketball (pro),Total,Finalized,0,1109,0.84,0,0.84
2026-07-28,UDXMLBTOTAL_CLECIN26JUL271910_7.5,Baseball,Total,Finalized,0,1104,0.98,0,0.98
2026-07-28,UDXWNBASPREAD_INDSEA2026JUL28_IND3.5,Basketball (pro),Spread,Finalized,1056,1056,0.7,0,0.65
2026-07-28,UDXWNBASPREAD_INDSEA2026JUL28_IND15.5,Basketball (pro),Spread,Finalized,602,1046,0.62,0,0.45
2026-07-28,UDXMLBTOTAL_COLSD26JUL282140_7.5,Baseball,Total,Finalized,0,1024,0.89,0,0.8
2026-07-28,UDXMLBTOTAL_CLECIN26JUL281910_9.5,Baseball,Total,Finalized,0,1019,0.46,0,0.46
2026-07-28,UDXWNBATOTAL_NYLA2026JUL28_188.5,Basketball (pro),Total,Finalized,1015,1015,0.89,0,0.89
2026-07-28,UDXMLBTOTAL_BOSOAK26JUL282140_7.5,Baseball,Total,Finalized,615,1004,0.51,0,0.21
2026-07-28,UDXMLBTOTAL_BOSOAK26JUL282140_3.5,Baseball,Total,Finalized,924,966,0.73,0,0.63
2026-07-28,UDXMLBTOTAL_ARIPIT26JUL281840_7.5,Baseball,Total,Finalized,0,961,0.7,0,0.6
2026-07-28,UDXMLBSPREAD_SEALAD26JUL282210_SEA2.5,Baseball,Spread,Finalized,135,895,0.29,0,0.08
2026-07-28,UDXWNBATOTAL_CONNWSH2026JUL28_158.5,Basketball (pro),Total,Finalized,0,889,0.95,0,0.95
2026-07-28,UDXWNBASPREAD_CONNWSH2026JUL28_WSH4.5,Basketball (pro),Spread,Finalized,0,869,0.97,0,0.93
2026-07-28,UDXMLBSPREAD_HOULAA26JUL282138_HOU3.5,Baseball,Spread,Finalized,850,850,0.26,0,0.15
2026-07-28,UDXMLBTOTAL_COLSD26JUL282140_9.5,Baseball,Total,Finalized,412,839,0.72,0,0.64
2026-07-28,UDXMLBTOTAL_TEXTB26JUL281840_4.5,Baseball,Total,Finalized,0,819,0.77,0,0.77
2026-07-28,UDXMLBSPREAD_CHCSTL26JUL281945_CHC3.5,Baseball,Spread,Finalized,0,814,0.85,0,0.85
2026-07-28,UDXMLBTOTAL_CLECIN26JUL271910_4.5,Baseball,Total,Finalized,0,784,0.88,0,0.88
2026-07-28,UDXMLBSPREAD_HOULAA26JUL282138_HOU2.5,Baseball,Spread,Finalized,112,736,0.32,0,0.32
2026-07-28,UDXWNBAGAMEWIN_TORMIN2026JUL28_MIN,Basketball (pro),Moneyline,Finalized,0,730,0.98,0,0.98
2026-07-28,UDXMLBSPREAD_NYYCWS26JUL281940_CWS3.5,Baseball,Spread,Finalized,0,717,0.13,0,0.13
2026-07-28,UDXWNBATOTAL_TORMIN2026JUL28_189.5,Basketball (pro),Total,Finalized,0,695,0.92,0,0.92
2026-07-28,UDXMLBTOTAL_BALDET26JUL281840_13.5,Baseball,Total,Finalized,0,687,0.43,0,0.41
2026-07-28,UDXMLBTOTAL_BOSOAK26JUL272140_7.5,Baseball,Total,Finalized,0,657,0.13,0,0.09
2026-07-28,UDXWNBASPREAD_TORMIN2026JUL28_MIN6.5,Basketball (pro),Spread,Finalized,0,640,0.58,0,0.52
2026-07-28,UDXMLBTOTAL_TEXTB26JUL281840_6.5,Baseball,Total,Finalized,0,631,0.68,0,0.07
2026-07-28,UDXMLBSPREAD_SEALAD26JUL282210_LAD3.5,Baseball,Spread,Finalized,610,610,0.32,0,0.32
2026-07-28,UDXWNBATOTAL_NYLA2026JUL28_176.5,Basketball (pro),Total,Finalized,0,608,0.96,0,0.96
2026-07-28,UDXMLBTOTAL_ATLNYM26JUL281910_7.5,Baseball,Total,Finalized,459,605,0.48,0,0.48
2026-07-28,UDXMLBTOTAL_BOSOAK26JUL272140_8.5,Baseball,Total,Finalized,0,591,0.18,0,0.18
2026-07-28,UDXMLBTOTAL_PHIMIA26JUL281840_12.5,Baseball,Total,Finalized,0,588,0.18,0,0.18
2026-07-28,UDXWNBATOTAL_NYLA2026JUL28_185.5,Basketball (pro),Total,Finalized,343,586.36,0.93,0,0.93
2026-07-28,UDXMLBTOTAL_ARIPIT26JUL281840_3.5,Baseball,Total,Finalized,0,585,0.96,0,0.96
2026-07-28,UDXMLBTOTAL_NYYCWS26JUL281940_4.5,Baseball,Total,Finalized,0,584,0.62,0,0.44
2026-07-28,UDXMLBSPREAD_BALDET26JUL281840_DET3.5,Baseball,Spread,Finalized,0,551,0.93,0,0.93
2026-07-28,UDXWNBATOTAL_TORMIN2026JUL28_180.5,Basketball (pro),Total,Finalized,0,528,0.85,0,0.85
2026-07-28,UDXMLBGAMEWIN_PHIMIA26JUL291210_PHI,Baseball,Moneyline,Finalized,524,524,0.6,0,0.6
2026-07-28,UDXMLBTOTAL_BALDET26JUL281840_8.5,Baseball,Total,Finalized,0,516,0.94,0,0.94
2026-07-28,UDXMLBGAMEWIN_ATLNYM26JUL291310_ATL,Baseball,Moneyline,Finalized,462,508,0.54,0,0.52
2026-07-28,UDXMLBTOTAL_ARIPIT26JUL281840_6.5,Baseball,Total,Finalized,0,502,0.63,0,0.55
2026-07-28,UDXWNBASPREAD_TORMIN2026JUL28_TOR3.5,Basketball (pro),Spread,Finalized,0,502,0.07,0,0.03
2026-07-28,UDXMLBSPREAD_PHIMIA26JUL281840_PHI1.5,Baseball,Spread,Finalized,0,500,0.38,0,0.35
2026-07-28,UDXMLBSPREAD_CLECIN26JUL281910_CIN1.5,Baseball,Spread,Finalized,0,497,0.86,0,0.86
2026-07-28,UDXMLBSPREAD_CLECIN26JUL271910_CIN2.5,Baseball,Spread,Finalized,0,494,0.34,0,0.18
2026-07-28,UDXMLBTOTAL_BALDET26JUL281840_10.5,Baseball,Total,Finalized,0,487,0.78,0,0.73
2026-07-28,UDXMLBTOTAL_NYYCWS26JUL281940_12.5,Baseball,Total,Finalized,0,486,0.29,0,0.29
2026-07-28,UDXWNBASPREAD_NYLA2026JUL28_LA6.5,Basketball (pro),Spread,Finalized,426,471,0.44,0,0.38
2026-07-28,UDXMLBSPREAD_TEXTB26JUL281840_TB3.5,Baseball,Spread,Finalized,0,465,0.11,0,0.11
2026-07-28,UDXMLBSPREAD_NYYCWS26JUL281940_NYY3.5,Baseball,Spread,Finalized,0,454,0.45,0,0.22
2026-07-28,UDXMLBSPREAD_CHCSTL26JUL281945_CHC2.5,Baseball,Spread,Finalized,0,450,0.98,0,0.98
2026-07-28,UDXMLBSPREAD_NYYCWS26JUL281940_CWS1.5,Baseball,Spread,Finalized,0,424,0.31,0,0.3
2026-07-28,UDXMLBTOTAL_NYYCWS26JUL281940_3.5,Baseball,Total,Finalized,0,419,0.68,0,0.21
2026-07-28,UDXMLBSPREAD_PHIMIA26JUL281840_MIA2.5,Baseball,Spread,Finalized,0,417,0.37,0,0.37
2026-07-28,UDXMLBSPREAD_BOSOAK26JUL272140_BOS1.5,Baseball,Spread,Finalized,0,416.26,0.86,0,0.86
2026-07-28,UDXMLBTOTAL_TEXTB26JUL281840_3.5,Baseball,Total,Finalized,0,394,0.9,0,0.66
2026-07-28,UDXWNBASPREAD_TORMIN2026JUL28_MIN12.5,Basketball (pro),Spread,Finalized,0,391,0.7,0,0.11
2026-07-28,UDXMLBSPREAD_NYYCWS26JUL281940_NYY2.5,Baseball,Spread,Finalized,0,381,0.8,0,0.8
2026-07-28,UDXWNBATOTAL_TORMIN2026JUL28_183.5,Basketball (pro),Total,Finalized,0,381,0.92,0,0.92
2026-07-28,UDXMLBTOTAL_CLECIN26JUL281910_10.5,Baseball,Total,Finalized,0,361,0.36,0,0.36
2026-07-28,UDXMLBTOTAL_BOSOAK26JUL282140_11.5,Baseball,Total,Finalized,310,360,0.38,0,0.37
2026-07-28,UDXMLBSPREAD_ATLNYM26JUL281910_ATL1.5,Baseball,Spread,Finalized,336,358,0.46,0,0.46
2026-07-28,UDXMLBTOTAL_HOULAA26JUL272138_11.5,Baseball,Total,Finalized,0,356,0.29,0,0.23
2026-07-28,UDXMLBTOTAL_KANMIN26JUL281940_3.5,Baseball,Total,Finalized,0,343,0.78,0,0.26
2026-07-28,UDXMLBTOTAL_HOULAA26JUL282138_4.5,Baseball,Total,Finalized,340,340,0.85,0,0.85
2026-07-28,UDXMLBSPREAD_BALDET26JUL281840_BAL2.5,Baseball,Spread,Finalized,0,329,0.23,0,0.23
2026-07-28,UDXMLBTOTAL_SEALAD26JUL282210_10.5,Baseball,Total,Finalized,295,327,0.84,0,0.84
2026-07-28,UDXMLBTOTAL_PHIMIA26JUL281840_9.5,Baseball,Total,Finalized,0,319,0.41,0,0.05
2026-07-28,UDXMLBSPREAD_ARIPIT26JUL281840_ARI5.5,Baseball,Spread,Finalized,0,306,0.62,0,0.05
2026-07-28,UDXMLBTOTAL_CLECIN26JUL281910_4.5,Baseball,Total,Finalized,0,302,0.81,0,0.07
2026-07-28,UDXMLBTOTAL_SEALAD26JUL282210_7.5,Baseball,Total,Finalized,0,296,0.7,0,0.68
2026-07-28,UDXMLBTOTAL_ARIPIT26JUL281840_11.5,Baseball,Total,Finalized,0,283,0.54,0,0.29
2026-07-28,UDXMLBSPREAD_HOULAA26JUL272138_LAA3.5,Baseball,Spread,Finalized,0,276,0.1,0,0.03
2026-07-28,UDXWNBAGAMEWIN_ATLDAL2026JUL29_DAL,Basketball (pro),Moneyline,Finalized,273,273,0.51,0,0.51
2026-07-28,UDXMLBSPREAD_TORWAS26JUL281845_TOR3.5,Baseball,Spread,Finalized,0,262,0.18,0,0.18
2026-07-28,UDXWNBASPREAD_INDSEA2026JUL28_SEA9.5,Basketball (pro),Spread,Finalized,253,253,0.02,0,0.02
2026-07-28,UDXMLBGAMEWIN_ATLNYM26JUL291310_NYM,Baseball,Moneyline,Finalized,247,247,0.49,0,0.49
2026-07-28,UDXMLBSPREAD_TORWAS26JUL281845_WAS3.5,Baseball,Spread,Finalized,0,241,0.69,0,0.69
2026-07-28,UDXWNBASPREAD_NYLA2026JUL28_NY12.5,Basketball (pro),Spread,Finalized,87,239,0.36,0,0.08
2026-07-28,UDXMLBTOTAL_KANMIN26JUL281940_2.5,Baseball,Total,Finalized,0,235,0.88,0,0.88
2026-07-28,UDXMLBTOTAL_CLECIN26JUL271910_2.5,Baseball,Total,Finalized,0,234,0.96,0,0.96
2026-07-28,UDXMLBSPREAD_PHIMIA26JUL281840_MIA3.5,Baseball,Spread,Finalized,0,231,0.25,0,0.25
2026-07-28,UDXMLBSPREAD_TEXTB26JUL281840_TEX2.5,Baseball,Spread,Finalized,0,229,0.52,0,0.52
2026-07-28,UDXWNBATOTAL_NYLA2026JUL28_173.5,Basketball (pro),Total,Finalized,0,222,0.74,0,0.73
2026-07-28,UDXWNBATOTAL_INDSEA2026JUL28_170.5,Basketball (pro),Total,Finalized,0,216,0.84,0,0.84
2026-07-28,UDXMLBTOTAL_BALDET26JUL281840_3.5,Baseball,Total,Finalized,0,213,0.89,0,0.89
2026-07-28,UDXWNBATOTAL_INDSEA2026JUL28_173.5,Basketball (pro),Total,Finalized,0,203,0.79,0,0.79
2026-07-28,UDXMLBSPREAD_ARIPIT26JUL281840_ARI4.5,Baseball,Spread,Finalized,0,199,0.61,0,0.61
2026-07-28,UDXWNBASPREAD_TORMIN2026JUL28_MIN24.5,Basketball (pro),Spread,Finalized,0,198,0.25,0,0.2
2026-07-28,UDXMLBTOTAL_CHCSTL26JUL281945_7.5,Baseball,Total,Finalized,0,192,0.76,0,0.76
2026-07-28,UDXMLBSPREAD_SEALAD26JUL282210_SEA3.5,Baseball,Spread,Finalized,171,171,0.11,0,0.11
2026-07-28,UDXMLBTOTAL_ATLNYM26JUL281910_4.5,Baseball,Total,Finalized,170,170,0.81,0,0.81
2026-07-28,UDXMLBGAMEWIN_PHIMIA26JUL291210_MIA,Baseball,Moneyline,Finalized,117,163,0.41,0,0.4
2026-07-28,UDXMLBTOTAL_CLECIN26JUL281910_6.5,Baseball,Total,Finalized,0,161,0.6,0,0.56
2026-07-28,UDXMLBSPREAD_COLSD26JUL282140_COL2.5,Baseball,Spread,Finalized,119,155,0.27,0,0.27
2026-07-28,UDXWNBASPREAD_NYLA2026JUL28_LA1.5,Basketball (pro),Spread,Finalized,117,152,0.47,0,0.44
2026-07-28,UDXWNBATOTAL_INDSEA2026JUL28_179.5,Basketball (pro),Total,Finalized,0,142,0.97,0,0.97
2026-07-28,UDXMLBSPREAD_TORWAS26JUL281845_TOR1.5,Baseball,Spread,Finalized,0,141,0.31,0,0.31
2026-07-28,UDXWNBASPREAD_TORMIN2026JUL28_MIN9.5,Basketball (pro),Spread,Finalized,0,141,0.42,0,0.15
2026-07-28,UDXMLBSPREAD_COLSD26JUL282140_SD3.5,Baseball,Spread,Finalized,138,138,0.1,0,0.1
2026-07-28,UDXMLBSPREAD_CLECIN26JUL281910_CLE1.5,Baseball,Spread,Finalized,0,121,0.46,0,0.33
2026-07-28,UDXWNBASPREAD_TORMIN2026JUL28_MIN27.5,Basketball (pro),Spread,Finalized,0,119,0.17,0,0.17
2026-07-28,UDXWNBATOTAL_INDSEA2026JUL28_182.5,Basketball (pro),Total,Finalized,0,117,0.96,0,0.96
2026-07-28,UDXMLBGAMEWIN_BALDET26JUL291310_DET,Baseball,Moneyline,Finalized,115,115,0.62,0,0.62
2026-07-28,UDXMLBTOTAL_HOULAA26JUL272138_12.5,Baseball,Total,Finalized,0,110,0.23,0,0.17
2026-07-28,UDXMLBSPREAD_TEXTB26JUL281840_TB2.5,Baseball,Spread,Finalized,0,109,0.33,0,0.33
2026-07-28,UDXMLBTOTAL_BALDET26JUL281840_6.5,Baseball,Total,Finalized,0,108,0.82,0,0.82
2026-07-28,UDXMLBGAMEWIN_ATLNYM26JUL281910_NYM,Baseball,Moneyline,Finalized,117,107,0.41,0,0.41
2026-07-28,UDXMLBSPREAD_TORWAS26JUL281845_WAS5.5,Baseball,Spread,Finalized,0,107,0.43,0,0.43
2026-07-28,UDXWNBATOTAL_CONNWSH2026JUL28_155.5,Basketball (pro),Total,Finalized,0,107,0.64,0,0.64
2026-07-28,UDXMLBSPREAD_BOSOAK26JUL282140_BOS3.5,Baseball,Spread,Finalized,105,105,0.18,0,0.18
2026-07-28,UDXWNBATOTAL_CONNWSH2026JUL28_152.5,Basketball (pro),Total,Finalized,0,102,0.98,0,0.98
2026-07-28,UDXMLBTOTAL_CHCSTL26JUL271945_10.5,Baseball,Total,Finalized,0,86,0.21,0,0.21
2026-07-28,UDXWNBASPREAD_INDSEA2026JUL28_IND1.5,Basketball (pro),Spread,Finalized,85,85,0.89,0,0.89
2026-07-28,UDXMLBTOTAL_CLECIN26JUL271910_3.5,Baseball,Total,Finalized,0,82,0.92,0,0.92
2026-07-28,UDXMLBSPREAD_BOSOAK26JUL282140_BOS2.5,Baseball,Spread,Finalized,78,81,0.37,0,0.17
2026-07-28,UDXMLBGAMEWIN_KANMIN26JUL291940_MIN,Baseball,Moneyline,Finalized,78,78,0.62,0,0.62
2026-07-28,UDXMLBGAMEWIN_TEXTB26JUL291840_TB,Baseball,Moneyline,Finalized,76,76,0.56,0,0.56
2026-07-28,UDXMLBSPREAD_HOULAA26JUL272138_HOU2.5,Baseball,Spread,Finalized,0,75,0.29,0,0.05
2026-07-28,UDXMLBSPREAD_BOSOAK26JUL272140_BOS2.5,Baseball,Spread,Finalized,0,70,0.16,0,0.16
2026-07-28,UDXMLBSPREAD_CHCSTL26JUL281945_STL1.5,Baseball,Spread,Finalized,0,70,0.32,0,0.32
2026-07-28,UDXMLBSPREAD_PHIMIA26JUL291210_PHI1.5,Baseball,Spread,Finalized,67,67,0.47,0,0.47
2026-07-28,UDXMLBSPREAD_HOULAA26JUL282138_LAA1.5,Baseball,Spread,Finalized,35,66,0.33,0,0.33
2026-07-28,UDXMLBGAMEWIN_CHCSTL26JUL291945_CHC,Baseball,Moneyline,Finalized,65,65,0.53,0,0.53
2026-07-28,UDXMLBSPREAD_KANMIN26JUL281940_KAN2.5,Baseball,Spread,Finalized,0,62,0.21,0,0.21
2026-07-28,UDXWNBASPREAD_CONNWSH2026JUL28_CONN1.5,Basketball (pro),Spread,Finalized,0,62,0.46,0,0.3
2026-07-28,UDXMLBSPREAD_PHIMIA26JUL281840_PHI2.5,Baseball,Spread,Finalized,0,61,0.27,0,0.23
2026-07-28,UDXMLBTOTAL_SEALAD26JUL282210_4.5,Baseball,Total,Finalized,0,58,0.92,0,0.92
2026-07-28,UDXMLBGAMEWIN_TEXTB26JUL291840_TEX,Baseball,Moneyline,Finalized,55,55,0.45,0,0.45
2026-07-28,UDXWNBATOTAL_CONNWSH2026JUL28_146.5,Basketball (pro),Total,Finalized,0,54,0.82,0,0.82
2026-07-28,UDXMLBGAMEWIN_BALDET26JUL291310_BAL,Baseball,Moneyline,Finalized,47,47,0.4,0,0.4
2026-07-28,UDXMLBSPREAD_HOULAA26JUL272138_HOU3.5,Baseball,Spread,Finalized,0,44,0.17,0,0.17
2026-07-28,UDXWNBASPREAD_NYLA2026JUL28_LA9.5,Basketball (pro),Spread,Finalized,41,41,0.29,0,0.29
2026-07-28,UDXMLBSPREAD_TORWAS26JUL281845_TOR2.5,Baseball,Spread,Finalized,0,41,0.23,0,0.23
2026-07-28,UDXWNBATOTAL_NYLA2026JUL28_179.5,Basketball (pro),Total,Finalized,0,41,0.59,0,0.59
2026-07-28,UDXMLBTOTAL_ATLNYM26JUL281910_9.5,Baseball,Total,Finalized,40,40,0.28,0,0.28
2026-07-28,UDXWNBATOTAL_TORMIN2026JUL28_177.5,Basketball (pro),Total,Finalized,0,34,0.72,0,0.72
2026-07-28,UDXMLBSPREAD_ARIPIT26JUL281840_ARI6.5,Baseball,Spread,Finalized,0,25,0.58,0,0.58
2026-07-28,UDXMLBSPREAD_ARIPIT26JUL281840_PIT3.5,Baseball,Spread,Finalized,0,24,0.19,0,0.19
2026-07-28,UDXMLBTOTAL_BOSOAK26JUL272140_9.5,Baseball,Total,Finalized,0,24,0.07,0,0.07
2026-07-28,UDXMLBTOTAL_CHCSTL26JUL281945_6.5,Baseball,Total,Finalized,0,24,0.72,0,0.72
2026-07-28,UDXMLBSPREAD_KANMIN26JUL281940_MIN2.5,Baseball,Spread,Finalized,0,21,0.44,0,0.44
2026-07-28,UDXMLBSPREAD_BALDET26JUL281840_DET9.5,Baseball,Spread,Finalized,0,20,0.47,0,0.47
2026-07-28,UDXMLBTOTAL_TEXTB26JUL281840_11.5,Baseball,Total,Finalized,0,19,0.22,0,0.22
2026-07-28,UDXWNBASPREAD_CONNWSH2026JUL28_CONN6.5,Basketball (pro),Spread,Finalized,0,19,0.19,0,0.19
2026-07-28,UDXMLBSPREAD_BOSOAK26JUL282140_OAK3.5,Baseball,Spread,Finalized,0,18,0.12,0,0.12
2026-07-28,UDXWNBATOTAL_ATLDAL2026JUL29_178.5,Basketball (pro),Total,Finalized,17,17,0.54,0,0.54
2026-07-28,UDXMLBTOTAL_KANMIN26JUL281940_10.5,Baseball,Total,Finalized,0,15,0.37,0,0.37
2026-07-28,UDXMLBTOTAL_PHIMIA26JUL291210_8.5,Baseball,Total,Finalized,12,12,0.43,0,0.43
2026-07-28,UDXWNBASPREAD_GSVPHX2026JUL29_GSV4.5,Basketball (pro),Spread,Finalized,12,12,0.54,0,0.54
2026-07-28,UDXWNBATOTAL_CONNWSH2026JUL28_143.5,Basketball (pro),Total,Finalized,0,11.51,0.86,0,0.86
2026-07-28,UDXMLBTOTAL_COLSD26JUL282140_5.5,Baseball,Total,Finalized,0,11,0.75,0,0.75
2026-07-28,UDXMLBGAMEWIN_TORWAS26JUL291305_TOR,Baseball,Moneyline,Finalized,9,9,0.53,0,0.53
2026-07-28,UDXWNBAGAMEWIN_GSVPHX2026JUL29_GSV,Basketball (pro),Moneyline,Finalized,7,7,0.66,0,0.66
2026-07-28,UDXMLBTOTAL_TORWAS26JUL281845_5.5,Baseball,Total,Finalized,0,6,0.79,0,0.79
2026-07-28,UDXMLBGAMEWIN_TORWAS26JUL291305_WAS,Baseball,Moneyline,Finalized,5,5,0.48,0,0.48
2026-07-28,UDXMLBTOTAL_TORWAS26JUL281845_15.5,Baseball,Total,Finalized,0,3,0.28,0,0.28
2026-07-28,UDXMLBGAMEWIN_ARIPIT26JUL291235_PIT,Baseball,Moneyline,Finalized,2,2,0.57,0,0.57
2026-07-28,UDXMLBSPREAD_HOULAA26JUL282138_LAA2.5,Baseball,Spread,Finalized,2,2,0.12,0,0.12
2026-07-28,UDXMLBTOTAL_HOULAA26JUL282138_3.5,Baseball,Total,Finalized,0,2,0.94,0,0.94
2026-07-28,UDXMLBSPREAD_CHCSTL26JUL271945_CHC3.5,Baseball,Spread,Finalized,0,1,0.82,0,0.82
2026-07-29,UDXMLBGAMEWIN_BALDET26JUL291310_BAL,Baseball,Moneyline,Finalized,0,90660.68,0.86,0,0.8
2026-07-29,UDXMLBGAMEWIN_CHCSTL26JUL291945_CHC,Baseball,Moneyline,Finalized,0,88983.71,0.87,0,0.43
2026-07-29,UDXMLBGAMEWIN_NYYCWS26JUL291940_NYY,Baseball,Moneyline,Finalized,0,84592.25,0.97,0,0.23
2026-07-29,UDXMLBGAMEWIN_BOSOAK26JUL292140_BOS,Baseball,Moneyline,Finalized,66939.56,73085.56,0.65,0,0.57
2026-07-29,UDXWNBAGAMEWIN_ATLDAL2026JUL29_DAL,Basketball (pro),Moneyline,Finalized,0,71158.35,0.98,0,0.43
2026-07-29,UDXMLBGAMEWIN_ATLNYM26JUL291310_ATL,Baseball,Moneyline,Finalized,0,69402.79,0.63,0,0.08
2026-07-29,UDXMLBGAMEWIN_NYYCWS26JUL291940_CWS,Baseball,Moneyline,Finalized,0,53822.23,0.91,0,0.77
2026-07-29,UDXMLBGAMEWIN_BALDET26JUL291310_DET,Baseball,Moneyline,Finalized,0,50936.85,0.98,0,0.21
2026-07-29,UDXMLBGAMEWIN_HOULAA26JUL292138_HOU,Baseball,Moneyline,Finalized,29910,49110,0.95,0,0.93
2026-07-29,UDXMLBTOTAL_CHCSTL26JUL291945_8.5,Baseball,Total,Finalized,0,48103,0.46,0,0.06
2026-07-29,UDXMLBGAMEWIN_PHIMIA26JUL291210_PHI,Baseball,Moneyline,Finalized,0,46466.26,0.98,0,0.02
2026-07-29,UDXMLBGAMEWIN_TEXTB26JUL291840_TEX,Baseball,Moneyline,Finalized,0,46373.71,0.44,0,0.02
2026-07-29,UDXMLBGAMEWIN_COLSD26JUL282140_COL,Baseball,Moneyline,Finalized,0,41926.7,0.71,0,0.06
2026-07-29,UDXMLBGAMEWIN_SEALAD26JUL282210_LAD,Baseball,Moneyline,Finalized,0,34443.33,0.63,0,0.24
2026-07-29,UDXMLBGAMEWIN_SEALAD26JUL292210_LAD,Baseball,Moneyline,Finalized,27324.61,33756.61,0.96,0,0.93
2026-07-29,UDXWNBAGAMEWIN_GSVPHX2026JUL29_PHX,Basketball (pro),Moneyline,Finalized,23883.94,33295.94,0.57,0,0.19
2026-07-29,UDXWNBAGAMEWIN_ATLDAL2026JUL29_ATL,Basketball (pro),Moneyline,Finalized,0,31941.17,0.56,0,0.2
2026-07-29,UDXMLBGAMEWIN_CHCSTL26JUL291945_STL,Baseball,Moneyline,Finalized,0,30617,0.64,0,0.39
2026-07-29,UDXMLBGAMEWIN_SEALAD26JUL292210_SEA,Baseball,Moneyline,Finalized,25939.22,29515.2,0.42,0,0.03
2026-07-29,UDXMLBGAMEWIN_TORWAS26JUL291305_WAS,Baseball,Moneyline,Finalized,0,28154,0.68,0,0.06
2026-07-29,UDXMLBGAMEWIN_TEXTB26JUL291840_TB,Baseball,Moneyline,Finalized,0,26515.26,0.98,0,0.98
2026-07-29,UDXMLBGAMEWIN_PHIMIA26JUL291210_MIA,Baseball,Moneyline,Finalized,0,26144.03,0.98,0,0.98
2026-07-29,UDXMLBGAMEWIN_TORWAS26JUL291305_TOR,Baseball,Moneyline,Finalized,0,25360.26,0.98,0,0.94
2026-07-29,UDXMLBGAMEWIN_COLSD26JUL282140_SD,Baseball,Moneyline,Finalized,0,24632,0.95,0,0.94
2026-07-29,UDXWNBAGAMEWIN_GSVPHX2026JUL29_GSV,Basketball (pro),Moneyline,Finalized,18201.75,23288.75,0.91,0,0.86
2026-07-29,UDXMLBGAMEWIN_CLECIN26JUL291910_CIN,Baseball,Moneyline,Finalized,0,22663.18,0.6,0,0.02
2026-07-29,UDXMLBGAMEWIN_COLSD26JUL291610_COL,Baseball,Moneyline,Finalized,0,22148.05,0.43,0,0.02
2026-07-29,UDXMLBGAMEWIN_BOSOAK26JUL292140_OAK,Baseball,Moneyline,Finalized,19251.34,22001.34,0.65,0,0.43
2026-07-29,UDXMLBGAMEWIN_CLECIN26JUL291910_CLE,Baseball,Moneyline,Finalized,0,21171,0.98,0,0.98
2026-07-29,UDXMLBGAMEWIN_ARIPIT26JUL291235_ARI,Baseball,Moneyline,Finalized,0,20714.08,0.97,0,0.97
2026-07-29,UDXWNBATOTAL_GSVPHX2026JUL29_157.5,Basketball (pro),Total,Finalized,9537,20303,0.92,0,0.86
2026-07-29,UDXMLBTOTAL_PHIMIA26JUL291210_7.5,Baseball,Total,Finalized,0,17037,0.91,0,0.91
2026-07-29,UDXMLBGAMEWIN_KANMIN26JUL291940_MIN,Baseball,Moneyline,Finalized,0,16688.56,0.67,0,0.02
2026-07-29,UDXMLBTOTAL_TORWAS26JUL291305_7.5,Baseball,Total,Finalized,0,15486,0.8,0,0.11
2026-07-29,UDXMLBGAMEWIN_ATLNYM26JUL291310_NYM,Baseball,Moneyline,Finalized,0,15343.08,0.98,0,0.93
2026-07-29,UDXMLBSPREAD_CLECIN26JUL291910_CLE1.5,Baseball,Spread,Finalized,0,14996,0.95,0,0.95
2026-07-29,UDXMLBTOTAL_BOSOAK26JUL292140_10.5,Baseball,Total,Finalized,7222,13258.94,0.57,0,0.07
2026-07-29,UDXMLBTOTAL_TEXTB26JUL291840_7.5,Baseball,Total,Finalized,0,13253,0.73,0,0.02
2026-07-29,UDXMLBSPREAD_SEALAD26JUL292210_LAD1.5,Baseball,Spread,Finalized,7880.29,12664.29,0.9,0,0.81
2026-07-29,UDXMLBGAMEWIN_HOULAA26JUL292138_LAA,Baseball,Moneyline,Finalized,7045,12635.94,0.77,0,0.12
2026-07-29,UDXMLBGAMEWIN_SEALAD26JUL282210_SEA,Baseball,Moneyline,Finalized,0,12419,0.93,0,0.74
2026-07-29,UDXMLBTOTAL_SEALAD26JUL292210_9.5,Baseball,Total,Finalized,6377,12406,0.53,0,0.12
2026-07-29,UDXMLBSPREAD_PHIMIA26JUL291210_PHI1.5,Baseball,Spread,Finalized,0,12053,0.95,0,0.04
2026-07-29,UDXMLBTOTAL_CLECIN26JUL291910_8.5,Baseball,Total,Finalized,0,11879,0.54,0,0.1
2026-07-29,UDXMLBGAMEWIN_KANMIN26JUL291940_KAN,Baseball,Moneyline,Finalized,0,11391,0.98,0,0.98
2026-07-29,UDXMLBGAMEWIN_ARIPIT26JUL291235_PIT,Baseball,Moneyline,Finalized,0,11223.18,0.62,0,0.02
2026-07-29,UDXMLBTOTAL_CHCSTL26JUL291945_3.5,Baseball,Total,Finalized,0,10703,0.89,0,0.61
2026-07-29,UDXMLBGAMEWIN_COLSD26JUL291610_SD,Baseball,Moneyline,Finalized,0,10516.57,0.97,0,0.95
2026-07-29,UDXMLBSPREAD_BALDET26JUL291310_BAL1.5,Baseball,Spread,Finalized,0,10492,0.59,0,0.05
2026-07-29,UDXMLBTOTAL_NYYCWS26JUL291940_7.5,Baseball,Total,Finalized,0,9818.89,0.85,0,0.2
2026-07-29,UDXMLBTOTAL_COLSD26JUL291610_8.5,Baseball,Total,Finalized,0,9694.1,0.51,0,0.13
2026-07-29,UDXMLBTOTAL_BOSOAK26JUL292140_7.5,Baseball,Total,Finalized,9059,9601,0.55,0,0.36
2026-07-29,UDXMLBTOTAL_COLSD26JUL291610_4.5,Baseball,Total,Finalized,0,9355,0.7,0,0.03
2026-07-29,UDXMLBGAMEWIN_HOULAA26JUL282138_HOU,Baseball,Moneyline,Finalized,0,9147,0.97,0,0.95
2026-07-29,UDXWNBASPREAD_ATLDAL2026JUL29_DAL6.5,Basketball (pro),Spread,Finalized,0,9064,0.68,0,0.03
2026-07-29,UDXWNBATOTAL_ATLDAL2026JUL29_181.5,Basketball (pro),Total,Finalized,0,8881.19,0.55,0,0.06
2026-07-29,UDXMLBTOTAL_TEXTB26JUL291840_9.5,Baseball,Total,Finalized,0,8873,0.54,0,0.02
2026-07-29,UDXMLBTOTAL_CHCSTL26JUL291945_7.5,Baseball,Total,Finalized,0,8546.39,0.54,0,0.03
2026-07-29,UDXMLBTOTAL_ATLNYM26JUL291310_5.5,Baseball,Total,Finalized,0,7879,0.78,0,0.1
2026-07-29,UDXMLBTOTAL_TEXTB26JUL291840_5.5,Baseball,Total,Finalized,0,7811,0.91,0,0.06
2026-07-29,UDXMLBTOTAL_TORWAS26JUL291305_9.5,Baseball,Total,Finalized,0,7733,0.54,0,0.28
2026-07-29,UDXWNBASPREAD_GSVPHX2026JUL29_GSV4.5,Basketball (pro),Spread,Finalized,4509.36,7679.36,0.82,0,0.62
2026-07-29,UDXMLBGAMEWIN_HOULAA26JUL282138_LAA,Baseball,Moneyline,Finalized,0,7445,0.58,0,0.03
2026-07-29,UDXMLBTOTAL_COLSD26JUL291610_5.5,Baseball,Total,Finalized,0,7366,0.63,0,0.09
2026-07-29,UDXMLBTOTAL_TORWAS26JUL291305_5.5,Baseball,Total,Finalized,0,7345,0.73,0,0.38
2026-07-29,UDXMLBSPREAD_CHCSTL26JUL291945_CHC1.5,Baseball,Spread,Finalized,0,7288,0.6,0,0.04
2026-07-29,UDXMLBSPREAD_HOULAA26JUL292138_HOU1.5,Baseball,Spread,Finalized,4531,6812,0.78,0,0.77
2026-07-29,UDXMLBSPREAD_COLSD26JUL291610_SD1.5,Baseball,Spread,Finalized,0,6806,0.97,0,0.97
2026-07-29,UDXMLBSPREAD_BOSOAK26JUL292140_BOS1.5,Baseball,Spread,Finalized,3647,6801,0.52,0,0.38
2026-07-29,UDXWNBASPREAD_ATLDAL2026JUL29_DAL3.5,Basketball (pro),Spread,Finalized,0,6739,0.85,0,0.26
2026-07-29,UDXWNBATOTAL_ATLDAL2026JUL29_166.5,Basketball (pro),Total,Finalized,0,6729,0.83,0,0.12
2026-07-29,UDXMLBSPREAD_BALDET26JUL291310_DET1.5,Baseball,Spread,Finalized,0,6715,0.97,0,0.04
2026-07-29,UDXWNBASPREAD_GSVPHX2026JUL29_GSV1.5,Basketball (pro),Spread,Finalized,5303,6621,0.89,0,0.89
2026-07-29,UDXMLBTOTAL_CHCSTL26JUL291945_4.5,Baseball,Total,Finalized,0,6572,0.84,0,0.65
2026-07-29,UDXMLBTOTAL_HOULAA26JUL292138_10.5,Baseball,Total,Finalized,3092,6404,0.63,0,0.46
2026-07-29,UDXMLBTOTAL_PHIMIA26JUL291210_9.5,Baseball,Total,Finalized,0,6379,0.93,0,0.84
2026-07-29,UDXWNBATOTAL_GSVPHX2026JUL29_154.5,Basketball (pro),Total,Finalized,3462.69,6224.69,0.96,0,0.8
2026-07-29,UDXMLBTOTAL_CHCSTL26JUL291945_2.5,Baseball,Total,Finalized,0,6027,0.95,0,0.87
2026-07-29,UDXMLBSPREAD_SEALAD26JUL292210_LAD3.5,Baseball,Spread,Finalized,3911,6018,0.69,0,0.69
2026-07-29,UDXMLBTOTAL_ARIPIT26JUL291235_3.5,Baseball,Total,Finalized,0,6012,0.86,0,0.12
2026-07-29,UDXMLBTOTAL_ARIPIT26JUL291235_5.5,Baseball,Total,Finalized,0,5838,0.63,0,0.04
2026-07-29,UDXWNBASPREAD_ATLDAL2026JUL29_DAL1.5,Basketball (pro),Spread,Finalized,0,5810,0.94,0,0.56
2026-07-29,UDXMLBSPREAD_TEXTB26JUL291840_TB1.5,Baseball,Spread,Finalized,0,5760,0.91,0,0.91
2026-07-29,UDXMLBTOTAL_NYYCWS26JUL291940_9.5,Baseball,Total,Finalized,0,5758,0.66,0,0.26
2026-07-29,UDXWNBATOTAL_ATLDAL2026JUL29_175.5,Basketball (pro),Total,Finalized,0,5746,0.67,0,0.04
2026-07-29,UDXMLBSPREAD_NYYCWS26JUL291940_NYY1.5,Baseball,Spread,Finalized,0,5669.79,0.88,0,0.39
2026-07-29,UDXMLBTOTAL_HOULAA26JUL292138_9.5,Baseball,Total,Finalized,3315,5617,0.79,0,0.58
2026-07-29,UDXMLBTOTAL_TORWAS26JUL291305_8.5,Baseball,Total,Finalized,0,5474,0.59,0,0.12
2026-07-29,UDXMLBTOTAL_SEALAD26JUL282210_12.5,Baseball,Total,Finalized,0,5463,0.67,0,0.28
2026-07-29,UDXMLBTOTAL_HOULAA26JUL282138_5.5,Baseball,Total,Finalized,0,5454.86,0.56,0,0.06
2026-07-29,UDXMLBTOTAL_TORWAS26JUL291305_3.5,Baseball,Total,Finalized,0,5382,0.95,0,0.85
2026-07-29,UDXMLBTOTAL_TORWAS26JUL291305_4.5,Baseball,Total,Finalized,0,5302,0.74,0,0.62
2026-07-29,UDXMLBTOTAL_CLECIN26JUL291910_7.5,Baseball,Total,Finalized,0,5195.86,0.82,0,0.2
2026-07-29,UDXMLBTOTAL_KANMIN26JUL291940_7.5,Baseball,Total,Finalized,0,5175,0.64,0,0.07
2026-07-29,UDXMLBSPREAD_COLSD26JUL282140_COL1.5,Baseball,Spread,Finalized,0,5164,0.26,0,0.13
2026-07-29,UDXMLBTOTAL_ATLNYM26JUL291310_6.5,Baseball,Total,Finalized,0,5156,0.64,0,0.23
2026-07-29,UDXMLBTOTAL_TEXTB26JUL291840_8.5,Baseball,Total,Finalized,0,5145,0.66,0,0.03
2026-07-29,UDXMLBTOTAL_BALDET26JUL291310_7.5,Baseball,Total,Finalized,0,4991,0.87,0,0.79
2026-07-29,UDXWNBASPREAD_GSVPHX2026JUL29_GSV10.5,Basketball (pro),Spread,Finalized,1826,4816,0.53,0,0.37
2026-07-29,UDXMLBTOTAL_TORWAS26JUL291305_6.5,Baseball,Total,Finalized,0,4767,0.67,0,0.6
2026-07-29,UDXMLBTOTAL_BOSOAK26JUL292140_8.5,Baseball,Total,Finalized,3174,4670,0.59,0,0.24
2026-07-29,UDXMLBTOTAL_COLSD26JUL291610_7.5,Baseball,Total,Finalized,0,4633,0.58,0,0.01
2026-07-29,UDXMLBTOTAL_SEALAD26JUL292210_8.5,Baseball,Total,Finalized,3933,4445,0.62,0,0.18
2026-07-29,UDXMLBTOTAL_HOULAA26JUL292138_11.5,Baseball,Total,Finalized,2609,4295,0.58,0,0.39
2026-07-29,UDXMLBTOTAL_ARIPIT26JUL291235_8.5,Baseball,Total,Finalized,0,4249,0.52,0,0.02
2026-07-29,UDXMLBSPREAD_TEXTB26JUL291840_TB3.5,Baseball,Spread,Finalized,0,4182,0.5,0,0.21
2026-07-29,UDXMLBTOTAL_SEALAD26JUL292210_7.5,Baseball,Total,Finalized,2256,4123,0.69,0,0.26
2026-07-29,UDXMLBTOTAL_ARIPIT26JUL291235_6.5,Baseball,Total,Finalized,0,4117,0.61,0,0.07
2026-07-29,UDXMLBTOTAL_TEXTB26JUL291840_3.5,Baseball,Total,Finalized,0,3835,0.77,0,0.13
2026-07-29,UDXMLBSPREAD_COLSD26JUL291610_SD2.5,Baseball,Spread,Finalized,0,3707,0.74,0,0.28
2026-07-29,UDXMLBTOTAL_BALDET26JUL291310_8.5,Baseball,Total,Finalized,0,3695,0.78,0,0.78
2026-07-29,UDXMLBTOTAL_CHCSTL26JUL291945_1.5,Baseball,Total,Finalized,0,3657,0.79,0,0.5
2026-07-29,UDXMLBTOTAL_BOSOAK26JUL292140_9.5,Baseball,Total,Finalized,2473,3647,0.6,0,0.25
2026-07-29,UDXMLBTOTAL_SEALAD26JUL282210_13.5,Baseball,Total,Finalized,0,3641,0.68,0,0.26
2026-07-29,UDXWNBASPREAD_ATLDAL2026JUL29_ATL1.5,Basketball (pro),Spread,Finalized,0,3632.85,0.51,0,0.35
2026-07-29,UDXMLBSPREAD_NYYCWS26JUL291940_NYY3.5,Baseball,Spread,Finalized,0,3615,0.75,0,0.11
2026-07-29,UDXMLBTOTAL_COLSD26JUL291610_6.5,Baseball,Total,Finalized,0,3607,0.68,0,0.03
2026-07-29,UDXMLBTOTAL_NYYCWS26JUL291940_11.5,Baseball,Total,Finalized,0,3590,0.74,0,0.28
2026-07-29,UDXMLBTOTAL_PHIMIA26JUL291210_11.5,Baseball,Total,Finalized,0,3498,0.58,0,0.56
2026-07-29,UDXMLBTOTAL_PHIMIA26JUL291210_6.5,Baseball,Total,Finalized,0,3403,0.93,0,0.93
2026-07-29,UDXWNBATOTAL_GSVPHX2026JUL29_151.5,Basketball (pro),Total,Finalized,2433,3363,0.97,0,0.97
2026-07-29,UDXWNBATOTAL_GSVPHX2026JUL29_160.5,Basketball (pro),Total,Finalized,964,3358,0.83,0,0.83
2026-07-29,UDXMLBTOTAL_NYYCWS26JUL291940_10.5,Baseball,Total,Finalized,0,3276,0.6,0,0.59
2026-07-29,UDXMLBSPREAD_KANMIN26JUL291940_MIN1.5,Baseball,Spread,Finalized,0,3275,0.52,0,0.06
2026-07-29,UDXMLBSPREAD_TORWAS26JUL291305_TOR2.5,Baseball,Spread,Finalized,0,3272,0.8,0,0.64
2026-07-29,UDXMLBSPREAD_SEALAD26JUL282210_SEA1.5,Baseball,Spread,Finalized,0,3268,0.83,0,0.03
2026-07-29,UDXMLBSPREAD_PHIMIA26JUL291210_PHI3.5,Baseball,Spread,Finalized,0,3181,0.87,0,0.06
2026-07-29,UDXMLBTOTAL_BOSOAK26JUL292140_11.5,Baseball,Total,Finalized,2275,3180,0.5,0,0.12
2026-07-29,UDXMLBTOTAL_CHCSTL26JUL291945_6.5,Baseball,Total,Finalized,0,3052,0.6,0,0.11
2026-07-29,UDXWNBATOTAL_ATLDAL2026JUL29_172.5,Basketball (pro),Total,Finalized,0,3046,0.73,0,0.06
2026-07-29,UDXMLBSPREAD_SEALAD26JUL292210_LAD2.5,Baseball,Spread,Finalized,2143,3026,0.83,0,0.69
2026-07-29,UDXMLBTOTAL_SEALAD26JUL292210_6.5,Baseball,Total,Finalized,1782,2949,0.75,0,0.52
2026-07-29,UDXWNBASPREAD_ATLDAL2026JUL29_DAL9.5,Basketball (pro),Spread,Finalized,0,2914,0.51,0,0.03
2026-07-29,UDXWNBASPREAD_GSVPHX2026JUL29_PHX1.5,Basketball (pro),Spread,Finalized,767,2886,0.53,0,0.12
2026-07-29,UDXMLBSPREAD_COLSD26JUL282140_SD1.5,Baseball,Spread,Finalized,0,2837,0.19,0,0.11
2026-07-29,UDXWNBASPREAD_GSVPHX2026JUL29_GSV7.5,Basketball (pro),Spread,Finalized,1368,2775,0.67,0,0.51
2026-07-29,UDXMLBSPREAD_NYYCWS26JUL291940_NYY2.5,Baseball,Spread,Finalized,0,2745.56,0.74,0,0.06
2026-07-29,UDXMLBTOTAL_ATLNYM26JUL291310_7.5,Baseball,Total,Finalized,0,2718,0.58,0,0.3
2026-07-29,UDXMLBTOTAL_NYYCWS26JUL291940_6.5,Baseball,Total,Finalized,0,2587,0.93,0,0.45
2026-07-29,UDXMLBTOTAL_ARIPIT26JUL291235_4.5,Baseball,Total,Finalized,0,2554,0.86,0,0.04
2026-07-29,UDXMLBTOTAL_HOULAA26JUL282138_8.5,Baseball,Total,Finalized,0,2548,0.17,0,0.07
2026-07-29,UDXMLBTOTAL_BOSOAK26JUL292140_6.5,Baseball,Total,Finalized,1378,2506,0.7,0,0.53
2026-07-29,UDXMLBSPREAD_HOULAA26JUL292138_LAA1.5,Baseball,Spread,Finalized,730,2501,0.59,0,0.03
2026-07-29,UDXMLBTOTAL_KANMIN26JUL291940_9.5,Baseball,Total,Finalized,0,2491,0.44,0,0.02
2026-07-29,UDXMLBSPREAD_ATLNYM26JUL291310_ATL1.5,Baseball,Spread,Finalized,0,2467,0.47,0,0.04
2026-07-29,UDXWNBATOTAL_ATLDAL2026JUL29_178.5,Basketball (pro),Total,Finalized,0,2436,0.62,0,0.07
2026-07-29,UDXMLBTOTAL_BALDET26JUL291310_12.5,Baseball,Total,Finalized,0,2432,0.87,0,0.73
2026-07-29,UDXMLBTOTAL_KANMIN26JUL291940_5.5,Baseball,Total,Finalized,0,2367,0.72,0,0.09
2026-07-29,UDXMLBTOTAL_ATLNYM26JUL291310_8.5,Baseball,Total,Finalized,0,2358.86,0.5,0,0.3
2026-07-29,UDXMLBSPREAD_SEALAD26JUL282210_LAD1.5,Baseball,Spread,Finalized,0,2341,0.18,0,0.05
2026-07-29,UDXWNBATOTAL_ATLDAL2026JUL29_169.5,Basketball (pro),Total,Finalized,0,2261,0.79,0,0.06
2026-07-29,UDXMLBTOTAL_BOSOAK26JUL292140_14.5,Baseball,Total,Finalized,2234,2234,0.24,0,0.24
2026-07-29,UDXWNBATOTAL_GSVPHX2026JUL29_163.5,Basketball (pro),Total,Finalized,1593,2222,0.69,0,0.69
2026-07-29,UDXMLBTOTAL_BALDET26JUL291310_9.5,Baseball,Total,Finalized,0,2215,0.59,0,0.59
2026-07-29,UDXWNBASPREAD_NYLA2026JUL28_NY6.5,Basketball (pro),Spread,Finalized,0,2204,0.43,0,0.03
2026-07-29,UDXMLBTOTAL_PHIMIA26JUL291210_12.5,Baseball,Total,Finalized,0,2183,0.52,0,0.44
2026-07-29,UDXMLBSPREAD_HOULAA26JUL282138_HOU1.5,Baseball,Spread,Finalized,0,2145,0.33,0,0.03
2026-07-29,UDXMLBTOTAL_HOULAA26JUL292138_13.5,Baseball,Total,Finalized,1444,2144,0.36,0,0.19
2026-07-29,UDXMLBSPREAD_TEXTB26JUL291840_TB2.5,Baseball,Spread,Finalized,0,2143,0.87,0,0.87
2026-07-29,UDXMLBTOTAL_KANMIN26JUL291940_8.5,Baseball,Total,Finalized,0,2140,0.57,0,0.06
2026-07-29,UDXMLBSPREAD_ARIPIT26JUL291235_ARI1.5,Baseball,Spread,Finalized,0,2126,0.96,0,0.96
2026-07-29,UDXMLBTOTAL_ARIPIT26JUL291235_7.5,Baseball,Total,Finalized,0,2031,0.57,0,0.22
2026-07-29,UDXMLBTOTAL_ATLNYM26JUL291310_2.5,Baseball,Total,Finalized,0,2014,0.96,0,0.96
2026-07-29,UDXMLBTOTAL_NYYCWS26JUL291940_12.5,Baseball,Total,Finalized,0,1938,0.62,0,0.2
2026-07-29,UDXMLBTOTAL_HOULAA26JUL292138_12.5,Baseball,Total,Finalized,768,1932,0.44,0,0.19
2026-07-29,UDXMLBTOTAL_TEXTB26JUL291840_4.5,Baseball,Total,Finalized,0,1905,0.89,0,0.05
2026-07-29,UDXMLBSPREAD_ARIPIT26JUL291235_PIT1.5,Baseball,Spread,Finalized,0,1834,0.4,0,0.05
2026-07-29,UDXMLBTOTAL_PHIMIA26JUL291210_8.5,Baseball,Total,Finalized,0,1831,0.77,0,0.77
2026-07-29,UDXMLBSPREAD_HOULAA26JUL292138_LAA2.5,Baseball,Spread,Finalized,1263,1775,0.5,0,0.05
2026-07-29,UDXMLBSPREAD_TORWAS26JUL291305_TOR3.5,Baseball,Spread,Finalized,0,1727,0.65,0,0.06
2026-07-29,UDXWNBATOTAL_GSVPHX2026JUL29_166.5,Basketball (pro),Total,Finalized,1058,1707,0.56,0,0.51
2026-07-29,UDXWNBATOTAL_GSVPHX2026JUL29_148.5,Basketball (pro),Total,Finalized,717,1654,0.87,0,0.83
2026-07-29,UDXMLBSPREAD_COLSD26JUL282140_SD2.5,Baseball,Spread,Finalized,0,1651,0.07,0,0.06
2026-07-29,UDXMLBSPREAD_ATLNYM26JUL291310_NYM1.5,Baseball,Spread,Finalized,0,1595,0.64,0,0.03
2026-07-29,UDXMLBTOTAL_TEXTB26JUL291840_6.5,Baseball,Total,Finalized,0,1594,0.7,0,0.04
2026-07-29,UDXMLBSPREAD_HOULAA26JUL292138_HOU2.5,Baseball,Spread,Finalized,941,1576,0.69,0,0.45
2026-07-29,UDXWNBAGAMEWIN_NYLA2026JUL28_NY,Basketball (pro),Moneyline,Finalized,0,1549,0.98,0,0.98
2026-07-29,UDXMLBSPREAD_CHCSTL26JUL291945_STL1.5,Baseball,Spread,Finalized,0,1525,0.35,0,0.08
2026-07-29,UDXMLBSPREAD_KANMIN26JUL291940_KAN4.5,Baseball,Spread,Finalized,0,1524,0.45,0,0.23
2026-07-29,UDXWNBASPREAD_NYLA2026JUL28_NY1.5,Basketball (pro),Spread,Finalized,0,1478,0.94,0,0.94
2026-07-29,UDXMLBTOTAL_SEALAD26JUL282210_14.5,Baseball,Total,Finalized,0,1429,0.32,0,0.3
2026-07-29,UDXMLBTOTAL_KANMIN26JUL291940_6.5,Baseball,Total,Finalized,0,1364,0.64,0,0.15
2026-07-29,UDXMLBTOTAL_CLECIN26JUL291910_10.5,Baseball,Total,Finalized,0,1347,0.37,0,0.23
2026-07-29,UDXMLBTOTAL_BALDET26JUL291310_5.5,Baseball,Total,Finalized,0,1346,0.77,0,0.76
2026-07-29,UDXMLBTOTAL_TORWAS26JUL291305_10.5,Baseball,Total,Finalized,0,1327,0.47,0,0.08
2026-07-29,UDXMLBSPREAD_TORWAS26JUL291305_TOR1.5,Baseball,Spread,Finalized,0,1273,0.92,0,0.8
2026-07-29,UDXMLBTOTAL_KANMIN26JUL291940_12.5,Baseball,Total,Finalized,0,1258,0.23,0,0.23
2026-07-29,UDXMLBGAMEWIN_BOSOAK26JUL282140_BOS,Baseball,Moneyline,Finalized,0,1254,0.04,0,0.04
2026-07-29,UDXMLBTOTAL_SEALAD26JUL292210_10.5,Baseball,Total,Finalized,259,1246,0.44,0,0.14
2026-07-29,UDXMLBSPREAD_BALDET26JUL291310_DET3.5,Baseball,Spread,Finalized,0,1220,0.94,0,0.1
2026-07-29,UDXMLBSPREAD_PHIMIA26JUL291210_PHI2.5,Baseball,Spread,Finalized,0,1209,0.92,0,0.02
2026-07-29,UDXMLBTOTAL_NYYCWS26JUL291940_5.5,Baseball,Total,Finalized,0,1190,0.75,0,0.63
2026-07-29,UDXMLBTOTAL_CLECIN26JUL291910_9.5,Baseball,Total,Finalized,0,1153,0.44,0,0.22
2026-07-29,UDXMLBTOTAL_HOULAA26JUL292138_8.5,Baseball,Total,Finalized,0,1132,0.85,0,0.84
2026-07-29,UDXMLBSPREAD_ARIPIT26JUL291235_ARI3.5,Baseball,Spread,Finalized,0,1114,0.35,0,0.3
2026-07-29,UDXMLBSPREAD_KANMIN26JUL291940_KAN3.5,Baseball,Spread,Finalized,0,1096,0.75,0,0.73
2026-07-29,UDXMLBSPREAD_BOSOAK26JUL292140_OAK1.5,Baseball,Spread,Finalized,370,1079,0.45,0,0.16
2026-07-29,UDXMLBTOTAL_BALDET26JUL291310_10.5,Baseball,Total,Finalized,0,1075,0.79,0,0.79
2026-07-29,UDXMLBSPREAD_SEALAD26JUL282210_SEA2.5,Baseball,Spread,Finalized,0,1056,0.45,0,0.02
2026-07-29,UDXMLBTOTAL_NYYCWS26JUL291940_8.5,Baseball,Total,Finalized,0,1023,0.62,0,0.4
2026-07-29,UDXMLBTOTAL_CLECIN26JUL291910_6.5,Baseball,Total,Finalized,0,1014,0.75,0,0.65
2026-07-29,UDXMLBSPREAD_COLSD26JUL291610_SD3.5,Baseball,Spread,Finalized,0,1013,0.55,0,0.15
2026-07-29,UDXWNBASPREAD_GSVPHX2026JUL29_GSV16.5,Basketball (pro),Spread,Finalized,942,999,0.26,0,0.24
2026-07-29,UDXMLBSPREAD_PHIMIA26JUL291210_MIA1.5,Baseball,Spread,Finalized,0,988,0.77,0,0.77
2026-07-29,UDXMLBGAMEWIN_BOSOAK26JUL282140_OAK,Baseball,Moneyline,Finalized,0,972,0.96,0,0.95
2026-07-29,UDXMLBTOTAL_PHIMIA26JUL291210_10.5,Baseball,Total,Finalized,0,967,0.76,0,0.76
2026-07-29,UDXMLBSPREAD_BOSOAK26JUL282140_OAK1.5,Baseball,Spread,Finalized,0,935,0.02,0,0.02
2026-07-29,UDXMLBSPREAD_HOULAA26JUL292138_HOU3.5,Baseball,Spread,Finalized,753,911,0.2,0,0.2
2026-07-29,UDXMLBSPREAD_ATLNYM26JUL291310_NYM3.5,Baseball,Spread,Finalized,0,911,0.13,0,0.13
2026-07-29,UDXMLBTOTAL_HOULAA26JUL282138_7.5,Baseball,Total,Finalized,0,907,0.23,0,0.19
2026-07-29,UDXMLBTOTAL_HOULAA26JUL282138_6.5,Baseball,Total,Finalized,0,856,0.4,0,0.08
2026-07-29,UDXWNBASPREAD_NYLA2026JUL28_NY3.5,Basketball (pro),Spread,Finalized,0,849,0.72,0,0.72
2026-07-29,UDXWNBASPREAD_GSVPHX2026JUL29_GSV13.5,Basketball (pro),Spread,Finalized,314,840,0.38,0,0.33
2026-07-29,UDXMLBTOTAL_KANMIN26JUL291940_4.5,Baseball,Total,Finalized,0,823,0.84,0,0.25
2026-07-29,UDXMLBTOTAL_CLECIN26JUL291910_5.5,Baseball,Total,Finalized,0,801,0.71,0,0.71
2026-07-29,UDXMLBTOTAL_SEALAD26JUL292210_13.5,Baseball,Total,Finalized,760,760,0.22,0,0.08
2026-07-29,UDXMLBTOTAL_CHCSTL26JUL291945_5.5,Baseball,Total,Finalized,0,725,0.72,0,0.17
2026-07-29,UDXMLBSPREAD_CLECIN26JUL291910_CLE3.5,Baseball,Spread,Finalized,0,709,0.81,0,0.79
2026-07-29,UDXMLBSPREAD_SEALAD26JUL292210_SEA3.5,Baseball,Spread,Finalized,590,707,0.16,0,0.15
2026-07-29,UDXMLBGAMEWIN_TEXTB26JUL301210_TB,Baseball,Moneyline,Finalized,706.67,706.67,0.56,0,0.56
2026-07-29,UDXMLBTOTAL_ARIPIT26JUL291235_9.5,Baseball,Total,Finalized,0,683,0.42,0,0.13
2026-07-29,UDXMLBSPREAD_SEALAD26JUL292210_SEA2.5,Baseball,Spread,Finalized,472,679,0.22,0,0.2
2026-07-29,UDXMLBTOTAL_CHCSTL26JUL291945_11.5,Baseball,Total,Finalized,0,657,0.2,0,0.2
2026-07-29,UDXMLBSPREAD_BALDET26JUL291310_DET2.5,Baseball,Spread,Finalized,0,634,0.91,0,0.35
2026-07-29,UDXMLBTOTAL_BOSOAK26JUL292140_13.5,Baseball,Total,Finalized,629,629,0.15,0,0.15
2026-07-29,UDXMLBTOTAL_CLECIN26JUL291910_13.5,Baseball,Total,Finalized,0,629,0.15,0,0.15
2026-07-29,UDXMLBSPREAD_ARIPIT26JUL291235_ARI2.5,Baseball,Spread,Finalized,0,621,0.78,0,0.78
2026-07-29,UDXMLBTOTAL_TEXTB26JUL291840_12.5,Baseball,Total,Finalized,0,594,0.25,0,0.09
2026-07-29,UDXMLBSPREAD_NYYCWS26JUL291940_CWS1.5,Baseball,Spread,Finalized,0,593,0.27,0,0.09
2026-07-29,UDXMLBTOTAL_COLSD26JUL291610_3.5,Baseball,Total,Finalized,0,576,0.86,0,0.86
2026-07-29,UDXWNBASPREAD_ATLDAL2026JUL29_ATL3.5,Basketball (pro),Spread,Finalized,0,558,0.43,0,0.25
2026-07-29,UDXMLBTOTAL_ATLNYM26JUL291310_4.5,Baseball,Total,Finalized,0,554,0.87,0,0.73
2026-07-29,UDXMLBTOTAL_BOSOAK26JUL282140_5.5,Baseball,Total,Finalized,0,539,0.31,0,0.27
2026-07-29,UDXMLBSPREAD_BOSOAK26JUL282140_OAK2.5,Baseball,Spread,Finalized,0,522,0.84,0,0.84
2026-07-29,UDXWNBASPREAD_GSVPHX2026JUL29_PHX3.5,Basketball (pro),Spread,Finalized,440,515,0.48,0,0.43
2026-07-29,UDXWNBATOTAL_ATLDAL2026JUL29_187.5,Basketball (pro),Total,Finalized,0,509,0.37,0,0.11
2026-07-29,UDXMLBTOTAL_TORWAS26JUL291305_13.5,Baseball,Total,Finalized,0,501,0.21,0,0.02
2026-07-29,UDXMLBTOTAL_ARIPIT26JUL291235_11.5,Baseball,Total,Finalized,0,497,0.25,0,0.25
2026-07-29,UDXMLBSPREAD_NYYCWS26JUL291940_CWS2.5,Baseball,Spread,Finalized,0,491,0.17,0,0.17
2026-07-29,UDXMLBTOTAL_COLSD26JUL291610_12.5,Baseball,Total,Finalized,0,485,0.18,0,0.18
2026-07-29,UDXMLBSPREAD_BOSOAK26JUL292140_BOS2.5,Baseball,Spread,Finalized,315,470,0.39,0,0.22
2026-07-29,UDXMLBSPREAD_NYYCWS26JUL291940_NYY4.5,Baseball,Spread,Finalized,0,445,0.44,0,0.02
2026-07-29,UDXMLBTOTAL_BOSOAK26JUL282140_8.5,Baseball,Total,Finalized,0,441,0.11,0,0.06
2026-07-29,UDXMLBTOTAL_PHIMIA26JUL291210_5.5,Baseball,Total,Finalized,0,438,0.69,0,0.65
2026-07-29,UDXWNBATOTAL_ATLDAL2026JUL29_190.5,Basketball (pro),Total,Finalized,0,435,0.33,0,0.17
2026-07-29,UDXWNBASPREAD_ATLDAL2026JUL29_ATL9.5,Basketball (pro),Spread,Finalized,0,434,0.23,0,0.23
2026-07-29,UDXMLBTOTAL_ATLNYM26JUL291310_12.5,Baseball,Total,Finalized,0,428,0.21,0,0.21
2026-07-29,UDXMLBTOTAL_COLSD26JUL291610_10.5,Baseball,Total,Finalized,0,428,0.31,0,0.08
2026-07-29,UDXMLBSPREAD_BOSOAK26JUL292140_OAK2.5,Baseball,Spread,Finalized,414,414,0.29,0,0.29
2026-07-29,UDXMLBTOTAL_CHCSTL26JUL301415_8.5,Baseball,Total,Finalized,372,372,0.48,0,0.48
2026-07-29,UDXMLBTOTAL_ARIPIT26JUL291235_2.5,Baseball,Total,Finalized,0,369,0.96,0,0.89
2026-07-29,UDXMLBSPREAD_COLSD26JUL291610_COL3.5,Baseball,Spread,Finalized,0,348,0.16,0,0.14
2026-07-29,UDXWNBATOTAL_GSVPHX2026JUL29_142.5,Basketball (pro),Total,Finalized,271,347,0.89,0,0.78
2026-07-29,UDXMLBTOTAL_CHCSTL26JUL291945_9.5,Baseball,Total,Finalized,0,347,0.34,0,0.33
2026-07-29,UDXMLBTOTAL_TEXTB26JUL291840_10.5,Baseball,Total,Finalized,0,343,0.46,0,0.42
2026-07-29,UDXMLBTOTAL_ATLNYM26JUL291310_10.5,Baseball,Total,Finalized,0,338,0.33,0,0.32
2026-07-29,UDXMLBTOTAL_BOSOAK26JUL292140_5.5,Baseball,Total,Finalized,48,336,0.83,0,0.68
2026-07-29,UDXMLBSPREAD_SEALAD26JUL292210_SEA1.5,Baseball,Spread,Finalized,202,329,0.3,0,0.27
2026-07-29,UDXMLBTOTAL_SEALAD26JUL292210_5.5,Baseball,Total,Finalized,319,319,0.68,0,0.51
2026-07-29,UDXMLBSPREAD_TORWAS26JUL291305_WAS3.5,Baseball,Spread,Finalized,0,295,0.16,0,0.16
2026-07-29,UDXMLBTOTAL_CHCSTL26JUL291945_10.5,Baseball,Total,Finalized,0,293,0.27,0,0.27
2026-07-29,UDXMLBGAMEWIN_TEXTB26JUL301210_TEX,Baseball,Moneyline,Finalized,290,290,0.47,0,0.45
2026-07-29,UDXWNBASPREAD_GSVPHX2026JUL29_PHX6.5,Basketball (pro),Spread,Finalized,263,263,0.05,0,0.05
2026-07-29,UDXMLBTOTAL_ATLNYM26JUL291310_3.5,Baseball,Total,Finalized,0,261,0.91,0,0.91
2026-07-29,UDXWNBATOTAL_ATLDAL2026JUL29_184.5,Basketball (pro),Total,Finalized,0,254,0.49,0,0.49
2026-07-29,UDXMLBSPREAD_KANMIN26JUL291940_KAN1.5,Baseball,Spread,Finalized,0,241,0.47,0,0.47
2026-07-29,UDXMLBTOTAL_BALDET26JUL291310_6.5,Baseball,Total,Finalized,0,228,0.71,0,0.7
2026-07-29,UDXMLBTOTAL_BOSOAK26JUL282140_7.5,Baseball,Total,Finalized,0,211,0.1,0,0.1
2026-07-29,UDXWNBATOTAL_GSVPHX2026JUL29_145.5,Basketball (pro),Total,Finalized,145,186,0.57,0,0.57
2026-07-29,UDXWNBASPREAD_ATLDAL2026JUL29_DAL12.5,Basketball (pro),Spread,Finalized,0,183,0.36,0,0.36
2026-07-29,UDXMLBSPREAD_PHIMIA26JUL291210_MIA2.5,Baseball,Spread,Finalized,0,177,0.15,0,0.15
2026-07-29,UDXMLBTOTAL_HOULAA26JUL292138_7.5,Baseball,Total,Finalized,0,169,0.69,0,0.69
2026-07-29,UDXMLBTOTAL_BOSOAK26JUL282140_6.5,Baseball,Total,Finalized,0,167,0.19,0,0.19
2026-07-29,UDXWNBASPREAD_ATLDAL2026JUL29_ATL6.5,Basketball (pro),Spread,Finalized,0,164,0.33,0,0.33
2026-07-29,UDXMLBSPREAD_HOULAA26JUL282138_LAA1.5,Baseball,Spread,Finalized,0,158,0.06,0,0.06
2026-07-29,UDXMLBTOTAL_HOULAA26JUL292138_3.5,Baseball,Total,Finalized,0,157,0.95,0,0.95
2026-07-29,UDXMLBTOTAL_PHIMIA26JUL291210_2.5,Baseball,Total,Finalized,0,156,0.88,0,0.88
2026-07-29,UDXMLBTOTAL_KANMIN26JUL291940_2.5,Baseball,Total,Finalized,0,154,0.97,0,0.97
2026-07-29,UDXMLBTOTAL_TEXTB26JUL291840_11.5,Baseball,Total,Finalized,0,152,0.34,0,0.06
2026-07-29,UDXMLBSPREAD_TORWAS26JUL291305_WAS1.5,Baseball,Spread,Finalized,0,141,0.32,0,0.27
2026-07-29,UDXWNBAGAMEWIN_NYLA2026JUL28_LA,Basketball (pro),Moneyline,Finalized,0,140,0.02,0,0.02
2026-07-29,UDXMLBSPREAD_TEXTB26JUL291840_TEX1.5,Baseball,Spread,Finalized,0,137,0.28,0,0.07
2026-07-29,UDXMLBTOTAL_CLECIN26JUL291910_4.5,Baseball,Total,Finalized,0,129,0.84,0,0.84
2026-07-29,UDXMLBSPREAD_COLSD26JUL291610_COL1.5,Baseball,Spread,Finalized,0,127,0.29,0,0.25
2026-07-29,UDXWNBASPREAD_GSVPHX2026JUL29_PHX9.5,Basketball (pro),Spread,Finalized,120,120,0.18,0,0.18
2026-07-29,UDXMLBSPREAD_COLSD26JUL282140_COL2.5,Baseball,Spread,Finalized,0,104,0.09,0,0.09
2026-07-29,UDXMLBTOTAL_TEXTB26JUL301210_7.5,Baseball,Total,Finalized,102,102,0.5,0,0.5
2026-07-29,UDXMLBTOTAL_COLSD26JUL291610_9.5,Baseball,Total,Finalized,0,97,0.35,0,0.22
2026-07-29,UDXMLBSPREAD_COLSD26JUL291610_COL2.5,Baseball,Spread,Finalized,0,95,0.22,0,0.19
2026-07-29,UDXMLBSPREAD_HOULAA26JUL292138_LAA3.5,Baseball,Spread,Finalized,91,91,0.48,0,0.13
2026-07-29,UDXMLBTOTAL_SEALAD26JUL282210_11.5,Baseball,Total,Finalized,0,88,0.59,0,0.59
2026-07-29,UDXMLBTOTAL_NYYCWS26JUL291940_13.5,Baseball,Total,Finalized,0,87,0.36,0,0.12
2026-07-29,UDXMLBSPREAD_WASATL26JUL301915_ATL1.5,Baseball,Spread,Finalized,81,81,0.41,0,0.41
2026-07-29,UDXMLBTOTAL_SEALAD26JUL292210_3.5,Baseball,Total,Finalized,78,78,0.87,0,0.87
2026-07-29,UDXMLBSPREAD_NYYCWS26JUL291940_NYY6.5,Baseball,Spread,Finalized,0,78,0.24,0,0.08
2026-07-29,UDXMLBSPREAD_ATLNYM26JUL291310_NYM2.5,Baseball,Spread,Finalized,0,68,0.5,0,0.46
2026-07-29,UDXMLBTOTAL_BOSOAK26JUL292140_4.5,Baseball,Total,Finalized,67,67,0.93,0,0.93
2026-07-29,UDXMLBSPREAD_KANMIN26JUL291940_MIN2.5,Baseball,Spread,Finalized,0,63,0.38,0,0.38
2026-07-29,UDXMLBSPREAD_CLECIN26JUL291910_CLE4.5,Baseball,Spread,Finalized,0,58,0.67,0,0.67
2026-07-29,UDXMLBGAMEWIN_WASATL26JUL301915_WAS,Baseball,Moneyline,Finalized,55,55,0.43,0,0.43
2026-07-29,UDXMLBTOTAL_PHIMIA26JUL291210_4.5,Baseball,Total,Finalized,0,55,0.83,0,0.83
2026-07-29,UDXMLBGAMEWIN_CHCSTL26JUL301415_CHC,Baseball,Moneyline,Finalized,54,54,0.48,0,0.48
2026-07-29,UDXMLBTOTAL_KANMIN26JUL291940_10.5,Baseball,Total,Finalized,0,51,0.31,0,0.05
2026-07-29,UDXMLBTOTAL_BALDET26JUL291310_15.5,Baseball,Total,Finalized,0,48,0.69,0,0.69
2026-07-29,UDXMLBSPREAD_CHCSTL26JUL291945_CHC2.5,Baseball,Spread,Finalized,0,47,0.2,0,0.2
2026-07-29,UDXMLBSPREAD_CLECIN26JUL291910_CIN2.5,Baseball,Spread,Finalized,0,43,0.22,0,0.22
2026-07-29,UDXMLBSPREAD_BOSOAK26JUL292140_BOS3.5,Baseball,Spread,Finalized,0,40,0.31,0,0.29
2026-07-29,UDXMLBGAMEWIN_NYYCWS26JUL301410_NYY,Baseball,Moneyline,Finalized,38,38,0.5,0,0.5
2026-07-29,UDXMLBSPREAD_BOSOAK26JUL292140_OAK3.5,Baseball,Spread,Finalized,33,33,0.14,0,0.14
2026-07-29,UDXMLBSPREAD_CLECIN26JUL291910_CIN1.5,Baseball,Spread,Finalized,0,32,0.29,0,0.29
2026-07-29,UDXMLBSPREAD_TEXTB26JUL301210_TB1.5,Baseball,Spread,Finalized,31,31,0.36,0,0.36
2026-07-29,UDXMLBTOTAL_SEALAD26JUL282210_15.5,Baseball,Total,Finalized,0,31,0.19,0,0.19
2026-07-29,UDXMLBGAMEWIN_KANMIN26JUL301340_MIN,Baseball,Moneyline,Finalized,30,30,0.57,0,0.57
2026-07-29,UDXMLBTOTAL_ATLNYM26JUL291310_9.5,Baseball,Total,Finalized,0,27,0.39,0,0.21
2026-07-29,UDXMLBGAMEWIN_NYYCWS26JUL301410_CWS,Baseball,Moneyline,Finalized,25,25,0.52,0,0.52
2026-07-29,UDXMLBGAMEWIN_KANMIN26JUL301340_KAN,Baseball,Moneyline,Finalized,24,24,0.44,0,0.44
2026-07-29,UDXMLBSPREAD_CHCSTL26JUL291945_CHC3.5,Baseball,Spread,Finalized,0,24,0.17,0,0.17
2026-07-29,UDXMLBGAMEWIN_MIANYM26JUL301910_MIA,Baseball,Moneyline,Finalized,22,22,0.46,0,0.46
2026-07-29,UDXMLBSPREAD_BALDET26JUL291310_DET4.5,Baseball,Spread,Finalized,0,20,0.03,0,0.03
2026-07-29,UDXMLBGAMEWIN_PITCIN26JUL301910_PIT,Baseball,Moneyline,Finalized,14,14,0.52,0,0.52
2026-07-29,UDXMLBTOTAL_KANMIN26JUL301340_12.5,Baseball,Total,Finalized,13,13,0.27,0,0.27
2026-07-29,UDXMLBGAMEWIN_WASATL26JUL301915_ATL,Baseball,Moneyline,Finalized,10,10,0.58,0,0.58
2026-07-29,UDXMLBTOTAL_SEALAD26JUL292210_4.5,Baseball,Total,Finalized,10,10,0.91,0,0.91
2026-07-29,UDXMLBSPREAD_BALDET26JUL291310_BAL2.5,Baseball,Spread,Finalized,0,10,0.19,0,0.19
2026-07-29,UDXMLBGAMEWIN_CHCSTL26JUL301415_STL,Baseball,Moneyline,Finalized,9,9,0.53,0,0.53
2026-07-29,UDXMLBGAMEWIN_MIANYM26JUL301910_NYM,Baseball,Moneyline,Finalized,8,8,0.55,0,0.55
2026-07-29,UDXMLBTOTAL_CHCSTL26JUL301415_9.5,Baseball,Total,Finalized,7,7,0.38,0,0.38
2026-07-29,UDXMLBTOTAL_KANMIN26JUL291940_3.5,Baseball,Total,Finalized,0,7,0.87,0,0.87
2026-07-29,UDXMLBTOTAL_BALDET26JUL291310_4.5,Baseball,Total,Finalized,0,6,0.61,0,0.61
2026-07-29,UDXMLBGAMEWIN_PITCIN26JUL301910_CIN,Baseball,Moneyline,Finalized,3,3,0.49,0,0.49
2026-07-29,UDXMLBSPREAD_ARIPIT26JUL291235_PIT2.5,Baseball,Spread,Finalized,0,3,0.27,0,0.27
2026-07-29,UDXMLBSPREAD_KANMIN26JUL291940_MIN3.5,Baseball,Spread,Finalized,0,3,0.27,0,0.27
2026-07-29,UDXMLBTOTAL_NYYCWS26JUL291940_4.5,Baseball,Total,Finalized,0,2,0.97,0,0.97
2026-07-29,UDXMLBSPREAD_KANMIN26JUL291940_KAN2.5,Baseball,Spread,Finalized,0,1.47,0.34,0,0.34
2026-07-30,UDXMLBGAMEWIN_NYYCWS26JUL301410_NYY,Baseball,Moneyline,Finalized,190,97872,0.75,0,0.26
2026-07-30,UDXMLBGAMEWIN_CHCSTL26JUL301415_CHC,Baseball,Moneyline,Finalized,193,85624.76,0.95,0,0.95
2026-07-30,UDXMLBGAMEWIN_TEXTB26JUL301210_TB,Baseball,Moneyline,Finalized,0,82471.92,0.94,0,0.91
2026-07-30,UDXMLBGAMEWIN_BOSOAK26JUL302140_BOS,Baseball,Moneyline,Finalized,63858.66,82038.66,0.87,0,0.83
2026-07-30,UDXMLBTOTAL_CHCSTL26JUL301415_8.5,Baseball,Total,Finalized,0,76118,0.51,0,0.06
2026-07-30,UDXMLBGAMEWIN_NYYCWS26JUL301410_CWS,Baseball,Moneyline,Finalized,29,76055,0.89,0,0.72
2026-07-30,UDXMLBGAMEWIN_PITCIN26JUL301910_PIT,Baseball,Moneyline,Finalized,0,73238,0.57,0,0.54
2026-07-30,UDXMLBGAMEWIN_TEXTB26JUL301210_TEX,Baseball,Moneyline,Finalized,0,63568.37,0.61,0,0.12
2026-07-30,UDXMLBGAMEWIN_MIANYM26JUL301910_MIA,Baseball,Moneyline,Finalized,0,53668.04,0.68,0,0.08
2026-07-30,UDXMLBGAMEWIN_WASATL26JUL301915_ATL,Baseball,Moneyline,Finalized,0,43103,0.9,0,0.88
2026-07-30,UDXMLBGAMEWIN_WASATL26JUL301915_WAS,Baseball,Moneyline,Finalized,0,38060.36,0.8,0,0.07
2026-07-30,UDXMLBGAMEWIN_BOSOAK26JUL292140_BOS,Baseball,Moneyline,Finalized,0,36785.75,0.97,0,0.96
2026-07-30,UDXWNBAGAMEWIN_NYLV2026JUL30_NY,Basketball (pro),Moneyline,Finalized,30636.77,36050.77,0.46,0,0.12
2026-07-30,UDXMLBGAMEWIN_PITCIN26JUL301910_CIN,Baseball,Moneyline,Finalized,0,33609,0.76,0,0.47
2026-07-30,UDXMLBGAMEWIN_MIANYM26JUL301910_NYM,Baseball,Moneyline,Finalized,17,32302,0.95,0,0.95
2026-07-30,UDXMLBGAMEWIN_SEALAD26JUL302210_LAD,Baseball,Moneyline,Finalized,20751.98,31913.98,0.97,0,0.92
2026-07-30,UDXWNBAGAMEWIN_MINTOR2026JUL30_TOR,Basketball (pro),Moneyline,Finalized,0,31464,0.29,0,0.04
2026-07-30,UDXMLBGAMEWIN_BOSOAK26JUL292140_OAK,Baseball,Moneyline,Finalized,0,29046.48,0.77,0,0.04
2026-07-30,UDXMLBGAMEWIN_CHCSTL26JUL301415_STL,Baseball,Moneyline,Finalized,145,28736.39,0.69,0,0.05
2026-07-30,UDXMLBGAMEWIN_KANMIN26JUL301340_MIN,Baseball,Moneyline,Finalized,-14,28609,0.63,0,0.09
2026-07-30,UDXMLBGAMEWIN_BOSOAK26JUL302140_OAK,Baseball,Moneyline,Finalized,16177,27981,0.8,0,0.17
2026-07-30,UDXMLBGAMEWIN_SFSD26JUL302140_SD,Baseball,Moneyline,Finalized,20368,27696,0.61,0,0.07
2026-07-30,UDXMLBTOTAL_WASATL26JUL301915_9.5,Baseball,Total,Finalized,0,26851,0.84,0,0.14
2026-07-30,UDXMLBGAMEWIN_SEALAD26JUL302210_SEA,Baseball,Moneyline,Finalized,16775.16,26305.16,0.42,0,0.08
2026-07-30,UDXWNBAGAMEWIN_CONNCHI2026JUL30_CHI,Basketball (pro),Moneyline,Finalized,0,26199.52,0.98,0,0.97
2026-07-30,UDXWNBAGAMEWIN_CONNCHI2026JUL30_CONN,Basketball (pro),Moneyline,Finalized,0,24725.29,0.73,0,0.56
2026-07-30,UDXWNBAGAMEWIN_GSVPHX2026JUL29_GSV,Basketball (pro),Moneyline,Finalized,0,24595,0.45,0,0.07
2026-07-30,UDXMLBSPREAD_TEXTB26JUL301210_TB1.5,Baseball,Spread,Finalized,0,24052,0.61,0,0.1
2026-07-30,UDXMLBTOTAL_CHCSTL26JUL301415_6.5,Baseball,Total,Finalized,0,23613,0.77,0,0.18
2026-07-30,UDXWNBAGAMEWIN_GSVPHX2026JUL29_PHX,Basketball (pro),Moneyline,Finalized,0,23251,0.97,0,0.9
2026-07-30,UDXMLBGAMEWIN_SFSD26JUL302140_SF,Baseball,Moneyline,Finalized,15490.27,21782.27,0.93,0,0.93
2026-07-30,UDXWNBAGAMEWIN_NYLV2026JUL30_LV,Basketball (pro),Moneyline,Finalized,16525,21635,0.94,0,0.89
2026-07-30,UDXMLBGAMEWIN_KANMIN26JUL301340_KAN,Baseball,Moneyline,Finalized,63,19539.18,0.97,0,0.92
2026-07-30,UDXMLBTOTAL_TEXTB26JUL301210_7.5,Baseball,Total,Finalized,0,19237.66,0.54,0,0.08
2026-07-30,UDXMLBTOTAL_TEXTB26JUL301210_6.5,Baseball,Total,Finalized,0,18098,0.65,0,0.11
2026-07-30,UDXMLBTOTAL_PITCIN26JUL301910_9.5,Baseball,Total,Finalized,0,16383,0.53,0,0.14
2026-07-30,UDXWNBASPREAD_NYLV2026JUL30_LV4.5,Basketball (pro),Spread,Finalized,7941.11,15773.11,0.78,0,0.51
2026-07-30,UDXMLBTOTAL_CHCSTL26JUL301415_5.5,Baseball,Total,Finalized,0,14577,0.76,0,0.5
2026-07-30,UDXWNBASPREAD_GSVPHX2026JUL29_PHX3.5,Basketball (pro),Spread,Finalized,0,14058,0.62,0,0.23
2026-07-30,UDXMLBTOTAL_SEALAD26JUL302210_8.5,Baseball,Total,Finalized,4368,13331,0.87,0,0.67
2026-07-30,UDXMLBTOTAL_BOSOAK26JUL302140_10.5,Baseball,Total,Finalized,5275,11739,0.61,0,0.35
2026-07-30,UDXMLBTOTAL_NYYCWS26JUL301410_2.5,Baseball,Total,Finalized,22,11524,0.94,0,0.64
2026-07-30,UDXMLBSPREAD_BOSOAK26JUL302140_BOS1.5,Baseball,Spread,Finalized,6169,11397,0.55,0,0.25
2026-07-30,UDXMLBTOTAL_WASATL26JUL301915_10.5,Baseball,Total,Finalized,0,11289,0.73,0,0.13
2026-07-30,UDXMLBTOTAL_KANMIN26JUL301340_4.5,Baseball,Total,Finalized,0,10508,0.7,0,0.17
2026-07-30,UDXMLBSPREAD_SEALAD26JUL302210_LAD1.5,Baseball,Spread,Finalized,3746,10433,0.92,0,0.71
2026-07-30,UDXMLBTOTAL_BOSOAK26JUL302140_9.5,Baseball,Total,Finalized,4798,10044,0.71,0,0.24
2026-07-30,UDXMLBTOTAL_NYYCWS26JUL301410_7.5,Baseball,Total,Finalized,0,9599,0.54,0,0.03
2026-07-30,UDXMLBTOTAL_WASATL26JUL301915_8.5,Baseball,Total,Finalized,0,8585,0.87,0,0.85
2026-07-30,UDXMLBGAMEWIN_SEALAD26JUL292210_SEA,Baseball,Moneyline,Finalized,0,8423,0.04,0,0.03
2026-07-30,UDXMLBTOTAL_BOSOAK26JUL292140_6.5,Baseball,Total,Finalized,0,8056,0.7,0,0.15
2026-07-30,UDXMLBTOTAL_PITCIN26JUL301910_8.5,Baseball,Total,Finalized,0,7780,0.62,0,0.19
2026-07-30,UDXWNBATOTAL_NYLV2026JUL30_187.5,Basketball (pro),Total,Finalized,4943,7768,0.97,0,0.97
2026-07-30,UDXMLBTOTAL_KANMIN26JUL301340_3.5,Baseball,Total,Finalized,0,7733,0.95,0,0.27
2026-07-30,UDXMLBSPREAD_WASATL26JUL301915_ATL1.5,Baseball,Spread,Finalized,0,7669,0.64,0,0.02
2026-07-30,UDXMLBTOTAL_TEXTB26JUL301210_5.5,Baseball,Total,Finalized,0,7312,0.71,0,0.22
2026-07-30,UDXMLBTOTAL_KANMIN26JUL301340_9.5,Baseball,Total,Finalized,0,7289,0.51,0,0.04
2026-07-30,UDXMLBTOTAL_MIANYM26JUL301910_6.5,Baseball,Total,Finalized,0,6964,0.59,0,0.08
2026-07-30,UDXMLBTOTAL_MIANYM26JUL301910_7.5,Baseball,Total,Finalized,0,6473,0.46,0,0.1
2026-07-30,UDXMLBTOTAL_SEALAD26JUL302210_7.5,Baseball,Total,Finalized,889,6378,0.92,0,0.86
2026-07-30,UDXWNBASPREAD_NYLV2026JUL30_LV7.5,Basketball (pro),Spread,Finalized,3907,6234,0.53,0,0.21
2026-07-30,UDXMLBTOTAL_NYYCWS26JUL301410_3.5,Baseball,Total,Finalized,0,6222,0.88,0,0.36
2026-07-30,UDXMLBTOTAL_PITCIN26JUL301910_7.5,Baseball,Total,Finalized,0,6182,0.68,0,0.02
2026-07-30,UDXWNBASPREAD_CONNCHI2026JUL30_CHI3.5,Basketball (pro),Spread,Finalized,0,6124,0.58,0,0.19
2026-07-30,UDXWNBATOTAL_MINTOR2026JUL30_185.5,Basketball (pro),Total,Finalized,0,5935,0.54,0,0.03
2026-07-30,UDXWNBATOTAL_CONNCHI2026JUL30_176.5,Basketball (pro),Total,Finalized,0,5913,0.63,0,0.62
2026-07-30,UDXMLBTOTAL_KANMIN26JUL301340_6.5,Baseball,Total,Finalized,0,5876,0.76,0,0.11
2026-07-30,UDXMLBSPREAD_NYYCWS26JUL301410_NYY1.5,Baseball,Spread,Finalized,0,5752,0.47,0,0.19
2026-07-30,UDXMLBTOTAL_PITCIN26JUL301910_6.5,Baseball,Total,Finalized,0,5677,0.7,0,0.46
2026-07-30,UDXMLBTOTAL_SEALAD26JUL302210_9.5,Baseball,Total,Finalized,2205,5553,0.72,0,0.49
2026-07-30,UDXMLBTOTAL_NYYCWS26JUL301410_8.5,Baseball,Total,Finalized,0,5519,0.51,0,0.02
2026-07-30,UDXMLBSPREAD_PITCIN26JUL301910_PIT1.5,Baseball,Spread,Finalized,0,5440,0.44,0,0.28
2026-07-30,UDXMLBSPREAD_SFSD26JUL302140_SF2.5,Baseball,Spread,Finalized,2869,5425.62,0.64,0,0.64
2026-07-30,UDXWNBATOTAL_CONNCHI2026JUL30_173.5,Basketball (pro),Total,Finalized,0,5363,0.93,0,0.93
2026-07-30,UDXMLBTOTAL_NYYCWS26JUL301410_4.5,Baseball,Total,Finalized,0,5329,0.82,0,0.26
2026-07-30,UDXMLBTOTAL_CHCSTL26JUL301415_7.5,Baseball,Total,Finalized,0,5241,0.58,0,0.34
2026-07-30,UDXMLBSPREAD_SEALAD26JUL302210_LAD2.5,Baseball,Spread,Finalized,2712,5115,0.85,0,0.47
2026-07-30,UDXMLBSPREAD_KANMIN26JUL301340_KAN2.5,Baseball,Spread,Finalized,0,4980,0.92,0,0.71
2026-07-30,UDXWNBASPREAD_GSVPHX2026JUL29_PHX1.5,Basketball (pro),Spread,Finalized,0,4894,0.93,0,0.6
2026-07-30,UDXMLBTOTAL_BOSOAK26JUL292140_5.5,Baseball,Total,Finalized,0,4863,0.65,0,0.65
2026-07-30,UDXWNBAGAMEWIN_MINTOR2026JUL30_MIN,Basketball (pro),Moneyline,Finalized,0,4838,0.98,0,0.98
2026-07-30,UDXMLBTOTAL_SFSD26JUL302140_8.5,Baseball,Total,Finalized,3115,4825,0.73,0,0.22
2026-07-30,UDXMLBSPREAD_CHCSTL26JUL301415_STL1.5,Baseball,Spread,Finalized,0,4753,0.49,0,0.09
2026-07-30,UDXMLBGAMEWIN_HOULAA26JUL292138_HOU,Baseball,Moneyline,Finalized,0,4744,0.98,0,0.98
2026-07-30,UDXWNBASPREAD_CONNCHI2026JUL30_CONN3.5,Basketball (pro),Spread,Finalized,0,4710,0.55,0,0.45
2026-07-30,UDXMLBTOTAL_CHCSTL26JUL301415_9.5,Baseball,Total,Finalized,0,4565,0.38,0,0.18
2026-07-30,UDXCOMBO-3944841625863485488,Other,Combo-3944841625863485488,Finalized,0,4518.01,0,0,0
2026-07-30,UDXMLBSPREAD_PITCIN26JUL301910_CIN1.5,Baseball,Spread,Finalized,0,4518,0.59,0,0.14
2026-07-30,UDXMLBSPREAD_CHCSTL26JUL301415_CHC1.5,Baseball,Spread,Finalized,0,4505,0.81,0,0.81
2026-07-30,UDXMLBTOTAL_BOSOAK26JUL292140_7.5,Baseball,Total,Finalized,0,4390,0.43,0,0.08
2026-07-30,UDXMLBTOTAL_KANMIN26JUL301340_5.5,Baseball,Total,Finalized,0,4319,0.82,0,0.13
2026-07-30,UDXMLBSPREAD_BOSOAK26JUL292140_BOS1.5,Baseball,Spread,Finalized,0,4302,0.88,0,0.88
2026-07-30,UDXWNBASPREAD_MINTOR2026JUL30_MIN12.5,Basketball (pro),Spread,Finalized,0,4265.51,0.93,0,0.93
2026-07-30,UDXMLBTOTAL_KANMIN26JUL301340_8.5,Baseball,Total,Finalized,0,4147,0.6,0,0.04
2026-07-30,UDXMLBTOTAL_BOSOAK26JUL302140_8.5,Baseball,Total,Finalized,0,4120,0.82,0,0.57
2026-07-30,UDXMLBTOTAL_CHCSTL26JUL301415_10.5,Baseball,Total,Finalized,0,4003,0.31,0,0.13
2026-07-30,UDXWNBATOTAL_CONNCHI2026JUL30_179.5,Basketball (pro),Total,Finalized,0,3707,0.54,0,0.18
2026-07-30,UDXMLBTOTAL_SFSD26JUL302140_9.5,Baseball,Total,Finalized,1013,3633,0.61,0,0.16
2026-07-30,UDXMLBTOTAL_MIANYM26JUL301910_5.5,Baseball,Total,Finalized,0,3505,0.66,0,0.49
2026-07-30,UDXWNBATOTAL_MINTOR2026JUL30_170.5,Basketball (pro),Total,Finalized,0,3503,0.87,0,0.87
2026-07-30,UDXMLBGAMEWIN_HOULAA26JUL292138_LAA,Baseball,Moneyline,Finalized,0,3344,0.11,0,0.02
2026-07-30,UDXMLBTOTAL_KANMIN26JUL301340_7.5,Baseball,Total,Finalized,0,3262,0.64,0,0.02
2026-07-30,UDXMLBTOTAL_BOSOAK26JUL302140_7.5,Baseball,Total,Finalized,0,3250,0.89,0,0.7
2026-07-30,UDXMLBTOTAL_SFSD26JUL302140_7.5,Baseball,Total,Finalized,2439,3118,0.68,0,0.23
2026-07-30,UDXMLBTOTAL_CHCSTL26JUL301415_4.5,Baseball,Total,Finalized,0,3095,0.77,0,0.6
2026-07-30,UDXMLBSPREAD_SFSD26JUL302140_SD1.5,Baseball,Spread,Finalized,2134,3058,0.43,0,0.14
2026-07-30,UDXWNBASPREAD_MINTOR2026JUL30_MIN6.5,Basketball (pro),Spread,Finalized,0,3054,0.86,0,0.86
2026-07-30,UDXMLBSPREAD_WASATL26JUL301915_WAS1.5,Baseball,Spread,Finalized,0,3022,0.54,0,0.08
2026-07-30,UDXMLBTOTAL_MIANYM26JUL301910_1.5,Baseball,Total,Finalized,0,3017,0.97,0,0.96
2026-07-30,UDXWNBASPREAD_CONNCHI2026JUL30_CHI1.5,Basketball (pro),Spread,Finalized,0,2959,0.65,0,0.48
2026-07-30,UDXMLBTOTAL_SEALAD26JUL292210_5.5,Baseball,Total,Finalized,0,2684,0.57,0,0.13
2026-07-30,UDXMLBTOTAL_TEXTB26JUL301210_8.5,Baseball,Total,Finalized,0,2672,0.44,0,0.07
2026-07-30,UDXMLBSPREAD_KANMIN26JUL301340_MIN1.5,Baseball,Spread,Finalized,0,2662,0.44,0,0.03
2026-07-30,UDXWNBASPREAD_CONNCHI2026JUL30_CHI6.5,Basketball (pro),Spread,Finalized,0,2651,0.71,0,0.71
2026-07-30,UDXMLBSPREAD_SEALAD26JUL292210_LAD2.5,Baseball,Spread,Finalized,0,2599,0.89,0,0.82
2026-07-30,UDXMLBSPREAD_SFSD26JUL302140_SF1.5,Baseball,Spread,Finalized,1654,2590,0.82,0,0.66
2026-07-30,UDXMLBTOTAL_SFSD26JUL302140_6.5,Baseball,Total,Finalized,1697,2551,0.76,0,0.37
2026-07-30,UDXWNBATOTAL_MINTOR2026JUL30_182.5,Basketball (pro),Total,Finalized,0,2458,0.61,0,0.28
2026-07-30,UDXMLBTOTAL_WASATL26JUL301915_11.5,Baseball,Total,Finalized,0,2388,0.53,0,0.13
2026-07-30,UDXMLBSPREAD_SEALAD26JUL302210_LAD4.5,Baseball,Spread,Finalized,1911,2369,0.65,0,0.17
2026-07-30,UDXMLBTOTAL_MIANYM26JUL301910_4.5,Baseball,Total,Finalized,0,2311,0.57,0,0.44
2026-07-30,UDXMLBTOTAL_SEALAD26JUL292210_9.5,Baseball,Total,Finalized,0,2265,0.06,0,0.03
2026-07-30,UDXMLBTOTAL_NYYCWS26JUL301410_5.5,Baseball,Total,Finalized,0,2146,0.7,0,0.16
2026-07-30,UDXMLBTOTAL_SFSD26JUL302140_10.5,Baseball,Total,Finalized,1046,2109,0.52,0,0.36
2026-07-30,UDXWNBATOTAL_MINTOR2026JUL30_179.5,Basketball (pro),Total,Finalized,0,2087,0.67,0,0.33
2026-07-30,UDXMLBSPREAD_NYYCWS26JUL301410_CWS1.5,Baseball,Spread,Finalized,0,2028,0.4,0,0.13
2026-07-30,UDXWNBASPREAD_NYLV2026JUL30_LV1.5,Basketball (pro),Spread,Finalized,1366,1908,0.89,0,0.89
2026-07-30,UDXMLBSPREAD_MIANYM26JUL301910_NYM1.5,Baseball,Spread,Finalized,0,1902,0.81,0,0.67
2026-07-30,UDXMLBTOTAL_BOSOAK26JUL302140_14.5,Baseball,Total,Finalized,1882,1882,0.21,0,0.11
2026-07-30,UDXMLBSPREAD_BOSOAK26JUL302140_OAK1.5,Baseball,Spread,Finalized,1023,1880,0.56,0,0.06
2026-07-30,UDXMLBTOTAL_NYYCWS26JUL301410_6.5,Baseball,Total,Finalized,349,1877,0.62,0,0.07
2026-07-30,UDXWNBASPREAD_MINTOR2026JUL30_MIN21.5,Basketball (pro),Spread,Finalized,0,1840.47,0.91,0,0.91
2026-07-30,UDXWNBATOTAL_NYLV2026JUL30_181.5,Basketball (pro),Total,Finalized,885,1836,0.98,0,0.98
2026-07-30,UDXWNBASPREAD_CONNCHI2026JUL30_CONN6.5,Basketball (pro),Spread,Finalized,0,1823,0.49,0,0.42
2026-07-30,UDXWNBATOTAL_GSVPHX2026JUL29_166.5,Basketball (pro),Total,Finalized,0,1811,0.96,0,0.9
2026-07-30,UDXMLBTOTAL_SEALAD26JUL302210_6.5,Baseball,Total,Finalized,1597,1803,0.94,0,0.94
2026-07-30,UDXMLBTOTAL_HOULAA26JUL292138_10.5,Baseball,Total,Finalized,0,1780,0.54,0,0.41
2026-07-30,UDXMLBTOTAL_PITCIN26JUL301910_5.5,Baseball,Total,Finalized,0,1777,0.78,0,0.61
2026-07-30,UDXMLBSPREAD_MIANYM26JUL301910_MIA1.5,Baseball,Spread,Finalized,0,1750,0.42,0,0.03
2026-07-30,UDXMLBTOTAL_CHCSTL26JUL301415_3.5,Baseball,Total,Finalized,0,1669,0.89,0,0.84
2026-07-30,UDXMLBTOTAL_BOSOAK26JUL302140_6.5,Baseball,Total,Finalized,0,1563,0.79,0,0.73
2026-07-30,UDXWNBATOTAL_NYLV2026JUL30_184.5,Basketball (pro),Total,Finalized,1275,1547,0.94,0,0.94
2026-07-30,UDXWNBATOTAL_MINTOR2026JUL30_173.5,Basketball (pro),Total,Finalized,0,1512,0.86,0,0.55
2026-07-30,UDXMLBTOTAL_PITCIN26JUL301910_10.5,Baseball,Total,Finalized,0,1509,0.44,0,0.4
2026-07-30,UDXMLBGAMEWIN_NYYCHC26JUL311420_CHC,Baseball,Moneyline,Finalized,1492,1492,0.58,0,0.58
2026-07-30,UDXMLBSPREAD_SEALAD26JUL292210_LAD1.5,Baseball,Spread,Finalized,0,1433,0.94,0,0.79
2026-07-30,UDXMLBTOTAL_BOSOAK26JUL292140_9.5,Baseball,Total,Finalized,0,1400,0.16,0,0.16
2026-07-30,UDXMLBSPREAD_WASATL26JUL301915_ATL2.5,Baseball,Spread,Finalized,0,1339,0.39,0,0.38
2026-07-30,UDXMLBGAMEWIN_SEALAD26JUL292210_LAD,Baseball,Moneyline,Finalized,0,1336,0.98,0,0.97
2026-07-30,UDXMLBTOTAL_PITCIN26JUL301910_13.5,Baseball,Total,Finalized,0,1293,0.22,0,0.22
2026-07-30,UDXMLBSPREAD_KANMIN26JUL301340_KAN3.5,Baseball,Spread,Finalized,0,1270,0.42,0,0.21
2026-07-30,UDXMLBTOTAL_TEXTB26JUL301210_11.5,Baseball,Total,Finalized,0,1237,0.2,0,0.06
2026-07-30,UDXMLBTOTAL_PITCIN26JUL301910_4.5,Baseball,Total,Finalized,0,1201,0.9,0,0.87
2026-07-30,UDXMLBTOTAL_SEALAD26JUL292210_7.5,Baseball,Total,Finalized,0,1181,0.18,0,0.07
2026-07-30,UDXMLBTOTAL_SEALAD26JUL292210_6.5,Baseball,Total,Finalized,0,1167,0.35,0,0.2
2026-07-30,UDXWNBATOTAL_MINTOR2026JUL30_176.5,Basketball (pro),Total,Finalized,0,1096,0.75,0,0.4
2026-07-30,UDXMLBSPREAD_TEXTB26JUL301210_TEX1.5,Baseball,Spread,Finalized,0,1056,0.36,0,0.19
2026-07-30,UDXMLBSPREAD_HOULAA26JUL292138_HOU1.5,Baseball,Spread,Finalized,0,1051,0.97,0,0.97
2026-07-30,UDXMLBTOTAL_TEXTB26JUL301210_4.5,Baseball,Total,Finalized,0,1049,0.82,0,0.76
2026-07-30,UDXWNBASPREAD_MINTOR2026JUL30_MIN9.5,Basketball (pro),Spread,Finalized,0,1022,0.82,0,0.82
2026-07-30,UDXMLBTOTAL_BOSOAK26JUL292140_10.5,Baseball,Total,Finalized,0,991,0.07,0,0.04
2026-07-30,UDXMLBTOTAL_BOSOAK26JUL292140_8.5,Baseball,Total,Finalized,0,957,0.31,0,0.19
2026-07-30,UDXMLBTOTAL_BOSOAK26JUL302140_11.5,Baseball,Total,Finalized,691,939,0.36,0,0.1
2026-07-30,UDXWNBASPREAD_CONNCHI2026JUL30_CONN1.5,Basketball (pro),Spread,Finalized,0,914,0.65,0,0.56
2026-07-30,UDXCOMBO-17711765232016440013,Other,Combo-17711765232016440013,Finalized,0,891.3,0.02,0,0.02
2026-07-30,UDXMLBTOTAL_SEALAD26JUL302210_11.5,Baseball,Total,Finalized,613,817,0.54,0,0.45
2026-07-30,UDXMLBSPREAD_WASATL26JUL301915_ATL3.5,Baseball,Spread,Finalized,0,776,0.24,0,0.09
2026-07-30,UDXWNBASPREAD_MINTOR2026JUL30_MIN15.5,Basketball (pro),Spread,Finalized,0,773,0.96,0,0.96
2026-07-30,UDXMLBTOTAL_SEALAD26JUL302210_10.5,Baseball,Total,Finalized,528,763,0.63,0,0.38
2026-07-30,UDXWNBATOTAL_CONNCHI2026JUL30_158.5,Basketball (pro),Total,Finalized,0,725,0.94,0,0.94
2026-07-30,UDXCOMBO-1517803701548215809,Other,Combo-1517803701548215809,Finalized,0,719.23,0.01,0,0.01
2026-07-30,UDXMLBTOTAL_SEALAD26JUL292210_8.5,Baseball,Total,Finalized,0,712,0.11,0,0.08
2026-07-30,UDXWNBASPREAD_GSVPHX2026JUL29_GSV7.5,Basketball (pro),Spread,Finalized,0,692,0.06,0,0.03
2026-07-30,UDXMLBTOTAL_TEXTB26JUL301210_9.5,Baseball,Total,Finalized,0,691,0.33,0,0.1
2026-07-30,UDXMLBSPREAD_BOSOAK26JUL302140_OAK2.5,Baseball,Spread,Finalized,392,682,0.52,0,0.14
2026-07-30,UDXWNBASPREAD_GSVPHX2026JUL29_PHX6.5,Basketball (pro),Spread,Finalized,0,661,0.14,0,0.02
2026-07-30,UDXWNBASPREAD_NYLV2026JUL30_LV10.5,Basketball (pro),Spread,Finalized,490,617.43,0.43,0,0.18
2026-07-30,UDXWNBATOTAL_NYLV2026JUL30_175.5,Basketball (pro),Total,Finalized,599,599,0.85,0,0.85
2026-07-30,UDXMLBSPREAD_TEXTB26JUL301210_TB2.5,Baseball,Spread,Finalized,0,597,0.46,0,0.05
2026-07-30,UDXMLBSPREAD_WASATL26JUL301915_WAS2.5,Baseball,Spread,Finalized,0,596,0.59,0,0.04
2026-07-30,UDXMLBTOTAL_SEALAD26JUL292210_4.5,Baseball,Total,Finalized,0,590,0.67,0,0.62
2026-07-30,UDXMLBSPREAD_SEALAD26JUL292210_LAD4.5,Baseball,Spread,Finalized,0,563,0.44,0,0.13
2026-07-30,UDXMLBTOTAL_MIANYM26JUL301910_9.5,Baseball,Total,Finalized,0,555,0.27,0,0.07
2026-07-30,UDXMLBSPREAD_BOSOAK26JUL292140_BOS2.5,Baseball,Spread,Finalized,0,552,0.19,0,0.03
2026-07-30,UDXMLBSPREAD_BOSOAK26JUL302140_OAK3.5,Baseball,Spread,Finalized,548,548,0.11,0,0.07
2026-07-30,UDXMLBGAMEWIN_TEXHOU26JUL312015_HOU,Baseball,Moneyline,Finalized,529,529,0.55,0,0.55
2026-07-30,UDXMLBSPREAD_CHCSTL26JUL301415_CHC3.5,Baseball,Spread,Finalized,0,526,0.21,0,0.08
2026-07-30,UDXMLBTOTAL_KANMIN26JUL301340_10.5,Baseball,Total,Finalized,0,523,0.43,0,0.26
2026-07-30,UDXMLBTOTAL_HOULAA26JUL292138_13.5,Baseball,Total,Finalized,0,504,0.07,0,0.07
2026-07-30,UDXCOMBO-18185186782013526680,Other,Combo-18185186782013526680,Finalized,490.63,490.63,0.06,0,0.06
2026-07-30,UDXMLBTOTAL_WASATL26JUL301915_12.5,Baseball,Total,Finalized,0,481,0.33,0,0.06
2026-07-30,UDXMLBTOTAL_NYYCWS26JUL301410_11.5,Baseball,Total,Finalized,0,465,0.24,0,0.05
2026-07-30,UDXWNBATOTAL_MINTOR2026JUL30_188.5,Basketball (pro),Total,Finalized,0,454,0.5,0,0.29
2026-07-30,UDXWNBASPREAD_MINTOR2026JUL30_MIN18.5,Basketball (pro),Spread,Finalized,0,451,0.83,0,0.83
2026-07-30,UDXWNBATOTAL_CONNCHI2026JUL30_170.5,Basketball (pro),Total,Finalized,0,434,0.67,0,0.51
2026-07-30,UDXMLBSPREAD_BOSOAK26JUL292140_BOS3.5,Baseball,Spread,Finalized,0,427,0.11,0,0.11
2026-07-30,UDXMLBSPREAD_TEXTB26JUL301210_TB3.5,Baseball,Spread,Finalized,0,424,0.27,0,0.11
2026-07-30,UDXCOMBO-7623116206699029351,Other,Combo-7623116206699029351,Finalized,0,405.61,0.03,0,0.03
2026-07-30,UDXWNBASPREAD_GSVPHX2026JUL29_GSV1.5,Basketball (pro),Spread,Finalized,0,399,0.31,0,0.05
2026-07-30,UDXMLBGAMEWIN_NYYCHC26JUL311420_NYY,Baseball,Moneyline,Finalized,394,394,0.45,0,0.43
2026-07-30,UDXMLBSPREAD_SFSD26JUL302140_SF3.5,Baseball,Spread,Finalized,90,390,0.51,0,0.25
2026-07-30,UDXMLBTOTAL_MIANYM26JUL301910_2.5,Baseball,Total,Finalized,0,375,0.93,0,0.93
2026-07-30,UDXMLBSPREAD_SEALAD26JUL302210_LAD3.5,Baseball,Spread,Finalized,293,373,0.46,0,0.46
2026-07-30,UDXWNBATOTAL_CONNCHI2026JUL30_182.5,Basketball (pro),Total,Finalized,0,335,0.47,0,0.47
2026-07-30,UDXMLBSPREAD_KANMIN26JUL301340_KAN4.5,Baseball,Spread,Finalized,0,332,0.14,0,0.14
2026-07-30,UDXMLBTOTAL_PITCIN26JUL301910_12.5,Baseball,Total,Finalized,0,328,0.29,0,0.29
2026-07-30,UDXMLBSPREAD_HOULAA26JUL292138_HOU2.5,Baseball,Spread,Finalized,0,325,0.93,0,0.93
2026-07-30,UDXCOMBO-12645602214614127324,Other,Combo-12645602214614127324,Finalized,323,323,0.15,0,0.15
2026-07-30,UDXMLBSPREAD_KANMIN26JUL301340_MIN3.5,Baseball,Spread,Finalized,0,302,0.23,0,0.18
2026-07-30,UDXMLBSPREAD_SFSD26JUL302140_SF4.5,Baseball,Spread,Finalized,298,298,0.32,0,0.32
2026-07-30,UDXMLBTOTAL_PITCIN26JUL301910_11.5,Baseball,Total,Finalized,0,281,0.35,0,0.12
2026-07-30,UDXWNBATOTAL_NYLV2026JUL30_172.5,Basketball (pro),Total,Finalized,279,279,0.87,0,0.87
2026-07-30,UDXMLBTOTAL_WASATL26JUL301915_13.5,Baseball,Total,Finalized,0,278,0.25,0,0.22
2026-07-30,UDXMLBTOTAL_SEALAD26JUL302210_12.5,Baseball,Total,Finalized,272,272,0.4,0,0.17
2026-07-30,UDXMLBTOTAL_SEALAD26JUL302210_5.5,Baseball,Total,Finalized,0,265,0.81,0,0.64
2026-07-30,UDXMLBTOTAL_HOULAA26JUL292138_11.5,Baseball,Total,Finalized,0,260,0.45,0,0.08
2026-07-30,UDXWNBASPREAD_GSVPHX2026JUL29_GSV4.5,Basketball (pro),Spread,Finalized,0,227,0.15,0,0.05
2026-07-30,UDXMLBSPREAD_NYYCWS26JUL301410_NYY2.5,Baseball,Spread,Finalized,0,220,0.32,0,0.06
2026-07-30,UDXMLBTOTAL_CHCSTL26JUL301415_11.5,Baseball,Total,Finalized,0,214,0.22,0,0.22
2026-07-30,UDXMLBTOTAL_SFSD26JUL302140_12.5,Baseball,Total,Finalized,120,210,0.31,0,0.16
2026-07-30,UDXMLBGAMEWIN_CWSTB26JUL311910_CWS,Baseball,Moneyline,Finalized,203,203,0.45,0,0.45
2026-07-30,UDXMLBSPREAD_SEALAD26JUL292210_LAD3.5,Baseball,Spread,Finalized,0,199,0.72,0,0.08
2026-07-30,UDXWNBATOTAL_NYLV2026JUL30_166.5,Basketball (pro),Total,Finalized,196,196,0.95,0,0.95
2026-07-30,UDXMLBTOTAL_MIANYM26JUL301910_10.5,Baseball,Total,Finalized,0,191,0.21,0,0.09
2026-07-30,UDXCOMBO-13808566666650257828,Other,Combo-13808566666650257828,Finalized,0,186.64,0.01,0,0.01
2026-07-30,UDXWNBATOTAL_MINTOR2026JUL30_194.5,Basketball (pro),Total,Finalized,0,182,0.25,0,0.17
2026-07-30,UDXMLBGAMEWIN_MILLAA26JUL312138_MIL,Baseball,Moneyline,Finalized,180,180,0.61,0,0.61
2026-07-30,UDXWNBASPREAD_MINTOR2026JUL30_TOR9.5,Basketball (pro),Spread,Finalized,0,178,0.11,0,0.09
2026-07-30,UDXMLBSPREAD_BOSOAK26JUL292140_OAK1.5,Baseball,Spread,Finalized,0,173,0.15,0,0.06
2026-07-30,UDXWNBATOTAL_GSVPHX2026JUL29_163.5,Basketball (pro),Total,Finalized,0,173,0.95,0,0.95
2026-07-30,UDXMLBSPREAD_KANMIN26JUL301340_KAN1.5,Baseball,Spread,Finalized,0,172,0.93,0,0.93
2026-07-30,UDXMLBGAMEWIN_TEXHOU26JUL312015_TEX,Baseball,Moneyline,Finalized,166,166,0.47,0,0.47
2026-07-30,UDXWNBASPREAD_NYLV2026JUL30_LV13.5,Basketball (pro),Spread,Finalized,165,165,0.1,0,0.1
2026-07-30,UDXWNBASPREAD_GSVPHX2026JUL29_PHX9.5,Basketball (pro),Spread,Finalized,0,154,0.03,0,0.03
2026-07-30,UDXMLBTOTAL_MIANYM26JUL301910_8.5,Baseball,Total,Finalized,0,148,0.36,0,0.15
2026-07-30,UDXMLBTOTAL_TEXTB26JUL301210_3.5,Baseball,Total,Finalized,0,148,0.8,0,0.8
2026-07-30,UDXMLBSPREAD_BOSOAK26JUL302140_BOS2.5,Baseball,Spread,Finalized,146,146,0.42,0,0.42
2026-07-30,UDXMLBTOTAL_NYYCWS26JUL301410_9.5,Baseball,Total,Finalized,0,146,0.31,0,0.31
2026-07-30,UDXMLBSPREAD_CHCSTL26JUL301415_CHC2.5,Baseball,Spread,Finalized,0,144,0.27,0,0.27
2026-07-30,UDXMLBTOTAL_WASATL26JUL301915_7.5,Baseball,Total,Finalized,0,143,0.7,0,0.65
2026-07-30,UDXMLBTOTAL_SFSD26JUL302140_11.5,Baseball,Total,Finalized,17,139,0.44,0,0.06
2026-07-30,UDXWNBASPREAD_CONNCHI2026JUL30_CONN9.5,Basketball (pro),Spread,Finalized,0,128,0.31,0,0.3
2026-07-30,UDXMLBTOTAL_NYYCWS26JUL301410_10.5,Baseball,Total,Finalized,0,126,0.25,0,0.1
2026-07-30,UDXWNBATOTAL_MINTOR2026JUL30_191.5,Basketball (pro),Total,Finalized,0,117,0.37,0,0.37
2026-07-30,UDXMLBGAMEWIN_CWSTB26JUL311910_TB,Baseball,Moneyline,Finalized,116,116,0.58,0,0.58
2026-07-30,UDXCOMBO-5775535903444438112,Other,Combo-5775535903444438112,Finalized,0,112.18,0.13,0,0.13
2026-07-30,UDXMLBSPREAD_NYYCWS26JUL301410_CWS3.5,Baseball,Spread,Finalized,0,111,0.17,0,0.17
2026-07-30,UDXCOMBO-15242601304083722440,Other,Combo-15242601304083722440,Finalized,103.9,103.9,0.01,0,0.01
2026-07-30,UDXWNBATOTAL_CONNCHI2026JUL30_167.5,Basketball (pro),Total,Finalized,0,101,0.75,0,0.7
2026-07-30,UDXWNBASPREAD_MINTOR2026JUL30_MIN3.5,Basketball (pro),Spread,Finalized,0,100,0.92,0,0.92
2026-07-30,UDXCOMBO-3650800482877582323,Other,Combo-3650800482877582323,Finalized,0,99.72,0.05,0,0.05
2026-07-30,UDXMLBGAMEWIN_PHIBAL26JUL311905_PHI,Baseball,Moneyline,Finalized,98,98,0.49,0,0.49
2026-07-30,UDXMLBTOTAL_NYYCHC26JUL311420_8.5,Baseball,Total,Finalized,94,94,0.56,0,0.56
2026-07-30,UDXMLBSPREAD_BOSOAK26JUL292140_OAK2.5,Baseball,Spread,Finalized,0,93,0.05,0,0.05
2026-07-30,UDXMLBTOTAL_BOSOAK26JUL302140_12.5,Baseball,Total,Finalized,0,88,0.3,0,0.1
2026-07-30,UDXMLBTOTAL_SEALAD26JUL292210_10.5,Baseball,Total,Finalized,0,86,0.03,0,0.03
2026-07-30,UDXMLBSPREAD_PITCIN26JUL301910_CIN2.5,Baseball,Spread,Finalized,0,81,0.29,0,0.25
2026-07-30,UDXMLBSPREAD_HOULAA26JUL292138_LAA1.5,Baseball,Spread,Finalized,0,79,0.02,0,0.02
2026-07-30,UDXCOMBO-99979953072492067,Other,Combo-99979953072492067,Finalized,0,78.16,0.06,0,0.06
2026-07-30,UDXMLBTOTAL_CHCSTL26JUL301415_12.5,Baseball,Total,Finalized,0,78,0.18,0,0.18
2026-07-30,UDXMLBGAMEWIN_STLTOR26JUL311907_STL,Baseball,Moneyline,Finalized,76,76,0.39,0,0.39
2026-07-30,UDXMLBSPREAD_SEALAD26JUL302210_SEA2.5,Baseball,Spread,Finalized,64,75,0.22,0,0.22
2026-07-30,UDXWNBATOTAL_GSVPHX2026JUL29_157.5,Basketball (pro),Total,Finalized,0,71,0.96,0,0.95
2026-07-30,UDXWNBASPREAD_NYLV2026JUL30_NY1.5,Basketball (pro),Spread,Finalized,70,70,0.34,0,0.34
2026-07-30,UDXMLBTOTAL_WASATL26JUL301915_6.5,Baseball,Total,Finalized,0,70,0.71,0,0.71
2026-07-30,UDXMLBSPREAD_NYYCHC26JUL311420_CHC1.5,Baseball,Spread,Finalized,69,69,0.4,0,0.4
2026-07-30,UDXMLBSPREAD_WASATL26JUL311915_ATL1.5,Baseball,Spread,Finalized,68,68,0.37,0,0.37
2026-07-30,UDXMLBTOTAL_SEALAD26JUL302210_4.5,Baseball,Total,Finalized,0,61,0.79,0,0.79
2026-07-30,UDXMLBSPREAD_SFSD26JUL302140_SD3.5,Baseball,Spread,Finalized,58,58,0.24,0,0.24
2026-07-30,UDXMLBTOTAL_BOSOAK26JUL302140_4.5,Baseball,Total,Finalized,0,58,0.92,0,0.92
2026-07-30,UDXMLBGAMEWIN_WASATL26JUL311915_WAS,Baseball,Moneyline,Finalized,52,52,0.46,0,0.46
2026-07-30,UDXCOMBO-12812113695627182753,Other,Combo-12812113695627182753,Finalized,0,51.98,0.02,0,0.02
2026-07-30,UDXWNBATOTAL_NYLV2026JUL30_169.5,Basketball (pro),Total,Finalized,50,50,0.78,0,0.78
2026-07-30,UDXCOMBO-15977078497536212062,Other,Combo-15977078497536212062,Finalized,0,48.44,0.06,0,0.06
2026-07-30,UDXMLBGAMEWIN_MILLAA26JUL312138_LAA,Baseball,Moneyline,Finalized,47,47,0.4,0,0.4
2026-07-30,UDXMLBSPREAD_SFSD26JUL302140_SD2.5,Baseball,Spread,Finalized,44,44,0.32,0,0.32
2026-07-30,UDXWNBATOTAL_NYLV2026JUL30_178.5,Basketball (pro),Total,Finalized,43,43,0.8,0,0.8
2026-07-30,UDXMLBGAMEWIN_ARICLE26JUL311910_ARI,Baseball,Moneyline,Finalized,41,41,0.46,0,0.46
2026-07-30,UDXMLBSPREAD_NYYCWS26JUL301410_CWS2.5,Baseball,Spread,Finalized,0,41,0.23,0,0.23
2026-07-30,UDXCOMBO-15531393808448692510,Other,Combo-15531393808448692510,Finalized,0,40.69,0.02,0,0.02
2026-07-30,UDXMLBSPREAD_WASATL26JUL301915_WAS3.5,Baseball,Spread,Finalized,0,40,0.39,0,0.37
2026-07-30,UDXMLBSPREAD_SFSD26JUL302140_SF5.5,Baseball,Spread,Finalized,39,39,0.12,0,0.12
2026-07-30,UDXCOMBO-495442530012504872,Other,Combo-495442530012504872,Finalized,38.61,38.61,0.25,0,0.25
2026-07-30,UDXCOMBO-14634870677096801611,Other,Combo-14634870677096801611,Finalized,0,38.45,0.25,0,0.25
2026-07-30,UDXCOMBO-13477598626414367873,Other,Combo-13477598626414367873,Finalized,0,37.68,0.13,0,0.13
2026-07-30,UDXCOMBO-81394062191535476,Other,Combo-81394062191535476,Finalized,0,35.48,0.27,0,0.27
2026-07-30,UDXMLBSPREAD_PITCIN26JUL311810_PIT1.5,Baseball,Spread,Finalized,35,35,0.41,0,0.41
2026-07-30,UDXMLBTOTAL_KANMIN26JUL301340_11.5,Baseball,Total,Finalized,0,34,0.29,0,0.29
2026-07-30,UDXMLBSPREAD_STLTOR26JUL311907_TOR1.5,Baseball,Spread,Finalized,33,33,0.43,0,0.43
2026-07-30,UDXMLBGAMEWIN_ARICLE26JUL311910_CLE,Baseball,Moneyline,Finalized,32,32,0.55,0,0.55
2026-07-30,UDXWNBASPREAD_CONNCHI2026JUL30_CHI9.5,Basketball (pro),Spread,Finalized,0,32,0.1,0,0.1
2026-07-30,UDXMLBTOTAL_BOSOAK26JUL302140_5.5,Baseball,Total,Finalized,0,28,0.67,0,0.64
2026-07-30,UDXMLBTOTAL_MIANYM26JUL301910_3.5,Baseball,Total,Finalized,0,28,0.68,0,0.55
2026-07-30,UDXMLBTOTAL_PITCIN26JUL301910_14.5,Baseball,Total,Finalized,0,27,0.18,0,0.17
2026-07-30,UDXMLBSPREAD_NYYCHC26JUL311420_NYY3.5,Baseball,Spread,Finalized,26,26,0.17,0,0.17
2026-07-30,UDXMLBSPREAD_TEXTB26JUL301210_TEX2.5,Baseball,Spread,Finalized,0,26,0.2,0,0.2
2026-07-30,UDXMLBSPREAD_CWSTB26JUL311910_TB1.5,Baseball,Spread,Finalized,24,24,0.39,0,0.39
2026-07-30,UDXCOMBO-4441828480965793056,Other,Combo-4441828480965793056,Finalized,22.69,22.69,0.38,0,0.38
2026-07-30,UDXCOMBO-17067232579010708578,Other,Combo-17067232579010708578,Finalized,0,21.84,0.22,0,0.22
2026-07-30,UDXCOMBO-3616849665021135245,Other,Combo-3616849665021135245,Finalized,0,21.3,0.04,0,0.04
2026-07-30,UDXCOMBO-18281460560197797142,Other,Combo-18281460560197797142,Finalized,0,20.36,0.23,0,0.23
2026-07-30,UDXMLBTOTAL_SFSD26JUL302140_5.5,Baseball,Total,Finalized,18,19,0.96,0,0.96
2026-07-30,UDXCOMBO-9116051268982608603,Other,Combo-9116051268982608603,Finalized,18.55,18.55,0.26,0,0.26
2026-07-30,UDXCOMBO-5175519939664283993,Other,Combo-5175519939664283993,Finalized,18.19,18.19,0.26,0,0.26
2026-07-30,UDXMLBSPREAD_MIANYM26JUL301910_NYM2.5,Baseball,Spread,Finalized,0,17,0.24,0,0.24
2026-07-30,UDXMLBGAMEWIN_STLTOR26JUL311907_TOR,Baseball,Moneyline,Finalized,16,16,0.62,0,0.62
2026-07-30,UDXMLBTOTAL_PITCIN26JUL311810_7.5,Baseball,Total,Finalized,16,16,0.52,0,0.52
2026-07-30,UDXCOMBO-10759993416751795779,Other,Combo-10759993416751795779,Finalized,14.43,14.43,0.4,0,0.4
2026-07-30,UDXCOMBO-6870232448992326122,Other,Combo-6870232448992326122,Finalized,0,13.86,0.14,0,0.14
2026-07-30,UDXCOMBO-7214259494872525929,Other,Combo-7214259494872525929,Finalized,0,13.77,0.35,0,0.35
2026-07-30,UDXCOMBO-10786538296696503063,Other,Combo-10786538296696503063,Finalized,0,12.77,0.38,0,0.38
2026-07-30,UDXCOMBO-10702346794381481262,Other,Combo-10702346794381481262,Finalized,0,12.3,0.31,0,0.31
2026-07-30,UDXCOMBO-980635314699161511,Other,Combo-980635314699161511,Finalized,0,12.19,0.08,0,0.08
2026-07-30,UDXMLBSPREAD_MIANYM26JUL301910_MIA2.5,Baseball,Spread,Finalized,0,12,0.11,0,0.11
2026-07-30,UDXCOMBO-6758979589941430075,Other,Combo-6758979589941430075,Finalized,0,11.96,0.4,0,0.4
2026-07-30,UDXCOMBO-6197783160897199423,Other,Combo-6197783160897199423,Finalized,0,11.64,0.85,0,0.85
2026-07-30,UDXCOMBO-11265578559544984387,Other,Combo-11265578559544984387,Finalized,11.01,11.01,0.39,0,0.39
2026-07-30,UDXWNBATOTAL_CONNCHI2026JUL30_164.5,Basketball (pro),Total,Finalized,0,11,0.76,0,0.76
2026-07-30,UDXCOMBO-13734935818326241706,Other,Combo-13734935818326241706,Finalized,0,10.92,0.17,0,0.14
2026-07-30,UDXCOMBO-13105537599247344236,Other,Combo-13105537599247344236,Finalized,10.68,10.68,0.45,0,0.45
2026-07-30,UDXCOMBO-10778924782831991458,Other,Combo-10778924782831991458,Finalized,0,8.85,0.55,0,0.55
2026-07-30,UDXCOMBO-4847357874995251621,Other,Combo-4847357874995251621,Finalized,0,8.62,0.22,0,0.22
2026-07-30,UDXCOMBO-9162689929013359709,Other,Combo-9162689929013359709,Finalized,0,7.89,0.12,0,0.12
2026-07-30,UDXCOMBO-8130994393721054082,Other,Combo-8130994393721054082,Finalized,0,7.53,0.65,0,0.65
2026-07-30,UDXMLBTOTAL_KANCOL26JUL312040_11.5,Baseball,Total,Finalized,7,7,0.46,0,0.46
2026-07-30,UDXCOMBO-15339369087094948474,Other,Combo-15339369087094948474,Finalized,0,6.76,0.54,0,0.54
2026-07-30,UDXCOMBO-4834253957262482964,Other,Combo-4834253957262482964,Finalized,0,5.65,0.34,0,0.34
2026-07-30,UDXCOMBO-7201621283799823868,Other,Combo-7201621283799823868,Finalized,0,5.34,0.18,0,0.18
2026-07-30,UDXMLBTOTAL_STLTOR26JUL311907_7.5,Baseball,Total,Finalized,5,5,0.53,0,0.53
2026-07-30,UDXCOMBO-10705232711833373423,Other,Combo-10705232711833373423,Finalized,0,4.6,0.42,0,0.42
2026-07-30,UDXCOMBO-7916860237217836597,Other,Combo-7916860237217836597,Finalized,4.44,4.44,0.21,0,0.21
2026-07-30,UDXCOMBO-10992366292788471004,Other,Combo-10992366292788471004,Finalized,4.42,4.42,0.21,0,0.21
2026-07-30,UDXCOMBO-6633238369799906509,Other,Combo-6633238369799906509,Finalized,0,2.78,0.34,0,0.34
2026-07-30,UDXCOMBO-13837548620838670211,Other,Combo-13837548620838670211,Finalized,0,2,0.48,0,0.48
2026-07-30,UDXMLBTOTAL_TEXTB26JUL301210_2.5,Baseball,Total,Finalized,0,2,0.97,0,0.97
2026-07-30,UDXCOMBO-3455275209199589197,Other,Combo-3455275209199589197,Finalized,0,1.27,0.77,0,0.77
2026-07-30,UDXCOMBO-920108785061895910,Other,Combo-920108785061895910,Finalized,0,1.02,0.97,0,0.97
2026-07-30,UDXMLBGAMEWIN_PITCIN26JUL311810_PIT,Baseball,Moneyline,Finalized,1,1,0.55,0,0.55
2026-07-30,UDXMLBGAMEWIN_WASATL26JUL311915_ATL,Baseball,Moneyline,Finalized,1,1,0.55,0,0.55
2026-07-30,UDXMLBTOTAL_CHCSTL26JUL301415_2.5,Baseball,Total,Finalized,0,1,0.96,0,0.96
2026-07-30,UDXMLBTOTAL_TEXTB26JUL301210_10.5,Baseball,Total,Finalized,0,1,0.16,0,0.16
2026-07-31,UDXMLBGAMEWIN_PITCIN26JUL311810_PIT,Baseball,Moneyline,Finalized,0,116746.99,0.88,0,0.09
2026-07-31,UDXMLBGAMEWIN_NYYCHC26JUL311420_CHC,Baseball,Moneyline,Finalized,0,81512.64,0.67,0,0.05
2026-07-31,UDXMLBGAMEWIN_BOSLAD26JUL312210_LAD,Baseball,Moneyline,Finalized,65132.4,79556.4,0.81,0,0.8
2026-07-31,UDXMLBGAMEWIN_NYYCHC26JUL311420_NYY,Baseball,Moneyline,Finalized,0,67202.28,0.96,0,0.95
2026-07-31,UDXMLBGAMEWIN_PHIBAL26JUL311905_PHI,Baseball,Moneyline,Finalized,0,52286.02,0.87,0,0.02
2026-07-31,UDXMLBTOTAL_MINSEA26JUL312210_8.5,Baseball,Total,Finalized,33799,47949,0.78,0,0.37
2026-07-31,UDXMLBGAMEWIN_MILLAA26JUL312138_MIL,Baseball,Moneyline,Finalized,36390.56,46100.56,0.97,0,0.97
2026-07-31,UDXMLBGAMEWIN_CWSTB26JUL311910_TB,Baseball,Moneyline,Finalized,0,45504.67,0.59,0,0.02
2026-07-31,UDXMLBGAMEWIN_BOSLAD26JUL312210_BOS,Baseball,Moneyline,Finalized,37590.47,44916.47,0.83,0,0.19
2026-07-31,UDXMLBGAMEWIN_TEXHOU26JUL312015_TEX,Baseball,Moneyline,Finalized,0,41480.34,0.5,0,0.02
2026-07-31,UDXMLBGAMEWIN_PHIBAL26JUL311905_BAL,Baseball,Moneyline,Finalized,0,31391.86,0.98,0,0.97
2026-07-31,UDXMLBGAMEWIN_TEXHOU26JUL312015_HOU,Baseball,Moneyline,Finalized,0,31033.79,0.98,0,0.98
2026-07-31,UDXMLBGAMEWIN_PITCIN26JUL311810_CIN,Baseball,Moneyline,Finalized,0,30583.08,0.96,0,0.92
2026-07-31,UDXMLBGAMEWIN_STLTOR26JUL311907_STL,Baseball,Moneyline,Finalized,0,28653,0.58,0,0.03
2026-07-31,UDXMLBGAMEWIN_DETOAK26JUL312140_DET,Baseball,Moneyline,Finalized,23887,25939,0.97,0,0.97
2026-07-31,UDXMLBGAMEWIN_MINSEA26JUL312210_MIN,Baseball,Moneyline,Finalized,23110,25080,0.4,0,0.17
2026-07-31,UDXMLBGAMEWIN_ARICLE26JUL311910_ARI,Baseball,Moneyline,Finalized,0,23484,0.98,0,0.97
2026-07-31,UDXMLBGAMEWIN_MIANYM26JUL311910_MIA,Baseball,Moneyline,Finalized,0,22014.02,0.97,0,0.96
2026-07-31,UDXMLBGAMEWIN_STLTOR26JUL311907_TOR,Baseball,Moneyline,Finalized,0,21877.56,0.98,0,0.94
2026-07-31,UDXMLBTOTAL_SEALAD26JUL302210_8.5,Baseball,Total,Finalized,0,19137,0.77,0,0.09
2026-07-31,UDXMLBTOTAL_PITCIN26JUL311810_11.5,Baseball,Total,Finalized,0,19019,0.8,0,0.73
2026-07-31,UDXMLBGAMEWIN_KANCOL26JUL312040_KAN,Baseball,Moneyline,Finalized,0,18938,0.51,0,0.09
2026-07-31,UDXMLBGAMEWIN_SFSD26JUL312145_SD,Baseball,Moneyline,Finalized,15628,18276,0.98,0,0.98
2026-07-31,UDXMLBTOTAL_PITCIN26JUL311810_7.5,Baseball,Total,Finalized,0,17482.04,0.95,0,0.91
2026-07-31,UDXMLBTOTAL_MILLAA26JUL312138_9.5,Baseball,Total,Finalized,12112,16071.32,0.61,0,0.45
2026-07-31,UDXMLBTOTAL_NYYCHC26JUL311420_8.5,Baseball,Total,Finalized,0,15646,0.57,0,0.03
2026-07-31,UDXMLBGAMEWIN_MINSEA26JUL312210_SEA,Baseball,Moneyline,Finalized,15258,15556,0.84,0,0.79
2026-07-31,UDXMLBGAMEWIN_WASATL26JUL311915_WAS,Baseball,Moneyline,Finalized,0,15423.08,0.49,0,0.04
2026-07-31,UDXMLBGAMEWIN_DETOAK26JUL312140_OAK,Baseball,Moneyline,Finalized,11559,15393,0.6,0,0.03
2026-07-31,UDXMLBTOTAL_PITCIN26JUL311810_9.5,Baseball,Total,Finalized,0,15322,0.94,0,0.59
2026-07-31,UDXMLBTOTAL_SEALAD26JUL302210_9.5,Baseball,Total,Finalized,0,15064,0.57,0,0.07
2026-07-31,UDXMLBSPREAD_NYYCHC26JUL311420_CHC1.5,Baseball,Spread,Finalized,0,14237,0.49,0,0.05
2026-07-31,UDXMLBSPREAD_MILLAA26JUL312138_MIL1.5,Baseball,Spread,Finalized,11931,14174,0.94,0,0.93
2026-07-31,UDXMLBGAMEWIN_SFSD26JUL312145_SF,Baseball,Moneyline,Finalized,12908,13534,0.43,0,0.03
2026-07-31,UDXMLBSPREAD_NYYCHC26JUL311420_NYY1.5,Baseball,Spread,Finalized,0,13141,0.89,0,0.82
2026-07-31,UDXMLBGAMEWIN_MILLAA26JUL312138_LAA,Baseball,Moneyline,Finalized,11222,12615,0.44,0,0.03
2026-07-31,UDXMLBTOTAL_PHIBAL26JUL311905_8.5,Baseball,Total,Finalized,0,12550,0.79,0,0.5
2026-07-31,UDXMLBTOTAL_SFSD26JUL302140_5.5,Baseball,Total,Finalized,0,12533,0.55,0,0.14
2026-07-31,UDXMLBTOTAL_NYYCHC26JUL311420_3.5,Baseball,Total,Finalized,0,12321,0.94,0,0.15
2026-07-31,UDXMLBTOTAL_MINSEA26JUL312210_7.5,Baseball,Total,Finalized,7966,11540,0.82,0,0.45
2026-07-31,UDXMLBTOTAL_PITCIN26JUL311810_8.5,Baseball,Total,Finalized,0,10551,0.86,0,0.77
2026-07-31,UDXMLBTOTAL_NYYCHC26JUL311420_4.5,Baseball,Total,Finalized,0,10301,0.9,0,0.15
2026-07-31,UDXMLBTOTAL_NYYCHC26JUL311420_6.5,Baseball,Total,Finalized,0,9412,0.73,0,0.07
2026-07-31,UDXMLBSPREAD_PITCIN26JUL311810_PIT1.5,Baseball,Spread,Finalized,0,8849,0.67,0,0.07
2026-07-31,UDXMLBTOTAL_TEXHOU26JUL312015_8.5,Baseball,Total,Finalized,0,8642,0.89,0,0.72
2026-07-31,UDXMLBGAMEWIN_KANCOL26JUL312040_COL,Baseball,Moneyline,Finalized,0,8238,0.96,0,0.96
2026-07-31,UDXMLBGAMEWIN_MIANYM26JUL311910_NYM,Baseball,Moneyline,Finalized,0,7858,0.56,0,0.02
2026-07-31,UDXMLBGAMEWIN_CWSTB26JUL311910_CWS,Baseball,Moneyline,Finalized,0,7715.13,0.98,0,0.98
2026-07-31,UDXMLBTOTAL_NYYCHC26JUL311420_9.5,Baseball,Total,Finalized,0,7631,0.47,0,0.05
2026-07-31,UDXMLBTOTAL_DETOAK26JUL312140_7.5,Baseball,Total,Finalized,6865,7612,0.76,0,0.76
2026-07-31,UDXMLBTOTAL_PITCIN26JUL311810_12.5,Baseball,Total,Finalized,0,7589,0.91,0,0.81
2026-07-31,UDXMLBTOTAL_MILLAA26JUL312138_8.5,Baseball,Total,Finalized,3160,7561,0.88,0,0.59
2026-07-31,UDXMLBTOTAL_NYYCHC26JUL311420_5.5,Baseball,Total,Finalized,0,7558.06,0.8,0,0.04
2026-07-31,UDXMLBTOTAL_KANCOL26JUL312040_7.5,Baseball,Total,Finalized,0,7544,0.53,0,0.02
2026-07-31,UDXMLBTOTAL_DETOAK26JUL312140_10.5,Baseball,Total,Finalized,2021,7495,0.73,0,0.72
2026-07-31,UDXMLBGAMEWIN_SFSD26JUL302140_SD,Baseball,Moneyline,Finalized,0,7259,0.07,0,0.02
2026-07-31,UDXMLBTOTAL_WASATL26JUL311915_8.5,Baseball,Total,Finalized,0,7245.33,0.82,0,0.16
2026-07-31,UDXMLBTOTAL_KANCOL26JUL312040_4.5,Baseball,Total,Finalized,0,6846,0.91,0,0.1
2026-07-31,UDXMLBTOTAL_PITCIN26JUL311810_10.5,Baseball,Total,Finalized,0,6629,0.91,0,0.51
2026-07-31,UDXMLBGAMEWIN_SEALAD26JUL302210_SEA,Baseball,Moneyline,Finalized,0,6409,0.06,0,0.02
2026-07-31,UDXMLBTOTAL_MIANYM26JUL311910_8.5,Baseball,Total,Finalized,0,6174,0.55,0,0.11
2026-07-31,UDXMLBSPREAD_MINSEA26JUL312210_SEA1.5,Baseball,Spread,Finalized,3706.93,6103.93,0.63,0,0.54
2026-07-31,UDXMLBTOTAL_CWSTB26JUL311910_9.5,Baseball,Total,Finalized,0,6084,0.55,0,0.03
2026-07-31,UDXMLBTOTAL_TEXHOU26JUL312015_7.5,Baseball,Total,Finalized,0,5978,0.87,0,0.87
2026-07-31,UDXMLBTOTAL_MIANYM26JUL311910_7.5,Baseball,Total,Finalized,0,5915.61,0.71,0,0.2
2026-07-31,UDXMLBGAMEWIN_WASATL26JUL311915_ATL,Baseball,Moneyline,Finalized,0,5695.82,0.98,0,0.98
2026-07-31,UDXMLBTOTAL_MINSEA26JUL312210_6.5,Baseball,Total,Finalized,447,5629,0.92,0,0.72
2026-07-31,UDXMLBTOTAL_MINSEA26JUL312210_9.5,Baseball,Total,Finalized,4349,5310,0.61,0,0.22
2026-07-31,UDXMLBTOTAL_TEXHOU26JUL312015_9.5,Baseball,Total,Finalized,0,5222.51,0.67,0,0.41
2026-07-31,UDXMLBGAMEWIN_SEALAD26JUL302210_LAD,Baseball,Moneyline,Finalized,0,5116,0.98,0,0.98
2026-07-31,UDXMLBSPREAD_PHIBAL26JUL311905_BAL1.5,Baseball,Spread,Finalized,0,5062,0.95,0,0.95
2026-07-31,UDXMLBSPREAD_TEXHOU26JUL312015_HOU1.5,Baseball,Spread,Finalized,0,4838,0.94,0,0.89
2026-07-31,UDXMLBTOTAL_KANCOL26JUL312040_8.5,Baseball,Total,Finalized,0,4774,0.7,0,0.11
2026-07-31,UDXMLBTOTAL_KANCOL26JUL312040_10.5,Baseball,Total,Finalized,0,4741,0.56,0,0.03
2026-07-31,UDXMLBTOTAL_NYYCHC26JUL311420_7.5,Baseball,Total,Finalized,0,4722,0.64,0,0.03
2026-07-31,UDXMLBGAMEWIN_ARICLE26JUL311910_CLE,Baseball,Moneyline,Finalized,0,4437.4,0.78,0,0.03
2026-07-31,UDXMLBTOTAL_TEXHOU26JUL312015_10.5,Baseball,Total,Finalized,0,4390,0.54,0,0.45
2026-07-31,UDXMLBSPREAD_DETOAK26JUL312140_DET1.5,Baseball,Spread,Finalized,1370,4349,0.98,0,0.95
2026-07-31,UDXMLBTOTAL_CWSTB26JUL311910_8.5,Baseball,Total,Finalized,0,4347,0.73,0,0.05
2026-07-31,UDXMLBSPREAD_SEALAD26JUL302210_LAD3.5,Baseball,Spread,Finalized,0,4292.04,0.93,0,0.93
2026-07-31,UDXMLBTOTAL_NYYCHC26JUL311420_10.5,Baseball,Total,Finalized,0,3849,0.38,0,0.02
2026-07-31,UDXMLBTOTAL_TEXHOU26JUL312015_12.5,Baseball,Total,Finalized,0,3848,0.64,0,0.57
2026-07-31,UDXMLBTOTAL_ARICLE26JUL311910_2.5,Baseball,Total,Finalized,0,3699,0.96,0,0.6
2026-07-31,UDXMLBTOTAL_PITCIN26JUL311810_15.5,Baseball,Total,Finalized,0,3594,0.56,0,0.12
2026-07-31,UDXMLBTOTAL_PHIBAL26JUL311905_10.5,Baseball,Total,Finalized,0,3426.65,0.61,0,0.06
2026-07-31,UDXWNBASPREAD_NYLV2026JUL30_LV4.5,Basketball (pro),Spread,Finalized,0,3352,0.87,0,0.83
2026-07-31,UDXMLBTOTAL_WASATL26JUL311915_7.5,Baseball,Total,Finalized,0,3235,0.74,0,0.08
2026-07-31,UDXMLBTOTAL_KANCOL26JUL312040_11.5,Baseball,Total,Finalized,0,3202.52,0.46,0,0.03
2026-07-31,UDXMLBTOTAL_STLTOR26JUL311907_4.5,Baseball,Total,Finalized,0,3145.04,0.81,0,0.17
2026-07-31,UDXMLBTOTAL_PHIBAL26JUL311905_9.5,Baseball,Total,Finalized,0,3127,0.69,0,0.65
2026-07-31,UDXCOMBO-1040197457345172952,Other,Combo-1040197457345172952,Finalized,0,3115.87,0,0,0
2026-07-31,UDXMLBSPREAD_SFSD26JUL302140_SF2.5,Baseball,Spread,Finalized,0,2920,0.81,0,0.74
2026-07-31,UDXMLBTOTAL_PITCIN26JUL311810_13.5,Baseball,Total,Finalized,0,2885,0.66,0,0.55
2026-07-31,UDXMLBTOTAL_MILLAA26JUL312138_3.5,Baseball,Total,Finalized,0,2870,0.91,0,0.79
2026-07-31,UDXMLBTOTAL_DETOAK26JUL312140_9.5,Baseball,Total,Finalized,2050,2771,0.6,0,0.44
2026-07-31,UDXMLBSPREAD_PHIBAL26JUL311905_PHI1.5,Baseball,Spread,Finalized,0,2739,0.63,0,0.03
2026-07-31,UDXMLBTOTAL_PHIBAL26JUL311905_11.5,Baseball,Total,Finalized,0,2718,0.51,0,0.37
2026-07-31,UDXMLBTOTAL_KANCOL26JUL312040_6.5,Baseball,Total,Finalized,0,2704,0.69,0,0.1
2026-07-31,UDXMLBTOTAL_SEALAD26JUL302210_10.5,Baseball,Total,Finalized,0,2697,0.38,0,0.06
2026-07-31,UDXMLBTOTAL_KANCOL26JUL312040_9.5,Baseball,Total,Finalized,0,2561,0.59,0,0.27
2026-07-31,UDXMLBTOTAL_DETOAK26JUL312140_8.5,Baseball,Total,Finalized,2156,2543,0.68,0,0.56
2026-07-31,UDXMLBTOTAL_TEXHOU26JUL312015_6.5,Baseball,Total,Finalized,0,2523,0.91,0,0.89
2026-07-31,UDXMLBTOTAL_DETOAK26JUL312140_6.5,Baseball,Total,Finalized,1458,2420,0.94,0,0.94
2026-07-31,UDXMLBTOTAL_STLTOR26JUL311907_7.5,Baseball,Total,Finalized,0,2163,0.5,0,0.07
2026-07-31,UDXMLBTOTAL_ARICLE26JUL311910_8.5,Baseball,Total,Finalized,0,2102,0.53,0,0.02
2026-07-31,UDXMLBTOTAL_WASATL26JUL311915_9.5,Baseball,Total,Finalized,0,2089,0.53,0,0.53
2026-07-31,UDXMLBTOTAL_MILLAA26JUL312138_7.5,Baseball,Total,Finalized,0,2028,0.88,0,0.88
2026-07-31,UDXMLBTOTAL_KANCOL26JUL312040_5.5,Baseball,Total,Finalized,0,1916,0.73,0,0.04
2026-07-31,UDXMLBTOTAL_STLTOR26JUL311907_3.5,Baseball,Total,Finalized,0,1866,0.7,0,0.56
2026-07-31,UDXMLBSPREAD_CWSTB26JUL311910_TB1.5,Baseball,Spread,Finalized,0,1845,0.41,0,0.07
2026-07-31,UDXMLBSPREAD_STLTOR26JUL311907_TOR1.5,Baseball,Spread,Finalized,0,1786,0.84,0,0.8
2026-07-31,UDXMLBTOTAL_CWSTB26JUL311910_12.5,Baseball,Total,Finalized,0,1761,0.18,0,0.02
2026-07-31,UDXMLBSPREAD_DETOAK26JUL312140_DET3.5,Baseball,Spread,Finalized,1612,1723,0.97,0,0.97
2026-07-31,UDXMLBTOTAL_STLTOR26JUL311907_8.5,Baseball,Total,Finalized,0,1714,0.39,0,0.04
2026-07-31,UDXMLBTOTAL_PITCIN26JUL311810_2.5,Baseball,Total,Finalized,0,1710,0.96,0,0.95
2026-07-31,UDXMLBSPREAD_SEALAD26JUL302210_LAD4.5,Baseball,Spread,Finalized,0,1659,0.38,0,0.29
2026-07-31,UDXMLBTOTAL_ARICLE26JUL311910_7.5,Baseball,Total,Finalized,0,1648,0.5,0,0.13
2026-07-31,UDXMLBSPREAD_NYYCHC26JUL311420_CHC2.5,Baseball,Spread,Finalized,0,1606,0.35,0,0.09
2026-07-31,UDXMLBTOTAL_DETOAK26JUL312140_4.5,Baseball,Total,Finalized,3,1591,0.95,0,0.95
2026-07-31,UDXMLBTOTAL_DETOAK26JUL312140_5.5,Baseball,Total,Finalized,416,1584,0.83,0,0.83
2026-07-31,UDXMLBTOTAL_STLTOR26JUL311907_5.5,Baseball,Total,Finalized,0,1548,0.71,0,0.18
2026-07-31,UDXMLBTOTAL_NYYCHC26JUL311420_11.5,Baseball,Total,Finalized,0,1542,0.28,0,0.05
2026-07-31,UDXMLBSPREAD_PITCIN26JUL311810_CIN1.5,Baseball,Spread,Finalized,0,1479,0.61,0,0.02
2026-07-31,UDXMLBSPREAD_WASATL26JUL311915_ATL1.5,Baseball,Spread,Finalized,0,1469,0.95,0,0.95
2026-07-31,UDXMLBSPREAD_MILLAA26JUL312138_MIL3.5,Baseball,Spread,Finalized,789,1429,0.75,0,0.66
2026-07-31,UDXMLBSPREAD_TEXHOU26JUL312015_HOU3.5,Baseball,Spread,Finalized,0,1411,0.85,0,0.65
2026-07-31,UDXMLBSPREAD_TEXHOU26JUL312015_HOU8.5,Baseball,Spread,Finalized,0,1406,0.94,0,0.94
2026-07-31,UDXMLBSPREAD_TEXHOU26JUL312015_TEX1.5,Baseball,Spread,Finalized,0,1398,0.38,0,0.02
2026-07-31,UDXMLBTOTAL_CWSTB26JUL311910_7.5,Baseball,Total,Finalized,0,1387,0.78,0,0.07
2026-07-31,UDXMLBSPREAD_SEALAD26JUL302210_LAD1.5,Baseball,Spread,Finalized,0,1369,0.96,0,0.96
2026-07-31,UDXMLBTOTAL_PHIBAL26JUL311905_13.5,Baseball,Total,Finalized,0,1352,0.29,0,0.12
2026-07-31,UDXMLBTOTAL_STLTOR26JUL311907_6.5,Baseball,Total,Finalized,0,1321,0.62,0,0.21
2026-07-31,UDXMLBSPREAD_WASATL26JUL311915_ATL4.5,Baseball,Spread,Finalized,0,1314,0.79,0,0.75
2026-07-31,UDXMLBTOTAL_DETOAK26JUL312140_11.5,Baseball,Total,Finalized,708,1289,0.51,0,0.51
2026-07-31,UDXMLBSPREAD_WASATL26JUL311915_ATL2.5,Baseball,Spread,Finalized,0,1286,0.81,0,0.81
2026-07-31,UDXMLBSPREAD_NYYCHC26JUL311420_NYY2.5,Baseball,Spread,Finalized,0,1281,0.52,0,0.13
2026-07-31,UDXMLBSPREAD_TEXHOU26JUL312015_HOU2.5,Baseball,Spread,Finalized,0,1274,0.93,0,0.93
2026-07-31,UDXMLBTOTAL_MINSEA26JUL312210_10.5,Baseball,Total,Finalized,857,1252,0.53,0,0.34
2026-07-31,UDXMLBSPREAD_TEXHOU26JUL312015_HOU4.5,Baseball,Spread,Finalized,0,1239,0.59,0,0.38
2026-07-31,UDXMLBTOTAL_MIANYM26JUL311910_6.5,Baseball,Total,Finalized,0,1238,0.68,0,0.53
2026-07-31,UDXMLBSPREAD_CWSTB26JUL311910_CWS3.5,Baseball,Spread,Finalized,0,1171,0.86,0,0.83
2026-07-31,UDXMLBSPREAD_KANCOL26JUL312040_KAN1.5,Baseball,Spread,Finalized,0,1158,0.42,0,0.07
2026-07-31,UDXMLBTOTAL_MILLAA26JUL312138_11.5,Baseball,Total,Finalized,470,1143,0.53,0,0.13
2026-07-31,UDXMLBTOTAL_MIANYM26JUL311910_5.5,Baseball,Total,Finalized,0,1119,0.85,0,0.85
2026-07-31,UDXMLBSPREAD_PITCIN26JUL311810_PIT2.5,Baseball,Spread,Finalized,0,1088,0.52,0,0.21
2026-07-31,UDXMLBSPREAD_CWSTB26JUL311910_CWS1.5,Baseball,Spread,Finalized,0,1071,0.74,0,0.73
2026-07-31,UDXMLBSPREAD_KANCOL26JUL312040_COL1.5,Baseball,Spread,Finalized,0,1065,0.94,0,0.94
2026-07-31,UDXMLBTOTAL_SFSD26JUL302140_6.5,Baseball,Total,Finalized,0,1064,0.36,0,0.06
2026-07-31,UDXMLBTOTAL_STLTOR26JUL311907_11.5,Baseball,Total,Finalized,0,1055,0.18,0,0.18
2026-07-31,UDXMLBSPREAD_PITCIN26JUL311810_PIT3.5,Baseball,Spread,Finalized,0,1047,0.22,0,0.2
2026-07-31,UDXMLBSPREAD_WASATL26JUL311915_WAS1.5,Baseball,Spread,Finalized,0,990.29,0.36,0,0.03
2026-07-31,UDXMLBTOTAL_MILLAA26JUL312138_10.5,Baseball,Total,Finalized,364,929,0.58,0,0.2
2026-07-31,UDXMLBTOTAL_PHIBAL26JUL311905_12.5,Baseball,Total,Finalized,0,928,0.5,0,0.15
2026-07-31,UDXMLBTOTAL_PITCIN26JUL311810_14.5,Baseball,Total,Finalized,0,911,0.63,0,0.47
2026-07-31,UDXMLBGAMEWIN_SFSD26JUL302140_SF,Baseball,Moneyline,Finalized,0,902,0.98,0,0.97
2026-07-31,UDXMLBSPREAD_ARICLE26JUL311910_ARI1.5,Baseball,Spread,Finalized,0,856,0.81,0,0.81
2026-07-31,UDXMLBSPREAD_MIANYM26JUL311910_MIA1.5,Baseball,Spread,Finalized,0,856,0.8,0,0.8
2026-07-31,UDXMLBTOTAL_ARICLE26JUL311910_4.5,Baseball,Total,Finalized,0,849,0.49,0,0.46
2026-07-31,UDXMLBSPREAD_ARICLE26JUL311910_ARI2.5,Baseball,Spread,Finalized,0,793,0.77,0,0.77
2026-07-31,UDXMLBTOTAL_MILLAA26JUL312138_6.5,Baseball,Total,Finalized,0,791,0.79,0,0.65
2026-07-31,UDXMLBSPREAD_SEALAD26JUL302210_LAD2.5,Baseball,Spread,Finalized,0,763,0.9,0,0.9
2026-07-31,UDXMLBSPREAD_PITCIN26JUL311810_CIN2.5,Baseball,Spread,Finalized,0,707,0.44,0,0.31
2026-07-31,UDXMLBSPREAD_ARICLE26JUL311910_CLE1.5,Baseball,Spread,Finalized,0,674,0.48,0,0.42
2026-07-31,UDXMLBSPREAD_MILLAA26JUL312138_MIL4.5,Baseball,Spread,Finalized,437,666,0.46,0,0.21
2026-07-31,UDXMLBTOTAL_MINSEA26JUL312210_2.5,Baseball,Total,Finalized,0,656,0.95,0,0.95
2026-07-31,UDXCOMBO-15218012755530430722,Other,Combo-15218012755530430722,Finalized,623.64,623.64,0.02,0,0.02
2026-07-31,UDXMLBSPREAD_KANCOL26JUL312040_COL2.5,Baseball,Spread,Finalized,0,615,0.54,0,0.43
2026-07-31,UDXMLBSPREAD_NYYCHC26JUL311420_NYY3.5,Baseball,Spread,Finalized,0,599,0.29,0,0.08
2026-07-31,UDXMLBSPREAD_STLTOR26JUL311907_STL1.5,Baseball,Spread,Finalized,0,562,0.27,0,0.25
2026-07-31,UDXMLBTOTAL_PITCIN26JUL311810_6.5,Baseball,Total,Finalized,0,542,0.8,0,0.8
2026-07-31,UDXMLBSPREAD_DETOAK26JUL312140_OAK3.5,Baseball,Spread,Finalized,0,538,0.14,0,0.13
2026-07-31,UDXMLBSPREAD_STLTOR26JUL311907_STL2.5,Baseball,Spread,Finalized,0,525,0.18,0,0.18
2026-07-31,UDXMLBTOTAL_WASATL26JUL311915_11.5,Baseball,Total,Finalized,0,508,0.43,0,0.07
2026-07-31,UDXMLBSPREAD_TEXHOU26JUL312015_HOU7.5,Baseball,Spread,Finalized,0,505,0.94,0,0.94
2026-07-31,UDXMLBTOTAL_NYYCHC26JUL311420_12.5,Baseball,Total,Finalized,0,479,0.23,0,0.03
2026-07-31,UDXMLBSPREAD_CWSTB26JUL311910_TB3.5,Baseball,Spread,Finalized,0,478,0.2,0,0.2
2026-07-31,UDXMLBSPREAD_PHIBAL26JUL311905_PHI3.5,Baseball,Spread,Finalized,0,473,0.2,0,0.2
2026-07-31,UDXMLBSPREAD_MINSEA26JUL312210_MIN1.5,Baseball,Spread,Finalized,414,414,0.28,0,0.25
2026-07-31,UDXMLBSPREAD_MINSEA26JUL312210_SEA2.5,Baseball,Spread,Finalized,93,394,0.5,0,0.28
2026-07-31,UDXMLBSPREAD_DETOAK26JUL312140_DET2.5,Baseball,Spread,Finalized,387,387,0.97,0,0.38
2026-07-31,UDXMLBTOTAL_PHIBAL26JUL311905_5.5,Baseball,Total,Finalized,0,386,0.85,0,0.85
2026-07-31,UDXCOMBO-13784035763940280565,Other,Combo-13784035763940280565,Finalized,0,373.95,0.01,0,0.01
2026-07-31,UDXMLBTOTAL_SFSD26JUL302140_9.5,Baseball,Total,Finalized,0,370,0.05,0,0.02
2026-07-31,UDXMLBTOTAL_MIANYM26JUL311910_4.5,Baseball,Total,Finalized,0,363,0.61,0,0.61
2026-07-31,UDXMLBSPREAD_MIANYM26JUL311910_MIA2.5,Baseball,Spread,Finalized,0,348,0.94,0,0.94
2026-07-31,UDXMLBGAMEWIN_TEXHOU26AUG011910_HOU,Baseball,Moneyline,Finalized,344,344,0.47,0,0.47
2026-07-31,UDXMLBTOTAL_ARICLE26JUL311910_3.5,Baseball,Total,Finalized,0,338,0.52,0,0.52
2026-07-31,UDXMLBTOTAL_TEXHOU26JUL312015_5.5,Baseball,Total,Finalized,0,332,0.86,0,0.76
2026-07-31,UDXMLBTOTAL_ARICLE26JUL311910_6.5,Baseball,Total,Finalized,0,316,0.5,0,0.06
2026-07-31,UDXMLBTOTAL_MILLAA26JUL312138_5.5,Baseball,Total,Finalized,0,304,0.8,0,0.53
2026-07-31,UDXMLBGAMEWIN_WASATL26AUG011915_WAS,Baseball,Moneyline,Finalized,296,296,0.37,0,0.37
2026-07-31,UDXMLBGAMEWIN_CWSTB26AUG011610_TB,Baseball,Moneyline,Finalized,286,286,0.61,0,0.61
2026-07-31,UDXMLBGAMEWIN_BOSOAK26JUL302140_OAK,Baseball,Moneyline,Finalized,0,286,0.16,0,0.16
2026-07-31,UDXMLBSPREAD_MILLAA26JUL312138_MIL2.5,Baseball,Spread,Finalized,281,283,0.82,0,0.44
2026-07-31,UDXMLBSPREAD_PHIBAL26JUL311905_BAL3.5,Baseball,Spread,Finalized,0,262,0.18,0,0.18
2026-07-31,UDXMLBTOTAL_SFSD26JUL302140_8.5,Baseball,Total,Finalized,0,249,0.14,0,0.02
2026-07-31,UDXMLBSPREAD_NYYCHC26JUL311420_NYY4.5,Baseball,Spread,Finalized,0,221,0.19,0,0.04
2026-07-31,UDXMLBTOTAL_MIANYM26JUL311910_9.5,Baseball,Total,Finalized,0,218,0.44,0,0.44
2026-07-31,UDXMLBTOTAL_CWSTB26JUL311910_4.5,Baseball,Total,Finalized,0,205,0.97,0,0.97
2026-07-31,UDXMLBTOTAL_MINSEA26JUL312210_11.5,Baseball,Total,Finalized,0,192,0.18,0,0.1
2026-07-31,UDXWNBAGAMEWIN_NYLV2026JUL30_LV,Basketball (pro),Moneyline,Finalized,0,190,0.94,0,0.94
2026-07-31,UDXMLBTOTAL_STLTOR26JUL311907_2.5,Baseball,Total,Finalized,0,186,0.95,0,0.78
2026-07-31,UDXMLBTOTAL_KANCOL26JUL312040_12.5,Baseball,Total,Finalized,0,181,0.39,0,0.39
2026-07-31,UDXMLBTOTAL_STLTOR26JUL311907_1.5,Baseball,Total,Finalized,0,181,0.87,0,0.87
2026-07-31,UDXMLBSPREAD_CWSTB26JUL311910_CWS2.5,Baseball,Spread,Finalized,0,178,0.93,0,0.93
2026-07-31,UDXMLBTOTAL_ARICLE26JUL311910_5.5,Baseball,Total,Finalized,0,176,0.68,0,0.42
2026-07-31,UDXMLBSPREAD_DETOAK26JUL312140_OAK1.5,Baseball,Spread,Finalized,39,160,0.38,0,0.18
2026-07-31,UDXMLBSPREAD_MIANYM26JUL311910_MIA3.5,Baseball,Spread,Finalized,0,157,0.64,0,0.64
2026-07-31,UDXMLBTOTAL_TEXHOU26JUL312015_11.5,Baseball,Total,Finalized,0,148,0.69,0,0.69
2026-07-31,UDXMLBSPREAD_CWSTB26JUL311910_CWS4.5,Baseball,Spread,Finalized,0,144,0.68,0,0.66
2026-07-31,UDXMLBTOTAL_WASATL26JUL311915_12.5,Baseball,Total,Finalized,0,144,0.33,0,0.33
2026-07-31,UDXCOMBO-3503405708636351866,Other,Combo-3503405708636351866,Finalized,0,142.21,0.07,0,0.07
2026-07-31,UDXMLBTOTAL_PITCIN26JUL311810_4.5,Baseball,Total,Finalized,0,139,0.93,0,0.93
2026-07-31,UDXMLBSPREAD_WASATL26JUL311915_ATL3.5,Baseball,Spread,Finalized,0,138,0.89,0,0.89
2026-07-31,UDXMLBSPREAD_MIANYM26JUL311910_NYM1.5,Baseball,Spread,Finalized,0,137,0.37,0,0.35
2026-07-31,UDXMLBSPREAD_NYYCHC26JUL311420_CHC3.5,Baseball,Spread,Finalized,0,131,0.23,0,0.22
2026-07-31,UDXMLBTOTAL_WASATL26JUL311915_6.5,Baseball,Total,Finalized,0,130,0.75,0,0.5
2026-07-31,UDXMLBSPREAD_MINSEA26JUL312210_MIN3.5,Baseball,Spread,Finalized,129,129,0.13,0,0.05
2026-07-31,UDXMLBTOTAL_CWSTB26JUL311910_11.5,Baseball,Total,Finalized,0,124,0.27,0,0.27
2026-07-31,UDXMLBTOTAL_STLTOR26AUG011507_8.5,Baseball,Total,Finalized,118,118,0.48,0,0.48
2026-07-31,UDXMLBTOTAL_PITCIN26JUL311810_3.5,Baseball,Total,Finalized,0,117,0.96,0,0.96
2026-07-31,UDXMLBTOTAL_MINSEA26JUL312210_5.5,Baseball,Total,Finalized,84,114,0.95,0,0.82
2026-07-31,UDXMLBTOTAL_MILLAA26JUL312138_12.5,Baseball,Total,Finalized,109,109,0.1,0,0.1
2026-07-31,UDXWNBASPREAD_NYLV2026JUL30_LV7.5,Basketball (pro),Spread,Finalized,0,106,0.11,0,0.02
2026-07-31,UDXMLBTOTAL_STLTOR26JUL311907_10.5,Baseball,Total,Finalized,0,104,0.25,0,0.08
2026-07-31,UDXMLBGAMEWIN_CWSTB26AUG011610_CWS,Baseball,Moneyline,Finalized,103,103,0.4,0,0.4
2026-07-31,UDXMLBGAMEWIN_NYYCHC26AUG011915_CHC,Baseball,Moneyline,Finalized,102,102,0.47,0,0.47
2026-07-31,UDXMLBGAMEWIN_BOSOAK26JUL302140_BOS,Baseball,Moneyline,Finalized,0,95,0.89,0,0.89
2026-07-31,UDXMLBTOTAL_STLTOR26AUG011507_7.5,Baseball,Total,Finalized,85,85,0.57,0,0.57
2026-07-31,UDXMLBGAMEWIN_PHIBAL26AUG011905_BAL,Baseball,Moneyline,Finalized,78,78,0.44,0,0.44
2026-07-31,UDXMLBTOTAL_KANCOL26JUL312040_13.5,Baseball,Total,Finalized,0,78,0.31,0,0.31
2026-07-31,UDXMLBTOTAL_PHIBAL26JUL311905_7.5,Baseball,Total,Finalized,0,78,0.62,0,0.62
2026-07-31,UDXMLBTOTAL_DETOAK26JUL312140_12.5,Baseball,Total,Finalized,75,75,0.24,0,0.21
2026-07-31,UDXMLBTOTAL_MIANYM26JUL311910_10.5,Baseball,Total,Finalized,0,72,0.33,0,0.33
2026-07-31,UDXMLBSPREAD_TEXHOU26JUL312015_HOU5.5,Baseball,Spread,Finalized,0,70,0.31,0,0.31
2026-07-31,UDXMLBSPREAD_BOSOAK26JUL302140_OAK1.5,Baseball,Spread,Finalized,0,69,0.03,0,0.03
2026-07-31,UDXMLBTOTAL_TEXHOU26JUL312015_4.5,Baseball,Total,Finalized,0,69,0.81,0,0.81
2026-07-31,UDXMLBTOTAL_CWSTB26JUL311910_6.5,Baseball,Total,Finalized,0,57,0.67,0,0.67
2026-07-31,UDXMLBTOTAL_PITCIN26JUL311810_5.5,Baseball,Total,Finalized,0,57,0.98,0,0.98
2026-07-31,UDXMLBSPREAD_TEXHOU26JUL312015_TEX3.5,Baseball,Spread,Finalized,0,56,0.17,0,0.17
2026-07-31,UDXMLBSPREAD_MINSEA26JUL312210_SEA3.5,Baseball,Spread,Finalized,54,54,0.21,0,0.21
2026-07-31,UDXCOMBO-15459715646478569901,Other,Combo-15459715646478569901,Finalized,0,53.41,0.18,0,0.18
2026-07-31,UDXMLBSPREAD_CWSTB26JUL311910_CWS5.5,Baseball,Spread,Finalized,0,48,0.2,0,0.2
2026-07-31,UDXMLBSPREAD_PITCIN26AUG011840_PIT1.5,Baseball,Spread,Finalized,47,47,0.4,0,0.4
2026-07-31,UDXWNBASPREAD_NYLV2026JUL30_LV1.5,Basketball (pro),Spread,Finalized,0,44,0.96,0,0.96
2026-07-31,UDXMLBGAMEWIN_STLTOR26AUG011507_STL,Baseball,Moneyline,Finalized,43,43,0.44,0,0.44
2026-07-31,UDXMLBSPREAD_PHIBAL26AUG011905_PHI1.5,Baseball,Spread,Finalized,43,43,0.44,0,0.44
2026-07-31,UDXMLBTOTAL_SEALAD26JUL302210_11.5,Baseball,Total,Finalized,0,43,0.21,0,0.08
2026-07-31,UDXMLBTOTAL_SFSD26JUL302140_7.5,Baseball,Total,Finalized,0,43,0.12,0,0.12
2026-07-31,UDXMLBTOTAL_MIANYM26JUL311910_12.5,Baseball,Total,Finalized,0,42,0.2,0,0.2
2026-07-31,UDXMLBSPREAD_PHIBAL26JUL311905_BAL2.5,Baseball,Spread,Finalized,0,40,0.25,0,0.25
2026-07-31,UDXMLBSPREAD_CWSTB26JUL311910_TB2.5,Baseball,Spread,Finalized,0,33,0.27,0,0.27
2026-07-31,UDXMLBGAMEWIN_NYYCHC26AUG011915_NYY,Baseball,Moneyline,Finalized,30,30,0.54,0,0.54
2026-07-31,UDXMLBGAMEWIN_WASATL26AUG011915_ATL,Baseball,Moneyline,Finalized,30,30,0.64,0,0.64
2026-07-31,UDXMLBSPREAD_PITCIN26JUL311810_CIN3.5,Baseball,Spread,Finalized,0,29,0.26,0,0.26
2026-07-31,UDXMLBTOTAL_STLTOR26JUL311907_9.5,Baseball,Total,Finalized,0,28,0.31,0,0.31
2026-07-31,UDXMLBSPREAD_DETOAK26JUL312140_OAK2.5,Baseball,Spread,Finalized,26,26,0.12,0,0.12
2026-07-31,UDXMLBSPREAD_SEALAD26JUL302210_LAD5.5,Baseball,Spread,Finalized,0,26,0.22,0,0.22
2026-07-31,UDXMLBGAMEWIN_PHIBAL26AUG011905_PHI,Baseball,Moneyline,Finalized,17,17,0.57,0,0.57
2026-07-31,UDXMLBSPREAD_SFSD26JUL302140_SF1.5,Baseball,Spread,Finalized,0,17,0.91,0,0.91
2026-07-31,UDXMLBSPREAD_SFSD26JUL302140_SF4.5,Baseball,Spread,Finalized,0,17,0.23,0,0.23
2026-07-31,UDXMLBSPREAD_MILLAA26JUL312138_LAA3.5,Baseball,Spread,Finalized,16,16,0.11,0,0.11
2026-07-31,UDXMLBGAMEWIN_TEXHOU26AUG011910_TEX,Baseball,Moneyline,Finalized,14,14,0.55,0,0.55
2026-07-31,UDXMLBSPREAD_KANCOL26JUL312040_COL4.5,Baseball,Spread,Finalized,0,14,0.02,0,0.02
2026-07-31,UDXCOMBO-5860426676206179068,Other,Combo-5860426676206179068,Finalized,0,10.71,0.27,0,0.27
2026-07-31,UDXMLBSPREAD_MILLAA26JUL312138_LAA1.5,Baseball,Spread,Finalized,10,10,0.24,0,0.24
2026-07-31,UDXCOMBO-14118567682133278095,Other,Combo-14118567682133278095,Finalized,0,9.82,0.17,0,0.17
2026-07-31,UDXMLBTOTAL_BOSOAK26JUL302140_10.5,Baseball,Total,Finalized,0,9,0.14,0,0.14
2026-07-31,UDXMLBSPREAD_KANCOL26JUL312040_COL3.5,Baseball,Spread,Finalized,0,7,0.45,0,0.45
2026-07-31,UDXMLBSPREAD_SFSD26JUL302140_SF3.5,Baseball,Spread,Finalized,0,6,0.18,0,0.18
2026-07-31,UDXCOMBO-17943201679004141625,Other,Combo-17943201679004141625,Finalized,0,4.85,0.2,0,0.2
2026-07-31,UDXCOMBO-15557730226554912743,Other,Combo-15557730226554912743,Finalized,0,4.14,0.23,0,0.23
2026-07-31,UDXMLBTOTAL_MILLAA26JUL312138_13.5,Baseball,Total,Finalized,4,4,0.04,0,0.04
2026-07-31,UDXMLBSPREAD_TEXHOU26JUL312015_HOU6.5,Baseball,Spread,Finalized,0,2,0.14,0,0.14
2026-07-31,UDXCOMBO-495442530012504872,Other,Combo-495442530012504872,Finalized,38.61,0,0,0,
2026-07-31,UDXCOMBO-9116051268982608603,Other,Combo-9116051268982608603,Finalized,18.55,0,0,0,
2026-07-31,UDXCOMBO-10759993416751795779,Other,Combo-10759993416751795779,Finalized,14.43,0,0,0,
2026-08-01,UDXMLBGAMEWIN_BOSLAD26AUG012110_LAD,Baseball,Moneyline,Finalized,0,90951.05,0.84,0,0.03
2026-08-01,UDXMLBGAMEWIN_MILLAA26AUG012138_MIL,Baseball,Moneyline,Finalized,66287,78611,0.91,0,0.89
2026-08-01,UDXMLBGAMEWIN_MINSEA26AUG011610_MIN,Baseball,Moneyline,Finalized,0,52090,0.58,0,0.18
2026-08-01,UDXMLBGAMEWIN_NYYCHC26AUG011915_NYY,Baseball,Moneyline,Finalized,0,52063.59,0.74,0,0.04
2026-08-01,UDXWNBAGAMEWIN_NYPHX2026AUG01_NY,Basketball (pro),Moneyline,Finalized,0,51681.51,0.98,0,0.87
2026-08-01,UDXMLBGAMEWIN_TEXHOU26AUG011910_TEX,Baseball,Moneyline,Finalized,0,51473,0.58,0,0.05
2026-08-01,UDXMLBTOTAL_BOSLAD26AUG012110_8.5,Baseball,Total,Finalized,0,50592,0.61,0,0.05
2026-08-01,UDXMLBGAMEWIN_ARICLE26AUG011915_ARI,Baseball,Moneyline,Finalized,0,46102,0.98,0,0.97
2026-08-01,UDXMLBGAMEWIN_STLTOR26AUG011507_STL,Baseball,Moneyline,Finalized,0,44312,0.45,0,0.02
2026-08-01,UDXWNBAGAMEWIN_NYPHX2026AUG01_PHX,Basketball (pro),Moneyline,Finalized,0,43575,0.75,0,0.03
2026-08-01,UDXMLBGAMEWIN_BOSLAD26AUG012110_BOS,Baseball,Moneyline,Finalized,0,42447.96,0.97,0,0.97
2026-08-01,UDXMLBGAMEWIN_TEXHOU26AUG011910_HOU,Baseball,Moneyline,Finalized,0,37831,0.95,0,0.95
2026-08-01,UDXWNBAGAMEWIN_LVCHI2026AUG01_LV,Basketball (pro),Moneyline,Finalized,0,33656.34,0.93,0,0.85
2026-08-01,UDXMLBGAMEWIN_MINSEA26JUL312210_MIN,Baseball,Moneyline,Finalized,0,33522,0.97,0,0.91
2026-08-01,UDXMLBGAMEWIN_SFSD26AUG012040_SF,Baseball,Moneyline,Finalized,0,33511.28,0.59,0,0.34
2026-08-01,UDXMLBGAMEWIN_MIANYM26AUG011610_NYM,Baseball,Moneyline,Finalized,0,32902,0.56,0,0.02
2026-08-01,UDXMLBGAMEWIN_PHIBAL26AUG011905_PHI,Baseball,Moneyline,Finalized,0,31814.01,0.98,0,0.98
2026-08-01,UDXWNBAGAMEWIN_LVCHI2026AUG01_CHI,Basketball (pro),Moneyline,Finalized,0,31131.95,0.56,0,0.12
2026-08-01,UDXMLBGAMEWIN_MILLAA26AUG012138_LAA,Baseball,Moneyline,Finalized,23963.55,30815.55,0.57,0,0.11
2026-08-01,UDXMLBGAMEWIN_BOSLAD26JUL312210_LAD,Baseball,Moneyline,Finalized,0,30733.61,0.81,0,0.02
2026-08-01,UDXMLBGAMEWIN_MINSEA26JUL312210_SEA,Baseball,Moneyline,Finalized,0,30621,0.35,0,0.09
2026-08-01,UDXMLBGAMEWIN_MIANYM26AUG011610_MIA,Baseball,Moneyline,Finalized,0,28519.15,0.98,0,0.98
2026-08-01,UDXMLBGAMEWIN_KANCOL26AUG012010_KAN,Baseball,Moneyline,Finalized,0,27991,0.81,0,0.02
2026-08-01,UDXMLBGAMEWIN_STLTOR26AUG011507_TOR,Baseball,Moneyline,Finalized,0,26270.22,0.98,0,0.98
2026-08-01,UDXMLBGAMEWIN_CWSTB26AUG011610_TB,Baseball,Moneyline,Finalized,0,25218.18,0.95,0,0.95
2026-08-01,UDXMLBGAMEWIN_CWSTB26AUG011610_CWS,Baseball,Moneyline,Finalized,0,25135,0.48,0,0.03
2026-08-01,UDXWNBATOTAL_NYPHX2026AUG01_177.5,Basketball (pro),Total,Finalized,0,24833,0.95,0,0.93
2026-08-01,UDXMLBTOTAL_MINSEA26JUL312210_8.5,Baseball,Total,Finalized,0,24541.94,0.71,0,0.2
2026-08-01,UDXMLBGAMEWIN_NYYCHC26AUG011915_CHC,Baseball,Moneyline,Finalized,0,24412,0.98,0,0.93
2026-08-01,UDXMLBTOTAL_MINSEA26AUG011610_7.5,Baseball,Total,Finalized,0,24294,0.71,0,0.25
2026-08-01,UDXMLBGAMEWIN_MINSEA26AUG011610_SEA,Baseball,Moneyline,Finalized,0,23739.59,0.98,0,0.98
2026-08-01,UDXMLBGAMEWIN_PITCIN26AUG011840_PIT,Baseball,Moneyline,Finalized,0,21010.64,0.97,0,0.97
2026-08-01,UDXMLBGAMEWIN_PITCIN26AUG011840_CIN,Baseball,Moneyline,Finalized,0,20402,0.52,0,0.03
2026-08-01,UDXWNBASPREAD_LVCHI2026AUG01_LV6.5,Basketball (pro),Spread,Finalized,0,19908,0.77,0,0.05
2026-08-01,UDXMLBGAMEWIN_DETOAK26AUG012140_DET,Baseball,Moneyline,Finalized,18305.24,19835.24,0.98,0,0.98
2026-08-01,UDXMLBGAMEWIN_SFSD26AUG012040_SD,Baseball,Moneyline,Finalized,0,19427.83,0.94,0,0.67
2026-08-01,UDXMLBTOTAL_MIANYM26AUG011610_9.5,Baseball,Total,Finalized,0,18359,0.75,0,0.13
2026-08-01,UDXMLBTOTAL_STLTOR26AUG011507_8.5,Baseball,Total,Finalized,0,17782,0.5,0,0.02
2026-08-01,UDXMLBGAMEWIN_BOSLAD26JUL312210_BOS,Baseball,Moneyline,Finalized,0,15673,0.98,0,0.98
2026-08-01,UDXMLBGAMEWIN_PHIBAL26AUG011905_BAL,Baseball,Moneyline,Finalized,0,15010.42,0.51,0,0.04
2026-08-01,UDXMLBTOTAL_MIANYM26AUG011610_10.5,Baseball,Total,Finalized,0,14863,0.66,0,0.06
2026-08-01,UDXMLBGAMEWIN_DETOAK26AUG012140_OAK,Baseball,Moneyline,Finalized,11140,14060,0.44,0,0.02
2026-08-01,UDXMLBTOTAL_MILLAA26AUG012138_4.5,Baseball,Total,Finalized,11728,13238,0.74,0,0.28
2026-08-01,UDXMLBTOTAL_PITCIN26AUG011840_8.5,Baseball,Total,Finalized,0,13025,0.67,0,0.05
2026-08-01,UDXMLBTOTAL_DETOAK26AUG012140_10.5,Baseball,Total,Finalized,7494,12321,0.71,0,0.53
2026-08-01,UDXMLBTOTAL_NYYCHC26AUG011915_6.5,Baseball,Total,Finalized,0,11906,0.84,0,0.82
2026-08-01,UDXMLBSPREAD_BOSLAD26AUG012110_LAD1.5,Baseball,Spread,Finalized,0,11890,0.68,0,0.03
2026-08-01,UDXWNBATOTAL_LVCHI2026AUG01_172.5,Basketball (pro),Total,Finalized,0,11877,0.55,0,0.27
2026-08-01,UDXMLBTOTAL_WASATL26AUG011915_11.5,Baseball,Total,Finalized,0,11634,0.58,0,0.06
2026-08-01,UDXMLBTOTAL_BOSLAD26AUG012110_7.5,Baseball,Total,Finalized,0,11284,0.71,0,0.11
2026-08-01,UDXMLBSPREAD_MILLAA26AUG012138_MIL1.5,Baseball,Spread,Finalized,7050,11215,0.47,0,0.25
2026-08-01,UDXMLBTOTAL_KANCOL26AUG012010_16.5,Baseball,Total,Finalized,0,10835,0.67,0,0.32
2026-08-01,UDXMLBTOTAL_MIANYM26AUG011610_8.5,Baseball,Total,Finalized,0,10610,0.86,0,0.06
2026-08-01,UDXWNBATOTAL_LVCHI2026AUG01_184.5,Basketball (pro),Total,Finalized,0,10595,0.51,0,0.04
2026-08-01,UDXMLBSPREAD_STLTOR26AUG011507_TOR1.5,Baseball,Spread,Finalized,0,10521,0.94,0,0.94
2026-08-01,UDXMLBGAMEWIN_ARICLE26AUG011915_CLE,Baseball,Moneyline,Finalized,0,10239.73,0.85,0,0.03
2026-08-01,UDXWNBATOTAL_NYPHX2026AUG01_174.5,Basketball (pro),Total,Finalized,0,10078,0.95,0,0.95
2026-08-01,UDXWNBASPREAD_NYPHX2026AUG01_NY6.5,Basketball (pro),Spread,Finalized,0,9866,0.7,0,0.05
2026-08-01,UDXWNBASPREAD_NYPHX2026AUG01_NY3.5,Basketball (pro),Spread,Finalized,0,9643,0.91,0,0.55
2026-08-01,UDXMLBTOTAL_STLTOR26AUG011507_6.5,Baseball,Total,Finalized,0,9558,0.76,0,0.08
2026-08-01,UDXWNBATOTAL_LVCHI2026AUG01_169.5,Basketball (pro),Total,Finalized,0,9535,0.84,0,0.29
2026-08-01,UDXMLBSPREAD_CWSTB26AUG011610_TB1.5,Baseball,Spread,Finalized,0,9325.73,0.45,0,0.15
2026-08-01,UDXWNBASPREAD_NYPHX2026AUG01_NY9.5,Basketball (pro),Spread,Finalized,0,9072,0.54,0,0.25
2026-08-01,UDXMLBTOTAL_DETOAK26AUG012140_11.5,Baseball,Total,Finalized,4375,8858,0.58,0,0.35
2026-08-01,UDXMLBTOTAL_STLTOR26AUG011507_5.5,Baseball,Total,Finalized,0,8591,0.66,0,0.66
2026-08-01,UDXMLBTOTAL_TEXHOU26AUG011910_11.5,Baseball,Total,Finalized,0,8365,0.71,0,0.04
2026-08-01,UDXMLBTOTAL_CWSTB26AUG011610_3.5,Baseball,Total,Finalized,0,8154,0.55,0,0.04
2026-08-01,UDXWNBASPREAD_LVCHI2026AUG01_LV9.5,Basketball (pro),Spread,Finalized,0,7915,0.56,0,0.03
2026-08-01,UDXMLBTOTAL_CWSTB26AUG011610_2.5,Baseball,Total,Finalized,0,7868,0.69,0,0.04
2026-08-01,UDXMLBTOTAL_BOSLAD26AUG012110_9.5,Baseball,Total,Finalized,0,7592,0.5,0,0.04
2026-08-01,UDXMLBTOTAL_STLTOR26AUG011507_7.5,Baseball,Total,Finalized,0,7435,0.58,0,0.03
2026-08-01,UDXMLBTOTAL_PHIBAL26AUG011905_5.5,Baseball,Total,Finalized,0,7330,0.69,0,0.05
2026-08-01,UDXWNBASPREAD_LVCHI2026AUG01_LV3.5,Basketball (pro),Spread,Finalized,0,7284,0.8,0,0.38
2026-08-01,UDXMLBSPREAD_MIANYM26AUG011610_MIA1.5,Baseball,Spread,Finalized,0,7001,0.95,0,0.94
2026-08-01,UDXMLBGAMEWIN_WASATL26AUG011915_ATL,Baseball,Moneyline,Finalized,0,6894.6,0.98,0,0.98
2026-08-01,UDXMLBTOTAL_WASATL26AUG011915_9.5,Baseball,Total,Finalized,0,6786,0.65,0,0.65
2026-08-01,UDXMLBTOTAL_PITCIN26AUG011840_7.5,Baseball,Total,Finalized,0,6664,0.75,0,0.06
2026-08-01,UDXMLBTOTAL_MINSEA26AUG011610_8.5,Baseball,Total,Finalized,0,6650,0.53,0,0.33
2026-08-01,UDXMLBTOTAL_SFSD26AUG012040_8.5,Baseball,Total,Finalized,0,6635,0.75,0,0.54
2026-08-01,UDXMLBSPREAD_PHIBAL26AUG011905_PHI1.5,Baseball,Spread,Finalized,0,6507,0.98,0,0.97
2026-08-01,UDXMLBTOTAL_KANCOL26AUG012010_11.5,Baseball,Total,Finalized,0,6342,0.96,0,0.96
2026-08-01,UDXMLBTOTAL_SFSD26AUG012040_11.5,Baseball,Total,Finalized,0,6244,0.57,0,0.45
2026-08-01,UDXMLBTOTAL_DETOAK26AUG012140_9.5,Baseball,Total,Finalized,2324,5810,0.88,0,0.88
2026-08-01,UDXMLBTOTAL_KANCOL26AUG012010_13.5,Baseball,Total,Finalized,0,5755,0.93,0,0.93
2026-08-01,UDXMLBTOTAL_MILLAA26AUG012138_3.5,Baseball,Total,Finalized,4112,5736,0.82,0,0.23
2026-08-01,UDXWNBATOTAL_NYPHX2026AUG01_183.5,Basketball (pro),Total,Finalized,0,5692,0.96,0,0.95
2026-08-01,UDXMLBSPREAD_MINSEA26AUG011610_SEA1.5,Baseball,Spread,Finalized,0,5606,0.78,0,0.08
2026-08-01,UDXMLBSPREAD_MINSEA26JUL312210_MIN1.5,Baseball,Spread,Finalized,0,5550,0.86,0,0.79
2026-08-01,UDXMLBTOTAL_MINSEA26AUG011610_6.5,Baseball,Total,Finalized,0,5531,0.8,0,0.78
2026-08-01,UDXMLBTOTAL_BOSLAD26AUG012110_5.5,Baseball,Total,Finalized,0,5382,0.92,0,0.21
2026-08-01,UDXMLBSPREAD_MINSEA26AUG011610_MIN1.5,Baseball,Spread,Finalized,0,5288,0.31,0,0.17
2026-08-01,UDXMLBGAMEWIN_WASATL26AUG011915_WAS,Baseball,Moneyline,Finalized,0,5168,0.4,0,0.02
2026-08-01,UDXMLBSPREAD_SFSD26AUG012040_SD1.5,Baseball,Spread,Finalized,0,5097,0.79,0,0.08
2026-08-01,UDXMLBSPREAD_SFSD26AUG012040_SF1.5,Baseball,Spread,Finalized,0,4986,0.4,0,0.19
2026-08-01,UDXWNBASPREAD_NYPHX2026AUG01_PHX6.5,Basketball (pro),Spread,Finalized,0,4720,0.53,0,0.03
2026-08-01,UDXMLBTOTAL_BOSLAD26AUG012110_6.5,Baseball,Total,Finalized,0,4709,0.83,0,0.15
2026-08-01,UDXMLBTOTAL_MILLAA26JUL312138_8.5,Baseball,Total,Finalized,0,4700,0.59,0,0.05
2026-08-01,UDXCOMBO-3258268198939061581,Other,Combo-3258268198939061581,Finalized,0,4673.54,0.01,0,0.01
2026-08-01,UDXMLBSPREAD_NYYCHC26AUG011915_NYY1.5,Baseball,Spread,Finalized,0,4561,0.39,0,0.03
2026-08-01,UDXMLBSPREAD_WASATL26AUG011915_ATL1.5,Baseball,Spread,Finalized,0,4492,0.98,0,0.98
2026-08-01,UDXMLBTOTAL_TEXHOU26AUG011910_8.5,Baseball,Total,Finalized,0,4302,0.91,0,0.91
2026-08-01,UDXMLBGAMEWIN_KANCOL26AUG012010_COL,Baseball,Moneyline,Finalized,0,3915,0.98,0,0.96
2026-08-01,UDXMLBSPREAD_NYYCHC26AUG011915_CHC1.5,Baseball,Spread,Finalized,0,3911,0.92,0,0.92
2026-08-01,UDXMLBTOTAL_WASATL26AUG011915_8.5,Baseball,Total,Finalized,0,3832,0.7,0,0.55
2026-08-01,UDXMLBTOTAL_MILLAA26AUG012138_7.5,Baseball,Total,Finalized,3660,3760,0.53,0,0.06
2026-08-01,UDXMLBTOTAL_CWSTB26AUG011610_7.5,Baseball,Total,Finalized,0,3759,0.54,0,0.02
2026-08-01,UDXMLBTOTAL_TEXHOU26AUG011910_9.5,Baseball,Total,Finalized,0,3563,0.9,0,0.06
2026-08-01,UDXMLBTOTAL_MILLAA26AUG012138_5.5,Baseball,Total,Finalized,2977,3477,0.72,0,0.15
2026-08-01,UDXMLBSPREAD_PITCIN26AUG011840_PIT1.5,Baseball,Spread,Finalized,0,3418,0.77,0,0.68
2026-08-01,UDXMLBTOTAL_PHIBAL26AUG011905_8.5,Baseball,Total,Finalized,0,3403,0.48,0,0.11
2026-08-01,UDXMLBSPREAD_ARICLE26AUG011915_ARI3.5,Baseball,Spread,Finalized,0,3398,0.97,0,0.72
2026-08-01,UDXMLBTOTAL_MILLAA26AUG012138_6.5,Baseball,Total,Finalized,2904,3324,0.63,0,0.11
2026-08-01,UDXMLBTOTAL_TEXHOU26AUG011910_6.5,Baseball,Total,Finalized,0,3310,0.95,0,0.95
2026-08-01,UDXMLBTOTAL_MIANYM26AUG011610_11.5,Baseball,Total,Finalized,0,3257,0.53,0,0.09
2026-08-01,UDXWNBATOTAL_NYPHX2026AUG01_180.5,Basketball (pro),Total,Finalized,0,3251,0.83,0,0.83
2026-08-01,UDXMLBTOTAL_STLTOR26AUG011507_2.5,Baseball,Total,Finalized,0,3217,0.96,0,0.95
2026-08-01,UDXMLBTOTAL_MILLAA26AUG012138_8.5,Baseball,Total,Finalized,1988,3141,0.56,0,0.09
2026-08-01,UDXMLBTOTAL_PHIBAL26AUG011905_4.5,Baseball,Total,Finalized,0,3118,0.63,0,0.49
2026-08-01,UDXWNBASPREAD_NYPHX2026AUG01_NY1.5,Basketball (pro),Spread,Finalized,0,3094,0.75,0,0.75
2026-08-01,UDXWNBATOTAL_LVCHI2026AUG01_175.5,Basketball (pro),Total,Finalized,0,3030,0.72,0,0.6
2026-08-01,UDXMLBSPREAD_TEXHOU26AUG011910_HOU1.5,Baseball,Spread,Finalized,0,3015,0.52,0,0.02
2026-08-01,UDXMLBTOTAL_MINSEA26JUL312210_10.5,Baseball,Total,Finalized,0,2864,0.36,0,0.11
2026-08-01,UDXMLBSPREAD_PITCIN26AUG011840_PIT2.5,Baseball,Spread,Finalized,0,2861,0.68,0,0.65
2026-08-01,UDXMLBTOTAL_SFSD26AUG012040_9.5,Baseball,Total,Finalized,0,2831,0.68,0,0.35
2026-08-01,UDXMLBSPREAD_TEXHOU26AUG011910_TEX1.5,Baseball,Spread,Finalized,0,2816,0.42,0,0.07
2026-08-01,UDXMLBTOTAL_PITCIN26AUG011840_9.5,Baseball,Total,Finalized,0,2803,0.56,0,0.05
2026-08-01,UDXMLBTOTAL_KANCOL26AUG012010_15.5,Baseball,Total,Finalized,0,2774,0.62,0,0.45
2026-08-01,UDXMLBTOTAL_STLTOR26AUG011507_4.5,Baseball,Total,Finalized,0,2766,0.85,0,0.85
2026-08-01,UDXMLBTOTAL_DETOAK26AUG012140_12.5,Baseball,Total,Finalized,1497,2741,0.53,0,0.47
2026-08-01,UDXMLBSPREAD_DETOAK26AUG012140_DET1.5,Baseball,Spread,Finalized,2085,2726,0.95,0,0.9
2026-08-01,UDXMLBTOTAL_KANCOL26AUG012010_10.5,Baseball,Total,Finalized,0,2658,0.95,0,0.95
2026-08-01,UDXMLBSPREAD_STLTOR26AUG011507_TOR3.5,Baseball,Spread,Finalized,0,2619,0.75,0,0.73
2026-08-01,UDXWNBATOTAL_NYPHX2026AUG01_171.5,Basketball (pro),Total,Finalized,0,2586,0.88,0,0.88
2026-08-01,UDXMLBTOTAL_ARICLE26AUG011915_5.5,Baseball,Total,Finalized,0,2486,0.78,0,0.77
2026-08-01,UDXMLBTOTAL_DETOAK26AUG012140_8.5,Baseball,Total,Finalized,1282,2463,0.94,0,0.86
2026-08-01,UDXMLBTOTAL_PITCIN26AUG011840_5.5,Baseball,Total,Finalized,0,2412,0.85,0,0.04
2026-08-01,UDXMLBSPREAD_MIANYM26AUG011610_MIA2.5,Baseball,Spread,Finalized,0,2407,0.94,0,0.94
2026-08-01,UDXWNBATOTAL_NYPHX2026AUG01_168.5,Basketball (pro),Total,Finalized,0,2402,0.84,0,0.84
2026-08-01,UDXMLBTOTAL_TEXHOU26AUG011910_10.5,Baseball,Total,Finalized,0,2396,0.66,0,0.08
2026-08-01,UDXMLBTOTAL_STLTOR26AUG011507_12.5,Baseball,Total,Finalized,0,2341,0.09,0,0.09
2026-08-01,UDXMLBSPREAD_DETOAK26AUG012140_DET2.5,Baseball,Spread,Finalized,891,2279,0.92,0,0.9
2026-08-01,UDXMLBTOTAL_CWSTB26AUG011610_4.5,Baseball,Total,Finalized,0,2189,0.56,0,0.07
2026-08-01,UDXMLBSPREAD_DETOAK26AUG012140_DET4.5,Baseball,Spread,Finalized,1901,2172,0.71,0,0.71
2026-08-01,UDXMLBSPREAD_BOSLAD26AUG012110_BOS1.5,Baseball,Spread,Finalized,0,2152,0.35,0,0.03
2026-08-01,UDXWNBATOTAL_LVCHI2026AUG01_181.5,Basketball (pro),Total,Finalized,0,2152,0.59,0,0.06
2026-08-01,UDXMLBTOTAL_MINSEA26JUL312210_7.5,Baseball,Total,Finalized,0,2070,0.84,0,0.81
2026-08-01,UDXMLBTOTAL_MINSEA26JUL312210_9.5,Baseball,Total,Finalized,0,2059,0.46,0,0.19
2026-08-01,UDXMLBTOTAL_DETOAK26JUL312140_14.5,Baseball,Total,Finalized,0,2011,0.56,0,0.05
2026-08-01,UDXMLBTOTAL_WASATL26AUG011915_10.5,Baseball,Total,Finalized,0,2002,0.51,0,0.47
2026-08-01,UDXWNBATOTAL_LVCHI2026AUG01_178.5,Basketball (pro),Total,Finalized,0,1995,0.65,0,0.03
2026-08-01,UDXMLBTOTAL_NYYCHC26AUG011915_5.5,Baseball,Total,Finalized,0,1965,0.6,0,0.51
2026-08-01,UDXWNBASPREAD_LVCHI2026AUG01_LV1.5,Basketball (pro),Spread,Finalized,0,1933,0.66,0,0.56
2026-08-01,UDXMLBSPREAD_ARICLE26AUG011915_ARI2.5,Baseball,Spread,Finalized,0,1847,0.92,0,0.92
2026-08-01,UDXWNBASPREAD_NYPHX2026AUG01_PHX3.5,Basketball (pro),Spread,Finalized,0,1813,0.61,0,0.09
2026-08-01,UDXMLBSPREAD_MINSEA26JUL312210_SEA1.5,Baseball,Spread,Finalized,0,1804,0.11,0,0.08
2026-08-01,UDXMLBTOTAL_PITCIN26AUG011840_6.5,Baseball,Total,Finalized,0,1772,0.86,0,0.03
2026-08-01,UDXMLBTOTAL_PITCIN26AUG011840_12.5,Baseball,Total,Finalized,0,1709,0.11,0,0.11
2026-08-01,UDXMLBTOTAL_ARICLE26AUG011915_8.5,Baseball,Total,Finalized,0,1696,0.53,0,0.48
2026-08-01,UDXMLBTOTAL_MIANYM26AUG011610_13.5,Baseball,Total,Finalized,0,1686,0.35,0,0.02
2026-08-01,UDXMLBTOTAL_NYYCHC26AUG011915_4.5,Baseball,Total,Finalized,0,1666,0.59,0,0.57
2026-08-01,UDXMLBSPREAD_ARICLE26AUG011915_CLE1.5,Baseball,Spread,Finalized,0,1649,0.6,0,0.27
2026-08-01,UDXMLBSPREAD_PITCIN26AUG011840_PIT3.5,Baseball,Spread,Finalized,0,1591,0.58,0,0.09
2026-08-01,UDXMLBSPREAD_STLTOR26AUG011507_TOR2.5,Baseball,Spread,Finalized,0,1528,0.9,0,0.9
2026-08-01,UDXMLBTOTAL_PITCIN26AUG011840_10.5,Baseball,Total,Finalized,0,1527,0.47,0,0.18
2026-08-01,UDXMLBTOTAL_KANCOL26AUG012010_12.5,Baseball,Total,Finalized,0,1505,0.93,0,0.92
2026-08-01,UDXMLBTOTAL_STLTOR26AUG011507_9.5,Baseball,Total,Finalized,0,1486,0.39,0,0.09
2026-08-01,UDXMLBTOTAL_KANCOL26AUG012010_14.5,Baseball,Total,Finalized,0,1426,0.85,0,0.85
2026-08-01,UDXMLBTOTAL_CWSTB26AUG011610_8.5,Baseball,Total,Finalized,0,1406,0.48,0,0.03
2026-08-01,UDXMLBSPREAD_PITCIN26AUG011840_CIN1.5,Baseball,Spread,Finalized,0,1400,0.35,0,0.06
2026-08-01,UDXMLBSPREAD_MIANYM26AUG011610_MIA3.5,Baseball,Spread,Finalized,0,1395,0.77,0,0.77
2026-08-01,UDXMLBSPREAD_DETOAK26AUG012140_DET3.5,Baseball,Spread,Finalized,937,1370,0.83,0,0.64
2026-08-01,UDXMLBTOTAL_PHIBAL26AUG011905_6.5,Baseball,Total,Finalized,0,1355,0.67,0,0.47
2026-08-01,UDXMLBSPREAD_MINSEA26JUL312210_MIN3.5,Baseball,Spread,Finalized,0,1287,0.1,0,0.07
2026-08-01,UDXMLBTOTAL_MILLAA26JUL312138_9.5,Baseball,Total,Finalized,0,1203,0.23,0,0.03
2026-08-01,UDXMLBSPREAD_KANCOL26AUG012010_KAN3.5,Baseball,Spread,Finalized,0,1196,0.48,0,0.18
2026-08-01,UDXMLBTOTAL_SFSD26AUG012040_10.5,Baseball,Total,Finalized,0,1178,0.63,0,0.45
2026-08-01,UDXMLBTOTAL_NYYCHC26AUG011915_3.5,Baseball,Total,Finalized,0,1148,0.71,0,0.67
2026-08-01,UDXMLBSPREAD_KANCOL26AUG012010_COL1.5,Baseball,Spread,Finalized,0,1130,0.89,0,0.89
2026-08-01,UDXMLBTOTAL_PHIBAL26AUG011905_7.5,Baseball,Total,Finalized,0,1118,0.56,0,0.13
2026-08-01,UDXWNBASPREAD_NYPHX2026AUG01_PHX1.5,Basketball (pro),Spread,Finalized,0,1103,0.53,0,0.28
2026-08-01,UDXMLBSPREAD_KANCOL26AUG012010_COL3.5,Baseball,Spread,Finalized,0,1081,0.97,0,0.97
2026-08-01,UDXMLBSPREAD_STLTOR26AUG011507_TOR4.5,Baseball,Spread,Finalized,0,1074,0.49,0,0.09
2026-08-01,UDXMLBTOTAL_TEXHOU26AUG011910_7.5,Baseball,Total,Finalized,0,1057,0.86,0,0.86
2026-08-01,UDXMLBTOTAL_PHIBAL26AUG011905_3.5,Baseball,Total,Finalized,0,1040,0.71,0,0.71
2026-08-01,UDXMLBTOTAL_ARICLE26AUG011915_12.5,Baseball,Total,Finalized,0,1014,0.56,0,0.56
2026-08-01,UDXMLBTOTAL_TEXHOU26AUG011910_2.5,Baseball,Total,Finalized,0,1007,0.96,0,0.96
2026-08-01,UDXMLBTOTAL_NYYCHC26AUG011915_7.5,Baseball,Total,Finalized,0,1003,0.48,0,0.04
2026-08-01,UDXMLBTOTAL_CWSTB26AUG011610_12.5,Baseball,Total,Finalized,0,943,0.15,0,0.15
2026-08-01,UDXMLBTOTAL_KANCOL26AUG012010_6.5,Baseball,Total,Finalized,0,930,0.91,0,0.91
2026-08-01,UDXMLBTOTAL_KANCOL26AUG012010_18.5,Baseball,Total,Finalized,0,928,0.28,0,0.12
2026-08-01,UDXMLBTOTAL_WASATL26AUG011915_6.5,Baseball,Total,Finalized,0,901,0.79,0,0.57
2026-08-01,UDXMLBSPREAD_ARICLE26AUG011915_ARI4.5,Baseball,Spread,Finalized,0,900,0.75,0,0.75
2026-08-01,UDXMLBSPREAD_PHIBAL26AUG011905_PHI3.5,Baseball,Spread,Finalized,0,891,0.95,0,0.95
2026-08-01,UDXMLBTOTAL_MIANYM26AUG011610_12.5,Baseball,Total,Finalized,0,867,0.46,0,0.02
2026-08-01,UDXWNBASPREAD_NYPHX2026AUG01_NY12.5,Basketball (pro),Spread,Finalized,0,810,0.36,0,0.03
2026-08-01,UDXMLBSPREAD_NYYCHC26AUG011915_CHC3.5,Baseball,Spread,Finalized,0,787,0.54,0,0.2
2026-08-01,UDXMLBTOTAL_CWSTB26AUG011610_5.5,Baseball,Total,Finalized,0,780,0.53,0,0.05
2026-08-01,UDXWNBATOTAL_NYPHX2026AUG01_165.5,Basketball (pro),Total,Finalized,0,742,0.87,0,0.87
2026-08-01,UDXWNBATOTAL_NYPHX2026AUG01_162.5,Basketball (pro),Total,Finalized,0,732,0.96,0,0.96
2026-08-01,UDXMLBTOTAL_PHIBAL26AUG011905_2.5,Baseball,Total,Finalized,0,723,0.82,0,0.58
2026-08-01,UDXMLBTOTAL_TEXHOU26AUG011910_12.5,Baseball,Total,Finalized,0,720,0.63,0,0.04
2026-08-01,UDXMLBSPREAD_MIANYM26AUG011610_NYM1.5,Baseball,Spread,Finalized,0,707,0.38,0,0.1
2026-08-01,UDXMLBSPREAD_MINSEA26AUG011610_SEA2.5,Baseball,Spread,Finalized,0,684,0.58,0,0.02
2026-08-01,UDXMLBTOTAL_BOSLAD26AUG012110_10.5,Baseball,Total,Finalized,0,622,0.29,0,0.06
2026-08-01,UDXMLBTOTAL_TEXHOU26AUG011910_5.5,Baseball,Total,Finalized,0,607,0.74,0,0.73
2026-08-01,UDXWNBASPREAD_LVCHI2026AUG01_CHI3.5,Basketball (pro),Spread,Finalized,0,607,0.18,0,0.13
2026-08-01,UDXCOMBO-16307030066093186016,Other,Combo-16307030066093186016,Finalized,0,605.4,0.08,0,0.08
2026-08-01,UDXMLBSPREAD_MINSEA26AUG011610_MIN2.5,Baseball,Spread,Finalized,0,590,0.2,0,0.04
2026-08-01,UDXMLBTOTAL_ARICLE26AUG011915_7.5,Baseball,Total,Finalized,0,569,0.59,0,0.59
2026-08-01,UDXMLBTOTAL_NYYCHC26AUG011915_2.5,Baseball,Total,Finalized,0,562,0.92,0,0.84
2026-08-01,UDXMLBSPREAD_MILLAA26AUG012138_LAA1.5,Baseball,Spread,Finalized,250,556,0.36,0,0.04
2026-08-01,UDXMLBTOTAL_MINSEA26AUG011610_9.5,Baseball,Total,Finalized,0,552,0.47,0,0.18
2026-08-01,UDXMLBTOTAL_DETOAK26JUL312140_13.5,Baseball,Total,Finalized,0,548,0.47,0,0.45
2026-08-01,UDXMLBSPREAD_WASATL26AUG011915_ATL2.5,Baseball,Spread,Finalized,0,535,0.61,0,0.61
2026-08-01,UDXWNBATOTAL_INDMIN2026AUG02_188.5,Basketball (pro),Total,Finalized,531,531,0.6,0,0.6
2026-08-01,UDXWNBASPREAD_LVCHI2026AUG01_LV12.5,Basketball (pro),Spread,Finalized,0,523,0.44,0,0.02
2026-08-01,UDXWNBATOTAL_NYPHX2026AUG01_186.5,Basketball (pro),Total,Finalized,0,515.32,0.51,0,0.29
2026-08-01,UDXMLBGAMEWIN_WASATL26AUG021335_ATL,Baseball,Moneyline,Finalized,465,513,0.54,0,0.54
2026-08-01,UDXMLBSPREAD_MILLAA26AUG012138_MIL2.5,Baseball,Spread,Finalized,377,508,0.36,0,0.25
2026-08-01,UDXMLBTOTAL_KANCOL26AUG012010_17.5,Baseball,Total,Finalized,0,490,0.62,0,0.62
2026-08-01,UDXMLBTOTAL_PITCIN26AUG011840_2.5,Baseball,Total,Finalized,0,488,0.96,0,0.96
2026-08-01,UDXMLBSPREAD_WASATL26AUG011915_ATL3.5,Baseball,Spread,Finalized,0,486,0.96,0,0.96
2026-08-01,UDXMLBGAMEWIN_MILLAA26JUL312138_LAA,Baseball,Moneyline,Finalized,0,483,0.02,0,0.02
2026-08-01,UDXWNBASPREAD_LVCHI2026AUG01_CHI6.5,Basketball (pro),Spread,Finalized,0,476,0.17,0,0.17
2026-08-01,UDXMLBTOTAL_KANCOL26AUG012010_7.5,Baseball,Total,Finalized,0,453,0.97,0,0.97
2026-08-01,UDXWNBATOTAL_INDMIN2026AUG02_191.5,Basketball (pro),Total,Finalized,245,446,0.53,0,0.53
2026-08-01,UDXMLBGAMEWIN_MILLAA26JUL312138_MIL,Baseball,Moneyline,Finalized,0,428,0.98,0,0.98
2026-08-01,UDXMLBGAMEWIN_NYYCHC26AUG021420_CHC,Baseball,Moneyline,Finalized,410,410,0.47,0,0.47
2026-08-01,UDXMLBSPREAD_STLTOR26AUG011507_STL2.5,Baseball,Spread,Finalized,0,406,0.24,0,0.21
2026-08-01,UDXMLBTOTAL_KANCOL26AUG012010_8.5,Baseball,Total,Finalized,0,395,0.76,0,0.76
2026-08-01,UDXMLBSPREAD_KANCOL26AUG012010_KAN1.5,Baseball,Spread,Finalized,0,366,0.46,0,0.46
2026-08-01,UDXMLBTOTAL_TEXHOU26AUG011910_3.5,Baseball,Total,Finalized,0,358,0.83,0,0.83
2026-08-01,UDXMLBTOTAL_WASATL26AUG011915_7.5,Baseball,Total,Finalized,0,347,0.74,0,0.27
2026-08-01,UDXMLBSPREAD_MINSEA26AUG011610_SEA3.5,Baseball,Spread,Finalized,0,346,0.51,0,0.38
2026-08-01,UDXMLBSPREAD_CWSTB26AUG011610_CWS1.5,Baseball,Spread,Finalized,0,340,0.28,0,0.28
2026-08-01,UDXMLBSPREAD_SFSD26AUG012040_SF3.5,Baseball,Spread,Finalized,0,339,0.17,0,0.17
2026-08-01,UDXMLBTOTAL_PHIBAL26AUG011905_9.5,Baseball,Total,Finalized,0,337,0.19,0,0.09
2026-08-01,UDXCOMBO-17104787671143894542,Other,Combo-17104787671143894542,Finalized,0,323,0.15,0,0.15
2026-08-01,UDXMLBSPREAD_DETOAK26AUG012140_OAK1.5,Baseball,Spread,Finalized,133,314,0.25,0,0.08
2026-08-01,UDXWNBASPREAD_NYPHX2026AUG01_NY15.5,Basketball (pro),Spread,Finalized,0,300,0.25,0,0.04
2026-08-01,UDXMLBSPREAD_MILLAA26JUL312138_MIL3.5,Baseball,Spread,Finalized,0,297,0.89,0,0.89
2026-08-01,UDXMLBTOTAL_MINSEA26AUG011610_10.5,Baseball,Total,Finalized,0,289,0.24,0,0.16
2026-08-01,UDXWNBAGAMEWIN_INDMIN2026AUG02_IND,Basketball (pro),Moneyline,Finalized,281,281,0.34,0,0.34
2026-08-01,UDXMLBSPREAD_BOSLAD26AUG012110_LAD2.5,Baseball,Spread,Finalized,0,275,0.47,0,0.25
2026-08-01,UDXMLBSPREAD_MINSEA26JUL312210_MIN2.5,Baseball,Spread,Finalized,0,271,0.24,0,0.14
2026-08-01,UDXMLBTOTAL_CWSTB26AUG011610_6.5,Baseball,Total,Finalized,0,267,0.63,0,0.03
2026-08-01,UDXMLBTOTAL_STLTOR26AUG011507_3.5,Baseball,Total,Finalized,0,267,0.77,0,0.7
2026-08-01,UDXMLBTOTAL_DETOAK26JUL312140_12.5,Baseball,Total,Finalized,0,266,0.61,0,0.61
2026-08-01,UDXMLBTOTAL_KANCOL26AUG012010_9.5,Baseball,Total,Finalized,0,261,0.94,0,0.94
2026-08-01,UDXCOMBO-11002457036612133784,Other,Combo-11002457036612133784,Finalized,0,260.21,0.04,0,0.04
2026-08-01,UDXMLBSPREAD_STLTOR26AUG011507_STL3.5,Baseball,Spread,Finalized,0,251,0.15,0,0.15
2026-08-01,UDXMLBSPREAD_STLTOR26AUG011507_STL1.5,Baseball,Spread,Finalized,0,250,0.3,0,0.18
2026-08-01,UDXMLBSPREAD_WASATL26AUG011915_ATL6.5,Baseball,Spread,Finalized,0,247,0.41,0,0.41
2026-08-01,UDXMLBSPREAD_MILLAA26AUG012138_MIL3.5,Baseball,Spread,Finalized,244,244,0.27,0,0.12
2026-08-01,UDXMLBSPREAD_SFSD26AUG012040_SD2.5,Baseball,Spread,Finalized,0,242,0.47,0,0.34
2026-08-01,UDXMLBSPREAD_SFSD26AUG012040_SF2.5,Baseball,Spread,Finalized,0,240,0.07,0,0.07
2026-08-01,UDXMLBGAMEWIN_WASATL26AUG021335_WAS,Baseball,Moneyline,Finalized,239,239,0.47,0,0.47
2026-08-01,UDXMLBSPREAD_WASATL26AUG011915_ATL4.5,Baseball,Spread,Finalized,0,232,0.8,0,0.72
2026-08-01,UDXMLBTOTAL_PITCIN26AUG011840_4.5,Baseball,Total,Finalized,0,230,0.94,0,0.94
2026-08-01,UDXMLBTOTAL_MILLAA26AUG012138_13.5,Baseball,Total,Finalized,219,219,0.17,0,0.17
2026-08-01,UDXMLBTOTAL_BOSLAD26AUG012110_11.5,Baseball,Total,Finalized,0,208,0.18,0,0.09
2026-08-01,UDXMLBTOTAL_NYYCHC26AUG011915_1.5,Baseball,Total,Finalized,0,208,0.96,0,0.96
2026-08-01,UDXMLBGAMEWIN_MINSEA26AUG021610_MIN,Baseball,Moneyline,Finalized,205,205,0.45,0,0.45
2026-08-01,UDXMLBTOTAL_MIANYM26AUG021340_8.5,Baseball,Total,Finalized,205,205,0.53,0,0.53
2026-08-01,UDXMLBSPREAD_BOSLAD26AUG012110_LAD3.5,Baseball,Spread,Finalized,0,205,0.22,0,0.12
2026-08-01,UDXMLBSPREAD_TEXHOU26AUG011910_HOU3.5,Baseball,Spread,Finalized,0,204,0.48,0,0.05
2026-08-01,UDXMLBTOTAL_ARICLE26AUG011915_6.5,Baseball,Total,Finalized,0,201,0.8,0,0.8
2026-08-01,UDXMLBTOTAL_STLTOR26AUG011507_10.5,Baseball,Total,Finalized,0,200,0.31,0,0.08
2026-08-01,UDXMLBTOTAL_NYYCHC26AUG011915_8.5,Baseball,Total,Finalized,0,195,0.28,0,0.11
2026-08-01,UDXMLBSPREAD_MIANYM26AUG011610_MIA4.5,Baseball,Spread,Finalized,0,194,0.45,0,0.16
2026-08-01,UDXMLBGAMEWIN_PHIBAL26AUG021335_PHI,Baseball,Moneyline,Finalized,182,182,0.56,0,0.56
2026-08-01,UDXMLBSPREAD_ARICLE26AUG011915_ARI1.5,Baseball,Spread,Finalized,0,182,0.94,0,0.94
2026-08-01,UDXMLBSPREAD_NYYCHC26AUG011915_CHC2.5,Baseball,Spread,Finalized,0,180,0.81,0,0.81
2026-08-01,UDXMLBTOTAL_DETOAK26AUG012140_13.5,Baseball,Total,Finalized,72,176,0.44,0,0.13
2026-08-01,UDXMLBTOTAL_ARICLE26AUG011915_4.5,Baseball,Total,Finalized,0,171,0.89,0,0.89
2026-08-01,UDXMLBSPREAD_KANCOL26AUG012010_COL4.5,Baseball,Spread,Finalized,0,167,0.67,0,0.65
2026-08-01,UDXMLBTOTAL_SFSD26AUG012040_7.5,Baseball,Total,Finalized,0,167,0.59,0,0.5
2026-08-01,UDXMLBSPREAD_SFSD26AUG012040_SD3.5,Baseball,Spread,Finalized,0,166,0.22,0,0.12
2026-08-01,UDXMLBGAMEWIN_BOSLAD26AUG021920_LAD,Baseball,Moneyline,Finalized,162,162,0.6,0,0.6
2026-08-01,UDXMLBTOTAL_MILLAA26AUG012138_9.5,Baseball,Total,Finalized,127,161,0.45,0,0.07
2026-08-01,UDXMLBSPREAD_TEXHOU26AUG011910_HOU2.5,Baseball,Spread,Finalized,0,156,0.5,0,0.43
2026-08-01,UDXCOMBO-9444164878609780737,Other,Combo-9444164878609780737,Finalized,0,154.05,0.15,0,0.15
2026-08-01,UDXWNBATOTAL_LVCHI2026AUG01_190.5,Basketball (pro),Total,Finalized,0,150,0.35,0,0.35
2026-08-01,UDXMLBTOTAL_MIANYM26AUG011610_7.5,Baseball,Total,Finalized,0,149,0.62,0,0.61
2026-08-01,UDXMLBSPREAD_MILLAA26JUL312138_MIL1.5,Baseball,Spread,Finalized,0,144,0.95,0,0.94
2026-08-01,UDXMLBTOTAL_WASATL26AUG011915_4.5,Baseball,Total,Finalized,0,137,0.77,0,0.77
2026-08-01,UDXCOMBO-17783579546876893560,Other,Combo-17783579546876893560,Finalized,0,134.91,0.33,0,0.33
2026-08-01,UDXMLBTOTAL_CWSTB26AUG011610_10.5,Baseball,Total,Finalized,0,132,0.26,0,0.11
2026-08-01,UDXMLBTOTAL_DETOAK26AUG012140_14.5,Baseball,Total,Finalized,124,124,0.21,0,0.21
2026-08-01,UDXMLBTOTAL_TEXHOU26AUG021410_5.5,Baseball,Total,Finalized,122,122,0.77,0,0.77
2026-08-01,UDXMLBTOTAL_MIANYM26AUG011610_3.5,Baseball,Total,Finalized,0,117,0.92,0,0.92
2026-08-01,UDXMLBSPREAD_ARICLE26AUG011915_CLE2.5,Baseball,Spread,Finalized,0,115,0.43,0,0.43
2026-08-01,UDXMLBSPREAD_ARICLE26AUG011915_CLE3.5,Baseball,Spread,Finalized,0,114,0.45,0,0.45
2026-08-01,UDXMLBSPREAD_MILLAA26AUG012138_LAA3.5,Baseball,Spread,Finalized,113,113,0.13,0,0.13
2026-08-01,UDXMLBTOTAL_PHIBAL26AUG021335_11.5,Baseball,Total,Finalized,110,110,0.2,0,0.2
2026-08-01,UDXMLBTOTAL_PITCIN26AUG011840_11.5,Baseball,Total,Finalized,0,105,0.09,0,0.09
2026-08-01,UDXMLBSPREAD_TEXHOU26AUG011910_TEX2.5,Baseball,Spread,Finalized,0,100,0.31,0,0.31
2026-08-01,UDXMLBGAMEWIN_BOSLAD26AUG021920_BOS,Baseball,Moneyline,Finalized,93,93,0.41,0,0.41
2026-08-01,UDXMLBGAMEWIN_TEXHOU26AUG021410_HOU,Baseball,Moneyline,Finalized,93,93,0.54,0,0.54
2026-08-01,UDXMLBTOTAL_MIANYM26AUG011610_5.5,Baseball,Total,Finalized,0,92,0.8,0,0.8
2026-08-01,UDXMLBSPREAD_CWSTB26AUG011610_TB3.5,Baseball,Spread,Finalized,0,91,0.08,0,0.08
2026-08-01,UDXMLBSPREAD_PITCIN26AUG011840_CIN2.5,Baseball,Spread,Finalized,0,90,0.21,0,0.21
2026-08-01,UDXMLBSPREAD_WASATL26AUG011915_ATL5.5,Baseball,Spread,Finalized,0,86,0.44,0,0.27
2026-08-01,UDXMLBSPREAD_MIANYM26AUG011610_MIA5.5,Baseball,Spread,Finalized,0,70,0.27,0,0.07
2026-08-01,UDXMLBTOTAL_ARICLE26AUG011915_9.5,Baseball,Total,Finalized,0,70,0.6,0,0.6
2026-08-01,UDXMLBTOTAL_SFSD26AUG012040_12.5,Baseball,Total,Finalized,0,69,0.34,0,0.34
2026-08-01,UDXMLBTOTAL_SFSD26AUG012040_5.5,Baseball,Total,Finalized,0,66,0.86,0,0.86
2026-08-01,UDXMLBTOTAL_KANCOL26AUG021510_12.5,Baseball,Total,Finalized,63,63,0.48,0,0.48
2026-08-01,UDXMLBTOTAL_NYYCHC26AUG011915_9.5,Baseball,Total,Finalized,0,63,0.19,0,0.07
2026-08-01,UDXMLBTOTAL_WASATL26AUG011915_13.5,Baseball,Total,Finalized,0,61,0.2,0,0.2
2026-08-01,UDXWNBASPREAD_LVCHI2026AUG01_LV15.5,Basketball (pro),Spread,Finalized,0,58,0.14,0,0.14
2026-08-01,UDXCOMBO-7290564716892165847,Other,Combo-7290564716892165847,Finalized,0,57.54,0.33,0,0.33
2026-08-01,UDXWNBASPREAD_LVCHI2026AUG01_LV18.5,Basketball (pro),Spread,Finalized,0,57,0.14,0,0.14
2026-08-01,UDXMLBSPREAD_ARICLE26AUG011915_ARI5.5,Baseball,Spread,Finalized,0,49,0.19,0,0.19
2026-08-01,UDXMLBTOTAL_SFSD26AUG021610_7.5,Baseball,Total,Finalized,46,46,0.55,0,0.55
2026-08-01,UDXWNBASPREAD_LVCHI2026AUG01_CHI1.5,Basketball (pro),Spread,Finalized,0,41,0.45,0,0.45
2026-08-01,UDXMLBTOTAL_CWSTB26AUG021340_8.5,Baseball,Total,Finalized,40,40,0.42,0,0.42
2026-08-01,UDXMLBSPREAD_KANCOL26AUG012010_COL2.5,Baseball,Spread,Finalized,0,40,0.92,0,0.92
2026-08-01,UDXMLBTOTAL_WASATL26AUG011915_12.5,Baseball,Total,Finalized,0,34,0.27,0,0.04
2026-08-01,UDXMLBSPREAD_CWSTB26AUG021340_TB1.5,Baseball,Spread,Finalized,32,32,0.39,0,0.39
2026-08-01,UDXMLBTOTAL_WASATL26AUG011915_5.5,Baseball,Total,Finalized,0,32,0.76,0,0.76
2026-08-01,UDXMLBTOTAL_MINSEA26AUG011610_5.5,Baseball,Total,Finalized,0,31,0.75,0,0.75
2026-08-01,UDXMLBSPREAD_TEXHOU26AUG011910_TEX3.5,Baseball,Spread,Finalized,0,30,0.23,0,0.23
2026-08-01,UDXWNBAGAMEWIN_INDMIN2026AUG02_MIN,Basketball (pro),Moneyline,Finalized,29,29,0.67,0,0.67
2026-08-01,UDXMLBTOTAL_MINSEA26AUG011610_4.5,Baseball,Total,Finalized,0,28,0.8,0,0.8
2026-08-01,UDXMLBSPREAD_MILLAA26AUG012138_LAA2.5,Baseball,Spread,Finalized,0,26,0.07,0,0.03
2026-08-01,UDXMLBTOTAL_DETOAK26JUL312140_10.5,Baseball,Total,Finalized,0,26,0.72,0,0.72
2026-08-01,UDXMLBGAMEWIN_PITCIN26AUG021340_PIT,Baseball,Moneyline,Finalized,25,25,0.44,0,0.44
2026-08-01,UDXMLBGAMEWIN_ARICLE26AUG021340_ARI,Baseball,Moneyline,Finalized,24,24,0.44,0,0.44
2026-08-01,UDXCOMBO-7621358331365534549,Other,Combo-7621358331365534549,Finalized,0,22.88,0.42,0,0.42
2026-08-01,UDXMLBTOTAL_MINSEA26JUL312210_11.5,Baseball,Total,Finalized,0,22,0.12,0,0.06
2026-08-01,UDXWNBATOTAL_LVCHI2026AUG01_187.5,Basketball (pro),Total,Finalized,0,22,0.42,0,0.27
2026-08-01,UDXWNBATOTAL_LVCHI2026AUG01_193.5,Basketball (pro),Total,Finalized,0,19,0.29,0,0.29
2026-08-01,UDXMLBGAMEWIN_STLTOR26AUG021337_TOR,Baseball,Moneyline,Finalized,18,18,0.52,0,0.52
2026-08-01,UDXMLBTOTAL_WASATL26AUG021335_8.5,Baseball,Total,Finalized,16,16,0.52,0,0.52
2026-08-01,UDXMLBSPREAD_MINSEA26JUL312210_SEA2.5,Baseball,Spread,Finalized,0,15,0.02,0,0.02
2026-08-01,UDXMLBTOTAL_DETOAK26JUL312140_11.5,Baseball,Total,Finalized,0,15,0.42,0,0.41
2026-08-01,UDXCOMBO-12376810283298234697,Other,Combo-12376810283298234697,Finalized,0,14.89,0.06,0,0.06
2026-08-01,UDXMLBSPREAD_PITCIN26AUG011840_CIN3.5,Baseball,Spread,Finalized,0,12,0.14,0,0.14
2026-08-01,UDXMLBSPREAD_MILLAA26JUL312138_MIL4.5,Baseball,Spread,Finalized,0,11,0.07,0,0.07
2026-08-01,UDXMLBTOTAL_MIANYM26AUG011610_14.5,Baseball,Total,Finalized,0,10,0.09,0,0.06
2026-08-01,UDXMLBTOTAL_TEXHOU26AUG021410_8.5,Baseball,Total,Finalized,9,9,0.53,0,0.53
2026-08-01,UDXMLBGAMEWIN_NYYCHC26AUG021420_NYY,Baseball,Moneyline,Finalized,8,8,0.54,0,0.54
2026-08-01,UDXMLBTOTAL_STLTOR26AUG021337_8.5,Baseball,Total,Finalized,8,8,0.56,0,0.56
2026-08-01,UDXMLBTOTAL_PITCIN26AUG011840_3.5,Baseball,Total,Finalized,0,7,0.97,0,0.97
2026-08-01,UDXMLBGAMEWIN_TEXHOU26AUG021410_TEX,Baseball,Moneyline,Finalized,6,6,0.47,0,0.47
2026-08-01,UDXCOMBO-12936418793470428693,Other,Combo-12936418793470428693,Finalized,0,5.67,0.17,0,0.17
2026-08-01,UDXCOMBO-14328432022223096591,Other,Combo-14328432022223096591,Finalized,0,5.34,0.18,0,0.18
2026-08-01,UDXCOMBO-10713819072852397259,Other,Combo-10713819072852397259,Finalized,0,3.53,0.64,0,0.64
2026-08-01,UDXCOMBO-12832234069751559947,Other,Combo-12832234069751559947,Finalized,3.03,3.03,0.31,0,0.31
2026-08-01,UDXCOMBO-8386697269547548526,Other,Combo-8386697269547548526,Finalized,2.49,2.49,0.38,0,0.38
2026-08-01,UDXMLBSPREAD_NYYCHC26AUG021420_NYY1.5,Baseball,Spread,Finalized,2,2,0.39,0,0.39
2026-08-01,UDXCOMBO-495442530012504872,Other,Combo-495442530012504872,Finalized,38.61,0,0,0,
2026-08-01,UDXCOMBO-9116051268982608603,Other,Combo-9116051268982608603,Finalized,18.55,0,0,0,
2026-08-01,UDXCOMBO-10759993416751795779,Other,Combo-10759993416751795779,Finalized,14.43,0,0,0,
2026-08-02,UDXMLBGAMEWIN_BOSLAD26AUG021920_LAD,Baseball,Moneyline,Finalized,0,170014.75,0.77,0,0.02
2026-08-02,UDXMLBGAMEWIN_BOSLAD26AUG021920_BOS,Baseball,Moneyline,Finalized,0,103940.68,0.98,0,0.98
2026-08-02,UDXMLBGAMEWIN_MILLAA26AUG021515_MIL,Baseball,Moneyline,Finalized,0,77082.45,0.72,0,0.02
2026-08-02,UDXMLBGAMEWIN_MINSEA26AUG021610_MIN,Baseball,Moneyline,Finalized,0,69523,0.58,0,0.22
2026-08-02,UDXWNBAGAMEWIN_TORGSV2026AUG02_TOR,Basketball (pro),Moneyline,Finalized,0,53103,0.43,0,0.02
2026-08-02,UDXWNBAGAMEWIN_INDMIN2026AUG02_IND,Basketball (pro),Moneyline,Finalized,0,48543,0.4,0,0.03
2026-08-02,UDXMLBGAMEWIN_PHIBAL26AUG021335_PHI,Baseball,Moneyline,Finalized,0,47624.45,0.98,0,0.98
2026-08-02,UDXMLBGAMEWIN_SFSD26AUG021610_SF,Baseball,Moneyline,Finalized,0,41396.15,0.46,0,0.05
2026-08-02,UDXMLBTOTAL_MINSEA26AUG021610_7.5,Baseball,Total,Finalized,0,40762,0.58,0,0.29
2026-08-02,UDXMLBGAMEWIN_TEXHOU26AUG021410_HOU,Baseball,Moneyline,Finalized,0,38478,0.98,0,0.98
2026-08-02,UDXMLBSPREAD_BOSLAD26AUG021920_LAD1.5,Baseball,Spread,Finalized,0,36813.92,0.58,0,0.02
2026-08-02,UDXMLBTOTAL_BOSLAD26AUG021920_8.5,Baseball,Total,Finalized,0,34588,0.98,0,0.89
2026-08-02,UDXMLBGAMEWIN_MIANYM26AUG021340_MIA,Baseball,Moneyline,Finalized,0,34443,0.93,0,0.92
2026-08-02,UDXMLBGAMEWIN_TEXHOU26AUG021410_TEX,Baseball,Moneyline,Finalized,0,32721.27,0.51,0,0.03
2026-08-02,UDXMLBTOTAL_TEXHOU26AUG021410_8.5,Baseball,Total,Finalized,0,32672,0.87,0,0.86
2026-08-02,UDXMLBGAMEWIN_SFSD26AUG021610_SD,Baseball,Moneyline,Finalized,0,28853,0.95,0,0.95
2026-08-02,UDXMLBTOTAL_BOSLAD26AUG021920_13.5,Baseball,Total,Finalized,0,25972.7,0.58,0,0.05
2026-08-02,UDXMLBGAMEWIN_STLTOR26AUG021337_STL,Baseball,Moneyline,Finalized,0,25543,0.98,0,0.98
2026-08-02,UDXMLBTOTAL_BOSLAD26AUG021920_12.5,Baseball,Total,Finalized,0,24719,0.76,0,0.14
2026-08-02,UDXMLBGAMEWIN_NYYCHC26AUG021420_CHC,Baseball,Moneyline,Finalized,0,24361.04,0.57,0,0.08
2026-08-02,UDXMLBGAMEWIN_WASATL26AUG021335_WAS,Baseball,Moneyline,Finalized,0,23193,0.6,0,0.04
2026-08-02,UDXMLBTOTAL_TEXHOU26AUG021410_11.5,Baseball,Total,Finalized,0,22487,0.54,0,0.03
2026-08-02,UDXMLBGAMEWIN_ARICLE26AUG021340_ARI,Baseball,Moneyline,Finalized,0,21096,0.44,0,0.02
2026-08-02,UDXMLBTOTAL_DETOAK26AUG012140_13.5,Baseball,Total,Finalized,0,20901,0.68,0,0.25
2026-08-02,UDXMLBTOTAL_BOSLAD26AUG021920_11.5,Baseball,Total,Finalized,0,20123,0.84,0,0.83
2026-08-02,UDXWNBAGAMEWIN_INDMIN2026AUG02_MIN,Basketball (pro),Moneyline,Finalized,0,19374.47,0.98,0,0.98
2026-08-02,UDXMLBGAMEWIN_WASATL26AUG021335_ATL,Baseball,Moneyline,Finalized,0,18892.8,0.98,0,0.98
2026-08-02,UDXMLBTOTAL_DETOAK26AUG021605_10.5,Baseball,Total,Finalized,0,18736,0.71,0,0.62
2026-08-02,UDXMLBGAMEWIN_MINSEA26AUG021610_SEA,Baseball,Moneyline,Finalized,0,18136,0.98,0,0.77
2026-08-02,UDXWNBAGAMEWIN_CONNDAL2026AUG02_CONN,Basketball (pro),Moneyline,Finalized,0,17438,0.21,0,0.02
2026-08-02,UDXWNBATOTAL_INDMIN2026AUG02_203.5,Basketball (pro),Total,Finalized,0,17146,0.96,0,0.95
2026-08-02,UDXMLBTOTAL_MINSEA26AUG021610_8.5,Baseball,Total,Finalized,0,17064,0.62,0,0.62
2026-08-02,UDXMLBGAMEWIN_PITCIN26AUG021340_CIN,Baseball,Moneyline,Finalized,0,16249,0.98,0,0.97
2026-08-02,UDXMLBSPREAD_MINSEA26AUG021610_SEA2.5,Baseball,Spread,Finalized,0,16028,0.77,0,0.03
2026-08-02,UDXMLBGAMEWIN_CWSTB26AUG021340_TB,Baseball,Moneyline,Finalized,0,15869,0.59,0,0.03
2026-08-02,UDXWNBASPREAD_TORGSV2026AUG02_GSV13.5,Basketball (pro),Spread,Finalized,0,14763,0.8,0,0.8
2026-08-02,UDXMLBGAMEWIN_MILLAA26AUG021515_LAA,Baseball,Moneyline,Finalized,0,14720,0.94,0,0.93
2026-08-02,UDXMLBTOTAL_SFSD26AUG021610_9.5,Baseball,Total,Finalized,0,14595.99,0.74,0,0.09
2026-08-02,UDXMLBGAMEWIN_DETOAK26AUG021605_DET,Baseball,Moneyline,Finalized,0,14370,0.98,0,0.98
2026-08-02,UDXMLBSPREAD_MILLAA26AUG021515_MIL1.5,Baseball,Spread,Finalized,0,14189,0.58,0,0.07
2026-08-02,UDXMLBGAMEWIN_KANCOL26AUG021510_KAN,Baseball,Moneyline,Finalized,0,13443,0.5,0,0.02
2026-08-02,UDXMLBTOTAL_MINSEA26AUG021610_11.5,Baseball,Total,Finalized,0,12905.94,0.51,0,0.21
2026-08-02,UDXWNBASPREAD_INDMIN2026AUG02_MIN3.5,Basketball (pro),Spread,Finalized,0,12881,0.94,0,0.93
2026-08-02,UDXWNBASPREAD_INDMIN2026AUG02_MIN6.5,Basketball (pro),Spread,Finalized,0,12731.72,0.87,0,0.74
2026-08-02,UDXMLBTOTAL_DETOAK26AUG021605_11.5,Baseball,Total,Finalized,0,12495,0.65,0,0.11
2026-08-02,UDXWNBAGAMEWIN_TORGSV2026AUG02_GSV,Basketball (pro),Moneyline,Finalized,0,12484,0.98,0,0.98
2026-08-02,UDXMLBGAMEWIN_NYYCHC26AUG021420_NYY,Baseball,Moneyline,Finalized,0,12423.79,0.94,0,0.91
2026-08-02,UDXMLBGAMEWIN_DETOAK26AUG012140_OAK,Baseball,Moneyline,Finalized,0,12207,0.15,0,0.02
2026-08-02,UDXMLBTOTAL_SFSD26AUG021610_10.5,Baseball,Total,Finalized,0,11927,0.62,0,0.1
2026-08-02,UDXMLBTOTAL_KANCOL26AUG021510_11.5,Baseball,Total,Finalized,0,11718,0.62,0,0.08
2026-08-02,UDXWNBATOTAL_TORGSV2026AUG02_171.5,Basketball (pro),Total,Finalized,0,11661,0.93,0,0.93
2026-08-02,UDXMLBGAMEWIN_CWSTB26AUG021340_CWS,Baseball,Moneyline,Finalized,0,11647.28,0.97,0,0.97
2026-08-02,UDXWNBAGAMEWIN_CONNDAL2026AUG02_DAL,Basketball (pro),Moneyline,Finalized,0,11555,0.98,0,0.98
2026-08-02,UDXMLBSPREAD_BOSLAD26AUG021920_BOS1.5,Baseball,Spread,Finalized,0,11522.61,0.98,0,0.98
2026-08-02,UDXMLBGAMEWIN_STLTOR26AUG021337_TOR,Baseball,Moneyline,Finalized,0,11192.31,0.63,0,0.02
2026-08-02,UDXMLBTOTAL_MILLAA26AUG021515_2.5,Baseball,Total,Finalized,0,11016,0.63,0,0.42
2026-08-02,UDXMLBGAMEWIN_PHIBAL26AUG021335_BAL,Baseball,Moneyline,Finalized,0,10760,0.48,0,0.04
2026-08-02,UDXMLBTOTAL_MILLAA26AUG021515_8.5,Baseball,Total,Finalized,0,10693,0.42,0,0.06
2026-08-02,UDXWNBASPREAD_INDMIN2026AUG02_MIN9.5,Basketball (pro),Spread,Finalized,0,10597,0.65,0,0.05
2026-08-02,UDXWNBATOTAL_CONNDAL2026AUG02_173.5,Basketball (pro),Total,Finalized,0,10557,0.62,0,0.02
2026-08-02,UDXWNBASPREAD_TORGSV2026AUG02_GSV10.5,Basketball (pro),Spread,Finalized,0,10363,0.95,0,0.95
2026-08-02,UDXMLBTOTAL_CWSTB26AUG021340_6.5,Baseball,Total,Finalized,0,10023,0.78,0,0.43
2026-08-02,UDXMLBTOTAL_BOSLAD26AUG021920_9.5,Baseball,Total,Finalized,0,9990.89,0.95,0,0.74
2026-08-02,UDXMLBTOTAL_DETOAK26AUG021605_8.5,Baseball,Total,Finalized,0,9990.56,0.9,0,0.9
2026-08-02,UDXMLBGAMEWIN_DETOAK26AUG021605_OAK,Baseball,Moneyline,Finalized,0,9860,0.49,0,0.03
2026-08-02,UDXMLBSPREAD_DETOAK26AUG021605_DET3.5,Baseball,Spread,Finalized,0,9700,0.92,0,0.92
2026-08-02,UDXMLBGAMEWIN_MIANYM26AUG021340_NYM,Baseball,Moneyline,Finalized,0,9533,0.68,0,0.05
2026-08-02,UDXWNBATOTAL_INDMIN2026AUG02_191.5,Basketball (pro),Total,Finalized,0,9124,0.97,0,0.97
2026-08-02,UDXMLBSPREAD_BOSLAD26AUG021920_BOS2.5,Baseball,Spread,Finalized,0,9068,0.96,0,0.95
2026-08-02,UDXMLBTOTAL_PHIBAL26AUG021335_8.5,Baseball,Total,Finalized,0,8750,0.88,0,0.7
2026-08-02,UDXMLBTOTAL_MINSEA26AUG021610_6.5,Baseball,Total,Finalized,0,8714,0.61,0,0.58
2026-08-02,UDXWNBATOTAL_TORGSV2026AUG02_174.5,Basketball (pro),Total,Finalized,0,8425,0.9,0,0.89
2026-08-02,UDXWNBATOTAL_TORGSV2026AUG02_168.5,Basketball (pro),Total,Finalized,0,8300,0.97,0,0.97
2026-08-02,UDXMLBSPREAD_BOSLAD26AUG021920_BOS3.5,Baseball,Spread,Finalized,0,7845,0.93,0,0.86
2026-08-02,UDXMLBTOTAL_BOSLAD26AUG021920_10.5,Baseball,Total,Finalized,0,7651,0.91,0,0.86
2026-08-02,UDXMLBSPREAD_SFSD26AUG021610_SD1.5,Baseball,Spread,Finalized,0,7551,0.77,0,0.02
2026-08-02,UDXWNBATOTAL_CONNDAL2026AUG02_158.5,Basketball (pro),Total,Finalized,0,7522,0.85,0,0.02
2026-08-02,UDXMLBGAMEWIN_PITCIN26AUG021340_PIT,Baseball,Moneyline,Finalized,0,7431,0.48,0,0.02
2026-08-02,UDXMLBSPREAD_TEXHOU26AUG021410_HOU1.5,Baseball,Spread,Finalized,0,7341,0.98,0,0.98
2026-08-02,UDXMLBTOTAL_STLTOR26AUG021337_8.5,Baseball,Total,Finalized,0,7147,0.55,0,0.1
2026-08-02,UDXWNBASPREAD_CONNDAL2026AUG02_DAL12.5,Basketball (pro),Spread,Finalized,0,7146,0.96,0,0.96
2026-08-02,UDXMLBSPREAD_PHIBAL26AUG021335_PHI1.5,Baseball,Spread,Finalized,0,6950,0.95,0,0.94
2026-08-02,UDXWNBATOTAL_CONNDAL2026AUG02_167.5,Basketball (pro),Total,Finalized,0,6873,0.66,0,0.09
2026-08-02,UDXMLBSPREAD_MILLAA26AUG021515_LAA1.5,Baseball,Spread,Finalized,0,6619,0.94,0,0.94
2026-08-02,UDXMLBTOTAL_NYYCHC26AUG021420_6.5,Baseball,Total,Finalized,0,6604.43,0.53,0,0.14
2026-08-02,UDXWNBATOTAL_TORGSV2026AUG02_165.5,Basketball (pro),Total,Finalized,0,6343,0.98,0,0.93
2026-08-02,UDXWNBASPREAD_CONNDAL2026AUG02_DAL9.5,Basketball (pro),Spread,Finalized,0,6298,0.89,0,0.89
2026-08-02,UDXMLBTOTAL_WASATL26AUG021335_8.5,Baseball,Total,Finalized,0,6148,0.59,0,0.09
2026-08-02,UDXMLBTOTAL_DETOAK26AUG021605_9.5,Baseball,Total,Finalized,0,5947,0.86,0,0.86
2026-08-02,UDXMLBTOTAL_PITCIN26AUG021340_11.5,Baseball,Total,Finalized,0,5800,0.7,0,0.45
2026-08-02,UDXMLBTOTAL_SFSD26AUG021610_8.5,Baseball,Total,Finalized,0,5724,0.85,0,0.39
2026-08-02,UDXMLBTOTAL_DETOAK26AUG012140_14.5,Baseball,Total,Finalized,0,5630,0.5,0,0.14
2026-08-02,UDXWNBASPREAD_CONNDAL2026AUG02_DAL21.5,Basketball (pro),Spread,Finalized,0,5607,0.95,0,0.09
2026-08-02,UDXMLBTOTAL_NYYCHC26AUG021420_3.5,Baseball,Total,Finalized,0,5569,0.76,0,0.13
2026-08-02,UDXMLBSPREAD_NYYCHC26AUG021420_NYY1.5,Baseball,Spread,Finalized,0,5483,0.56,0,0.05
2026-08-02,UDXMLBTOTAL_MINSEA26AUG021610_3.5,Baseball,Total,Finalized,0,5450,0.78,0,0.69
2026-08-02,UDXMLBTOTAL_PHIBAL26AUG021335_7.5,Baseball,Total,Finalized,0,5438,0.94,0,0.94
2026-08-02,UDXMLBSPREAD_DETOAK26AUG012140_DET2.5,Baseball,Spread,Finalized,0,5018,0.8,0,0.02
2026-08-02,UDXMLBSPREAD_PITCIN26AUG021340_CIN3.5,Baseball,Spread,Finalized,0,4984,0.94,0,0.94
2026-08-02,UDXMLBGAMEWIN_KANCOL26AUG021510_COL,Baseball,Moneyline,Finalized,0,4851,0.98,0,0.98
2026-08-02,UDXMLBTOTAL_BOSLAD26AUG021920_15.5,Baseball,Total,Finalized,0,4698,0.2,0,0.04
2026-08-02,UDXMLBTOTAL_DETOAK26AUG012140_11.5,Baseball,Total,Finalized,0,4514,0.61,0,0.51
2026-08-02,UDXMLBGAMEWIN_DETOAK26AUG012140_DET,Baseball,Moneyline,Finalized,0,4459,0.98,0,0.96
2026-08-02,UDXMLBTOTAL_KANCOL26AUG021510_9.5,Baseball,Total,Finalized,0,4292,0.85,0,0.33
2026-08-02,UDXWNBASPREAD_INDMIN2026AUG02_MIN12.5,Basketball (pro),Spread,Finalized,0,4214,0.53,0,0.12
2026-08-02,UDXMLBTOTAL_MILLAA26AUG021515_3.5,Baseball,Total,Finalized,0,4164,0.59,0,0.24
2026-08-02,UDXWNBATOTAL_TORGSV2026AUG02_162.5,Basketball (pro),Total,Finalized,0,4141,0.91,0,0.91
2026-08-02,UDXMLBTOTAL_PHIBAL26AUG021335_6.5,Baseball,Total,Finalized,0,4129,0.85,0,0.81
2026-08-02,UDXMLBTOTAL_MINSEA26AUG021610_4.5,Baseball,Total,Finalized,0,4054,0.68,0,0.46
2026-08-02,UDXMLBSPREAD_KANCOL26AUG021510_COL2.5,Baseball,Spread,Finalized,0,3994,0.78,0,0.78
2026-08-02,UDXWNBASPREAD_TORGSV2026AUG02_GSV7.5,Basketball (pro),Spread,Finalized,0,3914,0.95,0,0.95
2026-08-02,UDXMLBTOTAL_MILLAA26AUG021515_6.5,Baseball,Total,Finalized,0,3821,0.66,0,0.06
2026-08-02,UDXMLBTOTAL_NYYCHC26AUG021420_5.5,Baseball,Total,Finalized,0,3775,0.61,0,0.06
2026-08-02,UDXMLBTOTAL_MILLAA26AUG021515_7.5,Baseball,Total,Finalized,0,3715,0.51,0,0.04
2026-08-02,UDXWNBATOTAL_CONNDAL2026AUG02_182.5,Basketball (pro),Total,Finalized,0,3661,0.42,0,0.02
2026-08-02,UDXMLBGAMEWIN_ARICLE26AUG021340_CLE,Baseball,Moneyline,Finalized,0,3599,0.97,0,0.97
2026-08-02,UDXMLBGAMEWIN_STLNYY26AUG031905_NYY,Baseball,Moneyline,Finalized,3519,3519,0.65,0,0.65
2026-08-02,UDXMLBSPREAD_MIANYM26AUG021340_MIA2.5,Baseball,Spread,Finalized,0,3515,0.31,0,0.08
2026-08-02,UDXMLBSPREAD_WASATL26AUG021335_ATL1.5,Baseball,Spread,Finalized,0,3469,0.92,0,0.92
2026-08-02,UDXMLBTOTAL_BOSLAD26AUG021920_14.5,Baseball,Total,Finalized,0,3227,0.32,0,0.06
2026-08-02,UDXWNBATOTAL_CONNDAL2026AUG02_176.5,Basketball (pro),Total,Finalized,0,3147,0.57,0,0.03
2026-08-02,UDXMLBTOTAL_STLTOR26AUG021337_6.5,Baseball,Total,Finalized,0,3112,0.57,0,0.57
2026-08-02,UDXMLBTOTAL_BOSLAD26AUG021920_3.5,Baseball,Total,Finalized,0,3078,0.91,0,0.91
2026-08-02,UDXMLBTOTAL_BOSLAD26AUG021920_4.5,Baseball,Total,Finalized,0,3048,0.86,0,0.85
2026-08-02,UDXMLBSPREAD_MIANYM26AUG021340_NYM1.5,Baseball,Spread,Finalized,0,2990,0.38,0,0.04
2026-08-02,UDXMLBTOTAL_ARICLE26AUG021340_7.5,Baseball,Total,Finalized,0,2894,0.62,0,0.09
2026-08-02,UDXWNBASPREAD_CONNDAL2026AUG02_DAL6.5,Basketball (pro),Spread,Finalized,0,2888,0.79,0,0.79
2026-08-02,UDXMLBTOTAL_NYYCHC26AUG021420_4.5,Baseball,Total,Finalized,0,2864,0.74,0,0.1
2026-08-02,UDXMLBTOTAL_STLTOR26AUG021337_3.5,Baseball,Total,Finalized,0,2862,0.92,0,0.47
2026-08-02,UDXMLBTOTAL_CWSTB26AUG021340_7.5,Baseball,Total,Finalized,0,2832,0.68,0,0.39
2026-08-02,UDXMLBTOTAL_KANCOL26AUG021510_10.5,Baseball,Total,Finalized,0,2797,0.65,0,0.34
2026-08-02,UDXMLBSPREAD_MINSEA26AUG021610_SEA1.5,Baseball,Spread,Finalized,0,2788,0.97,0,0.07
2026-08-02,UDXMLBTOTAL_MINSEA26AUG021610_9.5,Baseball,Total,Finalized,0,2784,0.4,0,0.4
2026-08-02,UDXMLBTOTAL_KANCOL26AUG021510_16.5,Baseball,Total,Finalized,0,2710,0.19,0,0.06
2026-08-02,UDXMLBTOTAL_ARICLE26AUG021340_5.5,Baseball,Total,Finalized,0,2586,0.6,0,0.3
2026-08-02,UDXMLBSPREAD_SFSD26AUG021610_SD2.5,Baseball,Spread,Finalized,0,2563,0.55,0,0.06
2026-08-02,UDXMLBSPREAD_MILLAA26AUG021515_LAA2.5,Baseball,Spread,Finalized,0,2432,0.74,0,0.74
2026-08-02,UDXMLBSPREAD_MIANYM26AUG021340_MIA1.5,Baseball,Spread,Finalized,0,2420,0.79,0,0.79
2026-08-02,UDXWNBATOTAL_CONNDAL2026AUG02_179.5,Basketball (pro),Total,Finalized,0,2392,0.5,0,0.03
2026-08-02,UDXMLBGAMEWIN_TORHOU26AUG032010_HOU,Baseball,Moneyline,Finalized,2353,2353,0.56,0,0.56
2026-08-02,UDXWNBASPREAD_CONNDAL2026AUG02_DAL15.5,Basketball (pro),Spread,Finalized,0,2322,0.97,0,0.97
2026-08-02,UDXMLBTOTAL_DETOAK26AUG012140_10.5,Baseball,Total,Finalized,0,2146,0.8,0,0.78
2026-08-02,UDXMLBTOTAL_TEXHOU26AUG021410_7.5,Baseball,Total,Finalized,0,2131,0.76,0,0.76
2026-08-02,UDXMLBTOTAL_TEXHOU26AUG021410_10.5,Baseball,Total,Finalized,0,2115,0.72,0,0.04
2026-08-02,UDXWNBATOTAL_CONNDAL2026AUG02_161.5,Basketball (pro),Total,Finalized,0,2087,0.73,0,0.08
2026-08-02,UDXWNBATOTAL_INDMIN2026AUG02_200.5,Basketball (pro),Total,Finalized,0,2045,0.92,0,0.92
2026-08-02,UDXMLBTOTAL_BOSLAD26AUG021920_7.5,Baseball,Total,Finalized,0,2037,0.98,0,0.97
2026-08-02,UDXWNBASPREAD_TORGSV2026AUG02_GSV16.5,Basketball (pro),Spread,Finalized,0,2022,0.6,0,0.57
2026-08-02,UDXWNBAGAMEWIN_LVATL2026AUG03_LV,Basketball (pro),Moneyline,Finalized,1992,1992,0.49,0,0.47
2026-08-02,UDXMLBSPREAD_DETOAK26AUG012140_DET4.5,Baseball,Spread,Finalized,0,1962,0.61,0,0.12
2026-08-02,UDXMLBTOTAL_ARICLE26AUG021340_6.5,Baseball,Total,Finalized,0,1962,0.81,0,0.17
2026-08-02,UDXMLBTOTAL_MILLAA26AUG012138_4.5,Baseball,Total,Finalized,0,1926,0.2,0,0.06
2026-08-02,UDXMLBTOTAL_KANCOL26AUG021510_8.5,Baseball,Total,Finalized,0,1918,0.75,0,0.52
2026-08-02,UDXMLBTOTAL_PITCIN26AUG021340_12.5,Baseball,Total,Finalized,0,1868,0.59,0,0.27
2026-08-02,UDXMLBTOTAL_WASATL26AUG021335_6.5,Baseball,Total,Finalized,0,1838,0.84,0,0.21
2026-08-02,UDXMLBSPREAD_PHIBAL26AUG021335_PHI2.5,Baseball,Spread,Finalized,0,1738,0.9,0,0.9
2026-08-02,UDXMLBTOTAL_MILLAA26AUG021515_4.5,Baseball,Total,Finalized,0,1735,0.68,0,0.04
2026-08-02,UDXMLBTOTAL_KANCOL26AUG021510_7.5,Baseball,Total,Finalized,0,1725,0.8,0,0.63
2026-08-02,UDXMLBSPREAD_PHIBAL26AUG021335_PHI3.5,Baseball,Spread,Finalized,0,1705,0.71,0,0.71
2026-08-02,UDXMLBTOTAL_PHIBAL26AUG021335_4.5,Baseball,Total,Finalized,0,1695,0.95,0,0.95
2026-08-02,UDXMLBTOTAL_SFSD26AUG021610_7.5,Baseball,Total,Finalized,0,1693,0.92,0,0.92
2026-08-02,UDXWNBATOTAL_CONNDAL2026AUG02_170.5,Basketball (pro),Total,Finalized,0,1629,0.61,0,0.12
2026-08-02,UDXMLBSPREAD_DETOAK26AUG021605_DET2.5,Baseball,Spread,Finalized,0,1612,0.96,0,0.96
2026-08-02,UDXMLBTOTAL_WASATL26AUG021335_9.5,Baseball,Total,Finalized,0,1605,0.44,0,0.15
2026-08-02,UDXMLBSPREAD_CWSTB26AUG021340_CWS1.5,Baseball,Spread,Finalized,0,1541,0.97,0,0.97
2026-08-02,UDXMLBTOTAL_DETOAK26AUG021605_12.5,Baseball,Total,Finalized,0,1537,0.5,0,0.11
2026-08-02,UDXMLBTOTAL_SFSD26AUG021610_6.5,Baseball,Total,Finalized,0,1485,0.8,0,0.8
2026-08-02,UDXMLBTOTAL_WASATL26AUG021335_7.5,Baseball,Total,Finalized,0,1465,0.65,0,0.11
2026-08-02,UDXWNBATOTAL_TORGSV2026AUG02_159.5,Basketball (pro),Total,Finalized,0,1453,0.97,0,0.97
2026-08-02,UDXWNBASPREAD_TORGSV2026AUG02_GSV22.5,Basketball (pro),Spread,Finalized,0,1444,0.35,0,0.1
2026-08-02,UDXWNBATOTAL_TORGSV2026AUG02_177.5,Basketball (pro),Total,Finalized,0,1439,0.51,0,0.48
2026-08-02,UDXWNBASPREAD_CONNDAL2026AUG02_DAL18.5,Basketball (pro),Spread,Finalized,0,1422,0.88,0,0.88
2026-08-02,UDXMLBTOTAL_DETOAK26AUG021605_7.5,Baseball,Total,Finalized,0,1410,0.95,0,0.72
2026-08-02,UDXMLBTOTAL_PHIBAL26AUG021335_9.5,Baseball,Total,Finalized,0,1407,0.63,0,0.46
2026-08-02,UDXMLBTOTAL_MINSEA26AUG021610_5.5,Baseball,Total,Finalized,0,1399,0.68,0,0.38
2026-08-02,UDXWNBATOTAL_INDMIN2026AUG02_182.5,Basketball (pro),Total,Finalized,0,1388,0.97,0,0.97
2026-08-02,UDXWNBATOTAL_CONNDAL2026AUG02_164.5,Basketball (pro),Total,Finalized,0,1373,0.72,0,0.02
2026-08-02,UDXMLBSPREAD_DETOAK26AUG012140_DET5.5,Baseball,Spread,Finalized,0,1363,0.65,0,0.04
2026-08-02,UDXMLBSPREAD_CWSTB26AUG021340_CWS2.5,Baseball,Spread,Finalized,0,1298,0.86,0,0.86
2026-08-02,UDXMLBTOTAL_PITCIN26AUG021340_8.5,Baseball,Total,Finalized,0,1294,0.92,0,0.92
2026-08-02,UDXMLBTOTAL_MIANYM26AUG021340_8.5,Baseball,Total,Finalized,0,1282,0.54,0,0.04
2026-08-02,UDXMLBTOTAL_BOSLAD26AUG021920_6.5,Baseball,Total,Finalized,0,1279,0.96,0,0.96
2026-08-02,UDXMLBSPREAD_DETOAK26AUG012140_DET3.5,Baseball,Spread,Finalized,0,1263,0.29,0,0.24
2026-08-02,UDXMLBTOTAL_MILLAA26AUG021515_5.5,Baseball,Total,Finalized,0,1226,0.7,0,0.06
2026-08-02,UDXMLBSPREAD_STLTOR26AUG021337_TOR1.5,Baseball,Spread,Finalized,0,1192,0.4,0,0.06
2026-08-02,UDXMLBTOTAL_PITCIN26AUG021340_10.5,Baseball,Total,Finalized,0,1171,0.88,0,0.61
2026-08-02,UDXMLBTOTAL_STLTOR26AUG021337_7.5,Baseball,Total,Finalized,0,1169,0.61,0,0.23
2026-08-02,UDXMLBSPREAD_ARICLE26AUG021340_CLE1.5,Baseball,Spread,Finalized,0,1167,0.94,0,0.85
2026-08-02,UDXMLBSPREAD_BOSLAD26AUG021920_LAD3.5,Baseball,Spread,Finalized,0,1152,0.25,0,0.14
2026-08-02,UDXMLBTOTAL_MIANYM26AUG021340_4.5,Baseball,Total,Finalized,0,1140,0.58,0,0.1
2026-08-02,UDXMLBTOTAL_CWSTB26AUG021340_8.5,Baseball,Total,Finalized,0,1134,0.6,0,0.11
2026-08-02,UDXMLBTOTAL_PHIBAL26AUG021335_11.5,Baseball,Total,Finalized,0,1132,0.5,0,0.37
2026-08-02,UDXMLBSPREAD_SFSD26AUG021610_SF1.5,Baseball,Spread,Finalized,0,1091,0.34,0,0.05
2026-08-02,UDXMLBTOTAL_KANCOL26AUG021510_12.5,Baseball,Total,Finalized,0,1047,0.47,0,0.43
2026-08-02,UDXWNBASPREAD_TORGSV2026AUG02_GSV1.5,Basketball (pro),Spread,Finalized,0,1030,0.88,0,0.58
2026-08-02,UDXMLBTOTAL_STLTOR26AUG021337_5.5,Baseball,Total,Finalized,0,1021,0.63,0,0.18
2026-08-02,UDXWNBASPREAD_CONNDAL2026AUG02_DAL1.5,Basketball (pro),Spread,Finalized,0,1010,0.86,0,0.86
2026-08-02,UDXMLBSPREAD_STLNYY26AUG031905_NYY1.5,Baseball,Spread,Finalized,541,1009,0.46,0,0.46
2026-08-02,UDXWNBASPREAD_TORGSV2026AUG02_GSV19.5,Basketball (pro),Spread,Finalized,0,1000,0.46,0,0.09
2026-08-02,UDXMLBTOTAL_TEXHOU26AUG021410_9.5,Baseball,Total,Finalized,0,984,0.56,0,0.56
2026-08-02,UDXMLBSPREAD_MINSEA26AUG021610_MIN1.5,Baseball,Spread,Finalized,0,964,0.32,0,0.13
2026-08-02,UDXMLBGAMEWIN_MILLAA26AUG012138_MIL,Baseball,Moneyline,Finalized,0,950,0.98,0,0.98
2026-08-02,UDXMLBTOTAL_PITCIN26AUG021340_14.5,Baseball,Total,Finalized,0,941,0.52,0,0.05
2026-08-02,UDXMLBGAMEWIN_PITMIL26AUG031940_MIL,Baseball,Moneyline,Finalized,932,932,0.58,0,0.58
2026-08-02,UDXMLBSPREAD_KANCOL26AUG021510_COL1.5,Baseball,Spread,Finalized,0,921,0.7,0,0.7
2026-08-02,UDXMLBTOTAL_MIANYM26AUG021340_3.5,Baseball,Total,Finalized,0,897,0.7,0,0.07
2026-08-02,UDXMLBTOTAL_MIANYM26AUG021340_7.5,Baseball,Total,Finalized,0,888,0.6,0,0.37
2026-08-02,UDXMLBSPREAD_MIANYM26AUG021340_NYM3.5,Baseball,Spread,Finalized,0,885,0.16,0,0.16
2026-08-02,UDXWNBATOTAL_INDMIN2026AUG02_197.5,Basketball (pro),Total,Finalized,0,870,0.86,0,0.86
2026-08-02,UDXWNBASPREAD_TORGSV2026AUG02_GSV4.5,Basketball (pro),Spread,Finalized,0,863,0.94,0,0.94
2026-08-02,UDXMLBSPREAD_BOSLAD26AUG021920_LAD2.5,Baseball,Spread,Finalized,0,813,0.44,0,0.1
2026-08-02,UDXMLBSPREAD_TEXHOU26AUG021410_TEX2.5,Baseball,Spread,Finalized,0,812,0.13,0,0.13
2026-08-02,UDXMLBTOTAL_SFSD26AUG021610_11.5,Baseball,Total,Finalized,0,810,0.5,0,0.06
2026-08-02,UDXMLBTOTAL_STLTOR26AUG021337_4.5,Baseball,Total,Finalized,0,797,0.57,0,0.52
2026-08-02,UDXMLBTOTAL_DETOAK26AUG012140_12.5,Baseball,Total,Finalized,0,771,0.43,0,0.4
2026-08-02,UDXMLBSPREAD_ARICLE26AUG021340_CLE2.5,Baseball,Spread,Finalized,0,756,0.87,0,0.86
2026-08-02,UDXMLBSPREAD_CWSTB26AUG021340_CWS4.5,Baseball,Spread,Finalized,0,744,0.94,0,0.94
2026-08-02,UDXWNBATOTAL_INDMIN2026AUG02_188.5,Basketball (pro),Total,Finalized,0,741,0.97,0,0.97
2026-08-02,UDXMLBTOTAL_PHIBAL26AUG021335_10.5,Baseball,Total,Finalized,0,736,0.61,0,0.2
2026-08-02,UDXMLBSPREAD_PHIBAL26AUG021335_PHI4.5,Baseball,Spread,Finalized,0,702,0.91,0,0.91
2026-08-02,UDXMLBSPREAD_PHIBAL26AUG021335_PHI6.5,Baseball,Spread,Finalized,0,692,0.86,0,0.82
2026-08-02,UDXWNBATOTAL_TORGSV2026AUG02_156.5,Basketball (pro),Total,Finalized,0,690,0.71,0,0.71
2026-08-02,UDXMLBGAMEWIN_MILLAA26AUG012138_LAA,Baseball,Moneyline,Finalized,0,684,0.06,0,0.03
2026-08-02,UDXMLBSPREAD_CWSTB26AUG021340_TB1.5,Baseball,Spread,Finalized,0,679,0.4,0,0.39
2026-08-02,UDXMLBSPREAD_MINSEA26AUG021610_SEA4.5,Baseball,Spread,Finalized,0,676,0.87,0,0.17
2026-08-02,UDXMLBSPREAD_ARICLE26AUG021340_ARI3.5,Baseball,Spread,Finalized,0,673,0.14,0,0.14
2026-08-02,UDXMLBSPREAD_PITCIN26AUG021340_CIN7.5,Baseball,Spread,Finalized,0,657,0.72,0,0.72
2026-08-02,UDXMLBGAMEWIN_LADCHC26AUG032005_LAD,Baseball,Moneyline,Finalized,634,634,0.56,0,0.56
2026-08-02,UDXWNBATOTAL_INDMIN2026AUG02_194.5,Basketball (pro),Total,Finalized,0,579,0.9,0,0.9
2026-08-02,UDXCOMBO-17381275340041478108,Other,Combo-17381275340041478108,Finalized,0,567.57,0.03,0,0.03
2026-08-02,UDXMLBSPREAD_SFSD26AUG021610_SD3.5,Baseball,Spread,Finalized,0,555,0.53,0,0.03
2026-08-02,UDXMLBGAMEWIN_WASPHI26AUG031840_PHI,Baseball,Moneyline,Finalized,543,543,0.59,0,0.59
2026-08-02,UDXMLBTOTAL_MILLAA26AUG021515_9.5,Baseball,Total,Finalized,0,542,0.31,0,0.11
2026-08-02,UDXMLBTOTAL_MIANYM26AUG021340_6.5,Baseball,Total,Finalized,0,538,0.52,0,0.32
2026-08-02,UDXMLBTOTAL_PITCIN26AUG021340_9.5,Baseball,Total,Finalized,0,511,0.91,0,0.91
2026-08-02,UDXMLBSPREAD_MILLAA26AUG021515_MIL2.5,Baseball,Spread,Finalized,0,497,0.44,0,0.14
2026-08-02,UDXMLBSPREAD_WASATL26AUG021335_ATL2.5,Baseball,Spread,Finalized,0,484,0.34,0,0.34
2026-08-02,UDXWNBATOTAL_INDMIN2026AUG02_185.5,Basketball (pro),Total,Finalized,0,474,0.97,0,0.97
2026-08-02,UDXMLBSPREAD_DETOAK26AUG021605_DET1.5,Baseball,Spread,Finalized,0,472,0.95,0,0.95
2026-08-02,UDXWNBASPREAD_TORGSV2026AUG02_TOR9.5,Basketball (pro),Spread,Finalized,0,469,0.04,0,0.04
2026-08-02,UDXWNBASPREAD_CONNDAL2026AUG02_CONN9.5,Basketball (pro),Spread,Finalized,0,468,0.04,0,0.04
2026-08-02,UDXMLBSPREAD_PITCIN26AUG021340_CIN1.5,Baseball,Spread,Finalized,0,464,0.41,0,0.4
2026-08-02,UDXMLBSPREAD_ARICLE26AUG021340_CLE4.5,Baseball,Spread,Finalized,0,448,0.8,0,0.72
2026-08-02,UDXMLBSPREAD_BOSLAD26AUG021920_BOS4.5,Baseball,Spread,Finalized,0,447,0.37,0,0.19
2026-08-02,UDXMLBSPREAD_MILLAA26AUG021515_MIL3.5,Baseball,Spread,Finalized,0,433,0.34,0,0.13
2026-08-02,UDXMLBTOTAL_NYYCHC26AUG021420_7.5,Baseball,Total,Finalized,0,423.3,0.47,0,0.04
2026-08-02,UDXMLBGAMEWIN_LADCHC26AUG032005_CHC,Baseball,Moneyline,Finalized,418,418,0.46,0,0.46
2026-08-02,UDXMLBSPREAD_PITCIN26AUG021340_CIN2.5,Baseball,Spread,Finalized,0,412,0.63,0,0.63
2026-08-02,UDXMLBTOTAL_TEXHOU26AUG021410_5.5,Baseball,Total,Finalized,0,410,0.89,0,0.89
2026-08-02,UDXWNBASPREAD_INDMIN2026AUG02_MIN1.5,Basketball (pro),Spread,Finalized,0,405,0.67,0,0.67
2026-08-02,UDXMLBTOTAL_STLTOR26AUG021337_10.5,Baseball,Total,Finalized,0,381,0.36,0,0.36
2026-08-02,UDXMLBSPREAD_TEXHOU26AUG021410_HOU2.5,Baseball,Spread,Finalized,0,378,0.47,0,0.08
2026-08-02,UDXMLBTOTAL_ARICLE26AUG021340_2.5,Baseball,Total,Finalized,0,375,0.95,0,0.95
2026-08-02,UDXWNBATOTAL_LVATL2026AUG03_181.5,Basketball (pro),Total,Finalized,350,350,0.56,0,0.56
2026-08-02,UDXWNBASPREAD_INDMIN2026AUG02_MIN15.5,Basketball (pro),Spread,Finalized,0,338,0.38,0,0.04
2026-08-02,UDXMLBTOTAL_KANCOL26AUG021510_6.5,Baseball,Total,Finalized,0,335,0.59,0,0.59
2026-08-02,UDXMLBSPREAD_STLTOR26AUG021337_STL3.5,Baseball,Spread,Finalized,0,323,0.76,0,0.6
2026-08-02,UDXMLBSPREAD_NYYCHC26AUG021420_CHC1.5,Baseball,Spread,Finalized,0,315,0.29,0,0.11
2026-08-02,UDXCOMBO-13166217751068497756,Other,Combo-13166217751068497756,Finalized,0,314,0.3,0,0.3
2026-08-02,UDXMLBSPREAD_PITCIN26AUG021340_PIT3.5,Baseball,Spread,Finalized,0,314,0.15,0,0.15
2026-08-02,UDXWNBASPREAD_INDMIN2026AUG02_IND6.5,Basketball (pro),Spread,Finalized,0,304,0.19,0,0.19
2026-08-02,UDXMLBTOTAL_CWSTB26AUG021340_9.5,Baseball,Total,Finalized,0,301,0.47,0,0.28
2026-08-02,UDXMLBTOTAL_STLNYY26AUG031905_8.5,Baseball,Total,Finalized,300,300,0.45,0,0.45
2026-08-02,UDXMLBSPREAD_DETOAK26AUG021605_OAK1.5,Baseball,Spread,Finalized,0,293,0.32,0,0.18
2026-08-02,UDXMLBTOTAL_ARICLE26AUG021340_8.5,Baseball,Total,Finalized,0,289,0.48,0,0.46
2026-08-02,UDXMLBGAMEWIN_SFTEX26AUG032005_TEX,Baseball,Moneyline,Finalized,285,285,0.52,0,0.51
2026-08-02,UDXMLBTOTAL_CWSTB26AUG021340_2.5,Baseball,Total,Finalized,0,281,0.95,0,0.95
2026-08-02,UDXMLBTOTAL_CWSTB26AUG021340_11.5,Baseball,Total,Finalized,0,280,0.23,0,0.23
2026-08-02,UDXMLBSPREAD_MINSEA26AUG021610_SEA3.5,Baseball,Spread,Finalized,0,273,0.61,0,0.61
2026-08-02,UDXWNBASPREAD_CONNDAL2026AUG02_CONN6.5,Basketball (pro),Spread,Finalized,0,270,0.07,0,0.04
2026-08-02,UDXMLBTOTAL_MIANYM26AUG021340_5.5,Baseball,Total,Finalized,0,260,0.54,0,0.2
2026-08-02,UDXMLBTOTAL_PITMIL26AUG031940_8.5,Baseball,Total,Finalized,244,257,0.48,0,0.48
2026-08-02,UDXMLBTOTAL_DETOAK26AUG021605_6.5,Baseball,Total,Finalized,0,245,0.94,0,0.89
2026-08-02,UDXMLBSPREAD_DETOAK26AUG012140_DET1.5,Baseball,Spread,Finalized,0,244,0.95,0,0.91
2026-08-02,UDXMLBTOTAL_TEXHOU26AUG021410_6.5,Baseball,Total,Finalized,0,241,0.84,0,0.84
2026-08-02,UDXWNBASPREAD_LVATL2026AUG03_ATL1.5,Basketball (pro),Spread,Finalized,236,236,0.49,0,0.49
2026-08-02,UDXMLBTOTAL_STLTOR26AUG021337_9.5,Baseball,Total,Finalized,0,231,0.42,0,0.04
2026-08-02,UDXMLBSPREAD_WASATL26AUG021335_WAS1.5,Baseball,Spread,Finalized,0,225,0.36,0,0.09
2026-08-02,UDXMLBTOTAL_PITCIN26AUG021340_13.5,Baseball,Total,Finalized,0,220,0.58,0,0.31
2026-08-02,UDXWNBASPREAD_PHXCHI2026AUG03_CHI1.5,Basketball (pro),Spread,Finalized,138,212,0.5,0,0.48
2026-08-02,UDXWNBATOTAL_TORGSV2026AUG02_153.5,Basketball (pro),Total,Finalized,0,211,0.9,0,0.9
2026-08-02,UDXMLBSPREAD_KANCOL26AUG021510_KAN3.5,Baseball,Spread,Finalized,0,210,0.23,0,0.23
2026-08-02,UDXMLBSPREAD_MILLAA26AUG012138_MIL1.5,Baseball,Spread,Finalized,0,209,0.95,0,0.95
2026-08-02,UDXMLBTOTAL_NYYCHC26AUG021420_10.5,Baseball,Total,Finalized,0,200,0.18,0,0.09
2026-08-02,UDXMLBTOTAL_PHIBAL26AUG021335_5.5,Baseball,Total,Finalized,0,191,0.87,0,0.87
2026-08-02,UDXWNBATOTAL_SEANY2026AUG03_179.5,Basketball (pro),Total,Finalized,189,189,0.54,0,0.54
2026-08-02,UDXMLBTOTAL_LADCHC26AUG032005_8.5,Baseball,Total,Finalized,173,182,0.5,0,0.44
2026-08-02,UDXMLBGAMEWIN_WASPHI26AUG031840_WAS,Baseball,Moneyline,Finalized,179,179,0.43,0,0.43
2026-08-02,UDXWNBASPREAD_INDMIN2026AUG02_MIN18.5,Basketball (pro),Spread,Finalized,0,177.95,0.17,0,0.17
2026-08-02,UDXMLBSPREAD_PITMIL26AUG031940_MIL1.5,Baseball,Spread,Finalized,173,173,0.4,0,0.4
2026-08-02,UDXMLBGAMEWIN_TBCOL26AUG032040_COL,Baseball,Moneyline,Finalized,163,163,0.41,0,0.41
2026-08-02,UDXMLBGAMEWIN_TBCOL26AUG032040_TB,Baseball,Moneyline,Finalized,158,158,0.6,0,0.6
2026-08-02,UDXMLBSPREAD_PHIBAL26AUG021335_BAL1.5,Baseball,Spread,Finalized,0,148,0.28,0,0.11
2026-08-02,UDXWNBASPREAD_CONNDAL2026AUG02_DAL3.5,Basketball (pro),Spread,Finalized,0,146,0.78,0,0.78
2026-08-02,UDXMLBSPREAD_CWSTB26AUG021340_CWS5.5,Baseball,Spread,Finalized,0,145,0.87,0,0.87
2026-08-02,UDXMLBSPREAD_KANCOL26AUG021510_KAN1.5,Baseball,Spread,Finalized,0,145,0.37,0,0.37
2026-08-02,UDXMLBSPREAD_STLTOR26AUG021337_STL1.5,Baseball,Spread,Finalized,0,144,0.91,0,0.91
2026-08-02,UDXMLBSPREAD_PITCIN26AUG021340_CIN6.5,Baseball,Spread,Finalized,0,141,0.77,0,0.77
2026-08-02,UDXMLBTOTAL_WASATL26AUG021335_5.5,Baseball,Total,Finalized,0,136,0.92,0,0.92
2026-08-02,UDXMLBTOTAL_NYYCHC26AUG021420_8.5,Baseball,Total,Finalized,0,134,0.27,0,0.15
2026-08-02,UDXMLBTOTAL_MILLAA26AUG012138_7.5,Baseball,Total,Finalized,0,127,0.05,0,0.05
2026-08-02,UDXMLBTOTAL_CWSTB26AUG021340_3.5,Baseball,Total,Finalized,0,117,0.88,0,0.88
2026-08-02,UDXMLBGAMEWIN_SFTEX26AUG032005_SF,Baseball,Moneyline,Finalized,112,112,0.5,0,0.5
2026-08-02,UDXMLBSPREAD_PITCIN26AUG021340_CIN8.5,Baseball,Spread,Finalized,0,112,0.43,0,0.35
2026-08-02,UDXMLBTOTAL_ARICLE26AUG021340_9.5,Baseball,Total,Finalized,0,110,0.52,0,0.22
2026-08-02,UDXMLBSPREAD_ARICLE26AUG021340_ARI1.5,Baseball,Spread,Finalized,0,105,0.27,0,0.27
2026-08-02,UDXMLBTOTAL_BOSLAD26AUG021920_5.5,Baseball,Total,Finalized,0,99,0.9,0,0.9
2026-08-02,UDXWNBAGAMEWIN_SEANY2026AUG03_NY,Basketball (pro),Moneyline,Finalized,97.75,97.75,0.78,0,0.77
2026-08-02,UDXWNBASPREAD_SEANY2026AUG03_NY9.5,Basketball (pro),Spread,Finalized,90,96,0.47,0,0.47
2026-08-02,UDXMLBTOTAL_MINSEA26AUG021610_10.5,Baseball,Total,Finalized,0,95,0.21,0,0.18
2026-08-02,UDXMLBTOTAL_CWSTB26AUG021340_4.5,Baseball,Total,Finalized,0,91,0.74,0,0.74
2026-08-02,UDXCOMBO-7183858297221764506,Other,Combo-7183858297221764506,Finalized,0,90.17,0.05,0,0.05
2026-08-02,UDXWNBASPREAD_SEANY2026AUG03_NY6.5,Basketball (pro),Spread,Finalized,89,89,0.58,0,0.58
2026-08-02,UDXMLBTOTAL_STLNYY26AUG031905_9.5,Baseball,Total,Finalized,88,88,0.34,0,0.34
2026-08-02,UDXMLBSPREAD_PHIBAL26AUG021335_PHI5.5,Baseball,Spread,Finalized,0,86,0.79,0,0.79
2026-08-02,UDXMLBTOTAL_CWSTB26AUG021340_5.5,Baseball,Total,Finalized,0,85,0.54,0,0.51
2026-08-02,UDXMLBTOTAL_TEXHOU26AUG021410_3.5,Baseball,Total,Finalized,0,74,0.81,0,0.81
2026-08-02,UDXMLBSPREAD_NYYCHC26AUG021420_NYY2.5,Baseball,Spread,Finalized,0,73,0.5,0,0.45
2026-08-02,UDXMLBSPREAD_KANCOL26AUG021510_COL4.5,Baseball,Spread,Finalized,0,71,0.96,0,0.96
2026-08-02,UDXMLBTOTAL_STLNYY26AUG031905_10.5,Baseball,Total,Finalized,68,68,0.28,0,0.28
2026-08-02,UDXMLBSPREAD_TEXHOU26AUG021410_HOU4.5,Baseball,Spread,Finalized,0,68,0.35,0,0.35
2026-08-02,UDXMLBTOTAL_WASATL26AUG021335_10.5,Baseball,Total,Finalized,0,66,0.36,0,0.36
2026-08-02,UDXWNBASPREAD_TORGSV2026AUG02_TOR6.5,Basketball (pro),Spread,Finalized,0,66,0.16,0,0.07
2026-08-02,UDXMLBSPREAD_STLTOR26AUG021337_TOR2.5,Baseball,Spread,Finalized,0,64,0.28,0,0.19
2026-08-02,UDXWNBATOTAL_INDMIN2026AUG02_179.5,Basketball (pro),Total,Finalized,0,62,0.79,0,0.79
2026-08-02,UDXMLBTOTAL_ARICLE26AUG021340_12.5,Baseball,Total,Finalized,0,58,0.15,0,0.15
2026-08-02,UDXMLBTOTAL_PHIBAL26AUG021335_12.5,Baseball,Total,Finalized,0,57,0.13,0,0.13
2026-08-02,UDXMLBSPREAD_KANCOL26AUG021510_COL3.5,Baseball,Spread,Finalized,0,54,0.44,0,0.44
2026-08-02,UDXMLBTOTAL_CWSTB26AUG021340_10.5,Baseball,Total,Finalized,0,54,0.36,0,0.36
2026-08-02,UDXMLBTOTAL_DETOAK26AUG021605_14.5,Baseball,Total,Finalized,0,54,0.15,0,0.02
2026-08-02,UDXWNBASPREAD_LVATL2026AUG03_LV1.5,Basketball (pro),Spread,Finalized,50,50,0.46,0,0.46
2026-08-02,UDXMLBGAMEWIN_SDARI26AUG032140_ARI,Baseball,Moneyline,Finalized,48,48,0.5,0,0.5
2026-08-02,UDXMLBGAMEWIN_SDARI26AUG032140_SD,Baseball,Moneyline,Finalized,46,46,0.51,0,0.51
2026-08-02,UDXMLBTOTAL_PITCIN26AUG021340_7.5,Baseball,Total,Finalized,0,45,0.58,0,0.58
2026-08-02,UDXMLBTOTAL_SFTEX26AUG032005_8.5,Baseball,Total,Finalized,40,40,0.47,0,0.47
2026-08-02,UDXMLBSPREAD_ARICLE26AUG021340_CLE5.5,Baseball,Spread,Finalized,0,40,0.37,0,0.37
2026-08-02,UDXWNBAGAMEWIN_SEANY2026AUG03_SEA,Basketball (pro),Moneyline,Finalized,39,39,0.24,0,0.24
2026-08-02,UDXMLBTOTAL_PHIBAL26AUG021335_3.5,Baseball,Total,Finalized,0,37,0.91,0,0.91
2026-08-02,UDXMLBSPREAD_TBCOL26AUG032040_TB1.5,Baseball,Spread,Finalized,34,34,0.5,0,0.5
2026-08-02,UDXMLBGAMEWIN_CWSBOS26AUG041910_BOS,Baseball,Moneyline,Finalized,29,29,0.6,0,0.6
2026-08-02,UDXMLBSPREAD_TEXHOU26AUG021410_HOU3.5,Baseball,Spread,Finalized,0,29,0.19,0,0.19
2026-08-02,UDXMLBSPREAD_WASATL26AUG021335_WAS3.5,Baseball,Spread,Finalized,0,29,0.2,0,0.2
2026-08-02,UDXWNBASPREAD_CONNDAL2026AUG02_CONN3.5,Basketball (pro),Spread,Finalized,0,27,0.11,0,0.11
2026-08-02,UDXWNBASPREAD_INDMIN2026AUG02_IND3.5,Basketball (pro),Spread,Finalized,0,27,0.28,0,0.28
2026-08-02,UDXMLBSPREAD_CWSTB26AUG021340_CWS6.5,Baseball,Spread,Finalized,0,25,0.77,0,0.77
2026-08-02,UDXMLBGAMEWIN_STLNYY26AUG031905_STL,Baseball,Moneyline,Finalized,24,24,0.37,0,0.37
2026-08-02,UDXMLBSPREAD_NYYCHC26AUG021420_CHC2.5,Baseball,Spread,Finalized,0,24,0.11,0,0.11
2026-08-02,UDXMLBTOTAL_MIANYM26AUG021340_9.5,Baseball,Total,Finalized,0,24,0.42,0,0.03
2026-08-02,UDXMLBGAMEWIN_NYMCLE26AUG041840_CLE,Baseball,Moneyline,Finalized,23,23,0.54,0,0.54
2026-08-02,UDXCOMBO-932035247643814903,Other,Combo-932035247643814903,Finalized,0,21.94,0.22,0,0.22
2026-08-02,UDXMLBGAMEWIN_TORHOU26AUG032010_TOR,Baseball,Moneyline,Finalized,21,21,0.45,0,0.45
2026-08-02,UDXMLBGAMEWIN_MIAATL26AUG041915_ATL,Baseball,Moneyline,Finalized,20,20,0.6,0,0.6
2026-08-02,UDXWNBATOTAL_LVATL2026AUG03_184.5,Basketball (pro),Total,Finalized,20,20,0.48,0,0.48
2026-08-02,UDXWNBATOTAL_PHXCHI2026AUG03_177.5,Basketball (pro),Total,Finalized,0,20,0.53,0,0.53
2026-08-02,UDXMLBTOTAL_TBCOL26AUG032040_11.5,Baseball,Total,Finalized,19,19,0.49,0,0.49
2026-08-02,UDXCOMBO-806659870458131033,Other,Combo-806659870458131033,Finalized,0,17.21,0.74,0,0.74
2026-08-02,UDXMLBTOTAL_LADCHC26AUG032005_7.5,Baseball,Total,Finalized,17,17,0.54,0,0.54
2026-08-02,UDXMLBSPREAD_TORHOU26AUG032010_HOU1.5,Baseball,Spread,Finalized,12,12,0.38,0,0.38
2026-08-02,UDXMLBSPREAD_LADCHC26AUG032005_LAD1.5,Baseball,Spread,Finalized,11,11,0.41,0,0.41
2026-08-02,UDXMLBTOTAL_STLTOR26AUG021337_11.5,Baseball,Total,Finalized,0,10,0.28,0,0.28
2026-08-02,UDXCOMBO-596193989551799912,Other,Combo-596193989551799912,Finalized,0,9.16,0.31,0,0.31
2026-08-02,UDXWNBAGAMEWIN_LVATL2026AUG03_ATL,Basketball (pro),Moneyline,Finalized,9,9,0.53,0,0.53
2026-08-02,UDXMLBTOTAL_DETOAK26AUG021605_13.5,Baseball,Total,Finalized,0,8,0.16,0,0.16
2026-08-02,UDXMLBSPREAD_WASPHI26AUG031840_PHI1.5,Baseball,Spread,Finalized,7,7,0.41,0,0.41
2026-08-02,UDXWNBASPREAD_LVATL2026AUG03_ATL3.5,Basketball (pro),Spread,Finalized,7,7,0.41,0,0.41
2026-08-02,UDXMLBTOTAL_SFSD26AUG021610_12.5,Baseball,Total,Finalized,0,6,0.18,0,0.18
2026-08-02,UDXCOMBO-3008403667649920509,Other,Combo-3008403667649920509,Finalized,0,5.91,0.29,0,0.29
2026-08-02,UDXCOMBO-648951830482484940,Other,Combo-648951830482484940,Finalized,0,5.49,0.17,0,0.17
2026-08-02,UDXCOMBO-2988236728666897101,Other,Combo-2988236728666897101,Finalized,0,5.38,0.36,0,0.36
2026-08-02,UDXMLBSPREAD_PHIBAL26AUG021335_BAL2.5,Baseball,Spread,Finalized,0,5.25,0.18,0,0.18
2026-08-02,UDXMLBSPREAD_STLTOR26AUG021337_STL2.5,Baseball,Spread,Finalized,0,5,0.34,0,0.34
2026-08-02,UDXCOMBO-7571444927209352183,Other,Combo-7571444927209352183,Finalized,0,2.69,0.36,0,0.36
2026-08-02,UDXMLBGAMEWIN_PITMIL26AUG031940_PIT,Baseball,Moneyline,Finalized,2,2,0.43,0,0.43
2026-08-02,UDXMLBTOTAL_CWSTB26AUG021340_12.5,Baseball,Total,Finalized,0,2,0.13,0,0.06
2026-08-02,UDXCOMBO-495442530012504872,Other,Combo-495442530012504872,Finalized,38.61,0,0,0,
2026-08-02,UDXCOMBO-9116051268982608603,Other,Combo-9116051268982608603,Finalized,18.55,0,0,0,
2026-08-02,UDXCOMBO-10759993416751795779,Other,Combo-10759993416751795779,Finalized,14.43,0,0,0,
2026-08-03,UDXMLBGAMEWIN_LADCHC26AUG032005_LAD,Baseball,Moneyline,Finalized,0,135169.2,0.84,0,0.02
2026-08-03,UDXMLBGAMEWIN_SDARI26AUG032140_SD,Baseball,Moneyline,Finalized,60177.08,79971.08,0.54,0,0.06
2026-08-03,UDXMLBGAMEWIN_STLNYY26AUG031905_NYY,Baseball,Moneyline,Finalized,0,44832.19,0.85,0,0.02
2026-08-03,UDXMLBGAMEWIN_SDARI26AUG032140_ARI,Baseball,Moneyline,Finalized,32363,44763,0.94,0,0.94
2026-08-03,UDXWNBAGAMEWIN_PHXCHI2026AUG03_PHX,Basketball (pro),Moneyline,Finalized,0,44532,0.97,0,0.97
2026-08-03,UDXWNBAGAMEWIN_PHXCHI2026AUG03_CHI,Basketball (pro),Moneyline,Finalized,0,43407.18,0.88,0,0.02
2026-08-03,UDXMLBGAMEWIN_TORHOU26AUG032010_HOU,Baseball,Moneyline,Finalized,0,42844.85,0.64,0,0.08
2026-08-03,UDXWNBAGAMEWIN_LVATL2026AUG03_LV,Basketball (pro),Moneyline,Finalized,0,42088,0.98,0,0.98
2026-08-03,UDXMLBGAMEWIN_PITMIL26AUG031940_MIL,Baseball,Moneyline,Finalized,0,41126,0.66,0,0.08
2026-08-03,UDXMLBGAMEWIN_STLNYY26AUG031905_STL,Baseball,Moneyline,Finalized,0,39313,0.98,0,0.98
2026-08-03,UDXMLBGAMEWIN_WASPHI26AUG031840_WAS,Baseball,Moneyline,Finalized,0,39293,0.92,0,0.02
2026-08-03,UDXMLBTOTAL_LADCHC26AUG032005_8.5,Baseball,Total,Finalized,0,37905,0.94,0,0.94
2026-08-03,UDXMLBGAMEWIN_WASPHI26AUG031840_PHI,Baseball,Moneyline,Finalized,0,31697.51,0.98,0,0.98
2026-08-03,UDXMLBGAMEWIN_SFTEX26AUG032005_TEX,Baseball,Moneyline,Finalized,0,26286,0.59,0,0.02
2026-08-03,UDXWNBAGAMEWIN_SEANY2026AUG03_SEA,Basketball (pro),Moneyline,Finalized,0,20838.55,0.26,0,0.02
2026-08-03,UDXMLBTOTAL_LADCHC26AUG032005_12.5,Baseball,Total,Finalized,0,19307.32,0.88,0,0.84
2026-08-03,UDXMLBGAMEWIN_TBCOL26AUG032040_TB,Baseball,Moneyline,Finalized,0,18811.59,0.98,0,0.97
2026-08-03,UDXMLBGAMEWIN_LADCHC26AUG032005_CHC,Baseball,Moneyline,Finalized,0,18656.16,0.98,0,0.98
2026-08-03,UDXMLBTOTAL_SDARI26AUG032140_6.5,Baseball,Total,Finalized,8167,18195,0.64,0,0.19
2026-08-03,UDXWNBATOTAL_PHXCHI2026AUG03_186.5,Basketball (pro),Total,Finalized,0,17242,0.98,0,0.98
2026-08-03,UDXMLBTOTAL_WASPHI26AUG031840_9.5,Baseball,Total,Finalized,0,16899,0.63,0,0.08
2026-08-03,UDXMLBGAMEWIN_PITMIL26AUG031940_PIT,Baseball,Moneyline,Finalized,0,16489,0.95,0,0.95
2026-08-03,UDXMLBGAMEWIN_TORHOU26AUG032010_TOR,Baseball,Moneyline,Finalized,0,15235.48,0.98,0,0.98
2026-08-03,UDXMLBTOTAL_SDARI26AUG032140_5.5,Baseball,Total,Finalized,6431,15125,0.79,0,0.24
2026-08-03,UDXMLBGAMEWIN_SFTEX26AUG032005_SF,Baseball,Moneyline,Finalized,0,14536.04,0.98,0,0.98
2026-08-03,UDXMLBTOTAL_LADCHC26AUG032005_11.5,Baseball,Total,Finalized,0,14185,0.92,0,0.88
2026-08-03,UDXMLBSPREAD_SDARI26AUG032140_SD1.5,Baseball,Spread,Finalized,7890,12448,0.38,0,0.06
2026-08-03,UDXMLBTOTAL_TBCOL26AUG032040_15.5,Baseball,Total,Finalized,0,12229,0.78,0,0.69
2026-08-03,UDXMLBTOTAL_SDARI26AUG032140_4.5,Baseball,Total,Finalized,6639,12136,0.83,0,0.52
2026-08-03,UDXWNBATOTAL_SEANY2026AUG03_182.5,Basketball (pro),Total,Finalized,0,11260,0.79,0,0.19
2026-08-03,UDXMLBTOTAL_PITMIL26AUG031940_8.5,Baseball,Total,Finalized,0,10849,0.8,0,0.24
2026-08-03,UDXMLBTOTAL_SDARI26AUG032140_8.5,Baseball,Total,Finalized,4401,10423,0.56,0,0.05
2026-08-03,UDXMLBSPREAD_STLNYY26AUG031905_NYY1.5,Baseball,Spread,Finalized,0,9958,0.53,0,0.26
2026-08-03,UDXMLBSPREAD_LADCHC26AUG032005_CHC2.5,Baseball,Spread,Finalized,0,9396,0.86,0,0.86
2026-08-03,UDXWNBASPREAD_PHXCHI2026AUG03_PHX6.5,Basketball (pro),Spread,Finalized,0,9261,0.6,0,0.08
2026-08-03,UDXMLBSPREAD_PITMIL26AUG031940_MIL1.5,Baseball,Spread,Finalized,0,9259,0.45,0,0.04
2026-08-03,UDXWNBATOTAL_PHXCHI2026AUG03_180.5,Basketball (pro),Total,Finalized,0,8990,0.98,0,0.98
2026-08-03,UDXMLBTOTAL_STLNYY26AUG031905_12.5,Baseball,Total,Finalized,0,8883,0.79,0,0.77
2026-08-03,UDXWNBAGAMEWIN_LVATL2026AUG03_ATL,Basketball (pro),Moneyline,Finalized,0,8316,0.64,0,0.02
2026-08-03,UDXMLBTOTAL_TORHOU26AUG032010_4.5,Baseball,Total,Finalized,0,8206,0.9,0,0.15
2026-08-03,UDXMLBTOTAL_STLNYY26AUG031905_10.5,Baseball,Total,Finalized,0,8072,0.83,0,0.56
2026-08-03,UDXMLBSPREAD_SDARI26AUG032140_ARI3.5,Baseball,Spread,Finalized,3409,7682,0.47,0,0.11
2026-08-03,UDXMLBTOTAL_LADCHC26AUG032005_7.5,Baseball,Total,Finalized,0,7559,0.96,0,0.96
2026-08-03,UDXMLBGAMEWIN_TBCOL26AUG032040_COL,Baseball,Moneyline,Finalized,0,7551,0.41,0,0.02
2026-08-03,UDXMLBSPREAD_SDARI26AUG032140_ARI2.5,Baseball,Spread,Finalized,3080,6931,0.69,0,0.33
2026-08-03,UDXMLBTOTAL_WASPHI26AUG031840_8.5,Baseball,Total,Finalized,0,6632,0.62,0,0.43
2026-08-03,UDXMLBTOTAL_TORHOU26AUG032010_9.5,Baseball,Total,Finalized,0,6349,0.48,0,0.03
2026-08-03,UDXMLBSPREAD_SDARI26AUG032140_ARI1.5,Baseball,Spread,Finalized,1646,6275,0.83,0,0.82
2026-08-03,UDXMLBSPREAD_LADCHC26AUG032005_LAD1.5,Baseball,Spread,Finalized,0,6258,0.73,0,0.03
2026-08-03,UDXMLBTOTAL_STLNYY26AUG031905_8.5,Baseball,Total,Finalized,0,6227,0.73,0,0.71
2026-08-03,UDXWNBASPREAD_PHXCHI2026AUG03_PHX1.5,Basketball (pro),Spread,Finalized,0,6100,0.92,0,0.92
2026-08-03,UDXWNBAGAMEWIN_SEANY2026AUG03_NY,Basketball (pro),Moneyline,Finalized,0,6038.51,0.98,0,0.98
2026-08-03,UDXMLBSPREAD_WASPHI26AUG031840_PHI1.5,Baseball,Spread,Finalized,0,5688,0.95,0,0.95
2026-08-03,UDXWNBASPREAD_PHXCHI2026AUG03_CHI3.5,Basketball (pro),Spread,Finalized,0,5396,0.7,0,0.05
2026-08-03,UDXMLBTOTAL_SDARI26AUG032140_12.5,Baseball,Total,Finalized,5199,5349,0.22,0,0.03
2026-08-03,UDXMLBTOTAL_WASPHI26AUG031840_13.5,Baseball,Total,Finalized,0,5244,0.2,0,0.06
2026-08-03,UDXMLBTOTAL_TORHOU26AUG032010_7.5,Baseball,Total,Finalized,0,5104,0.66,0,0.05
2026-08-03,UDXWNBATOTAL_LVATL2026AUG03_178.5,Basketball (pro),Total,Finalized,0,5071,0.91,0,0.91
2026-08-03,UDXWNBATOTAL_SEANY2026AUG03_176.5,Basketball (pro),Total,Finalized,0,4879,0.93,0,0.79
2026-08-03,UDXMLBTOTAL_PITMIL26AUG031940_12.5,Baseball,Total,Finalized,0,4664,0.22,0,0.21
2026-08-03,UDXMLBTOTAL_SFTEX26AUG032005_8.5,Baseball,Total,Finalized,0,4655,0.52,0,0.07
2026-08-03,UDXMLBTOTAL_SDARI26AUG032140_7.5,Baseball,Total,Finalized,2526,4636,0.62,0,0.23
2026-08-03,UDXMLBTOTAL_SFTEX26AUG032005_5.5,Baseball,Total,Finalized,0,4519,0.69,0,0.14
2026-08-03,UDXWNBATOTAL_LVATL2026AUG03_193.5,Basketball (pro),Total,Finalized,0,4441,0.83,0,0.83
2026-08-03,UDXWNBATOTAL_SEANY2026AUG03_179.5,Basketball (pro),Total,Finalized,0,4350,0.83,0,0.52
2026-08-03,UDXWNBATOTAL_SEANY2026AUG03_185.5,Basketball (pro),Total,Finalized,0,4331.18,0.58,0,0.05
2026-08-03,UDXMLBSPREAD_TBCOL26AUG032040_TB6.5,Baseball,Spread,Finalized,0,4308,0.8,0,0.48
2026-08-03,UDXWNBATOTAL_LVATL2026AUG03_181.5,Basketball (pro),Total,Finalized,0,4284,0.94,0,0.94
2026-08-03,UDXMLBSPREAD_PITMIL26AUG031940_PIT2.5,Baseball,Spread,Finalized,0,4217,0.61,0,0.1
2026-08-03,UDXMLBSPREAD_TORHOU26AUG032010_HOU1.5,Baseball,Spread,Finalized,0,4128,0.45,0,0.09
2026-08-03,UDXWNBASPREAD_SEANY2026AUG03_NY9.5,Basketball (pro),Spread,Finalized,0,4050,0.87,0,0.69
2026-08-03,UDXWNBASPREAD_PHXCHI2026AUG03_PHX3.5,Basketball (pro),Spread,Finalized,0,3981,0.65,0,0.2
2026-08-03,UDXMLBTOTAL_SDARI26AUG032140_3.5,Baseball,Total,Finalized,0,3836,0.94,0,0.77
2026-08-03,UDXMLBTOTAL_WASPHI26AUG031840_10.5,Baseball,Total,Finalized,0,3826,0.53,0,0.18
2026-08-03,UDXMLBTOTAL_STLNYY26AUG031905_7.5,Baseball,Total,Finalized,0,3805,0.9,0,0.87
2026-08-03,UDXWNBATOTAL_LVATL2026AUG03_184.5,Basketball (pro),Total,Finalized,0,3734,0.95,0,0.95
2026-08-03,UDXMLBTOTAL_TBCOL26AUG032040_14.5,Baseball,Total,Finalized,0,3613,0.88,0,0.79
2026-08-03,UDXMLBTOTAL_TORHOU26AUG032010_6.5,Baseball,Total,Finalized,0,3611,0.73,0,0.05
2026-08-03,UDXMLBSPREAD_LADCHC26AUG032005_CHC1.5,Baseball,Spread,Finalized,0,3586,0.97,0,0.97
2026-08-03,UDXMLBTOTAL_PITMIL26AUG031940_9.5,Baseball,Total,Finalized,0,3507,0.55,0,0.48
2026-08-03,UDXMLBSPREAD_PITMIL26AUG031940_PIT1.5,Baseball,Spread,Finalized,0,3370,0.78,0,0.03
2026-08-03,UDXMLBTOTAL_TORHOU26AUG032010_8.5,Baseball,Total,Finalized,0,3353,0.58,0,0.27
2026-08-03,UDXMLBTOTAL_LADCHC26AUG032005_10.5,Baseball,Total,Finalized,0,3310,0.95,0,0.91
2026-08-03,UDXMLBSPREAD_TBCOL26AUG032040_TB1.5,Baseball,Spread,Finalized,0,3292,0.97,0,0.97
2026-08-03,UDXWNBASPREAD_SEANY2026AUG03_NY12.5,Basketball (pro),Spread,Finalized,0,3249,0.77,0,0.3
2026-08-03,UDXWNBASPREAD_LVATL2026AUG03_ATL1.5,Basketball (pro),Spread,Finalized,0,3146,0.55,0,0.05
2026-08-03,UDXWNBATOTAL_LVATL2026AUG03_187.5,Basketball (pro),Total,Finalized,0,3014,0.89,0,0.8
2026-08-03,UDXMLBSPREAD_TBCOL26AUG032040_TB4.5,Baseball,Spread,Finalized,0,2861,0.81,0,0.4
2026-08-03,UDXMLBTOTAL_TBCOL26AUG032040_11.5,Baseball,Total,Finalized,0,2755,0.88,0,0.76
2026-08-03,UDXWNBATOTAL_SEANY2026AUG03_194.5,Basketball (pro),Total,Finalized,0,2709,0.37,0,0.32
2026-08-03,UDXMLBSPREAD_WASPHI26AUG031840_WAS2.5,Baseball,Spread,Finalized,0,2670,0.59,0,0.02
2026-08-03,UDXMLBTOTAL_SDARI26AUG032140_9.5,Baseball,Total,Finalized,551,2583,0.43,0,0.04
2026-08-03,UDXMLBSPREAD_STLNYY26AUG031905_STL2.5,Baseball,Spread,Finalized,0,2532,0.93,0,0.93
2026-08-03,UDXMLBSPREAD_TORHOU26AUG032010_TOR1.5,Baseball,Spread,Finalized,0,2530,0.82,0,0.79
2026-08-03,UDXMLBTOTAL_TORHOU26AUG032010_5.5,Baseball,Total,Finalized,0,2392,0.79,0,0.07
2026-08-03,UDXMLBTOTAL_PITMIL26AUG031940_7.5,Baseball,Total,Finalized,0,2312,0.81,0,0.12
2026-08-03,UDXMLBTOTAL_WASPHI26AUG031840_7.5,Baseball,Total,Finalized,0,2284,0.66,0,0.54
2026-08-03,UDXMLBTOTAL_STLNYY26AUG031905_13.5,Baseball,Total,Finalized,0,2229,0.88,0,0.88
2026-08-03,UDXMLBTOTAL_TBCOL26AUG032040_13.5,Baseball,Total,Finalized,0,2228,0.79,0,0.75
2026-08-03,UDXWNBATOTAL_PHXCHI2026AUG03_183.5,Basketball (pro),Total,Finalized,0,2223,0.91,0,0.9
2026-08-03,UDXMLBTOTAL_TBCOL26AUG032040_12.5,Baseball,Total,Finalized,0,2133,0.89,0,0.89
2026-08-03,UDXMLBTOTAL_TORHOU26AUG032010_11.5,Baseball,Total,Finalized,0,2100,0.12,0,0.12
2026-08-03,UDXMLBTOTAL_SFTEX26AUG032005_7.5,Baseball,Total,Finalized,0,2039,0.64,0,0.12
2026-08-03,UDXMLBTOTAL_STLNYY26AUG031905_2.5,Baseball,Total,Finalized,0,2004,0.95,0,0.95
2026-08-03,UDXMLBSPREAD_SFTEX26AUG032005_TEX1.5,Baseball,Spread,Finalized,0,1954,0.36,0,0.36
2026-08-03,UDXMLBSPREAD_WASPHI26AUG031840_PHI2.5,Baseball,Spread,Finalized,0,1915.76,0.82,0,0.81
2026-08-03,UDXWNBASPREAD_LVATL2026AUG03_ATL3.5,Basketball (pro),Spread,Finalized,0,1875,0.53,0,0.03
2026-08-03,UDXMLBSPREAD_STLNYY26AUG031905_STL1.5,Baseball,Spread,Finalized,0,1864,0.96,0,0.96
2026-08-03,UDXMLBSPREAD_WASPHI26AUG031840_WAS1.5,Baseball,Spread,Finalized,0,1762,0.76,0,0.1
2026-08-03,UDXMLBSPREAD_LADCHC26AUG032005_LAD3.5,Baseball,Spread,Finalized,0,1712,0.53,0,0.1
2026-08-03,UDXWNBASPREAD_PHXCHI2026AUG03_CHI1.5,Basketball (pro),Spread,Finalized,0,1629,0.76,0,0.12
2026-08-03,UDXWNBATOTAL_LVATL2026AUG03_190.5,Basketball (pro),Total,Finalized,0,1627,0.88,0,0.88
2026-08-03,UDXMLBTOTAL_STLNYY26AUG031905_9.5,Baseball,Total,Finalized,0,1621,0.83,0,0.83
2026-08-03,UDXMLBSPREAD_SFTEX26AUG032005_SF2.5,Baseball,Spread,Finalized,0,1609,0.81,0,0.81
2026-08-03,UDXMLBTOTAL_SFTEX26AUG032005_4.5,Baseball,Total,Finalized,0,1601,0.81,0,0.71
2026-08-03,UDXMLBTOTAL_LADCHC26AUG032005_2.5,Baseball,Total,Finalized,0,1584,0.95,0,0.95
2026-08-03,UDXMLBSPREAD_SFTEX26AUG032005_SF3.5,Baseball,Spread,Finalized,0,1579,0.81,0,0.79
2026-08-03,UDXWNBASPREAD_PHXCHI2026AUG03_CHI6.5,Basketball (pro),Spread,Finalized,0,1571,0.46,0,0.02
2026-08-03,UDXWNBATOTAL_SEANY2026AUG03_191.5,Basketball (pro),Total,Finalized,0,1484,0.51,0,0.03
2026-08-03,UDXMLBTOTAL_SFTEX26AUG032005_9.5,Baseball,Total,Finalized,0,1426,0.4,0,0.05
2026-08-03,UDXWNBATOTAL_SEANY2026AUG03_188.5,Basketball (pro),Total,Finalized,0,1377,0.65,0,0.09
2026-08-03,UDXMLBSPREAD_TBCOL26AUG032040_TB3.5,Baseball,Spread,Finalized,0,1352,0.85,0,0.85
2026-08-03,UDXWNBATOTAL_SEANY2026AUG03_173.5,Basketball (pro),Total,Finalized,0,1350,0.97,0,0.97
2026-08-03,UDXMLBTOTAL_TBCOL26AUG032040_10.5,Baseball,Total,Finalized,0,1335,0.93,0,0.93
2026-08-03,UDXWNBASPREAD_LVATL2026AUG03_LV12.5,Basketball (pro),Spread,Finalized,0,1286,0.98,0,0.98
2026-08-03,UDXMLBSPREAD_LADCHC26AUG032005_CHC3.5,Baseball,Spread,Finalized,0,1255,0.79,0,0.79
2026-08-03,UDXWNBASPREAD_SEANY2026AUG03_NY6.5,Basketball (pro),Spread,Finalized,0,1238,0.57,0,0.55
2026-08-03,UDXWNBASPREAD_SEANY2026AUG03_NY18.5,Basketball (pro),Spread,Finalized,0,1236,0.43,0,0.14
2026-08-03,UDXMLBGAMEWIN_CWSBOS26AUG041910_BOS,Baseball,Moneyline,Finalized,866,1165,0.59,0,0.54
2026-08-03,UDXWNBASPREAD_PHXCHI2026AUG03_PHX9.5,Basketball (pro),Spread,Finalized,0,1164,0.47,0,0.13
2026-08-03,UDXMLBTOTAL_SFTEX26AUG032005_6.5,Baseball,Total,Finalized,0,1161,0.72,0,0.22
2026-08-03,UDXMLBTOTAL_LADCHC26AUG032005_9.5,Baseball,Total,Finalized,0,1121,0.87,0,0.85
2026-08-03,UDXMLBTOTAL_SFTEX26AUG032005_2.5,Baseball,Total,Finalized,0,1007,0.96,0,0.96
2026-08-03,UDXMLBSPREAD_TBCOL26AUG032040_TB2.5,Baseball,Spread,Finalized,0,1004,0.95,0,0.95
2026-08-03,UDXMLBTOTAL_WASPHI26AUG031840_6.5,Baseball,Total,Finalized,0,998,0.75,0,0.36
2026-08-03,UDXWNBASPREAD_LVATL2026AUG03_LV1.5,Basketball (pro),Spread,Finalized,0,998,0.53,0,0.43
2026-08-03,UDXMLBTOTAL_PITMIL26AUG031940_6.5,Baseball,Total,Finalized,0,951,0.82,0,0.82
2026-08-03,UDXMLBSPREAD_SFTEX26AUG032005_SF4.5,Baseball,Spread,Finalized,0,942,0.79,0,0.69
2026-08-03,UDXWNBATOTAL_PHXCHI2026AUG03_177.5,Basketball (pro),Total,Finalized,0,917,0.98,0,0.98
2026-08-03,UDXWNBASPREAD_LVATL2026AUG03_LV6.5,Basketball (pro),Spread,Finalized,0,909,0.98,0,0.98
2026-08-03,UDXMLBGAMEWIN_LAABAL26AUG041835_BAL,Baseball,Moneyline,Finalized,733,905,0.58,0,0.56
2026-08-03,UDXMLBSPREAD_STLNYY26AUG031905_STL5.5,Baseball,Spread,Finalized,0,878,0.92,0,0.92
2026-08-03,UDXCOMBO-7452358346575245165,Other,Combo-7452358346575245165,Finalized,0,837.5,0.06,0,0.06
2026-08-03,UDXMLBSPREAD_WASPHI26AUG031840_WAS3.5,Baseball,Spread,Finalized,0,810,0.38,0,0.05
2026-08-03,UDXMLBTOTAL_STLNYY26AUG031905_11.5,Baseball,Total,Finalized,0,774,0.77,0,0.77
2026-08-03,UDXWNBASPREAD_LVATL2026AUG03_LV3.5,Basketball (pro),Spread,Finalized,0,711,0.97,0,0.97
2026-08-03,UDXMLBSPREAD_PITMIL26AUG031940_PIT3.5,Baseball,Spread,Finalized,0,709,0.48,0,0.48
2026-08-03,UDXWNBAGAMEWIN_TORGSV2026AUG04_TOR,Basketball (pro),Moneyline,Finalized,699,699,0.14,0,0.14
2026-08-03,UDXWNBASPREAD_LVATL2026AUG03_ATL6.5,Basketball (pro),Spread,Finalized,0,690,0.36,0,0.36
2026-08-03,UDXMLBSPREAD_SFTEX26AUG032005_SF1.5,Baseball,Spread,Finalized,0,678,0.93,0,0.93
2026-08-03,UDXMLBTOTAL_PITMIL26AUG031940_10.5,Baseball,Total,Finalized,0,649,0.41,0,0.33
2026-08-03,UDXMLBTOTAL_WASPHI26AUG031840_4.5,Baseball,Total,Finalized,0,616,0.9,0,0.68
2026-08-03,UDXMLBSPREAD_SFTEX26AUG032005_SF5.5,Baseball,Spread,Finalized,0,600,0.35,0,0.35
2026-08-03,UDXMLBSPREAD_STLNYY26AUG031905_STL4.5,Baseball,Spread,Finalized,0,577,0.79,0,0.76
2026-08-03,UDXWNBASPREAD_PHXCHI2026AUG03_CHI9.5,Basketball (pro),Spread,Finalized,0,541,0.22,0,0.2
2026-08-03,UDXCOMBO-8467749874695871170,Other,Combo-8467749874695871170,Finalized,0,534.08,0.09,0,0.09
2026-08-03,UDXWNBASPREAD_SEANY2026AUG03_NY15.5,Basketball (pro),Spread,Finalized,0,532,0.59,0,0.05
2026-08-03,UDXMLBSPREAD_TBCOL26AUG032040_TB7.5,Baseball,Spread,Finalized,0,531,0.74,0,0.74
2026-08-03,UDXMLBTOTAL_WASPHI26AUG031840_5.5,Baseball,Total,Finalized,0,530,0.82,0,0.45
2026-08-03,UDXMLBSPREAD_TBCOL26AUG032040_TB8.5,Baseball,Spread,Finalized,0,518,0.46,0,0.07
2026-08-03,UDXMLBSPREAD_LADCHC26AUG032005_LAD2.5,Baseball,Spread,Finalized,0,442,0.64,0,0.36
2026-08-03,UDXMLBGAMEWIN_NYMCLE26AUG041840_CLE,Baseball,Moneyline,Finalized,422,399,0.58,0,0.58
2026-08-03,UDXMLBGAMEWIN_MIAATL26AUG041915_ATL,Baseball,Moneyline,Finalized,379,399,0.57,0,0.57
2026-08-03,UDXMLBSPREAD_TORHOU26AUG032010_TOR2.5,Baseball,Spread,Finalized,0,396,0.59,0,0.14
2026-08-03,UDXWNBATOTAL_LVATL2026AUG03_175.5,Basketball (pro),Total,Finalized,0,375,0.95,0,0.95
2026-08-03,UDXWNBASPREAD_LVATL2026AUG03_ATL9.5,Basketball (pro),Spread,Finalized,0,360,0.25,0,0.02
2026-08-03,UDXMLBSPREAD_PITMIL26AUG031940_MIL3.5,Baseball,Spread,Finalized,0,353,0.22,0,0.22
2026-08-03,UDXWNBATOTAL_PHXCHI2026AUG03_174.5,Basketball (pro),Total,Finalized,0,342,0.74,0,0.74
2026-08-03,UDXMLBGAMEWIN_MINKAN26AUG041940_KAN,Baseball,Moneyline,Finalized,317,317,0.44,0,0.43
2026-08-03,UDXWNBATOTAL_TORGSV2026AUG04_169.5,Basketball (pro),Total,Finalized,289,305,0.48,0,0.46
2026-08-03,UDXWNBASPREAD_LVATL2026AUG03_LV9.5,Basketball (pro),Spread,Finalized,0,303,0.51,0,0.51
2026-08-03,UDXMLBSPREAD_TBCOL26AUG032040_TB5.5,Baseball,Spread,Finalized,0,286,0.79,0,0.15
2026-08-03,UDXMLBGAMEWIN_MINKAN26AUG041940_MIN,Baseball,Moneyline,Finalized,278,278,0.58,0,0.58
2026-08-03,UDXWNBASPREAD_SEANY2026AUG03_NY21.5,Basketball (pro),Spread,Finalized,0,246,0.2,0,0.2
2026-08-03,UDXMLBGAMEWIN_PITMIL26AUG041940_MIL,Baseball,Moneyline,Finalized,224,224,0.6,0,0.6
2026-08-03,UDXCOMBO-14152958817201579211,Other,Combo-14152958817201579211,Finalized,0,214.52,0.22,0,0.22
2026-08-03,UDXMLBTOTAL_TBCOL26AUG032040_6.5,Baseball,Total,Finalized,0,202,0.92,0,0.92
2026-08-03,UDXMLBSPREAD_TORHOU26AUG032010_TOR3.5,Baseball,Spread,Finalized,0,199,0.44,0,0.44
2026-08-03,UDXWNBATOTAL_SEANY2026AUG03_170.5,Basketball (pro),Total,Finalized,0,182,0.82,0,0.82
2026-08-03,UDXMLBSPREAD_SFTEX26AUG042005_TEX1.5,Baseball,Spread,Finalized,179,179,0.45,0,0.45
2026-08-03,UDXMLBGAMEWIN_CWSBOS26AUG041910_CWS,Baseball,Moneyline,Finalized,173,173,0.47,0,0.47
2026-08-03,UDXMLBSPREAD_STLNYY26AUG031905_NYY3.5,Baseball,Spread,Finalized,0,168,0.28,0,0.28
2026-08-03,UDXMLBTOTAL_WASPHI26AUG031840_3.5,Baseball,Total,Finalized,0,157,0.85,0,0.85
2026-08-03,UDXMLBSPREAD_STLNYY26AUG031905_NYY2.5,Baseball,Spread,Finalized,0,156,0.06,0,0.06
2026-08-03,UDXMLBSPREAD_TBCOL26AUG032040_COL1.5,Baseball,Spread,Finalized,0,152,0.25,0,0.25
2026-08-03,UDXMLBGAMEWIN_LADCHC26AUG042005_LAD,Baseball,Moneyline,Finalized,147,147,0.66,0,0.66
2026-08-03,UDXMLBGAMEWIN_STLNYY26AUG041905_NYY,Baseball,Moneyline,Finalized,142,142,0.61,0,0.61
2026-08-03,UDXMLBGAMEWIN_OAKCIN26AUG041840_OAK,Baseball,Moneyline,Finalized,139,139,0.45,0,0.45
2026-08-03,UDXMLBTOTAL_SDARI26AUG032140_10.5,Baseball,Total,Finalized,0,124,0.04,0,0.04
2026-08-03,UDXMLBTOTAL_WASPHI26AUG031840_12.5,Baseball,Total,Finalized,0,122,0.24,0,0.16
2026-08-03,UDXMLBTOTAL_SFTEX26AUG032005_12.5,Baseball,Total,Finalized,0,121,0.17,0,0.17
2026-08-03,UDXWNBASPREAD_SEANY2026AUG03_NY3.5,Basketball (pro),Spread,Finalized,0,120,0.87,0,0.87
2026-08-03,UDXMLBGAMEWIN_SFTEX26AUG042005_TEX,Baseball,Moneyline,Finalized,112,112,0.65,0,0.65
2026-08-03,UDXMLBTOTAL_TORHOU26AUG032010_10.5,Baseball,Total,Finalized,0,111,0.25,0,0.25
2026-08-03,UDXWNBATOTAL_PHXCHI2026AUG03_168.5,Basketball (pro),Total,Finalized,0,111,0.75,0,0.75
2026-08-03,UDXWNBASPREAD_PHXCHI2026AUG03_CHI12.5,Basketball (pro),Spread,Finalized,0,104,0.18,0,0.11
2026-08-03,UDXMLBTOTAL_TBCOL26AUG032040_5.5,Baseball,Total,Finalized,0,89,0.89,0,0.89
2026-08-03,UDXWNBATOTAL_LVATL2026AUG03_172.5,Basketball (pro),Total,Finalized,0,88,0.89,0,0.89
2026-08-03,UDXCOMBO-9456052600310694687,Other,Combo-9456052600310694687,Finalized,0,74.92,0.06,0,0.06
2026-08-03,UDXMLBTOTAL_WASPHI26AUG031840_11.5,Baseball,Total,Finalized,0,73,0.3,0,0.05
2026-08-03,UDXMLBTOTAL_STLNYY26AUG031905_3.5,Baseball,Total,Finalized,0,72,0.9,0,0.9
2026-08-03,UDXCOMBO-15450136290845574966,Other,Combo-15450136290845574966,Finalized,0,57.95,0.16,0,0.16
2026-08-03,UDXWNBASPREAD_SEANY2026AUG03_SEA6.5,Basketball (pro),Spread,Finalized,0,56,0.12,0,0.12
2026-08-03,UDXMLBGAMEWIN_TORHOU26AUG042010_HOU,Baseball,Moneyline,Finalized,54,54,0.55,0,0.55
2026-08-03,UDXWNBAGAMEWIN_PHXATL2026AUG05_PHX,Basketball (pro),Moneyline,Finalized,54,54,0.35,0,0.35
2026-08-03,UDXWNBASPREAD_TORGSV2026AUG04_GSV9.5,Basketball (pro),Spread,Finalized,52,52,0.61,0,0.6
2026-08-03,UDXMLBTOTAL_SFTEX26AUG032005_3.5,Baseball,Total,Finalized,0,52,0.82,0,0.82
2026-08-03,UDXMLBTOTAL_LADCHC26AUG032005_6.5,Baseball,Total,Finalized,0,49,0.66,0,0.66
2026-08-03,UDXMLBGAMEWIN_TORHOU26AUG042010_TOR,Baseball,Moneyline,Finalized,46,46,0.46,0,0.46
2026-08-03,UDXMLBGAMEWIN_LAABAL26AUG041835_LAA,Baseball,Moneyline,Finalized,45,45,0.45,0,0.45
2026-08-03,UDXMLBTOTAL_PITMIL26AUG031940_5.5,Baseball,Total,Finalized,0,45,0.88,0,0.88
2026-08-03,UDXWNBATOTAL_LVATL2026AUG03_169.5,Basketball (pro),Total,Finalized,0,44,0.95,0,0.95
2026-08-03,UDXMLBGAMEWIN_MIAATL26AUG041915_MIA,Baseball,Moneyline,Finalized,43,43,0.44,0,0.44
2026-08-03,UDXWNBASPREAD_TORGSV2026AUG04_GSV12.5,Basketball (pro),Spread,Finalized,35,35,0.52,0,0.52
2026-08-03,UDXMLBSPREAD_TORHOU26AUG032010_HOU2.5,Baseball,Spread,Finalized,0,32,0.29,0,0.29
2026-08-03,UDXMLBSPREAD_SDARI26AUG032140_ARI5.5,Baseball,Spread,Finalized,30,30,0.22,0,0.22
2026-08-03,UDXMLBTOTAL_TORHOU26AUG032010_3.5,Baseball,Total,Finalized,0,26,0.96,0,0.96
2026-08-03,UDXCOMBO-5405869456594869350,Other,Combo-5405869456594869350,Finalized,0,25.36,0.34,0,0.34
2026-08-03,UDXMLBGAMEWIN_NYMCLE26AUG041840_NYM,Baseball,Moneyline,Finalized,24,24,0.47,0,0.43
2026-08-03,UDXMLBSPREAD_STLNYY26AUG031905_STL6.5,Baseball,Spread,Finalized,0,24,0.19,0,0.19
2026-08-03,UDXMLBTOTAL_PITMIL26AUG031940_11.5,Baseball,Total,Finalized,0,24,0.2,0,0.2
2026-08-03,UDXWNBAGAMEWIN_SEANY2026AUG05_NY,Basketball (pro),Moneyline,Finalized,0,24,0.8,0,0.77
2026-08-03,UDXMLBSPREAD_MINKAN26AUG041940_MIN1.5,Baseball,Spread,Finalized,22,22,0.45,0,0.45
2026-08-03,UDXCOMBO-12620085018800483480,Other,Combo-12620085018800483480,Finalized,0,21.53,0.45,0,0.45
2026-08-03,UDXMLBGAMEWIN_STLNYY26AUG041905_STL,Baseball,Moneyline,Finalized,19,19,0.4,0,0.4
2026-08-03,UDXMLBTOTAL_OAKCIN26AUG041840_9.5,Baseball,Total,Finalized,17,19,0.48,0,0.48
2026-08-03,UDXWNBAGAMEWIN_TORGSV2026AUG04_GSV,Basketball (pro),Moneyline,Finalized,18,18,0.88,0,0.87
2026-08-03,UDXMLBGAMEWIN_OAKCIN26AUG041840_CIN,Baseball,Moneyline,Finalized,17,17,0.57,0,0.57
2026-08-03,UDXWNBASPREAD_SEANY2026AUG03_NY1.5,Basketball (pro),Spread,Finalized,0,17,0.72,0,0.72
2026-08-03,UDXCOMBO-16134305574386039402,Other,Combo-16134305574386039402,Finalized,14.47,14.47,0.33,0,0.33
2026-08-03,UDXMLBTOTAL_TBCOL26AUG032040_8.5,Baseball,Total,Finalized,0,14,0.75,0,0.75
2026-08-03,UDXCOMBO-17022515205400044000,Other,Combo-17022515205400044000,Finalized,0,7.59,0.38,0,0.38
2026-08-03,UDXMLBSPREAD_SDARI26AUG032140_SD2.5,Baseball,Spread,Finalized,6,6,0.28,0,0.28
2026-08-03,UDXMLBTOTAL_TBCOL26AUG032040_9.5,Baseball,Total,Finalized,0,6,0.65,0,0.65
2026-08-03,UDXCOMBO-14535798446243057032,Other,Combo-14535798446243057032,Finalized,0,5.36,0.36,0,0.22
2026-08-03,UDXMLBSPREAD_TORHOU26AUG042010_HOU1.5,Baseball,Spread,Finalized,5,5,0.37,0,0.37
2026-08-03,UDXMLBSPREAD_OAKCIN26AUG041840_CIN1.5,Baseball,Spread,Finalized,4,4,0.38,0,0.38
2026-08-03,UDXMLBSPREAD_PITMIL26AUG041940_MIL1.5,Baseball,Spread,Finalized,4,4,0.4,0,0.4
2026-08-03,UDXCOMBO-11470918481020348619,Other,Combo-11470918481020348619,Finalized,3.76,3.76,0.25,0,0.25
2026-08-03,UDXCOMBO-11784636166437971357,Other,Combo-11784636166437971357,Finalized,3.06,3.06,0.31,0,0.31
2026-08-03,UDXWNBATOTAL_TORGSV2026AUG04_166.5,Basketball (pro),Total,Finalized,3,3,0.55,0,0.55
2026-08-03,UDXMLBSPREAD_STLNYY26AUG031905_STL3.5,Baseball,Spread,Finalized,0,3,0.63,0,0.63
2026-08-03,UDXCOMBO-16196351074905278666,Other,Combo-16196351074905278666,Finalized,0,2.24,0.43,0,0.43
2026-08-03,UDXMLBTOTAL_LAABAL26AUG041835_5.5,Baseball,Total,Finalized,2,2,0.78,0,0.78
2026-08-03,UDXMLBTOTAL_LADCHC26AUG032005_5.5,Baseball,Total,Finalized,0,1,0.73,0,0.73
2026-08-03,UDXCOMBO-495442530012504872,Other,Combo-495442530012504872,Finalized,38.61,0,0,0,
2026-08-03,UDXCOMBO-9116051268982608603,Other,Combo-9116051268982608603,Finalized,18.55,0,0,0,
2026-08-03,UDXCOMBO-10759993416751795779,Other,Combo-10759993416751795779,Finalized,14.43,0,0,0,
2026-08-04,UDXWNBAGAMEWIN_TORGSV2026AUG04_TOR,Basketball (pro),Moneyline,Finalized,54285.25,79624.25,0.53,0,0.03
2026-08-04,UDXMLBGAMEWIN_LADCHC26AUG042005_LAD,Baseball,Moneyline,Finalized,0,64820.98,0.75,0,0.02
2026-08-04,UDXMLBGAMEWIN_TBCOL26AUG042040_COL,Baseball,Moneyline,Finalized,19392.62,53004.62,0.94,0,0.03
2026-08-04,UDXMLBGAMEWIN_TBCOL26AUG042040_TB,Baseball,Moneyline,Finalized,30170,51700.9,0.98,0,0.97
2026-08-04,UDXMLBTOTAL_DETSEA26AUG042140_8.5,Baseball,Total,Finalized,48169,49957,0.44,0,0.4
2026-08-04,UDXMLBGAMEWIN_LADCHC26AUG042005_CHC,Baseball,Moneyline,Finalized,0,40219.49,0.98,0,0.98
2026-08-04,UDXMLBGAMEWIN_SFTEX26AUG042005_SF,Baseball,Moneyline,Finalized,0,33551,0.45,0,0.39
2026-08-04,UDXMLBGAMEWIN_SDARI26AUG042140_ARI,Baseball,Moneyline,Finalized,21940,28570,0.56,0,0.08
2026-08-04,UDXMLBGAMEWIN_MIAATL26AUG041915_ATL,Baseball,Moneyline,Finalized,0,28261,0.98,0,0.93
2026-08-04,UDXMLBGAMEWIN_CWSBOS26AUG041910_BOS,Baseball,Moneyline,Finalized,0,27081.04,0.98,0,0.98
2026-08-04,UDXWNBAGAMEWIN_TORGSV2026AUG04_GSV,Basketball (pro),Moneyline,Finalized,17552.78,24754.78,0.98,0,0.98
2026-08-04,UDXMLBGAMEWIN_PITMIL26AUG041940_MIL,Baseball,Moneyline,Finalized,0,24724,0.96,0,0.96
2026-08-04,UDXMLBGAMEWIN_NYMCLE26AUG041840_CLE,Baseball,Moneyline,Finalized,0,24580,0.72,0,0.03
2026-08-04,UDXMLBGAMEWIN_CWSBOS26AUG041910_CWS,Baseball,Moneyline,Finalized,0,23186,0.47,0,0.03
2026-08-04,UDXMLBGAMEWIN_OAKCIN26AUG041840_CIN,Baseball,Moneyline,Finalized,0,19443.68,0.91,0,0.9
2026-08-04,UDXMLBGAMEWIN_LAABAL26AUG041835_BAL,Baseball,Moneyline,Finalized,0,16488.73,0.97,0,0.97
2026-08-04,UDXMLBTOTAL_TBCOL26AUG042040_15.5,Baseball,Total,Finalized,7483,16393,0.8,0,0.71
2026-08-04,UDXWNBATOTAL_TORGSV2026AUG04_169.5,Basketball (pro),Total,Finalized,6748.05,16179.94,0.98,0,0.89
2026-08-04,UDXMLBGAMEWIN_STLNYY26AUG041905_STL,Baseball,Moneyline,Finalized,0,15341.24,0.4,0,0.04
2026-08-04,UDXMLBGAMEWIN_WASPHI26AUG041840_WAS,Baseball,Moneyline,Finalized,0,14254,0.31,0,0.02
2026-08-04,UDXMLBSPREAD_LADCHC26AUG042005_LAD1.5,Baseball,Spread,Finalized,0,13064.09,0.57,0,0.07
2026-08-04,UDXMLBGAMEWIN_SFTEX26AUG042005_TEX,Baseball,Moneyline,Finalized,0,12939,0.97,0,0.61
2026-08-04,UDXMLBGAMEWIN_LAABAL26AUG041835_LAA,Baseball,Moneyline,Finalized,0,11924.46,0.55,0,0.07
2026-08-04,UDXWNBASPREAD_TORGSV2026AUG04_GSV6.5,Basketball (pro),Spread,Finalized,2894,11412,0.92,0,0.79
2026-08-04,UDXMLBGAMEWIN_MINKAN26AUG041940_MIN,Baseball,Moneyline,Finalized,0,10775.15,0.59,0,0.04
2026-08-04,UDXWNBATOTAL_TORGSV2026AUG04_178.5,Basketball (pro),Total,Finalized,4575,9857,0.8,0,0.14
2026-08-04,UDXMLBGAMEWIN_SDARI26AUG042140_SD,Baseball,Moneyline,Finalized,5258,9824,0.98,0,0.93
2026-08-04,UDXMLBGAMEWIN_OAKCIN26AUG041840_OAK,Baseball,Moneyline,Finalized,0,9372.04,0.81,0,0.11
2026-08-04,UDXMLBTOTAL_TBCOL26AUG042040_12.5,Baseball,Total,Finalized,0,9288,0.79,0,0.71
2026-08-04,UDXMLBGAMEWIN_TORHOU26AUG042010_HOU,Baseball,Moneyline,Finalized,0,9172,0.98,0,0.98
2026-08-04,UDXMLBSPREAD_TBCOL26AUG042040_TB1.5,Baseball,Spread,Finalized,3624,8519,0.89,0,0.86
2026-08-04,UDXMLBTOTAL_SDARI26AUG032140_6.5,Baseball,Total,Finalized,0,8454,0.27,0,0.08
2026-08-04,UDXWNBASPREAD_TORGSV2026AUG04_GSV12.5,Basketball (pro),Spread,Finalized,4439.79,8380.79,0.59,0,0.14
2026-08-04,UDXMLBTOTAL_LAABAL26AUG041835_8.5,Baseball,Total,Finalized,0,8357,0.59,0,0.05
2026-08-04,UDXMLBTOTAL_LADCHC26AUG042005_5.5,Baseball,Total,Finalized,0,7958,0.69,0,0.37
2026-08-04,UDXMLBTOTAL_LAABAL26AUG041835_9.5,Baseball,Total,Finalized,0,7843,0.49,0,0.02
2026-08-04,UDXWNBATOTAL_TORGSV2026AUG04_175.5,Basketball (pro),Total,Finalized,4349,7629,0.91,0,0.36
2026-08-04,UDXMLBTOTAL_SDARI26AUG042140_7.5,Baseball,Total,Finalized,0,7544,0.91,0,0.91
2026-08-04,UDXWNBASPREAD_TORGSV2026AUG04_GSV9.5,Basketball (pro),Spread,Finalized,3184,7255,0.79,0,0.59
2026-08-04,UDXMLBGAMEWIN_TORHOU26AUG042010_TOR,Baseball,Moneyline,Finalized,0,7247,0.47,0,0.02
2026-08-04,UDXMLBTOTAL_LADCHC26AUG042005_6.5,Baseball,Total,Finalized,0,6741,0.73,0,0.06
2026-08-04,UDXMLBGAMEWIN_MINKAN26AUG041940_KAN,Baseball,Moneyline,Finalized,0,6639,0.98,0,0.98
2026-08-04,UDXMLBGAMEWIN_MIAATL26AUG041915_MIA,Baseball,Moneyline,Finalized,0,6550,0.43,0,0.05
2026-08-04,UDXMLBGAMEWIN_PITMIL26AUG041940_PIT,Baseball,Moneyline,Finalized,0,6457,0.58,0,0.05
2026-08-04,UDXWNBATOTAL_TORGSV2026AUG04_184.5,Basketball (pro),Total,Finalized,844,6403,0.63,0,0.03
2026-08-04,UDXMLBTOTAL_PITMIL26AUG041940_8.5,Baseball,Total,Finalized,0,6193,0.67,0,0.05
2026-08-04,UDXMLBTOTAL_SFTEX26AUG042005_6.5,Baseball,Total,Finalized,0,5757,0.91,0,0.34
2026-08-04,UDXMLBSPREAD_SFTEX26AUG042005_TEX1.5,Baseball,Spread,Finalized,0,5706,0.86,0,0.1
2026-08-04,UDXMLBTOTAL_TBCOL26AUG042040_16.5,Baseball,Total,Finalized,2306,5630,0.63,0,0.58
2026-08-04,UDXMLBTOTAL_PITMIL26AUG041940_7.5,Baseball,Total,Finalized,0,5579,0.61,0,0.09
2026-08-04,UDXMLBSPREAD_LAABAL26AUG041835_BAL1.5,Baseball,Spread,Finalized,0,5531,0.78,0,0.48
2026-08-04,UDXMLBTOTAL_SFTEX26AUG042005_7.5,Baseball,Total,Finalized,0,5489,0.71,0,0.28
2026-08-04,UDXMLBTOTAL_CWSBOS26AUG041910_15.5,Baseball,Total,Finalized,0,5466,0.84,0,0.59
2026-08-04,UDXMLBGAMEWIN_NYMCLE26AUG041840_NYM,Baseball,Moneyline,Finalized,0,5193.44,0.98,0,0.98
2026-08-04,UDXMLBGAMEWIN_WASPHI26AUG041840_PHI,Baseball,Moneyline,Finalized,0,5067.36,0.98,0,0.98
2026-08-04,UDXMLBTOTAL_NYMCLE26AUG041840_7.5,Baseball,Total,Finalized,0,5052,0.92,0,0.64
2026-08-04,UDXWNBATOTAL_TORGSV2026AUG04_172.5,Basketball (pro),Total,Finalized,2251,4983,0.93,0,0.56
2026-08-04,UDXMLBTOTAL_LAABAL26AUG041835_10.5,Baseball,Total,Finalized,0,4960,0.39,0,0.05
2026-08-04,UDXMLBTOTAL_SFTEX26AUG042005_10.5,Baseball,Total,Finalized,0,4943,0.43,0,0.35
2026-08-04,UDXMLBTOTAL_LADCHC26AUG042005_8.5,Baseball,Total,Finalized,0,4896,0.57,0,0.02
2026-08-04,UDXMLBTOTAL_WASPHI26AUG041840_8.5,Baseball,Total,Finalized,0,4739,0.54,0,0.1
2026-08-04,UDXMLBSPREAD_STLNYY26AUG041905_NYY1.5,Baseball,Spread,Finalized,0,4637,0.96,0,0.94
2026-08-04,UDXMLBTOTAL_SDARI26AUG042140_11.5,Baseball,Total,Finalized,920,4624,0.68,0,0.53
2026-08-04,UDXMLBSPREAD_CWSBOS26AUG041910_BOS1.5,Baseball,Spread,Finalized,0,4501.75,0.97,0,0.97
2026-08-04,UDXMLBGAMEWIN_LADCHC26AUG051420_LAD,Baseball,Moneyline,Finalized,4415,4415,0.48,0,0.48
2026-08-04,UDXMLBTOTAL_SDARI26AUG042140_8.5,Baseball,Total,Finalized,1159,4369,0.78,0,0.73
2026-08-04,UDXMLBSPREAD_NYMCLE26AUG041840_NYM3.5,Baseball,Spread,Finalized,0,4329,0.73,0,0.73
2026-08-04,UDXMLBTOTAL_CWSBOS26AUG041910_13.5,Baseball,Total,Finalized,0,4320,0.88,0,0.88
2026-08-04,UDXMLBTOTAL_SDARI26AUG042140_9.5,Baseball,Total,Finalized,3150,4275,0.89,0,0.57
2026-08-04,UDXMLBSPREAD_TBCOL26AUG042040_COL1.5,Baseball,Spread,Finalized,938,4163,0.78,0,0.08
2026-08-04,UDXMLBTOTAL_SDARI26AUG042140_10.5,Baseball,Total,Finalized,1696,4118,0.77,0,0.77
2026-08-04,UDXMLBSPREAD_TORHOU26AUG042010_HOU1.5,Baseball,Spread,Finalized,0,4106,0.98,0,0.98
2026-08-04,UDXMLBTOTAL_MINKAN26AUG041940_10.5,Baseball,Total,Finalized,0,4073,0.48,0,0.21
2026-08-04,UDXMLBTOTAL_TBCOL26AUG042040_14.5,Baseball,Total,Finalized,1416,3982,0.64,0,0.33
2026-08-04,UDXMLBSPREAD_MIAATL26AUG041915_ATL1.5,Baseball,Spread,Finalized,0,3821,0.84,0,0.84
2026-08-04,UDXMLBTOTAL_LAABAL26AUG041835_6.5,Baseball,Total,Finalized,0,3667,0.62,0,0.1
2026-08-04,UDXMLBTOTAL_PITMIL26AUG041940_6.5,Baseball,Total,Finalized,0,3655,0.87,0,0.04
2026-08-04,UDXMLBTOTAL_MIAATL26AUG041915_4.5,Baseball,Total,Finalized,0,3589,0.69,0,0.52
2026-08-04,UDXMLBTOTAL_MINKAN26AUG041940_7.5,Baseball,Total,Finalized,0,3526,0.7,0,0.46
2026-08-04,UDXMLBSPREAD_PITMIL26AUG041940_MIL1.5,Baseball,Spread,Finalized,0,3511,0.74,0,0.74
2026-08-04,UDXWNBASPREAD_TORGSV2026AUG04_GSV3.5,Basketball (pro),Spread,Finalized,2643,3483,0.96,0,0.59
2026-08-04,UDXMLBTOTAL_MIAATL26AUG041915_9.5,Baseball,Total,Finalized,0,3467,0.47,0,0.04
2026-08-04,UDXMLBTOTAL_TBCOL26AUG042040_10.5,Baseball,Total,Finalized,0,3433,0.92,0,0.92
2026-08-04,UDXMLBTOTAL_LADCHC26AUG042005_4.5,Baseball,Total,Finalized,0,3339,0.9,0,0.69
2026-08-04,UDXMLBSPREAD_SDARI26AUG042140_ARI1.5,Baseball,Spread,Finalized,1641,3320,0.37,0,0.04
2026-08-04,UDXMLBTOTAL_NYMCLE26AUG041840_8.5,Baseball,Total,Finalized,0,3120,0.58,0,0.17
2026-08-04,UDXMLBTOTAL_MINKAN26AUG041940_9.5,Baseball,Total,Finalized,0,3075,0.52,0,0.21
2026-08-04,UDXMLBTOTAL_MIAATL26AUG041915_3.5,Baseball,Total,Finalized,0,3062,0.83,0,0.83
2026-08-04,UDXMLBTOTAL_CWSBOS26AUG041910_3.5,Baseball,Total,Finalized,0,2966,0.94,0,0.94
2026-08-04,UDXMLBTOTAL_LAABAL26AUG041835_7.5,Baseball,Total,Finalized,0,2883,0.66,0,0.07
2026-08-04,UDXMLBTOTAL_LAABAL26AUG041835_4.5,Baseball,Total,Finalized,0,2850.54,0.73,0,0.6
2026-08-04,UDXMLBGAMEWIN_STLNYY26AUG041905_NYY,Baseball,Moneyline,Finalized,0,2848,0.96,0,0.95
2026-08-04,UDXMLBTOTAL_LADCHC26AUG042005_9.5,Baseball,Total,Finalized,0,2772,0.47,0,0.08
2026-08-04,UDXMLBTOTAL_MINKAN26AUG041940_8.5,Baseball,Total,Finalized,0,2740,0.59,0,0.41
2026-08-04,UDXMLBTOTAL_TORHOU26AUG042010_6.5,Baseball,Total,Finalized,0,2703,0.84,0,0.84
2026-08-04,UDXMLBTOTAL_OAKCIN26AUG041840_9.5,Baseball,Total,Finalized,0,2577.02,0.54,0,0.15
2026-08-04,UDXMLBTOTAL_LAABAL26AUG041835_3.5,Baseball,Total,Finalized,0,2502.18,0.62,0,0.43
2026-08-04,UDXMLBSPREAD_WASPHI26AUG041840_PHI1.5,Baseball,Spread,Finalized,0,2347,0.89,0,0.89
2026-08-04,UDXMLBTOTAL_MIAATL26AUG041915_6.5,Baseball,Total,Finalized,0,2341,0.55,0,0.17
2026-08-04,UDXMLBTOTAL_NYMCLE26AUG041840_9.5,Baseball,Total,Finalized,0,2180,0.58,0,0.12
2026-08-04,UDXMLBTOTAL_SFTEX26AUG042005_9.5,Baseball,Total,Finalized,0,2120,0.52,0,0.49
2026-08-04,UDXMLBTOTAL_SDARI26AUG042140_12.5,Baseball,Total,Finalized,675,2070,0.75,0,0.71
2026-08-04,UDXMLBTOTAL_STLNYY26AUG041905_6.5,Baseball,Total,Finalized,0,2062,0.55,0,0.06
2026-08-04,UDXMLBTOTAL_CWSBOS26AUG041910_8.5,Baseball,Total,Finalized,0,2049.81,0.92,0,0.91
2026-08-04,UDXWNBASPREAD_TORGSV2026AUG04_GSV1.5,Basketball (pro),Spread,Finalized,1377,1972,0.96,0,0.88
2026-08-04,UDXCOMBO-11835250125615564447,Other,Combo-11835250125615564447,Finalized,0,1951,0.04,0,0.04
2026-08-04,UDXMLBTOTAL_TORHOU26AUG042010_9.5,Baseball,Total,Finalized,0,1948,0.76,0,0.55
2026-08-04,UDXMLBTOTAL_TBCOL26AUG042040_13.5,Baseball,Total,Finalized,0,1936,0.88,0,0.46
2026-08-04,UDXMLBTOTAL_OAKCIN26AUG041840_8.5,Baseball,Total,Finalized,0,1918,0.63,0,0.51
2026-08-04,UDXMLBTOTAL_SFTEX26AUG042005_12.5,Baseball,Total,Finalized,0,1852,0.06,0,0.05
2026-08-04,UDXMLBTOTAL_TBCOL26AUG042040_18.5,Baseball,Total,Finalized,29,1848,0.21,0,0.15
2026-08-04,UDXMLBSPREAD_MINKAN26AUG041940_KAN3.5,Baseball,Spread,Finalized,0,1769,0.59,0,0.46
2026-08-04,UDXMLBTOTAL_SFTEX26AUG042005_5.5,Baseball,Total,Finalized,0,1768,0.61,0,0.48
2026-08-04,UDXWNBATOTAL_TORGSV2026AUG04_166.5,Basketball (pro),Total,Finalized,1004,1714,0.98,0,0.98
2026-08-04,UDXMLBSPREAD_NYMCLE26AUG041840_CLE1.5,Baseball,Spread,Finalized,0,1660,0.54,0,0.03
2026-08-04,UDXMLBTOTAL_LADCHC26AUG042005_7.5,Baseball,Total,Finalized,0,1646,0.53,0,0.03
2026-08-04,UDXMLBTOTAL_STLNYY26AUG041905_2.5,Baseball,Total,Finalized,0,1604,0.57,0,0.18
2026-08-04,UDXMLBTOTAL_STLNYY26AUG041905_8.5,Baseball,Total,Finalized,0,1565,0.48,0,0.16
2026-08-04,UDXCOMBO-14956683985654977176,Other,Combo-14956683985654977176,Finalized,0,1541,0.02,0,0.02
2026-08-04,UDXMLBTOTAL_TORHOU26AUG042010_8.5,Baseball,Total,Finalized,0,1539,0.91,0,0.7
2026-08-04,UDXCOMBO-8170326729438569834,Other,Combo-8170326729438569834,Finalized,0,1538,0.06,0,0.06
2026-08-04,UDXMLBSPREAD_LADCHC26AUG042005_LAD2.5,Baseball,Spread,Finalized,0,1491,0.47,0,0.32
2026-08-04,UDXMLBSPREAD_MINKAN26AUG041940_MIN1.5,Baseball,Spread,Finalized,0,1487,0.47,0,0.03
2026-08-04,UDXMLBSPREAD_SDARI26AUG042140_SD3.5,Baseball,Spread,Finalized,864,1404,0.85,0,0.58
2026-08-04,UDXMLBTOTAL_WASPHI26AUG041840_5.5,Baseball,Total,Finalized,0,1383,0.75,0,0.11
2026-08-04,UDXMLBSPREAD_LADCHC26AUG042005_CHC1.5,Baseball,Spread,Finalized,0,1376.85,0.97,0,0.97
2026-08-04,UDXCOMBO-16760137184726457102,Other,Combo-16760137184726457102,Finalized,1298,1298,0.22,0,0.22
2026-08-04,UDXMLBSPREAD_OAKCIN26AUG041840_CIN1.5,Baseball,Spread,Finalized,0,1278,0.42,0,0.15
2026-08-04,UDXMLBSPREAD_WASPHI26AUG041840_PHI2.5,Baseball,Spread,Finalized,0,1278,0.87,0,0.87
2026-08-04,UDXMLBTOTAL_WASPHI26AUG041840_6.5,Baseball,Total,Finalized,0,1238,0.63,0,0.4
2026-08-04,UDXCOMBO-18368452466739762849,Other,Combo-18368452466739762849,Finalized,0,1232,0.04,0,0.04
2026-08-04,UDXWNBATOTAL_TORGSV2026AUG04_181.5,Basketball (pro),Total,Finalized,921,1214,0.72,0,0.21
2026-08-04,UDXWNBATOTAL_TORGSV2026AUG04_154.5,Basketball (pro),Total,Finalized,0,1164,0.94,0,0.94
2026-08-04,UDXMLBSPREAD_SDARI26AUG042140_SD1.5,Baseball,Spread,Finalized,988.3,1132.3,0.89,0,0.74
2026-08-04,UDXMLBTOTAL_MIAATL26AUG041915_5.5,Baseball,Total,Finalized,0,1102,0.47,0,0.15
2026-08-04,UDXMLBTOTAL_NYMCLE26AUG041840_10.5,Baseball,Total,Finalized,0,1084,0.55,0,0.02
2026-08-04,UDXCOMBO-6359452259747379292,Other,Combo-6359452259747379292,Finalized,0,1069,0.02,0,0.02
2026-08-04,UDXMLBSPREAD_WASPHI26AUG041840_WAS3.5,Baseball,Spread,Finalized,0,1044,0.09,0,0.09
2026-08-04,UDXCOMBO-1935364581111966854,Other,Combo-1935364581111966854,Finalized,0,1038,0.01,0,0.01
2026-08-04,UDXMLBGAMEWIN_SDARI26AUG032140_SD,Baseball,Moneyline,Finalized,0,1028,0.03,0,0.02
2026-08-04,UDXMLBSPREAD_LAABAL26AUG041835_BAL2.5,Baseball,Spread,Finalized,0,1001,0.56,0,0.56
2026-08-04,UDXWNBASPREAD_TORGSV2026AUG04_GSV15.5,Basketball (pro),Spread,Finalized,495,993,0.44,0,0.44
2026-08-04,UDXMLBTOTAL_STLNYY26AUG041905_3.5,Baseball,Total,Finalized,0,988,0.91,0,0.09
2026-08-04,UDXMLBSPREAD_NYMCLE26AUG041840_CLE2.5,Baseball,Spread,Finalized,0,978,0.27,0,0.08
2026-08-04,UDXMLBSPREAD_SDARI26AUG042140_SD8.5,Baseball,Spread,Finalized,917,940.15,0.67,0,0.41
2026-08-04,UDXMLBTOTAL_SFTEX26AUG042005_8.5,Baseball,Total,Finalized,0,936,0.55,0,0.09
2026-08-04,UDXMLBTOTAL_MIAATL26AUG041915_8.5,Baseball,Total,Finalized,0,927,0.58,0,0.1
2026-08-04,UDXMLBSPREAD_NYMCLE26AUG041840_NYM2.5,Baseball,Spread,Finalized,0,911,0.89,0,0.89
2026-08-04,UDXMLBSPREAD_CWSBOS26AUG041910_BOS3.5,Baseball,Spread,Finalized,0,902,0.21,0,0.21
2026-08-04,UDXMLBSPREAD_NYMCLE26AUG041840_CLE3.5,Baseball,Spread,Finalized,0,902,0.21,0,0.21
2026-08-04,UDXMLBTOTAL_NYMCLE26AUG041840_1.5,Baseball,Total,Finalized,0,896,0.98,0,0.98
2026-08-04,UDXCOMBO-2753254587921223623,Other,Combo-2753254587921223623,Finalized,0,878,0.03,0,0.03
2026-08-04,UDXMLBSPREAD_LADCHC26AUG042005_CHC3.5,Baseball,Spread,Finalized,0,822,0.76,0,0.72
2026-08-04,UDXMLBTOTAL_CWSBOS26AUG041910_9.5,Baseball,Total,Finalized,0,813,0.9,0,0.86
2026-08-04,UDXMLBTOTAL_SFTEX26AUG042005_4.5,Baseball,Total,Finalized,0,811,0.55,0,0.5
2026-08-04,UDXCOMBO-9442996034924166491,Other,Combo-9442996034924166491,Finalized,759,759,0.05,0,0.05
2026-08-04,UDXMLBSPREAD_OAKCIN26AUG041840_OAK2.5,Baseball,Spread,Finalized,0,755,0.5,0,0.17
2026-08-04,UDXMLBSPREAD_STLNYY26AUG041905_STL3.5,Baseball,Spread,Finalized,0,725,0.13,0,0.13
2026-08-04,UDXCOMBO-5928211157973629230,Other,Combo-5928211157973629230,Finalized,0,720,0.26,0,0.26
2026-08-04,UDXMLBTOTAL_CWSBOS26AUG041910_7.5,Baseball,Total,Finalized,0,714,0.62,0,0.58
2026-08-04,UDXMLBTOTAL_OAKCIN26AUG041840_7.5,Baseball,Total,Finalized,0,705,0.77,0,0.77
2026-08-04,UDXMLBTOTAL_WASPHI26AUG041840_7.5,Baseball,Total,Finalized,0,705,0.62,0,0.15
2026-08-04,UDXMLBSPREAD_MIAATL26AUG041915_ATL2.5,Baseball,Spread,Finalized,0,702,0.71,0,0.71
2026-08-04,UDXMLBTOTAL_LAABAL26AUG041835_2.5,Baseball,Total,Finalized,0,678,0.97,0,0.66
2026-08-04,UDXCOMBO-4038522546569924605,Other,Combo-4038522546569924605,Finalized,0,663,0.44,0,0.44
2026-08-04,UDXCOMBO-14960812429275473434,Other,Combo-14960812429275473434,Finalized,0,657,0.16,0,0.16
2026-08-04,UDXWNBATOTAL_TORGSV2026AUG04_163.5,Basketball (pro),Total,Finalized,336,644,0.96,0,0.96
2026-08-04,UDXMLBTOTAL_LAABAL26AUG041835_5.5,Baseball,Total,Finalized,0,644,0.8,0,0.24
2026-08-04,UDXMLBTOTAL_OAKCIN26AUG041840_6.5,Baseball,Total,Finalized,0,641,0.91,0,0.91
2026-08-04,UDXMLBSPREAD_SDARI26AUG032140_ARI2.5,Baseball,Spread,Finalized,0,636,0.92,0,0.91
2026-08-04,UDXMLBSPREAD_WASPHI26AUG041840_PHI3.5,Baseball,Spread,Finalized,0,636,0.71,0,0.67
2026-08-04,UDXMLBTOTAL_TBCOL26AUG042040_11.5,Baseball,Total,Finalized,0,636,0.95,0,0.95
2026-08-04,UDXCOMBO-7721263876526919841,Other,Combo-7721263876526919841,Finalized,0,632.88,0.04,0,0.04
2026-08-04,UDXCOMBO-13038815532024034101,Other,Combo-13038815532024034101,Finalized,0,629,0.15,0,0.15
2026-08-04,UDXWNBASPREAD_TORGSV2026AUG04_TOR6.5,Basketball (pro),Spread,Finalized,0,624,0.06,0,0.06
2026-08-04,UDXWNBASPREAD_TORGSV2026AUG04_GSV24.5,Basketball (pro),Spread,Finalized,611,611,0.15,0,0.03
2026-08-04,UDXCOMBO-7189366969340106448,Other,Combo-7189366969340106448,Finalized,0,609,0.16,0,0.16
2026-08-04,UDXMLBSPREAD_WASPHI26AUG041840_WAS2.5,Baseball,Spread,Finalized,0,590,0.16,0,0.16
2026-08-04,UDXWNBATOTAL_TORGSV2026AUG04_160.5,Basketball (pro),Total,Finalized,98,574,0.97,0,0.97
2026-08-04,UDXMLBTOTAL_LADCHC26AUG042005_12.5,Baseball,Total,Finalized,0,568,0.25,0,0.12
2026-08-04,UDXCOMBO-11013063614230815745,Other,Combo-11013063614230815745,Finalized,0,559,0.08,0,0.08
2026-08-04,UDXMLBSPREAD_MINKAN26AUG041940_KAN1.5,Baseball,Spread,Finalized,0,554,0.85,0,0.85
2026-08-04,UDXMLBSPREAD_SDARI26AUG042140_SD6.5,Baseball,Spread,Finalized,459,550,0.85,0,0.85
2026-08-04,UDXMLBSPREAD_OAKCIN26AUG041840_OAK1.5,Baseball,Spread,Finalized,0,547,0.41,0,0.41
2026-08-04,UDXMLBTOTAL_OAKCIN26AUG041840_5.5,Baseball,Total,Finalized,0,542,0.76,0,0.76
2026-08-04,UDXCOMBO-18368299317619561704,Other,Combo-18368299317619561704,Finalized,0,535,0.04,0,0.04
2026-08-04,UDXCOMBO-944501693130090588,Other,Combo-944501693130090588,Finalized,0,534,0.4,0,0.4
2026-08-04,UDXMLBSPREAD_PITMIL26AUG041940_MIL2.5,Baseball,Spread,Finalized,0,533,0.48,0,0.24
2026-08-04,UDXMLBTOTAL_WASPHI26AUG041840_10.5,Baseball,Total,Finalized,0,530,0.36,0,0.18
2026-08-04,UDXMLBTOTAL_LADCHC26AUG042005_10.5,Baseball,Total,Finalized,0,526,0.38,0,0.37
2026-08-04,UDXCOMBO-9484703347192610276,Other,Combo-9484703347192610276,Finalized,520,520,0.14,0,0.14
2026-08-04,UDXCOMBO-14642813720505419049,Other,Combo-14642813720505419049,Finalized,0,516,0.09,0,0.09
2026-08-04,UDXCOMBO-8841457228258227602,Other,Combo-8841457228258227602,Finalized,0,511,0.19,0,0.19
2026-08-04,UDXMLBTOTAL_DETSEA26AUG042140_9.5,Baseball,Total,Finalized,496,496,0.35,0,0.32
2026-08-04,UDXMLBGAMEWIN_CWSBOS26AUG051910_BOS,Baseball,Moneyline,Finalized,494,494,0.54,0,0.54
2026-08-04,UDXCOMBO-6634608943119041522,Other,Combo-6634608943119041522,Finalized,0,494,0.03,0,0.03
2026-08-04,UDXMLBTOTAL_CWSBOS26AUG041910_14.5,Baseball,Total,Finalized,0,493,0.49,0,0.47
2026-08-04,UDXMLBTOTAL_PITMIL26AUG041940_9.5,Baseball,Total,Finalized,0,490,0.47,0,0.05
2026-08-04,UDXCOMBO-13467882047516441007,Other,Combo-13467882047516441007,Finalized,488,488,0.15,0,0.15
2026-08-04,UDXCOMBO-17968880711809819526,Other,Combo-17968880711809819526,Finalized,0,483,0.36,0,0.36
2026-08-04,UDXCOMBO-15087883350560761270,Other,Combo-15087883350560761270,Finalized,0,480,0.04,0,0.04
2026-08-04,UDXCOMBO-8164600086045789902,Other,Combo-8164600086045789902,Finalized,0,478,0.02,0,0.02
2026-08-04,UDXMLBTOTAL_CWSBOS26AUG041910_11.5,Baseball,Total,Finalized,0,474,0.59,0,0.59
2026-08-04,UDXCOMBO-3677640166620667079,Other,Combo-3677640166620667079,Finalized,0,467,0.01,0,0.01
2026-08-04,UDXMLBTOTAL_DETSEA26AUG042140_7.5,Baseball,Total,Finalized,455,462,0.52,0,0.5
2026-08-04,UDXCOMBO-9066046086904106719,Other,Combo-9066046086904106719,Finalized,0,457.07,0.04,0,0.04
2026-08-04,UDXCOMBO-6113699851223245649,Other,Combo-6113699851223245649,Finalized,0,457,0.04,0,0.04
2026-08-04,UDXCOMBO-273300032711133830,Other,Combo-273300032711133830,Finalized,456,456,0.1,0,0.1
2026-08-04,UDXMLBTOTAL_STLNYY26AUG041905_7.5,Baseball,Total,Finalized,0,453,0.57,0,0.49
2026-08-04,UDXCOMBO-804495064890312377,Other,Combo-804495064890312377,Finalized,0,450,0.05,0,0.05
2026-08-04,UDXMLBTOTAL_CWSBOS26AUG041910_12.5,Baseball,Total,Finalized,0,450,0.53,0,0.46
2026-08-04,UDXCOMBO-12680301336906170457,Other,Combo-12680301336906170457,Finalized,443.68,443.68,0.04,0,0.04
2026-08-04,UDXMLBTOTAL_MIAATL26AUG041915_7.5,Baseball,Total,Finalized,0,440,0.46,0,0.12
2026-08-04,UDXMLBTOTAL_SDARI26AUG032140_8.5,Baseball,Total,Finalized,0,440,0.05,0,0.05
2026-08-04,UDXCOMBO-10027470357401102989,Other,Combo-10027470357401102989,Finalized,0,436,0.22,0,0.22
2026-08-04,UDXMLBGAMEWIN_DETSEA26AUG042140_SEA,Baseball,Moneyline,Finalized,426,426,0.57,0,0.55
2026-08-04,UDXCOMBO-10593570578617150606,Other,Combo-10593570578617150606,Finalized,0,422,0.25,0,0.25
2026-08-04,UDXCOMBO-17087885451552385184,Other,Combo-17087885451552385184,Finalized,0,413,0.09,0,0.09
2026-08-04,UDXCOMBO-5051974145535888771,Other,Combo-5051974145535888771,Finalized,0,413,0.08,0,0.08
2026-08-04,UDXCOMBO-16924008820044276494,Other,Combo-16924008820044276494,Finalized,0,407,0.11,0,0.11
2026-08-04,UDXCOMBO-590423636650386536,Other,Combo-590423636650386536,Finalized,0,398,0.04,0,0.04
2026-08-04,UDXCOMBO-5984909220433432623,Other,Combo-5984909220433432623,Finalized,0,392,0.49,0,0.49
2026-08-04,UDXMLBSPREAD_TORHOU26AUG042010_HOU4.5,Baseball,Spread,Finalized,0,385,0.65,0,0.65
2026-08-04,UDXCOMBO-1927784573880138802,Other,Combo-1927784573880138802,Finalized,0,380,0.81,0,0.81
2026-08-04,UDXMLBSPREAD_STLNYY26AUG041905_NYY2.5,Baseball,Spread,Finalized,0,379,0.46,0,0.23
2026-08-04,UDXMLBSPREAD_CWSBOS26AUG041910_BOS7.5,Baseball,Spread,Finalized,0,369,0.51,0,0.47
2026-08-04,UDXMLBSPREAD_LADCHC26AUG042005_CHC2.5,Baseball,Spread,Finalized,0,365,0.87,0,0.87
2026-08-04,UDXMLBSPREAD_SFTEX26AUG042005_TEX2.5,Baseball,Spread,Finalized,0,365,0.51,0,0.02
2026-08-04,UDXCOMBO-7527556430577422958,Other,Combo-7527556430577422958,Finalized,0,350,0.01,0,0.01
2026-08-04,UDXCOMBO-8898227541333072558,Other,Combo-8898227541333072558,Finalized,0,346,0.12,0,0.12
2026-08-04,UDXMLBGAMEWIN_LAABAL26AUG051835_BAL,Baseball,Moneyline,Finalized,340,340,0.57,0,0.57
2026-08-04,UDXCOMBO-17028791475103644859,Other,Combo-17028791475103644859,Finalized,0,338,0.27,0,0.27
2026-08-04,UDXCOMBO-5458071996038754641,Other,Combo-5458071996038754641,Finalized,0,334,0.01,0,0.01
2026-08-04,UDXMLBSPREAD_SDARI26AUG042140_SD5.5,Baseball,Spread,Finalized,203,325,0.6,0,0.17
2026-08-04,UDXCOMBO-12326067071096182782,Other,Combo-12326067071096182782,Finalized,0,324,0.02,0,0.02
2026-08-04,UDXMLBTOTAL_TORHOU26AUG042010_7.5,Baseball,Total,Finalized,0,324,0.59,0,0.57
2026-08-04,UDXCOMBO-12273902372968271134,Other,Combo-12273902372968271134,Finalized,318,318,0.17,0,0.17
2026-08-04,UDXMLBSPREAD_SDARI26AUG042140_SD7.5,Baseball,Spread,Finalized,314,314,0.56,0,0.55
2026-08-04,UDXCOMBO-17728034597858713347,Other,Combo-17728034597858713347,Finalized,0,313,0.12,0,0.12
2026-08-04,UDXCOMBO-1759492522089613242,Other,Combo-1759492522089613242,Finalized,0,312,0.42,0,0.42
2026-08-04,UDXCOMBO-10867441846225002730,Other,Combo-10867441846225002730,Finalized,0,306,0.12,0,0.12
2026-08-04,UDXCOMBO-7786315142721227560,Other,Combo-7786315142721227560,Finalized,0,296,0.01,0,0.01
2026-08-04,UDXMLBSPREAD_SDARI26AUG032140_ARI3.5,Baseball,Spread,Finalized,0,294,0.85,0,0.85
2026-08-04,UDXCOMBO-15828247576918698210,Other,Combo-15828247576918698210,Finalized,0,292,0.03,0,0.03
2026-08-04,UDXMLBTOTAL_TBCOL26AUG042040_9.5,Baseball,Total,Finalized,0,290,0.85,0,0.85
2026-08-04,UDXCOMBO-12189889813886047938,Other,Combo-12189889813886047938,Finalized,0,285,0.1,0,0.1
2026-08-04,UDXCOMBO-4872059129820716292,Other,Combo-4872059129820716292,Finalized,284,284,0.17,0,0.17
2026-08-04,UDXMLBSPREAD_PITMIL26AUG041940_PIT1.5,Baseball,Spread,Finalized,0,281,0.31,0,0.11
2026-08-04,UDXCOMBO-8138507491174283086,Other,Combo-8138507491174283086,Finalized,275,275,0.03,0,0.03
2026-08-04,UDXCOMBO-1840557298078026246,Other,Combo-1840557298078026246,Finalized,0,268,0.36,0,0.36
2026-08-04,UDXCOMBO-5684930629527943739,Other,Combo-5684930629527943739,Finalized,0,268,0.09,0,0.09
2026-08-04,UDXCOMBO-9508627649579428140,Other,Combo-9508627649579428140,Finalized,0,267,0.36,0,0.36
2026-08-04,UDXMLBTOTAL_WASPHI26AUG041840_9.5,Baseball,Total,Finalized,0,264,0.52,0,0.47
2026-08-04,UDXMLBSPREAD_MIAATL26AUG041915_MIA1.5,Baseball,Spread,Finalized,0,263,0.33,0,0.31
2026-08-04,UDXMLBTOTAL_NYMCLE26AUG041840_11.5,Baseball,Total,Finalized,0,259,0.44,0,0.17
2026-08-04,UDXCOMBO-14768492892882484734,Other,Combo-14768492892882484734,Finalized,254,254,0.38,0,0.38
2026-08-04,UDXCOMBO-12384128650203746542,Other,Combo-12384128650203746542,Finalized,0,253,0.04,0,0.04
2026-08-04,UDXMLBSPREAD_STLNYY26AUG041905_STL2.5,Baseball,Spread,Finalized,0,253,0.13,0,0.13
2026-08-04,UDXMLBSPREAD_TORHOU26AUG042010_HOU2.5,Baseball,Spread,Finalized,0,249,0.46,0,0.46
2026-08-04,UDXMLBTOTAL_STLNYY26AUG041905_4.5,Baseball,Total,Finalized,0,245,0.55,0,0.35
2026-08-04,UDXMLBGAMEWIN_TORHOU26AUG051410_HOU,Baseball,Moneyline,Finalized,240,240,0.61,0,0.61
2026-08-04,UDXMLBSPREAD_WASPHI26AUG041840_WAS1.5,Baseball,Spread,Finalized,0,236,0.2,0,0.18
2026-08-04,UDXCOMBO-5059817879541737966,Other,Combo-5059817879541737966,Finalized,0,232,0.41,0,0.41
2026-08-04,UDXMLBTOTAL_TBCOL26AUG042040_19.5,Baseball,Total,Finalized,11,231,0.15,0,0.15
2026-08-04,UDXCOMBO-16825223974260629278,Other,Combo-16825223974260629278,Finalized,0,231,0.07,0,0.07
2026-08-04,UDXMLBTOTAL_MINKAN26AUG041940_12.5,Baseball,Total,Finalized,0,230,0.11,0,0.1
2026-08-04,UDXCOMBO-9657397446329566088,Other,Combo-9657397446329566088,Finalized,229,229,0.59,0,0.59
2026-08-04,UDXMLBSPREAD_CWSBOS26AUG041910_BOS5.5,Baseball,Spread,Finalized,0,228,0.53,0,0.49
2026-08-04,UDXMLBTOTAL_TORHOU26AUG042010_10.5,Baseball,Total,Finalized,0,228,0.46,0,0.43
2026-08-04,UDXCOMBO-580111591749700603,Other,Combo-580111591749700603,Finalized,0,225,0.16,0,0.16
2026-08-04,UDXCOMBO-17507395618736546731,Other,Combo-17507395618736546731,Finalized,0,223,0.04,0,0.04
2026-08-04,UDXMLBTOTAL_CWSBOS26AUG041910_10.5,Baseball,Total,Finalized,0,222,0.71,0,0.71
2026-08-04,UDXMLBTOTAL_PITMIL26AUG041940_10.5,Baseball,Total,Finalized,0,221,0.09,0,0.09
2026-08-04,UDXCOMBO-1261772906328326474,Other,Combo-1261772906328326474,Finalized,220,220,0.44,0,0.44
2026-08-04,UDXCOMBO-4059904443881660303,Other,Combo-4059904443881660303,Finalized,0,220,0.44,0,0.44
2026-08-04,UDXMLBTOTAL_MINKAN26AUG041940_11.5,Baseball,Total,Finalized,0,220,0.31,0,0.31
2026-08-04,UDXCOMBO-2396492290432383367,Other,Combo-2396492290432383367,Finalized,0,219,0.13,0,0.13
2026-08-04,UDXCOMBO-8725674193518550580,Other,Combo-8725674193518550580,Finalized,0,218,0.22,0,0.22
2026-08-04,UDXCOMBO-11241142213075575017,Other,Combo-11241142213075575017,Finalized,216,216,0.22,0,0.22
2026-08-04,UDXMLBSPREAD_TBCOL26AUG042040_COL2.5,Baseball,Spread,Finalized,13,215,0.35,0,0.05
2026-08-04,UDXMLBTOTAL_TORHOU26AUG042010_5.5,Baseball,Total,Finalized,0,213,0.91,0,0.91
2026-08-04,UDXCOMBO-1534124715437933880,Other,Combo-1534124715437933880,Finalized,0,208,0.09,0,0.09
2026-08-04,UDXCOMBO-11929514968283161893,Other,Combo-11929514968283161893,Finalized,205,205,0.3,0,0.3
2026-08-04,UDXCOMBO-685732348574051868,Other,Combo-685732348574051868,Finalized,0,202,0.14,0,0.14
2026-08-04,UDXMLBSPREAD_CWSBOS26AUG041910_CWS3.5,Baseball,Spread,Finalized,0,202,0.14,0,0.14
2026-08-04,UDXMLBSPREAD_DETSEA26AUG042140_DET5.5,Baseball,Spread,Finalized,196,196,0.39,0,0.29
2026-08-04,UDXCOMBO-4927049621495752615,Other,Combo-4927049621495752615,Finalized,0,195,0.17,0,0.16
2026-08-04,UDXMLBSPREAD_DETSEA26AUG042140_SEA1.5,Baseball,Spread,Finalized,137,193,0.39,0,0.36
2026-08-04,UDXCOMBO-2797393929537699241,Other,Combo-2797393929537699241,Finalized,0,193,0.25,0,0.25
2026-08-04,UDXMLBSPREAD_CWSBOS26AUG041910_CWS2.5,Baseball,Spread,Finalized,0,190,0.25,0,0.25
2026-08-04,UDXMLBSPREAD_SDARI26AUG042140_SD2.5,Baseball,Spread,Finalized,153,187,0.98,0,0.98
2026-08-04,UDXMLBTOTAL_NYMCLE26AUG041840_2.5,Baseball,Total,Finalized,0,187,0.95,0,0.95
2026-08-04,UDXCOMBO-16968852480428312826,Other,Combo-16968852480428312826,Finalized,0,185,0.26,0,0.26
2026-08-04,UDXMLBTOTAL_SDARI26AUG042140_6.5,Baseball,Total,Finalized,0,182,0.96,0,0.96
2026-08-04,UDXCOMBO-6521860443334168914,Other,Combo-6521860443334168914,Finalized,0,180,0.19,0,0.19
2026-08-04,UDXCOMBO-2303774253544937270,Other,Combo-2303774253544937270,Finalized,0,178.35,0.08,0,0.08
2026-08-04,UDXCOMBO-9789523033397830666,Other,Combo-9789523033397830666,Finalized,0,178,0.08,0,0.08
2026-08-04,UDXMLBTOTAL_TBCOL26AUG042040_17.5,Baseball,Total,Finalized,0,178,0.42,0,0.18
2026-08-04,UDXCOMBO-11153597676628395134,Other,Combo-11153597676628395134,Finalized,0,177,0.13,0,0.13
2026-08-04,UDXCOMBO-3836263940537049127,Other,Combo-3836263940537049127,Finalized,0,177,0.11,0,0.11
2026-08-04,UDXMLBSPREAD_CWSBOS26AUG041910_BOS2.5,Baseball,Spread,Finalized,0,176,0.41,0,0.41
2026-08-04,UDXMLBSPREAD_TBCOL26AUG042040_COL3.5,Baseball,Spread,Finalized,168,168,0.14,0,0.14
2026-08-04,UDXMLBSPREAD_STLNYY26AUG041905_STL1.5,Baseball,Spread,Finalized,0,166,0.17,0,0.17
2026-08-04,UDXMLBTOTAL_OAKCIN26AUG041840_10.5,Baseball,Total,Finalized,0,166,0.37,0,0.28
2026-08-04,UDXMLBSPREAD_STLNYY26AUG041905_NYY3.5,Baseball,Spread,Finalized,0,164,0.29,0,0.13
2026-08-04,UDXCOMBO-18031391525164870811,Other,Combo-18031391525164870811,Finalized,162,162,0.33,0,0.33
2026-08-04,UDXCOMBO-14463627136821399563,Other,Combo-14463627136821399563,Finalized,0,160,0.27,0,0.27
2026-08-04,UDXCOMBO-15434109126207247449,Other,Combo-15434109126207247449,Finalized,0,159,0.12,0,0.12
2026-08-04,UDXCOMBO-5005319964409702310,Other,Combo-5005319964409702310,Finalized,0,159,0.3,0,0.3
2026-08-04,UDXCOMBO-664029022789680662,Other,Combo-664029022789680662,Finalized,0,159,0.3,0,0.3
2026-08-04,UDXMLBTOTAL_LAABAL26AUG041835_12.5,Baseball,Total,Finalized,0,159,0.24,0,0.12
2026-08-04,UDXCOMBO-11614449923667573071,Other,Combo-11614449923667573071,Finalized,155,155,0.28,0,0.28
2026-08-04,UDXCOMBO-16075544820304788712,Other,Combo-16075544820304788712,Finalized,0,155,0.01,0,0.01
2026-08-04,UDXMLBSPREAD_TORHOU26AUG051410_HOU1.5,Baseball,Spread,Finalized,153,153,0.42,0,0.42
2026-08-04,UDXMLBSPREAD_PITMIL26AUG041940_PIT3.5,Baseball,Spread,Finalized,0,152,0.13,0,0.13
2026-08-04,UDXCOMBO-6726200058281132043,Other,Combo-6726200058281132043,Finalized,150,150,0.52,0,0.52
2026-08-04,UDXCOMBO-6372092024371846816,Other,Combo-6372092024371846816,Finalized,0,150,0.03,0,0.03
2026-08-04,UDXCOMBO-2686157291888316314,Other,Combo-2686157291888316314,Finalized,0,146,0.67,0,0.67
2026-08-04,UDXCOMBO-9643053172406625291,Other,Combo-9643053172406625291,Finalized,0,146,0.33,0,0.33
2026-08-04,UDXCOMBO-15020470861661008919,Other,Combo-15020470861661008919,Finalized,0,142,0.33,0,0.33
2026-08-04,UDXCOMBO-5950339678382957245,Other,Combo-5950339678382957245,Finalized,0,140,0.34,0,0.34
2026-08-04,UDXMLBSPREAD_TORHOU26AUG042010_TOR1.5,Baseball,Spread,Finalized,0,140,0.25,0,0.25
2026-08-04,UDXCOMBO-5580760833566246246,Other,Combo-5580760833566246246,Finalized,138,138,0.07,0,0.07
2026-08-04,UDXCOMBO-769971479830195085,Other,Combo-769971479830195085,Finalized,137,137,0.35,0,0.35
2026-08-04,UDXCOMBO-2669198182247115514,Other,Combo-2669198182247115514,Finalized,133,133,0.37,0,0.37
2026-08-04,UDXCOMBO-242159086638314476,Other,Combo-242159086638314476,Finalized,0,131,0.03,0,0.03
2026-08-04,UDXMLBSPREAD_OAKCIN26AUG041840_CIN2.5,Baseball,Spread,Finalized,0,131,0.29,0,0.29
2026-08-04,UDXCOMBO-7691947928459687623,Other,Combo-7691947928459687623,Finalized,128,128,0.37,0,0.37
2026-08-04,UDXCOMBO-9848138229324346112,Other,Combo-9848138229324346112,Finalized,128,128,0.52,0,0.42
2026-08-04,UDXCOMBO-2895949870387946123,Other,Combo-2895949870387946123,Finalized,125,125,0.3,0,0.3
2026-08-04,UDXCOMBO-17647954279416281780,Other,Combo-17647954279416281780,Finalized,0,125,0.34,0,0.34
2026-08-04,UDXCOMBO-5620026058982795586,Other,Combo-5620026058982795586,Finalized,0,124,0.35,0,0.35
2026-08-04,UDXCOMBO-524444065254586844,Other,Combo-524444065254586844,Finalized,123,123,0.04,0,0.04
2026-08-04,UDXCOMBO-13051197305581536050,Other,Combo-13051197305581536050,Finalized,0,121,0.4,0,0.4
2026-08-04,UDXMLBTOTAL_NYMCLE26AUG041840_6.5,Baseball,Total,Finalized,0,121,0.63,0,0.49
2026-08-04,UDXMLBSPREAD_DETSEA26AUG042140_DET4.5,Baseball,Spread,Finalized,98,120,0.9,0,0.79
2026-08-04,UDXCOMBO-17667030986876444776,Other,Combo-17667030986876444776,Finalized,0,119,0.4,0,0.4
2026-08-04,UDXCOMBO-4441568085929225588,Other,Combo-4441568085929225588,Finalized,0,117,0.05,0,0.05
2026-08-04,UDXCOMBO-13581087108488124560,Other,Combo-13581087108488124560,Finalized,0,116,0.49,0,0.24
2026-08-04,UDXCOMBO-449913655008111139,Other,Combo-449913655008111139,Finalized,0,115,0.21,0,0.21
2026-08-04,UDXCOMBO-11903098145447508766,Other,Combo-11903098145447508766,Finalized,0,114,0.08,0,0.08
2026-08-04,UDXCOMBO-12035445311913524438,Other,Combo-12035445311913524438,Finalized,0,114,0.04,0,0.04
2026-08-04,UDXCOMBO-13336405862804949356,Other,Combo-13336405862804949356,Finalized,0,114,0.04,0,0.04
2026-08-04,UDXCOMBO-13013226244834623215,Other,Combo-13013226244834623215,Finalized,0,109,0.13,0,0.13
2026-08-04,UDXWNBASPREAD_TORGSV2026AUG04_GSV21.5,Basketball (pro),Spread,Finalized,107,107,0.06,0,0.06
2026-08-04,UDXCOMBO-1834168893885410326,Other,Combo-1834168893885410326,Finalized,0,107,0.45,0,0.45
2026-08-04,UDXMLBTOTAL_TORHOU26AUG042010_4.5,Baseball,Total,Finalized,0,107,0.51,0,0.51
2026-08-04,UDXCOMBO-9487366841138729355,Other,Combo-9487366841138729355,Finalized,0,106,0.09,0,0.09
2026-08-04,UDXMLBSPREAD_SDARI26AUG042140_ARI2.5,Baseball,Spread,Finalized,105,105,0.27,0,0.27
2026-08-04,UDXCOMBO-2805855731857452750,Other,Combo-2805855731857452750,Finalized,0,105,0.46,0,0.46
2026-08-04,UDXCOMBO-13326750672148114909,Other,Combo-13326750672148114909,Finalized,0,104,0.26,0,0.26
2026-08-04,UDXCOMBO-10514052530382538924,Other,Combo-10514052530382538924,Finalized,0,102,0.09,0,0.09
2026-08-04,UDXCOMBO-18022520089123338404,Other,Combo-18022520089123338404,Finalized,0,101,0.58,0,0.58
2026-08-04,UDXMLBTOTAL_SDARI26AUG032140_4.5,Baseball,Total,Finalized,0,100,0.52,0,0.52
2026-08-04,UDXCOMBO-13402689165176574535,Other,Combo-13402689165176574535,Finalized,0,97,0.49,0,0.49
2026-08-04,UDXCOMBO-9567344037060823895,Other,Combo-9567344037060823895,Finalized,96,96,0.72,0,0.72
2026-08-04,UDXCOMBO-17061212629676544350,Other,Combo-17061212629676544350,Finalized,0,96,0.15,0,0.15
2026-08-04,UDXCOMBO-6847091086757511713,Other,Combo-6847091086757511713,Finalized,0,95,0.27,0,0.27
2026-08-04,UDXMLBTOTAL_PITMIL26AUG041940_3.5,Baseball,Total,Finalized,0,95,0.88,0,0.88
2026-08-04,UDXMLBGAMEWIN_MIAATL26AUG051915_ATL,Baseball,Moneyline,Finalized,94,94,0.55,0,0.55
2026-08-04,UDXCOMBO-14350719610697930678,Other,Combo-14350719610697930678,Finalized,0,91,0.09,0,0.09
2026-08-04,UDXCOMBO-5573090296309574945,Other,Combo-5573090296309574945,Finalized,0,91,0.05,0,0.05
2026-08-04,UDXCOMBO-7666148575642024587,Other,Combo-7666148575642024587,Finalized,0,91,0.05,0,0.05
2026-08-04,UDXCOMBO-7730266990163134122,Other,Combo-7730266990163134122,Finalized,0,91,0.21,0,0.21
2026-08-04,UDXWNBATOTAL_SEANY2026AUG05_180.5,Basketball (pro),Total,Finalized,88,88,0.55,0,0.55
2026-08-04,UDXCOMBO-13838775975423625868,Other,Combo-13838775975423625868,Finalized,0,88,0.53,0,0.53
2026-08-04,UDXMLBSPREAD_PITMIL26AUG051940_MIL1.5,Baseball,Spread,Finalized,77,87,0.37,0,0.37
2026-08-04,UDXCOMBO-2792466519121562523,Other,Combo-2792466519121562523,Finalized,0,87,0.25,0,0.25
2026-08-04,UDXMLBSPREAD_MIAATL26AUG051915_ATL1.5,Baseball,Spread,Finalized,86,86,0.37,0,0.37
2026-08-04,UDXWNBASPREAD_TORGSV2026AUG04_TOR3.5,Basketball (pro),Spread,Finalized,67,86,0.1,0,0.07
2026-08-04,UDXCOMBO-200547715958442330,Other,Combo-200547715958442330,Finalized,0,86,0.38,0,0.27
2026-08-04,UDXCOMBO-11150182958396078959,Other,Combo-11150182958396078959,Finalized,0,85,0.04,0,0.04
2026-08-04,UDXCOMBO-13741998908850581169,Other,Combo-13741998908850581169,Finalized,0,83,0.26,0,0.26
2026-08-04,UDXMLBSPREAD_TBCOL26AUG042040_TB3.5,Baseball,Spread,Finalized,0,82,0.53,0,0.07
2026-08-04,UDXCOMBO-14912543067689787608,Other,Combo-14912543067689787608,Finalized,0,81,0.35,0,0.35
2026-08-04,UDXCOMBO-1399925112554468267,Other,Combo-1399925112554468267,Finalized,0,80,0.45,0,0.45
2026-08-04,UDXMLBGAMEWIN_DETSEA26AUG042140_DET,Baseball,Moneyline,Finalized,79,79,0.48,0,0.48
2026-08-04,UDXCOMBO-3197735483604354599,Other,Combo-3197735483604354599,Finalized,0,79,0.12,0,0.12
2026-08-04,UDXCOMBO-34149870946677480,Other,Combo-34149870946677480,Finalized,0,79,0.24,0,0.24
2026-08-04,UDXCOMBO-13780443095645810406,Other,Combo-13780443095645810406,Finalized,0,78,0.24,0,0.24
2026-08-04,UDXCOMBO-17279494769656555778,Other,Combo-17279494769656555778,Finalized,0,78,0.24,0,0.24
2026-08-04,UDXCOMBO-5097311296039280772,Other,Combo-5097311296039280772,Finalized,0,78,0.38,0,0.38
2026-08-04,UDXMLBTOTAL_DETSEA26AUG042140_12.5,Baseball,Total,Finalized,77,77,0.17,0,0.17
2026-08-04,UDXWNBAGAMEWIN_DALWSH2026AUG05_WSH,Basketball (pro),Moneyline,Finalized,36,76,0.44,0,0.42
2026-08-04,UDXCOMBO-2728280641686464787,Other,Combo-2728280641686464787,Finalized,0,75,0.13,0,0.13
2026-08-04,UDXCOMBO-3472403648512962261,Other,Combo-3472403648512962261,Finalized,0,74,0.32,0,0.32
2026-08-04,UDXCOMBO-11722566527278391364,Other,Combo-11722566527278391364,Finalized,0,73,0.13,0,0.13
2026-08-04,UDXCOMBO-123402332442399637,Other,Combo-123402332442399637,Finalized,0,73,0.26,0,0.26
2026-08-04,UDXCOMBO-16369995490564058400,Other,Combo-16369995490564058400,Finalized,0,73,0.27,0,0.27
2026-08-04,UDXCOMBO-4913516690419244705,Other,Combo-4913516690419244705,Finalized,0,70,0.27,0,0.27
2026-08-04,UDXCOMBO-769169424921301550,Other,Combo-769169424921301550,Finalized,68,68,0.14,0,0.14
2026-08-04,UDXCOMBO-12305421180988847956,Other,Combo-12305421180988847956,Finalized,67,67,0.73,0,0.73
2026-08-04,UDXCOMBO-6962451491558416372,Other,Combo-6962451491558416372,Finalized,67,67,0.36,0,0.36
2026-08-04,UDXWNBAGAMEWIN_SEANY2026AUG05_SEA,Basketball (pro),Moneyline,Finalized,67,67,0.21,0,0.21
2026-08-04,UDXCOMBO-15519522282621976443,Other,Combo-15519522282621976443,Finalized,0,67,0.14,0,0.14
2026-08-04,UDXCOMBO-4565926905137766339,Other,Combo-4565926905137766339,Finalized,0,67,0.24,0,0.24
2026-08-04,UDXCOMBO-9498896453072855087,Other,Combo-9498896453072855087,Finalized,0,67,0.07,0,0.07
2026-08-04,UDXMLBSPREAD_NYMCLE26AUG041840_NYM4.5,Baseball,Spread,Finalized,0,67,0.33,0,0.33
2026-08-04,UDXCOMBO-17296125810824049660,Other,Combo-17296125810824049660,Finalized,0,66,0.22,0,0.22
2026-08-04,UDXCOMBO-3512701980829033195,Other,Combo-3512701980829033195,Finalized,0,66,0.01,0,0.01
2026-08-04,UDXMLBSPREAD_CWSBOS26AUG041910_BOS8.5,Baseball,Spread,Finalized,0,63,0.38,0,0.38
2026-08-04,UDXCOMBO-13906046424857158411,Other,Combo-13906046424857158411,Finalized,62,62,0.47,0,0.47
2026-08-04,UDXCOMBO-8896174311374558462,Other,Combo-8896174311374558462,Finalized,0,62,0.21,0,0.21
2026-08-04,UDXCOMBO-12025279190366295654,Other,Combo-12025279190366295654,Finalized,0,60,0.17,0,0.17
2026-08-04,UDXCOMBO-4856619572610648720,Other,Combo-4856619572610648720,Finalized,0,60,0.14,0,0.14
2026-08-04,UDXCOMBO-652453353420159964,Other,Combo-652453353420159964,Finalized,0,60,0.4,0,0.4
2026-08-04,UDXCOMBO-7979567811566754057,Other,Combo-7979567811566754057,Finalized,0,60,0.16,0,0.16
2026-08-04,UDXCOMBO-8463740547425302166,Other,Combo-8463740547425302166,Finalized,0,59,0.16,0,0.16
2026-08-04,UDXMLBSPREAD_SFTEX26AUG042005_TEX3.5,Baseball,Spread,Finalized,0,59,0.35,0,0.35
2026-08-04,UDXWNBASPREAD_TORGSV2026AUG04_TOR1.5,Basketball (pro),Spread,Finalized,58,58,0.23,0,0.23
2026-08-04,UDXCOMBO-11616195746182721713,Other,Combo-11616195746182721713,Finalized,0,58,0.58,0,0.58
2026-08-04,UDXCOMBO-11781453097786589098,Other,Combo-11781453097786589098,Finalized,0,58,0.47,0,0.47
2026-08-04,UDXCOMBO-15369429865289165162,Other,Combo-15369429865289165162,Finalized,0,58,0.16,0,0.16
2026-08-04,UDXCOMBO-13921965891008580600,Other,Combo-13921965891008580600,Finalized,0,57,0.16,0,0.16
2026-08-04,UDXCOMBO-10967359442641219158,Other,Combo-10967359442641219158,Finalized,0,56,0.25,0,0.25
2026-08-04,UDXCOMBO-7105240938490335473,Other,Combo-7105240938490335473,Finalized,55,55,0.26,0,0.26
2026-08-04,UDXMLBSPREAD_CWSBOS26AUG041910_CWS1.5,Baseball,Spread,Finalized,0,55,0.33,0,0.02
2026-08-04,UDXCOMBO-13620019327619679982,Other,Combo-13620019327619679982,Finalized,0,54.62,0.17,0,0.17
2026-08-04,UDXCOMBO-15975799317183547093,Other,Combo-15975799317183547093,Finalized,0,54,0.18,0,0.18
2026-08-04,UDXCOMBO-2161802216725442725,Other,Combo-2161802216725442725,Finalized,0,54,0.22,0,0.22
2026-08-04,UDXMLBGAMEWIN_LADCHC26AUG051420_CHC,Baseball,Moneyline,Finalized,53,53,0.54,0,0.54
2026-08-04,UDXCOMBO-1695597018767101315,Other,Combo-1695597018767101315,Finalized,0,53,0.07,0,0.07
2026-08-04,UDXMLBSPREAD_MINKAN26AUG041940_MIN2.5,Baseball,Spread,Finalized,0,53,0.36,0,0.36
2026-08-04,UDXCOMBO-14407988299493685002,Other,Combo-14407988299493685002,Finalized,0,51,0.06,0,0.06
2026-08-04,UDXCOMBO-9591115335533701842,Other,Combo-9591115335533701842,Finalized,0,51,0.22,0,0.22
2026-08-04,UDXCOMBO-16615143638508660068,Other,Combo-16615143638508660068,Finalized,50,50,0.36,0,0.36
2026-08-04,UDXCOMBO-15270093283198775582,Other,Combo-15270093283198775582,Finalized,0,50,0.28,0,0.28
2026-08-04,UDXCOMBO-14134618262883195866,Other,Combo-14134618262883195866,Finalized,0,49,0.29,0,0.29
2026-08-04,UDXCOMBO-8674531522531971672,Other,Combo-8674531522531971672,Finalized,0,49,0.19,0,0.19
2026-08-04,UDXCOMBO-18094248892798069423,Other,Combo-18094248892798069423,Finalized,47,47,0.2,0,0.2
2026-08-04,UDXCOMBO-2477532764249633983,Other,Combo-2477532764249633983,Finalized,0,47,0.2,0,0.2
2026-08-04,UDXCOMBO-3374511660745987263,Other,Combo-3374511660745987263,Finalized,0,47,0.2,0,0.2
2026-08-04,UDXMLBSPREAD_CWSBOS26AUG041910_BOS6.5,Baseball,Spread,Finalized,0,47,0.49,0,0.44
2026-08-04,UDXMLBGAMEWIN_PITMIL26AUG051940_MIL,Baseball,Moneyline,Finalized,46,46,0.54,0,0.54
2026-08-04,UDXMLBSPREAD_STLNYY26AUG051905_NYY1.5,Baseball,Spread,Finalized,46,46,0.41,0,0.41
2026-08-04,UDXCOMBO-2918221152105654937,Other,Combo-2918221152105654937,Finalized,0,46,0.13,0,0.13
2026-08-04,UDXMLBTOTAL_LADCHC26AUG042005_2.5,Baseball,Total,Finalized,0,46,0.96,0,0.96
2026-08-04,UDXCOMBO-14947845822203995480,Other,Combo-14947845822203995480,Finalized,0,45.21,0.26,0,0.26
2026-08-04,UDXCOMBO-3919762348526031150,Other,Combo-3919762348526031150,Finalized,0,45,0.21,0,0.21
2026-08-04,UDXCOMBO-4132642683207309841,Other,Combo-4132642683207309841,Finalized,0,45,0.64,0,0.64
2026-08-04,UDXCOMBO-1738284512367515022,Other,Combo-1738284512367515022,Finalized,0,44,0.24,0,0.24
2026-08-04,UDXCOMBO-9908445839504042173,Other,Combo-9908445839504042173,Finalized,43,43,0.45,0,0.45
2026-08-04,UDXCOMBO-3740568725017074191,Other,Combo-3740568725017074191,Finalized,0,43,0.11,0,0.11
2026-08-04,UDXMLBSPREAD_LADCHC26AUG042005_LAD3.5,Baseball,Spread,Finalized,0,43,0.33,0,0.33
2026-08-04,UDXCOMBO-4622871175571153576,Other,Combo-4622871175571153576,Finalized,42,42,0.48,0,0.48
2026-08-04,UDXCOMBO-12814356160181054475,Other,Combo-12814356160181054475,Finalized,0,42,0.45,0,0.45
2026-08-04,UDXCOMBO-4240975461815757746,Other,Combo-4240975461815757746,Finalized,0,42,0.03,0,0.03
2026-08-04,UDXMLBGAMEWIN_MIAATL26AUG051915_MIA,Baseball,Moneyline,Finalized,41,41,0.46,0,0.46
2026-08-04,UDXCOMBO-12578817781027467747,Other,Combo-12578817781027467747,Finalized,0,41,0.23,0,0.23
2026-08-04,UDXMLBSPREAD_MIAATL26AUG041915_ATL3.5,Baseball,Spread,Finalized,0,41,0.23,0,0.23
2026-08-04,UDXMLBTOTAL_SFTEX26AUG042005_3.5,Baseball,Total,Finalized,0,41,0.53,0,0.53
2026-08-04,UDXCOMBO-8657378945695981237,Other,Combo-8657378945695981237,Finalized,40,40,0.21,0,0.21
2026-08-04,UDXCOMBO-18355679528282671540,Other,Combo-18355679528282671540,Finalized,0,39.57,0.12,0,0.12
2026-08-04,UDXCOMBO-14339936317895569703,Other,Combo-14339936317895569703,Finalized,39,39,0.64,0,0.64
2026-08-04,UDXWNBAGAMEWIN_SEANY2026AUG05_NY,Basketball (pro),Moneyline,Finalized,39,39,0.85,0,0.79
2026-08-04,UDXCOMBO-5105068589769664398,Other,Combo-5105068589769664398,Finalized,0,39,0.38,0,0.38
2026-08-04,UDXMLBTOTAL_STLNYY26AUG041905_5.5,Baseball,Total,Finalized,0,39,0.53,0,0.53
2026-08-04,UDXMLBSPREAD_CWSBOS26AUG051910_BOS1.5,Baseball,Spread,Finalized,38,38,0.37,0,0.37
2026-08-04,UDXCOMBO-14056687624428965502,Other,Combo-14056687624428965502,Finalized,0,38,0.5,0,0.5
2026-08-04,UDXMLBTOTAL_STLNYY26AUG041905_9.5,Baseball,Total,Finalized,0,38,0.37,0,0.37
2026-08-04,UDXCOMBO-6136749951575919355,Other,Combo-6136749951575919355,Finalized,0,37.58,0.37,0,0.35
2026-08-04,UDXCOMBO-7502128224638832404,Other,Combo-7502128224638832404,Finalized,0,37,0.25,0,0.25
2026-08-04,UDXCOMBO-9627085496915891632,Other,Combo-9627085496915891632,Finalized,0,37,0.12,0,0.12
2026-08-04,UDXCOMBO-16908268858288853709,Other,Combo-16908268858288853709,Finalized,36,36,0.06,0,0.06
2026-08-04,UDXCOMBO-11119832000459290294,Other,Combo-11119832000459290294,Finalized,35,35,0.35,0,0.35
2026-08-04,UDXWNBATOTAL_PHXATL2026AUG05_178.5,Basketball (pro),Total,Finalized,35,35,0.56,0,0.55
2026-08-04,UDXMLBTOTAL_PITMIL26AUG041940_5.5,Baseball,Total,Finalized,0,35,0.69,0,0.69
2026-08-04,UDXCOMBO-1795119165987253012,Other,Combo-1795119165987253012,Finalized,0,33,0.5,0,0.5
2026-08-04,UDXCOMBO-3417872125889734083,Other,Combo-3417872125889734083,Finalized,0,33,0.26,0,0.26
2026-08-04,UDXCOMBO-8886522526771419445,Other,Combo-8886522526771419445,Finalized,0,33,0.59,0,0.59
2026-08-04,UDXCOMBO-16845189583628490926,Other,Combo-16845189583628490926,Finalized,0,30.9,0.33,0,0.33
2026-08-04,UDXMLBTOTAL_LADCHC26AUG051420_9.5,Baseball,Total,Finalized,30,30,0.48,0,0.48
2026-08-04,UDXCOMBO-7772097825628047862,Other,Combo-7772097825628047862,Finalized,0,30,0.03,0,0.03
2026-08-04,UDXCOMBO-9040519254068414518,Other,Combo-9040519254068414518,Finalized,0,30,0.16,0,0.16
2026-08-04,UDXMLBTOTAL_PITMIL26AUG041940_4.5,Baseball,Total,Finalized,0,30,0.67,0,0.67
2026-08-04,UDXMLBTOTAL_TORHOU26AUG042010_11.5,Baseball,Total,Finalized,0,30,0.44,0,0.04
2026-08-04,UDXCOMBO-6551010610623596773,Other,Combo-6551010610623596773,Finalized,0,29,0.6,0,0.6
2026-08-04,UDXCOMBO-7280449754357905109,Other,Combo-7280449754357905109,Finalized,28,28,0.51,0,0.51
2026-08-04,UDXCOMBO-1044237624108527842,Other,Combo-1044237624108527842,Finalized,0,28,0.17,0,0.17
2026-08-04,UDXCOMBO-14131572340270287547,Other,Combo-14131572340270287547,Finalized,0,28,0.17,0,0.17
2026-08-04,UDXCOMBO-7397646320705834620,Other,Combo-7397646320705834620,Finalized,0,28,0.17,0,0.17
2026-08-04,UDXCOMBO-3112148362281886329,Other,Combo-3112148362281886329,Finalized,27,27,0.03,0,0.03
2026-08-04,UDXCOMBO-10403851712088975554,Other,Combo-10403851712088975554,Finalized,0,27,0.31,0,0.31
2026-08-04,UDXCOMBO-2916754968390467042,Other,Combo-2916754968390467042,Finalized,0,27,0.35,0,0.35
2026-08-04,UDXCOMBO-4238296317520053000,Other,Combo-4238296317520053000,Finalized,0,26,0.35,0,0.29
2026-08-04,UDXCOMBO-14796079552180986619,Other,Combo-14796079552180986619,Finalized,25,25,0.42,0,0.42
2026-08-04,UDXCOMBO-52774331028932800,Other,Combo-52774331028932800,Finalized,0,25,0.19,0,0.19
2026-08-04,UDXMLBSPREAD_LAABAL26AUG041835_LAA1.5,Baseball,Spread,Finalized,0,25,0.3,0,0.3
2026-08-04,UDXMLBTOTAL_SDARI26AUG032140_7.5,Baseball,Total,Finalized,0,25,0.02,0,0.02
2026-08-04,UDXCOMBO-6233454097265926345,Other,Combo-6233454097265926345,Finalized,0,24.02,0.18,0,0.18
2026-08-04,UDXWNBAGAMEWIN_PHXATL2026AUG05_PHX,Basketball (pro),Moneyline,Finalized,78,24,0.35,0,0.35
2026-08-04,UDXCOMBO-10024653857529759756,Other,Combo-10024653857529759756,Finalized,0,24,0.08,0,0.08
2026-08-04,UDXMLBTOTAL_SDARI26AUG042140_13.5,Baseball,Total,Finalized,23,23,0.54,0,0.54
2026-08-04,UDXWNBASPREAD_SEANY2026AUG05_NY9.5,Basketball (pro),Spread,Finalized,7,23,0.51,0,0.5
2026-08-04,UDXCOMBO-2779632370532149338,Other,Combo-2779632370532149338,Finalized,0,23,0.21,0,0.21
2026-08-04,UDXMLBTOTAL_TBCOL26AUG042040_6.5,Baseball,Total,Finalized,0,23,0.74,0,0.74
2026-08-04,UDXCOMBO-14468404484742874473,Other,Combo-14468404484742874473,Finalized,22,22,0.42,0,0.42
2026-08-04,UDXCOMBO-12094918706079731164,Other,Combo-12094918706079731164,Finalized,0,21,0.44,0,0.44
2026-08-04,UDXCOMBO-15593870043314652813,Other,Combo-15593870043314652813,Finalized,0,21,0.1,0,0.1
2026-08-04,UDXCOMBO-2047522864056824555,Other,Combo-2047522864056824555,Finalized,0,21,0.22,0,0.22
2026-08-04,UDXCOMBO-4147469989808919181,Other,Combo-4147469989808919181,Finalized,0,21,0.44,0,0.44
2026-08-04,UDXMLBSPREAD_SFTEX26AUG042005_SF1.5,Baseball,Spread,Finalized,0,21,0.25,0,0.25
2026-08-04,UDXCOMBO-13142734530064870107,Other,Combo-13142734530064870107,Finalized,0,20,0.23,0,0.23
2026-08-04,UDXCOMBO-6519831121752886110,Other,Combo-6519831121752886110,Finalized,0,20,0.23,0,0.23
2026-08-04,UDXCOMBO-718713328088059279,Other,Combo-718713328088059279,Finalized,0,20,0.74,0,0.74
2026-08-04,UDXMLBTOTAL_MINKAN26AUG041940_13.5,Baseball,Total,Finalized,0,20,0.03,0,0.03
2026-08-04,UDXCOMBO-11928756542646398335,Other,Combo-11928756542646398335,Finalized,19,19,0.5,0,0.5
2026-08-04,UDXCOMBO-281601712773977468,Other,Combo-281601712773977468,Finalized,0,19,0.3,0,0.3
2026-08-04,UDXCOMBO-4203578986800231231,Other,Combo-4203578986800231231,Finalized,0,19,0.27,0,0.27
2026-08-04,UDXMLBTOTAL_LADCHC26AUG042005_3.5,Baseball,Total,Finalized,0,19,0.71,0,0.71
2026-08-04,UDXCOMBO-1799702152516009344,Other,Combo-1799702152516009344,Finalized,0,18,0.05,0,0.05
2026-08-04,UDXCOMBO-15726243714187563280,Other,Combo-15726243714187563280,Finalized,0,17.61,0.27,0,0.27
2026-08-04,UDXCOMBO-8623026013293357006,Other,Combo-8623026013293357006,Finalized,17,17,0.24,0,0.24
2026-08-04,UDXCOMBO-8968914921979201176,Other,Combo-8968914921979201176,Finalized,17,17,0.55,0,0.55
2026-08-04,UDXMLBGAMEWIN_TORHOU26AUG051410_TOR,Baseball,Moneyline,Finalized,17,17,0.41,0,0.41
2026-08-04,UDXCOMBO-10828101796140552469,Other,Combo-10828101796140552469,Finalized,0,17,0.5,0,0.5
2026-08-04,UDXCOMBO-15426392873105305787,Other,Combo-15426392873105305787,Finalized,16,16,0.59,0,0.59
2026-08-04,UDXCOMBO-8282534269551574850,Other,Combo-8282534269551574850,Finalized,16,16,0.29,0,0.29
2026-08-04,UDXCOMBO-15730064847405315729,Other,Combo-15730064847405315729,Finalized,15.88,15.88,0.3,0,0.3
2026-08-04,UDXCOMBO-2815134238678304169,Other,Combo-2815134238678304169,Finalized,0,15.24,0.19,0,0.19
2026-08-04,UDXCOMBO-17198390465479369183,Other,Combo-17198390465479369183,Finalized,15,15,0.32,0,0.32
2026-08-04,UDXCOMBO-11115048231539314902,Other,Combo-11115048231539314902,Finalized,0,15,0.3,0,0.3
2026-08-04,UDXCOMBO-4350774685917212550,Other,Combo-4350774685917212550,Finalized,14,14,0.65,0,0.65
2026-08-04,UDXCOMBO-9207983680232536303,Other,Combo-9207983680232536303,Finalized,14,14,0.62,0,0.62
2026-08-04,UDXWNBASPREAD_PHXATL2026AUG05_ATL3.5,Basketball (pro),Spread,Finalized,8,14,0.56,0,0.56
2026-08-04,UDXCOMBO-1508118361776317165,Other,Combo-1508118361776317165,Finalized,0,14,0.32,0,0.32
2026-08-04,UDXCOMBO-4779008328447921728,Other,Combo-4779008328447921728,Finalized,13,13,0.33,0,0.33
2026-08-04,UDXCOMBO-9348422109666027634,Other,Combo-9348422109666027634,Finalized,13,13,0.73,0,0.73
2026-08-04,UDXCOMBO-10091265137312973013,Other,Combo-10091265137312973013,Finalized,0,13,0.36,0,0.36
2026-08-04,UDXCOMBO-2421717221736847080,Other,Combo-2421717221736847080,Finalized,12.4,12.4,0.39,0,0.39
2026-08-04,UDXCOMBO-10446666993630678678,Other,Combo-10446666993630678678,Finalized,12,12,0.42,0,0.42
2026-08-04,UDXCOMBO-2557593780848396018,Other,Combo-2557593780848396018,Finalized,12,12,0.23,0,0.23
2026-08-04,UDXCOMBO-3746906010274511611,Other,Combo-3746906010274511611,Finalized,12,12,0.38,0,0.38
2026-08-04,UDXMLBSPREAD_TBCOL26AUG042040_TB2.5,Baseball,Spread,Finalized,12,12,0.39,0,0.39
2026-08-04,UDXMLBTOTAL_PITMIL26AUG051940_7.5,Baseball,Total,Finalized,12,12,0.47,0,0.47
2026-08-04,UDXCOMBO-3413149779119277075,Other,Combo-3413149779119277075,Finalized,0,12,0.49,0,0.49
2026-08-04,UDXCOMBO-3780116032116353013,Other,Combo-3780116032116353013,Finalized,11,11,0.44,0,0.44
2026-08-04,UDXMLBSPREAD_MINKAN26AUG041940_KAN6.5,Baseball,Spread,Finalized,0,11,0.16,0,0.16
2026-08-04,UDXCOMBO-371784654934192619,Other,Combo-371784654934192619,Finalized,0,10.1,0.09,0,0.09
2026-08-04,UDXCOMBO-13626810150344706458,Other,Combo-13626810150344706458,Finalized,10,10,0.52,0,0.52
2026-08-04,UDXCOMBO-9032643614161430480,Other,Combo-9032643614161430480,Finalized,10,10,0.49,0,0.49
2026-08-04,UDXWNBASPREAD_PHXATL2026AUG05_ATL6.5,Basketball (pro),Spread,Finalized,10,10,0.44,0,0.44
2026-08-04,UDXMLBTOTAL_WASPHI26AUG041840_11.5,Baseball,Total,Finalized,0,10,0.34,0,0.34
2026-08-04,UDXCOMBO-1676782877138337215,Other,Combo-1676782877138337215,Finalized,0,9,0.26,0,0.26
2026-08-04,UDXMLBTOTAL_NYMCLE26AUG041840_5.5,Baseball,Total,Finalized,0,9,0.7,0,0.7
2026-08-04,UDXCOMBO-10677385862629414583,Other,Combo-10677385862629414583,Finalized,0,8.11,0.23,0,0.23
2026-08-04,UDXWNBASPREAD_LVIND2026AUG06_IND1.5,Basketball (pro),Spread,Finalized,8,8,0.47,0,0.47
2026-08-04,UDXMLBTOTAL_OAKCIN26AUG041840_4.5,Baseball,Total,Finalized,0,8,0.89,0,0.89
2026-08-04,UDXCOMBO-11246265390495101040,Other,Combo-11246265390495101040,Finalized,7.83,7.83,0.12,0,0.12
2026-08-04,UDXCOMBO-16897916270480707074,Other,Combo-16897916270480707074,Finalized,7.12,7.12,0.13,0,0.13
2026-08-04,UDXWNBASPREAD_DALWSH2026AUG05_DAL1.5,Basketball (pro),Spread,Finalized,7,7,0.54,0,0.54
2026-08-04,UDXWNBASPREAD_LVIND2026AUG06_IND6.5,Basketball (pro),Spread,Finalized,7,7,0.36,0,0.36
2026-08-04,UDXWNBATOTAL_DALWSH2026AUG05_164.5,Basketball (pro),Total,Finalized,7,7,0.55,0,0.54
2026-08-04,UDXCOMBO-8115009005152884650,Other,Combo-8115009005152884650,Finalized,5.03,5.03,0.19,0,0.19
2026-08-04,UDXCOMBO-16762774391117534737,Other,Combo-16762774391117534737,Finalized,0,5,0.28,0,0.28
2026-08-04,UDXWNBAGAMEWIN_LVIND2026AUG06_LV,Basketball (pro),Moneyline,Finalized,4,4,0.5,0,0.47
2026-08-04,UDXCOMBO-2777486363843620053,Other,Combo-2777486363843620053,Finalized,0,4,0.22,0,0.22
2026-08-04,UDXCOMBO-4529398765835459384,Other,Combo-4529398765835459384,Finalized,0,4,0.19,0,0.19
2026-08-04,UDXCOMBO-52187294311942327,Other,Combo-52187294311942327,Finalized,0,4,0.2,0,0.2
2026-08-04,UDXCOMBO-18206298518997677190,Other,Combo-18206298518997677190,Finalized,3.27,3.27,0.59,0,0.59
2026-08-04,UDXCOMBO-13042301826561327679,Other,Combo-13042301826561327679,Finalized,0,3,0.31,0,0.31
2026-08-04,UDXCOMBO-15991615688702539976,Other,Combo-15991615688702539976,Finalized,0,3,0.31,0,0.31
2026-08-04,UDXCOMBO-1762422620104973357,Other,Combo-1762422620104973357,Finalized,0,3,0.32,0,0.32
2026-08-04,UDXCOMBO-8766932445501311387,Other,Combo-8766932445501311387,Finalized,0,3,0.22,0,0.22
2026-08-04,UDXCOMBO-3926243133984539089,Other,Combo-3926243133984539089,Finalized,2.69,2.69,0.36,0,0.36
2026-08-04,UDXMLBSPREAD_LAABAL26AUG051835_BAL1.5,Baseball,Spread,Finalized,2.45,2.45,0.39,0,0.39
2026-08-04,UDXCOMBO-9562635175212461113,Other,Combo-9562635175212461113,Finalized,0,2.38,0.4,0,0.4
2026-08-04,UDXCOMBO-10476322761584169454,Other,Combo-10476322761584169454,Finalized,0,2,0.37,0,0.37
2026-08-04,UDXCOMBO-6921658370107119024,Other,Combo-6921658370107119024,Finalized,0,2,0.35,0,0.35
2026-08-04,UDXWNBATOTAL_TORGSV2026AUG04_157.5,Basketball (pro),Total,Finalized,1,1,0.81,0,0.81
2026-08-05,UDXMLBGAMEWIN_LADCHC26AUG051420_LAD,Baseball,Moneyline,Finalized,0,133611.76,0.59,0,0.04
2026-08-05,UDXMLBGAMEWIN_TORHOU26AUG051410_HOU,Baseball,Moneyline,Finalized,0,94484.9,0.93,0,0.05
2026-08-05,UDXMLBGAMEWIN_DETSEA26AUG052140_DET,Baseball,Moneyline,Finalized,58274.7,67204.7,0.48,0,0.05
2026-08-05,UDXMLBGAMEWIN_WASPHI26AUG051840_WAS,Baseball,Moneyline,Finalized,0,58512.34,0.98,0,0.98
2026-08-05,UDXWNBAGAMEWIN_LACHI2026AUG05_LA,Basketball (pro),Moneyline,Finalized,0,55219.54,0.6,0,0.06
2026-08-05,UDXMLBGAMEWIN_SDARI26AUG052140_SD,Baseball,Moneyline,Finalized,38119,42935,0.63,0,0.03
2026-08-05,UDXMLBGAMEWIN_TORHOU26AUG051410_TOR,Baseball,Moneyline,Finalized,0,41104,0.88,0,0.88
2026-08-05,UDXMLBGAMEWIN_CWSBOS26AUG051910_BOS,Baseball,Moneyline,Finalized,0,40609,0.98,0,0.97
2026-08-05,UDXMLBTOTAL_DETSEA26AUG052140_8.5,Baseball,Total,Finalized,26632,37623,0.43,0,0.09
2026-08-05,UDXMLBGAMEWIN_STLNYY26AUG051905_NYY,Baseball,Moneyline,Finalized,0,35329,0.66,0,0.07
2026-08-05,UDXMLBGAMEWIN_STLNYY26AUG051905_STL,Baseball,Moneyline,Finalized,0,34353.38,0.98,0,0.96
2026-08-05,UDXMLBGAMEWIN_DETSEA26AUG052140_SEA,Baseball,Moneyline,Finalized,16700,34070,0.98,0,0.96
2026-08-05,UDXMLBGAMEWIN_WASPHI26AUG051840_PHI,Baseball,Moneyline,Finalized,0,32149.24,0.85,0,0.06
2026-08-05,UDXMLBSPREAD_TORHOU26AUG051410_HOU1.5,Baseball,Spread,Finalized,0,30964,0.83,0,0.01
2026-08-05,UDXMLBSPREAD_DETSEA26AUG052140_SEA1.5,Baseball,Spread,Finalized,23334,30218,0.9,0,0.8
2026-08-05,UDXWNBAGAMEWIN_LACHI2026AUG05_CHI,Basketball (pro),Moneyline,Finalized,0,30007.75,0.96,0,0.94
2026-08-05,UDXMLBGAMEWIN_LADCHC26AUG051420_CHC,Baseball,Moneyline,Finalized,0,29737.64,0.98,0,0.95
2026-08-05,UDXMLBGAMEWIN_NYMCLE26AUG051840_NYM,Baseball,Moneyline,Finalized,0,28498,0.86,0,0.72
2026-08-05,UDXWNBAGAMEWIN_DALWSH2026AUG05_DAL,Basketball (pro),Moneyline,Finalized,0,27034,0.98,0,0.02
2026-08-05,UDXMLBGAMEWIN_NYMCLE26AUG051840_CLE,Baseball,Moneyline,Finalized,0,26749.6,0.96,0,0.29
2026-08-05,UDXWNBAGAMEWIN_PHXATL2026AUG05_PHX,Basketball (pro),Moneyline,Finalized,0,26324.8,0.35,0,0.02
2026-08-05,UDXWNBAGAMEWIN_DALWSH2026AUG05_WSH,Basketball (pro),Moneyline,Finalized,0,25936,0.98,0,0.98
2026-08-05,UDXMLBGAMEWIN_PITMIL26AUG051940_PIT,Baseball,Moneyline,Finalized,0,24848.47,0.46,0,0.03
2026-08-05,UDXMLBGAMEWIN_LAABAL26AUG051835_BAL,Baseball,Moneyline,Finalized,0,23071.66,0.98,0,0.97
2026-08-05,UDXMLBGAMEWIN_MINKAN26AUG051940_MIN,Baseball,Moneyline,Finalized,0,20551,0.63,0,0.03
2026-08-05,UDXMLBGAMEWIN_TBCOL26AUG051510_TB,Baseball,Moneyline,Finalized,0,20147.42,0.98,0,0.98
2026-08-05,UDXMLBTOTAL_STLNYY26AUG051905_6.5,Baseball,Total,Finalized,0,19740,0.63,0,0.09
2026-08-05,UDXMLBTOTAL_DETSEA26AUG052140_3.5,Baseball,Total,Finalized,8480,18708,0.88,0,0.47
2026-08-05,UDXMLBGAMEWIN_PITMIL26AUG051940_MIL,Baseball,Moneyline,Finalized,0,18194,0.99,0,0.99
2026-08-05,UDXMLBSPREAD_LAABAL26AUG051835_BAL1.5,Baseball,Spread,Finalized,0,18096,0.91,0,0.91
2026-08-05,UDXMLBGAMEWIN_SDARI26AUG052140_ARI,Baseball,Moneyline,Finalized,9941,18011,0.98,0,0.98
2026-08-05,UDXMLBSPREAD_TBCOL26AUG051510_TB3.5,Baseball,Spread,Finalized,0,17377,0.94,0,0.94
2026-08-05,UDXWNBAGAMEWIN_SEANY2026AUG05_SEA,Basketball (pro),Moneyline,Finalized,0,16147,0.3,0,0.03
2026-08-05,UDXMLBGAMEWIN_MIAATL26AUG051915_MIA,Baseball,Moneyline,Finalized,0,15617.47,0.47,0,0.05
2026-08-05,UDXMLBTOTAL_SDARI26AUG052140_8.5,Baseball,Total,Finalized,5456,15228.72,0.94,0,0.48
2026-08-05,UDXMLBGAMEWIN_MIAATL26AUG051915_ATL,Baseball,Moneyline,Finalized,0,15146,0.98,0,0.98
2026-08-05,UDXMLBTOTAL_SDARI26AUG042140_12.5,Baseball,Total,Finalized,0,14788,0.7,0,0.7
2026-08-05,UDXMLBTOTAL_SDARI26AUG052140_9.5,Baseball,Total,Finalized,6867,14263,0.86,0,0.34
2026-08-05,UDXMLBGAMEWIN_CWSBOS26AUG051910_CWS,Baseball,Moneyline,Finalized,0,14215.76,0.47,0,0.02
2026-08-05,UDXMLBTOTAL_TORHOU26AUG051410_8.5,Baseball,Total,Finalized,0,14105.08,0.77,0,0.56
2026-08-05,UDXMLBTOTAL_LADCHC26AUG051420_9.5,Baseball,Total,Finalized,0,13668,0.85,0,0.5
2026-08-05,UDXMLBGAMEWIN_LAABAL26AUG051835_LAA,Baseball,Moneyline,Finalized,0,12977.11,0.48,0,0.03
2026-08-05,UDXMLBTOTAL_WASPHI26AUG051840_9.5,Baseball,Total,Finalized,0,12917,0.6,0,0.56
2026-08-05,UDXMLBTOTAL_LADCHC26AUG051420_10.5,Baseball,Total,Finalized,0,11199,0.75,0,0.2
2026-08-05,UDXWNBATOTAL_LACHI2026AUG05_186.5,Basketball (pro),Total,Finalized,0,11096,0.81,0,0.09
2026-08-05,UDXMLBGAMEWIN_OAKCIN26AUG051840_CIN,Baseball,Moneyline,Finalized,0,10982.23,0.98,0,0.98
2026-08-05,UDXMLBTOTAL_TBCOL26AUG051510_11.5,Baseball,Total,Finalized,0,10947,0.6,0,0.02
2026-08-05,UDXMLBTOTAL_LAABAL26AUG051835_6.5,Baseball,Total,Finalized,0,10930,0.61,0,0.29
2026-08-05,UDXMLBTOTAL_LAABAL26AUG051835_7.5,Baseball,Total,Finalized,0,10272,0.54,0,0.14
2026-08-05,UDXMLBTOTAL_TBCOL26AUG051510_5.5,Baseball,Total,Finalized,0,10204,0.89,0,0.02
2026-08-05,UDXWNBATOTAL_PHXATL2026AUG05_187.5,Basketball (pro),Total,Finalized,0,10165,0.72,0,0.04
2026-08-05,UDXMLBTOTAL_LADCHC26AUG051420_13.5,Baseball,Total,Finalized,0,10099,0.6,0,0.08
2026-08-05,UDXMLBGAMEWIN_TBCOL26AUG051510_COL,Baseball,Moneyline,Finalized,0,9796,0.41,0,0.02
2026-08-05,UDXMLBTOTAL_SDARI26AUG052140_10.5,Baseball,Total,Finalized,5080,9659,0.67,0,0.22
2026-08-05,UDXMLBGAMEWIN_OAKCIN26AUG051840_OAK,Baseball,Moneyline,Finalized,0,9639,0.53,0,0.06
2026-08-05,UDXMLBSPREAD_TORHOU26AUG051410_TOR1.5,Baseball,Spread,Finalized,0,9404,0.49,0,0.05
2026-08-05,UDXMLBTOTAL_DETSEA26AUG052140_7.5,Baseball,Total,Finalized,4124,9190,0.53,0,0.08
2026-08-05,UDXMLBGAMEWIN_MINKAN26AUG051940_KAN,Baseball,Moneyline,Finalized,0,9082.72,0.98,0,0.98
2026-08-05,UDXWNBATOTAL_LACHI2026AUG05_180.5,Basketball (pro),Total,Finalized,0,9049,0.74,0,0.74
2026-08-05,UDXWNBASPREAD_LACHI2026AUG05_CHI7.5,Basketball (pro),Spread,Finalized,0,9043,0.97,0,0.95
2026-08-05,UDXWNBATOTAL_LACHI2026AUG05_198.5,Basketball (pro),Total,Finalized,0,8762,0.52,0,0.03
2026-08-05,UDXMLBGAMEWIN_SFTEX26AUG051435_SF,Baseball,Moneyline,Finalized,0,8697,0.44,0,0.03
2026-08-05,UDXWNBATOTAL_LACHI2026AUG05_195.5,Basketball (pro),Total,Finalized,0,8623,0.63,0,0.05
2026-08-05,UDXWNBATOTAL_DALWSH2026AUG05_189.5,Basketball (pro),Total,Finalized,0,8588,0.74,0,0.03
2026-08-05,UDXMLBSPREAD_STLNYY26AUG051905_STL1.5,Baseball,Spread,Finalized,0,8487,0.95,0,0.81
2026-08-05,UDXMLBTOTAL_TORHOU26AUG051410_6.5,Baseball,Total,Finalized,0,8418,0.72,0,0.55
2026-08-05,UDXMLBTOTAL_STLNYY26AUG051905_4.5,Baseball,Total,Finalized,0,8410,0.81,0,0.19
2026-08-05,UDXWNBATOTAL_DALWSH2026AUG05_186.5,Basketball (pro),Total,Finalized,0,8402,0.91,0,0.67
2026-08-05,UDXMLBTOTAL_DETSEA26AUG052140_6.5,Baseball,Total,Finalized,2679,8332,0.64,0,0.19
2026-08-05,UDXMLBSPREAD_SDARI26AUG052140_SD1.5,Baseball,Spread,Finalized,5237.28,7928.28,0.48,0,0.03
2026-08-05,UDXMLBTOTAL_DETSEA26AUG052140_4.5,Baseball,Total,Finalized,2340,7834,0.81,0,0.26
2026-08-05,UDXMLBSPREAD_LADCHC26AUG051420_CHC1.5,Baseball,Spread,Finalized,0,7814,0.91,0,0.02
2026-08-05,UDXMLBTOTAL_TORHOU26AUG051410_10.5,Baseball,Total,Finalized,0,7769,0.46,0,0.3
2026-08-05,UDXWNBAGAMEWIN_SEANY2026AUG05_NY,Basketball (pro),Moneyline,Finalized,0,7722.77,0.97,0,0.97
2026-08-05,UDXWNBAGAMEWIN_PHXATL2026AUG05_ATL,Basketball (pro),Moneyline,Finalized,0,7391.77,0.98,0,0.98
2026-08-05,UDXMLBSPREAD_WASPHI26AUG051840_PHI1.5,Baseball,Spread,Finalized,0,7287,0.57,0,0.05
2026-08-05,UDXCOMBO-6534711521797984862,Other,Combo-6534711521797984862,Finalized,7010,7010,0,0,0
2026-08-05,UDXMLBSPREAD_DETSEA26AUG052140_SEA2.5,Baseball,Spread,Finalized,1475,7000,0.76,0,0.1
2026-08-05,UDXMLBTOTAL_SFTEX26AUG051435_6.5,Baseball,Total,Finalized,0,6989,0.81,0,0.24
2026-08-05,UDXWNBASPREAD_DALWSH2026AUG05_DAL10.5,Basketball (pro),Spread,Finalized,0,6920,0.58,0,0.05
2026-08-05,UDXMLBSPREAD_TBCOL26AUG051510_TB4.5,Baseball,Spread,Finalized,0,6771,0.43,0,0.15
2026-08-05,UDXWNBASPREAD_PHXATL2026AUG05_ATL12.5,Basketball (pro),Spread,Finalized,0,6768,0.86,0,0.86
2026-08-05,UDXMLBGAMEWIN_SFTEX26AUG051435_TEX,Baseball,Moneyline,Finalized,0,6735,0.98,0,0.98
2026-08-05,UDXMLBSPREAD_CWSBOS26AUG051910_BOS1.5,Baseball,Spread,Finalized,0,6653.97,0.93,0,0.93
2026-08-05,UDXCOMBO-6915755624886036742,Other,Combo-6915755624886036742,Finalized,0,6612,0.07,0,0.07
2026-08-05,UDXMLBTOTAL_PITMIL26AUG051940_6.5,Baseball,Total,Finalized,0,6581,0.71,0,0.05
2026-08-05,UDXWNBATOTAL_LACHI2026AUG05_189.5,Basketball (pro),Total,Finalized,0,6454,0.72,0,0.1
2026-08-05,UDXMLBTOTAL_DETSEA26AUG052140_5.5,Baseball,Total,Finalized,3364,6214,0.53,0,0.4
2026-08-05,UDXCOMBO-6658490974355887413,Other,Combo-6658490974355887413,Finalized,4799.72,6213.72,0.43,0,0.2
2026-08-05,UDXMLBSPREAD_STLNYY26AUG051905_STL2.5,Baseball,Spread,Finalized,0,6122,0.55,0,0.02
2026-08-05,UDXCOMBO-14873608570823808120,Other,Combo-14873608570823808120,Finalized,0,6058,0.32,0,0.32
2026-08-05,UDXMLBTOTAL_TBCOL26AUG051510_6.5,Baseball,Total,Finalized,0,6026,0.85,0,0.07
2026-08-05,UDXWNBASPREAD_LACHI2026AUG05_CHI1.5,Basketball (pro),Spread,Finalized,0,5932,0.85,0,0.59
2026-08-05,UDXWNBATOTAL_SEANY2026AUG05_183.5,Basketball (pro),Total,Finalized,0,5898,0.64,0,0.03
2026-08-05,UDXMLBTOTAL_WASPHI26AUG051840_8.5,Baseball,Total,Finalized,0,5776,0.82,0,0.82
2026-08-05,UDXMLBTOTAL_SDARI26AUG042140_14.5,Baseball,Total,Finalized,0,5675,0.42,0,0.06
2026-08-05,UDXCOMBO-5147751250965190069,Other,Combo-5147751250965190069,Finalized,0,5608,0,0,0
2026-08-05,UDXMLBTOTAL_WASPHI26AUG051840_13.5,Baseball,Total,Finalized,0,5575,0.83,0,0.83
2026-08-05,UDXWNBATOTAL_PHXATL2026AUG05_181.5,Basketball (pro),Total,Finalized,0,5555,0.87,0,0.05
2026-08-05,UDXMLBTOTAL_TBCOL26AUG051510_8.5,Baseball,Total,Finalized,0,5401,0.73,0,0.03
2026-08-05,UDXMLBTOTAL_SDARI26AUG052140_11.5,Baseball,Total,Finalized,3547,5327,0.64,0,0.11
2026-08-05,UDXMLBTOTAL_NYMCLE26AUG051840_12.5,Baseball,Total,Finalized,0,5316,0.63,0,0.37
2026-08-05,UDXMLBTOTAL_LADCHC26AUG051420_12.5,Baseball,Total,Finalized,0,5284,0.54,0,0.44
2026-08-05,UDXMLBTOTAL_SDARI26AUG042140_15.5,Baseball,Total,Finalized,0,5203,0.3,0,0.07
2026-08-05,UDXCOMBO-17836585152189314951,Other,Combo-17836585152189314951,Finalized,0,5190,0.22,0,0.22
2026-08-05,UDXMLBTOTAL_SDARI26AUG052140_6.5,Baseball,Total,Finalized,0,5174,0.88,0,0.88
2026-08-05,UDXWNBASPREAD_SEANY2026AUG05_NY9.5,Basketball (pro),Spread,Finalized,0,5135.58,0.56,0,0.02
2026-08-05,UDXWNBATOTAL_LACHI2026AUG05_174.5,Basketball (pro),Total,Finalized,0,5065,0.96,0,0.96
2026-08-05,UDXWNBASPREAD_PHXATL2026AUG05_ATL6.5,Basketball (pro),Spread,Finalized,0,5056,0.93,0,0.93
2026-08-05,UDXMLBTOTAL_STLNYY26AUG051905_5.5,Baseball,Total,Finalized,0,4940,0.69,0,0.12
2026-08-05,UDXMLBTOTAL_CWSBOS26AUG051910_8.5,Baseball,Total,Finalized,0,4926,0.49,0,0.03
2026-08-05,UDXMLBTOTAL_PITMIL26AUG051940_7.5,Baseball,Total,Finalized,0,4799,0.47,0,0.1
2026-08-05,UDXMLBTOTAL_NYMCLE26AUG051840_9.5,Baseball,Total,Finalized,0,4768,0.55,0,0.31
2026-08-05,UDXCOMBO-1182918531843038280,Other,Combo-1182918531843038280,Finalized,2377,4729,0.38,0,0.38
2026-08-05,UDXCOMBO-2001095055928028305,Other,Combo-2001095055928028305,Finalized,0,4673,0,0,0
2026-08-05,UDXCOMBO-2595656529215024519,Other,Combo-2595656529215024519,Finalized,0,4673,0,0,0
2026-08-05,UDXMLBSPREAD_TBCOL26AUG051510_TB2.5,Baseball,Spread,Finalized,0,4668,0.98,0,0.98
2026-08-05,UDXMLBTOTAL_WASPHI26AUG051840_7.5,Baseball,Total,Finalized,0,4668,0.75,0,0.61
2026-08-05,UDXMLBSPREAD_MIAATL26AUG051915_MIA1.5,Baseball,Spread,Finalized,0,4586,0.34,0,0.33
2026-08-05,UDXMLBSPREAD_PITMIL26AUG051940_MIL1.5,Baseball,Spread,Finalized,0,4555,0.92,0,0.69
2026-08-05,UDXMLBSPREAD_WASPHI26AUG051840_WAS1.5,Baseball,Spread,Finalized,0,4541,0.73,0,0.72
2026-08-05,UDXWNBASPREAD_LACHI2026AUG05_CHI10.5,Basketball (pro),Spread,Finalized,0,4526,0.68,0,0.68
2026-08-05,UDXMLBTOTAL_LADCHC26AUG051420_11.5,Baseball,Total,Finalized,0,4452,0.67,0,0.67
2026-08-05,UDXWNBATOTAL_SEANY2026AUG05_180.5,Basketball (pro),Total,Finalized,0,4441,0.58,0,0.04
2026-08-05,UDXMLBTOTAL_TBCOL26AUG051510_10.5,Baseball,Total,Finalized,0,4369,0.58,0,0.09
2026-08-05,UDXMLBSPREAD_WASPHI26AUG051840_WAS3.5,Baseball,Spread,Finalized,0,4154,0.94,0,0.94
2026-08-05,UDXMLBTOTAL_DETSEA26AUG052140_11.5,Baseball,Total,Finalized,4075,4075,0.02,0,0.02
2026-08-05,UDXMLBTOTAL_WASPHI26AUG051840_12.5,Baseball,Total,Finalized,0,3956,0.69,0,0.64
2026-08-05,UDXMLBTOTAL_TORHOU26AUG051410_7.5,Baseball,Total,Finalized,0,3877,0.82,0,0.57
2026-08-05,UDXMLBSPREAD_LADCHC26AUG051420_CHC3.5,Baseball,Spread,Finalized,0,3770,0.89,0,0.03
2026-08-05,UDXMLBSPREAD_MINKAN26AUG051940_KAN1.5,Baseball,Spread,Finalized,0,3761,0.39,0,0.03
2026-08-05,UDXMLBSPREAD_DETSEA26AUG052140_SEA3.5,Baseball,Spread,Finalized,766,3721,0.43,0,0.05
2026-08-05,UDXWNBASPREAD_LACHI2026AUG05_CHI4.5,Basketball (pro),Spread,Finalized,0,3720,0.81,0,0.81
2026-08-05,UDXMLBTOTAL_MINKAN26AUG051940_6.5,Baseball,Total,Finalized,0,3628,0.64,0,0.04
2026-08-05,UDXMLBTOTAL_SDARI26AUG052140_13.5,Baseball,Total,Finalized,1045,3621,0.32,0,0.13
2026-08-05,UDXMLBSPREAD_LAABAL26AUG051835_LAA1.5,Baseball,Spread,Finalized,0,3595,0.32,0,0.32
2026-08-05,UDXMLBTOTAL_MIAATL26AUG051915_5.5,Baseball,Total,Finalized,0,3533,0.6,0,0.04
2026-08-05,UDXWNBATOTAL_SEANY2026AUG05_177.5,Basketball (pro),Total,Finalized,0,3518,0.81,0,0.22
2026-08-05,UDXMLBTOTAL_WASPHI26AUG051840_10.5,Baseball,Total,Finalized,0,3493,0.54,0,0.51
2026-08-05,UDXMLBTOTAL_OAKCIN26AUG051840_9.5,Baseball,Total,Finalized,0,3414,0.52,0,0.17
2026-08-05,UDXMLBTOTAL_PITMIL26AUG051940_8.5,Baseball,Total,Finalized,0,3411,0.37,0,0.03
2026-08-05,UDXWNBASPREAD_DALWSH2026AUG05_DAL4.5,Basketball (pro),Spread,Finalized,0,3361,0.94,0,0.28
2026-08-05,UDXWNBATOTAL_LACHI2026AUG05_177.5,Basketball (pro),Total,Finalized,0,3320,0.73,0,0.62
2026-08-05,UDXWNBASPREAD_SEANY2026AUG05_NY15.5,Basketball (pro),Spread,Finalized,0,3306,0.5,0,0.25
2026-08-05,UDXCOMBO-13952078715770670349,Other,Combo-13952078715770670349,Finalized,3237,3237,0.06,0,0.06
2026-08-05,UDXWNBASPREAD_DALWSH2026AUG05_DAL1.5,Basketball (pro),Spread,Finalized,0,3196,0.86,0,0.32
2026-08-05,UDXCOMBO-17773514735683659046,Other,Combo-17773514735683659046,Finalized,0,3125,0.15,0,0.15
2026-08-05,UDXCOMBO-957315282692876388,Other,Combo-957315282692876388,Finalized,0,3121,0.03,0,0.03
2026-08-05,UDXCOMBO-14561697686171835158,Other,Combo-14561697686171835158,Finalized,0,3115,0,0,0
2026-08-05,UDXCOMBO-7927326240916195968,Other,Combo-7927326240916195968,Finalized,0,3115,0,0,0
2026-08-05,UDXMLBTOTAL_DETSEA26AUG052140_9.5,Baseball,Total,Finalized,1564,2983,0.33,0,0.1
2026-08-05,UDXCOMBO-7340746620054323535,Other,Combo-7340746620054323535,Finalized,0,2973,0.51,0,0.46
2026-08-05,UDXMLBTOTAL_MINKAN26AUG051940_5.5,Baseball,Total,Finalized,0,2938,0.53,0,0.3
2026-08-05,UDXCOMBO-738526675891692044,Other,Combo-738526675891692044,Finalized,0,2931,0.03,0,0.03
2026-08-05,UDXMLBSPREAD_LADCHC26AUG051420_LAD1.5,Baseball,Spread,Finalized,0,2919,0.48,0,0.1
2026-08-05,UDXMLBTOTAL_TORHOU26AUG051410_9.5,Baseball,Total,Finalized,0,2828,0.5,0,0.24
2026-08-05,UDXMLBSPREAD_SDARI26AUG052140_ARI4.5,Baseball,Spread,Finalized,2197,2823,0.97,0,0.94
2026-08-05,UDXMLBTOTAL_SDARI26AUG052140_7.5,Baseball,Total,Finalized,0,2815,0.9,0,0.9
2026-08-05,UDXCOMBO-4707754704132695553,Other,Combo-4707754704132695553,Finalized,0,2803,0,0,0
2026-08-05,UDXMLBTOTAL_TORHOU26AUG051410_2.5,Baseball,Total,Finalized,0,2787,0.96,0,0.89
2026-08-05,UDXWNBATOTAL_DALWSH2026AUG05_183.5,Basketball (pro),Total,Finalized,0,2766,0.97,0,0.97
2026-08-05,UDXMLBSPREAD_SDARI26AUG052140_ARI1.5,Baseball,Spread,Finalized,1300,2745,0.96,0,0.96
2026-08-05,UDXCOMBO-15299711775476163965,Other,Combo-15299711775476163965,Finalized,220,2722,0.19,0,0.12
2026-08-05,UDXCOMBO-769466744915213,Other,Combo-769466744915213,Finalized,0,2718,0.18,0,0.18
2026-08-05,UDXCOMBO-3676144637186111197,Other,Combo-3676144637186111197,Finalized,2717,2717,0.26,0,0.08
2026-08-05,UDXMLBSPREAD_TORHOU26AUG051410_HOU3.5,Baseball,Spread,Finalized,0,2681,0.55,0,0.26
2026-08-05,UDXMLBTOTAL_TBCOL26AUG051510_12.5,Baseball,Total,Finalized,0,2643,0.59,0,0.03
2026-08-05,UDXCOMBO-13852354649687665688,Other,Combo-13852354649687665688,Finalized,0,2641,0.23,0,0.08
2026-08-05,UDXMLBSPREAD_PITMIL26AUG051940_MIL2.5,Baseball,Spread,Finalized,0,2640,0.69,0,0.14
2026-08-05,UDXMLBSPREAD_SFTEX26AUG051435_TEX1.5,Baseball,Spread,Finalized,0,2638,0.91,0,0.91
2026-08-05,UDXCOMBO-4850261022725475531,Other,Combo-4850261022725475531,Finalized,2598,2598,0.02,0,0.02
2026-08-05,UDXCOMBO-13677109438342136954,Other,Combo-13677109438342136954,Finalized,0,2598,0.18,0,0.18
2026-08-05,UDXCOMBO-15193841581767023206,Other,Combo-15193841581767023206,Finalized,0,2550,0.01,0,0.01
2026-08-05,UDXWNBATOTAL_PHXATL2026AUG05_178.5,Basketball (pro),Total,Finalized,0,2548,0.75,0,0.08
2026-08-05,UDXMLBSPREAD_MIAATL26AUG051915_ATL3.5,Baseball,Spread,Finalized,0,2528,0.63,0,0.19
2026-08-05,UDXCOMBO-14625111258981857242,Other,Combo-14625111258981857242,Finalized,0,2523,0,0,0
2026-08-05,UDXCOMBO-18253772726443689796,Other,Combo-18253772726443689796,Finalized,2478,2478,0.12,0,0.12
2026-08-05,UDXCOMBO-13414381299809369623,Other,Combo-13414381299809369623,Finalized,0,2465,0.04,0,0.04
2026-08-05,UDXMLBSPREAD_NYMCLE26AUG051840_NYM1.5,Baseball,Spread,Finalized,0,2449,0.55,0,0.06
2026-08-05,UDXMLBTOTAL_SFTEX26AUG051435_5.5,Baseball,Total,Finalized,0,2448,0.74,0,0.74
2026-08-05,UDXCOMBO-17942609245154470030,Other,Combo-17942609245154470030,Finalized,0,2429,0.03,0,0.03
2026-08-05,UDXCOMBO-10197060379071245840,Other,Combo-10197060379071245840,Finalized,0,2420,0,0,0
2026-08-05,UDXWNBASPREAD_SEANY2026AUG05_NY6.5,Basketball (pro),Spread,Finalized,0,2396,0.76,0,0.68
2026-08-05,UDXMLBTOTAL_SFTEX26AUG051435_7.5,Baseball,Total,Finalized,0,2390,0.58,0,0.05
2026-08-05,UDXMLBTOTAL_STLNYY26AUG051905_8.5,Baseball,Total,Finalized,0,2376,0.51,0,0.07
2026-08-05,UDXMLBGAMEWIN_SDARI26AUG042140_ARI,Baseball,Moneyline,Finalized,0,2371,0.06,0,0.02
2026-08-05,UDXCOMBO-18384805019302648089,Other,Combo-18384805019302648089,Finalized,0,2339,0.02,0,0.02
2026-08-05,UDXCOMBO-11007500166806533644,Other,Combo-11007500166806533644,Finalized,0,2337,0.01,0,0.01
2026-08-05,UDXCOMBO-13571924415999606051,Other,Combo-13571924415999606051,Finalized,0,2337,0,0,0
2026-08-05,UDXCOMBO-8281220082353176705,Other,Combo-8281220082353176705,Finalized,0,2337,0,0,0
2026-08-05,UDXCOMBO-1191624934472011513,Other,Combo-1191624934472011513,Finalized,0,2335,0,0,0
2026-08-05,UDXCOMBO-756293782337878363,Other,Combo-756293782337878363,Finalized,0,2335,0,0,0
2026-08-05,UDXMLBTOTAL_TORHOU26AUG051410_11.5,Baseball,Total,Finalized,0,2332,0.22,0,0.05
2026-08-05,UDXCOMBO-11010376887610531836,Other,Combo-11010376887610531836,Finalized,0,2323,0.41,0,0.41
2026-08-05,UDXWNBASPREAD_PHXATL2026AUG05_ATL9.5,Basketball (pro),Spread,Finalized,0,2290,0.94,0,0.88
2026-08-05,UDXMLBSPREAD_MIAATL26AUG051915_ATL1.5,Baseball,Spread,Finalized,0,2277,0.9,0,0.9
2026-08-05,UDXCOMBO-7470146199686517048,Other,Combo-7470146199686517048,Finalized,0,2235,0.02,0,0.02
2026-08-05,UDXMLBSPREAD_DETSEA26AUG052140_DET3.5,Baseball,Spread,Finalized,2202,2202,0.15,0,0.15
2026-08-05,UDXWNBATOTAL_DALWSH2026AUG05_167.5,Basketball (pro),Total,Finalized,0,2176,0.97,0,0.97
2026-08-05,UDXCOMBO-14454000231697567623,Other,Combo-14454000231697567623,Finalized,0,2155,0.24,0,0.24
2026-08-05,UDXMLBTOTAL_MINKAN26AUG051940_4.5,Baseball,Total,Finalized,0,2146,0.68,0,0.16
2026-08-05,UDXMLBTOTAL_CWSBOS26AUG051910_7.5,Baseball,Total,Finalized,0,2132,0.57,0,0.04
2026-08-05,UDXMLBTOTAL_NYMCLE26AUG051840_7.5,Baseball,Total,Finalized,0,2131,0.83,0,0.83
2026-08-05,UDXCOMBO-7973912642932554815,Other,Combo-7973912642932554815,Finalized,0,2127,0.02,0,0.02
2026-08-05,UDXMLBSPREAD_TORHOU26AUG051410_HOU2.5,Baseball,Spread,Finalized,0,2115,0.5,0,0.1
2026-08-05,UDXMLBTOTAL_STLNYY26AUG051905_7.5,Baseball,Total,Finalized,0,2108,0.6,0,0.04
2026-08-05,UDXMLBGAMEWIN_NYMCLE26AUG061310_CLE,Baseball,Moneyline,Finalized,2106,2106,0.5,0,0.5
2026-08-05,UDXCOMBO-7796583948406913445,Other,Combo-7796583948406913445,Finalized,0,2103,0.23,0,0.23
2026-08-05,UDXMLBSPREAD_LADCHC26AUG051420_CHC4.5,Baseball,Spread,Finalized,0,2099,0.79,0,0.05
2026-08-05,UDXCOMBO-13900285225697554855,Other,Combo-13900285225697554855,Finalized,2072,2072,0.09,0,0.09
2026-08-05,UDXCOMBO-4298633651097390375,Other,Combo-4298633651097390375,Finalized,0,2060,0.79,0,0.78
2026-08-05,UDXMLBTOTAL_SFTEX26AUG051435_8.5,Baseball,Total,Finalized,0,2058,0.59,0,0.2
2026-08-05,UDXMLBTOTAL_STLNYY26AUG051905_11.5,Baseball,Total,Finalized,0,2057,0.03,0,0.03
2026-08-05,UDXWNBATOTAL_LACHI2026AUG05_183.5,Basketball (pro),Total,Finalized,0,2049,0.82,0,0.38
2026-08-05,UDXCOMBO-6605172918778172993,Other,Combo-6605172918778172993,Finalized,0,2037,0.05,0,0.05
2026-08-05,UDXCOMBO-18131418930977100249,Other,Combo-18131418930977100249,Finalized,0,2034,0.02,0,0.02
2026-08-05,UDXMLBTOTAL_NYMCLE26AUG051840_11.5,Baseball,Total,Finalized,0,2029,0.6,0,0.6
2026-08-05,UDXCOMBO-15013731183962767294,Other,Combo-15013731183962767294,Finalized,0,2027,0.23,0,0.23
2026-08-05,UDXCOMBO-11543620936197056761,Other,Combo-11543620936197056761,Finalized,0,2025,0.71,0,0.7
2026-08-05,UDXCOMBO-5387438483198514647,Other,Combo-5387438483198514647,Finalized,0,2012,0.76,0,0.76
2026-08-05,UDXMLBTOTAL_SDARI26AUG052140_12.5,Baseball,Total,Finalized,1504,1997,0.52,0,0.17
2026-08-05,UDXMLBTOTAL_OAKCIN26AUG051840_8.5,Baseball,Total,Finalized,0,1992,0.51,0,0.1
2026-08-05,UDXMLBTOTAL_SDARI26AUG052140_3.5,Baseball,Total,Finalized,0,1964,0.86,0,0.86
2026-08-05,UDXCOMBO-353463264122023952,Other,Combo-353463264122023952,Finalized,0,1952,0.25,0,0.25
2026-08-05,UDXCOMBO-12523583941793509278,Other,Combo-12523583941793509278,Finalized,0,1950,0.02,0,0.02
2026-08-05,UDXMLBTOTAL_NYMCLE26AUG051840_10.5,Baseball,Total,Finalized,0,1935,0.66,0,0.22
2026-08-05,UDXCOMBO-4313549056795596929,Other,Combo-4313549056795596929,Finalized,1930,1930,0.12,0,0.12
2026-08-05,UDXCOMBO-5844030400753971146,Other,Combo-5844030400753971146,Finalized,0,1913,0.05,0,0.05
2026-08-05,UDXMLBTOTAL_LAABAL26AUG051835_8.5,Baseball,Total,Finalized,0,1909,0.47,0,0.23
2026-08-05,UDXMLBTOTAL_CWSBOS26AUG051910_6.5,Baseball,Total,Finalized,0,1887,0.61,0,0.18
2026-08-05,UDXCOMBO-175162797459433769,Other,Combo-175162797459433769,Finalized,0,1879,0.37,0,0.26
2026-08-05,UDXWNBATOTAL_LACHI2026AUG05_192.5,Basketball (pro),Total,Finalized,0,1879,0.69,0,0.33
2026-08-05,UDXCOMBO-10893037627689307884,Other,Combo-10893037627689307884,Finalized,0,1870,0.01,0,0.01
2026-08-05,UDXCOMBO-12820186562404520222,Other,Combo-12820186562404520222,Finalized,0,1869,0,0,0
2026-08-05,UDXCOMBO-15579682347379980556,Other,Combo-15579682347379980556,Finalized,0,1864,0.4,0,0.4
2026-08-05,UDXCOMBO-8356180672678081378,Other,Combo-8356180672678081378,Finalized,1216,1860,0.87,0,0.87
2026-08-05,UDXWNBASPREAD_SEANY2026AUG05_SEA6.5,Basketball (pro),Spread,Finalized,0,1826,0.12,0,0.1
2026-08-05,UDXWNBATOTAL_DALWSH2026AUG05_179.5,Basketball (pro),Total,Finalized,0,1820,0.98,0,0.98
2026-08-05,UDXCOMBO-17084192275038517976,Other,Combo-17084192275038517976,Finalized,0,1800,0.03,0,0.03
2026-08-05,UDXCOMBO-11670018205151395827,Other,Combo-11670018205151395827,Finalized,0,1798,0.01,0,0.01
2026-08-05,UDXCOMBO-2175153035807134878,Other,Combo-2175153035807134878,Finalized,1793,1793,0.16,0,0.16
2026-08-05,UDXMLBSPREAD_STLNYY26AUG051905_NYY1.5,Baseball,Spread,Finalized,0,1785,0.5,0,0.05
2026-08-05,UDXMLBTOTAL_NYMCLE26AUG051840_8.5,Baseball,Total,Finalized,0,1780,0.55,0,0.55
2026-08-05,UDXMLBTOTAL_TORHOU26AUG051410_5.5,Baseball,Total,Finalized,0,1775,0.78,0,0.53
2026-08-05,UDXMLBSPREAD_SDARI26AUG042140_SD4.5,Baseball,Spread,Finalized,0,1765,0.76,0,0.69
2026-08-05,UDXWNBASPREAD_SEANY2026AUG05_NY12.5,Basketball (pro),Spread,Finalized,0,1765,0.54,0,0.11
2026-08-05,UDXMLBTOTAL_LADCHC26AUG051420_14.5,Baseball,Total,Finalized,0,1688,0.5,0,0.09
2026-08-05,UDXCOMBO-4859200823084110362,Other,Combo-4859200823084110362,Finalized,0,1682,0.01,0,0.01
2026-08-05,UDXCOMBO-9727002259348028835,Other,Combo-9727002259348028835,Finalized,0,1671,0.03,0,0.03
2026-08-05,UDXMLBTOTAL_PITMIL26AUG051940_5.5,Baseball,Total,Finalized,0,1669,0.71,0,0.71
2026-08-05,UDXCOMBO-5996639488766639117,Other,Combo-5996639488766639117,Finalized,0,1656,0,0,0
2026-08-05,UDXCOMBO-10121722511704238581,Other,Combo-10121722511704238581,Finalized,0,1651,0.02,0,0.02
2026-08-05,UDXCOMBO-14911879567674974871,Other,Combo-14911879567674974871,Finalized,0,1631,0.08,0,0.03
2026-08-05,UDXMLBTOTAL_LAABAL26AUG051835_5.5,Baseball,Total,Finalized,0,1628,0.75,0,0.37
2026-08-05,UDXMLBTOTAL_SDARI26AUG052140_4.5,Baseball,Total,Finalized,0,1627,0.79,0,0.79
2026-08-05,UDXWNBATOTAL_SEANY2026AUG05_171.5,Basketball (pro),Total,Finalized,0,1613,0.83,0,0.83
2026-08-05,UDXMLBSPREAD_LADCHC26AUG051420_CHC2.5,Baseball,Spread,Finalized,0,1607,0.86,0,0.1
2026-08-05,UDXCOMBO-16105077582204561876,Other,Combo-16105077582204561876,Finalized,0,1599,0.43,0,0.43
2026-08-05,UDXMLBSPREAD_DETSEA26AUG052140_DET1.5,Baseball,Spread,Finalized,1598,1598,0.31,0,0.03
2026-08-05,UDXWNBATOTAL_PHXATL2026AUG05_184.5,Basketball (pro),Total,Finalized,0,1590.97,0.75,0,0.13
2026-08-05,UDXWNBASPREAD_PHXATL2026AUG05_ATL15.5,Basketball (pro),Spread,Finalized,0,1584,0.62,0,0.51
2026-08-05,UDXCOMBO-16399528709783410759,Other,Combo-16399528709783410759,Finalized,0,1575,0.32,0,0.16
2026-08-05,UDXCOMBO-18413198750973172734,Other,Combo-18413198750973172734,Finalized,1563,1563,0.33,0,0.32
2026-08-05,UDXCOMBO-11616451026270382767,Other,Combo-11616451026270382767,Finalized,0,1560,0.03,0,0.03
2026-08-05,UDXCOMBO-13617869534397402044,Other,Combo-13617869534397402044,Finalized,0,1558,0.01,0,0.01
2026-08-05,UDXCOMBO-17303462462340737775,Other,Combo-17303462462340737775,Finalized,0,1556,0,0,0
2026-08-05,UDXCOMBO-8941129901067458509,Other,Combo-8941129901067458509,Finalized,0,1556,0,0,0
2026-08-05,UDXMLBTOTAL_MINKAN26AUG051940_7.5,Baseball,Total,Finalized,0,1556,0.61,0,0.09
2026-08-05,UDXMLBTOTAL_CWSBOS26AUG051910_3.5,Baseball,Total,Finalized,0,1544,0.66,0,0.53
2026-08-05,UDXMLBTOTAL_TBCOL26AUG051510_7.5,Baseball,Total,Finalized,0,1538,0.57,0,0.06
2026-08-05,UDXWNBATOTAL_PHXATL2026AUG05_175.5,Basketball (pro),Total,Finalized,0,1512,0.91,0,0.88
2026-08-05,UDXMLBSPREAD_TBCOL26AUG051510_TB1.5,Baseball,Spread,Finalized,0,1497,0.91,0,0.91
2026-08-05,UDXMLBTOTAL_MIAATL26AUG051915_12.5,Baseball,Total,Finalized,0,1494,0.19,0,0.19
2026-08-05,UDXCOMBO-18133952622588078199,Other,Combo-18133952622588078199,Finalized,0,1489,0.06,0,0.06
2026-08-05,UDXCOMBO-16654841707586504581,Other,Combo-16654841707586504581,Finalized,0,1477,0.02,0,0.02
2026-08-05,UDXCOMBO-7469803228911187159,Other,Combo-7469803228911187159,Finalized,1469,1469,0.33,0,0.33
2026-08-05,UDXCOMBO-16901988798460639974,Other,Combo-16901988798460639974,Finalized,0,1466,0.06,0,0.06
2026-08-05,UDXCOMBO-783701681533211686,Other,Combo-783701681533211686,Finalized,0,1460,0,0,0
2026-08-05,UDXCOMBO-7666178711101290892,Other,Combo-7666178711101290892,Finalized,0,1457,0.16,0,0.16
2026-08-05,UDXCOMBO-3073863796663398067,Other,Combo-3073863796663398067,Finalized,0,1454,0.01,0,0.01
2026-08-05,UDXCOMBO-5300383336377956447,Other,Combo-5300383336377956447,Finalized,0,1424,0.13,0,0.13
2026-08-05,UDXMLBTOTAL_DETSEA26AUG052140_2.5,Baseball,Total,Finalized,0,1408,0.75,0,0.57
2026-08-05,UDXCOMBO-14433492754905771865,Other,Combo-14433492754905771865,Finalized,0,1401,0.01,0,0.01
2026-08-05,UDXCOMBO-165422445282669851,Other,Combo-165422445282669851,Finalized,0,1401,0.07,0,0.07
2026-08-05,UDXCOMBO-17948192164711555415,Other,Combo-17948192164711555415,Finalized,0,1400,0,0,0
2026-08-05,UDXMLBTOTAL_WASPHI26AUG051840_6.5,Baseball,Total,Finalized,0,1400,0.87,0,0.87
2026-08-05,UDXCOMBO-546527266330216904,Other,Combo-546527266330216904,Finalized,0,1399,0.43,0,0.24
2026-08-05,UDXCOMBO-1840674870094040990,Other,Combo-1840674870094040990,Finalized,1384,1384,0.12,0,0.12
2026-08-05,UDXCOMBO-6472603032822374486,Other,Combo-6472603032822374486,Finalized,1384,1384,0.24,0,0.24
2026-08-05,UDXCOMBO-17161884264481717535,Other,Combo-17161884264481717535,Finalized,0,1377,0.03,0,0.03
2026-08-05,UDXCOMBO-14206606320481968194,Other,Combo-14206606320481968194,Finalized,0,1375,0.02,0,0.02
2026-08-05,UDXMLBSPREAD_OAKCIN26AUG051840_CIN1.5,Baseball,Spread,Finalized,0,1362,0.53,0,0.15
2026-08-05,UDXCOMBO-3523851103759603370,Other,Combo-3523851103759603370,Finalized,1336,1336,0.01,0,0.01
2026-08-05,UDXMLBTOTAL_CWSBOS26AUG051910_5.5,Baseball,Total,Finalized,0,1334,0.52,0,0.13
2026-08-05,UDXMLBTOTAL_CWSBOS26AUG051910_4.5,Baseball,Total,Finalized,0,1331,0.77,0,0.37
2026-08-05,UDXCOMBO-13290659982720909139,Other,Combo-13290659982720909139,Finalized,0,1327,0.05,0,0.05
2026-08-05,UDXCOMBO-11328566641004463339,Other,Combo-11328566641004463339,Finalized,0,1324,0.09,0,0.09
2026-08-05,UDXCOMBO-8165815977676239190,Other,Combo-8165815977676239190,Finalized,0,1315,0.02,0,0.02
2026-08-05,UDXCOMBO-12601794548381510745,Other,Combo-12601794548381510745,Finalized,0,1304,0.07,0,0.07
2026-08-05,UDXCOMBO-1375892612394279731,Other,Combo-1375892612394279731,Finalized,0,1301,0.08,0,0.08
2026-08-05,UDXCOMBO-13868566944561719127,Other,Combo-13868566944561719127,Finalized,0,1293,0.06,0,0.06
2026-08-05,UDXMLBTOTAL_PITMIL26AUG051940_4.5,Baseball,Total,Finalized,0,1293,0.82,0,0.82
2026-08-05,UDXCOMBO-5679029834887215559,Other,Combo-5679029834887215559,Finalized,0,1291,0.28,0,0.28
2026-08-05,UDXMLBSPREAD_DETSEA26AUG052140_DET2.5,Baseball,Spread,Finalized,1289,1289,0.17,0,0.17
2026-08-05,UDXCOMBO-600412680534889396,Other,Combo-600412680534889396,Finalized,0,1286,0.01,0,0.01
2026-08-05,UDXWNBASPREAD_DALWSH2026AUG05_WSH3.5,Basketball (pro),Spread,Finalized,0,1281,0.78,0,0.68
2026-08-05,UDXMLBTOTAL_SDARI26AUG042140_13.5,Baseball,Total,Finalized,0,1275,0.33,0,0.2
2026-08-05,UDXCOMBO-937984646247442238,Other,Combo-937984646247442238,Finalized,0,1267,0.09,0,0.09
2026-08-05,UDXMLBSPREAD_NYMCLE26AUG051840_CLE1.5,Baseball,Spread,Finalized,0,1263,0.33,0,0.07
2026-08-05,UDXMLBSPREAD_SDARI26AUG052140_ARI3.5,Baseball,Spread,Finalized,741,1250,0.98,0,0.89
2026-08-05,UDXCOMBO-8278289530395884857,Other,Combo-8278289530395884857,Finalized,0,1248,0.38,0,0.38
2026-08-05,UDXCOMBO-18214753227442133282,Other,Combo-18214753227442133282,Finalized,0,1232,0.04,0,0.04
2026-08-05,UDXMLBTOTAL_WASPHI26AUG051840_11.5,Baseball,Total,Finalized,0,1229.47,0.79,0,0.79
2026-08-05,UDXCOMBO-14670704720881178639,Other,Combo-14670704720881178639,Finalized,0,1226,0.19,0,0.19
2026-08-05,UDXWNBASPREAD_DALWSH2026AUG05_DAL7.5,Basketball (pro),Spread,Finalized,0,1224,0.7,0,0.02
2026-08-05,UDXWNBASPREAD_LACHI2026AUG05_LA1.5,Basketball (pro),Spread,Finalized,0,1224,0.5,0,0.05
2026-08-05,UDXCOMBO-13830680530774115166,Other,Combo-13830680530774115166,Finalized,0,1219,0.08,0,0.08
2026-08-05,UDXWNBATOTAL_SEANY2026AUG05_192.5,Basketball (pro),Total,Finalized,0,1218,0.3,0,0.11
2026-08-05,UDXCOMBO-8260775462012523219,Other,Combo-8260775462012523219,Finalized,1204,1204,0.82,0,0.82
2026-08-05,UDXMLBSPREAD_LADCHC26AUG051420_LAD3.5,Baseball,Spread,Finalized,0,1195,0.21,0,0.21
2026-08-05,UDXCOMBO-5559395819484239717,Other,Combo-5559395819484239717,Finalized,0,1193,0.09,0,0.09
2026-08-05,UDXCOMBO-2022101131661368091,Other,Combo-2022101131661368091,Finalized,0,1184,0.47,0,0.47
2026-08-05,UDXCOMBO-11950180774569506755,Other,Combo-11950180774569506755,Finalized,1177,1177,0.55,0,0.55
2026-08-05,UDXMLBTOTAL_MINKAN26AUG051940_8.5,Baseball,Total,Finalized,0,1177,0.54,0,0.03
2026-08-05,UDXCOMBO-9645405590407966087,Other,Combo-9645405590407966087,Finalized,0,1176,0.02,0,0.02
2026-08-05,UDXCOMBO-14561870044850370391,Other,Combo-14561870044850370391,Finalized,1172.55,1172.55,0.53,0,0.53
2026-08-05,UDXCOMBO-12716136142736295223,Other,Combo-12716136142736295223,Finalized,0,1169,0.02,0,0.02
2026-08-05,UDXCOMBO-3917387468868851505,Other,Combo-3917387468868851505,Finalized,0,1169,0.02,0,0.02
2026-08-05,UDXCOMBO-13505875581313101303,Other,Combo-13505875581313101303,Finalized,0,1168,0,0,0
2026-08-05,UDXCOMBO-13569473398130108396,Other,Combo-13569473398130108396,Finalized,0,1167,0,0,0
2026-08-05,UDXCOMBO-16471419598913222952,Other,Combo-16471419598913222952,Finalized,0,1167,0,0,0
2026-08-05,UDXCOMBO-2246806520409034015,Other,Combo-2246806520409034015,Finalized,0,1167,0,0,0
2026-08-05,UDXCOMBO-3710589339008237066,Other,Combo-3710589339008237066,Finalized,0,1167,0,0,0
2026-08-05,UDXCOMBO-6804372094422355881,Other,Combo-6804372094422355881,Finalized,0,1167,0,0,0
2026-08-05,UDXCOMBO-8419572617441338045,Other,Combo-8419572617441338045,Finalized,0,1167,0,0,0
2026-08-05,UDXCOMBO-14262770926478541595,Other,Combo-14262770926478541595,Finalized,1144,1144,0.12,0,0.12
2026-08-05,UDXCOMBO-10817393727365048498,Other,Combo-10817393727365048498,Finalized,0,1142,0.03,0,0.03
2026-08-05,UDXCOMBO-11666152738902888252,Other,Combo-11666152738902888252,Finalized,0,1133,0.59,0,0.25
2026-08-05,UDXCOMBO-6423783882511475217,Other,Combo-6423783882511475217,Finalized,0,1133,0.93,0,0.93
2026-08-05,UDXCOMBO-3968975857808555858,Other,Combo-3968975857808555858,Finalized,0,1121,0.01,0,0.01
2026-08-05,UDXCOMBO-427284008631146446,Other,Combo-427284008631146446,Finalized,0,1115,0.04,0,0.04
2026-08-05,UDXCOMBO-17048201440084038167,Other,Combo-17048201440084038167,Finalized,0,1113,0.17,0,0.17
2026-08-05,UDXCOMBO-11919844340091972612,Other,Combo-11919844340091972612,Finalized,0,1105,0.09,0,0.09
2026-08-05,UDXCOMBO-14929357409523845959,Other,Combo-14929357409523845959,Finalized,0,1100,0.02,0,0.02
2026-08-05,UDXCOMBO-2046660980535521949,Other,Combo-2046660980535521949,Finalized,0,1100,0.02,0,0.02
2026-08-05,UDXCOMBO-1300593335720140912,Other,Combo-1300593335720140912,Finalized,0,1099.86,0.91,0,0.91
2026-08-05,UDXMLBTOTAL_OAKCIN26AUG051840_6.5,Baseball,Total,Finalized,0,1087,0.76,0,0.23
2026-08-05,UDXCOMBO-984370822437654749,Other,Combo-984370822437654749,Finalized,1065,1065,0.04,0,0.04
2026-08-05,UDXCOMBO-4350146917062155258,Other,Combo-4350146917062155258,Finalized,1062,1062,0.79,0,0.79
2026-08-05,UDXCOMBO-9758223436943144104,Other,Combo-9758223436943144104,Finalized,0,1058,0.53,0,0.53
2026-08-05,UDXCOMBO-9764103835539485637,Other,Combo-9764103835539485637,Finalized,1054,1054,0.19,0,0.19
2026-08-05,UDXCOMBO-4201257172183327366,Other,Combo-4201257172183327366,Finalized,0,1038,0.01,0,0.01
2026-08-05,UDXCOMBO-7395362820438884111,Other,Combo-7395362820438884111,Finalized,0,1038,0.01,0,0.01
2026-08-05,UDXMLBSPREAD_SDARI26AUG042140_SD3.5,Baseball,Spread,Finalized,0,1036,0.93,0,0.93
2026-08-05,UDXCOMBO-3819931388376882580,Other,Combo-3819931388376882580,Finalized,0,1033,0.03,0,0.03
2026-08-05,UDXCOMBO-3399763184878178167,Other,Combo-3399763184878178167,Finalized,0,1031,0.05,0,0.05
2026-08-05,UDXCOMBO-16408085801842922265,Other,Combo-16408085801842922265,Finalized,0,1029,0.25,0,0.25
2026-08-05,UDXCOMBO-4454539914463537741,Other,Combo-4454539914463537741,Finalized,0,1018,0.05,0,0.05
2026-08-05,UDXCOMBO-11482701615455247787,Other,Combo-11482701615455247787,Finalized,0,1017,0.04,0,0.04
2026-08-05,UDXMLBTOTAL_LAABAL26AUG051835_4.5,Baseball,Total,Finalized,0,1010,0.89,0,0.89
2026-08-05,UDXCOMBO-16991693982639873096,Other,Combo-16991693982639873096,Finalized,0,1009,0,0,0
2026-08-05,UDXWNBASPREAD_PHXATL2026AUG05_ATL18.5,Basketball (pro),Spread,Finalized,0,1007,0.43,0,0.04
2026-08-05,UDXCOMBO-14806601684856223058,Other,Combo-14806601684856223058,Finalized,0,989,0.01,0,0.01
2026-08-05,UDXCOMBO-7075182705179472495,Other,Combo-7075182705179472495,Finalized,0,988,0.35,0,0.11
2026-08-05,UDXCOMBO-12930036314936426915,Other,Combo-12930036314936426915,Finalized,0,985,0.15,0,0.02
2026-08-05,UDXCOMBO-9108954753893995994,Other,Combo-9108954753893995994,Finalized,0,982,0.01,0,0.01
2026-08-05,UDXCOMBO-8660139867699621811,Other,Combo-8660139867699621811,Finalized,0,979,0.1,0,0.1
2026-08-05,UDXCOMBO-15600504957896548497,Other,Combo-15600504957896548497,Finalized,0,976,0.05,0,0.05
2026-08-05,UDXCOMBO-13156474486671004850,Other,Combo-13156474486671004850,Finalized,0,975,0.02,0,0.02
2026-08-05,UDXWNBASPREAD_LACHI2026AUG05_LA3.5,Basketball (pro),Spread,Finalized,0,973,0.35,0,0.33
2026-08-05,UDXWNBATOTAL_DALWSH2026AUG05_176.5,Basketball (pro),Total,Finalized,0,970,0.93,0,0.93
2026-08-05,UDXCOMBO-9495147593106086400,Other,Combo-9495147593106086400,Finalized,0,967,0.03,0,0.03
2026-08-05,UDXWNBAGAMEWIN_LVIND2026AUG06_IND,Basketball (pro),Moneyline,Finalized,966,966,0.52,0,0.52
2026-08-05,UDXCOMBO-17198390465479369183,Other,Combo-17198390465479369183,Finalized,0,965,0.33,0,0.33
2026-08-05,UDXCOMBO-556555826006517894,Other,Combo-556555826006517894,Finalized,0,965,0.82,0,0.82
2026-08-05,UDXCOMBO-11880259524079558613,Other,Combo-11880259524079558613,Finalized,0,963,0.34,0,0.34
2026-08-05,UDXCOMBO-2930215273086088180,Other,Combo-2930215273086088180,Finalized,0,940,0.03,0,0.03
2026-08-05,UDXCOMBO-7536149802795018967,Other,Combo-7536149802795018967,Finalized,0,935,0.02,0,0.02
2026-08-05,UDXCOMBO-7745577867220780506,Other,Combo-7745577867220780506,Finalized,0,935,0.02,0,0.02
2026-08-05,UDXCOMBO-10653185927080152116,Other,Combo-10653185927080152116,Finalized,0,934,0.01,0,0.01
2026-08-05,UDXCOMBO-1115477745570928356,Other,Combo-1115477745570928356,Finalized,0,934,0.01,0,0.01
2026-08-05,UDXCOMBO-4596448904504985679,Other,Combo-4596448904504985679,Finalized,0,934,0.01,0,0.01
2026-08-05,UDXCOMBO-6602728931257652063,Other,Combo-6602728931257652063,Finalized,0,934,0,0,0
2026-08-05,UDXCOMBO-16746465550291926698,Other,Combo-16746465550291926698,Finalized,0,933,0,0,0
2026-08-05,UDXCOMBO-5174376424991733591,Other,Combo-5174376424991733591,Finalized,922,922,0.1,0,0.1
2026-08-05,UDXWNBAGAMEWIN_LAMIN2026AUG06_LA,Basketball (pro),Moneyline,Finalized,376,920,0.1,0,0.09
2026-08-05,UDXCOMBO-654220290282492853,Other,Combo-654220290282492853,Finalized,0,918.79,0.9,0,0.9
2026-08-05,UDXMLBTOTAL_WASPHI26AUG051840_5.5,Baseball,Total,Finalized,0,915,0.91,0,0.91
2026-08-05,UDXCOMBO-16832288271368978139,Other,Combo-16832288271368978139,Finalized,0,906,0.03,0,0.03
2026-08-05,UDXCOMBO-17610602972742454148,Other,Combo-17610602972742454148,Finalized,0,906,0.03,0,0.03
2026-08-05,UDXCOMBO-9520377828764795152,Other,Combo-9520377828764795152,Finalized,0,900,0.03,0,0.03
2026-08-05,UDXCOMBO-5438436056115625105,Other,Combo-5438436056115625105,Finalized,896,896,0.16,0,0.16
2026-08-05,UDXCOMBO-7054684140558461952,Other,Combo-7054684140558461952,Finalized,866,894,0.9,0,0.9
2026-08-05,UDXCOMBO-17333282194852112922,Other,Combo-17333282194852112922,Finalized,0,892,0.04,0,0.04
2026-08-05,UDXCOMBO-2063284782511889457,Other,Combo-2063284782511889457,Finalized,0,892,0.19,0,0.03
2026-08-05,UDXCOMBO-3042049943505537977,Other,Combo-3042049943505537977,Finalized,0,891,0.02,0,0.02
2026-08-05,UDXCOMBO-13791744150927137306,Other,Combo-13791744150927137306,Finalized,0,882,0.17,0,0.05
2026-08-05,UDXMLBTOTAL_MIAATL26AUG051915_8.5,Baseball,Total,Finalized,0,878,0.53,0,0.11
2026-08-05,UDXCOMBO-13004957796198839128,Other,Combo-13004957796198839128,Finalized,877,877,0.22,0,0.22
2026-08-05,UDXCOMBO-12831781437837984925,Other,Combo-12831781437837984925,Finalized,0,877,0.33,0,0.3
2026-08-05,UDXMLBTOTAL_LADCHC26AUG051420_5.5,Baseball,Total,Finalized,0,870,0.98,0,0.98
2026-08-05,UDXCOMBO-979704521179832002,Other,Combo-979704521179832002,Finalized,0,866.88,0.03,0,0.03
2026-08-05,UDXCOMBO-17731889407291577130,Other,Combo-17731889407291577130,Finalized,0,865,0.46,0,0.16
2026-08-05,UDXCOMBO-11326675078398595907,Other,Combo-11326675078398595907,Finalized,0,863,0.11,0,0.11
2026-08-05,UDXCOMBO-6379398045997087188,Other,Combo-6379398045997087188,Finalized,0,863,0.29,0,0.08
2026-08-05,UDXMLBTOTAL_SDARI26AUG052140_5.5,Baseball,Total,Finalized,0,861,0.74,0,0.74
2026-08-05,UDXCOMBO-1695572787995058103,Other,Combo-1695572787995058103,Finalized,0,857,0.03,0,0.02
2026-08-05,UDXCOMBO-10603436480689775076,Other,Combo-10603436480689775076,Finalized,0,850,0.01,0,0.01
2026-08-05,UDXCOMBO-11167535884135857003,Other,Combo-11167535884135857003,Finalized,0,850,0.01,0,0.01
2026-08-05,UDXCOMBO-2929680926426753101,Other,Combo-2929680926426753101,Finalized,0,850,0.01,0,0.01
2026-08-05,UDXCOMBO-4655525623445448619,Other,Combo-4655525623445448619,Finalized,0,850,0.01,0,0.01
2026-08-05,UDXCOMBO-6117990640162492589,Other,Combo-6117990640162492589,Finalized,0,850,0.01,0,0.01
2026-08-05,UDXCOMBO-9838647768680044329,Other,Combo-9838647768680044329,Finalized,0,850,0.02,0,0.02
2026-08-05,UDXCOMBO-2863283156751125133,Other,Combo-2863283156751125133,Finalized,0,845,0.13,0,0.08
2026-08-05,UDXCOMBO-15402113459484609152,Other,Combo-15402113459484609152,Finalized,0,842,0.04,0,0.04
2026-08-05,UDXCOMBO-1751709905792593890,Other,Combo-1751709905792593890,Finalized,0,841,0.01,0,0.01
2026-08-05,UDXCOMBO-17575642232400482012,Other,Combo-17575642232400482012,Finalized,0,841,0.01,0,0.01
2026-08-05,UDXCOMBO-9487511725905834690,Other,Combo-9487511725905834690,Finalized,0,840,0.11,0,0.11
2026-08-05,UDXCOMBO-17752077646297235612,Other,Combo-17752077646297235612,Finalized,0,837,0.06,0,0.06
2026-08-05,UDXCOMBO-1152560138688786861,Other,Combo-1152560138688786861,Finalized,0,833,0.11,0,0.11
2026-08-05,UDXCOMBO-16719969483014371198,Other,Combo-16719969483014371198,Finalized,0,829,0.1,0,0.1
2026-08-05,UDXCOMBO-7205637162271589908,Other,Combo-7205637162271589908,Finalized,0,826,0.03,0,0.03
2026-08-05,UDXCOMBO-3809484248620240327,Other,Combo-3809484248620240327,Finalized,0,825,0.02,0,0.02
2026-08-05,UDXWNBATOTAL_PHXATL2026AUG05_199.5,Basketball (pro),Total,Finalized,0,821,0.21,0,0.21
2026-08-05,UDXCOMBO-10451498613327398328,Other,Combo-10451498613327398328,Finalized,0,814,0.15,0,0.15
2026-08-05,UDXCOMBO-10387537467809856925,Other,Combo-10387537467809856925,Finalized,0,812,0.12,0,0.12
2026-08-05,UDXCOMBO-5477166613891929825,Other,Combo-5477166613891929825,Finalized,811,811,0.12,0,0.12
2026-08-05,UDXCOMBO-16037398424701616494,Other,Combo-16037398424701616494,Finalized,0,807,0.03,0,0.03
2026-08-05,UDXCOMBO-7658414956206489064,Other,Combo-7658414956206489064,Finalized,797,797,0.39,0,0.39
2026-08-05,UDXCOMBO-895815426419918201,Other,Combo-895815426419918201,Finalized,0,785,0.01,0,0.01
2026-08-05,UDXCOMBO-10582112802905174194,Other,Combo-10582112802905174194,Finalized,0,779,0.01,0,0.01
2026-08-05,UDXCOMBO-2774575640157434028,Other,Combo-2774575640157434028,Finalized,0,779,0.01,0,0.01
2026-08-05,UDXCOMBO-15713630134267084343,Other,Combo-15713630134267084343,Finalized,0,778,0.01,0,0.01
2026-08-05,UDXCOMBO-16238993448678321836,Other,Combo-16238993448678321836,Finalized,0,778,0,0,0
2026-08-05,UDXCOMBO-6989762888115655908,Other,Combo-6989762888115655908,Finalized,0,778,0.01,0,0.01
2026-08-05,UDXCOMBO-9292297850383734269,Other,Combo-9292297850383734269,Finalized,0,768,0.14,0,0.14
2026-08-05,UDXCOMBO-16011717448405037483,Other,Combo-16011717448405037483,Finalized,0,763,0.08,0,0.06
2026-08-05,UDXCOMBO-12899587515314084408,Other,Combo-12899587515314084408,Finalized,0,762,0.26,0,0.26
2026-08-05,UDXCOMBO-9592644968668062424,Other,Combo-9592644968668062424,Finalized,0,758,0.78,0,0.78
2026-08-05,UDXCOMBO-5411726761934847977,Other,Combo-5411726761934847977,Finalized,0,757,0.04,0,0.04
2026-08-05,UDXWNBATOTAL_PHXATL2026AUG05_190.5,Basketball (pro),Total,Finalized,0,757,0.53,0,0.03
2026-08-05,UDXCOMBO-16267012608737411873,Other,Combo-16267012608737411873,Finalized,0,756,0.06,0,0.06
2026-08-05,UDXCOMBO-9510468231236073748,Other,Combo-9510468231236073748,Finalized,0,756,0.06,0,0.06
2026-08-05,UDXCOMBO-9764506765599935689,Other,Combo-9764506765599935689,Finalized,0,756,0.06,0,0.06
2026-08-05,UDXCOMBO-5296834146755719377,Other,Combo-5296834146755719377,Finalized,0,748,0.03,0,0.03
2026-08-05,UDXCOMBO-566544078453188666,Other,Combo-566544078453188666,Finalized,0,745,0.04,0,0.04
2026-08-05,UDXCOMBO-10107762414626540589,Other,Combo-10107762414626540589,Finalized,0,740,0.11,0,0.11
2026-08-05,UDXCOMBO-13044464595871799522,Other,Combo-13044464595871799522,Finalized,732,732,0.33,0,0.33
2026-08-05,UDXCOMBO-2528216306346446573,Other,Combo-2528216306346446573,Finalized,0,730,0.18,0,0.18
2026-08-05,UDXCOMBO-15463093858020668043,Other,Combo-15463093858020668043,Finalized,0,728,0.3,0,0.3
2026-08-05,UDXCOMBO-15602051310931329728,Other,Combo-15602051310931329728,Finalized,0,727,0.06,0,0.06
2026-08-05,UDXCOMBO-11002442340253265259,Other,Combo-11002442340253265259,Finalized,0,725,0.34,0,0.34
2026-08-05,UDXCOMBO-11238501252756287759,Other,Combo-11238501252756287759,Finalized,721,721,0.43,0,0.43
2026-08-05,UDXCOMBO-9687789979314064109,Other,Combo-9687789979314064109,Finalized,0,719,0.01,0,0.01
2026-08-05,UDXCOMBO-8069954686288158137,Other,Combo-8069954686288158137,Finalized,0,716,0.23,0,0.03
2026-08-05,UDXCOMBO-14086896171684087784,Other,Combo-14086896171684087784,Finalized,0,715,0.13,0,0.13
2026-08-05,UDXCOMBO-9818885217479740843,Other,Combo-9818885217479740843,Finalized,0,715,0,0,0
2026-08-05,UDXCOMBO-10020115319037940556,Other,Combo-10020115319037940556,Finalized,0,714,0.24,0,0.05
2026-08-05,UDXCOMBO-3208899622535766333,Other,Combo-3208899622535766333,Finalized,0,704,0.13,0,0.13
2026-08-05,UDXCOMBO-3616606923613655456,Other,Combo-3616606923613655456,Finalized,0,704,0.01,0,0.01
2026-08-05,UDXCOMBO-17389923424178733490,Other,Combo-17389923424178733490,Finalized,701,701,0.13,0,0.13
2026-08-05,UDXCOMBO-4223884454686960397,Other,Combo-4223884454686960397,Finalized,700,700,0.46,0,0.46
2026-08-05,UDXCOMBO-11480288731842753399,Other,Combo-11480288731842753399,Finalized,0,700,0.07,0,0.07
2026-08-05,UDXCOMBO-4759144722855045902,Other,Combo-4759144722855045902,Finalized,0,700,0,0,0
2026-08-05,UDXCOMBO-9913206664818906483,Other,Combo-9913206664818906483,Finalized,0,697,0.08,0,0.08
2026-08-05,UDXCOMBO-3655812281763782588,Other,Combo-3655812281763782588,Finalized,693,693,0.21,0,0.21
2026-08-05,UDXCOMBO-6703670296889213296,Other,Combo-6703670296889213296,Finalized,0,693,0.03,0,0.03
2026-08-05,UDXCOMBO-1108481824685017802,Other,Combo-1108481824685017802,Finalized,0,690,0.07,0,0.07
2026-08-05,UDXCOMBO-17174760567719718832,Other,Combo-17174760567719718832,Finalized,688,688,0.14,0,0.14
2026-08-05,UDXCOMBO-9709704313049936509,Other,Combo-9709704313049936509,Finalized,0,688,0.14,0,0.14
2026-08-05,UDXCOMBO-16302847245604855941,Other,Combo-16302847245604855941,Finalized,681,681,0.87,0,0.87
2026-08-05,UDXCOMBO-4206056683786405792,Other,Combo-4206056683786405792,Finalized,0,678,0.11,0,0.11
2026-08-05,UDXMLBTOTAL_TBCOL26AUG051510_9.5,Baseball,Total,Finalized,0,673,0.67,0,0.03
2026-08-05,UDXCOMBO-3495636796824946643,Other,Combo-3495636796824946643,Finalized,0,669,0.04,0,0.04
2026-08-05,UDXCOMBO-9871723398177964385,Other,Combo-9871723398177964385,Finalized,0,669,0.2,0,0.2
2026-08-05,UDXCOMBO-12086078386080720911,Other,Combo-12086078386080720911,Finalized,0,668,0.03,0,0.03
2026-08-05,UDXCOMBO-130849849909475411,Other,Combo-130849849909475411,Finalized,0,668,0.14,0,0.14
2026-08-05,UDXCOMBO-3023116923544469972,Other,Combo-3023116923544469972,Finalized,0,668,0.02,0,0.02
2026-08-05,UDXCOMBO-1235398128029538460,Other,Combo-1235398128029538460,Finalized,0,667,0.01,0,0.01
2026-08-05,UDXCOMBO-12661574990368517211,Other,Combo-12661574990368517211,Finalized,0,667,0.01,0,0.01
2026-08-05,UDXMLBSPREAD_WASPHI26AUG051840_WAS2.5,Baseball,Spread,Finalized,0,666,0.65,0,0.59
2026-08-05,UDXCOMBO-2541626499445293520,Other,Combo-2541626499445293520,Finalized,0,664,0.3,0,0.3
2026-08-05,UDXCOMBO-4703825416182279858,Other,Combo-4703825416182279858,Finalized,0,664,0.02,0,0.02
2026-08-05,UDXCOMBO-13771595975840931252,Other,Combo-13771595975840931252,Finalized,661,661,0.07,0,0.07
2026-08-05,UDXCOMBO-14939735358431499965,Other,Combo-14939735358431499965,Finalized,0,661,0.07,0,0.07
2026-08-05,UDXCOMBO-3683596934319660230,Other,Combo-3683596934319660230,Finalized,0,658,0.07,0,0.07
2026-08-05,UDXCOMBO-8998233272483392851,Other,Combo-8998233272483392851,Finalized,584,656,0.6,0,0.56
2026-08-05,UDXCOMBO-6349844015717300182,Other,Combo-6349844015717300182,Finalized,0,656,0.14,0,0.14
2026-08-05,UDXCOMBO-10508489204822786826,Other,Combo-10508489204822786826,Finalized,652,652,0.29,0,0.29
2026-08-05,UDXCOMBO-15593882698716227767,Other,Combo-15593882698716227767,Finalized,0,652,0.07,0,0.07
2026-08-05,UDXCOMBO-811411648905199810,Other,Combo-811411648905199810,Finalized,0,650,0.07,0,0.07
2026-08-05,UDXCOMBO-18101490391531938795,Other,Combo-18101490391531938795,Finalized,0,649,0.22,0,0.22
2026-08-05,UDXCOMBO-4060209183062728913,Other,Combo-4060209183062728913,Finalized,0,645,0.03,0,0.03
2026-08-05,UDXCOMBO-7026610458869678236,Other,Combo-7026610458869678236,Finalized,0,643.77,0.48,0,0.15
2026-08-05,UDXWNBATOTAL_DALWSH2026AUG05_170.5,Basketball (pro),Total,Finalized,0,642,0.95,0,0.95
2026-08-05,UDXCOMBO-7238804879125607819,Other,Combo-7238804879125607819,Finalized,0,640,0.5,0,0.5
2026-08-05,UDXCOMBO-12904584602123872413,Other,Combo-12904584602123872413,Finalized,0,638,0.02,0,0.02
2026-08-05,UDXMLBSPREAD_MIAATL26AUG051915_ATL2.5,Baseball,Spread,Finalized,0,636,0.7,0,0.7
2026-08-05,UDXMLBSPREAD_SFTEX26AUG051435_TEX6.5,Baseball,Spread,Finalized,0,635,0.3,0,0.3
2026-08-05,UDXCOMBO-9928923905495589316,Other,Combo-9928923905495589316,Finalized,633,633,0.15,0,0.15
2026-08-05,UDXCOMBO-16791237016775303644,Other,Combo-16791237016775303644,Finalized,0,633,0.15,0,0.15
2026-08-05,UDXCOMBO-5838955733331976106,Other,Combo-5838955733331976106,Finalized,0,630,0.45,0,0.45
2026-08-05,UDXCOMBO-14993960114916325394,Other,Combo-14993960114916325394,Finalized,626,626,0.09,0,0.09
2026-08-05,UDXCOMBO-15487776081960757026,Other,Combo-15487776081960757026,Finalized,624,624,0.37,0,0.37
2026-08-05,UDXCOMBO-9064272746073044436,Other,Combo-9064272746073044436,Finalized,623,623,0.31,0,0.31
2026-08-05,UDXCOMBO-4356081564398652445,Other,Combo-4356081564398652445,Finalized,0,623,0.02,0,0.02
2026-08-05,UDXMLBSPREAD_SFTEX26AUG051435_TEX5.5,Baseball,Spread,Finalized,0,622,0.63,0,0.63
2026-08-05,UDXCOMBO-7094079097427466905,Other,Combo-7094079097427466905,Finalized,0,620,0.79,0,0.79
2026-08-05,UDXWNBASPREAD_LACHI2026AUG05_CHI13.5,Basketball (pro),Spread,Finalized,0,616,0.41,0,0.41
2026-08-05,UDXCOMBO-5434456629586414587,Other,Combo-5434456629586414587,Finalized,0,615,0.1,0,0.1
2026-08-05,UDXCOMBO-14820381816117105323,Other,Combo-14820381816117105323,Finalized,612,612,0.47,0,0.47
2026-08-05,UDXMLBSPREAD_SDARI26AUG052140_ARI2.5,Baseball,Spread,Finalized,612,612,0.45,0,0.45
2026-08-05,UDXMLBSPREAD_LAABAL26AUG051835_BAL2.5,Baseball,Spread,Finalized,0,611,0.88,0,0.88
2026-08-05,UDXCOMBO-15361894647408703552,Other,Combo-15361894647408703552,Finalized,0,610,0.02,0,0.02
2026-08-05,UDXCOMBO-4903265332397306051,Other,Combo-4903265332397306051,Finalized,0,610,0.01,0,0.01
2026-08-05,UDXCOMBO-5948517958833343875,Other,Combo-5948517958833343875,Finalized,0,606,0.19,0,0.05
2026-08-05,UDXCOMBO-2351489772740308876,Other,Combo-2351489772740308876,Finalized,0,602,0.19,0,0.19
2026-08-05,UDXCOMBO-7610282132828626534,Other,Combo-7610282132828626534,Finalized,601,601,0.16,0,0.16
2026-08-05,UDXCOMBO-4807584204749376197,Other,Combo-4807584204749376197,Finalized,0,601,0.01,0,0.01
2026-08-05,UDXCOMBO-9608308208757648786,Other,Combo-9608308208757648786,Finalized,0,601,0.01,0,0.01
2026-08-05,UDXCOMBO-411009523686361093,Other,Combo-411009523686361093,Finalized,0,596,0.03,0,0.03
2026-08-05,UDXCOMBO-1034486629417563418,Other,Combo-1034486629417563418,Finalized,0,594,0.09,0,0.09
2026-08-05,UDXCOMBO-12188295643394986815,Other,Combo-12188295643394986815,Finalized,0,590,0.33,0,0.33
2026-08-05,UDXCOMBO-16329511784572481897,Other,Combo-16329511784572481897,Finalized,0,587,0.08,0,0.08
2026-08-05,UDXCOMBO-13054208112088084195,Other,Combo-13054208112088084195,Finalized,0,585,0.04,0,0.04
2026-08-05,UDXCOMBO-37216576769502220,Other,Combo-37216576769502220,Finalized,0,584.41,0.01,0,0.01
2026-08-05,UDXCOMBO-14529464048085057770,Other,Combo-14529464048085057770,Finalized,0,584,0.01,0,0.01
2026-08-05,UDXCOMBO-2115625114677602863,Other,Combo-2115625114677602863,Finalized,0,584,0.02,0,0.02
2026-08-05,UDXCOMBO-5213946695960003545,Other,Combo-5213946695960003545,Finalized,0,584,0.02,0,0.02
2026-08-05,UDXCOMBO-5376303426228290357,Other,Combo-5376303426228290357,Finalized,0,584,0.01,0,0.01
2026-08-05,UDXCOMBO-7844359837240404619,Other,Combo-7844359837240404619,Finalized,0,584,0.02,0,0.02
2026-08-05,UDXCOMBO-12833095381422320728,Other,Combo-12833095381422320728,Finalized,0,583,0.16,0,0.16
2026-08-05,UDXCOMBO-14188630679299821611,Other,Combo-14188630679299821611,Finalized,0,583,0.19,0,0.19
2026-08-05,UDXCOMBO-12278437053578275525,Other,Combo-12278437053578275525,Finalized,0,582,0.06,0,0.06
2026-08-05,UDXCOMBO-1155838140408971836,Other,Combo-1155838140408971836,Finalized,0,579,0.28,0,0.1
2026-08-05,UDXCOMBO-16512104259266539239,Other,Combo-16512104259266539239,Finalized,0,579,0.16,0,0.16
2026-08-05,UDXCOMBO-13987015920548767206,Other,Combo-13987015920548767206,Finalized,0,576,0.04,0,0.04
2026-08-05,UDXCOMBO-2650450183651280720,Other,Combo-2650450183651280720,Finalized,0,570,0.34,0,0.2
2026-08-05,UDXCOMBO-15364811935011210951,Other,Combo-15364811935011210951,Finalized,0,569,0.17,0,0.17
2026-08-05,UDXCOMBO-16831304930616510604,Other,Combo-16831304930616510604,Finalized,0,567,0.1,0,0.1
2026-08-05,UDXCOMBO-14817823063740050558,Other,Combo-14817823063740050558,Finalized,566,566,0.08,0,0.08
2026-08-05,UDXCOMBO-1387148141326569087,Other,Combo-1387148141326569087,Finalized,0,566,0.08,0,0.08
2026-08-05,UDXCOMBO-8677186424800420714,Other,Combo-8677186424800420714,Finalized,565,565,0.22,0,0.22
2026-08-05,UDXCOMBO-3854775336857722788,Other,Combo-3854775336857722788,Finalized,0,564,0.17,0,0.08
2026-08-05,UDXCOMBO-1494862700416003033,Other,Combo-1494862700416003033,Finalized,0,563,0.29,0,0.29
2026-08-05,UDXCOMBO-3900687785089640501,Other,Combo-3900687785089640501,Finalized,0,562,0.05,0,0.05
2026-08-05,UDXMLBTOTAL_NYMCLE26AUG051840_6.5,Baseball,Total,Finalized,0,562,0.57,0,0.57
2026-08-05,UDXCOMBO-7485148657100807596,Other,Combo-7485148657100807596,Finalized,561,561,0.03,0,0.03
2026-08-05,UDXCOMBO-12417860885882029879,Other,Combo-12417860885882029879,Finalized,0,560,0,0,0
2026-08-05,UDXCOMBO-11323007902395540669,Other,Combo-11323007902395540669,Finalized,0,559,0.08,0,0.08
2026-08-05,UDXCOMBO-17381413079102335254,Other,Combo-17381413079102335254,Finalized,0,557,0.04,0,0.04
2026-08-05,UDXCOMBO-16694350335371533182,Other,Combo-16694350335371533182,Finalized,0,555,0.17,0,0.17
2026-08-05,UDXCOMBO-6071170564873944052,Other,Combo-6071170564873944052,Finalized,552,552,0.09,0,0.09
2026-08-05,UDXCOMBO-16026923849264782340,Other,Combo-16026923849264782340,Finalized,0,552,0.26,0,0.26
2026-08-05,UDXCOMBO-5144828444183304663,Other,Combo-5144828444183304663,Finalized,0,551.1,0.31,0,0.21
2026-08-05,UDXCOMBO-14280210392173566643,Other,Combo-14280210392173566643,Finalized,0,548,0.32,0,0.32
2026-08-05,UDXCOMBO-5067965346400717838,Other,Combo-5067965346400717838,Finalized,0,541,0.08,0,0.08
2026-08-05,UDXCOMBO-5584640819684138808,Other,Combo-5584640819684138808,Finalized,0,540,0.03,0,0.03
2026-08-05,UDXMLBGAMEWIN_CWSBOS26AUG061910_BOS,Baseball,Moneyline,Finalized,538,538,0.64,0,0.64
2026-08-05,UDXCOMBO-11144644159023630568,Other,Combo-11144644159023630568,Finalized,0,535,0.04,0,0.04
2026-08-05,UDXCOMBO-740055301026320499,Other,Combo-740055301026320499,Finalized,0,535,0.04,0,0.04
2026-08-05,UDXWNBASPREAD_SEANY2026AUG05_NY3.5,Basketball (pro),Spread,Finalized,0,535,0.81,0,0.81
2026-08-05,UDXCOMBO-12921074604451485596,Other,Combo-12921074604451485596,Finalized,0,533,0.19,0,0.15
2026-08-05,UDXCOMBO-12865111245402757955,Other,Combo-12865111245402757955,Finalized,531,531,0.18,0,0.18
2026-08-05,UDXCOMBO-4705560139687604954,Other,Combo-4705560139687604954,Finalized,530,530,0.39,0,0.39
2026-08-05,UDXCOMBO-11635635219279188511,Other,Combo-11635635219279188511,Finalized,0,528,0.09,0,0.09
2026-08-05,UDXCOMBO-13906752974107920903,Other,Combo-13906752974107920903,Finalized,0,528,0.09,0,0.09
2026-08-05,UDXCOMBO-7970275537972810628,Other,Combo-7970275537972810628,Finalized,0,528,0.09,0,0.09
2026-08-05,UDXCOMBO-10147011110535326803,Other,Combo-10147011110535326803,Finalized,0,525,0.02,0,0.02
2026-08-05,UDXCOMBO-5259423692310209915,Other,Combo-5259423692310209915,Finalized,0,525,0.01,0,0.01
2026-08-05,UDXCOMBO-12675799435859486592,Other,Combo-12675799435859486592,Finalized,524,524,0.32,0,0.32
2026-08-05,UDXCOMBO-2356108984681177553,Other,Combo-2356108984681177553,Finalized,0,524,0.22,0,0.22
2026-08-05,UDXCOMBO-6150419973753830574,Other,Combo-6150419973753830574,Finalized,0,524,0.22,0,0.05
2026-08-05,UDXCOMBO-15807505107659458408,Other,Combo-15807505107659458408,Finalized,0,521,0.07,0,0.07
2026-08-05,UDXCOMBO-14984307900662682408,Other,Combo-14984307900662682408,Finalized,0,520,0.03,0,0.03
2026-08-05,UDXCOMBO-16106907097509889230,Other,Combo-16106907097509889230,Finalized,0,519,0.02,0,0.02
2026-08-05,UDXCOMBO-3272811248298506909,Other,Combo-3272811248298506909,Finalized,0,519,0.02,0,0.02
2026-08-05,UDXCOMBO-16790432779552203228,Other,Combo-16790432779552203228,Finalized,0,516,0.24,0,0.04
2026-08-05,UDXCOMBO-3485354695099921024,Other,Combo-3485354695099921024,Finalized,0,514,0.21,0,0.21
2026-08-05,UDXCOMBO-4631604871566837530,Other,Combo-4631604871566837530,Finalized,513,513,0.28,0,0.28
2026-08-05,UDXMLBTOTAL_OAKCIN26AUG051840_5.5,Baseball,Total,Finalized,0,512,0.56,0,0.23
2026-08-05,UDXCOMBO-6695506272231305325,Other,Combo-6695506272231305325,Finalized,0,511,0.04,0,0.04
2026-08-05,UDXCOMBO-15429992649609568909,Other,Combo-15429992649609568909,Finalized,0,510,0.09,0,0.09
2026-08-05,UDXCOMBO-6763460188641342162,Other,Combo-6763460188641342162,Finalized,504,504,0.13,0,0.13
2026-08-05,UDXCOMBO-12664707972296963019,Other,Combo-12664707972296963019,Finalized,0,503,0.01,0,0.01
2026-08-05,UDXCOMBO-14379236977233044103,Other,Combo-14379236977233044103,Finalized,0,501,0.35,0,0.35
2026-08-05,UDXCOMBO-15632686275919065870,Other,Combo-15632686275919065870,Finalized,0,501,0.21,0,0.16
2026-08-05,UDXCOMBO-6018144771834854186,Other,Combo-6018144771834854186,Finalized,500,500,0.28,0,0.28
2026-08-05,UDXCOMBO-15253813079563281555,Other,Combo-15253813079563281555,Finalized,0,499,0.37,0,0.37
2026-08-05,UDXCOMBO-4427281227031329174,Other,Combo-4427281227031329174,Finalized,0,497,0.02,0,0.02
2026-08-05,UDXCOMBO-12293949966298410268,Other,Combo-12293949966298410268,Finalized,0,495,0.67,0,0.55
2026-08-05,UDXCOMBO-17092953505228219266,Other,Combo-17092953505228219266,Finalized,0,495,0.19,0,0.19
2026-08-05,UDXCOMBO-13671302784431939339,Other,Combo-13671302784431939339,Finalized,0,494,0.1,0,0.1
2026-08-05,UDXCOMBO-17751829205623094823,Other,Combo-17751829205623094823,Finalized,0,494,0.61,0,0.61
2026-08-05,UDXCOMBO-1025781366192120481,Other,Combo-1025781366192120481,Finalized,493,493,0.42,0,0.42
2026-08-05,UDXCOMBO-4472432987971861713,Other,Combo-4472432987971861713,Finalized,493,493,0.24,0,0.24
2026-08-05,UDXCOMBO-213326637234484815,Other,Combo-213326637234484815,Finalized,0,493,0.06,0,0.06
2026-08-05,UDXCOMBO-18298436467290434375,Other,Combo-18298436467290434375,Finalized,0,492,0.02,0,0.02
2026-08-05,UDXCOMBO-4853675667874890870,Other,Combo-4853675667874890870,Finalized,0,492,0.02,0,0.02
2026-08-05,UDXCOMBO-3909324103191686023,Other,Combo-3909324103191686023,Finalized,491,491,0.49,0,0.49
2026-08-05,UDXCOMBO-11047874831123094116,Other,Combo-11047874831123094116,Finalized,0,490,0.02,0,0.02
2026-08-05,UDXCOMBO-10421277400932597348,Other,Combo-10421277400932597348,Finalized,0,489,0.18,0,0.17
2026-08-05,UDXCOMBO-1343344155383112810,Other,Combo-1343344155383112810,Finalized,0,489,0.27,0,0.27
2026-08-05,UDXCOMBO-8597200028711597332,Other,Combo-8597200028711597332,Finalized,0,489,0.31,0,0.31
2026-08-05,UDXCOMBO-460771431581142158,Other,Combo-460771431581142158,Finalized,0,488,0.11,0,0.11
2026-08-05,UDXCOMBO-13060458396562676162,Other,Combo-13060458396562676162,Finalized,0,486,0.29,0,0.29
2026-08-05,UDXCOMBO-8707861939247465408,Other,Combo-8707861939247465408,Finalized,0,486,0.21,0,0.2
2026-08-05,UDXCOMBO-3482262819763148274,Other,Combo-3482262819763148274,Finalized,0,485,0.06,0,0.06
2026-08-05,UDXCOMBO-1561595033075134499,Other,Combo-1561595033075134499,Finalized,484,484,0.62,0,0.39
2026-08-05,UDXCOMBO-317166097247606002,Other,Combo-317166097247606002,Finalized,0,476,0.42,0,0.3
2026-08-05,UDXWNBATOTAL_DALWSH2026AUG05_173.5,Basketball (pro),Total,Finalized,0,476,0.97,0,0.97
2026-08-05,UDXCOMBO-13397447424358400787,Other,Combo-13397447424358400787,Finalized,0,471,0.23,0,0.23
2026-08-05,UDXMLBSPREAD_PITMIL26AUG051940_MIL4.5,Baseball,Spread,Finalized,0,471,0.48,0,0.2
2026-08-05,UDXCOMBO-14115567778832173551,Other,Combo-14115567778832173551,Finalized,0,470,0.27,0,0.26
2026-08-05,UDXCOMBO-15199292988304773643,Other,Combo-15199292988304773643,Finalized,0,468,0.04,0,0.04
2026-08-05,UDXCOMBO-17303154801122751955,Other,Combo-17303154801122751955,Finalized,0,468,0.05,0,0.05
2026-08-05,UDXCOMBO-5147621432230109050,Other,Combo-5147621432230109050,Finalized,0,468,0.01,0,0.01
2026-08-05,UDXCOMBO-12306972495271541912,Other,Combo-12306972495271541912,Finalized,0,467,0.11,0,0.1
2026-08-05,UDXCOMBO-14039076480368581640,Other,Combo-14039076480368581640,Finalized,0,467,0.01,0,0.01
2026-08-05,UDXCOMBO-14381634951370995591,Other,Combo-14381634951370995591,Finalized,0,467,0.01,0,0.01
2026-08-05,UDXCOMBO-17345422148669600461,Other,Combo-17345422148669600461,Finalized,0,467,0.01,0,0.01
2026-08-05,UDXCOMBO-372189210959802201,Other,Combo-372189210959802201,Finalized,0,467,0,0,0
2026-08-05,UDXCOMBO-5534230387527451491,Other,Combo-5534230387527451491,Finalized,0,467,0.01,0,0.01
2026-08-05,UDXCOMBO-9098258106791368091,Other,Combo-9098258106791368091,Finalized,0,467,0.01,0,0.01
2026-08-05,UDXMLBSPREAD_MINKAN26AUG051940_MIN1.5,Baseball,Spread,Finalized,0,466,0.55,0,0.04
2026-08-05,UDXCOMBO-11044187406155820705,Other,Combo-11044187406155820705,Finalized,0,465,0,0,0
2026-08-05,UDXCOMBO-14827582783645906837,Other,Combo-14827582783645906837,Finalized,0,465,0,0,0
2026-08-05,UDXCOMBO-16411375739630744822,Other,Combo-16411375739630744822,Finalized,0,465,0,0,0
2026-08-05,UDXCOMBO-608307819752864000,Other,Combo-608307819752864000,Finalized,358,464,0.52,0,0.52
2026-08-05,UDXCOMBO-17051889524806503872,Other,Combo-17051889524806503872,Finalized,0,464,0.09,0,0.09
2026-08-05,UDXCOMBO-15256072407917755269,Other,Combo-15256072407917755269,Finalized,0,462,0.12,0,0.12
2026-08-05,UDXCOMBO-6628652971024409380,Other,Combo-6628652971024409380,Finalized,0,462,0.52,0,0.52
2026-08-05,UDXCOMBO-6796620632291674454,Other,Combo-6796620632291674454,Finalized,461,461,0.42,0,0.42
2026-08-05,UDXCOMBO-11870438009408072753,Other,Combo-11870438009408072753,Finalized,0,460,0.04,0,0.04
2026-08-05,UDXCOMBO-10201107206366304687,Other,Combo-10201107206366304687,Finalized,0,458,0.05,0,0.05
2026-08-05,UDXCOMBO-3155095072129123053,Other,Combo-3155095072129123053,Finalized,457,457,0.29,0,0.25
2026-08-05,UDXCOMBO-9551761276044034667,Other,Combo-9551761276044034667,Finalized,0,457,0.56,0,0.56
2026-08-05,UDXMLBTOTAL_LADCHC26AUG051420_8.5,Baseball,Total,Finalized,0,452,0.75,0,0.56
2026-08-05,UDXCOMBO-11776524884514225725,Other,Combo-11776524884514225725,Finalized,0,450,0.04,0,0.04
2026-08-05,UDXCOMBO-6981627228388209808,Other,Combo-6981627228388209808,Finalized,0,448,0.11,0,0.11
2026-08-05,UDXCOMBO-8917058142927808233,Other,Combo-8917058142927808233,Finalized,0,448,0.33,0,0.33
2026-08-05,UDXCOMBO-10510139666737515710,Other,Combo-10510139666737515710,Finalized,0,445,0.02,0,0.02
2026-08-05,UDXCOMBO-1385443780499593691,Other,Combo-1385443780499593691,Finalized,0,445,0.02,0,0.02
2026-08-05,UDXCOMBO-15034238609135472300,Other,Combo-15034238609135472300,Finalized,0,445,0.02,0,0.02
2026-08-05,UDXCOMBO-6858260297121764464,Other,Combo-6858260297121764464,Finalized,0,445,0.43,0,0.43
2026-08-05,UDXCOMBO-7051154601033193687,Other,Combo-7051154601033193687,Finalized,0,445,0.02,0,0.02
2026-08-05,UDXCOMBO-9739131558699265756,Other,Combo-9739131558699265756,Finalized,0,445,0.02,0,0.02
2026-08-05,UDXCOMBO-14951846220440156805,Other,Combo-14951846220440156805,Finalized,0,443,0.2,0,0.2
2026-08-05,UDXCOMBO-1977915128995597409,Other,Combo-1977915128995597409,Finalized,0,443,0.02,0,0.02
2026-08-05,UDXCOMBO-8764510704974423663,Other,Combo-8764510704974423663,Finalized,0,442,0.33,0,0.18
2026-08-05,UDXWNBASPREAD_PHXATL2026AUG05_PHX1.5,Basketball (pro),Spread,Finalized,0,442,0.3,0,0.19
2026-08-05,UDXCOMBO-10362000071175324015,Other,Combo-10362000071175324015,Finalized,0,441,0.19,0,0.19
2026-08-05,UDXCOMBO-3391326779860035985,Other,Combo-3391326779860035985,Finalized,0,441,0.06,0,0.06
2026-08-05,UDXCOMBO-12414555291674022061,Other,Combo-12414555291674022061,Finalized,0,440,0.25,0,0.06
2026-08-05,UDXCOMBO-14506473102903329708,Other,Combo-14506473102903329708,Finalized,0,440,0.33,0,0.33
2026-08-05,UDXCOMBO-13064198584960036533,Other,Combo-13064198584960036533,Finalized,0,435,0.04,0,0.04
2026-08-05,UDXCOMBO-1727050832746925249,Other,Combo-1727050832746925249,Finalized,0,435,0.04,0,0.04
2026-08-05,UDXCOMBO-6482183632986544998,Other,Combo-6482183632986544998,Finalized,0,435,0.02,0,0.02
2026-08-05,UDXCOMBO-1517010115083915364,Other,Combo-1517010115083915364,Finalized,0,434,0.33,0,0.33
2026-08-05,UDXCOMBO-5406184596291885533,Other,Combo-5406184596291885533,Finalized,0,434,0.26,0,0.26
2026-08-05,UDXCOMBO-2701357285899495257,Other,Combo-2701357285899495257,Finalized,433,433,0.44,0,0.44
2026-08-05,UDXCOMBO-7146260434382958699,Other,Combo-7146260434382958699,Finalized,0,432,0.34,0,0.34
2026-08-05,UDXWNBATOTAL_SEANY2026AUG05_174.5,Basketball (pro),Total,Finalized,0,432,0.67,0,0.55
2026-08-05,UDXMLBSPREAD_CWSBOS26AUG051910_BOS2.5,Baseball,Spread,Finalized,0,431,0.49,0,0.48
2026-08-05,UDXMLBTOTAL_MIAATL26AUG051915_6.5,Baseball,Total,Finalized,0,429,0.82,0,0.12
2026-08-05,UDXCOMBO-4127134941970573580,Other,Combo-4127134941970573580,Finalized,0,428,0.19,0,0.19
2026-08-05,UDXCOMBO-251176169773862022,Other,Combo-251176169773862022,Finalized,0,427,0.11,0,0.11
2026-08-05,UDXCOMBO-983740735537482672,Other,Combo-983740735537482672,Finalized,0,427,0.11,0,0.11
2026-08-05,UDXCOMBO-12080506803798215040,Other,Combo-12080506803798215040,Finalized,0,425,0.01,0,0.01
2026-08-05,UDXCOMBO-13574817645580307965,Other,Combo-13574817645580307965,Finalized,0,425,0.01,0,0.01
2026-08-05,UDXCOMBO-15770982227078482321,Other,Combo-15770982227078482321,Finalized,0,424,0.06,0,0.06
2026-08-05,UDXCOMBO-3004534001113998398,Other,Combo-3004534001113998398,Finalized,0,424,0.11,0,0.11
2026-08-05,UDXCOMBO-16828118270833301307,Other,Combo-16828118270833301307,Finalized,0,421,0.02,0,0.02
2026-08-05,UDXCOMBO-6098517629241066290,Other,Combo-6098517629241066290,Finalized,0,420,0.06,0,0.06
2026-08-05,UDXCOMBO-16551115905025819461,Other,Combo-16551115905025819461,Finalized,0,417,0.23,0,0.23
2026-08-05,UDXCOMBO-7744514681921144092,Other,Combo-7744514681921144092,Finalized,0,417,0.23,0,0.23
2026-08-05,UDXCOMBO-11884733229672745721,Other,Combo-11884733229672745721,Finalized,416,416,0.01,0,0.01
2026-08-05,UDXCOMBO-8426699904806739360,Other,Combo-8426699904806739360,Finalized,0,416,0.12,0,0.12
2026-08-05,UDXCOMBO-18402127444834288593,Other,Combo-18402127444834288593,Finalized,0,414,0.1,0,0.09
2026-08-05,UDXCOMBO-2906487862016508765,Other,Combo-2906487862016508765,Finalized,0,414,0.11,0,0.11
2026-08-05,UDXCOMBO-1749501881292694907,Other,Combo-1749501881292694907,Finalized,412,412,0.15,0,0.15
2026-08-05,UDXCOMBO-2472718008897132878,Other,Combo-2472718008897132878,Finalized,412,412,0.11,0,0.11
2026-08-05,UDXCOMBO-532753770523636417,Other,Combo-532753770523636417,Finalized,0,412,0.14,0,0.14
2026-08-05,UDXCOMBO-9699090335863561642,Other,Combo-9699090335863561642,Finalized,0,411,0.13,0,0.07
2026-08-05,UDXWNBAGAMEWIN_LVIND2026AUG06_LV,Basketball (pro),Moneyline,Finalized,414,410,0.49,0,0.49
2026-08-05,UDXCOMBO-13218229570994365535,Other,Combo-13218229570994365535,Finalized,0,409,0.12,0,0.12
2026-08-05,UDXCOMBO-9729663318531540526,Other,Combo-9729663318531540526,Finalized,0,409,0.12,0,0.12
2026-08-05,UDXCOMBO-2924781224552927868,Other,Combo-2924781224552927868,Finalized,0,408.06,0.03,0,0.03
2026-08-05,UDXCOMBO-8071450320154743611,Other,Combo-8071450320154743611,Finalized,0,408,0.13,0,0.13
2026-08-05,UDXCOMBO-2259903638523516504,Other,Combo-2259903638523516504,Finalized,407,407,0.05,0,0.05
2026-08-05,UDXCOMBO-16041587722937110685,Other,Combo-16041587722937110685,Finalized,0,406,0.02,0,0.02
2026-08-05,UDXCOMBO-15113562776615074236,Other,Combo-15113562776615074236,Finalized,0,405,0.12,0,0.12
2026-08-05,UDXCOMBO-15747662142745079712,Other,Combo-15747662142745079712,Finalized,0,405,0.08,0,0.08
2026-08-05,UDXCOMBO-1862945269275218881,Other,Combo-1862945269275218881,Finalized,0,405,0.48,0,0.48
2026-08-05,UDXCOMBO-17023486109215780103,Other,Combo-17023486109215780103,Finalized,403,403,0.21,0,0.21
2026-08-05,UDXCOMBO-14523956502279384020,Other,Combo-14523956502279384020,Finalized,0,403,0.84,0,0.84
2026-08-05,UDXMLBGAMEWIN_SDARI26AUG042140_SD,Baseball,Moneyline,Finalized,0,402,0.97,0,0.97
2026-08-05,UDXMLBSPREAD_CWSBOS26AUG051910_BOS3.5,Baseball,Spread,Finalized,0,402,0.35,0,0.27
2026-08-05,UDXMLBTOTAL_WASPHI26AUG061805_8.5,Baseball,Total,Finalized,0,402,0.54,0,0.54
2026-08-05,UDXCOMBO-13978148679875983060,Other,Combo-13978148679875983060,Finalized,0,400,0.06,0,0.06
2026-08-05,UDXCOMBO-2241223130784955,Other,Combo-2241223130784955,Finalized,0,400,0.01,0,0.01
2026-08-05,UDXCOMBO-9561284416754060950,Other,Combo-9561284416754060950,Finalized,0,400,0.02,0,0.02
2026-08-05,UDXCOMBO-7381105474537659625,Other,Combo-7381105474537659625,Finalized,0,399,0.12,0,0.12
2026-08-05,UDXCOMBO-9113466602732289613,Other,Combo-9113466602732289613,Finalized,0,398,0.48,0,0.48
2026-08-05,UDXCOMBO-16018730728584614651,Other,Combo-16018730728584614651,Finalized,0,396.21,0.4,0,0.4
2026-08-05,UDXMLBGAMEWIN_LAABAL26AUG061235_BAL,Baseball,Moneyline,Finalized,396,396,0.61,0,0.61
2026-08-05,UDXCOMBO-15825274636368680429,Other,Combo-15825274636368680429,Finalized,0,396,0.59,0,0.53
2026-08-05,UDXMLBTOTAL_NYMCLE26AUG051840_5.5,Baseball,Total,Finalized,0,396,0.52,0,0.51
2026-08-05,UDXCOMBO-16623302457359928086,Other,Combo-16623302457359928086,Finalized,0,395,0.12,0,0.12
2026-08-05,UDXCOMBO-10253044379595072093,Other,Combo-10253044379595072093,Finalized,0,394,0.36,0,0.36
2026-08-05,UDXWNBATOTAL_DALWSH2026AUG05_192.5,Basketball (pro),Total,Finalized,0,394,0.49,0,0.14
2026-08-05,UDXWNBATOTAL_SEANY2026AUG05_168.5,Basketball (pro),Total,Finalized,0,394,0.91,0,0.91
2026-08-05,UDXCOMBO-11512757117997208492,Other,Combo-11512757117997208492,Finalized,0,392,0.27,0,0.27
2026-08-05,UDXCOMBO-14786879862247424456,Other,Combo-14786879862247424456,Finalized,0,392,0.12,0,0.12
2026-08-05,UDXCOMBO-13923505879194392919,Other,Combo-13923505879194392919,Finalized,0,391,0.02,0,0.02
2026-08-05,UDXMLBTOTAL_MINKAN26AUG051940_3.5,Baseball,Total,Finalized,0,391,0.46,0,0.39
2026-08-05,UDXCOMBO-10149480246908238495,Other,Combo-10149480246908238495,Finalized,0,390,0.02,0,0.02
2026-08-05,UDXCOMBO-14889890415620590377,Other,Combo-14889890415620590377,Finalized,0,390,0.05,0,0.05
2026-08-05,UDXCOMBO-3070060044455588372,Other,Combo-3070060044455588372,Finalized,0,390,0.02,0,0.02
2026-08-05,UDXCOMBO-9705419585244052883,Other,Combo-9705419585244052883,Finalized,0,390,0.05,0,0.05
2026-08-05,UDXCOMBO-6352708901035639883,Other,Combo-6352708901035639883,Finalized,389,389,0.12,0,0.12
2026-08-05,UDXCOMBO-7556580622322356082,Other,Combo-7556580622322356082,Finalized,0,389,0.01,0,0.01
2026-08-05,UDXMLBSPREAD_SFTEX26AUG051435_TEX3.5,Baseball,Spread,Finalized,0,389,0.96,0,0.96
2026-08-05,UDXCOMBO-7431473730333542903,Other,Combo-7431473730333542903,Finalized,388,388,0.26,0,0.26
2026-08-05,UDXCOMBO-1880921152262492236,Other,Combo-1880921152262492236,Finalized,0,388,0.05,0,0.05
2026-08-05,UDXCOMBO-9477622868437342793,Other,Combo-9477622868437342793,Finalized,0,387,0.31,0,0.31
2026-08-05,UDXCOMBO-9235851467801607904,Other,Combo-9235851467801607904,Finalized,386,386,0.12,0,0.12
2026-08-05,UDXCOMBO-4214080497678402781,Other,Combo-4214080497678402781,Finalized,385,385,0.97,0,0.97
2026-08-05,UDXMLBSPREAD_MIAATL26AUG051915_MIA3.5,Baseball,Spread,Finalized,0,385,0.14,0,0.14
2026-08-05,UDXCOMBO-11559883261327449430,Other,Combo-11559883261327449430,Finalized,0,382,0.05,0,0.05
2026-08-05,UDXCOMBO-855639815305449,Other,Combo-855639815305449,Finalized,0,381,0.12,0,0.12
2026-08-05,UDXCOMBO-17318941507082519044,Other,Combo-17318941507082519044,Finalized,380,380,0.14,0,0.11
2026-08-05,UDXCOMBO-16661443601633815152,Other,Combo-16661443601633815152,Finalized,0,380,0.45,0,0.45
2026-08-05,UDXCOMBO-17821196375300207310,Other,Combo-17821196375300207310,Finalized,0,378,0.25,0,0.25
2026-08-05,UDXCOMBO-9251585017197002319,Other,Combo-9251585017197002319,Finalized,0,378,0.13,0,0.13
2026-08-05,UDXCOMBO-14696124779891625293,Other,Combo-14696124779891625293,Finalized,0,377,0.32,0,0.32
2026-08-05,UDXCOMBO-8765300764809961713,Other,Combo-8765300764809961713,Finalized,0,376,0.09,0,0.09
2026-08-05,UDXCOMBO-10411752819476171127,Other,Combo-10411752819476171127,Finalized,0,374,0.03,0,0.03
2026-08-05,UDXCOMBO-12337155443081927612,Other,Combo-12337155443081927612,Finalized,0,374,0.01,0,0.01
2026-08-05,UDXCOMBO-7536334858042879934,Other,Combo-7536334858042879934,Finalized,0,374,0.13,0,0.13
2026-08-05,UDXCOMBO-17097561448420927408,Other,Combo-17097561448420927408,Finalized,0,373,0.42,0,0.42
2026-08-05,UDXCOMBO-4836026771391113485,Other,Combo-4836026771391113485,Finalized,0,373,0.13,0,0.13
2026-08-05,UDXCOMBO-17668743692695973692,Other,Combo-17668743692695973692,Finalized,0,372,0.06,0,0.06
2026-08-05,UDXCOMBO-1621159978928933784,Other,Combo-1621159978928933784,Finalized,0,371,0.51,0,0.51
2026-08-05,UDXCOMBO-824543872344313439,Other,Combo-824543872344313439,Finalized,0,371,0.26,0,0.26
2026-08-05,UDXCOMBO-17995951940684902831,Other,Combo-17995951940684902831,Finalized,0,370,0.27,0,0.26
2026-08-05,UDXCOMBO-18183468681591938968,Other,Combo-18183468681591938968,Finalized,0,370,0.08,0,0.08
2026-08-05,UDXCOMBO-7018620521380573561,Other,Combo-7018620521380573561,Finalized,0,370,0.08,0,0.08
2026-08-05,UDXCOMBO-12882575358778854998,Other,Combo-12882575358778854998,Finalized,0,368.02,0.46,0,0.46
2026-08-05,UDXCOMBO-821630662104481170,Other,Combo-821630662104481170,Finalized,0,368,0.13,0,0.13
2026-08-05,UDXCOMBO-6789999023076108423,Other,Combo-6789999023076108423,Finalized,367,367,0.14,0,0.14
2026-08-05,UDXCOMBO-10451269246395757822,Other,Combo-10451269246395757822,Finalized,0,367,0.23,0,0.23
2026-08-05,UDXCOMBO-7851424179345191446,Other,Combo-7851424179345191446,Finalized,0,367,0.05,0,0.05
2026-08-05,UDXCOMBO-10387730787661304074,Other,Combo-10387730787661304074,Finalized,0,366,0.02,0,0.02
2026-08-05,UDXCOMBO-14420999564813177131,Other,Combo-14420999564813177131,Finalized,0,366,0.01,0,0.01
2026-08-05,UDXCOMBO-5674702728273853753,Other,Combo-5674702728273853753,Finalized,0,365,0.26,0,0.26
2026-08-05,UDXCOMBO-13686202401259246814,Other,Combo-13686202401259246814,Finalized,0,364,0.26,0,0.26
2026-08-05,UDXCOMBO-14718520829100227051,Other,Combo-14718520829100227051,Finalized,363,363,0.15,0,0.15
2026-08-05,UDXCOMBO-275482116812570802,Other,Combo-275482116812570802,Finalized,360,360,0.37,0,0.37
2026-08-05,UDXCOMBO-12024288976363081678,Other,Combo-12024288976363081678,Finalized,0,360,0.05,0,0.05
2026-08-05,UDXCOMBO-16155255296764286617,Other,Combo-16155255296764286617,Finalized,0,360,0.03,0,0.03
2026-08-05,UDXCOMBO-17009821314129785595,Other,Combo-17009821314129785595,Finalized,0,360,0.03,0,0.03
2026-08-05,UDXCOMBO-18297355537700818823,Other,Combo-18297355537700818823,Finalized,0,360,0.04,0,0.04
2026-08-05,UDXCOMBO-16563621067520198104,Other,Combo-16563621067520198104,Finalized,358,358,0.4,0,0.4
2026-08-05,UDXCOMBO-12890389077847376527,Other,Combo-12890389077847376527,Finalized,0,358,0.27,0,0.27
2026-08-05,UDXCOMBO-7833887875190281185,Other,Combo-7833887875190281185,Finalized,0,358,0.27,0,0.27
2026-08-05,UDXCOMBO-9525123095995600207,Other,Combo-9525123095995600207,Finalized,0,357,0.27,0,0.27
2026-08-05,UDXCOMBO-813214833935648934,Other,Combo-813214833935648934,Finalized,0,356,0.02,0,0.02
2026-08-05,UDXCOMBO-9898869100112850599,Other,Combo-9898869100112850599,Finalized,0,354,0.55,0,0.33
2026-08-05,UDXCOMBO-1261943059678338031,Other,Combo-1261943059678338031,Finalized,0,353,0.05,0,0.05
2026-08-05,UDXCOMBO-1267852430197889122,Other,Combo-1267852430197889122,Finalized,0,353,0.05,0,0.05
2026-08-05,UDXMLBSPREAD_OAKCIN26AUG051840_OAK1.5,Baseball,Spread,Finalized,0,353,0.39,0,0.35
2026-08-05,UDXCOMBO-10392540717455909043,Other,Combo-10392540717455909043,Finalized,0,350,0.01,0,0.01
2026-08-05,UDXCOMBO-5657562363954442036,Other,Combo-5657562363954442036,Finalized,0,350,0.12,0,0.12
2026-08-05,UDXCOMBO-2888681935111887917,Other,Combo-2888681935111887917,Finalized,0,348,0.27,0,0.27
2026-08-05,UDXCOMBO-10382762733528559209,Other,Combo-10382762733528559209,Finalized,0,347,0.05,0,0.05
2026-08-05,UDXWNBATOTAL_DALWSH2026AUG05_199.5,Basketball (pro),Total,Finalized,0,347,0.11,0,0.11
2026-08-05,UDXCOMBO-12415394936305973293,Other,Combo-12415394936305973293,Finalized,346,346,0.06,0,0.06
2026-08-05,UDXCOMBO-3260138658388553466,Other,Combo-3260138658388553466,Finalized,0,346,0.14,0,0.14
2026-08-05,UDXMLBSPREAD_MINKAN26AUG061940_MIN1.5,Baseball,Spread,Finalized,344,344,0.37,0,0.37
2026-08-05,UDXCOMBO-3115888622032524307,Other,Combo-3115888622032524307,Finalized,0,344,0.12,0,0.12
2026-08-05,UDXCOMBO-4279746870923768365,Other,Combo-4279746870923768365,Finalized,0,344,0.42,0,0.42
2026-08-05,UDXMLBTOTAL_LAABAL26AUG051835_9.5,Baseball,Total,Finalized,0,344,0.34,0,0.17
2026-08-05,UDXCOMBO-15979476425995768525,Other,Combo-15979476425995768525,Finalized,0,342,0.04,0,0.04
2026-08-05,UDXCOMBO-13319351328452128388,Other,Combo-13319351328452128388,Finalized,0,341,0.13,0,0.13
2026-08-05,UDXCOMBO-10683963309074493761,Other,Combo-10683963309074493761,Finalized,0,340,0.07,0,0.07
2026-08-05,UDXCOMBO-14915473682787227030,Other,Combo-14915473682787227030,Finalized,0,340,0.16,0,0.16
2026-08-05,UDXCOMBO-8108521928519059625,Other,Combo-8108521928519059625,Finalized,0,340,0.07,0,0.07
2026-08-05,UDXCOMBO-8749717503868604577,Other,Combo-8749717503868604577,Finalized,0,340,0.07,0,0.07
2026-08-05,UDXWNBASPREAD_DALWSH2026AUG05_WSH6.5,Basketball (pro),Spread,Finalized,0,339,0.29,0,0.29
2026-08-05,UDXCOMBO-12480397876589496063,Other,Combo-12480397876589496063,Finalized,0,337,0.07,0,0.07
2026-08-05,UDXCOMBO-8306015409423435845,Other,Combo-8306015409423435845,Finalized,0,337,0.15,0,0.14
2026-08-05,UDXCOMBO-11711096237549601853,Other,Combo-11711096237549601853,Finalized,336,336,0.09,0,0.09
2026-08-05,UDXCOMBO-13873579667359775925,Other,Combo-13873579667359775925,Finalized,336,336,0.31,0,0.25
2026-08-05,UDXCOMBO-10076019655196199169,Other,Combo-10076019655196199169,Finalized,0,336,0.52,0,0.52
2026-08-05,UDXCOMBO-1994696154295496937,Other,Combo-1994696154295496937,Finalized,0,336,0.14,0,0.14
2026-08-05,UDXCOMBO-5758896824280544279,Other,Combo-5758896824280544279,Finalized,335,335,0.29,0,0.29
2026-08-05,UDXCOMBO-16066091783412787897,Other,Combo-16066091783412787897,Finalized,0,334,0.08,0,0.07
2026-08-05,UDXCOMBO-6170330083660895130,Other,Combo-6170330083660895130,Finalized,0,331,0.4,0,0.4
2026-08-05,UDXCOMBO-10456004326069764956,Other,Combo-10456004326069764956,Finalized,0,328,0.29,0,0.29
2026-08-05,UDXCOMBO-10655706666006211496,Other,Combo-10655706666006211496,Finalized,0,327,0.46,0,0.44
2026-08-05,UDXCOMBO-13050127851418203805,Other,Combo-13050127851418203805,Finalized,0,327,0.07,0,0.07
2026-08-05,UDXCOMBO-13443885666531741378,Other,Combo-13443885666531741378,Finalized,0,327,0.12,0,0.12
2026-08-05,UDXCOMBO-9826817189489501334,Other,Combo-9826817189489501334,Finalized,0,327,0.09,0,0.09
2026-08-05,UDXCOMBO-5813791307749361405,Other,Combo-5813791307749361405,Finalized,0,326.03,0.07,0,0.07
2026-08-05,UDXWNBASPREAD_LACHI2026AUG05_LA9.5,Basketball (pro),Spread,Finalized,0,326,0.21,0,0.03
2026-08-05,UDXCOMBO-15406268208969870495,Other,Combo-15406268208969870495,Finalized,0,325,0.29,0,0.29
2026-08-05,UDXCOMBO-14822739483131448267,Other,Combo-14822739483131448267,Finalized,324,324,0.09,0,0.09
2026-08-05,UDXCOMBO-15410653358734763541,Other,Combo-15410653358734763541,Finalized,0,324,0.03,0,0.03
2026-08-05,UDXCOMBO-5504650356883381029,Other,Combo-5504650356883381029,Finalized,0,324,0.04,0,0.04
2026-08-05,UDXCOMBO-7633908066895152019,Other,Combo-7633908066895152019,Finalized,0,324,0.29,0,0.29
2026-08-05,UDXCOMBO-8525952411655918133,Other,Combo-8525952411655918133,Finalized,323,323,0.15,0,0.15
2026-08-05,UDXCOMBO-1303732577622913275,Other,Combo-1303732577622913275,Finalized,0,323,0.06,0,0.06
2026-08-05,UDXCOMBO-13518627291299996000,Other,Combo-13518627291299996000,Finalized,0,323,0.02,0,0.02
2026-08-05,UDXCOMBO-8098358037460408701,Other,Combo-8098358037460408701,Finalized,0,323,0.15,0,0.15
2026-08-05,UDXCOMBO-12205245089716070131,Other,Combo-12205245089716070131,Finalized,0,321,0.12,0,0.12
2026-08-05,UDXCOMBO-14253440598253004352,Other,Combo-14253440598253004352,Finalized,0,321,0.07,0,0.07
2026-08-05,UDXCOMBO-1782035899804025096,Other,Combo-1782035899804025096,Finalized,0,321,0.22,0,0.22
2026-08-05,UDXCOMBO-495353912853775648,Other,Combo-495353912853775648,Finalized,0,321,0.3,0,0.3
2026-08-05,UDXCOMBO-9278196439744701116,Other,Combo-9278196439744701116,Finalized,0,321,0.13,0,0.13
2026-08-05,UDXCOMBO-14909499381052153333,Other,Combo-14909499381052153333,Finalized,0,320,0.09,0,0.09
2026-08-05,UDXCOMBO-3123905545948953507,Other,Combo-3123905545948953507,Finalized,0,320,0.46,0,0.46
2026-08-05,UDXMLBSPREAD_CWSBOS26AUG051910_CWS2.5,Baseball,Spread,Finalized,0,320,0.24,0,0.24
2026-08-05,UDXWNBASPREAD_LVIND2026AUG06_IND1.5,Basketball (pro),Spread,Finalized,191,319,0.48,0,0.48
2026-08-05,UDXCOMBO-2382420535923471608,Other,Combo-2382420535923471608,Finalized,318,318,0.22,0,0.22
2026-08-05,UDXCOMBO-14494229853669326757,Other,Combo-14494229853669326757,Finalized,0,318,0.01,0,0.01
2026-08-05,UDXCOMBO-2048679800687894657,Other,Combo-2048679800687894657,Finalized,0,318,0.3,0,0.3
2026-08-05,UDXCOMBO-885906315103081761,Other,Combo-885906315103081761,Finalized,0,317,0.06,0,0.06
2026-08-05,UDXCOMBO-12698603443181756394,Other,Combo-12698603443181756394,Finalized,316,316,0.09,0,0.09
2026-08-05,UDXCOMBO-18417648892136737315,Other,Combo-18417648892136737315,Finalized,316,316,0.09,0,0.09
2026-08-05,UDXCOMBO-10097771441182924181,Other,Combo-10097771441182924181,Finalized,0,316,0.08,0,0.08
2026-08-05,UDXCOMBO-11785160954384710641,Other,Combo-11785160954384710641,Finalized,0,316,0.24,0,0.24
2026-08-05,UDXCOMBO-2529308187048117958,Other,Combo-2529308187048117958,Finalized,0,316,0.46,0,0.46
2026-08-05,UDXCOMBO-15607719811426827364,Other,Combo-15607719811426827364,Finalized,0,315.72,0.11,0,0.11
2026-08-05,UDXCOMBO-13359350506346211329,Other,Combo-13359350506346211329,Finalized,0,314,0.19,0,0.09
2026-08-05,UDXCOMBO-14934976835108791565,Other,Combo-14934976835108791565,Finalized,313,313,0.64,0,0.64
2026-08-05,UDXCOMBO-11969166260754361038,Other,Combo-11969166260754361038,Finalized,0,313,0.35,0,0.35
2026-08-05,UDXCOMBO-14148907787367296250,Other,Combo-14148907787367296250,Finalized,0,313,0.3,0,0.3
2026-08-05,UDXCOMBO-3255019007563679806,Other,Combo-3255019007563679806,Finalized,0,313,0.15,0,0.15
2026-08-05,UDXCOMBO-3285217891428144216,Other,Combo-3285217891428144216,Finalized,0,313,0.06,0,0.06
2026-08-05,UDXCOMBO-1155078414476449385,Other,Combo-1155078414476449385,Finalized,0,312,0.15,0,0.15
2026-08-05,UDXCOMBO-13945620123082421308,Other,Combo-13945620123082421308,Finalized,0,312,0.03,0,0.03
2026-08-05,UDXCOMBO-1433205411913741792,Other,Combo-1433205411913741792,Finalized,0,312,0.05,0,0.05
2026-08-05,UDXCOMBO-17748625228554592138,Other,Combo-17748625228554592138,Finalized,0,312,0.03,0,0.03
2026-08-05,UDXCOMBO-2101816353128785220,Other,Combo-2101816353128785220,Finalized,0,312,0.05,0,0.05
2026-08-05,UDXCOMBO-3205878560873817121,Other,Combo-3205878560873817121,Finalized,0,312,0.03,0,0.03
2026-08-05,UDXCOMBO-347445811953799499,Other,Combo-347445811953799499,Finalized,0,312,0.03,0,0.03
2026-08-05,UDXCOMBO-5244944239527642704,Other,Combo-5244944239527642704,Finalized,0,312,0.03,0,0.03
2026-08-05,UDXCOMBO-8576245722424533475,Other,Combo-8576245722424533475,Finalized,0,312,0.15,0,0.15
2026-08-05,UDXCOMBO-13037179247446391068,Other,Combo-13037179247446391068,Finalized,0,311,0.02,0,0.02
2026-08-05,UDXCOMBO-14814750965991231544,Other,Combo-14814750965991231544,Finalized,0,311,0.01,0,0.01
2026-08-05,UDXCOMBO-775596336619824404,Other,Combo-775596336619824404,Finalized,0,311,0.02,0,0.02
2026-08-05,UDXCOMBO-7800278351164528384,Other,Combo-7800278351164528384,Finalized,310,310,0.15,0,0.15
2026-08-05,UDXCOMBO-11954222511226096102,Other,Combo-11954222511226096102,Finalized,0,310,0,0,0
2026-08-05,UDXCOMBO-1453341795241099561,Other,Combo-1453341795241099561,Finalized,0,310,0.15,0,0.15
2026-08-05,UDXCOMBO-15225976889137081042,Other,Combo-15225976889137081042,Finalized,0,310,0,0,0
2026-08-05,UDXCOMBO-15456964082730587971,Other,Combo-15456964082730587971,Finalized,0,310,0.29,0,0.29
2026-08-05,UDXCOMBO-8925243615082364441,Other,Combo-8925243615082364441,Finalized,0,310,0.12,0,0.12
2026-08-05,UDXCOMBO-16378105851784956741,Other,Combo-16378105851784956741,Finalized,309,309,0.31,0,0.31
2026-08-05,UDXMLBTOTAL_CWSBOS26AUG051910_9.5,Baseball,Total,Finalized,0,309,0.37,0,0.37
2026-08-05,UDXCOMBO-13111093228379588330,Other,Combo-13111093228379588330,Finalized,0,308,0.52,0,0.52
2026-08-05,UDXCOMBO-10109232596276597861,Other,Combo-10109232596276597861,Finalized,0,306,0.38,0,0.38
2026-08-05,UDXCOMBO-17682761206376306688,Other,Combo-17682761206376306688,Finalized,0,306,0.31,0,0.31
2026-08-05,UDXCOMBO-2472849593367314167,Other,Combo-2472849593367314167,Finalized,0,306,0.31,0,0.31
2026-08-05,UDXCOMBO-5258380234069535500,Other,Combo-5258380234069535500,Finalized,0,306,0.37,0,0.09
2026-08-05,UDXCOMBO-7643047389379936688,Other,Combo-7643047389379936688,Finalized,0,306,0.27,0,0.27
2026-08-05,UDXCOMBO-869467732190326477,Other,Combo-869467732190326477,Finalized,0,306,0.15,0,0.15
2026-08-05,UDXCOMBO-9744944124977936167,Other,Combo-9744944124977936167,Finalized,0,306,0.31,0,0.31
2026-08-05,UDXCOMBO-16531665931068359930,Other,Combo-16531665931068359930,Finalized,305,305,0.11,0,0.11
2026-08-05,UDXCOMBO-17169311747262374742,Other,Combo-17169311747262374742,Finalized,0,305,0.05,0,0.05
2026-08-05,UDXCOMBO-5520872097493217166,Other,Combo-5520872097493217166,Finalized,0,305,0.37,0,0.2
2026-08-05,UDXCOMBO-6124245182038766269,Other,Combo-6124245182038766269,Finalized,0,303,0.45,0,0.45
2026-08-05,UDXCOMBO-16889462266861788624,Other,Combo-16889462266861788624,Finalized,302,302,0.28,0,0.28
2026-08-05,UDXCOMBO-3615471377252175571,Other,Combo-3615471377252175571,Finalized,302,302,0.41,0,0.41
2026-08-05,UDXMLBSPREAD_PITMIL26AUG061410_MIL1.5,Baseball,Spread,Finalized,302,302,0.38,0,0.38
2026-08-05,UDXCOMBO-15564919627453002669,Other,Combo-15564919627453002669,Finalized,0,302,0.24,0,0.24
2026-08-05,UDXCOMBO-13624212129511808046,Other,Combo-13624212129511808046,Finalized,0,301,0.03,0,0.03
2026-08-05,UDXWNBATOTAL_TORGSV2026AUG04_175.5,Basketball (pro),Total,Finalized,0,301,0.16,0,0.09
2026-08-05,UDXCOMBO-10386716850327273755,Other,Combo-10386716850327273755,Finalized,0,300,0.03,0,0.03
2026-08-05,UDXCOMBO-14014611775751421470,Other,Combo-14014611775751421470,Finalized,0,300,0.01,0,0.01
2026-08-05,UDXCOMBO-209205094500774633,Other,Combo-209205094500774633,Finalized,299,299,0.2,0,0.2
2026-08-05,UDXCOMBO-10486969337616925720,Other,Combo-10486969337616925720,Finalized,0,299,0.02,0,0.02
2026-08-05,UDXCOMBO-535093282755642695,Other,Combo-535093282755642695,Finalized,295,295,0.16,0,0.16
2026-08-05,UDXCOMBO-10486212925409996830,Other,Combo-10486212925409996830,Finalized,0,295,0.23,0,0.23
2026-08-05,UDXCOMBO-10760816009850754383,Other,Combo-10760816009850754383,Finalized,0,295,0.16,0,0.16
2026-08-05,UDXCOMBO-15159616389851440084,Other,Combo-15159616389851440084,Finalized,0,295,0.16,0,0.16
2026-08-05,UDXCOMBO-18438538156061704456,Other,Combo-18438538156061704456,Finalized,0,295,0.62,0,0.62
2026-08-05,UDXCOMBO-4406822361235707920,Other,Combo-4406822361235707920,Finalized,0,295,0.16,0,0.16
2026-08-05,UDXCOMBO-9436589003924113479,Other,Combo-9436589003924113479,Finalized,0,295,0.16,0,0.16
2026-08-05,UDXCOMBO-4973481960766826049,Other,Combo-4973481960766826049,Finalized,0,294,0.02,0,0.02
2026-08-05,UDXCOMBO-6951544269071172670,Other,Combo-6951544269071172670,Finalized,293,293,0.03,0,0.03
2026-08-05,UDXCOMBO-17012188404317188540,Other,Combo-17012188404317188540,Finalized,0,293,0.16,0,0.16
2026-08-05,UDXMLBTOTAL_STLNYY26AUG051905_9.5,Baseball,Total,Finalized,0,293,0.37,0,0.11
2026-08-05,UDXCOMBO-17326738435210725051,Other,Combo-17326738435210725051,Finalized,0,292.36,0.02,0,0.02
2026-08-05,UDXCOMBO-10547535817395474292,Other,Combo-10547535817395474292,Finalized,0,292,0.03,0,0.03
2026-08-05,UDXCOMBO-11865833100341798080,Other,Combo-11865833100341798080,Finalized,0,292,0.67,0,0.67
2026-08-05,UDXCOMBO-12099288083094557984,Other,Combo-12099288083094557984,Finalized,0,292,0.4,0,0.4
2026-08-05,UDXCOMBO-6286213463901273450,Other,Combo-6286213463901273450,Finalized,0,292,0.03,0,0.03
2026-08-05,UDXCOMBO-1675216368802369058,Other,Combo-1675216368802369058,Finalized,291,291,0.42,0,0.42
2026-08-05,UDXCOMBO-1007428815428788316,Other,Combo-1007428815428788316,Finalized,0,290,0.1,0,0.1
2026-08-05,UDXCOMBO-11615971106548653505,Other,Combo-11615971106548653505,Finalized,0,288,0.16,0,0.16
2026-08-05,UDXCOMBO-16077666757191931949,Other,Combo-16077666757191931949,Finalized,0,288,0.23,0,0.22
2026-08-05,UDXWNBATOTAL_TORGSV2026AUG04_181.5,Basketball (pro),Total,Finalized,0,288,0.03,0,0.03
2026-08-05,UDXCOMBO-18224392222992866026,Other,Combo-18224392222992866026,Finalized,0,287,0.21,0,0.21
2026-08-05,UDXCOMBO-8590034950048517372,Other,Combo-8590034950048517372,Finalized,0,286,0.08,0,0.08
2026-08-05,UDXCOMBO-1544633233162095675,Other,Combo-1544633233162095675,Finalized,285,285,0.34,0,0.34
2026-08-05,UDXCOMBO-12741933795894420875,Other,Combo-12741933795894420875,Finalized,284,284,0.07,0,0.07
2026-08-05,UDXCOMBO-1493365953545793461,Other,Combo-1493365953545793461,Finalized,0,284,0.17,0,0.17
2026-08-05,UDXCOMBO-10958594264951420546,Other,Combo-10958594264951420546,Finalized,0,283,0.2,0,0.2
2026-08-05,UDXCOMBO-11411513392017635183,Other,Combo-11411513392017635183,Finalized,0,283,0.08,0,0.08
2026-08-05,UDXCOMBO-13857677225494125438,Other,Combo-13857677225494125438,Finalized,0,283,0.03,0,0.03
2026-08-05,UDXCOMBO-1461324927395138950,Other,Combo-1461324927395138950,Finalized,280,280,0.09,0,0.09
2026-08-05,UDXCOMBO-10194458506423221617,Other,Combo-10194458506423221617,Finalized,0,280,0.01,0,0.01
2026-08-05,UDXCOMBO-200811929754584242,Other,Combo-200811929754584242,Finalized,0,280,0.41,0,0.41
2026-08-05,UDXCOMBO-3342533178462744277,Other,Combo-3342533178462744277,Finalized,0,280,0.12,0,0.12
2026-08-05,UDXCOMBO-3423179015599664460,Other,Combo-3423179015599664460,Finalized,0,280,0,0,0
2026-08-05,UDXCOMBO-4110742840906972741,Other,Combo-4110742840906972741,Finalized,0,280,0.01,0,0.01
2026-08-05,UDXCOMBO-2929935022101793057,Other,Combo-2929935022101793057,Finalized,279,279,0.44,0,0.44
2026-08-05,UDXCOMBO-3990075590999901674,Other,Combo-3990075590999901674,Finalized,279,279,0.27,0,0.27
2026-08-05,UDXCOMBO-14431628207508506703,Other,Combo-14431628207508506703,Finalized,0,278,0.06,0,0.04
2026-08-05,UDXMLBTOTAL_TBCOL26AUG051510_13.5,Baseball,Total,Finalized,0,277,0.49,0,0.09
2026-08-05,UDXCOMBO-16462713941303881817,Other,Combo-16462713941303881817,Finalized,276,276,0.41,0,0.41
2026-08-05,UDXCOMBO-4132264598774349406,Other,Combo-4132264598774349406,Finalized,0,275,0.02,0,0.02
2026-08-05,UDXCOMBO-4847071431191937957,Other,Combo-4847071431191937957,Finalized,0,275,0.03,0,0.03
2026-08-05,UDXCOMBO-5539528720102755236,Other,Combo-5539528720102755236,Finalized,0,275,0.02,0,0.02
2026-08-05,UDXCOMBO-6126246018446474007,Other,Combo-6126246018446474007,Finalized,0,275,0.17,0,0.17
2026-08-05,UDXCOMBO-8692518455342992855,Other,Combo-8692518455342992855,Finalized,0,275,0.14,0,0.14
2026-08-05,UDXCOMBO-125616457089989903,Other,Combo-125616457089989903,Finalized,0,274,0.35,0,0.35
2026-08-05,UDXCOMBO-14357440628508028285,Other,Combo-14357440628508028285,Finalized,0,274,0.22,0,0.22
2026-08-05,UDXCOMBO-16461221266548964858,Other,Combo-16461221266548964858,Finalized,0,274,0.17,0,0.17
2026-08-05,UDXCOMBO-11884740113037876928,Other,Combo-11884740113037876928,Finalized,0,272,0.53,0,0.53
2026-08-05,UDXCOMBO-171515796004640815,Other,Combo-171515796004640815,Finalized,0,272,0.02,0,0.02
2026-08-05,UDXCOMBO-8628593593361008687,Other,Combo-8628593593361008687,Finalized,270,270,0.27,0,0.27
2026-08-05,UDXCOMBO-10691895204710265026,Other,Combo-10691895204710265026,Finalized,0,270,0.03,0,0.03
2026-08-05,UDXMLBSPREAD_STLNYY26AUG051905_NYY2.5,Baseball,Spread,Finalized,0,269,0.32,0,0.05
2026-08-05,UDXCOMBO-13538783798028111020,Other,Combo-13538783798028111020,Finalized,0,268,0.18,0,0.18
2026-08-05,UDXCOMBO-13991079577170618233,Other,Combo-13991079577170618233,Finalized,0,268,0.14,0,0.14
2026-08-05,UDXCOMBO-14991315483170910755,Other,Combo-14991315483170910755,Finalized,0,268,0.06,0,0.06
2026-08-05,UDXCOMBO-7760677805244849015,Other,Combo-7760677805244849015,Finalized,0,268,0.06,0,0.06
2026-08-05,UDXCOMBO-18240551861289872795,Other,Combo-18240551861289872795,Finalized,0,267,0.18,0,0.18
2026-08-05,UDXCOMBO-3764683907147204465,Other,Combo-3764683907147204465,Finalized,0,267,0.09,0,0.09
2026-08-05,UDXCOMBO-14140755809816278366,Other,Combo-14140755809816278366,Finalized,0,265,0.13,0,0.12
2026-08-05,UDXCOMBO-17635749457991365696,Other,Combo-17635749457991365696,Finalized,0,265,0.27,0,0.27
2026-08-05,UDXWNBATOTAL_DALWSH2026AUG05_158.5,Basketball (pro),Total,Finalized,0,264,0.97,0,0.97
2026-08-05,UDXCOMBO-1437180214972145521,Other,Combo-1437180214972145521,Finalized,0,263,0.09,0,0.09
2026-08-05,UDXCOMBO-15836235120486810851,Other,Combo-15836235120486810851,Finalized,0,263,0.02,0,0.02
2026-08-05,UDXCOMBO-18397141675556352544,Other,Combo-18397141675556352544,Finalized,0,263,0.02,0,0.02
2026-08-05,UDXCOMBO-6125500006302780608,Other,Combo-6125500006302780608,Finalized,0,263,0.02,0,0.02
2026-08-05,UDXCOMBO-678402651188354532,Other,Combo-678402651188354532,Finalized,0,263,0.14,0,0.14
2026-08-05,UDXCOMBO-913325414863802088,Other,Combo-913325414863802088,Finalized,0,263,0.06,0,0.06
2026-08-05,UDXCOMBO-12648303999078525256,Other,Combo-12648303999078525256,Finalized,0,262,0.18,0,0.18
2026-08-05,UDXCOMBO-780098874350737080,Other,Combo-780098874350737080,Finalized,0,262,0.18,0,0.18
2026-08-05,UDXCOMBO-2970352566354326400,Other,Combo-2970352566354326400,Finalized,0,261,0.18,0,0.18
2026-08-05,UDXCOMBO-6922745942644244897,Other,Combo-6922745942644244897,Finalized,0,261,0.09,0,0.09
2026-08-05,UDXCOMBO-17176178392734891330,Other,Combo-17176178392734891330,Finalized,0,260,0.04,0,0.04
2026-08-05,UDXCOMBO-18399908400873721731,Other,Combo-18399908400873721731,Finalized,0,260,0.07,0,0.07
2026-08-05,UDXCOMBO-8664281567196771430,Other,Combo-8664281567196771430,Finalized,0,260,0.04,0,0.04
2026-08-05,UDXCOMBO-3156277004396407699,Other,Combo-3156277004396407699,Finalized,0,259,0.02,0,0.02
2026-08-05,UDXCOMBO-5011439317446541730,Other,Combo-5011439317446541730,Finalized,0,259,0.17,0,0.17
2026-08-05,UDXCOMBO-12058398911551312870,Other,Combo-12058398911551312870,Finalized,258,258,0.31,0,0.31
2026-08-05,UDXCOMBO-3750088528028329285,Other,Combo-3750088528028329285,Finalized,258,258,0.03,0,0.03
2026-08-05,UDXCOMBO-10701627135875609409,Other,Combo-10701627135875609409,Finalized,0,258,0.22,0,0.22
2026-08-05,UDXCOMBO-6206339224510356759,Other,Combo-6206339224510356759,Finalized,0,258,0.3,0,0.3
2026-08-05,UDXWNBASPREAD_SEANY2026AUG05_NY1.5,Basketball (pro),Spread,Finalized,0,257,0.76,0,0.76
2026-08-05,UDXCOMBO-15009841790442197015,Other,Combo-15009841790442197015,Finalized,256,256,0.37,0,0.37
2026-08-05,UDXCOMBO-11794523264211329787,Other,Combo-11794523264211329787,Finalized,255,255,0.19,0,0.19
2026-08-05,UDXCOMBO-949301703849100259,Other,Combo-949301703849100259,Finalized,255,255,0.19,0,0.19
2026-08-05,UDXCOMBO-9762257396268532964,Other,Combo-9762257396268532964,Finalized,254,254,0.11,0,0.11
2026-08-05,UDXCOMBO-17009729114677628892,Other,Combo-17009729114677628892,Finalized,0,254,0.06,0,0.06
2026-08-05,UDXCOMBO-7931092176612812040,Other,Combo-7931092176612812040,Finalized,0,254,0.3,0,0.3
2026-08-05,UDXCOMBO-17114001834705601954,Other,Combo-17114001834705601954,Finalized,253,253,0.04,0,0.04
2026-08-05,UDXCOMBO-8976457761573910388,Other,Combo-8976457761573910388,Finalized,0,253,0.46,0,0.22
2026-08-05,UDXMLBGAMEWIN_MIAATL26AUG061915_MIA,Baseball,Moneyline,Finalized,252,252,0.41,0,0.41
2026-08-05,UDXCOMBO-16564034362020395522,Other,Combo-16564034362020395522,Finalized,0,252,0.39,0,0.25
2026-08-05,UDXCOMBO-1975179251981445096,Other,Combo-1975179251981445096,Finalized,0,252,0.05,0,0.05
2026-08-05,UDXCOMBO-3495054075143382641,Other,Combo-3495054075143382641,Finalized,0,252,0.52,0,0.42
2026-08-05,UDXCOMBO-11919510599648702777,Other,Combo-11919510599648702777,Finalized,0,251,0.1,0,0.1
2026-08-05,UDXCOMBO-7787299470887498880,Other,Combo-7787299470887498880,Finalized,0,251,0.15,0,0.15
2026-08-05,UDXCOMBO-806885836745529983,Other,Combo-806885836745529983,Finalized,0,251,0.17,0,0.17
2026-08-05,UDXMLBTOTAL_PITMIL26AUG051940_11.5,Baseball,Total,Finalized,0,251,0.15,0,0.15
2026-08-05,UDXCOMBO-15087991580518624375,Other,Combo-15087991580518624375,Finalized,0,250,0.3,0,0.3
2026-08-05,UDXCOMBO-3041697345545977778,Other,Combo-3041697345545977778,Finalized,0,250,0.08,0,0.08
2026-08-05,UDXCOMBO-6069196092271383896,Other,Combo-6069196092271383896,Finalized,0,250,0.08,0,0.08
2026-08-05,UDXCOMBO-6922905199943155578,Other,Combo-6922905199943155578,Finalized,0,250,0.08,0,0.08
2026-08-05,UDXCOMBO-8909239885402786029,Other,Combo-8909239885402786029,Finalized,0,250,0.08,0,0.08
2026-08-05,UDXCOMBO-16422290250170975198,Other,Combo-16422290250170975198,Finalized,249,249,0.19,0,0.19
2026-08-05,UDXCOMBO-18193547846214938755,Other,Combo-18193547846214938755,Finalized,0,249,0.75,0,0.75
2026-08-05,UDXCOMBO-7200475438387563692,Other,Combo-7200475438387563692,Finalized,0,249,0.19,0,0.19
2026-08-05,UDXCOMBO-8085893938677996406,Other,Combo-8085893938677996406,Finalized,0,248,0.14,0,0.14
2026-08-05,UDXCOMBO-16893876929335735238,Other,Combo-16893876929335735238,Finalized,0,247,0.08,0,0.08
2026-08-05,UDXCOMBO-11723269464019600987,Other,Combo-11723269464019600987,Finalized,246,246,0.19,0,0.19
2026-08-05,UDXCOMBO-124020628793229291,Other,Combo-124020628793229291,Finalized,0,246,0.04,0,0.04
2026-08-05,UDXCOMBO-1750634209493629064,Other,Combo-1750634209493629064,Finalized,0,246,0.04,0,0.04
2026-08-05,UDXCOMBO-2442314397836413361,Other,Combo-2442314397836413361,Finalized,0,246,0.29,0,0.29
2026-08-05,UDXCOMBO-3294736271054179505,Other,Combo-3294736271054179505,Finalized,0,246,0.02,0,0.02
2026-08-05,UDXMLBTOTAL_MIAATL26AUG051915_7.5,Baseball,Total,Finalized,0,246,0.53,0,0.19
2026-08-05,UDXCOMBO-11458434332268505284,Other,Combo-11458434332268505284,Finalized,0,245,0.37,0,0.37
2026-08-05,UDXCOMBO-12104082631070905568,Other,Combo-12104082631070905568,Finalized,0,244,0.05,0,0.05
2026-08-05,UDXCOMBO-15371800841624597372,Other,Combo-15371800841624597372,Finalized,0,244,0.1,0,0.1
2026-08-05,UDXCOMBO-16107236942567121096,Other,Combo-16107236942567121096,Finalized,0,243,0.08,0,0.08
2026-08-05,UDXCOMBO-17129170396467831301,Other,Combo-17129170396467831301,Finalized,0,243,0.02,0,0.02
2026-08-05,UDXCOMBO-9905277370846514892,Other,Combo-9905277370846514892,Finalized,0,243,0.19,0,0.19
2026-08-05,UDXCOMBO-14660833807763485,Other,Combo-14660833807763485,Finalized,242,242,0.4,0,0.4
2026-08-05,UDXCOMBO-12354434679578509446,Other,Combo-12354434679578509446,Finalized,0,242,0.08,0,0.08
2026-08-05,UDXCOMBO-728033711328930231,Other,Combo-728033711328930231,Finalized,0,242,0.81,0,0.81
2026-08-05,UDXCOMBO-13862224554110716936,Other,Combo-13862224554110716936,Finalized,241,241,0.4,0,0.4
2026-08-05,UDXCOMBO-1805353016272497510,Other,Combo-1805353016272497510,Finalized,241,241,0.2,0,0.2
2026-08-05,UDXCOMBO-16232352114233324493,Other,Combo-16232352114233324493,Finalized,0,241,0.04,0,0.04
2026-08-05,UDXCOMBO-2234726296367234875,Other,Combo-2234726296367234875,Finalized,0,241,0.28,0,0.28
2026-08-05,UDXCOMBO-4490998193712864548,Other,Combo-4490998193712864548,Finalized,240,240,0.08,0,0.08
2026-08-05,UDXCOMBO-16594836577867476665,Other,Combo-16594836577867476665,Finalized,0,240,0.16,0,0.16
2026-08-05,UDXCOMBO-3612799064282118028,Other,Combo-3612799064282118028,Finalized,0,240,0.3,0,0.3
2026-08-05,UDXCOMBO-5223123308575568911,Other,Combo-5223123308575568911,Finalized,0,240,0.04,0,0.04
2026-08-05,UDXCOMBO-9942485523124212589,Other,Combo-9942485523124212589,Finalized,0,240,0.02,0,0.02
2026-08-05,UDXCOMBO-14423948003152550558,Other,Combo-14423948003152550558,Finalized,0,239,0.1,0,0.1
2026-08-05,UDXCOMBO-7807095589521382514,Other,Combo-7807095589521382514,Finalized,0,239,0.11,0,0.11
2026-08-05,UDXMLBTOTAL_OAKCIN26AUG051840_7.5,Baseball,Total,Finalized,0,239,0.48,0,0.39
2026-08-05,UDXCOMBO-13048168886327814699,Other,Combo-13048168886327814699,Finalized,0,238,0.28,0,0.28
2026-08-05,UDXCOMBO-13625320017622245509,Other,Combo-13625320017622245509,Finalized,0,238,0.05,0,0.05
2026-08-05,UDXMLBSPREAD_STLNYY26AUG051905_STL3.5,Baseball,Spread,Finalized,0,238,0.17,0,0.17
2026-08-05,UDXCOMBO-13915437551816027185,Other,Combo-13915437551816027185,Finalized,0,237,0.2,0,0.2
2026-08-05,UDXCOMBO-3517217358105857026,Other,Combo-3517217358105857026,Finalized,0,237,0.08,0,0.08
2026-08-05,UDXCOMBO-5230965212429111858,Other,Combo-5230965212429111858,Finalized,0,237,0.27,0,0.27
2026-08-05,UDXCOMBO-4481783103210061694,Other,Combo-4481783103210061694,Finalized,236,236,0.13,0,0.12
2026-08-05,UDXCOMBO-13095171919339117509,Other,Combo-13095171919339117509,Finalized,0,236,0.2,0,0.2
2026-08-05,UDXCOMBO-17911332455817213303,Other,Combo-17911332455817213303,Finalized,235,235,0.14,0,0.14
2026-08-05,UDXCOMBO-8568730689656169898,Other,Combo-8568730689656169898,Finalized,235,235,0.28,0,0.28
2026-08-05,UDXCOMBO-10685618317632112708,Other,Combo-10685618317632112708,Finalized,0,235,0.12,0,0.1
2026-08-05,UDXCOMBO-10931839033323236036,Other,Combo-10931839033323236036,Finalized,0,235,0.1,0,0.1
2026-08-05,UDXCOMBO-13312327443734046334,Other,Combo-13312327443734046334,Finalized,0,235,0.1,0,0.1
2026-08-05,UDXCOMBO-15456323714305655327,Other,Combo-15456323714305655327,Finalized,0,235,0.04,0,0.04
2026-08-05,UDXCOMBO-17778760274385956329,Other,Combo-17778760274385956329,Finalized,180,234,0.32,0,0.04
2026-08-05,UDXCOMBO-10202201513874891673,Other,Combo-10202201513874891673,Finalized,0,234,0.2,0,0.2
2026-08-05,UDXCOMBO-1596577940427779574,Other,Combo-1596577940427779574,Finalized,0,234,0.06,0,0.06
2026-08-05,UDXCOMBO-2740933595770398599,Other,Combo-2740933595770398599,Finalized,0,234,0.28,0,0.28
2026-08-05,UDXCOMBO-3351853693059318976,Other,Combo-3351853693059318976,Finalized,0,234,0.07,0,0.07
2026-08-05,UDXCOMBO-48651360240669001,Other,Combo-48651360240669001,Finalized,0,234,0.04,0,0.04
2026-08-05,UDXCOMBO-563562019191284077,Other,Combo-563562019191284077,Finalized,0,234,0.04,0,0.04
2026-08-05,UDXCOMBO-9215259366681883348,Other,Combo-9215259366681883348,Finalized,0,234,0.08,0,0.08
2026-08-05,UDXMLBTOTAL_STLNYY26AUG051905_12.5,Baseball,Total,Finalized,0,234,0.18,0,0.08
2026-08-05,UDXCOMBO-12017223696005922582,Other,Combo-12017223696005922582,Finalized,0,233,0.02,0,0.02
2026-08-05,UDXCOMBO-17180985418332500959,Other,Combo-17180985418332500959,Finalized,0,233,0,0,0
2026-08-05,UDXCOMBO-4349131652349411340,Other,Combo-4349131652349411340,Finalized,0,233,0.02,0,0.02
2026-08-05,UDXCOMBO-8509353340539959547,Other,Combo-8509353340539959547,Finalized,0,233,0.01,0,0.01
2026-08-05,UDXCOMBO-6222181334704820465,Other,Combo-6222181334704820465,Finalized,232,232,0.58,0,0.56
2026-08-05,UDXCOMBO-11976511435814941864,Other,Combo-11976511435814941864,Finalized,0,232,0.1,0,0.1
2026-08-05,UDXCOMBO-15749927726327730052,Other,Combo-15749927726327730052,Finalized,0,232,0.58,0,0.58
2026-08-05,UDXCOMBO-15103358768051596810,Other,Combo-15103358768051596810,Finalized,231,231,0.21,0,0.21
2026-08-05,UDXCOMBO-3363168879234696188,Other,Combo-3363168879234696188,Finalized,0,231,0.31,0,0.31
2026-08-05,UDXCOMBO-12666264460853100545,Other,Combo-12666264460853100545,Finalized,230,230,0.25,0,0.25
2026-08-05,UDXCOMBO-14332920980457716901,Other,Combo-14332920980457716901,Finalized,230,230,0.61,0,0.61
2026-08-05,UDXCOMBO-14969009197601815644,Other,Combo-14969009197601815644,Finalized,229,229,0.08,0,0.08
2026-08-05,UDXCOMBO-2881945910319067816,Other,Combo-2881945910319067816,Finalized,229,229,0.67,0,0.67
2026-08-05,UDXCOMBO-16777889817785800961,Other,Combo-16777889817785800961,Finalized,0,229,0.08,0,0.08
2026-08-05,UDXCOMBO-14479809837188262724,Other,Combo-14479809837188262724,Finalized,0,228,0.1,0,0.1
2026-08-05,UDXCOMBO-4707378072506548610,Other,Combo-4707378072506548610,Finalized,0,228,0.04,0,0.04
2026-08-05,UDXCOMBO-9661621849294599739,Other,Combo-9661621849294599739,Finalized,0,228,0.11,0,0.11
2026-08-05,UDXCOMBO-17297888932265442444,Other,Combo-17297888932265442444,Finalized,0,227,0.17,0,0.17
2026-08-05,UDXCOMBO-3899751847900419365,Other,Combo-3899751847900419365,Finalized,0,227,0.21,0,0.21
2026-08-05,UDXCOMBO-5426868230130536618,Other,Combo-5426868230130536618,Finalized,0,227,0.08,0,0.08
2026-08-05,UDXCOMBO-3545175708022920648,Other,Combo-3545175708022920648,Finalized,226,226,0.21,0,0.21
2026-08-05,UDXCOMBO-1600104068643561227,Other,Combo-1600104068643561227,Finalized,0,226,0.08,0,0.08
2026-08-05,UDXCOMBO-1915250411258560076,Other,Combo-1915250411258560076,Finalized,0,226,0.08,0,0.08
2026-08-05,UDXCOMBO-4317757257708833141,Other,Combo-4317757257708833141,Finalized,0,226,0.13,0,0.13
2026-08-05,UDXCOMBO-3259307604294858568,Other,Combo-3259307604294858568,Finalized,0,225,0.35,0,0.35
2026-08-05,UDXCOMBO-11911698898548324643,Other,Combo-11911698898548324643,Finalized,0,224,0.05,0,0.05
2026-08-05,UDXCOMBO-655868891974798516,Other,Combo-655868891974798516,Finalized,0,224,0.31,0,0.31
2026-08-05,UDXCOMBO-9629561574472150900,Other,Combo-9629561574472150900,Finalized,0,224,0.65,0,0.65
2026-08-05,UDXCOMBO-11755764963595475443,Other,Combo-11755764963595475443,Finalized,0,223,0.04,0,0.04
2026-08-05,UDXCOMBO-12426219527723211820,Other,Combo-12426219527723211820,Finalized,0,223,0.21,0,0.21
2026-08-05,UDXCOMBO-3851900646445477614,Other,Combo-3851900646445477614,Finalized,0,223,0.21,0,0.21
2026-08-05,UDXCOMBO-4917619919070944306,Other,Combo-4917619919070944306,Finalized,0,223,0.03,0,0.03
2026-08-05,UDXCOMBO-777433797755120263,Other,Combo-777433797755120263,Finalized,0,223,0.08,0,0.08
2026-08-05,UDXWNBATOTAL_SEANY2026AUG05_186.5,Basketball (pro),Total,Finalized,0,223,0.49,0,0.03
2026-08-05,UDXCOMBO-12772651332329944912,Other,Combo-12772651332329944912,Finalized,222,222,0.14,0,0.11
2026-08-05,UDXCOMBO-3951385093076620980,Other,Combo-3951385093076620980,Finalized,0,222,0.21,0,0.21
2026-08-05,UDXCOMBO-4994982660806599201,Other,Combo-4994982660806599201,Finalized,0,222,0.02,0,0.02
2026-08-05,UDXCOMBO-10333291999587979147,Other,Combo-10333291999587979147,Finalized,221,221,0.39,0,0.39
2026-08-05,UDXCOMBO-7093316471121523508,Other,Combo-7093316471121523508,Finalized,0,221,0.04,0,0.04
2026-08-05,UDXCOMBO-16122338424437118132,Other,Combo-16122338424437118132,Finalized,220,220,0.19,0,0.19
2026-08-05,UDXCOMBO-13388966605948359387,Other,Combo-13388966605948359387,Finalized,0,220,0.08,0,0.08
2026-08-05,UDXCOMBO-9447479415976622575,Other,Combo-9447479415976622575,Finalized,219,219,0.13,0,0.13
2026-08-05,UDXCOMBO-11459765792949638559,Other,Combo-11459765792949638559,Finalized,0,219,0.12,0,0.12
2026-08-05,UDXCOMBO-2215126724722403788,Other,Combo-2215126724722403788,Finalized,0,219,0.28,0,0.24
2026-08-05,UDXCOMBO-14665460994827710039,Other,Combo-14665460994827710039,Finalized,0,218,0.47,0,0.47
2026-08-05,UDXCOMBO-2790969908537355725,Other,Combo-2790969908537355725,Finalized,0,218,0.22,0,0.22
2026-08-05,UDXCOMBO-16658047229121613060,Other,Combo-16658047229121613060,Finalized,0,217,0.45,0,0.42
2026-08-05,UDXCOMBO-2915980177113814479,Other,Combo-2915980177113814479,Finalized,0,217,0.04,0,0.04
2026-08-05,UDXCOMBO-2284156431708645746,Other,Combo-2284156431708645746,Finalized,216,216,0.2,0,0.2
2026-08-05,UDXCOMBO-14781299982193327878,Other,Combo-14781299982193327878,Finalized,0,216,0.15,0,0.15
2026-08-05,UDXCOMBO-17397533977595886359,Other,Combo-17397533977595886359,Finalized,0,216,0.04,0,0.04
2026-08-05,UDXCOMBO-2895289978472920744,Other,Combo-2895289978472920744,Finalized,0,216,0.09,0,0.09
2026-08-05,UDXCOMBO-3007285268754968087,Other,Combo-3007285268754968087,Finalized,0,216,0.22,0,0.22
2026-08-05,UDXCOMBO-3671542274013941488,Other,Combo-3671542274013941488,Finalized,0,215,0.15,0,0.15
2026-08-05,UDXCOMBO-8624564805515297489,Other,Combo-8624564805515297489,Finalized,0,215,0.1,0,0.1
2026-08-05,UDXCOMBO-14982615515792376488,Other,Combo-14982615515792376488,Finalized,0,214,0.24,0,0.24
2026-08-05,UDXCOMBO-13372600275137509358,Other,Combo-13372600275137509358,Finalized,213,213,0.04,0,0.04
2026-08-05,UDXCOMBO-16435857379122469747,Other,Combo-16435857379122469747,Finalized,0,213,0.22,0,0.22
2026-08-05,UDXCOMBO-1898712636247977041,Other,Combo-1898712636247977041,Finalized,0,213,0.23,0,0.23
2026-08-05,UDXCOMBO-5507272352206644175,Other,Combo-5507272352206644175,Finalized,0,213,0.18,0,0.18
2026-08-05,UDXCOMBO-9409558878269021208,Other,Combo-9409558878269021208,Finalized,0,213,0.1,0,0.1
2026-08-05,UDXCOMBO-16520347885687435970,Other,Combo-16520347885687435970,Finalized,212,212,0.11,0,0.11
2026-08-05,UDXCOMBO-10880183106809759603,Other,Combo-10880183106809759603,Finalized,0,212,0.02,0,0.02
2026-08-05,UDXCOMBO-11637482359880275261,Other,Combo-11637482359880275261,Finalized,0,212,0.45,0,0.45
2026-08-05,UDXCOMBO-1286744055130209200,Other,Combo-1286744055130209200,Finalized,0,212,0.16,0,0.16
2026-08-05,UDXCOMBO-6493079386615348162,Other,Combo-6493079386615348162,Finalized,0,212,0.22,0,0.22
2026-08-05,UDXCOMBO-6818009274693993233,Other,Combo-6818009274693993233,Finalized,211,211,0.09,0,0.09
2026-08-05,UDXCOMBO-2076616388226077903,Other,Combo-2076616388226077903,Finalized,0,211,0.47,0,0.47
2026-08-05,UDXCOMBO-10849351183918678775,Other,Combo-10849351183918678775,Finalized,0,210,0,0,0
2026-08-05,UDXCOMBO-13589156950941701453,Other,Combo-13589156950941701453,Finalized,0,210,0,0,0
2026-08-05,UDXCOMBO-9437341298664426620,Other,Combo-9437341298664426620,Finalized,0,210,0.27,0,0.27
2026-08-05,UDXCOMBO-11784955352979499342,Other,Combo-11784955352979499342,Finalized,0,209,0.32,0,0.32
2026-08-05,UDXCOMBO-15208191577443441259,Other,Combo-15208191577443441259,Finalized,0,209,0.23,0,0.23
2026-08-05,UDXCOMBO-17137836461434047956,Other,Combo-17137836461434047956,Finalized,0,209,0.12,0,0.12
2026-08-05,UDXCOMBO-18262392841461217674,Other,Combo-18262392841461217674,Finalized,0,209,0.01,0,0.01
2026-08-05,UDXCOMBO-7313312549661572696,Other,Combo-7313312549661572696,Finalized,0,209,0.35,0,0.35
2026-08-05,UDXCOMBO-13993291361478675771,Other,Combo-13993291361478675771,Finalized,0,208,0.04,0,0.04
2026-08-05,UDXCOMBO-16366875491491484082,Other,Combo-16366875491491484082,Finalized,0,208,0.23,0,0.23
2026-08-05,UDXCOMBO-6574665237145708678,Other,Combo-6574665237145708678,Finalized,0,208,0.09,0,0.09
2026-08-05,UDXCOMBO-7191476601325392516,Other,Combo-7191476601325392516,Finalized,0,208,0.46,0,0.46
2026-08-05,UDXCOMBO-9421772770874601302,Other,Combo-9421772770874601302,Finalized,0,208,0.04,0,0.04
2026-08-05,UDXCOMBO-11107435066148733184,Other,Combo-11107435066148733184,Finalized,0,207,0.01,0,0.01
2026-08-05,UDXCOMBO-17593004115549651308,Other,Combo-17593004115549651308,Finalized,0,207,0.01,0,0.01
2026-08-05,UDXCOMBO-4064382659822903553,Other,Combo-4064382659822903553,Finalized,0,207,0.28,0,0.12
2026-08-05,UDXCOMBO-857150326007228646,Other,Combo-857150326007228646,Finalized,0,207,0.01,0,0.01
2026-08-05,UDXCOMBO-17414983485598089371,Other,Combo-17414983485598089371,Finalized,0,206,0.11,0,0.11
2026-08-05,UDXCOMBO-4125855049903391896,Other,Combo-4125855049903391896,Finalized,0,206,0.14,0,0.1
2026-08-05,UDXCOMBO-7511409025955422704,Other,Combo-7511409025955422704,Finalized,0,205,0.36,0,0.36
2026-08-05,UDXCOMBO-2897610786627702743,Other,Combo-2897610786627702743,Finalized,204,204,0.18,0,0.18
2026-08-05,UDXCOMBO-11463523357925326442,Other,Combo-11463523357925326442,Finalized,0,204,0.09,0,0.03
2026-08-05,UDXCOMBO-13142974842385699265,Other,Combo-13142974842385699265,Finalized,0,204,0.12,0,0.12
2026-08-05,UDXCOMBO-1418849852954849739,Other,Combo-1418849852954849739,Finalized,0,204,0.23,0,0.23
2026-08-05,UDXCOMBO-16543372362737093892,Other,Combo-16543372362737093892,Finalized,0,204,0.02,0,0.02
2026-08-05,UDXCOMBO-1803740113320317363,Other,Combo-1803740113320317363,Finalized,0,204,0.19,0,0.19
2026-08-05,UDXCOMBO-2590385920837874737,Other,Combo-2590385920837874737,Finalized,0,204,0.21,0,0.21
2026-08-05,UDXCOMBO-8111921349829292606,Other,Combo-8111921349829292606,Finalized,0,204,0.09,0,0.09
2026-08-05,UDXCOMBO-12259751222442337165,Other,Combo-12259751222442337165,Finalized,0,203,0.05,0,0.05
2026-08-05,UDXCOMBO-13110559693601421577,Other,Combo-13110559693601421577,Finalized,0,203,0.05,0,0.05
2026-08-05,UDXCOMBO-2343318698665272843,Other,Combo-2343318698665272843,Finalized,0,203,0.02,0,0.02
2026-08-05,UDXMLBSPREAD_SDARI26AUG042140_SD6.5,Baseball,Spread,Finalized,0,203,0.23,0,0.23
2026-08-05,UDXCOMBO-12090517393691818420,Other,Combo-12090517393691818420,Finalized,202,202,0.12,0,0.12
2026-08-05,UDXCOMBO-844635024763890034,Other,Combo-844635024763890034,Finalized,202,202,0.12,0,0.12
2026-08-05,UDXCOMBO-12596990878818165395,Other,Combo-12596990878818165395,Finalized,0,202,0.12,0,0.12
2026-08-05,UDXCOMBO-12932897772232366500,Other,Combo-12932897772232366500,Finalized,0,202,0.15,0,0.15
2026-08-05,UDXCOMBO-13664879606596446031,Other,Combo-13664879606596446031,Finalized,0,202,0.12,0,0.12
2026-08-05,UDXCOMBO-17703458264037007319,Other,Combo-17703458264037007319,Finalized,0,202,0.09,0,0.09
2026-08-05,UDXCOMBO-7205036723540073108,Other,Combo-7205036723540073108,Finalized,0,202,0.38,0,0.38
2026-08-05,UDXCOMBO-814243280298999142,Other,Combo-814243280298999142,Finalized,0,202,0.04,0,0.04
2026-08-05,UDXCOMBO-12392799322313199669,Other,Combo-12392799322313199669,Finalized,201,201,0.24,0,0.24
2026-08-05,UDXCOMBO-16282876994996575181,Other,Combo-16282876994996575181,Finalized,200,200,0.39,0,0.39
2026-08-05,UDXCOMBO-542268677488233054,Other,Combo-542268677488233054,Finalized,200,200,0.46,0,0.46
2026-08-05,UDXMLBSPREAD_LAABAL26AUG061235_BAL1.5,Baseball,Spread,Finalized,200,200,0.45,0,0.45
2026-08-05,UDXCOMBO-14528012220107317478,Other,Combo-14528012220107317478,Finalized,0,200,0.01,0,0.01
2026-08-05,UDXCOMBO-15796415728501192374,Other,Combo-15796415728501192374,Finalized,0,200,0.09,0,0.09
2026-08-05,UDXCOMBO-15955894303278964203,Other,Combo-15955894303278964203,Finalized,0,200,0.43,0,0.43
2026-08-05,UDXCOMBO-17999260355418692309,Other,Combo-17999260355418692309,Finalized,0,200,0.33,0,0.33
2026-08-05,UDXCOMBO-9750543368728862261,Other,Combo-9750543368728862261,Finalized,0,200,0.3,0,0.16
2026-08-05,UDXCOMBO-6474360581822809258,Other,Combo-6474360581822809258,Finalized,199,199,0.27,0,0.27
2026-08-05,UDXCOMBO-7357029481105077954,Other,Combo-7357029481105077954,Finalized,0,198,0.43,0,0.43
2026-08-05,UDXCOMBO-7514939006475714364,Other,Combo-7514939006475714364,Finalized,0,197,0.49,0,0.49
2026-08-05,UDXCOMBO-13270645876878711379,Other,Combo-13270645876878711379,Finalized,196,196,0.29,0,0.29
2026-08-05,UDXCOMBO-1555173204463152926,Other,Combo-1555173204463152926,Finalized,0,196,0.04,0,0.04
2026-08-05,UDXCOMBO-17027037019495515464,Other,Combo-17027037019495515464,Finalized,0,196,0.04,0,0.04
2026-08-05,UDXCOMBO-4097762009570441527,Other,Combo-4097762009570441527,Finalized,0,196,0.12,0,0.12
2026-08-05,UDXCOMBO-4782741225954609251,Other,Combo-4782741225954609251,Finalized,0,196,0.12,0,0.12
2026-08-05,UDXMLBTOTAL_PITMIL26AUG051940_10.5,Baseball,Total,Finalized,0,196,0.22,0,0.12
2026-08-05,UDXCOMBO-3813228846635257398,Other,Combo-3813228846635257398,Finalized,0,195,0.15,0,0.15
2026-08-05,UDXCOMBO-6425145908472506711,Other,Combo-6425145908472506711,Finalized,0,195,0.05,0,0.05
2026-08-05,UDXCOMBO-201386799320534787,Other,Combo-201386799320534787,Finalized,0,194,0.1,0,0.1
2026-08-05,UDXCOMBO-2257496846039995218,Other,Combo-2257496846039995218,Finalized,0,194,0.14,0,0.1
2026-08-05,UDXCOMBO-3086078129005850337,Other,Combo-3086078129005850337,Finalized,0,194,0.24,0,0.24
2026-08-05,UDXCOMBO-10137669818741201671,Other,Combo-10137669818741201671,Finalized,0,193,0.12,0,0.12
2026-08-05,UDXCOMBO-13714325146642246026,Other,Combo-13714325146642246026,Finalized,0,193,0.11,0,0.11
2026-08-05,UDXCOMBO-8509076881366422564,Other,Combo-8509076881366422564,Finalized,0,193,0.29,0,0.29
2026-08-05,UDXCOMBO-18167060609630913723,Other,Combo-18167060609630913723,Finalized,192,192,0.5,0,0.5
2026-08-05,UDXCOMBO-17203865578040978871,Other,Combo-17203865578040978871,Finalized,0,192,0.05,0,0.05
2026-08-05,UDXCOMBO-1424963256997667953,Other,Combo-1424963256997667953,Finalized,0,191,0.1,0,0.1
2026-08-05,UDXCOMBO-16572474476841532737,Other,Combo-16572474476841532737,Finalized,0,191,0.1,0,0.1
2026-08-05,UDXCOMBO-10717368600998960804,Other,Combo-10717368600998960804,Finalized,0,190,0.08,0,0.08
2026-08-05,UDXCOMBO-13895917057523735718,Other,Combo-13895917057523735718,Finalized,0,190,0.07,0,0.07
2026-08-05,UDXCOMBO-8303648546488107931,Other,Combo-8303648546488107931,Finalized,0,190,0.05,0,0.05
2026-08-05,UDXCOMBO-4167315704074498564,Other,Combo-4167315704074498564,Finalized,0,189,0.51,0,0.51
2026-08-05,UDXCOMBO-4009494953690626108,Other,Combo-4009494953690626108,Finalized,0,188,0.01,0,0.01
2026-08-05,UDXCOMBO-10727160303468217995,Other,Combo-10727160303468217995,Finalized,187,187,0.05,0,0.05
2026-08-05,UDXCOMBO-15767146701160112239,Other,Combo-15767146701160112239,Finalized,187,187,0.3,0,0.3
2026-08-05,UDXCOMBO-16967094028352608504,Other,Combo-16967094028352608504,Finalized,187,187,0.29,0,0.29
2026-08-05,UDXCOMBO-8968629963758824294,Other,Combo-8968629963758824294,Finalized,187,187,0.11,0,0.11
2026-08-05,UDXCOMBO-10593986195234180598,Other,Combo-10593986195234180598,Finalized,0,187,0.05,0,0.05
2026-08-05,UDXCOMBO-11823481748754982008,Other,Combo-11823481748754982008,Finalized,0,187,0.03,0,0.03
2026-08-05,UDXCOMBO-13100452655221734276,Other,Combo-13100452655221734276,Finalized,0,187,0.05,0,0.05
2026-08-05,UDXCOMBO-15412356002809455281,Other,Combo-15412356002809455281,Finalized,0,187,0.02,0,0.02
2026-08-05,UDXCOMBO-15616342947698150791,Other,Combo-15616342947698150791,Finalized,0,187,0.05,0,0.05
2026-08-05,UDXCOMBO-15679746988247956748,Other,Combo-15679746988247956748,Finalized,0,187,0.03,0,0.03
2026-08-05,UDXCOMBO-16683457593776068083,Other,Combo-16683457593776068083,Finalized,0,187,0.28,0,0.28
2026-08-05,UDXCOMBO-2134983975896657714,Other,Combo-2134983975896657714,Finalized,0,187,0.01,0,0.01
2026-08-05,UDXCOMBO-3240518024314966674,Other,Combo-3240518024314966674,Finalized,0,187,0.01,0,0.01
2026-08-05,UDXCOMBO-9124691800149609656,Other,Combo-9124691800149609656,Finalized,0,187,0.03,0,0.03
2026-08-05,UDXMLBTOTAL_SFTEX26AUG051435_9.5,Baseball,Total,Finalized,0,187,0.47,0,0.43
2026-08-05,UDXCOMBO-11523332070398358150,Other,Combo-11523332070398358150,Finalized,0,186,0.39,0,0.39
2026-08-05,UDXCOMBO-16889978823678907450,Other,Combo-16889978823678907450,Finalized,0,186,0.01,0,0.01
2026-08-05,UDXCOMBO-709138032301598199,Other,Combo-709138032301598199,Finalized,0,186,0.05,0,0.04
2026-08-05,UDXCOMBO-7669483059338368587,Other,Combo-7669483059338368587,Finalized,0,186,0.01,0,0.01
2026-08-05,UDXCOMBO-7893197331849851178,Other,Combo-7893197331849851178,Finalized,0,186,0.13,0,0.13
2026-08-05,UDXCOMBO-11807274017030052026,Other,Combo-11807274017030052026,Finalized,0,185,0.52,0,0.52
2026-08-05,UDXCOMBO-17423696667770606592,Other,Combo-17423696667770606592,Finalized,0,185,0.26,0,0.26
2026-08-05,UDXCOMBO-2324571261992522726,Other,Combo-2324571261992522726,Finalized,0,185,0.4,0,0.4
2026-08-05,UDXWNBASPREAD_DALWSH2026AUG05_DAL13.5,Basketball (pro),Spread,Finalized,0,185,0.56,0,0.56
2026-08-05,UDXCOMBO-15598699478939459597,Other,Combo-15598699478939459597,Finalized,0,184,0.1,0,0.1
2026-08-05,UDXCOMBO-4740882829344885427,Other,Combo-4740882829344885427,Finalized,0,184,0.13,0,0.13
2026-08-05,UDXCOMBO-16057527588265297049,Other,Combo-16057527588265297049,Finalized,0,183,0.1,0,0.1
2026-08-05,UDXCOMBO-6217355135356251311,Other,Combo-6217355135356251311,Finalized,0,183,0.4,0,0.4
2026-08-05,UDXCOMBO-11479286866761368632,Other,Combo-11479286866761368632,Finalized,182,182,0.53,0,0.53
2026-08-05,UDXCOMBO-4317171231381126735,Other,Combo-4317171231381126735,Finalized,0,182,0.07,0,0.07
2026-08-05,UDXMLBTOTAL_PITMIL26AUG051940_3.5,Baseball,Total,Finalized,0,181,0.86,0,0.86
2026-08-05,UDXCOMBO-3926814825335186896,Other,Combo-3926814825335186896,Finalized,180,180,0.16,0,0.13
2026-08-05,UDXCOMBO-8854422864608323264,Other,Combo-8854422864608323264,Finalized,180,180,0.05,0,0.05
2026-08-05,UDXCOMBO-14511769589793027365,Other,Combo-14511769589793027365,Finalized,0,180,0.05,0,0.05
2026-08-05,UDXCOMBO-15918169207350643084,Other,Combo-15918169207350643084,Finalized,0,180,0.03,0,0.03
2026-08-05,UDXCOMBO-16661818239232432432,Other,Combo-16661818239232432432,Finalized,0,180,0.05,0,0.05
2026-08-05,UDXCOMBO-5198834104897019173,Other,Combo-5198834104897019173,Finalized,0,180,0.03,0,0.03
2026-08-05,UDXCOMBO-5229629391216272452,Other,Combo-5229629391216272452,Finalized,0,180,0.19,0,0.19
2026-08-05,UDXCOMBO-5472419295976573008,Other,Combo-5472419295976573008,Finalized,0,180,0.05,0,0.05
2026-08-05,UDXCOMBO-8928404542995828415,Other,Combo-8928404542995828415,Finalized,0,180,0.03,0,0.03
2026-08-05,UDXCOMBO-9551982527179743516,Other,Combo-9551982527179743516,Finalized,0,180,0.21,0,0.21
2026-08-05,UDXCOMBO-9595690435266640963,Other,Combo-9595690435266640963,Finalized,0,180,0.03,0,0.03
2026-08-05,UDXCOMBO-552833474424371738,Other,Combo-552833474424371738,Finalized,0,179,0.15,0,0.15
2026-08-05,UDXCOMBO-17674521377614810572,Other,Combo-17674521377614810572,Finalized,178,178,0.27,0,0.27
2026-08-05,UDXMLBSPREAD_LADCHC26AUG051420_LAD2.5,Baseball,Spread,Finalized,0,178,0.29,0,0.28
2026-08-05,UDXCOMBO-16642954034286946961,Other,Combo-16642954034286946961,Finalized,0,177,0.52,0,0.52
2026-08-05,UDXCOMBO-17694814385006416859,Other,Combo-17694814385006416859,Finalized,0,177,0.49,0,0.04
2026-08-05,UDXCOMBO-266110838886927226,Other,Combo-266110838886927226,Finalized,0,177,0.27,0,0.27
2026-08-05,UDXCOMBO-2849090143396240641,Other,Combo-2849090143396240641,Finalized,176,176,0.05,0,0.05
2026-08-05,UDXCOMBO-13608351280553782393,Other,Combo-13608351280553782393,Finalized,0,176,0.05,0,0.05
2026-08-05,UDXCOMBO-18163681606366883804,Other,Combo-18163681606366883804,Finalized,0,176,0.09,0,0.09
2026-08-05,UDXCOMBO-2904165258301529420,Other,Combo-2904165258301529420,Finalized,0,176,0.12,0,0.12
2026-08-05,UDXWNBASPREAD_TORGSV2026AUG04_GSV12.5,Basketball (pro),Spread,Finalized,0,176,0.24,0,0.24
2026-08-05,UDXCOMBO-17178387729248513298,Other,Combo-17178387729248513298,Finalized,175,175,0.11,0,0.11
2026-08-05,UDXCOMBO-12749308645908529637,Other,Combo-12749308645908529637,Finalized,0,175,0.24,0,0.24
2026-08-05,UDXCOMBO-8591678822345770669,Other,Combo-8591678822345770669,Finalized,0,175,0.07,0,0.07
2026-08-05,UDXCOMBO-2675015383572352742,Other,Combo-2675015383572352742,Finalized,174,174,0.22,0,0.22
2026-08-05,UDXCOMBO-11592285375924748603,Other,Combo-11592285375924748603,Finalized,0,174,0.27,0,0.27
2026-08-05,UDXCOMBO-12238551272310881954,Other,Combo-12238551272310881954,Finalized,0,174,0.03,0,0.03
2026-08-05,UDXCOMBO-1297484236449835547,Other,Combo-1297484236449835547,Finalized,0,174,0.26,0,0.26
2026-08-05,UDXCOMBO-17851961985145895916,Other,Combo-17851961985145895916,Finalized,0,174,0.11,0,0.11
2026-08-05,UDXCOMBO-18140290446952099650,Other,Combo-18140290446952099650,Finalized,0,174,0.05,0,0.05
2026-08-05,UDXCOMBO-2379000326614095046,Other,Combo-2379000326614095046,Finalized,0,174,0.14,0,0.14
2026-08-05,UDXCOMBO-12155913630581375750,Other,Combo-12155913630581375750,Finalized,173,173,0.08,0,0.08
2026-08-05,UDXCOMBO-7472332748402372366,Other,Combo-7472332748402372366,Finalized,0,173,0.39,0,0.39
2026-08-05,UDXMLBTOTAL_MIAATL26AUG051915_9.5,Baseball,Total,Finalized,0,173,0.49,0,0.49
2026-08-05,UDXCOMBO-13491931706521879320,Other,Combo-13491931706521879320,Finalized,0,172,0.31,0,0.27
2026-08-05,UDXCOMBO-16119814249468729612,Other,Combo-16119814249468729612,Finalized,0,172,0.05,0,0.05
2026-08-05,UDXCOMBO-4137817043696735713,Other,Combo-4137817043696735713,Finalized,0,172,0.28,0,0.28
2026-08-05,UDXCOMBO-6293308548444491085,Other,Combo-6293308548444491085,Finalized,171,171,0.28,0,0.28
2026-08-05,UDXCOMBO-1033020371603222671,Other,Combo-1033020371603222671,Finalized,0,171,0.28,0,0.28
2026-08-05,UDXCOMBO-12429272113148224324,Other,Combo-12429272113148224324,Finalized,0,171,0.02,0,0.02
2026-08-05,UDXCOMBO-14650818769421514112,Other,Combo-14650818769421514112,Finalized,0,171,0.42,0,0.38
2026-08-05,UDXCOMBO-16405737048291733715,Other,Combo-16405737048291733715,Finalized,0,171,0.18,0,0.18
2026-08-05,UDXCOMBO-17056276780875591750,Other,Combo-17056276780875591750,Finalized,0,171,0.11,0,0.11
2026-08-05,UDXCOMBO-10974488008097159276,Other,Combo-10974488008097159276,Finalized,0,170,0.06,0,0.06
2026-08-05,UDXCOMBO-13823583122939069866,Other,Combo-13823583122939069866,Finalized,0,170,0.28,0,0.28
2026-08-05,UDXCOMBO-15458868756943513907,Other,Combo-15458868756943513907,Finalized,0,170,0.06,0,0.06
2026-08-05,UDXCOMBO-16701366183620795177,Other,Combo-16701366183620795177,Finalized,0,170,0.06,0,0.06
2026-08-05,UDXCOMBO-7196516350100016272,Other,Combo-7196516350100016272,Finalized,0,170,0.06,0,0.06
2026-08-05,UDXMLBTOTAL_NYMCLE26AUG051840_3.5,Baseball,Total,Finalized,0,170,0.89,0,0.74
2026-08-05,UDXCOMBO-4085519257469749449,Other,Combo-4085519257469749449,Finalized,0,169,0.17,0,0.15
2026-08-05,UDXCOMBO-14145082817301470829,Other,Combo-14145082817301470829,Finalized,168,168,0.5,0,0.5
2026-08-05,UDXCOMBO-15421440780497635766,Other,Combo-15421440780497635766,Finalized,168,168,0.17,0,0.17
2026-08-05,UDXMLBTOTAL_DETSEA26AUG052140_12.5,Baseball,Total,Finalized,168,168,0.14,0,0.14
2026-08-05,UDXCOMBO-3118322975468532336,Other,Combo-3118322975468532336,Finalized,0,168,0.13,0,0.13
2026-08-05,UDXCOMBO-4822381239113587927,Other,Combo-4822381239113587927,Finalized,0,168,0.01,0,0.01
2026-08-05,UDXCOMBO-13008211865294916380,Other,Combo-13008211865294916380,Finalized,0,167,0.03,0,0.03
2026-08-05,UDXCOMBO-16121243892758078201,Other,Combo-16121243892758078201,Finalized,0,167,0.06,0,0.06
2026-08-05,UDXCOMBO-3016718543477945661,Other,Combo-3016718543477945661,Finalized,0,167,0.26,0,0.14
2026-08-05,UDXCOMBO-3283992182235082084,Other,Combo-3283992182235082084,Finalized,0,167,0.03,0,0.03
2026-08-05,UDXCOMBO-9816929770227182609,Other,Combo-9816929770227182609,Finalized,0,167,0.29,0,0.29
2026-08-05,UDXCOMBO-14736501569330267805,Other,Combo-14736501569330267805,Finalized,166,166,0.11,0,0.11
2026-08-05,UDXCOMBO-457413551591594917,Other,Combo-457413551591594917,Finalized,0,166,0.25,0,0.25
2026-08-05,UDXCOMBO-997476818955744531,Other,Combo-997476818955744531,Finalized,0,166,0.14,0,0.14
2026-08-05,UDXCOMBO-5787062017739285631,Other,Combo-5787062017739285631,Finalized,165,165,0.34,0,0.34
2026-08-05,UDXCOMBO-16138516173893996375,Other,Combo-16138516173893996375,Finalized,0,165,0.44,0,0.44
2026-08-05,UDXCOMBO-2680003823183647844,Other,Combo-2680003823183647844,Finalized,0,165,0.33,0,0.3
2026-08-05,UDXCOMBO-2970192931574819880,Other,Combo-2970192931574819880,Finalized,164,164,0.15,0,0.06
2026-08-05,UDXCOMBO-14346666907402444487,Other,Combo-14346666907402444487,Finalized,0,164,0.29,0,0.29
2026-08-05,UDXCOMBO-7839208620455309673,Other,Combo-7839208620455309673,Finalized,0,164,0.06,0,0.06
2026-08-05,UDXCOMBO-10949626866053033187,Other,Combo-10949626866053033187,Finalized,0,163,0.26,0,0.26
2026-08-05,UDXCOMBO-15460286489810371826,Other,Combo-15460286489810371826,Finalized,0,163,0.02,0,0.02
2026-08-05,UDXCOMBO-17132840636661676186,Other,Combo-17132840636661676186,Finalized,0,163,0.45,0,0.45
2026-08-05,UDXCOMBO-17801004629860308083,Other,Combo-17801004629860308083,Finalized,0,163,0.41,0,0.41
2026-08-05,UDXCOMBO-2951549903561810854,Other,Combo-2951549903561810854,Finalized,0,163,0.06,0,0.06
2026-08-05,UDXCOMBO-1965776291530596091,Other,Combo-1965776291530596091,Finalized,162,162,0.27,0,0.27
2026-08-05,UDXCOMBO-11213600963822931048,Other,Combo-11213600963822931048,Finalized,0,162,0.29,0,0.29
2026-08-05,UDXCOMBO-13273967160802956974,Other,Combo-13273967160802956974,Finalized,0,162,0.57,0,0.57
2026-08-05,UDXCOMBO-3888340677590687094,Other,Combo-3888340677590687094,Finalized,0,162,0.16,0,0.16
2026-08-05,UDXCOMBO-650629767487241922,Other,Combo-650629767487241922,Finalized,0,162,0.05,0,0.05
2026-08-05,UDXMLBTOTAL_LAABAL26AUG051835_12.5,Baseball,Total,Finalized,0,162,0.15,0,0.15
2026-08-05,UDXCOMBO-1303582211725933337,Other,Combo-1303582211725933337,Finalized,161,161,0.42,0,0.42
2026-08-05,UDXCOMBO-15457875839213673784,Other,Combo-15457875839213673784,Finalized,0,161,0.03,0,0.03
2026-08-05,UDXCOMBO-8393255527913570995,Other,Combo-8393255527913570995,Finalized,0,161,0.06,0,0.06
2026-08-05,UDXCOMBO-15865164348602627117,Other,Combo-15865164348602627117,Finalized,160,160,0.15,0,0.15
2026-08-05,UDXCOMBO-12991247016187287686,Other,Combo-12991247016187287686,Finalized,0,160,0.09,0,0.09
2026-08-05,UDXCOMBO-2078634642924994066,Other,Combo-2078634642924994066,Finalized,0,160,0.06,0,0.06
2026-08-05,UDXCOMBO-11088911737108935366,Other,Combo-11088911737108935366,Finalized,0,159,0.11,0,0.11
2026-08-05,UDXCOMBO-1233921465630083833,Other,Combo-1233921465630083833,Finalized,0,159,0.19,0,0.19
2026-08-05,UDXCOMBO-11692139951349779027,Other,Combo-11692139951349779027,Finalized,158,158,0.24,0,0.24
2026-08-05,UDXCOMBO-17846966367307997077,Other,Combo-17846966367307997077,Finalized,158,158,0.3,0,0.3
2026-08-05,UDXCOMBO-3605409461824396452,Other,Combo-3605409461824396452,Finalized,0,158,0.3,0,0.3
2026-08-05,UDXCOMBO-17134789359322048262,Other,Combo-17134789359322048262,Finalized,157,157,0.34,0,0.31
2026-08-05,UDXCOMBO-11779316583070059919,Other,Combo-11779316583070059919,Finalized,0,157,0.3,0,0.3
2026-08-05,UDXCOMBO-14928198653288023222,Other,Combo-14928198653288023222,Finalized,0,157,0.13,0,0.13
2026-08-05,UDXCOMBO-16042677935194552356,Other,Combo-16042677935194552356,Finalized,0,157,0.13,0,0.13
2026-08-05,UDXMLBTOTAL_SFTEX26AUG051435_4.5,Baseball,Total,Finalized,0,157,0.91,0,0.91
2026-08-05,UDXCOMBO-2625371803830047324,Other,Combo-2625371803830047324,Finalized,0,156,0.06,0,0.06
2026-08-05,UDXCOMBO-5121969762999291457,Other,Combo-5121969762999291457,Finalized,0,156,0.3,0,0.3
2026-08-05,UDXCOMBO-5949360443793535734,Other,Combo-5949360443793535734,Finalized,0,156,0.07,0,0.07
2026-08-05,UDXCOMBO-910118779913029969,Other,Combo-910118779913029969,Finalized,0,156,0.03,0,0.03
2026-08-05,UDXCOMBO-10949987378868514648,Other,Combo-10949987378868514648,Finalized,0,155,0.4,0,0.4
2026-08-05,UDXCOMBO-12098780931628617420,Other,Combo-12098780931628617420,Finalized,0,155,0.02,0,0.02
2026-08-05,UDXCOMBO-12503483444791012076,Other,Combo-12503483444791012076,Finalized,0,155,0.01,0,0.01
2026-08-05,UDXCOMBO-14677270069048538652,Other,Combo-14677270069048538652,Finalized,0,155,0.01,0,0.01
2026-08-05,UDXCOMBO-14937843693260127429,Other,Combo-14937843693260127429,Finalized,0,155,0.01,0,0.01
2026-08-05,UDXCOMBO-16276715522490101433,Other,Combo-16276715522490101433,Finalized,0,155,0.06,0,0.06
2026-08-05,UDXCOMBO-1954541324252796409,Other,Combo-1954541324252796409,Finalized,0,155,0.01,0,0.01
2026-08-05,UDXCOMBO-3343544049687320251,Other,Combo-3343544049687320251,Finalized,0,155,0.05,0,0.05
2026-08-05,UDXCOMBO-3664693450591704827,Other,Combo-3664693450591704827,Finalized,0,155,0.09,0,0.09
2026-08-05,UDXCOMBO-7060164270345358996,Other,Combo-7060164270345358996,Finalized,0,155,0.24,0,0.16
2026-08-05,UDXCOMBO-989085262447640752,Other,Combo-989085262447640752,Finalized,0,155,0.01,0,0.01
2026-08-05,UDXCOMBO-12662291872403537547,Other,Combo-12662291872403537547,Finalized,154,154,0.24,0,0.24
2026-08-05,UDXCOMBO-16029430720105397825,Other,Combo-16029430720105397825,Finalized,154,154,0.63,0,0.63
2026-08-05,UDXCOMBO-3494804949327853213,Other,Combo-3494804949327853213,Finalized,154,154,0.07,0,0.07
2026-08-05,UDXCOMBO-6014323485673581079,Other,Combo-6014323485673581079,Finalized,154,154,0.13,0,0.13
2026-08-05,UDXCOMBO-10027775152260818946,Other,Combo-10027775152260818946,Finalized,0,154,0.25,0,0.25
2026-08-05,UDXCOMBO-15594346274662144045,Other,Combo-15594346274662144045,Finalized,0,154,0.66,0,0.66
2026-08-05,UDXCOMBO-11046672878726863015,Other,Combo-11046672878726863015,Finalized,153,153,0.12,0,0.12
2026-08-05,UDXCOMBO-13151978534673423502,Other,Combo-13151978534673423502,Finalized,153,153,0.32,0,0.03
2026-08-05,UDXCOMBO-12288368558306022418,Other,Combo-12288368558306022418,Finalized,0,153,0.48,0,0.48
2026-08-05,UDXCOMBO-16466947669605356808,Other,Combo-16466947669605356808,Finalized,0,153,0.06,0,0.06
2026-08-05,UDXCOMBO-17871953882609145286,Other,Combo-17871953882609145286,Finalized,0,153,0.14,0,0.14
2026-08-05,UDXCOMBO-18232372060793998901,Other,Combo-18232372060793998901,Finalized,0,153,0.38,0,0.38
2026-08-05,UDXCOMBO-4277839420718365072,Other,Combo-4277839420718365072,Finalized,0,153,0.03,0,0.03
2026-08-05,UDXCOMBO-6882737379599349219,Other,Combo-6882737379599349219,Finalized,0,153,0.06,0,0.06
2026-08-05,UDXCOMBO-7384056373443863216,Other,Combo-7384056373443863216,Finalized,0,153,0.06,0,0.06
2026-08-05,UDXCOMBO-7606965107866767684,Other,Combo-7606965107866767684,Finalized,0,153,0.05,0,0.05
2026-08-05,UDXCOMBO-16554478391679230703,Other,Combo-16554478391679230703,Finalized,152,152,0.2,0,0.2
2026-08-05,UDXCOMBO-9282785774850938197,Other,Combo-9282785774850938197,Finalized,152,152,0.31,0,0.31
2026-08-05,UDXCOMBO-14027239248283792724,Other,Combo-14027239248283792724,Finalized,0,152,0.06,0,0.06
2026-08-05,UDXMLBSPREAD_LAABAL26AUG051835_BAL3.5,Baseball,Spread,Finalized,0,152,0.49,0,0.49
2026-08-05,UDXCOMBO-10283358906086174878,Other,Combo-10283358906086174878,Finalized,151,151,0.06,0,0.06
2026-08-05,UDXCOMBO-6024663191523400964,Other,Combo-6024663191523400964,Finalized,151,151,0.24,0,0.24
2026-08-05,UDXCOMBO-1112755572984529034,Other,Combo-1112755572984529034,Finalized,0,151,0.51,0,0.51
2026-08-05,UDXCOMBO-16746836627568091089,Other,Combo-16746836627568091089,Finalized,0,151,0.32,0,0.32
2026-08-05,UDXCOMBO-2985279862231571941,Other,Combo-2985279862231571941,Finalized,0,151,0.11,0,0.11
2026-08-05,UDXCOMBO-4658273443948335925,Other,Combo-4658273443948335925,Finalized,0,150,0.17,0,0.17
2026-08-05,UDXCOMBO-617465384201078434,Other,Combo-617465384201078434,Finalized,0,150,0.13,0,0.13
2026-08-05,UDXWNBASPREAD_SEANY2026AUG05_SEA3.5,Basketball (pro),Spread,Finalized,0,150,0.17,0,0.17
2026-08-05,UDXCOMBO-4574143943157245764,Other,Combo-4574143943157245764,Finalized,149,149,0.29,0,0.29
2026-08-05,UDXCOMBO-14502996298370309752,Other,Combo-14502996298370309752,Finalized,0,149,0.01,0,0.01
2026-08-05,UDXCOMBO-663522631522874894,Other,Combo-663522631522874894,Finalized,0,149,0.03,0,0.03
2026-08-05,UDXCOMBO-9872514102864239390,Other,Combo-9872514102864239390,Finalized,0,149,0.13,0,0.13
2026-08-05,UDXCOMBO-14699569464095293393,Other,Combo-14699569464095293393,Finalized,148,148,0.32,0,0.32
2026-08-05,UDXCOMBO-11594740511086853398,Other,Combo-11594740511086853398,Finalized,0,148,0.29,0,0.29
2026-08-05,UDXCOMBO-16921701349942028882,Other,Combo-16921701349942028882,Finalized,0,148,0.11,0,0.11
2026-08-05,UDXCOMBO-5767257724306910215,Other,Combo-5767257724306910215,Finalized,0,148,0.43,0,0.32
2026-08-05,UDXCOMBO-9014055592455516887,Other,Combo-9014055592455516887,Finalized,0,148,0.06,0,0.06
2026-08-05,UDXCOMBO-15398652234540906147,Other,Combo-15398652234540906147,Finalized,147,147,0.14,0,0.14
2026-08-05,UDXCOMBO-11637446491039229560,Other,Combo-11637446491039229560,Finalized,0,147,0.32,0,0.32
2026-08-05,UDXCOMBO-5216816217489843590,Other,Combo-5216816217489843590,Finalized,146,146,0.33,0,0.33
2026-08-05,UDXCOMBO-6460000061577971948,Other,Combo-6460000061577971948,Finalized,146,146,0.5,0,0.5
2026-08-05,UDXCOMBO-10976940967110281345,Other,Combo-10976940967110281345,Finalized,0,146,0.06,0,0.06
2026-08-05,UDXCOMBO-17554233658162346693,Other,Combo-17554233658162346693,Finalized,0,146,0.03,0,0.03
2026-08-05,UDXCOMBO-18100896802606937629,Other,Combo-18100896802606937629,Finalized,0,146,0.16,0,0.16
2026-08-05,UDXCOMBO-2952360434863939528,Other,Combo-2952360434863939528,Finalized,0,146,0.03,0,0.03
2026-08-05,UDXCOMBO-62655921160439787,Other,Combo-62655921160439787,Finalized,0,146,0.06,0,0.06
2026-08-05,UDXCOMBO-16214542043285705481,Other,Combo-16214542043285705481,Finalized,145,145,0.13,0,0.13
2026-08-05,UDXCOMBO-11513544285346314900,Other,Combo-11513544285346314900,Finalized,0,145,0.33,0,0.33
2026-08-05,UDXCOMBO-7816612687825472957,Other,Combo-7816612687825472957,Finalized,0,145,0.14,0,0.07
2026-08-05,UDXCOMBO-11837705148498649773,Other,Combo-11837705148498649773,Finalized,0,144,0.07,0,0.07
2026-08-05,UDXCOMBO-15092596868054873866,Other,Combo-15092596868054873866,Finalized,0,144,0.09,0,0.09
2026-08-05,UDXCOMBO-16638898466598302735,Other,Combo-16638898466598302735,Finalized,0,144,0.07,0,0.07
2026-08-05,UDXCOMBO-18417227967490324612,Other,Combo-18417227967490324612,Finalized,0,144,0.07,0,0.07
2026-08-05,UDXCOMBO-4656706644938918358,Other,Combo-4656706644938918358,Finalized,0,144,0.28,0,0.28
2026-08-05,UDXCOMBO-8416137548521045439,Other,Combo-8416137548521045439,Finalized,0,144,0.12,0,0.12
2026-08-05,UDXCOMBO-9141644745681386107,Other,Combo-9141644745681386107,Finalized,0,144,0.18,0,0.18
2026-08-05,UDXCOMBO-9283089858325170690,Other,Combo-9283089858325170690,Finalized,0,144,0.16,0,0.16
2026-08-05,UDXCOMBO-5691823884908560008,Other,Combo-5691823884908560008,Finalized,143,143,0.44,0,0.44
2026-08-05,UDXCOMBO-11060557673918798828,Other,Combo-11060557673918798828,Finalized,0,143,0.12,0,0.12
2026-08-05,UDXCOMBO-11866536586620080205,Other,Combo-11866536586620080205,Finalized,0,143,0.01,0,0.01
2026-08-05,UDXCOMBO-11901793297507337050,Other,Combo-11901793297507337050,Finalized,0,143,0.03,0,0.03
2026-08-05,UDXCOMBO-14884918668575094968,Other,Combo-14884918668575094968,Finalized,0,143,0.03,0,0.03
2026-08-05,UDXCOMBO-17502522368712282051,Other,Combo-17502522368712282051,Finalized,0,143,0.13,0,0.13
2026-08-05,UDXCOMBO-2905445109104292537,Other,Combo-2905445109104292537,Finalized,0,143,0.33,0,0.33
2026-08-05,UDXCOMBO-436076598056148472,Other,Combo-436076598056148472,Finalized,0,143,0.1,0,0.1
2026-08-05,UDXCOMBO-4816708671502670135,Other,Combo-4816708671502670135,Finalized,0,143,0.06,0,0.06
2026-08-05,UDXCOMBO-9103004462596678711,Other,Combo-9103004462596678711,Finalized,0,143,0.1,0,0.1
2026-08-05,UDXCOMBO-269191254276705790,Other,Combo-269191254276705790,Finalized,142,142,0.55,0,0.5
2026-08-05,UDXCOMBO-5559305201391445875,Other,Combo-5559305201391445875,Finalized,142,142,0.07,0,0.07
2026-08-05,UDXCOMBO-6966025788753376326,Other,Combo-6966025788753376326,Finalized,142,142,0.12,0,0.12
2026-08-05,UDXCOMBO-6272295918700168515,Other,Combo-6272295918700168515,Finalized,0,142,0.1,0,0.1
2026-08-05,UDXCOMBO-7595682139208157113,Other,Combo-7595682139208157113,Finalized,0,142,0.13,0,0.13
2026-08-05,UDXMLBSPREAD_SFTEX26AUG051435_TEX4.5,Baseball,Spread,Finalized,0,142,0.8,0,0.8
2026-08-05,UDXCOMBO-5481076445982842850,Other,Combo-5481076445982842850,Finalized,141,141,0.17,0,0.17
2026-08-05,UDXCOMBO-12293664181973431591,Other,Combo-12293664181973431591,Finalized,0,141,0.03,0,0.03
2026-08-05,UDXCOMBO-14430193272808476356,Other,Combo-14430193272808476356,Finalized,0,141,0.22,0,0.22
2026-08-05,UDXCOMBO-2177361480351777476,Other,Combo-2177361480351777476,Finalized,0,141,0.13,0,0.13
2026-08-05,UDXCOMBO-5764827433864462084,Other,Combo-5764827433864462084,Finalized,0,141,0.34,0,0.34
2026-08-05,UDXCOMBO-689725370503116748,Other,Combo-689725370503116748,Finalized,0,141,0.38,0,0.38
2026-08-05,UDXCOMBO-7465703872803810731,Other,Combo-7465703872803810731,Finalized,0,141,0.03,0,0.03
2026-08-05,UDXCOMBO-10265670500286557665,Other,Combo-10265670500286557665,Finalized,0,140,0.01,0,0.01
2026-08-05,UDXCOMBO-13890885244904946719,Other,Combo-13890885244904946719,Finalized,0,140,0.34,0,0.34
2026-08-05,UDXCOMBO-15674327066323584100,Other,Combo-15674327066323584100,Finalized,0,140,0.07,0,0.07
2026-08-05,UDXCOMBO-17008994296313259688,Other,Combo-17008994296313259688,Finalized,0,140,0.07,0,0.07
2026-08-05,UDXCOMBO-3518991077510732937,Other,Combo-3518991077510732937,Finalized,0,140,0.07,0,0.07
2026-08-05,UDXCOMBO-7950219304973386791,Other,Combo-7950219304973386791,Finalized,139,139,0.19,0,0.19
2026-08-05,UDXCOMBO-10003550859977343297,Other,Combo-10003550859977343297,Finalized,0,139,0.34,0,0.34
2026-08-05,UDXCOMBO-12576765433041965560,Other,Combo-12576765433041965560,Finalized,0,139,0.25,0,0.25
2026-08-05,UDXCOMBO-9712255560139875053,Other,Combo-9712255560139875053,Finalized,0,139,0.14,0,0.14
2026-08-05,UDXCOMBO-15204164815689609788,Other,Combo-15204164815689609788,Finalized,138,138,0.1,0,0.1
2026-08-05,UDXCOMBO-3904446038661864591,Other,Combo-3904446038661864591,Finalized,138,138,0.18,0,0.18
2026-08-05,UDXCOMBO-5321584718012701331,Other,Combo-5321584718012701331,Finalized,138,138,0.36,0,0.34
2026-08-05,UDXWNBAGAMEWIN_LAMIN2026AUG06_MIN,Basketball (pro),Moneyline,Finalized,138,138,0.93,0,0.93
2026-08-05,UDXCOMBO-15119358548872997451,Other,Combo-15119358548872997451,Finalized,0,138,0.35,0,0.35
2026-08-05,UDXCOMBO-3999609230942858440,Other,Combo-3999609230942858440,Finalized,0,138,0.07,0,0.07
2026-08-05,UDXCOMBO-4808202173313182888,Other,Combo-4808202173313182888,Finalized,0,138,0.1,0,0.1
2026-08-05,UDXCOMBO-875816623982312418,Other,Combo-875816623982312418,Finalized,0,138,0.09,0,0.09
2026-08-05,UDXCOMBO-10968467912831353179,Other,Combo-10968467912831353179,Finalized,0,137,0.03,0,0.03
2026-08-05,UDXCOMBO-6406117962353164420,Other,Combo-6406117962353164420,Finalized,0,137,0.35,0,0.35
2026-08-05,UDXCOMBO-13434107599567462365,Other,Combo-13434107599567462365,Finalized,0,136,0.35,0,0.35
2026-08-05,UDXCOMBO-14659026883427760248,Other,Combo-14659026883427760248,Finalized,0,135,0.4,0,0.4
2026-08-05,UDXCOMBO-15741670526972458198,Other,Combo-15741670526972458198,Finalized,0,135,0.04,0,0.04
2026-08-05,UDXCOMBO-251792564259814660,Other,Combo-251792564259814660,Finalized,0,135,0.14,0,0.14
2026-08-05,UDXCOMBO-13661787068736978029,Other,Combo-13661787068736978029,Finalized,134,134,0.36,0,0.36
2026-08-05,UDXCOMBO-13120438836625654895,Other,Combo-13120438836625654895,Finalized,0,134,0.07,0,0.07
2026-08-05,UDXCOMBO-15274733104196327877,Other,Combo-15274733104196327877,Finalized,0,134,0.32,0,0.32
2026-08-05,UDXCOMBO-15332510957881328905,Other,Combo-15332510957881328905,Finalized,133,133,0.14,0,0.14
2026-08-05,UDXCOMBO-13753123713445793926,Other,Combo-13753123713445793926,Finalized,0,133,0.04,0,0.04
2026-08-05,UDXCOMBO-16161184661099698838,Other,Combo-16161184661099698838,Finalized,0,133,0.22,0,0.22
2026-08-05,UDXCOMBO-4703683142525450757,Other,Combo-4703683142525450757,Finalized,0,133,0.21,0,0.21
2026-08-05,UDXCOMBO-7032718982545278441,Other,Combo-7032718982545278441,Finalized,0,133,0.32,0,0.32
2026-08-05,UDXCOMBO-11894703960489304158,Other,Combo-11894703960489304158,Finalized,132,132,0.24,0,0.24
2026-08-05,UDXCOMBO-18376441053573801747,Other,Combo-18376441053573801747,Finalized,132,132,0.53,0,0.53
2026-08-05,UDXCOMBO-4624595711248188217,Other,Combo-4624595711248188217,Finalized,132,132,0.49,0,0.49
2026-08-05,UDXCOMBO-14556151492455544916,Other,Combo-14556151492455544916,Finalized,0,132,0.19,0,0.19
2026-08-05,UDXCOMBO-14639672793203633671,Other,Combo-14639672793203633671,Finalized,0,132,0.68,0,0.68
2026-08-05,UDXCOMBO-14689751077462009636,Other,Combo-14689751077462009636,Finalized,0,132,0.36,0,0.36
2026-08-05,UDXCOMBO-17441434765815281360,Other,Combo-17441434765815281360,Finalized,0,132,0.14,0,0.14
2026-08-05,UDXCOMBO-7715521606399452615,Other,Combo-7715521606399452615,Finalized,0,132,0.36,0,0.36
2026-08-05,UDXCOMBO-15525173137472546805,Other,Combo-15525173137472546805,Finalized,131,131,0.36,0,0.36
2026-08-05,UDXCOMBO-5579559659362240436,Other,Combo-5579559659362240436,Finalized,131,131,0.36,0,0.36
2026-08-05,UDXCOMBO-14825324807041395637,Other,Combo-14825324807041395637,Finalized,0,131,0.14,0,0.14
2026-08-05,UDXCOMBO-5517881549838026864,Other,Combo-5517881549838026864,Finalized,0,131,0.01,0,0.01
2026-08-05,UDXCOMBO-14887787920534878074,Other,Combo-14887787920534878074,Finalized,130,130,0.11,0,0.11
2026-08-05,UDXCOMBO-17620711936562621518,Other,Combo-17620711936562621518,Finalized,130,130,0.43,0,0.43
2026-08-05,UDXCOMBO-10952073368607073873,Other,Combo-10952073368607073873,Finalized,0,130,0.04,0,0.04
2026-08-05,UDXCOMBO-1101055746121330167,Other,Combo-1101055746121330167,Finalized,0,130,0.37,0,0.37
2026-08-05,UDXCOMBO-1382905038648950117,Other,Combo-1382905038648950117,Finalized,0,130,0.07,0,0.07
2026-08-05,UDXCOMBO-17454662745600463607,Other,Combo-17454662745600463607,Finalized,0,130,0.07,0,0.07
2026-08-05,UDXCOMBO-2252982756682844577,Other,Combo-2252982756682844577,Finalized,0,130,0.07,0,0.07
2026-08-05,UDXCOMBO-2986331893360938322,Other,Combo-2986331893360938322,Finalized,0,130,0.31,0,0.31
2026-08-05,UDXCOMBO-3720184632287687242,Other,Combo-3720184632287687242,Finalized,0,130,0.04,0,0.04
2026-08-05,UDXCOMBO-9274545708291262505,Other,Combo-9274545708291262505,Finalized,0,130,0.07,0,0.07
2026-08-05,UDXCOMBO-323000237842849345,Other,Combo-323000237842849345,Finalized,129,129,0.18,0,0.18
2026-08-05,UDXCOMBO-6177459899908859927,Other,Combo-6177459899908859927,Finalized,129,129,0.18,0,0.18
2026-08-05,UDXCOMBO-1487867283093327717,Other,Combo-1487867283093327717,Finalized,0,129,0.15,0,0.15
2026-08-05,UDXCOMBO-3439516562172743801,Other,Combo-3439516562172743801,Finalized,0,129,0.03,0,0.03
2026-08-05,UDXCOMBO-6751289285850351880,Other,Combo-6751289285850351880,Finalized,0,129,0.02,0,0.02
2026-08-05,UDXCOMBO-9939659965389792565,Other,Combo-9939659965389792565,Finalized,0,129,0.15,0,0.15
2026-08-05,UDXCOMBO-1332935644062741196,Other,Combo-1332935644062741196,Finalized,0,128,0.37,0,0.37
2026-08-05,UDXCOMBO-3865270167475174488,Other,Combo-3865270167475174488,Finalized,0,128,0.77,0,0.77
2026-08-05,UDXCOMBO-8772356044317812439,Other,Combo-8772356044317812439,Finalized,0,128,0.15,0,0.15
2026-08-05,UDXCOMBO-5122587180304299876,Other,Combo-5122587180304299876,Finalized,127,127,0.26,0,0.26
2026-08-05,UDXCOMBO-15189036857715095104,Other,Combo-15189036857715095104,Finalized,0,127,0.26,0,0.26
2026-08-05,UDXCOMBO-16548814100374626713,Other,Combo-16548814100374626713,Finalized,0,127,0.07,0,0.07
2026-08-05,UDXCOMBO-17819663655911692840,Other,Combo-17819663655911692840,Finalized,126,126,0.19,0,0.19
2026-08-05,UDXCOMBO-15301500840965576427,Other,Combo-15301500840965576427,Finalized,0,126,0.15,0,0.15
2026-08-05,UDXCOMBO-16724434309090721137,Other,Combo-16724434309090721137,Finalized,0,126,0.31,0,0.31
2026-08-05,UDXCOMBO-17540919916702273998,Other,Combo-17540919916702273998,Finalized,0,126,0.04,0,0.04
2026-08-05,UDXCOMBO-2470313514659806244,Other,Combo-2470313514659806244,Finalized,0,126,0.04,0,0.04
2026-08-05,UDXCOMBO-8869813780895179931,Other,Combo-8869813780895179931,Finalized,0,126,0.04,0,0.04
2026-08-05,UDXCOMBO-9828959385536910910,Other,Combo-9828959385536910910,Finalized,0,126,0.08,0,0.08
2026-08-05,UDXCOMBO-10900415679654364101,Other,Combo-10900415679654364101,Finalized,0,125,0.15,0,0.15
2026-08-05,UDXCOMBO-14474782996819350446,Other,Combo-14474782996819350446,Finalized,0,125,0.17,0,0.17
2026-08-05,UDXCOMBO-17655327044568448141,Other,Combo-17655327044568448141,Finalized,0,125,0.08,0,0.08
2026-08-05,UDXCOMBO-4342899047575450563,Other,Combo-4342899047575450563,Finalized,0,125,0.38,0,0.38
2026-08-05,UDXCOMBO-6582431780653229663,Other,Combo-6582431780653229663,Finalized,0,125,0.12,0,0.12
2026-08-05,UDXCOMBO-7305579025877830955,Other,Combo-7305579025877830955,Finalized,0,125,0.08,0,0.08
2026-08-05,UDXCOMBO-18122719644071784575,Other,Combo-18122719644071784575,Finalized,124,124,0.36,0,0.36
2026-08-05,UDXCOMBO-10714671031287196490,Other,Combo-10714671031287196490,Finalized,0,124,0.15,0,0.15
2026-08-05,UDXCOMBO-10774074582355714851,Other,Combo-10774074582355714851,Finalized,0,124,0.79,0,0.79
2026-08-05,UDXCOMBO-9051889588023269822,Other,Combo-9051889588023269822,Finalized,0,124,0.21,0,0.21
2026-08-05,UDXMLBTOTAL_LADCHC26AUG051420_7.5,Baseball,Total,Finalized,0,124,0.9,0,0.9
2026-08-05,UDXCOMBO-13933148804392053461,Other,Combo-13933148804392053461,Finalized,123,123,0.08,0,0.08
2026-08-05,UDXCOMBO-10883015595500701529,Other,Combo-10883015595500701529,Finalized,0,123,0.15,0,0.15
2026-08-05,UDXCOMBO-11611637260489807059,Other,Combo-11611637260489807059,Finalized,0,123,0.08,0,0.08
2026-08-05,UDXCOMBO-13330275735661085500,Other,Combo-13330275735661085500,Finalized,0,123,0.39,0,0.39
2026-08-05,UDXCOMBO-14021737277995924327,Other,Combo-14021737277995924327,Finalized,0,123,0.08,0,0.08
2026-08-05,UDXCOMBO-15773201102551868920,Other,Combo-15773201102551868920,Finalized,0,123,0.08,0,0.08
2026-08-05,UDXCOMBO-16126333287905447546,Other,Combo-16126333287905447546,Finalized,0,123,0.04,0,0.04
2026-08-05,UDXCOMBO-4086105641075406880,Other,Combo-4086105641075406880,Finalized,0,123,0.39,0,0.39
2026-08-05,UDXCOMBO-774509810602981159,Other,Combo-774509810602981159,Finalized,0,123,0.09,0,0.09
2026-08-05,UDXCOMBO-18342044097803706268,Other,Combo-18342044097803706268,Finalized,122,122,0.39,0,0.39
2026-08-05,UDXCOMBO-12462933696794832509,Other,Combo-12462933696794832509,Finalized,0,122,0.07,0,0.07
2026-08-05,UDXCOMBO-12841770969667187977,Other,Combo-12841770969667187977,Finalized,0,122,0.16,0,0.16
2026-08-05,UDXCOMBO-13867143029172294727,Other,Combo-13867143029172294727,Finalized,0,122,0.11,0,0.11
2026-08-05,UDXCOMBO-6017056373707103594,Other,Combo-6017056373707103594,Finalized,0,122,0.3,0,0.3
2026-08-05,UDXCOMBO-6394785231160894342,Other,Combo-6394785231160894342,Finalized,0,122,0.14,0,0.14
2026-08-05,UDXCOMBO-8377211212704901690,Other,Combo-8377211212704901690,Finalized,0,122,0.12,0,0.12
2026-08-05,UDXCOMBO-1087190959819944500,Other,Combo-1087190959819944500,Finalized,121,121,0.4,0,0.4
2026-08-05,UDXCOMBO-10148050529815543925,Other,Combo-10148050529815543925,Finalized,0,121,0.16,0,0.16
2026-08-05,UDXCOMBO-10397459364160713034,Other,Combo-10397459364160713034,Finalized,0,121,0.08,0,0.08
2026-08-05,UDXCOMBO-12657489612541592003,Other,Combo-12657489612541592003,Finalized,0,121,0.19,0,0.19
2026-08-05,UDXCOMBO-13609233889023152991,Other,Combo-13609233889023152991,Finalized,0,121,0.41,0,0.31
2026-08-05,UDXCOMBO-2896012411343364701,Other,Combo-2896012411343364701,Finalized,0,121,0.16,0,0.16
2026-08-05,UDXCOMBO-4069727480493678160,Other,Combo-4069727480493678160,Finalized,0,121,0.08,0,0.08
2026-08-05,UDXCOMBO-4107817383041203860,Other,Combo-4107817383041203860,Finalized,0,121,0.18,0,0.18
2026-08-05,UDXCOMBO-9871887408638916181,Other,Combo-9871887408638916181,Finalized,0,121,0.16,0,0.16
2026-08-05,UDXCOMBO-5323938744303923172,Other,Combo-5323938744303923172,Finalized,120,120,0.16,0,0.16
2026-08-05,UDXCOMBO-15654270744516176081,Other,Combo-15654270744516176081,Finalized,0,120,0.28,0,0.28
2026-08-05,UDXCOMBO-16592050207381585750,Other,Combo-16592050207381585750,Finalized,0,120,0.08,0,0.08
2026-08-05,UDXCOMBO-17314962755554195871,Other,Combo-17314962755554195871,Finalized,0,120,0.12,0,0.12
2026-08-05,UDXCOMBO-5628638262876072582,Other,Combo-5628638262876072582,Finalized,0,120,0.1,0,0.1
2026-08-05,UDXCOMBO-6341652581575190843,Other,Combo-6341652581575190843,Finalized,0,120,0.01,0,0.01
2026-08-05,UDXCOMBO-8057601542618166421,Other,Combo-8057601542618166421,Finalized,0,120,0.08,0,0.08
2026-08-05,UDXCOMBO-3655839569254284382,Other,Combo-3655839569254284382,Finalized,119,119,0.83,0,0.83
2026-08-05,UDXCOMBO-8452763688294088423,Other,Combo-8452763688294088423,Finalized,119,119,0.61,0,0.61
2026-08-05,UDXCOMBO-14914835466712369702,Other,Combo-14914835466712369702,Finalized,0,119,0.69,0,0.69
2026-08-05,UDXCOMBO-18443758432251946778,Other,Combo-18443758432251946778,Finalized,0,119,0.36,0,0.34
2026-08-05,UDXCOMBO-8102107138369322178,Other,Combo-8102107138369322178,Finalized,0,119,0.4,0,0.4
2026-08-05,UDXCOMBO-3216309621570347053,Other,Combo-3216309621570347053,Finalized,118,118,0.2,0,0.2
2026-08-05,UDXCOMBO-15226504879901096907,Other,Combo-15226504879901096907,Finalized,0,118,0.52,0,0.52
2026-08-05,UDXCOMBO-16505495599072610885,Other,Combo-16505495599072610885,Finalized,0,118,0.16,0,0.16
2026-08-05,UDXCOMBO-18408849398543851023,Other,Combo-18408849398543851023,Finalized,0,118,0.14,0,0.14
2026-08-05,UDXCOMBO-6436892463181211340,Other,Combo-6436892463181211340,Finalized,0,118,0.34,0,0.34
2026-08-05,UDXCOMBO-8247202386379405408,Other,Combo-8247202386379405408,Finalized,0,118,0.08,0,0.08
2026-08-05,UDXCOMBO-831584363603605234,Other,Combo-831584363603605234,Finalized,0,118,0.16,0,0.16
2026-08-05,UDXCOMBO-8608771664880663087,Other,Combo-8608771664880663087,Finalized,0,118,0.49,0,0.49
2026-08-05,UDXCOMBO-3328319261252266168,Other,Combo-3328319261252266168,Finalized,117,117,0.2,0,0.2
2026-08-05,UDXCOMBO-4933368292698035066,Other,Combo-4933368292698035066,Finalized,117,117,0.04,0,0.04
2026-08-05,UDXCOMBO-11322914065982290058,Other,Combo-11322914065982290058,Finalized,0,117,0.04,0,0.04
2026-08-05,UDXCOMBO-14802146054728983258,Other,Combo-14802146054728983258,Finalized,0,117,0.28,0,0.28
2026-08-05,UDXCOMBO-17910837368550972067,Other,Combo-17910837368550972067,Finalized,0,117,0.08,0,0.08
2026-08-05,UDXCOMBO-18251501680919908812,Other,Combo-18251501680919908812,Finalized,0,117,0.07,0,0.07
2026-08-05,UDXCOMBO-18405921655626167710,Other,Combo-18405921655626167710,Finalized,0,117,0.08,0,0.08
2026-08-05,UDXCOMBO-7873686119296066792,Other,Combo-7873686119296066792,Finalized,0,117,0.04,0,0.04
2026-08-05,UDXCOMBO-12164195182895967558,Other,Combo-12164195182895967558,Finalized,116,116,0.15,0,0.15
2026-08-05,UDXCOMBO-1501117659594253511,Other,Combo-1501117659594253511,Finalized,116,116,0.12,0,0.12
2026-08-05,UDXCOMBO-13942310051378828372,Other,Combo-13942310051378828372,Finalized,0,116,0.2,0,0.2
2026-08-05,UDXCOMBO-16973353298673716551,Other,Combo-16973353298673716551,Finalized,0,116,0.18,0,0.18
2026-08-05,UDXCOMBO-2205847446673296995,Other,Combo-2205847446673296995,Finalized,0,116,0.01,0,0.01
2026-08-05,UDXCOMBO-3586665690466850961,Other,Combo-3586665690466850961,Finalized,0,116,0.13,0,0.13
2026-08-05,UDXCOMBO-3891647481524802837,Other,Combo-3891647481524802837,Finalized,0,116,0.91,0,0.91
2026-08-05,UDXCOMBO-8436160251965094136,Other,Combo-8436160251965094136,Finalized,0,116,0.45,0,0.45
2026-08-05,UDXCOMBO-11674954851219706629,Other,Combo-11674954851219706629,Finalized,0,115,0.16,0,0.16
2026-08-05,UDXCOMBO-12173015892715214039,Other,Combo-12173015892715214039,Finalized,0,115,0.08,0,0.08
2026-08-05,UDXCOMBO-16780907590999518262,Other,Combo-16780907590999518262,Finalized,0,115,0.16,0,0.16
2026-08-05,UDXCOMBO-18284399477175193233,Other,Combo-18284399477175193233,Finalized,0,115,0.28,0,0.28
2026-08-05,UDXCOMBO-4816447338100886534,Other,Combo-4816447338100886534,Finalized,0,115,0.08,0,0.08
2026-08-05,UDXCOMBO-8757669345731019123,Other,Combo-8757669345731019123,Finalized,0,115,0.15,0,0.15
2026-08-05,UDXCOMBO-9824813405262956558,Other,Combo-9824813405262956558,Finalized,0,115,0.16,0,0.16
2026-08-05,UDXCOMBO-10644143498070658852,Other,Combo-10644143498070658852,Finalized,114,114,0.12,0,0.12
2026-08-05,UDXCOMBO-8404079586303223986,Other,Combo-8404079586303223986,Finalized,114,114,0.46,0,0.46
2026-08-05,UDXCOMBO-9132852105875150490,Other,Combo-9132852105875150490,Finalized,114,114,0.26,0,0.26
2026-08-05,UDXCOMBO-10416872010527863241,Other,Combo-10416872010527863241,Finalized,0,114,0.34,0,0.33
2026-08-05,UDXCOMBO-12880943516356851124,Other,Combo-12880943516356851124,Finalized,0,114,0.15,0,0.15
2026-08-05,UDXCOMBO-15607990744973051682,Other,Combo-15607990744973051682,Finalized,0,114,0.42,0,0.42
2026-08-05,UDXCOMBO-17685716940396632618,Other,Combo-17685716940396632618,Finalized,0,114,0.08,0,0.08
2026-08-05,UDXCOMBO-6508205697426565538,Other,Combo-6508205697426565538,Finalized,0,114,0.04,0,0.04
2026-08-05,UDXCOMBO-6896448494659443438,Other,Combo-6896448494659443438,Finalized,0,114,0.17,0,0.17
2026-08-05,UDXCOMBO-8142137237129490022,Other,Combo-8142137237129490022,Finalized,0,114,0.08,0,0.08
2026-08-05,UDXCOMBO-14008622880761834942,Other,Combo-14008622880761834942,Finalized,113,113,0.17,0,0.17
2026-08-05,UDXCOMBO-1243661033161674557,Other,Combo-1243661033161674557,Finalized,0,113,0.17,0,0.17
2026-08-05,UDXCOMBO-3759236634938914232,Other,Combo-3759236634938914232,Finalized,0,113,0.12,0,0.12
2026-08-05,UDXCOMBO-7686271173665216587,Other,Combo-7686271173665216587,Finalized,0,113,0.21,0,0.21
2026-08-05,UDXCOMBO-17102387505297048483,Other,Combo-17102387505297048483,Finalized,112,112,0.43,0,0.43
2026-08-05,UDXCOMBO-5330356640268990500,Other,Combo-5330356640268990500,Finalized,0,112,0.26,0,0.26
2026-08-05,UDXCOMBO-542908132913491877,Other,Combo-542908132913491877,Finalized,0,112,0.29,0,0.26
2026-08-05,UDXCOMBO-9070840538234189593,Other,Combo-9070840538234189593,Finalized,0,112,0.21,0,0.21
2026-08-05,UDXCOMBO-9263455389813974059,Other,Combo-9263455389813974059,Finalized,0,112,0.22,0,0.22
2026-08-05,UDXCOMBO-16332020031362064613,Other,Combo-16332020031362064613,Finalized,111,111,0.04,0,0.04
2026-08-05,UDXCOMBO-17061110012182679048,Other,Combo-17061110012182679048,Finalized,111,111,0.2,0,0.2
2026-08-05,UDXCOMBO-12583409505882604937,Other,Combo-12583409505882604937,Finalized,0,111,0.04,0,0.04
2026-08-05,UDXCOMBO-13748784239125580808,Other,Combo-13748784239125580808,Finalized,0,111,0.42,0,0.42
2026-08-05,UDXCOMBO-16140955290754755673,Other,Combo-16140955290754755673,Finalized,0,111,0.28,0,0.28
2026-08-05,UDXCOMBO-16833571410429575514,Other,Combo-16833571410429575514,Finalized,0,111,0.21,0,0.21
2026-08-05,UDXCOMBO-17146517681863409172,Other,Combo-17146517681863409172,Finalized,0,110,0.09,0,0.09
2026-08-05,UDXCOMBO-17856647475383227420,Other,Combo-17856647475383227420,Finalized,0,110,0.41,0,0.41
2026-08-05,UDXCOMBO-3799978861300496271,Other,Combo-3799978861300496271,Finalized,0,110,0.44,0,0.44
2026-08-05,UDXCOMBO-5165854877155619372,Other,Combo-5165854877155619372,Finalized,0,110,0.19,0,0.19
2026-08-05,UDXCOMBO-530541600217202891,Other,Combo-530541600217202891,Finalized,0,110,0.19,0,0.19
2026-08-05,UDXCOMBO-6836029954375113131,Other,Combo-6836029954375113131,Finalized,0,110,0.09,0,0.09
2026-08-05,UDXCOMBO-7680526697444004039,Other,Combo-7680526697444004039,Finalized,109,109,0.44,0,0.44
2026-08-05,UDXCOMBO-13970215942381635267,Other,Combo-13970215942381635267,Finalized,0,109,0.5,0,0.5
2026-08-05,UDXCOMBO-17407130659800679493,Other,Combo-17407130659800679493,Finalized,0,109,0.36,0,0.36
2026-08-05,UDXCOMBO-2835884587539545669,Other,Combo-2835884587539545669,Finalized,0,109,0.22,0,0.22
2026-08-05,UDXCOMBO-5054197262181286503,Other,Combo-5054197262181286503,Finalized,0,109,0.35,0,0.35
2026-08-05,UDXCOMBO-5271173045903699959,Other,Combo-5271173045903699959,Finalized,0,109,0.04,0,0.04
2026-08-05,UDXMLBTOTAL_SFTEX26AUG051435_3.5,Baseball,Total,Finalized,0,109,0.91,0,0.91
2026-08-05,UDXCOMBO-3819675526346604748,Other,Combo-3819675526346604748,Finalized,108,108,0.2,0,0.2
2026-08-05,UDXCOMBO-4620488630884751212,Other,Combo-4620488630884751212,Finalized,108,108,0.44,0,0.44
2026-08-05,UDXCOMBO-4876928285403579782,Other,Combo-4876928285403579782,Finalized,108,108,0.18,0,0.18
2026-08-05,UDXCOMBO-11013534151570996819,Other,Combo-11013534151570996819,Finalized,0,108,0.3,0,0.08
2026-08-05,UDXCOMBO-1351230762765180643,Other,Combo-1351230762765180643,Finalized,0,108,0.22,0,0.22
2026-08-05,UDXCOMBO-14998914025511467303,Other,Combo-14998914025511467303,Finalized,0,108,0.22,0,0.22
2026-08-05,UDXCOMBO-17733241225858103263,Other,Combo-17733241225858103263,Finalized,0,108,0.17,0,0.17
2026-08-05,UDXCOMBO-1847679764772676409,Other,Combo-1847679764772676409,Finalized,0,108,0.18,0,0.18
2026-08-05,UDXCOMBO-3041984979748652435,Other,Combo-3041984979748652435,Finalized,0,108,0.44,0,0.44
2026-08-05,UDXCOMBO-4937480900328067766,Other,Combo-4937480900328067766,Finalized,0,108,0.4,0,0.4
2026-08-05,UDXCOMBO-685662376613879769,Other,Combo-685662376613879769,Finalized,0,108,0.34,0,0.34
2026-08-05,UDXCOMBO-7392167237008151972,Other,Combo-7392167237008151972,Finalized,0,108,0.07,0,0.07
2026-08-05,UDXCOMBO-17724003771284227857,Other,Combo-17724003771284227857,Finalized,0,107,0.25,0,0.25
2026-08-05,UDXCOMBO-2147094588297331787,Other,Combo-2147094588297331787,Finalized,0,107,0.13,0,0.13
2026-08-05,UDXCOMBO-7915811513719966824,Other,Combo-7915811513719966824,Finalized,0,107,0.22,0,0.22
2026-08-05,UDXMLBTOTAL_PITMIL26AUG051940_9.5,Baseball,Total,Finalized,0,107,0.27,0,0.13
2026-08-05,UDXCOMBO-17039634025487639424,Other,Combo-17039634025487639424,Finalized,106,106,0.09,0,0.09
2026-08-05,UDXCOMBO-17618897083935957520,Other,Combo-17618897083935957520,Finalized,106,106,0.19,0,0.14
2026-08-05,UDXCOMBO-11683826841164286185,Other,Combo-11683826841164286185,Finalized,0,106,0.22,0,0.22
2026-08-05,UDXCOMBO-13121382793771596629,Other,Combo-13121382793771596629,Finalized,0,106,0.29,0,0.29
2026-08-05,UDXCOMBO-14046307586612700710,Other,Combo-14046307586612700710,Finalized,0,106,0.3,0,0.23
2026-08-05,UDXCOMBO-15182733688105274475,Other,Combo-15182733688105274475,Finalized,0,106,0.04,0,0.04
2026-08-05,UDXCOMBO-1787460328818554203,Other,Combo-1787460328818554203,Finalized,0,106,0.18,0,0.18
2026-08-05,UDXCOMBO-3846965314842200685,Other,Combo-3846965314842200685,Finalized,0,106,0.04,0,0.04
2026-08-05,UDXCOMBO-3951275769750446951,Other,Combo-3951275769750446951,Finalized,0,106,0.18,0,0.18
2026-08-05,UDXCOMBO-9207359068418104898,Other,Combo-9207359068418104898,Finalized,0,106,0.2,0,0.2
2026-08-05,UDXCOMBO-9402328950216126232,Other,Combo-9402328950216126232,Finalized,0,106,0.04,0,0.04
2026-08-05,UDXCOMBO-9858886392632489818,Other,Combo-9858886392632489818,Finalized,0,106,0.09,0,0.09
2026-08-05,UDXCOMBO-1618384106248577099,Other,Combo-1618384106248577099,Finalized,105,105,0.13,0,0.13
2026-08-05,UDXCOMBO-9122716723594705108,Other,Combo-9122716723594705108,Finalized,105,105,0.33,0,0.33
2026-08-05,UDXCOMBO-9582630021697604956,Other,Combo-9582630021697604956,Finalized,105,105,0.05,0,0.05
2026-08-05,UDXCOMBO-12854254418532130330,Other,Combo-12854254418532130330,Finalized,0,105,0.16,0,0.16
2026-08-05,UDXCOMBO-17175429813580038842,Other,Combo-17175429813580038842,Finalized,0,105,0.04,0,0.04
2026-08-05,UDXCOMBO-1995082709372605864,Other,Combo-1995082709372605864,Finalized,0,105,0.23,0,0.23
2026-08-05,UDXCOMBO-4486720883761041537,Other,Combo-4486720883761041537,Finalized,0,105,0.05,0,0.05
2026-08-05,UDXCOMBO-9955709618863595599,Other,Combo-9955709618863595599,Finalized,0,105,0.06,0,0.06
2026-08-05,UDXCOMBO-12689027409771784540,Other,Combo-12689027409771784540,Finalized,104,104,0.36,0,0.36
2026-08-05,UDXCOMBO-7184349212454729836,Other,Combo-7184349212454729836,Finalized,104,104,0.05,0,0.05
2026-08-05,UDXMLBGAMEWIN_WASPHI26AUG061805_PHI,Baseball,Moneyline,Finalized,104,104,0.76,0,0.76
2026-08-05,UDXMLBSPREAD_SDARI26AUG052140_SD3.5,Baseball,Spread,Finalized,104,104,0.24,0,0.24
2026-08-05,UDXCOMBO-10253432186450564400,Other,Combo-10253432186450564400,Finalized,0,104,0.41,0,0.41
2026-08-05,UDXCOMBO-12420082497540027320,Other,Combo-12420082497540027320,Finalized,0,104,0.05,0,0.05
2026-08-05,UDXCOMBO-4889215804679847757,Other,Combo-4889215804679847757,Finalized,0,104,0.18,0,0.18
2026-08-05,UDXCOMBO-912957735431516928,Other,Combo-912957735431516928,Finalized,0,104,0.05,0,0.05
2026-08-05,UDXCOMBO-9686507960129162502,Other,Combo-9686507960129162502,Finalized,0,104,0.09,0,0.09
2026-08-05,UDXCOMBO-9893688590860823564,Other,Combo-9893688590860823564,Finalized,0,104,0.18,0,0.18
2026-08-05,UDXCOMBO-14276344402139426796,Other,Combo-14276344402139426796,Finalized,103,103,0.18,0,0.18
2026-08-05,UDXCOMBO-12334155256191971186,Other,Combo-12334155256191971186,Finalized,0,103,0.67,0,0.43
2026-08-05,UDXCOMBO-12872677609896023271,Other,Combo-12872677609896023271,Finalized,0,103,0.31,0,0.31
2026-08-05,UDXCOMBO-18377213847122320723,Other,Combo-18377213847122320723,Finalized,0,103,0.23,0,0.23
2026-08-05,UDXCOMBO-3468199029814090207,Other,Combo-3468199029814090207,Finalized,0,103,0.15,0,0.15
2026-08-05,UDXCOMBO-7036970312626065999,Other,Combo-7036970312626065999,Finalized,0,103,0.23,0,0.23
2026-08-05,UDXCOMBO-8519259079850493475,Other,Combo-8519259079850493475,Finalized,0,103,0.14,0,0.14
2026-08-05,UDXCOMBO-8772650645199632523,Other,Combo-8772650645199632523,Finalized,0,103,0.37,0,0.37
2026-08-05,UDXCOMBO-9188255380068787245,Other,Combo-9188255380068787245,Finalized,0,103,0.33,0,0.33
2026-08-05,UDXCOMBO-9355865440722754151,Other,Combo-9355865440722754151,Finalized,0,103,0.18,0,0.18
2026-08-05,UDXMLBSPREAD_TORHOU26AUG051410_TOR3.5,Baseball,Spread,Finalized,0,103,0.15,0,0.11
2026-08-05,UDXCOMBO-15367202959176229670,Other,Combo-15367202959176229670,Finalized,0,102.4,0.35,0,0.35
2026-08-05,UDXCOMBO-15288830257773457892,Other,Combo-15288830257773457892,Finalized,102,102,0.21,0,0.21
2026-08-05,UDXCOMBO-4472300858371281731,Other,Combo-4472300858371281731,Finalized,102,102,0.23,0,0.23
2026-08-05,UDXCOMBO-10786345770587019772,Other,Combo-10786345770587019772,Finalized,0,102,0.16,0,0.16
2026-08-05,UDXCOMBO-1702711850450888096,Other,Combo-1702711850450888096,Finalized,0,102,0.09,0,0.09
2026-08-05,UDXCOMBO-2432435438920715931,Other,Combo-2432435438920715931,Finalized,0,102,0.95,0,0.95
2026-08-05,UDXCOMBO-2623745267192036789,Other,Combo-2623745267192036789,Finalized,0,102,0.09,0,0.09
2026-08-05,UDXCOMBO-6291317634509537989,Other,Combo-6291317634509537989,Finalized,0,102,0.47,0,0.47
2026-08-05,UDXCOMBO-7238459730680370388,Other,Combo-7238459730680370388,Finalized,0,102,0.06,0,0.06
2026-08-05,UDXCOMBO-9412061923303210854,Other,Combo-9412061923303210854,Finalized,0,102,0.04,0,0.04
2026-08-05,UDXCOMBO-9763466957567369424,Other,Combo-9763466957567369424,Finalized,0,102,0.18,0,0.09
2026-08-05,UDXWNBASPREAD_TORGSV2026AUG04_GSV6.5,Basketball (pro),Spread,Finalized,0,102,0.9,0,0.9
2026-08-05,UDXCOMBO-10078822947422546332,Other,Combo-10078822947422546332,Finalized,101,101,0.29,0,0.29
2026-08-05,UDXCOMBO-6805483513342546771,Other,Combo-6805483513342546771,Finalized,101,101,0.14,0,0.14
2026-08-05,UDXCOMBO-9657151680277269687,Other,Combo-9657151680277269687,Finalized,101,101,0.19,0,0.19
2026-08-05,UDXCOMBO-15553310796324873003,Other,Combo-15553310796324873003,Finalized,0,101,0.41,0,0.41
2026-08-05,UDXCOMBO-15874807346645402820,Other,Combo-15874807346645402820,Finalized,0,101,0.02,0,0.02
2026-08-05,UDXCOMBO-2195006764336401781,Other,Combo-2195006764336401781,Finalized,0,101,0.09,0,0.09
2026-08-05,UDXCOMBO-2856354014134230265,Other,Combo-2856354014134230265,Finalized,0,101,0.59,0,0.59
2026-08-05,UDXCOMBO-3812405703056682688,Other,Combo-3812405703056682688,Finalized,0,101,0.14,0,0.14
2026-08-05,UDXCOMBO-9109589695179659277,Other,Combo-9109589695179659277,Finalized,0,101,0.09,0,0.09
2026-08-05,UDXCOMBO-11334060219381026819,Other,Combo-11334060219381026819,Finalized,100,100,0.24,0,0.24
2026-08-05,UDXCOMBO-4046047104877413206,Other,Combo-4046047104877413206,Finalized,100,100,0.14,0,0.14
2026-08-05,UDXCOMBO-829860412477052518,Other,Combo-829860412477052518,Finalized,100,100,0.48,0,0.48
2026-08-05,UDXCOMBO-1155356470267996223,Other,Combo-1155356470267996223,Finalized,0,100,0.19,0,0.19
2026-08-05,UDXCOMBO-11862437621909626828,Other,Combo-11862437621909626828,Finalized,0,100,0.03,0,0.03
2026-08-05,UDXCOMBO-12601087037228816140,Other,Combo-12601087037228816140,Finalized,0,100,0.38,0,0.38
2026-08-05,UDXCOMBO-12884377206080368669,Other,Combo-12884377206080368669,Finalized,0,100,0.17,0,0.17
2026-08-05,UDXCOMBO-13021334298436394739,Other,Combo-13021334298436394739,Finalized,0,100,0.08,0,0.08
2026-08-05,UDXCOMBO-13254990265689474048,Other,Combo-13254990265689474048,Finalized,0,100,0.09,0,0.09
2026-08-05,UDXCOMBO-13675491260839439696,Other,Combo-13675491260839439696,Finalized,0,100,0.09,0,0.09
2026-08-05,UDXCOMBO-13882598898600970834,Other,Combo-13882598898600970834,Finalized,0,100,0.15,0,0.15
2026-08-05,UDXCOMBO-14939126314724110844,Other,Combo-14939126314724110844,Finalized,0,100,0.1,0,0.1
2026-08-05,UDXCOMBO-262612732571823701,Other,Combo-262612732571823701,Finalized,0,100,0.15,0,0.15
2026-08-05,UDXCOMBO-3998768980189863455,Other,Combo-3998768980189863455,Finalized,0,100,0.33,0,0.33
2026-08-05,UDXCOMBO-4306150699945007002,Other,Combo-4306150699945007002,Finalized,0,100,0.18,0,0.18
2026-08-05,UDXCOMBO-5663793431901480105,Other,Combo-5663793431901480105,Finalized,0,100,0.14,0,0.14
2026-08-05,UDXCOMBO-11872698042577746896,Other,Combo-11872698042577746896,Finalized,0,99,0.38,0,0.38
2026-08-05,UDXCOMBO-14939235413563142848,Other,Combo-14939235413563142848,Finalized,0,99,0.19,0,0.19
2026-08-05,UDXCOMBO-16811133901651167738,Other,Combo-16811133901651167738,Finalized,0,99,0.07,0,0.07
2026-08-05,UDXCOMBO-4638576659986766950,Other,Combo-4638576659986766950,Finalized,0,99,0.19,0,0.19
2026-08-05,UDXCOMBO-5389040276536574091,Other,Combo-5389040276536574091,Finalized,0,99,0.54,0,0.54
2026-08-05,UDXCOMBO-6982327517760005749,Other,Combo-6982327517760005749,Finalized,0,99,0.09,0,0.09
2026-08-05,UDXCOMBO-10405485532734985480,Other,Combo-10405485532734985480,Finalized,98,98,0.14,0,0.14
2026-08-05,UDXCOMBO-1659787715551985341,Other,Combo-1659787715551985341,Finalized,98,98,0.29,0,0.29
2026-08-05,UDXCOMBO-2111184812988857786,Other,Combo-2111184812988857786,Finalized,98,98,0.39,0,0.39
2026-08-05,UDXCOMBO-8324857595882367088,Other,Combo-8324857595882367088,Finalized,98,98,0.49,0,0.49
2026-08-05,UDXCOMBO-10545078530935701928,Other,Combo-10545078530935701928,Finalized,0,98,0.06,0,0.06
2026-08-05,UDXCOMBO-14250526861129631493,Other,Combo-14250526861129631493,Finalized,0,98,0.19,0,0.19
2026-08-05,UDXCOMBO-4925326322001909166,Other,Combo-4925326322001909166,Finalized,0,98,0.1,0,0.1
2026-08-05,UDXCOMBO-6911985138873951618,Other,Combo-6911985138873951618,Finalized,0,98,0.31,0,0.31
2026-08-05,UDXCOMBO-15389732035840673387,Other,Combo-15389732035840673387,Finalized,97,97,0.46,0,0.46
2026-08-05,UDXCOMBO-15827086593427430234,Other,Combo-15827086593427430234,Finalized,97,97,0.44,0,0.44
2026-08-05,UDXCOMBO-11494359686784304199,Other,Combo-11494359686784304199,Finalized,0,97,0.29,0,0.29
2026-08-05,UDXCOMBO-15420561455625432029,Other,Combo-15420561455625432029,Finalized,0,97,0.2,0,0.2
2026-08-05,UDXCOMBO-17423647586158862025,Other,Combo-17423647586158862025,Finalized,0,97,0.1,0,0.1
2026-08-05,UDXCOMBO-2115351711568492590,Other,Combo-2115351711568492590,Finalized,0,97,0.32,0,0.32
2026-08-05,UDXCOMBO-2797358435590090693,Other,Combo-2797358435590090693,Finalized,0,97,0.23,0,0.23
2026-08-05,UDXCOMBO-444815528181563937,Other,Combo-444815528181563937,Finalized,0,97,0.31,0,0.31
2026-08-05,UDXCOMBO-5396043036186607443,Other,Combo-5396043036186607443,Finalized,0,97,0.44,0,0.44
2026-08-05,UDXCOMBO-8671778814661024927,Other,Combo-8671778814661024927,Finalized,0,97,0.42,0,0.42
2026-08-05,UDXCOMBO-9763935045622800104,Other,Combo-9763935045622800104,Finalized,0,97,0.1,0,0.1
2026-08-05,UDXCOMBO-10689249618378746800,Other,Combo-10689249618378746800,Finalized,96,96,0.19,0,0.19
2026-08-05,UDXCOMBO-13245344755443339799,Other,Combo-13245344755443339799,Finalized,96,96,0.19,0,0.19
2026-08-05,UDXCOMBO-14828140980373059126,Other,Combo-14828140980373059126,Finalized,96,96,0.26,0,0.26
2026-08-05,UDXCOMBO-15123425795954474555,Other,Combo-15123425795954474555,Finalized,96,96,0.39,0,0.39
2026-08-05,UDXCOMBO-17128517486277865955,Other,Combo-17128517486277865955,Finalized,96,96,0.1,0,0.1
2026-08-05,UDXCOMBO-4868766561410593143,Other,Combo-4868766561410593143,Finalized,96,96,0.37,0,0.37
2026-08-05,UDXCOMBO-11015269776131815340,Other,Combo-11015269776131815340,Finalized,0,96,0.77,0,0.77
2026-08-05,UDXCOMBO-12913125900998816690,Other,Combo-12913125900998816690,Finalized,0,96,0.15,0,0.15
2026-08-05,UDXCOMBO-14105550070941771240,Other,Combo-14105550070941771240,Finalized,0,96,0.3,0,0.3
2026-08-05,UDXCOMBO-7694220538107395153,Other,Combo-7694220538107395153,Finalized,0,96,0.3,0,0.3
2026-08-05,UDXCOMBO-13673503703331522142,Other,Combo-13673503703331522142,Finalized,95,95,0.2,0,0.2
2026-08-05,UDXCOMBO-12769273580100999979,Other,Combo-12769273580100999979,Finalized,0,95,0.16,0,0.16
2026-08-05,UDXCOMBO-14652734825019810162,Other,Combo-14652734825019810162,Finalized,0,95,0.06,0,0.06
2026-08-05,UDXCOMBO-15575194940355236756,Other,Combo-15575194940355236756,Finalized,0,95,0.08,0,0.08
2026-08-05,UDXCOMBO-17311666572831868337,Other,Combo-17311666572831868337,Finalized,0,95,0.11,0,0.11
2026-08-05,UDXCOMBO-3980197377166347616,Other,Combo-3980197377166347616,Finalized,0,95,0.2,0,0.2
2026-08-05,UDXCOMBO-8735101419647703487,Other,Combo-8735101419647703487,Finalized,0,95,0.1,0,0.1
2026-08-05,UDXMLBTOTAL_SFTEX26AUG051435_10.5,Baseball,Total,Finalized,0,95,0.3,0,0.3
2026-08-05,UDXCOMBO-12852982561620974548,Other,Combo-12852982561620974548,Finalized,94,94,0.85,0,0.85
2026-08-05,UDXCOMBO-10088845998077258692,Other,Combo-10088845998077258692,Finalized,0,94,0.44,0,0.44
2026-08-05,UDXCOMBO-476188967508186734,Other,Combo-476188967508186734,Finalized,0,94,0.1,0,0.1
2026-08-05,UDXCOMBO-7039304008893951899,Other,Combo-7039304008893951899,Finalized,0,94,0.12,0,0.12
2026-08-05,UDXCOMBO-8624814825299924564,Other,Combo-8624814825299924564,Finalized,0,94,0.13,0,0.13
2026-08-05,UDXCOMBO-8881207251573706963,Other,Combo-8881207251573706963,Finalized,0,93.3,0.2,0,0.2
2026-08-05,UDXCOMBO-4294811727959810161,Other,Combo-4294811727959810161,Finalized,93,93,0.13,0,0.13
2026-08-05,UDXCOMBO-11081788893623674711,Other,Combo-11081788893623674711,Finalized,0,93,0.2,0,0.2
2026-08-05,UDXCOMBO-14102417583083074626,Other,Combo-14102417583083074626,Finalized,0,93,0.01,0,0.01
2026-08-05,UDXCOMBO-225691560516388567,Other,Combo-225691560516388567,Finalized,0,93,0.12,0,0.12
2026-08-05,UDXCOMBO-2700346509471572647,Other,Combo-2700346509471572647,Finalized,0,93,0.03,0,0.03
2026-08-05,UDXCOMBO-3020957457134810800,Other,Combo-3020957457134810800,Finalized,0,93,0.39,0,0.39
2026-08-05,UDXCOMBO-4723588974235455040,Other,Combo-4723588974235455040,Finalized,0,93,0.23,0,0.23
2026-08-05,UDXCOMBO-5546981812721555541,Other,Combo-5546981812721555541,Finalized,0,93,0.02,0,0.02
2026-08-05,UDXCOMBO-5674245008254866991,Other,Combo-5674245008254866991,Finalized,0,93,0.05,0,0.05
2026-08-05,UDXCOMBO-8497330321841612207,Other,Combo-8497330321841612207,Finalized,0,93,0.05,0,0.05
2026-08-05,UDXCOMBO-9824099362226614676,Other,Combo-9824099362226614676,Finalized,0,93,0.52,0,0.52
2026-08-05,UDXCOMBO-12093449691086218570,Other,Combo-12093449691086218570,Finalized,0,92,0.06,0,0.06
2026-08-05,UDXCOMBO-12210036050625298442,Other,Combo-12210036050625298442,Finalized,0,92,0.03,0,0.03
2026-08-05,UDXCOMBO-1391023236838359000,Other,Combo-1391023236838359000,Finalized,0,92,0.22,0,0.22
2026-08-05,UDXCOMBO-13957682021704058874,Other,Combo-13957682021704058874,Finalized,0,92,0.1,0,0.1
2026-08-05,UDXCOMBO-2135513710472361983,Other,Combo-2135513710472361983,Finalized,0,92,0.1,0,0.1
2026-08-05,UDXCOMBO-2226158718319759073,Other,Combo-2226158718319759073,Finalized,0,92,0.47,0,0.47
2026-08-05,UDXCOMBO-15302444025489979713,Other,Combo-15302444025489979713,Finalized,91,91,0.48,0,0.48
2026-08-05,UDXCOMBO-14265062907167373443,Other,Combo-14265062907167373443,Finalized,0,91,0.08,0,0.08
2026-08-05,UDXCOMBO-15082830696480974950,Other,Combo-15082830696480974950,Finalized,0,91,0.05,0,0.05
2026-08-05,UDXCOMBO-18249924083713547297,Other,Combo-18249924083713547297,Finalized,0,91,0.56,0,0.56
2026-08-05,UDXCOMBO-1996677934992995746,Other,Combo-1996677934992995746,Finalized,0,91,0.07,0,0.07
2026-08-05,UDXCOMBO-2954350739407110070,Other,Combo-2954350739407110070,Finalized,0,91,0.53,0,0.53
2026-08-05,UDXCOMBO-6596311095310680839,Other,Combo-6596311095310680839,Finalized,0,91,0.05,0,0.05
2026-08-05,UDXCOMBO-7825380289803834844,Other,Combo-7825380289803834844,Finalized,0,91,0.08,0,0.08
2026-08-05,UDXCOMBO-8981656265479418836,Other,Combo-8981656265479418836,Finalized,0,91,0.05,0,0.05
2026-08-05,UDXCOMBO-9617529708830699620,Other,Combo-9617529708830699620,Finalized,0,91,0.49,0,0.49
2026-08-05,UDXCOMBO-8544998530990318028,Other,Combo-8544998530990318028,Finalized,90,90,0.53,0,0.53
2026-08-05,UDXMLBTOTAL_NYMCLE26AUG061310_8.5,Baseball,Total,Finalized,90,90,0.43,0,0.43
2026-08-05,UDXCOMBO-13092309486223845976,Other,Combo-13092309486223845976,Finalized,0,90,0.09,0,0.09
2026-08-05,UDXCOMBO-14904768865053976903,Other,Combo-14904768865053976903,Finalized,0,90,0.16,0,0.16
2026-08-05,UDXCOMBO-4198127948050230040,Other,Combo-4198127948050230040,Finalized,0,90,0.11,0,0.11
2026-08-05,UDXCOMBO-6750055726776521641,Other,Combo-6750055726776521641,Finalized,0,90,0.11,0,0.11
2026-08-05,UDXCOMBO-8984872252078987425,Other,Combo-8984872252078987425,Finalized,0,90,0.24,0,0.24
2026-08-05,UDXCOMBO-16682008205830345100,Other,Combo-16682008205830345100,Finalized,89,89,0.55,0,0.55
2026-08-05,UDXCOMBO-8224910899015009107,Other,Combo-8224910899015009107,Finalized,89,89,0.29,0,0.29
2026-08-05,UDXCOMBO-1215115238198352854,Other,Combo-1215115238198352854,Finalized,0,89,0.03,0,0.03
2026-08-05,UDXCOMBO-15444019464977828015,Other,Combo-15444019464977828015,Finalized,0,89,0.11,0,0.11
2026-08-05,UDXCOMBO-15869977761156121208,Other,Combo-15869977761156121208,Finalized,0,89,0.28,0,0.28
2026-08-05,UDXCOMBO-1888110956702421809,Other,Combo-1888110956702421809,Finalized,0,89,0.09,0,0.09
2026-08-05,UDXCOMBO-4344588482252662712,Other,Combo-4344588482252662712,Finalized,0,89,0.08,0,0.08
2026-08-05,UDXCOMBO-7686192654700845810,Other,Combo-7686192654700845810,Finalized,0,89,0.47,0,0.47
2026-08-05,UDXCOMBO-9426077226728967423,Other,Combo-9426077226728967423,Finalized,0,89,0.18,0,0.18
2026-08-05,UDXCOMBO-3743771137515745203,Other,Combo-3743771137515745203,Finalized,88,88,0.33,0,0.33
2026-08-05,UDXCOMBO-10814273598719114342,Other,Combo-10814273598719114342,Finalized,0,88,0.05,0,0.05
2026-08-05,UDXCOMBO-10896816614492205883,Other,Combo-10896816614492205883,Finalized,0,88,0.13,0,0.13
2026-08-05,UDXCOMBO-11700220255402498855,Other,Combo-11700220255402498855,Finalized,0,88,0.16,0,0.16
2026-08-05,UDXCOMBO-12278724499985677665,Other,Combo-12278724499985677665,Finalized,0,88,0.55,0,0.55
2026-08-05,UDXCOMBO-12301739576816871603,Other,Combo-12301739576816871603,Finalized,0,88,0.21,0,0.21
2026-08-05,UDXCOMBO-13098280099194903996,Other,Combo-13098280099194903996,Finalized,0,88,0.05,0,0.05
2026-08-05,UDXCOMBO-17261777106355647902,Other,Combo-17261777106355647902,Finalized,0,88,0.25,0,0.24
2026-08-05,UDXCOMBO-18080230907291878180,Other,Combo-18080230907291878180,Finalized,0,88,0.27,0,0.27
2026-08-05,UDXCOMBO-4474285504613610259,Other,Combo-4474285504613610259,Finalized,0,88,0.11,0,0.11
2026-08-05,UDXCOMBO-5093395199248119539,Other,Combo-5093395199248119539,Finalized,0,88,0.27,0,0.27
2026-08-05,UDXCOMBO-5761055115327242703,Other,Combo-5761055115327242703,Finalized,0,88,0.19,0,0.19
2026-08-05,UDXCOMBO-8115255674247817071,Other,Combo-8115255674247817071,Finalized,0,88,0.19,0,0.19
2026-08-05,UDXCOMBO-8309017545282565854,Other,Combo-8309017545282565854,Finalized,0,88,0.05,0,0.05
2026-08-05,UDXCOMBO-9747908614915028684,Other,Combo-9747908614915028684,Finalized,0,88,0.27,0,0.27
2026-08-05,UDXCOMBO-742277090918397127,Other,Combo-742277090918397127,Finalized,87,87,0.2,0,0.2
2026-08-05,UDXCOMBO-10428775298015645132,Other,Combo-10428775298015645132,Finalized,0,87,0.05,0,0.05
2026-08-05,UDXCOMBO-14003739502184192133,Other,Combo-14003739502184192133,Finalized,0,87,0.1,0,0.1
2026-08-05,UDXCOMBO-16677027969877087893,Other,Combo-16677027969877087893,Finalized,0,87,0.15,0,0.15
2026-08-05,UDXCOMBO-2300763627346637067,Other,Combo-2300763627346637067,Finalized,0,87,0.06,0,0.06
2026-08-05,UDXMLBTOTAL_LAABAL26AUG051835_11.5,Baseball,Total,Finalized,0,87,0.23,0,0.06
2026-08-05,UDXCOMBO-10003457084854304001,Other,Combo-10003457084854304001,Finalized,86,86,0.22,0,0.22
2026-08-05,UDXCOMBO-7379064593184056262,Other,Combo-7379064593184056262,Finalized,86,86,0.58,0,0.58
2026-08-05,UDXCOMBO-17148913490104762863,Other,Combo-17148913490104762863,Finalized,0,86,0.26,0,0.25
2026-08-05,UDXCOMBO-2398825298072249466,Other,Combo-2398825298072249466,Finalized,0,86,0.26,0,0.16
2026-08-05,UDXCOMBO-4336614799636790430,Other,Combo-4336614799636790430,Finalized,0,86,0.05,0,0.05
2026-08-05,UDXCOMBO-4367675831423027975,Other,Combo-4367675831423027975,Finalized,0,86,0.17,0,0.17
2026-08-05,UDXCOMBO-5331574601625285254,Other,Combo-5331574601625285254,Finalized,0,86,0.02,0,0.02
2026-08-05,UDXCOMBO-7464750032857685858,Other,Combo-7464750032857685858,Finalized,0,86,0.22,0,0.22
2026-08-05,UDXCOMBO-8668482485317771315,Other,Combo-8668482485317771315,Finalized,0,86,0.34,0,0.34
2026-08-05,UDXCOMBO-9908957106554407506,Other,Combo-9908957106554407506,Finalized,0,86,0.11,0,0.11
2026-08-05,UDXCOMBO-2049487169851011737,Other,Combo-2049487169851011737,Finalized,85,85,0.22,0,0.22
2026-08-05,UDXCOMBO-5791641782013662884,Other,Combo-5791641782013662884,Finalized,85,85,0.39,0,0.39
2026-08-05,UDXCOMBO-11192779549886275539,Other,Combo-11192779549886275539,Finalized,0,85,0.28,0,0.28
2026-08-05,UDXCOMBO-11700554057209098611,Other,Combo-11700554057209098611,Finalized,0,85,0.57,0,0.57
2026-08-05,UDXCOMBO-12092280451329539028,Other,Combo-12092280451329539028,Finalized,0,85,0.02,0,0.02
2026-08-05,UDXCOMBO-13263054892403869551,Other,Combo-13263054892403869551,Finalized,0,85,0.13,0,0.13
2026-08-05,UDXCOMBO-14275839343885327900,Other,Combo-14275839343885327900,Finalized,0,85,0.22,0,0.22
2026-08-05,UDXMLBSPREAD_PITMIL26AUG051940_PIT1.5,Baseball,Spread,Finalized,0,85,0.33,0,0.04
2026-08-05,UDXCOMBO-8388021024834686098,Other,Combo-8388021024834686098,Finalized,84,84,0.11,0,0.11
2026-08-05,UDXMLBGAMEWIN_OAKCIN26AUG061240_CIN,Baseball,Moneyline,Finalized,84,84,0.61,0,0.61
2026-08-05,UDXCOMBO-11615038578702858002,Other,Combo-11615038578702858002,Finalized,0,84,0.11,0,0.11
2026-08-05,UDXCOMBO-11898314571452863401,Other,Combo-11898314571452863401,Finalized,0,84,0.01,0,0.01
2026-08-05,UDXCOMBO-13816554680154110117,Other,Combo-13816554680154110117,Finalized,0,84,0.27,0,0.27
2026-08-05,UDXCOMBO-16166112330202951974,Other,Combo-16166112330202951974,Finalized,0,84,0.58,0,0.58
2026-08-05,UDXCOMBO-3374826032909329787,Other,Combo-3374826032909329787,Finalized,0,84,0.7,0,0.7
2026-08-05,UDXCOMBO-5792158662230491305,Other,Combo-5792158662230491305,Finalized,0,84,0.23,0,0.23
2026-08-05,UDXCOMBO-7199300780316807014,Other,Combo-7199300780316807014,Finalized,0,84,0.11,0,0.11
2026-08-05,UDXCOMBO-7616395334373593681,Other,Combo-7616395334373593681,Finalized,0,84,0.24,0,0.24
2026-08-05,UDXCOMBO-9187781053857418353,Other,Combo-9187781053857418353,Finalized,0,84,0.11,0,0.11
2026-08-05,UDXCOMBO-3906507378430513269,Other,Combo-3906507378430513269,Finalized,83,83,0.35,0,0.35
2026-08-05,UDXCOMBO-10936133307678974259,Other,Combo-10936133307678974259,Finalized,0,83,0.23,0,0.23
2026-08-05,UDXCOMBO-12712916262953505511,Other,Combo-12712916262953505511,Finalized,0,83,0.57,0,0.57
2026-08-05,UDXCOMBO-15732485676655628418,Other,Combo-15732485676655628418,Finalized,0,83,0.28,0,0.28
2026-08-05,UDXCOMBO-4060351148849518321,Other,Combo-4060351148849518321,Finalized,0,83,0.06,0,0.06
2026-08-05,UDXCOMBO-4880029231192805696,Other,Combo-4880029231192805696,Finalized,0,83,0.06,0,0.06
2026-08-05,UDXWNBASPREAD_DALWSH2026AUG05_WSH1.5,Basketball (pro),Spread,Finalized,0,83,0.88,0,0.88
2026-08-05,UDXCOMBO-617947158308077475,Other,Combo-617947158308077475,Finalized,0,82.38,0.36,0,0.36
2026-08-05,UDXCOMBO-493591642520427312,Other,Combo-493591642520427312,Finalized,82,82,0.23,0,0.23
2026-08-05,UDXCOMBO-10524720340683149052,Other,Combo-10524720340683149052,Finalized,0,82,0.29,0,0.29
2026-08-05,UDXCOMBO-11628823696386440330,Other,Combo-11628823696386440330,Finalized,0,82,0.23,0,0.23
2026-08-05,UDXCOMBO-16574399607741750844,Other,Combo-16574399607741750844,Finalized,0,82,0.16,0,0.16
2026-08-05,UDXCOMBO-5134741882908671570,Other,Combo-5134741882908671570,Finalized,0,82,0.3,0,0.3
2026-08-05,UDXCOMBO-6831599100687528428,Other,Combo-6831599100687528428,Finalized,0,82,0.23,0,0.23
2026-08-05,UDXCOMBO-7030385336003815201,Other,Combo-7030385336003815201,Finalized,0,82,0.53,0,0.53
2026-08-05,UDXCOMBO-14140326715910613220,Other,Combo-14140326715910613220,Finalized,81,81,0.12,0,0.12
2026-08-05,UDXCOMBO-17641929411718028056,Other,Combo-17641929411718028056,Finalized,81,81,0.25,0,0.25
2026-08-05,UDXCOMBO-10185996092207866667,Other,Combo-10185996092207866667,Finalized,0,81,0.15,0,0.15
2026-08-05,UDXCOMBO-14977673453957632540,Other,Combo-14977673453957632540,Finalized,0,81,0.1,0,0.1
2026-08-05,UDXCOMBO-6382617501742027056,Other,Combo-6382617501742027056,Finalized,0,81,0.47,0,0.47
2026-08-05,UDXWNBATOTAL_DALWSH2026AUG05_164.5,Basketball (pro),Total,Finalized,0,81,0.6,0,0.6
2026-08-05,UDXCOMBO-2628144922627259243,Other,Combo-2628144922627259243,Finalized,80,80,0.06,0,0.06
2026-08-05,UDXCOMBO-12548252774744075416,Other,Combo-12548252774744075416,Finalized,0,80,0.32,0,0.32
2026-08-05,UDXCOMBO-8582792283637207939,Other,Combo-8582792283637207939,Finalized,0,80,0.42,0,0.42
2026-08-05,UDXCOMBO-2814156723236364456,Other,Combo-2814156723236364456,Finalized,79,79,0.11,0,0.11
2026-08-05,UDXCOMBO-8410168888536813257,Other,Combo-8410168888536813257,Finalized,79,79,0.17,0,0.17
2026-08-05,UDXCOMBO-10373387171188847266,Other,Combo-10373387171188847266,Finalized,0,79,0.12,0,0.12
2026-08-05,UDXCOMBO-12205045699049611930,Other,Combo-12205045699049611930,Finalized,0,79,0.11,0,0.11
2026-08-05,UDXCOMBO-13010576371491818732,Other,Combo-13010576371491818732,Finalized,0,79,0.11,0,0.11
2026-08-05,UDXCOMBO-14304127954468692686,Other,Combo-14304127954468692686,Finalized,0,79,0.55,0,0.55
2026-08-05,UDXCOMBO-15727098283466352551,Other,Combo-15727098283466352551,Finalized,0,79,0.06,0,0.06
2026-08-05,UDXCOMBO-18223676563690069469,Other,Combo-18223676563690069469,Finalized,0,79,0.61,0,0.61
2026-08-05,UDXCOMBO-2442410239972089203,Other,Combo-2442410239972089203,Finalized,0,79,0.62,0,0.62
2026-08-05,UDXCOMBO-5527307765562853059,Other,Combo-5527307765562853059,Finalized,0,79,0.06,0,0.06
2026-08-05,UDXMLBSPREAD_SFTEX26AUG051435_SF1.5,Baseball,Spread,Finalized,0,79,0.29,0,0.29
2026-08-05,UDXCOMBO-15896519296034350383,Other,Combo-15896519296034350383,Finalized,78,78,0.06,0,0.06
2026-08-05,UDXCOMBO-12211912158200600101,Other,Combo-12211912158200600101,Finalized,0,78,0.08,0,0.04
2026-08-05,UDXCOMBO-3860330309656296779,Other,Combo-3860330309656296779,Finalized,0,78,0.12,0,0.12
2026-08-05,UDXCOMBO-4771514375547848129,Other,Combo-4771514375547848129,Finalized,0,78,0.52,0,0.52
2026-08-05,UDXCOMBO-6077470076135904599,Other,Combo-6077470076135904599,Finalized,0,78,0.15,0,0.15
2026-08-05,UDXCOMBO-7178807306970668015,Other,Combo-7178807306970668015,Finalized,0,78,0.31,0,0.31
2026-08-05,UDXCOMBO-8022374976884633125,Other,Combo-8022374976884633125,Finalized,0,78,0.06,0,0.06
2026-08-05,UDXCOMBO-3689149356272295560,Other,Combo-3689149356272295560,Finalized,77,77,0.32,0,0.27
2026-08-05,UDXCOMBO-10947105040404404574,Other,Combo-10947105040404404574,Finalized,0,77,0.02,0,0.02
2026-08-05,UDXCOMBO-11391696351451789598,Other,Combo-11391696351451789598,Finalized,0,77,0.12,0,0.12
2026-08-05,UDXCOMBO-14276775540066635570,Other,Combo-14276775540066635570,Finalized,0,77,0.12,0,0.12
2026-08-05,UDXCOMBO-14949556251399752490,Other,Combo-14949556251399752490,Finalized,0,77,0.3,0,0.3
2026-08-05,UDXCOMBO-15303413705560425040,Other,Combo-15303413705560425040,Finalized,0,77,0.02,0,0.02
2026-08-05,UDXCOMBO-16804270990450077604,Other,Combo-16804270990450077604,Finalized,0,77,0.34,0,0.34
2026-08-05,UDXCOMBO-2886518208996761386,Other,Combo-2886518208996761386,Finalized,0,77,0.01,0,0.01
2026-08-05,UDXCOMBO-3603344811925569421,Other,Combo-3603344811925569421,Finalized,0,77,0.12,0,0.12
2026-08-05,UDXCOMBO-5369170868734619974,Other,Combo-5369170868734619974,Finalized,0,77,0.12,0,0.12
2026-08-05,UDXCOMBO-9093776437472288814,Other,Combo-9093776437472288814,Finalized,0,77,0.11,0,0.11
2026-08-05,UDXCOMBO-9478554940380696943,Other,Combo-9478554940380696943,Finalized,0,77,0.12,0,0.12
2026-08-05,UDXCOMBO-10247336478846102941,Other,Combo-10247336478846102941,Finalized,0,76,0.12,0,0.12
2026-08-05,UDXCOMBO-11008828952711629413,Other,Combo-11008828952711629413,Finalized,0,76,0.01,0,0.01
2026-08-05,UDXCOMBO-12706804873119573094,Other,Combo-12706804873119573094,Finalized,0,76,0.06,0,0.06
2026-08-05,UDXCOMBO-14311524085605695782,Other,Combo-14311524085605695782,Finalized,0,76,0.46,0,0.46
2026-08-05,UDXCOMBO-16790626675356497601,Other,Combo-16790626675356497601,Finalized,0,76,0.06,0,0.06
2026-08-05,UDXCOMBO-7025939616821471893,Other,Combo-7025939616821471893,Finalized,0,76,0.45,0,0.45
2026-08-05,UDXCOMBO-9799024421930526302,Other,Combo-9799024421930526302,Finalized,75,75,0.28,0,0.28
2026-08-05,UDXCOMBO-10735239001353403626,Other,Combo-10735239001353403626,Finalized,0,75,0.06,0,0.06
2026-08-05,UDXCOMBO-11316937557010169633,Other,Combo-11316937557010169633,Finalized,0,75,0.33,0,0.33
2026-08-05,UDXCOMBO-11433778522263623348,Other,Combo-11433778522263623348,Finalized,0,75,0.25,0,0.25
2026-08-05,UDXCOMBO-12541828367453951474,Other,Combo-12541828367453951474,Finalized,0,75,0.06,0,0.06
2026-08-05,UDXCOMBO-13277042245790339217,Other,Combo-13277042245790339217,Finalized,0,75,0.32,0,0.32
2026-08-05,UDXCOMBO-13412237519082866876,Other,Combo-13412237519082866876,Finalized,0,75,0.06,0,0.06
2026-08-05,UDXCOMBO-15790766985962451840,Other,Combo-15790766985962451840,Finalized,0,75,0.32,0,0.32
2026-08-05,UDXCOMBO-15959962506403455906,Other,Combo-15959962506403455906,Finalized,0,75,0.38,0,0.38
2026-08-05,UDXCOMBO-1975234421514488331,Other,Combo-1975234421514488331,Finalized,0,75,0.19,0,0.19
2026-08-05,UDXCOMBO-2266298197680056663,Other,Combo-2266298197680056663,Finalized,0,75,0.16,0,0.16
2026-08-05,UDXCOMBO-3075541043595645060,Other,Combo-3075541043595645060,Finalized,0,75,0.03,0,0.03
2026-08-05,UDXCOMBO-4596603586541526104,Other,Combo-4596603586541526104,Finalized,0,75,0.26,0,0.26
2026-08-05,UDXCOMBO-6777524468408020817,Other,Combo-6777524468408020817,Finalized,0,75,0.06,0,0.06
2026-08-05,UDXCOMBO-8175335224784541073,Other,Combo-8175335224784541073,Finalized,0,75,0.25,0,0.25
2026-08-05,UDXCOMBO-14365677796638442738,Other,Combo-14365677796638442738,Finalized,74,74,0.13,0,0.13
2026-08-05,UDXCOMBO-17373723066718651135,Other,Combo-17373723066718651135,Finalized,74,74,0.15,0,0.15
2026-08-05,UDXCOMBO-8505201209442049446,Other,Combo-8505201209442049446,Finalized,74,74,0.11,0,0.11
2026-08-05,UDXCOMBO-12423353485221735911,Other,Combo-12423353485221735911,Finalized,0,74,0.24,0,0.24
2026-08-05,UDXCOMBO-12615598964783050362,Other,Combo-12615598964783050362,Finalized,0,74,0.03,0,0.03
2026-08-05,UDXCOMBO-13236713891044927528,Other,Combo-13236713891044927528,Finalized,0,74,0.06,0,0.06
2026-08-05,UDXCOMBO-14070142033507048526,Other,Combo-14070142033507048526,Finalized,0,74,0.26,0,0.26
2026-08-05,UDXCOMBO-3007647906146820511,Other,Combo-3007647906146820511,Finalized,0,74,0.33,0,0.33
2026-08-05,UDXCOMBO-3430336510689085440,Other,Combo-3430336510689085440,Finalized,0,74,0.11,0,0.11
2026-08-05,UDXCOMBO-4521866152255620677,Other,Combo-4521866152255620677,Finalized,0,74,0.53,0,0.53
2026-08-05,UDXCOMBO-4709154243466209183,Other,Combo-4709154243466209183,Finalized,0,74,0.39,0,0.14
2026-08-05,UDXCOMBO-10868528126669206149,Other,Combo-10868528126669206149,Finalized,0,73,0.13,0,0.13
2026-08-05,UDXCOMBO-17319136707606916621,Other,Combo-17319136707606916621,Finalized,0,73,0.26,0,0.26
2026-08-05,UDXCOMBO-2258947539769651383,Other,Combo-2258947539769651383,Finalized,0,73,0.06,0,0.06
2026-08-05,UDXCOMBO-2971080940442308201,Other,Combo-2971080940442308201,Finalized,0,73,0.14,0,0.14
2026-08-05,UDXCOMBO-3174890664144523610,Other,Combo-3174890664144523610,Finalized,0,73,0.26,0,0.26
2026-08-05,UDXCOMBO-5086024825220701523,Other,Combo-5086024825220701523,Finalized,0,73,0.13,0,0.13
2026-08-05,UDXCOMBO-7068854266751608795,Other,Combo-7068854266751608795,Finalized,0,73,0.26,0,0.26
2026-08-05,UDXCOMBO-8597360286107529489,Other,Combo-8597360286107529489,Finalized,0,73,0.29,0,0.29
2026-08-05,UDXCOMBO-12811891494933174726,Other,Combo-12811891494933174726,Finalized,72,72,0.07,0,0.07
2026-08-05,UDXCOMBO-15805557606407659131,Other,Combo-15805557606407659131,Finalized,72,72,0.07,0,0.07
2026-08-05,UDXCOMBO-12298068711180109453,Other,Combo-12298068711180109453,Finalized,0,72,0.2,0,0.2
2026-08-05,UDXCOMBO-14054428478835878370,Other,Combo-14054428478835878370,Finalized,0,72,0.26,0,0.26
2026-08-05,UDXCOMBO-15888137603385930747,Other,Combo-15888137603385930747,Finalized,0,72,0.05,0,0.05
2026-08-05,UDXCOMBO-16650670715631763247,Other,Combo-16650670715631763247,Finalized,0,72,0.33,0,0.33
2026-08-05,UDXCOMBO-2658017661610658775,Other,Combo-2658017661610658775,Finalized,0,72,0.03,0,0.03
2026-08-05,UDXCOMBO-2993672103928472950,Other,Combo-2993672103928472950,Finalized,0,72,0.26,0,0.26
2026-08-05,UDXCOMBO-6425335878533007455,Other,Combo-6425335878533007455,Finalized,0,72,0.07,0,0.07
2026-08-05,UDXCOMBO-6727463838693914129,Other,Combo-6727463838693914129,Finalized,0,72,0.26,0,0.26
2026-08-05,UDXCOMBO-7044586853991679031,Other,Combo-7044586853991679031,Finalized,0,72,0.13,0,0.13
2026-08-05,UDXCOMBO-8952574032510646432,Other,Combo-8952574032510646432,Finalized,0,72,0.02,0,0.02
2026-08-05,UDXWNBATOTAL_PHXATL2026AUG05_172.5,Basketball (pro),Total,Finalized,0,72,0.81,0,0.81
2026-08-05,UDXCOMBO-2673998154594945034,Other,Combo-2673998154594945034,Finalized,71,71,0.2,0,0.2
2026-08-05,UDXCOMBO-10136444752971413502,Other,Combo-10136444752971413502,Finalized,0,71,0.3,0,0.3
2026-08-05,UDXCOMBO-10947317285925701297,Other,Combo-10947317285925701297,Finalized,0,71,0.01,0,0.01
2026-08-05,UDXCOMBO-12433625319754872379,Other,Combo-12433625319754872379,Finalized,0,71,0.3,0,0.3
2026-08-05,UDXCOMBO-12903406218837901697,Other,Combo-12903406218837901697,Finalized,0,71,0.13,0,0.13
2026-08-05,UDXCOMBO-1464637517487431212,Other,Combo-1464637517487431212,Finalized,0,71,0.13,0,0.13
2026-08-05,UDXCOMBO-6432305932744491527,Other,Combo-6432305932744491527,Finalized,0,71,0.07,0,0.07
2026-08-05,UDXCOMBO-6486565646431603965,Other,Combo-6486565646431603965,Finalized,0,71,0.01,0,0.01
2026-08-05,UDXCOMBO-823206706402358112,Other,Combo-823206706402358112,Finalized,0,71,0.27,0,0.27
2026-08-05,UDXCOMBO-9913076769163647586,Other,Combo-9913076769163647586,Finalized,0,71,0.33,0,0.33
2026-08-05,UDXMLBSPREAD_SDARI26AUG042140_SD1.5,Baseball,Spread,Finalized,0,71,0.92,0,0.92
2026-08-05,UDXCOMBO-11823940649675479390,Other,Combo-11823940649675479390,Finalized,70,70,0.13,0,0.13
2026-08-05,UDXCOMBO-14067678830763405980,Other,Combo-14067678830763405980,Finalized,70,70,0.74,0,0.74
2026-08-05,UDXCOMBO-5095060180352924542,Other,Combo-5095060180352924542,Finalized,70,70,0.19,0,0.19
2026-08-05,UDXCOMBO-11824177190689068418,Other,Combo-11824177190689068418,Finalized,0,70,0.27,0,0.08
2026-08-05,UDXCOMBO-16256216862638669849,Other,Combo-16256216862638669849,Finalized,0,70,0.12,0,0.12
2026-08-05,UDXCOMBO-17143497361290719618,Other,Combo-17143497361290719618,Finalized,0,70,0.2,0,0.2
2026-08-05,UDXCOMBO-2943881025615578310,Other,Combo-2943881025615578310,Finalized,0,70,0.41,0,0.41
2026-08-05,UDXCOMBO-3508600665411053199,Other,Combo-3508600665411053199,Finalized,0,70,0.12,0,0.12
2026-08-05,UDXCOMBO-4813629085873124742,Other,Combo-4813629085873124742,Finalized,0,70,0.13,0,0.13
2026-08-05,UDXCOMBO-5315710834456962815,Other,Combo-5315710834456962815,Finalized,0,70,0.27,0,0.15
2026-08-05,UDXCOMBO-10692645696544603470,Other,Combo-10692645696544603470,Finalized,0,69,0.03,0,0.03
2026-08-05,UDXCOMBO-11596925378331193375,Other,Combo-11596925378331193375,Finalized,0,69,0.1,0,0.1
2026-08-05,UDXCOMBO-12266252674591964049,Other,Combo-12266252674591964049,Finalized,0,69,0.07,0,0.07
2026-08-05,UDXCOMBO-12370915655029010664,Other,Combo-12370915655029010664,Finalized,0,69,0.25,0,0.25
2026-08-05,UDXCOMBO-6412970581833388686,Other,Combo-6412970581833388686,Finalized,0,69,0.25,0,0.25
2026-08-05,UDXCOMBO-6950809629197883527,Other,Combo-6950809629197883527,Finalized,0,69,0.14,0,0.14
2026-08-05,UDXCOMBO-12395497915495506323,Other,Combo-12395497915495506323,Finalized,68,68,0.26,0,0.26
2026-08-05,UDXCOMBO-3955735461260766946,Other,Combo-3955735461260766946,Finalized,68,68,0.25,0,0.25
2026-08-05,UDXCOMBO-10314881948630145744,Other,Combo-10314881948630145744,Finalized,0,68,0.09,0,0.09
2026-08-05,UDXCOMBO-12246434701091343194,Other,Combo-12246434701091343194,Finalized,0,68,0.28,0,0.28
2026-08-05,UDXCOMBO-12520385216954376591,Other,Combo-12520385216954376591,Finalized,0,68,0.28,0,0.28
2026-08-05,UDXCOMBO-15685010282331072907,Other,Combo-15685010282331072907,Finalized,0,68,0.07,0,0.07
2026-08-05,UDXCOMBO-16561601271086035236,Other,Combo-16561601271086035236,Finalized,0,68,0.28,0,0.28
2026-08-05,UDXCOMBO-16890990721601474715,Other,Combo-16890990721601474715,Finalized,0,68,0.25,0,0.25
2026-08-05,UDXMLBTOTAL_STLNYY26AUG051905_3.5,Baseball,Total,Finalized,0,68,0.72,0,0.72
2026-08-05,UDXCOMBO-10646647983914932878,Other,Combo-10646647983914932878,Finalized,0,67,0.14,0,0.14
2026-08-05,UDXCOMBO-11030916732988569091,Other,Combo-11030916732988569091,Finalized,0,67,0.07,0,0.07
2026-08-05,UDXCOMBO-11652175088129701917,Other,Combo-11652175088129701917,Finalized,0,67,0.13,0,0.13
2026-08-05,UDXCOMBO-12949687714595315147,Other,Combo-12949687714595315147,Finalized,0,67,0.08,0,0.08
2026-08-05,UDXCOMBO-15732452341627201268,Other,Combo-15732452341627201268,Finalized,0,67,0.28,0,0.28
2026-08-05,UDXCOMBO-16148396902577634466,Other,Combo-16148396902577634466,Finalized,0,67,0.07,0,0.07
2026-08-05,UDXCOMBO-16572112435936088347,Other,Combo-16572112435936088347,Finalized,0,67,0.07,0,0.07
2026-08-05,UDXCOMBO-17172933576100531162,Other,Combo-17172933576100531162,Finalized,0,67,0.07,0,0.07
2026-08-05,UDXCOMBO-3571799298018533792,Other,Combo-3571799298018533792,Finalized,0,67,0.14,0,0.14
2026-08-05,UDXCOMBO-4726518292522849779,Other,Combo-4726518292522849779,Finalized,0,67,0.07,0,0.07
2026-08-05,UDXMLBTOTAL_LAABAL26AUG051835_10.5,Baseball,Total,Finalized,0,67,0.28,0,0.11
2026-08-05,UDXWNBASPREAD_LACHI2026AUG05_LA6.5,Basketball (pro),Spread,Finalized,0,67,0.21,0,0.11
2026-08-05,UDXCOMBO-11174729787559326623,Other,Combo-11174729787559326623,Finalized,66,66,0.13,0,0.13
2026-08-05,UDXCOMBO-15197894827916151390,Other,Combo-15197894827916151390,Finalized,66,66,0.36,0,0.36
2026-08-05,UDXCOMBO-8874547464418265956,Other,Combo-8874547464418265956,Finalized,66,66,0.36,0,0.36
2026-08-05,UDXWNBATOTAL_LVIND2026AUG06_192.5,Basketball (pro),Total,Finalized,66,66,0.56,0,0.52
2026-08-05,UDXCOMBO-1124040173031736682,Other,Combo-1124040173031736682,Finalized,0,66,0.14,0,0.14
2026-08-05,UDXCOMBO-11505980473118955958,Other,Combo-11505980473118955958,Finalized,0,66,0.13,0,0.13
2026-08-05,UDXCOMBO-13456126580252950614,Other,Combo-13456126580252950614,Finalized,0,66,0.01,0,0.01
2026-08-05,UDXCOMBO-4112799787228962757,Other,Combo-4112799787228962757,Finalized,0,66,0.01,0,0.01
2026-08-05,UDXCOMBO-5313691228813876001,Other,Combo-5313691228813876001,Finalized,0,66,0.21,0,0.21
2026-08-05,UDXCOMBO-6437962606846518456,Other,Combo-6437962606846518456,Finalized,0,66,0.14,0,0.14
2026-08-05,UDXCOMBO-8756091455857310458,Other,Combo-8756091455857310458,Finalized,0,66,0.22,0,0.22
2026-08-05,UDXCOMBO-9153973688601280282,Other,Combo-9153973688601280282,Finalized,0,66,0.13,0,0.13
2026-08-05,UDXCOMBO-14645840289989547925,Other,Combo-14645840289989547925,Finalized,65,65,0.14,0,0.14
2026-08-05,UDXCOMBO-12159256042321366381,Other,Combo-12159256042321366381,Finalized,0,65,0.13,0,0.13
2026-08-05,UDXCOMBO-14713226462120936254,Other,Combo-14713226462120936254,Finalized,0,65,0.14,0,0.14
2026-08-05,UDXCOMBO-17032765279508998677,Other,Combo-17032765279508998677,Finalized,0,65,0.48,0,0.48
2026-08-05,UDXCOMBO-2104167195037903253,Other,Combo-2104167195037903253,Finalized,0,65,0.07,0,0.07
2026-08-05,UDXCOMBO-7285912976947494915,Other,Combo-7285912976947494915,Finalized,0,65,0.09,0,0.09
2026-08-05,UDXCOMBO-15078763417375056772,Other,Combo-15078763417375056772,Finalized,0,64,0.28,0,0.06
2026-08-05,UDXCOMBO-1975310485870282221,Other,Combo-1975310485870282221,Finalized,0,64,0.13,0,0.13
2026-08-05,UDXCOMBO-5920024849746932265,Other,Combo-5920024849746932265,Finalized,0,64,0.07,0,0.07
2026-08-05,UDXCOMBO-7746399063578800085,Other,Combo-7746399063578800085,Finalized,0,64,0.1,0,0.1
2026-08-05,UDXCOMBO-5914462758974342082,Other,Combo-5914462758974342082,Finalized,63,63,0.15,0,0.15
2026-08-05,UDXCOMBO-8087382227124384318,Other,Combo-8087382227124384318,Finalized,63,63,0.15,0,0.15
2026-08-05,UDXCOMBO-15445299904695521935,Other,Combo-15445299904695521935,Finalized,0,63,0.3,0,0.3
2026-08-05,UDXCOMBO-16147972088218077937,Other,Combo-16147972088218077937,Finalized,0,63,0.27,0,0.27
2026-08-05,UDXCOMBO-16564296850548698640,Other,Combo-16564296850548698640,Finalized,0,63,0.13,0,0.13
2026-08-05,UDXCOMBO-17431360817366154965,Other,Combo-17431360817366154965,Finalized,0,63,0.13,0,0.13
2026-08-05,UDXCOMBO-2077693362914768996,Other,Combo-2077693362914768996,Finalized,0,63,0.12,0,0.12
2026-08-05,UDXCOMBO-3080252445075223504,Other,Combo-3080252445075223504,Finalized,0,63,0.07,0,0.07
2026-08-05,UDXCOMBO-409107306097634308,Other,Combo-409107306097634308,Finalized,0,63,0.07,0,0.07
2026-08-05,UDXCOMBO-13238449861175466754,Other,Combo-13238449861175466754,Finalized,62,62,0.63,0,0.63
2026-08-05,UDXCOMBO-5473063916424299363,Other,Combo-5473063916424299363,Finalized,62,62,0.2,0,0.2
2026-08-05,UDXCOMBO-10398702240926727521,Other,Combo-10398702240926727521,Finalized,0,62,0.38,0,0.38
2026-08-05,UDXCOMBO-12349106912535523800,Other,Combo-12349106912535523800,Finalized,0,62,0.38,0,0.38
2026-08-05,UDXCOMBO-13373169520371551965,Other,Combo-13373169520371551965,Finalized,0,62,0.47,0,0.47
2026-08-05,UDXCOMBO-1688716914367795681,Other,Combo-1688716914367795681,Finalized,0,62,0.15,0,0.15
2026-08-05,UDXCOMBO-2637981080453436296,Other,Combo-2637981080453436296,Finalized,0,62,0.15,0,0.15
2026-08-05,UDXCOMBO-2842712255468470243,Other,Combo-2842712255468470243,Finalized,0,62,0.08,0,0.08
2026-08-05,UDXCOMBO-3956040300782472990,Other,Combo-3956040300782472990,Finalized,0,62,0.23,0,0.23
2026-08-05,UDXMLBSPREAD_MINKAN26AUG051940_KAN3.5,Baseball,Spread,Finalized,0,62,0.15,0,0.15
2026-08-05,UDXCOMBO-17484615428305986615,Other,Combo-17484615428305986615,Finalized,61,61,0.13,0,0.13
2026-08-05,UDXCOMBO-13276462417688589397,Other,Combo-13276462417688589397,Finalized,0,61,0.06,0,0.06
2026-08-05,UDXCOMBO-13491618560466664890,Other,Combo-13491618560466664890,Finalized,0,61,0.08,0,0.08
2026-08-05,UDXCOMBO-13646477370701445373,Other,Combo-13646477370701445373,Finalized,0,61,0.23,0,0.23
2026-08-05,UDXCOMBO-1484168258307441887,Other,Combo-1484168258307441887,Finalized,0,61,0.08,0,0.08
2026-08-05,UDXCOMBO-1545790050838786288,Other,Combo-1545790050838786288,Finalized,0,61,0.07,0,0.07
2026-08-05,UDXCOMBO-15776200603830837998,Other,Combo-15776200603830837998,Finalized,0,61,0.07,0,0.07
2026-08-05,UDXCOMBO-17907984412532118319,Other,Combo-17907984412532118319,Finalized,0,61,0.09,0,0.09
2026-08-05,UDXCOMBO-3526761217196999426,Other,Combo-3526761217196999426,Finalized,0,61,0.15,0,0.15
2026-08-05,UDXCOMBO-479558671311553746,Other,Combo-479558671311553746,Finalized,0,61,0.21,0,0.21
2026-08-05,UDXCOMBO-8256039435448780098,Other,Combo-8256039435448780098,Finalized,0,61,0.14,0,0.14
2026-08-05,UDXCOMBO-1083261059629645385,Other,Combo-1083261059629645385,Finalized,60,60,0.11,0,0.11
2026-08-05,UDXCOMBO-16820148153341714423,Other,Combo-16820148153341714423,Finalized,60,60,0.38,0,0.38
2026-08-05,UDXCOMBO-12861515532370600780,Other,Combo-12861515532370600780,Finalized,0,60,0.14,0,0.14
2026-08-05,UDXCOMBO-13458890231023467917,Other,Combo-13458890231023467917,Finalized,0,60,0.02,0,0.02
2026-08-05,UDXCOMBO-14324308761979084161,Other,Combo-14324308761979084161,Finalized,0,60,0.32,0,0.32
2026-08-05,UDXCOMBO-14885923629139235745,Other,Combo-14885923629139235745,Finalized,0,60,0.07,0,0.07
2026-08-05,UDXCOMBO-15827624898712792777,Other,Combo-15827624898712792777,Finalized,0,60,0.32,0,0.32
2026-08-05,UDXCOMBO-16732858789148216274,Other,Combo-16732858789148216274,Finalized,0,60,0.08,0,0.08
2026-08-05,UDXCOMBO-17097552923808863321,Other,Combo-17097552923808863321,Finalized,0,60,0.08,0,0.08
2026-08-05,UDXCOMBO-17542937335691881745,Other,Combo-17542937335691881745,Finalized,0,60,0.16,0,0.16
2026-08-05,UDXCOMBO-17834362884420606302,Other,Combo-17834362884420606302,Finalized,0,60,0.08,0,0.08
2026-08-05,UDXCOMBO-3031926663894025611,Other,Combo-3031926663894025611,Finalized,0,60,0.08,0,0.08
2026-08-05,UDXCOMBO-4779954661197468000,Other,Combo-4779954661197468000,Finalized,0,60,0.02,0,0.02
2026-08-05,UDXCOMBO-6249618276980286456,Other,Combo-6249618276980286456,Finalized,0,60,0.08,0,0.08
2026-08-05,UDXCOMBO-8975744303079985730,Other,Combo-8975744303079985730,Finalized,0,60,0.16,0,0.16
2026-08-05,UDXCOMBO-14606407520137344293,Other,Combo-14606407520137344293,Finalized,59,59,0.08,0,0.08
2026-08-05,UDXCOMBO-154437847199043309,Other,Combo-154437847199043309,Finalized,59,59,0.4,0,0.4
2026-08-05,UDXCOMBO-4202749317234198182,Other,Combo-4202749317234198182,Finalized,59,59,0.24,0,0.24
2026-08-05,UDXMLBSPREAD_MIAATL26AUG061915_ATL1.5,Baseball,Spread,Finalized,59,59,0.42,0,0.42
2026-08-05,UDXCOMBO-11201796127862801808,Other,Combo-11201796127862801808,Finalized,0,59,0.05,0,0.05
2026-08-05,UDXCOMBO-12503280795637760608,Other,Combo-12503280795637760608,Finalized,0,59,0.61,0,0.61
2026-08-05,UDXCOMBO-6554619312158735338,Other,Combo-6554619312158735338,Finalized,0,59,0.05,0,0.05
2026-08-05,UDXCOMBO-10117231086074123433,Other,Combo-10117231086074123433,Finalized,0,58,0.33,0,0.33
2026-08-05,UDXCOMBO-11068522363194630177,Other,Combo-11068522363194630177,Finalized,0,58,0.16,0,0.16
2026-08-05,UDXCOMBO-13641560538829378837,Other,Combo-13641560538829378837,Finalized,0,58,0.17,0,0.17
2026-08-05,UDXCOMBO-1392796745251900421,Other,Combo-1392796745251900421,Finalized,0,58,0.11,0,0.11
2026-08-05,UDXCOMBO-1529925908926292876,Other,Combo-1529925908926292876,Finalized,0,58,0.33,0,0.33
2026-08-05,UDXCOMBO-1567822427695484155,Other,Combo-1567822427695484155,Finalized,0,58,0.33,0,0.33
2026-08-05,UDXCOMBO-5557744361351857268,Other,Combo-5557744361351857268,Finalized,0,58,0.08,0,0.08
2026-08-05,UDXCOMBO-5839460486124022800,Other,Combo-5839460486124022800,Finalized,0,58,0.34,0,0.34
2026-08-05,UDXCOMBO-5991995289835931254,Other,Combo-5991995289835931254,Finalized,0,58,0.09,0,0.09
2026-08-05,UDXCOMBO-6298512275627457087,Other,Combo-6298512275627457087,Finalized,0,58,0.84,0,0.84
2026-08-05,UDXCOMBO-7276376712972539100,Other,Combo-7276376712972539100,Finalized,0,58,0.14,0,0.14
2026-08-05,UDXCOMBO-8514290003129933382,Other,Combo-8514290003129933382,Finalized,0,58,0.25,0,0.25
2026-08-05,UDXCOMBO-11223669532082722156,Other,Combo-11223669532082722156,Finalized,57,57,0.38,0,0.38
2026-08-05,UDXCOMBO-3305746861805418010,Other,Combo-3305746861805418010,Finalized,57,57,0.42,0,0.42
2026-08-05,UDXCOMBO-10576803188078402679,Other,Combo-10576803188078402679,Finalized,0,57,0.43,0,0.43
2026-08-05,UDXCOMBO-10868580700827926848,Other,Combo-10868580700827926848,Finalized,0,57,0.25,0,0.25
2026-08-05,UDXCOMBO-11798272338014318727,Other,Combo-11798272338014318727,Finalized,0,57,0.66,0,0.66
2026-08-05,UDXCOMBO-12348734810300294617,Other,Combo-12348734810300294617,Finalized,0,57,0.51,0,0.51
2026-08-05,UDXCOMBO-13263172645555663553,Other,Combo-13263172645555663553,Finalized,0,57,0.13,0,0.13
2026-08-05,UDXCOMBO-13860045076670759259,Other,Combo-13860045076670759259,Finalized,0,57,0.33,0,0.33
2026-08-05,UDXCOMBO-14159154006907222599,Other,Combo-14159154006907222599,Finalized,0,57,0.33,0,0.33
2026-08-05,UDXCOMBO-14697704209445343923,Other,Combo-14697704209445343923,Finalized,0,57,0.17,0,0.17
2026-08-05,UDXCOMBO-17509138697941789197,Other,Combo-17509138697941789197,Finalized,0,57,0.17,0,0.17
2026-08-05,UDXCOMBO-18396689588328654897,Other,Combo-18396689588328654897,Finalized,0,57,0.46,0,0.46
2026-08-05,UDXCOMBO-2490634346696351818,Other,Combo-2490634346696351818,Finalized,0,57,0.15,0,0.15
2026-08-05,UDXCOMBO-7046166645085243623,Other,Combo-7046166645085243623,Finalized,0,57,0.5,0,0.44
2026-08-05,UDXCOMBO-7992717549735570680,Other,Combo-7992717549735570680,Finalized,0,57,0.43,0,0.43
2026-08-05,UDXCOMBO-8001895912000289975,Other,Combo-8001895912000289975,Finalized,0,57,0.07,0,0.07
2026-08-05,UDXMLBSPREAD_SDARI26AUG042140_SD5.5,Baseball,Spread,Finalized,0,57,0.69,0,0.69
2026-08-05,UDXCOMBO-1333961101027051899,Other,Combo-1333961101027051899,Finalized,56,56,0.34,0,0.34
2026-08-05,UDXCOMBO-14249007778687086723,Other,Combo-14249007778687086723,Finalized,56,56,0.17,0,0.17
2026-08-05,UDXCOMBO-10500983703265875782,Other,Combo-10500983703265875782,Finalized,0,56,0.03,0,0.03
2026-08-05,UDXCOMBO-12610800842511322350,Other,Combo-12610800842511322350,Finalized,0,56,0.12,0,0.12
2026-08-05,UDXCOMBO-13577829464112536753,Other,Combo-13577829464112536753,Finalized,0,56,0.17,0,0.17
2026-08-05,UDXCOMBO-1421695436518477076,Other,Combo-1421695436518477076,Finalized,0,56,0.15,0,0.15
2026-08-05,UDXCOMBO-15911550526672588144,Other,Combo-15911550526672588144,Finalized,0,56,0.36,0,0.36
2026-08-05,UDXCOMBO-7725183945227359332,Other,Combo-7725183945227359332,Finalized,0,56,0.6,0,0.6
2026-08-05,UDXCOMBO-7750778684139213673,Other,Combo-7750778684139213673,Finalized,0,56,0.15,0,0.15
2026-08-05,UDXCOMBO-14457403370494087185,Other,Combo-14457403370494087185,Finalized,55,55,0.26,0,0.26
2026-08-05,UDXCOMBO-7326369021242471822,Other,Combo-7326369021242471822,Finalized,55,55,0.19,0,0.19
2026-08-05,UDXMLBSPREAD_SDARI26AUG052140_SD2.5,Baseball,Spread,Finalized,32,55,0.33,0,0.32
2026-08-05,UDXCOMBO-10933618957150473625,Other,Combo-10933618957150473625,Finalized,0,55,0.17,0,0.17
2026-08-05,UDXCOMBO-11771514472014529272,Other,Combo-11771514472014529272,Finalized,0,55,0.08,0,0.08
2026-08-05,UDXCOMBO-13330472107945215714,Other,Combo-13330472107945215714,Finalized,0,55,0.43,0,0.43
2026-08-05,UDXCOMBO-15115703175070692023,Other,Combo-15115703175070692023,Finalized,0,55,0.1,0,0.1
2026-08-05,UDXCOMBO-17462950498111667410,Other,Combo-17462950498111667410,Finalized,0,55,0.26,0,0.26
2026-08-05,UDXCOMBO-17485067047338084540,Other,Combo-17485067047338084540,Finalized,0,55,0.08,0,0.08
2026-08-05,UDXCOMBO-1961340616100408197,Other,Combo-1961340616100408197,Finalized,0,55,0.1,0,0.1
2026-08-05,UDXCOMBO-2425661847339968625,Other,Combo-2425661847339968625,Finalized,0,55,0.07,0,0.07
2026-08-05,UDXCOMBO-6932437385050212901,Other,Combo-6932437385050212901,Finalized,0,55,0.17,0,0.17
2026-08-05,UDXCOMBO-7132863066516697502,Other,Combo-7132863066516697502,Finalized,0,55,0.06,0,0.06
2026-08-05,UDXCOMBO-7811349991589872081,Other,Combo-7811349991589872081,Finalized,0,55,0.07,0,0.07
2026-08-05,UDXCOMBO-8119927174521449337,Other,Combo-8119927174521449337,Finalized,0,55,0.24,0,0.24
2026-08-05,UDXCOMBO-8366928969497991227,Other,Combo-8366928969497991227,Finalized,0,55,0.17,0,0.17
2026-08-05,UDXCOMBO-16698994500424368957,Other,Combo-16698994500424368957,Finalized,54,54,0.17,0,0.17
2026-08-05,UDXCOMBO-6984970162506176102,Other,Combo-6984970162506176102,Finalized,54,54,0.19,0,0.19
2026-08-05,UDXCOMBO-8103482953049605246,Other,Combo-8103482953049605246,Finalized,54,54,0.44,0,0.44
2026-08-05,UDXCOMBO-9698287090350101023,Other,Combo-9698287090350101023,Finalized,54,54,0.54,0,0.54
2026-08-05,UDXMLBGAMEWIN_PITMIL26AUG061410_MIL,Baseball,Moneyline,Finalized,54,54,0.57,0,0.57
2026-08-05,UDXCOMBO-16358834113288299990,Other,Combo-16358834113288299990,Finalized,0,54,0.31,0,0.31
2026-08-05,UDXCOMBO-2305638013597214022,Other,Combo-2305638013597214022,Finalized,0,54,0.18,0,0.18
2026-08-05,UDXCOMBO-31178145573968306,Other,Combo-31178145573968306,Finalized,0,54,0.11,0,0.11
2026-08-05,UDXCOMBO-381308285197517347,Other,Combo-381308285197517347,Finalized,0,54,0.09,0,0.09
2026-08-05,UDXCOMBO-5924242651739431624,Other,Combo-5924242651739431624,Finalized,0,54,0.35,0,0.35
2026-08-05,UDXCOMBO-6175364807961957751,Other,Combo-6175364807961957751,Finalized,0,54,0.07,0,0.07
2026-08-05,UDXCOMBO-6281750235138518296,Other,Combo-6281750235138518296,Finalized,0,54,0.11,0,0.11
2026-08-05,UDXCOMBO-6502484648662988619,Other,Combo-6502484648662988619,Finalized,0,54,0.26,0,0.26
2026-08-05,UDXCOMBO-4154392697573339446,Other,Combo-4154392697573339446,Finalized,53,53,0.18,0,0.18
2026-08-05,UDXCOMBO-10358010488547237713,Other,Combo-10358010488547237713,Finalized,0,53,0.45,0,0.45
2026-08-05,UDXCOMBO-14090512225519258759,Other,Combo-14090512225519258759,Finalized,0,53,0.18,0,0.18
2026-08-05,UDXCOMBO-14840683440291907175,Other,Combo-14840683440291907175,Finalized,0,53,0.28,0,0.28
2026-08-05,UDXCOMBO-14868031106895527543,Other,Combo-14868031106895527543,Finalized,0,53,0.16,0,0.16
2026-08-05,UDXCOMBO-17014926389927276902,Other,Combo-17014926389927276902,Finalized,0,53,0.33,0,0.33
2026-08-05,UDXCOMBO-3343934013203402881,Other,Combo-3343934013203402881,Finalized,0,53,0.07,0,0.07
2026-08-05,UDXCOMBO-5960659504184759259,Other,Combo-5960659504184759259,Finalized,0,53,0.18,0,0.18
2026-08-05,UDXCOMBO-6361715362495086216,Other,Combo-6361715362495086216,Finalized,0,53,0.45,0,0.45
2026-08-05,UDXMLBSPREAD_TBCOL26AUG051510_COL3.5,Baseball,Spread,Finalized,0,53,0.14,0,0.14
2026-08-05,UDXCOMBO-10530098321309125575,Other,Combo-10530098321309125575,Finalized,0,52,0.56,0,0.56
2026-08-05,UDXCOMBO-13447557143640369982,Other,Combo-13447557143640369982,Finalized,0,52,0.75,0,0.75
2026-08-05,UDXCOMBO-14753046549401994295,Other,Combo-14753046549401994295,Finalized,0,52,0.18,0,0.18
2026-08-05,UDXCOMBO-15653605965796824012,Other,Combo-15653605965796824012,Finalized,0,52,0.33,0,0.33
2026-08-05,UDXCOMBO-17954198227379806347,Other,Combo-17954198227379806347,Finalized,0,52,0.25,0,0.25
2026-08-05,UDXCOMBO-1812438717362771197,Other,Combo-1812438717362771197,Finalized,0,52,0.41,0,0.41
2026-08-05,UDXCOMBO-18177140202772152001,Other,Combo-18177140202772152001,Finalized,0,52,0.25,0,0.25
2026-08-05,UDXCOMBO-3549993162181779703,Other,Combo-3549993162181779703,Finalized,0,52,0.62,0,0.62
2026-08-05,UDXCOMBO-4595575363582644024,Other,Combo-4595575363582644024,Finalized,0,52,0.59,0,0.59
2026-08-05,UDXCOMBO-4699302409871565486,Other,Combo-4699302409871565486,Finalized,0,52,0.5,0,0.5
2026-08-05,UDXCOMBO-6766924489514586326,Other,Combo-6766924489514586326,Finalized,0,52,0.16,0,0.16
2026-08-05,UDXCOMBO-8265594528772887482,Other,Combo-8265594528772887482,Finalized,0,52,0.11,0,0.11
2026-08-05,UDXCOMBO-862466546343242583,Other,Combo-862466546343242583,Finalized,0,52,0.02,0,0.02
2026-08-05,UDXCOMBO-9509932116757933541,Other,Combo-9509932116757933541,Finalized,0,52,0.18,0,0.18
2026-08-05,UDXCOMBO-9567574417029132111,Other,Combo-9567574417029132111,Finalized,0,52,0.18,0,0.18
2026-08-05,UDXCOMBO-12598585436572001043,Other,Combo-12598585436572001043,Finalized,51,51,0.26,0,0.26
2026-08-05,UDXCOMBO-14713832392893510952,Other,Combo-14713832392893510952,Finalized,51,51,0.38,0,0.38
2026-08-05,UDXCOMBO-15677507492907312731,Other,Combo-15677507492907312731,Finalized,51,51,0.17,0,0.17
2026-08-05,UDXCOMBO-15792412434451943824,Other,Combo-15792412434451943824,Finalized,51,51,0.46,0,0.46
2026-08-05,UDXCOMBO-7496211229575710260,Other,Combo-7496211229575710260,Finalized,51,51,0.25,0,0.25
2026-08-05,UDXCOMBO-7762663184653581323,Other,Combo-7762663184653581323,Finalized,51,51,0.18,0,0.18
2026-08-05,UDXCOMBO-10188985097851853980,Other,Combo-10188985097851853980,Finalized,0,51,0.18,0,0.18
2026-08-05,UDXCOMBO-11870964445595591601,Other,Combo-11870964445595591601,Finalized,0,51,0.41,0,0.41
2026-08-05,UDXCOMBO-12380061515301679685,Other,Combo-12380061515301679685,Finalized,0,51,0.08,0,0.08
2026-08-05,UDXCOMBO-1474888599545560367,Other,Combo-1474888599545560367,Finalized,0,51,0.54,0,0.49
2026-08-05,UDXCOMBO-15068604153907373945,Other,Combo-15068604153907373945,Finalized,0,51,0.21,0,0.21
2026-08-05,UDXCOMBO-16594627394078859936,Other,Combo-16594627394078859936,Finalized,0,51,0.14,0,0.14
2026-08-05,UDXCOMBO-2838721872181978429,Other,Combo-2838721872181978429,Finalized,0,51,0.19,0,0.19
2026-08-05,UDXCOMBO-284323893977635161,Other,Combo-284323893977635161,Finalized,0,51,0.43,0,0.43
2026-08-05,UDXCOMBO-5051858925755875722,Other,Combo-5051858925755875722,Finalized,0,51,0.18,0,0.18
2026-08-05,UDXCOMBO-7758891220745586308,Other,Combo-7758891220745586308,Finalized,0,51,0.09,0,0.09
2026-08-05,UDXCOMBO-8399559289364663538,Other,Combo-8399559289364663538,Finalized,0,51,0.19,0,0.19
2026-08-05,UDXCOMBO-4647726167263244351,Other,Combo-4647726167263244351,Finalized,50,50,0.38,0,0.38
2026-08-05,UDXCOMBO-697686662094204347,Other,Combo-697686662094204347,Finalized,50,50,0.24,0,0.24
2026-08-05,UDXMLBGAMEWIN_MIAATL26AUG061915_ATL,Baseball,Moneyline,Finalized,50,50,0.59,0,0.59
2026-08-05,UDXCOMBO-10724640163843623358,Other,Combo-10724640163843623358,Finalized,0,50,0.38,0,0.38
2026-08-05,UDXCOMBO-11675966848101546937,Other,Combo-11675966848101546937,Finalized,0,50,0.09,0,0.09
2026-08-05,UDXCOMBO-11886499589871076230,Other,Combo-11886499589871076230,Finalized,0,50,0.46,0,0.46
2026-08-05,UDXCOMBO-12644535514388214411,Other,Combo-12644535514388214411,Finalized,0,50,0.65,0,0.65
2026-08-05,UDXCOMBO-13527783563255818673,Other,Combo-13527783563255818673,Finalized,0,50,0.09,0,0.09
2026-08-05,UDXCOMBO-14344765275994647919,Other,Combo-14344765275994647919,Finalized,0,50,0.3,0,0.07
2026-08-05,UDXCOMBO-16638567262691695350,Other,Combo-16638567262691695350,Finalized,0,50,0.15,0,0.15
2026-08-05,UDXCOMBO-3058666572796422702,Other,Combo-3058666572796422702,Finalized,0,50,0.1,0,0.1
2026-08-05,UDXCOMBO-7143665795440422126,Other,Combo-7143665795440422126,Finalized,0,50,0.09,0,0.09
2026-08-05,UDXCOMBO-7968296325974907383,Other,Combo-7968296325974907383,Finalized,0,50,0.25,0,0.25
2026-08-05,UDXCOMBO-8765523952365220843,Other,Combo-8765523952365220843,Finalized,0,50,0.09,0,0.09
2026-08-05,UDXCOMBO-8810699784451056161,Other,Combo-8810699784451056161,Finalized,0,50,0.28,0,0.28
2026-08-05,UDXCOMBO-9715309856165756102,Other,Combo-9715309856165756102,Finalized,0,50,0.05,0,0.05
2026-08-05,UDXCOMBO-9969443722513810119,Other,Combo-9969443722513810119,Finalized,0,50,0.38,0,0.38
2026-08-05,UDXCOMBO-13169809731804941299,Other,Combo-13169809731804941299,Finalized,49,49,0.49,0,0.49
2026-08-05,UDXCOMBO-1828925120030391881,Other,Combo-1828925120030391881,Finalized,49,49,0.5,0,0.5
2026-08-05,UDXCOMBO-9042509110633928594,Other,Combo-9042509110633928594,Finalized,49,49,0.31,0,0.31
2026-08-05,UDXCOMBO-5758203945566582866,Other,Combo-5758203945566582866,Finalized,0,49,0.09,0,0.09
2026-08-05,UDXCOMBO-8521674490615477819,Other,Combo-8521674490615477819,Finalized,0,49,0.28,0,0.28
2026-08-05,UDXMLBSPREAD_CWSBOS26AUG051910_CWS1.5,Baseball,Spread,Finalized,0,49,0.33,0,0.28
2026-08-05,UDXWNBASPREAD_PHXATL2026AUG05_PHX6.5,Basketball (pro),Spread,Finalized,0,49,0.19,0,0.19
2026-08-05,UDXCOMBO-17533776286369327000,Other,Combo-17533776286369327000,Finalized,0,48.89,0.12,0,0.12
2026-08-05,UDXCOMBO-11254976594261743920,Other,Combo-11254976594261743920,Finalized,48,48,0.26,0,0.26
2026-08-05,UDXCOMBO-8945771798354881852,Other,Combo-8945771798354881852,Finalized,48,48,0.19,0,0.19
2026-08-05,UDXCOMBO-11037279134966253663,Other,Combo-11037279134966253663,Finalized,0,48,0.12,0,0.12
2026-08-05,UDXCOMBO-11165635370332632686,Other,Combo-11165635370332632686,Finalized,0,48,0.3,0,0.3
2026-08-05,UDXCOMBO-13035088575100489597,Other,Combo-13035088575100489597,Finalized,0,48,0.41,0,0.41
2026-08-05,UDXCOMBO-13330460527732863454,Other,Combo-13330460527732863454,Finalized,0,48,0.2,0,0.2
2026-08-05,UDXCOMBO-14545544058632338995,Other,Combo-14545544058632338995,Finalized,0,48,0.2,0,0.2
2026-08-05,UDXCOMBO-14663644242293740079,Other,Combo-14663644242293740079,Finalized,0,48,0.16,0,0.16
2026-08-05,UDXCOMBO-15019437513842983690,Other,Combo-15019437513842983690,Finalized,0,48,0.02,0,0.02
2026-08-05,UDXCOMBO-15252412150396504440,Other,Combo-15252412150396504440,Finalized,0,48,0.2,0,0.2
2026-08-05,UDXCOMBO-1595522455806198768,Other,Combo-1595522455806198768,Finalized,0,48,0.05,0,0.05
2026-08-05,UDXCOMBO-4111004092434330789,Other,Combo-4111004092434330789,Finalized,0,48,0.24,0,0.24
2026-08-05,UDXCOMBO-5928127804393108312,Other,Combo-5928127804393108312,Finalized,0,48,0.5,0,0.5
2026-08-05,UDXCOMBO-9369544569363732262,Other,Combo-9369544569363732262,Finalized,0,48,0.2,0,0.2
2026-08-05,UDXCOMBO-10149333592409185258,Other,Combo-10149333592409185258,Finalized,47,47,0.05,0,0.05
2026-08-05,UDXCOMBO-16873200102762000062,Other,Combo-16873200102762000062,Finalized,47,47,0.46,0,0.46
2026-08-05,UDXCOMBO-201755814480597045,Other,Combo-201755814480597045,Finalized,47,47,0.45,0,0.45
2026-08-05,UDXCOMBO-8387670707481361998,Other,Combo-8387670707481361998,Finalized,47,47,0.43,0,0.43
2026-08-05,UDXCOMBO-8715663173264756863,Other,Combo-8715663173264756863,Finalized,47,47,0.2,0,0.2
2026-08-05,UDXCOMBO-964282232894458717,Other,Combo-964282232894458717,Finalized,47,47,0.3,0,0.3
2026-08-05,UDXCOMBO-10855707157659156462,Other,Combo-10855707157659156462,Finalized,0,47,0.2,0,0.2
2026-08-05,UDXCOMBO-12058731174299153117,Other,Combo-12058731174299153117,Finalized,0,47,0.22,0,0.22
2026-08-05,UDXCOMBO-12637790189445455998,Other,Combo-12637790189445455998,Finalized,0,47,0.23,0,0.23
2026-08-05,UDXCOMBO-15205786534583741418,Other,Combo-15205786534583741418,Finalized,0,47,0.24,0,0.24
2026-08-05,UDXCOMBO-425662215278828626,Other,Combo-425662215278828626,Finalized,0,47,0.2,0,0.2
2026-08-05,UDXCOMBO-4900747114225573835,Other,Combo-4900747114225573835,Finalized,0,47,0.1,0,0.1
2026-08-05,UDXCOMBO-4911784485727467788,Other,Combo-4911784485727467788,Finalized,0,47,0.2,0,0.2
2026-08-05,UDXCOMBO-5952532073231915278,Other,Combo-5952532073231915278,Finalized,0,47,0.2,0,0.2
2026-08-05,UDXCOMBO-699695515030599633,Other,Combo-699695515030599633,Finalized,0,47,0.1,0,0.1
2026-08-05,UDXMLBTOTAL_STLNYY26AUG051905_10.5,Baseball,Total,Finalized,0,47,0.32,0,0.31
2026-08-05,UDXWNBASPREAD_DALWSH2026AUG05_WSH9.5,Basketball (pro),Spread,Finalized,0,47,0.2,0,0.2
2026-08-05,UDXCOMBO-1432375332895232040,Other,Combo-1432375332895232040,Finalized,46,46,0.42,0,0.42
2026-08-05,UDXCOMBO-2631126163552691198,Other,Combo-2631126163552691198,Finalized,46,46,0.35,0,0.35
2026-08-05,UDXCOMBO-10191557272284123866,Other,Combo-10191557272284123866,Finalized,0,46,0.29,0,0.29
2026-08-05,UDXCOMBO-11059930535885950055,Other,Combo-11059930535885950055,Finalized,0,46,0.19,0,0.19
2026-08-05,UDXCOMBO-14605885838801590871,Other,Combo-14605885838801590871,Finalized,0,46,0.02,0,0.02
2026-08-05,UDXCOMBO-1565827597619455721,Other,Combo-1565827597619455721,Finalized,0,46,0.2,0,0.2
2026-08-05,UDXCOMBO-1585344085551535203,Other,Combo-1585344085551535203,Finalized,0,46,0.31,0,0.31
2026-08-05,UDXCOMBO-17135044190721741363,Other,Combo-17135044190721741363,Finalized,0,46,0.11,0,0.11
2026-08-05,UDXCOMBO-4074646074694411591,Other,Combo-4074646074694411591,Finalized,0,46,0.28,0,0.28
2026-08-05,UDXCOMBO-681766751606023986,Other,Combo-681766751606023986,Finalized,0,46,0.2,0,0.2
2026-08-05,UDXCOMBO-9012868472197774840,Other,Combo-9012868472197774840,Finalized,0,46,0.13,0,0.13
2026-08-05,UDXCOMBO-9673025128364527467,Other,Combo-9673025128364527467,Finalized,0,46,0.19,0,0.19
2026-08-05,UDXCOMBO-9857283595809458354,Other,Combo-9857283595809458354,Finalized,0,46,0.02,0,0.02
2026-08-05,UDXMLBSPREAD_NYMCLE26AUG051840_NYM2.5,Baseball,Spread,Finalized,0,46,0.43,0,0.43
2026-08-05,UDXCOMBO-3630108960633650061,Other,Combo-3630108960633650061,Finalized,45,45,0.21,0,0.21
2026-08-05,UDXCOMBO-9049851232368185832,Other,Combo-9049851232368185832,Finalized,45,45,0.21,0,0.21
2026-08-05,UDXCOMBO-11101489777285909804,Other,Combo-11101489777285909804,Finalized,0,45,0.1,0,0.1
2026-08-05,UDXCOMBO-14778956310814577240,Other,Combo-14778956310814577240,Finalized,0,45,0.1,0,0.1
2026-08-05,UDXCOMBO-14819582208136316403,Other,Combo-14819582208136316403,Finalized,0,45,0.1,0,0.1
2026-08-05,UDXCOMBO-15548883058519213049,Other,Combo-15548883058519213049,Finalized,0,45,0.48,0,0.48
2026-08-05,UDXCOMBO-17075431669417981856,Other,Combo-17075431669417981856,Finalized,0,45,0.09,0,0.09
2026-08-05,UDXCOMBO-18198382354893852339,Other,Combo-18198382354893852339,Finalized,0,45,0.28,0,0.28
2026-08-05,UDXCOMBO-1879854898058571244,Other,Combo-1879854898058571244,Finalized,0,45,0.43,0,0.43
2026-08-05,UDXCOMBO-5155853740708543889,Other,Combo-5155853740708543889,Finalized,0,45,0.19,0,0.19
2026-08-05,UDXCOMBO-7984611111859550451,Other,Combo-7984611111859550451,Finalized,0,45,0.1,0,0.1
2026-08-05,UDXCOMBO-7997153113546205788,Other,Combo-7997153113546205788,Finalized,0,45,0.21,0,0.21
2026-08-05,UDXCOMBO-9694608539046282191,Other,Combo-9694608539046282191,Finalized,0,45,0.1,0,0.1
2026-08-05,UDXCOMBO-9364852908380360411,Other,Combo-9364852908380360411,Finalized,0,44.29,0.21,0,0.21
2026-08-05,UDXCOMBO-3830515470010111318,Other,Combo-3830515470010111318,Finalized,44,44,0.33,0,0.33
2026-08-05,UDXCOMBO-4109096074943703814,Other,Combo-4109096074943703814,Finalized,44,44,0.08,0,0.08
2026-08-05,UDXCOMBO-1132386150336459517,Other,Combo-1132386150336459517,Finalized,0,44,0.21,0,0.21
2026-08-05,UDXCOMBO-12333021275526600289,Other,Combo-12333021275526600289,Finalized,0,44,0.21,0,0.21
2026-08-05,UDXCOMBO-12940704513661458438,Other,Combo-12940704513661458438,Finalized,0,44,0.04,0,0.04
2026-08-05,UDXCOMBO-2777401400530633637,Other,Combo-2777401400530633637,Finalized,0,44,0.05,0,0.05
2026-08-05,UDXCOMBO-5557620514997905290,Other,Combo-5557620514997905290,Finalized,0,44,0.55,0,0.55
2026-08-05,UDXCOMBO-8191318426964298110,Other,Combo-8191318426964298110,Finalized,0,44,0.11,0,0.11
2026-08-05,UDXCOMBO-9527625729772431398,Other,Combo-9527625729772431398,Finalized,0,44,0.06,0,0.06
2026-08-05,UDXCOMBO-3100151460418171759,Other,Combo-3100151460418171759,Finalized,43,43,0.33,0,0.33
2026-08-05,UDXCOMBO-3121650902814012552,Other,Combo-3121650902814012552,Finalized,43,43,0.55,0,0.55
2026-08-05,UDXCOMBO-5640600591185194477,Other,Combo-5640600591185194477,Finalized,43,43,0.43,0,0.43
2026-08-05,UDXCOMBO-8595270648244441108,Other,Combo-8595270648244441108,Finalized,43,43,0.31,0,0.31
2026-08-05,UDXCOMBO-1001386094026637045,Other,Combo-1001386094026637045,Finalized,0,43,0.22,0,0.22
2026-08-05,UDXCOMBO-10240608148876850375,Other,Combo-10240608148876850375,Finalized,0,43,0.04,0,0.04
2026-08-05,UDXCOMBO-11974445608786427023,Other,Combo-11974445608786427023,Finalized,0,43,0.11,0,0.11
2026-08-05,UDXCOMBO-13212255810018436265,Other,Combo-13212255810018436265,Finalized,0,43,0.17,0,0.17
2026-08-05,UDXCOMBO-14149962701851864515,Other,Combo-14149962701851864515,Finalized,0,43,0.11,0,0.11
2026-08-05,UDXCOMBO-16493363751542061965,Other,Combo-16493363751542061965,Finalized,0,43,0.3,0,0.3
2026-08-05,UDXCOMBO-17180320027846190059,Other,Combo-17180320027846190059,Finalized,0,43,0.22,0,0.22
2026-08-05,UDXCOMBO-2290898811993011923,Other,Combo-2290898811993011923,Finalized,0,43,0.22,0,0.22
2026-08-05,UDXCOMBO-245046616084389922,Other,Combo-245046616084389922,Finalized,0,43,0.33,0,0.33
2026-08-05,UDXCOMBO-4574918370801445802,Other,Combo-4574918370801445802,Finalized,0,43,0.44,0,0.44
2026-08-05,UDXCOMBO-6759674673499887611,Other,Combo-6759674673499887611,Finalized,0,43,0.35,0,0.35
2026-08-05,UDXCOMBO-681687936339013699,Other,Combo-681687936339013699,Finalized,0,43,0.2,0,0.2
2026-08-05,UDXCOMBO-8633929803060909154,Other,Combo-8633929803060909154,Finalized,0,43,0.09,0,0.09
2026-08-05,UDXCOMBO-14272024926606945371,Other,Combo-14272024926606945371,Finalized,42,42,0.22,0,0.22
2026-08-05,UDXCOMBO-2710406155314278876,Other,Combo-2710406155314278876,Finalized,42,42,0.64,0,0.64
2026-08-05,UDXCOMBO-4846813839175708981,Other,Combo-4846813839175708981,Finalized,42,42,0.22,0,0.22
2026-08-05,UDXCOMBO-6338606145597835970,Other,Combo-6338606145597835970,Finalized,42,42,0.22,0,0.22
2026-08-05,UDXCOMBO-12885938846853237788,Other,Combo-12885938846853237788,Finalized,0,42,0.22,0,0.22
2026-08-05,UDXCOMBO-13367864717885565525,Other,Combo-13367864717885565525,Finalized,0,42,0.22,0,0.22
2026-08-05,UDXCOMBO-2294811788755612783,Other,Combo-2294811788755612783,Finalized,0,42,0.58,0,0.58
2026-08-05,UDXCOMBO-2804923646925495952,Other,Combo-2804923646925495952,Finalized,0,42,0.03,0,0.03
2026-08-05,UDXCOMBO-2915912915034064650,Other,Combo-2915912915034064650,Finalized,0,42,0.11,0,0.11
2026-08-05,UDXCOMBO-3666137412692975736,Other,Combo-3666137412692975736,Finalized,0,42,0.11,0,0.11
2026-08-05,UDXCOMBO-4193531072924542492,Other,Combo-4193531072924542492,Finalized,0,42,0.23,0,0.23
2026-08-05,UDXCOMBO-5344761082373104791,Other,Combo-5344761082373104791,Finalized,0,42,0.61,0,0.61
2026-08-05,UDXCOMBO-57243597128401405,Other,Combo-57243597128401405,Finalized,0,42,0.27,0,0.27
2026-08-05,UDXCOMBO-7684415329209227713,Other,Combo-7684415329209227713,Finalized,0,42,0.61,0,0.61
2026-08-05,UDXCOMBO-8444077867268825124,Other,Combo-8444077867268825124,Finalized,0,42,0.46,0,0.46
2026-08-05,UDXCOMBO-9336310956871486240,Other,Combo-9336310956871486240,Finalized,0,42,0.45,0,0.45
2026-08-05,UDXMLBSPREAD_TBCOL26AUG051510_COL2.5,Baseball,Spread,Finalized,0,42,0.2,0,0.2
2026-08-05,UDXCOMBO-10228437624644154301,Other,Combo-10228437624644154301,Finalized,41,41,0.2,0,0.2
2026-08-05,UDXCOMBO-15451688654016386770,Other,Combo-15451688654016386770,Finalized,41,41,0.18,0,0.18
2026-08-05,UDXCOMBO-4565607649640047386,Other,Combo-4565607649640047386,Finalized,41,41,0.23,0,0.23
2026-08-05,UDXCOMBO-11174888740528780594,Other,Combo-11174888740528780594,Finalized,0,41,0.11,0,0.11
2026-08-05,UDXCOMBO-1497127416610732199,Other,Combo-1497127416610732199,Finalized,0,41,0.23,0,0.23
2026-08-05,UDXCOMBO-15230856555046193542,Other,Combo-15230856555046193542,Finalized,0,41,0.35,0,0.35
2026-08-05,UDXCOMBO-15752814589853231503,Other,Combo-15752814589853231503,Finalized,0,41,0.23,0,0.23
2026-08-05,UDXCOMBO-355178014840385106,Other,Combo-355178014840385106,Finalized,0,41,0.24,0,0.24
2026-08-05,UDXCOMBO-5911884956448273891,Other,Combo-5911884956448273891,Finalized,0,41,0.2,0,0.2
2026-08-05,UDXCOMBO-8541253101415297832,Other,Combo-8541253101415297832,Finalized,0,41,0.23,0,0.23
2026-08-05,UDXMLBSPREAD_PITMIL26AUG051940_PIT2.5,Baseball,Spread,Finalized,0,41,0.23,0,0.23
2026-08-05,UDXCOMBO-10698779888331690645,Other,Combo-10698779888331690645,Finalized,40,40,0.12,0,0.12
2026-08-05,UDXCOMBO-1588947765116285010,Other,Combo-1588947765116285010,Finalized,40,40,0.12,0,0.12
2026-08-05,UDXCOMBO-7868357089550274418,Other,Combo-7868357089550274418,Finalized,40,40,0.23,0,0.23
2026-08-05,UDXCOMBO-11887483217657039111,Other,Combo-11887483217657039111,Finalized,0,40,0.24,0,0.24
2026-08-05,UDXCOMBO-14040817971465387271,Other,Combo-14040817971465387271,Finalized,0,40,0.24,0,0.24
2026-08-05,UDXCOMBO-15123901875092383042,Other,Combo-15123901875092383042,Finalized,0,40,0.21,0,0.21
2026-08-05,UDXCOMBO-15443238447102205348,Other,Combo-15443238447102205348,Finalized,0,40,0.12,0,0.12
2026-08-05,UDXCOMBO-15890154309885320454,Other,Combo-15890154309885320454,Finalized,0,40,0.58,0,0.58
2026-08-05,UDXCOMBO-17069808761840872031,Other,Combo-17069808761840872031,Finalized,0,40,0.61,0,0.61
2026-08-05,UDXCOMBO-2454261640238903484,Other,Combo-2454261640238903484,Finalized,0,40,0.12,0,0.12
2026-08-05,UDXCOMBO-2580422401882547345,Other,Combo-2580422401882547345,Finalized,0,40,0.1,0,0.1
2026-08-05,UDXCOMBO-3043608602813266961,Other,Combo-3043608602813266961,Finalized,0,40,0.12,0,0.12
2026-08-05,UDXCOMBO-5883044189282659475,Other,Combo-5883044189282659475,Finalized,0,40,0.48,0,0.48
2026-08-05,UDXCOMBO-9107237660887886772,Other,Combo-9107237660887886772,Finalized,0,40,0.21,0,0.21
2026-08-05,UDXWNBASPREAD_SEANY2026AUG05_NY21.5,Basketball (pro),Spread,Finalized,0,40,0.14,0,0.14
2026-08-05,UDXCOMBO-11545971647320617107,Other,Combo-11545971647320617107,Finalized,39,39,0.12,0,0.12
2026-08-05,UDXCOMBO-13238365721510124787,Other,Combo-13238365721510124787,Finalized,39,39,0.37,0,0.37
2026-08-05,UDXCOMBO-1819025618134686907,Other,Combo-1819025618134686907,Finalized,39,39,0.24,0,0.24
2026-08-05,UDXCOMBO-1968070385859653990,Other,Combo-1968070385859653990,Finalized,39,39,0.44,0,0.44
2026-08-05,UDXCOMBO-8732290210940155090,Other,Combo-8732290210940155090,Finalized,39,39,0.24,0,0.24
2026-08-05,UDXCOMBO-9423592314873750179,Other,Combo-9423592314873750179,Finalized,39,39,0.12,0,0.12
2026-08-05,UDXCOMBO-10976969637508522159,Other,Combo-10976969637508522159,Finalized,0,39,0.07,0,0.07
2026-08-05,UDXCOMBO-1980084073524487987,Other,Combo-1980084073524487987,Finalized,0,39,0.06,0,0.06
2026-08-05,UDXCOMBO-2683035968821220145,Other,Combo-2683035968821220145,Finalized,0,39,0.24,0,0.24
2026-08-05,UDXCOMBO-2811843451028705845,Other,Combo-2811843451028705845,Finalized,0,39,0.44,0,0.44
2026-08-05,UDXCOMBO-6709977969546223439,Other,Combo-6709977969546223439,Finalized,0,39,0.22,0,0.22
2026-08-05,UDXMLBSPREAD_PITMIL26AUG051940_MIL3.5,Baseball,Spread,Finalized,0,39,0.62,0,0.62
2026-08-05,UDXCOMBO-13720852398301048689,Other,Combo-13720852398301048689,Finalized,38,38,0.27,0,0.27
2026-08-05,UDXCOMBO-13773177469198414682,Other,Combo-13773177469198414682,Finalized,38,38,0.25,0,0.25
2026-08-05,UDXCOMBO-16415527669150647083,Other,Combo-16415527669150647083,Finalized,38,38,0.5,0,0.5
2026-08-05,UDXCOMBO-16660627831063283231,Other,Combo-16660627831063283231,Finalized,38,38,0.4,0,0.4
2026-08-05,UDXCOMBO-4571147506900323790,Other,Combo-4571147506900323790,Finalized,38,38,0.22,0,0.22
2026-08-05,UDXCOMBO-10701899615223239226,Other,Combo-10701899615223239226,Finalized,0,38,0.12,0,0.12
2026-08-05,UDXCOMBO-14230098879914497376,Other,Combo-14230098879914497376,Finalized,0,38,0.11,0,0.11
2026-08-05,UDXCOMBO-15303012171390700842,Other,Combo-15303012171390700842,Finalized,0,38,0.5,0,0.5
2026-08-05,UDXCOMBO-15453011625654029791,Other,Combo-15453011625654029791,Finalized,0,38,0.13,0,0.13
2026-08-05,UDXCOMBO-1549071406952831708,Other,Combo-1549071406952831708,Finalized,0,38,0.56,0,0.56
2026-08-05,UDXCOMBO-16525952168805598218,Other,Combo-16525952168805598218,Finalized,0,38,0.12,0,0.12
2026-08-05,UDXCOMBO-3671270071036762261,Other,Combo-3671270071036762261,Finalized,0,38,0.25,0,0.25
2026-08-05,UDXCOMBO-3921822297596368304,Other,Combo-3921822297596368304,Finalized,0,38,0.24,0,0.24
2026-08-05,UDXCOMBO-4390649053790953406,Other,Combo-4390649053790953406,Finalized,0,38,0.25,0,0.25
2026-08-05,UDXCOMBO-5149813796176869160,Other,Combo-5149813796176869160,Finalized,0,38,0.5,0,0.5
2026-08-05,UDXCOMBO-7187328334800295297,Other,Combo-7187328334800295297,Finalized,0,38,0.12,0,0.12
2026-08-05,UDXCOMBO-7718300098014691483,Other,Combo-7718300098014691483,Finalized,0,38,0.1,0,0.1
2026-08-05,UDXCOMBO-8393872149727512979,Other,Combo-8393872149727512979,Finalized,0,38,0.41,0,0.41
2026-08-05,UDXCOMBO-9255757479523871107,Other,Combo-9255757479523871107,Finalized,0,38,0.5,0,0.5
2026-08-05,UDXCOMBO-6676196750593292133,Other,Combo-6676196750593292133,Finalized,0,37.47,0.25,0,0.25
2026-08-05,UDXCOMBO-17345925469613673818,Other,Combo-17345925469613673818,Finalized,37,37,0.36,0,0.36
2026-08-05,UDXCOMBO-3149571945779876041,Other,Combo-3149571945779876041,Finalized,37,37,0.25,0,0.25
2026-08-05,UDXMLBTOTAL_DETSEA26AUG052140_10.5,Baseball,Total,Finalized,37,37,0.24,0,0.24
2026-08-05,UDXCOMBO-12441814093265198689,Other,Combo-12441814093265198689,Finalized,0,37,0.13,0,0.13
2026-08-05,UDXCOMBO-14183775826738446142,Other,Combo-14183775826738446142,Finalized,0,37,0.31,0,0.31
2026-08-05,UDXCOMBO-14325951411523579031,Other,Combo-14325951411523579031,Finalized,0,37,0.25,0,0.25
2026-08-05,UDXCOMBO-16594621054707810008,Other,Combo-16594621054707810008,Finalized,0,37,0.13,0,0.13
2026-08-05,UDXCOMBO-17726938254076832636,Other,Combo-17726938254076832636,Finalized,0,37,0.03,0,0.03
2026-08-05,UDXCOMBO-3133150129716616235,Other,Combo-3133150129716616235,Finalized,0,37,0.09,0,0.09
2026-08-05,UDXCOMBO-6923894932554546448,Other,Combo-6923894932554546448,Finalized,0,37,0.23,0,0.23
2026-08-05,UDXCOMBO-11966641078517806243,Other,Combo-11966641078517806243,Finalized,36,36,0.26,0,0.26
2026-08-05,UDXCOMBO-365750703869591155,Other,Combo-365750703869591155,Finalized,36,36,0.26,0,0.26
2026-08-05,UDXCOMBO-11711537240672214092,Other,Combo-11711537240672214092,Finalized,0,36,0.23,0,0.23
2026-08-05,UDXCOMBO-12447905544129414213,Other,Combo-12447905544129414213,Finalized,0,36,0.4,0,0.4
2026-08-05,UDXCOMBO-13765269752675404713,Other,Combo-13765269752675404713,Finalized,0,36,0.23,0,0.23
2026-08-05,UDXCOMBO-1615636466476836466,Other,Combo-1615636466476836466,Finalized,0,36,0.15,0,0.15
2026-08-05,UDXCOMBO-4067252825469902073,Other,Combo-4067252825469902073,Finalized,0,36,0.24,0,0.24
2026-08-05,UDXCOMBO-5508512439214270635,Other,Combo-5508512439214270635,Finalized,0,36,0.14,0,0.14
2026-08-05,UDXCOMBO-6716273505491171254,Other,Combo-6716273505491171254,Finalized,0,36,0.26,0,0.26
2026-08-05,UDXCOMBO-15121429135589890935,Other,Combo-15121429135589890935,Finalized,35,35,0.62,0,0.62
2026-08-05,UDXCOMBO-5591325267608872547,Other,Combo-5591325267608872547,Finalized,35,35,0.12,0,0.12
2026-08-05,UDXCOMBO-10716046580358670953,Other,Combo-10716046580358670953,Finalized,0,35,0.41,0,0.41
2026-08-05,UDXCOMBO-14253987166886764395,Other,Combo-14253987166886764395,Finalized,0,35,0.27,0,0.27
2026-08-05,UDXCOMBO-14836097683499424522,Other,Combo-14836097683499424522,Finalized,0,35,0.13,0,0.13
2026-08-05,UDXCOMBO-15282474477447586618,Other,Combo-15282474477447586618,Finalized,0,35,0.27,0,0.27
2026-08-05,UDXCOMBO-16494085614940908996,Other,Combo-16494085614940908996,Finalized,0,35,0.13,0,0.13
2026-08-05,UDXCOMBO-2026489365918533481,Other,Combo-2026489365918533481,Finalized,0,35,0.13,0,0.13
2026-08-05,UDXCOMBO-4125451097950700480,Other,Combo-4125451097950700480,Finalized,0,35,0.13,0,0.13
2026-08-05,UDXCOMBO-4813797208413115722,Other,Combo-4813797208413115722,Finalized,0,35,0.24,0,0.24
2026-08-05,UDXCOMBO-5218592152481198694,Other,Combo-5218592152481198694,Finalized,0,35,0.27,0,0.27
2026-08-05,UDXCOMBO-5733392160296829253,Other,Combo-5733392160296829253,Finalized,0,35,0.13,0,0.13
2026-08-05,UDXCOMBO-6302893095552674213,Other,Combo-6302893095552674213,Finalized,0,35,0.13,0,0.13
2026-08-05,UDXCOMBO-6918810876725673313,Other,Combo-6918810876725673313,Finalized,0,35,0.27,0,0.27
2026-08-05,UDXCOMBO-722702065762305338,Other,Combo-722702065762305338,Finalized,0,35,0.27,0,0.27
2026-08-05,UDXCOMBO-7406113129287656648,Other,Combo-7406113129287656648,Finalized,0,35,0.3,0,0.28
2026-08-05,UDXCOMBO-9214216040809362853,Other,Combo-9214216040809362853,Finalized,0,35,0.24,0,0.24
2026-08-05,UDXCOMBO-14539518283850748766,Other,Combo-14539518283850748766,Finalized,34,34,0.12,0,0.12
2026-08-05,UDXCOMBO-16523560676955887026,Other,Combo-16523560676955887026,Finalized,34,34,0.19,0,0.19
2026-08-05,UDXCOMBO-4334687492370667578,Other,Combo-4334687492370667578,Finalized,34,34,0.14,0,0.14
2026-08-05,UDXCOMBO-8565012895176270855,Other,Combo-8565012895176270855,Finalized,34,34,0.77,0,0.77
2026-08-05,UDXCOMBO-8663977338720537261,Other,Combo-8663977338720537261,Finalized,34,34,0.25,0,0.25
2026-08-05,UDXCOMBO-8878765424144119076,Other,Combo-8878765424144119076,Finalized,34,34,0.42,0,0.42
2026-08-05,UDXCOMBO-1110264453520812678,Other,Combo-1110264453520812678,Finalized,0,34,0.56,0,0.56
2026-08-05,UDXCOMBO-11140005818208550809,Other,Combo-11140005818208550809,Finalized,0,34,0.27,0,0.27
2026-08-05,UDXCOMBO-11379174937361114790,Other,Combo-11379174937361114790,Finalized,0,34,0.03,0,0.03
2026-08-05,UDXCOMBO-15981846582184817559,Other,Combo-15981846582184817559,Finalized,0,34,0.28,0,0.28
2026-08-05,UDXCOMBO-17132293083731840852,Other,Combo-17132293083731840852,Finalized,0,34,0.05,0,0.05
2026-08-05,UDXCOMBO-17668282989819795790,Other,Combo-17668282989819795790,Finalized,0,34,0.12,0,0.12
2026-08-05,UDXCOMBO-18224153247760260363,Other,Combo-18224153247760260363,Finalized,0,34,0.28,0,0.28
2026-08-05,UDXCOMBO-1904986033094781338,Other,Combo-1904986033094781338,Finalized,0,34,0.11,0,0.11
2026-08-05,UDXCOMBO-3690506101139980118,Other,Combo-3690506101139980118,Finalized,0,34,0.15,0,0.15
2026-08-05,UDXCOMBO-413463617192940846,Other,Combo-413463617192940846,Finalized,0,34,0.27,0,0.27
2026-08-05,UDXCOMBO-4205561892518757811,Other,Combo-4205561892518757811,Finalized,0,34,0.25,0,0.25
2026-08-05,UDXCOMBO-4710860685444460828,Other,Combo-4710860685444460828,Finalized,0,34,0.14,0,0.14
2026-08-05,UDXCOMBO-6842893246979605110,Other,Combo-6842893246979605110,Finalized,0,34,0.08,0,0.08
2026-08-05,UDXCOMBO-7768363949491217343,Other,Combo-7768363949491217343,Finalized,0,34,0.42,0,0.42
2026-08-05,UDXCOMBO-8565379741991348364,Other,Combo-8565379741991348364,Finalized,0,34,0.28,0,0.28
2026-08-05,UDXCOMBO-9197236643357135191,Other,Combo-9197236643357135191,Finalized,0,34,0.16,0,0.16
2026-08-05,UDXMLBTOTAL_LAABAL26AUG051835_3.5,Baseball,Total,Finalized,0,34,0.85,0,0.85
2026-08-05,UDXCOMBO-10546690654723780216,Other,Combo-10546690654723780216,Finalized,33,33,0.28,0,0.28
2026-08-05,UDXCOMBO-16599517763957822714,Other,Combo-16599517763957822714,Finalized,0,33,0.13,0,0.13
2026-08-05,UDXCOMBO-1861324752521729369,Other,Combo-1861324752521729369,Finalized,0,33,0.28,0,0.28
2026-08-05,UDXCOMBO-2194650454251155385,Other,Combo-2194650454251155385,Finalized,0,33,0.28,0,0.28
2026-08-05,UDXCOMBO-4449602667534251873,Other,Combo-4449602667534251873,Finalized,0,33,0.36,0,0.36
2026-08-05,UDXCOMBO-6395566267311024212,Other,Combo-6395566267311024212,Finalized,0,33,0.14,0,0.14
2026-08-05,UDXCOMBO-8165957013056900941,Other,Combo-8165957013056900941,Finalized,0,33,0.21,0,0.21
2026-08-05,UDXCOMBO-8791737033433005074,Other,Combo-8791737033433005074,Finalized,0,33,0.1,0,0.1
2026-08-05,UDXCOMBO-8863103397964988795,Other,Combo-8863103397964988795,Finalized,0,33,0.11,0,0.11
2026-08-05,UDXCOMBO-9643464816973591273,Other,Combo-9643464816973591273,Finalized,0,33,0.08,0,0.08
2026-08-05,UDXCOMBO-15079583321840817135,Other,Combo-15079583321840817135,Finalized,32,32,0.13,0,0.13
2026-08-05,UDXCOMBO-5451359523953924905,Other,Combo-5451359523953924905,Finalized,32,32,0.14,0,0.14
2026-08-05,UDXCOMBO-10375949516946909378,Other,Combo-10375949516946909378,Finalized,0,32,0.06,0,0.06
2026-08-05,UDXCOMBO-10937282597915290454,Other,Combo-10937282597915290454,Finalized,0,32,0.06,0,0.06
2026-08-05,UDXCOMBO-1227601936127946678,Other,Combo-1227601936127946678,Finalized,0,32,0.23,0,0.23
2026-08-05,UDXCOMBO-12707222351705950443,Other,Combo-12707222351705950443,Finalized,0,32,0.13,0,0.13
2026-08-05,UDXCOMBO-14544057721556897696,Other,Combo-14544057721556897696,Finalized,0,32,0.27,0,0.27
2026-08-05,UDXCOMBO-15384227702145796446,Other,Combo-15384227702145796446,Finalized,0,32,0.15,0,0.15
2026-08-05,UDXCOMBO-15685056797778000203,Other,Combo-15685056797778000203,Finalized,0,32,0.27,0,0.27
2026-08-05,UDXCOMBO-16502468555334745701,Other,Combo-16502468555334745701,Finalized,0,32,0.45,0,0.45
2026-08-05,UDXCOMBO-17788238491778545646,Other,Combo-17788238491778545646,Finalized,0,32,0.06,0,0.06
2026-08-05,UDXCOMBO-18225165599182014831,Other,Combo-18225165599182014831,Finalized,0,32,0.2,0,0.2
2026-08-05,UDXCOMBO-2093546522134525427,Other,Combo-2093546522134525427,Finalized,0,32,0.26,0,0.26
2026-08-05,UDXCOMBO-2195084497658153313,Other,Combo-2195084497658153313,Finalized,0,32,0.26,0,0.26
2026-08-05,UDXCOMBO-3234535095890565998,Other,Combo-3234535095890565998,Finalized,0,32,0.12,0,0.12
2026-08-05,UDXCOMBO-4265925992973155245,Other,Combo-4265925992973155245,Finalized,0,32,0.14,0,0.14
2026-08-05,UDXCOMBO-4852167119894976731,Other,Combo-4852167119894976731,Finalized,0,32,0.3,0,0.3
2026-08-05,UDXCOMBO-6586359802025483890,Other,Combo-6586359802025483890,Finalized,0,32,0.3,0,0.3
2026-08-05,UDXCOMBO-7824311238500989920,Other,Combo-7824311238500989920,Finalized,0,32,0.33,0,0.33
2026-08-05,UDXCOMBO-10755861343282488310,Other,Combo-10755861343282488310,Finalized,31,31,0.46,0,0.46
2026-08-05,UDXCOMBO-12924958214453195259,Other,Combo-12924958214453195259,Finalized,31,31,0.3,0,0.3
2026-08-05,UDXCOMBO-13496338359410813670,Other,Combo-13496338359410813670,Finalized,31,31,0.63,0,0.63
2026-08-05,UDXCOMBO-14602218648333644153,Other,Combo-14602218648333644153,Finalized,31,31,0.25,0,0.25
2026-08-05,UDXCOMBO-14747675224002912967,Other,Combo-14747675224002912967,Finalized,31,31,0.13,0,0.13
2026-08-05,UDXCOMBO-7078061100504195547,Other,Combo-7078061100504195547,Finalized,31,31,0.15,0,0.15
2026-08-05,UDXCOMBO-7509105759128418769,Other,Combo-7509105759128418769,Finalized,31,31,0.3,0,0.3
2026-08-05,UDXCOMBO-12481597636673200638,Other,Combo-12481597636673200638,Finalized,0,31,0.09,0,0.09
2026-08-05,UDXCOMBO-12778621965853823127,Other,Combo-12778621965853823127,Finalized,0,31,0.06,0,0.06
2026-08-05,UDXCOMBO-1305488153483799973,Other,Combo-1305488153483799973,Finalized,0,31,0.03,0,0.03
2026-08-05,UDXCOMBO-1310584980676115766,Other,Combo-1310584980676115766,Finalized,0,31,0.06,0,0.06
2026-08-05,UDXCOMBO-1568398358587826242,Other,Combo-1568398358587826242,Finalized,0,31,0.03,0,0.03
2026-08-05,UDXCOMBO-18112590395287702667,Other,Combo-18112590395287702667,Finalized,0,31,0.15,0,0.15
2026-08-05,UDXCOMBO-18323466315936322921,Other,Combo-18323466315936322921,Finalized,0,31,0.07,0,0.07
2026-08-05,UDXCOMBO-2058123422089015148,Other,Combo-2058123422089015148,Finalized,0,31,0.31,0,0.31
2026-08-05,UDXCOMBO-3465394480626008730,Other,Combo-3465394480626008730,Finalized,0,31,0.3,0,0.3
2026-08-05,UDXCOMBO-4247975492799952084,Other,Combo-4247975492799952084,Finalized,0,31,0.55,0,0.55
2026-08-05,UDXCOMBO-4993922101539063050,Other,Combo-4993922101539063050,Finalized,0,31,0.31,0,0.31
2026-08-05,UDXCOMBO-6148424616913695032,Other,Combo-6148424616913695032,Finalized,0,31,0.47,0,0.47
2026-08-05,UDXCOMBO-6983355736677570812,Other,Combo-6983355736677570812,Finalized,0,31,0.46,0,0.46
2026-08-05,UDXCOMBO-8033520724494916754,Other,Combo-8033520724494916754,Finalized,0,31,0.31,0,0.31
2026-08-05,UDXCOMBO-9217068924063598025,Other,Combo-9217068924063598025,Finalized,0,31,0.03,0,0.03
2026-08-05,UDXCOMBO-9442129619129428421,Other,Combo-9442129619129428421,Finalized,0,31,0.15,0,0.15
2026-08-05,UDXCOMBO-17386413312756044260,Other,Combo-17386413312756044260,Finalized,30,30,0.32,0,0.32
2026-08-05,UDXCOMBO-10222617944817338453,Other,Combo-10222617944817338453,Finalized,0,30,0.03,0,0.03
2026-08-05,UDXCOMBO-10933476628234918110,Other,Combo-10933476628234918110,Finalized,0,30,0.48,0,0.48
2026-08-05,UDXCOMBO-12220963354718970069,Other,Combo-12220963354718970069,Finalized,0,30,0.16,0,0.16
2026-08-05,UDXCOMBO-12884137892714411672,Other,Combo-12884137892714411672,Finalized,0,30,0.32,0,0.32
2026-08-05,UDXCOMBO-15406553552677892815,Other,Combo-15406553552677892815,Finalized,0,30,0.28,0,0.28
2026-08-05,UDXCOMBO-16154603803318986371,Other,Combo-16154603803318986371,Finalized,0,30,0.03,0,0.03
2026-08-05,UDXCOMBO-16169988726306049536,Other,Combo-16169988726306049536,Finalized,0,30,0.03,0,0.03
2026-08-05,UDXCOMBO-16919446917099702717,Other,Combo-16919446917099702717,Finalized,0,30,0.16,0,0.16
2026-08-05,UDXCOMBO-17617854567492109,Other,Combo-17617854567492109,Finalized,0,30,0.47,0,0.47
2026-08-05,UDXCOMBO-17716956384633367923,Other,Combo-17716956384633367923,Finalized,0,30,0.31,0,0.31
2026-08-05,UDXCOMBO-17914572255813103690,Other,Combo-17914572255813103690,Finalized,0,30,0.16,0,0.16
2026-08-05,UDXCOMBO-18384593903806434361,Other,Combo-18384593903806434361,Finalized,0,30,0.34,0,0.34
2026-08-05,UDXCOMBO-197429070928819603,Other,Combo-197429070928819603,Finalized,0,30,0.16,0,0.16
2026-08-05,UDXCOMBO-2153938238901861727,Other,Combo-2153938238901861727,Finalized,0,30,0.28,0,0.28
2026-08-05,UDXCOMBO-2950377271695397470,Other,Combo-2950377271695397470,Finalized,0,30,0.14,0,0.14
2026-08-05,UDXCOMBO-3510277161801547573,Other,Combo-3510277161801547573,Finalized,0,30,0.28,0,0.28
2026-08-05,UDXCOMBO-3901179019670659683,Other,Combo-3901179019670659683,Finalized,0,30,0.06,0,0.06
2026-08-05,UDXCOMBO-3919475378877228314,Other,Combo-3919475378877228314,Finalized,0,30,0.31,0,0.31
2026-08-05,UDXCOMBO-4688679806866294978,Other,Combo-4688679806866294978,Finalized,0,30,0.28,0,0.28
2026-08-05,UDXCOMBO-6486128040307582673,Other,Combo-6486128040307582673,Finalized,0,30,0.16,0,0.16
2026-08-05,UDXCOMBO-7047366193937276220,Other,Combo-7047366193937276220,Finalized,0,30,0.15,0,0.15
2026-08-05,UDXCOMBO-8221745360086150523,Other,Combo-8221745360086150523,Finalized,0,30,0.27,0,0.27
2026-08-05,UDXCOMBO-9101061732512743059,Other,Combo-9101061732512743059,Finalized,0,30,0.52,0,0.52
2026-08-05,UDXCOMBO-9807854560266686036,Other,Combo-9807854560266686036,Finalized,0,30,0.72,0,0.72
2026-08-05,UDXCOMBO-13116821725299563142,Other,Combo-13116821725299563142,Finalized,29,29,0.15,0,0.15
2026-08-05,UDXCOMBO-15058097659403608201,Other,Combo-15058097659403608201,Finalized,29,29,0.16,0,0.16
2026-08-05,UDXCOMBO-1849160833643459863,Other,Combo-1849160833643459863,Finalized,29,29,0.38,0,0.38
2026-08-05,UDXCOMBO-2787543159595701117,Other,Combo-2787543159595701117,Finalized,29,29,0.11,0,0.11
2026-08-05,UDXCOMBO-4714821444297439785,Other,Combo-4714821444297439785,Finalized,29,29,0.33,0,0.33
2026-08-05,UDXCOMBO-10119682048828995402,Other,Combo-10119682048828995402,Finalized,0,29,0.03,0,0.03
2026-08-05,UDXCOMBO-10357820374271618696,Other,Combo-10357820374271618696,Finalized,0,29,0.18,0,0.18
2026-08-05,UDXCOMBO-10435191328480871392,Other,Combo-10435191328480871392,Finalized,0,29,0.04,0,0.04
2026-08-05,UDXCOMBO-13466039957821145664,Other,Combo-13466039957821145664,Finalized,0,29,0.63,0,0.63
2026-08-05,UDXCOMBO-13467707709752366753,Other,Combo-13467707709752366753,Finalized,0,29,0.16,0,0.16
2026-08-05,UDXCOMBO-13936445830653458787,Other,Combo-13936445830653458787,Finalized,0,29,0.14,0,0.14
2026-08-05,UDXCOMBO-14015620672559179811,Other,Combo-14015620672559179811,Finalized,0,29,0.16,0,0.16
2026-08-05,UDXCOMBO-14655547174872706203,Other,Combo-14655547174872706203,Finalized,0,29,0.36,0,0.36
2026-08-05,UDXCOMBO-1690406733126992071,Other,Combo-1690406733126992071,Finalized,0,29,0.32,0,0.32
2026-08-05,UDXCOMBO-17552853023192141275,Other,Combo-17552853023192141275,Finalized,0,29,0.59,0,0.59
2026-08-05,UDXCOMBO-2904841192216313745,Other,Combo-2904841192216313745,Finalized,0,29,0.06,0,0.06
2026-08-05,UDXCOMBO-3107931497348946663,Other,Combo-3107931497348946663,Finalized,0,29,0.25,0,0.25
2026-08-05,UDXCOMBO-4248005247638372674,Other,Combo-4248005247638372674,Finalized,0,29,0.1,0,0.1
2026-08-05,UDXCOMBO-592014812704829208,Other,Combo-592014812704829208,Finalized,0,29,0.17,0,0.17
2026-08-05,UDXCOMBO-6648563015268795358,Other,Combo-6648563015268795358,Finalized,0,29,0.33,0,0.33
2026-08-05,UDXCOMBO-13223139680323848411,Other,Combo-13223139680323848411,Finalized,28,28,0.34,0,0.34
2026-08-05,UDXCOMBO-17723433557621841087,Other,Combo-17723433557621841087,Finalized,28,28,0.34,0,0.34
2026-08-05,UDXCOMBO-2177050705593327114,Other,Combo-2177050705593327114,Finalized,28,28,0.42,0,0.42
2026-08-05,UDXCOMBO-3496594656266302337,Other,Combo-3496594656266302337,Finalized,28,28,0.51,0,0.51
2026-08-05,UDXCOMBO-703638484622010076,Other,Combo-703638484622010076,Finalized,28,28,0.09,0,0.09
2026-08-05,UDXMLBSPREAD_OAKCIN26AUG061240_CIN1.5,Baseball,Spread,Finalized,24,28,0.43,0,0.43
2026-08-05,UDXCOMBO-10911662051965548474,Other,Combo-10911662051965548474,Finalized,0,28,0.2,0,0.2
2026-08-05,UDXCOMBO-12020738602109921960,Other,Combo-12020738602109921960,Finalized,0,28,0.14,0,0.14
2026-08-05,UDXCOMBO-12135331213550324567,Other,Combo-12135331213550324567,Finalized,0,28,0.15,0,0.15
2026-08-05,UDXCOMBO-13446705601361913647,Other,Combo-13446705601361913647,Finalized,0,28,0.2,0,0.2
2026-08-05,UDXCOMBO-16652266937420320942,Other,Combo-16652266937420320942,Finalized,0,28,0.15,0,0.15
2026-08-05,UDXCOMBO-18265819348096929753,Other,Combo-18265819348096929753,Finalized,0,28,0.31,0,0.31
2026-08-05,UDXCOMBO-2255127578520954603,Other,Combo-2255127578520954603,Finalized,0,28,0.11,0,0.11
2026-08-05,UDXCOMBO-6007279880463265661,Other,Combo-6007279880463265661,Finalized,0,28,0.33,0,0.33
2026-08-05,UDXCOMBO-6760485536148075568,Other,Combo-6760485536148075568,Finalized,0,28,0.06,0,0.06
2026-08-05,UDXMLBTOTAL_CWSBOS26AUG051910_11.5,Baseball,Total,Finalized,0,28,0.22,0,0.22
2026-08-05,UDXCOMBO-5075666169271779651,Other,Combo-5075666169271779651,Finalized,27,27,0.2,0,0.2
2026-08-05,UDXCOMBO-5921190274196393787,Other,Combo-5921190274196393787,Finalized,27,27,0.35,0,0.35
2026-08-05,UDXCOMBO-6934033936071114902,Other,Combo-6934033936071114902,Finalized,27,27,0.35,0,0.35
2026-08-05,UDXCOMBO-10649997293038051916,Other,Combo-10649997293038051916,Finalized,0,27,0.17,0,0.17
2026-08-05,UDXCOMBO-11266379442450049399,Other,Combo-11266379442450049399,Finalized,0,27,0.14,0,0.14
2026-08-05,UDXCOMBO-11924769840206187762,Other,Combo-11924769840206187762,Finalized,0,27,0.14,0,0.14
2026-08-05,UDXCOMBO-12671667779712045657,Other,Combo-12671667779712045657,Finalized,0,27,0.35,0,0.35
2026-08-05,UDXCOMBO-12974686079360861694,Other,Combo-12974686079360861694,Finalized,0,27,0.05,0,0.05
2026-08-05,UDXCOMBO-13346510488094521587,Other,Combo-13346510488094521587,Finalized,0,27,0.17,0,0.17
2026-08-05,UDXCOMBO-14481835434296359505,Other,Combo-14481835434296359505,Finalized,0,27,0.39,0,0.39
2026-08-05,UDXCOMBO-2271627104812023202,Other,Combo-2271627104812023202,Finalized,0,27,0.07,0,0.07
2026-08-05,UDXCOMBO-2276822412158613925,Other,Combo-2276822412158613925,Finalized,0,27,0.16,0,0.16
2026-08-05,UDXCOMBO-2722535233201743969,Other,Combo-2722535233201743969,Finalized,0,27,0.16,0,0.16
2026-08-05,UDXCOMBO-5610743812635895630,Other,Combo-5610743812635895630,Finalized,0,27,0.18,0,0.18
2026-08-05,UDXCOMBO-5982864502099288989,Other,Combo-5982864502099288989,Finalized,0,27,0.32,0,0.32
2026-08-05,UDXCOMBO-6431351100696838414,Other,Combo-6431351100696838414,Finalized,0,27,0.35,0,0.35
2026-08-05,UDXCOMBO-6697197777288434253,Other,Combo-6697197777288434253,Finalized,0,27,0.15,0,0.15
2026-08-05,UDXCOMBO-7485908447570559599,Other,Combo-7485908447570559599,Finalized,0,27,0.17,0,0.17
2026-08-05,UDXCOMBO-7749315182625266137,Other,Combo-7749315182625266137,Finalized,0,27,0.17,0,0.17
2026-08-05,UDXCOMBO-8722271615980412920,Other,Combo-8722271615980412920,Finalized,0,27,0.03,0,0.03
2026-08-05,UDXCOMBO-14674127491408084717,Other,Combo-14674127491408084717,Finalized,0,26.63,0.37,0,0.37
2026-08-05,UDXCOMBO-17432834961108136083,Other,Combo-17432834961108136083,Finalized,26,26,0.37,0,0.37
2026-08-05,UDXCOMBO-4906608607469469255,Other,Combo-4906608607469469255,Finalized,26,26,0.18,0,0.18
2026-08-05,UDXCOMBO-10596321057456642050,Other,Combo-10596321057456642050,Finalized,0,26,0.31,0,0.31
2026-08-05,UDXCOMBO-10934516702341730152,Other,Combo-10934516702341730152,Finalized,0,26,0.32,0,0.32
2026-08-05,UDXCOMBO-12911466402336230693,Other,Combo-12911466402336230693,Finalized,0,26,0.08,0,0.08
2026-08-05,UDXCOMBO-14754646021961453876,Other,Combo-14754646021961453876,Finalized,0,26,0.18,0,0.18
2026-08-05,UDXCOMBO-15014564049204444019,Other,Combo-15014564049204444019,Finalized,0,26,0.04,0,0.04
2026-08-05,UDXCOMBO-15385026371372280015,Other,Combo-15385026371372280015,Finalized,0,26,0.36,0,0.36
2026-08-05,UDXCOMBO-15895038998518387558,Other,Combo-15895038998518387558,Finalized,0,26,0.18,0,0.18
2026-08-05,UDXCOMBO-4281229490355751657,Other,Combo-4281229490355751657,Finalized,0,26,0.19,0,0.19
2026-08-05,UDXCOMBO-4354364449663703773,Other,Combo-4354364449663703773,Finalized,0,26,0.04,0,0.04
2026-08-05,UDXCOMBO-461185485055255487,Other,Combo-461185485055255487,Finalized,0,26,0.36,0,0.36
2026-08-05,UDXCOMBO-8753060675287786212,Other,Combo-8753060675287786212,Finalized,0,26,0.38,0,0.38
2026-08-05,UDXCOMBO-9570065247137534092,Other,Combo-9570065247137534092,Finalized,0,26,0.5,0,0.5
2026-08-05,UDXCOMBO-10855630862030265641,Other,Combo-10855630862030265641,Finalized,25,25,0.33,0,0.33
2026-08-05,UDXCOMBO-18121116820317574219,Other,Combo-18121116820317574219,Finalized,25,25,0.35,0,0.35
2026-08-05,UDXCOMBO-1898656421228713174,Other,Combo-1898656421228713174,Finalized,25,25,0.38,0,0.38
2026-08-05,UDXCOMBO-5486892300443019232,Other,Combo-5486892300443019232,Finalized,25,25,0.35,0,0.35
2026-08-05,UDXCOMBO-629578071851386744,Other,Combo-629578071851386744,Finalized,25,25,0.52,0,0.52
2026-08-05,UDXMLBGAMEWIN_CWSBOS26AUG061910_CWS,Baseball,Moneyline,Finalized,25,25,0.38,0,0.38
2026-08-05,UDXCOMBO-11991785136226381799,Other,Combo-11991785136226381799,Finalized,0,25,0.34,0,0.34
2026-08-05,UDXCOMBO-12259446551349353799,Other,Combo-12259446551349353799,Finalized,0,25,0.33,0,0.33
2026-08-05,UDXCOMBO-12867907279851902525,Other,Combo-12867907279851902525,Finalized,0,25,0.38,0,0.38
2026-08-05,UDXCOMBO-15028748136340423596,Other,Combo-15028748136340423596,Finalized,0,25,0.03,0,0.03
2026-08-05,UDXCOMBO-15099523690639695440,Other,Combo-15099523690639695440,Finalized,0,25,0.09,0,0.09
2026-08-05,UDXCOMBO-15763923233953668615,Other,Combo-15763923233953668615,Finalized,0,25,0.09,0,0.09
2026-08-05,UDXCOMBO-1624233327120869530,Other,Combo-1624233327120869530,Finalized,0,25,0.32,0,0.32
2026-08-05,UDXCOMBO-2619168640048360733,Other,Combo-2619168640048360733,Finalized,0,25,0.37,0,0.37
2026-08-05,UDXCOMBO-2642655150810214271,Other,Combo-2642655150810214271,Finalized,0,25,0.19,0,0.19
2026-08-05,UDXCOMBO-5479683017526753701,Other,Combo-5479683017526753701,Finalized,0,25,0.16,0,0.16
2026-08-05,UDXCOMBO-6175298369962423050,Other,Combo-6175298369962423050,Finalized,0,25,0.19,0,0.19
2026-08-05,UDXCOMBO-651380996039367390,Other,Combo-651380996039367390,Finalized,0,25,0.34,0,0.34
2026-08-05,UDXCOMBO-714212788308544119,Other,Combo-714212788308544119,Finalized,0,25,0.17,0,0.17
2026-08-05,UDXCOMBO-8179896833199090314,Other,Combo-8179896833199090314,Finalized,0,25,0.08,0,0.08
2026-08-05,UDXCOMBO-8497835544230769620,Other,Combo-8497835544230769620,Finalized,0,25,0.68,0,0.68
2026-08-05,UDXCOMBO-9966168035780085385,Other,Combo-9966168035780085385,Finalized,0,25,0.33,0,0.33
2026-08-05,UDXCOMBO-10633693390811551689,Other,Combo-10633693390811551689,Finalized,24,24,0.39,0,0.39
2026-08-05,UDXCOMBO-12205905417624811496,Other,Combo-12205905417624811496,Finalized,24,24,0.39,0,0.39
2026-08-05,UDXCOMBO-13064603791918467085,Other,Combo-13064603791918467085,Finalized,24,24,0.35,0,0.35
2026-08-05,UDXCOMBO-1601260931533183153,Other,Combo-1601260931533183153,Finalized,24,24,0.04,0,0.04
2026-08-05,UDXCOMBO-8603263596026779834,Other,Combo-8603263596026779834,Finalized,24,24,0.18,0,0.18
2026-08-05,UDXCOMBO-1503042092017119296,Other,Combo-1503042092017119296,Finalized,0,24,0.59,0,0.59
2026-08-05,UDXCOMBO-18110126420710500747,Other,Combo-18110126420710500747,Finalized,0,24,0.36,0,0.36
2026-08-05,UDXCOMBO-18302886936594029968,Other,Combo-18302886936594029968,Finalized,0,24,0.09,0,0.09
2026-08-05,UDXCOMBO-18332686379810726194,Other,Combo-18332686379810726194,Finalized,0,24,0.39,0,0.39
2026-08-05,UDXCOMBO-2222701510735164190,Other,Combo-2222701510735164190,Finalized,0,24,0.24,0,0.15
2026-08-05,UDXCOMBO-4166678641533088856,Other,Combo-4166678641533088856,Finalized,0,24,0.04,0,0.04
2026-08-05,UDXCOMBO-6469457469388593370,Other,Combo-6469457469388593370,Finalized,0,24,0.39,0,0.39
2026-08-05,UDXCOMBO-7156584235483072580,Other,Combo-7156584235483072580,Finalized,0,24,0.3,0,0.3
2026-08-05,UDXCOMBO-8317497850240886708,Other,Combo-8317497850240886708,Finalized,0,24,0.05,0,0.05
2026-08-05,UDXCOMBO-8811392036573871500,Other,Combo-8811392036573871500,Finalized,0,24,0.2,0,0.2
2026-08-05,UDXCOMBO-971391834568279454,Other,Combo-971391834568279454,Finalized,0,24,0.52,0,0.52
2026-08-05,UDXCOMBO-14520861981284512918,Other,Combo-14520861981284512918,Finalized,23,23,0.96,0,0.96
2026-08-05,UDXCOMBO-15305613536253962153,Other,Combo-15305613536253962153,Finalized,23,23,0.2,0,0.2
2026-08-05,UDXCOMBO-15619644843468188983,Other,Combo-15619644843468188983,Finalized,23,23,0.2,0,0.2
2026-08-05,UDXCOMBO-9759995064383957683,Other,Combo-9759995064383957683,Finalized,23,23,0.42,0,0.42
2026-08-05,UDXCOMBO-10782197687854349662,Other,Combo-10782197687854349662,Finalized,0,23,0.43,0,0.43
2026-08-05,UDXCOMBO-12475907068047028454,Other,Combo-12475907068047028454,Finalized,0,23,0.2,0,0.2
2026-08-05,UDXCOMBO-13183198381197370802,Other,Combo-13183198381197370802,Finalized,0,23,0.36,0,0.36
2026-08-05,UDXCOMBO-14488299901434248228,Other,Combo-14488299901434248228,Finalized,0,23,0.23,0,0.23
2026-08-05,UDXCOMBO-15863470534999671637,Other,Combo-15863470534999671637,Finalized,0,23,0.25,0,0.25
2026-08-05,UDXCOMBO-16412249923248302361,Other,Combo-16412249923248302361,Finalized,0,23,0.21,0,0.21
2026-08-05,UDXCOMBO-17979410405538378893,Other,Combo-17979410405538378893,Finalized,0,23,0.48,0,0.48
2026-08-05,UDXCOMBO-2093407628611526435,Other,Combo-2093407628611526435,Finalized,0,23,0.12,0,0.12
2026-08-05,UDXCOMBO-3236763347731330008,Other,Combo-3236763347731330008,Finalized,0,23,0.37,0,0.37
2026-08-05,UDXCOMBO-357178502941012854,Other,Combo-357178502941012854,Finalized,0,23,0.2,0,0.2
2026-08-05,UDXCOMBO-3855403151743327132,Other,Combo-3855403151743327132,Finalized,0,23,0.07,0,0.07
2026-08-05,UDXCOMBO-4302775287943378136,Other,Combo-4302775287943378136,Finalized,0,23,0.22,0,0.22
2026-08-05,UDXCOMBO-4920572131227021519,Other,Combo-4920572131227021519,Finalized,0,23,0.2,0,0.2
2026-08-05,UDXCOMBO-6916916579293998457,Other,Combo-6916916579293998457,Finalized,0,23,0.41,0,0.41
2026-08-05,UDXCOMBO-967986964969115648,Other,Combo-967986964969115648,Finalized,0,23,0.12,0,0.12
2026-08-05,UDXCOMBO-12928542657236022100,Other,Combo-12928542657236022100,Finalized,22,22,0.21,0,0.21
2026-08-05,UDXCOMBO-14514013804719223376,Other,Combo-14514013804719223376,Finalized,22,22,0.04,0,0.04
2026-08-05,UDXCOMBO-17253294138057781421,Other,Combo-17253294138057781421,Finalized,22,22,0.09,0,0.09
2026-08-05,UDXCOMBO-10476138427331474353,Other,Combo-10476138427331474353,Finalized,0,22,0.38,0,0.38
2026-08-05,UDXCOMBO-10752988631461629500,Other,Combo-10752988631461629500,Finalized,0,22,0.09,0,0.09
2026-08-05,UDXCOMBO-10907429684150553802,Other,Combo-10907429684150553802,Finalized,0,22,0.19,0,0.19
2026-08-05,UDXCOMBO-11815499151122561934,Other,Combo-11815499151122561934,Finalized,0,22,0.43,0,0.43
2026-08-05,UDXCOMBO-13611256213234566850,Other,Combo-13611256213234566850,Finalized,0,22,0.38,0,0.38
2026-08-05,UDXCOMBO-139679371332985493,Other,Combo-139679371332985493,Finalized,0,22,0.21,0,0.21
2026-08-05,UDXCOMBO-14309453028458343729,Other,Combo-14309453028458343729,Finalized,0,22,0.18,0,0.18
2026-08-05,UDXCOMBO-16931337568547467154,Other,Combo-16931337568547467154,Finalized,0,22,0.13,0,0.13
2026-08-05,UDXCOMBO-1729387943955114008,Other,Combo-1729387943955114008,Finalized,0,22,0.26,0,0.26
2026-08-05,UDXCOMBO-17604930342578137901,Other,Combo-17604930342578137901,Finalized,0,22,0.39,0,0.39
2026-08-05,UDXCOMBO-2672434540429264196,Other,Combo-2672434540429264196,Finalized,0,22,0.25,0,0.25
2026-08-05,UDXCOMBO-3401973713377558324,Other,Combo-3401973713377558324,Finalized,0,22,0.21,0,0.21
2026-08-05,UDXCOMBO-4162672740054161542,Other,Combo-4162672740054161542,Finalized,0,22,0.38,0,0.38
2026-08-05,UDXCOMBO-5774657113911647043,Other,Combo-5774657113911647043,Finalized,0,22,0.21,0,0.21
2026-08-05,UDXCOMBO-8205125553368248199,Other,Combo-8205125553368248199,Finalized,0,22,0.21,0,0.21
2026-08-05,UDXCOMBO-8785804010159343520,Other,Combo-8785804010159343520,Finalized,0,22,0.08,0,0.08
2026-08-05,UDXMLBSPREAD_SFTEX26AUG051435_TEX2.5,Baseball,Spread,Finalized,0,22,0.88,0,0.88
2026-08-05,UDXCOMBO-2855955552857961464,Other,Combo-2855955552857961464,Finalized,0,21.3,0.2,0,0.2
2026-08-05,UDXCOMBO-16530682847302541779,Other,Combo-16530682847302541779,Finalized,21,21,0.16,0,0.16
2026-08-05,UDXCOMBO-6185270660059399164,Other,Combo-6185270660059399164,Finalized,21,21,0.19,0,0.19
2026-08-05,UDXCOMBO-8549940036120487096,Other,Combo-8549940036120487096,Finalized,21,21,0.13,0,0.13
2026-08-05,UDXCOMBO-914790485077890440,Other,Combo-914790485077890440,Finalized,21,21,0.48,0,0.48
2026-08-05,UDXCOMBO-12761898610695173934,Other,Combo-12761898610695173934,Finalized,0,21,0.45,0,0.45
2026-08-05,UDXCOMBO-14872098330336694994,Other,Combo-14872098330336694994,Finalized,0,21,0.08,0,0.08
2026-08-05,UDXCOMBO-17159247945930925327,Other,Combo-17159247945930925327,Finalized,0,21,0.26,0,0.26
2026-08-05,UDXCOMBO-1739268738669128640,Other,Combo-1739268738669128640,Finalized,0,21,0.22,0,0.22
2026-08-05,UDXCOMBO-17438767860475952437,Other,Combo-17438767860475952437,Finalized,0,21,0.16,0,0.16
2026-08-05,UDXCOMBO-17816366018565679422,Other,Combo-17816366018565679422,Finalized,0,21,0.23,0,0.23
2026-08-05,UDXCOMBO-1851040422611532277,Other,Combo-1851040422611532277,Finalized,0,21,0.54,0,0.54
2026-08-05,UDXCOMBO-1902778793866761060,Other,Combo-1902778793866761060,Finalized,0,21,0.04,0,0.04
2026-08-05,UDXCOMBO-2194652098116943252,Other,Combo-2194652098116943252,Finalized,0,21,0.04,0,0.04
2026-08-05,UDXCOMBO-2535886247670404003,Other,Combo-2535886247670404003,Finalized,0,21,0.45,0,0.45
2026-08-05,UDXCOMBO-3424992137039424206,Other,Combo-3424992137039424206,Finalized,0,21,0.2,0,0.2
2026-08-05,UDXCOMBO-7876360857031894633,Other,Combo-7876360857031894633,Finalized,0,21,0.08,0,0.08
2026-08-05,UDXCOMBO-8195063576930068213,Other,Combo-8195063576930068213,Finalized,0,21,0.22,0,0.22
2026-08-05,UDXCOMBO-8589075008958620445,Other,Combo-8589075008958620445,Finalized,0,21,0.04,0,0.04
2026-08-05,UDXCOMBO-8900727632863838436,Other,Combo-8900727632863838436,Finalized,0,21,0.4,0,0.4
2026-08-05,UDXCOMBO-8921063149828779577,Other,Combo-8921063149828779577,Finalized,0,21,0.31,0,0.31
2026-08-05,UDXCOMBO-6957474564719788454,Other,Combo-6957474564719788454,Finalized,0,20.35,0.1,0,0.09
2026-08-05,UDXCOMBO-12045011088377901320,Other,Combo-12045011088377901320,Finalized,20,20,0.53,0,0.53
2026-08-05,UDXCOMBO-12340436325594845346,Other,Combo-12340436325594845346,Finalized,20,20,0.21,0,0.21
2026-08-05,UDXCOMBO-12794318716475567481,Other,Combo-12794318716475567481,Finalized,20,20,0.23,0,0.23
2026-08-05,UDXCOMBO-17014832193836586805,Other,Combo-17014832193836586805,Finalized,20,20,0.47,0,0.47
2026-08-05,UDXCOMBO-4349238062022780827,Other,Combo-4349238062022780827,Finalized,20,20,0.47,0,0.47
2026-08-05,UDXCOMBO-5376038188815492574,Other,Combo-5376038188815492574,Finalized,20,20,0.09,0,0.09
2026-08-05,UDXCOMBO-10423186789053305953,Other,Combo-10423186789053305953,Finalized,0,20,0.23,0,0.23
2026-08-05,UDXCOMBO-10893487307515988718,Other,Combo-10893487307515988718,Finalized,0,20,0.23,0,0.23
2026-08-05,UDXCOMBO-12800415294401313958,Other,Combo-12800415294401313958,Finalized,0,20,0.17,0,0.17
2026-08-05,UDXCOMBO-13127887899279173699,Other,Combo-13127887899279173699,Finalized,0,20,0.21,0,0.21
2026-08-05,UDXCOMBO-14738537859172350187,Other,Combo-14738537859172350187,Finalized,0,20,0.21,0,0.21
2026-08-05,UDXCOMBO-15529072520061083289,Other,Combo-15529072520061083289,Finalized,0,20,0.23,0,0.23
2026-08-05,UDXCOMBO-15617620676891915518,Other,Combo-15617620676891915518,Finalized,0,20,0.23,0,0.23
2026-08-05,UDXCOMBO-16127739780952981208,Other,Combo-16127739780952981208,Finalized,0,20,0.05,0,0.05
2026-08-05,UDXCOMBO-16540117064163819980,Other,Combo-16540117064163819980,Finalized,0,20,0.42,0,0.42
2026-08-05,UDXCOMBO-6616377515704728381,Other,Combo-6616377515704728381,Finalized,0,20,0.2,0,0.2
2026-08-05,UDXCOMBO-6663523496424911184,Other,Combo-6663523496424911184,Finalized,0,20,0.15,0,0.15
2026-08-05,UDXCOMBO-6777969352230025260,Other,Combo-6777969352230025260,Finalized,0,20,0.11,0,0.11
2026-08-05,UDXCOMBO-7474179990542917418,Other,Combo-7474179990542917418,Finalized,0,20,0.23,0,0.23
2026-08-05,UDXCOMBO-8932138621350477215,Other,Combo-8932138621350477215,Finalized,0,20,0.31,0,0.31
2026-08-05,UDXCOMBO-9501211653467412866,Other,Combo-9501211653467412866,Finalized,0,20,0.16,0,0.16
2026-08-05,UDXCOMBO-950127137820011027,Other,Combo-950127137820011027,Finalized,0,20,0.05,0,0.05
2026-08-05,UDXMLBTOTAL_PITMIL26AUG051940_2.5,Baseball,Total,Finalized,0,20,0.83,0,0.83
2026-08-05,UDXCOMBO-2068505120101661307,Other,Combo-2068505120101661307,Finalized,19,19,0.1,0,0.1
2026-08-05,UDXCOMBO-6731589070370400155,Other,Combo-6731589070370400155,Finalized,19,19,0.34,0,0.34
2026-08-05,UDXCOMBO-9583389274178007249,Other,Combo-9583389274178007249,Finalized,19,19,0.54,0,0.54
2026-08-05,UDXCOMBO-9913086009797015792,Other,Combo-9913086009797015792,Finalized,19,19,0.25,0,0.25
2026-08-05,UDXCOMBO-1023841108369234912,Other,Combo-1023841108369234912,Finalized,0,19,0.51,0,0.51
2026-08-05,UDXCOMBO-10493529149354197080,Other,Combo-10493529149354197080,Finalized,0,19,0.22,0,0.22
2026-08-05,UDXCOMBO-11317358637040483170,Other,Combo-11317358637040483170,Finalized,0,19,0.22,0,0.22
2026-08-05,UDXCOMBO-12605841267425832733,Other,Combo-12605841267425832733,Finalized,0,19,0.18,0,0.18
2026-08-05,UDXCOMBO-12640286461477260501,Other,Combo-12640286461477260501,Finalized,0,19,0.22,0,0.22
2026-08-05,UDXCOMBO-12811720728568676853,Other,Combo-12811720728568676853,Finalized,0,19,0.51,0,0.51
2026-08-05,UDXCOMBO-14554580230171252833,Other,Combo-14554580230171252833,Finalized,0,19,0.05,0,0.05
2026-08-05,UDXCOMBO-14599465228951199420,Other,Combo-14599465228951199420,Finalized,0,19,0.24,0,0.24
2026-08-05,UDXCOMBO-14768652503762951488,Other,Combo-14768652503762951488,Finalized,0,19,0.25,0,0.25
2026-08-05,UDXCOMBO-14909275665552196870,Other,Combo-14909275665552196870,Finalized,0,19,0.25,0,0.25
2026-08-05,UDXCOMBO-15318736323508948629,Other,Combo-15318736323508948629,Finalized,0,19,0.27,0,0.27
2026-08-05,UDXCOMBO-15709924079332539606,Other,Combo-15709924079332539606,Finalized,0,19,0.1,0,0.1
2026-08-05,UDXCOMBO-16923364784191662757,Other,Combo-16923364784191662757,Finalized,0,19,0.46,0,0.46
2026-08-05,UDXCOMBO-17763509302481067570,Other,Combo-17763509302481067570,Finalized,0,19,0.04,0,0.04
2026-08-05,UDXCOMBO-18379525393858286262,Other,Combo-18379525393858286262,Finalized,0,19,0.44,0,0.44
2026-08-05,UDXCOMBO-189676737474781168,Other,Combo-189676737474781168,Finalized,0,19,0.27,0,0.27
2026-08-05,UDXCOMBO-1903320167087650269,Other,Combo-1903320167087650269,Finalized,0,19,0.09,0,0.09
2026-08-05,UDXCOMBO-2457209434377426493,Other,Combo-2457209434377426493,Finalized,0,19,0.5,0,0.5
2026-08-05,UDXCOMBO-3398740099300337905,Other,Combo-3398740099300337905,Finalized,0,19,0.3,0,0.3
2026-08-05,UDXCOMBO-3504293837780415706,Other,Combo-3504293837780415706,Finalized,0,19,0.25,0,0.25
2026-08-05,UDXCOMBO-3902784332511481817,Other,Combo-3902784332511481817,Finalized,0,19,0.14,0,0.14
2026-08-05,UDXCOMBO-4702300361186502391,Other,Combo-4702300361186502391,Finalized,0,19,0.24,0,0.24
2026-08-05,UDXCOMBO-5556854958145921418,Other,Combo-5556854958145921418,Finalized,0,19,0.09,0,0.09
2026-08-05,UDXCOMBO-7079831229341229934,Other,Combo-7079831229341229934,Finalized,0,19,0.17,0,0.17
2026-08-05,UDXCOMBO-7984942846401929346,Other,Combo-7984942846401929346,Finalized,0,19,0.46,0,0.46
2026-08-05,UDXCOMBO-812382500234802205,Other,Combo-812382500234802205,Finalized,0,19,0.25,0,0.25
2026-08-05,UDXCOMBO-90704494989962757,Other,Combo-90704494989962757,Finalized,0,19,0.22,0,0.22
2026-08-05,UDXCOMBO-1994792641222729374,Other,Combo-1994792641222729374,Finalized,0,18.43,0.1,0,0.1
2026-08-05,UDXCOMBO-14840180125933925921,Other,Combo-14840180125933925921,Finalized,0,18.01,0.26,0,0.26
2026-08-05,UDXCOMBO-11040513652921226599,Other,Combo-11040513652921226599,Finalized,18,18,0.25,0,0.25
2026-08-05,UDXCOMBO-12008871550695525745,Other,Combo-12008871550695525745,Finalized,18,18,0.26,0,0.26
2026-08-05,UDXCOMBO-12259676982359319304,Other,Combo-12259676982359319304,Finalized,18,18,0.11,0,0.11
2026-08-05,UDXCOMBO-5720803613204452369,Other,Combo-5720803613204452369,Finalized,18,18,0.25,0,0.25
2026-08-05,UDXCOMBO-6788198545216191158,Other,Combo-6788198545216191158,Finalized,18,18,0.1,0,0.1
2026-08-05,UDXMLBGAMEWIN_MINKAN26AUG061940_MIN,Baseball,Moneyline,Finalized,18,18,0.48,0,0.48
2026-08-05,UDXCOMBO-15659806567782176540,Other,Combo-15659806567782176540,Finalized,0,18,0.26,0,0.26
2026-08-05,UDXCOMBO-16407664857115669175,Other,Combo-16407664857115669175,Finalized,0,18,0.45,0,0.45
2026-08-05,UDXCOMBO-17123464787326268210,Other,Combo-17123464787326268210,Finalized,0,18,0.15,0,0.15
2026-08-05,UDXCOMBO-17829896766922942937,Other,Combo-17829896766922942937,Finalized,0,18,0.24,0,0.24
2026-08-05,UDXCOMBO-17926631497309184955,Other,Combo-17926631497309184955,Finalized,0,18,0.25,0,0.25
2026-08-05,UDXCOMBO-2311250877516909254,Other,Combo-2311250877516909254,Finalized,0,18,0.53,0,0.53
2026-08-05,UDXCOMBO-4524297331241134121,Other,Combo-4524297331241134121,Finalized,0,18,0.23,0,0.23
2026-08-05,UDXCOMBO-4767914834794545708,Other,Combo-4767914834794545708,Finalized,0,18,0.26,0,0.26
2026-08-05,UDXCOMBO-873066533186396189,Other,Combo-873066533186396189,Finalized,0,18,0.23,0,0.23
2026-08-05,UDXCOMBO-9887299274447542820,Other,Combo-9887299274447542820,Finalized,0,18,0.27,0,0.27
2026-08-05,UDXCOMBO-10720125262707868806,Other,Combo-10720125262707868806,Finalized,17,17,0.24,0,0.24
2026-08-05,UDXCOMBO-11488974069200689934,Other,Combo-11488974069200689934,Finalized,17,17,0.25,0,0.25
2026-08-05,UDXCOMBO-11935411871444617929,Other,Combo-11935411871444617929,Finalized,0,17,0.24,0,0.24
2026-08-05,UDXCOMBO-13566796672717692102,Other,Combo-13566796672717692102,Finalized,0,17,0.44,0,0.44
2026-08-05,UDXCOMBO-16668627619112495123,Other,Combo-16668627619112495123,Finalized,0,17,0.1,0,0.1
2026-08-05,UDXCOMBO-17303722391574841635,Other,Combo-17303722391574841635,Finalized,0,17,0.11,0,0.11
2026-08-05,UDXCOMBO-2123979969200884121,Other,Combo-2123979969200884121,Finalized,0,17,0.06,0,0.06
2026-08-05,UDXCOMBO-2441366500098961474,Other,Combo-2441366500098961474,Finalized,0,17,0.47,0,0.47
2026-08-05,UDXCOMBO-3295419611470029757,Other,Combo-3295419611470029757,Finalized,0,17,0.27,0,0.27
2026-08-05,UDXCOMBO-358964061344766691,Other,Combo-358964061344766691,Finalized,0,17,0.39,0,0.39
2026-08-05,UDXCOMBO-4840249220358145547,Other,Combo-4840249220358145547,Finalized,0,17,0.28,0,0.28
2026-08-05,UDXCOMBO-4904331721478918166,Other,Combo-4904331721478918166,Finalized,0,17,0.16,0,0.16
2026-08-05,UDXCOMBO-5973338317419094652,Other,Combo-5973338317419094652,Finalized,0,17,0.27,0,0.27
2026-08-05,UDXCOMBO-6367574754128288710,Other,Combo-6367574754128288710,Finalized,0,17,0.17,0,0.17
2026-08-05,UDXCOMBO-7960589427006199392,Other,Combo-7960589427006199392,Finalized,0,17,0.16,0,0.16
2026-08-05,UDXCOMBO-9200457244906783637,Other,Combo-9200457244906783637,Finalized,0,17,0.15,0,0.15
2026-08-05,UDXCOMBO-9347691369372065665,Other,Combo-9347691369372065665,Finalized,0,17,0.33,0,0.33
2026-08-05,UDXCOMBO-9606343786727420619,Other,Combo-9606343786727420619,Finalized,0,17,0.28,0,0.28
2026-08-05,UDXCOMBO-9886097223719477055,Other,Combo-9886097223719477055,Finalized,0,17,0.28,0,0.28
2026-08-05,UDXCOMBO-9913583110046362585,Other,Combo-9913583110046362585,Finalized,0,17,0.25,0,0.25
2026-08-05,UDXMLBSPREAD_LAABAL26AUG051835_LAA2.5,Baseball,Spread,Finalized,0,17,0.23,0,0.23
2026-08-05,UDXCOMBO-17394336478388449493,Other,Combo-17394336478388449493,Finalized,0,16.87,0.28,0,0.28
2026-08-05,UDXCOMBO-12920775792287260506,Other,Combo-12920775792287260506,Finalized,16,16,0.29,0,0.29
2026-08-05,UDXCOMBO-15454339200215637665,Other,Combo-15454339200215637665,Finalized,16,16,0.06,0,0.06
2026-08-05,UDXCOMBO-1807965001259749180,Other,Combo-1807965001259749180,Finalized,16,16,0.3,0,0.3
2026-08-05,UDXCOMBO-191767673644884530,Other,Combo-191767673644884530,Finalized,16,16,0.8,0,0.8
2026-08-05,UDXCOMBO-420855460176580521,Other,Combo-420855460176580521,Finalized,16,16,0.23,0,0.23
2026-08-05,UDXCOMBO-6474332505193643026,Other,Combo-6474332505193643026,Finalized,16,16,0.28,0,0.28
2026-08-05,UDXCOMBO-12605621500537178526,Other,Combo-12605621500537178526,Finalized,0,16,0.12,0,0.12
2026-08-05,UDXCOMBO-1363676974876168505,Other,Combo-1363676974876168505,Finalized,0,16,0.14,0,0.14
2026-08-05,UDXCOMBO-17495772349568500980,Other,Combo-17495772349568500980,Finalized,0,16,0.36,0,0.36
2026-08-05,UDXCOMBO-3834013466118699008,Other,Combo-3834013466118699008,Finalized,0,16,0.17,0,0.17
2026-08-05,UDXCOMBO-4182407382329725362,Other,Combo-4182407382329725362,Finalized,0,16,0.14,0,0.14
2026-08-05,UDXCOMBO-7898727116563654788,Other,Combo-7898727116563654788,Finalized,0,16,0.49,0,0.49
2026-08-05,UDXCOMBO-8146176792354035562,Other,Combo-8146176792354035562,Finalized,0,16,0.22,0,0.22
2026-08-05,UDXCOMBO-8255605423679905917,Other,Combo-8255605423679905917,Finalized,0,16,0.05,0,0.05
2026-08-05,UDXCOMBO-9025927250575254667,Other,Combo-9025927250575254667,Finalized,0,16,0.29,0,0.29
2026-08-05,UDXCOMBO-9663225787641870771,Other,Combo-9663225787641870771,Finalized,0,16,0.12,0,0.12
2026-08-05,UDXCOMBO-1187746535432734810,Other,Combo-1187746535432734810,Finalized,15,15,0.32,0,0.32
2026-08-05,UDXCOMBO-16437339962915791401,Other,Combo-16437339962915791401,Finalized,15,15,0.16,0,0.16
2026-08-05,UDXCOMBO-4092101950062204894,Other,Combo-4092101950062204894,Finalized,15,15,0.54,0,0.54
2026-08-05,UDXCOMBO-9177639265267869675,Other,Combo-9177639265267869675,Finalized,15,15,0.31,0,0.31
2026-08-05,UDXCOMBO-9483748229929386965,Other,Combo-9483748229929386965,Finalized,15,15,0.61,0,0.61
2026-08-05,UDXCOMBO-10673814464028012159,Other,Combo-10673814464028012159,Finalized,0,15,0.18,0,0.18
2026-08-05,UDXCOMBO-11250315271832981878,Other,Combo-11250315271832981878,Finalized,0,15,0.31,0,0.31
2026-08-05,UDXCOMBO-127159650356173293,Other,Combo-127159650356173293,Finalized,0,15,0.31,0,0.31
2026-08-05,UDXCOMBO-13592169714686228778,Other,Combo-13592169714686228778,Finalized,0,15,0.3,0,0.3
2026-08-05,UDXCOMBO-13623860034276323868,Other,Combo-13623860034276323868,Finalized,0,15,0.3,0,0.3
2026-08-05,UDXCOMBO-13814918462960907030,Other,Combo-13814918462960907030,Finalized,0,15,0.3,0,0.3
2026-08-05,UDXCOMBO-1714989170726443444,Other,Combo-1714989170726443444,Finalized,0,15,0.27,0,0.27
2026-08-05,UDXCOMBO-2694496703714768517,Other,Combo-2694496703714768517,Finalized,0,15,0.31,0,0.31
2026-08-05,UDXCOMBO-3023117500685679698,Other,Combo-3023117500685679698,Finalized,0,15,0.12,0,0.12
2026-08-05,UDXCOMBO-6154704599451626096,Other,Combo-6154704599451626096,Finalized,0,15,0.34,0,0.34
2026-08-05,UDXCOMBO-7427674435107434377,Other,Combo-7427674435107434377,Finalized,0,15,0.31,0,0.31
2026-08-05,UDXCOMBO-8382777842150602164,Other,Combo-8382777842150602164,Finalized,0,15,0.61,0,0.61
2026-08-05,UDXCOMBO-8446541549880179175,Other,Combo-8446541549880179175,Finalized,0,15,0.31,0,0.31
2026-08-05,UDXCOMBO-3324730673470354345,Other,Combo-3324730673470354345,Finalized,14,14,0.16,0,0.16
2026-08-05,UDXCOMBO-6307321306479746195,Other,Combo-6307321306479746195,Finalized,14,14,0.07,0,0.07
2026-08-05,UDXCOMBO-6865102300749400915,Other,Combo-6865102300749400915,Finalized,14,14,0.34,0,0.34
2026-08-05,UDXCOMBO-9973140564211713937,Other,Combo-9973140564211713937,Finalized,14,14,0.2,0,0.2
2026-08-05,UDXMLBSPREAD_CWSBOS26AUG061910_BOS1.5,Baseball,Spread,Finalized,14,14,0.46,0,0.46
2026-08-05,UDXCOMBO-10251656626263989013,Other,Combo-10251656626263989013,Finalized,0,14,0.33,0,0.33
2026-08-05,UDXCOMBO-10560891514754705783,Other,Combo-10560891514754705783,Finalized,0,14,0.33,0,0.33
2026-08-05,UDXCOMBO-1241252572378335217,Other,Combo-1241252572378335217,Finalized,0,14,0.19,0,0.19
2026-08-05,UDXCOMBO-12922816840534840033,Other,Combo-12922816840534840033,Finalized,0,14,0.44,0,0.44
2026-08-05,UDXCOMBO-13603219152603019616,Other,Combo-13603219152603019616,Finalized,0,14,0.33,0,0.33
2026-08-05,UDXCOMBO-14134838750388352050,Other,Combo-14134838750388352050,Finalized,0,14,0.12,0,0.12
2026-08-05,UDXCOMBO-14439422494940465474,Other,Combo-14439422494940465474,Finalized,0,14,0.34,0,0.34
2026-08-05,UDXCOMBO-14622865436233898296,Other,Combo-14622865436233898296,Finalized,0,14,0.34,0,0.34
2026-08-05,UDXCOMBO-1482661763778171039,Other,Combo-1482661763778171039,Finalized,0,14,0.34,0,0.34
2026-08-05,UDXCOMBO-17323277501434483340,Other,Combo-17323277501434483340,Finalized,0,14,0.17,0,0.17
2026-08-05,UDXCOMBO-18271489837170254497,Other,Combo-18271489837170254497,Finalized,0,14,0.09,0,0.09
2026-08-05,UDXCOMBO-18419623777531073561,Other,Combo-18419623777531073561,Finalized,0,14,0.29,0,0.29
2026-08-05,UDXCOMBO-2232056371936025877,Other,Combo-2232056371936025877,Finalized,0,14,0.08,0,0.08
2026-08-05,UDXCOMBO-3706228182349631000,Other,Combo-3706228182349631000,Finalized,0,14,0.31,0,0.31
2026-08-05,UDXCOMBO-56483565767552496,Other,Combo-56483565767552496,Finalized,0,14,0.13,0,0.13
2026-08-05,UDXCOMBO-6549839574696641590,Other,Combo-6549839574696641590,Finalized,0,14,0.28,0,0.28
2026-08-05,UDXCOMBO-6761031371564794607,Other,Combo-6761031371564794607,Finalized,0,14,0.13,0,0.13
2026-08-05,UDXCOMBO-4307573803606403409,Other,Combo-4307573803606403409,Finalized,13,13,0.21,0,0.21
2026-08-05,UDXCOMBO-5539482222691908650,Other,Combo-5539482222691908650,Finalized,13,13,0.35,0,0.35
2026-08-05,UDXCOMBO-8240567426650792258,Other,Combo-8240567426650792258,Finalized,13,13,0.13,0,0.13
2026-08-05,UDXCOMBO-9777581334720992897,Other,Combo-9777581334720992897,Finalized,13,13,0.46,0,0.46
2026-08-05,UDXCOMBO-11927140893348627550,Other,Combo-11927140893348627550,Finalized,0,13,0.36,0,0.36
2026-08-05,UDXCOMBO-12699257778756226691,Other,Combo-12699257778756226691,Finalized,0,13,0.07,0,0.07
2026-08-05,UDXCOMBO-13144317040426669486,Other,Combo-13144317040426669486,Finalized,0,13,0.21,0,0.21
2026-08-05,UDXCOMBO-14275406318449091004,Other,Combo-14275406318449091004,Finalized,0,13,0.15,0,0.15
2026-08-05,UDXCOMBO-17539076824332683488,Other,Combo-17539076824332683488,Finalized,0,13,0.34,0,0.34
2026-08-05,UDXCOMBO-2415364852043921003,Other,Combo-2415364852043921003,Finalized,0,13,0.36,0,0.36
2026-08-05,UDXCOMBO-2861345589684622942,Other,Combo-2861345589684622942,Finalized,0,13,0.32,0,0.32
2026-08-05,UDXCOMBO-7393232928435634147,Other,Combo-7393232928435634147,Finalized,0,13,0.32,0,0.32
2026-08-05,UDXCOMBO-7904016135737733676,Other,Combo-7904016135737733676,Finalized,0,13,0.13,0,0.13
2026-08-05,UDXCOMBO-9164404873423227126,Other,Combo-9164404873423227126,Finalized,0,13,0.36,0,0.36
2026-08-05,UDXCOMBO-4177584355400238031,Other,Combo-4177584355400238031,Finalized,12,12,0.35,0,0.35
2026-08-05,UDXCOMBO-510293704036343970,Other,Combo-510293704036343970,Finalized,12,12,0.39,0,0.39
2026-08-05,UDXCOMBO-9991175015169551299,Other,Combo-9991175015169551299,Finalized,12,12,0.4,0,0.4
2026-08-05,UDXCOMBO-10112541371513017394,Other,Combo-10112541371513017394,Finalized,0,12,0.15,0,0.15
2026-08-05,UDXCOMBO-10123310865869561894,Other,Combo-10123310865869561894,Finalized,0,12,0.37,0,0.37
2026-08-05,UDXCOMBO-13493224451617408621,Other,Combo-13493224451617408621,Finalized,0,12,0.23,0,0.23
2026-08-05,UDXCOMBO-14462776804664360296,Other,Combo-14462776804664360296,Finalized,0,12,0.1,0,0.1
2026-08-05,UDXCOMBO-14473717177946608051,Other,Combo-14473717177946608051,Finalized,0,12,0.23,0,0.23
2026-08-05,UDXCOMBO-14541560353385484258,Other,Combo-14541560353385484258,Finalized,0,12,0.34,0,0.34
2026-08-05,UDXCOMBO-150505294542745612,Other,Combo-150505294542745612,Finalized,0,12,0.16,0,0.16
2026-08-05,UDXCOMBO-16644048525113176320,Other,Combo-16644048525113176320,Finalized,0,12,0.11,0,0.11
2026-08-05,UDXCOMBO-5093539126899060220,Other,Combo-5093539126899060220,Finalized,0,12,0.15,0,0.15
2026-08-05,UDXCOMBO-515994500569745274,Other,Combo-515994500569745274,Finalized,0,12,0.34,0,0.34
2026-08-05,UDXCOMBO-6244792673143332338,Other,Combo-6244792673143332338,Finalized,0,12,0.72,0,0.72
2026-08-05,UDXCOMBO-9764638018555301221,Other,Combo-9764638018555301221,Finalized,0,12,0.08,0,0.08
2026-08-05,UDXCOMBO-9971506040418197148,Other,Combo-9971506040418197148,Finalized,0,12,0.38,0,0.38
2026-08-05,UDXMLBTOTAL_OAKCIN26AUG051840_10.5,Baseball,Total,Finalized,0,12,0.36,0,0.36
2026-08-05,UDXCOMBO-206079534769417021,Other,Combo-206079534769417021,Finalized,0,11.2,0.43,0,0.43
2026-08-05,UDXCOMBO-9130716664176903332,Other,Combo-9130716664176903332,Finalized,0,11.13,0.26,0,0.26
2026-08-05,UDXCOMBO-10125339078570726757,Other,Combo-10125339078570726757,Finalized,11,11,0.33,0,0.33
2026-08-05,UDXCOMBO-13015767834381597982,Other,Combo-13015767834381597982,Finalized,11,11,0.4,0,0.4
2026-08-05,UDXCOMBO-2214526851923835300,Other,Combo-2214526851923835300,Finalized,11,11,0.08,0,0.08
2026-08-05,UDXCOMBO-8417117606633923114,Other,Combo-8417117606633923114,Finalized,11,11,0.39,0,0.39
2026-08-05,UDXWNBATOTAL_LVIND2026AUG06_195.5,Basketball (pro),Total,Finalized,9,11,0.49,0,0.49
2026-08-05,UDXCOMBO-12501025378401443400,Other,Combo-12501025378401443400,Finalized,0,11,0.46,0,0.46
2026-08-05,UDXCOMBO-12583100355878400502,Other,Combo-12583100355878400502,Finalized,0,11,0.08,0,0.08
2026-08-05,UDXCOMBO-13342583167910987868,Other,Combo-13342583167910987868,Finalized,0,11,0.42,0,0.42
2026-08-05,UDXCOMBO-14037351308508583868,Other,Combo-14037351308508583868,Finalized,0,11,0.36,0,0.36
2026-08-05,UDXCOMBO-16630717822730826517,Other,Combo-16630717822730826517,Finalized,0,11,0.14,0,0.14
2026-08-05,UDXCOMBO-3133100156493332630,Other,Combo-3133100156493332630,Finalized,0,11,0.43,0,0.43
2026-08-05,UDXCOMBO-3231406184853080587,Other,Combo-3231406184853080587,Finalized,0,11,0.24,0,0.24
2026-08-05,UDXCOMBO-444214966062484420,Other,Combo-444214966062484420,Finalized,0,11,0.4,0,0.4
2026-08-05,UDXCOMBO-5108107578059969413,Other,Combo-5108107578059969413,Finalized,0,11,0.25,0,0.25
2026-08-05,UDXCOMBO-6878745817013449058,Other,Combo-6878745817013449058,Finalized,0,11,0.44,0,0.44
2026-08-05,UDXCOMBO-12781650446543992438,Other,Combo-12781650446543992438,Finalized,10,10,0.17,0,0.17
2026-08-05,UDXCOMBO-15908186470748748622,Other,Combo-15908186470748748622,Finalized,10,10,0.46,0,0.46
2026-08-05,UDXCOMBO-16141330848452074697,Other,Combo-16141330848452074697,Finalized,10,10,0.53,0,0.53
2026-08-05,UDXCOMBO-5783769428359334452,Other,Combo-5783769428359334452,Finalized,10,10,0.45,0,0.45
2026-08-05,UDXCOMBO-6347083304066483814,Other,Combo-6347083304066483814,Finalized,10,10,0.38,0,0.38
2026-08-05,UDXCOMBO-8894859325078016355,Other,Combo-8894859325078016355,Finalized,10,10,0.39,0,0.39
2026-08-05,UDXCOMBO-10290587097587304709,Other,Combo-10290587097587304709,Finalized,0,10,0.31,0,0.31
2026-08-05,UDXCOMBO-11018622898540429548,Other,Combo-11018622898540429548,Finalized,0,10,0.46,0,0.46
2026-08-05,UDXCOMBO-12375946754062203576,Other,Combo-12375946754062203576,Finalized,0,10,0.12,0,0.12
2026-08-05,UDXCOMBO-12532448575079806324,Other,Combo-12532448575079806324,Finalized,0,10,0.08,0,0.08
2026-08-05,UDXCOMBO-12739096747751075971,Other,Combo-12739096747751075971,Finalized,0,10,0.27,0,0.27
2026-08-05,UDXCOMBO-14927397503357969894,Other,Combo-14927397503357969894,Finalized,0,10,0.2,0,0.2
2026-08-05,UDXCOMBO-15963680019942118987,Other,Combo-15963680019942118987,Finalized,0,10,0.19,0,0.19
2026-08-05,UDXCOMBO-18435236068861022930,Other,Combo-18435236068861022930,Finalized,0,10,0.19,0,0.19
2026-08-05,UDXCOMBO-2023685076906012821,Other,Combo-2023685076906012821,Finalized,0,10,0.45,0,0.45
2026-08-05,UDXCOMBO-4145456409800516787,Other,Combo-4145456409800516787,Finalized,0,10,0.48,0,0.48
2026-08-05,UDXCOMBO-5143359949081864234,Other,Combo-5143359949081864234,Finalized,0,10,0.26,0,0.26
2026-08-05,UDXCOMBO-9924451418877241019,Other,Combo-9924451418877241019,Finalized,0,10,0.49,0,0.49
2026-08-05,UDXMLBSPREAD_WASPHI26AUG051840_PHI3.5,Baseball,Spread,Finalized,0,10,0.14,0,0.14
2026-08-05,UDXMLBTOTAL_MINKAN26AUG051940_9.5,Baseball,Total,Finalized,0,10,0.42,0,0.42
2026-08-05,UDXCOMBO-13207589814934396604,Other,Combo-13207589814934396604,Finalized,9,9,0.52,0,0.52
2026-08-05,UDXCOMBO-14130423437812034884,Other,Combo-14130423437812034884,Finalized,9,9,0.27,0,0.27
2026-08-05,UDXCOMBO-15443014266014108412,Other,Combo-15443014266014108412,Finalized,9,9,0.49,0,0.49
2026-08-05,UDXCOMBO-15627882500626923067,Other,Combo-15627882500626923067,Finalized,9,9,0.2,0,0.2
2026-08-05,UDXCOMBO-3769576942930329533,Other,Combo-3769576942930329533,Finalized,9,9,0.57,0,0.57
2026-08-05,UDXCOMBO-6911541475968027701,Other,Combo-6911541475968027701,Finalized,9,9,0.49,0,0.49
2026-08-05,UDXCOMBO-10980072308432033625,Other,Combo-10980072308432033625,Finalized,0,9,0.18,0,0.18
2026-08-05,UDXCOMBO-11677551782326192144,Other,Combo-11677551782326192144,Finalized,0,9,0.13,0,0.13
2026-08-05,UDXCOMBO-16740675589357682150,Other,Combo-16740675589357682150,Finalized,0,9,0.28,0,0.28
2026-08-05,UDXCOMBO-17752237647923727736,Other,Combo-17752237647923727736,Finalized,0,9,0.36,0,0.36
2026-08-05,UDXCOMBO-18407621751025909645,Other,Combo-18407621751025909645,Finalized,0,9,0.32,0,0.32
2026-08-05,UDXCOMBO-2680522837725194999,Other,Combo-2680522837725194999,Finalized,0,9,0.19,0,0.19
2026-08-05,UDXCOMBO-3212448451642797367,Other,Combo-3212448451642797367,Finalized,0,9,0.38,0,0.38
2026-08-05,UDXCOMBO-5445297694438611424,Other,Combo-5445297694438611424,Finalized,0,9,0.4,0,0.4
2026-08-05,UDXCOMBO-6297947811416987016,Other,Combo-6297947811416987016,Finalized,0,9,0.14,0,0.14
2026-08-05,UDXCOMBO-6354554221367859301,Other,Combo-6354554221367859301,Finalized,0,9,0.31,0,0.31
2026-08-05,UDXCOMBO-6617058140172076027,Other,Combo-6617058140172076027,Finalized,0,9,0.15,0,0.15
2026-08-05,UDXCOMBO-17971026137259745217,Other,Combo-17971026137259745217,Finalized,8,8,0.24,0,0.24
2026-08-05,UDXCOMBO-4152569286889866210,Other,Combo-4152569286889866210,Finalized,8,8,0.2,0,0.2
2026-08-05,UDXCOMBO-5914827416231961597,Other,Combo-5914827416231961597,Finalized,8,8,0.22,0,0.22
2026-08-05,UDXCOMBO-7489027851143314245,Other,Combo-7489027851143314245,Finalized,8,8,0.14,0,0.14
2026-08-05,UDXCOMBO-11049058961206385538,Other,Combo-11049058961206385538,Finalized,0,8,0.12,0,0.12
2026-08-05,UDXCOMBO-11172086013363909898,Other,Combo-11172086013363909898,Finalized,0,8,0.18,0,0.18
2026-08-05,UDXCOMBO-13878895529439368925,Other,Combo-13878895529439368925,Finalized,0,8,0.14,0,0.14
2026-08-05,UDXCOMBO-14177940194222017361,Other,Combo-14177940194222017361,Finalized,0,8,0.51,0,0.51
2026-08-05,UDXCOMBO-15444658101452109132,Other,Combo-15444658101452109132,Finalized,0,8,0.4,0,0.4
2026-08-05,UDXCOMBO-15779237034595760528,Other,Combo-15779237034595760528,Finalized,0,8,0.13,0,0.13
2026-08-05,UDXCOMBO-16232865827352989114,Other,Combo-16232865827352989114,Finalized,0,8,0.23,0,0.23
2026-08-05,UDXCOMBO-17458171400036667365,Other,Combo-17458171400036667365,Finalized,0,8,0.52,0,0.52
2026-08-05,UDXCOMBO-2478449869264467913,Other,Combo-2478449869264467913,Finalized,0,8,0.34,0,0.34
2026-08-05,UDXCOMBO-4690783615294883237,Other,Combo-4690783615294883237,Finalized,0,8,0.2,0,0.2
2026-08-05,UDXCOMBO-4833111912381326,Other,Combo-4833111912381326,Finalized,0,8,0.39,0,0.39
2026-08-05,UDXCOMBO-5169610073669365214,Other,Combo-5169610073669365214,Finalized,0,8,0.13,0,0.13
2026-08-05,UDXCOMBO-761763174018089538,Other,Combo-761763174018089538,Finalized,0,8,0.58,0,0.58
2026-08-05,UDXCOMBO-8801834783683929148,Other,Combo-8801834783683929148,Finalized,0,8,0.64,0,0.64
2026-08-05,UDXCOMBO-9774208824877014589,Other,Combo-9774208824877014589,Finalized,0,8,0.31,0,0.31
2026-08-05,UDXMLBTOTAL_WASPHI26AUG051840_4.5,Baseball,Total,Finalized,0,8,0.67,0,0.67
2026-08-05,UDXWNBATOTAL_PHXATL2026AUG05_193.5,Basketball (pro),Total,Finalized,0,8,0.46,0,0.46
2026-08-05,UDXCOMBO-3309491949498942402,Other,Combo-3309491949498942402,Finalized,0,7.7,0.12,0,0.12
2026-08-05,UDXCOMBO-444188301517116996,Other,Combo-444188301517116996,Finalized,0,7.12,0.13,0,0.13
2026-08-05,UDXCOMBO-3641471634491094748,Other,Combo-3641471634491094748,Finalized,0,7,0.12,0,0.12
2026-08-05,UDXCOMBO-4194999367472256840,Other,Combo-4194999367472256840,Finalized,0,7,0.49,0,0.49
2026-08-05,UDXCOMBO-4591680195726384976,Other,Combo-4591680195726384976,Finalized,0,7,0.56,0,0.56
2026-08-05,UDXCOMBO-4659612143050884204,Other,Combo-4659612143050884204,Finalized,0,7,0.61,0,0.61
2026-08-05,UDXCOMBO-5009107590238090396,Other,Combo-5009107590238090396,Finalized,0,7,0.14,0,0.14
2026-08-05,UDXCOMBO-5618489056939497385,Other,Combo-5618489056939497385,Finalized,0,7,0.3,0,0.3
2026-08-05,UDXCOMBO-566124385552318390,Other,Combo-566124385552318390,Finalized,0,7,0.38,0,0.38
2026-08-05,UDXWNBASPREAD_PHXATL2026AUG05_ATL21.5,Basketball (pro),Spread,Finalized,0,7,0.13,0,0.13
2026-08-05,UDXCOMBO-11062374662372920543,Other,Combo-11062374662372920543,Finalized,6,6,0.31,0,0.31
2026-08-05,UDXCOMBO-1659099612819952798,Other,Combo-1659099612819952798,Finalized,6,6,0.2,0,0.2
2026-08-05,UDXCOMBO-4332415538639033102,Other,Combo-4332415538639033102,Finalized,6,6,0.2,0,0.2
2026-08-05,UDXMLBGAMEWIN_WASPHI26AUG061805_WAS,Baseball,Moneyline,Finalized,6,6,0.26,0,0.26
2026-08-05,UDXCOMBO-12123027121385455363,Other,Combo-12123027121385455363,Finalized,0,6,0.43,0,0.43
2026-08-05,UDXCOMBO-12200667809024504303,Other,Combo-12200667809024504303,Finalized,0,6,0.16,0,0.16
2026-08-05,UDXCOMBO-17210345761510820006,Other,Combo-17210345761510820006,Finalized,0,6,0.14,0,0.14
2026-08-05,UDXCOMBO-17310994145992724370,Other,Combo-17310994145992724370,Finalized,0,6,0.43,0,0.43
2026-08-05,UDXCOMBO-17639638274434253619,Other,Combo-17639638274434253619,Finalized,0,6,0.14,0,0.14
2026-08-05,UDXCOMBO-17698352588512528779,Other,Combo-17698352588512528779,Finalized,0,6,0.3,0,0.3
2026-08-05,UDXCOMBO-17926478222641717864,Other,Combo-17926478222641717864,Finalized,0,6,0.15,0,0.15
2026-08-05,UDXCOMBO-3017740346719854454,Other,Combo-3017740346719854454,Finalized,0,6,0.13,0,0.13
2026-08-05,UDXCOMBO-3262338452732502319,Other,Combo-3262338452732502319,Finalized,0,6,0.51,0,0.51
2026-08-05,UDXCOMBO-3569004680283423066,Other,Combo-3569004680283423066,Finalized,0,6,0.8,0,0.8
2026-08-05,UDXCOMBO-3996105885730739500,Other,Combo-3996105885730739500,Finalized,0,6,0.15,0,0.15
2026-08-05,UDXCOMBO-4368409257046793173,Other,Combo-4368409257046793173,Finalized,0,6,0.15,0,0.15
2026-08-05,UDXCOMBO-6417262071190456818,Other,Combo-6417262071190456818,Finalized,0,6,0.15,0,0.15
2026-08-05,UDXCOMBO-726041757861805039,Other,Combo-726041757861805039,Finalized,0,6,0.71,0,0.71
2026-08-05,UDXCOMBO-9360597023409861982,Other,Combo-9360597023409861982,Finalized,0,6,0.42,0,0.42
2026-08-05,UDXMLBSPREAD_MIAATL26AUG051915_MIA2.5,Baseball,Spread,Finalized,0,6,0.24,0,0.24
2026-08-05,UDXCOMBO-6060525597915170810,Other,Combo-6060525597915170810,Finalized,0,5.83,0.16,0,0.16
2026-08-05,UDXCOMBO-13725424182198790737,Other,Combo-13725424182198790737,Finalized,0,5.05,0.19,0,0.19
2026-08-05,UDXCOMBO-13691357674869584487,Other,Combo-13691357674869584487,Finalized,5,5,0.16,0,0.16
2026-08-05,UDXCOMBO-15072498108697330264,Other,Combo-15072498108697330264,Finalized,5,5,0.16,0,0.16
2026-08-05,UDXCOMBO-2720043621270478999,Other,Combo-2720043621270478999,Finalized,5,5,0.51,0,0.51
2026-08-05,UDXCOMBO-11717651579529833451,Other,Combo-11717651579529833451,Finalized,0,5,0.46,0,0.46
2026-08-05,UDXCOMBO-14032938574719928769,Other,Combo-14032938574719928769,Finalized,0,5,0.28,0,0.28
2026-08-05,UDXCOMBO-14331493468587366785,Other,Combo-14331493468587366785,Finalized,0,5,0.16,0,0.16
2026-08-05,UDXCOMBO-17832229298788990419,Other,Combo-17832229298788990419,Finalized,0,5,0.16,0,0.16
2026-08-05,UDXCOMBO-2658825222753068715,Other,Combo-2658825222753068715,Finalized,0,5,0.16,0,0.16
2026-08-05,UDXCOMBO-6415534705712590621,Other,Combo-6415534705712590621,Finalized,0,5,0.34,0,0.34
2026-08-05,UDXCOMBO-6719271050327144699,Other,Combo-6719271050327144699,Finalized,0,5,0.82,0,0.82
2026-08-05,UDXCOMBO-9959211924901520120,Other,Combo-9959211924901520120,Finalized,0,5,0.36,0,0.36
2026-08-05,UDXCOMBO-15433183141971827742,Other,Combo-15433183141971827742,Finalized,0,4.85,0.2,0,0.2
2026-08-05,UDXCOMBO-9566755012784879665,Other,Combo-9566755012784879665,Finalized,0,4.26,0.25,0,0.25
2026-08-05,UDXCOMBO-15626950729622365322,Other,Combo-15626950729622365322,Finalized,4,4,0.18,0,0.18
2026-08-05,UDXCOMBO-16964775443585577695,Other,Combo-16964775443585577695,Finalized,4,4,0.36,0,0.36
2026-08-05,UDXCOMBO-2113606196236299078,Other,Combo-2113606196236299078,Finalized,4,4,0.22,0,0.22
2026-08-05,UDXCOMBO-3971007496859261484,Other,Combo-3971007496859261484,Finalized,4,4,0.21,0,0.21
2026-08-05,UDXCOMBO-4531794220636292927,Other,Combo-4531794220636292927,Finalized,4,4,0.2,0,0.2
2026-08-05,UDXCOMBO-8846925965221097047,Other,Combo-8846925965221097047,Finalized,4,4,0.3,0,0.3
2026-08-05,UDXMLBSPREAD_NYMCLE26AUG061310_NYM1.5,Baseball,Spread,Finalized,4,4,0.37,0,0.37
2026-08-05,UDXWNBATOTAL_LVIND2026AUG06_201.5,Basketball (pro),Total,Finalized,4,4,0.36,0,0.36
2026-08-05,UDXCOMBO-1060357148171875807,Other,Combo-1060357148171875807,Finalized,0,4,0.41,0,0.41
2026-08-05,UDXCOMBO-11605443785880672205,Other,Combo-11605443785880672205,Finalized,0,4,0.19,0,0.19
2026-08-05,UDXCOMBO-15798544008984163543,Other,Combo-15798544008984163543,Finalized,0,4,0.54,0,0.54
2026-08-05,UDXCOMBO-17247277190043801586,Other,Combo-17247277190043801586,Finalized,0,4,0.48,0,0.48
2026-08-05,UDXCOMBO-1733410975940465941,Other,Combo-1733410975940465941,Finalized,0,4,0.29,0,0.29
2026-08-05,UDXCOMBO-17494151884364813525,Other,Combo-17494151884364813525,Finalized,0,4,0.22,0,0.22
2026-08-05,UDXCOMBO-199242028760672957,Other,Combo-199242028760672957,Finalized,0,4,0.33,0,0.33
2026-08-05,UDXCOMBO-2287679197458847668,Other,Combo-2287679197458847668,Finalized,0,4,0.35,0,0.35
2026-08-05,UDXCOMBO-3401028116270255174,Other,Combo-3401028116270255174,Finalized,0,4,0.35,0,0.35
2026-08-05,UDXCOMBO-4751659649020100952,Other,Combo-4751659649020100952,Finalized,0,4,0.19,0,0.19
2026-08-05,UDXCOMBO-5413969057780424553,Other,Combo-5413969057780424553,Finalized,0,4,0.3,0,0.3
2026-08-05,UDXCOMBO-9684588636560867171,Other,Combo-9684588636560867171,Finalized,0,4,0.38,0,0.38
2026-08-05,UDXCOMBO-1623904217218168043,Other,Combo-1623904217218168043,Finalized,3,3,0.26,0,0.26
2026-08-05,UDXWNBASPREAD_LVIND2026AUG06_LV9.5,Basketball (pro),Spread,Finalized,3,3,0.22,0,0.21
2026-08-05,UDXCOMBO-13408996415790380563,Other,Combo-13408996415790380563,Finalized,0,3,0.52,0,0.52
2026-08-05,UDXCOMBO-15221400789347793810,Other,Combo-15221400789347793810,Finalized,0,3,0.25,0,0.25
2026-08-05,UDXCOMBO-15711133340339025106,Other,Combo-15711133340339025106,Finalized,0,3,0.26,0,0.26
2026-08-05,UDXCOMBO-8896251415453017234,Other,Combo-8896251415453017234,Finalized,0,3,0.25,0,0.25
2026-08-05,UDXCOMBO-6771782235040356462,Other,Combo-6771782235040356462,Finalized,0,2.1,0.85,0,0.85
2026-08-05,UDXCOMBO-10991941070696560136,Other,Combo-10991941070696560136,Finalized,0,2,0.38,0,0.38
2026-08-05,UDXCOMBO-133128914322516560,Other,Combo-133128914322516560,Finalized,0,2,0.34,0,0.34
2026-08-05,UDXCOMBO-13414421842478503987,Other,Combo-13414421842478503987,Finalized,0,2,0.81,0,0.81
2026-08-05,UDXCOMBO-13615325536617350057,Other,Combo-13615325536617350057,Finalized,0,2,0.47,0,0.47
2026-08-05,UDXCOMBO-14264359446815672296,Other,Combo-14264359446815672296,Finalized,0,2,0.68,0,0.68
2026-08-05,UDXCOMBO-2583593876158707081,Other,Combo-2583593876158707081,Finalized,0,2,0.38,0,0.38
2026-08-05,UDXCOMBO-8771056460590482651,Other,Combo-8771056460590482651,Finalized,0,2,0.29,0,0.29
2026-08-05,UDXMLBTOTAL_TORHOU26AUG051410_4.5,Baseball,Total,Finalized,0,2,0.85,0,0.65
2026-08-05,UDXWNBASPREAD_TORGSV2026AUG04_GSV9.5,Basketball (pro),Spread,Finalized,0,2,0.66,0,0.66
2026-08-05,UDXCOMBO-10484244767572608274,Other,Combo-10484244767572608274,Finalized,0,1.85,0.52,0,0.52
2026-08-05,UDXCOMBO-15020751441268871309,Other,Combo-15020751441268871309,Finalized,1,1,0.45,0,0.45
2026-08-05,UDXCOMBO-5048658420390378888,Other,Combo-5048658420390378888,Finalized,0,1,0.86,0,0.86
2026-08-05,UDXCOMBO-7658635223118230531,Other,Combo-7658635223118230531,Finalized,0,1,0.68,0,0.68
2026-08-05,UDXCOMBO-9468143276425376572,Other,Combo-9468143276425376572,Finalized,0,1,0.71,0,0.71
2026-08-05,UDXWNBASPREAD_LVIND2026AUG06_IND6.5,Basketball (pro),Spread,Finalized,7,0,0.29,0,
2026-08-07,UDXMLBGAMEWIN_LADARI26AUG072140_LAD,Baseball,Moneyline,Finalized,109372.11,134296.05,0.85,0,0.75
2026-08-07,UDXWNBAGAMEWIN_GSVDAL2026AUG07_DAL,Basketball (pro),Moneyline,Finalized,0,70526,0.58,0,0.03
2026-08-07,UDXMLBGAMEWIN_TORPHI26AUG071840_PHI,Baseball,Moneyline,Finalized,37127.03,69164.03,0.68,0,0.3
2026-08-07,UDXMLBGAMEWIN_ATLNYY26AUG071905_ATL,Baseball,Moneyline,Finalized,44825.23,66128.23,0.96,0,0.54
2026-08-07,UDXMLBGAMEWIN_LAAMIA26AUG071910_MIA,Baseball,Moneyline,Finalized,0,63729.98,0.62,0,0.08
2026-08-07,UDXMLBGAMEWIN_NYMPIT26AUG071840_NYM,Baseball,Moneyline,Finalized,0,58863.26,0.98,0,0.96
2026-08-07,UDXMLBGAMEWIN_ATLNYY26AUG071905_NYY,Baseball,Moneyline,Finalized,36447,58284,0.65,0,0.48
2026-08-07,UDXWNBAGAMEWIN_ATLWSH2026AUG07_ATL,Basketball (pro),Moneyline,Finalized,0,56446.82,0.69,0,0.13
2026-08-07,UDXMLBGAMEWIN_TBSEA26AUG072145_TB,Baseball,Moneyline,Finalized,37532,55125,0.89,0,0.79
2026-08-07,UDXMLBGAMEWIN_LADARI26AUG072140_ARI,Baseball,Moneyline,Finalized,40719,54909,0.72,0,0.23
2026-08-07,UDXMLBGAMEWIN_DETSF26AUG072215_DET,Baseball,Moneyline,Finalized,34830.96,52925.96,0.72,0,0.16
2026-08-07,UDXMLBTOTAL_SDARI26AUG062140_6.5,Baseball,Total,Finalized,0,47588,0.56,0,0.09
2026-08-07,UDXWNBAGAMEWIN_GSVDAL2026AUG07_GSV,Basketball (pro),Moneyline,Finalized,0,47581.4,0.98,0,0.98
2026-08-07,UDXMLBGAMEWIN_TORPHI26AUG071840_TOR,Baseball,Moneyline,Finalized,19451.78,45644.78,0.97,0,0.73
2026-08-07,UDXMLBGAMEWIN_MINMIL26AUG071940_MIL,Baseball,Moneyline,Finalized,0,43071,0.8,0,0.06
2026-08-07,UDXMLBGAMEWIN_HOUSD26AUG072140_SD,Baseball,Moneyline,Finalized,31517.65,41003.65,0.58,0,0.21
2026-08-07,UDXWNBAGAMEWIN_PHXCONN2026AUG07_PHX,Basketball (pro),Moneyline,Finalized,0,37794.85,0.88,0,0.19
2026-08-07,UDXMLBGAMEWIN_LAAMIA26AUG071910_LAA,Baseball,Moneyline,Finalized,0,32621.68,0.94,0,0.92
2026-08-07,UDXWNBAGAMEWIN_ATLWSH2026AUG07_WSH,Basketball (pro),Moneyline,Finalized,0,32103,0.98,0,0.97
2026-08-07,UDXMLBGAMEWIN_HOUSD26AUG072140_HOU,Baseball,Moneyline,Finalized,20280,31664,0.92,0,0.81
2026-08-07,UDXWNBASPREAD_GSVDAL2026AUG07_GSV12.5,Basketball (pro),Spread,Finalized,0,31091,0.87,0,0.87
2026-08-07,UDXMLBGAMEWIN_NYMPIT26AUG071840_PIT,Baseball,Moneyline,Finalized,0,30690.74,0.58,0,0.03
2026-08-07,UDXMLBSPREAD_LADARI26AUG072140_LAD1.5,Baseball,Spread,Finalized,24306,30147,0.51,0,0.26
2026-08-07,UDXMLBGAMEWIN_COLSTL26AUG072015_STL,Baseball,Moneyline,Finalized,0,24763,0.88,0,0.74
2026-08-07,UDXMLBGAMEWIN_TBSEA26AUG072145_SEA,Baseball,Moneyline,Finalized,14548,24304,0.54,0,0.18
2026-08-07,UDXWNBATOTAL_GSVDAL2026AUG07_162.5,Basketball (pro),Total,Finalized,0,24279,0.98,0,0.84
2026-08-07,UDXWNBASPREAD_GSVDAL2026AUG07_GSV9.5,Basketball (pro),Spread,Finalized,0,22594,0.94,0,0.93
2026-08-07,UDXMLBSPREAD_TORPHI26AUG071840_PHI1.5,Baseball,Spread,Finalized,21195,22565,0.49,0,0.11
2026-08-07,UDXMLBTOTAL_LADARI26AUG072140_6.5,Baseball,Total,Finalized,12665.64,22326.64,0.75,0,0.47
2026-08-07,UDXMLBTOTAL_NYMPIT26AUG071840_8.5,Baseball,Total,Finalized,0,20672,0.79,0,0.37
2026-08-07,UDXMLBTOTAL_ATLNYY26AUG071905_2.5,Baseball,Total,Finalized,11382,20218,0.73,0,0.19
2026-08-07,UDXWNBATOTAL_GSVDAL2026AUG07_168.5,Basketball (pro),Total,Finalized,0,19642,0.95,0,0.44
2026-08-07,UDXMLBGAMEWIN_CINWAS26AUG071845_CIN,Baseball,Moneyline,Finalized,0,18255.95,0.49,0,0.02
2026-08-07,UDXMLBGAMEWIN_DETSF26AUG072215_SF,Baseball,Moneyline,Finalized,11700.94,16836.94,0.91,0,0.83
2026-08-07,UDXMLBGAMEWIN_CHCKAN26AUG072010_CHC,Baseball,Moneyline,Finalized,0,16798.85,0.98,0,0.98
2026-08-07,UDXMLBGAMEWIN_OAKBOS26AUG071910_OAK,Baseball,Moneyline,Finalized,0,14827,0.3,0,0.04
2026-08-07,UDXMLBGAMEWIN_CLECWS26AUG071940_CWS,Baseball,Moneyline,Finalized,0,14687.93,0.44,0,0.02
2026-08-07,UDXWNBATOTAL_GSVDAL2026AUG07_171.5,Basketball (pro),Total,Finalized,0,14533,0.95,0,0.32
2026-08-07,UDXWNBASPREAD_ATLWSH2026AUG07_ATL6.5,Basketball (pro),Spread,Finalized,0,14430.25,0.49,0,0.02
2026-08-07,UDXMLBGAMEWIN_CLECWS26AUG071940_CLE,Baseball,Moneyline,Finalized,0,14263,0.98,0,0.98
2026-08-07,UDXMLBTOTAL_MINMIL26AUG071940_8.5,Baseball,Total,Finalized,0,14190,0.5,0,0.46
2026-08-07,UDXMLBGAMEWIN_BALTEX26AUG072015_BAL,Baseball,Moneyline,Finalized,0,13349.2,0.69,0,0.06
2026-08-07,UDXMLBGAMEWIN_COLSTL26AUG072015_COL,Baseball,Moneyline,Finalized,0,13110,0.41,0,0.03
2026-08-07,UDXMLBGAMEWIN_CINWAS26AUG071845_WAS,Baseball,Moneyline,Finalized,0,12894.82,0.96,0,0.95
2026-08-07,UDXWNBATOTAL_PHXCONN2026AUG07_172.5,Basketball (pro),Total,Finalized,0,12807,0.74,0,0.04
2026-08-07,UDXMLBTOTAL_SDARI26AUG062140_7.5,Baseball,Total,Finalized,0,12580,0.33,0,0.05
2026-08-07,UDXMLBSPREAD_MINMIL26AUG071940_MIL1.5,Baseball,Spread,Finalized,0,12158,0.58,0,0.03
2026-08-07,UDXMLBTOTAL_BALTEX26AUG072015_8.5,Baseball,Total,Finalized,0,11886,0.39,0,0.07
2026-08-07,UDXMLBSPREAD_OAKBOS26AUG071910_BOS1.5,Baseball,Spread,Finalized,0,11504,0.93,0,0.92
2026-08-07,UDXMLBGAMEWIN_MINMIL26AUG071940_MIN,Baseball,Moneyline,Finalized,0,11475,0.98,0,0.98
2026-08-07,UDXMLBGAMEWIN_OAKBOS26AUG071910_BOS,Baseball,Moneyline,Finalized,0,11111,0.98,0,0.97
2026-08-07,UDXMLBSPREAD_ATLNYY26AUG071905_NYY1.5,Baseball,Spread,Finalized,10230,10649,0.39,0,0.12
2026-08-07,UDXMLBSPREAD_NYMPIT26AUG071840_PIT1.5,Baseball,Spread,Finalized,0,10524,0.38,0,0.02
2026-08-07,UDXCOMBO-8034936790793651837,Other,Combo-8034936790793651837,Finalized,0,10418,0.01,0,0.01
2026-08-07,UDXMLBTOTAL_TORPHI26AUG071840_8.5,Baseball,Total,Finalized,4502,10178,0.65,0,0.64
2026-08-07,UDXWNBAGAMEWIN_PHXCONN2026AUG07_CONN,Basketball (pro),Moneyline,Finalized,0,10115,0.87,0,0.78
2026-08-07,UDXMLBGAMEWIN_BALTEX26AUG072015_TEX,Baseball,Moneyline,Finalized,0,9522.51,0.91,0,0.9
2026-08-07,UDXMLBTOTAL_TORPHI26AUG071840_7.5,Baseball,Total,Finalized,4130,9257,0.82,0,0.29
2026-08-07,UDXWNBASPREAD_GSVDAL2026AUG07_DAL1.5,Basketball (pro),Spread,Finalized,0,9041,0.53,0,0.05
2026-08-07,UDXMLBTOTAL_HOUSD26AUG072140_10.5,Baseball,Total,Finalized,4971,9028,0.65,0,0.44
2026-08-07,UDXWNBASPREAD_GSVDAL2026AUG07_GSV6.5,Basketball (pro),Spread,Finalized,0,8974,0.9,0,0.74
2026-08-07,UDXWNBATOTAL_GSVDAL2026AUG07_165.5,Basketball (pro),Total,Finalized,0,8859,0.94,0,0.8
2026-08-07,UDXMLBTOTAL_TBSEA26AUG072145_6.5,Baseball,Total,Finalized,2938,7996,0.55,0,0.07
2026-08-07,UDXMLBGAMEWIN_CHCKAN26AUG072010_KAN,Baseball,Moneyline,Finalized,0,7923,0.39,0,0.07
2026-08-07,UDXMLBTOTAL_TORPHI26AUG071840_6.5,Baseball,Total,Finalized,0,7740,0.77,0,0.77
2026-08-07,UDXMLBSPREAD_TORPHI26AUG071840_TOR1.5,Baseball,Spread,Finalized,3353,7463,0.79,0,0.04
2026-08-07,UDXWNBATOTAL_GSVDAL2026AUG07_174.5,Basketball (pro),Total,Finalized,0,7384,0.76,0,0.03
2026-08-07,UDXCOMBO-14990291143558592161,Other,Combo-14990291143558592161,Finalized,0,7195,0.01,0,0.01
2026-08-07,UDXWNBASPREAD_PHXCONN2026AUG07_PHX4.5,Basketball (pro),Spread,Finalized,0,7016.3,0.68,0,0.03
2026-08-07,UDXCOMBO-3546360591412159655,Other,Combo-3546360591412159655,Finalized,0,7014,0.01,0,0.01
2026-08-07,UDXWNBATOTAL_ATLWSH2026AUG07_169.5,Basketball (pro),Total,Finalized,0,6696,0.56,0,0.03
2026-08-07,UDXWNBATOTAL_GSVDAL2026AUG07_159.5,Basketball (pro),Total,Finalized,0,6696,0.92,0,0.92
2026-08-07,UDXMLBTOTAL_LADARI26AUG072140_8.5,Baseball,Total,Finalized,2403,6650,0.56,0,0.17
2026-08-07,UDXMLBSPREAD_MINMIL26AUG071940_MIN1.5,Baseball,Spread,Finalized,0,6638,0.94,0,0.94
2026-08-07,UDXMLBTOTAL_TORPHI26AUG071840_9.5,Baseball,Total,Finalized,3282,6472,0.66,0,0.33
2026-08-07,UDXWNBATOTAL_GSVDAL2026AUG07_156.5,Basketball (pro),Total,Finalized,0,6350,0.91,0,0.75
2026-08-07,UDXCOMBO-17309096045642222686,Other,Combo-17309096045642222686,Finalized,0,6309,0,0,0
2026-08-07,UDXCOMBO-1491659945983194235,Other,Combo-1491659945983194235,Finalized,0,6231,0,0,0
2026-08-07,UDXMLBTOTAL_TBSEA26AUG072145_11.5,Baseball,Total,Finalized,6113,6113,0.02,0,0.02
2026-08-07,UDXCOMBO-403469237206069711,Other,Combo-403469237206069711,Finalized,0,6072,0,0,0
2026-08-07,UDXWNBATOTAL_ATLWSH2026AUG07_166.5,Basketball (pro),Total,Finalized,0,6025,0.62,0,0.04
2026-08-07,UDXMLBSPREAD_ATLNYY26AUG071905_ATL1.5,Baseball,Spread,Finalized,1868,5968,0.84,0,0.25
2026-08-07,UDXCOMBO-631743448065092330,Other,Combo-631743448065092330,Finalized,0,5860,0.31,0,0.3
2026-08-07,UDXCOMBO-11373805947320247407,Other,Combo-11373805947320247407,Finalized,0,5842,0,0,0
2026-08-07,UDXMLBTOTAL_DETSF26AUG072215_8.5,Baseball,Total,Finalized,2472,5829,0.84,0,0.58
2026-08-07,UDXCOMBO-14616799806245082745,Other,Combo-14616799806245082745,Finalized,0,5713,0.04,0,0.04
2026-08-07,UDXMLBSPREAD_NYMPIT26AUG071840_NYM1.5,Baseball,Spread,Finalized,0,5625,0.95,0,0.92
2026-08-07,UDXMLBSPREAD_SDARI26AUG062140_SD3.5,Baseball,Spread,Finalized,0,5577,0.94,0,0.88
2026-08-07,UDXMLBSPREAD_DETSF26AUG072215_DET1.5,Baseball,Spread,Finalized,3187,5337,0.58,0,0.06
2026-08-07,UDXCOMBO-11036836039916057271,Other,Combo-11036836039916057271,Finalized,0,5288,0.55,0,0.55
2026-08-07,UDXMLBSPREAD_COLSTL26AUG072015_STL1.5,Baseball,Spread,Finalized,0,5238,0.48,0,0.02
2026-08-07,UDXMLBSPREAD_LADARI26AUG072140_ARI1.5,Baseball,Spread,Finalized,1104,5221,0.48,0,0.04
2026-08-07,UDXMLBSPREAD_LAAMIA26AUG071910_MIA1.5,Baseball,Spread,Finalized,0,5156,0.43,0,0.26
2026-08-07,UDXWNBATOTAL_GSVDAL2026AUG07_177.5,Basketball (pro),Total,Finalized,0,5028,0.59,0,0.05
2026-08-07,UDXWNBASPREAD_GSVDAL2026AUG07_GSV3.5,Basketball (pro),Spread,Finalized,0,4983,0.98,0,0.98
2026-08-07,UDXCOMBO-9544641031553001673,Other,Combo-9544641031553001673,Finalized,0,4972,0,0,0
2026-08-07,UDXCOMBO-15379274266244309427,Other,Combo-15379274266244309427,Finalized,260,4934,0.42,0,0.16
2026-08-07,UDXCOMBO-4996875546387852329,Other,Combo-4996875546387852329,Finalized,0,4804,0.06,0,0.06
2026-08-07,UDXMLBTOTAL_LADARI26AUG072140_7.5,Baseball,Total,Finalized,2385,4799,0.64,0,0.23
2026-08-07,UDXWNBASPREAD_PHXCONN2026AUG07_PHX10.5,Basketball (pro),Spread,Finalized,0,4785,0.55,0,0.55
2026-08-07,UDXMLBTOTAL_TBSEA26AUG072145_2.5,Baseball,Total,Finalized,2622,4745,0.72,0,0.48
2026-08-07,UDXCOMBO-9500570008038041338,Other,Combo-9500570008038041338,Finalized,0,4674,0.01,0,0.01
2026-08-07,UDXCOMBO-16010793026753806891,Other,Combo-16010793026753806891,Finalized,0,4673,0,0,0
2026-08-07,UDXCOMBO-3860007467395428804,Other,Combo-3860007467395428804,Finalized,0,4673,0,0,0
2026-08-07,UDXCOMBO-4065154780281347315,Other,Combo-4065154780281347315,Finalized,0,4673,0,0,0
2026-08-07,UDXCOMBO-13230743715218460420,Other,Combo-13230743715218460420,Finalized,0,4456,0.02,0,0.02
2026-08-07,UDXMLBTOTAL_DETSF26AUG072215_10.5,Baseball,Total,Finalized,1380,4430,0.63,0,0.46
2026-08-07,UDXCOMBO-6950463265516497654,Other,Combo-6950463265516497654,Finalized,0,4396,0.36,0,0.04
2026-08-07,UDXMLBTOTAL_CINWAS26AUG071845_8.5,Baseball,Total,Finalized,0,4391,0.9,0,0.05
2026-08-07,UDXCOMBO-14319604588613038673,Other,Combo-14319604588613038673,Finalized,4066,4264,0.37,0,0.17
2026-08-07,UDXCOMBO-5697338189068445189,Other,Combo-5697338189068445189,Finalized,0,4254,0.02,0,0.02
2026-08-07,UDXCOMBO-12892909917411920926,Other,Combo-12892909917411920926,Finalized,0,4205,0,0,0
2026-08-07,UDXMLBTOTAL_HOUSD26AUG072140_7.5,Baseball,Total,Finalized,0,4198,0.89,0,0.89
2026-08-07,UDXCOMBO-12781771518417406124,Other,Combo-12781771518417406124,Finalized,4056,4056,0.23,0,0.23
2026-08-07,UDXCOMBO-212697640218236760,Other,Combo-212697640218236760,Finalized,0,4044,0.09,0,0.09
2026-08-07,UDXMLBTOTAL_CHCKAN26AUG072010_10.5,Baseball,Total,Finalized,0,4039,0.59,0,0.07
2026-08-07,UDXCOMBO-3523267643749216858,Other,Combo-3523267643749216858,Finalized,0,3975,0.01,0,0.01
2026-08-07,UDXCOMBO-9073564565434742036,Other,Combo-9073564565434742036,Finalized,1717,3915,0.55,0,0.1
2026-08-07,UDXCOMBO-652030164755758479,Other,Combo-652030164755758479,Finalized,0,3906,0.05,0,0.05
2026-08-07,UDXCOMBO-15377510810827455957,Other,Combo-15377510810827455957,Finalized,3904,3904,0.01,0,0.01
2026-08-07,UDXWNBASPREAD_ATLWSH2026AUG07_ATL3.5,Basketball (pro),Spread,Finalized,0,3901,0.58,0,0.37
2026-08-07,UDXCOMBO-4359346001435881886,Other,Combo-4359346001435881886,Finalized,0,3900,0.02,0,0.02
2026-08-07,UDXCOMBO-5710083878642202475,Other,Combo-5710083878642202475,Finalized,0,3895,0.01,0,0.01
2026-08-07,UDXMLBTOTAL_LADARI26AUG072140_5.5,Baseball,Total,Finalized,2299,3787,0.8,0,0.56
2026-08-07,UDXCOMBO-14086691008292229653,Other,Combo-14086691008292229653,Finalized,0,3739,0.01,0,0.01
2026-08-07,UDXCOMBO-18416166306772956335,Other,Combo-18416166306772956335,Finalized,0,3739,0.01,0,0.01
2026-08-07,UDXCOMBO-3517529344781666670,Other,Combo-3517529344781666670,Finalized,0,3688,0.03,0,0.03
2026-08-07,UDXCOMBO-1784991187387907246,Other,Combo-1784991187387907246,Finalized,3684,3684,0.11,0,0.01
2026-08-07,UDXWNBASPREAD_PHXCONN2026AUG07_PHX7.5,Basketball (pro),Spread,Finalized,0,3649,0.69,0,0.69
2026-08-07,UDXMLBTOTAL_BALTEX26AUG072015_7.5,Baseball,Total,Finalized,0,3634,0.49,0,0.09
2026-08-07,UDXMLBTOTAL_BALTEX26AUG072015_3.5,Baseball,Total,Finalized,0,3620,0.68,0,0.1
2026-08-07,UDXCOMBO-2393957954033811269,Other,Combo-2393957954033811269,Finalized,3601,3601,0.03,0,0.03
2026-08-07,UDXCOMBO-7144506116602321182,Other,Combo-7144506116602321182,Finalized,3600,3600,0.03,0,0.03
2026-08-07,UDXCOMBO-8688357822739768877,Other,Combo-8688357822739768877,Finalized,3588,3588,0.15,0,0.15
2026-08-07,UDXWNBASPREAD_GSVDAL2026AUG07_DAL12.5,Basketball (pro),Spread,Finalized,0,3586,0.17,0,0.04
2026-08-07,UDXCOMBO-3556336257720923628,Other,Combo-3556336257720923628,Finalized,0,3542,0.35,0,0.29
2026-08-07,UDXWNBATOTAL_ATLWSH2026AUG07_157.5,Basketball (pro),Total,Finalized,0,3537,0.83,0,0.11
2026-08-07,UDXCOMBO-5278199002138438236,Other,Combo-5278199002138438236,Finalized,0,3527.99,0.48,0,0.05
2026-08-07,UDXCOMBO-5735012837682527269,Other,Combo-5735012837682527269,Finalized,0,3505,0,0,0
2026-08-07,UDXMLBTOTAL_TBSEA26AUG072145_4.5,Baseball,Total,Finalized,2788,3488,0.56,0,0.34
2026-08-07,UDXCOMBO-18397886416716844952,Other,Combo-18397886416716844952,Finalized,2646,3482,0.28,0,0.19
2026-08-07,UDXCOMBO-9222745683003768469,Other,Combo-9222745683003768469,Finalized,0,3375,0.05,0,0.05
2026-08-07,UDXMLBTOTAL_HOUSD26AUG072140_9.5,Baseball,Total,Finalized,1730.1,3374.1,0.61,0,0.51
2026-08-07,UDXMLBSPREAD_SDARI26AUG062140_SD4.5,Baseball,Spread,Finalized,0,3354,0.36,0,0.18
2026-08-07,UDXWNBATOTAL_PHXCONN2026AUG07_175.5,Basketball (pro),Total,Finalized,0,3350,0.57,0,0.07
2026-08-07,UDXMLBTOTAL_SDARI26AUG062140_9.5,Baseball,Total,Finalized,0,3348,0.09,0,0.02
2026-08-07,UDXCOMBO-13382302141785027628,Other,Combo-13382302141785027628,Finalized,0,3343,0.03,0,0.03
2026-08-07,UDXCOMBO-28309786411981350,Other,Combo-28309786411981350,Finalized,3342,3342,0.01,0,0.01
2026-08-07,UDXCOMBO-17552722067410963260,Other,Combo-17552722067410963260,Finalized,0,3338,0.06,0,0.06
2026-08-07,UDXMLBTOTAL_LADARI26AUG072140_9.5,Baseball,Total,Finalized,2600,3330,0.46,0,0.14
2026-08-07,UDXCOMBO-6256930155675923424,Other,Combo-6256930155675923424,Finalized,0,3271,0,0,0
2026-08-07,UDXCOMBO-11591638885830220472,Other,Combo-11591638885830220472,Finalized,3244,3244,0.41,0,0.41
2026-08-07,UDXMLBTOTAL_NYMPIT26AUG071840_7.5,Baseball,Total,Finalized,0,3238,0.85,0,0.85
2026-08-07,UDXCOMBO-16378421379688251492,Other,Combo-16378421379688251492,Finalized,4200,3213,0.53,0,0.48
2026-08-07,UDXCOMBO-10294225676248981963,Other,Combo-10294225676248981963,Finalized,0,3180,0.02,0,0.02
2026-08-07,UDXMLBTOTAL_ATLNYY26AUG071905_5.5,Baseball,Total,Finalized,1534,3155,0.62,0,0.62
2026-08-07,UDXCOMBO-12490063258564787288,Other,Combo-12490063258564787288,Finalized,0,3116,0.01,0,0.01
2026-08-07,UDXCOMBO-3619820651824080806,Other,Combo-3619820651824080806,Finalized,0,3116,0.01,0,0.01
2026-08-07,UDXMLBSPREAD_BALTEX26AUG072015_TEX1.5,Baseball,Spread,Finalized,0,3102,0.39,0,0.03
2026-08-07,UDXMLBTOTAL_TBSEA26AUG072145_3.5,Baseball,Total,Finalized,2801,3090,0.84,0,0.39
2026-08-07,UDXMLBTOTAL_NYMPIT26AUG071840_2.5,Baseball,Total,Finalized,0,3064,0.97,0,0.96
2026-08-07,UDXCOMBO-706250514471707110,Other,Combo-706250514471707110,Finalized,3024,3024,0.39,0,0.17
2026-08-07,UDXMLBTOTAL_ATLNYY26AUG071905_3.5,Baseball,Total,Finalized,1209,3016,0.56,0,0.22
2026-08-07,UDXCOMBO-3791155676744300020,Other,Combo-3791155676744300020,Finalized,2739,3011,0.74,0,0.46
2026-08-07,UDXMLBSPREAD_NYMPIT26AUG071840_NYM5.5,Baseball,Spread,Finalized,0,3007,0.17,0,0.15
2026-08-07,UDXWNBATOTAL_ATLWSH2026AUG07_172.5,Basketball (pro),Total,Finalized,0,2996,0.48,0,0.02
2026-08-07,UDXMLBTOTAL_LAAMIA26AUG071910_6.5,Baseball,Total,Finalized,0,2978,0.77,0,0.21
2026-08-07,UDXCOMBO-13489328775712064958,Other,Combo-13489328775712064958,Finalized,2958,2958,0.04,0,0.04
2026-08-07,UDXMLBTOTAL_DETSF26AUG072215_9.5,Baseball,Total,Finalized,2323,2932,0.66,0,0.4
2026-08-07,UDXMLBSPREAD_CHCKAN26AUG072010_CHC1.5,Baseball,Spread,Finalized,0,2931.69,0.89,0,0.89
2026-08-07,UDXMLBTOTAL_LAAMIA26AUG071910_9.5,Baseball,Total,Finalized,0,2930,0.49,0,0.07
2026-08-07,UDXMLBTOTAL_LAAMIA26AUG071910_8.5,Baseball,Total,Finalized,0,2907,0.6,0,0.13
2026-08-07,UDXCOMBO-17407843351713862883,Other,Combo-17407843351713862883,Finalized,0,2849,0.03,0,0.03
2026-08-07,UDXMLBTOTAL_HOUSD26AUG072140_8.5,Baseball,Total,Finalized,2028,2841,0.84,0,0.84
2026-08-07,UDXWNBASPREAD_GSVDAL2026AUG07_GSV1.5,Basketball (pro),Spread,Finalized,0,2815,0.95,0,0.95
2026-08-07,UDXCOMBO-1081456242042518820,Other,Combo-1081456242042518820,Finalized,0,2804,0.01,0,0.01
2026-08-07,UDXCOMBO-2871894230418696219,Other,Combo-2871894230418696219,Finalized,0,2804,0.01,0,0.01
2026-08-07,UDXCOMBO-6065017728871288244,Other,Combo-6065017728871288244,Finalized,0,2804,0,0,0
2026-08-07,UDXCOMBO-3751542246164389460,Other,Combo-3751542246164389460,Finalized,0,2803,0,0,0
2026-08-07,UDXMLBSPREAD_LAAMIA26AUG071910_LAA1.5,Baseball,Spread,Finalized,0,2775,0.77,0,0.58
2026-08-07,UDXMLBTOTAL_CLECWS26AUG071940_10.5,Baseball,Total,Finalized,0,2767,0.69,0,0.26
2026-08-07,UDXCOMBO-13319534252678908566,Other,Combo-13319534252678908566,Finalized,0,2747,0.21,0,0.2
2026-08-07,UDXCOMBO-14152582257084667455,Other,Combo-14152582257084667455,Finalized,0,2721,0.02,0,0.02
2026-08-07,UDXCOMBO-4668870638302871492,Other,Combo-4668870638302871492,Finalized,0,2712,0.01,0,0.01
2026-08-07,UDXWNBASPREAD_PHXCONN2026AUG07_PHX1.5,Basketball (pro),Spread,Finalized,0,2689,0.67,0,0.64
2026-08-07,UDXMLBTOTAL_OAKBOS26AUG071910_8.5,Baseball,Total,Finalized,0,2688.64,0.82,0,0.82
2026-08-07,UDXCOMBO-8537941779961659837,Other,Combo-8537941779961659837,Finalized,0,2669,0.01,0,0.01
2026-08-07,UDXCOMBO-3889468070831427513,Other,Combo-3889468070831427513,Finalized,0,2640,0.09,0,0.09
2026-08-07,UDXCOMBO-836842204469083466,Other,Combo-836842204469083466,Finalized,0,2622,0.43,0,0.33
2026-08-07,UDXCOMBO-15858288496434341115,Other,Combo-15858288496434341115,Finalized,2600,2600,0.03,0,0.03
2026-08-07,UDXMLBTOTAL_CHCKAN26AUG072010_8.5,Baseball,Total,Finalized,0,2572,0.61,0,0.61
2026-08-07,UDXCOMBO-2439070079943942212,Other,Combo-2439070079943942212,Finalized,0,2551,0.3,0,0.3
2026-08-07,UDXCOMBO-16323230499730853566,Other,Combo-16323230499730853566,Finalized,0,2542,0.22,0,0.22
2026-08-07,UDXCOMBO-998349935962343801,Other,Combo-998349935962343801,Finalized,2510,2510,0.09,0,0.02
2026-08-07,UDXCOMBO-2897925518289980010,Other,Combo-2897925518289980010,Finalized,2492,2492,0,0,0
2026-08-07,UDXMLBTOTAL_BALTEX26AUG072015_4.5,Baseball,Total,Finalized,0,2430,0.59,0,0.37
2026-08-07,UDXCOMBO-988756420468698342,Other,Combo-988756420468698342,Finalized,0,2408,0.08,0,0.08
2026-08-07,UDXWNBATOTAL_PHXCONN2026AUG07_178.5,Basketball (pro),Total,Finalized,0,2377,0.56,0,0.03
2026-08-07,UDXCOMBO-11251596020836294250,Other,Combo-11251596020836294250,Finalized,0,2347,0.04,0,0.04
2026-08-07,UDXMLBSPREAD_TBSEA26AUG072145_SEA1.5,Baseball,Spread,Finalized,1489,2346,0.34,0,0.34
2026-08-07,UDXCOMBO-10044619320815070472,Other,Combo-10044619320815070472,Finalized,0,2337,0,0,0
2026-08-07,UDXCOMBO-1162677337267119598,Other,Combo-1162677337267119598,Finalized,0,2337,0,0,0
2026-08-07,UDXCOMBO-18043062885308117366,Other,Combo-18043062885308117366,Finalized,0,2337,0.01,0,0.01
2026-08-07,UDXCOMBO-5440810728829711339,Other,Combo-5440810728829711339,Finalized,0,2337,0,0,0
2026-08-07,UDXCOMBO-9920927166268302382,Other,Combo-9920927166268302382,Finalized,0,2337,0,0,0
2026-08-07,UDXCOMBO-10752749186568300400,Other,Combo-10752749186568300400,Finalized,0,2335,0,0,0
2026-08-07,UDXCOMBO-11220143016415996544,Other,Combo-11220143016415996544,Finalized,0,2335,0,0,0
2026-08-07,UDXCOMBO-12807025209202851360,Other,Combo-12807025209202851360,Finalized,0,2335,0,0,0
2026-08-07,UDXCOMBO-13994922338730656549,Other,Combo-13994922338730656549,Finalized,0,2335,0,0,0
2026-08-07,UDXCOMBO-15023696578075715206,Other,Combo-15023696578075715206,Finalized,0,2335,0,0,0
2026-08-07,UDXCOMBO-3261404938528121647,Other,Combo-3261404938528121647,Finalized,0,2335,0,0,0
2026-08-07,UDXCOMBO-5269575249601207724,Other,Combo-5269575249601207724,Finalized,0,2335,0,0,0
2026-08-07,UDXCOMBO-10480319948230335491,Other,Combo-10480319948230335491,Finalized,2241,2283,0.52,0,0.11
2026-08-07,UDXMLBSPREAD_CLECWS26AUG071940_CLE1.5,Baseball,Spread,Finalized,0,2263,0.53,0,0.53
2026-08-07,UDXCOMBO-18018741514475096981,Other,Combo-18018741514475096981,Finalized,2322,2256,0.44,0,0.15
2026-08-07,UDXCOMBO-12500013050221308990,Other,Combo-12500013050221308990,Finalized,2231,2231,0.57,0,0.57
2026-08-07,UDXCOMBO-9256592506478022822,Other,Combo-9256592506478022822,Finalized,0,2231,0.04,0,0.04
2026-08-07,UDXCOMBO-6745725626636561742,Other,Combo-6745725626636561742,Finalized,0,2220,0.01,0,0.01
2026-08-07,UDXCOMBO-4679536786599803994,Other,Combo-4679536786599803994,Finalized,0,2201,0.02,0,0.02
2026-08-07,UDXCOMBO-16202380436520230172,Other,Combo-16202380436520230172,Finalized,2182,2182,0.24,0,0.22
2026-08-07,UDXCOMBO-13748440182943575986,Other,Combo-13748440182943575986,Finalized,1893,2181,0.45,0,0.26
2026-08-07,UDXMLBSPREAD_HOUSD26AUG072140_HOU1.5,Baseball,Spread,Finalized,1307,2180,0.73,0,0.61
2026-08-07,UDXCOMBO-7036019133549434346,Other,Combo-7036019133549434346,Finalized,2179,2179,0.04,0,0.04
2026-08-07,UDXCOMBO-6339744339574010017,Other,Combo-6339744339574010017,Finalized,0,2179,0.04,0,0.04
2026-08-07,UDXCOMBO-7135714328272147163,Other,Combo-7135714328272147163,Finalized,2166,2166,0.18,0,0.18
2026-08-07,UDXWNBATOTAL_ATLWSH2026AUG07_163.5,Basketball (pro),Total,Finalized,0,2147,0.69,0,0.04
2026-08-07,UDXCOMBO-9620546864714269609,Other,Combo-9620546864714269609,Finalized,2038,2124,0.76,0,0.76
2026-08-07,UDXCOMBO-13676867297981360087,Other,Combo-13676867297981360087,Finalized,0,2116,0.33,0,0.33
2026-08-07,UDXMLBSPREAD_CINWAS26AUG071845_WAS1.5,Baseball,Spread,Finalized,0,2116,0.95,0,0.95
2026-08-07,UDXCOMBO-18252283252724387057,Other,Combo-18252283252724387057,Finalized,0,2103,0.01,0,0.01
2026-08-07,UDXCOMBO-6603854952827570510,Other,Combo-6603854952827570510,Finalized,0,2102,0,0,0
2026-08-07,UDXMLBSPREAD_CHCKAN26AUG072010_CHC4.5,Baseball,Spread,Finalized,0,2099,0.23,0,0.15
2026-08-07,UDXCOMBO-10275182108915790216,Other,Combo-10275182108915790216,Finalized,0,2082,0.05,0,0.05
2026-08-07,UDXCOMBO-12015164778067316232,Other,Combo-12015164778067316232,Finalized,0,2082,0.05,0,0.05
2026-08-07,UDXMLBTOTAL_OAKBOS26AUG071910_10.5,Baseball,Total,Finalized,0,2081,0.55,0,0.45
2026-08-07,UDXCOMBO-12203457195513299584,Other,Combo-12203457195513299584,Finalized,0,2077,0.01,0,0.01
2026-08-07,UDXCOMBO-2483985630180483357,Other,Combo-2483985630180483357,Finalized,0,2077,0.46,0,0.46
2026-08-07,UDXMLBSPREAD_TBSEA26AUG072145_TB1.5,Baseball,Spread,Finalized,1681,2065,0.73,0,0.73
2026-08-07,UDXMLBTOTAL_TORPHI26AUG071840_10.5,Baseball,Total,Finalized,975,2063,0.59,0,0.36
2026-08-07,UDXCOMBO-4978563726008299536,Other,Combo-4978563726008299536,Finalized,0,2037,0.01,0,0.01
2026-08-07,UDXMLBSPREAD_TBSEA26AUG072145_TB2.5,Baseball,Spread,Finalized,1257,2014,0.53,0,0.2
2026-08-07,UDXMLBTOTAL_CHCKAN26AUG072010_9.5,Baseball,Total,Finalized,0,2010,0.81,0,0.81
2026-08-07,UDXCOMBO-10677640908296069338,Other,Combo-10677640908296069338,Finalized,0,2002,0.01,0,0.01
2026-08-07,UDXCOMBO-2439754250036885409,Other,Combo-2439754250036885409,Finalized,1129,1983,0.49,0,0.13
2026-08-07,UDXCOMBO-7928473542771414895,Other,Combo-7928473542771414895,Finalized,1975,1975,0.02,0,0.02
2026-08-07,UDXCOMBO-8443244536414866991,Other,Combo-8443244536414866991,Finalized,0,1962,0.49,0,0.49
2026-08-07,UDXMLBTOTAL_TBSEA26AUG072145_10.5,Baseball,Total,Finalized,1953,1953,0.19,0,0.06
2026-08-07,UDXCOMBO-2707207803592914776,Other,Combo-2707207803592914776,Finalized,1941,1941,0.36,0,0.36
2026-08-07,UDXCOMBO-1095222162730408908,Other,Combo-1095222162730408908,Finalized,1938,1938,0.25,0,0.25
2026-08-07,UDXCOMBO-570642020542143404,Other,Combo-570642020542143404,Finalized,0,1913,0.05,0,0.05
2026-08-07,UDXMLBTOTAL_COLSTL26AUG072015_8.5,Baseball,Total,Finalized,0,1913,0.54,0,0.31
2026-08-07,UDXCOMBO-6513730987463127077,Other,Combo-6513730987463127077,Finalized,0,1891,0.26,0,0.26
2026-08-07,UDXCOMBO-11753542544546317592,Other,Combo-11753542544546317592,Finalized,0,1883,0.03,0,0.03
2026-08-07,UDXWNBATOTAL_PHXCONN2026AUG07_163.5,Basketball (pro),Total,Finalized,0,1872,0.76,0,0.03
2026-08-07,UDXCOMBO-14897843745402447858,Other,Combo-14897843745402447858,Finalized,1659,1869,0.73,0,0.7
2026-08-07,UDXCOMBO-11111150686696532414,Other,Combo-11111150686696532414,Finalized,0,1869,0.01,0,0.01
2026-08-07,UDXCOMBO-2893197204350412486,Other,Combo-2893197204350412486,Finalized,0,1869,0.01,0,0.01
2026-08-07,UDXCOMBO-9961277224054493189,Other,Combo-9961277224054493189,Finalized,0,1869,0.01,0,0.01
2026-08-07,UDXMLBTOTAL_MINMIL26AUG071940_7.5,Baseball,Total,Finalized,0,1855,0.56,0,0.49
2026-08-07,UDXMLBSPREAD_CHCKAN26AUG072010_CHC2.5,Baseball,Spread,Finalized,0,1854,0.84,0,0.38
2026-08-07,UDXWNBASPREAD_ATLWSH2026AUG07_WSH3.5,Basketball (pro),Spread,Finalized,0,1853,0.86,0,0.57
2026-08-07,UDXCOMBO-5047730038568381533,Other,Combo-5047730038568381533,Finalized,0,1851,0.15,0,0.15
2026-08-07,UDXMLBSPREAD_DETSF26AUG072215_SF3.5,Baseball,Spread,Finalized,367,1847,0.23,0,0.23
2026-08-07,UDXCOMBO-15703159806297439194,Other,Combo-15703159806297439194,Finalized,0,1838,0.05,0,0.05
2026-08-07,UDXCOMBO-3625669818030978103,Other,Combo-3625669818030978103,Finalized,1827,1827,0.22,0,0.05
2026-08-07,UDXMLBTOTAL_ATLNYY26AUG071905_7.5,Baseball,Total,Finalized,668,1805,0.55,0,0.2
2026-08-07,UDXCOMBO-17217078134585635223,Other,Combo-17217078134585635223,Finalized,0,1800,0.03,0,0.03
2026-08-07,UDXCOMBO-13011714546388903452,Other,Combo-13011714546388903452,Finalized,1798,1798,0.47,0,0.47
2026-08-07,UDXCOMBO-16338317190604359923,Other,Combo-16338317190604359923,Finalized,1798,1798,0.01,0,0.01
2026-08-07,UDXCOMBO-12978991581966566886,Other,Combo-12978991581966566886,Finalized,1766,1766,0.26,0,0.03
2026-08-07,UDXCOMBO-3737967233169327836,Other,Combo-3737967233169327836,Finalized,1761,1761,0.1,0,0.09
2026-08-07,UDXCOMBO-10273735678745015832,Other,Combo-10273735678745015832,Finalized,1747,1747,0.18,0,0.18
2026-08-07,UDXMLBTOTAL_DETSF26AUG072215_11.5,Baseball,Total,Finalized,1034,1739,0.56,0,0.44
2026-08-07,UDXMLBTOTAL_BALTEX26AUG072015_5.5,Baseball,Total,Finalized,0,1738,0.44,0,0.15
2026-08-07,UDXCOMBO-2244734025723960341,Other,Combo-2244734025723960341,Finalized,1733,1733,0.03,0,0.03
2026-08-07,UDXCOMBO-7390252131243993058,Other,Combo-7390252131243993058,Finalized,1724,1724,0.12,0,0.12
2026-08-07,UDXCOMBO-4155505089291389059,Other,Combo-4155505089291389059,Finalized,1705,1705,0.06,0,0.06
2026-08-07,UDXCOMBO-16277627617571721340,Other,Combo-16277627617571721340,Finalized,1700,1700,0.01,0,0.01
2026-08-07,UDXCOMBO-13110983493848485513,Other,Combo-13110983493848485513,Finalized,0,1700,0.01,0,0.01
2026-08-07,UDXCOMBO-13796633344476862161,Other,Combo-13796633344476862161,Finalized,0,1694,0.28,0,0.28
2026-08-07,UDXCOMBO-12833888277136187255,Other,Combo-12833888277136187255,Finalized,0,1682,0.01,0,0.01
2026-08-07,UDXCOMBO-13233772052465420367,Other,Combo-13233772052465420367,Finalized,0,1682,0.01,0,0.01
2026-08-07,UDXCOMBO-2315113474062806556,Other,Combo-2315113474062806556,Finalized,0,1682,0.01,0,0.01
2026-08-07,UDXCOMBO-983062365392200441,Other,Combo-983062365392200441,Finalized,0,1675,0.06,0,0.06
2026-08-07,UDXCOMBO-5879176186217455946,Other,Combo-5879176186217455946,Finalized,0,1671,0.03,0,0.03
2026-08-07,UDXCOMBO-1196964913860746584,Other,Combo-1196964913860746584,Finalized,0,1667,0.22,0,0.22
2026-08-07,UDXCOMBO-12243496756700001275,Other,Combo-12243496756700001275,Finalized,1651,1651,0.33,0,0.33
2026-08-07,UDXCOMBO-11078659015458729517,Other,Combo-11078659015458729517,Finalized,1649,1649,0.14,0,0.14
2026-08-07,UDXCOMBO-6888448773260780934,Other,Combo-6888448773260780934,Finalized,0,1645,0.48,0,0.47
2026-08-07,UDXMLBTOTAL_COLSTL26AUG072015_5.5,Baseball,Total,Finalized,0,1644,0.54,0,0.39
2026-08-07,UDXCOMBO-4959187521777311955,Other,Combo-4959187521777311955,Finalized,0,1640,0.02,0,0.02
2026-08-07,UDXCOMBO-17917532466227997812,Other,Combo-17917532466227997812,Finalized,1637,1637,0.12,0,0.12
2026-08-07,UDXCOMBO-7738172251066501407,Other,Combo-7738172251066501407,Finalized,1618,1618,0.41,0,0.2
2026-08-07,UDXMLBTOTAL_CLECWS26AUG071940_11.5,Baseball,Total,Finalized,0,1612,0.51,0,0.22
2026-08-07,UDXMLBTOTAL_NYMPIT26AUG071840_9.5,Baseball,Total,Finalized,0,1608,0.49,0,0.22
2026-08-07,UDXCOMBO-9084544276855066791,Other,Combo-9084544276855066791,Finalized,1606,1606,0.33,0,0.33
2026-08-07,UDXCOMBO-18173383318536419138,Other,Combo-18173383318536419138,Finalized,0,1603,0.27,0,0.27
2026-08-07,UDXCOMBO-9421806994280265419,Other,Combo-9421806994280265419,Finalized,1600,1600,0.27,0,0.26
2026-08-07,UDXCOMBO-11360257539547520822,Other,Combo-11360257539547520822,Finalized,1596,1596,0.05,0,0.05
2026-08-07,UDXCOMBO-9454090582577837486,Other,Combo-9454090582577837486,Finalized,1590,1590,0.06,0,0.06
2026-08-07,UDXMLBGAMEWIN_SDARI26AUG062140_ARI,Baseball,Moneyline,Finalized,0,1585,0.04,0,0.02
2026-08-07,UDXCOMBO-11124678127261539944,Other,Combo-11124678127261539944,Finalized,0,1581,0.1,0,0.1
2026-08-07,UDXCOMBO-6836066334675158281,Other,Combo-6836066334675158281,Finalized,869,1579,0.44,0,0.11
2026-08-07,UDXMLBSPREAD_CHCKAN26AUG072010_CHC3.5,Baseball,Spread,Finalized,0,1579,0.67,0,0.43
2026-08-07,UDXCOMBO-13033678855974677142,Other,Combo-13033678855974677142,Finalized,0,1577,0.01,0,0.01
2026-08-07,UDXCOMBO-16890639162425766133,Other,Combo-16890639162425766133,Finalized,0,1568,0.24,0,0.19
2026-08-07,UDXCOMBO-2097770909775990849,Other,Combo-2097770909775990849,Finalized,0,1559,0.02,0,0.02
2026-08-07,UDXCOMBO-15498404281083959968,Other,Combo-15498404281083959968,Finalized,0,1558,0.01,0,0.01
2026-08-07,UDXCOMBO-17058186131137462344,Other,Combo-17058186131137462344,Finalized,0,1558,0.01,0,0.01
2026-08-07,UDXCOMBO-8560777084416227500,Other,Combo-8560777084416227500,Finalized,0,1558,0.01,0,0.01
2026-08-07,UDXCOMBO-9176672026405767617,Other,Combo-9176672026405767617,Finalized,0,1558,0.01,0,0.01
2026-08-07,UDXCOMBO-9780190471598581597,Other,Combo-9780190471598581597,Finalized,0,1558,0.01,0,0.01
2026-08-07,UDXCOMBO-6568870065897973164,Other,Combo-6568870065897973164,Finalized,1556,1556,0,0,0
2026-08-07,UDXCOMBO-1404458829766590853,Other,Combo-1404458829766590853,Finalized,0,1553,0.31,0,0.31
2026-08-07,UDXCOMBO-7841220267830727230,Other,Combo-7841220267830727230,Finalized,0,1542,0.03,0,0.03
2026-08-07,UDXCOMBO-873288817751352734,Other,Combo-873288817751352734,Finalized,0,1540,0,0,0
2026-08-07,UDXCOMBO-12066965370543050637,Other,Combo-12066965370543050637,Finalized,0,1533,0.05,0,0.05
2026-08-07,UDXCOMBO-9793012345664895631,Other,Combo-9793012345664895631,Finalized,0,1521,0.25,0,0.23
2026-08-07,UDXCOMBO-5535414968186884546,Other,Combo-5535414968186884546,Finalized,1519,1519,0.31,0,0.31
2026-08-07,UDXCOMBO-15400904651019330518,Other,Combo-15400904651019330518,Finalized,1513,1513,0.06,0,0.06
2026-08-07,UDXWNBASPREAD_ATLWSH2026AUG07_WSH1.5,Basketball (pro),Spread,Finalized,0,1510,0.9,0,0.85
2026-08-07,UDXCOMBO-1218396317205152527,Other,Combo-1218396317205152527,Finalized,0,1508,0.27,0,0.23
2026-08-07,UDXCOMBO-2610853135485220718,Other,Combo-2610853135485220718,Finalized,0,1503,0.01,0,0.01
2026-08-07,UDXCOMBO-4848882333342984657,Other,Combo-4848882333342984657,Finalized,1488,1488,0.04,0,0.03
2026-08-07,UDXCOMBO-11505913096248821700,Other,Combo-11505913096248821700,Finalized,0,1487,0.4,0,0.02
2026-08-07,UDXCOMBO-4739008905101325357,Other,Combo-4739008905101325357,Finalized,0,1485,0.02,0,0.02
2026-08-07,UDXCOMBO-9888393576342611520,Other,Combo-9888393576342611520,Finalized,1484,1484,0.13,0,0.11
2026-08-07,UDXCOMBO-8807609917137446288,Other,Combo-8807609917137446288,Finalized,0,1477,0.02,0,0.02
2026-08-07,UDXCOMBO-12360678871563278343,Other,Combo-12360678871563278343,Finalized,0,1472,0.28,0,0.28
2026-08-07,UDXCOMBO-92381762739938361,Other,Combo-92381762739938361,Finalized,0,1471,0.4,0,0.39
2026-08-07,UDXCOMBO-8355245692710989117,Other,Combo-8355245692710989117,Finalized,0,1461,0.02,0,0.02
2026-08-07,UDXCOMBO-8862490510089634285,Other,Combo-8862490510089634285,Finalized,0,1461,0.02,0,0.02
2026-08-07,UDXMLBTOTAL_BALTEX26AUG072015_12.5,Baseball,Total,Finalized,0,1460,0.13,0,0.13
2026-08-07,UDXCOMBO-5823472732413261042,Other,Combo-5823472732413261042,Finalized,1454,1454,0.1,0,0.1
2026-08-07,UDXCOMBO-9378272873627411183,Other,Combo-9378272873627411183,Finalized,0,1449,0.11,0,0.11
2026-08-07,UDXCOMBO-10691182128303314986,Other,Combo-10691182128303314986,Finalized,0,1443,0.07,0,0.07
2026-08-07,UDXCOMBO-10783559726954645172,Other,Combo-10783559726954645172,Finalized,1441,1441,0.27,0,0.22
2026-08-07,UDXCOMBO,Other,Combo,Finalized,1419,1419,0.03,0,
2026-08-07,UDXCOMBO-5936472741970069235,Other,Combo-5936472741970069235,Finalized,1419,1419,0.72,0,0.45
2026-08-07,UDXCOMBO-2246050528313749716,Other,Combo-2246050528313749716,Finalized,0,1419,0.03,0,0.03
2026-08-07,UDXCOMBO-7049782587952066372,Other,Combo-7049782587952066372,Finalized,0,1419,0.03,0,0.03
2026-08-07,UDXCOMBO-1876666563277152755,Other,Combo-1876666563277152755,Finalized,1409,1409,0.41,0,0.41
2026-08-07,UDXCOMBO-16181803769544206874,Other,Combo-16181803769544206874,Finalized,0,1405,0.34,0,0.34
2026-08-07,UDXCOMBO-12510092984918938262,Other,Combo-12510092984918938262,Finalized,0,1404,0.03,0,0.03
2026-08-07,UDXCOMBO-11802862723325895458,Other,Combo-11802862723325895458,Finalized,0,1402,0.01,0,0.01
2026-08-07,UDXCOMBO-281554953960866973,Other,Combo-281554953960866973,Finalized,0,1402,0.01,0,0.01
2026-08-07,UDXCOMBO-6079048867412761618,Other,Combo-6079048867412761618,Finalized,1401,1401,0.07,0,0.07
2026-08-07,UDXCOMBO-11508424545466517373,Other,Combo-11508424545466517373,Finalized,0,1401,0.01,0,0.01
2026-08-07,UDXCOMBO-1538469178269773094,Other,Combo-1538469178269773094,Finalized,0,1400,0,0,0
2026-08-07,UDXCOMBO-6032861932165122873,Other,Combo-6032861932165122873,Finalized,0,1400,0,0,0
2026-08-07,UDXCOMBO-14530497647247601318,Other,Combo-14530497647247601318,Finalized,1387,1387,0.32,0,0.32
2026-08-07,UDXMLBSPREAD_HOUSD26AUG072140_SD2.5,Baseball,Spread,Finalized,1384,1384,0.04,0,0.04
2026-08-07,UDXCOMBO-1736459487695091551,Other,Combo-1736459487695091551,Finalized,1379,1379,0.28,0,0.28
2026-08-07,UDXCOMBO-18328188357169969728,Other,Combo-18328188357169969728,Finalized,0,1375,0.03,0,0.03
2026-08-07,UDXCOMBO-3379253506372464210,Other,Combo-3379253506372464210,Finalized,1347,1347,0.14,0,0.14
2026-08-07,UDXCOMBO-11362484316407741516,Other,Combo-11362484316407741516,Finalized,1341,1341,0.07,0,0.07
2026-08-07,UDXCOMBO-1725758442509666784,Other,Combo-1725758442509666784,Finalized,1336,1336,0.01,0,0.01
2026-08-07,UDXCOMBO-18349830875278245875,Other,Combo-18349830875278245875,Finalized,0,1335,0.01,0,0.01
2026-08-07,UDXCOMBO-10744080882142112800,Other,Combo-10744080882142112800,Finalized,0,1322,0.07,0,0.07
2026-08-07,UDXMLBTOTAL_OAKBOS26AUG071910_7.5,Baseball,Total,Finalized,0,1312,0.91,0,0.88
2026-08-07,UDXCOMBO-15572359317091032407,Other,Combo-15572359317091032407,Finalized,1310,1310,0.34,0,0.25
2026-08-07,UDXCOMBO-5168454120844537474,Other,Combo-5168454120844537474,Finalized,1307,1307,0.11,0,0.11
2026-08-07,UDXCOMBO-15777697424032551319,Other,Combo-15777697424032551319,Finalized,1304,1304,0.07,0,0.07
2026-08-07,UDXCOMBO-5861325838371088853,Other,Combo-5861325838371088853,Finalized,0,1304,0.07,0,0.07
2026-08-07,UDXMLBSPREAD_HOUSD26AUG072140_HOU2.5,Baseball,Spread,Finalized,467,1301,0.54,0,0.3
2026-08-07,UDXCOMBO-2933702627710471332,Other,Combo-2933702627710471332,Finalized,1300,1300,0.27,0,0.27
2026-08-07,UDXCOMBO-7694247200206282887,Other,Combo-7694247200206282887,Finalized,0,1286,0.02,0,0.02
2026-08-07,UDXCOMBO-12524226558142246105,Other,Combo-12524226558142246105,Finalized,1277,1277,0.38,0,0.38
2026-08-07,UDXCOMBO-14927924465490651149,Other,Combo-14927924465490651149,Finalized,1272,1272,0.15,0,0.15
2026-08-07,UDXCOMBO-18403127714164151742,Other,Combo-18403127714164151742,Finalized,1271,1271,0.1,0,0.1
2026-08-07,UDXCOMBO-16019648433457160960,Other,Combo-16019648433457160960,Finalized,1269,1269,0.04,0,0.04
2026-08-07,UDXCOMBO-15789633727424361711,Other,Combo-15789633727424361711,Finalized,0,1265,0.04,0,0.04
2026-08-07,UDXCOMBO-54889264756159655,Other,Combo-54889264756159655,Finalized,0,1262,0.47,0,0.41
2026-08-07,UDXCOMBO-7490749383396625754,Other,Combo-7490749383396625754,Finalized,1260,1260,0.31,0,0.31
2026-08-07,UDXCOMBO-11965485437988079187,Other,Combo-11965485437988079187,Finalized,0,1241,0.16,0,0.16
2026-08-07,UDXCOMBO-12045876536282206773,Other,Combo-12045876536282206773,Finalized,0,1235,0.21,0,0.21
2026-08-07,UDXCOMBO-5132362448759384514,Other,Combo-5132362448759384514,Finalized,0,1235,0.02,0,0.01
2026-08-07,UDXCOMBO-7700089499699967716,Other,Combo-7700089499699967716,Finalized,1232,1232,0.04,0,0.04
2026-08-07,UDXCOMBO-679946397340207762,Other,Combo-679946397340207762,Finalized,0,1219,0.08,0,0.08
2026-08-07,UDXCOMBO-17547859728741221828,Other,Combo-17547859728741221828,Finalized,1208,1208,0.15,0,0.03
2026-08-07,UDXCOMBO-9371941497267447184,Other,Combo-9371941497267447184,Finalized,0,1204,0.08,0,0.08
2026-08-07,UDXMLBTOTAL_LAAMIA26AUG071910_7.5,Baseball,Total,Finalized,0,1204,0.62,0,0.13
2026-08-07,UDXCOMBO-17716486879172704665,Other,Combo-17716486879172704665,Finalized,0,1202,0.01,0,0.01
2026-08-07,UDXCOMBO-18421212121160635627,Other,Combo-18421212121160635627,Finalized,0,1201,0.04,0,0.04
2026-08-07,UDXCOMBO-3981385840611943473,Other,Combo-3981385840611943473,Finalized,1189,1189,0.09,0,0.09
2026-08-07,UDXCOMBO-4510869884036818556,Other,Combo-4510869884036818556,Finalized,0,1180,0.04,0,0.04
2026-08-07,UDXCOMBO-14462228737180971674,Other,Combo-14462228737180971674,Finalized,1178,1178,0.03,0,0.03
2026-08-07,UDXCOMBO-10690841301295975554,Other,Combo-10690841301295975554,Finalized,1174,1174,0.08,0,0.08
2026-08-07,UDXMLBSPREAD_DETSF26AUG072215_SF2.5,Baseball,Spread,Finalized,489,1173,0.62,0,0.49
2026-08-07,UDXCOMBO-13988236223067838580,Other,Combo-13988236223067838580,Finalized,0,1173,0,0,0
2026-08-07,UDXCOMBO-14159407220338450011,Other,Combo-14159407220338450011,Finalized,1172,1172,0.24,0,0.24
2026-08-07,UDXCOMBO-17039066869232944377,Other,Combo-17039066869232944377,Finalized,0,1171,0.04,0,0.04
2026-08-07,UDXMLBTOTAL_MINMIL26AUG071940_16.5,Baseball,Total,Finalized,0,1171,0.41,0,0.04
2026-08-07,UDXCOMBO-14468380112772867908,Other,Combo-14468380112772867908,Finalized,1169,1169,0.13,0,0.07
2026-08-07,UDXCOMBO-14636179577768066014,Other,Combo-14636179577768066014,Finalized,1169,1169,0.01,0,0.01
2026-08-07,UDXCOMBO-12253953193864057316,Other,Combo-12253953193864057316,Finalized,0,1169,0.02,0,0.02
2026-08-07,UDXCOMBO-3027250106807967178,Other,Combo-3027250106807967178,Finalized,0,1169,0.01,0,0.01
2026-08-07,UDXCOMBO-15438011850543462652,Other,Combo-15438011850543462652,Finalized,0,1168,0.01,0,0.01
2026-08-07,UDXCOMBO-1769247086826132924,Other,Combo-1769247086826132924,Finalized,0,1168,0.25,0,0.24
2026-08-07,UDXCOMBO-10692671187377311069,Other,Combo-10692671187377311069,Finalized,0,1167,0,0,0
2026-08-07,UDXCOMBO-169826143558812391,Other,Combo-169826143558812391,Finalized,0,1167,0,0,0
2026-08-07,UDXCOMBO-17835097970747013107,Other,Combo-17835097970747013107,Finalized,0,1167,0,0,0
2026-08-07,UDXMLBSPREAD_DETSF26AUG072215_DET2.5,Baseball,Spread,Finalized,612,1162,0.47,0,0.26
2026-08-07,UDXCOMBO-12380520632949636045,Other,Combo-12380520632949636045,Finalized,0,1151,0.22,0,0.22
2026-08-07,UDXCOMBO-10128765074440441420,Other,Combo-10128765074440441420,Finalized,1149,1149,0.21,0,0.21
2026-08-07,UDXMLBSPREAD_OAKBOS26AUG071910_OAK3.5,Baseball,Spread,Finalized,0,1148,0.09,0,0.09
2026-08-07,UDXCOMBO-2385033979722289370,Other,Combo-2385033979722289370,Finalized,0,1142,0.04,0,0.04
2026-08-07,UDXCOMBO-10618249566105486977,Other,Combo-10618249566105486977,Finalized,0,1140,0.03,0,0.03
2026-08-07,UDXCOMBO-2061296459345806512,Other,Combo-2061296459345806512,Finalized,1138,1138,0.17,0,0.17
2026-08-07,UDXCOMBO-17409450712394812946,Other,Combo-17409450712394812946,Finalized,0,1130,0.36,0,0.12
2026-08-07,UDXCOMBO-9549613653528034370,Other,Combo-9549613653528034370,Finalized,0,1127,0.13,0,0.13
2026-08-07,UDXCOMBO-15064781927571294916,Other,Combo-15064781927571294916,Finalized,1120,1120,0.35,0,0.35
2026-08-07,UDXCOMBO-10017667206970386899,Other,Combo-10017667206970386899,Finalized,1115,1115,0.04,0,0.04
2026-08-07,UDXCOMBO-4368475484963084624,Other,Combo-4368475484963084624,Finalized,1115,1115,0.42,0,0.42
2026-08-07,UDXCOMBO-5619206705924136940,Other,Combo-5619206705924136940,Finalized,0,1115,0.14,0,0.14
2026-08-07,UDXCOMBO-12228755960440401602,Other,Combo-12228755960440401602,Finalized,1105,1105,0.11,0,0.11
2026-08-07,UDXCOMBO-403049957830189190,Other,Combo-403049957830189190,Finalized,1105,1105,0.44,0,0.44
2026-08-07,UDXCOMBO-14522478111621076098,Other,Combo-14522478111621076098,Finalized,1104,1104,0.06,0,0.04
2026-08-07,UDXCOMBO-16688242857637294295,Other,Combo-16688242857637294295,Finalized,0,1104,0.09,0,0.04
2026-08-07,UDXMLBTOTAL_OAKBOS26AUG071910_9.5,Baseball,Total,Finalized,0,1103,0.57,0,0.52
2026-08-07,UDXCOMBO-9529978994541873370,Other,Combo-9529978994541873370,Finalized,0,1101,0.45,0,0.45
2026-08-07,UDXCOMBO-1491153944068626697,Other,Combo-1491153944068626697,Finalized,0,1100,0.02,0,0.02
2026-08-07,UDXCOMBO-497687044476061405,Other,Combo-497687044476061405,Finalized,1092,1092,0.36,0,0.1
2026-08-07,UDXCOMBO-17235475966960535722,Other,Combo-17235475966960535722,Finalized,0,1092,0.22,0,0.22
2026-08-07,UDXCOMBO-8601575463680568328,Other,Combo-8601575463680568328,Finalized,1091,1091,0.23,0,0.05
2026-08-07,UDXCOMBO-11599772673864736748,Other,Combo-11599772673864736748,Finalized,0,1089,0.06,0,0.06
2026-08-07,UDXCOMBO-3664163385254965412,Other,Combo-3664163385254965412,Finalized,0,1089,0.04,0,0.04
2026-08-07,UDXCOMBO-1022351129732059072,Other,Combo-1022351129732059072,Finalized,0,1088,0.44,0,0.44
2026-08-07,UDXWNBATOTAL_PHXCONN2026AUG07_181.5,Basketball (pro),Total,Finalized,0,1088,0.53,0,0.04
2026-08-07,UDXCOMBO-8549968263683413042,Other,Combo-8549968263683413042,Finalized,1080,1080,0.09,0,0.09
2026-08-07,UDXCOMBO-2586343544589373387,Other,Combo-2586343544589373387,Finalized,1079,1079,0.13,0,0.13
2026-08-07,UDXCOMBO-13040733755442145785,Other,Combo-13040733755442145785,Finalized,0,1068,0.09,0,0.09
2026-08-07,UDXCOMBO-1421284146162292510,Other,Combo-1421284146162292510,Finalized,1065,1065,0.04,0,0.04
2026-08-07,UDXMLBTOTAL_COLSTL26AUG072015_7.5,Baseball,Total,Finalized,0,1060,0.65,0,0.13
2026-08-07,UDXCOMBO-7687029046100318681,Other,Combo-7687029046100318681,Finalized,1058,1058,0.22,0,0.22
2026-08-07,UDXCOMBO-10864330580259725729,Other,Combo-10864330580259725729,Finalized,0,1054,0.05,0,0.05
2026-08-07,UDXCOMBO-9497674936808267586,Other,Combo-9497674936808267586,Finalized,1053,1053,0.23,0,0.23
2026-08-07,UDXCOMBO-6355179733970302622,Other,Combo-6355179733970302622,Finalized,0,1051,0,0,0
2026-08-07,UDXCOMBO-8472533043656029774,Other,Combo-8472533043656029774,Finalized,0,1051,0.01,0,0.01
2026-08-07,UDXMLBTOTAL_ATLNYY26AUG071905_8.5,Baseball,Total,Finalized,484,1050,0.47,0,0.14
2026-08-07,UDXCOMBO-9936641976309483760,Other,Combo-9936641976309483760,Finalized,0,1050,0.01,0,0.01
2026-08-07,UDXMLBSPREAD_CINWAS26AUG071845_WAS3.5,Baseball,Spread,Finalized,0,1050,0.18,0,0.18
2026-08-07,UDXCOMBO-11672713122492354746,Other,Combo-11672713122492354746,Finalized,0,1049,0.06,0,0.06
2026-08-07,UDXCOMBO-6561816669275429156,Other,Combo-6561816669275429156,Finalized,0,1040,0.14,0,0.14
2026-08-07,UDXCOMBO-13831663490249162487,Other,Combo-13831663490249162487,Finalized,0,1039,0.02,0,0.02
2026-08-07,UDXCOMBO-18370204517382340312,Other,Combo-18370204517382340312,Finalized,0,1038,0.01,0,0.01
2026-08-07,UDXCOMBO-465080294671126885,Other,Combo-465080294671126885,Finalized,0,1038,0.01,0,0.01
2026-08-07,UDXCOMBO-6091630161738442150,Other,Combo-6091630161738442150,Finalized,0,1038,0.01,0,0.01
2026-08-07,UDXCOMBO-5939795542664635425,Other,Combo-5939795542664635425,Finalized,1033,1033,0.18,0,0.18
2026-08-07,UDXCOMBO-3618965132854487877,Other,Combo-3618965132854487877,Finalized,0,1029,0.05,0,0.05
2026-08-07,UDXCOMBO-2974725213200029315,Other,Combo-2974725213200029315,Finalized,1028,1028,0.18,0,0.18
2026-08-07,UDXCOMBO-440490536226408294,Other,Combo-440490536226408294,Finalized,0,1027,0.54,0,0.51
2026-08-07,UDXCOMBO-8714441682465119030,Other,Combo-8714441682465119030,Finalized,1026,1026,0.22,0,0.22
2026-08-07,UDXWNBASPREAD_ATLWSH2026AUG07_ATL9.5,Basketball (pro),Spread,Finalized,0,1023,0.34,0,0.33
2026-08-07,UDXCOMBO-15402588824024748354,Other,Combo-15402588824024748354,Finalized,0,1022,0,0,0
2026-08-07,UDXCOMBO-16890291508637381697,Other,Combo-16890291508637381697,Finalized,0,1018,0.65,0,0.65
2026-08-07,UDXCOMBO-12249766242136641348,Other,Combo-12249766242136641348,Finalized,0,1017,0.02,0,0.02
2026-08-07,UDXCOMBO-15336019437915091678,Other,Combo-15336019437915091678,Finalized,0,1017,0.47,0,0.47
2026-08-07,UDXCOMBO-7152659182164426258,Other,Combo-7152659182164426258,Finalized,0,1013,0.01,0,0.01
2026-08-07,UDXMLBSPREAD_BALTEX26AUG072015_BAL2.5,Baseball,Spread,Finalized,0,1008,0.23,0,0.08
2026-08-07,UDXCOMBO-11449247282412595770,Other,Combo-11449247282412595770,Finalized,1004,1004,0.14,0,0.12
2026-08-07,UDXMLBSPREAD_LADARI26AUG072140_LAD2.5,Baseball,Spread,Finalized,552,977,0.41,0,0.3
2026-08-07,UDXMLBTOTAL_DETSF26AUG072215_7.5,Baseball,Total,Finalized,333,976,0.86,0,0.83
2026-08-07,UDXCOMBO-13757288001263964456,Other,Combo-13757288001263964456,Finalized,975,975,0.19,0,0.19
2026-08-07,UDXCOMBO-3980866764859696558,Other,Combo-3980866764859696558,Finalized,0,975,0.02,0,0.02
2026-08-07,UDXCOMBO-14823855131537978635,Other,Combo-14823855131537978635,Finalized,970,970,0.14,0,0.14
2026-08-07,UDXCOMBO-14427204940280734028,Other,Combo-14427204940280734028,Finalized,969,969,0.1,0,0.1
2026-08-07,UDXCOMBO-15467362436871459601,Other,Combo-15467362436871459601,Finalized,969,969,0.1,0,0.1
2026-08-07,UDXCOMBO-5067522740075258089,Other,Combo-5067522740075258089,Finalized,969,969,0.1,0,0.1
2026-08-07,UDXCOMBO-13910988118393471963,Other,Combo-13910988118393471963,Finalized,401,969,0.48,0,0.29
2026-08-07,UDXCOMBO-12702889743111391160,Other,Combo-12702889743111391160,Finalized,0,969,0.18,0,0.17
2026-08-07,UDXCOMBO-7712351720374028451,Other,Combo-7712351720374028451,Finalized,0,968,0.03,0,0.03
2026-08-07,UDXCOMBO-6357282252217935033,Other,Combo-6357282252217935033,Finalized,0,967,0.31,0,0.3
2026-08-07,UDXMLBSPREAD_DETSF26AUG072215_SF1.5,Baseball,Spread,Finalized,815,963,0.79,0,0.74
2026-08-07,UDXCOMBO-6006494321852101905,Other,Combo-6006494321852101905,Finalized,962,962,0.46,0,0.37
2026-08-07,UDXWNBATOTAL_PHXCONN2026AUG07_160.5,Basketball (pro),Total,Finalized,0,961,0.8,0,0.17
2026-08-07,UDXCOMBO-1463473074064807271,Other,Combo-1463473074064807271,Finalized,953,953,0.25,0,0.25
2026-08-07,UDXMLBTOTAL_NYMPIT26AUG071840_12.5,Baseball,Total,Finalized,0,952,0.21,0,0.12
2026-08-07,UDXCOMBO-17803551467029294593,Other,Combo-17803551467029294593,Finalized,951,951,0.51,0,0.51
2026-08-07,UDXCOMBO-14400594943899154079,Other,Combo-14400594943899154079,Finalized,0,951,0.02,0,0.02
2026-08-07,UDXCOMBO-1883522625446855697,Other,Combo-1883522625446855697,Finalized,950,950,0.1,0,0.1
2026-08-07,UDXCOMBO-17623847228494262421,Other,Combo-17623847228494262421,Finalized,949,949,0.63,0,0.51
2026-08-07,UDXCOMBO-5202430020409101347,Other,Combo-5202430020409101347,Finalized,949,949,0.58,0,0.58
2026-08-07,UDXMLBTOTAL_ATLNYY26AUG071905_6.5,Baseball,Total,Finalized,695,945,0.67,0,0.49
2026-08-07,UDXCOMBO-16043697378550572996,Other,Combo-16043697378550572996,Finalized,938,938,0.36,0,0.36
2026-08-07,UDXMLBTOTAL_DETSF26AUG072215_12.5,Baseball,Total,Finalized,661,937,0.49,0,0.48
2026-08-07,UDXCOMBO-16825736450102598381,Other,Combo-16825736450102598381,Finalized,0,937,0.04,0,0.04
2026-08-07,UDXCOMBO-7891605893574259313,Other,Combo-7891605893574259313,Finalized,0,937,0.05,0,0.05
2026-08-07,UDXCOMBO-13206235244404227312,Other,Combo-13206235244404227312,Finalized,0,936,0.03,0,0.03
2026-08-07,UDXCOMBO-18190283323502241691,Other,Combo-18190283323502241691,Finalized,0,936,0.07,0,0.07
2026-08-07,UDXCOMBO-2655848141239085480,Other,Combo-2655848141239085480,Finalized,0,936,0.04,0,0.04
2026-08-07,UDXCOMBO-1055602940465756647,Other,Combo-1055602940465756647,Finalized,0,935,0.01,0,0.01
2026-08-07,UDXCOMBO-1064500682206097764,Other,Combo-1064500682206097764,Finalized,0,935,0.02,0,0.02
2026-08-07,UDXCOMBO-11637252852711422166,Other,Combo-11637252852711422166,Finalized,0,935,0.02,0,0.02
2026-08-07,UDXCOMBO-4652374635974612398,Other,Combo-4652374635974612398,Finalized,0,935,0.01,0,0.01
2026-08-07,UDXCOMBO-865790902969603155,Other,Combo-865790902969603155,Finalized,0,935,0.02,0,0.02
2026-08-07,UDXCOMBO-1592876129030157477,Other,Combo-1592876129030157477,Finalized,0,934,0.01,0,0.01
2026-08-07,UDXCOMBO-17773936716162048697,Other,Combo-17773936716162048697,Finalized,0,934,0.01,0,0.01
2026-08-07,UDXCOMBO-3107954293360623626,Other,Combo-3107954293360623626,Finalized,0,934,0,0,0
2026-08-07,UDXCOMBO-4762620993928011637,Other,Combo-4762620993928011637,Finalized,0,934,0.01,0,0.01
2026-08-07,UDXCOMBO-9383086360055579715,Other,Combo-9383086360055579715,Finalized,0,934,0.01,0,0.01
2026-08-07,UDXCOMBO-14209187143564717786,Other,Combo-14209187143564717786,Finalized,931,931,0.61,0,0.59
2026-08-07,UDXCOMBO-16496934440510538588,Other,Combo-16496934440510538588,Finalized,923,923,0.1,0,0.1
2026-08-07,UDXCOMBO-12760276112961773160,Other,Combo-12760276112961773160,Finalized,922,922,0.53,0,0.53
2026-08-07,UDXMLBTOTAL_SDARI26AUG062140_8.5,Baseball,Total,Finalized,0,922,0.18,0,0.03
2026-08-07,UDXCOMBO-14398804138054322252,Other,Combo-14398804138054322252,Finalized,921,921,0.41,0,0.41
2026-08-07,UDXCOMBO-11969132958282322868,Other,Combo-11969132958282322868,Finalized,919,919,0.05,0,0.05
2026-08-07,UDXCOMBO-1538237418102002267,Other,Combo-1538237418102002267,Finalized,919,919,0.05,0,0.05
2026-08-07,UDXCOMBO-8559426349948246995,Other,Combo-8559426349948246995,Finalized,0,919,0.05,0,0.05
2026-08-07,UDXCOMBO-2548473934033238222,Other,Combo-2548473934033238222,Finalized,917,917,0.31,0,0.31
2026-08-07,UDXCOMBO-5353342166098995908,Other,Combo-5353342166098995908,Finalized,0,914,0.27,0,0.27
2026-08-07,UDXCOMBO-539724984737242391,Other,Combo-539724984737242391,Finalized,0,907,0.03,0,0.03
2026-08-07,UDXCOMBO-3365206643868197918,Other,Combo-3365206643868197918,Finalized,0,906,0.03,0,0.03
2026-08-07,UDXCOMBO-13981176424838280167,Other,Combo-13981176424838280167,Finalized,0,904,0.28,0,0.28
2026-08-07,UDXMLBSPREAD_OAKBOS26AUG071910_OAK2.5,Baseball,Spread,Finalized,0,900,0.13,0,0.02
2026-08-07,UDXCOMBO-12112431821929773355,Other,Combo-12112431821929773355,Finalized,0,898,0.09,0,0.09
2026-08-07,UDXMLBTOTAL_OAKBOS26AUG071910_3.5,Baseball,Total,Finalized,0,897,0.92,0,0.92
2026-08-07,UDXCOMBO-256733613325519262,Other,Combo-256733613325519262,Finalized,896,896,0.11,0,0.11
2026-08-07,UDXCOMBO-14783345307024641949,Other,Combo-14783345307024641949,Finalized,894,894,0.08,0,0.08
2026-08-07,UDXCOMBO-3310093963820809532,Other,Combo-3310093963820809532,Finalized,892,892,0.21,0,0.21
2026-08-07,UDXCOMBO-16496238086501860885,Other,Combo-16496238086501860885,Finalized,0,891,0.02,0,0.02
2026-08-07,UDXCOMBO-16663823557916035544,Other,Combo-16663823557916035544,Finalized,0,891,0.02,0,0.02
2026-08-07,UDXMLBSPREAD_OAKBOS26AUG071910_BOS2.5,Baseball,Spread,Finalized,0,890,0.89,0,0.89
2026-08-07,UDXCOMBO-9602661311954454315,Other,Combo-9602661311954454315,Finalized,885,885,0.17,0,0.17
2026-08-07,UDXCOMBO-2197415300156403462,Other,Combo-2197415300156403462,Finalized,884,884,0.05,0,0.05
2026-08-07,UDXCOMBO-15549151728793737480,Other,Combo-15549151728793737480,Finalized,0,884,0.05,0,0.05
2026-08-07,UDXMLBTOTAL_CLECWS26AUG071940_12.5,Baseball,Total,Finalized,0,883,0.33,0,0.33
2026-08-07,UDXCOMBO-13882826188663613721,Other,Combo-13882826188663613721,Finalized,0,881,0.01,0,0.01
2026-08-07,UDXCOMBO-18172616713903911996,Other,Combo-18172616713903911996,Finalized,879,879,0.11,0,0.11
2026-08-07,UDXCOMBO-4306538436199758366,Other,Combo-4306538436199758366,Finalized,878,878,0.85,0,0.85
2026-08-07,UDXCOMBO-10869341400799740344,Other,Combo-10869341400799740344,Finalized,0,878,0.12,0,0.12
2026-08-07,UDXCOMBO-18163930371949681239,Other,Combo-18163930371949681239,Finalized,0,869,0.14,0,0.14
2026-08-07,UDXCOMBO-11000504083063074204,Other,Combo-11000504083063074204,Finalized,0,863,0.11,0,0.11
2026-08-07,UDXCOMBO-9592698460936837969,Other,Combo-9592698460936837969,Finalized,858,858,0.22,0,0.22
2026-08-07,UDXCOMBO-11442042423710226984,Other,Combo-11442042423710226984,Finalized,850,850,0.1,0,0.1
2026-08-07,UDXCOMBO-17386027934626769135,Other,Combo-17386027934626769135,Finalized,850,850,0.23,0,0.23
2026-08-07,UDXCOMBO-9476860897006844357,Other,Combo-9476860897006844357,Finalized,0,850,0.01,0,0.01
2026-08-07,UDXCOMBO-7396439283631563759,Other,Combo-7396439283631563759,Finalized,848,848,0.11,0,0.11
2026-08-07,UDXCOMBO-16268175980564899695,Other,Combo-16268175980564899695,Finalized,0,848,0.11,0,0.11
2026-08-07,UDXCOMBO-8810946226402206045,Other,Combo-8810946226402206045,Finalized,846,846,0.22,0,0.22
2026-08-07,UDXCOMBO-8825983816894927798,Other,Combo-8825983816894927798,Finalized,0,843,0.23,0,0.23
2026-08-07,UDXCOMBO-5758292051511797416,Other,Combo-5758292051511797416,Finalized,842,842,0.03,0,0.03
2026-08-07,UDXCOMBO-6442645812304732817,Other,Combo-6442645812304732817,Finalized,0,841,0.01,0,0.01
2026-08-07,UDXCOMBO-8028782121133542381,Other,Combo-8028782121133542381,Finalized,0,839,0.23,0,0.23
2026-08-07,UDXCOMBO-10637293685172125890,Other,Combo-10637293685172125890,Finalized,0,837,0.06,0,0.06
2026-08-07,UDXCOMBO-223477044784493251,Other,Combo-223477044784493251,Finalized,0,831,0.07,0,0.07
2026-08-07,UDXCOMBO-5994677265755962568,Other,Combo-5994677265755962568,Finalized,0,828,0.02,0,0.02
2026-08-07,UDXCOMBO-483962434827998437,Other,Combo-483962434827998437,Finalized,0,826,0.29,0,0.29
2026-08-07,UDXCOMBO-13362707596797518967,Other,Combo-13362707596797518967,Finalized,824,824,0.29,0,0.29
2026-08-07,UDXCOMBO-11165243382109660140,Other,Combo-11165243382109660140,Finalized,0,818,0.03,0,0.03
2026-08-07,UDXCOMBO-6364764780726781798,Other,Combo-6364764780726781798,Finalized,0,817,0.09,0,0.09
2026-08-07,UDXCOMBO-3157896388459606375,Other,Combo-3157896388459606375,Finalized,815,815,0.05,0,0.05
2026-08-07,UDXCOMBO-18050960864677148603,Other,Combo-18050960864677148603,Finalized,0,813,0.02,0,0.02
2026-08-07,UDXCOMBO-18039585831403528387,Other,Combo-18039585831403528387,Finalized,0,807,0.03,0,0.03
2026-08-07,UDXCOMBO-10064119423589195074,Other,Combo-10064119423589195074,Finalized,802,802,0.04,0,0.04
2026-08-07,UDXCOMBO-16037802646269981022,Other,Combo-16037802646269981022,Finalized,798,798,0.12,0,0.12
2026-08-07,UDXCOMBO-6095776953220324910,Other,Combo-6095776953220324910,Finalized,0,796,0.3,0,0.24
2026-08-07,UDXMLBSPREAD_CLECWS26AUG071940_CWS2.5,Baseball,Spread,Finalized,0,794,0.19,0,0.19
2026-08-07,UDXCOMBO-9122673849149106874,Other,Combo-9122673849149106874,Finalized,791,791,0.12,0,0.12
2026-08-07,UDXCOMBO-17100410958378138110,Other,Combo-17100410958378138110,Finalized,787,787,0.01,0,0.01
2026-08-07,UDXCOMBO-8635478827063891666,Other,Combo-8635478827063891666,Finalized,0,785,0.01,0,0.01
2026-08-07,UDXMLBSPREAD_CLECWS26AUG071940_CWS3.5,Baseball,Spread,Finalized,0,784,0.12,0,0.12
2026-08-07,UDXCOMBO-10101761205697909833,Other,Combo-10101761205697909833,Finalized,783,783,0.08,0,0.08
2026-08-07,UDXCOMBO-14318791155888480032,Other,Combo-14318791155888480032,Finalized,783,783,0.62,0,0.62
2026-08-07,UDXCOMBO-1874697824534498054,Other,Combo-1874697824534498054,Finalized,781,781,0.06,0,0.06
2026-08-07,UDXCOMBO-9445557303371142659,Other,Combo-9445557303371142659,Finalized,0,781,0.06,0,0.06
2026-08-07,UDXCOMBO-2883567523711382520,Other,Combo-2883567523711382520,Finalized,779,779,0.01,0,0.01
2026-08-07,UDXCOMBO-1059511394333526443,Other,Combo-1059511394333526443,Finalized,0,779,0.01,0,0.01
2026-08-07,UDXCOMBO-16105430651354985706,Other,Combo-16105430651354985706,Finalized,0,779,0.01,0,0.01
2026-08-07,UDXCOMBO-337517974618801484,Other,Combo-337517974618801484,Finalized,0,779,0.01,0,0.01
2026-08-07,UDXCOMBO-5323033302532994592,Other,Combo-5323033302532994592,Finalized,0,779,0.01,0,0.01
2026-08-07,UDXCOMBO-577563577691249798,Other,Combo-577563577691249798,Finalized,0,779,0.01,0,0.01
2026-08-07,UDXCOMBO-8137497285294025106,Other,Combo-8137497285294025106,Finalized,0,779,0.02,0,0.02
2026-08-07,UDXCOMBO-1441730599885023763,Other,Combo-1441730599885023763,Finalized,778,778,0.01,0,0.01
2026-08-07,UDXCOMBO-285665676589821299,Other,Combo-285665676589821299,Finalized,778,778,0.12,0,0.12
2026-08-07,UDXCOMBO-4764442249630838960,Other,Combo-4764442249630838960,Finalized,778,778,0.12,0,0.12
2026-08-07,UDXCOMBO-10734018017443444942,Other,Combo-10734018017443444942,Finalized,0,778,0.45,0,0.45
2026-08-07,UDXCOMBO-13293259732583448635,Other,Combo-13293259732583448635,Finalized,0,778,0.01,0,0.01
2026-08-07,UDXCOMBO-5203850597966636363,Other,Combo-5203850597966636363,Finalized,777,777,0.44,0,0.44
2026-08-07,UDXMLBTOTAL_CLECWS26AUG071940_8.5,Baseball,Total,Finalized,0,777,0.56,0,0.48
2026-08-07,UDXMLBSPREAD_OAKBOS26AUG081610_BOS1.5,Baseball,Spread,Finalized,775,775,0.52,0,0.52
2026-08-07,UDXCOMBO-2351168383401402848,Other,Combo-2351168383401402848,Finalized,771,771,0.31,0,0.31
2026-08-07,UDXCOMBO-16121859929650381290,Other,Combo-16121859929650381290,Finalized,0,769,0.07,0,0.07
2026-08-07,UDXCOMBO-2709017108417296481,Other,Combo-2709017108417296481,Finalized,0,766,0.19,0,0.18
2026-08-07,UDXCOMBO-15867329450548749455,Other,Combo-15867329450548749455,Finalized,0,765,0.01,0,0.01
2026-08-07,UDXMLBTOTAL_TBSEA26AUG072145_5.5,Baseball,Total,Finalized,381,764,0.62,0,0.21
2026-08-07,UDXCOMBO-9036041638905262033,Other,Combo-9036041638905262033,Finalized,0,759,0,0,0
2026-08-07,UDXCOMBO-1417467363384762323,Other,Combo-1417467363384762323,Finalized,748,748,0.03,0,0.03
2026-08-07,UDXCOMBO-15301774558015448889,Other,Combo-15301774558015448889,Finalized,0,748,0.01,0,0.01
2026-08-07,UDXCOMBO-3131482093611963905,Other,Combo-3131482093611963905,Finalized,0,747,0.81,0,0.81
2026-08-07,UDXCOMBO-10093054481828692064,Other,Combo-10093054481828692064,Finalized,0,745,0.03,0,0.03
2026-08-07,UDXCOMBO-17291061818615513369,Other,Combo-17291061818615513369,Finalized,744,744,0.06,0,0.06
2026-08-07,UDXCOMBO-16365083932955143759,Other,Combo-16365083932955143759,Finalized,742,742,0.13,0,0.13
2026-08-07,UDXCOMBO-11136875177884152130,Other,Combo-11136875177884152130,Finalized,741,741,0.43,0,0.43
2026-08-07,UDXCOMBO-17217294061535642460,Other,Combo-17217294061535642460,Finalized,0,739,0.04,0,0.04
2026-08-07,UDXCOMBO-1669911083942458953,Other,Combo-1669911083942458953,Finalized,0,736,0.26,0,0.26
2026-08-07,UDXCOMBO-5007827252581043453,Other,Combo-5007827252581043453,Finalized,0,736,0.28,0,0.28
2026-08-07,UDXCOMBO-13496470299231413801,Other,Combo-13496470299231413801,Finalized,735,735,0.05,0,0.05
2026-08-07,UDXCOMBO-9670931309249849592,Other,Combo-9670931309249849592,Finalized,731,731,0.05,0,0.05
2026-08-07,UDXMLBTOTAL_ATLNYY26AUG071905_4.5,Baseball,Total,Finalized,259,731,0.55,0,0.18
2026-08-07,UDXCOMBO-16336399682850986515,Other,Combo-16336399682850986515,Finalized,0,729,0.18,0,0.18
2026-08-07,UDXCOMBO-14008896454329259336,Other,Combo-14008896454329259336,Finalized,727,727,0.07,0,0.07
2026-08-07,UDXCOMBO-11529545039805975212,Other,Combo-11529545039805975212,Finalized,0,721,0.42,0,0.4
2026-08-07,UDXCOMBO-11838352188617396515,Other,Combo-11838352188617396515,Finalized,720,720,0.24,0,0.24
2026-08-07,UDXCOMBO-11730212221376244408,Other,Combo-11730212221376244408,Finalized,0,720,0.99,0,0.99
2026-08-07,UDXCOMBO-17174902324659482930,Other,Combo-17174902324659482930,Finalized,0,720,0.03,0,0.03
2026-08-07,UDXCOMBO-9108594402420248002,Other,Combo-9108594402420248002,Finalized,0,720,0.03,0,0.03
2026-08-07,UDXCOMBO-17994947650835112379,Other,Combo-17994947650835112379,Finalized,719,719,0.13,0,0.13
2026-08-07,UDXCOMBO-5503830462917984369,Other,Combo-5503830462917984369,Finalized,0,719,0.01,0,0.01
2026-08-07,UDXCOMBO-9896986563600544581,Other,Combo-9896986563600544581,Finalized,0,719,0.01,0,0.01
2026-08-07,UDXCOMBO-2517398182958577297,Other,Combo-2517398182958577297,Finalized,715,715,0.27,0,0.27
2026-08-07,UDXCOMBO-10870726140595493161,Other,Combo-10870726140595493161,Finalized,714,714,0.13,0,0.13
2026-08-07,UDXCOMBO-7506670081423061589,Other,Combo-7506670081423061589,Finalized,0,708,0.13,0,0.13
2026-08-07,UDXCOMBO-13918041015515791911,Other,Combo-13918041015515791911,Finalized,0,703,0.01,0,0.01
2026-08-07,UDXCOMBO-16157383383842531368,Other,Combo-16157383383842531368,Finalized,702,702,0.34,0,0.34
2026-08-07,UDXCOMBO-1655017308339111889,Other,Combo-1655017308339111889,Finalized,0,702,0.04,0,0.04
2026-08-07,UDXCOMBO-2297255491604945897,Other,Combo-2297255491604945897,Finalized,701,701,0.36,0,0.06
2026-08-07,UDXCOMBO-3928832832366949212,Other,Combo-3928832832366949212,Finalized,0,701,0.01,0,0.01
2026-08-07,UDXCOMBO-9603579317206793217,Other,Combo-9603579317206793217,Finalized,0,701,0.01,0,0.01
2026-08-07,UDXCOMBO-12913879854403362292,Other,Combo-12913879854403362292,Finalized,0,700,0,0,0
2026-08-07,UDXCOMBO-10668763506120963281,Other,Combo-10668763506120963281,Finalized,699,699,0.27,0,0.27
2026-08-07,UDXCOMBO-15387912281745182953,Other,Combo-15387912281745182953,Finalized,699,699,0.03,0,0.03
2026-08-07,UDXCOMBO-13396849988274661021,Other,Combo-13396849988274661021,Finalized,696,696,0.45,0,0.38
2026-08-07,UDXCOMBO-1561868524094457806,Other,Combo-1561868524094457806,Finalized,0,693,0.03,0,0.03
2026-08-07,UDXWNBATOTAL_ATLWSH2026AUG07_160.5,Basketball (pro),Total,Finalized,0,691,0.75,0,0.34
2026-08-07,UDXCOMBO-14049794395394604616,Other,Combo-14049794395394604616,Finalized,0,690,0.08,0,0.08
2026-08-07,UDXCOMBO-6396216348435025792,Other,Combo-6396216348435025792,Finalized,0,689,0.16,0,0.16
2026-08-07,UDXCOMBO-104021811085485121,Other,Combo-104021811085485121,Finalized,0,688,0.03,0,0.03
2026-08-07,UDXCOMBO-16572367497030605529,Other,Combo-16572367497030605529,Finalized,0,688,0.14,0,0.07
2026-08-07,UDXCOMBO-1792629937035608709,Other,Combo-1792629937035608709,Finalized,0,686,0.02,0,0.02
2026-08-07,UDXCOMBO-9343214295052735099,Other,Combo-9343214295052735099,Finalized,684,684,0.22,0,0.22
2026-08-07,UDXCOMBO-5793739745515772353,Other,Combo-5793739745515772353,Finalized,682,682,0.06,0,0.06
2026-08-07,UDXCOMBO-672019455492559686,Other,Combo-672019455492559686,Finalized,0,681,0.72,0,0.72
2026-08-07,UDXCOMBO-17732070335827098599,Other,Combo-17732070335827098599,Finalized,680,680,0.87,0,0.87
2026-08-07,UDXCOMBO-14833482315420658549,Other,Combo-14833482315420658549,Finalized,0,680,0.07,0,0.07
2026-08-07,UDXCOMBO-8221981703239134299,Other,Combo-8221981703239134299,Finalized,0,677,0.08,0,0.08
2026-08-07,UDXCOMBO-2814412340783664829,Other,Combo-2814412340783664829,Finalized,674,674,0.17,0,0.17
2026-08-07,UDXCOMBO-8619278646149795635,Other,Combo-8619278646149795635,Finalized,670,670,0.07,0,0.07
2026-08-07,UDXCOMBO-12521374317609305780,Other,Combo-12521374317609305780,Finalized,668,668,0.03,0,0.03
2026-08-07,UDXCOMBO-8403898334996242409,Other,Combo-8403898334996242409,Finalized,668,668,0.03,0,0.03
2026-08-07,UDXCOMBO-2609777074588237509,Other,Combo-2609777074588237509,Finalized,667,667,0.01,0,0.01
2026-08-07,UDXCOMBO-15062854393258819178,Other,Combo-15062854393258819178,Finalized,0,667,0.01,0,0.01
2026-08-07,UDXCOMBO-15909194206656866672,Other,Combo-15909194206656866672,Finalized,0,667,0.01,0,0.01
2026-08-07,UDXCOMBO-16979597376528775320,Other,Combo-16979597376528775320,Finalized,0,667,0.01,0,0.01
2026-08-07,UDXCOMBO-1798474505741999603,Other,Combo-1798474505741999603,Finalized,0,667,0.27,0,0.21
2026-08-07,UDXCOMBO-2438244644986788059,Other,Combo-2438244644986788059,Finalized,0,667,0.01,0,0.01
2026-08-07,UDXCOMBO-5861119946274658644,Other,Combo-5861119946274658644,Finalized,0,667,0.01,0,0.01
2026-08-07,UDXCOMBO-9836166257722953502,Other,Combo-9836166257722953502,Finalized,0,664,0.02,0,0.02
2026-08-07,UDXCOMBO-18144060010410516438,Other,Combo-18144060010410516438,Finalized,0,663,0.06,0,0.06
2026-08-07,UDXCOMBO-1500037388993760399,Other,Combo-1500037388993760399,Finalized,662,662,0.36,0,0.36
2026-08-07,UDXCOMBO-5674552191221267246,Other,Combo-5674552191221267246,Finalized,662,662,0.24,0,0.08
2026-08-07,UDXMLBTOTAL_COLSTL26AUG072015_6.5,Baseball,Total,Finalized,0,661,0.71,0,0.06
2026-08-07,UDXCOMBO-5858907043736677448,Other,Combo-5858907043736677448,Finalized,0,659,0.02,0,0.02
2026-08-07,UDXCOMBO-8946447911557938268,Other,Combo-8946447911557938268,Finalized,655,655,0.45,0,0.43
2026-08-07,UDXCOMBO-11000455147142827152,Other,Combo-11000455147142827152,Finalized,653,653,0.27,0,0.02
2026-08-07,UDXCOMBO-6738775377383519255,Other,Combo-6738775377383519255,Finalized,652,652,0.22,0,0.22
2026-08-07,UDXCOMBO-14604156572048053818,Other,Combo-14604156572048053818,Finalized,0,652,0.07,0,0.07
2026-08-07,UDXMLBSPREAD_MINMIL26AUG071940_MIL2.5,Baseball,Spread,Finalized,0,651,0.5,0,0.45
2026-08-07,UDXCOMBO-11327160111418485244,Other,Combo-11327160111418485244,Finalized,650,650,0.15,0,0.15
2026-08-07,UDXCOMBO-7204398493152642927,Other,Combo-7204398493152642927,Finalized,650,650,0.61,0,0.39
2026-08-07,UDXCOMBO-5439908431970967401,Other,Combo-5439908431970967401,Finalized,648,648,0.34,0,0.34
2026-08-07,UDXCOMBO-17072274444939878283,Other,Combo-17072274444939878283,Finalized,564,648,0.61,0,0.44
2026-08-07,UDXCOMBO-11645100594242725529,Other,Combo-11645100594242725529,Finalized,0,645,0.03,0,0.03
2026-08-07,UDXCOMBO-15559271428389515295,Other,Combo-15559271428389515295,Finalized,642,642,0.29,0,0.09
2026-08-07,UDXCOMBO-14981206520573881707,Other,Combo-14981206520573881707,Finalized,0,641,0.15,0,0.15
2026-08-07,UDXCOMBO-15723561502470052363,Other,Combo-15723561502470052363,Finalized,0,641,0.04,0,0.04
2026-08-07,UDXCOMBO-11887183835343080071,Other,Combo-11887183835343080071,Finalized,0,637,0.15,0,0.15
2026-08-07,UDXCOMBO-10443366372244461146,Other,Combo-10443366372244461146,Finalized,0,634,0.07,0,0.07
2026-08-07,UDXCOMBO-4273911777368924257,Other,Combo-4273911777368924257,Finalized,633,633,0.46,0,0.46
2026-08-07,UDXCOMBO-7372559424737749495,Other,Combo-7372559424737749495,Finalized,630,630,0.56,0,0.56
2026-08-07,UDXCOMBO-13166948412914453563,Other,Combo-13166948412914453563,Finalized,629,629,0.15,0,0.15
2026-08-07,UDXCOMBO-17390661578535731623,Other,Combo-17390661578535731623,Finalized,629,629,0.15,0,0.15
2026-08-07,UDXCOMBO-15354287348089454865,Other,Combo-15354287348089454865,Finalized,0,626,0.08,0,0.08
2026-08-07,UDXCOMBO-6350865742235129480,Other,Combo-6350865742235129480,Finalized,0,625,0.09,0,0.09
2026-08-07,UDXCOMBO-13780016095594293534,Other,Combo-13780016095594293534,Finalized,0,624,0.05,0,0.05
2026-08-07,UDXCOMBO-9917171503104443417,Other,Combo-9917171503104443417,Finalized,0,624,0.14,0,0.14
2026-08-07,UDXCOMBO-14986093923374808766,Other,Combo-14986093923374808766,Finalized,0,623,0.31,0,0.31
2026-08-07,UDXCOMBO-17394427574480715956,Other,Combo-17394427574480715956,Finalized,0,623,0.01,0,0.01
2026-08-07,UDXCOMBO-5366330820487815092,Other,Combo-5366330820487815092,Finalized,0,623,0,0,0
2026-08-07,UDXCOMBO-722404625376772206,Other,Combo-722404625376772206,Finalized,0,623,0.02,0,0.02
2026-08-07,UDXCOMBO-8644463845408243632,Other,Combo-8644463845408243632,Finalized,0,623,0.02,0,0.02
2026-08-07,UDXCOMBO-8987718270375322541,Other,Combo-8987718270375322541,Finalized,0,623,0.02,0,0.02
2026-08-07,UDXCOMBO-15525992538091587384,Other,Combo-15525992538091587384,Finalized,619,619,0.29,0,0.28
2026-08-07,UDXCOMBO-4539687835372601775,Other,Combo-4539687835372601775,Finalized,0,618,0.23,0,0.23
2026-08-07,UDXCOMBO-1271018033575266772,Other,Combo-1271018033575266772,Finalized,617,617,0.08,0,0.08
2026-08-07,UDXCOMBO-17273854606331098299,Other,Combo-17273854606331098299,Finalized,0,617,0.08,0,0.08
2026-08-07,UDXCOMBO-14964203553880855184,Other,Combo-14964203553880855184,Finalized,616,616,0.15,0,0.15
2026-08-07,UDXCOMBO-4588485788782442666,Other,Combo-4588485788782442666,Finalized,616,616,0.08,0,0.08
2026-08-07,UDXCOMBO-14787225408319668200,Other,Combo-14787225408319668200,Finalized,0,616,0.04,0,0.04
2026-08-07,UDXCOMBO-15043052954877561930,Other,Combo-15043052954877561930,Finalized,613,613,0.09,0,0.09
2026-08-07,UDXCOMBO-11678607880629419739,Other,Combo-11678607880629419739,Finalized,612,612,0.51,0,0.43
2026-08-07,UDXCOMBO-16395836612233974598,Other,Combo-16395836612233974598,Finalized,0,612,0.67,0,0.67
2026-08-07,UDXCOMBO-18169420641241960734,Other,Combo-18169420641241960734,Finalized,609,609,0.08,0,0.08
2026-08-07,UDXCOMBO-15653406499316975592,Other,Combo-15653406499316975592,Finalized,0,607,0,0,0
2026-08-07,UDXMLBSPREAD_CHCKAN26AUG072010_KAN2.5,Baseball,Spread,Finalized,0,607,0.17,0,0.17
2026-08-07,UDXCOMBO-357530080291313376,Other,Combo-357530080291313376,Finalized,0,605,0.16,0,0.16
2026-08-07,UDXCOMBO-15301746831754580195,Other,Combo-15301746831754580195,Finalized,604,604,0.03,0,0.03
2026-08-07,UDXCOMBO-2315844664451033940,Other,Combo-2315844664451033940,Finalized,604,604,0.2,0,0.2
2026-08-07,UDXCOMBO-12236587940001378245,Other,Combo-12236587940001378245,Finalized,0,604,0.03,0,0.03
2026-08-07,UDXCOMBO-160397690057363375,Other,Combo-160397690057363375,Finalized,0,601,0.01,0,0.01
2026-08-07,UDXCOMBO-17019730732675440403,Other,Combo-17019730732675440403,Finalized,0,601,0.01,0,0.01
2026-08-07,UDXWNBASPREAD_GSVDAL2026AUG07_DAL3.5,Basketball (pro),Spread,Finalized,0,601,0.41,0,0.05
2026-08-07,UDXCOMBO-6821343221065379891,Other,Combo-6821343221065379891,Finalized,0,600,0.04,0,0.04
2026-08-07,UDXCOMBO-14924209233629564376,Other,Combo-14924209233629564376,Finalized,598,598,0.08,0,0.08
2026-08-07,UDXCOMBO-6800277820115124894,Other,Combo-6800277820115124894,Finalized,0,598,0.05,0,0.05
2026-08-07,UDXCOMBO-16623880000160738723,Other,Combo-16623880000160738723,Finalized,0,596,0.14,0,0.14
2026-08-07,UDXMLBTOTAL_OAKBOS26AUG071910_6.5,Baseball,Total,Finalized,0,595,0.97,0,0.97
2026-08-07,UDXCOMBO-4413888040748997433,Other,Combo-4413888040748997433,Finalized,0,594,0.5,0,0.5
2026-08-07,UDXMLBSPREAD_NYMPIT26AUG071840_NYM2.5,Baseball,Spread,Finalized,0,594,0.89,0,0.89
2026-08-07,UDXCOMBO-10305631721844364383,Other,Combo-10305631721844364383,Finalized,0,593,0.16,0,0.16
2026-08-07,UDXCOMBO-17708412184932493394,Other,Combo-17708412184932493394,Finalized,591,591,0.35,0,0.35
2026-08-07,UDXCOMBO-7405934219455312785,Other,Combo-7405934219455312785,Finalized,0,591,0.04,0,0.04
2026-08-07,UDXCOMBO-17684324873931537450,Other,Combo-17684324873931537450,Finalized,0,590,0.16,0,0.16
2026-08-07,UDXMLBTOTAL_CINWAS26AUG071845_11.5,Baseball,Total,Finalized,0,590,0.55,0,0.51
2026-08-07,UDXWNBASPREAD_ATLWSH2026AUG07_ATL1.5,Basketball (pro),Spread,Finalized,0,590,0.65,0,0.49
2026-08-07,UDXMLBSPREAD_TORPHI26AUG071840_TOR3.5,Baseball,Spread,Finalized,588,588,0.16,0,0.16
2026-08-07,UDXCOMBO-18260840046920291432,Other,Combo-18260840046920291432,Finalized,0,587,0.08,0,0.08
2026-08-07,UDXCOMBO-548389368853073154,Other,Combo-548389368853073154,Finalized,586,586,0.11,0,0.11
2026-08-07,UDXCOMBO-14005839731697795314,Other,Combo-14005839731697795314,Finalized,585,585,0.03,0,0.03
2026-08-07,UDXCOMBO-9181501114631041993,Other,Combo-9181501114631041993,Finalized,0,585,0.03,0,0.03
2026-08-07,UDXCOMBO-15811667789672198198,Other,Combo-15811667789672198198,Finalized,584,584,0.01,0,0.01
2026-08-07,UDXCOMBO-16451801272087972840,Other,Combo-16451801272087972840,Finalized,584,584,0.02,0,0.02
2026-08-07,UDXCOMBO-6161929276577683343,Other,Combo-6161929276577683343,Finalized,584,584,0.01,0,0.01
2026-08-07,UDXCOMBO-7104773763636416769,Other,Combo-7104773763636416769,Finalized,584,584,0.02,0,0.02
2026-08-07,UDXCOMBO-14135286297302621816,Other,Combo-14135286297302621816,Finalized,0,584,0.01,0,0.01
2026-08-07,UDXCOMBO-467810352435141300,Other,Combo-467810352435141300,Finalized,0,584,0.02,0,0.02
2026-08-07,UDXCOMBO-4702649857228704580,Other,Combo-4702649857228704580,Finalized,0,583,0.12,0,0.12
2026-08-07,UDXCOMBO-5876058130446584503,Other,Combo-5876058130446584503,Finalized,578,578,0.13,0,0.13
2026-08-07,UDXCOMBO-9307979365858195874,Other,Combo-9307979365858195874,Finalized,577,577,0.33,0,0.33
2026-08-07,UDXMLBTOTAL_MINMIL26AUG071940_17.5,Baseball,Total,Finalized,0,577,0.16,0,0.1
2026-08-07,UDXCOMBO-1547294465090066347,Other,Combo-1547294465090066347,Finalized,576,576,0.16,0,0.16
2026-08-07,UDXCOMBO-9169356880309316584,Other,Combo-9169356880309316584,Finalized,576,576,0.16,0,0.16
2026-08-07,UDXCOMBO-4804912868984815510,Other,Combo-4804912868984815510,Finalized,0,576,0.16,0,0.16
2026-08-07,UDXMLBTOTAL_CLECWS26AUG071940_7.5,Baseball,Total,Finalized,0,573,0.52,0,0.52
2026-08-07,UDXCOMBO-6022689079762764298,Other,Combo-6022689079762764298,Finalized,0,572,0.27,0,0.27
2026-08-07,UDXCOMBO-17465395359810673344,Other,Combo-17465395359810673344,Finalized,0,569,0.04,0,0.04
2026-08-07,UDXCOMBO-9829733237406829703,Other,Combo-9829733237406829703,Finalized,0,569,0.17,0,0.17
2026-08-07,UDXCOMBO-7097980871855097402,Other,Combo-7097980871855097402,Finalized,568,568,0.14,0,0.14
2026-08-07,UDXCOMBO-9915394172026513432,Other,Combo-9915394172026513432,Finalized,566,566,0.08,0,0.08
2026-08-07,UDXMLBTOTAL_COLSTL26AUG072015_10.5,Baseball,Total,Finalized,0,562,0.34,0,0.34
2026-08-07,UDXCOMBO-2017667113986965650,Other,Combo-2017667113986965650,Finalized,561,561,0.03,0,0.03
2026-08-07,UDXCOMBO-4234478340024653780,Other,Combo-4234478340024653780,Finalized,0,561,0.02,0,0.02
2026-08-07,UDXCOMBO-8547812536003464047,Other,Combo-8547812536003464047,Finalized,560,560,0.27,0,0.22
2026-08-07,UDXCOMBO-6214911641279062001,Other,Combo-6214911641279062001,Finalized,0,560,0.01,0,0.01
2026-08-07,UDXCOMBO-4852639705037179362,Other,Combo-4852639705037179362,Finalized,559,559,0.17,0,0.17
2026-08-07,UDXCOMBO-17235618936912704893,Other,Combo-17235618936912704893,Finalized,0,559,0.05,0,0.05
2026-08-07,UDXCOMBO-10771829305293455901,Other,Combo-10771829305293455901,Finalized,557,557,0.18,0,0.16
2026-08-07,UDXMLBTOTAL_CINWAS26AUG071845_9.5,Baseball,Total,Finalized,0,556,0.57,0,0.01
2026-08-07,UDXCOMBO-15595285132183318051,Other,Combo-15595285132183318051,Finalized,0,553,0.05,0,0.05
2026-08-07,UDXCOMBO-11479467023246642168,Other,Combo-11479467023246642168,Finalized,552,552,0.09,0,0.09
2026-08-07,UDXCOMBO-12627301105491272940,Other,Combo-12627301105491272940,Finalized,552,552,0.35,0,0.35
2026-08-07,UDXCOMBO-12556607736222726439,Other,Combo-12556607736222726439,Finalized,0,550,0.02,0,0.02
2026-08-07,UDXCOMBO-2005819230133841185,Other,Combo-2005819230133841185,Finalized,0,550,0.02,0,0.02
2026-08-07,UDXCOMBO-524021633404364790,Other,Combo-524021633404364790,Finalized,0,550,0.14,0,0.14
2026-08-07,UDXCOMBO-16469150447186881902,Other,Combo-16469150447186881902,Finalized,549,549,0.35,0,0.35
2026-08-07,UDXCOMBO-15923133817399103866,Other,Combo-15923133817399103866,Finalized,0,548,0.08,0,0.08
2026-08-07,UDXCOMBO-5167506844150268061,Other,Combo-5167506844150268061,Finalized,0,548,0.31,0,0.11
2026-08-07,UDXCOMBO-15131086088731831398,Other,Combo-15131086088731831398,Finalized,0,545,0.01,0,0.01
2026-08-07,UDXCOMBO-8317536921208257315,Other,Combo-8317536921208257315,Finalized,0,545,0.01,0,0.01
2026-08-07,UDXCOMBO-1471937359416119179,Other,Combo-1471937359416119179,Finalized,0,544,0.09,0,0.09
2026-08-07,UDXCOMBO-6331042759767765499,Other,Combo-6331042759767765499,Finalized,0,544,0.04,0,0.04
2026-08-07,UDXCOMBO-14309338799460648618,Other,Combo-14309338799460648618,Finalized,540,540,0.03,0,0.03
2026-08-07,UDXCOMBO-1002424641647239775,Other,Combo-1002424641647239775,Finalized,0,540,0.18,0,0.18
2026-08-07,UDXCOMBO-5107516251472122050,Other,Combo-5107516251472122050,Finalized,539,539,0.18,0,0.18
2026-08-07,UDXCOMBO-14217456363130140732,Other,Combo-14217456363130140732,Finalized,0,538,0.05,0,0.05
2026-08-07,UDXCOMBO-5043353452695629134,Other,Combo-5043353452695629134,Finalized,535,535,0.54,0,0.54
2026-08-07,UDXCOMBO-16343939799270783452,Other,Combo-16343939799270783452,Finalized,0,534,0.09,0,0.09
2026-08-07,UDXCOMBO-13525907800680049154,Other,Combo-13525907800680049154,Finalized,532,532,0.04,0,0.04
2026-08-07,UDXCOMBO-12111847805876306668,Other,Combo-12111847805876306668,Finalized,0,532,0.04,0,0.04
2026-08-07,UDXCOMBO-1578861175030886138,Other,Combo-1578861175030886138,Finalized,0,531,0.24,0,0.24
2026-08-07,UDXCOMBO-679806433387800021,Other,Combo-679806433387800021,Finalized,0,531,0.06,0,0.06
2026-08-07,UDXMLBTOTAL_NYMPIT26AUG071840_6.5,Baseball,Total,Finalized,0,530,0.69,0,0.59
2026-08-07,UDXCOMBO-7280616620293512953,Other,Combo-7280616620293512953,Finalized,0,527,0.04,0,0.04
2026-08-07,UDXCOMBO-2645960737219539133,Other,Combo-2645960737219539133,Finalized,0,526,0.02,0,0.02
2026-08-07,UDXCOMBO-583493870751734778,Other,Combo-583493870751734778,Finalized,0,525,0.01,0,0.01
2026-08-07,UDXMLBSPREAD_TBSEA26AUG072145_SEA2.5,Baseball,Spread,Finalized,408,524,0.23,0,0.23
2026-08-07,UDXCOMBO-16076566460229201128,Other,Combo-16076566460229201128,Finalized,0,523,0.07,0,0.06
2026-08-07,UDXMLBTOTAL_COLSTL26AUG072015_12.5,Baseball,Total,Finalized,0,523,0.15,0,0.15
2026-08-07,UDXCOMBO-10909207419637169175,Other,Combo-10909207419637169175,Finalized,522,522,0.4,0,0.39
2026-08-07,UDXCOMBO-15809985922165571724,Other,Combo-15809985922165571724,Finalized,522,522,0.09,0,0.09
2026-08-07,UDXCOMBO-2108173410189661087,Other,Combo-2108173410189661087,Finalized,522,522,0.09,0,0.09
2026-08-07,UDXCOMBO-4366517601297313387,Other,Combo-4366517601297313387,Finalized,522,522,0.09,0,0.09
2026-08-07,UDXCOMBO-4404104452828954306,Other,Combo-4404104452828954306,Finalized,0,521,0.01,0,0.01
2026-08-07,UDXCOMBO-6129666668664113158,Other,Combo-6129666668664113158,Finalized,520,520,0.04,0,0.04
2026-08-07,UDXCOMBO-16918739468314824733,Other,Combo-16918739468314824733,Finalized,418,520,0.54,0,0.38
2026-08-07,UDXCOMBO-14079442793592247878,Other,Combo-14079442793592247878,Finalized,0,520,0.05,0,0.05
2026-08-07,UDXCOMBO-10894659367686238007,Other,Combo-10894659367686238007,Finalized,519,519,0.01,0,0.01
2026-08-07,UDXCOMBO-4627616753459474729,Other,Combo-4627616753459474729,Finalized,519,519,0.01,0,0.01
2026-08-07,UDXMLBSPREAD_LADARI26AUG072140_LAD3.5,Baseball,Spread,Finalized,519,519,0.32,0,0.19
2026-08-07,UDXCOMBO-4354388901890463259,Other,Combo-4354388901890463259,Finalized,0,519,0.01,0,0.01
2026-08-07,UDXCOMBO-8222393284694619917,Other,Combo-8222393284694619917,Finalized,518,518,0.57,0,0.56
2026-08-07,UDXCOMBO-4277685967321958705,Other,Combo-4277685967321958705,Finalized,516,516,0.11,0,0.11
2026-08-07,UDXMLBSPREAD_CLECWS26AUG071940_CLE2.5,Baseball,Spread,Finalized,0,516,0.61,0,0.48
2026-08-07,UDXCOMBO-12901707738075743471,Other,Combo-12901707738075743471,Finalized,0,515,0.29,0,0.29
2026-08-07,UDXCOMBO-6548971729377753307,Other,Combo-6548971729377753307,Finalized,512.19,512.19,0.19,0,0.02
2026-08-07,UDXCOMBO-10482173888418939950,Other,Combo-10482173888418939950,Finalized,511,511,0.19,0,0.19
2026-08-07,UDXCOMBO-10219523060811477596,Other,Combo-10219523060811477596,Finalized,505,505,0.14,0,0.14
2026-08-07,UDXCOMBO-12552808512506031150,Other,Combo-12552808512506031150,Finalized,0,505,0.09,0,0.09
2026-08-07,UDXCOMBO-413916000577988679,Other,Combo-413916000577988679,Finalized,0,503,0.01,0,0.01
2026-08-07,UDXWNBASPREAD_GSVDAL2026AUG07_DAL9.5,Basketball (pro),Spread,Finalized,0,503,0.27,0,0.21
2026-08-07,UDXCOMBO-2241481325043994066,Other,Combo-2241481325043994066,Finalized,502,502,0.06,0,0.06
2026-08-07,UDXCOMBO-3797113638415410842,Other,Combo-3797113638415410842,Finalized,0,501,0.03,0,0.03
2026-08-07,UDXCOMBO-7074625387670885409,Other,Combo-7074625387670885409,Finalized,0,501,0.07,0,0.07
2026-08-07,UDXCOMBO-9042756206223614219,Other,Combo-9042756206223614219,Finalized,0,501,0.16,0,0.16
2026-08-07,UDXCOMBO-2325671874350569514,Other,Combo-2325671874350569514,Finalized,500,500,0.09,0,0.09
2026-08-07,UDXCOMBO-10430243965475021679,Other,Combo-10430243965475021679,Finalized,0,500,0.09,0,0.09
2026-08-07,UDXCOMBO-6158846043153902880,Other,Combo-6158846043153902880,Finalized,0,499,0.11,0,0.11
2026-08-07,UDXCOMBO-1837312489822285623,Other,Combo-1837312489822285623,Finalized,498,498,0.35,0,0.35
2026-08-07,UDXCOMBO-714341379654054398,Other,Combo-714341379654054398,Finalized,0,498,0.19,0,0.19
2026-08-07,UDXCOMBO-15057117425041696042,Other,Combo-15057117425041696042,Finalized,0,497,0.02,0,0.02
2026-08-07,UDXCOMBO-665065624822360041,Other,Combo-665065624822360041,Finalized,0,496,0.01,0,0.01
2026-08-07,UDXCOMBO-17992684441345816323,Other,Combo-17992684441345816323,Finalized,0,495,0.02,0,0.02
2026-08-07,UDXCOMBO-6916464948984077617,Other,Combo-6916464948984077617,Finalized,493,493,0.49,0,0.49
2026-08-07,UDXCOMBO-11159874649264962927,Other,Combo-11159874649264962927,Finalized,0,493,0.04,0,0.04
2026-08-07,UDXCOMBO-18076774438946253354,Other,Combo-18076774438946253354,Finalized,0,493,0.04,0,0.04
2026-08-07,UDXCOMBO-10711132324499973655,Other,Combo-10711132324499973655,Finalized,0,492,0.02,0,0.02
2026-08-07,UDXCOMBO-1877534784880116956,Other,Combo-1877534784880116956,Finalized,0,492,0.19,0,0.19
2026-08-07,UDXCOMBO-3733340148013764688,Other,Combo-3733340148013764688,Finalized,0,492,0.02,0,0.02
2026-08-07,UDXCOMBO-11658757885946887258,Other,Combo-11658757885946887258,Finalized,490,490,0.2,0,0.2
2026-08-07,UDXCOMBO-11869751704062908048,Other,Combo-11869751704062908048,Finalized,0,490,0.1,0,0.1
2026-08-07,UDXCOMBO-6822013199187678405,Other,Combo-6822013199187678405,Finalized,0,490,0.19,0,0.19
2026-08-07,UDXCOMBO-15875185433163281646,Other,Combo-15875185433163281646,Finalized,489,489,0.53,0,0.53
2026-08-07,UDXCOMBO-4347134736671275211,Other,Combo-4347134736671275211,Finalized,488,488,0.05,0,0.05
2026-08-07,UDXCOMBO-2366406408238673700,Other,Combo-2366406408238673700,Finalized,0,488,0.05,0,0.05
2026-08-07,UDXCOMBO-3834708494539945033,Other,Combo-3834708494539945033,Finalized,0,488,0.01,0,0.01
2026-08-07,UDXWNBATOTAL_PHXCONN2026AUG07_184.5,Basketball (pro),Total,Finalized,0,488,0.26,0,0.25
2026-08-07,UDXCOMBO-8606921794147966943,Other,Combo-8606921794147966943,Finalized,0,487,0.07,0,0.07
2026-08-07,UDXCOMBO-2946641609021209744,Other,Combo-2946641609021209744,Finalized,486,486,0.35,0,0.35
2026-08-07,UDXCOMBO-10710131624665342728,Other,Combo-10710131624665342728,Finalized,485,485,0.1,0,0.1
2026-08-07,UDXCOMBO-17761311656748648790,Other,Combo-17761311656748648790,Finalized,485,485,0.06,0,0.06
2026-08-07,UDXCOMBO-2229857924216368622,Other,Combo-2229857924216368622,Finalized,0,484,0.1,0,0.1
2026-08-07,UDXCOMBO-12334199753429160159,Other,Combo-12334199753429160159,Finalized,0,481,0.01,0,0.01
2026-08-07,UDXCOMBO-5573931097921477599,Other,Combo-5573931097921477599,Finalized,479,479,0.1,0,0.1
2026-08-07,UDXCOMBO-12991832232735764437,Other,Combo-12991832232735764437,Finalized,478,478,0.49,0,0.49
2026-08-07,UDXCOMBO-11719818967577688469,Other,Combo-11719818967577688469,Finalized,0,478,0.08,0,0.08
2026-08-07,UDXCOMBO-5837611687736526792,Other,Combo-5837611687736526792,Finalized,0,475,0.15,0,0.15
2026-08-07,UDXCOMBO-18150801933795593680,Other,Combo-18150801933795593680,Finalized,0,474,0.02,0,0.02
2026-08-07,UDXCOMBO-10965796024560798386,Other,Combo-10965796024560798386,Finalized,472,472,0.24,0,0.24
2026-08-07,UDXCOMBO-14468610593325356523,Other,Combo-14468610593325356523,Finalized,472,472,0.16,0,0.15
2026-08-07,UDXCOMBO-6313205780456043625,Other,Combo-6313205780456043625,Finalized,471,471,0.2,0,0.2
2026-08-07,UDXCOMBO-6758825296188996376,Other,Combo-6758825296188996376,Finalized,0,469,0.08,0,0.08
2026-08-07,UDXCOMBO-8012372809824691887,Other,Combo-8012372809824691887,Finalized,468,468,0.04,0,0.04
2026-08-07,UDXCOMBO-9846024006393479275,Other,Combo-9846024006393479275,Finalized,468,468,0.04,0,0.04
2026-08-07,UDXCOMBO-1584696219350220469,Other,Combo-1584696219350220469,Finalized,0,468,0.04,0,0.04
2026-08-07,UDXCOMBO-6091373414871157855,Other,Combo-6091373414871157855,Finalized,0,468,0.05,0,0.05
2026-08-07,UDXCOMBO-17132212498551428807,Other,Combo-17132212498551428807,Finalized,467,467,0.02,0,0.02
2026-08-07,UDXCOMBO-2666813581519850080,Other,Combo-2666813581519850080,Finalized,467,467,0.01,0,0.01
2026-08-07,UDXCOMBO-17511556258326280174,Other,Combo-17511556258326280174,Finalized,0,467,0.01,0,0.01
2026-08-07,UDXCOMBO-17639272114764510484,Other,Combo-17639272114764510484,Finalized,0,467,0.01,0,0.01
2026-08-07,UDXCOMBO-2786840771207804110,Other,Combo-2786840771207804110,Finalized,0,467,0,0,0
2026-08-07,UDXCOMBO-326678354386808662,Other,Combo-326678354386808662,Finalized,0,467,0.02,0,0.02
2026-08-07,UDXCOMBO-9616767738835503336,Other,Combo-9616767738835503336,Finalized,0,467,0.01,0,0.01
2026-08-07,UDXCOMBO-845658072056005839,Other,Combo-845658072056005839,Finalized,466,466,0.2,0,0.2
2026-08-07,UDXCOMBO-5258013221091840081,Other,Combo-5258013221091840081,Finalized,465,465,0.1,0,0.1
2026-08-07,UDXCOMBO-13376013344238605691,Other,Combo-13376013344238605691,Finalized,0,465,0,0,0
2026-08-07,UDXCOMBO-14131528306458449525,Other,Combo-14131528306458449525,Finalized,0,465,0.29,0,0.29
2026-08-07,UDXCOMBO-10054260571356775317,Other,Combo-10054260571356775317,Finalized,464,464,0.16,0,0.16
2026-08-07,UDXCOMBO-8887315682676212943,Other,Combo-8887315682676212943,Finalized,0,463,0.1,0,0.1
2026-08-07,UDXCOMBO-16620661093778505233,Other,Combo-16620661093778505233,Finalized,459,459,0.05,0,0.05
2026-08-07,UDXCOMBO-3652711668885149466,Other,Combo-3652711668885149466,Finalized,0,458,0.49,0,0.49
2026-08-07,UDXMLBTOTAL_NYMPIT26AUG071840_10.5,Baseball,Total,Finalized,0,457,0.52,0,0.12
2026-08-07,UDXCOMBO-10021170805649077804,Other,Combo-10021170805649077804,Finalized,455,455,0.04,0,0.04
2026-08-07,UDXMLBSPREAD_DETSF26AUG072215_DET3.5,Baseball,Spread,Finalized,454,454,0.37,0,0.23
2026-08-07,UDXCOMBO-1159618198252958147,Other,Combo-1159618198252958147,Finalized,453,453,0.16,0,0.16
2026-08-07,UDXCOMBO-3938735326034025508,Other,Combo-3938735326034025508,Finalized,0,452,0.14,0,0.14
2026-08-07,UDXWNBASPREAD_PHXCONN2026AUG07_PHX16.5,Basketball (pro),Spread,Finalized,0,451,0.33,0,0.33
2026-08-07,UDXCOMBO-6615660959412710265,Other,Combo-6615660959412710265,Finalized,449,449,0.41,0,0.41
2026-08-07,UDXCOMBO-16241519179103822963,Other,Combo-16241519179103822963,Finalized,448,448,0.19,0,0.19
2026-08-07,UDXCOMBO-1494330842012897943,Other,Combo-1494330842012897943,Finalized,0,447,0.08,0,0.08
2026-08-07,UDXCOMBO-12960536540585191478,Other,Combo-12960536540585191478,Finalized,0,446,0.45,0,0.45
2026-08-07,UDXMLBTOTAL_CLECWS26AUG071940_9.5,Baseball,Total,Finalized,0,446,0.59,0,0.46
2026-08-07,UDXCOMBO-8964079814482179616,Other,Combo-8964079814482179616,Finalized,445,445,0.46,0,0.46
2026-08-07,UDXCOMBO-14738872933648522649,Other,Combo-14738872933648522649,Finalized,0,445,0.02,0,0.02
2026-08-07,UDXCOMBO-18216448218882617334,Other,Combo-18216448218882617334,Finalized,0,445,0.02,0,0.02
2026-08-07,UDXCOMBO-6463350710049129577,Other,Combo-6463350710049129577,Finalized,444,444,0.21,0,0.21
2026-08-07,UDXCOMBO-18193270498392842153,Other,Combo-18193270498392842153,Finalized,0,443,0.11,0,0.11
2026-08-07,UDXCOMBO-13738005044778746188,Other,Combo-13738005044778746188,Finalized,442,442,0.71,0,0.71
2026-08-07,UDXCOMBO-14258631763253810616,Other,Combo-14258631763253810616,Finalized,442,442,0.17,0,0.17
2026-08-07,UDXCOMBO-4859236860196749779,Other,Combo-4859236860196749779,Finalized,442,442,0.05,0,0.05
2026-08-07,UDXCOMBO-5015784371510473369,Other,Combo-5015784371510473369,Finalized,442,442,0.13,0,0.13
2026-08-07,UDXCOMBO-14335343586105087521,Other,Combo-14335343586105087521,Finalized,0,440,0.22,0,0.22
2026-08-07,UDXCOMBO-6597754560805829292,Other,Combo-6597754560805829292,Finalized,0,440,0.01,0,0.01
2026-08-07,UDXCOMBO-14222246164174863919,Other,Combo-14222246164174863919,Finalized,439,439,0.11,0,0.11
2026-08-07,UDXCOMBO-2459298041618426548,Other,Combo-2459298041618426548,Finalized,438,438,0.13,0,0.13
2026-08-07,UDXCOMBO-15390697069963146161,Other,Combo-15390697069963146161,Finalized,436,436,0.22,0,0.22
2026-08-07,UDXCOMBO-15427025886400074017,Other,Combo-15427025886400074017,Finalized,436,436,0.56,0,0.56
2026-08-07,UDXCOMBO-7964721225012105883,Other,Combo-7964721225012105883,Finalized,435,435,0.04,0,0.04
2026-08-07,UDXCOMBO-18383440561602469951,Other,Combo-18383440561602469951,Finalized,0,435,0.07,0,0.07
2026-08-07,UDXCOMBO-1978028412475202000,Other,Combo-1978028412475202000,Finalized,0,435,0.21,0,0.2
2026-08-07,UDXCOMBO-12428630997624373481,Other,Combo-12428630997624373481,Finalized,434,434,0.08,0,0.08
2026-08-07,UDXCOMBO-2075586149712558068,Other,Combo-2075586149712558068,Finalized,434,434,0.22,0,0.22
2026-08-07,UDXCOMBO-18068556461891868782,Other,Combo-18068556461891868782,Finalized,237,433,0.24,0,0.1
2026-08-07,UDXCOMBO-11417047365978885610,Other,Combo-11417047365978885610,Finalized,431,431,0.11,0,0.11
2026-08-07,UDXCOMBO-14117994730664164113,Other,Combo-14117994730664164113,Finalized,0,431,0.22,0,0.22
2026-08-07,UDXCOMBO-13303815024350992445,Other,Combo-13303815024350992445,Finalized,430,430,0.11,0,0.11
2026-08-07,UDXCOMBO-13433783266686364836,Other,Combo-13433783266686364836,Finalized,0,429,0.04,0,0.04
2026-08-07,UDXCOMBO-9852707347519061242,Other,Combo-9852707347519061242,Finalized,0,429,0.06,0,0.06
2026-08-07,UDXMLBSPREAD_TORPHI26AUG071840_TOR2.5,Baseball,Spread,Finalized,428,428,0.3,0,0.3
2026-08-07,UDXMLBSPREAD_CLECWS26AUG071940_CLE3.5,Baseball,Spread,Finalized,0,428,0.91,0,0.91
2026-08-07,UDXCOMBO-7184687558903926074,Other,Combo-7184687558903926074,Finalized,427,427,0.11,0,0.11
2026-08-07,UDXCOMBO-16835822549548962495,Other,Combo-16835822549548962495,Finalized,426,426,0.06,0,0.06
2026-08-07,UDXCOMBO-6907244673195084765,Other,Combo-6907244673195084765,Finalized,425,425,0.22,0,0.22
2026-08-07,UDXCOMBO-977533120565809249,Other,Combo-977533120565809249,Finalized,0,425,0.02,0,0.02
2026-08-07,UDXMLBTOTAL_BALTEX26AUG072015_6.5,Baseball,Total,Finalized,0,425,0.62,0,0.1
2026-08-07,UDXMLBTOTAL_OAKBOS26AUG071910_14.5,Baseball,Total,Finalized,0,420,0.62,0,0.11
2026-08-07,UDXCOMBO-11964329825511577567,Other,Combo-11964329825511577567,Finalized,0,419,0.23,0,0.23
2026-08-07,UDXCOMBO-7409568424177526758,Other,Combo-7409568424177526758,Finalized,0,419,0.34,0,0.34
2026-08-07,UDXCOMBO-13181295389552814382,Other,Combo-13181295389552814382,Finalized,418,418,0.16,0,0.16
2026-08-07,UDXCOMBO-11082466076674728205,Other,Combo-11082466076674728205,Finalized,417,417,0.09,0,0.09
2026-08-07,UDXCOMBO-6313076169582171571,Other,Combo-6313076169582171571,Finalized,0,417,0.23,0,0.23
2026-08-07,UDXCOMBO-13928972155154879990,Other,Combo-13928972155154879990,Finalized,0,416,0.11,0,0.11
2026-08-07,UDXMLBTOTAL_OAKBOS26AUG071910_11.5,Baseball,Total,Finalized,0,416,0.52,0,0.48
2026-08-07,UDXCOMBO-17691199830030271390,Other,Combo-17691199830030271390,Finalized,0,415,0.58,0,0.58
2026-08-07,UDXCOMBO-1867500086274295129,Other,Combo-1867500086274295129,Finalized,414,414,0.53,0,0.53
2026-08-07,UDXCOMBO-10120398814557870821,Other,Combo-10120398814557870821,Finalized,413,413,0.23,0,0.23
2026-08-07,UDXCOMBO-3620433828948804119,Other,Combo-3620433828948804119,Finalized,0,413,0.21,0,0.21
2026-08-07,UDXCOMBO-6647369464222366853,Other,Combo-6647369464222366853,Finalized,0,413,0.06,0,0.06
2026-08-07,UDXCOMBO-8461485314137835732,Other,Combo-8461485314137835732,Finalized,411,411,0.06,0,0.06
2026-08-07,UDXCOMBO-2099001003913526633,Other,Combo-2099001003913526633,Finalized,0,411,0.06,0,0.06
2026-08-07,UDXCOMBO-2655141528661976348,Other,Combo-2655141528661976348,Finalized,0,411,0.06,0,0.06
2026-08-07,UDXCOMBO-17092406821489670195,Other,Combo-17092406821489670195,Finalized,0,410,0.05,0,0.05
2026-08-07,UDXCOMBO-11896573078465858563,Other,Combo-11896573078465858563,Finalized,408,408,0.18,0,0.18
2026-08-07,UDXCOMBO-5798124749122040544,Other,Combo-5798124749122040544,Finalized,408,408,0.1,0,0.1
2026-08-07,UDXCOMBO-5682805824708060701,Other,Combo-5682805824708060701,Finalized,407,407,0.05,0,0.05
2026-08-07,UDXCOMBO-3160626027679116221,Other,Combo-3160626027679116221,Finalized,0,407,0.02,0,0.02
2026-08-07,UDXCOMBO-12458797308416504402,Other,Combo-12458797308416504402,Finalized,406,406,0.11,0,0.11
2026-08-07,UDXCOMBO-14163487979027760535,Other,Combo-14163487979027760535,Finalized,406,406,0.02,0,0.02
2026-08-07,UDXCOMBO-1272816911517915256,Other,Combo-1272816911517915256,Finalized,0,406,0.02,0,0.02
2026-08-07,UDXCOMBO-13333354390506516149,Other,Combo-13333354390506516149,Finalized,0,406,0.02,0,0.02
2026-08-07,UDXCOMBO-676675119414313995,Other,Combo-676675119414313995,Finalized,0,406,0.02,0,0.02
2026-08-07,UDXCOMBO-5163801576946506589,Other,Combo-5163801576946506589,Finalized,405,405,0.12,0,0.12
2026-08-07,UDXCOMBO-16505641963081299501,Other,Combo-16505641963081299501,Finalized,0,405,0.03,0,0.03
2026-08-07,UDXMLBSPREAD_SDARI26AUG062140_SD2.5,Baseball,Spread,Finalized,0,405,0.98,0,0.96
2026-08-07,UDXCOMBO-6410622838532955249,Other,Combo-6410622838532955249,Finalized,402,402,0.07,0,0.07
2026-08-07,UDXCOMBO-9971153657716550235,Other,Combo-9971153657716550235,Finalized,401,401,0.15,0,0.15
2026-08-07,UDXCOMBO-15287881879367277399,Other,Combo-15287881879367277399,Finalized,0,400,0.43,0,0.38
2026-08-07,UDXCOMBO-16389095888195734410,Other,Combo-16389095888195734410,Finalized,0,400,0.02,0,0.02
2026-08-07,UDXCOMBO-7130624475754544798,Other,Combo-7130624475754544798,Finalized,399,399,0.12,0,0.12
2026-08-07,UDXCOMBO-17406837429833335019,Other,Combo-17406837429833335019,Finalized,0,399,0.12,0,0.12
2026-08-07,UDXCOMBO-17879339339500843500,Other,Combo-17879339339500843500,Finalized,0,399,0.11,0,0.11
2026-08-07,UDXCOMBO-14226403365591375833,Other,Combo-14226403365591375833,Finalized,396,396,0.18,0,0.18
2026-08-07,UDXCOMBO-5371725510285394963,Other,Combo-5371725510285394963,Finalized,396,396,0.13,0,0.12
2026-08-07,UDXCOMBO-9482869440170992029,Other,Combo-9482869440170992029,Finalized,396,396,0.61,0,0.61
2026-08-07,UDXCOMBO-6311816728081320051,Other,Combo-6311816728081320051,Finalized,395,395,0.28,0,0.28
2026-08-07,UDXCOMBO-15000187142889306569,Other,Combo-15000187142889306569,Finalized,0,395,0.1,0,0.1
2026-08-07,UDXCOMBO-4488292466003249324,Other,Combo-4488292466003249324,Finalized,0,392,0.12,0,0.12
2026-08-07,UDXCOMBO-5000032387579911378,Other,Combo-5000032387579911378,Finalized,0,392,0.19,0,0.19
2026-08-07,UDXCOMBO-17205332319832717232,Other,Combo-17205332319832717232,Finalized,391,391,0.27,0,0.27
2026-08-07,UDXCOMBO-2473823822180900432,Other,Combo-2473823822180900432,Finalized,391,391,0.1,0,0.1
2026-08-07,UDXCOMBO-10713201682788114266,Other,Combo-10713201682788114266,Finalized,390,390,0.02,0,0.02
2026-08-07,UDXCOMBO-13701619646404266159,Other,Combo-13701619646404266159,Finalized,390,390,0.71,0,0.71
2026-08-07,UDXCOMBO-105231737067386135,Other,Combo-105231737067386135,Finalized,0,390,0.05,0,0.05
2026-08-07,UDXCOMBO-14217248300854000651,Other,Combo-14217248300854000651,Finalized,0,390,0.69,0,0.69
2026-08-07,UDXCOMBO-17659501133350653512,Other,Combo-17659501133350653512,Finalized,0,389,0.01,0,0.01
2026-08-07,UDXCOMBO-5036290825881441413,Other,Combo-5036290825881441413,Finalized,0,389,0.12,0,0.12
2026-08-07,UDXCOMBO-8092376385114120040,Other,Combo-8092376385114120040,Finalized,0,389,0.01,0,0.01
2026-08-07,UDXCOMBO-8501254024848829995,Other,Combo-8501254024848829995,Finalized,0,388,0.23,0,0.22
2026-08-07,UDXCOMBO-15999769531217388841,Other,Combo-15999769531217388841,Finalized,387,387,0.21,0,0.13
2026-08-07,UDXCOMBO-17585981240585206872,Other,Combo-17585981240585206872,Finalized,387,387,0.1,0,0.1
2026-08-07,UDXCOMBO-2381428246774056734,Other,Combo-2381428246774056734,Finalized,386,386,0.12,0,0.12
2026-08-07,UDXCOMBO-9372660040233984215,Other,Combo-9372660040233984215,Finalized,386,386,0.25,0,0.25
2026-08-07,UDXCOMBO-8331655370641729950,Other,Combo-8331655370641729950,Finalized,384,384,0.06,0,0.06
2026-08-07,UDXCOMBO-4979931239267654604,Other,Combo-4979931239267654604,Finalized,0,384,0.06,0,0.06
2026-08-07,UDXCOMBO-15864017432055292658,Other,Combo-15864017432055292658,Finalized,383,383,0.04,0,0.03
2026-08-07,UDXCOMBO-5618843279871070777,Other,Combo-5618843279871070777,Finalized,0,382,0.02,0,0.02
2026-08-07,UDXCOMBO-4077268537753753662,Other,Combo-4077268537753753662,Finalized,381,381,0.52,0,0.52
2026-08-07,UDXCOMBO-18214373530605938113,Other,Combo-18214373530605938113,Finalized,0,381,0.09,0,0.09
2026-08-07,UDXMLBSPREAD_OAKBOS26AUG071910_BOS3.5,Baseball,Spread,Finalized,0,381,0.8,0,0.79
2026-08-07,UDXCOMBO-4482678903848096887,Other,Combo-4482678903848096887,Finalized,380,380,0,0,0
2026-08-07,UDXCOMBO-13560024198522377230,Other,Combo-13560024198522377230,Finalized,0,380,0.05,0,0.05
2026-08-07,UDXCOMBO-12408754026927833306,Other,Combo-12408754026927833306,Finalized,0,378,0.11,0,0.11
2026-08-07,UDXCOMBO-2334937234377614260,Other,Combo-2334937234377614260,Finalized,377,377,0.08,0,0.08
2026-08-07,UDXCOMBO-7649976855217270136,Other,Combo-7649976855217270136,Finalized,377,377,0.59,0,0.59
2026-08-07,UDXCOMBO-9589668454967986408,Other,Combo-9589668454967986408,Finalized,374,374,0.05,0,0.05
2026-08-07,UDXCOMBO-3032300786035981236,Other,Combo-3032300786035981236,Finalized,0,374,0.03,0,0.03
2026-08-07,UDXCOMBO-910118932220951396,Other,Combo-910118932220951396,Finalized,0,374,0.03,0,0.03
2026-08-07,UDXCOMBO-4781320120747270970,Other,Combo-4781320120747270970,Finalized,373,373,0.25,0,0.24
2026-08-07,UDXCOMBO-5818421934135550918,Other,Combo-5818421934135550918,Finalized,0,373,0.01,0,0.01
2026-08-07,UDXCOMBO-17159874392780228728,Other,Combo-17159874392780228728,Finalized,371,371,0.16,0,0.16
2026-08-07,UDXCOMBO-2549322307113204438,Other,Combo-2549322307113204438,Finalized,371,371,0.04,0,0.04
2026-08-07,UDXCOMBO-4072504644215288654,Other,Combo-4072504644215288654,Finalized,371,371,0.34,0,0.14
2026-08-07,UDXCOMBO-4239176511433156545,Other,Combo-4239176511433156545,Finalized,0,371,0.13,0,0.13
2026-08-07,UDXCOMBO-1825542540446440103,Other,Combo-1825542540446440103,Finalized,369,369,0.26,0,0.26
2026-08-07,UDXCOMBO-640330190265360752,Other,Combo-640330190265360752,Finalized,369,369,0.04,0,0.04
2026-08-07,UDXCOMBO-12804983495722058270,Other,Combo-12804983495722058270,Finalized,0,368,0.13,0,0.13
2026-08-07,UDXCOMBO-17653598344739449874,Other,Combo-17653598344739449874,Finalized,0,368,0.08,0,0.08
2026-08-07,UDXCOMBO-8447487387614628927,Other,Combo-8447487387614628927,Finalized,0,367,0.3,0,0.29
2026-08-07,UDXCOMBO-10218609926434036765,Other,Combo-10218609926434036765,Finalized,366,366,0.06,0,0.06
2026-08-07,UDXCOMBO-4251751588721739662,Other,Combo-4251751588721739662,Finalized,0,366,0.02,0,0.02
2026-08-07,UDXCOMBO-7445417460831048969,Other,Combo-7445417460831048969,Finalized,0,366,0.06,0,0.06
2026-08-07,UDXCOMBO-17903415171460217147,Other,Combo-17903415171460217147,Finalized,0,365,0.56,0,0.56
2026-08-07,UDXWNBATOTAL_PHXCONN2026AUG07_169.5,Basketball (pro),Total,Finalized,0,365,0.61,0,0.48
2026-08-07,UDXCOMBO-17213295666882193318,Other,Combo-17213295666882193318,Finalized,364,364,0.18,0,0.18
2026-08-07,UDXCOMBO-9248053387152855953,Other,Combo-9248053387152855953,Finalized,0,363,0.02,0,0.02
2026-08-07,UDXMLBSPREAD_CINWAS26AUG071845_WAS2.5,Baseball,Spread,Finalized,0,363,0.47,0,0.23
2026-08-07,UDXMLBTOTAL_CINWAS26AUG071845_10.5,Baseball,Total,Finalized,0,363,0.61,0,0.09
2026-08-07,UDXCOMBO-12504745039936894422,Other,Combo-12504745039936894422,Finalized,0,362,0.14,0,0.14
2026-08-07,UDXCOMBO-9881997043521322817,Other,Combo-9881997043521322817,Finalized,0,362,0.13,0,0.13
2026-08-07,UDXCOMBO-2681749022478226538,Other,Combo-2681749022478226538,Finalized,361,361,0.35,0,0.28
2026-08-07,UDXCOMBO-8821590666131562859,Other,Combo-8821590666131562859,Finalized,361,361,0.33,0,0.32
2026-08-07,UDXCOMBO-17151962178298819036,Other,Combo-17151962178298819036,Finalized,360,360,0.03,0,0.03
2026-08-07,UDXCOMBO-12980325724839112685,Other,Combo-12980325724839112685,Finalized,0,360,0.05,0,0.05
2026-08-07,UDXCOMBO-16590288111597848839,Other,Combo-16590288111597848839,Finalized,0,360,0.03,0,0.03
2026-08-07,UDXCOMBO-2063860286773332884,Other,Combo-2063860286773332884,Finalized,0,360,0.09,0,0.09
2026-08-07,UDXCOMBO-7454646355880179339,Other,Combo-7454646355880179339,Finalized,0,360,0.07,0,0.07
2026-08-07,UDXCOMBO-16243140123334491519,Other,Combo-16243140123334491519,Finalized,0,359,0.06,0,0.06
2026-08-07,UDXCOMBO-15525230290964513703,Other,Combo-15525230290964513703,Finalized,358,358,0.57,0,0.57
2026-08-07,UDXCOMBO-1372930513432275950,Other,Combo-1372930513432275950,Finalized,357,357,0.27,0,0.27
2026-08-07,UDXCOMBO-3659045002659727908,Other,Combo-3659045002659727908,Finalized,357,357,0.13,0,0.13
2026-08-07,UDXCOMBO-1741092112797292537,Other,Combo-1741092112797292537,Finalized,356,356,0.22,0,0.07
2026-08-07,UDXCOMBO-17641219936814704960,Other,Combo-17641219936814704960,Finalized,355,355,0.05,0,0.05
2026-08-07,UDXCOMBO-16967025532413964185,Other,Combo-16967025532413964185,Finalized,0,355,0.11,0,0.11
2026-08-07,UDXCOMBO-852458888804582482,Other,Combo-852458888804582482,Finalized,0,355,0.03,0,0.03
2026-08-07,UDXCOMBO-9250046813726557748,Other,Combo-9250046813726557748,Finalized,0,355,0.03,0,0.03
2026-08-07,UDXCOMBO-2418421639585858516,Other,Combo-2418421639585858516,Finalized,0,354,0.38,0,0.38
2026-08-07,UDXCOMBO-4813182183840103285,Other,Combo-4813182183840103285,Finalized,353,353,0.27,0,0.27
2026-08-07,UDXCOMBO-2776960155639809103,Other,Combo-2776960155639809103,Finalized,0,353,0.05,0,0.05
2026-08-07,UDXCOMBO-4640550868855063585,Other,Combo-4640550868855063585,Finalized,0,352,0.44,0,0.44
2026-08-07,UDXCOMBO-17737877599478614832,Other,Combo-17737877599478614832,Finalized,0,351,0.19,0,0.19
2026-08-07,UDXCOMBO-10836274004517464769,Other,Combo-10836274004517464769,Finalized,350,350,0.55,0,0.55
2026-08-07,UDXCOMBO-18304610070569881065,Other,Combo-18304610070569881065,Finalized,350,350,0.07,0,0.07
2026-08-07,UDXCOMBO-11121272920237071936,Other,Combo-11121272920237071936,Finalized,0,350,0.01,0,0.01
2026-08-07,UDXCOMBO-16311421807087604506,Other,Combo-16311421807087604506,Finalized,0,350,0.01,0,0.01
2026-08-07,UDXCOMBO-16159107025787699355,Other,Combo-16159107025787699355,Finalized,0,348,0.27,0,0.27
2026-08-07,UDXCOMBO-7282226688266409813,Other,Combo-7282226688266409813,Finalized,0,348,0.05,0,0.05
2026-08-07,UDXMLBSPREAD_CLECWS26AUG071940_CWS1.5,Baseball,Spread,Finalized,0,348,0.28,0,0.27
2026-08-07,UDXCOMBO-7080329783685204627,Other,Combo-7080329783685204627,Finalized,347,347,0.36,0,0.36
2026-08-07,UDXCOMBO-11466608161767633437,Other,Combo-11466608161767633437,Finalized,0,347,0.03,0,0.03
2026-08-07,UDXCOMBO-15993162662042708267,Other,Combo-15993162662042708267,Finalized,346,346,0.28,0,0.28
2026-08-07,UDXCOMBO-6309894186998858859,Other,Combo-6309894186998858859,Finalized,346,346,0.14,0,0.14
2026-08-07,UDXCOMBO-12573754261658151419,Other,Combo-12573754261658151419,Finalized,0,346,0.03,0,0.03
2026-08-07,UDXCOMBO-884919982561467550,Other,Combo-884919982561467550,Finalized,0,346,0.03,0,0.03
2026-08-07,UDXCOMBO-869946159610111276,Other,Combo-869946159610111276,Finalized,344,344,0.42,0,0.42
2026-08-07,UDXCOMBO-12686098392763122418,Other,Combo-12686098392763122418,Finalized,0,344,0.11,0,0.11
2026-08-07,UDXCOMBO-11668986694032513609,Other,Combo-11668986694032513609,Finalized,343,343,0.05,0,0.04
2026-08-07,UDXCOMBO-8676799418001115867,Other,Combo-8676799418001115867,Finalized,97,343,0.09,0,0.04
2026-08-07,UDXCOMBO-16679528736025765099,Other,Combo-16679528736025765099,Finalized,341,341,0.17,0,0.17
2026-08-07,UDXCOMBO-15667735662087249946,Other,Combo-15667735662087249946,Finalized,0,341,0.45,0,0.04
2026-08-07,UDXCOMBO-13241795420456550311,Other,Combo-13241795420456550311,Finalized,340,340,0.07,0,0.07
2026-08-07,UDXCOMBO-15814155049803535245,Other,Combo-15814155049803535245,Finalized,340,340,0.28,0,0.28
2026-08-07,UDXCOMBO-1744342920046369916,Other,Combo-1744342920046369916,Finalized,340,340,0.26,0,0.26
2026-08-07,UDXCOMBO-10462977371008083480,Other,Combo-10462977371008083480,Finalized,0,339,0.1,0,0.1
2026-08-07,UDXCOMBO-17101957011658650917,Other,Combo-17101957011658650917,Finalized,0,338,0.28,0,0.28
2026-08-07,UDXCOMBO-11210323095047233508,Other,Combo-11210323095047233508,Finalized,337,337,0.13,0,0.06
2026-08-07,UDXCOMBO-11998865120832637322,Other,Combo-11998865120832637322,Finalized,337,337,0.27,0,0.27
2026-08-07,UDXCOMBO-15192424066517994981,Other,Combo-15192424066517994981,Finalized,336,336,0.07,0,0.07
2026-08-07,UDXCOMBO-1893676011279410400,Other,Combo-1893676011279410400,Finalized,335,335,0.07,0,0.07
2026-08-07,UDXCOMBO-972921281749960574,Other,Combo-972921281749960574,Finalized,335,335,0.19,0,0.19
2026-08-07,UDXCOMBO-10760759471164588783,Other,Combo-10760759471164588783,Finalized,0,335,0.07,0,0.07
2026-08-07,UDXCOMBO-13942369225057612016,Other,Combo-13942369225057612016,Finalized,0,335,0.01,0,0.01
2026-08-07,UDXCOMBO-2735354557287576834,Other,Combo-2735354557287576834,Finalized,0,335,0.03,0,0.03
2026-08-07,UDXCOMBO-9671962167822573140,Other,Combo-9671962167822573140,Finalized,0,335,0.06,0,0.06
2026-08-07,UDXCOMBO-10889322550202960089,Other,Combo-10889322550202960089,Finalized,0,334,0.03,0,0.03
2026-08-07,UDXCOMBO-14548420358007866164,Other,Combo-14548420358007866164,Finalized,0,334,0.03,0,0.03
2026-08-07,UDXCOMBO-14573522620378931707,Other,Combo-14573522620378931707,Finalized,0,334,0.03,0,0.03
2026-08-07,UDXCOMBO-16048889160986939889,Other,Combo-16048889160986939889,Finalized,0,334,0.01,0,0.01
2026-08-07,UDXCOMBO-4800360780305086589,Other,Combo-4800360780305086589,Finalized,332,332,0.14,0,0.14
2026-08-07,UDXCOMBO-12316319027800575070,Other,Combo-12316319027800575070,Finalized,331,331,0.29,0,0.29
2026-08-07,UDXCOMBO-3923454589463568663,Other,Combo-3923454589463568663,Finalized,331,331,0.09,0,0.09
2026-08-07,UDXCOMBO-3759589513239405213,Other,Combo-3759589513239405213,Finalized,0,330,0.07,0,0.07
2026-08-07,UDXCOMBO-1000104655777180574,Other,Combo-1000104655777180574,Finalized,329,329,0.14,0,0.14
2026-08-07,UDXCOMBO-1154420574595173907,Other,Combo-1154420574595173907,Finalized,0,329,0.06,0,0.06
2026-08-07,UDXCOMBO-7488070913832159192,Other,Combo-7488070913832159192,Finalized,0,329,0.59,0,0.59
2026-08-07,UDXCOMBO-1123799517228999364,Other,Combo-1123799517228999364,Finalized,328,328,0.29,0,0.29
2026-08-07,UDXCOMBO-13355137302552239183,Other,Combo-13355137302552239183,Finalized,328,328,0.81,0,0.81
2026-08-07,UDXCOMBO-5840460462052921091,Other,Combo-5840460462052921091,Finalized,328,328,0.29,0,0.29
2026-08-07,UDXCOMBO-8995763366923922665,Other,Combo-8995763366923922665,Finalized,328,328,0.16,0,0.08
2026-08-07,UDXCOMBO-8429567067851971685,Other,Combo-8429567067851971685,Finalized,0,326,0.26,0,0.26
2026-08-07,UDXCOMBO-3850304736995229412,Other,Combo-3850304736995229412,Finalized,325,325,0.15,0,0.15
2026-08-07,UDXCOMBO-8557781040813099388,Other,Combo-8557781040813099388,Finalized,325,325,0.05,0,0.05
2026-08-07,UDXCOMBO-15291833468131139866,Other,Combo-15291833468131139866,Finalized,0,325,0.23,0,0.23
2026-08-07,UDXCOMBO-3214457615597758650,Other,Combo-3214457615597758650,Finalized,324,324,0.07,0,0.07
2026-08-07,UDXCOMBO-1890478385070426441,Other,Combo-1890478385070426441,Finalized,0,324,0.03,0,0.03
2026-08-07,UDXCOMBO-16845340841180848238,Other,Combo-16845340841180848238,Finalized,323,323,0.15,0,0.15
2026-08-07,UDXCOMBO-7289621098292035451,Other,Combo-7289621098292035451,Finalized,323,323,0.15,0,0.15
2026-08-07,UDXCOMBO-17341528399345137285,Other,Combo-17341528399345137285,Finalized,0,323,0.01,0,0.01
2026-08-07,UDXCOMBO-2065065778979207649,Other,Combo-2065065778979207649,Finalized,0,323,0.01,0,0.01
2026-08-07,UDXCOMBO-5040551722114458517,Other,Combo-5040551722114458517,Finalized,0,323,0.34,0,0.34
2026-08-07,UDXCOMBO-5722485790207350075,Other,Combo-5722485790207350075,Finalized,0,323,0.52,0,0.52
2026-08-07,UDXCOMBO-10603335554964823835,Other,Combo-10603335554964823835,Finalized,0,322,0.11,0,0.11
2026-08-07,UDXCOMBO-642524189964358237,Other,Combo-642524189964358237,Finalized,0,322,0.03,0,0.03
2026-08-07,UDXCOMBO-6889393030332640248,Other,Combo-6889393030332640248,Finalized,0,322,0.03,0,0.03
2026-08-07,UDXCOMBO-728812781376938005,Other,Combo-728812781376938005,Finalized,321,321,0.3,0,0.3
2026-08-07,UDXCOMBO-9941064853926185858,Other,Combo-9941064853926185858,Finalized,321,321,0.11,0,0.11
2026-08-07,UDXWNBASPREAD_PHXCONN2026AUG07_PHX13.5,Basketball (pro),Spread,Finalized,0,321,0.47,0,0.47
2026-08-07,UDXCOMBO-36397813018420787,Other,Combo-36397813018420787,Finalized,0,320,0.15,0,0.15
2026-08-07,UDXCOMBO-3412097686502778082,Other,Combo-3412097686502778082,Finalized,319,319,0.36,0,0.36
2026-08-07,UDXCOMBO-5057195978931872761,Other,Combo-5057195978931872761,Finalized,319,319,0.04,0,0.04
2026-08-07,UDXMLBTOTAL_LAAMIA26AUG071910_5.5,Baseball,Total,Finalized,0,319,0.78,0,0.56
2026-08-07,UDXWNBASPREAD_ATLWSH2026AUG07_WSH6.5,Basketball (pro),Spread,Finalized,0,319,0.56,0,0.09
2026-08-07,UDXCOMBO-4345645805652970217,Other,Combo-4345645805652970217,Finalized,318,318,0.07,0,0.07
2026-08-07,UDXCOMBO-9782212581938955641,Other,Combo-9782212581938955641,Finalized,318,318,0.15,0,0.15
2026-08-07,UDXCOMBO-13249371533953322720,Other,Combo-13249371533953322720,Finalized,317,317,0.06,0,0.06
2026-08-07,UDXCOMBO-6276340864826789938,Other,Combo-6276340864826789938,Finalized,317,317,0.07,0,0.07
2026-08-07,UDXCOMBO-11622222013138974143,Other,Combo-11622222013138974143,Finalized,0,317,0.52,0,0.2
2026-08-07,UDXCOMBO-16353875257899643892,Other,Combo-16353875257899643892,Finalized,0,317,0.07,0,0.07
2026-08-07,UDXCOMBO-2828012014798756524,Other,Combo-2828012014798756524,Finalized,316,316,0.15,0,0.15
2026-08-07,UDXCOMBO-10864578196010937918,Other,Combo-10864578196010937918,Finalized,0,316,0.02,0,0.02
2026-08-07,UDXCOMBO-9951422789347599094,Other,Combo-9951422789347599094,Finalized,315,315,0.53,0,0.5
2026-08-07,UDXCOMBO-16996829387781816577,Other,Combo-16996829387781816577,Finalized,0,315,0.01,0,0.01
2026-08-07,UDXCOMBO-10588469653293976678,Other,Combo-10588469653293976678,Finalized,314,314,0.21,0,0.21
2026-08-07,UDXCOMBO-5263990657330680164,Other,Combo-5263990657330680164,Finalized,314,314,0.3,0,0.3
2026-08-07,UDXCOMBO-349582409954375848,Other,Combo-349582409954375848,Finalized,0,314,0.15,0,0.15
2026-08-07,UDXCOMBO-734635694156814894,Other,Combo-734635694156814894,Finalized,0,314,0.15,0,0.15
2026-08-07,UDXMLBSPREAD_COLSTL26AUG072015_COL3.5,Baseball,Spread,Finalized,0,314,0.15,0,0.15
2026-08-07,UDXCOMBO-4494229888796057277,Other,Combo-4494229888796057277,Finalized,312,312,0.03,0,0.03
2026-08-07,UDXCOMBO-4509187219365245496,Other,Combo-4509187219365245496,Finalized,312,312,0.15,0,0.15
2026-08-07,UDXCOMBO-4794083143797396029,Other,Combo-4794083143797396029,Finalized,312,312,0.18,0,0.18
2026-08-07,UDXCOMBO-11538500704752388078,Other,Combo-11538500704752388078,Finalized,0,312,0.03,0,0.03
2026-08-07,UDXCOMBO-3981265008119702290,Other,Combo-3981265008119702290,Finalized,0,312,0.03,0,0.03
2026-08-07,UDXCOMBO-11500608422376994691,Other,Combo-11500608422376994691,Finalized,0,311,0.01,0,0.01
2026-08-07,UDXCOMBO-12828928454532858264,Other,Combo-12828928454532858264,Finalized,0,311,0.02,0,0.02
2026-08-07,UDXCOMBO-323139497553187225,Other,Combo-323139497553187225,Finalized,310,310,0.31,0,0.31
2026-08-07,UDXCOMBO-11815463707784855754,Other,Combo-11815463707784855754,Finalized,0,310,0.15,0,0.15
2026-08-07,UDXCOMBO-2894210086301115866,Other,Combo-2894210086301115866,Finalized,0,310,0.05,0,0.05
2026-08-07,UDXCOMBO-991911267056358622,Other,Combo-991911267056358622,Finalized,0,310,0.15,0,0.15
2026-08-07,UDXCOMBO-15692520077766011274,Other,Combo-15692520077766011274,Finalized,0,307,0.2,0,0.2
2026-08-07,UDXCOMBO-6289250269367232690,Other,Combo-6289250269367232690,Finalized,306,306,0.47,0,0.47
2026-08-07,UDXCOMBO-3563252221989295595,Other,Combo-3563252221989295595,Finalized,305,305,0.34,0,0.34
2026-08-07,UDXCOMBO-9889063167045468682,Other,Combo-9889063167045468682,Finalized,305,305,0.23,0,0.23
2026-08-07,UDXCOMBO-4571085987944673460,Other,Combo-4571085987944673460,Finalized,0,305,0.03,0,0.03
2026-08-07,UDXCOMBO-494933734761975788,Other,Combo-494933734761975788,Finalized,304,304,0.08,0,0.08
2026-08-07,UDXCOMBO-11344721429440632704,Other,Combo-11344721429440632704,Finalized,0,304,0.16,0,0.16
2026-08-07,UDXMLBTOTAL_CHCKAN26AUG072010_12.5,Baseball,Total,Finalized,0,304,0.11,0,0.11
2026-08-07,UDXCOMBO-13203970266844972009,Other,Combo-13203970266844972009,Finalized,0,303,0.32,0,0.32
2026-08-07,UDXCOMBO-17887106121774068210,Other,Combo-17887106121774068210,Finalized,0,303,0.03,0,0.03
2026-08-07,UDXCOMBO-6370178533313104952,Other,Combo-6370178533313104952,Finalized,0,302,0.06,0,0.06
2026-08-07,UDXCOMBO-14988858128328290521,Other,Combo-14988858128328290521,Finalized,301,301,0.32,0,0.32
2026-08-07,UDXCOMBO-17942779250834381060,Other,Combo-17942779250834381060,Finalized,301,301,0.03,0,0.03
2026-08-07,UDXCOMBO-2116819390078121613,Other,Combo-2116819390078121613,Finalized,301,301,0.03,0,0.03
2026-08-07,UDXCOMBO-11535377849638662216,Other,Combo-11535377849638662216,Finalized,0,301,0.32,0,0.32
2026-08-07,UDXCOMBO-1721482401959698008,Other,Combo-1721482401959698008,Finalized,0,301,0.03,0,0.03
2026-08-07,UDXCOMBO-3543171937498913420,Other,Combo-3543171937498913420,Finalized,300,300,0.03,0,0.03
2026-08-07,UDXCOMBO-7993410726065895504,Other,Combo-7993410726065895504,Finalized,300,300,0.19,0,0.19
2026-08-07,UDXCOMBO-1015689120544207428,Other,Combo-1015689120544207428,Finalized,0,300,0.03,0,0.03
2026-08-07,UDXCOMBO-12708027160500155031,Other,Combo-12708027160500155031,Finalized,0,300,0.01,0,0.01
2026-08-07,UDXCOMBO-16068840957477367692,Other,Combo-16068840957477367692,Finalized,0,300,0.32,0,0.32
2026-08-07,UDXCOMBO-16691494645471222260,Other,Combo-16691494645471222260,Finalized,0,300,0.09,0,0.09
2026-08-07,UDXCOMBO-16751585021907437688,Other,Combo-16751585021907437688,Finalized,0,300,0.29,0,0.29
2026-08-07,UDXCOMBO-17082153681521732896,Other,Combo-17082153681521732896,Finalized,0,300,0.03,0,0.03
2026-08-07,UDXCOMBO-1634329857122506062,Other,Combo-1634329857122506062,Finalized,0,299,0.13,0,0.13
2026-08-07,UDXCOMBO-2848072910134817649,Other,Combo-2848072910134817649,Finalized,0,299,0.05,0,0.05
2026-08-07,UDXCOMBO-4271308114174764780,Other,Combo-4271308114174764780,Finalized,298,298,0.11,0,0.11
2026-08-07,UDXCOMBO-8983813237693723614,Other,Combo-8983813237693723614,Finalized,298,298,0.16,0,0.15
2026-08-07,UDXCOMBO-18414447413742198829,Other,Combo-18414447413742198829,Finalized,297,297,0.08,0,0.08
2026-08-07,UDXCOMBO-8219943073505610716,Other,Combo-8219943073505610716,Finalized,0,297,0.32,0,0.32
2026-08-07,UDXCOMBO-9752362768083786581,Other,Combo-9752362768083786581,Finalized,0,297,0.06,0,0.06
2026-08-07,UDXCOMBO-4750919719398377827,Other,Combo-4750919719398377827,Finalized,0,296,0.06,0,0.06
2026-08-07,UDXWNBATOTAL_ATLWSH2026AUG07_175.5,Basketball (pro),Total,Finalized,0,295,0.39,0,0.03
2026-08-07,UDXCOMBO-3983733092660570147,Other,Combo-3983733092660570147,Finalized,0,294,0.02,0,0.02
2026-08-07,UDXCOMBO-10795667859520146260,Other,Combo-10795667859520146260,Finalized,293,293,0.4,0,0.4
2026-08-07,UDXCOMBO-562537381648208033,Other,Combo-562537381648208033,Finalized,293,293,0.16,0,0.16
2026-08-07,UDXCOMBO-17566963998963568768,Other,Combo-17566963998963568768,Finalized,0,293,0.06,0,0.06
2026-08-07,UDXCOMBO-18246538652723524936,Other,Combo-18246538652723524936,Finalized,292,292,0.03,0,0.03
2026-08-07,UDXCOMBO-5757054255469437613,Other,Combo-5757054255469437613,Finalized,292,292,0.33,0,0.33
2026-08-07,UDXCOMBO-5973609578184543080,Other,Combo-5973609578184543080,Finalized,292,292,0.05,0,0.05
2026-08-07,UDXCOMBO-7616453348186243843,Other,Combo-7616453348186243843,Finalized,292,292,0.03,0,0.03
2026-08-07,UDXCOMBO-1419410178750530493,Other,Combo-1419410178750530493,Finalized,0,292,0.33,0,0.33
2026-08-07,UDXCOMBO-17266619438715171252,Other,Combo-17266619438715171252,Finalized,0,292,0.03,0,0.03
2026-08-07,UDXCOMBO-17446769248231475372,Other,Combo-17446769248231475372,Finalized,0,292,0.03,0,0.03
2026-08-07,UDXCOMBO-295654249402426529,Other,Combo-295654249402426529,Finalized,0,292,0.03,0,0.03
2026-08-07,UDXCOMBO-6411915509140141444,Other,Combo-6411915509140141444,Finalized,0,292,0.67,0,0.67
2026-08-07,UDXCOMBO-7404625301356207855,Other,Combo-7404625301356207855,Finalized,0,292,0.03,0,0.03
2026-08-07,UDXCOMBO-9783953728514945305,Other,Combo-9783953728514945305,Finalized,0,292,0.02,0,0.02
2026-08-07,UDXCOMBO-3321545280480361559,Other,Combo-3321545280480361559,Finalized,291,291,0.31,0,0.08
2026-08-07,UDXCOMBO-6240641159939532371,Other,Combo-6240641159939532371,Finalized,0,291,0.16,0,0.16
2026-08-07,UDXCOMBO-11411557212550962713,Other,Combo-11411557212550962713,Finalized,0,290,0.03,0,0.03
2026-08-07,UDXCOMBO-16844680542768619596,Other,Combo-16844680542768619596,Finalized,0,290,0.16,0,0.16
2026-08-07,UDXCOMBO-2947558593751669403,Other,Combo-2947558593751669403,Finalized,0,290,0.03,0,0.03
2026-08-07,UDXMLBTOTAL_LADARI26AUG072140_4.5,Baseball,Total,Finalized,289.96,289.96,0.72,0,0.72
2026-08-07,UDXCOMBO-7497400526389444600,Other,Combo-7497400526389444600,Finalized,0,289,0.08,0,0.08
2026-08-07,UDXMLBSPREAD_MINMIL26AUG071940_MIN2.5,Baseball,Spread,Finalized,0,289,0.14,0,0.14
2026-08-07,UDXMLBTOTAL_CHCKAN26AUG072010_11.5,Baseball,Total,Finalized,0,289,0.38,0,0.35
2026-08-07,UDXCOMBO-10436071324325836558,Other,Combo-10436071324325836558,Finalized,288,288,0.26,0,0.26
2026-08-07,UDXCOMBO-13058365465716107051,Other,Combo-13058365465716107051,Finalized,288,288,0.07,0,0.07
2026-08-07,UDXCOMBO-4424891689371684559,Other,Combo-4424891689371684559,Finalized,287,287,0.13,0,0.13
2026-08-07,UDXCOMBO-12879705941164826673,Other,Combo-12879705941164826673,Finalized,286,286,0.08,0,0.08
2026-08-07,UDXCOMBO-15672568657073420911,Other,Combo-15672568657073420911,Finalized,286,286,0.44,0,0.44
2026-08-07,UDXCOMBO-5169652172036834603,Other,Combo-5169652172036834603,Finalized,285,285,0.1,0,0.1
2026-08-07,UDXCOMBO-4601794237199954051,Other,Combo-4601794237199954051,Finalized,283,283,0.03,0,0.03
2026-08-07,UDXCOMBO-5717508060795409058,Other,Combo-5717508060795409058,Finalized,283,283,0.41,0,0.41
2026-08-07,UDXCOMBO-10136450359767014682,Other,Combo-10136450359767014682,Finalized,0,283,0.03,0,0.03
2026-08-07,UDXCOMBO-3959469276064444793,Other,Combo-3959469276064444793,Finalized,0,283,0.34,0,0.34
2026-08-07,UDXCOMBO-908870262064309483,Other,Combo-908870262064309483,Finalized,282,282,0.05,0,0.05
2026-08-07,UDXCOMBO-8549637102785634358,Other,Combo-8549637102785634358,Finalized,0,282,0.17,0,0.17
2026-08-07,UDXCOMBO-3639489909566086636,Other,Combo-3639489909566086636,Finalized,281,281,0.27,0,0.27
2026-08-07,UDXCOMBO-11013869082246993639,Other,Combo-11013869082246993639,Finalized,280,280,0.07,0,0.07
2026-08-07,UDXCOMBO-11365597736940055150,Other,Combo-11365597736940055150,Finalized,280,280,0.09,0,0.09
2026-08-07,UDXCOMBO-12476941170912843832,Other,Combo-12476941170912843832,Finalized,280,280,0.08,0,0.08
2026-08-07,UDXCOMBO-14970304903843249369,Other,Combo-14970304903843249369,Finalized,280,280,0.52,0,0.12
2026-08-07,UDXCOMBO-12550096058418582220,Other,Combo-12550096058418582220,Finalized,278,278,0.44,0,0.44
2026-08-07,UDXCOMBO-14012249242761095489,Other,Combo-14012249242761095489,Finalized,0,278,0.32,0,0.32
2026-08-07,UDXCOMBO-260776208862476579,Other,Combo-260776208862476579,Finalized,0,278,0.08,0,0.08
2026-08-07,UDXCOMBO-11412020380354330571,Other,Combo-11412020380354330571,Finalized,277,277,0.17,0,0.17
2026-08-07,UDXWNBATOTAL_GSVDAL2026AUG07_153.5,Basketball (pro),Total,Finalized,0,277,0.83,0,0.78
2026-08-07,UDXCOMBO-13798136174306868773,Other,Combo-13798136174306868773,Finalized,276,276,0.07,0,0.07
2026-08-07,UDXCOMBO-9632491333599192374,Other,Combo-9632491333599192374,Finalized,276,276,0.35,0,0.35
2026-08-07,UDXMLBSPREAD_ATLNYY26AUG071905_ATL2.5,Baseball,Spread,Finalized,159,276,0.2,0,0.08
2026-08-07,UDXCOMBO-10290070795285973917,Other,Combo-10290070795285973917,Finalized,0,276,0.06,0,0.06
2026-08-07,UDXCOMBO-13373114977650119303,Other,Combo-13373114977650119303,Finalized,0,275,0.02,0,0.02
2026-08-07,UDXCOMBO-5859541030852645643,Other,Combo-5859541030852645643,Finalized,0,275,0.05,0,0.05
2026-08-07,UDXCOMBO-16237776056729462400,Other,Combo-16237776056729462400,Finalized,274,274,0.47,0,0.47
2026-08-07,UDXCOMBO-28979380571090744,Other,Combo-28979380571090744,Finalized,274,274,0.35,0,0.35
2026-08-07,UDXCOMBO-4991040670396777750,Other,Combo-4991040670396777750,Finalized,274,274,0.53,0,0.53
2026-08-07,UDXCOMBO-3318090074777051883,Other,Combo-3318090074777051883,Finalized,0,274,0.1,0,0.1
2026-08-07,UDXCOMBO-14873923364185309028,Other,Combo-14873923364185309028,Finalized,273,273,0.35,0,0.35
2026-08-07,UDXCOMBO-4454335453343490558,Other,Combo-4454335453343490558,Finalized,273,273,0.31,0,0.02
2026-08-07,UDXCOMBO-15669497299438205526,Other,Combo-15669497299438205526,Finalized,0,272,0.07,0,0.07
2026-08-07,UDXCOMBO-6386707494467180551,Other,Combo-6386707494467180551,Finalized,0,272,0.22,0,0.22
2026-08-07,UDXCOMBO-7987444322537110961,Other,Combo-7987444322537110961,Finalized,0,272,0.07,0,0.07
2026-08-07,UDXCOMBO-5710592487819645096,Other,Combo-5710592487819645096,Finalized,271,271,0.23,0,0.23
2026-08-07,UDXCOMBO-6015094081248552725,Other,Combo-6015094081248552725,Finalized,270,270,0.05,0,0.05
2026-08-07,UDXCOMBO-12831757101550887049,Other,Combo-12831757101550887049,Finalized,0,270,0.04,0,0.04
2026-08-07,UDXCOMBO-9222823390533040530,Other,Combo-9222823390533040530,Finalized,0,270,0.18,0,0.18
2026-08-07,UDXCOMBO-12677653839485146644,Other,Combo-12677653839485146644,Finalized,268,268,0.06,0,0.06
2026-08-07,UDXCOMBO-15740855251290523779,Other,Combo-15740855251290523779,Finalized,0,268,0.28,0,0.27
2026-08-07,UDXMLBTOTAL_NYMPIT26AUG071840_5.5,Baseball,Total,Finalized,0,268,0.75,0,0.69
2026-08-07,UDXCOMBO-5028072380036952040,Other,Combo-5028072380036952040,Finalized,267,267,0.26,0,0.26
2026-08-07,UDXCOMBO-5395840440623855740,Other,Combo-5395840440623855740,Finalized,267,267,0.04,0,0.04
2026-08-07,UDXCOMBO-8947652864620653626,Other,Combo-8947652864620653626,Finalized,267,267,0.18,0,0.18
2026-08-07,UDXCOMBO-10869951711163861300,Other,Combo-10869951711163861300,Finalized,0,267,0.04,0,0.04
2026-08-07,UDXCOMBO-15434323717664434399,Other,Combo-15434323717664434399,Finalized,0,267,0.04,0,0.04
2026-08-07,UDXCOMBO-16497347477469760539,Other,Combo-16497347477469760539,Finalized,0,267,0.04,0,0.04
2026-08-07,UDXCOMBO-4033185695218662665,Other,Combo-4033185695218662665,Finalized,0,266,0.15,0,0.15
2026-08-07,UDXCOMBO-8828949832273334052,Other,Combo-8828949832273334052,Finalized,0,266,0.36,0,0.36
2026-08-07,UDXCOMBO-12939579500969506770,Other,Combo-12939579500969506770,Finalized,265,265,0.13,0,0.13
2026-08-07,UDXCOMBO-10707919949317492063,Other,Combo-10707919949317492063,Finalized,0,265,0.2,0,0.2
2026-08-07,UDXCOMBO-10731962096549283878,Other,Combo-10731962096549283878,Finalized,0,265,0.18,0,0.18
2026-08-07,UDXCOMBO-4013342958636537598,Other,Combo-4013342958636537598,Finalized,0,265,0.55,0,0.55
2026-08-07,UDXCOMBO-11648893574968410269,Other,Combo-11648893574968410269,Finalized,0,264,0.18,0,0.18
2026-08-07,UDXCOMBO-13408344054349905253,Other,Combo-13408344054349905253,Finalized,0,264,0.07,0,0.07
2026-08-07,UDXCOMBO-1619769568703332624,Other,Combo-1619769568703332624,Finalized,263,263,0.11,0,0.11
2026-08-07,UDXCOMBO-2445486452884532644,Other,Combo-2445486452884532644,Finalized,263,263,0.36,0,0.36
2026-08-07,UDXCOMBO-3256471568761643259,Other,Combo-3256471568761643259,Finalized,263,263,0.36,0,0.36
2026-08-07,UDXCOMBO-10894416002495703146,Other,Combo-10894416002495703146,Finalized,0,263,0.02,0,0.02
2026-08-07,UDXCOMBO-1455331445186997996,Other,Combo-1455331445186997996,Finalized,0,263,0.03,0,0.03
2026-08-07,UDXCOMBO-2665782517651540490,Other,Combo-2665782517651540490,Finalized,0,263,0.36,0,0.36
2026-08-07,UDXCOMBO-5490775209166465720,Other,Combo-5490775209166465720,Finalized,0,263,0.31,0,0.31
2026-08-07,UDXCOMBO-14123426892928723343,Other,Combo-14123426892928723343,Finalized,262,262,0.11,0,0.11
2026-08-07,UDXMLBTOTAL_LADARI26AUG072140_12.5,Baseball,Total,Finalized,262,262,0.02,0,0.02
2026-08-07,UDXCOMBO-9944843398958483619,Other,Combo-9944843398958483619,Finalized,261,261,0.17,0,0.17
2026-08-07,UDXCOMBO-16739062913029030069,Other,Combo-16739062913029030069,Finalized,0,261,0.13,0,0.13
2026-08-07,UDXCOMBO-8125361625618136431,Other,Combo-8125361625618136431,Finalized,0,261,0.09,0,0.09
2026-08-07,UDXCOMBO-11826035032296958540,Other,Combo-11826035032296958540,Finalized,0,260,0.04,0,0.04
2026-08-07,UDXCOMBO-1419150028369680004,Other,Combo-1419150028369680004,Finalized,0,260,0.04,0,0.04
2026-08-07,UDXCOMBO-4919076145429540819,Other,Combo-4919076145429540819,Finalized,0,260,0.04,0,0.04
2026-08-07,UDXCOMBO-8651902583262835289,Other,Combo-8651902583262835289,Finalized,0,260,0.37,0,0.37
2026-08-07,UDXCOMBO-4196345423087656295,Other,Combo-4196345423087656295,Finalized,259,259,0.56,0,0.56
2026-08-07,UDXCOMBO-13671760371996160816,Other,Combo-13671760371996160816,Finalized,0,259,0.01,0,0.01
2026-08-07,UDXCOMBO-8597998047833597125,Other,Combo-8597998047833597125,Finalized,0,259,0.07,0,0.07
2026-08-07,UDXMLBTOTAL_CINWAS26AUG071845_12.5,Baseball,Total,Finalized,0,258,0.41,0,0.41
2026-08-07,UDXCOMBO-17264990949085716852,Other,Combo-17264990949085716852,Finalized,0,257,0.18,0,0.18
2026-08-07,UDXCOMBO-6085706285574212303,Other,Combo-6085706285574212303,Finalized,0,257,0.18,0,0.18
2026-08-07,UDXCOMBO-1120844779012678936,Other,Combo-1120844779012678936,Finalized,256,256,0.11,0,0.08
2026-08-07,UDXCOMBO-46047180634323935,Other,Combo-46047180634323935,Finalized,0,256,0.16,0,0.16
2026-08-07,UDXCOMBO-9777186719941585886,Other,Combo-9777186719941585886,Finalized,0,256,0.19,0,0.19
2026-08-07,UDXCOMBO-4368495616192025505,Other,Combo-4368495616192025505,Finalized,255,255,0.11,0,0.11
2026-08-07,UDXCOMBO-11836045128068801296,Other,Combo-11836045128068801296,Finalized,0,255,0.09,0,0.09
2026-08-07,UDXCOMBO-14692471527051399129,Other,Combo-14692471527051399129,Finalized,0,255,0.03,0,0.03
2026-08-07,UDXCOMBO-17404264585795751289,Other,Combo-17404264585795751289,Finalized,0,255,0.01,0,0.01
2026-08-07,UDXCOMBO-7654861908047822114,Other,Combo-7654861908047822114,Finalized,0,255,0.32,0,0.32
2026-08-07,UDXCOMBO-8236739334467704090,Other,Combo-8236739334467704090,Finalized,0,255,0.19,0,0.19
2026-08-07,UDXCOMBO-15502357142438317182,Other,Combo-15502357142438317182,Finalized,254,254,0.11,0,0.11
2026-08-07,UDXCOMBO-11472571676106232538,Other,Combo-11472571676106232538,Finalized,0,254,0.13,0,0.13
2026-08-07,UDXMLBTOTAL_OAKBOS26AUG071910_13.5,Baseball,Total,Finalized,0,254,0.33,0,0.33
2026-08-07,UDXCOMBO-1588037399071719009,Other,Combo-1588037399071719009,Finalized,253,253,0.04,0,0.04
2026-08-07,UDXCOMBO-7703770399832991686,Other,Combo-7703770399832991686,Finalized,253,253,0.21,0,0.1
2026-08-07,UDXCOMBO-9613616441023343369,Other,Combo-9613616441023343369,Finalized,253,253,0.04,0,0.04
2026-08-07,UDXCOMBO-976163033526383215,Other,Combo-976163033526383215,Finalized,253,253,0.4,0,0.4
2026-08-07,UDXCOMBO-15246035536214343773,Other,Combo-15246035536214343773,Finalized,0,253,0.07,0,0.07
2026-08-07,UDXCOMBO-16215243523221924162,Other,Combo-16215243523221924162,Finalized,0,253,0.09,0,0.09
2026-08-07,UDXCOMBO-296130810654718776,Other,Combo-296130810654718776,Finalized,0,253,0.07,0,0.07
2026-08-07,UDXCOMBO-1502268908377713948,Other,Combo-1502268908377713948,Finalized,252,252,0.09,0,0.09
2026-08-07,UDXCOMBO-8843740230429894591,Other,Combo-8843740230429894591,Finalized,252,252,0.09,0,0.09
2026-08-07,UDXCOMBO-13953764195558415060,Other,Combo-13953764195558415060,Finalized,0,252,0.04,0,0.04
2026-08-07,UDXCOMBO-14613311345681259820,Other,Combo-14613311345681259820,Finalized,0,252,0.09,0,0.09
2026-08-07,UDXCOMBO-14759199937819232232,Other,Combo-14759199937819232232,Finalized,0,252,0.09,0,0.09
2026-08-07,UDXCOMBO-3362571647456736474,Other,Combo-3362571647456736474,Finalized,0,252,0.05,0,0.05
2026-08-07,UDXCOMBO-6609757201684424929,Other,Combo-6609757201684424929,Finalized,0,252,0.01,0,0.01
2026-08-07,UDXCOMBO-6293614908321921893,Other,Combo-6293614908321921893,Finalized,251,251,0.03,0,0.03
2026-08-07,UDXCOMBO-8303009094591532370,Other,Combo-8303009094591532370,Finalized,0,251,0.04,0,0.04
2026-08-07,UDXCOMBO-6614686553995435585,Other,Combo-6614686553995435585,Finalized,249,249,0.32,0,0.32
2026-08-07,UDXCOMBO-16777625496998156496,Other,Combo-16777625496998156496,Finalized,0,249,0.08,0,0.08
2026-08-07,UDXCOMBO-5954252842122668511,Other,Combo-5954252842122668511,Finalized,0,249,0.19,0,0.19
2026-08-07,UDXCOMBO-8873693276185277522,Other,Combo-8873693276185277522,Finalized,0,249,0.02,0,0.02
2026-08-07,UDXCOMBO-17152801950210083314,Other,Combo-17152801950210083314,Finalized,248,248,0.27,0,0.27
2026-08-07,UDXCOMBO-8045044819783841927,Other,Combo-8045044819783841927,Finalized,247,247,0.08,0,0.08
2026-08-07,UDXCOMBO-11627712825025805934,Other,Combo-11627712825025805934,Finalized,0,247,0.03,0,0.03
2026-08-07,UDXCOMBO-2503479186468344810,Other,Combo-2503479186468344810,Finalized,0,247,0.06,0,0.06
2026-08-07,UDXCOMBO-4777011208176031393,Other,Combo-4777011208176031393,Finalized,0,247,0.08,0,0.08
2026-08-07,UDXCOMBO-10637710764850935486,Other,Combo-10637710764850935486,Finalized,246,246,0.33,0,0.32
2026-08-07,UDXCOMBO-4097828557824414887,Other,Combo-4097828557824414887,Finalized,246,246,0.44,0,0.43
2026-08-07,UDXCOMBO-13146485725144166779,Other,Combo-13146485725144166779,Finalized,0,246,0.04,0,0.04
2026-08-07,UDXMLBSPREAD_HOUSD26AUG072140_HOU3.5,Baseball,Spread,Finalized,160,244,0.44,0,0.44
2026-08-07,UDXCOMBO-15287794125755700524,Other,Combo-15287794125755700524,Finalized,0,244,0.04,0,0.04
2026-08-07,UDXCOMBO-6984932673514973694,Other,Combo-6984932673514973694,Finalized,243,243,0.19,0,0.19
2026-08-07,UDXCOMBO-15429719196767192752,Other,Combo-15429719196767192752,Finalized,242,242,0.2,0,0.2
2026-08-07,UDXCOMBO-16563514719401535654,Other,Combo-16563514719401535654,Finalized,242,242,0.06,0,0.06
2026-08-07,UDXCOMBO-16886908616597793506,Other,Combo-16886908616597793506,Finalized,242,242,0.25,0,0.22
2026-08-07,UDXCOMBO-1997147476977371157,Other,Combo-1997147476977371157,Finalized,0,242,0.05,0,0.05
2026-08-07,UDXCOMBO-17987593721801616335,Other,Combo-17987593721801616335,Finalized,241,241,0.4,0,0.4
2026-08-07,UDXCOMBO-10090226262214172053,Other,Combo-10090226262214172053,Finalized,240,240,0.4,0,0.4
2026-08-07,UDXCOMBO-1866611818759972982,Other,Combo-1866611818759972982,Finalized,0,240,0.08,0,0.08
2026-08-07,UDXCOMBO-3275308629405476810,Other,Combo-3275308629405476810,Finalized,0,240,0.42,0,0.42
2026-08-07,UDXCOMBO-7552134595883932534,Other,Combo-7552134595883932534,Finalized,0,240,0.04,0,0.04
2026-08-07,UDXCOMBO-15107667286569908256,Other,Combo-15107667286569908256,Finalized,238.18,238.18,0.37,0,0.36
2026-08-07,UDXCOMBO-4125945497366442894,Other,Combo-4125945497366442894,Finalized,0,238,0.46,0,0.2
2026-08-07,UDXCOMBO-16803450584119124861,Other,Combo-16803450584119124861,Finalized,237,237,0.82,0,0.27
2026-08-07,UDXCOMBO-9187805489844519639,Other,Combo-9187805489844519639,Finalized,237,237,0.15,0,0.15
2026-08-07,UDXCOMBO-9776999372453553802,Other,Combo-9776999372453553802,Finalized,237,237,0.2,0,0.2
2026-08-07,UDXCOMBO-3463109517418091114,Other,Combo-3463109517418091114,Finalized,0,237,0.68,0,0.68
2026-08-07,UDXCOMBO-1903754982301884766,Other,Combo-1903754982301884766,Finalized,236,236,0.07,0,0.07
2026-08-07,UDXCOMBO-5185607376154454971,Other,Combo-5185607376154454971,Finalized,236,236,0.36,0,0.36
2026-08-07,UDXCOMBO-14091858739906948401,Other,Combo-14091858739906948401,Finalized,234,234,0.04,0,0.04
2026-08-07,UDXCOMBO-14418536099457615165,Other,Combo-14418536099457615165,Finalized,234,234,0.06,0,0.06
2026-08-07,UDXCOMBO-2669398664135929569,Other,Combo-2669398664135929569,Finalized,234,234,0.08,0,0.08
2026-08-07,UDXCOMBO-10881816093938077780,Other,Combo-10881816093938077780,Finalized,0,234,0.08,0,0.08
2026-08-07,UDXCOMBO-12690121161642628350,Other,Combo-12690121161642628350,Finalized,0,234,0.04,0,0.04
2026-08-07,UDXCOMBO-16029221802368360265,Other,Combo-16029221802368360265,Finalized,0,234,0.04,0,0.04
2026-08-07,UDXCOMBO-9009178442023943608,Other,Combo-9009178442023943608,Finalized,0,234,0.16,0,0.16
2026-08-07,UDXCOMBO-12803299379675123416,Other,Combo-12803299379675123416,Finalized,233,233,0.31,0,0.31
2026-08-07,UDXCOMBO-17262884601246989504,Other,Combo-17262884601246989504,Finalized,233,233,0.46,0,0.46
2026-08-07,UDXCOMBO-5599488686234553572,Other,Combo-5599488686234553572,Finalized,233,233,0.01,0,0.01
2026-08-07,UDXCOMBO-14303348793988577300,Other,Combo-14303348793988577300,Finalized,0,233,0.02,0,0.02
2026-08-07,UDXCOMBO-18402399476985048746,Other,Combo-18402399476985048746,Finalized,0,233,0.03,0,0.03
2026-08-07,UDXCOMBO-4685601642896449292,Other,Combo-4685601642896449292,Finalized,0,233,0,0,0
2026-08-07,UDXCOMBO-8290997715531164905,Other,Combo-8290997715531164905,Finalized,0,233,0.02,0,0.02
2026-08-07,UDXCOMBO-8379384823748659263,Other,Combo-8379384823748659263,Finalized,0,233,0,0,0
2026-08-07,UDXCOMBO-10258932320348473961,Other,Combo-10258932320348473961,Finalized,232,232,0.09,0,0.09
2026-08-07,UDXCOMBO-15206957090856219442,Other,Combo-15206957090856219442,Finalized,232,232,0.2,0,0.2
2026-08-07,UDXCOMBO-5234477629797556780,Other,Combo-5234477629797556780,Finalized,0,232,0.08,0,0.08
2026-08-07,UDXCOMBO-842070149997357009,Other,Combo-842070149997357009,Finalized,0,232,0.04,0,0.04
2026-08-07,UDXCOMBO-14206938699632155521,Other,Combo-14206938699632155521,Finalized,0,231,0.17,0,0.17
2026-08-07,UDXCOMBO-4535932863548026860,Other,Combo-4535932863548026860,Finalized,0,231,0.07,0,0.07
2026-08-07,UDXCOMBO-8189068118216855657,Other,Combo-8189068118216855657,Finalized,0,231,0.12,0,0.12
2026-08-07,UDXCOMBO-8244198938519317869,Other,Combo-8244198938519317869,Finalized,0,231,0.21,0,0.21
2026-08-07,UDXCOMBO-18385341227591188506,Other,Combo-18385341227591188506,Finalized,230,230,0.31,0,0.31
2026-08-07,UDXCOMBO-7248768245318370222,Other,Combo-7248768245318370222,Finalized,0,230,0.86,0,0.86
2026-08-07,UDXCOMBO-7344461872027931021,Other,Combo-7344461872027931021,Finalized,229,229,0.21,0,0.21
2026-08-07,UDXCOMBO-10325818337060204938,Other,Combo-10325818337060204938,Finalized,0,229,0.26,0,0.08
2026-08-07,UDXCOMBO-16229711050446650989,Other,Combo-16229711050446650989,Finalized,228,228,0.09,0,0.08
2026-08-07,UDXCOMBO-5555677980403200469,Other,Combo-5555677980403200469,Finalized,228,228,0.28,0,0.28
2026-08-07,UDXCOMBO-6165031697915797520,Other,Combo-6165031697915797520,Finalized,228,228,0.21,0,0.21
2026-08-07,UDXCOMBO-657306910750927109,Other,Combo-657306910750927109,Finalized,228,228,0.42,0,0.42
2026-08-07,UDXCOMBO-6143576191813982124,Other,Combo-6143576191813982124,Finalized,0,228,0.04,0,0.04
2026-08-07,UDXCOMBO-10208039624040869897,Other,Combo-10208039624040869897,Finalized,227,227,0.75,0,0.75
2026-08-07,UDXCOMBO-1599371127320853489,Other,Combo-1599371127320853489,Finalized,0,227,0.13,0,0.13
2026-08-07,UDXCOMBO-18138756947109728750,Other,Combo-18138756947109728750,Finalized,0,227,0.06,0,0.06
2026-08-07,UDXCOMBO-9113359390571018788,Other,Combo-9113359390571018788,Finalized,0,227,0.17,0,0.17
2026-08-07,UDXCOMBO-12477484786205371659,Other,Combo-12477484786205371659,Finalized,226,226,0.21,0,0.21
2026-08-07,UDXCOMBO-11947985236814013137,Other,Combo-11947985236814013137,Finalized,0,226,0.1,0,0.1
2026-08-07,UDXCOMBO-3773482949551965864,Other,Combo-3773482949551965864,Finalized,0,226,0.08,0,0.08
2026-08-07,UDXMLBTOTAL_OAKBOS26AUG071910_12.5,Baseball,Total,Finalized,0,226,0.42,0,0.42
2026-08-07,UDXCOMBO-1423998679363478666,Other,Combo-1423998679363478666,Finalized,225,225,0.08,0,0.08
2026-08-07,UDXCOMBO-4055667976631535484,Other,Combo-4055667976631535484,Finalized,0,225,0.05,0,0.05
2026-08-07,UDXMLBTOTAL_CINWAS26AUG071845_5.5,Baseball,Total,Finalized,0,225,0.8,0,0.8
2026-08-07,UDXCOMBO-1110132520476872044,Other,Combo-1110132520476872044,Finalized,224,224,0.21,0,0.21
2026-08-07,UDXCOMBO-15947509141970856764,Other,Combo-15947509141970856764,Finalized,224,224,0.58,0,0.58
2026-08-07,UDXCOMBO-12802825044982464926,Other,Combo-12802825044982464926,Finalized,0,224,0.33,0,0.32
2026-08-07,UDXCOMBO-15193841948923485783,Other,Combo-15193841948923485783,Finalized,0,224,0.21,0,0.21
2026-08-07,UDXWNBASPREAD_PHXCONN2026AUG07_CONN1.5,Basketball (pro),Spread,Finalized,0,224,0.81,0,0.81
2026-08-07,UDXCOMBO-14577501877324842967,Other,Combo-14577501877324842967,Finalized,223,223,0.29,0,0.29
2026-08-07,UDXCOMBO-3821956177795500022,Other,Combo-3821956177795500022,Finalized,223,223,0.17,0,0.17
2026-08-07,UDXCOMBO-5640351153156460828,Other,Combo-5640351153156460828,Finalized,223,223,0.09,0,0.09
2026-08-07,UDXCOMBO-12541820887954820261,Other,Combo-12541820887954820261,Finalized,0,223,0.04,0,0.04
2026-08-07,UDXCOMBO-500585712135696966,Other,Combo-500585712135696966,Finalized,0,222,0.11,0,0.11
2026-08-07,UDXCOMBO-5597534125972729376,Other,Combo-5597534125972729376,Finalized,0,222,0.02,0,0.02
2026-08-07,UDXCOMBO-6874032867540952737,Other,Combo-6874032867540952737,Finalized,0,222,0.19,0,0.19
2026-08-07,UDXCOMBO-9902698064818643047,Other,Combo-9902698064818643047,Finalized,0,222,0.02,0,0.02
2026-08-07,UDXCOMBO-9962457113028711535,Other,Combo-9962457113028711535,Finalized,0,222,0.1,0,0.1
2026-08-07,UDXCOMBO-1210448548785149184,Other,Combo-1210448548785149184,Finalized,221,221,0.33,0,0.33
2026-08-07,UDXCOMBO-12386248851059111304,Other,Combo-12386248851059111304,Finalized,221,221,0.14,0,0.14
2026-08-07,UDXCOMBO-17196215352730915505,Other,Combo-17196215352730915505,Finalized,221,221,0.11,0,0.11
2026-08-07,UDXCOMBO-10568901256149505314,Other,Combo-10568901256149505314,Finalized,0,221,0.11,0,0.11
2026-08-07,UDXCOMBO-2305856414821524771,Other,Combo-2305856414821524771,Finalized,0,221,0.21,0,0.21
2026-08-07,UDXCOMBO-1206389617771422590,Other,Combo-1206389617771422590,Finalized,220,220,0.17,0,0.17
2026-08-07,UDXCOMBO-17237312719317345975,Other,Combo-17237312719317345975,Finalized,0,220,0.04,0,0.04
2026-08-07,UDXWNBATOTAL_GSVDAL2026AUG07_150.5,Basketball (pro),Total,Finalized,0,220,0.88,0,0.83
2026-08-07,UDXCOMBO-298708338076710869,Other,Combo-298708338076710869,Finalized,219,219,0.13,0,0.13
2026-08-07,UDXCOMBO-10055913512331945934,Other,Combo-10055913512331945934,Finalized,0,218,0.09,0,0.09
2026-08-07,UDXCOMBO-16168598720920731945,Other,Combo-16168598720920731945,Finalized,0,218,0.09,0,0.09
2026-08-07,UDXCOMBO-10470761128563942025,Other,Combo-10470761128563942025,Finalized,217,217,0.04,0,0.04
2026-08-07,UDXCOMBO-11584040908603143696,Other,Combo-11584040908603143696,Finalized,0,217,0.11,0,0.11
2026-08-07,UDXCOMBO-1324361105237478822,Other,Combo-1324361105237478822,Finalized,216,216,0.07,0,0.07
2026-08-07,UDXCOMBO-5188841471176478141,Other,Combo-5188841471176478141,Finalized,215,215,0.04,0,0.04
2026-08-07,UDXCOMBO-1390019553963253717,Other,Combo-1390019553963253717,Finalized,214,214,0.22,0,0.22
2026-08-07,UDXCOMBO-15716151541031406242,Other,Combo-15716151541031406242,Finalized,214,214,0.17,0,0.17
2026-08-07,UDXCOMBO-16563022423944500784,Other,Combo-16563022423944500784,Finalized,214,214,0.38,0,0.38
2026-08-07,UDXCOMBO-3754806053149481004,Other,Combo-3754806053149481004,Finalized,213,213,0.34,0,0.34
2026-08-07,UDXCOMBO-14323804777428851498,Other,Combo-14323804777428851498,Finalized,212,212,0.04,0,0.04
2026-08-07,UDXCOMBO-1823771938491878520,Other,Combo-1823771938491878520,Finalized,212,212,0.04,0,0.04
2026-08-07,UDXCOMBO-4408191786665481420,Other,Combo-4408191786665481420,Finalized,212,212,0.04,0,0.04
2026-08-07,UDXCOMBO-6315795021754018355,Other,Combo-6315795021754018355,Finalized,212,212,0.04,0,0.04
2026-08-07,UDXCOMBO-639477631453617316,Other,Combo-639477631453617316,Finalized,212,212,0.81,0,0.81
2026-08-07,UDXCOMBO-10145204994381948833,Other,Combo-10145204994381948833,Finalized,0,212,0.02,0,0.02
2026-08-07,UDXCOMBO-11269466247533887883,Other,Combo-11269466247533887883,Finalized,0,212,0.04,0,0.04
2026-08-07,UDXCOMBO-12019416926262821974,Other,Combo-12019416926262821974,Finalized,0,212,0.13,0,0.13
2026-08-07,UDXCOMBO-15777003503929804023,Other,Combo-15777003503929804023,Finalized,0,212,0.17,0,0.17
2026-08-07,UDXCOMBO-17847589126154641058,Other,Combo-17847589126154641058,Finalized,0,212,0.02,0,0.02
2026-08-07,UDXCOMBO-18048021735094639745,Other,Combo-18048021735094639745,Finalized,0,212,0.04,0,0.04
2026-08-07,UDXCOMBO-3498470881502264950,Other,Combo-3498470881502264950,Finalized,0,212,0.02,0,0.02
2026-08-07,UDXCOMBO-5711328030425368808,Other,Combo-5711328030425368808,Finalized,0,212,0.04,0,0.04
2026-08-07,UDXCOMBO-1004123810167692998,Other,Combo-1004123810167692998,Finalized,0,211,0.13,0,0.13
2026-08-07,UDXCOMBO-11663363024190862188,Other,Combo-11663363024190862188,Finalized,0,211,0.28,0,0.28
2026-08-07,UDXCOMBO-18067127751853734181,Other,Combo-18067127751853734181,Finalized,0,211,0.27,0,0.27
2026-08-07,UDXCOMBO-10053667764115619912,Other,Combo-10053667764115619912,Finalized,210,210,0.11,0,0.11
2026-08-07,UDXCOMBO-11543930402167341737,Other,Combo-11543930402167341737,Finalized,210,210,0.46,0,0.46
2026-08-07,UDXCOMBO-16424421291077027869,Other,Combo-16424421291077027869,Finalized,210,210,0.23,0,0.23
2026-08-07,UDXCOMBO-2266751450258236248,Other,Combo-2266751450258236248,Finalized,210,210,0.02,0,0.02
2026-08-07,UDXCOMBO-10907830062217215575,Other,Combo-10907830062217215575,Finalized,0,210,0.04,0,0.04
2026-08-07,UDXCOMBO-17115011755254475897,Other,Combo-17115011755254475897,Finalized,0,210,0.18,0,0.18
2026-08-07,UDXCOMBO-2926372746631964317,Other,Combo-2926372746631964317,Finalized,0,210,0.01,0,0.01
2026-08-07,UDXCOMBO-429699682375127794,Other,Combo-429699682375127794,Finalized,0,210,0,0,0
2026-08-07,UDXCOMBO-6058990691052715382,Other,Combo-6058990691052715382,Finalized,0,210,0.04,0,0.04
2026-08-07,UDXCOMBO-8940022439629943099,Other,Combo-8940022439629943099,Finalized,0,209,0.23,0,0.23
2026-08-07,UDXMLBGAMEWIN_SDARI26AUG062140_SD,Baseball,Moneyline,Finalized,0,209,0.99,0,0.98
2026-08-07,UDXCOMBO-5826295341749002785,Other,Combo-5826295341749002785,Finalized,208,208,0.09,0,0.09
2026-08-07,UDXCOMBO-102037551139644718,Other,Combo-102037551139644718,Finalized,0,208,0.21,0,0.21
2026-08-07,UDXCOMBO-13934288140004983789,Other,Combo-13934288140004983789,Finalized,0,208,0.13,0,0.13
2026-08-07,UDXCOMBO-17215839135217100145,Other,Combo-17215839135217100145,Finalized,0,208,0.09,0,0.09
2026-08-07,UDXCOMBO-3480394042070160135,Other,Combo-3480394042070160135,Finalized,0,208,0.58,0,0.58
2026-08-07,UDXCOMBO-5389353913577675412,Other,Combo-5389353913577675412,Finalized,0,208,0.05,0,0.05
2026-08-07,UDXCOMBO-9089126753950003122,Other,Combo-9089126753950003122,Finalized,0,208,0.04,0,0.04
2026-08-07,UDXCOMBO-7491734054819539889,Other,Combo-7491734054819539889,Finalized,207,207,0.21,0,0.21
2026-08-07,UDXCOMBO-10264696328876839204,Other,Combo-10264696328876839204,Finalized,0,207,0.47,0,0.47
2026-08-07,UDXCOMBO-14803357804252769638,Other,Combo-14803357804252769638,Finalized,0,207,0.45,0,0.44
2026-08-07,UDXCOMBO-2926741698322483376,Other,Combo-2926741698322483376,Finalized,0,207,0.02,0,0.02
2026-08-07,UDXCOMBO-5332101396705073950,Other,Combo-5332101396705073950,Finalized,0,207,0.08,0,0.08
2026-08-07,UDXCOMBO-18405225778140058274,Other,Combo-18405225778140058274,Finalized,206,206,0.25,0,0.25
2026-08-07,UDXCOMBO-2293933617402337854,Other,Combo-2293933617402337854,Finalized,206,206,0.09,0,0.09
2026-08-07,UDXCOMBO-7443762932856905003,Other,Combo-7443762932856905003,Finalized,206,206,0.29,0,0.29
2026-08-07,UDXMLBTOTAL_TORPHI26AUG071840_11.5,Baseball,Total,Finalized,43,206,0.2,0,0.11
2026-08-07,UDXCOMBO-3483194500813885523,Other,Combo-3483194500813885523,Finalized,0,206,0.08,0,0.08
2026-08-07,UDXCOMBO-5819984991257210252,Other,Combo-5819984991257210252,Finalized,0,206,0.09,0,0.09
2026-08-07,UDXCOMBO-9152683034813087951,Other,Combo-9152683034813087951,Finalized,205,205,0.12,0,0.12
2026-08-07,UDXCOMBO-6990347434206216626,Other,Combo-6990347434206216626,Finalized,0,205,0.16,0,0.16
2026-08-07,UDXCOMBO-9123366117360917243,Other,Combo-9123366117360917243,Finalized,0,205,0.21,0,0.21
2026-08-07,UDXCOMBO-13937180651812702691,Other,Combo-13937180651812702691,Finalized,204,204,0.07,0,0.07
2026-08-07,UDXCOMBO-17283375873827205132,Other,Combo-17283375873827205132,Finalized,204,204,0.12,0,0.12
2026-08-07,UDXCOMBO-3337612292754378385,Other,Combo-3337612292754378385,Finalized,204,204,0.23,0,0.23
2026-08-07,UDXCOMBO-13259352293456130770,Other,Combo-13259352293456130770,Finalized,0,203,0.02,0,0.02
2026-08-07,UDXCOMBO-15389846707107727369,Other,Combo-15389846707107727369,Finalized,0,203,0.1,0,0.1
2026-08-07,UDXCOMBO-11120632475461355401,Other,Combo-11120632475461355401,Finalized,202,202,0.2,0,0.13
2026-08-07,UDXCOMBO-12642784398904608644,Other,Combo-12642784398904608644,Finalized,202,202,0.22,0,0.07
2026-08-07,UDXCOMBO-14847926166542684020,Other,Combo-14847926166542684020,Finalized,202,202,0.09,0,0.09
2026-08-07,UDXCOMBO-15554002961311742095,Other,Combo-15554002961311742095,Finalized,202,202,0.09,0,0.09
2026-08-07,UDXCOMBO-4318929685470099506,Other,Combo-4318929685470099506,Finalized,202,202,0.23,0,0.23
2026-08-07,UDXCOMBO-5980621081932031730,Other,Combo-5980621081932031730,Finalized,202,202,0.11,0,0.11
2026-08-07,UDXCOMBO-8740070805525993469,Other,Combo-8740070805525993469,Finalized,202,202,0.09,0,0.09
2026-08-07,UDXCOMBO-5863633417757662486,Other,Combo-5863633417757662486,Finalized,0,202,0.05,0,0.05
2026-08-07,UDXCOMBO-16815383776226518698,Other,Combo-16815383776226518698,Finalized,201,201,0.24,0,0.24
2026-08-07,UDXCOMBO-17925995450470117861,Other,Combo-17925995450470117861,Finalized,201,201,0.48,0,0.48
2026-08-07,UDXCOMBO-7555632283972082984,Other,Combo-7555632283972082984,Finalized,201,201,0.12,0,0.12
2026-08-07,UDXCOMBO-13599893588413318753,Other,Combo-13599893588413318753,Finalized,200,200,0.24,0,0.24
2026-08-07,UDXCOMBO-13665373998144314773,Other,Combo-13665373998144314773,Finalized,200,200,0.58,0,0.58
2026-08-07,UDXCOMBO-6915264814013181154,Other,Combo-6915264814013181154,Finalized,200,200,0.24,0,0.24
2026-08-07,UDXCOMBO-10521620455454709549,Other,Combo-10521620455454709549,Finalized,0,200,0.64,0,0.64
2026-08-07,UDXCOMBO-14210199047945346332,Other,Combo-14210199047945346332,Finalized,0,200,0.12,0,0.12
2026-08-07,UDXCOMBO-5987843076182955719,Other,Combo-5987843076182955719,Finalized,0,200,0.02,0,0.02
2026-08-07,UDXCOMBO-4418537692776722807,Other,Combo-4418537692776722807,Finalized,199,199,0.12,0,0.12
2026-08-07,UDXCOMBO-7582160967983021065,Other,Combo-7582160967983021065,Finalized,199,199,0.12,0,0.12
2026-08-07,UDXCOMBO-10973574111787935405,Other,Combo-10973574111787935405,Finalized,0,199,0.04,0,0.04
2026-08-07,UDXCOMBO-11545964099400902995,Other,Combo-11545964099400902995,Finalized,0,199,0.18,0,0.18
2026-08-07,UDXCOMBO-14938495543332593585,Other,Combo-14938495543332593585,Finalized,0,199,0.48,0,0.48
2026-08-07,UDXCOMBO-1879817151763685784,Other,Combo-1879817151763685784,Finalized,0,199,0.19,0,0.19
2026-08-07,UDXCOMBO-16277631649497588764,Other,Combo-16277631649497588764,Finalized,198,198,0.24,0,0.24
2026-08-07,UDXCOMBO-13198534780833939254,Other,Combo-13198534780833939254,Finalized,0,198,0.03,0,0.03
2026-08-07,UDXCOMBO-627059185992389322,Other,Combo-627059185992389322,Finalized,197,197,0.24,0,0.24
2026-08-07,UDXCOMBO-10830092948574541678,Other,Combo-10830092948574541678,Finalized,0,197,0.02,0,0.02
2026-08-07,UDXCOMBO-4232373573548770662,Other,Combo-4232373573548770662,Finalized,0,197,0.24,0,0.24
2026-08-07,UDXCOMBO-6096838316428231248,Other,Combo-6096838316428231248,Finalized,0,197,0.21,0,0.21
2026-08-07,UDXCOMBO-12262878253423872645,Other,Combo-12262878253423872645,Finalized,196,196,0.45,0,0.45
2026-08-07,UDXCOMBO-4618763187355566864,Other,Combo-4618763187355566864,Finalized,196,196,0.02,0,0.02
2026-08-07,UDXCOMBO-11764629622470827430,Other,Combo-11764629622470827430,Finalized,0,196,0.04,0,0.04
2026-08-07,UDXCOMBO-2568246282064456084,Other,Combo-2568246282064456084,Finalized,0,196,0.29,0,0.21
2026-08-07,UDXCOMBO-4468935347065436448,Other,Combo-4468935347065436448,Finalized,0,196,0.04,0,0.04
2026-08-07,UDXCOMBO-8864850712456034268,Other,Combo-8864850712456034268,Finalized,0,196,0.12,0,0.12
2026-08-07,UDXCOMBO-17554460088240592525,Other,Combo-17554460088240592525,Finalized,195,195,0.24,0,0.24
2026-08-07,UDXCOMBO-3692622815152361268,Other,Combo-3692622815152361268,Finalized,195,195,0.22,0,0.22
2026-08-07,UDXCOMBO-4793788416225314183,Other,Combo-4793788416225314183,Finalized,195,195,0.05,0,0.05
2026-08-07,UDXCOMBO-9085816390280879970,Other,Combo-9085816390280879970,Finalized,195,195,0.35,0,0.35
2026-08-07,UDXCOMBO-14837799925497499063,Other,Combo-14837799925497499063,Finalized,0,195,0.02,0,0.02
2026-08-07,UDXCOMBO-14893115308686580988,Other,Combo-14893115308686580988,Finalized,0,195,0.02,0,0.02
2026-08-07,UDXCOMBO-368335029615807539,Other,Combo-368335029615807539,Finalized,0,195,0.02,0,0.02
2026-08-07,UDXCOMBO-8491327726493434691,Other,Combo-8491327726493434691,Finalized,0,195,0.02,0,0.02
2026-08-07,UDXCOMBO-9259011919020387135,Other,Combo-9259011919020387135,Finalized,0,195,0.18,0,0.18
2026-08-07,UDXCOMBO-17432406202533503471,Other,Combo-17432406202533503471,Finalized,194,194,0.05,0,0.05
2026-08-07,UDXCOMBO-4107256469066378693,Other,Combo-4107256469066378693,Finalized,194,194,0.09,0,0.09
2026-08-07,UDXMLBTOTAL_TORPHI26AUG071840_12.5,Baseball,Total,Finalized,194,194,0.17,0,0.17
2026-08-07,UDXCOMBO-13008574320982978363,Other,Combo-13008574320982978363,Finalized,0,194,0.12,0,0.12
2026-08-07,UDXCOMBO-2994343303952266352,Other,Combo-2994343303952266352,Finalized,0,194,0.2,0,0.2
2026-08-07,UDXCOMBO-5505400549306619260,Other,Combo-5505400549306619260,Finalized,0,194,0.29,0,0.29
2026-08-07,UDXCOMBO-14813863121687754032,Other,Combo-14813863121687754032,Finalized,193,193,0.25,0,0.25
2026-08-07,UDXCOMBO-5029416437378994859,Other,Combo-5029416437378994859,Finalized,0,193,0.25,0,0.25
2026-08-07,UDXCOMBO-5514036565960557341,Other,Combo-5514036565960557341,Finalized,0,193,0.17,0,0.17
2026-08-07,UDXCOMBO-10321307941723594098,Other,Combo-10321307941723594098,Finalized,192,192,0.06,0,0.06
2026-08-07,UDXCOMBO-17349599619102237913,Other,Combo-17349599619102237913,Finalized,0,192,0.22,0,0.22
2026-08-07,UDXCOMBO-3905602995384439854,Other,Combo-3905602995384439854,Finalized,0,192,0.18,0,0.18
2026-08-07,UDXCOMBO-10727695461042773706,Other,Combo-10727695461042773706,Finalized,191,191,0.1,0,0.1
2026-08-07,UDXCOMBO-1438092237220961426,Other,Combo-1438092237220961426,Finalized,191,191,0.46,0,0.46
2026-08-07,UDXCOMBO-15201341086114020468,Other,Combo-15201341086114020468,Finalized,191,191,0.12,0,0.12
2026-08-07,UDXCOMBO-5333289789113624574,Other,Combo-5333289789113624574,Finalized,191,191,0.75,0,0.75
2026-08-07,UDXCOMBO-17170618050070694875,Other,Combo-17170618050070694875,Finalized,0,191,0.05,0,0.05
2026-08-07,UDXCOMBO-1807077522207540305,Other,Combo-1807077522207540305,Finalized,0,191,0.01,0,0.01
2026-08-07,UDXCOMBO-7046893920520943620,Other,Combo-7046893920520943620,Finalized,0,191,0.04,0,0.04
2026-08-07,UDXCOMBO-11704313031315999810,Other,Combo-11704313031315999810,Finalized,190,190,0.25,0,0.25
2026-08-07,UDXCOMBO-13602151543200831066,Other,Combo-13602151543200831066,Finalized,190,190,0.1,0,0.1
2026-08-07,UDXCOMBO-2030426301412428135,Other,Combo-2030426301412428135,Finalized,190,190,0.25,0,0.25
2026-08-07,UDXCOMBO-11762926993771906393,Other,Combo-11762926993771906393,Finalized,0,190,0.51,0,0.51
2026-08-07,UDXCOMBO-12778605518858431515,Other,Combo-12778605518858431515,Finalized,0,190,0.2,0,0.2
2026-08-07,UDXCOMBO-5134670547598277306,Other,Combo-5134670547598277306,Finalized,0,190,0.1,0,0.1
2026-08-07,UDXCOMBO-5906368584416067762,Other,Combo-5906368584416067762,Finalized,0,190,0.09,0,0.09
2026-08-07,UDXCOMBO-7221689845991550805,Other,Combo-7221689845991550805,Finalized,0,190,0.09,0,0.09
2026-08-07,UDXCOMBO-7418164243532909428,Other,Combo-7418164243532909428,Finalized,0,190,0.06,0,0.06
2026-08-07,UDXMLBSPREAD_MINMIL26AUG071940_MIL3.5,Baseball,Spread,Finalized,0,189,0.35,0,0.35
2026-08-07,UDXCOMBO-10760801251048912110,Other,Combo-10760801251048912110,Finalized,188,188,0.25,0,0.25
2026-08-07,UDXCOMBO-3618449807655634937,Other,Combo-3618449807655634937,Finalized,188,188,0.51,0,0.51
2026-08-07,UDXCOMBO-12297130119333061888,Other,Combo-12297130119333061888,Finalized,0,188,0.01,0,0.01
2026-08-07,UDXCOMBO-6583379544192649134,Other,Combo-6583379544192649134,Finalized,0,188,0.23,0,0.23
2026-08-07,UDXCOMBO-10648958791591691344,Other,Combo-10648958791591691344,Finalized,187,187,0.08,0,0.08
2026-08-07,UDXCOMBO-5687123836357945943,Other,Combo-5687123836357945943,Finalized,187,187,0.05,0,0.05
2026-08-07,UDXCOMBO-16177910425891606544,Other,Combo-16177910425891606544,Finalized,0,187,0.05,0,0.05
2026-08-07,UDXCOMBO-16243271901214519068,Other,Combo-16243271901214519068,Finalized,0,187,0.05,0,0.05
2026-08-07,UDXCOMBO-18411055576123241228,Other,Combo-18411055576123241228,Finalized,0,187,0.08,0,0.08
2026-08-07,UDXCOMBO-3132431771126608430,Other,Combo-3132431771126608430,Finalized,0,187,0.01,0,0.01
2026-08-07,UDXCOMBO-3306751726991843121,Other,Combo-3306751726991843121,Finalized,0,187,0.01,0,0.01
2026-08-07,UDXCOMBO-3610858736585201622,Other,Combo-3610858736585201622,Finalized,0,187,0.06,0,0.06
2026-08-07,UDXCOMBO-6456829360953282530,Other,Combo-6456829360953282530,Finalized,0,187,0.26,0,0.26
2026-08-07,UDXCOMBO-4226670571209358578,Other,Combo-4226670571209358578,Finalized,186,186,0.13,0,0.1
2026-08-07,UDXCOMBO-7297307200255183090,Other,Combo-7297307200255183090,Finalized,186,186,0.26,0,0.26
2026-08-07,UDXMLBSPREAD_TORPHI26AUG071840_PHI2.5,Baseball,Spread,Finalized,152,186,0.38,0,0.04
2026-08-07,UDXCOMBO-10357825741916828117,Other,Combo-10357825741916828117,Finalized,0,186,0.01,0,0.01
2026-08-07,UDXCOMBO-17546085023845451993,Other,Combo-17546085023845451993,Finalized,0,186,0.01,0,0.01
2026-08-07,UDXCOMBO-6375790663043407817,Other,Combo-6375790663043407817,Finalized,0,186,0.01,0,0.01
2026-08-07,UDXCOMBO-9166015043075327781,Other,Combo-9166015043075327781,Finalized,0,186,0.01,0,0.01
2026-08-07,UDXCOMBO-936783535421567025,Other,Combo-936783535421567025,Finalized,0,186,0.01,0,0.01
2026-08-07,UDXMLBTOTAL_TBSEA26AUG072145_8.5,Baseball,Total,Finalized,0,186,0.34,0,0.2
2026-08-07,UDXCOMBO-242208316032112191,Other,Combo-242208316032112191,Finalized,185,185,0.13,0,0.13
2026-08-07,UDXCOMBO-6792892614536561677,Other,Combo-6792892614536561677,Finalized,0,185,0.32,0,0.31
2026-08-07,UDXCOMBO-10673159125589687814,Other,Combo-10673159125589687814,Finalized,184,184,0.1,0,0.1
2026-08-07,UDXCOMBO-13576880746952059607,Other,Combo-13576880746952059607,Finalized,184,184,0.13,0,0.13
2026-08-07,UDXCOMBO-1548084767144224165,Other,Combo-1548084767144224165,Finalized,184,184,0.1,0,0.1
2026-08-07,UDXCOMBO-3398493806757218202,Other,Combo-3398493806757218202,Finalized,184,184,0.38,0,0.38
2026-08-07,UDXCOMBO-3895810022739674811,Other,Combo-3895810022739674811,Finalized,184,184,0.26,0,0.26
2026-08-07,UDXCOMBO-1685221488089045697,Other,Combo-1685221488089045697,Finalized,0,184,0.06,0,0.06
2026-08-07,UDXCOMBO-14626217450057830991,Other,Combo-14626217450057830991,Finalized,183,183,0.05,0,0.05
2026-08-07,UDXCOMBO-16005788276195358534,Other,Combo-16005788276195358534,Finalized,183,183,0.15,0,0.15
2026-08-07,UDXCOMBO-17851291685697888501,Other,Combo-17851291685697888501,Finalized,183,183,0.15,0,0.15
2026-08-07,UDXCOMBO-7044489692730581906,Other,Combo-7044489692730581906,Finalized,183,183,0.05,0,0.05
2026-08-07,UDXCOMBO-13379239006487747595,Other,Combo-13379239006487747595,Finalized,0,183,0.02,0,0.02
2026-08-07,UDXCOMBO-8021699028979298749,Other,Combo-8021699028979298749,Finalized,0,183,0.08,0,0.08
2026-08-07,UDXCOMBO-5495099431974026560,Other,Combo-5495099431974026560,Finalized,182,182,0.1,0,0.1
2026-08-07,UDXCOMBO-9388895379845431539,Other,Combo-9388895379845431539,Finalized,182,182,0.1,0,0.1
2026-08-07,UDXCOMBO-10989683707481503475,Other,Combo-10989683707481503475,Finalized,0,182,0.13,0,0.13
2026-08-07,UDXCOMBO-14385383775326516521,Other,Combo-14385383775326516521,Finalized,181,181,0.13,0,0.13
2026-08-07,UDXCOMBO-10366879056732597668,Other,Combo-10366879056732597668,Finalized,180,180,0.55,0,0.55
2026-08-07,UDXCOMBO-96421827508185905,Other,Combo-96421827508185905,Finalized,180,180,0.16,0,0.16
2026-08-07,UDXCOMBO-12105349627679835999,Other,Combo-12105349627679835999,Finalized,0,180,0.04,0,0.04
2026-08-07,UDXCOMBO-5915573876883477892,Other,Combo-5915573876883477892,Finalized,0,180,0.54,0,0.54
2026-08-07,UDXCOMBO-7383785580809636844,Other,Combo-7383785580809636844,Finalized,179,179,0.05,0,0.05
2026-08-07,UDXCOMBO-14425480323398137689,Other,Combo-14425480323398137689,Finalized,0,179,0.11,0,0.11
2026-08-07,UDXCOMBO-4062499627837778809,Other,Combo-4062499627837778809,Finalized,0,179,0.11,0,0.11
2026-08-07,UDXCOMBO-8484188327375334581,Other,Combo-8484188327375334581,Finalized,178,178,0.13,0,0.13
2026-08-07,UDXCOMBO-867401891264685059,Other,Combo-867401891264685059,Finalized,0,178,0.1,0,0.1
2026-08-07,UDXCOMBO-23563469190275373,Other,Combo-23563469190275373,Finalized,177,177,0.31,0,0.31
2026-08-07,UDXCOMBO-14913838551342280941,Other,Combo-14913838551342280941,Finalized,0,177,0.1,0,0.1
2026-08-07,UDXMLBSPREAD_NYMPIT26AUG071840_NYM3.5,Baseball,Spread,Finalized,0,177,0.79,0,0.79
2026-08-07,UDXCOMBO-12845271211983875460,Other,Combo-12845271211983875460,Finalized,176,176,0.25,0,0.25
2026-08-07,UDXCOMBO-1482884829299540071,Other,Combo-1482884829299540071,Finalized,176,176,0.09,0,0.09
2026-08-07,UDXCOMBO-17151876146525425508,Other,Combo-17151876146525425508,Finalized,176,176,0.27,0,0.27
2026-08-07,UDXCOMBO-4736937536368205608,Other,Combo-4736937536368205608,Finalized,176,176,0.08,0,0.08
2026-08-07,UDXCOMBO-7850349788096623385,Other,Combo-7850349788096623385,Finalized,176,176,0.05,0,0.05
2026-08-07,UDXCOMBO-9734871796277303838,Other,Combo-9734871796277303838,Finalized,176,176,0.28,0,0.28
2026-08-07,UDXCOMBO-9727410299348813136,Other,Combo-9727410299348813136,Finalized,0,176,0.89,0,0.89
2026-08-07,UDXCOMBO-12117149952315790465,Other,Combo-12117149952315790465,Finalized,175,175,0.02,0,0.02
2026-08-07,UDXCOMBO-16876981858746386526,Other,Combo-16876981858746386526,Finalized,175,175,0.01,0,0.01
2026-08-07,UDXCOMBO-10666813109870044193,Other,Combo-10666813109870044193,Finalized,0,175,0.06,0,0.06
2026-08-07,UDXCOMBO-13093007467299260362,Other,Combo-13093007467299260362,Finalized,0,175,0.05,0,0.05
2026-08-07,UDXCOMBO-17140021434127421692,Other,Combo-17140021434127421692,Finalized,0,175,0.05,0,0.05
2026-08-07,UDXCOMBO-17861854049116385468,Other,Combo-17861854049116385468,Finalized,0,175,0.13,0,0.13
2026-08-07,UDXCOMBO-7724325736628867514,Other,Combo-7724325736628867514,Finalized,0,175,0.02,0,0.02
2026-08-07,UDXCOMBO-12979217687532640240,Other,Combo-12979217687532640240,Finalized,174,174,0.27,0,0.27
2026-08-07,UDXCOMBO-18006343446925063723,Other,Combo-18006343446925063723,Finalized,174,174,0.14,0,0.14
2026-08-07,UDXCOMBO-5694902632867551249,Other,Combo-5694902632867551249,Finalized,174,174,0.45,0,0.45
2026-08-07,UDXCOMBO-8556990986801993144,Other,Combo-8556990986801993144,Finalized,174,174,0.28,0,0.28
2026-08-07,UDXCOMBO-9216758945547111280,Other,Combo-9216758945547111280,Finalized,174,174,0.14,0,0.14
2026-08-07,UDXCOMBO-456716240203450887,Other,Combo-456716240203450887,Finalized,0,174,0.27,0,0.27
2026-08-07,UDXCOMBO-11016595869986724918,Other,Combo-11016595869986724918,Finalized,173,173,0.5,0,0.5
2026-08-07,UDXCOMBO-13447577634453261582,Other,Combo-13447577634453261582,Finalized,173,173,0.27,0,0.27
2026-08-07,UDXCOMBO-17709322011487388687,Other,Combo-17709322011487388687,Finalized,173,173,0.05,0,0.05
2026-08-07,UDXCOMBO-10071550872738255281,Other,Combo-10071550872738255281,Finalized,0,173,0.23,0,0.23
2026-08-07,UDXCOMBO-13801926096583653028,Other,Combo-13801926096583653028,Finalized,0,173,0.64,0,0.64
2026-08-07,UDXCOMBO-17474876030552634820,Other,Combo-17474876030552634820,Finalized,0,173,0.11,0,0.11
2026-08-07,UDXCOMBO-382787101040561398,Other,Combo-382787101040561398,Finalized,0,173,0.35,0,0.33
2026-08-07,UDXCOMBO-6836553019101943618,Other,Combo-6836553019101943618,Finalized,0,173,0.05,0,0.05
2026-08-07,UDXCOMBO-9972444557376585722,Other,Combo-9972444557376585722,Finalized,0,173,0.34,0,0.34
2026-08-07,UDXCOMBO-10279484579191843230,Other,Combo-10279484579191843230,Finalized,172,172,0.06,0,0.06
2026-08-07,UDXCOMBO-10523972137084202009,Other,Combo-10523972137084202009,Finalized,172,172,0.3,0,0.3
2026-08-07,UDXCOMBO-15172023534029204474,Other,Combo-15172023534029204474,Finalized,172,172,0.06,0,0.06
2026-08-07,UDXCOMBO-3928062043165260274,Other,Combo-3928062043165260274,Finalized,172,172,0.28,0,0.23
2026-08-07,UDXCOMBO-436620495556898924,Other,Combo-436620495556898924,Finalized,0,172,0.53,0,0.47
2026-08-07,UDXCOMBO-10054859786098597349,Other,Combo-10054859786098597349,Finalized,171,171,0.08,0,0.08
2026-08-07,UDXCOMBO-1508386091754475981,Other,Combo-1508386091754475981,Finalized,171,171,0.3,0,0.3
2026-08-07,UDXCOMBO-15393844303592704994,Other,Combo-15393844303592704994,Finalized,171,171,0.11,0,0.11
2026-08-07,UDXCOMBO-13501174994502539396,Other,Combo-13501174994502539396,Finalized,0,171,0.06,0,0.06
2026-08-07,UDXCOMBO-4004859611524459249,Other,Combo-4004859611524459249,Finalized,0,171,0.28,0,0.28
2026-08-07,UDXCOMBO-9043764066980941928,Other,Combo-9043764066980941928,Finalized,0,171,0.04,0,0.04
2026-08-07,UDXCOMBO-14394681659292013108,Other,Combo-14394681659292013108,Finalized,170.53,170.53,0.06,0,0.06
2026-08-07,UDXCOMBO-11263463224903099381,Other,Combo-11263463224903099381,Finalized,170,170,0.14,0,0.12
2026-08-07,UDXCOMBO-6582263333554752006,Other,Combo-6582263333554752006,Finalized,170,170,0.14,0,0.14
2026-08-07,UDXCOMBO-8732847537538226715,Other,Combo-8732847537538226715,Finalized,170,170,0.16,0,0.16
2026-08-07,UDXCOMBO-1025080541197344991,Other,Combo-1025080541197344991,Finalized,0,170,0.08,0,0.08
2026-08-07,UDXCOMBO-14978712442195110442,Other,Combo-14978712442195110442,Finalized,0,170,0.28,0,0.28
2026-08-07,UDXCOMBO-17086039399072189412,Other,Combo-17086039399072189412,Finalized,0,170,0.14,0,0.14
2026-08-07,UDXCOMBO-5820453274797176618,Other,Combo-5820453274797176618,Finalized,0,170,0.06,0,0.06
2026-08-07,UDXCOMBO-7347481835096815168,Other,Combo-7347481835096815168,Finalized,0,170,0.03,0,0.03
2026-08-07,UDXCOMBO-13261920206057449542,Other,Combo-13261920206057449542,Finalized,0,169,0.15,0,0.15
2026-08-07,UDXCOMBO-14586007840936582645,Other,Combo-14586007840936582645,Finalized,0,169,0.11,0,0.11
2026-08-07,UDXCOMBO-4417943919075238035,Other,Combo-4417943919075238035,Finalized,0,169,0.31,0,0.31
2026-08-07,UDXCOMBO-9034227332557667326,Other,Combo-9034227332557667326,Finalized,0,169,0.12,0,0.12
2026-08-07,UDXCOMBO-12546919961188804236,Other,Combo-12546919961188804236,Finalized,168,168,0.29,0,0.29
2026-08-07,UDXCOMBO-16387296487460701716,Other,Combo-16387296487460701716,Finalized,168,168,0.23,0,0.23
2026-08-07,UDXWNBATOTAL_INDCHI2026AUG08_192.5,Basketball (pro),Total,Finalized,100,168,0.49,0,0.47
2026-08-07,UDXCOMBO-12444578001567720800,Other,Combo-12444578001567720800,Finalized,0,168,0.06,0,0.06
2026-08-07,UDXCOMBO-17422648936735922113,Other,Combo-17422648936735922113,Finalized,0,168,0.01,0,0.01
2026-08-07,UDXCOMBO-6798248122561084861,Other,Combo-6798248122561084861,Finalized,0,168,0.03,0,0.03
2026-08-07,UDXCOMBO-11970086205307080493,Other,Combo-11970086205307080493,Finalized,167,167,0.08,0,0.08
2026-08-07,UDXCOMBO-12431465103772623289,Other,Combo-12431465103772623289,Finalized,167,167,0.06,0,0.06
2026-08-07,UDXCOMBO-16197088658554611075,Other,Combo-16197088658554611075,Finalized,167,167,0.03,0,0.03
2026-08-07,UDXCOMBO-18432013492979582623,Other,Combo-18432013492979582623,Finalized,0,167,0.06,0,0.06
2026-08-07,UDXCOMBO-5333754144872828689,Other,Combo-5333754144872828689,Finalized,0,167,0.03,0,0.03
2026-08-07,UDXCOMBO-15103238138705061894,Other,Combo-15103238138705061894,Finalized,166,166,0.29,0,0.29
2026-08-07,UDXCOMBO-10450104354725841071,Other,Combo-10450104354725841071,Finalized,0,166,0.06,0,0.06
2026-08-07,UDXCOMBO-11350830340467276997,Other,Combo-11350830340467276997,Finalized,0,166,0.77,0,0.77
2026-08-07,UDXCOMBO-11794012805375554672,Other,Combo-11794012805375554672,Finalized,165,165,0.13,0,0.13
2026-08-07,UDXCOMBO-16947721364472231125,Other,Combo-16947721364472231125,Finalized,165,165,0.29,0,0.29
2026-08-07,UDXCOMBO-14691003403299922908,Other,Combo-14691003403299922908,Finalized,0,165,0.17,0,0.17
2026-08-07,UDXCOMBO-14978397545321505022,Other,Combo-14978397545321505022,Finalized,0,165,0.06,0,0.06
2026-08-07,UDXMLBTOTAL_COLSTL26AUG072015_9.5,Baseball,Total,Finalized,0,165,0.42,0,0.41
2026-08-07,UDXCOMBO-10467597157816168173,Other,Combo-10467597157816168173,Finalized,164,164,0.06,0,0.06
2026-08-07,UDXCOMBO-14862802970439444118,Other,Combo-14862802970439444118,Finalized,164,164,0.06,0,0.06
2026-08-07,UDXCOMBO-17115900082897186820,Other,Combo-17115900082897186820,Finalized,164,164,0.29,0,0.29
2026-08-07,UDXCOMBO-10775037622585948031,Other,Combo-10775037622585948031,Finalized,0,164,0.1,0,0.1
2026-08-07,UDXCOMBO-17722082255377187629,Other,Combo-17722082255377187629,Finalized,0,164,0.06,0,0.06
2026-08-07,UDXCOMBO-4818847280786021003,Other,Combo-4818847280786021003,Finalized,0,164,0.06,0,0.06
2026-08-07,UDXCOMBO-14622645998735738401,Other,Combo-14622645998735738401,Finalized,163,163,0.12,0,0.12
2026-08-07,UDXCOMBO-15799715589033751378,Other,Combo-15799715589033751378,Finalized,163,163,0.38,0,0.38
2026-08-07,UDXCOMBO-5036088346672188963,Other,Combo-5036088346672188963,Finalized,163,163,0.38,0,0.38
2026-08-07,UDXCOMBO-17721652564781999007,Other,Combo-17721652564781999007,Finalized,0,163,0.12,0,0.12
2026-08-07,UDXCOMBO-8182166217660344120,Other,Combo-8182166217660344120,Finalized,0,163,0.26,0,0.26
2026-08-07,UDXCOMBO-5412389304549527431,Other,Combo-5412389304549527431,Finalized,0,162,0.08,0,0.08
2026-08-07,UDXCOMBO-857742745855525566,Other,Combo-857742745855525566,Finalized,0,162,0.12,0,0.12
2026-08-07,UDXCOMBO-10964929227445414776,Other,Combo-10964929227445414776,Finalized,161,161,0.3,0,0.3
2026-08-07,UDXCOMBO-1818204101900553792,Other,Combo-1818204101900553792,Finalized,161,161,0.11,0,0.11
2026-08-07,UDXCOMBO-8146749982640204147,Other,Combo-8146749982640204147,Finalized,161,161,0.12,0,0.12
2026-08-07,UDXCOMBO-10560839706037828633,Other,Combo-10560839706037828633,Finalized,0,161,0.03,0,0.03
2026-08-07,UDXCOMBO-11264963099249901470,Other,Combo-11264963099249901470,Finalized,0,161,0.25,0,0.25
2026-08-07,UDXCOMBO-16750691271725371710,Other,Combo-16750691271725371710,Finalized,0,161,0.09,0,0.09
2026-08-07,UDXCOMBO-3450361273171098751,Other,Combo-3450361273171098751,Finalized,0,161,0.06,0,0.06
2026-08-07,UDXCOMBO-6706141218150931973,Other,Combo-6706141218150931973,Finalized,0,161,0.4,0,0.4
2026-08-07,UDXCOMBO-8101907764651696174,Other,Combo-8101907764651696174,Finalized,0,161,0.06,0,0.06
2026-08-07,UDXCOMBO-11011882379117045817,Other,Combo-11011882379117045817,Finalized,160,160,0.18,0,0.05
2026-08-07,UDXCOMBO-2237541871301446155,Other,Combo-2237541871301446155,Finalized,160,160,0.13,0,0.13
2026-08-07,UDXCOMBO-8560830042852915454,Other,Combo-8560830042852915454,Finalized,0,160,0.01,0,0.01
2026-08-07,UDXCOMBO-12578912511609255421,Other,Combo-12578912511609255421,Finalized,159,159,0.04,0,0.04
2026-08-07,UDXCOMBO-12716790802149748915,Other,Combo-12716790802149748915,Finalized,159,159,0.12,0,0.12
2026-08-07,UDXCOMBO-1155106885409192050,Other,Combo-1155106885409192050,Finalized,0,159,0.61,0,0.61
2026-08-07,UDXCOMBO-13221213718331769509,Other,Combo-13221213718331769509,Finalized,0,159,0.12,0,0.12
2026-08-07,UDXCOMBO-12818724479934732386,Other,Combo-12818724479934732386,Finalized,158,158,0.3,0,0.3
2026-08-07,UDXCOMBO-15955278377384892363,Other,Combo-15955278377384892363,Finalized,158,158,0.23,0,0.23
2026-08-07,UDXCOMBO-17114575584703985783,Other,Combo-17114575584703985783,Finalized,158,158,0.07,0,0.07
2026-08-07,UDXCOMBO-5950403718734380506,Other,Combo-5950403718734380506,Finalized,158,158,0.15,0,0.15
2026-08-07,UDXCOMBO-11323183419493714762,Other,Combo-11323183419493714762,Finalized,0,158,0.08,0,0.08
2026-08-07,UDXCOMBO-15805042351012977354,Other,Combo-15805042351012977354,Finalized,0,158,0.27,0,0.26
2026-08-07,UDXCOMBO-17444825314053037703,Other,Combo-17444825314053037703,Finalized,0,158,0.09,0,0.09
2026-08-07,UDXCOMBO-4363588483085792029,Other,Combo-4363588483085792029,Finalized,0,158,0.06,0,0.06
2026-08-07,UDXCOMBO-5923245217399007999,Other,Combo-5923245217399007999,Finalized,0,158,0.06,0,0.06
2026-08-07,UDXCOMBO-7284445990567067840,Other,Combo-7284445990567067840,Finalized,0,158,0.12,0,0.12
2026-08-07,UDXCOMBO-5879338791591354776,Other,Combo-5879338791591354776,Finalized,0,157,0.56,0,0.56
2026-08-07,UDXCOMBO-13398956542828769451,Other,Combo-13398956542828769451,Finalized,156,156,0.05,0,0.05
2026-08-07,UDXCOMBO-1875467128933396534,Other,Combo-1875467128933396534,Finalized,156,156,0.12,0,0.12
2026-08-07,UDXCOMBO-11542234136429887196,Other,Combo-11542234136429887196,Finalized,0,156,0.03,0,0.03
2026-08-07,UDXCOMBO-14059391093386594675,Other,Combo-14059391093386594675,Finalized,0,156,0.05,0,0.05
2026-08-07,UDXCOMBO-14885458433917108316,Other,Combo-14885458433917108316,Finalized,0,156,0.03,0,0.03
2026-08-07,UDXCOMBO-17738636704213479713,Other,Combo-17738636704213479713,Finalized,0,156,0.06,0,0.06
2026-08-07,UDXCOMBO-18302663330880103281,Other,Combo-18302663330880103281,Finalized,0,156,0.06,0,0.06
2026-08-07,UDXCOMBO-4580484579300723115,Other,Combo-4580484579300723115,Finalized,0,156,0.05,0,0.05
2026-08-07,UDXCOMBO-628226693904739967,Other,Combo-628226693904739967,Finalized,0,156,0.16,0,0.16
2026-08-07,UDXMLBSPREAD_CHCKAN26AUG072010_KAN1.5,Baseball,Spread,Finalized,0,156,0.25,0,0.24
2026-08-07,UDXCOMBO-13521337036844189276,Other,Combo-13521337036844189276,Finalized,155,155,0.01,0,0.01
2026-08-07,UDXCOMBO-18273983680758862711,Other,Combo-18273983680758862711,Finalized,155,155,0.28,0,0.28
2026-08-07,UDXCOMBO-4805765453367576376,Other,Combo-4805765453367576376,Finalized,155,155,0.21,0,0.21
2026-08-07,UDXCOMBO-12043219127492072164,Other,Combo-12043219127492072164,Finalized,0,155,0.01,0,0.01
2026-08-07,UDXCOMBO-13725367806799736240,Other,Combo-13725367806799736240,Finalized,0,155,0.09,0,0.09
2026-08-07,UDXCOMBO-7541368857919474392,Other,Combo-7541368857919474392,Finalized,0,155,0.12,0,0.12
2026-08-07,UDXCOMBO-9174339178530119345,Other,Combo-9174339178530119345,Finalized,0,155,0.15,0,0.15
2026-08-07,UDXCOMBO-10069405119039834628,Other,Combo-10069405119039834628,Finalized,154,154,0.12,0,0.12
2026-08-07,UDXCOMBO-13207403128687000362,Other,Combo-13207403128687000362,Finalized,154,154,0.15,0,0.15
2026-08-07,UDXCOMBO-15363959505024873164,Other,Combo-15363959505024873164,Finalized,154,154,0.08,0,0.08
2026-08-07,UDXCOMBO-2641735330451405271,Other,Combo-2641735330451405271,Finalized,154,154,0.06,0,0.06
2026-08-07,UDXCOMBO-7121987923814940983,Other,Combo-7121987923814940983,Finalized,154,154,0.46,0,0.45
2026-08-07,UDXCOMBO-7869931325811273684,Other,Combo-7869931325811273684,Finalized,154,154,0.32,0,0.32
2026-08-07,UDXCOMBO-9015094965867020005,Other,Combo-9015094965867020005,Finalized,154,154,0.28,0,0.28
2026-08-07,UDXMLBTOTAL_LADARI26AUG072140_10.5,Baseball,Total,Finalized,154,154,0.36,0,0.31
2026-08-07,UDXCOMBO-16910588293424306068,Other,Combo-16910588293424306068,Finalized,0,154,0.31,0,0.31
2026-08-07,UDXCOMBO-18401034126795929978,Other,Combo-18401034126795929978,Finalized,0,154,0.4,0,0.4
2026-08-07,UDXCOMBO-2207912087445402308,Other,Combo-2207912087445402308,Finalized,0,154,0.31,0,0.31
2026-08-07,UDXCOMBO-936746384847245613,Other,Combo-936746384847245613,Finalized,0,154,0.03,0,0.03
2026-08-07,UDXCOMBO-3566028051809048502,Other,Combo-3566028051809048502,Finalized,153,153,0.06,0,0.06
2026-08-07,UDXCOMBO-13679663982053601357,Other,Combo-13679663982053601357,Finalized,0,153,0.06,0,0.06
2026-08-07,UDXCOMBO-14509392135499384363,Other,Combo-14509392135499384363,Finalized,0,153,0.1,0,0.1
2026-08-07,UDXCOMBO-16939733806123853760,Other,Combo-16939733806123853760,Finalized,0,153,0.06,0,0.06
2026-08-07,UDXCOMBO-4382483419119485330,Other,Combo-4382483419119485330,Finalized,0,153,0.47,0,0.47
2026-08-07,UDXCOMBO-6087413337764019849,Other,Combo-6087413337764019849,Finalized,0,153,0.12,0,0.12
2026-08-07,UDXCOMBO-9722426274183744145,Other,Combo-9722426274183744145,Finalized,0,153,0.06,0,0.06
2026-08-07,UDXCOMBO-17572065792456009555,Other,Combo-17572065792456009555,Finalized,0,152,0.19,0,0.19
2026-08-07,UDXCOMBO-2558733638759753393,Other,Combo-2558733638759753393,Finalized,151,151,0.06,0,0.06
2026-08-07,UDXCOMBO-7051219984440598365,Other,Combo-7051219984440598365,Finalized,151,151,0.06,0,0.06
2026-08-07,UDXCOMBO-11839092465985894183,Other,Combo-11839092465985894183,Finalized,0,151,0.06,0,0.06
2026-08-07,UDXCOMBO-14818682920837350852,Other,Combo-14818682920837350852,Finalized,0,151,0.14,0,0.14
2026-08-07,UDXCOMBO-994507966252249539,Other,Combo-994507966252249539,Finalized,0,151,0.11,0,0.11
2026-08-07,UDXCOMBO-14444305966346809532,Other,Combo-14444305966346809532,Finalized,150,150,0.09,0,0.09
2026-08-07,UDXCOMBO-16330551247829997207,Other,Combo-16330551247829997207,Finalized,150,150,0.84,0,0.84
2026-08-07,UDXCOMBO-4849667467085813955,Other,Combo-4849667467085813955,Finalized,150,150,0.2,0,0.2
2026-08-07,UDXCOMBO-8517703542669172502,Other,Combo-8517703542669172502,Finalized,0,150,0.16,0,0.16
2026-08-07,UDXCOMBO-78932357398990242,Other,Combo-78932357398990242,Finalized,149,149,0.13,0,0.13
2026-08-07,UDXCOMBO-13343318559063253163,Other,Combo-13343318559063253163,Finalized,148,148,0.14,0,0.14
2026-08-07,UDXCOMBO-13852964105773429854,Other,Combo-13852964105773429854,Finalized,148,148,0.11,0,0.11
2026-08-07,UDXCOMBO-6311298674361345653,Other,Combo-6311298674361345653,Finalized,148,148,0.06,0,0.06
2026-08-07,UDXCOMBO-1387569355408095925,Other,Combo-1387569355408095925,Finalized,0,148,0.06,0,0.06
2026-08-07,UDXCOMBO-14010160657807940952,Other,Combo-14010160657807940952,Finalized,147,147,0.13,0,0.13
2026-08-07,UDXCOMBO-1495036362908744023,Other,Combo-1495036362908744023,Finalized,147,147,0.66,0,0.66
2026-08-07,UDXCOMBO-17979472469352696770,Other,Combo-17979472469352696770,Finalized,0,147,0.12,0,0.12
2026-08-07,UDXCOMBO-10815503238679137935,Other,Combo-10815503238679137935,Finalized,146,146,0.06,0,0.06
2026-08-07,UDXCOMBO-15386524880632912107,Other,Combo-15386524880632912107,Finalized,146,146,0.03,0,0.03
2026-08-07,UDXCOMBO-17653307108125571070,Other,Combo-17653307108125571070,Finalized,146,146,0.28,0,0.28
2026-08-07,UDXCOMBO-3181177496903870738,Other,Combo-3181177496903870738,Finalized,146,146,0.06,0,0.06
2026-08-07,UDXCOMBO-7632334965803916361,Other,Combo-7632334965803916361,Finalized,146,146,0.06,0,0.06
2026-08-07,UDXCOMBO-14932944041229256833,Other,Combo-14932944041229256833,Finalized,0,146,0.04,0,0.04
2026-08-07,UDXCOMBO-17443752418191970964,Other,Combo-17443752418191970964,Finalized,0,146,0.1,0,0.1
2026-08-07,UDXCOMBO-3812329824760763754,Other,Combo-3812329824760763754,Finalized,145,145,0.16,0,0.16
2026-08-07,UDXCOMBO-9814221808245828072,Other,Combo-9814221808245828072,Finalized,145,145,0.13,0,0.13
2026-08-07,UDXCOMBO-15326205506858350718,Other,Combo-15326205506858350718,Finalized,0,145,0.13,0,0.13
2026-08-07,UDXCOMBO-2132462869083253180,Other,Combo-2132462869083253180,Finalized,0,145,0.13,0,0.13
2026-08-07,UDXCOMBO-10463740422783640334,Other,Combo-10463740422783640334,Finalized,144,144,0.17,0,0.17
2026-08-07,UDXCOMBO-16079427168499365094,Other,Combo-16079427168499365094,Finalized,144,144,0.04,0,0.04
2026-08-07,UDXCOMBO-14168927989701882487,Other,Combo-14168927989701882487,Finalized,0,144,0.1,0,0.1
2026-08-07,UDXCOMBO-14588318914113754786,Other,Combo-14588318914113754786,Finalized,0,144,0.07,0,0.07
2026-08-07,UDXCOMBO-17703320126265324270,Other,Combo-17703320126265324270,Finalized,0,144,0.08,0,0.08
2026-08-07,UDXCOMBO-6713113056507439201,Other,Combo-6713113056507439201,Finalized,0,144,0.12,0,0.12
2026-08-07,UDXCOMBO-7586459615677373794,Other,Combo-7586459615677373794,Finalized,0,144,0.07,0,0.07
2026-08-07,UDXCOMBO-8880478621551636231,Other,Combo-8880478621551636231,Finalized,0,144,0.14,0,0.14
2026-08-07,UDXCOMBO-11752594724479666347,Other,Combo-11752594724479666347,Finalized,143,143,0.06,0,0.06
2026-08-07,UDXCOMBO-14560811735121427121,Other,Combo-14560811735121427121,Finalized,143,143,0.27,0,0.27
2026-08-07,UDXCOMBO-2161783837108394065,Other,Combo-2161783837108394065,Finalized,143,143,0.34,0,0.34
2026-08-07,UDXCOMBO-13284843716075090709,Other,Combo-13284843716075090709,Finalized,0,143,0.13,0,0.13
2026-08-07,UDXCOMBO-4401666977017873447,Other,Combo-4401666977017873447,Finalized,0,143,0.33,0,0.33
2026-08-07,UDXCOMBO-10826569513466553329,Other,Combo-10826569513466553329,Finalized,142,142,0.3,0,0.3
2026-08-07,UDXCOMBO-7837306665048092484,Other,Combo-7837306665048092484,Finalized,142,142,0.34,0,0.34
2026-08-07,UDXCOMBO-12581426173759403322,Other,Combo-12581426173759403322,Finalized,0,142,0.02,0,0.02
2026-08-07,UDXCOMBO-304332066375905156,Other,Combo-304332066375905156,Finalized,0,142,0.07,0,0.07
2026-08-07,UDXCOMBO-3556449227247250322,Other,Combo-3556449227247250322,Finalized,0,142,0.34,0,0.34
2026-08-07,UDXCOMBO-14616278653683244106,Other,Combo-14616278653683244106,Finalized,141,141,0.13,0,0.13
2026-08-07,UDXCOMBO-15193861805400264205,Other,Combo-15193861805400264205,Finalized,141,141,0.03,0,0.03
2026-08-07,UDXCOMBO-16180021615384469121,Other,Combo-16180021615384469121,Finalized,141,141,0.28,0,0.28
2026-08-07,UDXCOMBO-3983001256937694086,Other,Combo-3983001256937694086,Finalized,141,141,0.13,0,0.13
2026-08-07,UDXCOMBO-458435917886290056,Other,Combo-458435917886290056,Finalized,141,141,0.04,0,0.04
2026-08-07,UDXCOMBO-1084464975633593066,Other,Combo-1084464975633593066,Finalized,0,141,0.1,0,0.1
2026-08-07,UDXCOMBO-8707312601056126551,Other,Combo-8707312601056126551,Finalized,0,141,0.03,0,0.03
2026-08-07,UDXCOMBO-10902308833038224399,Other,Combo-10902308833038224399,Finalized,140,140,0.07,0,0.07
2026-08-07,UDXCOMBO-15921609993531332417,Other,Combo-15921609993531332417,Finalized,140,140,0.34,0,0.34
2026-08-07,UDXCOMBO-10758482274860854806,Other,Combo-10758482274860854806,Finalized,0,140,0.01,0,0.01
2026-08-07,UDXCOMBO-15333883636060862006,Other,Combo-15333883636060862006,Finalized,0,140,0.27,0,0.26
2026-08-07,UDXCOMBO-2726169364833322774,Other,Combo-2726169364833322774,Finalized,0,140,0.06,0,0.06
2026-08-07,UDXCOMBO-14024147912875139233,Other,Combo-14024147912875139233,Finalized,139,139,0.1,0,0.1
2026-08-07,UDXCOMBO-18082919090255151309,Other,Combo-18082919090255151309,Finalized,139,139,0.07,0,0.07
2026-08-07,UDXCOMBO-2759752922501353530,Other,Combo-2759752922501353530,Finalized,139,139,0.27,0,0.27
2026-08-07,UDXCOMBO-4161532299860511578,Other,Combo-4161532299860511578,Finalized,139,139,0.49,0,0.49
2026-08-07,UDXCOMBO-6423224440538111200,Other,Combo-6423224440538111200,Finalized,139,139,0.34,0,0.34
2026-08-07,UDXWNBATOTAL_LVMIN2026AUG08_182.5,Basketball (pro),Total,Finalized,139,139,0.52,0,0.52
2026-08-07,UDXCOMBO-2583830020349417250,Other,Combo-2583830020349417250,Finalized,0,139,0.2,0,0.2
2026-08-07,UDXCOMBO-11178957052942542315,Other,Combo-11178957052942542315,Finalized,138,138,0.14,0,0.14
2026-08-07,UDXCOMBO-1367174746753291706,Other,Combo-1367174746753291706,Finalized,138,138,0.23,0,0.23
2026-08-07,UDXCOMBO-15844811032151091802,Other,Combo-15844811032151091802,Finalized,138,138,0.49,0,0.49
2026-08-07,UDXCOMBO-225109359926528114,Other,Combo-225109359926528114,Finalized,138,138,0.72,0,0.72
2026-08-07,UDXCOMBO-16089222353748539267,Other,Combo-16089222353748539267,Finalized,0,138,0.06,0,0.06
2026-08-07,UDXCOMBO-16653234829832359124,Other,Combo-16653234829832359124,Finalized,137,137,0.71,0,0.71
2026-08-07,UDXCOMBO-2825235775634336453,Other,Combo-2825235775634336453,Finalized,137,137,0.03,0,0.03
2026-08-07,UDXCOMBO-3478350668968146895,Other,Combo-3478350668968146895,Finalized,137,137,0.11,0,0.01
2026-08-07,UDXCOMBO-3613415035628103675,Other,Combo-3613415035628103675,Finalized,137,137,0.41,0,0.41
2026-08-07,UDXCOMBO-5038351452597923963,Other,Combo-5038351452597923963,Finalized,137,137,0.17,0,0.17
2026-08-07,UDXCOMBO-9008548260547624743,Other,Combo-9008548260547624743,Finalized,137,137,0.35,0,0.35
2026-08-07,UDXCOMBO-3461370906247655568,Other,Combo-3461370906247655568,Finalized,0,137,0.03,0,0.03
2026-08-07,UDXCOMBO-8713934906083168167,Other,Combo-8713934906083168167,Finalized,0,137,0.08,0,0.08
2026-08-07,UDXMLBSPREAD_CINWAS26AUG071845_CIN1.5,Baseball,Spread,Finalized,0,136.58,0.37,0,0.34
2026-08-07,UDXCOMBO-12345171875660079454,Other,Combo-12345171875660079454,Finalized,136,136,0.35,0,0.35
2026-08-07,UDXCOMBO-12794527452155029464,Other,Combo-12794527452155029464,Finalized,136,136,0.07,0,0.07
2026-08-07,UDXCOMBO-3847883164345008790,Other,Combo-3847883164345008790,Finalized,136,136,0.06,0,0.06
2026-08-07,UDXCOMBO-6194202680976983805,Other,Combo-6194202680976983805,Finalized,136,136,0.07,0,0.07
2026-08-07,UDXCOMBO-2138057879370377884,Other,Combo-2138057879370377884,Finalized,0,136,0.14,0,0.14
2026-08-07,UDXCOMBO-4779708183652934111,Other,Combo-4779708183652934111,Finalized,0,136,0.14,0,0.14
2026-08-07,UDXCOMBO-11331545762506673264,Other,Combo-11331545762506673264,Finalized,135,135,0.14,0,0.14
2026-08-07,UDXCOMBO-12625619794676315741,Other,Combo-12625619794676315741,Finalized,135,135,0.03,0,0.03
2026-08-07,UDXCOMBO-16634977017647973043,Other,Combo-16634977017647973043,Finalized,135,135,0.14,0,0.14
2026-08-07,UDXCOMBO-18211671636238217282,Other,Combo-18211671636238217282,Finalized,135,135,0.75,0,0.75
2026-08-07,UDXCOMBO-11410415576446770368,Other,Combo-11410415576446770368,Finalized,134,134,0.07,0,0.07
2026-08-07,UDXCOMBO-4536588453763785540,Other,Combo-4536588453763785540,Finalized,134,134,0.21,0,0.21
2026-08-07,UDXCOMBO-5450732098095569062,Other,Combo-5450732098095569062,Finalized,134,134,0.14,0,0.14
2026-08-07,UDXCOMBO-5700249573819836899,Other,Combo-5700249573819836899,Finalized,134,134,0.28,0,0.28
2026-08-07,UDXCOMBO-11714884664576760082,Other,Combo-11714884664576760082,Finalized,0,134,0.08,0,0.08
2026-08-07,UDXCOMBO-13965406983855532775,Other,Combo-13965406983855532775,Finalized,0,134,0.07,0,0.07
2026-08-07,UDXCOMBO-18071362663602246570,Other,Combo-18071362663602246570,Finalized,0,134,0.14,0,0.14
2026-08-07,UDXCOMBO-18240817430043772013,Other,Combo-18240817430043772013,Finalized,0,134,0.11,0,0.11
2026-08-07,UDXCOMBO-8066485900907730727,Other,Combo-8066485900907730727,Finalized,0,134,0.18,0,0.18
2026-08-07,UDXWNBATOTAL_ATLWSH2026AUG07_178.5,Basketball (pro),Total,Finalized,0,134,0.13,0,0.13
2026-08-07,UDXCOMBO-10348616721123281360,Other,Combo-10348616721123281360,Finalized,133,133,0.04,0,0.04
2026-08-07,UDXCOMBO-7682450359018057385,Other,Combo-7682450359018057385,Finalized,133,133,0.36,0,0.36
2026-08-07,UDXCOMBO-786374359813093407,Other,Combo-786374359813093407,Finalized,133,133,0.14,0,0.14
2026-08-07,UDXCOMBO-10699403414362515596,Other,Combo-10699403414362515596,Finalized,0,133,0.03,0,0.03
2026-08-07,UDXCOMBO-1202193414162215761,Other,Combo-1202193414162215761,Finalized,0,133,0.02,0,0.02
2026-08-07,UDXCOMBO-15586090892049863572,Other,Combo-15586090892049863572,Finalized,0,133,0.14,0,0.14
2026-08-07,UDXCOMBO-16919158202197988055,Other,Combo-16919158202197988055,Finalized,0,133,0.01,0,0.01
2026-08-07,UDXCOMBO-17202057823405088169,Other,Combo-17202057823405088169,Finalized,0,133,0.03,0,0.03
2026-08-07,UDXCOMBO-17893487686251502008,Other,Combo-17893487686251502008,Finalized,0,133,0.04,0,0.04
2026-08-07,UDXCOMBO-3114837443368355765,Other,Combo-3114837443368355765,Finalized,0,133,0.04,0,0.04
2026-08-07,UDXCOMBO-3379643187813754631,Other,Combo-3379643187813754631,Finalized,0,133,0.13,0,0.13
2026-08-07,UDXCOMBO-742218850349508458,Other,Combo-742218850349508458,Finalized,0,133,0.01,0,0.01
2026-08-07,UDXCOMBO-18254651418892163799,Other,Combo-18254651418892163799,Finalized,132,132,0.18,0,0.18
2026-08-07,UDXCOMBO-2379696957712930066,Other,Combo-2379696957712930066,Finalized,132,132,0.29,0,0.29
2026-08-07,UDXCOMBO-6331445639459335156,Other,Combo-6331445639459335156,Finalized,132,132,0.18,0,0.18
2026-08-07,UDXCOMBO-7590207348193635418,Other,Combo-7590207348193635418,Finalized,0,132,0.18,0,0.18
2026-08-07,UDXCOMBO-8684558376013718896,Other,Combo-8684558376013718896,Finalized,0,132,0.07,0,0.07
2026-08-07,UDXCOMBO-15512038791573820581,Other,Combo-15512038791573820581,Finalized,131,131,0.45,0,0.33
2026-08-07,UDXCOMBO-16930776397792385372,Other,Combo-16930776397792385372,Finalized,130,130,0.19,0,0.19
2026-08-07,UDXCOMBO-8004167357289959885,Other,Combo-8004167357289959885,Finalized,130,130,0.26,0,0.26
2026-08-07,UDXCOMBO-15457155191838305050,Other,Combo-15457155191838305050,Finalized,0,130,0.07,0,0.07
2026-08-07,UDXCOMBO-3761249218829492487,Other,Combo-3761249218829492487,Finalized,0,130,0.07,0,0.07
2026-08-07,UDXCOMBO-6663342658279178005,Other,Combo-6663342658279178005,Finalized,0,130,0.07,0,0.07
2026-08-07,UDXCOMBO-7732987756328172046,Other,Combo-7732987756328172046,Finalized,0,130,0.37,0,0.37
2026-08-07,UDXCOMBO-889231303468319749,Other,Combo-889231303468319749,Finalized,0,130,0.04,0,0.04
2026-08-07,UDXCOMBO-9208404699339634528,Other,Combo-9208404699339634528,Finalized,0,130,0.04,0,0.04
2026-08-07,UDXCOMBO-9462258187794860219,Other,Combo-9462258187794860219,Finalized,0,130,0.11,0,0.11
2026-08-07,UDXCOMBO-13228311901017944571,Other,Combo-13228311901017944571,Finalized,129,129,0.01,0,0.01
2026-08-07,UDXCOMBO-16479900832383340453,Other,Combo-16479900832383340453,Finalized,129,129,0.15,0,0.15
2026-08-07,UDXCOMBO-17697632404358508180,Other,Combo-17697632404358508180,Finalized,0,129,0.37,0,0.37
2026-08-07,UDXCOMBO-8037023042654852472,Other,Combo-8037023042654852472,Finalized,0,129,0.07,0,0.07
2026-08-07,UDXCOMBO-8211743816727471472,Other,Combo-8211743816727471472,Finalized,128,128,0.37,0,0.37
2026-08-07,UDXCOMBO-11597356748683307466,Other,Combo-11597356748683307466,Finalized,0,128,0.77,0,0.77
2026-08-07,UDXCOMBO-11695256421384146258,Other,Combo-11695256421384146258,Finalized,0,128,0.19,0,0.19
2026-08-07,UDXCOMBO-12210261430246395246,Other,Combo-12210261430246395246,Finalized,0,128,0.06,0,0.06
2026-08-07,UDXCOMBO-12679746013363300569,Other,Combo-12679746013363300569,Finalized,0,128,0.16,0,0.07
2026-08-07,UDXCOMBO-15508452927924058457,Other,Combo-15508452927924058457,Finalized,0,128,0.2,0,0.2
2026-08-07,UDXCOMBO-8282410610698079713,Other,Combo-8282410610698079713,Finalized,0,128,0.1,0,0.1
2026-08-07,UDXCOMBO-9266578372931317454,Other,Combo-9266578372931317454,Finalized,0,128,0.15,0,0.15
2026-08-07,UDXCOMBO-10681251919192815868,Other,Combo-10681251919192815868,Finalized,127,127,0.19,0,0.19
2026-08-07,UDXCOMBO-14265976719239102442,Other,Combo-14265976719239102442,Finalized,127,127,0.17,0,0.17
2026-08-07,UDXCOMBO-17678731313951521972,Other,Combo-17678731313951521972,Finalized,127,127,0.07,0,0.07
2026-08-07,UDXCOMBO-6486639538770050031,Other,Combo-6486639538770050031,Finalized,127,127,0.52,0,0.52
2026-08-07,UDXCOMBO-16866767744234859652,Other,Combo-16866767744234859652,Finalized,0,127,0.13,0,0.13
2026-08-07,UDXCOMBO-2189771294460178193,Other,Combo-2189771294460178193,Finalized,0,127,0.11,0,0.11
2026-08-07,UDXCOMBO-330187272520706078,Other,Combo-330187272520706078,Finalized,0,127,0.77,0,0.77
2026-08-07,UDXCOMBO-628861559049959614,Other,Combo-628861559049959614,Finalized,0,127,0.19,0,0.19
2026-08-07,UDXCOMBO-653939757513049336,Other,Combo-653939757513049336,Finalized,0,127,0.01,0,0.01
2026-08-07,UDXCOMBO-9817448735120376639,Other,Combo-9817448735120376639,Finalized,0,127,0.38,0,0.38
2026-08-07,UDXCOMBO-13590230309760119581,Other,Combo-13590230309760119581,Finalized,126,126,0.07,0,0.07
2026-08-07,UDXCOMBO-14853129349425609316,Other,Combo-14853129349425609316,Finalized,126,126,0.15,0,0.15
2026-08-07,UDXCOMBO-15765042383729985978,Other,Combo-15765042383729985978,Finalized,0,126,0.13,0,0.13
2026-08-07,UDXCOMBO-8152267791640961198,Other,Combo-8152267791640961198,Finalized,0,126,0.07,0,0.07
2026-08-07,UDXCOMBO-8599236024785711972,Other,Combo-8599236024785711972,Finalized,0,126,0.15,0,0.15
2026-08-07,UDXCOMBO-12022458014281799087,Other,Combo-12022458014281799087,Finalized,125,125,0.05,0,0.05
2026-08-07,UDXCOMBO-4080577295095080469,Other,Combo-4080577295095080469,Finalized,125,125,0.2,0,0.2
2026-08-07,UDXCOMBO-9827961033750986903,Other,Combo-9827961033750986903,Finalized,125,125,0.79,0,0.79
2026-08-07,UDXCOMBO-17713950137500206702,Other,Combo-17713950137500206702,Finalized,0,125,0.38,0,0.38
2026-08-07,UDXCOMBO-3166261816816059872,Other,Combo-3166261816816059872,Finalized,0,125,0.08,0,0.08
2026-08-07,UDXCOMBO-4695100340268705486,Other,Combo-4695100340268705486,Finalized,0,125,0.17,0,0.17
2026-08-07,UDXCOMBO-3829678262767276588,Other,Combo-3829678262767276588,Finalized,110,124,0.43,0,0.14
2026-08-07,UDXCOMBO-11045118452126555798,Other,Combo-11045118452126555798,Finalized,0,124,0.05,0,0.05
2026-08-07,UDXCOMBO-9769773620474646278,Other,Combo-9769773620474646278,Finalized,0,124,0.28,0,0.28
2026-08-07,UDXCOMBO-1077850095325654194,Other,Combo-1077850095325654194,Finalized,123,123,0.34,0,0.34
2026-08-07,UDXCOMBO-11188085634347731342,Other,Combo-11188085634347731342,Finalized,123,123,0.31,0,0.31
2026-08-07,UDXCOMBO-13085065133075643012,Other,Combo-13085065133075643012,Finalized,123,123,0.19,0,0.19
2026-08-07,UDXCOMBO-15444776548601344739,Other,Combo-15444776548601344739,Finalized,123,123,0.46,0,0.46
2026-08-07,UDXCOMBO-16969996901469661225,Other,Combo-16969996901469661225,Finalized,123,123,0.04,0,0.04
2026-08-07,UDXCOMBO-3294608239488569984,Other,Combo-3294608239488569984,Finalized,123,123,0.08,0,0.08
2026-08-07,UDXCOMBO-6113641689531200817,Other,Combo-6113641689531200817,Finalized,123,123,0.23,0,0.23
2026-08-07,UDXCOMBO-9539220824726768809,Other,Combo-9539220824726768809,Finalized,123,123,0.14,0,0.14
2026-08-07,UDXCOMBO-15069380880415011381,Other,Combo-15069380880415011381,Finalized,0,123,0.31,0,0.31
2026-08-07,UDXCOMBO-16467053556846623100,Other,Combo-16467053556846623100,Finalized,0,123,0.04,0,0.04
2026-08-07,UDXCOMBO-1881422687095653653,Other,Combo-1881422687095653653,Finalized,0,123,0.06,0,0.06
2026-08-07,UDXCOMBO-6670180755203382407,Other,Combo-6670180755203382407,Finalized,0,123,0.08,0,0.08
2026-08-07,UDXCOMBO-516491181196950916,Other,Combo-516491181196950916,Finalized,122,122,0.18,0,0.18
2026-08-07,UDXCOMBO-13165754317299880426,Other,Combo-13165754317299880426,Finalized,0,122,0.01,0,0.01
2026-08-07,UDXCOMBO-14445287745922003857,Other,Combo-14445287745922003857,Finalized,121,121,0.08,0,0.08
2026-08-07,UDXCOMBO-17350318875444920327,Other,Combo-17350318875444920327,Finalized,121,121,0.16,0,0.16
2026-08-07,UDXCOMBO-17920135361175729920,Other,Combo-17920135361175729920,Finalized,121,121,0.08,0,0.08
2026-08-07,UDXCOMBO-3027430884553041536,Other,Combo-3027430884553041536,Finalized,121,121,0.2,0,0.2
2026-08-07,UDXCOMBO-9202906454468562734,Other,Combo-9202906454468562734,Finalized,121,121,0.04,0,0.01
2026-08-07,UDXCOMBO-10533524129994448946,Other,Combo-10533524129994448946,Finalized,0,121,0.29,0,0.29
2026-08-07,UDXCOMBO-3003052662265835371,Other,Combo-3003052662265835371,Finalized,0,121,0.16,0,0.16
2026-08-07,UDXCOMBO-4074483538775347299,Other,Combo-4074483538775347299,Finalized,0,121,0.08,0,0.08
2026-08-07,UDXCOMBO-8765998768673178693,Other,Combo-8765998768673178693,Finalized,0,121,0.13,0,0.13
2026-08-07,UDXCOMBO-13008657039370432504,Other,Combo-13008657039370432504,Finalized,120,120,0.4,0,0.4
2026-08-07,UDXCOMBO-2527940678657370610,Other,Combo-2527940678657370610,Finalized,120,120,0.2,0,0.2
2026-08-07,UDXCOMBO-9444112102170600014,Other,Combo-9444112102170600014,Finalized,120,120,0.32,0,0.32
2026-08-07,UDXCOMBO-10686134325900420195,Other,Combo-10686134325900420195,Finalized,0,120,0.07,0,0.07
2026-08-07,UDXCOMBO-11832311733428969264,Other,Combo-11832311733428969264,Finalized,0,120,0.14,0,0.14
2026-08-07,UDXCOMBO-12455368069503270308,Other,Combo-12455368069503270308,Finalized,0,120,0.73,0,0.67
2026-08-07,UDXCOMBO-18124835903832967803,Other,Combo-18124835903832967803,Finalized,0,120,0.04,0,0.04
2026-08-07,UDXCOMBO-3087110585576870962,Other,Combo-3087110585576870962,Finalized,0,120,0.27,0,0.27
2026-08-07,UDXCOMBO-5997140841436105889,Other,Combo-5997140841436105889,Finalized,0,120,0.08,0,0.08
2026-08-07,UDXCOMBO-7715725978716818196,Other,Combo-7715725978716818196,Finalized,0,120,0.01,0,0.01
2026-08-07,UDXCOMBO-12256153400253223836,Other,Combo-12256153400253223836,Finalized,119,119,0.16,0,0.16
2026-08-07,UDXCOMBO-11747727172332830545,Other,Combo-11747727172332830545,Finalized,118,118,0.23,0,0.23
2026-08-07,UDXCOMBO-11441141684327865834,Other,Combo-11441141684327865834,Finalized,0,118,0.08,0,0.08
2026-08-07,UDXCOMBO-14819568697080009880,Other,Combo-14819568697080009880,Finalized,0,118,0.27,0,0.27
2026-08-07,UDXCOMBO-5331119866296222098,Other,Combo-5331119866296222098,Finalized,0,118,0.12,0,0.12
2026-08-07,UDXCOMBO-9476324920126660549,Other,Combo-9476324920126660549,Finalized,0,118,0.1,0,0.1
2026-08-07,UDXCOMBO-13106630071032844684,Other,Combo-13106630071032844684,Finalized,117,117,0.04,0,0.04
2026-08-07,UDXCOMBO-13571020324411719131,Other,Combo-13571020324411719131,Finalized,117,117,0.3,0,0.3
2026-08-07,UDXCOMBO-17562606730973826947,Other,Combo-17562606730973826947,Finalized,117,117,0.2,0,0.2
2026-08-07,UDXCOMBO-2761354447479869778,Other,Combo-2761354447479869778,Finalized,117,117,0.08,0,0.08
2026-08-07,UDXCOMBO-18072044725204149472,Other,Combo-18072044725204149472,Finalized,0,117,0.04,0,0.04
2026-08-07,UDXCOMBO-7394933519020665540,Other,Combo-7394933519020665540,Finalized,0,117,0.08,0,0.08
2026-08-07,UDXCOMBO-14649582019221093905,Other,Combo-14649582019221093905,Finalized,116,116,0.2,0,0.2
2026-08-07,UDXCOMBO-1626822334628619709,Other,Combo-1626822334628619709,Finalized,116,116,0.01,0,0.01
2026-08-07,UDXCOMBO-3004805478246719119,Other,Combo-3004805478246719119,Finalized,116,116,0.33,0,0.33
2026-08-07,UDXCOMBO-8778870452675257532,Other,Combo-8778870452675257532,Finalized,116,116,0.1,0,0.1
2026-08-07,UDXCOMBO-11654836823347890758,Other,Combo-11654836823347890758,Finalized,0,116,0.16,0,0.16
2026-08-07,UDXCOMBO-13536165222273789269,Other,Combo-13536165222273789269,Finalized,0,116,0.2,0,0.2
2026-08-07,UDXCOMBO-1470541168268656991,Other,Combo-1470541168268656991,Finalized,0,116,0.01,0,0.01
2026-08-07,UDXCOMBO-4110958298450402153,Other,Combo-4110958298450402153,Finalized,115,115,0.42,0,0.42
2026-08-07,UDXCOMBO-4530840201714935275,Other,Combo-4530840201714935275,Finalized,115,115,0.42,0,0.42
2026-08-07,UDXCOMBO-10744063725728316420,Other,Combo-10744063725728316420,Finalized,0,115,0.1,0,0.1
2026-08-07,UDXCOMBO-11819654907513212507,Other,Combo-11819654907513212507,Finalized,0,115,0.08,0,0.08
2026-08-07,UDXCOMBO-15617603428915323229,Other,Combo-15617603428915323229,Finalized,0,115,0.42,0,0.42
2026-08-07,UDXCOMBO-2986947615349579739,Other,Combo-2986947615349579739,Finalized,0,115,0.07,0,0.07
2026-08-07,UDXCOMBO-4565722944258845678,Other,Combo-4565722944258845678,Finalized,0,115,0.07,0,0.07
2026-08-07,UDXCOMBO-6439426668990939562,Other,Combo-6439426668990939562,Finalized,0,115,0.15,0,0.15
2026-08-07,UDXCOMBO-928391388696640698,Other,Combo-928391388696640698,Finalized,0,115,0.12,0,0.12
2026-08-07,UDXWNBASPREAD_GSVDAL2026AUG07_DAL6.5,Basketball (pro),Spread,Finalized,0,115,0.31,0,0.29
2026-08-07,UDXCOMBO-12398431180274808987,Other,Combo-12398431180274808987,Finalized,114,114,0.25,0,0.25
2026-08-07,UDXCOMBO-15595211183216844936,Other,Combo-15595211183216844936,Finalized,114,114,0.08,0,0.08
2026-08-07,UDXCOMBO-17820428699421475256,Other,Combo-17820428699421475256,Finalized,114,114,0.08,0,0.08
2026-08-07,UDXCOMBO-17941407344663608426,Other,Combo-17941407344663608426,Finalized,114,114,0.25,0,0.25
2026-08-07,UDXCOMBO-3381360190230302937,Other,Combo-3381360190230302937,Finalized,114,114,0.04,0,0.04
2026-08-07,UDXCOMBO-6209557734922863853,Other,Combo-6209557734922863853,Finalized,114,114,0.01,0,0.01
2026-08-07,UDXCOMBO-6591807323289091047,Other,Combo-6591807323289091047,Finalized,114,114,0.08,0,0.08
2026-08-07,UDXCOMBO-7530927050731396966,Other,Combo-7530927050731396966,Finalized,114,114,0.04,0,0.04
2026-08-07,UDXCOMBO-8766433091967519166,Other,Combo-8766433091967519166,Finalized,114,114,0.25,0,0.25
2026-08-07,UDXCOMBO-11121122166102704080,Other,Combo-11121122166102704080,Finalized,0,114,0.04,0,0.04
2026-08-07,UDXCOMBO-16515116404650200212,Other,Combo-16515116404650200212,Finalized,0,114,0.21,0,0.21
2026-08-07,UDXCOMBO-635093095602018383,Other,Combo-635093095602018383,Finalized,0,114,0.08,0,0.08
2026-08-07,UDXCOMBO-9478795734388393612,Other,Combo-9478795734388393612,Finalized,0,114,0.04,0,0.04
2026-08-07,UDXCOMBO-978422480777758378,Other,Combo-978422480777758378,Finalized,0,114,0.25,0,0.25
2026-08-07,UDXMLBSPREAD_COLSTL26AUG072015_COL1.5,Baseball,Spread,Finalized,0,114,0.29,0,0.29
2026-08-07,UDXCOMBO-11378099788570852206,Other,Combo-11378099788570852206,Finalized,113,113,0.34,0,0.34
2026-08-07,UDXCOMBO-12008558387059921749,Other,Combo-12008558387059921749,Finalized,113,113,0.08,0,0.08
2026-08-07,UDXCOMBO-14943150080045646236,Other,Combo-14943150080045646236,Finalized,113,113,0.08,0,0.08
2026-08-07,UDXCOMBO-17959056996488499117,Other,Combo-17959056996488499117,Finalized,113,113,0.51,0,0.51
2026-08-07,UDXCOMBO-3214423308150141026,Other,Combo-3214423308150141026,Finalized,113,113,0.28,0,0.03
2026-08-07,UDXCOMBO-6588572924281112979,Other,Combo-6588572924281112979,Finalized,113,113,0.07,0,0.07
2026-08-07,UDXCOMBO-12396945929757259160,Other,Combo-12396945929757259160,Finalized,0,113,0.08,0,0.08
2026-08-07,UDXCOMBO-12651993283146016652,Other,Combo-12651993283146016652,Finalized,0,113,0.25,0,0.25
2026-08-07,UDXCOMBO-1305318943778043108,Other,Combo-1305318943778043108,Finalized,0,113,0.09,0,0.09
2026-08-07,UDXCOMBO-15357418946659271939,Other,Combo-15357418946659271939,Finalized,0,113,0.21,0,0.21
2026-08-07,UDXCOMBO-15794443801996529440,Other,Combo-15794443801996529440,Finalized,0,113,0.03,0,0.03
2026-08-07,UDXCOMBO-697669525700194552,Other,Combo-697669525700194552,Finalized,0,113,0.43,0,0.43
2026-08-07,UDXCOMBO-838264594986295966,Other,Combo-838264594986295966,Finalized,0,113,0.17,0,0.17
2026-08-07,UDXCOMBO-8770188860556373831,Other,Combo-8770188860556373831,Finalized,0,113,0.05,0,0.05
2026-08-07,UDXCOMBO-5389708152086400717,Other,Combo-5389708152086400717,Finalized,112,112,0.17,0,0.17
2026-08-07,UDXCOMBO-10234520429197379191,Other,Combo-10234520429197379191,Finalized,0,112,0.26,0,0.2
2026-08-07,UDXCOMBO-2435426702976805877,Other,Combo-2435426702976805877,Finalized,0,112,0.13,0,0.12
2026-08-07,UDXCOMBO-11355094356455775210,Other,Combo-11355094356455775210,Finalized,111,111,0.21,0,0.21
2026-08-07,UDXCOMBO-548290757422081968,Other,Combo-548290757422081968,Finalized,111,111,0.17,0,0.17
2026-08-07,UDXCOMBO-6867763772122879471,Other,Combo-6867763772122879471,Finalized,111,111,0.42,0,0.42
2026-08-07,UDXCOMBO-11977397498264922445,Other,Combo-11977397498264922445,Finalized,0,111,0.08,0,0.08
2026-08-07,UDXCOMBO-1472001116285153691,Other,Combo-1472001116285153691,Finalized,0,111,0.02,0,0.02
2026-08-07,UDXCOMBO-16618604117069928375,Other,Combo-16618604117069928375,Finalized,0,111,0.21,0,0.21
2026-08-07,UDXCOMBO-8950134636026950565,Other,Combo-8950134636026950565,Finalized,0,111,0.17,0,0.17
2026-08-07,UDXCOMBO-9478686087356203470,Other,Combo-9478686087356203470,Finalized,0,111,0.26,0,0.26
2026-08-07,UDXCOMBO-14625841986312488173,Other,Combo-14625841986312488173,Finalized,110,110,0.09,0,0.09
2026-08-07,UDXCOMBO-15956368626984662605,Other,Combo-15956368626984662605,Finalized,110,110,0.09,0,0.09
2026-08-07,UDXCOMBO-1913477218125105476,Other,Combo-1913477218125105476,Finalized,110,110,0.22,0,0.22
2026-08-07,UDXCOMBO-3761100361977620496,Other,Combo-3761100361977620496,Finalized,110,110,0.38,0,0.38
2026-08-07,UDXCOMBO-6293753567196588189,Other,Combo-6293753567196588189,Finalized,110,110,0.02,0,0.02
2026-08-07,UDXCOMBO-7991539295718583917,Other,Combo-7991539295718583917,Finalized,110,110,0.09,0,0.09
2026-08-07,UDXCOMBO-8011164990864624042,Other,Combo-8011164990864624042,Finalized,110,110,0.14,0,0.14
2026-08-07,UDXCOMBO-10264926285792862112,Other,Combo-10264926285792862112,Finalized,0,110,0.26,0,0.26
2026-08-07,UDXCOMBO-11191985853904295527,Other,Combo-11191985853904295527,Finalized,0,110,0.04,0,0.04
2026-08-07,UDXCOMBO-18246942852777020019,Other,Combo-18246942852777020019,Finalized,0,110,0.09,0,0.09
2026-08-07,UDXCOMBO-323377471842283417,Other,Combo-323377471842283417,Finalized,0,110,0.09,0,0.09
2026-08-07,UDXCOMBO-3769468819806329082,Other,Combo-3769468819806329082,Finalized,0,110,0.21,0,0.21
2026-08-07,UDXCOMBO-4276399938783715812,Other,Combo-4276399938783715812,Finalized,0,110,0.02,0,0.02
2026-08-07,UDXCOMBO-5465043951324606750,Other,Combo-5465043951324606750,Finalized,0,110,0.02,0,0.02
2026-08-07,UDXCOMBO-7879322408328555729,Other,Combo-7879322408328555729,Finalized,0,110,0.14,0,0.14
2026-08-07,UDXCOMBO-2257792660944976821,Other,Combo-2257792660944976821,Finalized,109,109,0.17,0,0.17
2026-08-07,UDXCOMBO-5362419163852883955,Other,Combo-5362419163852883955,Finalized,109,109,0.09,0,0.09
2026-08-07,UDXCOMBO-6095742343742336485,Other,Combo-6095742343742336485,Finalized,109,109,0.04,0,0.04
2026-08-07,UDXCOMBO-16769796282581277828,Other,Combo-16769796282581277828,Finalized,0,109,0.35,0,0.35
2026-08-07,UDXCOMBO-17194659289023904754,Other,Combo-17194659289023904754,Finalized,0,109,0.09,0,0.09
2026-08-07,UDXCOMBO-3050388617899510200,Other,Combo-3050388617899510200,Finalized,108,108,0.35,0,0.35
2026-08-07,UDXCOMBO-16528713777333108335,Other,Combo-16528713777333108335,Finalized,0,108,0.09,0,0.09
2026-08-07,UDXCOMBO-11218544138134624668,Other,Combo-11218544138134624668,Finalized,107,107,0.38,0,0.38
2026-08-07,UDXCOMBO-13990351557156922644,Other,Combo-13990351557156922644,Finalized,107,107,0.25,0,0.25
2026-08-07,UDXCOMBO-15060250558067222122,Other,Combo-15060250558067222122,Finalized,107,107,0.13,0,0.13
2026-08-07,UDXCOMBO-3733433270478736411,Other,Combo-3733433270478736411,Finalized,107,107,0.18,0,0.18
2026-08-07,UDXCOMBO-13999370502805539322,Other,Combo-13999370502805539322,Finalized,0,107,0.4,0,0.4
2026-08-07,UDXCOMBO-8434252679052962118,Other,Combo-8434252679052962118,Finalized,0,107,0.08,0,0.08
2026-08-07,UDXMLBSPREAD_BALTEX26AUG072015_BAL1.5,Baseball,Spread,Finalized,0,107,0.07,0,0.07
2026-08-07,UDXCOMBO-8730251117865675464,Other,Combo-8730251117865675464,Finalized,106,106,0.18,0,0.18
2026-08-07,UDXCOMBO-11777990084533170304,Other,Combo-11777990084533170304,Finalized,0,106,0.09,0,0.09
2026-08-07,UDXCOMBO-16723009007839829919,Other,Combo-16723009007839829919,Finalized,0,106,0.11,0,0.11
2026-08-07,UDXCOMBO-17656122840643416258,Other,Combo-17656122840643416258,Finalized,0,106,0.04,0,0.04
2026-08-07,UDXCOMBO-17776656064494356860,Other,Combo-17776656064494356860,Finalized,0,106,0.22,0,0.22
2026-08-07,UDXCOMBO-17877077117087380546,Other,Combo-17877077117087380546,Finalized,0,106,0.04,0,0.04
2026-08-07,UDXCOMBO-5841432685655851241,Other,Combo-5841432685655851241,Finalized,0,106,0.22,0,0.22
2026-08-07,UDXCOMBO-12626360623774153991,Other,Combo-12626360623774153991,Finalized,105,105,0.46,0,0.46
2026-08-07,UDXCOMBO-1920377888193788501,Other,Combo-1920377888193788501,Finalized,105,105,0.41,0,0.41
2026-08-07,UDXCOMBO-3175207913728778306,Other,Combo-3175207913728778306,Finalized,105,105,0.18,0,0.18
2026-08-07,UDXCOMBO-9802705076855131583,Other,Combo-9802705076855131583,Finalized,105,105,0.05,0,0.05
2026-08-07,UDXCOMBO-10066174080978204117,Other,Combo-10066174080978204117,Finalized,0,105,0.09,0,0.09
2026-08-07,UDXCOMBO-15975108526237226323,Other,Combo-15975108526237226323,Finalized,0,105,0.01,0,0.01
2026-08-07,UDXCOMBO-17068259164067554821,Other,Combo-17068259164067554821,Finalized,0,105,0.07,0,0.07
2026-08-07,UDXCOMBO-2234918225352270525,Other,Combo-2234918225352270525,Finalized,0,105,0.33,0,0.33
2026-08-07,UDXCOMBO-12373184424712043642,Other,Combo-12373184424712043642,Finalized,104,104,0.08,0,0.08
2026-08-07,UDXCOMBO-1286519791141185887,Other,Combo-1286519791141185887,Finalized,104,104,0.56,0,0.49
2026-08-07,UDXCOMBO-13375589949607618485,Other,Combo-13375589949607618485,Finalized,104,104,0.16,0,0.16
2026-08-07,UDXCOMBO-2865034843303149720,Other,Combo-2865034843303149720,Finalized,104,104,0.25,0,0.25
2026-08-07,UDXCOMBO-5772641105308677169,Other,Combo-5772641105308677169,Finalized,104,104,0.07,0,0.07
2026-08-07,UDXCOMBO-9476319866849263786,Other,Combo-9476319866849263786,Finalized,104,104,0.53,0,0.53
2026-08-07,UDXCOMBO-10146017490475694521,Other,Combo-10146017490475694521,Finalized,0,104,0.05,0,0.05
2026-08-07,UDXCOMBO-10361263701818690322,Other,Combo-10361263701818690322,Finalized,0,104,0.16,0,0.16
2026-08-07,UDXCOMBO-11091700354075503458,Other,Combo-11091700354075503458,Finalized,0,104,0.03,0,0.03
2026-08-07,UDXCOMBO-13729351043320664415,Other,Combo-13729351043320664415,Finalized,0,104,0.01,0,0.01
2026-08-07,UDXCOMBO-17726542248039185722,Other,Combo-17726542248039185722,Finalized,0,104,0.05,0,0.05
2026-08-07,UDXCOMBO-4761565987262346052,Other,Combo-4761565987262346052,Finalized,0,104,0.23,0,0.23
2026-08-07,UDXCOMBO-6848980914550791165,Other,Combo-6848980914550791165,Finalized,0,104,0.05,0,0.05
2026-08-07,UDXCOMBO-3197956008146848315,Other,Combo-3197956008146848315,Finalized,103,103,0.09,0,0.09
2026-08-07,UDXCOMBO-9236246319858810451,Other,Combo-9236246319858810451,Finalized,103,103,0.02,0,0.02
2026-08-07,UDXCOMBO-1269808819908436772,Other,Combo-1269808819908436772,Finalized,0,103,0.09,0,0.09
2026-08-07,UDXCOMBO-4938098430144637948,Other,Combo-4938098430144637948,Finalized,0,103,0.01,0,0.01
2026-08-07,UDXCOMBO-7274798900844151137,Other,Combo-7274798900844151137,Finalized,0,103,0.01,0,0.01
2026-08-07,UDXCOMBO-1446132875806068247,Other,Combo-1446132875806068247,Finalized,102,102,0.37,0,0.37
2026-08-07,UDXCOMBO-9670436104204173781,Other,Combo-9670436104204173781,Finalized,102,102,0.26,0,0.26
2026-08-07,UDXCOMBO-2206476290667516892,Other,Combo-2206476290667516892,Finalized,0,102,0.04,0,0.04
2026-08-07,UDXCOMBO-8999477436829360198,Other,Combo-8999477436829360198,Finalized,0,102,0.34,0,0.34
2026-08-07,UDXMLBSPREAD_MINMIL26AUG071940_MIN3.5,Baseball,Spread,Finalized,0,102,0.12,0,0.12
2026-08-07,UDXCOMBO-10769285426565040151,Other,Combo-10769285426565040151,Finalized,101,101,0.14,0,0.14
2026-08-07,UDXCOMBO-12979371318568676607,Other,Combo-12979371318568676607,Finalized,101,101,0.09,0,0.09
2026-08-07,UDXCOMBO-13271415513867081897,Other,Combo-13271415513867081897,Finalized,101,101,0.19,0,0.19
2026-08-07,UDXCOMBO-16872750962347723128,Other,Combo-16872750962347723128,Finalized,101,101,0.05,0,0.05
2026-08-07,UDXCOMBO-5881172383642905591,Other,Combo-5881172383642905591,Finalized,101,101,0.28,0,0.28
2026-08-07,UDXCOMBO-6589216798172964490,Other,Combo-6589216798172964490,Finalized,101,101,0.06,0,0.06
2026-08-07,UDXCOMBO-8097169985269180444,Other,Combo-8097169985269180444,Finalized,101,101,0.04,0,0.04
2026-08-07,UDXCOMBO-10524500528938136952,Other,Combo-10524500528938136952,Finalized,0,101,0.05,0,0.05
2026-08-07,UDXCOMBO-13243590728022917512,Other,Combo-13243590728022917512,Finalized,0,101,0.09,0,0.09
2026-08-07,UDXCOMBO-1712644936733325399,Other,Combo-1712644936733325399,Finalized,0,101,0.17,0,0.17
2026-08-07,UDXCOMBO-446245654239082910,Other,Combo-446245654239082910,Finalized,0,101,0.05,0,0.05
2026-08-07,UDXCOMBO-11710828384003766750,Other,Combo-11710828384003766750,Finalized,100,100,0.04,0,0.04
2026-08-07,UDXCOMBO-2302129047832885136,Other,Combo-2302129047832885136,Finalized,100,100,0.09,0,0.09
2026-08-07,UDXCOMBO-4140128701329418651,Other,Combo-4140128701329418651,Finalized,100,100,0.48,0,0.48
2026-08-07,UDXCOMBO-6580885485167958666,Other,Combo-6580885485167958666,Finalized,100,100,0.19,0,0.19
2026-08-07,UDXCOMBO-7664915527249571649,Other,Combo-7664915527249571649,Finalized,100,100,0.38,0,0.38
2026-08-07,UDXMLBTOTAL_HOUSD26AUG072140_11.5,Baseball,Total,Finalized,53,100,0.41,0,0.41
2026-08-07,UDXCOMBO-13520512823601375730,Other,Combo-13520512823601375730,Finalized,0,100,0.09,0,0.09
2026-08-07,UDXCOMBO-14316243367221301898,Other,Combo-14316243367221301898,Finalized,99,99,0.25,0,0.25
2026-08-07,UDXCOMBO-16936920696227843,Other,Combo-16936920696227843,Finalized,99,99,0.09,0,0.09
2026-08-07,UDXCOMBO-11004060969903361687,Other,Combo-11004060969903361687,Finalized,0,99,0.44,0,0.44
2026-08-07,UDXCOMBO-12283444781052046642,Other,Combo-12283444781052046642,Finalized,0,99,0.44,0,0.44
2026-08-07,UDXCOMBO-14476968124376009377,Other,Combo-14476968124376009377,Finalized,0,99,0.05,0,0.05
2026-08-07,UDXCOMBO-15497829500449930993,Other,Combo-15497829500449930993,Finalized,0,99,0.18,0,0.15
2026-08-07,UDXCOMBO-5876466876269222762,Other,Combo-5876466876269222762,Finalized,0,99,0.22,0,0.22
2026-08-07,UDXCOMBO-7687646853451475608,Other,Combo-7687646853451475608,Finalized,0,99,0.22,0,0.22
2026-08-07,UDXCOMBO-15752232048454500479,Other,Combo-15752232048454500479,Finalized,98,98,0.51,0,0.51
2026-08-07,UDXCOMBO-4209298345767101000,Other,Combo-4209298345767101000,Finalized,98,98,0.19,0,0.19
2026-08-07,UDXCOMBO-7108230807300503898,Other,Combo-7108230807300503898,Finalized,98,98,0.35,0,0.35
2026-08-07,UDXCOMBO-7315751966038228311,Other,Combo-7315751966038228311,Finalized,98,98,0.1,0,0.1
2026-08-07,UDXCOMBO-7440441951622984662,Other,Combo-7440441951622984662,Finalized,98,98,0.1,0,0.1
2026-08-07,UDXCOMBO-9061595876081014748,Other,Combo-9061595876081014748,Finalized,98,98,0.09,0,0.09
2026-08-07,UDXCOMBO-7829662310718641958,Other,Combo-7829662310718641958,Finalized,0,98,0.09,0,0.09
2026-08-07,UDXCOMBO-8335111359384561486,Other,Combo-8335111359384561486,Finalized,0,98,0.24,0,0.24
2026-08-07,UDXCOMBO-9270350544163653877,Other,Combo-9270350544163653877,Finalized,0,97.41,0.18,0,0.18
2026-08-07,UDXCOMBO-15188851108152971986,Other,Combo-15188851108152971986,Finalized,97,97,0.05,0,0.05
2026-08-07,UDXCOMBO-2344176014932530031,Other,Combo-2344176014932530031,Finalized,97,97,0.5,0,0.5
2026-08-07,UDXCOMBO-4659434284737110620,Other,Combo-4659434284737110620,Finalized,97,97,0.5,0,0.5
2026-08-07,UDXCOMBO-6886801442864046094,Other,Combo-6886801442864046094,Finalized,97,97,0.2,0,0.2
2026-08-07,UDXCOMBO-9031312915804923788,Other,Combo-9031312915804923788,Finalized,97,97,0.32,0,0.32
2026-08-07,UDXMLBTOTAL_TBSEA26AUG072145_9.5,Baseball,Total,Finalized,97,97,0.1,0,0.1
2026-08-07,UDXCOMBO-12076677116510798388,Other,Combo-12076677116510798388,Finalized,0,97,0.19,0,0.19
2026-08-07,UDXCOMBO-15369742758633879272,Other,Combo-15369742758633879272,Finalized,0,97,0.05,0,0.05
2026-08-07,UDXCOMBO-17451779702434331886,Other,Combo-17451779702434331886,Finalized,0,97,0.05,0,0.05
2026-08-07,UDXCOMBO-2256742018930375831,Other,Combo-2256742018930375831,Finalized,0,97,0.05,0,0.05
2026-08-07,UDXCOMBO-234407108022888611,Other,Combo-234407108022888611,Finalized,0,97,0.49,0,0.49
2026-08-07,UDXCOMBO-6565816842036807631,Other,Combo-6565816842036807631,Finalized,0,97,0.26,0,0.26
2026-08-07,UDXCOMBO-14757315328237104529,Other,Combo-14757315328237104529,Finalized,96,96,0.2,0,0.2
2026-08-07,UDXCOMBO-3868523711300449723,Other,Combo-3868523711300449723,Finalized,96,96,0.15,0,0.15
2026-08-07,UDXCOMBO-8769042704471390007,Other,Combo-8769042704471390007,Finalized,96,96,0.25,0,0.25
2026-08-07,UDXCOMBO-1723475507809726939,Other,Combo-1723475507809726939,Finalized,0,96,0.22,0,0.22
2026-08-07,UDXCOMBO-11624690000812376544,Other,Combo-11624690000812376544,Finalized,95,95,0.15,0,0.15
2026-08-07,UDXCOMBO-13984227701942476040,Other,Combo-13984227701942476040,Finalized,95,95,0.15,0,0.15
2026-08-07,UDXCOMBO-17989118151858757401,Other,Combo-17989118151858757401,Finalized,95,95,0.46,0,0.46
2026-08-07,UDXCOMBO-5625940162410746562,Other,Combo-5625940162410746562,Finalized,95,95,0.1,0,0.1
2026-08-07,UDXCOMBO-1180362348290681842,Other,Combo-1180362348290681842,Finalized,0,95,0.09,0,0.09
2026-08-07,UDXCOMBO-15140221666509872681,Other,Combo-15140221666509872681,Finalized,0,95,0.06,0,0.06
2026-08-07,UDXCOMBO-15976068612525241685,Other,Combo-15976068612525241685,Finalized,0,95,0.05,0,0.05
2026-08-07,UDXCOMBO-17089634087524968181,Other,Combo-17089634087524968181,Finalized,0,95,0.1,0,0.1
2026-08-07,UDXCOMBO-4704697629268626738,Other,Combo-4704697629268626738,Finalized,0,95,0.05,0,0.05
2026-08-07,UDXCOMBO-5045616190539040775,Other,Combo-5045616190539040775,Finalized,0,95,0.1,0,0.1
2026-08-07,UDXCOMBO-5532550595990951038,Other,Combo-5532550595990951038,Finalized,0,95,0.1,0,0.1
2026-08-07,UDXCOMBO-9078265838239599902,Other,Combo-9078265838239599902,Finalized,0,95,0.09,0,0.09
2026-08-07,UDXCOMBO-10062788314124079299,Other,Combo-10062788314124079299,Finalized,94,94,0.2,0,0.2
2026-08-07,UDXCOMBO-14495744253426275069,Other,Combo-14495744253426275069,Finalized,94,94,0.1,0,0.1
2026-08-07,UDXCOMBO-8946587986474609091,Other,Combo-8946587986474609091,Finalized,94,94,0.25,0,0.25
2026-08-07,UDXCOMBO-933473808958449052,Other,Combo-933473808958449052,Finalized,94,94,0.26,0,0.26
2026-08-07,UDXMLBTOTAL_LADARI26AUG072140_13.5,Baseball,Total,Finalized,94,94,0.18,0,0.18
2026-08-07,UDXCOMBO-11430601480818203974,Other,Combo-11430601480818203974,Finalized,0,94,0.06,0,0.06
2026-08-07,UDXCOMBO-11571605703719671285,Other,Combo-11571605703719671285,Finalized,0,94,0.21,0,0.21
2026-08-07,UDXCOMBO-14290264193873212419,Other,Combo-14290264193873212419,Finalized,0,94,0.3,0,0.3
2026-08-07,UDXCOMBO-8518621564599902639,Other,Combo-8518621564599902639,Finalized,0,94,0.15,0,0.15
2026-08-07,UDXMLBTOTAL_LADARI26AUG072140_3.5,Baseball,Total,Finalized,0,94,0.8,0,0.8
2026-08-07,UDXCOMBO-11439177097314087752,Other,Combo-11439177097314087752,Finalized,93,93,0.31,0,0.31
2026-08-07,UDXCOMBO-11765336519995115463,Other,Combo-11765336519995115463,Finalized,93,93,0.2,0,0.2
2026-08-07,UDXCOMBO-1270868252989967402,Other,Combo-1270868252989967402,Finalized,93,93,0.25,0,0.25
2026-08-07,UDXCOMBO-13340558087072996114,Other,Combo-13340558087072996114,Finalized,93,93,0.47,0,0.47
2026-08-07,UDXCOMBO-15218842204391362506,Other,Combo-15218842204391362506,Finalized,93,93,0.1,0,0.1
2026-08-07,UDXCOMBO-4471705014813294599,Other,Combo-4471705014813294599,Finalized,93,93,0.01,0,0.01
2026-08-07,UDXCOMBO-6490862611964203821,Other,Combo-6490862611964203821,Finalized,93,93,0.08,0,0.08
2026-08-07,UDXCOMBO-7818234463657369636,Other,Combo-7818234463657369636,Finalized,93,93,0.18,0,0.18
2026-08-07,UDXCOMBO-10054434599651227691,Other,Combo-10054434599651227691,Finalized,0,93,0.02,0,0.02
2026-08-07,UDXCOMBO-14602477312919221524,Other,Combo-14602477312919221524,Finalized,0,93,0.01,0,0.01
2026-08-07,UDXCOMBO-17017497729539548658,Other,Combo-17017497729539548658,Finalized,0,93,0.23,0,0.23
2026-08-07,UDXCOMBO-292440976617842668,Other,Combo-292440976617842668,Finalized,0,93,0.23,0,0.23
2026-08-07,UDXCOMBO-560855470411507127,Other,Combo-560855470411507127,Finalized,0,93,0.02,0,0.02
2026-08-07,UDXCOMBO-6194880259548120320,Other,Combo-6194880259548120320,Finalized,0,93,0.02,0,0.02
2026-08-07,UDXCOMBO-920350337943893820,Other,Combo-920350337943893820,Finalized,0,93,0.1,0,0.1
2026-08-07,UDXCOMBO-10606372677479834604,Other,Combo-10606372677479834604,Finalized,92,92,0.26,0,0.26
2026-08-07,UDXCOMBO-11742063708368309266,Other,Combo-11742063708368309266,Finalized,92,92,0.26,0,0.26
2026-08-07,UDXCOMBO-6958578601707071354,Other,Combo-6958578601707071354,Finalized,92,92,0.2,0,0.2
2026-08-07,UDXCOMBO-10509896880694410392,Other,Combo-10509896880694410392,Finalized,0,92,0.23,0,0.23
2026-08-07,UDXCOMBO-15637732679073362599,Other,Combo-15637732679073362599,Finalized,0,92,0.47,0,0.47
2026-08-07,UDXCOMBO-17137565926178514527,Other,Combo-17137565926178514527,Finalized,0,92,0.1,0,0.1
2026-08-07,UDXCOMBO-4428593016734930008,Other,Combo-4428593016734930008,Finalized,0,92,0.1,0,0.1
2026-08-07,UDXCOMBO-17191011155137522611,Other,Combo-17191011155137522611,Finalized,91,91,0.53,0,0.53
2026-08-07,UDXCOMBO-18215286056777867842,Other,Combo-18215286056777867842,Finalized,91,91,0.05,0,0.05
2026-08-07,UDXCOMBO-17379587790715776640,Other,Combo-17379587790715776640,Finalized,0,91,0.15,0,0.15
2026-08-07,UDXCOMBO-18211141252243155309,Other,Combo-18211141252243155309,Finalized,0,91,0.15,0,0.15
2026-08-07,UDXCOMBO-668190437541242471,Other,Combo-668190437541242471,Finalized,0,91,0.25,0,0.25
2026-08-07,UDXCOMBO-8097013202663838506,Other,Combo-8097013202663838506,Finalized,0,91,0.16,0,0.16
2026-08-07,UDXCOMBO-9460501482030223147,Other,Combo-9460501482030223147,Finalized,0,91,0.1,0,0.1
2026-08-07,UDXCOMBO-14028163895475506447,Other,Combo-14028163895475506447,Finalized,90,90,0.1,0,0.1
2026-08-07,UDXCOMBO-15586547896394787225,Other,Combo-15586547896394787225,Finalized,90,90,0.1,0,0.1
2026-08-07,UDXCOMBO-16749275054046986993,Other,Combo-16749275054046986993,Finalized,90,90,0.12,0,0.12
2026-08-07,UDXCOMBO-18244216137605326259,Other,Combo-18244216137605326259,Finalized,90,90,0.23,0,0.23
2026-08-07,UDXCOMBO-1924910602950913025,Other,Combo-1924910602950913025,Finalized,90,90,0.05,0,0.05
2026-08-07,UDXCOMBO-3632344986168144789,Other,Combo-3632344986168144789,Finalized,90,90,0.1,0,0.1
2026-08-07,UDXCOMBO-3770720273774743529,Other,Combo-3770720273774743529,Finalized,90,90,0.1,0,0.1
2026-08-07,UDXMLBSPREAD_MINMIL26AUG081910_MIL3.5,Baseball,Spread,Finalized,90,90,0.21,0,0.21
2026-08-07,UDXCOMBO-1040226420797389806,Other,Combo-1040226420797389806,Finalized,0,90,0.15,0,0.15
2026-08-07,UDXCOMBO-10646964023826365212,Other,Combo-10646964023826365212,Finalized,0,90,0.09,0,0.09
2026-08-07,UDXCOMBO-10801953694224851454,Other,Combo-10801953694224851454,Finalized,0,90,0.21,0,0.21
2026-08-07,UDXCOMBO-11248571494658223901,Other,Combo-11248571494658223901,Finalized,0,90,0.02,0,0.02
2026-08-07,UDXCOMBO-12701777136435525658,Other,Combo-12701777136435525658,Finalized,0,90,0.04,0,0.04
2026-08-07,UDXCOMBO-13551784200660980075,Other,Combo-13551784200660980075,Finalized,0,90,0.05,0,0.05
2026-08-07,UDXCOMBO-14611423809576056712,Other,Combo-14611423809576056712,Finalized,0,90,0.09,0,0.09
2026-08-07,UDXCOMBO-16484481840692471834,Other,Combo-16484481840692471834,Finalized,0,90,0.21,0,0.21
2026-08-07,UDXCOMBO-17827329541435988229,Other,Combo-17827329541435988229,Finalized,0,90,0.02,0,0.02
2026-08-07,UDXCOMBO-2968622271571476517,Other,Combo-2968622271571476517,Finalized,0,90,0.32,0,0.19
2026-08-07,UDXCOMBO-4315127791433606701,Other,Combo-4315127791433606701,Finalized,0,90,0.1,0,0.1
2026-08-07,UDXCOMBO-5575611596872438724,Other,Combo-5575611596872438724,Finalized,0,90,0.1,0,0.1
2026-08-07,UDXCOMBO-7786180679851636514,Other,Combo-7786180679851636514,Finalized,0,90,0.05,0,0.05
2026-08-07,UDXMLBTOTAL_LAAMIA26AUG071910_4.5,Baseball,Total,Finalized,0,90,0.88,0,0.72
2026-08-07,UDXCOMBO-1142057451431970106,Other,Combo-1142057451431970106,Finalized,89,89,0.02,0,0.02
2026-08-07,UDXCOMBO-12888620175669453461,Other,Combo-12888620175669453461,Finalized,89,89,0.54,0,0.54
2026-08-07,UDXCOMBO-14513825438681841592,Other,Combo-14513825438681841592,Finalized,89,89,0.89,0,0.89
2026-08-07,UDXCOMBO-15106128254540684067,Other,Combo-15106128254540684067,Finalized,89,89,0.27,0,0.27
2026-08-07,UDXCOMBO-16437649340023515657,Other,Combo-16437649340023515657,Finalized,89,89,0.54,0,0.54
2026-08-07,UDXCOMBO-17142208879398090372,Other,Combo-17142208879398090372,Finalized,89,89,0.11,0,0.11
2026-08-07,UDXCOMBO-6119432177476636680,Other,Combo-6119432177476636680,Finalized,89,89,0.11,0,0.11
2026-08-07,UDXCOMBO-7291710230464207031,Other,Combo-7291710230464207031,Finalized,89,89,0.11,0,0.11
2026-08-07,UDXCOMBO-12737681422119820687,Other,Combo-12737681422119820687,Finalized,0,89,0.02,0,0.02
2026-08-07,UDXCOMBO-15862333374168298332,Other,Combo-15862333374168298332,Finalized,0,89,0.21,0,0.21
2026-08-07,UDXCOMBO-2598452256893270014,Other,Combo-2598452256893270014,Finalized,0,89,0.27,0,0.27
2026-08-07,UDXCOMBO-5365495593366593176,Other,Combo-5365495593366593176,Finalized,0,89,0.1,0,0.1
2026-08-07,UDXCOMBO-9223645450012835469,Other,Combo-9223645450012835469,Finalized,0,89,0.02,0,0.02
2026-08-07,UDXCOMBO-13476421081536473705,Other,Combo-13476421081536473705,Finalized,88,88,0.28,0,0.28
2026-08-07,UDXCOMBO-5510779308290268274,Other,Combo-5510779308290268274,Finalized,88,88,0.09,0,0.09
2026-08-07,UDXCOMBO-8078430737871092479,Other,Combo-8078430737871092479,Finalized,88,88,0.2,0,0.2
2026-08-07,UDXCOMBO-17329117131190881964,Other,Combo-17329117131190881964,Finalized,87,87,0.22,0,0.22
2026-08-07,UDXCOMBO-9287448555968298966,Other,Combo-9287448555968298966,Finalized,87,87,0.11,0,0.11
2026-08-07,UDXCOMBO-11291228089514858013,Other,Combo-11291228089514858013,Finalized,0,87,0.47,0,0.47
2026-08-07,UDXCOMBO-11536953315838394635,Other,Combo-11536953315838394635,Finalized,0,87,0.33,0,0.33
2026-08-07,UDXCOMBO-13432014194598113533,Other,Combo-13432014194598113533,Finalized,0,87,0.13,0,0.13
2026-08-07,UDXCOMBO-15824061242770240504,Other,Combo-15824061242770240504,Finalized,0,87,0.01,0,0.01
2026-08-07,UDXMLBSPREAD_SDARI26AUG062140_SD5.5,Baseball,Spread,Finalized,0,87,0.13,0,0.13
2026-08-07,UDXCOMBO-3206427334271072966,Other,Combo-3206427334271072966,Finalized,86,86,0.09,0,0.09
2026-08-07,UDXCOMBO-1625283343843014532,Other,Combo-1625283343843014532,Finalized,0,86,0.22,0,0.22
2026-08-07,UDXCOMBO-16951559302509565227,Other,Combo-16951559302509565227,Finalized,0,86,0.22,0,0.22
2026-08-07,UDXCOMBO-204678140326829237,Other,Combo-204678140326829237,Finalized,0,86,0.05,0,0.05
2026-08-07,UDXCOMBO-11867643662759494658,Other,Combo-11867643662759494658,Finalized,85,85,0.06,0,0.06
2026-08-07,UDXCOMBO-11944357103787157813,Other,Combo-11944357103787157813,Finalized,85,85,0.19,0,0.19
2026-08-07,UDXCOMBO-13352166106420485474,Other,Combo-13352166106420485474,Finalized,85,85,0.45,0,0.45
2026-08-07,UDXCOMBO-15458286339665871517,Other,Combo-15458286339665871517,Finalized,85,85,0.06,0,0.06
2026-08-07,UDXCOMBO-16116052541708596078,Other,Combo-16116052541708596078,Finalized,85,85,0.11,0,0.11
2026-08-07,UDXCOMBO-17233267129552660817,Other,Combo-17233267129552660817,Finalized,85,85,0.17,0,0.17
2026-08-07,UDXCOMBO-5780626988089333353,Other,Combo-5780626988089333353,Finalized,85,85,0.45,0,0.45
2026-08-07,UDXMLBTOTAL_HOUSD26AUG072140_12.5,Baseball,Total,Finalized,85,85,0.23,0,0.23
2026-08-07,UDXCOMBO-15140782974531263582,Other,Combo-15140782974531263582,Finalized,0,85,0.1,0,0.1
2026-08-07,UDXCOMBO-17492966381516817627,Other,Combo-17492966381516817627,Finalized,0,85,0.28,0,0.28
2026-08-07,UDXCOMBO-3340323778682439909,Other,Combo-3340323778682439909,Finalized,0,85,0.06,0,0.06
2026-08-07,UDXCOMBO-6873322881047203531,Other,Combo-6873322881047203531,Finalized,0,85,0.1,0,0.1
2026-08-07,UDXCOMBO-8093680371080590654,Other,Combo-8093680371080590654,Finalized,0,85,0.28,0,0.28
2026-08-07,UDXCOMBO-16686760928354175171,Other,Combo-16686760928354175171,Finalized,0,84,0.11,0,0.11
2026-08-07,UDXCOMBO-2795856806580712594,Other,Combo-2795856806580712594,Finalized,0,84,0.11,0,0.11
2026-08-07,UDXCOMBO-2965474809883796487,Other,Combo-2965474809883796487,Finalized,0,84,0.06,0,0.06
2026-08-07,UDXCOMBO-4635764299837864585,Other,Combo-4635764299837864585,Finalized,0,84,0.02,0,0.02
2026-08-07,UDXCOMBO-497155498284755962,Other,Combo-497155498284755962,Finalized,0,84,0.11,0,0.11
2026-08-07,UDXCOMBO-10864074990695690226,Other,Combo-10864074990695690226,Finalized,83,83,0.58,0,0.58
2026-08-07,UDXCOMBO-13277878352278050693,Other,Combo-13277878352278050693,Finalized,83,83,0.66,0,0.66
2026-08-07,UDXCOMBO-483121464250677294,Other,Combo-483121464250677294,Finalized,83,83,0.23,0,0.23
2026-08-07,UDXCOMBO-5192952230577108397,Other,Combo-5192952230577108397,Finalized,83,83,0.2,0,0.2
2026-08-07,UDXCOMBO-10218936764190285669,Other,Combo-10218936764190285669,Finalized,0,83,0.23,0,0.23
2026-08-07,UDXCOMBO-1082965982160967133,Other,Combo-1082965982160967133,Finalized,0,83,0.52,0,0.52
2026-08-07,UDXCOMBO-10933842175185160978,Other,Combo-10933842175185160978,Finalized,0,83,0.2,0,0.2
2026-08-07,UDXCOMBO-16700872397571493404,Other,Combo-16700872397571493404,Finalized,0,83,0.46,0,0.46
2026-08-07,UDXCOMBO-2894117155285163246,Other,Combo-2894117155285163246,Finalized,0,83,0.1,0,0.1
2026-08-07,UDXCOMBO-8845653637910613796,Other,Combo-8845653637910613796,Finalized,0,83,0.11,0,0.11
2026-08-07,UDXCOMBO-15079122643467338688,Other,Combo-15079122643467338688,Finalized,82,82,0.06,0,0.06
2026-08-07,UDXCOMBO-1777818747596190589,Other,Combo-1777818747596190589,Finalized,82,82,0.52,0,0.52
2026-08-07,UDXCOMBO-5712890188347928441,Other,Combo-5712890188347928441,Finalized,82,82,0.53,0,0.53
2026-08-07,UDXCOMBO,Other,Combo,Finalized,0,82,0.59,0,
2026-08-07,UDXCOMBO-12759772245528303591,Other,Combo-12759772245528303591,Finalized,0,82,0.23,0,0.19
2026-08-07,UDXCOMBO-13919942183692522838,Other,Combo-13919942183692522838,Finalized,0,82,0.36,0,0.36
2026-08-07,UDXCOMBO-14736420173496010344,Other,Combo-14736420173496010344,Finalized,0,82,0.35,0,0.35
2026-08-07,UDXCOMBO-16514109739039242646,Other,Combo-16514109739039242646,Finalized,0,81,0.02,0,0.02
2026-08-07,UDXCOMBO-16580900192878221404,Other,Combo-16580900192878221404,Finalized,0,81,0.16,0,0.16
2026-08-07,UDXCOMBO-18176370421565233807,Other,Combo-18176370421565233807,Finalized,0,81,0.05,0,0.05
2026-08-07,UDXCOMBO-6610591102128341903,Other,Combo-6610591102128341903,Finalized,0,81,0.29,0,0.29
2026-08-07,UDXMLBTOTAL_BALTEX26AUG072015_9.5,Baseball,Total,Finalized,0,81,0.29,0,0.29
2026-08-07,UDXCOMBO-10741664030571486652,Other,Combo-10741664030571486652,Finalized,80,80,0.12,0,0.12
2026-08-07,UDXCOMBO-16078308603096678648,Other,Combo-16078308603096678648,Finalized,80,80,0.12,0,0.12
2026-08-07,UDXCOMBO-8601938451464851462,Other,Combo-8601938451464851462,Finalized,80,80,0.92,0,0.92
2026-08-07,UDXCOMBO-11506619288079537320,Other,Combo-11506619288079537320,Finalized,0,80,0.11,0,0.11
2026-08-07,UDXCOMBO-4245445211580627004,Other,Combo-4245445211580627004,Finalized,0,80,0.4,0,0.4
2026-08-07,UDXCOMBO-6864030179115606387,Other,Combo-6864030179115606387,Finalized,0,80,0.19,0,0.19
2026-08-07,UDXCOMBO-9230638114210523520,Other,Combo-9230638114210523520,Finalized,0,80,0.38,0,0.04
2026-08-07,UDXCOMBO-2017048419998108225,Other,Combo-2017048419998108225,Finalized,79,79,0.62,0,0.62
2026-08-07,UDXCOMBO-2645123010782607980,Other,Combo-2645123010782607980,Finalized,79,79,0.32,0,0.32
2026-08-07,UDXCOMBO-3097116929025441923,Other,Combo-3097116929025441923,Finalized,79,79,0.18,0,0.18
2026-08-07,UDXCOMBO-3802477913326598367,Other,Combo-3802477913326598367,Finalized,79,79,0.12,0,0.12
2026-08-07,UDXCOMBO-5961910804682411704,Other,Combo-5961910804682411704,Finalized,79,79,0.06,0,0.06
2026-08-07,UDXCOMBO-10872093448104698466,Other,Combo-10872093448104698466,Finalized,0,79,0.3,0,0.3
2026-08-07,UDXCOMBO-12245796656949825463,Other,Combo-12245796656949825463,Finalized,0,79,0.11,0,0.11
2026-08-07,UDXCOMBO-3410453499051447979,Other,Combo-3410453499051447979,Finalized,0,79,0.08,0,0.08
2026-08-07,UDXCOMBO-8264611858567484058,Other,Combo-8264611858567484058,Finalized,0,79,0.12,0,0.12
2026-08-07,UDXCOMBO-11500239142475006015,Other,Combo-11500239142475006015,Finalized,78,78,0.06,0,0.06
2026-08-07,UDXCOMBO-11601475189632149823,Other,Combo-11601475189632149823,Finalized,78,78,0.36,0,0.36
2026-08-07,UDXCOMBO-6164654753892694035,Other,Combo-6164654753892694035,Finalized,78,78,0.23,0,0.23
2026-08-07,UDXCOMBO-8471991229943640832,Other,Combo-8471991229943640832,Finalized,78,78,0.04,0,0.04
2026-08-07,UDXCOMBO-16991882455633852317,Other,Combo-16991882455633852317,Finalized,0,78,0.22,0,0.22
2026-08-07,UDXCOMBO-2472442130809394961,Other,Combo-2472442130809394961,Finalized,0,78,0.3,0,0.3
2026-08-07,UDXCOMBO-866345051319794774,Other,Combo-866345051319794774,Finalized,0,78,0.03,0,0.03
2026-08-07,UDXCOMBO-14039151537346683744,Other,Combo-14039151537346683744,Finalized,77,77,0.11,0,0.11
2026-08-07,UDXCOMBO-15126417797029935216,Other,Combo-15126417797029935216,Finalized,77,77,0.63,0,0.63
2026-08-07,UDXCOMBO-16734329991340418641,Other,Combo-16734329991340418641,Finalized,77,77,0.22,0,0.22
2026-08-07,UDXCOMBO-17143459794668418110,Other,Combo-17143459794668418110,Finalized,77,77,0.46,0,0.46
2026-08-07,UDXCOMBO-5663122787640601540,Other,Combo-5663122787640601540,Finalized,77,77,0.18,0,0.18
2026-08-07,UDXCOMBO-9064343268339863799,Other,Combo-9064343268339863799,Finalized,77,77,0.1,0,0.1
2026-08-07,UDXCOMBO-13329438686765780976,Other,Combo-13329438686765780976,Finalized,0,77,0.25,0,0.25
2026-08-07,UDXCOMBO-13666254370846489396,Other,Combo-13666254370846489396,Finalized,0,77,0.29,0,0.29
2026-08-07,UDXCOMBO-1402690331986973861,Other,Combo-1402690331986973861,Finalized,0,77,0.19,0,0.19
2026-08-07,UDXCOMBO-1857058280921879640,Other,Combo-1857058280921879640,Finalized,0,77,0.12,0,0.12
2026-08-07,UDXCOMBO-6318345346752832246,Other,Combo-6318345346752832246,Finalized,0,77,0.11,0,0.11
2026-08-07,UDXCOMBO-6384995283058573819,Other,Combo-6384995283058573819,Finalized,0,77,0.12,0,0.12
2026-08-07,UDXCOMBO-6607413790521755817,Other,Combo-6607413790521755817,Finalized,0,77,0.12,0,0.12
2026-08-07,UDXCOMBO-10491861532891606585,Other,Combo-10491861532891606585,Finalized,76,76,0.06,0,0.06
2026-08-07,UDXCOMBO-18237265724554244462,Other,Combo-18237265724554244462,Finalized,76,76,0.3,0,0.3
2026-08-07,UDXCOMBO-6872721845203902829,Other,Combo-6872721845203902829,Finalized,76,76,0.04,0,0.04
2026-08-07,UDXCOMBO-16219255581399444997,Other,Combo-16219255581399444997,Finalized,0,76,0.25,0,0.25
2026-08-07,UDXCOMBO-16244970994666476958,Other,Combo-16244970994666476958,Finalized,0,76,0.16,0,0.16
2026-08-07,UDXCOMBO-16688750837338353979,Other,Combo-16688750837338353979,Finalized,0,76,0.01,0,0.01
2026-08-07,UDXCOMBO-17285165331420026349,Other,Combo-17285165331420026349,Finalized,0,76,0.06,0,0.06
2026-08-07,UDXCOMBO-4345595741464457433,Other,Combo-4345595741464457433,Finalized,0,76,0.12,0,0.12
2026-08-07,UDXCOMBO-7906888647419113579,Other,Combo-7906888647419113579,Finalized,0,76,0.31,0,0.31
2026-08-07,UDXCOMBO-790745311231113386,Other,Combo-790745311231113386,Finalized,0,76,0.17,0,0.17
2026-08-07,UDXCOMBO-13521069434352255967,Other,Combo-13521069434352255967,Finalized,75,75,0.72,0,0.72
2026-08-07,UDXCOMBO-2300181726006715715,Other,Combo-2300181726006715715,Finalized,75,75,0.25,0,0.25
2026-08-07,UDXCOMBO-4144824417939367752,Other,Combo-4144824417939367752,Finalized,75,75,0.13,0,0.13
2026-08-07,UDXCOMBO-5477979959218841748,Other,Combo-5477979959218841748,Finalized,75,75,0.19,0,0.19
2026-08-07,UDXCOMBO-5625704367816700772,Other,Combo-5625704367816700772,Finalized,75,75,0.19,0,0.19
2026-08-07,UDXCOMBO-7228330576453663013,Other,Combo-7228330576453663013,Finalized,75,75,0.38,0,0.38
2026-08-07,UDXMLBTOTAL_TBSEA26AUG072145_7.5,Baseball,Total,Finalized,35,75,0.41,0,0.12
2026-08-07,UDXCOMBO-5324259933884591357,Other,Combo-5324259933884591357,Finalized,0,75,0.07,0,0.07
2026-08-07,UDXCOMBO-7634360719435261151,Other,Combo-7634360719435261151,Finalized,0,75,0.13,0,0.13
2026-08-07,UDXCOMBO-7951133635671179435,Other,Combo-7951133635671179435,Finalized,0,75,0.12,0,0.12
2026-08-07,UDXCOMBO-8288063738950164412,Other,Combo-8288063738950164412,Finalized,0,75,0.3,0,0.3
2026-08-07,UDXCOMBO-8339305889853365489,Other,Combo-8339305889853365489,Finalized,0,75,0.12,0,0.12
2026-08-07,UDXCOMBO-9533562104275509002,Other,Combo-9533562104275509002,Finalized,0,75,0.44,0,0.44
2026-08-07,UDXMLBTOTAL_BALTEX26AUG072015_2.5,Baseball,Total,Finalized,0,75,0.81,0,0.81
2026-08-07,UDXCOMBO-12157125213800205361,Other,Combo-12157125213800205361,Finalized,74,74,0.06,0,0.06
2026-08-07,UDXCOMBO-1488797843362341622,Other,Combo-1488797843362341622,Finalized,74,74,0.13,0,0.13
2026-08-07,UDXCOMBO-2745716416292088482,Other,Combo-2745716416292088482,Finalized,74,74,0.13,0,0.13
2026-08-07,UDXCOMBO-5171954955490625428,Other,Combo-5171954955490625428,Finalized,74,74,0.13,0,0.13
2026-08-07,UDXCOMBO-957402664395562646,Other,Combo-957402664395562646,Finalized,74,74,0.39,0,0.39
2026-08-07,UDXMLBSPREAD_HOUSD26AUG072140_SD1.5,Baseball,Spread,Finalized,74,74,0.35,0,0.33
2026-08-07,UDXCOMBO-17925771039700687759,Other,Combo-17925771039700687759,Finalized,0,74,0.13,0,0.13
2026-08-07,UDXCOMBO-585171856830140683,Other,Combo-585171856830140683,Finalized,0,74,0.13,0,0.13
2026-08-07,UDXCOMBO-9034933351914005276,Other,Combo-9034933351914005276,Finalized,0,74,0.06,0,0.06
2026-08-07,UDXCOMBO-11444299312369279990,Other,Combo-11444299312369279990,Finalized,73,73,0.06,0,0.06
2026-08-07,UDXCOMBO-1231387974076406166,Other,Combo-1231387974076406166,Finalized,73,73,0.4,0,0.4
2026-08-07,UDXCOMBO-5083629622193750622,Other,Combo-5083629622193750622,Finalized,73,73,0.13,0,0.13
2026-08-07,UDXCOMBO-9291618178370169121,Other,Combo-9291618178370169121,Finalized,73,73,0.06,0,0.06
2026-08-07,UDXCOMBO-10068288584586386550,Other,Combo-10068288584586386550,Finalized,0,73,0.12,0,0.12
2026-08-07,UDXCOMBO-18091098610203594137,Other,Combo-18091098610203594137,Finalized,0,73,0.3,0,0.3
2026-08-07,UDXCOMBO-2468446393622121069,Other,Combo-2468446393622121069,Finalized,0,73,0.13,0,0.13
2026-08-07,UDXCOMBO-9996805297716075516,Other,Combo-9996805297716075516,Finalized,0,73,0.12,0,0.12
2026-08-07,UDXCOMBO-13833279014278580563,Other,Combo-13833279014278580563,Finalized,72,72,0.26,0,0.26
2026-08-07,UDXCOMBO-3252192728932599640,Other,Combo-3252192728932599640,Finalized,72,72,0.04,0,0.04
2026-08-07,UDXCOMBO-7104455774541855623,Other,Combo-7104455774541855623,Finalized,72,72,0.13,0,0.13
2026-08-07,UDXCOMBO-11467934883348440324,Other,Combo-11467934883348440324,Finalized,0,72,0.34,0,0.34
2026-08-07,UDXCOMBO-11535819084424913840,Other,Combo-11535819084424913840,Finalized,0,72,0.36,0,0.36
2026-08-07,UDXCOMBO-12032068600149007344,Other,Combo-12032068600149007344,Finalized,0,72,0.13,0,0.13
2026-08-07,UDXCOMBO-14744552487123138017,Other,Combo-14744552487123138017,Finalized,0,72,0.08,0,0.08
2026-08-07,UDXCOMBO-1483707138166457084,Other,Combo-1483707138166457084,Finalized,0,72,0.07,0,0.07
2026-08-07,UDXCOMBO-17179268064615991431,Other,Combo-17179268064615991431,Finalized,0,72,0.12,0,0.12
2026-08-07,UDXCOMBO-3008707080885434160,Other,Combo-3008707080885434160,Finalized,0,72,0.26,0,0.26
2026-08-07,UDXCOMBO-4286173798038565903,Other,Combo-4286173798038565903,Finalized,0,72,0.13,0,0.13
2026-08-07,UDXCOMBO-13400170944960496894,Other,Combo-13400170944960496894,Finalized,71,71,0.23,0,0.23
2026-08-07,UDXCOMBO-3274790180425020589,Other,Combo-3274790180425020589,Finalized,71,71,0.15,0,0.15
2026-08-07,UDXCOMBO-7383763903857905395,Other,Combo-7383763903857905395,Finalized,71,71,0.13,0,0.13
2026-08-07,UDXCOMBO-745723606411263479,Other,Combo-745723606411263479,Finalized,71,71,0.12,0,0.12
2026-08-07,UDXCOMBO-845345818697867845,Other,Combo-845345818697867845,Finalized,71,71,0.69,0,0.69
2026-08-07,UDXCOMBO-9085250914568303256,Other,Combo-9085250914568303256,Finalized,71,71,0.27,0,0.27
2026-08-07,UDXCOMBO-11001065107834477134,Other,Combo-11001065107834477134,Finalized,0,71,0.13,0,0.13
2026-08-07,UDXCOMBO-14500228551896672320,Other,Combo-14500228551896672320,Finalized,0,71,0.13,0,0.13
2026-08-07,UDXCOMBO-14505099841794034883,Other,Combo-14505099841794034883,Finalized,0,71,0.28,0,0.28
2026-08-07,UDXCOMBO-4920627230066706895,Other,Combo-4920627230066706895,Finalized,0,71,0.34,0,0.34
2026-08-07,UDXCOMBO-6336501396566982909,Other,Combo-6336501396566982909,Finalized,0,71,0.07,0,0.07
2026-08-07,UDXMLBTOTAL_CHCKAN26AUG072010_5.5,Baseball,Total,Finalized,0,71,0.81,0,0.81
2026-08-07,UDXCOMBO-12556604250815266065,Other,Combo-12556604250815266065,Finalized,70,70,0.26,0,0.26
2026-08-07,UDXCOMBO-7285901628026991836,Other,Combo-7285901628026991836,Finalized,70,70,0.24,0,0.24
2026-08-07,UDXCOMBO-7731935287131620906,Other,Combo-7731935287131620906,Finalized,70,70,0.12,0,0.12
2026-08-07,UDXCOMBO-12771123297399627391,Other,Combo-12771123297399627391,Finalized,0,70,0.01,0,0.01
2026-08-07,UDXCOMBO-12978873524222768584,Other,Combo-12978873524222768584,Finalized,0,70,0.07,0,0.07
2026-08-07,UDXCOMBO-14279593592329399851,Other,Combo-14279593592329399851,Finalized,0,70,0.29,0,0.29
2026-08-07,UDXCOMBO-16948373291429902978,Other,Combo-16948373291429902978,Finalized,0,70,0.07,0,0.07
2026-08-07,UDXCOMBO-6808770562026660455,Other,Combo-6808770562026660455,Finalized,0,70,0.13,0,0.13
2026-08-07,UDXCOMBO-893006069723345897,Other,Combo-893006069723345897,Finalized,0,70,0.21,0,0.21
2026-08-07,UDXCOMBO-12995269393211204055,Other,Combo-12995269393211204055,Finalized,69,69,0.14,0,0.14
2026-08-07,UDXCOMBO-14553003102734945716,Other,Combo-14553003102734945716,Finalized,69,69,0.42,0,0.42
2026-08-07,UDXCOMBO-16937248698596369294,Other,Combo-16937248698596369294,Finalized,69,69,0.33,0,0.33
2026-08-07,UDXCOMBO-461843911884311859,Other,Combo-461843911884311859,Finalized,69,69,0.18,0,0.18
2026-08-07,UDXCOMBO-8030805681345808243,Other,Combo-8030805681345808243,Finalized,69,69,0.14,0,0.14
2026-08-07,UDXCOMBO-8326325439103101651,Other,Combo-8326325439103101651,Finalized,69,69,0.35,0,0.35
2026-08-07,UDXCOMBO-12866400329900830707,Other,Combo-12866400329900830707,Finalized,0,69,0.26,0,0.26
2026-08-07,UDXCOMBO-18412300816303854364,Other,Combo-18412300816303854364,Finalized,0,69,0.06,0,0.06
2026-08-07,UDXCOMBO-4699895934593021039,Other,Combo-4699895934593021039,Finalized,0,69,0.16,0,0.16
2026-08-07,UDXCOMBO-11907249072114649722,Other,Combo-11907249072114649722,Finalized,68,68,0.14,0,0.14
2026-08-07,UDXCOMBO-12620085802795725399,Other,Combo-12620085802795725399,Finalized,68,68,0.28,0,0.28
2026-08-07,UDXCOMBO-3076095644838637807,Other,Combo-3076095644838637807,Finalized,68,68,0.28,0,0.28
2026-08-07,UDXCOMBO-4644274905787757096,Other,Combo-4644274905787757096,Finalized,68,68,0.28,0,0.28
2026-08-07,UDXCOMBO-6404337052409931412,Other,Combo-6404337052409931412,Finalized,68,68,0.16,0,0.16
2026-08-07,UDXCOMBO-6620773457503145710,Other,Combo-6620773457503145710,Finalized,68,68,0.04,0,0.04
2026-08-07,UDXCOMBO-7852752624052841630,Other,Combo-7852752624052841630,Finalized,68,68,0.12,0,0.12
2026-08-07,UDXCOMBO-8977789673554850444,Other,Combo-8977789673554850444,Finalized,68,68,0.28,0,0.28
2026-08-07,UDXCOMBO-10138648182863203273,Other,Combo-10138648182863203273,Finalized,0,68,0.04,0,0.04
2026-08-07,UDXCOMBO-5005821752845844242,Other,Combo-5005821752845844242,Finalized,0,68,0.25,0,0.25
2026-08-07,UDXCOMBO-5364428306109566499,Other,Combo-5364428306109566499,Finalized,0,68,0.42,0,0.42
2026-08-07,UDXCOMBO-6217065248761318982,Other,Combo-6217065248761318982,Finalized,0,68,0.15,0,0.15
2026-08-07,UDXCOMBO-6456370102202742559,Other,Combo-6456370102202742559,Finalized,0,68,0.07,0,0.07
2026-08-07,UDXCOMBO-9396087454665237240,Other,Combo-9396087454665237240,Finalized,0,68,0.06,0,0.06
2026-08-07,UDXCOMBO-12236476267706103689,Other,Combo-12236476267706103689,Finalized,67,67,0.14,0,0.14
2026-08-07,UDXCOMBO-13395222176714528837,Other,Combo-13395222176714528837,Finalized,67,67,0.07,0,0.07
2026-08-07,UDXCOMBO-2308966694770908558,Other,Combo-2308966694770908558,Finalized,67,67,0.35,0,0.35
2026-08-07,UDXCOMBO-254547993165441024,Other,Combo-254547993165441024,Finalized,67,67,0.21,0,0.21
2026-08-07,UDXCOMBO-3280036880506916698,Other,Combo-3280036880506916698,Finalized,67,67,0.34,0,0.34
2026-08-07,UDXCOMBO-4470688038868621127,Other,Combo-4470688038868621127,Finalized,67,67,0.14,0,0.14
2026-08-07,UDXCOMBO-5201047531969295850,Other,Combo-5201047531969295850,Finalized,67,67,0.21,0,0.21
2026-08-07,UDXCOMBO-9791132105546148310,Other,Combo-9791132105546148310,Finalized,67,67,0.14,0,0.14
2026-08-07,UDXCOMBO-17779456294357775954,Other,Combo-17779456294357775954,Finalized,0,67,0.03,0,0.03
2026-08-07,UDXCOMBO-4140185353612266757,Other,Combo-4140185353612266757,Finalized,0,67,0.35,0,0.35
2026-08-07,UDXCOMBO-10820513596440662094,Other,Combo-10820513596440662094,Finalized,66,66,0.06,0,0.06
2026-08-07,UDXCOMBO-12372972311445036001,Other,Combo-12372972311445036001,Finalized,66,66,0.04,0,0.04
2026-08-07,UDXCOMBO-13372352256942325164,Other,Combo-13372352256942325164,Finalized,66,66,0.03,0,0.03
2026-08-07,UDXCOMBO-538124913166328817,Other,Combo-538124913166328817,Finalized,66,66,0.04,0,0.04
2026-08-07,UDXCOMBO-5657516241352179369,Other,Combo-5657516241352179369,Finalized,66,66,0.36,0,0.36
2026-08-07,UDXCOMBO-6793705423165743233,Other,Combo-6793705423165743233,Finalized,66,66,0.07,0,0.07
2026-08-07,UDXCOMBO-8480905517119794958,Other,Combo-8480905517119794958,Finalized,66,66,0.07,0,0.07
2026-08-07,UDXCOMBO-8694706362613559669,Other,Combo-8694706362613559669,Finalized,66,66,0.3,0,0.3
2026-08-07,UDXCOMBO-13344223140307821486,Other,Combo-13344223140307821486,Finalized,0,66,0.06,0,0.06
2026-08-07,UDXCOMBO-14718239344331695054,Other,Combo-14718239344331695054,Finalized,0,66,0.01,0,0.01
2026-08-07,UDXCOMBO-17932085104105898725,Other,Combo-17932085104105898725,Finalized,0,66,0.14,0,0.14
2026-08-07,UDXCOMBO-18132042494012707886,Other,Combo-18132042494012707886,Finalized,0,66,0.19,0,0.19
2026-08-07,UDXCOMBO-2559792365761745843,Other,Combo-2559792365761745843,Finalized,0,66,0.06,0,0.06
2026-08-07,UDXCOMBO-3353109481317519775,Other,Combo-3353109481317519775,Finalized,0,66,0.07,0,0.07
2026-08-07,UDXCOMBO-3392065011058337647,Other,Combo-3392065011058337647,Finalized,0,66,0.29,0,0.29
2026-08-07,UDXCOMBO-34555762391434479,Other,Combo-34555762391434479,Finalized,0,66,0.06,0,0.06
2026-08-07,UDXCOMBO-382713563734633835,Other,Combo-382713563734633835,Finalized,0,66,0.01,0,0.01
2026-08-07,UDXCOMBO-6924095141392659165,Other,Combo-6924095141392659165,Finalized,0,66,0.15,0,0.15
2026-08-07,UDXCOMBO-7218891021411862317,Other,Combo-7218891021411862317,Finalized,0,66,0.01,0,0.01
2026-08-07,UDXCOMBO-11468723002503543246,Other,Combo-11468723002503543246,Finalized,65,65,0.14,0,0.14
2026-08-07,UDXCOMBO-13478334099215203967,Other,Combo-13478334099215203967,Finalized,65,65,0.14,0,0.14
2026-08-07,UDXCOMBO-14404789912602137322,Other,Combo-14404789912602137322,Finalized,65,65,0.18,0,0.18
2026-08-07,UDXCOMBO-14874804560312529008,Other,Combo-14874804560312529008,Finalized,65,65,0.13,0,0.13
2026-08-07,UDXCOMBO-15908372444268821195,Other,Combo-15908372444268821195,Finalized,65,65,0.22,0,0.22
2026-08-07,UDXCOMBO-2999065332142117377,Other,Combo-2999065332142117377,Finalized,65,65,0.06,0,0.05
2026-08-07,UDXCOMBO-3858972311506002950,Other,Combo-3858972311506002950,Finalized,65,65,0.37,0,0.37
2026-08-07,UDXCOMBO-4045361100699239201,Other,Combo-4045361100699239201,Finalized,65,65,0.14,0,0.14
2026-08-07,UDXCOMBO-8726159947113440543,Other,Combo-8726159947113440543,Finalized,65,65,0.27,0,0.27
2026-08-07,UDXCOMBO-11774476575203506486,Other,Combo-11774476575203506486,Finalized,0,65,0.23,0,0.23
2026-08-07,UDXCOMBO-12150943022728002171,Other,Combo-12150943022728002171,Finalized,0,65,0.15,0,0.15
2026-08-07,UDXCOMBO-13927537239956166654,Other,Combo-13927537239956166654,Finalized,0,65,0.13,0,0.13
2026-08-07,UDXCOMBO-3495800726506844685,Other,Combo-3495800726506844685,Finalized,0,65,0.07,0,0.07
2026-08-07,UDXCOMBO-3622224701025096071,Other,Combo-3622224701025096071,Finalized,0,65,0.36,0,0.36
2026-08-07,UDXCOMBO-365336709227453558,Other,Combo-365336709227453558,Finalized,0,65,0.34,0,0.34
2026-08-07,UDXCOMBO-4558652160689415032,Other,Combo-4558652160689415032,Finalized,0,65,0.15,0,0.15
2026-08-07,UDXCOMBO-6353323618747063495,Other,Combo-6353323618747063495,Finalized,0,65,0.29,0,0.29
2026-08-07,UDXCOMBO-6905408047176499188,Other,Combo-6905408047176499188,Finalized,0,65,0.07,0,0.07
2026-08-07,UDXCOMBO-8983053382057655656,Other,Combo-8983053382057655656,Finalized,0,65,0.15,0,0.15
2026-08-07,UDXCOMBO-9758846491718194721,Other,Combo-9758846491718194721,Finalized,0,65,0.15,0,0.15
2026-08-07,UDXCOMBO-1316721090733674937,Other,Combo-1316721090733674937,Finalized,64,64,0.27,0,0.25
2026-08-07,UDXCOMBO-2052879185075436002,Other,Combo-2052879185075436002,Finalized,64,64,0.07,0,0.07
2026-08-07,UDXCOMBO-9600118833466633047,Other,Combo-9600118833466633047,Finalized,64,64,0.29,0,0.29
2026-08-07,UDXCOMBO-4286302383168050850,Other,Combo-4286302383168050850,Finalized,0,64,0.37,0,0.37
2026-08-07,UDXCOMBO-1018913614297467943,Other,Combo-1018913614297467943,Finalized,63,63,0.11,0,0.11
2026-08-07,UDXCOMBO-3545990678456408793,Other,Combo-3545990678456408793,Finalized,63,63,0.45,0,0.45
2026-08-07,UDXCOMBO-5686289656450691873,Other,Combo-5686289656450691873,Finalized,63,63,0.15,0,0.15
2026-08-07,UDXCOMBO-6545235808613956607,Other,Combo-6545235808613956607,Finalized,63,63,0.04,0,0.04
2026-08-07,UDXCOMBO-7392791653725997548,Other,Combo-7392791653725997548,Finalized,63,63,0.15,0,0.15
2026-08-07,UDXCOMBO-7686887093236230262,Other,Combo-7686887093236230262,Finalized,63,63,0.38,0,0.38
2026-08-07,UDXCOMBO-14529262103649850236,Other,Combo-14529262103649850236,Finalized,0,63,0.34,0,0.34
2026-08-07,UDXCOMBO-15250047355536889645,Other,Combo-15250047355536889645,Finalized,0,63,0.3,0,0.17
2026-08-07,UDXCOMBO-2958956077874748562,Other,Combo-2958956077874748562,Finalized,0,63,0.56,0,0.56
2026-08-07,UDXCOMBO-7484353022974744719,Other,Combo-7484353022974744719,Finalized,0,63,0.07,0,0.07
2026-08-07,UDXCOMBO-2989763858932288859,Other,Combo-2989763858932288859,Finalized,62.92,62.92,0.15,0,0.15
2026-08-07,UDXCOMBO-16258899338839528494,Other,Combo-16258899338839528494,Finalized,62,62,0.09,0,0.09
2026-08-07,UDXCOMBO-18362352853467957850,Other,Combo-18362352853467957850,Finalized,62,62,0.03,0,0.03
2026-08-07,UDXCOMBO-3830326760944486506,Other,Combo-3830326760944486506,Finalized,62,62,0.62,0,0.62
2026-08-07,UDXCOMBO-6089415608839190711,Other,Combo-6089415608839190711,Finalized,62,62,0.08,0,0.08
2026-08-07,UDXCOMBO-7794416190276405177,Other,Combo-7794416190276405177,Finalized,62,62,0.47,0,0.42
2026-08-07,UDXCOMBO-9684731695941957272,Other,Combo-9684731695941957272,Finalized,62,62,0.15,0,0.15
2026-08-07,UDXMLBSPREAD_ATLNYY26AUG071905_ATL3.5,Baseball,Spread,Finalized,62,62,0.18,0,0.18
2026-08-07,UDXCOMBO-10307900861213587744,Other,Combo-10307900861213587744,Finalized,0,62,0.03,0,0.03
2026-08-07,UDXCOMBO-12576914796362116961,Other,Combo-12576914796362116961,Finalized,0,62,0.15,0,0.15
2026-08-07,UDXCOMBO-14370673537306725702,Other,Combo-14370673537306725702,Finalized,0,62,0.14,0,0.14
2026-08-07,UDXCOMBO-17591579059481138055,Other,Combo-17591579059481138055,Finalized,0,62,0.12,0,0.12
2026-08-07,UDXCOMBO-2990492097856537553,Other,Combo-2990492097856537553,Finalized,0,62,0.27,0,0.27
2026-08-07,UDXCOMBO-9691539249041851467,Other,Combo-9691539249041851467,Finalized,0,62,0.14,0,0.14
2026-08-07,UDXCOMBO-10259797889662122599,Other,Combo-10259797889662122599,Finalized,61,61,0.08,0,0.08
2026-08-07,UDXCOMBO-10776472359511011717,Other,Combo-10776472359511011717,Finalized,61,61,0.31,0,0.31
2026-08-07,UDXCOMBO-16432877117397738372,Other,Combo-16432877117397738372,Finalized,61,61,0.31,0,0.31
2026-08-07,UDXCOMBO-6921958684957474141,Other,Combo-6921958684957474141,Finalized,61,61,0.23,0,0.23
2026-08-07,UDXCOMBO-9786995382070715648,Other,Combo-9786995382070715648,Finalized,61,61,0.39,0,0.39
2026-08-07,UDXCOMBO-1155862670759754423,Other,Combo-1155862670759754423,Finalized,0,61,0.08,0,0.08
2026-08-07,UDXCOMBO-12745625333405957736,Other,Combo-12745625333405957736,Finalized,0,61,0.15,0,0.15
2026-08-07,UDXCOMBO-15229147819203699714,Other,Combo-15229147819203699714,Finalized,0,61,0.14,0,0.14
2026-08-07,UDXCOMBO-4914767782870252839,Other,Combo-4914767782870252839,Finalized,0,61,0.2,0,0.2
2026-08-07,UDXCOMBO-6096689032251128302,Other,Combo-6096689032251128302,Finalized,0,61,0.16,0,0.16
2026-08-07,UDXCOMBO-10602301514891700439,Other,Combo-10602301514891700439,Finalized,60,60,0.12,0,0.12
2026-08-07,UDXCOMBO-13365832267733489412,Other,Combo-13365832267733489412,Finalized,60,60,0.08,0,0.08
2026-08-07,UDXCOMBO-16370733986066069695,Other,Combo-16370733986066069695,Finalized,60,60,0.31,0,0.31
2026-08-07,UDXCOMBO-3492925074652950932,Other,Combo-3492925074652950932,Finalized,60,60,0.28,0,0.28
2026-08-07,UDXCOMBO-8736729799099705754,Other,Combo-8736729799099705754,Finalized,60,60,0.47,0,0.47
2026-08-07,UDXCOMBO-14086067139690330911,Other,Combo-14086067139690330911,Finalized,0,60,0.28,0,0.28
2026-08-07,UDXCOMBO-17227011865668187097,Other,Combo-17227011865668187097,Finalized,0,60,0.08,0,0.08
2026-08-07,UDXCOMBO-7011009957654233542,Other,Combo-7011009957654233542,Finalized,0,60,0.21,0,0.21
2026-08-07,UDXCOMBO-14736714112228333140,Other,Combo-14736714112228333140,Finalized,59,59,0.24,0,0.24
2026-08-07,UDXCOMBO-14799480710699862857,Other,Combo-14799480710699862857,Finalized,59,59,0.27,0,0.27
2026-08-07,UDXCOMBO-17266346328916432183,Other,Combo-17266346328916432183,Finalized,59,59,0.16,0,0.16
2026-08-07,UDXCOMBO-2092714428025780165,Other,Combo-2092714428025780165,Finalized,59,59,0.16,0,0.16
2026-08-07,UDXCOMBO-2352183776744755205,Other,Combo-2352183776744755205,Finalized,59,59,0.24,0,0.24
2026-08-07,UDXCOMBO-2533592898569807039,Other,Combo-2533592898569807039,Finalized,59,59,0.29,0,0.29
2026-08-07,UDXCOMBO-6586563340444507789,Other,Combo-6586563340444507789,Finalized,59,59,0.19,0,0.19
2026-08-07,UDXCOMBO-12003314163765190972,Other,Combo-12003314163765190972,Finalized,0,59,0.5,0,0.5
2026-08-07,UDXCOMBO-14190471031023526799,Other,Combo-14190471031023526799,Finalized,0,59,0.08,0,0.08
2026-08-07,UDXMLBTOTAL_MINMIL26AUG071940_5.5,Baseball,Total,Finalized,0,59,0.74,0,0.74
2026-08-07,UDXWNBATOTAL_ATLWSH2026AUG07_181.5,Basketball (pro),Total,Finalized,0,59,0.27,0,0.25
2026-08-07,UDXCOMBO-2367262991793745603,Other,Combo-2367262991793745603,Finalized,58,58,0.29,0,0.29
2026-08-07,UDXCOMBO-4909069549246322163,Other,Combo-4909069549246322163,Finalized,58,58,0.41,0,0.41
2026-08-07,UDXCOMBO-7945998280547741303,Other,Combo-7945998280547741303,Finalized,58,58,0.41,0,0.41
2026-08-07,UDXCOMBO-9188207932174179595,Other,Combo-9188207932174179595,Finalized,58,58,0.02,0,0.02
2026-08-07,UDXCOMBO-11913018237203170162,Other,Combo-11913018237203170162,Finalized,0,58,0.07,0,0.07
2026-08-07,UDXCOMBO-14092173580241960249,Other,Combo-14092173580241960249,Finalized,0,58,0.29,0,0.29
2026-08-07,UDXCOMBO-15015536439385041611,Other,Combo-15015536439385041611,Finalized,0,58,0.41,0,0.41
2026-08-07,UDXCOMBO-16611974371107842145,Other,Combo-16611974371107842145,Finalized,0,58,0.07,0,0.07
2026-08-07,UDXCOMBO-1961863646459193010,Other,Combo-1961863646459193010,Finalized,0,58,0.24,0,0.24
2026-08-07,UDXCOMBO-4105777522471335914,Other,Combo-4105777522471335914,Finalized,0,58,0.14,0,0.14
2026-08-07,UDXCOMBO-574400573046827212,Other,Combo-574400573046827212,Finalized,0,58,0.14,0,0.14
2026-08-07,UDXCOMBO-7996469684293380137,Other,Combo-7996469684293380137,Finalized,0,58,0.33,0,0.33
2026-08-07,UDXCOMBO-8741345178385423756,Other,Combo-8741345178385423756,Finalized,0,58,0.1,0,0.1
2026-08-07,UDXCOMBO-133942957928738649,Other,Combo-133942957928738649,Finalized,57,57,0.6,0,0.6
2026-08-07,UDXCOMBO-14048365279285654018,Other,Combo-14048365279285654018,Finalized,57,57,0.26,0,0.26
2026-08-07,UDXCOMBO-3436782384470633335,Other,Combo-3436782384470633335,Finalized,57,57,0.59,0,0.59
2026-08-07,UDXCOMBO-10519912823269150653,Other,Combo-10519912823269150653,Finalized,0,57,0.5,0,0.5
2026-08-07,UDXCOMBO-12067925184258065940,Other,Combo-12067925184258065940,Finalized,0,57,0.35,0,0.34
2026-08-07,UDXCOMBO-1280567780420517325,Other,Combo-1280567780420517325,Finalized,0,57,0.34,0,0.34
2026-08-07,UDXCOMBO-709587247535786522,Other,Combo-709587247535786522,Finalized,0,57,0.22,0,0.22
2026-08-07,UDXCOMBO-7341849170790739680,Other,Combo-7341849170790739680,Finalized,0,57,0.2,0,0.18
2026-08-07,UDXCOMBO-8423224998846573787,Other,Combo-8423224998846573787,Finalized,0,57,0.17,0,0.17
2026-08-07,UDXMLBTOTAL_CLECWS26AUG071940_6.5,Baseball,Total,Finalized,0,57,0.68,0,0.68
2026-08-07,UDXCOMBO-12709408928036147881,Other,Combo-12709408928036147881,Finalized,56,56,0.33,0,0.33
2026-08-07,UDXCOMBO-1767258409773807140,Other,Combo-1767258409773807140,Finalized,56,56,0.17,0,0.17
2026-08-07,UDXCOMBO-8947598486367730440,Other,Combo-8947598486367730440,Finalized,56,56,0.37,0,0.37
2026-08-07,UDXCOMBO-14094522359888433205,Other,Combo-14094522359888433205,Finalized,0,56,0.26,0,0.26
2026-08-07,UDXCOMBO-1552583736344670924,Other,Combo-1552583736344670924,Finalized,0,56,0.3,0,0.3
2026-08-07,UDXCOMBO-17107478978976564327,Other,Combo-17107478978976564327,Finalized,0,56,0.31,0,0.31
2026-08-07,UDXCOMBO-6184937577169057495,Other,Combo-6184937577169057495,Finalized,0,56,0.09,0,0.09
2026-08-07,UDXCOMBO-8524243727365557356,Other,Combo-8524243727365557356,Finalized,0,56,0.19,0,0.19
2026-08-07,UDXCOMBO-14354521995561927621,Other,Combo-14354521995561927621,Finalized,55,55,0.31,0,0.31
2026-08-07,UDXCOMBO-15134462837055163791,Other,Combo-15134462837055163791,Finalized,55,55,0.35,0,0.35
2026-08-07,UDXCOMBO-15485606870973260155,Other,Combo-15485606870973260155,Finalized,55,55,0.43,0,0.43
2026-08-07,UDXCOMBO-17872164561883777452,Other,Combo-17872164561883777452,Finalized,55,55,0.17,0,0.17
2026-08-07,UDXCOMBO-4406455714517420332,Other,Combo-4406455714517420332,Finalized,55,55,0.15,0,0.15
2026-08-07,UDXCOMBO-5389660303286083511,Other,Combo-5389660303286083511,Finalized,55,55,0.06,0,0.06
2026-08-07,UDXCOMBO-5928237621105996655,Other,Combo-5928237621105996655,Finalized,55,55,0.7,0,0.7
2026-08-07,UDXCOMBO-12015508305630512568,Other,Combo-12015508305630512568,Finalized,0,55,0.24,0,0.24
2026-08-07,UDXCOMBO-13444239080150878995,Other,Combo-13444239080150878995,Finalized,0,55,0.17,0,0.17
2026-08-07,UDXCOMBO-1648933284201572699,Other,Combo-1648933284201572699,Finalized,0,55,0.35,0,0.35
2026-08-07,UDXCOMBO-1754231291200214341,Other,Combo-1754231291200214341,Finalized,0,55,0.02,0,0.02
2026-08-07,UDXCOMBO-1933662159736408537,Other,Combo-1933662159736408537,Finalized,0,55,0.17,0,0.17
2026-08-07,UDXCOMBO-1974164730311524302,Other,Combo-1974164730311524302,Finalized,0,55,0.08,0,0.08
2026-08-07,UDXCOMBO-5559844854455446664,Other,Combo-5559844854455446664,Finalized,0,55,0.08,0,0.08
2026-08-07,UDXCOMBO-6344768708279394218,Other,Combo-6344768708279394218,Finalized,0,55,0.26,0,0.26
2026-08-07,UDXCOMBO-15243736573074610887,Other,Combo-15243736573074610887,Finalized,54,54,0.45,0,0.45
2026-08-07,UDXCOMBO-3576844274886787865,Other,Combo-3576844274886787865,Finalized,54,54,0.04,0,0.04
2026-08-07,UDXCOMBO-555762491403435702,Other,Combo-555762491403435702,Finalized,54,54,0.09,0,0.09
2026-08-07,UDXCOMBO-588586632683348487,Other,Combo-588586632683348487,Finalized,54,54,0.26,0,0.26
2026-08-07,UDXCOMBO-6806082988855140045,Other,Combo-6806082988855140045,Finalized,54,54,0.17,0,0.17
2026-08-07,UDXCOMBO-12469262182224768440,Other,Combo-12469262182224768440,Finalized,0,54,0.17,0,0.17
2026-08-07,UDXCOMBO-14944694708692780681,Other,Combo-14944694708692780681,Finalized,0,54,0.09,0,0.09
2026-08-07,UDXCOMBO-14974581831600705406,Other,Combo-14974581831600705406,Finalized,0,54,0.29,0,0.29
2026-08-07,UDXCOMBO-5566288677968435374,Other,Combo-5566288677968435374,Finalized,0,54,0.19,0,0.19
2026-08-07,UDXCOMBO-6004734726058925762,Other,Combo-6004734726058925762,Finalized,0,54,0.09,0,0.09
2026-08-07,UDXCOMBO-891044654416832286,Other,Combo-891044654416832286,Finalized,0,54,0.17,0,0.17
2026-08-07,UDXCOMBO-15294204678910386809,Other,Combo-15294204678910386809,Finalized,53,53,0.36,0,0.36
2026-08-07,UDXCOMBO-15824320690444650787,Other,Combo-15824320690444650787,Finalized,53,53,0.18,0,0.18
2026-08-07,UDXCOMBO-16871824615868313119,Other,Combo-16871824615868313119,Finalized,53,53,0.32,0,0.32
2026-08-07,UDXCOMBO-4202373932746182350,Other,Combo-4202373932746182350,Finalized,53,53,0.18,0,0.18
2026-08-07,UDXCOMBO-8652273036890432572,Other,Combo-8652273036890432572,Finalized,53,53,0.18,0,0.18
2026-08-07,UDXCOMBO-185241332178773303,Other,Combo-185241332178773303,Finalized,0,53,0.16,0,0.16
2026-08-07,UDXCOMBO-6954485430436158397,Other,Combo-6954485430436158397,Finalized,0,53,0.25,0,0.25
2026-08-07,UDXCOMBO-8538890852590702074,Other,Combo-8538890852590702074,Finalized,0,53,0.16,0,0.16
2026-08-07,UDXCOMBO-11760403811167272374,Other,Combo-11760403811167272374,Finalized,52,52,0.16,0,0.16
2026-08-07,UDXCOMBO-14591232397632983699,Other,Combo-14591232397632983699,Finalized,52,52,0.05,0,0.05
2026-08-07,UDXCOMBO-17091467303643163471,Other,Combo-17091467303643163471,Finalized,52,52,0.27,0,0.27
2026-08-07,UDXCOMBO-3264617474134414507,Other,Combo-3264617474134414507,Finalized,52,52,0.09,0,0.09
2026-08-07,UDXCOMBO-413706684782080252,Other,Combo-413706684782080252,Finalized,52,52,0.3,0,0.3
2026-08-07,UDXCOMBO-9196644070221442501,Other,Combo-9196644070221442501,Finalized,52,52,0.68,0,0.68
2026-08-07,UDXCOMBO-9351289640047694293,Other,Combo-9351289640047694293,Finalized,52,52,0.09,0,0.09
2026-08-07,UDXCOMBO-9447477878787453701,Other,Combo-9447477878787453701,Finalized,52,52,0.16,0,0.16
2026-08-07,UDXCOMBO-10898537668742236904,Other,Combo-10898537668742236904,Finalized,0,52,0.09,0,0.09
2026-08-07,UDXCOMBO-12322793554850321922,Other,Combo-12322793554850321922,Finalized,0,52,0.29,0,0.29
2026-08-07,UDXCOMBO-13693249977592641793,Other,Combo-13693249977592641793,Finalized,0,52,0.09,0,0.09
2026-08-07,UDXCOMBO-16477188202941407870,Other,Combo-16477188202941407870,Finalized,0,52,0.16,0,0.16
2026-08-07,UDXCOMBO-17642908022054430768,Other,Combo-17642908022054430768,Finalized,0,52,0.18,0,0.18
2026-08-07,UDXCOMBO-11820286319909338299,Other,Combo-11820286319909338299,Finalized,51,51,0.18,0,0.18
2026-08-07,UDXCOMBO-1249685634477042168,Other,Combo-1249685634477042168,Finalized,51,51,0.04,0,0.04
2026-08-07,UDXCOMBO-5042576552393694193,Other,Combo-5042576552393694193,Finalized,51,51,0.09,0,0.09
2026-08-07,UDXCOMBO-5736379277862033931,Other,Combo-5736379277862033931,Finalized,51,51,0.14,0,0.06
2026-08-07,UDXCOMBO-8218810489846426348,Other,Combo-8218810489846426348,Finalized,51,51,0.09,0,0.09
2026-08-07,UDXCOMBO-9365715097295228869,Other,Combo-9365715097295228869,Finalized,51,51,0.57,0,0.57
2026-08-07,UDXCOMBO-13378397748794539186,Other,Combo-13378397748794539186,Finalized,0,51,0.37,0,0.37
2026-08-07,UDXCOMBO-13458915939464746742,Other,Combo-13458915939464746742,Finalized,0,51,0.39,0,0.39
2026-08-07,UDXCOMBO-13706379333773814529,Other,Combo-13706379333773814529,Finalized,0,51,0.18,0,0.18
2026-08-07,UDXCOMBO-17191902667144632239,Other,Combo-17191902667144632239,Finalized,0,51,0.18,0,0.18
2026-08-07,UDXCOMBO-6158543379322771758,Other,Combo-6158543379322771758,Finalized,0,51,0.05,0,0.05
2026-08-07,UDXCOMBO-10349577672846816137,Other,Combo-10349577672846816137,Finalized,50,50,0.28,0,0.28
2026-08-07,UDXCOMBO-11981093505328439880,Other,Combo-11981093505328439880,Finalized,50,50,0.19,0,0.19
2026-08-07,UDXCOMBO-14200369496727521694,Other,Combo-14200369496727521694,Finalized,50,50,0.17,0,0.17
2026-08-07,UDXCOMBO-14505003969484837022,Other,Combo-14505003969484837022,Finalized,50,50,0.59,0,0.59
2026-08-07,UDXCOMBO-15000776559306055751,Other,Combo-15000776559306055751,Finalized,50,50,0.28,0,0.28
2026-08-07,UDXCOMBO-7051422270588028187,Other,Combo-7051422270588028187,Finalized,50,50,0.17,0,0.17
2026-08-07,UDXCOMBO-7590748108258795130,Other,Combo-7590748108258795130,Finalized,50,50,0.19,0,0.19
2026-08-07,UDXCOMBO-106021266914228848,Other,Combo-106021266914228848,Finalized,0,50,0.07,0,0.07
2026-08-07,UDXCOMBO-10683218507189174125,Other,Combo-10683218507189174125,Finalized,0,50,0.11,0,0.11
2026-08-07,UDXCOMBO-13284317777215901178,Other,Combo-13284317777215901178,Finalized,0,50,0.02,0,0.02
2026-08-07,UDXCOMBO-15560151424645374122,Other,Combo-15560151424645374122,Finalized,0,50,0.19,0,0.19
2026-08-07,UDXCOMBO-15692748458341667975,Other,Combo-15692748458341667975,Finalized,0,50,0.21,0,0.21
2026-08-07,UDXCOMBO-17720099457869639017,Other,Combo-17720099457869639017,Finalized,0,50,0.35,0,0.35
2026-08-07,UDXCOMBO-2964760772913243815,Other,Combo-2964760772913243815,Finalized,0,50,0.08,0,0.08
2026-08-07,UDXCOMBO-4084710100486099371,Other,Combo-4084710100486099371,Finalized,0,50,0.17,0,0.17
2026-08-07,UDXCOMBO-7164434724083787296,Other,Combo-7164434724083787296,Finalized,0,50,0.34,0,0.34
2026-08-07,UDXCOMBO-9212895365366178435,Other,Combo-9212895365366178435,Finalized,0,50,0.09,0,0.09
2026-08-07,UDXCOMBO-9434456452423916837,Other,Combo-9434456452423916837,Finalized,0,50,0.09,0,0.09
2026-08-07,UDXCOMBO-10539502817464333979,Other,Combo-10539502817464333979,Finalized,49,49,0.17,0,0.17
2026-08-07,UDXCOMBO-10574406142906003052,Other,Combo-10574406142906003052,Finalized,49,49,0.39,0,0.39
2026-08-07,UDXCOMBO-10721200686544309338,Other,Combo-10721200686544309338,Finalized,49,49,0.19,0,0.19
2026-08-07,UDXCOMBO-10724872770871142595,Other,Combo-10724872770871142595,Finalized,49,49,0.26,0,0.26
2026-08-07,UDXCOMBO-12131399961131726391,Other,Combo-12131399961131726391,Finalized,49,49,0.08,0,0.08
2026-08-07,UDXCOMBO-15227399569213325470,Other,Combo-15227399569213325470,Finalized,49,49,0.57,0,0.57
2026-08-07,UDXCOMBO-15758590465534324244,Other,Combo-15758590465534324244,Finalized,49,49,0.27,0,0.27
2026-08-07,UDXCOMBO-16649779451606975186,Other,Combo-16649779451606975186,Finalized,49,49,0.19,0,0.19
2026-08-07,UDXCOMBO-1698926229921775579,Other,Combo-1698926229921775579,Finalized,49,49,0.19,0,0.19
2026-08-07,UDXCOMBO-18237456029325541237,Other,Combo-18237456029325541237,Finalized,49,49,0.17,0,0.17
2026-08-07,UDXCOMBO-9737576327938538210,Other,Combo-9737576327938538210,Finalized,49,49,0.08,0,0.08
2026-08-07,UDXCOMBO-9746551348590383266,Other,Combo-9746551348590383266,Finalized,49,49,0.19,0,0.19
2026-08-07,UDXCOMBO-10772658414265243429,Other,Combo-10772658414265243429,Finalized,0,49,0.02,0,0.02
2026-08-07,UDXCOMBO-4480407479991800437,Other,Combo-4480407479991800437,Finalized,0,49,0.1,0,0.1
2026-08-07,UDXCOMBO-11258409456974280519,Other,Combo-11258409456974280519,Finalized,48,48,0.1,0,0.1
2026-08-07,UDXCOMBO-15327020457688330950,Other,Combo-15327020457688330950,Finalized,48,48,0.38,0,0.38
2026-08-07,UDXCOMBO-3083198586720480432,Other,Combo-3083198586720480432,Finalized,48,48,0.5,0,0.5
2026-08-07,UDXCOMBO-12604795617096738248,Other,Combo-12604795617096738248,Finalized,0,48,0.44,0,0.44
2026-08-07,UDXCOMBO-13715009778497033731,Other,Combo-13715009778497033731,Finalized,0,48,0.36,0,0.36
2026-08-07,UDXCOMBO-18112216279286666031,Other,Combo-18112216279286666031,Finalized,0,48,0.4,0,0.4
2026-08-07,UDXCOMBO-18211324445857176472,Other,Combo-18211324445857176472,Finalized,0,48,0.1,0,0.1
2026-08-07,UDXCOMBO-3844063258202455316,Other,Combo-3844063258202455316,Finalized,0,48,0.17,0,0.17
2026-08-07,UDXCOMBO-4649653217833404497,Other,Combo-4649653217833404497,Finalized,0,48,0.07,0,0.07
2026-08-07,UDXCOMBO-4684036670232009581,Other,Combo-4684036670232009581,Finalized,0,48,0.4,0,0.4
2026-08-07,UDXCOMBO-4875345323521846004,Other,Combo-4875345323521846004,Finalized,0,48,0.19,0,0.19
2026-08-07,UDXCOMBO-6032376192959963330,Other,Combo-6032376192959963330,Finalized,0,48,0.08,0,0.08
2026-08-07,UDXCOMBO-6477010978546774933,Other,Combo-6477010978546774933,Finalized,0,48,0.17,0,0.17
2026-08-07,UDXCOMBO-9832284938893759348,Other,Combo-9832284938893759348,Finalized,0,48,0.5,0,0.5
2026-08-07,UDXCOMBO-10369271795375569245,Other,Combo-10369271795375569245,Finalized,47,47,0.1,0,0.1
2026-08-07,UDXCOMBO-12773627567404861799,Other,Combo-12773627567404861799,Finalized,47,47,0.61,0,0.61
2026-08-07,UDXCOMBO-17648206829008047816,Other,Combo-17648206829008047816,Finalized,47,47,0.2,0,0.2
2026-08-07,UDXCOMBO-2902016981014224732,Other,Combo-2902016981014224732,Finalized,47,47,0.41,0,0.41
2026-08-07,UDXCOMBO-3060885139715893328,Other,Combo-3060885139715893328,Finalized,47,47,0.21,0,0.21
2026-08-07,UDXCOMBO-10042442056075885347,Other,Combo-10042442056075885347,Finalized,0,47,0.05,0,0.05
2026-08-07,UDXCOMBO-17982003693811747506,Other,Combo-17982003693811747506,Finalized,0,47,0.2,0,0.2
2026-08-07,UDXCOMBO-4220667578924627939,Other,Combo-4220667578924627939,Finalized,0,47,0.4,0,0.4
2026-08-07,UDXCOMBO-461506793786041222,Other,Combo-461506793786041222,Finalized,0,47,0.1,0,0.1
2026-08-07,UDXCOMBO-6028665184605283234,Other,Combo-6028665184605283234,Finalized,0,47,0.4,0,0.37
2026-08-07,UDXCOMBO-6520693055863157170,Other,Combo-6520693055863157170,Finalized,0,47,0.1,0,0.1
2026-08-07,UDXCOMBO-8219598544026093426,Other,Combo-8219598544026093426,Finalized,0,47,0.1,0,0.1
2026-08-07,UDXCOMBO-10236449654015049545,Other,Combo-10236449654015049545,Finalized,46,46,0.51,0,0.51
2026-08-07,UDXCOMBO-10395119802486077409,Other,Combo-10395119802486077409,Finalized,46,46,0.52,0,0.52
2026-08-07,UDXCOMBO-1729770431631029999,Other,Combo-1729770431631029999,Finalized,46,46,0.18,0,0.18
2026-08-07,UDXCOMBO-7398388315436854811,Other,Combo-7398388315436854811,Finalized,46,46,0.41,0,0.41
2026-08-07,UDXCOMBO-1124499632495728680,Other,Combo-1124499632495728680,Finalized,0,46,0.48,0,0.48
2026-08-07,UDXCOMBO-11784699746497988484,Other,Combo-11784699746497988484,Finalized,0,46,0.02,0,0.02
2026-08-07,UDXCOMBO-12499501874892208592,Other,Combo-12499501874892208592,Finalized,0,46,0.1,0,0.1
2026-08-07,UDXCOMBO-14240218297171633084,Other,Combo-14240218297171633084,Finalized,0,46,0.16,0,0.16
2026-08-07,UDXCOMBO-1693435565704985649,Other,Combo-1693435565704985649,Finalized,0,46,0.09,0,0.09
2026-08-07,UDXCOMBO-2203080127903652408,Other,Combo-2203080127903652408,Finalized,0,46,0.2,0,0.2
2026-08-07,UDXCOMBO-2507330163218098675,Other,Combo-2507330163218098675,Finalized,0,46,0.15,0,0.15
2026-08-07,UDXCOMBO-3329138576417457290,Other,Combo-3329138576417457290,Finalized,0,46,0.02,0,0.02
2026-08-07,UDXCOMBO-4070171467505606774,Other,Combo-4070171467505606774,Finalized,0,46,0.2,0,0.1
2026-08-07,UDXCOMBO-4711448010532253620,Other,Combo-4711448010532253620,Finalized,0,46,0.04,0,0.04
2026-08-07,UDXCOMBO-6303187339492478042,Other,Combo-6303187339492478042,Finalized,0,46,0.21,0,0.21
2026-08-07,UDXCOMBO-768904834595388510,Other,Combo-768904834595388510,Finalized,0,46,0.18,0,0.18
2026-08-07,UDXCOMBO-11887984790129850300,Other,Combo-11887984790129850300,Finalized,45,45,0.42,0,0.42
2026-08-07,UDXCOMBO-13057908560956407124,Other,Combo-13057908560956407124,Finalized,45,45,0.47,0,0.47
2026-08-07,UDXCOMBO-13906686931941725251,Other,Combo-13906686931941725251,Finalized,45,45,0.53,0,0.53
2026-08-07,UDXCOMBO-1562537895971792191,Other,Combo-1562537895971792191,Finalized,45,45,0.32,0,0.32
2026-08-07,UDXCOMBO-2628426767473600476,Other,Combo-2628426767473600476,Finalized,45,45,0.21,0,0.21
2026-08-07,UDXCOMBO-4961282317867757153,Other,Combo-4961282317867757153,Finalized,45,45,0.32,0,0.32
2026-08-07,UDXCOMBO-7059586216727793443,Other,Combo-7059586216727793443,Finalized,45,45,0.21,0,0.21
2026-08-07,UDXCOMBO-7691100235751124048,Other,Combo-7691100235751124048,Finalized,45,45,0.21,0,0.21
2026-08-07,UDXCOMBO-11533151299409966794,Other,Combo-11533151299409966794,Finalized,0,45,0.1,0,0.1
2026-08-07,UDXCOMBO-13369108101844663305,Other,Combo-13369108101844663305,Finalized,0,45,0.19,0,0.19
2026-08-07,UDXCOMBO-430382588212643436,Other,Combo-430382588212643436,Finalized,0,45,0.21,0,0.21
2026-08-07,UDXCOMBO-8911391009166745969,Other,Combo-8911391009166745969,Finalized,0,45,0.09,0,0.09
2026-08-07,UDXMLBSPREAD_OAKBOS26AUG071910_OAK1.5,Baseball,Spread,Finalized,0,45,0.21,0,0.21
2026-08-07,UDXCOMBO-11043554800855694712,Other,Combo-11043554800855694712,Finalized,44,44,0.27,0,0.27
2026-08-07,UDXCOMBO-1167835285561019689,Other,Combo-1167835285561019689,Finalized,44,44,0.21,0,0.21
2026-08-07,UDXCOMBO-15136059095358530922,Other,Combo-15136059095358530922,Finalized,44,44,0.44,0,0.44
2026-08-07,UDXCOMBO-15441871132013351803,Other,Combo-15441871132013351803,Finalized,44,44,0.43,0,0.43
2026-08-07,UDXCOMBO-15560242959363018858,Other,Combo-15560242959363018858,Finalized,44,44,0.21,0,0.21
2026-08-07,UDXCOMBO-15854983037730918761,Other,Combo-15854983037730918761,Finalized,44,44,0.39,0,0.39
2026-08-07,UDXCOMBO-2893746758324042974,Other,Combo-2893746758324042974,Finalized,44,44,0.1,0,0.1
2026-08-07,UDXCOMBO-3753912803230208619,Other,Combo-3753912803230208619,Finalized,44,44,0.55,0,0.55
2026-08-07,UDXCOMBO-659681340201735410,Other,Combo-659681340201735410,Finalized,44,44,0.21,0,0.21
2026-08-07,UDXCOMBO-10228380618114702255,Other,Combo-10228380618114702255,Finalized,0,44,0.06,0,0.06
2026-08-07,UDXCOMBO-12210141476208747992,Other,Combo-12210141476208747992,Finalized,0,44,0.19,0,0.19
2026-08-07,UDXCOMBO-14805259526382193313,Other,Combo-14805259526382193313,Finalized,0,44,0.39,0,0.39
2026-08-07,UDXCOMBO-2935922294815421072,Other,Combo-2935922294815421072,Finalized,0,44,0.22,0,0.22
2026-08-07,UDXCOMBO-3110823279342937787,Other,Combo-3110823279342937787,Finalized,0,44,0.11,0,0.11
2026-08-07,UDXCOMBO-5252099201548675546,Other,Combo-5252099201548675546,Finalized,0,44,0.39,0,0.39
2026-08-07,UDXCOMBO-8290083736687808779,Other,Combo-8290083736687808779,Finalized,0,44,0.02,0,0.02
2026-08-07,UDXCOMBO-15920880469062911106,Other,Combo-15920880469062911106,Finalized,43,43,0.22,0,0.22
2026-08-07,UDXCOMBO-17938960341226947652,Other,Combo-17938960341226947652,Finalized,43,43,0.11,0,0.11
2026-08-07,UDXCOMBO-18206210292941902961,Other,Combo-18206210292941902961,Finalized,43,43,0.09,0,0.09
2026-08-07,UDXCOMBO-3944586713737257488,Other,Combo-3944586713737257488,Finalized,43,43,0.11,0,0.11
2026-08-07,UDXCOMBO-9801459808724887100,Other,Combo-9801459808724887100,Finalized,43,43,0.22,0,0.22
2026-08-07,UDXCOMBO-4400772637308605004,Other,Combo-4400772637308605004,Finalized,0,43,0.22,0,0.22
2026-08-07,UDXCOMBO-10528613730994212649,Other,Combo-10528613730994212649,Finalized,42,42,0.22,0,0.22
2026-08-07,UDXCOMBO-14442354918367555638,Other,Combo-14442354918367555638,Finalized,42,42,0.41,0,0.41
2026-08-07,UDXCOMBO-16655004457906735132,Other,Combo-16655004457906735132,Finalized,42,42,0.04,0,0.04
2026-08-07,UDXCOMBO-2557475486363418526,Other,Combo-2557475486363418526,Finalized,42,42,0.06,0,0.06
2026-08-07,UDXCOMBO-5005442671775633901,Other,Combo-5005442671775633901,Finalized,42,42,0.23,0,0.23
2026-08-07,UDXMLBSPREAD_ATLNYY26AUG071905_NYY3.5,Baseball,Spread,Finalized,42,42,0.2,0,0.2
2026-08-07,UDXCOMBO-10620890494039723405,Other,Combo-10620890494039723405,Finalized,0,42,0.3,0,0.3
2026-08-07,UDXCOMBO-14697699697478429966,Other,Combo-14697699697478429966,Finalized,0,42,0.45,0,0.45
2026-08-07,UDXCOMBO-14963206623831411082,Other,Combo-14963206623831411082,Finalized,0,42,0.02,0,0.02
2026-08-07,UDXCOMBO-177613415305277789,Other,Combo-177613415305277789,Finalized,0,42,0.3,0,0.3
2026-08-07,UDXCOMBO-2504005147523439952,Other,Combo-2504005147523439952,Finalized,0,42,0.39,0,0.39
2026-08-07,UDXCOMBO-6074395453417171014,Other,Combo-6074395453417171014,Finalized,0,42,0.22,0,0.22
2026-08-07,UDXCOMBO-6916833346684204052,Other,Combo-6916833346684204052,Finalized,0,42,0.22,0,0.22
2026-08-07,UDXMLBSPREAD_LAAMIA26AUG071910_LAA2.5,Baseball,Spread,Finalized,0,42,0.23,0,0.12
2026-08-07,UDXCOMBO-10096650578783488525,Other,Combo-10096650578783488525,Finalized,41,41,0.1,0,0.1
2026-08-07,UDXCOMBO-15262625077774969160,Other,Combo-15262625077774969160,Finalized,41,41,0.16,0,0.16
2026-08-07,UDXCOMBO-17294187618806106207,Other,Combo-17294187618806106207,Finalized,41,41,0.35,0,0.35
2026-08-07,UDXCOMBO-4809153601540082735,Other,Combo-4809153601540082735,Finalized,41,41,0.35,0,0.35
2026-08-07,UDXCOMBO-593132788904376472,Other,Combo-593132788904376472,Finalized,41,41,0.23,0,0.23
2026-08-07,UDXCOMBO-12270737882674024007,Other,Combo-12270737882674024007,Finalized,0,41,0.23,0,0.23
2026-08-07,UDXCOMBO-13884559883567773503,Other,Combo-13884559883567773503,Finalized,0,41,0.11,0,0.11
2026-08-07,UDXCOMBO-15992621727481457945,Other,Combo-15992621727481457945,Finalized,0,41,0.1,0,0.1
2026-08-07,UDXCOMBO-2555378438600849017,Other,Combo-2555378438600849017,Finalized,0,41,0.26,0,0.26
2026-08-07,UDXCOMBO-384109770063567403,Other,Combo-384109770063567403,Finalized,0,41,0.2,0,0.2
2026-08-07,UDXCOMBO-6558595939779172680,Other,Combo-6558595939779172680,Finalized,0,41,0.11,0,0.11
2026-08-07,UDXCOMBO-11659957367257546736,Other,Combo-11659957367257546736,Finalized,40,40,0.12,0,0.12
2026-08-07,UDXCOMBO-14069136635437937168,Other,Combo-14069136635437937168,Finalized,40,40,0.11,0,0.11
2026-08-07,UDXCOMBO-159304326454986145,Other,Combo-159304326454986145,Finalized,40,40,0.25,0,0.25
2026-08-07,UDXCOMBO-18227806304421363796,Other,Combo-18227806304421363796,Finalized,40,40,0.12,0,0.12
2026-08-07,UDXCOMBO-4309310545193672561,Other,Combo-4309310545193672561,Finalized,40,40,0.19,0,0.19
2026-08-07,UDXCOMBO-5856868764606373961,Other,Combo-5856868764606373961,Finalized,40,40,0.19,0,0.19
2026-08-07,UDXCOMBO-6052821822161585678,Other,Combo-6052821822161585678,Finalized,40,40,0.23,0,0.23
2026-08-07,UDXCOMBO-6929094298583774604,Other,Combo-6929094298583774604,Finalized,40,40,0.23,0,0.23
2026-08-07,UDXCOMBO-11446945860368428578,Other,Combo-11446945860368428578,Finalized,0,40,0.21,0,0.21
2026-08-07,UDXCOMBO-13150545101534027898,Other,Combo-13150545101534027898,Finalized,0,40,0.1,0,0.1
2026-08-07,UDXCOMBO-15526492913834091823,Other,Combo-15526492913834091823,Finalized,0,40,0.24,0,0.24
2026-08-07,UDXCOMBO-3100301578074265939,Other,Combo-3100301578074265939,Finalized,0,40,0.21,0,0.21
2026-08-07,UDXCOMBO-5296338777655167040,Other,Combo-5296338777655167040,Finalized,0,40,0.23,0,0.23
2026-08-07,UDXCOMBO-6414830064827870878,Other,Combo-6414830064827870878,Finalized,0,40,0.46,0,0.46
2026-08-07,UDXCOMBO-7162457926355828195,Other,Combo-7162457926355828195,Finalized,0,40,0.03,0,0.03
2026-08-07,UDXCOMBO-7195717216204461445,Other,Combo-7195717216204461445,Finalized,0,40,0.46,0,0.46
2026-08-07,UDXCOMBO-7935028953922235519,Other,Combo-7935028953922235519,Finalized,0,40,0.02,0,0.02
2026-08-07,UDXCOMBO-10177678407199837708,Other,Combo-10177678407199837708,Finalized,39,39,0.11,0,0.11
2026-08-07,UDXCOMBO-11036392957338844956,Other,Combo-11036392957338844956,Finalized,39,39,0.49,0,0.49
2026-08-07,UDXCOMBO-11804055509317326442,Other,Combo-11804055509317326442,Finalized,39,39,0.24,0,0.24
2026-08-07,UDXCOMBO-13795320632507247985,Other,Combo-13795320632507247985,Finalized,39,39,0.49,0,0.49
2026-08-07,UDXCOMBO-14841805000271465493,Other,Combo-14841805000271465493,Finalized,39,39,0.15,0,0.15
2026-08-07,UDXCOMBO-16011221976215909579,Other,Combo-16011221976215909579,Finalized,39,39,0.49,0,0.49
2026-08-07,UDXCOMBO-4728704126846882666,Other,Combo-4728704126846882666,Finalized,39,39,0.12,0,0.12
2026-08-07,UDXCOMBO-5709024266607978713,Other,Combo-5709024266607978713,Finalized,39,39,0.16,0,0.16
2026-08-07,UDXCOMBO-9550284228579086637,Other,Combo-9550284228579086637,Finalized,39,39,0.29,0,0.29
2026-08-07,UDXCOMBO-11844168869060819001,Other,Combo-11844168869060819001,Finalized,0,39,0.36,0,0.36
2026-08-07,UDXCOMBO-1916057793611269138,Other,Combo-1916057793611269138,Finalized,0,39,0.27,0,0.27
2026-08-07,UDXCOMBO-4789405659443276520,Other,Combo-4789405659443276520,Finalized,0,39,0.02,0,0.02
2026-08-07,UDXCOMBO-10115361723567102054,Other,Combo-10115361723567102054,Finalized,38,38,0.22,0,0.22
2026-08-07,UDXCOMBO-14257941069026901456,Other,Combo-14257941069026901456,Finalized,38,38,0.12,0,0.12
2026-08-07,UDXCOMBO-2653618374446861700,Other,Combo-2653618374446861700,Finalized,38,38,0.12,0,0.12
2026-08-07,UDXCOMBO-3139656722910886865,Other,Combo-3139656722910886865,Finalized,38,38,0.12,0,0.12
2026-08-07,UDXCOMBO-6165523505326185479,Other,Combo-6165523505326185479,Finalized,38,38,0.32,0,0.32
2026-08-07,UDXCOMBO-8424241336166851887,Other,Combo-8424241336166851887,Finalized,38,38,0.15,0,0.15
2026-08-07,UDXCOMBO-15279760549496184638,Other,Combo-15279760549496184638,Finalized,0,38,0.38,0,0.38
2026-08-07,UDXCOMBO-18009482912179542717,Other,Combo-18009482912179542717,Finalized,0,38,0.02,0,0.02
2026-08-07,UDXCOMBO-2688373265999315467,Other,Combo-2688373265999315467,Finalized,0,38,0.12,0,0.12
2026-08-07,UDXCOMBO-7359561206268218681,Other,Combo-7359561206268218681,Finalized,0,38,0.29,0,0.29
2026-08-07,UDXCOMBO-8894897521524191940,Other,Combo-8894897521524191940,Finalized,0,38,0.31,0,0.31
2026-08-07,UDXCOMBO-9057632598967151689,Other,Combo-9057632598967151689,Finalized,0,38,0.37,0,0.37
2026-08-07,UDXCOMBO-14255558597025261782,Other,Combo-14255558597025261782,Finalized,37,37,0.62,0,0.62
2026-08-07,UDXCOMBO-14264212053891654295,Other,Combo-14264212053891654295,Finalized,37,37,0.28,0,0.28
2026-08-07,UDXCOMBO-14765460017339363357,Other,Combo-14765460017339363357,Finalized,37,37,0.21,0,0.21
2026-08-07,UDXCOMBO-2052132583455357389,Other,Combo-2052132583455357389,Finalized,37,37,0.11,0,0.11
2026-08-07,UDXCOMBO-2741641877672986277,Other,Combo-2741641877672986277,Finalized,37,37,0.03,0,0.03
2026-08-07,UDXCOMBO-3147320945751206677,Other,Combo-3147320945751206677,Finalized,37,37,0.25,0,0.25
2026-08-07,UDXCOMBO-3509770978179996932,Other,Combo-3509770978179996932,Finalized,37,37,0.58,0,0.58
2026-08-07,UDXCOMBO-6065578153016255030,Other,Combo-6065578153016255030,Finalized,37,37,0.13,0,0.13
2026-08-07,UDXCOMBO-6497278989300589973,Other,Combo-6497278989300589973,Finalized,37,37,0.13,0,0.13
2026-08-07,UDXCOMBO-7038251934623698257,Other,Combo-7038251934623698257,Finalized,37,37,0.13,0,0.13
2026-08-07,UDXCOMBO-9450547221646719395,Other,Combo-9450547221646719395,Finalized,37,37,0.07,0,0.07
2026-08-07,UDXCOMBO-9742431591444671916,Other,Combo-9742431591444671916,Finalized,37,37,0.3,0,0.3
2026-08-07,UDXWNBASPREAD_INDCHI2026AUG08_IND6.5,Basketball (pro),Spread,Finalized,37,37,0.5,0,0.46
2026-08-07,UDXCOMBO-12805111061079128174,Other,Combo-12805111061079128174,Finalized,0,37,0.41,0,0.41
2026-08-07,UDXCOMBO-13532171971497839358,Other,Combo-13532171971497839358,Finalized,0,37,0.13,0,0.13
2026-08-07,UDXCOMBO-17966322462755100221,Other,Combo-17966322462755100221,Finalized,0,37,0.03,0,0.03
2026-08-07,UDXCOMBO-2748408168780928760,Other,Combo-2748408168780928760,Finalized,0,37,0.14,0,0.14
2026-08-07,UDXCOMBO-4183074260344531100,Other,Combo-4183074260344531100,Finalized,0,37,0.26,0,0.26
2026-08-07,UDXCOMBO-4449148815926521653,Other,Combo-4449148815926521653,Finalized,0,37,0.03,0,0.03
2026-08-07,UDXCOMBO-6137558997542725253,Other,Combo-6137558997542725253,Finalized,0,37,0.1,0,0.1
2026-08-07,UDXCOMBO-7984976911160822108,Other,Combo-7984976911160822108,Finalized,0,37,0.23,0,0.23
2026-08-07,UDXWNBASPREAD_PHXCONN2026AUG07_CONN3.5,Basketball (pro),Spread,Finalized,0,37,0.62,0,0.62
2026-08-07,UDXCOMBO-10091649890286185470,Other,Combo-10091649890286185470,Finalized,36,36,0.24,0,0.24
2026-08-07,UDXCOMBO-13390999446579097844,Other,Combo-13390999446579097844,Finalized,36,36,0.13,0,0.13
2026-08-07,UDXCOMBO-14009887621887068260,Other,Combo-14009887621887068260,Finalized,36,36,0.23,0,0.23
2026-08-07,UDXCOMBO-14874087597361209957,Other,Combo-14874087597361209957,Finalized,36,36,0.12,0,0.12
2026-08-07,UDXCOMBO-15510839698861546385,Other,Combo-15510839698861546385,Finalized,36,36,0.29,0,0.29
2026-08-07,UDXCOMBO-4445697102322878427,Other,Combo-4445697102322878427,Finalized,36,36,0.22,0,0.22
2026-08-07,UDXCOMBO-5130426844701972885,Other,Combo-5130426844701972885,Finalized,36,36,0.24,0,0.24
2026-08-07,UDXCOMBO-7510911577786050064,Other,Combo-7510911577786050064,Finalized,36,36,0.26,0,0.26
2026-08-07,UDXCOMBO-7630335771558275013,Other,Combo-7630335771558275013,Finalized,36,36,0.42,0,0.42
2026-08-07,UDXCOMBO-7825199396323303890,Other,Combo-7825199396323303890,Finalized,36,36,0.23,0,0.23
2026-08-07,UDXCOMBO-8822978411928263171,Other,Combo-8822978411928263171,Finalized,36,36,0.48,0,0.48
2026-08-07,UDXMLBTOTAL_CLECWS26AUG081915_7.5,Baseball,Total,Finalized,36,36,0.53,0,0.53
2026-08-07,UDXMLBTOTAL_LAAMIA26AUG081610_8.5,Baseball,Total,Finalized,36,36,0.46,0,0.46
2026-08-07,UDXCOMBO-10482757963751927389,Other,Combo-10482757963751927389,Finalized,0,36,0.26,0,0.26
2026-08-07,UDXCOMBO-1125749777638241601,Other,Combo-1125749777638241601,Finalized,0,36,0.26,0,0.26
2026-08-07,UDXCOMBO-1155791255289290942,Other,Combo-1155791255289290942,Finalized,0,36,0.12,0,0.12
2026-08-07,UDXCOMBO-3435207635608165498,Other,Combo-3435207635608165498,Finalized,0,36,0.14,0,0.14
2026-08-07,UDXCOMBO-6353363870307538253,Other,Combo-6353363870307538253,Finalized,0,36,0.13,0,0.13
2026-08-07,UDXCOMBO-7420675112918682105,Other,Combo-7420675112918682105,Finalized,0,36,0.26,0,0.26
2026-08-07,UDXCOMBO-76227370702534840,Other,Combo-76227370702534840,Finalized,0,36,0.12,0,0.12
2026-08-07,UDXCOMBO-8711282432067442290,Other,Combo-8711282432067442290,Finalized,0,36,0.13,0,0.13
2026-08-07,UDXCOMBO-936754031998718719,Other,Combo-936754031998718719,Finalized,0,36,0.12,0,0.12
2026-08-07,UDXCOMBO-10039093821028195181,Other,Combo-10039093821028195181,Finalized,35,35,0.27,0,0.27
2026-08-07,UDXCOMBO-10702288764726128247,Other,Combo-10702288764726128247,Finalized,35,35,0.27,0,0.27
2026-08-07,UDXCOMBO-10944626779592513401,Other,Combo-10944626779592513401,Finalized,35,35,0.05,0,0.05
2026-08-07,UDXCOMBO-15907911855800169335,Other,Combo-15907911855800169335,Finalized,35,35,0.64,0,0.64
2026-08-07,UDXCOMBO-18231720122227368017,Other,Combo-18231720122227368017,Finalized,35,35,0.27,0,0.27
2026-08-07,UDXCOMBO-5979875925373513500,Other,Combo-5979875925373513500,Finalized,35,35,0.27,0,0.27
2026-08-07,UDXMLBTOTAL_MINMIL26AUG081910_7.5,Baseball,Total,Finalized,35,35,0.55,0,0.55
2026-08-07,UDXCOMBO-10351745096715954503,Other,Combo-10351745096715954503,Finalized,0,35,0.27,0,0.27
2026-08-07,UDXCOMBO-13381615286081341669,Other,Combo-13381615286081341669,Finalized,0,35,0.27,0,0.27
2026-08-07,UDXCOMBO-4677121200446212991,Other,Combo-4677121200446212991,Finalized,0,35,0.19,0,0.19
2026-08-07,UDXCOMBO-5232205901613327754,Other,Combo-5232205901613327754,Finalized,0,35,0.13,0,0.13
2026-08-07,UDXCOMBO-6368192526425525530,Other,Combo-6368192526425525530,Finalized,0,35,0.16,0,0.16
2026-08-07,UDXCOMBO-12571629074900224834,Other,Combo-12571629074900224834,Finalized,34,34,0.25,0,0.25
2026-08-07,UDXCOMBO-12933931349140325983,Other,Combo-12933931349140325983,Finalized,34,34,0.14,0,0.14
2026-08-07,UDXCOMBO-14098600015147536875,Other,Combo-14098600015147536875,Finalized,34,34,0.12,0,0.12
2026-08-07,UDXCOMBO-2829898619685057845,Other,Combo-2829898619685057845,Finalized,34,34,0.5,0,0.5
2026-08-07,UDXCOMBO-2921240596555741914,Other,Combo-2921240596555741914,Finalized,34,34,0.14,0,0.14
2026-08-07,UDXCOMBO-4626930104918000666,Other,Combo-4626930104918000666,Finalized,34,34,0.27,0,0.27
2026-08-07,UDXCOMBO-6139141488586632828,Other,Combo-6139141488586632828,Finalized,34,34,0.87,0,0.87
2026-08-07,UDXCOMBO-7885774045974391370,Other,Combo-7885774045974391370,Finalized,34,34,0.27,0,0.27
2026-08-07,UDXCOMBO-15537985145533096092,Other,Combo-15537985145533096092,Finalized,0,34,0.25,0,0.25
2026-08-07,UDXCOMBO-1574343548467494830,Other,Combo-1574343548467494830,Finalized,0,34,0.12,0,0.12
2026-08-07,UDXCOMBO-17144141550651355404,Other,Combo-17144141550651355404,Finalized,0,34,0.05,0,0.05
2026-08-07,UDXCOMBO-174275955106831997,Other,Combo-174275955106831997,Finalized,0,34,0.22,0,0.22
2026-08-07,UDXCOMBO-4140823147221875887,Other,Combo-4140823147221875887,Finalized,0,34,0.15,0,0.15
2026-08-07,UDXCOMBO-8873536377686532353,Other,Combo-8873536377686532353,Finalized,0,34,0.12,0,0.12
2026-08-07,UDXCOMBO-13030988506401052801,Other,Combo-13030988506401052801,Finalized,33,33,0.16,0,0.16
2026-08-07,UDXCOMBO-16593117396702917980,Other,Combo-16593117396702917980,Finalized,33,33,0.58,0,0.58
2026-08-07,UDXCOMBO-1900036047760392516,Other,Combo-1900036047760392516,Finalized,33,33,0.28,0,0.28
2026-08-07,UDXCOMBO-2198420039725845977,Other,Combo-2198420039725845977,Finalized,33,33,0.14,0,0.14
2026-08-07,UDXCOMBO-2573324777360521180,Other,Combo-2573324777360521180,Finalized,33,33,0.32,0,0.32
2026-08-07,UDXCOMBO-352237405190208750,Other,Combo-352237405190208750,Finalized,33,33,0.17,0,0.17
2026-08-07,UDXCOMBO-9646091659694666044,Other,Combo-9646091659694666044,Finalized,33,33,0.09,0,0.09
2026-08-07,UDXCOMBO-10351447497076630945,Other,Combo-10351447497076630945,Finalized,0,33,0.13,0,0.13
2026-08-07,UDXCOMBO-13375246885386766965,Other,Combo-13375246885386766965,Finalized,0,33,0.03,0,0.03
2026-08-07,UDXCOMBO-15127743741757577392,Other,Combo-15127743741757577392,Finalized,0,33,0.07,0,0.07
2026-08-07,UDXCOMBO-16382406789591536279,Other,Combo-16382406789591536279,Finalized,0,33,0.14,0,0.14
2026-08-07,UDXCOMBO-16780886777315831213,Other,Combo-16780886777315831213,Finalized,0,33,0.18,0,0.18
2026-08-07,UDXCOMBO-16882493850782200659,Other,Combo-16882493850782200659,Finalized,0,33,0.29,0,0.29
2026-08-07,UDXCOMBO-17641707108051282985,Other,Combo-17641707108051282985,Finalized,0,33,0.18,0,0.18
2026-08-07,UDXCOMBO-359771055911331968,Other,Combo-359771055911331968,Finalized,0,33,0.22,0,0.22
2026-08-07,UDXCOMBO-5550613761627086767,Other,Combo-5550613761627086767,Finalized,0,33,0.4,0,0.39
2026-08-07,UDXCOMBO-6075189305793307522,Other,Combo-6075189305793307522,Finalized,0,33,0.25,0,0.25
2026-08-07,UDXCOMBO-7132583457105448377,Other,Combo-7132583457105448377,Finalized,0,33,0.13,0,0.13
2026-08-07,UDXCOMBO-7541726064412145141,Other,Combo-7541726064412145141,Finalized,0,33,0.08,0,0.08
2026-08-07,UDXCOMBO-8975047128976357606,Other,Combo-8975047128976357606,Finalized,0,33,0.28,0,0.28
2026-08-07,UDXMLBTOTAL_MINMIL26AUG071940_6.5,Baseball,Total,Finalized,0,33,0.66,0,0.66
2026-08-07,UDXCOMBO-2197062473693757885,Other,Combo-2197062473693757885,Finalized,32,32,0.13,0,0.13
2026-08-07,UDXCOMBO-266044805704956429,Other,Combo-266044805704956429,Finalized,32,32,0.32,0,0.32
2026-08-07,UDXCOMBO-2693622092142834546,Other,Combo-2693622092142834546,Finalized,32,32,0.08,0,0.08
2026-08-07,UDXCOMBO-5654107383615420662,Other,Combo-5654107383615420662,Finalized,32,32,0.15,0,0.15
2026-08-07,UDXWNBAGAMEWIN_PHXWSH26AUG091500_PHX,Basketball (pro),Moneyline,Finalized,32,32,0.49,0,0.44
2026-08-07,UDXCOMBO-10132596279124593156,Other,Combo-10132596279124593156,Finalized,0,32,0.13,0,0.13
2026-08-07,UDXCOMBO-10910074676431150794,Other,Combo-10910074676431150794,Finalized,0,32,0.4,0,0.4
2026-08-07,UDXCOMBO-11159120025858242689,Other,Combo-11159120025858242689,Finalized,0,32,0.13,0,0.13
2026-08-07,UDXCOMBO-15844478315605101501,Other,Combo-15844478315605101501,Finalized,0,32,0.13,0,0.13
2026-08-07,UDXCOMBO-573429230669751564,Other,Combo-573429230669751564,Finalized,0,32,0.13,0,0.13
2026-08-07,UDXCOMBO-6086109582665176114,Other,Combo-6086109582665176114,Finalized,0,32,0.22,0,0.22
2026-08-07,UDXCOMBO-8253208587036318935,Other,Combo-8253208587036318935,Finalized,0,32,0.04,0,0.04
2026-08-07,UDXMLBSPREAD_CINWAS26AUG071845_CIN2.5,Baseball,Spread,Finalized,0,32,0.27,0,0.07
2026-08-07,UDXCOMBO-1399020180973675787,Other,Combo-1399020180973675787,Finalized,31,31,0.32,0,0.32
2026-08-07,UDXCOMBO-16208321572665684655,Other,Combo-16208321572665684655,Finalized,31,31,0.61,0,0.61
2026-08-07,UDXCOMBO-18188048185903890440,Other,Combo-18188048185903890440,Finalized,31,31,0.15,0,0.15
2026-08-07,UDXCOMBO-2118979035404056022,Other,Combo-2118979035404056022,Finalized,31,31,0.3,0,0.3
2026-08-07,UDXCOMBO-2620849351391856825,Other,Combo-2620849351391856825,Finalized,31,31,0.15,0,0.15
2026-08-07,UDXCOMBO-2682944283429507038,Other,Combo-2682944283429507038,Finalized,31,31,0.57,0,0.55
2026-08-07,UDXCOMBO-9034633188433933095,Other,Combo-9034633188433933095,Finalized,31,31,0.07,0,0.07
2026-08-07,UDXCOMBO-10544928973228739896,Other,Combo-10544928973228739896,Finalized,0,31,0.3,0,0.3
2026-08-07,UDXCOMBO-11489378443204844668,Other,Combo-11489378443204844668,Finalized,0,31,0.62,0,0.62
2026-08-07,UDXCOMBO-11622434634193321381,Other,Combo-11622434634193321381,Finalized,0,31,0.15,0,0.15
2026-08-07,UDXCOMBO-12872096464787592824,Other,Combo-12872096464787592824,Finalized,0,31,0.56,0,0.56
2026-08-07,UDXCOMBO-15248732032522664474,Other,Combo-15248732032522664474,Finalized,0,31,0.27,0,0.27
2026-08-07,UDXCOMBO-15721895665811196578,Other,Combo-15721895665811196578,Finalized,0,31,0.3,0,0.3
2026-08-07,UDXCOMBO-18011115318157424662,Other,Combo-18011115318157424662,Finalized,0,31,0.03,0,0.03
2026-08-07,UDXCOMBO-5100969086283052148,Other,Combo-5100969086283052148,Finalized,0,31,0.07,0,0.07
2026-08-07,UDXWNBASPREAD_ATLWSH2026AUG07_ATL12.5,Basketball (pro),Spread,Finalized,0,31,0.26,0,0.26
2026-08-07,UDXWNBASPREAD_PHXCONN2026AUG07_CONN6.5,Basketball (pro),Spread,Finalized,0,31,0.07,0,0.07
2026-08-07,UDXCOMBO-15290914224160173072,Other,Combo-15290914224160173072,Finalized,30,30,0.32,0,0.32
2026-08-07,UDXCOMBO-18335154688079219718,Other,Combo-18335154688079219718,Finalized,30,30,0.32,0,0.32
2026-08-07,UDXCOMBO-246416513546826708,Other,Combo-246416513546826708,Finalized,30,30,0.31,0,0.31
2026-08-07,UDXCOMBO-4778924930134695972,Other,Combo-4778924930134695972,Finalized,30,30,0.06,0,0.06
2026-08-07,UDXCOMBO-5295297703605723415,Other,Combo-5295297703605723415,Finalized,30,30,0.53,0,0.53
2026-08-07,UDXCOMBO-5774809160007513630,Other,Combo-5774809160007513630,Finalized,30,30,0.16,0,0.16
2026-08-07,UDXCOMBO-7730811881803197771,Other,Combo-7730811881803197771,Finalized,30,30,0.48,0,0.48
2026-08-07,UDXCOMBO-1356793098564724716,Other,Combo-1356793098564724716,Finalized,0,30,0.6,0,0.6
2026-08-07,UDXCOMBO-16657076585770511842,Other,Combo-16657076585770511842,Finalized,0,30,0.31,0,0.31
2026-08-07,UDXCOMBO-1722264494234831941,Other,Combo-1722264494234831941,Finalized,0,30,0.14,0,0.14
2026-08-07,UDXCOMBO-17909548597123674146,Other,Combo-17909548597123674146,Finalized,0,30,0.08,0,0.08
2026-08-07,UDXCOMBO-18241391725128363169,Other,Combo-18241391725128363169,Finalized,0,30,0.16,0,0.16
2026-08-07,UDXCOMBO-2670817263023885385,Other,Combo-2670817263023885385,Finalized,0,30,0.15,0,0.15
2026-08-07,UDXCOMBO-2927361957426691475,Other,Combo-2927361957426691475,Finalized,0,30,0.85,0,0.85
2026-08-07,UDXCOMBO-4024015911907445354,Other,Combo-4024015911907445354,Finalized,0,30,0.55,0,0.55
2026-08-07,UDXCOMBO-4234500668328620684,Other,Combo-4234500668328620684,Finalized,0,30,0.15,0,0.15
2026-08-07,UDXCOMBO-4813948053445993154,Other,Combo-4813948053445993154,Finalized,0,30,0.28,0,0.28
2026-08-07,UDXCOMBO-6529818457807657969,Other,Combo-6529818457807657969,Finalized,0,30,0.16,0,0.16
2026-08-07,UDXMLBTOTAL_SDARI26AUG062140_10.5,Baseball,Total,Finalized,0,30,0.04,0,0.04
2026-08-07,UDXCOMBO-12532825398633831938,Other,Combo-12532825398633831938,Finalized,29,29,0.29,0,0.29
2026-08-07,UDXCOMBO-13169677739713316985,Other,Combo-13169677739713316985,Finalized,29,29,0.16,0,0.16
2026-08-07,UDXCOMBO-13489218203698504483,Other,Combo-13489218203698504483,Finalized,29,29,0.13,0,0.13
2026-08-07,UDXCOMBO-1367188922100046857,Other,Combo-1367188922100046857,Finalized,29,29,0.16,0,0.16
2026-08-07,UDXCOMBO-2392425912706289664,Other,Combo-2392425912706289664,Finalized,29,29,0.59,0,0.59
2026-08-07,UDXCOMBO-6901506989201901946,Other,Combo-6901506989201901946,Finalized,29,29,0.29,0,0.29
2026-08-07,UDXCOMBO-7557649094957193941,Other,Combo-7557649094957193941,Finalized,29,29,0.29,0,0.29
2026-08-07,UDXCOMBO-7835195047636522812,Other,Combo-7835195047636522812,Finalized,29,29,0.14,0,0.14
2026-08-07,UDXCOMBO-962713088560231048,Other,Combo-962713088560231048,Finalized,29,29,0.16,0,0.16
2026-08-07,UDXMLBSPREAD_BALTEX26AUG081915_TEX1.5,Baseball,Spread,Finalized,29,29,0.38,0,0.38
2026-08-07,UDXCOMBO-1033412774381140800,Other,Combo-1033412774381140800,Finalized,0,29,0.1,0,0.1
2026-08-07,UDXCOMBO-11093591278927915381,Other,Combo-11093591278927915381,Finalized,0,29,0.16,0,0.16
2026-08-07,UDXCOMBO-11574902198422499496,Other,Combo-11574902198422499496,Finalized,0,29,0.05,0,0.05
2026-08-07,UDXCOMBO-12833191370745750499,Other,Combo-12833191370745750499,Finalized,0,29,0.16,0,0.16
2026-08-07,UDXCOMBO-12835458632457269802,Other,Combo-12835458632457269802,Finalized,0,29,0.32,0,0.32
2026-08-07,UDXCOMBO-15782067902297441698,Other,Combo-15782067902297441698,Finalized,0,29,0.17,0,0.17
2026-08-07,UDXCOMBO-4251149219205392027,Other,Combo-4251149219205392027,Finalized,0,29,0.16,0,0.16
2026-08-07,UDXCOMBO-5220344190158267027,Other,Combo-5220344190158267027,Finalized,0,29,0.1,0,0.1
2026-08-07,UDXCOMBO-6103929439612893506,Other,Combo-6103929439612893506,Finalized,0,29,0.16,0,0.16
2026-08-07,UDXCOMBO-8073678141511798594,Other,Combo-8073678141511798594,Finalized,0,29,0.29,0,0.29
2026-08-07,UDXMLBTOTAL_BALTEX26AUG072015_10.5,Baseball,Total,Finalized,0,29,0.22,0,0.22
2026-08-07,UDXCOMBO-12739975137305541408,Other,Combo-12739975137305541408,Finalized,28,28,0.33,0,0.33
2026-08-07,UDXCOMBO-12807477290668323799,Other,Combo-12807477290668323799,Finalized,28,28,0.58,0,0.58
2026-08-07,UDXCOMBO-14242048315869128070,Other,Combo-14242048315869128070,Finalized,28,28,0.34,0,0.34
2026-08-07,UDXCOMBO-252507768157557524,Other,Combo-252507768157557524,Finalized,28,28,0.08,0,0.08
2026-08-07,UDXCOMBO-4148610972526694016,Other,Combo-4148610972526694016,Finalized,28,28,0.34,0,0.34
2026-08-07,UDXCOMBO-8050170908653638172,Other,Combo-8050170908653638172,Finalized,28,28,0.34,0,0.34
2026-08-07,UDXCOMBO-9149412223202586359,Other,Combo-9149412223202586359,Finalized,28,28,0.5,0,0.5
2026-08-07,UDXCOMBO-9294039245849721467,Other,Combo-9294039245849721467,Finalized,28,28,0.05,0,0.05
2026-08-07,UDXWNBASPREAD_INDCHI2026AUG08_IND18.5,Basketball (pro),Spread,Finalized,28,28,0.13,0,0.13
2026-08-07,UDXCOMBO-2919482385092007624,Other,Combo-2919482385092007624,Finalized,0,28,0.31,0,0.31
2026-08-07,UDXCOMBO-5327579664027299749,Other,Combo-5327579664027299749,Finalized,0,28,0.16,0,0.16
2026-08-07,UDXCOMBO-5889644332444320733,Other,Combo-5889644332444320733,Finalized,0,28,0.07,0,0.07
2026-08-07,UDXCOMBO-6847862536286381602,Other,Combo-6847862536286381602,Finalized,0,28,0.05,0,0.05
2026-08-07,UDXCOMBO-817049264824445041,Other,Combo-817049264824445041,Finalized,0,28,0.25,0,0.25
2026-08-07,UDXCOMBO-8623099375830800775,Other,Combo-8623099375830800775,Finalized,0,28,0.03,0,0.03
2026-08-07,UDXCOMBO-10502599012546643025,Other,Combo-10502599012546643025,Finalized,27,27,0.27,0,0.27
2026-08-07,UDXCOMBO-13402367450676132948,Other,Combo-13402367450676132948,Finalized,27,27,0.63,0,0.63
2026-08-07,UDXCOMBO-14050082105185328993,Other,Combo-14050082105185328993,Finalized,27,27,0.17,0,0.17
2026-08-07,UDXCOMBO-15157362672200426330,Other,Combo-15157362672200426330,Finalized,27,27,0.17,0,0.17
2026-08-07,UDXCOMBO-18275447813607277314,Other,Combo-18275447813607277314,Finalized,27,27,0.03,0,0.03
2026-08-07,UDXCOMBO-18441181450625422082,Other,Combo-18441181450625422082,Finalized,27,27,0.17,0,0.17
2026-08-07,UDXCOMBO-2575232852055325745,Other,Combo-2575232852055325745,Finalized,27,27,0.17,0,0.17
2026-08-07,UDXCOMBO-7052902578244957985,Other,Combo-7052902578244957985,Finalized,27,27,0.31,0,0.31
2026-08-07,UDXCOMBO-9240759933881560275,Other,Combo-9240759933881560275,Finalized,27,27,0.36,0,0.36
2026-08-07,UDXMLBTOTAL_LADARI26AUG072140_11.5,Baseball,Total,Finalized,27,27,0.28,0,0.28
2026-08-07,UDXCOMBO-12375989259519969346,Other,Combo-12375989259519969346,Finalized,0,27,0.34,0,0.34
2026-08-07,UDXCOMBO-13294467990267078346,Other,Combo-13294467990267078346,Finalized,0,27,0.65,0,0.65
2026-08-07,UDXCOMBO-17795199242412656211,Other,Combo-17795199242412656211,Finalized,0,27,0.17,0,0.17
2026-08-07,UDXCOMBO-1992920330905634813,Other,Combo-1992920330905634813,Finalized,0,27,0.35,0,0.35
2026-08-07,UDXCOMBO-5264944698797271275,Other,Combo-5264944698797271275,Finalized,0,27,0.16,0,0.16
2026-08-07,UDXCOMBO-7186770294264065995,Other,Combo-7186770294264065995,Finalized,0,27,0.31,0,0.31
2026-08-07,UDXCOMBO-8063955670698229748,Other,Combo-8063955670698229748,Finalized,0,27,0.35,0,0.35
2026-08-07,UDXCOMBO-2734187293446252071,Other,Combo-2734187293446252071,Finalized,26,26,0.26,0,0.26
2026-08-07,UDXCOMBO-5788671094650363939,Other,Combo-5788671094650363939,Finalized,26,26,0.18,0,0.18
2026-08-07,UDXCOMBO-9616031778278802386,Other,Combo-9616031778278802386,Finalized,26,26,0.29,0,0.29
2026-08-07,UDXCOMBO-9720065321187264092,Other,Combo-9720065321187264092,Finalized,26,26,0.33,0,0.33
2026-08-07,UDXCOMBO-10001725431756888185,Other,Combo-10001725431756888185,Finalized,0,26,0.16,0,0.16
2026-08-07,UDXCOMBO-11095079677065573477,Other,Combo-11095079677065573477,Finalized,0,26,0.11,0,0.11
2026-08-07,UDXCOMBO-12057644232775808345,Other,Combo-12057644232775808345,Finalized,0,26,0.16,0,0.16
2026-08-07,UDXCOMBO-12311479541800456907,Other,Combo-12311479541800456907,Finalized,0,26,0.18,0,0.18
2026-08-07,UDXCOMBO-17166062274385665788,Other,Combo-17166062274385665788,Finalized,0,26,0.33,0,0.33
2026-08-07,UDXCOMBO-17730225705333638059,Other,Combo-17730225705333638059,Finalized,0,26,0.16,0,0.16
2026-08-07,UDXCOMBO-3078955607968952497,Other,Combo-3078955607968952497,Finalized,0,26,0.16,0,0.16
2026-08-07,UDXCOMBO-3791711568446433110,Other,Combo-3791711568446433110,Finalized,0,26,0.18,0,0.18
2026-08-07,UDXCOMBO-555781618650414767,Other,Combo-555781618650414767,Finalized,0,26,0.49,0,0.49
2026-08-07,UDXCOMBO-12678418945271398338,Other,Combo-12678418945271398338,Finalized,25.51,25.51,0.34,0,0.34
2026-08-07,UDXCOMBO-12179803551843428925,Other,Combo-12179803551843428925,Finalized,25,25,0.23,0,0.23
2026-08-07,UDXCOMBO-17095423239553436053,Other,Combo-17095423239553436053,Finalized,25,25,0.18,0,0.18
2026-08-07,UDXCOMBO-17962143224590082084,Other,Combo-17962143224590082084,Finalized,25,25,0.42,0,0.42
2026-08-07,UDXCOMBO-1800392519911566747,Other,Combo-1800392519911566747,Finalized,25,25,0.22,0,0.22
2026-08-07,UDXCOMBO-309536772871932189,Other,Combo-309536772871932189,Finalized,25,25,0.2,0,0.2
2026-08-07,UDXCOMBO-4224063222187565463,Other,Combo-4224063222187565463,Finalized,25,25,0.16,0,0.16
2026-08-07,UDXCOMBO-6565694455890086929,Other,Combo-6565694455890086929,Finalized,25,25,0.13,0,0.13
2026-08-07,UDXCOMBO-9275890868437488948,Other,Combo-9275890868437488948,Finalized,25,25,0.19,0,0.19
2026-08-07,UDXCOMBO-1053811800249074233,Other,Combo-1053811800249074233,Finalized,0,25,0.17,0,0.17
2026-08-07,UDXCOMBO-10661087463694965529,Other,Combo-10661087463694965529,Finalized,0,25,0.15,0,0.15
2026-08-07,UDXCOMBO-10931717594843356381,Other,Combo-10931717594843356381,Finalized,0,25,0.21,0,0.21
2026-08-07,UDXCOMBO-11678000924057527576,Other,Combo-11678000924057527576,Finalized,0,25,0.19,0,0.19
2026-08-07,UDXCOMBO-12074059373438065436,Other,Combo-12074059373438065436,Finalized,0,25,0.17,0,0.17
2026-08-07,UDXCOMBO-12755779933008851137,Other,Combo-12755779933008851137,Finalized,0,25,0.51,0,0.51
2026-08-07,UDXCOMBO-12809609615712441766,Other,Combo-12809609615712441766,Finalized,0,25,0.33,0,0.33
2026-08-07,UDXCOMBO-13252098295961327988,Other,Combo-13252098295961327988,Finalized,0,25,0.07,0,0.07
2026-08-07,UDXCOMBO-15268154761200900341,Other,Combo-15268154761200900341,Finalized,0,25,0.04,0,0.04
2026-08-07,UDXCOMBO-16945946386445892984,Other,Combo-16945946386445892984,Finalized,0,25,0.34,0,0.34
2026-08-07,UDXCOMBO-17684308634035522886,Other,Combo-17684308634035522886,Finalized,0,25,0.17,0,0.17
2026-08-07,UDXCOMBO-4432055930430162874,Other,Combo-4432055930430162874,Finalized,0,25,0.11,0,0.11
2026-08-07,UDXCOMBO-568281325053512848,Other,Combo-568281325053512848,Finalized,0,25,0.08,0,0.08
2026-08-07,UDXCOMBO-5926266863962445862,Other,Combo-5926266863962445862,Finalized,0,25,0.08,0,0.08
2026-08-07,UDXCOMBO-5995441594007617866,Other,Combo-5995441594007617866,Finalized,0,25,0.04,0,0.04
2026-08-07,UDXCOMBO-6651971836943325329,Other,Combo-6651971836943325329,Finalized,0,25,0.04,0,0.04
2026-08-07,UDXCOMBO-6714347259800447630,Other,Combo-6714347259800447630,Finalized,0,25,0.57,0,0.57
2026-08-07,UDXCOMBO-9606154465541812258,Other,Combo-9606154465541812258,Finalized,0,25,0.37,0,0.37
2026-08-07,UDXCOMBO-11713646118850128414,Other,Combo-11713646118850128414,Finalized,24,24,0.2,0,0.2
2026-08-07,UDXCOMBO-13918555125147966420,Other,Combo-13918555125147966420,Finalized,24,24,0.17,0,0.17
2026-08-07,UDXCOMBO-15625845453044720257,Other,Combo-15625845453044720257,Finalized,24,24,0.35,0,0.35
2026-08-07,UDXCOMBO-16968399693286075170,Other,Combo-16968399693286075170,Finalized,24,24,0.39,0,0.39
2026-08-07,UDXCOMBO-17452244827049623042,Other,Combo-17452244827049623042,Finalized,24,24,0.39,0,0.39
2026-08-07,UDXCOMBO-17754008224105981279,Other,Combo-17754008224105981279,Finalized,24,24,0.54,0,0.54
2026-08-07,UDXCOMBO-177894794993189956,Other,Combo-177894794993189956,Finalized,24,24,0.04,0,0.04
2026-08-07,UDXCOMBO-18051425071478636447,Other,Combo-18051425071478636447,Finalized,24,24,0.18,0,0.18
2026-08-07,UDXCOMBO-2687079070811256552,Other,Combo-2687079070811256552,Finalized,24,24,0.39,0,0.39
2026-08-07,UDXCOMBO-2702919132629645746,Other,Combo-2702919132629645746,Finalized,24,24,0.2,0,0.2
2026-08-07,UDXCOMBO-3502971082407682227,Other,Combo-3502971082407682227,Finalized,24,24,0.64,0,0.64
2026-08-07,UDXCOMBO-4218781610349685857,Other,Combo-4218781610349685857,Finalized,24,24,0.08,0,0.08
2026-08-07,UDXCOMBO-4986713952108905759,Other,Combo-4986713952108905759,Finalized,24,24,0.19,0,0.19
2026-08-07,UDXMLBSPREAD_BALTEX26AUG081915_TEX3.5,Baseball,Spread,Finalized,24,24,0.2,0,0.2
2026-08-07,UDXCOMBO-12268092227725215628,Other,Combo-12268092227725215628,Finalized,0,24,0.18,0,0.18
2026-08-07,UDXCOMBO-12559776158186063801,Other,Combo-12559776158186063801,Finalized,0,24,0.1,0,0.1
2026-08-07,UDXCOMBO-13410591476627167854,Other,Combo-13410591476627167854,Finalized,0,24,0.39,0,0.39
2026-08-07,UDXCOMBO-14082730118283980950,Other,Combo-14082730118283980950,Finalized,0,24,0.39,0,0.39
2026-08-07,UDXCOMBO-14662035496927768222,Other,Combo-14662035496927768222,Finalized,0,24,0.14,0,0.14
2026-08-07,UDXCOMBO-1920307299628610595,Other,Combo-1920307299628610595,Finalized,0,24,0.18,0,0.18
2026-08-07,UDXCOMBO-469501857188441287,Other,Combo-469501857188441287,Finalized,0,24,0.03,0,0.03
2026-08-07,UDXCOMBO-9704809879338652990,Other,Combo-9704809879338652990,Finalized,0,24,0.19,0,0.19
2026-08-07,UDXCOMBO-16790414351078511596,Other,Combo-16790414351078511596,Finalized,23,23,0.36,0,0.36
2026-08-07,UDXCOMBO-1710806158403098124,Other,Combo-1710806158403098124,Finalized,23,23,0.19,0,0.19
2026-08-07,UDXCOMBO-2071028281839486851,Other,Combo-2071028281839486851,Finalized,23,23,0.55,0,0.55
2026-08-07,UDXCOMBO-2193042354575540464,Other,Combo-2193042354575540464,Finalized,23,23,0.1,0,0.1
2026-08-07,UDXCOMBO-3469584878303897619,Other,Combo-3469584878303897619,Finalized,23,23,0.37,0,0.37
2026-08-07,UDXCOMBO-4442292602506604452,Other,Combo-4442292602506604452,Finalized,23,23,0.41,0,0.41
2026-08-07,UDXCOMBO-8136696839811522903,Other,Combo-8136696839811522903,Finalized,23,23,0.36,0,0.36
2026-08-07,UDXCOMBO-9543947706671297785,Other,Combo-9543947706671297785,Finalized,23,23,0.12,0,0.12
2026-08-07,UDXMLBSPREAD_CHCKAN26AUG081910_CHC1.5,Baseball,Spread,Finalized,23,23,0.5,0,0.5
2026-08-07,UDXCOMBO-11577738672925070170,Other,Combo-11577738672925070170,Finalized,0,23,0.17,0,0.17
2026-08-07,UDXCOMBO-15442221687123288170,Other,Combo-15442221687123288170,Finalized,0,23,0.2,0,0.2
2026-08-07,UDXCOMBO-2083339454940662184,Other,Combo-2083339454940662184,Finalized,0,23,0.11,0,0.11
2026-08-07,UDXCOMBO-2918022868435811983,Other,Combo-2918022868435811983,Finalized,0,23,0.2,0,0.2
2026-08-07,UDXCOMBO-444793323704557852,Other,Combo-444793323704557852,Finalized,0,23,0.12,0,0.12
2026-08-07,UDXCOMBO-8789423308614035392,Other,Combo-8789423308614035392,Finalized,0,23,0.65,0,0.65
2026-08-07,UDXCOMBO-9068188693497191507,Other,Combo-9068188693497191507,Finalized,0,23,0.33,0,0.33
2026-08-07,UDXCOMBO,Other,Combo,Finalized,22,22,0.26,0,
2026-08-07,UDXCOMBO-15334326319339039874,Other,Combo-15334326319339039874,Finalized,22,22,0.38,0,0.38
2026-08-07,UDXCOMBO-2351633093666786899,Other,Combo-2351633093666786899,Finalized,22,22,0.34,0,0.34
2026-08-07,UDXCOMBO-3082724622411090953,Other,Combo-3082724622411090953,Finalized,22,22,0.43,0,0.42
2026-08-07,UDXCOMBO-5650080858704676437,Other,Combo-5650080858704676437,Finalized,22,22,0.62,0,0.62
2026-08-07,UDXCOMBO-6247884656211525252,Other,Combo-6247884656211525252,Finalized,22,22,0.42,0,0.42
2026-08-07,UDXCOMBO-6701962192462900720,Other,Combo-6701962192462900720,Finalized,22,22,0.21,0,0.21
2026-08-07,UDXCOMBO-7920530471638016236,Other,Combo-7920530471638016236,Finalized,22,22,0.21,0,0.21
2026-08-07,UDXCOMBO-8619001866607711407,Other,Combo-8619001866607711407,Finalized,22,22,0.09,0,0.09
2026-08-07,UDXCOMBO-943532755732970517,Other,Combo-943532755732970517,Finalized,22,22,0.13,0,0.13
2026-08-07,UDXCOMBO-10295660696147693333,Other,Combo-10295660696147693333,Finalized,0,22,0.38,0,0.38
2026-08-07,UDXCOMBO-10694070914538059676,Other,Combo-10694070914538059676,Finalized,0,22,0.19,0,0.19
2026-08-07,UDXCOMBO-10998507796938540829,Other,Combo-10998507796938540829,Finalized,0,22,0.22,0,0.22
2026-08-07,UDXCOMBO-13828169218492506218,Other,Combo-13828169218492506218,Finalized,0,22,0.21,0,0.21
2026-08-07,UDXCOMBO-14639761986974429952,Other,Combo-14639761986974429952,Finalized,0,22,0.38,0,0.38
2026-08-07,UDXCOMBO-15873176983215083175,Other,Combo-15873176983215083175,Finalized,0,22,0.08,0,0.08
2026-08-07,UDXCOMBO-16639679759134760812,Other,Combo-16639679759134760812,Finalized,0,22,0.38,0,0.38
2026-08-07,UDXCOMBO-18139857707175938729,Other,Combo-18139857707175938729,Finalized,0,22,0.21,0,0.21
2026-08-07,UDXCOMBO-2053288065383535093,Other,Combo-2053288065383535093,Finalized,0,22,0.38,0,0.38
2026-08-07,UDXCOMBO-2410962533616388153,Other,Combo-2410962533616388153,Finalized,0,22,0.04,0,0.04
2026-08-07,UDXCOMBO-3199368708514307604,Other,Combo-3199368708514307604,Finalized,0,22,0.43,0,0.43
2026-08-07,UDXCOMBO-3991377907127430113,Other,Combo-3991377907127430113,Finalized,0,22,0.39,0,0.39
2026-08-07,UDXCOMBO-9284691180411447558,Other,Combo-9284691180411447558,Finalized,0,22,0.19,0,0.19
2026-08-07,UDXWNBASPREAD_PHXCONN2026AUG07_CONN9.5,Basketball (pro),Spread,Finalized,0,22,0.1,0,0.1
2026-08-07,UDXCOMBO-1059448119891913311,Other,Combo-1059448119891913311,Finalized,21,21,0.61,0,0.61
2026-08-07,UDXCOMBO-11389477045691559021,Other,Combo-11389477045691559021,Finalized,21,21,0.09,0,0.09
2026-08-07,UDXCOMBO-11461787181549560438,Other,Combo-11461787181549560438,Finalized,21,21,0.41,0,0.41
2026-08-07,UDXCOMBO-15840319379719689240,Other,Combo-15840319379719689240,Finalized,21,21,0.23,0,0.23
2026-08-07,UDXCOMBO-4112189608297737816,Other,Combo-4112189608297737816,Finalized,21,21,0.04,0,0.04
2026-08-07,UDXCOMBO-628864982916544061,Other,Combo-628864982916544061,Finalized,21,21,0.2,0,0.2
2026-08-07,UDXCOMBO-9889395089010823440,Other,Combo-9889395089010823440,Finalized,21,21,0.23,0,0.23
2026-08-07,UDXCOMBO-1378288985802722178,Other,Combo-1378288985802722178,Finalized,0,21,0.22,0,0.22
2026-08-07,UDXCOMBO-14611198650777652436,Other,Combo-14611198650777652436,Finalized,0,21,0.09,0,0.09
2026-08-07,UDXCOMBO-1935579489629024278,Other,Combo-1935579489629024278,Finalized,0,21,0.22,0,0.22
2026-08-07,UDXCOMBO-2895431063332766412,Other,Combo-2895431063332766412,Finalized,0,21,0.13,0,0.13
2026-08-07,UDXCOMBO-4804679943175945920,Other,Combo-4804679943175945920,Finalized,0,21,0.22,0,0.22
2026-08-07,UDXCOMBO-73597225842422729,Other,Combo-73597225842422729,Finalized,0,21,0.05,0,0.05
2026-08-07,UDXCOMBO-7863038117866078131,Other,Combo-7863038117866078131,Finalized,0,21,0.2,0,0.2
2026-08-07,UDXCOMBO-11696292973254329420,Other,Combo-11696292973254329420,Finalized,20,20,0.23,0,0.23
2026-08-07,UDXCOMBO-13304557254337078231,Other,Combo-13304557254337078231,Finalized,20,20,0.24,0,0.24
2026-08-07,UDXCOMBO-13980111821247548852,Other,Combo-13980111821247548852,Finalized,20,20,0.23,0,0.23
2026-08-07,UDXCOMBO-14730298340089514754,Other,Combo-14730298340089514754,Finalized,20,20,0.08,0,0.08
2026-08-07,UDXCOMBO-17234077738725212653,Other,Combo-17234077738725212653,Finalized,20,20,0.24,0,0.24
2026-08-07,UDXCOMBO-1834318279686227837,Other,Combo-1834318279686227837,Finalized,20,20,0.43,0,0.43
2026-08-07,UDXCOMBO-5787405098371789290,Other,Combo-5787405098371789290,Finalized,20,20,0.23,0,0.23
2026-08-07,UDXCOMBO-5961227835402397011,Other,Combo-5961227835402397011,Finalized,20,20,0.12,0,0.12
2026-08-07,UDXCOMBO-10246429855915735220,Other,Combo-10246429855915735220,Finalized,0,20,0.38,0,0.38
2026-08-07,UDXCOMBO-11084574504399803040,Other,Combo-11084574504399803040,Finalized,0,20,0.24,0,0.24
2026-08-07,UDXCOMBO-14552533688736476897,Other,Combo-14552533688736476897,Finalized,0,20,0.19,0,0.19
2026-08-07,UDXCOMBO-15637415316775329539,Other,Combo-15637415316775329539,Finalized,0,20,0.21,0,0.21
2026-08-07,UDXCOMBO-18328507424014601445,Other,Combo-18328507424014601445,Finalized,0,20,0.43,0,0.43
2026-08-07,UDXCOMBO-583963802819186664,Other,Combo-583963802819186664,Finalized,0,20,0.14,0,0.14
2026-08-07,UDXCOMBO-7957567052283422623,Other,Combo-7957567052283422623,Finalized,0,20,0.19,0,0.19
2026-08-07,UDXCOMBO-8123312354328402255,Other,Combo-8123312354328402255,Finalized,0,20,0.12,0,0.12
2026-08-07,UDXMLBSPREAD_SDARI26AUG062140_SD1.5,Baseball,Spread,Finalized,0,20,0.96,0,0.96
2026-08-07,UDXCOMBO-12606645768338057447,Other,Combo-12606645768338057447,Finalized,19,19,0.05,0,0.05
2026-08-07,UDXCOMBO-15415415160549343617,Other,Combo-15415415160549343617,Finalized,19,19,0.44,0,0.44
2026-08-07,UDXCOMBO-18248597100135920186,Other,Combo-18248597100135920186,Finalized,19,19,0.22,0,0.22
2026-08-07,UDXCOMBO-9282757819764561934,Other,Combo-9282757819764561934,Finalized,19,19,0.22,0,0.22
2026-08-07,UDXCOMBO-12105188407289974805,Other,Combo-12105188407289974805,Finalized,0,19,0.1,0,0.1
2026-08-07,UDXCOMBO-1322554716742750920,Other,Combo-1322554716742750920,Finalized,0,19,0.22,0,0.22
2026-08-07,UDXCOMBO-16069872013944432013,Other,Combo-16069872013944432013,Finalized,0,19,0.49,0,0.49
2026-08-07,UDXCOMBO-16189604398807788349,Other,Combo-16189604398807788349,Finalized,0,19,0.54,0,0.54
2026-08-07,UDXCOMBO-2400564453988466101,Other,Combo-2400564453988466101,Finalized,0,19,0.31,0,0.31
2026-08-07,UDXCOMBO-4375779813412725306,Other,Combo-4375779813412725306,Finalized,0,19,0.45,0,0.45
2026-08-07,UDXCOMBO-8273075102027860927,Other,Combo-8273075102027860927,Finalized,0,19,0.25,0,0.25
2026-08-07,UDXCOMBO-9639923719843344843,Other,Combo-9639923719843344843,Finalized,0,19,0.26,0,0.26
2026-08-07,UDXCOMBO-12059557088706358988,Other,Combo-12059557088706358988,Finalized,18,18,0.07,0,0.07
2026-08-07,UDXCOMBO-12354590314964822960,Other,Combo-12354590314964822960,Finalized,18,18,0.26,0,0.26
2026-08-07,UDXCOMBO-14452110343373518058,Other,Combo-14452110343373518058,Finalized,18,18,0.1,0,0.1
2026-08-07,UDXCOMBO-15694400927572840568,Other,Combo-15694400927572840568,Finalized,18,18,0.67,0,0.67
2026-08-07,UDXCOMBO-16066866735651984925,Other,Combo-16066866735651984925,Finalized,18,18,0.39,0,0.39
2026-08-07,UDXCOMBO-20468818666472105,Other,Combo-20468818666472105,Finalized,18,18,0.23,0,0.23
2026-08-07,UDXCOMBO-7199176945745019717,Other,Combo-7199176945745019717,Finalized,18,18,0.23,0,0.23
2026-08-07,UDXMLBSPREAD_ATLNYY26AUG071905_NYY2.5,Baseball,Spread,Finalized,18,18,0.27,0,0.27
2026-08-07,UDXCOMBO-10446733032566533164,Other,Combo-10446733032566533164,Finalized,0,18,0.26,0,0.26
2026-08-07,UDXCOMBO-12764865414653300370,Other,Combo-12764865414653300370,Finalized,0,18,0.23,0,0.23
2026-08-07,UDXCOMBO-13778107784429838062,Other,Combo-13778107784429838062,Finalized,0,18,0.26,0,0.26
2026-08-07,UDXCOMBO-15113421435996394395,Other,Combo-15113421435996394395,Finalized,0,18,0.27,0,0.27
2026-08-07,UDXCOMBO-15326441835294944514,Other,Combo-15326441835294944514,Finalized,0,18,0.28,0,0.28
2026-08-07,UDXCOMBO-15464998129534371152,Other,Combo-15464998129534371152,Finalized,0,18,0.26,0,0.26
2026-08-07,UDXCOMBO-16645669474113675271,Other,Combo-16645669474113675271,Finalized,0,18,0.05,0,0.05
2026-08-07,UDXCOMBO-16825365881032186795,Other,Combo-16825365881032186795,Finalized,0,18,0.23,0,0.23
2026-08-07,UDXCOMBO-4603728320951974757,Other,Combo-4603728320951974757,Finalized,0,18,0.26,0,0.26
2026-08-07,UDXCOMBO-4914237920908040071,Other,Combo-4914237920908040071,Finalized,0,18,0.15,0,0.15
2026-08-07,UDXCOMBO-6432231622397954062,Other,Combo-6432231622397954062,Finalized,0,18,0.23,0,0.23
2026-08-07,UDXCOMBO-8235848295892279638,Other,Combo-8235848295892279638,Finalized,0,18,0.23,0,0.23
2026-08-07,UDXCOMBO-10209878364985122809,Other,Combo-10209878364985122809,Finalized,17,17,0.28,0,0.28
2026-08-07,UDXCOMBO-1287010073673545735,Other,Combo-1287010073673545735,Finalized,17,17,0.27,0,0.27
2026-08-07,UDXCOMBO-13157518712862406014,Other,Combo-13157518712862406014,Finalized,17,17,0.24,0,0.24
2026-08-07,UDXCOMBO-15092881084648369085,Other,Combo-15092881084648369085,Finalized,17,17,0.25,0,0.25
2026-08-07,UDXCOMBO-15218034245599302704,Other,Combo-15218034245599302704,Finalized,17,17,0.28,0,0.28
2026-08-07,UDXCOMBO-15636242154133227571,Other,Combo-15636242154133227571,Finalized,17,17,0.24,0,0.24
2026-08-07,UDXCOMBO-7163800706350143841,Other,Combo-7163800706350143841,Finalized,17,17,0.28,0,0.28
2026-08-07,UDXCOMBO-8448262241570594036,Other,Combo-8448262241570594036,Finalized,17,17,0.17,0,0.17
2026-08-07,UDXCOMBO-9783028798694045772,Other,Combo-9783028798694045772,Finalized,17,17,0.29,0,0.29
2026-08-07,UDXCOMBO-10969184407246341478,Other,Combo-10969184407246341478,Finalized,0,17,0.09,0,0.09
2026-08-07,UDXCOMBO-1202081280981960521,Other,Combo-1202081280981960521,Finalized,0,17,0.27,0,0.27
2026-08-07,UDXCOMBO-13281062426608488212,Other,Combo-13281062426608488212,Finalized,0,17,0.49,0,0.49
2026-08-07,UDXCOMBO-13909417370957986742,Other,Combo-13909417370957986742,Finalized,0,17,0.05,0,0.05
2026-08-07,UDXCOMBO-16946289914191074259,Other,Combo-16946289914191074259,Finalized,0,17,0.27,0,0.27
2026-08-07,UDXCOMBO-17189788191036957691,Other,Combo-17189788191036957691,Finalized,0,17,0.05,0,0.05
2026-08-07,UDXCOMBO-17309333676620430842,Other,Combo-17309333676620430842,Finalized,0,17,0.25,0,0.25
2026-08-07,UDXCOMBO-3070577666604010929,Other,Combo-3070577666604010929,Finalized,0,17,0.13,0,0.13
2026-08-07,UDXCOMBO-4239081727073277246,Other,Combo-4239081727073277246,Finalized,0,17,0.16,0,0.16
2026-08-07,UDXCOMBO-4575777774282322482,Other,Combo-4575777774282322482,Finalized,0,17,0.27,0,0.27
2026-08-07,UDXCOMBO-8652702676746864750,Other,Combo-8652702676746864750,Finalized,0,17,0.49,0,0.49
2026-08-07,UDXCOMBO-9057752478430574865,Other,Combo-9057752478430574865,Finalized,0,17,0.28,0,0.28
2026-08-07,UDXMLBTOTAL_CHCKAN26AUG072010_13.5,Baseball,Total,Finalized,0,17,0.04,0,0.04
2026-08-07,UDXCOMBO-12405718559813794077,Other,Combo-12405718559813794077,Finalized,16,16,0.11,0,0.11
2026-08-07,UDXCOMBO-15587481472021919852,Other,Combo-15587481472021919852,Finalized,16,16,0.52,0,0.52
2026-08-07,UDXCOMBO-2158979735103316381,Other,Combo-2158979735103316381,Finalized,16,16,0.14,0,0.14
2026-08-07,UDXCOMBO-4020862107876713216,Other,Combo-4020862107876713216,Finalized,16,16,0.18,0,0.18
2026-08-07,UDXCOMBO-5486008104192192064,Other,Combo-5486008104192192064,Finalized,16,16,0.26,0,0.26
2026-08-07,UDXCOMBO-6416592966929471801,Other,Combo-6416592966929471801,Finalized,16,16,0.07,0,0.07
2026-08-07,UDXCOMBO-9738213731641479355,Other,Combo-9738213731641479355,Finalized,16,16,0.23,0,0.23
2026-08-07,UDXCOMBO-10867357909733418886,Other,Combo-10867357909733418886,Finalized,0,16,0.26,0,0.26
2026-08-07,UDXCOMBO-11485596755551062813,Other,Combo-11485596755551062813,Finalized,0,16,0.3,0,0.3
2026-08-07,UDXCOMBO-12093351480495212829,Other,Combo-12093351480495212829,Finalized,0,16,0.09,0,0.09
2026-08-07,UDXCOMBO-13531284135682881760,Other,Combo-13531284135682881760,Finalized,0,16,0.15,0,0.15
2026-08-07,UDXCOMBO-1362222430921072230,Other,Combo-1362222430921072230,Finalized,0,16,0.28,0,0.28
2026-08-07,UDXCOMBO-13691119252330393938,Other,Combo-13691119252330393938,Finalized,0,16,0.06,0,0.06
2026-08-07,UDXCOMBO-14249936405081456081,Other,Combo-14249936405081456081,Finalized,0,16,0.25,0,0.25
2026-08-07,UDXCOMBO-15261771632876907799,Other,Combo-15261771632876907799,Finalized,0,16,0.31,0,0.31
2026-08-07,UDXCOMBO-1557317307888359784,Other,Combo-1557317307888359784,Finalized,0,16,0.94,0,0.94
2026-08-07,UDXCOMBO-18110748696923279017,Other,Combo-18110748696923279017,Finalized,0,16,0.14,0,0.14
2026-08-07,UDXCOMBO-4304940219432181298,Other,Combo-4304940219432181298,Finalized,0,16,0.17,0,0.17
2026-08-07,UDXCOMBO-7363392449534262999,Other,Combo-7363392449534262999,Finalized,0,16,0.26,0,0.26
2026-08-07,UDXCOMBO-7805151850778438264,Other,Combo-7805151850778438264,Finalized,0,16,0.06,0,0.06
2026-08-07,UDXCOMBO-8431504649235506940,Other,Combo-8431504649235506940,Finalized,0,16,0.54,0,0.54
2026-08-07,UDXCOMBO-12201560936197556068,Other,Combo-12201560936197556068,Finalized,15,15,0.22,0,0.11
2026-08-07,UDXCOMBO-122028824006162866,Other,Combo-122028824006162866,Finalized,15,15,0.31,0,0.31
2026-08-07,UDXCOMBO-12875526600757569764,Other,Combo-12875526600757569764,Finalized,15,15,0.12,0,0.12
2026-08-07,UDXCOMBO-14993972288842397440,Other,Combo-14993972288842397440,Finalized,15,15,0.28,0,0.28
2026-08-07,UDXCOMBO-15310335814701417262,Other,Combo-15310335814701417262,Finalized,15,15,0.3,0,0.3
2026-08-07,UDXCOMBO-16749238503069997587,Other,Combo-16749238503069997587,Finalized,15,15,0.3,0,0.3
2026-08-07,UDXCOMBO-16967704349255854424,Other,Combo-16967704349255854424,Finalized,15,15,0.57,0,0.57
2026-08-07,UDXCOMBO-190005246631189433,Other,Combo-190005246631189433,Finalized,15,15,0.52,0,0.52
2026-08-07,UDXCOMBO-3091624571390540701,Other,Combo-3091624571390540701,Finalized,15,15,0.49,0,0.49
2026-08-07,UDXCOMBO-3306630586706681890,Other,Combo-3306630586706681890,Finalized,15,15,0.56,0,0.56
2026-08-07,UDXCOMBO-7046057742046695783,Other,Combo-7046057742046695783,Finalized,15,15,0.31,0,0.31
2026-08-07,UDXCOMBO-7795231303105851001,Other,Combo-7795231303105851001,Finalized,15,15,0.14,0,0.14
2026-08-07,UDXCOMBO-9584693330360921254,Other,Combo-9584693330360921254,Finalized,15,15,0.31,0,0.31
2026-08-07,UDXCOMBO-11060486518383681105,Other,Combo-11060486518383681105,Finalized,0,15,0.19,0,0.19
2026-08-07,UDXCOMBO-11247158245172515422,Other,Combo-11247158245172515422,Finalized,0,15,0.11,0,0.11
2026-08-07,UDXCOMBO-12454951873288659603,Other,Combo-12454951873288659603,Finalized,0,15,0.32,0,0.32
2026-08-07,UDXCOMBO-13048948641662634176,Other,Combo-13048948641662634176,Finalized,0,15,0.09,0,0.09
2026-08-07,UDXCOMBO-15299946324824543905,Other,Combo-15299946324824543905,Finalized,0,15,0.24,0,0.24
2026-08-07,UDXCOMBO-16882608259800612308,Other,Combo-16882608259800612308,Finalized,0,15,0.05,0,0.05
2026-08-07,UDXCOMBO-18310347570834747336,Other,Combo-18310347570834747336,Finalized,0,15,0.31,0,0.31
2026-08-07,UDXCOMBO-1855104156700296424,Other,Combo-1855104156700296424,Finalized,0,15,0.27,0,0.27
2026-08-07,UDXCOMBO-3465272695969054932,Other,Combo-3465272695969054932,Finalized,0,15,0.32,0,0.32
2026-08-07,UDXCOMBO-3580409111341129929,Other,Combo-3580409111341129929,Finalized,0,15,0.31,0,0.31
2026-08-07,UDXCOMBO-4624744596751766839,Other,Combo-4624744596751766839,Finalized,0,15,0.28,0,0.28
2026-08-07,UDXCOMBO-4705516052951890880,Other,Combo-4705516052951890880,Finalized,0,15,0.18,0,0.18
2026-08-07,UDXCOMBO-7159392351995690946,Other,Combo-7159392351995690946,Finalized,0,15,0.12,0,0.12
2026-08-07,UDXCOMBO-7505765260970148978,Other,Combo-7505765260970148978,Finalized,0,14.24,0.12,0,0.12
2026-08-07,UDXCOMBO-10069408909772282572,Other,Combo-10069408909772282572,Finalized,14,14,0.34,0,0.34
2026-08-07,UDXCOMBO-12207058660644554658,Other,Combo-12207058660644554658,Finalized,14,14,0.07,0,0.07
2026-08-07,UDXCOMBO-14325469932351504694,Other,Combo-14325469932351504694,Finalized,14,14,0.06,0,0.06
2026-08-07,UDXCOMBO-2131734305489046281,Other,Combo-2131734305489046281,Finalized,14,14,0.13,0,0.13
2026-08-07,UDXCOMBO-4290960955680560873,Other,Combo-4290960955680560873,Finalized,14,14,0.34,0,0.34
2026-08-07,UDXCOMBO,Other,Combo,Finalized,0,14,0.18,0,
2026-08-07,UDXCOMBO-11865358640873360701,Other,Combo-11865358640873360701,Finalized,0,14,0.33,0,0.33
2026-08-07,UDXCOMBO-13357823742621716429,Other,Combo-13357823742621716429,Finalized,0,14,0.33,0,0.33
2026-08-07,UDXCOMBO-16336825437573680362,Other,Combo-16336825437573680362,Finalized,0,14,0.29,0,0.29
2026-08-07,UDXCOMBO-2648752010947740007,Other,Combo-2648752010947740007,Finalized,0,14,0.09,0,0.09
2026-08-07,UDXCOMBO-4121345655748810451,Other,Combo-4121345655748810451,Finalized,0,14,0.13,0,0.13
2026-08-07,UDXCOMBO-4825408230456124339,Other,Combo-4825408230456124339,Finalized,0,14,0.13,0,0.13
2026-08-07,UDXCOMBO-709564115363964374,Other,Combo-709564115363964374,Finalized,0,14,0.44,0,0.44
2026-08-07,UDXCOMBO-8139986434958731269,Other,Combo-8139986434958731269,Finalized,0,14,0.06,0,0.06
2026-08-07,UDXCOMBO-11059882048955756916,Other,Combo-11059882048955756916,Finalized,13,13,0.2,0,0.2
2026-08-07,UDXCOMBO-11413810905205509271,Other,Combo-11413810905205509271,Finalized,13,13,0.07,0,0.07
2026-08-07,UDXCOMBO-13519815752005987921,Other,Combo-13519815752005987921,Finalized,13,13,0.18,0,0.18
2026-08-07,UDXCOMBO-13990355534502478354,Other,Combo-13990355534502478354,Finalized,13,13,0.67,0,0.67
2026-08-07,UDXCOMBO-14368551248338824288,Other,Combo-14368551248338824288,Finalized,13,13,0.14,0,0.14
2026-08-07,UDXCOMBO-14382603538491822686,Other,Combo-14382603538491822686,Finalized,13,13,0.16,0,0.16
2026-08-07,UDXCOMBO-15336161170199111695,Other,Combo-15336161170199111695,Finalized,13,13,0.35,0,0.35
2026-08-07,UDXCOMBO-16482346846556315124,Other,Combo-16482346846556315124,Finalized,13,13,0.14,0,0.14
2026-08-07,UDXCOMBO-3830282247477043193,Other,Combo-3830282247477043193,Finalized,13,13,0.23,0,0.23
2026-08-07,UDXCOMBO-3906500311842536589,Other,Combo-3906500311842536589,Finalized,13,13,0.63,0,0.63
2026-08-07,UDXCOMBO-6665331704400066213,Other,Combo-6665331704400066213,Finalized,13,13,0.35,0,0.35
2026-08-07,UDXCOMBO-7835046533686968818,Other,Combo-7835046533686968818,Finalized,13,13,0.37,0,0.37
2026-08-07,UDXCOMBO-9705490770286015071,Other,Combo-9705490770286015071,Finalized,13,13,0.14,0,0.14
2026-08-07,UDXCOMBO-10340469813740789901,Other,Combo-10340469813740789901,Finalized,0,13,0.16,0,0.16
2026-08-07,UDXCOMBO-1270119253432788605,Other,Combo-1270119253432788605,Finalized,0,13,0.31,0,0.31
2026-08-07,UDXCOMBO-1902603579098349042,Other,Combo-1902603579098349042,Finalized,0,13,0.06,0,0.06
2026-08-07,UDXCOMBO-235608886336809475,Other,Combo-235608886336809475,Finalized,0,13,0.35,0,0.35
2026-08-07,UDXCOMBO-4067593163918409208,Other,Combo-4067593163918409208,Finalized,0,13,0.36,0,0.36
2026-08-07,UDXCOMBO-8333212674757367862,Other,Combo-8333212674757367862,Finalized,0,13,0.07,0,0.07
2026-08-07,UDXCOMBO-8673902589657660809,Other,Combo-8673902589657660809,Finalized,0,13,0.08,0,0.08
2026-08-07,UDXCOMBO-1134755649175290122,Other,Combo-1134755649175290122,Finalized,12,12,0.35,0,0.35
2026-08-07,UDXCOMBO-13214077103447232604,Other,Combo-13214077103447232604,Finalized,12,12,0.33,0,0.33
2026-08-07,UDXCOMBO-1411074962203831719,Other,Combo-1411074962203831719,Finalized,12,12,0.38,0,0.38
2026-08-07,UDXCOMBO-14786379439465944865,Other,Combo-14786379439465944865,Finalized,12,12,0.35,0,0.35
2026-08-07,UDXCOMBO-15183885535898471377,Other,Combo-15183885535898471377,Finalized,12,12,0.07,0,0.07
2026-08-07,UDXCOMBO-15304876208306421254,Other,Combo-15304876208306421254,Finalized,12,12,0.32,0,0.32
2026-08-07,UDXCOMBO-4613872804081874877,Other,Combo-4613872804081874877,Finalized,12,12,0.39,0,0.39
2026-08-07,UDXCOMBO-71479439489708402,Other,Combo-71479439489708402,Finalized,12,12,0.33,0,0.33
2026-08-07,UDXCOMBO-8939106438269022852,Other,Combo-8939106438269022852,Finalized,12,12,0.18,0,0.18
2026-08-07,UDXCOMBO-10510712918482112503,Other,Combo-10510712918482112503,Finalized,0,12,0.34,0,0.34
2026-08-07,UDXCOMBO-11275465254571117421,Other,Combo-11275465254571117421,Finalized,0,12,0.39,0,0.39
2026-08-07,UDXCOMBO-12744393569054613272,Other,Combo-12744393569054613272,Finalized,0,12,0.15,0,0.15
2026-08-07,UDXCOMBO-1390663580659987900,Other,Combo-1390663580659987900,Finalized,0,12,0.53,0,0.53
2026-08-07,UDXCOMBO-1594695220353560426,Other,Combo-1594695220353560426,Finalized,0,12,0.38,0,0.38
2026-08-07,UDXCOMBO-15995279458733729736,Other,Combo-15995279458733729736,Finalized,0,12,0.77,0,0.77
2026-08-07,UDXCOMBO-16312481303559542827,Other,Combo-16312481303559542827,Finalized,0,12,0.16,0,0.16
2026-08-07,UDXCOMBO-17467654422308112583,Other,Combo-17467654422308112583,Finalized,0,12,0.6,0,0.6
2026-08-07,UDXCOMBO-2098047434790738945,Other,Combo-2098047434790738945,Finalized,0,12,0.35,0,0.35
2026-08-07,UDXCOMBO-2409859308226585707,Other,Combo-2409859308226585707,Finalized,0,12,0.07,0,0.07
2026-08-07,UDXCOMBO-4580026868741162014,Other,Combo-4580026868741162014,Finalized,0,12,0.18,0,0.18
2026-08-07,UDXCOMBO-4580468575646549278,Other,Combo-4580468575646549278,Finalized,0,12,0.2,0,0.2
2026-08-07,UDXCOMBO-4585021848057926756,Other,Combo-4585021848057926756,Finalized,0,12,0.82,0,0.82
2026-08-07,UDXCOMBO-5832992498075471228,Other,Combo-5832992498075471228,Finalized,0,12,0.37,0,0.37
2026-08-07,UDXCOMBO-8387960118726909127,Other,Combo-8387960118726909127,Finalized,0,12,0.07,0,0.07
2026-08-07,UDXCOMBO-9499737049084197442,Other,Combo-9499737049084197442,Finalized,0,12,0.35,0,0.35
2026-08-07,UDXCOMBO-9761107389927184344,Other,Combo-9761107389927184344,Finalized,0,12,0.07,0,0.07
2026-08-07,UDXMLBTOTAL_CINWAS26AUG071845_6.5,Baseball,Total,Finalized,0,12,0.73,0,0.73
2026-08-07,UDXCOMBO-11954013101331541447,Other,Combo-11954013101331541447,Finalized,11,11,0.16,0,0.16
2026-08-07,UDXCOMBO-1210662228400870826,Other,Combo-1210662228400870826,Finalized,11,11,0.08,0,0.08
2026-08-07,UDXCOMBO-6771725640384986367,Other,Combo-6771725640384986367,Finalized,11,11,0.08,0,0.08
2026-08-07,UDXCOMBO-8841953416931716914,Other,Combo-8841953416931716914,Finalized,11,11,0.41,0,0.41
2026-08-07,UDXMLBSPREAD_MINMIL26AUG081910_MIL1.5,Baseball,Spread,Finalized,11,11,0.42,0,0.42
2026-08-07,UDXCOMBO-11767591971897890752,Other,Combo-11767591971897890752,Finalized,0,11,0.38,0,0.38
2026-08-07,UDXCOMBO-14498311694164154350,Other,Combo-14498311694164154350,Finalized,0,11,0.17,0,0.17
2026-08-07,UDXCOMBO-14525210182418123180,Other,Combo-14525210182418123180,Finalized,0,11,0.08,0,0.08
2026-08-07,UDXCOMBO-17571547859650140324,Other,Combo-17571547859650140324,Finalized,0,11,0.43,0,0.43
2026-08-07,UDXCOMBO-17928464118305317391,Other,Combo-17928464118305317391,Finalized,0,11,0.38,0,0.38
2026-08-07,UDXCOMBO-2138705495491580385,Other,Combo-2138705495491580385,Finalized,0,11,0.43,0,0.43
2026-08-07,UDXCOMBO-5805640272933456331,Other,Combo-5805640272933456331,Finalized,0,11,0.28,0,0.28
2026-08-07,UDXCOMBO-777178515600333807,Other,Combo-777178515600333807,Finalized,0,11,0.34,0,0.34
2026-08-07,UDXCOMBO-8268010854272616015,Other,Combo-8268010854272616015,Finalized,0,11,0.25,0,0.25
2026-08-07,UDXCOMBO-1634214938512141927,Other,Combo-1634214938512141927,Finalized,10.49,10.49,0.34,0,0.34
2026-08-07,UDXCOMBO-10414866023758251580,Other,Combo-10414866023758251580,Finalized,10,10,0.09,0,0.09
2026-08-07,UDXCOMBO-11808412463573012678,Other,Combo-11808412463573012678,Finalized,10,10,0.17,0,0.17
2026-08-07,UDXCOMBO-12026701110630088351,Other,Combo-12026701110630088351,Finalized,10,10,0.09,0,0.09
2026-08-07,UDXCOMBO-13098223634418255820,Other,Combo-13098223634418255820,Finalized,10,10,0.34,0,0.34
2026-08-07,UDXCOMBO-13203382080013155440,Other,Combo-13203382080013155440,Finalized,10,10,0.46,0,0.46
2026-08-07,UDXCOMBO-13475702517221595531,Other,Combo-13475702517221595531,Finalized,10,10,0.94,0,0.94
2026-08-07,UDXCOMBO-5573344071103349925,Other,Combo-5573344071103349925,Finalized,10,10,0.28,0,0.28
2026-08-07,UDXCOMBO-6015907671613995308,Other,Combo-6015907671613995308,Finalized,10,10,0.14,0,0.14
2026-08-07,UDXCOMBO-8330907600644610544,Other,Combo-8330907600644610544,Finalized,10,10,0.45,0,0.45
2026-08-07,UDXCOMBO-10303754114060306679,Other,Combo-10303754114060306679,Finalized,0,10,0.08,0,0.08
2026-08-07,UDXCOMBO-12203368082189158456,Other,Combo-12203368082189158456,Finalized,0,10,0.42,0,0.42
2026-08-07,UDXCOMBO-14517165831204616355,Other,Combo-14517165831204616355,Finalized,0,10,0.18,0,0.18
2026-08-07,UDXCOMBO-16566717507470899782,Other,Combo-16566717507470899782,Finalized,0,10,0.39,0,0.39
2026-08-07,UDXCOMBO-2418741958188539378,Other,Combo-2418741958188539378,Finalized,0,10,0.2,0,0.2
2026-08-07,UDXCOMBO-5158379644298672407,Other,Combo-5158379644298672407,Finalized,0,10,0.08,0,0.08
2026-08-07,UDXCOMBO-8848950410895508480,Other,Combo-8848950410895508480,Finalized,0,10,0.09,0,0.09
2026-08-07,UDXMLBTOTAL_LAAMIA26AUG071910_10.5,Baseball,Total,Finalized,0,10,0.36,0,0.36
2026-08-07,UDXCOMBO-12008524154590814911,Other,Combo-12008524154590814911,Finalized,9,9,0.15,0,0.15
2026-08-07,UDXCOMBO-1243657045144578652,Other,Combo-1243657045144578652,Finalized,9,9,0.29,0,0.29
2026-08-07,UDXCOMBO-14352330753597105626,Other,Combo-14352330753597105626,Finalized,9,9,0.13,0,0.13
2026-08-07,UDXCOMBO-14576232489512310312,Other,Combo-14576232489512310312,Finalized,9,9,0.15,0,0.15
2026-08-07,UDXCOMBO-4661639119339921859,Other,Combo-4661639119339921859,Finalized,9,9,0.2,0,0.2
2026-08-07,UDXCOMBO-5062282716898021402,Other,Combo-5062282716898021402,Finalized,9,9,0.52,0,0.52
2026-08-07,UDXCOMBO-6042201511490590273,Other,Combo-6042201511490590273,Finalized,9,9,0.2,0,0.2
2026-08-07,UDXCOMBO-6646914760068948286,Other,Combo-6646914760068948286,Finalized,9,9,0.5,0,0.5
2026-08-07,UDXCOMBO-966230554840965523,Other,Combo-966230554840965523,Finalized,9,9,0.27,0,0.27
2026-08-07,UDXWNBASPREAD_LVMIN2026AUG08_LV3.5,Basketball (pro),Spread,Finalized,9,9,0.28,0,0.28
2026-08-07,UDXCOMBO-11119962323726071532,Other,Combo-11119962323726071532,Finalized,0,9,0.47,0,0.47
2026-08-07,UDXCOMBO-12901920175784653554,Other,Combo-12901920175784653554,Finalized,0,9,0.45,0,0.45
2026-08-07,UDXCOMBO-14782357841983032587,Other,Combo-14782357841983032587,Finalized,0,9,0.46,0,0.46
2026-08-07,UDXCOMBO-15017756721331691340,Other,Combo-15017756721331691340,Finalized,0,9,0.11,0,0.11
2026-08-07,UDXCOMBO-3515853287385469118,Other,Combo-3515853287385469118,Finalized,0,9,0.45,0,0.45
2026-08-07,UDXCOMBO-7511892848441899447,Other,Combo-7511892848441899447,Finalized,0,9,0.2,0,0.2
2026-08-07,UDXCOMBO-9360145328879251175,Other,Combo-9360145328879251175,Finalized,0,9,0.47,0,0.47
2026-08-07,UDXCOMBO-9459820228706042746,Other,Combo-9459820228706042746,Finalized,0,9,0.09,0,0.09
2026-08-07,UDXCOMBO-9667797589263109828,Other,Combo-9667797589263109828,Finalized,0,9,0.44,0,0.44
2026-08-07,UDXMLBTOTAL_MINMIL26AUG071940_9.5,Baseball,Total,Finalized,0,9,0.4,0,0.4
2026-08-07,UDXCOMBO-12143855187466227178,Other,Combo-12143855187466227178,Finalized,8,8,0.34,0,0.34
2026-08-07,UDXCOMBO-13672831570802742612,Other,Combo-13672831570802742612,Finalized,8,8,0.57,0,0.57
2026-08-07,UDXCOMBO-4212431014491906594,Other,Combo-4212431014491906594,Finalized,8,8,0.17,0,0.17
2026-08-07,UDXCOMBO-5847497820739048184,Other,Combo-5847497820739048184,Finalized,8,8,0.59,0,0.59
2026-08-07,UDXCOMBO-6075221446775809788,Other,Combo-6075221446775809788,Finalized,8,8,0.12,0,0.12
2026-08-07,UDXCOMBO-9066427683819006914,Other,Combo-9066427683819006914,Finalized,8,8,0.33,0,0.33
2026-08-07,UDXCOMBO-9441966069758151981,Other,Combo-9441966069758151981,Finalized,8,8,0.31,0,0.31
2026-08-07,UDXCOMBO-9713082316473182657,Other,Combo-9713082316473182657,Finalized,8,8,0.15,0,0.15
2026-08-07,UDXCOMBO-11483207228838027440,Other,Combo-11483207228838027440,Finalized,0,8,0.11,0,0.11
2026-08-07,UDXCOMBO-16058628735276945042,Other,Combo-16058628735276945042,Finalized,0,8,0.2,0,0.09
2026-08-07,UDXCOMBO-16469122944789501411,Other,Combo-16469122944789501411,Finalized,0,8,0.54,0,0.54
2026-08-07,UDXCOMBO-2406532624510669225,Other,Combo-2406532624510669225,Finalized,0,8,0.21,0,0.21
2026-08-07,UDXCOMBO-3597888876880210908,Other,Combo-3597888876880210908,Finalized,0,8,0.11,0,0.11
2026-08-07,UDXCOMBO-3730469957696909477,Other,Combo-3730469957696909477,Finalized,0,8,0.1,0,0.1
2026-08-07,UDXCOMBO-3794041966912235782,Other,Combo-3794041966912235782,Finalized,0,8,0.17,0,0.17
2026-08-07,UDXCOMBO-7719629735757151267,Other,Combo-7719629735757151267,Finalized,0,8,0.33,0,0.33
2026-08-07,UDXCOMBO-1711463611722312244,Other,Combo-1711463611722312244,Finalized,7,7,0.13,0,0.13
2026-08-07,UDXCOMBO-2186426615115723814,Other,Combo-2186426615115723814,Finalized,7,7,0.37,0,0.37
2026-08-07,UDXCOMBO-2824477872133515416,Other,Combo-2824477872133515416,Finalized,7,7,0.53,0,0.53
2026-08-07,UDXCOMBO-4893874906091887492,Other,Combo-4893874906091887492,Finalized,7,7,0.25,0,0.25
2026-08-07,UDXCOMBO-8261021585651590777,Other,Combo-8261021585651590777,Finalized,7,7,0.35,0,0.35
2026-08-07,UDXCOMBO-11555657764711333012,Other,Combo-11555657764711333012,Finalized,0,7,0.39,0,0.39
2026-08-07,UDXCOMBO-1384341063448844339,Other,Combo-1384341063448844339,Finalized,0,7,0.11,0,0.11
2026-08-07,UDXCOMBO-14167198577578420635,Other,Combo-14167198577578420635,Finalized,0,7,0.36,0,0.36
2026-08-07,UDXCOMBO-14599147941421919549,Other,Combo-14599147941421919549,Finalized,0,7,0.55,0,0.55
2026-08-07,UDXCOMBO-16081609408604879867,Other,Combo-16081609408604879867,Finalized,0,7,0.11,0,0.11
2026-08-07,UDXCOMBO-3493036834971735286,Other,Combo-3493036834971735286,Finalized,0,7,0.65,0,0.65
2026-08-07,UDXCOMBO-7705208436509028567,Other,Combo-7705208436509028567,Finalized,0,7,0.12,0,0.12
2026-08-07,UDXCOMBO-7854530384483846506,Other,Combo-7854530384483846506,Finalized,0,7,0.43,0,0.43
2026-08-07,UDXCOMBO-8120123696982718780,Other,Combo-8120123696982718780,Finalized,0,7,0.57,0,0.57
2026-08-07,UDXMLBTOTAL_TORPHI26AUG071840_5.5,Baseball,Total,Finalized,0,7,0.73,0,0.73
2026-08-07,UDXCOMBO,Other,Combo,Finalized,6,6,0.28,0,
2026-08-07,UDXCOMBO-15524601741016795516,Other,Combo-15524601741016795516,Finalized,6,6,0.31,0,0.31
2026-08-07,UDXCOMBO-17766943842924545890,Other,Combo-17766943842924545890,Finalized,6,6,0.15,0,0.15
2026-08-07,UDXCOMBO-5865274751640389303,Other,Combo-5865274751640389303,Finalized,6,6,0.5,0,0.5
2026-08-07,UDXCOMBO-8122841428342908088,Other,Combo-8122841428342908088,Finalized,6,6,0.15,0,0.15
2026-08-07,UDXCOMBO-8857547029139029223,Other,Combo-8857547029139029223,Finalized,6,6,0.29,0,0.29
2026-08-07,UDXCOMBO-11008637258106744535,Other,Combo-11008637258106744535,Finalized,0,6,0.35,0,0.35
2026-08-07,UDXCOMBO-15849768346290004202,Other,Combo-15849768346290004202,Finalized,0,6,0.14,0,0.14
2026-08-07,UDXCOMBO-16258300300761848352,Other,Combo-16258300300761848352,Finalized,0,6,0.34,0,0.34
2026-08-07,UDXCOMBO-2901527171036913503,Other,Combo-2901527171036913503,Finalized,0,6,0.34,0,0.34
2026-08-07,UDXCOMBO-5058463167446132602,Other,Combo-5058463167446132602,Finalized,0,6,0.73,0,0.73
2026-08-07,UDXCOMBO-8979937858224458302,Other,Combo-8979937858224458302,Finalized,0,6,0.14,0,0.14
2026-08-07,UDXMLBSPREAD_BALTEX26AUG072015_TEX2.5,Baseball,Spread,Finalized,0,6,0.27,0,0.27
2026-08-07,UDXMLBSPREAD_COLSTL26AUG072015_STL2.5,Baseball,Spread,Finalized,0,6,0.32,0,0.32
2026-08-07,UDXCOMBO-12767632209935772959,Other,Combo-12767632209935772959,Finalized,5,5,0.37,0,0.37
2026-08-07,UDXCOMBO-14571321179350841451,Other,Combo-14571321179350841451,Finalized,5,5,0.32,0,0.32
2026-08-07,UDXCOMBO-16843829322222213740,Other,Combo-16843829322222213740,Finalized,5,5,0.24,0,0.24
2026-08-07,UDXCOMBO-17127730559306616584,Other,Combo-17127730559306616584,Finalized,5,5,0.37,0,0.37
2026-08-07,UDXCOMBO-474272821138980646,Other,Combo-474272821138980646,Finalized,5,5,0.31,0,0.31
2026-08-07,UDXCOMBO-5098876248435717742,Other,Combo-5098876248435717742,Finalized,5,5,0.3,0,0.3
2026-08-07,UDXCOMBO-5284267390411500563,Other,Combo-5284267390411500563,Finalized,5,5,0.22,0,0.22
2026-08-07,UDXCOMBO-12215645993646945754,Other,Combo-12215645993646945754,Finalized,0,5,0.15,0,0.15
2026-08-07,UDXCOMBO-12270089565449172630,Other,Combo-12270089565449172630,Finalized,0,5,0.84,0,0.84
2026-08-07,UDXCOMBO-13812252453808016974,Other,Combo-13812252453808016974,Finalized,0,5,0.32,0,0.32
2026-08-07,UDXCOMBO-13917216680275706987,Other,Combo-13917216680275706987,Finalized,0,5,0.15,0,0.15
2026-08-07,UDXCOMBO-14292862625696705680,Other,Combo-14292862625696705680,Finalized,0,5,0.19,0,0.19
2026-08-07,UDXCOMBO-14547059056776595477,Other,Combo-14547059056776595477,Finalized,0,5,0.16,0,0.16
2026-08-07,UDXCOMBO-2027406602409872102,Other,Combo-2027406602409872102,Finalized,0,5,0.37,0,0.37
2026-08-07,UDXCOMBO-2263615552502437433,Other,Combo-2263615552502437433,Finalized,0,5,0.16,0,0.16
2026-08-07,UDXCOMBO-3295012681109255560,Other,Combo-3295012681109255560,Finalized,0,5,0.3,0,0.3
2026-08-07,UDXMLBTOTAL_OAKBOS26AUG071910_4.5,Baseball,Total,Finalized,0,5,0.87,0,0.87
2026-08-07,UDXCOMBO-14425724061246437355,Other,Combo-14425724061246437355,Finalized,4,4,0.48,0,0.48
2026-08-07,UDXCOMBO-14772400518268539136,Other,Combo-14772400518268539136,Finalized,4,4,0.4,0,0.4
2026-08-07,UDXCOMBO-17265709042815750213,Other,Combo-17265709042815750213,Finalized,4,4,0.2,0,0.2
2026-08-07,UDXCOMBO-339916352009552205,Other,Combo-339916352009552205,Finalized,4,4,0.21,0,0.21
2026-08-07,UDXCOMBO-3519320561415170007,Other,Combo-3519320561415170007,Finalized,4,4,0.48,0,0.48
2026-08-07,UDXCOMBO-4255178369938826305,Other,Combo-4255178369938826305,Finalized,4,4,0.28,0,0.28
2026-08-07,UDXCOMBO-10427535945920462497,Other,Combo-10427535945920462497,Finalized,0,4,0.48,0,0.48
2026-08-07,UDXCOMBO-12297160756648879552,Other,Combo-12297160756648879552,Finalized,0,4,0.25,0,0.25
2026-08-07,UDXCOMBO-18301336882112593661,Other,Combo-18301336882112593661,Finalized,0,4,0.34,0,0.34
2026-08-07,UDXCOMBO-211808545998598283,Other,Combo-211808545998598283,Finalized,0,4,0.42,0,0.42
2026-08-07,UDXCOMBO-3570391974342390287,Other,Combo-3570391974342390287,Finalized,0,4,0.3,0,0.3
2026-08-07,UDXCOMBO-8805751891572781535,Other,Combo-8805751891572781535,Finalized,0,4,0.2,0,0.2
2026-08-07,UDXCOMBO-10149383817170416145,Other,Combo-10149383817170416145,Finalized,3,3,0.45,0,0.45
2026-08-07,UDXCOMBO-15567197297061078910,Other,Combo-15567197297061078910,Finalized,3,3,0.53,0,0.53
2026-08-07,UDXCOMBO-18156013890188693981,Other,Combo-18156013890188693981,Finalized,3,3,0.5,0,0.5
2026-08-07,UDXCOMBO-18401726887034776638,Other,Combo-18401726887034776638,Finalized,3,3,0.5,0,0.5
2026-08-07,UDXCOMBO-2576259815797997614,Other,Combo-2576259815797997614,Finalized,3,3,0.28,0,0.28
2026-08-07,UDXCOMBO-8617951853532467255,Other,Combo-8617951853532467255,Finalized,3,3,0.46,0,0.46
2026-08-07,UDXCOMBO-11202036421802122121,Other,Combo-11202036421802122121,Finalized,0,3,0.3,0,0.3
2026-08-07,UDXCOMBO-11961346867393558063,Other,Combo-11961346867393558063,Finalized,0,3,0.26,0,0.26
2026-08-07,UDXCOMBO-13027538611107405352,Other,Combo-13027538611107405352,Finalized,0,3,0.48,0,0.48
2026-08-07,UDXCOMBO-4551685889748643966,Other,Combo-4551685889748643966,Finalized,0,3,0.39,0,0.39
2026-08-07,UDXCOMBO-5509986906024061260,Other,Combo-5509986906024061260,Finalized,0,3,0.24,0,0.24
2026-08-07,UDXCOMBO-5541422147984869520,Other,Combo-5541422147984869520,Finalized,0,3,0.28,0,0.28
2026-08-07,UDXCOMBO-5550556848945157598,Other,Combo-5550556848945157598,Finalized,0,3,0.23,0,0.23
2026-08-07,UDXCOMBO-8367794970951883934,Other,Combo-8367794970951883934,Finalized,0,3,0.25,0,0.25
2026-08-07,UDXMLBSPREAD_LADARI26AUG072140_ARI3.5,Baseball,Spread,Finalized,0,2.4,0.18,0,0.07
2026-08-07,UDXCOMBO-10105706678425958211,Other,Combo-10105706678425958211,Finalized,2,2,0.35,0,0.35
2026-08-07,UDXCOMBO-12599760793508633744,Other,Combo-12599760793508633744,Finalized,2,2,0.42,0,0.42
2026-08-07,UDXCOMBO-13867965071187311808,Other,Combo-13867965071187311808,Finalized,2,2,0.35,0,0.35
2026-08-07,UDXCOMBO-16813656230650545208,Other,Combo-16813656230650545208,Finalized,2,2,0.35,0,0.35
2026-08-07,UDXCOMBO-10528103168687397706,Other,Combo-10528103168687397706,Finalized,0,2,0.31,0,0.31
2026-08-07,UDXCOMBO-11301825780211363901,Other,Combo-11301825780211363901,Finalized,0,2,0.34,0,0.34
2026-08-07,UDXCOMBO-11548714758475838961,Other,Combo-11548714758475838961,Finalized,0,2,0.35,0,0.35
2026-08-07,UDXCOMBO-996673582270287691,Other,Combo-996673582270287691,Finalized,0,2,0.45,0,0.45
2026-08-07,UDXMLBTOTAL_TORPHI26AUG071840_4.5,Baseball,Total,Finalized,0,1,0.83,0,0.83
2026-08-07,UDXCOMBO-12563090154337388850,Other,Combo-12563090154337388850,Finalized,73,0,0,0,
2026-08-07,UDXCOMBO-16281991788931486341,Other,Combo-16281991788931486341,Finalized,39,0,0,0,
2026-08-07,UDXCOMBO-8510105877427169956,Other,Combo-8510105877427169956,Finalized,36,0,0,0,
